Time,Device name,Chip Time(),Acceleration X(g),Acceleration Y(g),Acceleration Z(g),Angular velocity X(°/s),Angular velocity Y(°/s),Angular velocity Z(°/s),Angle X(°),Angle Y(°),Angle Z(°)
 14:26:20.821,eb:33:2e:f9:57:b5, 2085-97-130 01:46:01:1518,0.422,0.425,0.867,25.33,44.922,3.418,-6.531,8.146,-29.993
 14:26:20.822,eb:33:2e:f9:57:b5, 2085-97-25 03:251:255:3129,0.178,0.038,1.214,34.241,-1.099,-39.673,-6.29,8.289,-30.229
 14:26:20.822,eb:33:2e:f9:57:b5, 2085-97-230 00:83:255:1950,0.143,-0.003,1.239,60.791,-23.743,-77.698,-5.823,8.097,-30.822
 14:26:20.822,eb:33:2e:f9:57:b5, 2085-97-187 01:217:252:2357,0.215,-0.217,1.011,64.27,-37.292,-99.915,-5.24,7.625,-31.712
 14:26:20.826,eb:33:2e:f9:57:b5, 2085-97-160 01:181:251:2247,0.231,-0.458,1.173,61.157,-7.324,-106.689,-4.68,7.295,-32.717
 14:26:20.826,eb:33:2e:f9:57:b5, 2085-97-16 02:22:251:2382,0.297,-0.505,1.138,64.88,5.676,-107.544,-4.109,7.185,-33.81
 14:26:20.826,eb:33:2e:f9:57:b5, 2085-97-65 02:168:250:2491,0.229,-0.655,1.234,65.857,29.419,-101.807,-3.51,7.262,-34.865
 14:26:20.826,eb:33:2e:f9:57:b5, 2085-97-36 01:150:252:2708,0.089,-0.6,1.231,69.214,56.213,-89.905,-2.895,7.663,-35.865
 14:26:20.852,eb:33:2e:f9:57:b5, 2085-97-109 00:97:254:3014,0.044,-0.291,1.423,84.351,68.298,-82.092,-2.186,8.245,-36.749
 14:26:20.852,eb:33:2e:f9:57:b5, 2085-97-165 00:152:255:2915,0.088,-0.135,1.446,102.295,64.27,-82.825,-1.307,8.877,-37.628
 14:26:20.852,eb:33:2e:f9:57:b5, 2085-97-117 00:117:00:2675,0.047,0.012,1.355,117.615,71.35,-88.379,-0.286,9.509,-38.502
 14:26:20.852,eb:33:2e:f9:57:b5, 2085-97-149 00:102:00:2685,0.089,0.082,1.292,132.324,66.162,-91.125,0.884,10.217,-39.441
 14:26:20.942,eb:33:2e:f9:57:b5, 2085-97-135 00:26:01:2472,0.104,0.043,1.25,139.893,63.538,-90.637,2.142,10.838,-40.347
 14:26:20.942,eb:33:2e:f9:57:b5, 2085-97-174 00:207:01:2296,0.084,0.166,1.184,145.569,73.792,-85.754,3.466,11.558,-41.232
 14:26:20.942,eb:33:2e:f9:57:b5, 2085-97-21 01:132:01:1857,0.098,0.279,1.048,152.771,57.495,-89.355,4.845,12.277,-42.067
 14:26:20.942,eb:33:2e:f9:57:b5, 2085-97-45 00:232:255:1117,-0.25,0.094,0.691,151.428,38.94,-99.06,6.251,12.816,-43
 14:26:20.944,eb:33:2e:f9:57:b5, 2085-97-56 252:106:252:739,-0.792,-0.165,0.394,135.803,26.062,-106.079,7.509,13.244,-44.006
 14:26:20.944,eb:33:2e:f9:57:b5, 2085-97-206 246:255:247:1098,-1.465,-0.722,0.409,118.896,29.907,-93.445,8.63,13.601,-45.022
 14:26:20.944,eb:33:2e:f9:57:b5, 2085-97-21 242:230:246:1206,-1.62,-1.205,0.617,90.515,89.172,-45.105,9.564,14.255,-45.643
 14:26:20.944,eb:33:2e:f9:57:b5, 2085-97-189 246:225:254:-592,-0.75,-0.721,0.281,68.359,95.276,20.569,10.344,15.342,-45.577
 14:26:20.971,eb:33:2e:f9:57:b5, 2085-97-174 251:19:03:-854,-0.476,0.292,-0.63,52.063,-60.547,37.231,11.019,15.458,-45.203
 14:26:20.971,eb:33:2e:f9:57:b5, 2085-97-08 253:152:01:1157,-0.048,0.266,0.142,23.132,-173.157,42.664,11.415,14.062,-45.071
 14:26:20.971,eb:33:2e:f9:57:b5, 2085-97-193 02:127:03:1795,0.634,0.252,0.765,5.554,-175.964,42.419,11.552,12.184,-44.967
 14:26:20.971,eb:33:2e:f9:57:b5, 2085-97-195 05:197:03:3485,0.721,0.521,1.229,-1.953,-122.62,17.7,11.569,10.629,-44.967
 14:26:21.001,eb:33:2e:f9:57:b5, 2085-97-87 05:143:02:4139,0.491,0.367,2.045,-2.625,4.15,-5.31,11.525,10.069,-45.027
 14:26:21.001,eb:33:2e:f9:57:b5, 2085-97-244 01:77:01:3613,-0.002,0.268,1.827,12.085,111.267,-23.254,11.563,10.761,-45.077
 14:26:21.001,eb:33:2e:f9:57:b5, 2085-97-00 254:249:255:3014,-0.508,0.062,1.668,31.738,146.973,-26.245,11.783,12.134,-45.093
 14:26:21.001,eb:33:2e:f9:57:b5, 2085-97-27 250:65:254:2353,-0.872,-0.108,1.299,55.42,115.356,-17.761,12.233,13.502,-45.077
 14:26:21.093,eb:33:2e:f9:57:b5, 2085-97-186 248:06:254:1710,-0.891,-0.271,1.011,79.224,47.791,2.747,12.936,14.288,-44.989
 14:26:21.093,eb:33:2e:f9:57:b5, 2085-97-117 249:254:254:1402,-0.695,-0.185,0.704,95.947,-33.264,24.353,13.854,14.299,-44.852
 14:26:21.093,eb:33:2e:f9:57:b5, 2085-97-232 251:88:00:1557,-0.327,-0.049,0.711,105.835,-104.431,39.795,14.897,13.491,-44.687
 14:26:21.093,eb:33:2e:f9:57:b5, 2085-97-145 254:155:01:1690,-0.042,0.125,0.763,109.924,-136.292,45.227,16.002,12.167,-44.594
 14:26:21.093,eb:33:2e:f9:57:b5, 2085-97-01 01:244:02:2036,0.332,0.265,0.945,109.192,-130.554,41.87,17.111,10.739,-44.528
 14:26:21.094,eb:33:2e:f9:57:b5, 2085-97-119 04:223:04:1734,0.725,0.486,0.921,97.9,-83.435,30.64,18.155,9.613,-44.5
 14:26:21.094,eb:33:2e:f9:57:b5, 2085-97-70 06:113:06:1596,0.764,0.733,0.789,74.463,-15.93,7.69,19.017,9.102,-44.456
 14:26:21.094,eb:33:2e:f9:57:b5, 2085-97-129 05:113:06:1324,0.565,0.817,0.732,41.809,70.19,-20.386,19.589,9.415,-44.462
 14:26:21.121,eb:33:2e:f9:57:b5, 2085-97-87 03:157:05:1261,0.277,0.764,0.59,8.911,143.066,-42.053,19.825,10.591,-44.407
 14:26:21.121,eb:33:2e:f9:57:b5, 2085-97-28 01:163:04:1170,0.097,0.62,0.62,-16.296,186.34,-54.321,19.775,12.354,-44.363
 14:26:21.121,eb:33:2e:f9:57:b5, 2085-97-111 00:44:05:739,-0.203,0.638,0.486,-27.771,179.138,-61.279,19.539,14.326,-44.308
 14:26:21.121,eb:33:2e:f9:57:b5, 2085-97-225 251:205:00:1634,-0.608,0.403,0.519,-30.945,127.808,-72.327,19.204,15.958,-44.522
 14:26:21.152,eb:33:2e:f9:57:b5, 2085-97-03 251:131:00:1632,-0.645,0.027,0.832,-30.64,112.671,-58.289,18.836,17.292,-44.786
 14:26:21.152,eb:33:2e:f9:57:b5, 2085-97-82 250:155:255:2047,-0.841,0.049,0.849,-23.193,73.425,-46.875,18.512,18.325,-45.027
 14:26:21.152,eb:33:2e:f9:57:b5, 2085-113-58 00:150:226:-5790,-0.932,-0.177,1.184,-9.705,45.288,-25.146,18.298,18.984,-45.209
 14:26:21.152,eb:33:2e:f9:57:b5, 2085-97-213 247:114:253:2826,-1.143,-0.237,1.293,0,31.372,-11.902,18.27,19.188,-45.236
 14:26:21.212,eb:33:2e:f9:57:b5, 2085-97-116 246:09:252:3764,-1.13,-0.439,1.613,30.396,-4.7,18.494,18.446,19.286,-45.187
 14:26:21.212,eb:33:2e:f9:57:b5, 2085-97-138 247:129:251:4992,-0.975,-0.5,2.067,81.604,-53.345,52.734,19.083,18.885,-44.901
 14:26:21.212,eb:33:2e:f9:57:b5, 2085-97-227 248:119:249:7120,-0.652,-0.675,2.906,160.95,-96.497,81.177,20.407,17.924,-44.511
 14:26:21.212,eb:33:2e:f9:57:b5, 2085-97-132 254:160:247:9514,0.376,-0.965,4.085,281.311,-119.629,97.961,22.747,16.545,-44.017
 14:26:21.241,eb:33:2e:f9:57:b5, 2085-97-183 08:51:249:10775,1.878,-0.999,4.986,444.397,-78.186,80.444,26.521,15.244,-43.577
 14:26:21.241,eb:33:2e:f9:57:b5, 2085-97-233 19:132:254:9959,2.831,-0.734,5.122,623.352,46.997,13.245,32.02,14.908,-43.182
 14:26:21.241,eb:33:2e:f9:57:b5, 2085-97-42 26:156:19:8728,3.752,0.93,4.822,804.626,131.714,-67.322,39.282,16.018,-42.852
 14:26:21.241,eb:33:2e:f9:57:b5, 2085-97-103 24:143:27:8295,1.695,3.131,4.253,1002.014,-61.157,-148.499,48.444,17.238,-43.22
 14:26:21.302,eb:33:2e:f9:57:b5, 2085-97-209 06:174:20:16063,0.013,3.692,5.394,1023.01,-528.809,-298.157,57.75,17.188,-47.203
 14:26:21.302,eb:33:2e:f9:57:b5, 2085-97-142 250:120:08:14747,-1.313,1.319,8.22,916.504,-556.396,-320.923,65.891,17.1,-54.19
 14:26:21.302,eb:33:2e:f9:57:b5, 2085-97-138 241:101:01:10652,-1.662,1.141,6.002,717.041,-207.092,-216.98,72.971,18.177,-58.832
 14:26:21.302,eb:33:2e:f9:57:b5, 2085-97-209 248:180:223:14487,-0.752,-2.21,5.206,411.072,165.283,-0.854,78.47,19.276,-58.991
 14:26:21.332,eb:33:2e:f9:57:b5, 2085-97-118 01:161:14:6788,0.045,-3.156,8.24,498.779,1007.751,317.2,84.391,18.693,-52.52
 14:26:21.332,eb:33:2e:f9:57:b5, 2085-97-115 19:49:00:12112,2.394,2.439,5.011,363.892,661.133,482.056,90.939,14.507,-43.094
 14:26:21.332,eb:33:2e:f9:57:b5, 2085-97-121 17:159:01:7884,1.947,-0.843,5.575,447.571,431.763,456.055,95.691,9.47,-37.848
 14:26:21.332,eb:33:2e:f9:57:b5, 2085-97-171 13:200:19:5052,1.568,1.755,2.928,494.324,117.31,264.893,100.646,5.576,-35.623
 14:26:21.391,eb:33:2e:f9:57:b5, 2085-97-00 11:27:10:5477,0.966,2.196,2.486,381.287,-179.932,-41.565,105.128,4.636,-36.359
 14:26:21.391,eb:33:2e:f9:57:b5, 2085-97-29 03:200:249:6425,-0.081,0.158,3.005,206.787,-258.484,-290.71,107.886,7.081,-38.062
 14:26:21.391,eb:33:2e:f9:57:b5, 2085-97-140 253:244:239:7119,-0.519,-1.454,3.217,35.095,-257.935,-398.865,108.891,11.299,-39.49
 14:26:21.391,eb:33:2e:f9:57:b5, 2085-97-72 249:191:230:8323,-1.237,-2.588,3.792,-133.423,-186.096,-395.386,108.1,15.837,-40.347
 14:26:21.393,eb:33:2e:f9:57:b5, 2085-97-89 244:191:223:8743,-1.331,-3.654,4.212,-272.644,-33.936,-296.814,105.947,19.479,-40.452
 14:26:21.393,eb:33:2e:f9:57:b5, 2085-97-106 248:10:222:7316,-0.423,-4.24,4.162,-368.103,177.429,-159.424,102.991,21.467,-39.095
 14:26:21.393,eb:33:2e:f9:57:b5, 2085-97-117 00:14:225:3779,0.523,-4.114,2.708,-453.064,360.413,-49.5,99.805,21.89,-35.931
 14:26:21.393,eb:33:2e:f9:57:b5, 2085-97-215 07:111:231:1550,1.393,-3.506,1.209,-523.987,398.499,-2.869,96.064,21.61,-31.783
 14:26:21.452,eb:33:2e:f9:57:b5, 2085-97-86 14:228:237:245,2.169,-2.647,0.384,-582.092,323.059,-23.621,91.642,21.517,-27.982
 14:26:21.452,eb:33:2e:f9:57:b5, 2085-97-251 18:182:242:-470,2.368,-1.915,-0.036,-629.028,202.576,-97.351,86.303,22.225,-25.329
 14:26:21.452,eb:33:2e:f9:57:b5, 2085-97-122 18:54:243:-897,2.227,-1.552,-0.443,-672.913,86.06,-187.622,80.167,23.862,-24.093
 14:26:21.452,eb:33:2e:f9:57:b5, 2085-97-53 17:89:241:226,1.97,-1.715,-0.236,-704.346,-19.47,-260.864,73.048,26.153,-24.483
 14:26:21.513,eb:33:2e:f9:57:b5, 2085-97-92 13:97:240:1424,1.329,-1.932,0.42,-728.271,-56.702,-292.48,65.237,28.597,-26.109
 14:26:21.513,eb:33:2e:f9:57:b5, 2085-97-19 08:150:241:2145,0.821,-1.889,0.887,-744.385,-91.797,-272.766,56.794,30.718,-28.427
 14:26:21.513,eb:33:2e:f9:57:b5, 2085-97-147 05:254:241:3107,0.511,-1.781,1.272,-735.413,-161.133,-195.74,48.093,31.734,-31.24
 14:26:21.513,eb:33:2e:f9:57:b5, 2085-97-26 03:238:246:3436,0.415,-1.562,1.625,-696.594,-193.787,-75.439,39.732,31.306,-33.717
 14:26:21.515,eb:33:2e:f9:57:b5, 2085-97-23 04:01:01:3445,0.511,-0.515,1.713,-641.113,-224.548,30.457,32.404,29.663,-35.211
 14:26:21.515,eb:33:2e:f9:57:b5, 2085-97-162 03:207:08:2646,0.408,0.757,1.449,-584.534,-282.41,107.422,25.994,27.109,-35.799
 14:26:21.515,eb:33:2e:f9:57:b5, 2085-97-117 03:55:12:3286,0.483,1.325,1.314,-539.795,-370.728,149.414,20.391,23.549,-35.832
 14:26:21.515,eb:33:2e:f9:57:b5, 2085-97-22 04:109:18:4954,0.479,1.83,2.023,-492.432,-405.884,180.481,15.326,19.259,-35.365
 14:26:21.602,eb:33:2e:f9:57:b5, 2085-97-196 02:139:29:6201,0.182,2.938,2.764,-436.096,-392.822,193.176,10.942,14.969,-34.327
 14:26:21.602,eb:33:2e:f9:57:b5, 2085-97-151 00:151:40:7442,-0.012,4.428,3.286,-365.967,-424.988,163.757,7.086,10.679,-33.085
 14:26:21.602,eb:33:2e:f9:57:b5, 2085-97-20 255:144:50:8793,-0.176,5.691,3.99,-310.486,-381.47,111.267,3.851,6.476,-32.047
 14:26:21.602,eb:33:2e:f9:57:b5, 2085-97-133 254:64:60:9668,-0.165,6.922,4.609,-297.18,-240.906,27.771,0.807,3.329,-31.437
 14:26:21.690,eb:33:2e:f9:57:b5, 2085-97-243 254:91:70:8252,-0.064,8.187,4.477,-288.147,-52.429,-84.717,-2.126,1.994,-31.74
 14:26:21.690,eb:33:2e:f9:57:b5, 2085-97-203 255:30:74:6606,-0.075,9.19,3.602,-227.722,16.846,-226.746,-4.713,1.813,-33.354
 14:26:21.690,eb:33:2e:f9:57:b5, 2085-97-249 253:130:67:5307,-0.575,8.976,2.869,-112.976,-23.987,-349.548,-6.257,1.472,-36.343
 14:26:21.690,eb:33:2e:f9:57:b5, 2085-97-236 247:85:56:5027,-1.415,7.786,2.446,-8.179,-102.051,-411.316,-6.608,0.275,-40.128
 14:26:21.693,eb:33:2e:f9:57:b5, 2085-97-253 241:175:43:5430,-2,6.227,2.598,75.073,-127.747,-390.625,-5.9,-1.5,-44.033
 14:26:21.693,eb:33:2e:f9:57:b5, 2085-97-100 238:190:34:4099,-2.333,4.838,2.457,136.292,-63.782,-302.185,-4.449,-2.845,-47.395
 14:26:21.693,eb:33:2e:f9:57:b5, 2085-97-26 237:247:26:2219,-2.311,3.872,1.519,208.069,-28.809,-193.237,-2.411,-3.439,-49.818
 14:26:21.693,eb:33:2e:f9:57:b5, 2085-97-125 241:47:58:17315,-1.875,4.035,0.542,235.535,-204.102,11.414,0.242,-4.092,-50.96
 14:26:21.695,eb:33:2e:f9:57:b5, 2085-97-117 207:52:248:7018,0.854,-3.743,9.924,57.983,515.625,116.516,1.763,-6.048,-51.817
 14:26:21.695,eb:33:2e:f9:57:b5, 2085-97-186 13:127:22:-3748,-1.869,3.939,-3.667,-261.047,428.711,43.884,0.571,-0.901,-50.537
 14:26:21.695,eb:33:2e:f9:57:b5, 2085-97-56 06:106:247:4805,-0.737,-3.459,5.42,-182.739,169.189,-142.395,-2.252,0.121,-52.064
 14:26:21.695,eb:33:2e:f9:57:b5, 2085-97-185 03:247:07:1535,0.87,-0.856,0.535,40.039,142.822,12.329,-2.274,2.653,-52.57
 14:26:21.721,eb:33:2e:f9:57:b5, 2085-97-111 252:155:00:397,0.137,-0.559,2.16,8.85,290.955,9.644,-2.302,4.647,-52.927
 14:26:21.721,eb:33:2e:f9:57:b5, 2085-97-209 254:154:00:1844,-0.172,0.104,1.484,-0.549,205.017,-10.925,-2.17,6.169,-52.987
 14:26:21.721,eb:33:2e:f9:57:b5, 2085-97-158 254:234:254:2171,-0.491,-0.063,1.03,-18.738,243.713,-17.883,-2.252,8.3,-53.344
 14:26:21.721,eb:33:2e:f9:57:b5, 2085-97-146 250:123:254:652,-0.23,-0.235,0.681,-17.151,196.472,6.897,-2.466,10.624,-53.531
 14:26:21.782,eb:33:2e:f9:57:b5, 2085-97-80 01:161:254:3446,0.166,-0.173,1.007,6.897,41.443,6.531,-2.505,11.492,-53.553
 14:26:21.782,eb:33:2e:f9:57:b5, 2085-97-03 255:108:254:3113,-0.544,-0.2,1.829,28.748,120.789,41.687,-2.291,12.354,-53.361
 14:26:21.782,eb:33:2e:f9:57:b5, 2085-97-208 250:72:252:4809,-0.918,-0.382,1.86,70.007,75.623,68.787,-1.714,13.403,-52.883
 14:26:21.782,eb:33:2e:f9:57:b5, 2085-97-56 248:249:250:4852,-1.132,-0.623,2.542,122.375,64.575,98.206,-0.582,14.216,-52.004
 14:26:21.782,eb:33:2e:f9:57:b5, 2085-97-247 246:42:246:7272,-0.905,-1.005,2.984,200.623,-46.753,95.215,1.214,14.211,-51.075
 14:26:21.811,eb:33:2e:f9:57:b5, 2085-113-81 00:109:115:1838,-0.597,-1.342,4.086,313.538,-119.385,91.736,3.972,13.282,-50.12
 14:26:21.811,eb:33:2e:f9:57:b5, 2085-97-83 254:50:240:10863,0.446,-1.733,4.821,378.967,-84.106,103.821,5.806,12.75,-49.675
 14:26:21.811,eb:33:2e:f9:57:b5, 2085-97-109 08:70:239:10459,1.727,-2.066,5.314,525.757,18.555,108.643,10.53,12.299,-48.582
 14:26:21.811,eb:33:2e:f9:57:b5, 2085-97-107 19:151:239:8761,2.769,-2.255,4.984,702.148,104.614,58.594,16.886,12.733,-47.637
 14:26:21.872,eb:33:2e:f9:57:b5, 2085-97-58 22:14:12:7996,2.768,-0.912,3.747,926.025,137.207,-29.358,25.126,13.953,-47.01
 14:26:21.872,eb:33:2e:f9:57:b5, 2085-97-51 23:83:38:12048,2.36,3.964,4.124,1287.964,-2.38,-130.005,36.282,15.057,-47.494
 14:26:21.872,eb:33:2e:f9:57:b5, 2085-97-49 10:122:29:20903,0.204,3.825,8.898,1396.057,-403.625,-215.393,49.543,14.672,-50.136
 14:26:21.872,eb:33:2e:f9:57:b5, 2085-97-11 251:21:18:15920,-1.551,3.767,8.87,1194.092,-702.759,-330.505,61.469,13.535,-56.772
 14:26:21.902,eb:33:2e:f9:57:b5, 2085-97-228 240:50:228:12401,-2.106,-0.626,7.435,757.019,-414.124,-229.736,69.955,13.607,-63.523
 14:26:21.902,eb:33:2e:f9:57:b5, 2085-97-226 251:107:255:12765,-1.539,-5.434,10.527,648.499,645.081,-21.423,76.218,14.683,-63.671
 14:26:21.902,eb:33:2e:f9:57:b5, 2085-97-212 05:91:19:13118,2.525,4.22,5.569,401.55,824.28,310.303,83.589,14.496,-54.399
 14:26:21.902,eb:33:2e:f9:57:b5, 2085-97-118 23:158:245:16347,2.943,-1.207,9.455,350.952,936.646,356.689,88.292,12.134,-45.818
 14:26:21.931,eb:33:2e:f9:57:b5, 2085-97-63 22:243:13:8288,2.791,0.492,5.338,470.642,573.303,323.669,93.296,8.685,-37.749
 14:26:21.931,eb:33:2e:f9:57:b5, 2085-97-247 18:187:13:7093,1.843,2.015,3.726,561.401,17.639,124.634,98.74,6.312,-35.524
 14:26:21.931,eb:33:2e:f9:57:b5, 2085-97-104 12:83:03:9336,1.197,1.155,3.625,510.62,-288.818,-124.817,104.073,6.735,-36.98
 14:26:21.931,eb:33:2e:f9:57:b5, 2085-97-143 05:06:246:12368,0.217,-0.444,5.547,369.446,-346.741,-314.209,108.259,9.943,-39.672
 14:26:21.961,eb:33:2e:f9:57:b5, 2085-97-147 255:166:234:12681,-0.145,-1.977,6.16,200.928,-241.699,-367.859,110.737,14.211,-41.265
 14:26:21.961,eb:33:2e:f9:57:b5, 2085-97-224 254:225:226:11792,-0.283,-3.239,6.085,45.105,-51.697,-327.209,111.852,18.007,-41.413
 14:26:21.961,eb:33:2e:f9:57:b5, 2085-97-121 253:214:222:9167,-0.158,-3.955,5.107,-96.008,181.702,-235.596,111.929,20.33,-39.534
 14:26:21.961,eb:33:2e:f9:57:b5, 2085-97-19 01:180:222:7405,0.477,-4.196,4.015,-209.29,324.768,-135.742,111.264,21.072,-36.26
 14:26:22.021,eb:33:2e:f9:57:b5, 2085-97-221 06:230:223:5692,1.219,-4.098,3.222,-289.429,379.7,-68.359,109.764,20.77,-32.316
 14:26:22.021,eb:33:2e:f9:57:b5, 2085-97-142 12:151:224:2720,1.96,-3.944,2.127,-353.455,367.432,-39.185,107.622,20.094,-28.411
 14:26:22.022,eb:33:2e:f9:57:b5, 2085-97-254 18:37:225:-880,2.731,-3.924,0.453,-425.659,308.716,-53.772,104.59,19.655,-24.906
 14:26:22.022,eb:33:2e:f9:57:b5, 2085-97-202 23:220:227:-2815,3.012,-3.702,-1.152,-534.424,214.294,-117.188,100.53,19.957,-22.083
 14:26:22.052,eb:33:2e:f9:57:b5, 2085-97-47 23:95:229:-1410,2.764,-3.388,-1.186,-645.813,94.177,-214.111,94.971,21.473,-20.358
 14:26:22.052,eb:33:2e:f9:57:b5, 2085-97-192 20:185:229:221,2.274,-3.317,-0.275,-726.929,-5.066,-306.519,88.132,24.159,-20.017
 14:26:22.052,eb:33:2e:f9:57:b5, 2085-97-224 15:154:229:1593,1.833,-3.298,0.368,-776.917,-50.11,-340.942,80.211,27.405,-20.808
 14:26:22.052,eb:33:2e:f9:57:b5, 2085-97-202 13:37:232:3688,1.54,-3.211,1.333,-791.992,-88.44,-340.027,71.581,30.515,-22.621
 14:26:22.083,eb:33:2e:f9:57:b5, 2085-97-54 10:129:235:4528,0.99,-2.72,2.039,-789.185,-110.168,-291.321,62.435,33.014,-25.137
 14:26:22.083,eb:33:2e:f9:57:b5, 2085-97-28 06:192:236:5513,0.662,-2.493,2.4,-766.479,-190.857,-193.665,53.19,34.206,-28.12
 14:26:22.083,eb:33:2e:f9:57:b5, 2085-97-85 05:108:240:6594,0.803,-2.223,3.012,-734.924,-277.771,-49.561,44.138,33.437,-31.124
 14:26:22.083,eb:33:2e:f9:57:b5, 2085-97-99 07:98:246:6623,0.953,-1.59,3.358,-708.862,-309.204,104.675,36.079,30.872,-32.953
 14:26:22.262,eb:33:2e:f9:57:b5, 2085-97-210 08:40:252:5262,1.302,-0.834,2.779,-682.373,-338.44,224.121,28.965,27.252,-33.162
 14:26:22.262,eb:33:2e:f9:57:b5, 2085-97-191 11:101:04:5623,1.54,-0.045,2.58,-657.043,-392.395,288.635,22.615,22.791,-32.261
 14:26:22.262,eb:33:2e:f9:57:b5, 2085-97-188 11:54:17:7009,1.282,1.298,3.037,-641.479,-431.458,294.739,16.49,17.924,-30.701
 14:26:22.262,eb:33:2e:f9:57:b5, 2085-97-97 08:72:29:8898,0.848,2.983,3.925,-610.413,-494.446,245.3,10.558,12.805,-29.031
 14:26:22.264,eb:33:2e:f9:57:b5, 2085-97-249 05:186:37:10039,0.698,4.207,4.635,-560.059,-504.15,168.518,4.807,7.509,-27.57
 14:26:22.264,eb:33:2e:f9:57:b5, 2085-97-194 03:235:47:11700,0.126,5.293,5.304,-520.996,-408.936,81.665,-0.522,2.9,-26.466
 14:26:22.264,eb:33:2e:f9:57:b5, 2085-97-127 254:36:59:13360,-0.45,6.705,6.148,-491.272,-288.025,-28.564,-5.674,-0.522,-25.972
 14:26:22.265,eb:33:2e:f9:57:b5, 2085-97-32 251:251:66:13058,-0.624,7.969,6.653,-430.481,-141.907,-151.184,-10.217,-2.752,-26.614
 14:26:22.265,eb:33:2e:f9:57:b5, 2085-97-95 251:11:69:11243,-0.564,8.609,5.866,-340.942,-33.02,-273.682,-13.837,-3.988,-28.575
 14:26:22.265,eb:33:2e:f9:57:b5, 2085-97-29 251:235:66:9745,-0.726,8.515,5.136,-243.408,3.479,-380.493,-16.227,-5.021,-31.833
 14:26:22.265,eb:33:2e:f9:57:b5, 2085-97-124 248:35:63:9112,-1.175,8.111,4.582,-149.963,-10.193,-454.224,-17.507,-6.378,-35.909
 14:26:22.265,eb:33:2e:f9:57:b5, 2085-97-79 245:21:58:7800,-1.472,7.633,4.171,-61.951,8.301,-458.069,-17.672,-7.899,-40.375
 14:26:22.267,eb:33:2e:f9:57:b5, 2085-97-247 242:222:48:5684,-1.754,6.759,3.339,42.664,43.457,-401.672,-16.815,-9.003,-44.676
 14:26:22.267,eb:33:2e:f9:57:b5, 2085-97-15 241:25:35:3522,-1.942,5.299,2.242,161.56,30.151,-297.241,-14.925,-9.635,-48.241
 14:26:22.267,eb:33:2e:f9:57:b5, 2085-97-70 241:191:22:2367,-2.292,3.521,1.324,280.64,-56.396,-164.062,-12.112,-10.344,-50.471
 14:26:22.267,eb:33:2e:f9:57:b5, 2085-97-23 194:123:81:-528,2.658,0.739,9.516,605.774,186.768,38.025,-6.998,-11.481,-51.647
 14:26:22.293,eb:33:2e:f9:57:b5, 2085-97-132 34:03:44:4661,1.729,-0.708,8.479,196.472,718.079,163.33,-3.043,-11.871,-51.152
 14:26:22.293,eb:33:2e:f9:57:b5, 2085-97-153 223:237:246:-5921,-3.453,1.901,0.303,-146.729,1277.649,-45.959,-3.027,-1.967,-51.866
 14:26:22.293,eb:33:2e:f9:57:b5, 2085-97-115 254:146:249:2725,0.88,-0.503,-3.444,40.71,-122.192,-41.077,-3.521,4.131,-52.614
 14:26:22.293,eb:33:2e:f9:57:b5, 2085-97-102 237:142:09:-5930,-1.193,-1.793,4.234,88.684,635.498,76.904,-2.554,4.466,-52.861
 14:26:22.322,eb:33:2e:f9:57:b5, 2085-97-107 19:133:06:8034,-1.091,-0.361,-0.967,56.58,-382.324,27.344,-2.433,6.317,-52.482
 14:26:22.322,eb:33:2e:f9:57:b5, 2085-97-178 253:191:02:776,0.251,-0.157,-0.507,-0.977,15.747,14.893,-2.313,6.768,-52.355
 14:26:22.322,eb:33:2e:f9:57:b5, 2085-97-121 04:230:255:4016,0.322,-0.22,1.721,13.123,-73.303,-6.226,-2.219,5.641,-52.46
 14:26:22.322,eb:33:2e:f9:57:b5, 2085-97-239 252:39:254:1989,-0.221,-0.12,1.938,16.785,148.071,1.892,-1.978,5.773,-52.542
 14:26:22.411,eb:33:2e:f9:57:b5, 2085-97-246 01:88:254:4358,-0.419,-0.074,1.212,21.79,147.156,0.305,-1.802,7.421,-52.581
 14:26:22.411,eb:33:2e:f9:57:b5, 2085-97-178 245:218:249:3910,-1.308,-0.338,1.527,36.316,249.573,46.143,-1.533,9.866,-52.493
 14:26:22.411,eb:33:2e:f9:57:b5, 2085-97-152 247:33:247:8077,-0.989,-1.142,3.632,129.517,137.146,96.252,-0.599,11.354,-51.877
 14:26:22.411,eb:33:2e:f9:57:b5, 2085-97-140 247:61:245:8054,-0.995,-1.009,3.474,224.976,80.627,124.512,1.324,12.794,-50.702
 14:26:22.413,eb:33:2e:f9:57:b5, 2085-97-86 251:208:237:12992,0.191,-1.793,5.11,369.446,-64.148,125.61,4.526,12.59,-49.488
 14:26:22.413,eb:33:2e:f9:57:b5, 2085-97-239 08:98:237:11107,1.984,-2.446,6.305,538.208,23.499,149.658,9.327,12.222,-48.098
 14:26:22.413,eb:33:2e:f9:57:b5, 2085-97-250 20:02:242:8457,2.722,-2.169,4.635,748.596,45.837,83.069,16.018,12.393,-46.813
 14:26:22.413,eb:33:2e:f9:57:b5, 2085-97-181 21:92:18:8735,2.459,-0.364,4.207,1039.612,5.859,-26.672,25.054,12.618,-46.533
 14:26:22.442,eb:33:2e:f9:57:b5, 2085-97-188 17:19:36:17525,0.766,4.526,5.372,1389.343,-180.969,-92.285,37.392,12.398,-47.401
 14:26:22.442,eb:33:2e:f9:57:b5, 2085-97-106 252:138:25:22492,-1.883,4.198,10.571,1474.487,-511.047,-213.867,51.476,10.712,-51.251
 14:26:22.442,eb:33:2e:f9:57:b5, 2085-97-172 236:79:14:14855,-2.4,3.01,8.78,1295.593,-488.525,-189.453,64.786,9.63,-56.733
 14:26:22.442,eb:33:2e:f9:57:b5, 2085-97-26 235:81:215:13265,-2.755,-1.687,5.189,825.256,-277.771,28.748,75.064,9.009,-60.76
 14:26:22.502,eb:33:2e:f9:57:b5, 2085-97-67 250:157:42:3978,-1.094,-0.294,3.488,840.759,701.538,329.895,83.633,8.146,-57.453
 14:26:22.502,eb:33:2e:f9:57:b5, 2085-97-253 07:241:16:15062,2.217,5.359,3.332,400.085,320.801,424.622,89.83,4.032,-52.108
 14:26:22.502,eb:33:2e:f9:57:b5, 2085-97-17 21:109:29:14291,2.8,1.977,8.327,357.483,720.703,446.411,93.214,-0.516,-46.456
 14:26:22.502,eb:33:2e:f9:57:b5, 2085-97-251 23:02:42:12503,3.109,4.977,6.342,459.29,418.64,276.672,96.575,-4.504,-40.803
 14:26:22.533,eb:33:2e:f9:57:b5, 2085-97-01 25:105:35:10186,2.869,4.893,5.407,618.286,27.405,20.447,101.739,-6.136,-38.826
 14:26:22.533,eb:33:2e:f9:57:b5, 2085-97-45 19:218:22:13010,1.845,3.744,5.329,669.983,-307.861,-267.517,108.528,-4.351,-40.122
 14:26:22.533,eb:33:2e:f9:57:b5, 2085-97-248 10:78:06:16093,0.961,1.89,7.249,622.803,-466.187,-460.266,115.225,0.692,-42.429
 14:26:22.533,eb:33:2e:f9:57:b5, 2085-97-231 04:19:245:17027,0.306,-0.353,8.196,519.897,-497.742,-530.762,120.938,7.471,-44.528
 14:26:22.561,eb:33:2e:f9:57:b5, 2085-97-198 255:159:231:16087,-0.266,-2.217,8.209,380.066,-338.501,-480.896,125.222,14.068,-45.319
 14:26:22.561,eb:33:2e:f9:57:b5, 2085-97-240 252:123:225:14094,-0.299,-3.546,7.409,210.449,15.503,-313.965,128.309,18.073,-44.176
 14:26:22.561,eb:33:2e:f9:57:b5, 2085-97-111 255:81:226:12453,0.259,-3.843,6.448,76.05,306.58,-143.494,130.292,18.649,-41.232
 14:26:22.561,eb:33:2e:f9:57:b5, 2085-97-35 05:196:229:11159,0.967,-3.505,5.767,-28.625,484.07,-14.282,131.331,16.518,-37.496
 14:26:22.622,eb:33:2e:f9:57:b5, 2085-97-126 09:133:232:9135,1.323,-3.065,5.005,-96.436,532.593,48.157,131.276,12.958,-33.574
 14:26:22.622,eb:33:2e:f9:57:b5, 2085-97-202 11:157:230:6268,1.848,-2.963,3.832,-118.713,442.749,44.8,130.583,9.399,-30.064
 14:26:22.622,eb:33:2e:f9:57:b5, 2085-97-156 17:165:221:1593,2.364,-3.574,2.187,-115.112,267.517,-11.597,129.523,7.092,-27.471
 14:26:22.622,eb:33:2e:f9:57:b5, 2085-97-91 20:203:204:-6793,2.69,-5.33,-1.473,-210.815,162.598,-93.445,128.09,6.251,-25.461
 14:26:22.652,eb:33:2e:f9:57:b5, 2085-113-58 00:159:247:-7530,2.491,-6.906,-3.326,-457.336,41.382,-162.17,124.64,6.757,-23.906
 14:26:22.652,eb:33:2e:f9:57:b5, 2085-97-121 19:15:205:-1168,2.381,-6.684,-2.16,-558.533,-42.175,-204.468,122.064,7.575,-23.45
 14:26:22.652,eb:33:2e:f9:57:b5, 2085-97-139 18:29:210:800,2.305,-6.095,0.188,-721.924,-28.32,-271.851,115.615,9.965,-22.742
 14:26:22.652,eb:33:2e:f9:57:b5, 2085-97-63 18:188:217:1744,2.208,-5.271,0.585,-871.704,13.062,-325.5,107.633,12.816,-21.764
 14:26:22.682,eb:33:2e:f9:57:b5, 2085-97-05 12:44:221:2141,0.547,-4.377,1.149,-977.051,27.466,-375.793,98.47,16.249,-20.836
 14:26:22.682,eb:33:2e:f9:57:b5, 2085-97-123 06:57:225:6376,0.975,-4.309,1.208,-998.108,-92.896,-381.531,88.38,19.979,-20.852
 14:26:22.682,eb:33:2e:f9:57:b5, 2085-97-116 05:231:234:9227,0.469,-3.07,4.285,-918.396,-199.89,-363.281,78.129,23.478,-22.934
 14:26:22.682,eb:33:2e:f9:57:b5, 2085-97-59 03:03:235:9741,0.333,-2.605,4.659,-786.499,-406.921,-315.613,68.06,25.692,-27.4
 14:26:22.742,eb:33:2e:f9:57:b5, 2085-97-83 01:39:239:9016,0.025,-2.42,4.644,-717.59,-444.702,-229.797,58.574,26.016,-32.953
 14:26:22.742,eb:33:2e:f9:57:b5, 2085-97-53 255:215:241:9080,-0.141,-1.872,4.354,-701.172,-455.627,-138.855,49.592,24.736,-38.051
 14:26:22.742,eb:33:2e:f9:57:b5, 2085-97-158 254:189:242:9241,-0.166,-1.732,4.569,-705.872,-441.772,-29.846,41.243,22.083,-42.045
 14:26:22.742,eb:33:2e:f9:57:b5, 2085-97-110 255:54:245:9200,-0.008,-1.536,4.411,-718.628,-427.795,70.19,33.333,18.43,-44.528
 14:26:22.801,eb:33:2e:f9:57:b5, 2085-97-240 255:00:251:9195,-0.017,-1.044,4.558,-726.379,-388.733,152.832,25.889,14.293,-45.489
 14:26:22.801,eb:33:2e:f9:57:b5, 2085-97-180 00:125:03:9531,0.221,-0.127,4.463,-709.167,-375.122,203.613,18.644,10.091,-45.154
 14:26:22.801,eb:33:2e:f9:57:b5, 2085-97-196 01:216:14:10003,0.152,1.098,4.879,-674.011,-357.239,216.614,11.821,6.004,-44.006
 14:26:22.801,eb:33:2e:f9:57:b5, 2085-97-137 00:253:25:10427,-0.006,2.596,4.907,-633.545,-370.483,190.186,5.202,2.159,-42.424
 14:26:22.803,eb:33:2e:f9:57:b5, 2085-97-205 254:252:34:12571,-0.393,3.822,5.494,-591.98,-396.667,142.761,-1,-1.747,-40.864
 14:26:22.803,eb:33:2e:f9:57:b5, 2085-97-154 250:181:44:15654,-0.882,4.97,6.896,-549.622,-359.497,93.628,-6.982,-5.471,-39.331
 14:26:22.803,eb:33:2e:f9:57:b5, 2085-97-202 248:166:54:17379,-0.745,6.207,8.219,-496.521,-214.722,49.194,-12.442,-8.196,-38.123
 14:26:22.803,eb:33:2e:f9:57:b5, 2085-97-194 251:31:66:15915,-0.278,7.501,8.283,-423.767,13.306,-6.775,-17.199,-9.009,-37.656
 14:26:22.863,eb:33:2e:f9:57:b5, 2085-97-79 00:97:78:12833,0.25,9.081,7.079,-318.481,117.92,-102.112,-20.704,-8.383,-38.524
 14:26:22.863,eb:33:2e:f9:57:b5, 2085-97-247 01:197:84:9961,0.109,10.333,5.472,-194.275,47.119,-230.164,-22.835,-8.24,-40.485
 14:26:22.863,eb:33:2e:f9:57:b5, 2085-97-228 254:29:80:8440,-0.507,10.496,4.497,-76.416,-36.133,-339.233,-23.527,-9.514,-43.226
 14:26:22.863,eb:33:2e:f9:57:b5, 2085-97-42 248:65:64:6364,-1.595,9.169,3.66,41.321,-40.405,-380.432,-22.852,-11.437,-46.527
 14:26:23.011,eb:33:2e:f9:57:b5, 2085-97-205 238:201:43:4919,-2.682,6.772,2.617,166.504,-59.448,-338.562,-20.819,-13.26,-49.856
 14:26:23.011,eb:33:2e:f9:57:b5, 2085-97-143 230:243:23:3424,-1.808,4.202,2.041,297.546,-130.005,-229.919,-17.677,-15.161,-52.339
 14:26:23.011,eb:33:2e:f9:57:b5, 2085-97-26 209:61:23:11278,-8.421,2.859,3.403,644.47,-320.374,-254.272,-13.2,-17.606,-53.547
 14:26:23.011,eb:33:2e:f9:57:b5, 2085-97-176 55:187:25:23617,8.528,9.554,1.477,665.955,-1084.29,126.221,-5.718,-20.198,-52.339
 14:26:23.014,eb:33:2e:f9:57:b5, 2085-97-213 00:255:06:-3264,-5.734,5.06,4.414,275.024,-668.518,-177.734,-1.302,-24.077,-53.196
 14:26:23.014,eb:33:2e:f9:57:b5, 2085-97-148 231:91:246:-3744,-0.908,1.009,-8.392,69.763,-150.757,-255.249,1.917,-28.339,-56.052
 14:26:23.014,eb:33:2e:f9:57:b5, 2085-97-165 244:04:09:-1978,-0.288,-2.113,2.747,142.09,180.969,-38.513,4.515,-30.542,-58.409
 14:26:23.014,eb:33:2e:f9:57:b5, 2085-97-46 00:246:00:2227,-0.475,0.34,0.543,24.963,-66.101,24.902,4.285,-29.29,-57.645
 14:26:23.014,eb:33:2e:f9:57:b5, 2085-97-67 02:216:00:3250,-0.086,0.029,0.419,0.183,-107.239,34.302,4.18,-29.361,-57.321
 14:26:23.014,eb:33:2e:f9:57:b5, 2085-97-208 07:40:01:5257,0.333,-0.292,0.977,19.165,-51.819,18.127,4.263,-29.729,-57.294
 14:26:23.014,eb:33:2e:f9:57:b5, 2085-97-218 246:144:254:-539,-0.665,-0.19,1.948,16.052,230.225,32.532,4.351,-28.965,-57.03
 14:26:23.014,eb:33:2e:f9:57:b5, 2085-97-68 01:186:255:4077,-0.349,-0.053,0.458,19.226,-17.273,13.55,4.356,-28.13,-56.733
 14:26:23.017,eb:33:2e:f9:57:b5, 2085-97-196 250:148:247:7141,-0.176,-0.463,3.141,24.902,147.278,20.081,4.46,-27.466,-56.585
 14:26:23.017,eb:33:2e:f9:57:b5, 2085-97-01 00:09:247:13332,-0.136,-0.662,3.542,160.95,18.86,68.054,4.933,-26.433,-55.865
 14:26:23.017,eb:33:2e:f9:57:b5, 2085-97-111 255:05:237:13827,0.6,-1.964,7.48,336.67,123.413,65.674,7.191,-26.109,-55.239
 14:26:23.017,eb:33:2e:f9:57:b5, 2085-97-193 10:124:237:10071,1.716,-2.42,5.901,510.071,227.783,83.862,10.92,-24.401,-54.102
 14:26:23.073,eb:33:2e:f9:57:b5, 2085-97-240 19:84:237:10594,2.621,-2.223,4.795,695.312,224.792,48.096,16.436,-22.154,-52.756
 14:26:23.073,eb:33:2e:f9:57:b5, 2085-97-03 19:250:00:10735,2.307,-2.127,4.457,912.292,172.913,-10.193,24.06,-20.259,-51.844
 14:26:23.073,eb:33:2e:f9:57:b5, 2085-97-93 15:159:28:17603,1.396,2.538,7.202,1319.58,74.951,-100.586,35.233,-18.88,-51.85
 14:26:23.073,eb:33:2e:f9:57:b5, 2085-97-136 02:08:34:17321,-0.753,4.134,9.051,1489.685,-321.045,-229.614,50.691,-18.539,-54.069
 14:26:23.073,eb:33:2e:f9:57:b5, 2085-97-189 242:26:22:12871,-3.042,3.689,7.556,1291.748,-637.756,-289.246,67.143,-18.896,-60.518
 14:26:23.101,eb:33:2e:f9:57:b5, 2085-113-81 00:130:89:14327,-2.861,0.186,3.686,795.044,-448.12,-128.052,80.261,-18.517,-67.022
 14:26:23.101,eb:33:2e:f9:57:b5, 2085-97-89 230:85:254:11507,-1.785,-4.068,7.216,785.95,143.738,-18.127,84.402,-18.16,-68.071
 14:26:23.101,eb:33:2e:f9:57:b5, 2085-97-62 245:235:33:9249,0.702,4.247,4.366,580.139,680.176,357.727,88.984,-19.72,-61.106
 14:26:23.101,eb:33:2e:f9:57:b5, 2085-97-41 15:253:21:17519,2.368,2.246,7.953,431.396,698.364,416.565,90.363,-23.368,-53.871
 14:26:23.131,eb:33:2e:f9:57:b5, 2085-97-224 20:219:47:14048,3.008,4.48,7.58,495.728,624.512,360.962,91,-27.285,-45.797
 14:26:23.131,eb:33:2e:f9:57:b5, 2085-97-105 25:233:45:14776,3.04,6.209,7.206,619.385,299.683,133.362,93.796,-29.8,-40.507
 14:26:23.131,eb:33:2e:f9:57:b5, 2085-97-164 21:71:37:15243,2.191,5.318,7.035,729.004,39.856,-143.433,99.476,-29.696,-38.397
 14:26:23.131,eb:33:2e:f9:57:b5, 2085-97-21 13:174:20:17809,1.114,3.703,8.154,753.235,-198.486,-363.22,107.221,-26.796,-38.837
 14:26:23.191,eb:33:2e:f9:57:b5, 2085-97-38 05:179:00:19508,0.274,1.291,9.206,692.444,-306.519,-472.046,114.988,-21.753,-39.919
 14:26:23.191,eb:33:2e:f9:57:b5, 2085-97-108 00:199:242:19230,-0.106,-0.863,9.594,567.932,-177.124,-456.787,121.328,-16.386,-40.029
 14:26:23.191,eb:33:2e:f9:57:b5, 2085-97-140 254:216:233:16719,-0.187,-2.319,8.856,414.062,125.732,-329.468,125.436,-12.947,-37.864
 14:26:23.191,eb:33:2e:f9:57:b5, 2085-97-69 255:180:232:13977,0.103,-2.925,7.402,272.766,390.686,-154.053,127.683,-12.717,-34.036
 14:26:23.252,eb:33:2e:f9:57:b5, 2085-97-233 02:28:233:12799,0.638,-2.87,6.512,185.364,461.121,-12.329,128.518,-14.771,-29.773
 14:26:23.252,eb:33:2e:f9:57:b5, 2085-97-207 06:196:230:11476,0.998,-2.932,5.884,148.926,400.879,71.777,128.947,-17.743,-26.323
 14:26:23.252,eb:33:2e:f9:57:b5, 2085-97-60 08:154:228:10675,1.101,-3.351,5.468,163.879,257.141,90.759,129.545,-20.358,-24.082
 14:26:23.252,eb:33:2e:f9:57:b5, 2085-97-225 08:206:228:6775,1.182,-3.384,4.859,144.836,198.669,78.43,130.649,-22.357,-22.863
 14:26:23.252,eb:33:2e:f9:57:b5, 2085-97-111 11:195:214:-327,1.498,-3.95,1.601,5.005,233.337,44.983,130.485,-24.406,-21.121
 14:26:23.252,eb:33:2e:f9:57:b5, 2085-97-23 17:231:187:-4104,2.367,-7.025,-1.957,-229.248,198.181,-16.602,128.408,-25.862,-19.215
 14:26:23.252,eb:33:2e:f9:57:b5, 2085-97-22 17:137:192:-054,2.101,-8.499,-0.692,-458.191,51.697,-108.704,124.025,-25.79,-17.88
 14:26:23.252,eb:33:2e:f9:57:b5, 2085-97-55 18:158:198:727,2.578,-7.52,0.203,-678.894,40.71,-173.828,117.68,-24.697,-16.639
 14:26:23.372,eb:33:2e:f9:57:b5, 2085-97-30 21:121:207:2776,2.406,-6.7,0.814,-906.494,64.331,-253.54,108.847,-22.896,-15.189
 14:26:23.372,eb:33:2e:f9:57:b5, 2085-97-218 16:221:217:4431,1.723,-5.372,1.79,-1051.575,26.978,-363.098,98.361,-19.94,-13.876
 14:26:23.372,eb:33:2e:f9:57:b5, 2085-97-98 09:221:221:6181,0.356,-4.383,2.394,-1138.367,-42.847,-443.42,87.286,-15.815,-13.942
 14:26:23.372,eb:33:2e:f9:57:b5, 2085-97-26 01:60:233:11903,0.087,-3.423,4.227,-1175.964,-108.459,-468.811,75.938,-11.431,-15.309
 14:26:23.433,eb:33:2e:f9:57:b5, 2085-97-01 01:103:233:13677,0.326,-2.767,6.746,-1031.555,-403.076,-447.632,65.819,-8.091,-19.682
 14:26:23.433,eb:33:2e:f9:57:b5, 2085-97-100 03:30:236:12410,0.32,-2.768,6.445,-904.419,-468.811,-368.225,57.469,-6.823,-25.823
 14:26:23.433,eb:33:2e:f9:57:b5, 2085-97-115 01:225:241:10953,0.086,-2.102,5.557,-833.862,-417.236,-281.555,49.785,-6.96,-31.344
 14:26:23.433,eb:33:2e:f9:57:b5, 2085-97-133 00:48:244:10386,0.075,-1.587,5.202,-800.964,-415.283,-216.125,42.61,-8.141,-36.129
 14:26:23.642,eb:33:2e:f9:57:b5, 2085-97-253 255:239:244:9221,-0.057,-1.393,4.872,-810.791,-407.715,-144.775,35.37,-10.305,-40.139
 14:26:23.642,eb:33:2e:f9:57:b5, 2085-97-189 255:52:247:8608,0.01,-1.335,4.194,-810.181,-448.425,-61.707,28.092,-13.458,-43.308
 14:26:23.642,eb:33:2e:f9:57:b5, 2085-97-243 255:52:255:9344,-0.13,-0.652,4.411,-780.457,-485.596,9.827,20.731,-17.715,-45.417
 14:26:23.642,eb:33:2e:f9:57:b5, 2085-97-96 254:142:06:9091,-0.212,0.426,4.494,-726.746,-538.086,57.434,13.661,-22.714,-46.577
 14:26:23.642,eb:33:2e:f9:57:b5, 2085-97-39 254:69:12:10255,-0.323,1.139,4.564,-663.269,-601.074,91.553,6.685,-28.553,-46.659
 14:26:23.642,eb:33:2e:f9:57:b5, 2085-97-66 252:67:20:14196,-0.618,2.035,5.857,-602.844,-635.132,124.023,-0.258,-34.777,-45.599
 14:26:23.642,eb:33:2e:f9:57:b5, 2085-97-146 249:81:26:18104,-0.891,2.928,7.985,-549.5,-630.798,153.076,-7.91,-41.05,-42.814
 14:26:23.643,eb:33:2e:f9:57:b5, 2085-97-87 249:185:35:20222,-0.739,3.869,9.626,-530.273,-441.65,189.758,-16.512,-46,-38.485
 14:26:23.645,eb:33:2e:f9:57:b5, 2085-97-194 250:92:49:18892,-0.649,5.196,9.649,-510.925,-171.265,185.974,-25.433,-47.955,-33.816
 14:26:23.645,eb:33:2e:f9:57:b5, 2085-97-89 251:214:68:17001,-0.394,7.38,8.812,-434.57,-22.644,113.525,-32.327,-47.834,-31.119
 14:26:23.645,eb:33:2e:f9:57:b5, 2085-97-148 254:183:79:13362,-0.1,9.529,7.436,-306.213,-21.973,-25.146,-36.606,-47.653,-30.405
 14:26:23.645,eb:33:2e:f9:57:b5, 2085-97-106 255:71:81:11402,-0.027,10.124,5.928,-204.041,-75.5,-189.087,-38.364,-48.84,-31.306
 14:26:23.647,eb:33:2e:f9:57:b5, 2085-113-81 00:164:96:-13425,0.079,10.021,4.958,-136.719,27.466,-317.2,-37.535,-50.707,-34.47
 14:26:23.648,eb:33:2e:f9:57:b5, 2085-97-225 00:47:70:6728,-0.036,9.508,4.079,-100.525,96.375,-362.61,-35.848,-51.493,-37.227
 14:26:23.648,eb:33:2e:f9:57:b5, 2085-97-121 252:121:55:4033,-0.821,7.935,2.604,-8.179,168.457,-403.625,-30.328,-52.487,-44.55
 14:26:23.648,eb:33:2e:f9:57:b5, 2085-97-210 246:226:33:3112,-0.895,5.636,1.666,137.695,49.927,-362.183,-23.599,-53.311,-51.855
 14:26:23.648,eb:33:2e:f9:57:b5, 2085-97-147 191:238:50:-3090,-0.705,2.121,8.706,675.598,431.824,-127.869,-15.095,-54.366,-57.502
 14:26:23.649,eb:33:2e:f9:57:b5, 2085-97-135 253:85:232:10227,0.522,6.822,8.453,1028.076,588.623,108.948,-4.257,-51.262,-59.233
 14:26:23.649,eb:33:2e:f9:57:b5, 2085-97-01 11:135:231:10159,1.632,-2.939,4.615,732.91,36.987,113.831,18.973,-38.699,-57.184
 14:26:23.649,eb:33:2e:f9:57:b5, 2085-97-90 15:13:237:10928,2.152,-3.268,4.793,956.299,-0.244,48.584,26.785,-38.87,-56.234
 14:26:23.702,eb:33:2e:f9:57:b5, 2085-97-58 22:235:07:15647,1.657,0.133,6.604,1289.185,-16.113,-36.682,37.908,-38.804,-56.041
 14:26:23.702,eb:33:2e:f9:57:b5, 2085-97-246 04:146:20:16478,0.35,1.959,7.339,1401.733,-340.21,-172.485,53.613,-39.106,-58.81
 14:26:23.702,eb:33:2e:f9:57:b5, 2085-97-233 248:170:18:14301,-2.099,2.607,9.383,1236.511,-673.767,-277.893,72.977,-39.666,-67.747
 14:26:23.702,eb:33:2e:f9:57:b5, 2085-97-07 233:213:238:4852,-2.502,0.739,3.865,845.337,-538.452,-186.646,89.5,-38.188,-76.74
 14:26:23.732,eb:33:2e:f9:57:b5, 2085-97-35 234:221:243:7458,-1.268,-5.16,6.142,578.674,374.817,91.919,97.789,-37.645,-79.634
 14:26:23.732,eb:33:2e:f9:57:b5, 2085-97-99 03:132:42:7136,2.062,3.778,1.596,357.605,775.696,439.636,96.367,-41.347,-70.148
 14:26:23.732,eb:33:2e:f9:57:b5, 2085-97-140 20:112:25:14373,2.502,3.136,6.391,166.016,773.315,419.373,90.066,-45.846,-58.876
 14:26:23.732,eb:33:2e:f9:57:b5, 2085-97-30 22:118:47:9573,3.216,5.16,5.36,307.678,521.912,321.472,83.639,-49.016,-47.73
 14:26:23.792,eb:33:2e:f9:57:b5, 2085-97-166 24:176:35:10310,2.762,5.197,4.878,480.896,0.122,88.44,84.512,-50.652,-43.781
 14:26:23.792,eb:33:2e:f9:57:b5, 2085-97-245 18:122:25:14473,2.062,3.844,5.771,567.017,-264.16,-156.738,92.076,-50.114,-46.516
 14:26:23.792,eb:33:2e:f9:57:b5, 2085-97-242 14:153:09:18678,1.687,2.214,8.583,571.655,-300.659,-362.793,101.47,-47.115,-51.015
 14:26:23.792,eb:33:2e:f9:57:b5, 2085-97-94 11:165:249:16339,1.156,0.125,8.83,534.912,-166.382,-455.505,108.331,-42.374,-52.811
 14:26:23.822,eb:33:2e:f9:57:b5, 2085-97-18 08:04:239:13718,0.901,-1.526,7.151,448.73,-82.214,-461.06,112.802,-37.623,-52.103
 14:26:23.822,eb:33:2e:f9:57:b5, 2085-97-02 06:88:232:11945,0.609,-2.585,6.318,323.608,14.771,-393.555,115.384,-33.442,-50.257
 14:26:23.822,eb:33:2e:f9:57:b5, 2085-97-88 04:167:227:10794,0.514,-3.291,5.434,201.538,110.046,-279.297,116.444,-30.712,-47.697
 14:26:23.822,eb:33:2e:f9:57:b5, 2085-97-206 03:131:226:10235,0.539,-3.65,5.153,115.723,199.158,-157.043,116.279,-29.383,-44.835
 14:26:23.853,eb:33:2e:f9:57:b5, 2085-97-224 05:105:225:10349,0.989,-3.748,4.993,70.557,271.729,-52.979,115.433,-29.504,-41.682
 14:26:23.853,eb:33:2e:f9:57:b5, 2085-97-230 09:135:224:9731,1.469,-3.885,4.977,71.96,314.087,16.113,114.12,-30.498,-38.287
 14:26:23.853,eb:33:2e:f9:57:b5, 2085-97-100 13:112:223:7618,1.805,-3.994,4.445,94.238,323.853,52.002,112.983,-32.058,-34.816
 14:26:23.853,eb:33:2e:f9:57:b5, 2085-97-180 16:18:218:122,2.605,-4.329,1.929,63.049,293.884,68.054,111.698,-33.69,-31.399
 14:26:23.913,eb:33:2e:f9:57:b5, 2085-97-214 22:129:205:-7641,2.879,-5.304,-2.259,-95.581,231.445,30.945,109.962,-34.986,-28.707
 14:26:23.913,eb:33:2e:f9:57:b5, 2085-97-166 20:47:204:-5152,2.41,-6.819,-3.614,-325.867,115.601,-36.194,105.914,-35.502,-26.142
 14:26:23.913,eb:33:2e:f9:57:b5, 2085-97-109 17:190:205:-2549,2.033,-6.107,-1.494,-464.172,-81.238,-124.207,101.931,-34.612,-26.147
 14:26:23.913,eb:33:2e:f9:57:b5, 2085-97-34 16:15:208:-1109,2.006,-6.398,-1.119,-622.07,-89.844,-169.861,96.877,-32.904,-27.026
 14:26:23.942,eb:33:2e:f9:57:b5, 2085-97-88 15:78:219:2615,1.759,-5.287,0.413,-782.104,-46.875,-213.257,90.225,-30.943,-27.784
 14:26:23.942,eb:33:2e:f9:57:b5, 2085-97-124 12:128:227:4313,1.245,-3.976,1.845,-909.302,13.245,-255.676,81.81,-28.537,-28.218
 14:26:23.942,eb:33:2e:f9:57:b5, 2085-97-242 01:221:228:4317,0.548,-3.444,2.27,-1011.841,18.921,-267.212,72.455,-25.884,-28.795
 14:26:23.942,eb:33:2e:f9:57:b5, 2085-97-31 08:15:247:14741,0.11,-2.455,4.977,-1021.851,-6.287,-274.353,62.666,-23.489,-30.157
 14:26:24.332,eb:33:2e:f9:57:b5, 2085-97-02 255:146:252:10717,0.223,-0.227,6.09,-845.886,-199.585,-296.387,54.267,-21.489,-32.437
 14:26:24.332,eb:33:2e:f9:57:b5, 2085-97-199 03:135:248:8384,0.448,-0.884,4.708,-714.111,-336.487,-290.466,48.56,-21.099,-37.15
 14:26:24.332,eb:33:2e:f9:57:b5, 2085-97-117 02:115:249:7978,0.074,-0.813,3.672,-695.923,-326.416,-261.658,43.583,-21.467,-41.885
 14:26:24.332,eb:33:2e:f9:57:b5, 2085-97-140 255:234:247:8727,-0.003,-0.929,4.165,-703.552,-321.838,-223.328,38.381,-22.401,-46.28
 14:26:24.334,eb:33:2e:f9:57:b5, 2085-97-161 00:193:247:8432,0.111,-1.051,4.232,-714.355,-307.8,-168.396,33.036,-23.873,-50.125
 14:26:24.334,eb:33:2e:f9:57:b5, 2085-97-79 00:02:249:8293,-0.063,-0.967,4.034,-733.459,-293.518,-105.652,27.092,-25.829,-53.086
 14:26:24.334,eb:33:2e:f9:57:b5, 2085-97-15 255:243:251:8988,-0.061,-0.742,4.206,-729.614,-307.983,-41.138,20.836,-28.312,-55.239
 14:26:24.334,eb:33:2e:f9:57:b5, 2085-97-59 00:65:02:9154,0.068,-0.146,4.532,-691.956,-321.228,21.118,14.205,-31.311,-56.31
 14:26:24.336,eb:33:2e:f9:57:b5, 2085-97-207 00:07:09:8868,0.091,0.715,4.325,-640.564,-356.995,66.406,7.63,-34.7,-56.459
 14:26:24.336,eb:33:2e:f9:57:b5, 2085-97-40 00:224:14:9822,-0.089,1.514,4.506,-592.163,-420.41,92.468,0.802,-38.639,-55.547
 14:26:24.336,eb:33:2e:f9:57:b5, 2085-97-77 254:201:18:12342,-0.384,2.14,5.311,-545.959,-506.653,111.694,-6.207,-43.215,-53.674
 14:26:24.336,eb:33:2e:f9:57:b5, 2085-97-158 251:181:22:14853,-0.671,2.559,6.698,-521.484,-538.635,146.545,-14.453,-48.153,-49.944
 14:26:24.338,eb:33:2e:f9:57:b5, 2085-97-246 249:165:30:16520,-0.784,3.236,7.734,-506.409,-436.218,195.435,-24.247,-52.169,-44.264
 14:26:24.338,eb:33:2e:f9:57:b5, 2085-97-142 249:145:46:15611,-0.782,4.707,8.039,-438.477,-234.497,217.041,-34.541,-53.839,-37.755
 14:26:24.338,eb:33:2e:f9:57:b5, 2085-97-94 250:76:61:13132,-0.666,6.861,7.047,-299.561,-169.8,162.781,-42.424,-53.987,-32.811
 14:26:24.338,eb:33:2e:f9:57:b5, 2085-97-202 250:62:70:11502,-0.623,8.278,5.901,-168.152,-256.897,46.448,-48.411,-54.624,-28.466
 14:26:24.338,eb:33:2e:f9:57:b5, 2085-97-92 251:128:73:10681,-0.634,9.112,5.496,-91.003,-259.033,-87.769,-52.987,-56.514,-24.598
 14:26:24.338,eb:33:2e:f9:57:b5, 2085-97-186 249:242:68:8395,-1.094,9.007,4.679,-55.115,-87.097,-227.478,-54.415,-58.771,-23.84
 14:26:24.338,eb:33:2e:f9:57:b5, 2085-97-243 244:153:58:7269,-1.531,8.044,3.656,2.747,36.804,-314.575,-51.476,-61.1,-27.449
 14:26:24.339,eb:33:2e:f9:57:b5, 2085-97-245 243:151:43:6241,-1.39,6.462,3.382,106.812,78.064,-332.764,-44.885,-63.116,-34.129
 14:26:24.392,eb:33:2e:f9:57:b5, 2085-97-130 245:42:24:4309,-2.835,4.303,2.614,217.163,66.467,-289.551,-36.194,-64.649,-41.721
 14:26:24.392,eb:33:2e:f9:57:b5, 2085-97-53 229:87:217:17392,-1.657,-0.336,8.611,685.242,523.254,-134.583,-24.966,-65.468,-49.07
 14:26:24.392,eb:33:2e:f9:57:b5, 2085-97-118 241:129:19:5036,1.059,-1.389,2.214,572.876,731.689,424.011,93.873,-44.242,-74.537
 14:26:24.392,eb:33:2e:f9:57:b5, 2085-97-59 22:150:17:12480,3.186,2.543,3.602,249.268,754.578,491.516,88.116,-48.911,-62.556
 14:26:24.421,eb:33:2e:f9:57:b5, 2085-97-139 23:59:48:8111,3.193,3.857,5.394,274.292,645.203,440.308,79.579,-52.74,-49.043
 14:26:24.421,eb:33:2e:f9:57:b5, 2085-97-254 28:95:46:8089,3.451,6.584,3.587,424.255,102.6,177.185,76.212,-54.717,-40.952
 14:26:24.422,eb:33:2e:f9:57:b5, 2085-97-85 24:136:33:10325,2.702,4.941,4.212,523.438,-267.151,-138.306,83.057,-54.976,-43.154
 14:26:24.422,eb:33:2e:f9:57:b5, 2085-97-92 19:231:18:16411,2.125,3.372,6.629,511.841,-397.583,-406.677,94.125,-52.02,-50.07
 14:26:24.511,eb:33:2e:f9:57:b5, 2085-97-61 15:195:01:16182,1.754,1.249,8.397,448.425,-234.375,-561.462,102.453,-46.653,-54.377
 14:26:24.511,eb:33:2e:f9:57:b5, 2085-97-76 13:30:246:12590,1.649,-0.61,6.995,353.882,-34.973,-597.412,106.122,-40.49,-53.987
 14:26:24.511,eb:33:2e:f9:57:b5, 2085-97-72 12:22:239:11227,1.316,-1.745,5.747,246.338,61.035,-553.162,107.49,-34.98,-51.559
 14:26:24.511,eb:33:2e:f9:57:b5, 2085-97-15 09:232:234:10388,0.984,-2.428,5.252,151.489,141.663,-443.787,107.545,-30.311,-48.505
 14:26:24.514,eb:33:2e:f9:57:b5, 2085-97-09 07:173:232:9707,0.818,-2.794,4.884,94.666,209.351,-318.665,106.946,-27.202,-45.165
 14:26:24.514,eb:33:2e:f9:57:b5, 2085-97-03 07:201:230:9855,1.055,-3.027,4.7,67.383,241.272,-192.444,105.947,-25.252,-41.797
 14:26:24.514,eb:33:2e:f9:57:b5, 2085-97-87 10:145:228:10110,1.552,-3.288,4.945,72.998,278.198,-85.144,105.068,-24.615,-38.524
 14:26:24.514,eb:33:2e:f9:57:b5, 2085-97-223 14:125:226:9567,2.165,-3.58,4.808,102.966,307.251,-9.155,104.222,-24.758,-35.09
 14:26:24.541,eb:33:2e:f9:57:b5, 2085-97-226 18:233:225:7998,2.669,-3.736,4.454,136.414,327.759,27.405,103.76,-25.582,-31.575
 14:26:24.541,eb:33:2e:f9:57:b5, 2085-97-147 21:253:221:1137,3.266,-3.84,2.754,109.863,325.134,48.035,103.107,-26.559,-27.867
 14:26:24.541,eb:33:2e:f9:57:b5, 2085-97-180 27:189:207:-7479,3.203,-4.937,-1.623,-28.809,243.103,26.55,101.937,-27.548,-24.714
 14:26:24.541,eb:33:2e:f9:57:b5, 2085-97-05 23:72:205:-6030,2.732,-6.645,-4.151,-290.955,162.842,-27.771,98.712,-27.779,-22.028
 14:26:24.602,eb:33:2e:f9:57:b5, 2085-97-194 19:64:206:-1063,2.133,-6.053,-1.157,-464.111,-57.861,-91.553,94.757,-27.125,-21.879
 14:26:24.602,eb:33:2e:f9:57:b5, 2085-97-151 14:168:207:218,1.748,-6.416,-0.423,-604.187,-66.833,-122.864,89.637,-25.867,-22.582
 14:26:24.602,eb:33:2e:f9:57:b5, 2085-97-89 15:21:221:3830,2.226,-5.226,1.053,-763.489,-29.602,-118.103,83.112,-24.697,-23.313
 14:26:24.602,eb:33:2e:f9:57:b5, 2085-97-200 19:203:231:5739,2.543,-3.623,2.449,-901.123,67.749,-135.62,74.68,-23.329,-23.456
 14:26:24.632,eb:33:2e:f9:57:b5, 2085-97-102 20:237:237:6092,3.074,-2.632,2.959,-987.915,129.333,-195.312,64.951,-21.379,-23.005
 14:26:24.632,eb:33:2e:f9:57:b5, 2085-97-253 21:41:252:10107,1.386,-1.514,3.971,-1041.992,204.407,-275.635,54.778,-18.556,-23.192
 14:26:24.632,eb:33:2e:f9:57:b5, 2085-97-39 10:215:00:10381,1.217,0.297,4.159,-962.83,21.057,-375.305,44.599,-14.656,-23.538
 14:26:24.632,eb:33:2e:f9:57:b5, 2085-97-243 10:163:249:8903,1.313,-0.313,4.831,-790.894,-340.942,-411.255,37.37,-13.645,-28.257
 14:26:24.991,eb:33:2e:f9:57:b5, 2085-97-196 06:13:244:8953,0.401,-1.164,4.17,-733.215,-432.19,-365.906,31.657,-14.892,-34.091
 14:26:24.991,eb:33:2e:f9:57:b5, 2085-97-02 01:190:239:10788,0.098,-1.765,4.854,-706.177,-448.792,-264.343,26.136,-17.32,-39.276
 14:26:24.991,eb:33:2e:f9:57:b5, 2085-97-250 01:60:237:10667,0.418,-2.244,5.373,-689.88,-396.667,-131.592,20.632,-20.517,-43.011
 14:26:24.991,eb:33:2e:f9:57:b5, 2085-97-92 05:202:239:9082,0.872,-2.262,4.743,-716.614,-302.612,-0.549,14.211,-23.544,-44.665
 14:26:24.995,eb:33:2e:f9:57:b5, 2085-97-174 07:23:246:9372,0.881,-1.668,4.377,-744.507,-310.12,85.449,6.855,-26.532,-44.687
 14:26:24.995,eb:33:2e:f9:57:b5, 2085-97-164 06:165:252:10173,0.93,-0.805,4.701,-724.731,-441.589,140.93,-1.373,-30.229,-43.33
 14:26:24.995,eb:33:2e:f9:57:b5, 2085-97-69 07:191:04:12145,0.713,-0.008,5.423,-659.79,-565.491,186.646,-9.97,-35.167,-40.534
 14:26:24.995,eb:33:2e:f9:57:b5, 2085-97-96 03:142:14:14315,0.14,1.274,6.437,-604.858,-609.863,215.82,-19.649,-40.199,-35.585
 14:26:24.995,eb:33:2e:f9:57:b5, 2085-97-254 255:64:20:16463,-0.019,2.203,7.518,-566.406,-564.331,229.675,-30.344,-44.561,-28.9
 14:26:24.995,eb:33:2e:f9:57:b5, 2085-97-12 255:127:27:18317,-0.267,2.925,8.598,-563.66,-406.372,232.178,-41.748,-46.912,-21.396
 14:26:24.995,eb:33:2e:f9:57:b5, 2085-97-27 253:42:38:18917,-0.427,4.046,9.188,-559.631,-239.807,205.444,-52.103,-47.368,-15.397
 14:26:24.995,eb:33:2e:f9:57:b5, 2085-97-233 251:123:50:16914,-0.656,5.572,8.851,-506.165,-120.056,139.221,-60.348,-46.659,-11.689
 14:26:24.997,eb:33:2e:f9:57:b5, 2085-97-22 249:37:60:14650,-1.066,6.928,7.662,-410.339,-147.095,29.968,-66.703,-46.461,-9.388
 14:26:24.997,eb:33:2e:f9:57:b5, 2085-97-84 246:143:70:12994,-1.24,8.177,6.742,-299.316,-166.992,-87.524,-71.944,-47.203,-7.158
 14:26:24.997,eb:33:2e:f9:57:b5, 2085-97-243 245:09:71:10387,-1.465,9.08,5.82,-187.073,-99.06,-208.679,-75.454,-49.048,-5.724
 14:26:24.997,eb:33:2e:f9:57:b5, 2085-97-161 240:83:64:7646,-2.47,8.495,4.279,-106.201,-21.667,-304.565,-76.624,-51.636,-6.048
 14:26:24.999,eb:33:2e:f9:57:b5, 2085-97-95 233:224:54:8163,-3.024,7.504,3.686,-10.986,-18.127,-334.961,-76.344,-54.866,-7.081
 14:26:24.999,eb:33:2e:f9:57:b5, 2085-97-03 240:118:51:11533,-0.512,6.146,4.082,94.116,41.26,-294.495,-74.224,-57.827,-9.031
 14:26:24.999,eb:33:2e:f9:57:b5, 2085-97-146 229:197:50:-20765,1.559,7.734,1.466,786.255,888.794,131.653,-63.023,-58.37,-16.095
 14:26:24.999,eb:33:2e:f9:57:b5, 2085-97-61 212:144:78:15803,-5.112,5.555,3.954,1146.912,-657.288,-322.144,-60.095,-61.595,-9.432
 14:26:25.051,eb:33:2e:f9:57:b5, 2085-97-185 17:86:70:20543,2.818,5.995,10.869,916.26,-758.606,241.516,-55.223,-61.957,-2.681
 14:26:25.051,eb:33:2e:f9:57:b5, 2085-97-190 13:121:26:10873,1.058,2.883,4.098,350.098,-1.526,-68.665,-58.749,-63.853,6.103
 14:26:25.051,eb:33:2e:f9:57:b5, 2085-97-180 244:222:07:4024,-1.984,1.946,4.309,730.164,-562.012,-280.212,44.434,-41.232,-41.666
 14:26:25.051,eb:33:2e:f9:57:b5, 2085-113-58 00:172:234:-7635,-2.352,-1.388,3.339,348.45,-165.771,-174.133,54.481,-41.968,-48.499
 14:26:25.051,eb:33:2e:f9:57:b5, 2085-97-181 245:31:253:11083,-2.315,-3.129,7.769,354.37,405.823,-52.002,55.898,-40.968,-48.049
 14:26:25.083,eb:33:2e:f9:57:b5, 2085-97-163 06:92:37:11298,2.803,3.58,3.795,251.892,797.363,234.68,52.729,-37.771,-38.496
 14:26:25.083,eb:33:2e:f9:57:b5, 2085-97-142 21:205:34:15118,2.452,4.056,8.922,291.077,556.213,161.865,49.894,-35.178,-30.542
 14:26:25.083,eb:33:2e:f9:57:b5, 2085-97-155 25:178:28:10172,3.442,4.538,5.125,483.521,280.884,-4.7,51.031,-32.646,-25.648
 14:26:25.083,eb:33:2e:f9:57:b5, 2085-97-128 22:12:14:10170,2.32,2.564,5.159,536.621,32.471,-207.703,56.129,-30.954,-25.51
 14:26:25.115,eb:33:2e:f9:57:b5, 2085-97-136 15:113:01:11478,1.528,0.988,5.257,484.558,-132.446,-355.042,62.803,-28.559,-28.059
 14:26:25.115,eb:33:2e:f9:57:b5, 2085-97-225 08:225:244:12167,0.794,-0.626,5.771,356.628,-174.011,-409.851,68.873,-25.703,-31.74
 14:26:25.115,eb:33:2e:f9:57:b5, 2085-97-228 04:238:235:13141,0.557,-2.027,6.193,237.61,-116.333,-383.85,73.295,-22.242,-34.909
 14:26:25.115,eb:33:2e:f9:57:b5, 2085-97-131 04:98:232:12400,0.685,-2.822,6.42,158.386,81.909,-302.673,75.751,-19.017,-36.178
 14:26:25.205,eb:33:2e:f9:57:b5, 2085-97-32 07:153:232:10459,1.121,-2.962,5.544,106.384,276.001,-210.205,76.536,-15.875,-34.799
 14:26:25.205,eb:33:2e:f9:57:b5, 2085-97-199 10:254:232:9290,1.562,-2.895,4.775,84.167,358.765,-141.846,76.652,-13.376,-31.976
 14:26:25.205,eb:33:2e:f9:57:b5, 2085-97-176 13:33:233:8342,1.947,-2.86,4.314,87.952,343.14,-101.013,76.58,-11.135,-28.669
 14:26:25.205,eb:33:2e:f9:57:b5, 2085-97-190 15:237:230:5797,2.051,-2.895,3.742,79.163,302.002,-74.829,76.756,-9.498,-25.774
 14:26:25.205,eb:33:2e:f9:57:b5, 2085-97-34 18:148:224:1900,2.604,-3.45,1.955,7.385,261.414,-46.814,76.591,-8.047,-23.099
 14:26:25.205,eb:33:2e:f9:57:b5, 2085-97-24 22:78:213:-1874,2.664,-4.677,-0.091,-118.774,268.433,-42.297,75.575,-6.971,-20.715
 14:26:25.205,eb:33:2e:f9:57:b5, 2085-97-181 20:02:216:-2212,2.629,-5.458,-1.306,-274.597,195.19,-53.833,73.125,-5.63,-18.479
 14:26:25.205,eb:33:2e:f9:57:b5, 2085-97-217 21:237:219:-278,2.763,-4.568,-0.583,-421.448,111.755,-73.73,69.401,-4.554,-17.43
 14:26:25.292,eb:33:2e:f9:57:b5, 2085-97-36 22:228:221:357,2.858,-4.518,0.096,-525.513,77.332,-98.816,64.528,-3.214,-16.985
 14:26:25.292,eb:33:2e:f9:57:b5, 2085-97-22 24:200:230:1479,3.164,-3.757,0.381,-636.719,41.748,-125.183,58.711,-1.956,-17.095
 14:26:25.292,eb:33:2e:f9:57:b5, 2085-97-55 26:103:239:2502,3.332,-2.566,1.031,-760.498,55.237,-153.87,51.696,-0.396,-17.6
 14:26:25.292,eb:33:2e:f9:57:b5, 2085-97-244 24:113:243:2933,2.861,-1.733,1.433,-848.816,68.054,-192.81,43.621,1.296,-18.408
 14:26:25.294,eb:33:2e:f9:57:b5, 2085-97-122 20:199:250:5007,2.54,-1.39,1.845,-880.188,71.716,-216.98,34.953,3.203,-19.753
 14:26:25.294,eb:33:2e:f9:57:b5, 2085-97-11 18:196:00:5909,1.856,-0.009,2.924,-821.35,-70.801,-250.671,26.411,4.493,-21.758
 14:26:25.294,eb:33:2e:f9:57:b5, 2085-97-56 13:47:250:6611,1.413,-0.303,2.901,-706.055,-360.596,-256.47,18.803,3.378,-25.038
 14:26:25.294,eb:33:2e:f9:57:b5, 2085-97-138 08:208:246:7327,0.75,-0.955,3.436,-633.972,-485.84,-199.707,12.327,-0.335,-28.389
 14:26:25.651,eb:33:2e:f9:57:b5, 2085-97-67 04:181:242:8375,0.432,-1.395,3.864,-606.079,-530.701,-99.976,6.372,-5.125,-30.635
 14:26:25.651,eb:33:2e:f9:57:b5, 2085-97-168 03:102:240:8355,0.619,-1.866,4.11,-615.417,-482.483,20.935,0.412,-10.206,-31.234
 14:26:25.651,eb:33:2e:f9:57:b5, 2085-97-87 06:103:241:8695,0.96,-1.936,4.163,-665.71,-379.028,141.907,-6.405,-14.299,-30.031
 14:26:25.651,eb:33:2e:f9:57:b5, 2085-97-78 09:249:245:9143,1.408,-1.627,4.337,-712.891,-283.081,232.849,-14.266,-17.045,-27.361
 14:26:25.654,eb:33:2e:f9:57:b5, 2085-97-55 11:29:03:8772,1.276,-0.593,4.635,-728.027,-224.609,273.376,-22.863,-18.419,-23.824
 14:26:25.654,eb:33:2e:f9:57:b5, 2085-97-138 10:60:15:8776,1.248,1.205,4.034,-698.181,-301.88,246.643,-31.492,-19.276,-20.05
 14:26:25.654,eb:33:2e:f9:57:b5, 2085-97-186 07:91:21:9428,0.725,2.423,4.478,-656.86,-445.374,170.593,-40.023,-20.995,-15.705
 14:26:25.654,eb:33:2e:f9:57:b5, 2085-97-200 03:45:22:12621,0.053,2.691,5.204,-632.507,-527.222,113.037,-48.686,-23.549,-10.673
 14:26:25.658,eb:33:2e:f9:57:b5, 2085-97-119 252:183:28:17003,-0.857,3.077,7.221,-615.479,-483.948,97.961,-57.469,-25.56,-5.334
 14:26:25.658,eb:33:2e:f9:57:b5, 2085-97-28 247:75:40:19233,-1.16,4.257,9.144,-567.505,-349.487,93.262,-65.819,-26.647,-0.538
 14:26:25.658,eb:33:2e:f9:57:b5, 2085-97-41 247:18:53:18274,-1.156,5.827,9.227,-488.953,-168.762,61.34,-72.521,-26.62,2.39
 14:26:25.658,eb:33:2e:f9:57:b5, 2085-97-185 245:210:68:15765,-1.437,7.558,8.388,-384.216,-77.026,-21.24,-77.492,-26.675,3.593
 14:26:25.742,eb:33:2e:f9:57:b5, 2085-97-206 243:173:80:13343,-1.653,9.567,7.062,-263.489,-107.056,-156.982,-80.958,-27.631,4.334
 14:26:25.742,eb:33:2e:f9:57:b5, 2085-97-82 241:54:74:10689,-2.197,9.942,5.833,-166.504,-85.938,-289.917,-83.507,-30.07,5.18
 14:26:25.742,eb:33:2e:f9:57:b5, 2085-97-216 235:252:61:8701,-2.795,8.558,4.713,-88.867,9.766,-351.868,-84.606,-33.316,5.092
 14:26:25.742,eb:33:2e:f9:57:b5, 2085-97-165 232:130:46:7388,-2.881,6.803,3.8,18.005,90.759,-319.702,-84.227,-36.672,3.944
 14:26:25.863,eb:33:2e:f9:57:b5, 2085-97-237 234:113:30:5495,-2.413,4.847,3.314,139.587,151.978,-216.37,-81.771,-39.128,1.637
 14:26:25.863,eb:33:2e:f9:57:b5, 2085-97-98 228:240:36:9096,-4.734,2.243,2.126,521.362,-41.321,-144.165,-77.849,-40.496,-0.5
 14:26:25.863,eb:33:2e:f9:57:b5, 2085-97-89 234:169:54:-8351,-2.5,5.068,-7.125,884.827,-729.37,167.603,-72.466,-39.897,2.67
 14:26:25.863,eb:33:2e:f9:57:b5, 2085-97-238 19:135:95:15075,4.542,5.58,11.199,1075.623,-628.906,195.74,-71.213,-41.896,17.254
 14:26:26.252,eb:33:2e:f9:57:b5, 2085-97-222 53:17:22:15291,-1.097,4.821,3.93,492.004,-448.12,-303.65,-69.543,-44.456,23.758
 14:26:26.252,eb:33:2e:f9:57:b5, 2085-97-237 232:63:00:7346,-2.774,1.796,4.688,732.666,-636.169,-282.288,27.806,-31.36,-24.719
 14:26:26.252,eb:33:2e:f9:57:b5, 2085-97-175 236:68:221:17692,-1.162,-2.389,4.887,474.426,-7.935,-103.21,36.112,-33.64,-29.218
 14:26:26.252,eb:33:2e:f9:57:b5, 2085-97-231 247:251:12:3391,1.224,-1.317,2.979,408.875,890.747,339.6,37.48,-29.883,-23.857
 14:26:26.283,eb:33:2e:f9:57:b5, 2085-97-213 22:30:25:11749,2.798,1.79,3.868,257.507,635.559,369.995,35.733,-25.686,-15.062
 14:26:26.283,eb:33:2e:f9:57:b5, 2085-97-240 17:99:47:6946,3.093,5.282,4.432,306.641,570.801,260.193,35.2,-22.341,-8.097
 14:26:26.283,eb:33:2e:f9:57:b5, 2085-97-61 26:214:31:9452,2.733,4.918,4.51,432.556,24.536,-20.691,37.914,-21,-5.663
 14:26:26.283,eb:33:2e:f9:57:b5, 2085-97-188 20:216:20:10503,2.363,3.348,4.168,466.614,-151.367,-265.991,43.226,-20.369,-7.405
 14:26:26.342,eb:33:2e:f9:57:b5, 2085-97-189 16:50:08:12805,1.917,1.797,5.982,401.611,-174.744,-439.575,49.34,-19.072,-11.717
 14:26:26.342,eb:33:2e:f9:57:b5, 2085-97-114 13:196:251:12558,1.36,0.232,6.304,297.058,-82.153,-527.832,54.448,-16.018,-16.21
 14:26:26.342,eb:33:2e:f9:57:b5, 2085-97-220 08:116:242:11758,0.989,-1.181,5.867,193.787,6.714,-523.743,57.909,-11.827,-19.666
 14:26:26.342,eb:33:2e:f9:57:b5, 2085-97-37 07:76:237:11349,0.835,-2.073,5.719,116.577,108.276,-451.843,59.947,-7.383,-21.912
 14:26:26.344,eb:33:2e:f9:57:b5, 2085-97-136 06:221:234:10183,0.812,-2.522,5.258,62.805,242.31,-341.064,61.04,-2.812,-22.324
 14:26:26.344,eb:33:2e:f9:57:b5, 2085-113-81 00:29:109:16018,0.867,-2.729,4.685,34.241,333.618,-222.839,61.403,1.071,-21.143
 14:26:26.344,eb:33:2e:f9:57:b5, 2085-97-65 08:02:233:9003,1.276,-2.802,4.481,33.569,348.267,-170.959,61.529,2.752,-20.127
 14:26:26.344,eb:33:2e:f9:57:b5, 2085-97-169 12:01:232:8965,1.878,-2.935,4.337,52.979,346.497,-87.28,62.106,5.779,-17.65
 14:26:26.347,eb:33:2e:f9:57:b5, 2085-97-126 17:17:232:7774,2.359,-3.015,4.285,86.609,340.698,-36.499,62.974,7.927,-14.963
 14:26:26.347,eb:33:2e:f9:57:b5, 2085-97-125 15:132:241:3454,2.112,-3.066,2.941,69.763,356.079,0.732,64.21,9.926,-11.882
 14:26:26.347,eb:33:2e:f9:57:b5, 2085-97-206 19:242:251:7873,1.935,-1.29,2.764,-811.584,-74.463,-227.6,19.918,20.561,-11.03
 14:26:26.347,eb:33:2e:f9:57:b5, 2085-97-35 11:106:252:6320,1.279,-0.138,3.304,-743.835,-181.152,-231.689,11.497,20.374,-13.651
 14:26:26.349,eb:33:2e:f9:57:b5, 2085-97-56 09:20:247:7696,0.976,-0.918,3.562,-662.109,-415.894,-213.318,3.856,17.271,-16.403
 14:26:26.349,eb:33:2e:f9:57:b5, 2085-97-34 07:179:239:12075,0.856,-1.23,3.934,-635.559,-480.835,-139.709,-2.84,12.816,-18.232
 14:26:26.349,eb:33:2e:f9:57:b5, 2085-97-94 09:16:236:9658,1.702,-2.455,5.411,535.278,522.095,3.113,-38.403,-15.216,6.246
 14:26:26.349,eb:33:2e:f9:57:b5, 2085-97-72 16:223:237:9331,2.509,-2.449,4.523,679.626,482.849,13.916,-31.333,-11.03,3.208
 14:26:26.351,eb:33:2e:f9:57:b5, 2085-97-198 20:66:04:9749,2.693,-1.69,5.024,856.201,436.768,-0.916,-23.115,-7.059,1
 14:26:26.351,eb:33:2e:f9:57:b5, 2085-97-125 19:71:20:9771,1.645,1.811,4.521,1070.618,135.376,-114.563,-13.096,-4.312,-0.599
 14:26:26.351,eb:33:2e:f9:57:b5, 2085-97-202 06:217:28:12257,0.317,3.026,4.767,1127.136,-494.385,-244.629,-1.555,-6.432,-2.411
 14:26:26.351,eb:33:2e:f9:57:b5, 2085-97-211 240:187:12:11666,-3.427,2.597,6.874,950.562,-797.302,-315.918,9.783,-13.557,-5.999
 14:26:26.353,eb:33:2e:f9:57:b5, 2085-97-37 233:67:235:11271,-1.92,-0.2,4.694,653.015,-355.286,-168.64,19.1,-18.792,-10.025
 14:26:26.353,eb:33:2e:f9:57:b5, 2085-97-137 252:45:247:5145,-0.713,-4.104,8.548,553.772,762.756,163.757,24.576,-16.88,-9.322
 14:26:26.353,eb:33:2e:f9:57:b5, 2085-97-94 14:41:16:7953,3.634,1.648,1.856,338.44,909.607,421.021,26.9,-9.69,-1.62
 14:26:26.353,eb:33:2e:f9:57:b5, 2085-97-142 25:211:39:8550,2.465,3.167,6.16,309.143,821.899,425.354,28.471,-4.153,6.169
 14:26:26.432,eb:33:2e:f9:57:b5, 2085-97-85 27:35:45:7388,3.646,5.985,2.657,469.36,319.458,214.844,31.707,-0.258,12.041
 14:26:26.432,eb:33:2e:f9:57:b5, 2085-97-120 23:00:34:7887,2.728,4.87,3.861,608.337,-117.676,-118.225,37.233,-0.198,12.519
 14:26:26.432,eb:33:2e:f9:57:b5, 2085-97-246 18:221:19:13659,1.921,3.385,5.523,604.065,-348.633,-396.484,43.704,-0.555,8.514
 14:26:26.432,eb:33:2e:f9:57:b5, 2085-97-150 12:113:04:14090,1.269,1.56,6.936,516.235,-314.392,-562.927,49.73,0.692,2.697
 14:26:26.434,eb:33:2e:f9:57:b5, 2085-97-57 08:241:245:13643,0.791,-0.43,6.734,379.028,-228.21,-604.675,54.382,3.615,-3.214
 14:26:26.434,eb:33:2e:f9:57:b5, 2085-97-116 04:58:237:13090,0.401,-1.891,6.577,246.155,-74.829,-545.471,57.31,7.465,-7.778
 14:26:26.434,eb:33:2e:f9:57:b5, 2085-97-161 02:228:233:11725,0.307,-2.649,6.131,148.804,130.554,-415.283,59.019,11.662,-10.135
 14:26:26.434,eb:33:2e:f9:57:b5, 2085-97-98 02:38:235:10025,0.258,-2.722,5.25,75.073,304.871,-264.709,60.139,15.727,-9.871
 14:26:26.492,eb:33:2e:f9:57:b5, 2085-97-221 02:65:236:9859,0.596,-2.515,4.705,35.828,360.779,-131.042,61.133,19.105,-7.822
 14:26:26.492,eb:33:2e:f9:57:b5, 2085-97-144 06:120:236:10014,1.044,-2.443,4.96,41.565,359.375,-32.715,62.314,21.517,-4.955
 14:26:26.492,eb:33:2e:f9:57:b5, 2085-97-35 10:23:235:9459,1.511,-2.507,4.785,67.383,352.6,28.687,63.913,23.154,-1.664
 14:26:26.492,eb:33:2e:f9:57:b5, 2085-97-99 14:200:234:8085,1.923,-2.666,4.382,100.098,341.492,55.115,65.967,24.274,1.829
 14:26:26.582,eb:33:2e:f9:57:b5, 2085-97-153 15:120:231:4103,1.941,-2.758,3.02,81.116,337.524,64.453,68.203,25.12,5.411
 14:26:26.582,eb:33:2e:f9:57:b5, 2085-97-121 15:08:218:-2093,1.813,-3.691,0.662,8.362,260.376,40.161,69.835,25.724,8.564
 14:26:26.582,eb:33:2e:f9:57:b5, 2085-97-181 14:204:207:-5063,2.13,-5.701,-2.536,-200.623,196.472,28.625,69.829,26.285,11.08
 14:26:26.582,eb:33:2e:f9:57:b5, 2085-97-183 19:95:216:158,2.703,-5.615,-1.099,-419.983,41.138,4.883,66.962,26.466,12.09
 14:26:26.611,eb:33:2e:f9:57:b5, 2085-97-184 21:30:225:396,2.527,-4.366,0.412,-602.966,114.258,-55.542,61.935,26.993,12.524
 14:26:26.611,eb:33:2e:f9:57:b5, 2085-97-66 20:18:233:242,2.648,-3.362,-0.08,-758.667,136.597,-130.127,55.327,28.597,13.343
 14:26:26.611,eb:33:2e:f9:57:b5, 2085-97-10 22:175:240:2157,2.678,-2.378,0.511,-847.778,62.073,-214.172,47.021,30.542,12.859
 14:26:26.611,eb:33:2e:f9:57:b5, 2085-113-58 00:132:229:-7995,2.627,-1.689,1.349,-901.306,23.804,-293.64,37.304,32.514,10.893
 14:26:26.611,eb:33:2e:f9:57:b5, 2085-97-68 16:176:248:5089,1.716,-1.456,2.07,-929.138,110.474,-309.143,32.102,33.602,9.547
 14:26:26.614,eb:33:2e:f9:57:b5, 2085-97-153 14:37:01:6917,1.722,-0.239,2.857,-892.761,50.293,-355.225,21.863,36.354,6.801
 14:26:26.614,eb:33:2e:f9:57:b5, 2085-97-228 12:75:254:6779,1.484,0.068,3.405,-780.457,-193.42,-365.234,11.162,36.475,2.357
 14:26:26.614,eb:33:2e:f9:57:b5, 2085-97-165 09:174:251:6155,1.002,-0.43,3.244,-687.805,-332.031,-322.632,2.027,34.041,-1.972
 14:26:26.614,eb:33:2e:f9:57:b5, 2085-97-235 06:80:249:6990,0.733,-0.642,3.09,-634.094,-410.278,-243.896,-5.922,30.141,-4.966
 14:26:26.704,eb:33:2e:f9:57:b5, 2085-97-28 05:143:246:7731,0.609,-1.033,3.682,-610.657,-429.321,-128.54,-12.244,25.757,-6.169
 14:26:26.704,eb:33:2e:f9:57:b5, 2085-97-125 05:226:245:7486,0.826,-1.26,3.718,-615.723,-417.664,4.822,-18.133,21.55,-5.526
 14:26:26.704,eb:33:2e:f9:57:b5, 2085-97-229 07:143:247:7682,1.14,-1.203,3.635,-636.169,-400.33,128.052,-23.472,18.16,-3.345
 14:26:26.704,eb:33:2e:f9:57:b5, 2085-97-30 11:44:252:8857,1.75,-0.81,3.976,-650.33,-393.127,216.98,-29.158,15.502,0.093
 14:26:26.852,eb:33:2e:f9:57:b5, 2085-97-102 14:32:05:9001,1.514,0.039,4.701,-641.113,-351.807,262.634,-34.547,13.716,4.153
 14:26:26.852,eb:33:2e:f9:57:b5, 2085-97-109 10:73:15:7201,1.156,1.282,3.7,-607.056,-383.667,254.944,-40.111,12.64,8.394
 14:26:26.853,eb:33:2e:f9:57:b5, 2085-113-81 00:121:116:-12914,1.055,2.414,3.762,-550.903,-556.885,195.801,-44.868,10.745,13.217
 14:26:26.853,eb:33:2e:f9:57:b5, 2085-97-175 07:45:22:9470,0.808,2.69,4.195,-526.428,-633.423,167.175,-47.252,9.344,16.062
 14:26:26.855,eb:33:2e:f9:57:b5, 2085-97-167 03:128:23:11601,0.011,2.789,5.149,-503.052,-661.133,130.554,-51.949,6.246,22.083
 14:26:26.855,eb:33:2e:f9:57:b5, 2085-97-82 253:177:29:14145,-0.539,3.266,6.238,-495.422,-565.186,111.267,-56.854,3.774,27.812
 14:26:26.855,eb:33:2e:f9:57:b5, 2085-97-158 250:238:37:14802,-0.707,4.227,7.346,-473.328,-379.15,83.801,-61.76,2.28,32.333
 14:26:26.855,eb:33:2e:f9:57:b5, 2085-97-59 251:147:45:12930,-0.517,5.18,6.794,-460.815,-185.974,27.527,-66.522,1.659,34.986
 14:26:26.856,eb:33:2e:f9:57:b5, 2085-97-73 252:215:53:11658,-0.467,6.188,5.981,-421.753,-76.172,-68.97,-70.988,1.027,35.914
 14:26:26.856,eb:33:2e:f9:57:b5, 2085-97-238 251:110:62:9418,-0.594,7.292,5.212,-338.745,-54.443,-184.814,-74.8,-0.396,36.123
 14:26:26.856,eb:33:2e:f9:57:b5, 2085-97-31 250:90:63:7963,-0.979,8.054,4.107,-238.403,-119.873,-306.213,-77.651,-3.049,36.343
 14:26:26.856,eb:33:2e:f9:57:b5, 2085-97-146 245:46:55:7483,-1.639,7.482,3.8,-158.936,-134.766,-379.761,-79.695,-6.762,37.101
 14:26:26.971,eb:33:2e:f9:57:b5, 2085-97-183 240:132:45:6510,-2.098,6.282,3.408,-86.853,-39.673,-370.911,-80.953,-10.668,37.343
 14:26:26.971,eb:33:2e:f9:57:b5, 2085-97-179 238:72:36:5289,-2.048,5.11,2.945,3.54,72.327,-289.673,-81.145,-13.925,36.639
 14:26:26.971,eb:33:2e:f9:57:b5, 2085-97-10 241:107:27:3597,1.101,3.954,2.17,124.146,106.201,-169.006,-80.002,-16.007,35.184
 14:26:26.971,eb:33:2e:f9:57:b5, 2085-97-229 213:35:38:2911,-5.04,4.297,5.997,591.553,-98.694,-193.542,-77.069,-17.32,34.563
 14:26:26.973,eb:33:2e:f9:57:b5, 2085-97-169 253:00:60:23703,-1.799,5.782,-1.423,1005.981,-201.416,4.028,-68.659,-16.381,33.014
 14:26:26.973,eb:33:2e:f9:57:b5, 2085-97-121 17:71:27:17408,6.941,7.161,-0.965,450.562,-270.02,-58.655,-60.222,-13.997,31.02
 14:26:26.973,eb:33:2e:f9:57:b5, 2085-97-70 221:51:25:-17277,-3.836,4.824,9.3,346.13,-52.429,-103.271,-56.47,-13.997,30.449
 14:26:26.973,eb:33:2e:f9:57:b5, 2085-97-60 01:172:255:5157,1.551,-1.92,-2.469,69.824,-680.42,-145.874,-55.992,-16.87,31.827
 14:26:27.001,eb:33:2e:f9:57:b5, 2085-97-83 247:83:20:-8364,1.318,-2.872,4.831,81.482,494.934,113.647,-55.443,-17.743,32.437
 14:26:27.001,eb:33:2e:f9:57:b5, 2085-97-201 254:114:10:-2038,0.896,-1.613,4.452,38.33,79.59,16.479,-55.3,-17.43,32.124
 14:26:27.001,eb:33:2e:f9:57:b5, 2085-97-61 252:25:00:245,-0.07,-0.311,2.92,15.869,109.863,-21.912,-54.926,-17.194,31.404
 14:26:27.001,eb:33:2e:f9:57:b5, 2085-97-37 01:143:255:3151,-0.536,-0.165,0.986,14.587,25.024,-23.926,-54.459,-17.106,30.569
 14:26:27.003,eb:33:2e:f9:57:b5, 2085-97-112 249:133:254:507,-0.206,-0.174,0.801,5.981,135.376,6.592,-53.987,-16.518,29.46
 14:26:27.003,eb:33:2e:f9:57:b5, 2085-97-215 01:05:255:3390,0.228,-0.206,1.158,11.23,2.075,26.245,-53.844,-16.21,29.268
 14:26:27.003,eb:33:2e:f9:57:b5, 2085-97-12 253:86:252:4896,-0.682,-0.225,2.216,4.883,172.729,50.537,-53.591,-15.43,28.74
 14:26:27.003,eb:33:2e:f9:57:b5, 2085-97-129 252:135:250:6829,0.014,-0.439,2.48,59.143,158.875,68.42,-52.883,-13.557,27.191
 14:26:27.005,eb:33:2e:f9:57:b5, 2085-97-15 03:32:248:12981,0.177,-0.946,4.859,220.154,13.367,60.73,-51.394,-12.881,27.257
 14:26:27.005,eb:33:2e:f9:57:b5, 2085-97-32 254:255:235:12682,0.131,-1.792,6.632,395.63,89.905,40.344,-48.23,-12.047,26.927
 14:26:27.005,eb:33:2e:f9:57:b5, 2085-97-52 08:181:234:11102,1.692,-2.606,5.753,582.642,132.69,50.537,-43.061,-11.052,26.422
 14:26:27.005,eb:33:2e:f9:57:b5, 2085-97-169 16:130:237:8651,2.169,-2.606,4.747,748.901,179.138,47.058,-36.156,-9.316,25.697
 14:26:27.007,eb:33:2e:f9:57:b5, 2085-97-78 17:23:02:12252,2.056,-1.489,4.659,977.844,129.15,-32.776,-27.307,-8.108,24.84
 14:26:27.007,eb:33:2e:f9:57:b5, 2085-97-248 18:253:13:14634,0.952,2.493,7.234,1263.245,-35.583,-121.033,-15.705,-7.641,23.818
 14:26:27.007,eb:33:2e:f9:57:b5, 2085-97-01 03:11:26:14879,-0.729,3.516,5.927,1314.941,-474.976,-239.685,-2.219,-10.294,22.313
 14:26:27.007,eb:33:2e:f9:57:b5, 2085-97-178 237:24:14:9018,-3.215,2.463,6.35,1137.756,-673.584,-262.695,11.146,-16.458,19.028
 14:26:27.033,eb:33:2e:f9:57:b5, 2085-97-15 234:238:231:8404,-3.243,-0.444,3.413,745.605,-460.388,-132.69,21.989,-21.423,15.167
 14:26:27.033,eb:33:2e:f9:57:b5, 2085-97-65 242:235:15:2218,-1.79,-2.215,6.07,743.835,599.792,102.539,29.037,-20.819,15.293
 14:26:27.033,eb:33:2e:f9:57:b5, 2085-97-204 02:72:17:11304,1.9,4.188,3.424,411.56,542.847,283.447,32.596,-16.804,21.149
 14:26:27.033,eb:33:2e:f9:57:b5, 2085-97-112 19:171:29:10519,2.321,1.798,6.839,386.108,695.618,307.922,34.409,-13.299,27.285
 14:26:27.241,eb:33:2e:f9:57:b5, 2085-97-120 23:146:44:8651,3.323,5.299,3.555,409.851,460.388,170.044,36.782,-9.322,33.223
 14:26:27.242,eb:33:2e:f9:57:b5, 2085-97-220 24:216:36:9847,2.846,5.184,4.813,489.197,74.036,-68.176,40.957,-7.861,34.871
 14:26:27.242,eb:33:2e:f9:57:b5, 2085-97-143 20:229:24:13745,2.257,3.941,5.557,518.921,-187.866,-315.735,46.522,-7.042,32.651
 14:26:27.242,eb:33:2e:f9:57:b5, 2085-97-158 15:15:10:16485,1.673,2.216,7.64,509.583,-222.9,-462.28,52.465,-5.499,28.235
 14:26:27.244,eb:33:2e:f9:57:b5, 2085-97-254 10:173:251:15707,1.082,0.303,8.031,481.75,-153.442,-515.869,58.101,-2.538,23.676
 14:26:27.244,eb:33:2e:f9:57:b5, 2085-97-46 07:191:241:14001,0.778,-1.228,7.22,415.527,-48.096,-475.708,62.875,1.258,20.27
 14:26:27.244,eb:33:2e:f9:57:b5, 2085-97-90 05:247:235:12057,0.599,-2.207,6.399,316.345,114.197,-360.718,66.561,5.147,18.682
 14:26:27.244,eb:33:2e:f9:57:b5, 2085-97-119 04:172:234:10704,0.541,-2.656,5.475,214.05,253.113,-217.59,69.192,8.514,19.374
 14:26:27.246,eb:33:2e:f9:57:b5, 2085-97-205 04:65:235:10800,0.769,-2.617,5.173,142.944,313.354,-93.567,71.153,10.926,21.539
 14:26:27.246,eb:33:2e:f9:57:b5, 2085-97-210 07:240:233:10940,1.141,-2.638,5.366,116.699,316.345,-5.737,72.79,12.365,24.423
 14:26:27.246,eb:33:2e:f9:57:b5, 2085-97-225 10:70:231:10349,1.542,-2.941,5.202,130.798,290.71,40.71,74.471,13.057,27.394
 14:26:27.246,eb:33:2e:f9:57:b5, 2085-97-251 11:161:229:8760,1.481,-3.169,4.772,160.889,276.733,52.795,76.421,13.348,30.223
 14:26:27.632,eb:33:2e:f9:57:b5, 2085-97-166 12:35:221:3985,1.636,-3.622,3.635,164.856,231.995,47.913,78.53,13.425,32.877
 14:26:27.632,eb:33:2e:f9:57:b5, 2085-97-187 14:240:203:-6729,2.079,-5.364,-0.433,48.889,203.369,46.936,80.096,13.414,35.277
 14:26:27.632,eb:33:2e:f9:57:b5, 2085-97-96 19:238:202:-3689,2.552,-7.216,-3.515,-289.49,189.758,36.987,79.135,13.403,37.392
 14:26:27.632,eb:33:2e:f9:57:b5, 2085-97-121 19:23:216:829,2.284,-5.715,0.262,-475.83,45.837,-41.138,75.24,13.623,38.095
 14:26:27.634,eb:33:2e:f9:57:b5, 2085-97-231 18:205:218:-1582,2.542,-4.777,-0.403,-631.836,55.115,-112.976,69.708,14.601,38.436
 14:26:27.634,eb:33:2e:f9:57:b5, 2085-97-214 20:173:224:-072,2.417,-4.336,-0.553,-753.723,-14.832,-195.007,62.562,16.062,37.892
 14:26:27.634,eb:33:2e:f9:57:b5, 2085-97-171 16:72:229:1635,1.744,-3.562,0.456,-827.332,-43.152,-279.785,54.24,17.924,36.2
 14:26:27.634,eb:33:2e:f9:57:b5, 2085-97-117 10:05:229:3193,0.291,-3.25,1.116,-870.605,-102.966,-335.449,45.016,19.775,33.481
 14:26:27.636,eb:33:2e:f9:57:b5, 2085-97-224 255:96:230:5174,0.836,-3.564,1.507,-909.119,-200.928,-312.805,35.046,20.709,29.828
 14:26:27.636,eb:33:2e:f9:57:b5, 2085-97-13 04:202:243:11864,-0.234,-2.428,5.351,-868.164,-241.882,-293.762,24.988,19.841,25.631
 14:26:27.636,eb:33:2e:f9:57:b5, 2085-97-183 253:63:242:10550,-0.147,-1.362,5.174,-749.512,-408.386,-267.029,15.952,17.847,21.846
 14:26:27.636,eb:33:2e:f9:57:b5, 2085-97-12 255:99:241:8666,-0.123,-1.876,4.785,-675.964,-437.561,-195.923,8.284,13.942,18.677
 14:26:27.691,eb:33:2e:f9:57:b5, 2085-97-118 254:243:240:8613,-0.351,-1.806,4.079,-683.838,-410.034,-121.704,1.28,9.827,16.771
 14:26:27.691,eb:33:2e:f9:57:b5, 2085-97-230 252:141:239:9399,-0.299,-1.987,4.34,-718.445,-368.591,-35.156,-5.784,5.955,16.249
 14:26:27.691,eb:33:2e:f9:57:b5, 2085-97-95 254:45:242:9497,-0.044,-1.951,4.807,-739.258,-323.669,50.049,-13.101,2.587,16.93
 14:26:27.691,eb:33:2e:f9:57:b5, 2085-97-169 00:253:247:9367,0.129,-1.426,4.53,-731.689,-327.332,108.093,-20.561,-0.198,18.737
 14:26:27.693,eb:33:2e:f9:57:b5, 2085-97-228 00:17:01:9818,0.107,-0.458,4.69,-719.727,-356.934,122.925,-28.048,-2.78,21.22
 14:26:27.693,eb:33:2e:f9:57:b5, 2085-97-235 00:19:09:10211,0.036,0.683,4.921,-707.214,-400.391,109.07,-35.618,-5.328,24.318
 14:26:27.693,eb:33:2e:f9:57:b5, 2085-97-203 254:16:14:9711,-0.35,1.497,4.877,-686.279,-415.955,84.656,-43.22,-7.822,27.697
 14:26:27.693,eb:33:2e:f9:57:b5, 2085-97-227 251:143:17:10761,-0.613,1.975,4.826,-638.672,-432.617,67.81,-50.702,-10.107,31.459
 14:26:27.697,eb:33:2e:f9:57:b5, 2085-97-37 250:52:22:13553,-0.838,2.471,5.974,-564.941,-416.687,65.369,-57.733,-12.014,35.431
 14:26:27.697,eb:33:2e:f9:57:b5, 2085-97-47 10:236:236:8792,1.6,3.1,7.027,-518.921,-323.853,76.416,-64.166,-13.123,39.183
 14:26:27.697,eb:33:2e:f9:57:b5, 2085-97-224 14:239:234:8976,1.833,-2.327,4.233,754.15,173.157,23.071,-32.657,-16.188,27.367
 14:26:27.697,eb:33:2e:f9:57:b5, 2085-97-45 14:56:247:10365,2.125,-2.542,4.51,932.983,221.985,-16.846,-23.78,-14.502,26.345
 14:26:27.697,eb:33:2e:f9:57:b5, 2085-97-177 19:76:14:11299,1.525,0.472,5.869,1113.403,97.351,-72.693,-13.085,-12.898,25.076
 14:26:27.752,eb:33:2e:f9:57:b5, 2085-113-81 00:172:123:396,1.886,4.059,5.457,1097.473,-466.003,-260.681,-1.324,-14.579,23.741
 14:26:27.752,eb:33:2e:f9:57:b5, 2085-97-162 253:184:10:14120,-1.916,2.575,8.387,997.681,-614.197,-318.298,4.46,-17.529,21.962
 14:26:27.753,eb:33:2e:f9:57:b5, 2085-97-156 233:64:00:5477,-2.391,1.12,3.769,751.282,-532.776,-250.61,14.925,-23.033,17.858
 14:26:27.753,eb:33:2e:f9:57:b5, 2085-97-88 232:75:236:17313,-1.083,-2.629,4.34,438.416,-85.754,-78.003,21.687,-25.955,14.826
 14:26:27.781,eb:33:2e:f9:57:b5, 2085-97-128 246:225:28:8177,1.485,1.153,2.007,397.949,799.194,289.978,24.609,-21.709,18.402
 14:26:27.781,eb:33:2e:f9:57:b5, 2085-97-37 19:51:25:15694,2.658,3.218,6.062,189.636,760.681,252.502,24.697,-15.941,24.28
 14:26:27.781,eb:33:2e:f9:57:b5, 2085-97-253 22:84:42:9952,3.464,4.455,6.164,350.281,676.27,141.968,25.823,-9.816,29.432
 14:26:27.781,eb:33:2e:f9:57:b5, 2085-97-247 28:52:25:9757,3.039,4.382,4.532,512.329,157.715,-103.516,29.899,-6.301,31.185
 14:26:27.784,eb:33:2e:f9:57:b5, 2085-97-96 21:52:12:11025,2.415,2.256,4.702,561.096,-68.726,-311.035,35.667,-4.845,29.449
 14:26:27.784,eb:33:2e:f9:57:b5, 2085-97-241 15:206:254:13107,1.587,0.731,6.19,508.545,-162.354,-446.045,41.655,-3.538,25.334
 14:26:27.784,eb:33:2e:f9:57:b5, 2085-97-132 10:222:240:13279,1.077,-1.069,6.44,404.053,-171.326,-486.45,46.725,-1.533,20.665
 14:26:27.784,eb:33:2e:f9:57:b5, 2085-97-127 07:240:231:12318,0.911,-2.601,6.31,286.316,-54.26,-432.8,50.471,1.082,16.54
 14:26:27.811,eb:33:2e:f9:57:b5, 2085-97-234 07:08:229:10943,1.061,-3.269,5.686,202.942,111.023,-334.595,52.916,4.224,14.392
 14:26:27.811,eb:33:2e:f9:57:b5, 2085-97-14 09:181:229:9388,1.204,-3.351,4.933,143.372,270.447,-226.99,54.624,7.641,14.293
 14:26:27.811,eb:33:2e:f9:57:b5, 2085-97-247 10:45:230:8598,1.585,-3.242,4.301,116.089,323.486,-143.188,56.014,10.898,15.76
 14:26:27.811,eb:33:2e:f9:57:b5, 2085-97-100 14:10:230:8262,1.966,-3.228,4.121,119.751,300.11,-88.135,57.486,13.574,17.666
 14:26:27.841,eb:33:2e:f9:57:b5, 2085-97-51 17:228:228:6787,2.154,-3.284,3.836,124.084,274.353,-54.749,59.101,15.699,19.726
 14:26:27.841,eb:33:2e:f9:57:b5, 2085-97-05 18:57:225:2756,2.547,-3.607,2.388,80.994,276.184,-26.306,60.667,17.474,21.896
 14:26:27.841,eb:33:2e:f9:57:b5, 2085-97-125 23:98:219:-557,3.051,-4.113,0.372,-25.146,253.54,-18.616,61.49,18.918,24.104
 14:26:27.841,eb:33:2e:f9:57:b5, 2085-97-195 21:00:214:-2535,2.27,-5.024,-0.786,-170.227,238.708,-44.556,61.029,20.468,26.241
 14:26:27.931,eb:33:2e:f9:57:b5, 2085-97-35 17:150:216:-2151,2.313,-5.102,-1.467,-303.65,41.687,-76.05,58.881,21.72,27.147
 14:26:27.931,eb:33:2e:f9:57:b5, 2085-97-30 20:247:216:-176,2.599,-4.914,-0.368,-460.388,-42.542,-89.905,54.761,22.258,26.356
 14:26:27.931,eb:33:2e:f9:57:b5, 2085-97-128 19:139:220:259,2.292,-4.773,-0.041,-582.642,4.822,-116.699,49.213,22.972,25.554
 14:26:27.931,eb:33:2e:f9:57:b5, 2085-97-189 17:162:231:2155,2.174,-3.808,0.616,-702.393,-34.119,-148.682,42.374,23.802,24.335
 14:26:27.933,eb:33:2e:f9:57:b5, 2085-97-179 16:198:239:3115,1.929,-2.388,1.318,-827.759,-31.067,-167.358,34.107,24.478,22.764
 14:26:27.933,eb:33:2e:f9:57:b5, 2085-97-255 14:158:242:5453,2.063,-1.958,1.861,-906.372,-28.076,-186.401,24.703,25.06,20.858
 14:26:27.933,eb:33:2e:f9:57:b5, 2085-97-91 14:218:00:9404,0.963,-0.784,4.238,-902.039,31.677,-220.947,14.826,25.67,18.781
 14:26:27.933,eb:33:2e:f9:57:b5, 2085-97-204 06:28:255:8266,1.093,0.296,3.936,-784.241,-242.737,-274.109,5.372,25.318,15.98
 14:26:28.264,eb:33:2e:f9:57:b5, 2085-97-13 09:222:251:7633,0.977,-0.468,3.978,-691.223,-400.452,-259.888,-2.851,21.72,13.09
 14:26:28.264,eb:33:2e:f9:57:b5, 2085-97-173 05:165:250:8094,0.485,-0.566,3.727,-678.955,-396.79,-218.994,-10.173,17.446,11.118
 14:26:28.264,eb:33:2e:f9:57:b5, 2085-97-223 02:254:248:8798,0.318,-0.786,4.154,-675.781,-398.926,-167.419,-17.117,13.134,10.256
 14:26:28.264,eb:33:2e:f9:57:b5, 2085-97-138 02:96:247:9124,0.298,-0.98,4.382,-681.03,-405.701,-93.75,-23.857,8.91,10.459
 14:26:28.267,eb:33:2e:f9:57:b5, 2085-97-135 02:08:248:9555,0.373,-1.096,4.512,-691.406,-392.7,-3.906,-30.652,5.208,11.959
 14:26:28.267,eb:33:2e:f9:57:b5, 2085-97-186 03:196:252:10121,0.569,-0.755,4.856,-696.35,-369.141,82.397,-37.612,2.357,14.425
 14:26:28.267,eb:33:2e:f9:57:b5, 2085-97-253 04:61:03:9654,0.642,-0.01,4.853,-688.721,-352.295,145.996,-44.698,0.533,17.715
 14:26:28.267,eb:33:2e:f9:57:b5, 2085-97-155 04:146:11:10176,0.392,0.86,4.725,-651.245,-390.686,173.523,-51.674,-0.61,21.478
 14:26:28.294,eb:33:2e:f9:57:b5, 2085-97-54 01:181:20:11744,-0.082,2.083,5.32,-584.9,-494.019,162.781,-58.26,-1.637,26.12
 14:26:28.294,eb:33:2e:f9:57:b5, 2085-97-57 254:64:23:14036,-0.395,2.848,6.222,-523.254,-598.877,140.198,-64.369,-2.878,31.8
 14:26:28.294,eb:33:2e:f9:57:b5, 2085-97-219 250:39:25:15745,-0.926,2.969,7.335,-500.061,-550.781,145.02,-70.219,-3.713,37.798
 14:26:28.294,eb:33:2e:f9:57:b5, 2085-97-29 246:249:32:17155,-1.504,3.515,8.102,-484.009,-425.903,163.94,-75.844,-3.549,42.951
 14:26:28.352,eb:33:2e:f9:57:b5, 2085-97-141 242:206:46:15752,-1.733,4.936,8.232,-420.654,-250.977,160.4,-80.832,-2.532,46.533
 14:26:28.352,eb:33:2e:f9:57:b5, 2085-97-03 243:172:60:13263,-1.376,6.742,7.027,-323.853,-125.122,97.168,-84.71,-1.417,48.433
 14:26:28.352,eb:33:2e:f9:57:b5, 2085-97-142 247:26:71:10830,-0.775,8.355,5.966,-238.525,-27.1,-22.888,-87.528,-1.104,49.186
 14:26:28.352,eb:33:2e:f9:57:b5, 2085-97-180 250:151:70:7387,-0.824,9.035,4.43,-174.927,58.533,-171.57,-89.528,-2.148,48.939
 14:26:28.354,eb:33:2e:f9:57:b5, 2085-97-61 246:03:64:5851,1.482,8.483,3.077,-102.051,62.927,-294.128,-90.818,-4.598,48.307
 14:26:28.354,eb:33:2e:f9:57:b5, 2085-97-85 10:03:237:11983,1.197,-1.818,6.318,462.219,340.576,-49.744,-46.368,-10.168,43.654
 14:26:28.354,eb:33:2e:f9:57:b5, 2085-97-243 11:92:235:7947,1.429,-2.487,4.609,616.638,472.473,-27.832,-40.117,-7.147,40.133
 14:26:28.354,eb:33:2e:f9:57:b5, 2085-97-108 09:17:235:8335,0.979,-2.688,3.701,757.69,416.687,-17.151,-32.629,-3.763,37.079
 14:26:28.356,eb:33:2e:f9:57:b5, 2085-97-82 06:22:246:9154,0.783,-2.055,4.345,871.826,383.667,-23.682,-24.17,-0.352,34.926
 14:26:28.356,eb:33:2e:f9:57:b5, 2085-97-95 04:196:12:8888,0.473,0.2,4.256,920.898,104.675,-52.429,-15.024,1.956,33.525
 14:26:28.356,eb:33:2e:f9:57:b5, 2085-97-89 03:226:10:10025,-0.589,2.841,5.06,880.188,-309.143,-156.128,-5.872,0.33,32.816
 14:26:28.356,eb:33:2e:f9:57:b5, 2085-97-63 242:186:254:6688,-1.617,0.499,3.925,668.152,-385.132,-156.616,2.038,-3.554,31.163
 14:26:28.412,eb:33:2e:f9:57:b5, 2085-97-107 243:218:227:9306,-0.49,-1.943,3.22,345.154,-117.615,-67.932,7.202,-6.273,29.789
 14:26:28.412,eb:33:2e:f9:57:b5, 2085-97-77 251:103:02:3569,-0.69,-3.001,7.028,328.796,664.124,210.938,10.135,-3.609,30.723
 14:26:28.412,eb:33:2e:f9:57:b5, 2085-97-134 10:158:09:8178,2.668,1.728,0.985,163.208,592.285,297.241,12.349,3.472,35.118
 14:26:28.412,eb:33:2e:f9:57:b5, 2085-97-57 20:70:29:9053,2.109,2.002,5.997,221.13,485.046,243.164,14.249,7.267,38.661
 14:26:28.414,eb:33:2e:f9:57:b5, 2085-97-246 18:109:28:6520,2.499,4.461,3.07,307.434,247.009,53.162,17.166,11.168,41.276
 14:26:28.414,eb:33:2e:f9:57:b5, 2085-97-62 17:206:12:6393,1.926,2.379,3.502,379.944,-28.748,-157.837,20.616,11.783,40.737
 14:26:28.414,eb:33:2e:f9:57:b5, 2085-97-209 13:91:03:7252,1.507,1.012,3.214,368.225,-183.289,-323.425,24.06,11.596,37.919
 14:26:28.414,eb:33:2e:f9:57:b5, 2085-97-155 10:05:251:7736,1.129,-0.115,3.691,283.203,-192.383,-423.401,26.757,11.431,33.492
 14:26:28.442,eb:33:2e:f9:57:b5, 2085-97-199 07:50:243:8149,0.804,-1.122,3.844,185.73,-181.946,-462.769,28.405,11.761,28.592
 14:26:28.442,eb:33:2e:f9:57:b5, 2085-97-190 04:208:236:8246,0.46,-2.036,4.06,110.657,-116.516,-442.932,29.169,12.513,23.687
 14:26:28.443,eb:33:2e:f9:57:b5, 2085-97-122 03:217:232:8303,0.549,-2.688,4.038,65.002,-23.254,-376.16,29.377,13.859,19.715
 14:26:28.443,eb:33:2e:f9:57:b5, 2085-97-38 06:56:231:7807,1.033,-3.024,4.005,31.677,106.567,-283.936,29.355,15.787,16.902
 14:26:28.502,eb:33:2e:f9:57:b5, 2085-97-241 09:243:229:6342,1.492,-3.165,3.405,-9.888,255.249,-177.795,29.207,18.528,15.765
 14:26:28.502,eb:33:2e:f9:57:b5, 2085-113-58 00:89:227:-7275,1.683,-3.412,2.906,-48.462,342.529,-94.421,28.993,21.835,15.952
 14:26:28.502,eb:33:2e:f9:57:b5, 2085-97-222 13:148:223:3881,1.727,-3.668,2.576,-66.895,362.854,-56.396,28.867,23.582,16.501
 14:26:28.503,eb:33:2e:f9:57:b5, 2085-97-38 14:177:218:-257,1.979,-4.436,0.936,-112.732,307.739,11.536,28.526,26.686,18.023
 14:26:28.893,eb:33:2e:f9:57:b5, 2085-97-141 18:146:221:-1314,2.689,-4.612,-0.772,-228.149,211.731,64.636,27.521,28.746,19.605
 14:26:28.893,eb:33:2e:f9:57:b5, 2085-97-123 23:36:227:940,2.977,-3.895,-0.041,-367.676,151.55,75.684,25.115,30.004,21.187
 14:26:28.893,eb:33:2e:f9:57:b5, 2085-97-05 23:54:230:1164,2.885,-3.442,0.61,-458.923,107.849,53.284,21.467,30.987,22.335
 14:26:28.893,eb:33:2e:f9:57:b5, 2085-97-181 23:170:236:1297,3.055,-2.863,0.619,-538.513,38.696,23.804,16.738,31.465,22.945
 14:26:28.896,eb:33:2e:f9:57:b5, 2085-97-223 24:122:242:1554,3.077,-2.007,0.66,-628.906,19.653,-8.728,10.931,31.718,23
 14:26:28.896,eb:33:2e:f9:57:b5, 2085-97-16 24:63:245:2024,2.892,-1.462,0.843,-686.829,-11.108,-55.298,4.109,31.822,22.643
 14:26:28.896,eb:33:2e:f9:57:b5, 2085-97-62 21:132:245:3108,2.425,-1.302,1.239,-693.542,-107.605,-105.408,-3.235,31.19,21.616
 14:26:28.896,eb:33:2e:f9:57:b5, 2085-97-36 18:54:247:4914,2.121,-1.289,1.905,-681.763,-228.882,-129.272,-10.574,29.262,20.566
 14:26:29.044,eb:33:2e:f9:57:b5, 2085-97-51 14:169:249:6239,1.456,-0.842,2.968,-680.115,-249.634,-120.056,-17.617,26.516,19.841
 14:26:29.044,eb:33:2e:f9:57:b5, 2085-97-168 10:236:244:6904,1.223,-1.068,3.126,-658.997,-351.135,-83.74,-24.263,23.384,20.039
 14:26:29.044,eb:33:2e:f9:57:b5, 2085-97-05 09:180:243:6925,1.065,-1.514,3.421,-632.935,-383.484,-13.672,-30.256,19.847,21.374
 14:26:29.044,eb:33:2e:f9:57:b5, 2085-97-19 08:130:244:7421,1.021,-1.511,3.466,-632.446,-375.977,70.557,-35.947,16.886,23.868
 14:26:29.044,eb:33:2e:f9:57:b5, 2085-97-111 08:204:247:8718,0.954,-1.287,3.92,-646.667,-379.089,147.583,-41.666,14.727,27.109
 14:26:29.044,eb:33:2e:f9:57:b5, 2085-97-191 06:55:255:9275,0.854,-0.625,4.396,-664.795,-356.812,211.853,-47.543,13.491,31.091
 14:26:29.044,eb:33:2e:f9:57:b5, 2085-97-228 05:91:13:11013,0.505,0.736,4.964,-660.889,-332.581,245.3,-53.52,13.167,35.31
 14:26:29.044,eb:33:2e:f9:57:b5, 2085-97-90 02:215:26:11363,0.156,2.62,5.549,-631.348,-312.866,212.952,-59.348,13.447,39.282
 14:26:29.046,eb:33:2e:f9:57:b5, 2085-97-185 00:174:33:11817,-0.1,3.813,5.545,-595.398,-297.119,139.465,-64.863,13.612,42.863
 14:26:29.046,eb:33:2e:f9:57:b5, 2085-97-25 10:79:240:5917,1.209,4.794,6.062,-560.181,-252.93,64.453,-70.159,13.552,45.764
 14:26:29.046,eb:33:2e:f9:57:b5, 2085-97-222 07:132:239:6858,0.769,-2.154,3.247,714.05,319.214,-46.204,-36.167,13.304,47.499
 14:26:29.046,eb:33:2e:f9:57:b5, 2085-97-17 03:191:251:8256,-0.055,-1.594,3.509,786.072,351.929,-38.391,-29.004,15.941,45.187
 14:26:29.162,eb:33:2e:f9:57:b5, 2085-97-62 253:67:07:10176,0.025,0.467,4.913,790.405,173.218,-63.11,-21.473,18.171,43.44
 14:26:29.162,eb:33:2e:f9:57:b5, 2085-97-119 01:102:12:9626,-0.126,1.968,4.886,749.268,-112.305,-90.149,-13.925,17.847,42.66
 14:26:29.162,eb:33:2e:f9:57:b5, 2085-97-224 253:82:255:6047,-1.119,1.562,4.057,586.548,-134.094,-123.779,-7.449,16.177,41.869
 14:26:29.162,eb:33:2e:f9:57:b5, 2085-97-101 249:201:243:5006,0.029,-0.585,1.158,329.407,23.621,-114.075,-3.137,15.408,40.809
 14:26:29.220,eb:33:2e:f9:57:b5, 2085-97-74 254:235:14:4920,-0.65,-1.193,6.479,316.345,522.339,59.753,-0.472,17.452,40.232
 14:26:29.220,eb:33:2e:f9:57:b5, 2085-97-117 14:161:23:8981,2.89,3.422,1.088,206.604,488.708,58.044,2.604,24.84,41.391
 14:26:29.220,eb:33:2e:f9:57:b5, 2085-97-128 14:167:26:6598,1.642,2.757,6.222,276.184,389.404,-40.71,4.999,27.642,41.49
 14:26:29.222,eb:33:2e:f9:57:b5, 2085-97-116 19:65:17:7280,2.289,3.184,2.103,315.063,39.673,-215.271,7.542,30.526,40.342
 14:26:29.224,eb:33:2e:f9:57:b5, 2085-97-73 13:132:05:7940,1.417,1.214,4.14,301.27,37.964,-333.74,9.212,30.932,37.013
 14:26:29.224,eb:33:2e:f9:57:b5, 2085-97-244 10:156:237:7798,1.475,0.245,4.231,256.592,-9.46,-391.968,10.124,31.525,32.888
 14:26:29.224,eb:33:2e:f9:57:b5, 2085-97-153 12:50:236:7269,1.687,-2.388,3.67,131.775,298.035,-122.925,11.184,41.523,17.726
 14:26:29.224,eb:33:2e:f9:57:b5, 2085-97-78 14:133:234:6497,1.878,-2.567,3.39,131.714,305.115,-62.073,12.25,44.67,17.314
 14:26:29.671,eb:33:2e:f9:57:b5, 2085-97-00 15:124:230:5429,1.824,-2.874,2.946,118.042,283.386,-5.371,13.793,47.626,17.622
 14:26:29.671,eb:33:2e:f9:57:b5, 2085-97-137 14:223:222:3484,1.834,-3.646,2.262,84.656,197.876,47.668,15.606,49.922,18.748
 14:26:29.671,eb:33:2e:f9:57:b5, 2085-97-157 15:201:218:107,2.156,-4.498,0.783,-1.16,150.574,104.126,17.336,51.317,20.396
 14:26:29.672,eb:33:2e:f9:57:b5, 2085-97-68 19:61:220:698,2.587,-4.615,-0.04,-154.602,131.348,140.686,18.281,52.289,22.808
 14:26:29.676,eb:33:2e:f9:57:b5, 2085-97-02 21:62:224:748,2.607,-4.262,0.587,-280.701,136.414,143.616,18.023,53.113,25.367
 14:26:29.676,eb:33:2e:f9:57:b5, 2085-97-236 20:146:229:-916,2.722,-3.681,-0.055,-390.503,124.512,125,16.578,54.025,27.96
 14:26:29.676,eb:33:2e:f9:57:b5, 2085-97-247 22:246:235:-946,2.965,-2.917,-0.54,-503.906,41.077,74.097,13.414,54.547,29.647
 14:26:29.676,eb:33:2e:f9:57:b5, 2085-97-141 23:172:240:263,2.738,-2.146,-0.236,-596.619,-30.579,4.7,8.306,54.465,30.229
 14:26:29.676,eb:33:2e:f9:57:b5, 2085-97-218 19:140:241:1577,2.286,-1.816,0.443,-662.598,-62.683,-63.11,1.511,54.009,29.537
 14:26:29.676,eb:33:2e:f9:57:b5, 2085-97-132 16:94:241:3431,1.846,-1.834,1.246,-693.909,-136.719,-112.61,-6.295,52.91,28.224
 14:26:29.677,eb:33:2e:f9:57:b5, 2085-97-04 13:79:242:5086,1.496,-1.78,2.073,-716.736,-210.083,-134.46,-14.326,50.905,26.779
 14:26:29.677,eb:33:2e:f9:57:b5, 2085-97-251 10:244:243:7517,1.288,-1.646,3.052,-742.615,-264.587,-130.92,-22.094,48.153,26.142
 14:26:29.704,eb:33:2e:f9:57:b5, 2085-97-109 08:48:247:9595,0.755,-1.265,4.373,-753.662,-255.554,-114.319,-29.504,45.236,26.29
 14:26:29.704,eb:33:2e:f9:57:b5, 2085-97-156 04:231:244:9871,0.479,-1.182,4.726,-728.821,-307.068,-82.397,-36.337,42.435,27.23
 14:26:29.704,eb:33:2e:f9:57:b5, 2085-97-37 03:239:242:9567,0.41,-1.553,4.797,-697.266,-325.989,-13.855,-42.127,39.65,29.405
 14:26:29.704,eb:33:2e:f9:57:b5, 2085-113-58 00:101:230:-2940,0.549,-1.652,4.646,-679.81,-306.885,78.552,-47.269,37.727,32.454
 14:26:29.704,eb:33:2e:f9:57:b5, 2085-97-183 05:218:244:9700,0.875,-1.582,4.708,-673.34,-296.753,124.39,-49.669,37.161,34.239
 14:26:29.704,eb:33:2e:f9:57:b5, 2085-97-82 08:54:250:9909,0.65,-1.105,4.754,-658.63,-304.626,197.632,-54.135,36.711,38.271
 14:26:29.704,eb:33:2e:f9:57:b5, 2085-97-33 03:48:36:14992,0.19,3.834,6.71,-555.847,-411.072,130.249,-70.774,37.842,63.452
 14:26:29.704,eb:33:2e:f9:57:b5, 2085-97-124 00:138:52:16166,0.053,5.399,7.777,-481.323,-359.07,96.069,-73.268,37.809,68.318
 14:26:29.705,eb:33:2e:f9:57:b5, 2085-97-102 00:139:64:14618,-0.091,7.402,7.667,-367.554,-276.306,9.155,-75.322,37.546,72.241
 14:26:29.707,eb:33:2e:f9:57:b5, 2085-97-241 252:19:72:11995,3.038,8.62,6.433,-287.72,-244.08,-115.173,-77.02,36.453,75.004
 14:26:29.707,eb:33:2e:f9:57:b5, 2085-97-170 22:40:29:7053,2.393,4.148,3.204,475.159,-118.835,-45.959,20.682,41.358,63.1
 14:26:29.707,eb:33:2e:f9:57:b5, 2085-97-47 18:168:24:9297,2.146,3.377,3.622,462.708,-250.183,-255.432,23.807,40.248,60.381
 14:26:29.707,eb:33:2e:f9:57:b5, 2085-97-70 16:03:17:12684,1.915,2.67,5.446,382.141,-242.126,-417.603,24.994,39.243,55.168
 14:26:29.732,eb:33:2e:f9:57:b5, 2085-97-245 13:177:06:13605,1.583,1.475,6.622,300.171,-109.558,-514.404,24.758,39.545,48.961
 14:26:29.732,eb:33:2e:f9:57:b5, 2085-97-144 11:62:254:12350,1.318,0.272,6.399,245.789,31.982,-543.335,23.752,41.38,42.561
 14:26:29.732,eb:33:2e:f9:57:b5, 2085-97-220 09:153:247:11124,1.144,-0.665,5.675,202.271,139.893,-515.32,22.291,44.242,36.689
 14:26:29.732,eb:33:2e:f9:57:b5, 2085-97-184 08:65:243:9953,1.064,-1.354,5.16,166.748,232.727,-442.993,20.693,47.686,31.415
 14:26:29.912,eb:33:2e:f9:57:b5, 2085-97-247 07:234:239:8887,0.884,-1.806,4.585,134.827,288.147,-340.82,19.33,51.482,27.405
 14:26:29.912,eb:33:2e:f9:57:b5, 2085-113-81 00:77:113:1366,0.895,-2.202,4.179,106.873,299.072,-227.234,18.484,55.157,24.593
 14:26:29.912,eb:33:2e:f9:57:b5, 2085-97-61 08:137:235:8871,1.163,-2.394,4.227,101.44,302.551,-172.913,18.386,56.876,23.807
 14:26:29.912,eb:33:2e:f9:57:b5, 2085-97-150 10:233:233:8483,1.526,-2.67,4.261,105.164,327.454,-74.89,19.193,60.266,23.544
 14:26:29.942,eb:33:2e:f9:57:b5, 2085-97-70 14:234:231:8351,2.036,-2.878,4.066,124.695,316.956,-4.028,21.539,63.424,24.824
 14:26:29.942,eb:33:2e:f9:57:b5, 2085-97-188 17:238:229:7356,2.283,-3.132,4.058,150.94,317.749,37.109,25.389,66.237,27.625
 14:26:29.942,eb:33:2e:f9:57:b5, 2085-97-22 16:247:220:1038,1.815,-3.652,2.467,135.925,331.482,67.627,30.8,68.89,31.86
 14:26:29.942,eb:33:2e:f9:57:b5, 2085-97-249 16:32:208:-6144,2.481,-5.111,-2.191,-4.578,242.493,103.638,36.782,70.829,37.617
 14:26:29.942,eb:33:2e:f9:57:b5, 2085-97-246 22:46:215:-1906,3.05,-5.786,-2.571,-255.676,207.52,112.915,41.342,72.131,44.05
 14:26:29.943,eb:33:2e:f9:57:b5, 2085-97-241 22:220:221:171,2.647,-4.526,0.282,-393.188,158.386,55.176,41.99,72.719,48.362
 14:26:29.943,eb:33:2e:f9:57:b5, 2085-97-224 20:131:225:-1634,2.745,-4.174,-0.513,-509.155,136.841,-3.723,40.49,73.768,51.504
 14:26:29.943,eb:33:2e:f9:57:b5, 2085-97-116 23:208:231:-696,2.929,-3.381,-0.716,-630.981,78.979,-69.397,35.623,74.85,52.504
 14:26:29.947,eb:33:2e:f9:57:b5, 2085-97-249 21:54:235:418,2.511,-2.769,-0.013,-716.125,67.993,-139.221,27.081,75.987,50.521
 14:26:29.947,eb:33:2e:f9:57:b5, 2085-97-100 18:29:237:1653,2.104,-2.476,0.446,-783.386,22.217,-193.97,14.963,77.009,45.725
 14:26:29.947,eb:33:2e:f9:57:b5, 2085-97-46 15:124:238:3728,1.866,-2.265,1.269,-833.679,-58.533,-222.29,-0.082,77.009,38.315
 14:26:29.947,eb:33:2e:f9:57:b5, 2085-97-122 16:14:248:8859,1.769,-1.878,2.697,-870.361,-90.332,-228.333,-15.216,75.784,31.41
 14:26:29.949,eb:33:2e:f9:57:b5, 2085-97-79 08:243:255:9135,0.885,-0.133,4.835,-857.483,-13.062,-244.324,-30.185,74.713,24.818
 14:26:29.949,eb:33:2e:f9:57:b5, 2085-97-11 08:97:251:10043,1.007,-0.371,4.793,-747.925,-312.988,-252.197,-40.32,71.598,22.505
 14:26:29.949,eb:33:2e:f9:57:b5, 2085-97-129 07:154:251:9049,0.861,-0.586,4.565,-700.012,-322.815,-191.956,-45.956,67.714,24.186
 14:26:29.949,eb:33:2e:f9:57:b5, 2085-97-10 06:117:251:8960,0.809,-0.556,4.429,-686.951,-264.832,-109.07,-50.477,64.671,26.906
 14:26:30.392,eb:33:2e:f9:57:b5, 2085-97-231 07:62:252:8865,1.171,-0.556,4.402,-666.992,-231.018,-26.794,-54.553,62.732,30.026
 14:26:30.392,eb:33:2e:f9:57:b5, 2085-97-07 11:46:254:7878,1.596,-0.341,4.053,-652.954,-244.446,44.067,-57.87,61.595,33.865
 14:26:30.392,eb:33:2e:f9:57:b5, 2085-97-83 14:195:01:8600,1.916,-0.066,3.905,-661.194,-285.095,99.06,-60.222,60.925,38.875
 14:26:30.392,eb:33:2e:f9:57:b5, 2085-97-43 16:146:09:9725,2.113,0.651,4.499,-667.114,-287.781,133.423,-62.15,60.656,44.533
 14:26:30.394,eb:33:2e:f9:57:b5, 2085-97-87 16:56:18:9454,1.844,1.765,4.875,-637.939,-306.274,134.827,-63.726,60.617,50.647
 14:26:30.394,eb:33:2e:f9:57:b5, 2085-97-187 13:115:23:8428,1.569,2.657,4.183,-570.801,-423.95,110.046,-64.078,60.238,57.469
 14:26:30.394,eb:33:2e:f9:57:b5, 2085-97-114 10:226:26:9932,0.954,3.169,4.382,-502.136,-592.102,90.881,-61.941,58.898,66.643
 14:26:30.394,eb:33:2e:f9:57:b5, 2085-97-177 04:117:29:12667,0.121,3.515,5.47,-454.59,-723.938,96.436,-58.085,56.481,77.322
 14:26:30.482,eb:33:2e:f9:57:b5, 2085-97-94 254:142:36:15430,-0.494,4.034,6.944,-418.274,-728.149,126.099,-54.003,53.41,88.308
 14:26:30.482,eb:33:2e:f9:57:b5, 2085-97-200 249:176:51:15589,-0.988,5.405,7.878,-372.986,-580.322,131.531,-51.191,50.587,97.427
 14:26:30.483,eb:33:2e:f9:57:b5, 2085-97-18 247:70:66:12580,-1.153,7.518,6.901,-289.917,-387.878,70.374,-50.048,48.505,103.766
 14:26:30.483,eb:33:2e:f9:57:b5, 2085-97-108 246:41:68:10610,-1.424,8.593,5.589,-202.148,-321.777,-65.857,-49.905,46.34,107.463
 14:26:30.486,eb:33:2e:f9:57:b5, 2085-97-55 242:129:62:9365,-1.897,8.247,4.836,-145.935,-272.705,-213.562,-50.361,43.33,109.429
 14:26:30.486,eb:33:2e:f9:57:b5, 2085-97-31 240:168:53:8381,-2.076,7.267,4.407,-132.385,-178.772,-309.57,-51.603,39.776,109.611
 14:26:30.486,eb:33:2e:f9:57:b5, 2085-97-134 238:123:46:6798,-2.268,6.2,3.668,-128.906,-9.949,-338.562,-53.745,36.584,108.254
 14:26:30.486,eb:33:2e:f9:57:b5, 2085-97-179 237:48:40:6119,-2.232,5.473,3.125,-73.12,117.798,-315.735,-56.239,34.222,105.447
 14:26:30.486,eb:33:2e:f9:57:b5, 2085-97-231 238:123:29:4855,-2.041,4.398,2.757,45.532,152.222,-254.333,-57.865,32.552,102.48
 14:26:30.486,eb:33:2e:f9:57:b5, 2085-97-102 240:18:19:3438,-1.897,2.992,1.983,173.218,98.511,-161.621,-57.843,31.454,100.036
 14:26:30.486,eb:33:2e:f9:57:b5, 2085-97-124 01:112:17:18401,-6.067,1.849,1.471,287.598,12.878,-58.655,-55.959,30.839,99.075
 14:26:30.488,eb:33:2e:f9:57:b5, 2085-97-203 211:185:42:-2874,1.482,2.626,1.519,775.33,197.937,224.487,-50.394,31.827,97.394
 14:26:30.489,eb:33:2e:f9:57:b5, 2085-97-195 58:181:25:3942,6.81,-0.628,9.323,259.949,380.371,215.637,-42.687,27.9,103.881
 14:26:30.489,eb:33:2e:f9:57:b5, 2085-97-05 20:89:33:10691,1.982,3.418,3.74,14.404,980.896,-13.123,-43.775,34.761,99.388
 14:26:30.489,eb:33:2e:f9:57:b5, 2085-97-246 11:85:26:12600,0.961,3.847,5.437,582.214,-198.975,-166.992,59.222,56.536,95.587
 14:26:30.489,eb:33:2e:f9:57:b5, 2085-113-58 00:119:242:-7245,0.505,2.576,6.61,529.785,-277.222,-314.087,60.249,57.426,89.868
 14:26:30.489,eb:33:2e:f9:57:b5, 2085-97-124 00:194:05:14468,-0.349,1.687,6.909,483.887,-270.447,-352.844,59.952,58.167,86.385
 14:26:30.489,eb:33:2e:f9:57:b5, 2085-97-97 250:141:248:14928,-0.948,-0.169,7.18,383.545,-174.5,-348.389,58.788,60.029,79.728
 14:26:30.489,eb:33:2e:f9:57:b5, 2085-97-237 247:241:238:14644,-0.914,-1.588,7.322,293.64,36.194,-250.916,58.771,62.194,75.553
 14:26:30.489,eb:33:2e:f9:57:b5, 2085-97-100 250:157:233:12271,-0.441,-2.531,6.663,219.543,299.805,-107.3,62.479,64.611,76.921
 14:26:30.489,eb:33:2e:f9:57:b5, 2085-97-32 254:170:229:9426,0.119,-3.027,5.302,154.175,440.43,33.508,70.675,66.489,83.985
 14:26:30.573,eb:33:2e:f9:57:b5, 2085-97-96 04:83:227:7992,0.765,-3.534,4.227,132.263,381.409,123.84,80.288,66.753,93.252
 14:26:30.573,eb:33:2e:f9:57:b5, 2085-97-116 08:106:227:4655,0.908,-3.513,3.252,122.009,340.881,157.593,88.687,65.72,101.124
 14:26:30.573,eb:33:2e:f9:57:b5, 2085-97-69 07:214:215:-4671,1.485,-4.143,0.493,54.321,323.975,151.55,95.554,64.094,107.908
 14:26:30.573,eb:33:2e:f9:57:b5, 2085-97-05 16:90:201:-9088,2.262,-6.309,-4.372,-177.002,258.667,98.022,99.327,62.562,112.736
 14:26:30.576,eb:33:2e:f9:57:b5, 2085-97-140 18:164:209:-1908,2.008,-6.248,-2.763,-413.391,52.368,-29.663,98.569,61.946,115.648
 14:26:30.576,eb:33:2e:f9:57:b5, 2085-97-139 14:238:208:-3753,1.906,-5.738,-1.069,-572.693,153.625,-151.489,95.334,62.836,117.559
 14:26:30.576,eb:33:2e:f9:57:b5, 2085-97-196 15:75:212:-2157,1.892,-5.814,-1.735,-726.746,87.219,-259.216,90.912,64.891,120.059
 14:26:30.576,eb:33:2e:f9:57:b5, 2085-97-27 13:203:218:580,1.412,-5.072,-0.354,-848.45,56.519,-366.211,83.864,68.115,121.108
 14:26:30.579,eb:33:2e:f9:57:b5, 2085-97-105 09:44:222:2492,0.47,-4.379,0.774,-934.265,-22.888,-448.73,73.103,72.197,119.202
 14:26:30.579,eb:33:2e:f9:57:b5, 2085-97-125 249:24:221:2847,-0.152,-4.361,1.499,-1010.01,-45.532,-433.289,56.547,76.042,111.956
 14:26:30.579,eb:33:2e:f9:57:b5, 2085-97-79 06:09:237:13847,-0.236,-3.797,3.828,-998.108,-195.557,-417.847,33.041,77.899,97.943
 14:26:30.579,eb:33:2e:f9:57:b5, 2085-97-247 251:142:242:10872,-0.211,-1.433,5.715,-895.447,-198.608,-382.08,9.382,78.107,83.293
 14:26:30.843,eb:33:2e:f9:57:b5, 2085-97-06 255:28:241:8643,-0.066,-2.019,5.05,-771.79,-258.606,-322.51,-10.036,75.267,71.543
 14:26:30.851,eb:33:2e:f9:57:b5, 2085-97-52 00:15:246:7194,0.093,-1.5,3.643,-724.792,-204.773,-250.732,-22.89,72.328,65.956
 14:26:30.851,eb:33:2e:f9:57:b5, 2085-97-87 02:134:247:6530,0.31,-1.146,3.347,-704.163,-218.689,-185.73,-32.091,69.472,63.71
 14:26:30.851,eb:33:2e:f9:57:b5, 2085-97-62 01:10:251:4231,0.194,-0.921,2.689,-684.937,-237.183,-118.286,-38.705,66.78,64.281
 14:26:31.022,eb:33:2e:f9:57:b5, 2085-97-75 02:168:03:4393,0.155,-0.139,1.968,-644.592,-332.458,-77.026,-43.028,64.023,66.912
 14:26:31.022,eb:33:2e:f9:57:b5, 2085-97-30 255:74:12:4149,-0.268,1.051,2.147,-612.305,-396.912,-61.218,-45.747,60.996,71.252
 14:26:31.022,eb:33:2e:f9:57:b5, 2085-97-216 252:94:18:4572,-0.611,1.916,2.097,-570.374,-477.478,-54.138,-47.444,57.574,76.366
 14:26:31.022,eb:33:2e:f9:57:b5, 2085-97-178 248:18:25:5345,-1.247,2.71,2.333,-525.635,-515.564,-29.663,-48.472,54.031,82.189
 14:26:31.024,eb:33:2e:f9:57:b5, 2085-97-52 243:08:32:9207,-1.902,3.552,3.344,-470.398,-614.441,8.057,-48.642,50.268,88.621
 14:26:31.024,eb:33:2e:f9:57:b5, 2085-97-101 239:152:42:13187,-2.036,4.566,5.674,-408.447,-552.063,64.453,-48.241,46.67,95.587
 14:26:31.024,eb:33:2e:f9:57:b5, 2085-97-165 241:132:58:13424,-1.475,6.25,6.717,-357.056,-270.325,88.013,-48.785,44.626,100.486
 14:26:31.024,eb:33:2e:f9:57:b5, 2085-97-152 246:168:73:11031,-0.901,8.386,6.001,-300.049,-7.019,27.527,-50.999,44.445,102.283
 14:26:31.083,eb:33:2e:f9:57:b5, 2085-97-124 250:181:76:8804,-0.771,9.599,4.892,-194.824,20.996,-107.056,-53.828,44.22,101.711
 14:26:31.083,eb:33:2e:f9:57:b5, 2085-97-218 246:86:71:7650,-1.71,9.354,3.85,-77.393,-102.844,-251.16,-55.668,42.424,100.92
 14:26:31.083,eb:33:2e:f9:57:b5, 2085-97-224 237:185:59:9138,-2.741,8.249,4,-8.972,-214.844,-317.139,-56.14,38.99,100.772
 14:26:31.083,eb:33:2e:f9:57:b5, 2085-97-55 231:213:47:8688,-3.313,6.707,4.611,62.561,-111.938,-289.429,-55.959,35.453,100.717
 14:26:31.291,eb:33:2e:f9:57:b5, 2085-97-178 228:10:34:5604,-3.386,5.186,3.56,143.677,23.438,-203.796,-55.519,33.234,99.47
 14:26:31.291,eb:33:2e:f9:57:b5, 2085-97-180 221:124:38:12510,-6.652,3.735,2.796,486.389,-109.253,-159.485,-53.712,32.086,98.465
 14:26:31.291,eb:33:2e:f9:57:b5, 2085-97-240 252:107:64:2846,7.273,7.626,0.438,491.943,-1228.699,101.501,-46.132,30.866,101.514
 14:26:31.291,eb:33:2e:f9:57:b5, 2085-97-128 53:248:34:2777,-0.704,3.155,8.613,148.743,118.53,344.91,-39.463,25.411,111.841
 14:26:31.411,eb:33:2e:f9:57:b5, 2085-97-255 253:189:243:1449,0.69,-1.033,0.646,36.255,214.111,-199.341,-40.122,27.175,109.396
 14:26:31.411,eb:33:2e:f9:57:b5, 2085-97-173 03:163:254:3784,0.042,-0.026,1.752,59.204,256.897,-29.175,-45.088,37.299,93.906
 14:26:31.411,eb:33:2e:f9:57:b5, 2085-97-122 253:252:254:1959,-0.175,-0.251,1.503,75.134,383.667,-10.437,-46.192,39.507,90.692
 14:26:31.411,eb:33:2e:f9:57:b5, 2085-97-31 06:00:01:5780,1.72,0.083,1.192,85.999,193.848,-43.701,-47.137,41.446,87.935
 14:26:31.413,eb:33:2e:f9:57:b5, 2085-97-99 10:28:252:8310,1.956,-0.259,4.482,76.538,372.131,-71.472,-47.741,42.089,85.611
 14:26:31.413,eb:33:2e:f9:57:b5, 2085-97-03 13:144:01:14103,1.256,1.263,6.544,474.548,-325.256,-545.166,44.182,65.951,77.728
 14:26:31.413,eb:33:2e:f9:57:b5, 2085-97-22 07:194:242:14350,0.513,-0.82,7.026,361.511,-285.706,-559.57,36.14,67.094,64.017
 14:26:31.414,eb:33:2e:f9:57:b5, 2085-97-29 02:111:233:13385,0.135,-2.398,6.85,250.549,-116.272,-464.844,28.07,67.945,51.394
 14:26:31.415,eb:33:2e:f9:57:b5, 2085-97-45 01:201:230:11363,0.285,-3.064,6.089,155.029,139.465,-314.148,22.786,69.703,43.358
 14:26:31.415,eb:33:2e:f9:57:b5, 2085-97-181 03:243:231:9770,0.63,-3.11,5.101,76.172,358.948,-155.457,21.154,73.01,40.177
 14:26:31.415,eb:33:2e:f9:57:b5, 2085-97-214 06:38:233:8820,1.155,-2.91,4.511,40.833,443.665,-30.823,23.873,77.212,42.49
 14:26:31.415,eb:33:2e:f9:57:b5, 2085-97-122 11:06:233:8099,1.685,-2.854,4.15,51.575,398.071,45.654,31.915,80.925,50.136
 14:26:31.534,eb:33:2e:f9:57:b5, 2085-97-34 15:28:233:7178,0.277,-2.866,3.751,81.116,314.941,76.599,45.192,83.326,63.001
 14:26:31.534,eb:33:2e:f9:57:b5, 2085-97-137 02:33:00:6337,0.482,-0.42,3.137,-682.434,-237.915,133.911,-42.407,67.571,67.687
 14:26:31.534,eb:33:2e:f9:57:b5, 2085-97-181 04:142:09:7815,0.526,0.585,3.452,-658.936,-314.819,151.001,-43.215,66.577,74.312
 14:26:31.534,eb:33:2e:f9:57:b5, 2085-97-01 03:234:16:7675,0.274,1.731,3.875,-616.516,-382.202,143.372,-42.995,65.132,81.985
 14:26:31.534,eb:33:2e:f9:57:b5, 2085-97-102 01:115:20:8404,-0.515,2.364,3.79,-568.726,-470.886,126.709,-42.012,62.924,89.923
 14:26:31.534,eb:33:2e:f9:57:b5, 2085-97-224 249:227:53:5975,-1.106,7.24,3.195,-42.236,-11.536,-326.904,-52.487,46.044,116.895
 14:26:31.534,eb:33:2e:f9:57:b5, 2085-97-168 244:21:43:4928,-1.701,6.16,2.574,47.668,32.532,-321.35,-54.261,43.522,114.115
 14:26:31.534,eb:33:2e:f9:57:b5, 2085-97-123 240:96:28:4421,-2.079,4.493,2.286,170.776,-6.531,-264.648,-54.498,41.166,112.072
 14:26:31.833,eb:33:2e:f9:57:b5, 2085-97-205 238:219:11:3665,0.229,2.527,2.065,286.316,-50.049,-170.288,-52.828,39.205,110.891
 14:26:31.833,eb:33:2e:f9:57:b5, 2085-97-58 219:43:28:11890,-6.476,3.097,5.258,700.439,-243.652,-249.023,-48.785,37.414,110.94
 14:26:31.833,eb:33:2e:f9:57:b5, 2085-97-46 45:250:65:22323,6.534,6.688,4.832,901.855,-1092.59,-39.734,-39.067,36.628,112.385
 14:26:31.833,eb:33:2e:f9:57:b5, 2085-97-251 59:168:44:13272,-4.869,1.667,9.375,436.707,-15.015,72.449,-33.931,35.607,113.599
 14:26:31.834,eb:33:2e:f9:57:b5, 2085-97-159 219:225:241:-3664,-1.745,2.479,-9.004,118.958,-384.338,-299.194,-29.899,30.465,115.043
 14:26:31.834,eb:33:2e:f9:57:b5, 2085-97-74 254:187:21:838,1.04,-1.398,1.416,146.118,-30.762,-103.271,-28.911,26.713,115.203
 14:26:31.834,eb:33:2e:f9:57:b5, 2085-97-235 02:225:04:1044,1.778,-0.004,1.753,31.982,-185.181,8.24,-28.268,25.845,115.966
 14:26:31.834,eb:33:2e:f9:57:b5, 2085-97-224 253:88:02:464,-0.56,-0.17,3.08,19.47,87.158,-9.46,-28.015,25.637,116.329
 14:26:31.838,eb:33:2e:f9:57:b5, 2085-97-246 02:22:255:3436,0.099,-0.062,0.164,10.376,-49.744,-35.217,-28.229,26.422,115.461
 14:26:31.838,eb:33:2e:f9:57:b5, 2085-97-218 00:56:255:2379,0.07,-0.088,1.168,20.386,80.627,-29.907,-28.284,26.636,115.115
 14:26:31.838,eb:33:2e:f9:57:b5, 2085-97-205 255:133:254:2448,0.192,-0.236,1.302,17.883,130.92,0.183,-28.367,27.46,114.434
 14:26:31.838,eb:33:2e:f9:57:b5, 2085-97-51 03:104:254:5518,-0.231,-0.176,1.9,19.226,159.485,24.841,-28.411,28.674,114.038
 14:26:31.838,eb:33:2e:f9:57:b5, 2085-113-81 00:249:59:-10686,-0.29,-0.725,3.491,66.467,288.696,52.063,-28.499,31.102,113.011
 14:26:31.838,eb:33:2e:f9:57:b5, 2085-97-201 252:251:247:7131,0.214,-0.849,3.375,146.179,179.016,59.937,-28.109,32.223,112.648
 14:26:31.838,eb:33:2e:f9:57:b5, 2085-97-78 13:205:242:17406,1.901,-0.668,4.699,302.795,-82.153,4.028,-25.62,32.855,113.104
 14:26:31.838,eb:33:2e:f9:57:b5, 2085-97-159 09:127:233:11578,2.81,-2.869,9.881,515.32,383.606,27.71,-21.797,33.992,112.434
 14:26:31.922,eb:33:2e:f9:57:b5, 2085-97-25 28:242:240:9558,3.489,-2.476,5.214,731.995,422.607,1.038,-16.117,37.76,111.127
 14:26:31.922,eb:33:2e:f9:57:b5, 2085-97-37 20:53:223:1369,2.41,-0.877,4.224,952.209,287.354,-81.848,-8.58,41.226,109.578
 14:26:31.922,eb:33:2e:f9:57:b5, 2085-97-43 21:81:227:-1081,2.921,-3.74,-0.211,-630.432,70.618,-48.95,111.396,56.239,141.416
 14:26:31.922,eb:33:2e:f9:57:b5, 2085-97-127 23:138:230:-354,2.533,-3.378,-0.425,-755.371,18.005,-150.818,105.172,57.112,142.454
 14:26:31.922,eb:33:2e:f9:57:b5, 2085-97-78 16:75:230:650,1.707,-3.133,0.015,-827.454,-22.705,-250.366,97.756,59.139,143.152
 14:26:31.924,eb:33:2e:f9:57:b5, 2085-113-100 00:154:01:000,1.407,-3.332,0.849,-873.108,-164.49,-303.101,87.775,62.001,141.422
 14:26:31.924,eb:33:2e:f9:57:b5, 2085-97-196 05:29:227:3639,0.32,-3.422,1.396,-906.189,-202.576,-297.791,81.48,63.391,139.268
 14:26:31.924,eb:33:2e:f9:57:b5, 2085-97-122 10:17:235:11568,1.562,-3.377,2.527,-939.392,-321.35,-271.362,66.643,65.281,132.962
 14:26:31.924,eb:33:2e:f9:57:b5, 2085-97-198 01:27:247:12301,-0.072,-1.492,7.381,-907.41,-165.771,-224.731,50.707,65.973,125.409
 14:26:32.283,eb:33:2e:f9:57:b5, 2085-97-246 02:172:241:11362,0.424,-1.541,5.601,-792.358,-410.706,-206.787,35.552,65.165,117.746
 14:26:32.283,eb:33:2e:f9:57:b5, 2085-97-219 02:229:243:8677,0.269,-1.677,4.709,-763.855,-332.703,-122.009,22.478,62.721,111.846
 14:26:32.283,eb:33:2e:f9:57:b5, 2085-97-141 02:63:245:9550,0.516,-1.439,4.333,-769.043,-323.181,-34.302,12.299,59.788,108.875
 14:26:32.283,eb:33:2e:f9:57:b5, 2085-97-115 05:68:249:9748,0.829,-1.137,4.928,-757.141,-280.823,40.161,4.224,56.744,108.605
 14:26:32.313,eb:33:2e:f9:57:b5, 2085-97-171 05:71:255:7988,0.479,-0.457,4.451,-742.004,-245.3,87.219,-2.373,54.163,109.731
 14:26:32.313,eb:33:2e:f9:57:b5, 2085-97-38 04:05:06:6905,0.583,0.315,3.275,-714.783,-306.396,101.746,-8.196,51.746,111.918
 14:26:32.313,eb:33:2e:f9:57:b5, 2085-97-11 04:154:11:8255,0.302,1.144,3.747,-673.767,-463.257,93.506,-13.271,48.06,114.489
 14:26:32.313,eb:33:2e:f9:57:b5, 2085-97-39 01:79:14:9362,0.013,1.645,4.209,-635.132,-558.35,100.891,-17.65,43.352,117.944
 14:26:32.341,eb:33:2e:f9:57:b5, 2085-97-189 254:39:18:11912,-0.341,1.983,5.141,-599.365,-556.274,128.967,-21.484,38.469,121.794
 14:26:32.341,eb:33:2e:f9:57:b5, 2085-97-251 251:172:24:14637,-0.595,2.633,6.53,-573.853,-471.802,160.889,-25.131,34.365,126.107
 14:26:32.341,eb:33:2e:f9:57:b5, 2085-97-73 251:87:33:15910,-0.539,3.612,7.572,-554.688,-319.458,184.021,-28.9,31.745,129.968
 14:26:32.343,eb:33:2e:f9:57:b5, 2085-97-127 252:145:42:15110,-0.274,4.735,7.667,-518.188,-152.405,184.448,-32.849,30.817,133.264
 14:26:32.343,eb:33:2e:f9:57:b5, 2085-97-111 255:171:52:13866,0.122,5.934,7.077,-451.355,-58.716,147.888,-36.727,31.047,135.396
 14:26:32.343,eb:33:2e:f9:57:b5, 2085-97-52 02:37:62:11962,0.353,7.214,6.387,-360.901,-51.636,71.655,-40.161,31.344,136.868
 14:26:32.343,eb:33:2e:f9:57:b5, 2085-97-97 03:138:68:10036,0.467,8.225,5.253,-250.671,-86.487,-31.799,-42.869,30.959,137.527
 14:26:32.343,eb:33:2e:f9:57:b5, 2085-97-232 03:129:69:8712,0.421,8.737,4.649,-143.738,-86.731,-142.761,-44.764,29.614,137.697
 14:26:32.346,eb:33:2e:f9:57:b5, 2085-97-38 02:181:61:6288,3.337,8.324,3.611,-54.199,-26.428,-230.103,-46.132,27.839,136.659
 14:26:32.346,eb:33:2e:f9:57:b5, 2085-97-138 30:140:20:11067,3.273,1.398,4.501,1140.991,65.735,-104.065,9.69,23.884,130.204
 14:26:32.346,eb:33:2e:f9:57:b5, 2085-97-12 13:137:26:14859,0.633,2.769,6.838,1359.497,-437.683,-296.57,21.808,22.505,127.474
 14:26:32.346,eb:33:2e:f9:57:b5, 2085-97-182 251:76:14:17022,-2.347,2.446,8.632,1216.125,-879.944,-451.416,32.668,17.831,120.608
 14:26:32.612,eb:33:2e:f9:57:b5, 2085-97-191 232:214:248:6315,-2.519,0.852,5.137,892.639,-579.895,-334.473,41.644,14.464,113.038
 14:26:32.612,eb:33:2e:f9:57:b5, 2085-97-27 235:239:239:11301,-1.707,-3.375,4.12,615.723,14.648,-159.363,47.807,13.744,109.001
 14:26:32.612,eb:33:2e:f9:57:b5, 2085-97-200 244:64:31:5393,0.683,1.787,0.627,507.996,713.501,219.604,54.932,16.837,113.824
 14:26:32.612,eb:33:2e:f9:57:b5, 2085-97-10 13:137:13:13656,1.638,2.066,5.592,307.8,511.536,249.146,59.76,17.902,119.581
 14:26:32.672,eb:33:2e:f9:57:b5, 2085-97-109 13:97:35:8611,2.276,3.286,4.919,372.681,544.373,242.92,64.803,18.43,126.134
 14:26:32.672,eb:33:2e:f9:57:b5, 2085-97-172 20:80:35:10227,2.503,4.493,4.697,451.416,166.26,91.675,69.846,18.259,129.831
 14:26:32.672,eb:33:2e:f9:57:b5, 2085-97-08 19:71:32:11074,2.248,4.311,4.949,510.681,-0.183,-101.624,74.905,18.638,130.556
 14:26:32.672,eb:33:2e:f9:57:b5, 2085-97-110 16:165:23:14464,1.848,3.604,6.255,519.47,-106.689,-280.884,79.772,20.457,129.359
 14:26:32.762,eb:33:2e:f9:57:b5, 2085-97-63 13:173:10:15842,1.498,2.146,7.623,508.362,-86.121,-406.799,84.397,23.802,127.683
 14:26:32.762,eb:33:2e:f9:57:b5, 2085-97-138 10:198:255:14706,1.11,0.602,7.534,480.408,7.202,-457.336,89.077,28.136,126.606
 14:26:32.762,eb:33:2e:f9:57:b5, 2085-97-179 07:117:248:13100,0.894,-0.538,6.755,416.443,100.769,-439.758,93.873,32.651,127.304
 14:26:32.762,eb:33:2e:f9:57:b5, 2085-97-122 06:63:243:11875,0.674,-1.297,6.137,329.529,197.205,-364.197,98.663,36.524,129.122
 14:26:32.765,eb:33:2e:f9:57:b5, 2085-97-120 04:187:239:10783,0.444,-1.839,5.444,244.507,264.709,-255.615,103.425,39.122,132.61
 14:26:32.765,eb:33:2e:f9:57:b5, 2085-97-04 03:162:236:10836,0.38,-2.198,5.202,184.875,280.884,-143.86,107.77,40.32,136.165
 14:26:32.765,eb:33:2e:f9:57:b5, 2085-97-254 03:73:232:11189,0.714,-2.662,5.365,159.241,270.447,-34.668,111.539,40.21,139.702
 14:26:32.765,eb:33:2e:f9:57:b5, 2085-97-107 07:22:228:10878,1.159,-3.275,5.519,174.561,273.132,41.565,114.933,39.128,142.377
 14:26:33.031,eb:33:2e:f9:57:b5, 2085-97-241 10:152:227:9536,1.528,-3.556,5.017,207.214,259.094,85.327,118.312,37.359,144.943
 14:26:33.031,eb:33:2e:f9:57:b5, 2085-97-111 11:228:221:4322,1.104,-3.682,3.994,197.815,309.57,112.183,121.613,35.118,146.948
 14:26:33.031,eb:33:2e:f9:57:b5, 2085-97-94 10:78:204:-7806,1.673,-5.277,-0.677,82.764,282.043,139.404,124.255,32.272,149.337
 14:26:33.031,eb:33:2e:f9:57:b5, 2085-97-116 18:87:196:-5732,2.742,-7.635,-4.43,-231.018,193.604,135.925,124.091,29.795,150.474
 14:26:33.035,eb:33:2e:f9:57:b5, 2085-97-85 22:233:209:1097,0.472,-6.616,-0.271,-405.334,-35.461,36.621,120.608,28.976,150.172
 14:26:33.035,eb:33:2e:f9:57:b5, 2085-97-04 03:98:251:8723,0.246,-0.74,4.454,-759.277,-223.45,-218.14,36.535,43.533,134.824
 14:26:33.035,eb:33:2e:f9:57:b5, 2085-97-06 02:02:250:8485,0.362,-0.611,4.216,-760.071,-235.901,-154.968,26.697,42.506,131.309
 14:26:33.035,eb:33:2e:f9:57:b5, 2085-97-239 03:100:249:7763,0.659,-0.811,3.979,-737.244,-284.851,-65.674,17.688,40.435,129.133
 14:26:33.035,eb:33:2e:f9:57:b5, 2085-97-13 07:99:252:8095,-0.263,-0.77,3.744,-713.745,-324.89,22.278,9.86,37.463,128.128
 14:26:33.035,eb:33:2e:f9:57:b5, 2085-97-119 252:29:24:12923,-0.56,2.733,5.547,-490.967,-690.063,141.418,-17.386,12.92,137.769
 14:26:33.035,eb:33:2e:f9:57:b5, 2085-97-251 250:17:31:14672,-0.624,3.412,6.886,-469.543,-554.077,179.993,-21.775,7.663,141.526
 14:26:33.035,eb:33:2e:f9:57:b5, 2085-97-145 251:147:39:14511,-0.428,4.393,7.206,-459.717,-342.59,193.298,-26.296,4.46,145.3
 14:26:33.038,eb:33:2e:f9:57:b5, 2085-97-249 253:35:50:13211,-0.63,5.555,6.813,-442.505,-147.217,163.452,-30.833,3.351,148.008
 14:26:33.038,eb:33:2e:f9:57:b5, 2085-97-246 248:07:49:6080,-1.185,6.82,3.248,6.409,-47.302,-344.177,-40.732,-4.664,147.557
 14:26:33.038,eb:33:2e:f9:57:b5, 2085-97-79 244:168:37:4402,-0.888,5.458,2.586,78.796,51.331,-330.505,-39.842,-6.828,144.877
 14:26:33.038,eb:33:2e:f9:57:b5, 2085-97-170 02:233:38:14320,-6.978,4.329,2.806,464.966,-137.329,-374.817,-37.48,-8.707,142.443
 14:26:33.040,eb:33:2e:f9:57:b5, 2085-97-179 253:94:79:16042,4.606,5.324,-0.533,972.412,-509.216,-125.305,-29.323,-7.745,139.081
 14:26:33.040,eb:33:2e:f9:57:b5, 2085-97-182 66:54:24:16926,3.52,4.341,5.185,277.161,588.379,-166.199,-23.741,-9.624,138.104
 14:26:33.040,eb:33:2e:f9:57:b5, 2085-97-30 206:29:25:-20718,-4.814,2.489,1.345,364.075,-587.219,-264.038,-19.764,-12.442,137.076
 14:26:33.040,eb:33:2e:f9:57:b5, 2085-97-199 250:214:246:2776,1.533,-2.33,-3.261,132.202,-763.672,-173.279,-18.375,-17.913,136.736
 14:26:33.182,eb:33:2e:f9:57:b5, 2085-97-141 02:179:10:-524,2.238,1.838,3.915,13.916,228.821,66.528,-17.463,-20.956,137.269
 14:26:33.182,eb:33:2e:f9:57:b5, 2085-97-233 14:55:31:11049,1.583,4.339,4.706,470.032,-88.013,-45.593,71.373,-12.755,147.892
 14:26:33.182,eb:33:2e:f9:57:b5, 2085-97-29 11:146:21:14989,1.223,3.331,6.41,502.136,-167.786,-198.303,76.805,-11.898,146.014
 14:26:33.182,eb:33:2e:f9:57:b5, 2085-97-153 08:136:10:16326,0.976,2.021,7.853,522.034,-119.507,-294.495,82.452,-9.778,143.635
 14:26:33.182,eb:33:2e:f9:57:b5, 2085-97-45 07:73:00:15285,0.816,0.637,7.782,528.137,-31.799,-338.501,87.968,-6.652,142.553
 14:26:33.182,eb:33:2e:f9:57:b5, 2085-97-77 06:187:248:13962,0.802,-0.477,7.123,499.573,84.351,-334.839,93.076,-3.301,142.443
 14:26:33.182,eb:33:2e:f9:57:b5, 2085-97-199 06:101:243:12271,0.877,-1.271,6.45,440.735,207.153,-283.142,97.597,-0.33,144.207
 14:26:33.182,eb:33:2e:f9:57:b5, 2085-97-178 06:241:239:9960,0.759,-1.828,5.454,363.953,277.039,-201.843,101.42,1.648,146.651
 14:26:33.242,eb:33:2e:f9:57:b5, 2085-97-63 05:14:238:8471,0.673,-2.134,4.412,287.781,251.587,-120.544,104.535,2.626,149.612
 14:26:33.243,eb:33:2e:f9:57:b5, 2085-97-102 05:20:236:8948,0.675,-2.375,4.26,234.009,173.95,-57.8,107.056,2.933,151.804
 14:26:33.243,eb:33:2e:f9:57:b5, 2085-97-36 06:28:233:9786,0.885,-2.641,4.525,206.787,115.601,-11.658,109.188,2.807,153.265
 14:26:33.243,eb:33:2e:f9:57:b5, 2085-97-03 08:35:231:9803,1.124,-3.026,4.887,194.458,121.216,23.438,111.165,2.357,154.286
 14:26:33.243,eb:33:2e:f9:57:b5, 2085-97-98 09:191:229:7671,1.209,-3.162,4.526,159.729,198.853,50.537,112.906,1.439,155.616
 14:26:33.243,eb:33:2e:f9:57:b5, 2085-97-200 11:213:222:2932,1.735,-3.561,2.658,78.796,246.46,71.655,113.961,-0.071,157.577
 14:26:33.243,eb:33:2e:f9:57:b5, 2085-97-93 15:200:202:-4054,1.874,-5.228,-0.28,-36.621,231.873,49.561,114.027,-1.538,159.478
 14:26:33.243,eb:33:2e:f9:57:b5, 2085-97-247 13:105:196:-6248,1.764,-7.44,-3.24,-240.173,142.151,27.039,112.352,-2.741,161.406
 14:26:33.392,eb:33:2e:f9:57:b5, 2085-97-155 14:125:200:-1382,1.814,-7.179,-1.815,-440.552,-52.246,-5.432,108.847,-2.845,161.433
 14:26:33.392,eb:33:2e:f9:57:b5, 2085-97-112 14:90:211:936,1.836,-6.393,-0.016,-637.024,-25.574,-27.283,103.414,-2.554,161.043
 14:26:33.392,eb:33:2e:f9:57:b5, 2085-97-213 14:34:223:3179,1.866,-4.826,1.032,-828.003,16.113,-65.857,95.944,-2.098,161.125
 14:26:33.392,eb:33:2e:f9:57:b5, 2085-97-54 14:140:233:4803,1.515,-3.382,2.037,-955.872,18.127,-127.258,86.896,-1.115,161.257
 14:26:33.392,eb:33:2e:f9:57:b5, 2085-97-42 11:108:236:6203,0.896,-2.578,2.542,-1031.006,8.606,-196.35,76.888,0.544,161.197
 14:26:33.392,eb:33:2e:f9:57:b5, 2085-97-82 01:101:252:10871,-0.219,-1.805,4.358,-1089.294,146.729,-222.046,66.215,2.752,160.977
 14:26:33.392,eb:33:2e:f9:57:b5, 2085-97-123 255:03:254:12439,0.015,0.06,5.868,-928.711,-308.533,-303.711,56.03,4.708,159.077
 14:26:33.392,eb:33:2e:f9:57:b5, 2085-97-25 01:03:247:9247,0.032,-0.784,5.122,-783.325,-455.444,-288.391,47.335,4.636,154.418
 14:26:33.395,eb:33:2e:f9:57:b5, 2085-97-87 254:223:246:8344,-0.395,-1.187,4.071,-739.258,-428.101,-235.657,39.803,3.098,149.496
 14:26:33.395,eb:33:2e:f9:57:b5, 2085-97-154 251:40:248:10018,-0.596,-1.081,4.513,-729.37,-410.461,-180.115,32.36,0.797,145.673
 14:26:33.395,eb:33:2e:f9:57:b5, 2085-97-237 250:84:249:10159,-0.657,-0.897,5.096,-720.398,-356.14,-114.441,25.362,-1.912,142.608
 14:26:33.395,eb:33:2e:f9:57:b5, 2085-97-77 251:162:251:8624,-0.444,-0.766,4.582,-721.252,-312.073,-51.636,18.276,-4.796,140.938
 14:26:33.603,eb:33:2e:f9:57:b5, 2085-97-117 253:107:01:8567,-0.245,-0.225,4.132,-739.319,-279.724,-3.174,11.135,-7.619,140.021
 14:26:33.603,eb:33:2e:f9:57:b5, 2085-97-28 254:165:07:8538,-0.268,0.594,4.231,-749.756,-247.864,10.498,3.669,-10.283,139.993
 14:26:33.603,eb:33:2e:f9:57:b5, 2085-97-91 253:80:11:7882,-0.43,1.219,4.027,-724.609,-256.104,5.31,-3.757,-12.772,140.136
 14:26:33.603,eb:33:2e:f9:57:b5, 2085-97-26 252:198:13:7882,-0.482,1.572,3.725,-665.161,-315.674,6.348,-10.876,-15.612,140.817
 14:26:33.722,eb:33:2e:f9:57:b5, 2085-97-155 251:199:17:10072,-0.692,1.931,4.331,-582.092,-403.992,20.386,-17.512,-19.105,142.009
 14:26:33.722,eb:33:2e:f9:57:b5, 2085-97-41 249:72:21:12352,-0.948,2.484,5.507,-512.695,-468.506,46.936,-23.868,-23.126,144.36
 14:26:33.722,eb:33:2e:f9:57:b5, 2085-97-142 248:142:23:13702,-0.884,2.799,6.439,-487.305,-437.134,99.67,-30.394,-26.834,147.601
 14:26:33.722,eb:33:2e:f9:57:b5, 2085-97-196 249:151:27:13531,-0.632,3.139,6.674,-491.699,-313.171,160.645,-37.326,-29.136,151.567
 14:26:33.724,eb:33:2e:f9:57:b5, 2085-97-216 251:147:37:13159,-0.441,3.972,6.569,-466.248,-179.016,197.266,-44.105,-29.68,155.105
 14:26:33.724,eb:33:2e:f9:57:b5, 2085-97-34 253:49:49:11587,-0.315,5.47,6.106,-380.92,-117.065,180.481,-49.872,-29.169,158.011
 14:26:33.724,eb:33:2e:f9:57:b5, 2085-97-239 253:253:56:9869,-0.1,6.685,5.173,-261.78,-152.527,116.15,-54.283,-28.762,160.318
 14:26:33.724,eb:33:2e:f9:57:b5, 2085-97-52 01:102:62:8673,0.465,7.486,4.571,-160.217,-163.94,27.161,-57.486,-29.13,162.62
 14:26:33.726,eb:33:2e:f9:57:b5, 2085-97-53 06:86:64:5813,0.948,7.986,3.619,-102.051,-18.433,-74.585,-59.194,-29.855,163.438
 14:26:33.726,eb:33:2e:f9:57:b5, 2085-97-157 06:215:60:3226,0.422,7.961,2.154,-54.565,91.858,-193.542,-59.161,-30.811,162.158
 14:26:33.726,eb:33:2e:f9:57:b5, 2085-97-113 255:136:49:2770,-0.552,6.994,1.283,22.034,5.371,-284.241,-58.057,-32.662,159.988
 14:26:33.726,eb:33:2e:f9:57:b5, 2085-97-98 248:255:33:4583,-1.207,5.26,1.721,128.479,-133.972,-295.227,-56.569,-35.634,159.011
 14:26:33.728,eb:33:2e:f9:57:b5, 2085-97-68 245:98:18:5098,-1.454,3.269,2.569,220.642,-123.291,-231.018,-54.536,-38.628,158.67
 14:26:33.728,eb:33:2e:f9:57:b5, 2085-97-25 244:74:00:2862,0.587,1.078,1.934,306.702,-48.889,-109.436,-51.548,-40.496,158.318
 14:26:33.728,eb:33:2e:f9:57:b5, 2085-97-128 206:130:21:-2046,0.827,1.104,8.363,782.471,86.426,-17.212,-46.829,-41.962,158.527
 14:26:33.728,eb:33:2e:f9:57:b5, 2085-97-65 70:42:49:13051,-0.216,6.762,8.823,1057.373,-36.438,122.07,-37.947,-40.825,160.829
 14:26:33.730,eb:33:2e:f9:57:b5, 2085-97-42 63:184:26:18658,-0.364,4.333,6.668,379.761,1126.221,31.311,-28.444,-34.722,154.797
 14:26:33.730,eb:33:2e:f9:57:b5, 2085-97-111 252:62:250:6886,-0.321,-0.343,4.102,118.591,94.849,37.415,-22.275,-37.798,156.682
 14:26:33.730,eb:33:2e:f9:57:b5, 2085-97-179 00:17:247:8806,0.659,-0.979,3.822,282.104,-165.955,0.366,-20.561,-38.441,157.247
 14:26:33.730,eb:33:2e:f9:57:b5, 2085-97-07 11:25:245:11463,1.807,-1.213,4.496,429.932,-117.004,-22.644,-17.342,-40.04,157.928
 14:26:33.812,eb:33:2e:f9:57:b5, 2085-97-80 09:218:234:11931,1.312,-1.904,7.034,558.289,190.857,-33.997,-11.975,-39.82,157.423
 14:26:33.812,eb:33:2e:f9:57:b5, 2085-97-132 14:128:13:9152,2.553,1.039,5.44,218.933,774.353,131.226,62.781,-41.869,143.146
 14:26:33.813,eb:33:2e:f9:57:b5, 2085-97-43 23:166:33:5875,3.028,3.321,3.486,279.236,628.174,70.557,58.612,-39.095,152.71
 14:26:33.813,eb:33:2e:f9:57:b5, 2085-97-81 25:49:27:6775,2.994,4.016,2.966,353.638,206.97,-104.065,58.623,-36.799,156.945
 14:26:33.816,eb:33:2e:f9:57:b5, 2085-97-235 21:92:17:7413,2.502,2.775,3.3,401.55,-11.414,-274.78,62.743,-34.651,156.522
 14:26:33.816,eb:33:2e:f9:57:b5, 2085-97-247 17:159:07:10218,2.031,1.538,4.378,399.597,-142.273,-396.545,68.472,-32.053,153.232
 14:26:33.816,eb:33:2e:f9:57:b5, 2085-97-06 15:14:255:11168,1.734,0.42,5.343,376.526,-149.658,-457.153,74.328,-28.477,149.744
 14:26:33.816,eb:33:2e:f9:57:b5, 2085-97-170 12:70:246:10820,1.482,-0.669,5.392,327.148,-93.14,-461.121,79.2,-24.406,146.629
 14:26:33.843,eb:33:2e:f9:57:b5, 2085-97-142 11:76:239:10530,1.406,-1.703,5.224,263.489,12.695,-409.363,82.705,-20.187,145.327
 14:26:33.843,eb:33:2e:f9:57:b5, 2085-97-244 10:235:236:9052,1.364,-2.326,4.872,208.252,177.917,-316.04,84.803,-16.589,145.497
 14:26:33.843,eb:33:2e:f9:57:b5, 2085-97-41 11:08:238:7757,1.427,-2.328,4.006,155.334,275.269,-214.6,85.858,-13.771,147.744
 14:26:33.843,eb:33:2e:f9:57:b5, 2085-97-221 11:221:238:7610,1.583,-2.19,3.731,116.272,297.791,-132.446,86.347,-11.931,150.161
 14:26:33.903,eb:33:2e:f9:57:b5, 2085-97-29 14:198:238:7908,1.935,-2.133,3.759,105.042,276.306,-69.153,86.644,-10.761,153.078
 14:26:33.903,eb:33:2e:f9:57:b5, 2085-97-184 16:225:237:7799,2.226,-2.198,3.876,119.629,261.047,-38.818,87.094,-10.058,155.775
 14:26:33.903,eb:33:2e:f9:57:b5, 2085-97-137 18:83:236:6929,2.415,-2.34,3.681,133.362,263.489,-24.231,87.742,-9.586,158.434
 14:26:33.903,eb:33:2e:f9:57:b5, 2085-97-54 20:76:230:3152,2.543,-2.719,2.552,119.385,254.456,-16.602,88.407,-9.256,161.12
 14:26:33.933,eb:33:2e:f9:57:b5, 2085-97-79 17:140:216:-3668,1.79,-4.017,0.262,54.443,174.744,-29.968,88.841,-8.91,163.213
 14:26:33.933,eb:33:2e:f9:57:b5, 2085-97-54 14:11:212:-3622,1.87,-5.602,-2.789,-150.757,18.433,-14.282,88.143,-8.619,164.246
 14:26:33.933,eb:33:2e:f9:57:b5, 2085-97-90 15:236:218:2470,1.786,-4.996,0.038,-340.027,-100.159,-2.319,85.671,-8.608,163.531
 14:26:33.933,eb:33:2e:f9:57:b5, 2085-97-183 12:199:222:2176,1.57,-4.487,1.401,-460.632,-42.847,-0.305,81.727,-8.685,162.839
 14:26:33.962,eb:33:2e:f9:57:b5, 2085-97-176 13:68:233:1853,1.962,-3.53,0.837,-587.036,-32.959,-1.221,76.536,-8.762,162.466
 14:26:33.962,eb:33:2e:f9:57:b5, 2085-97-218 17:157:241:3392,2.348,-2.258,1.216,-703.186,-23.621,-30.884,70.038,-8.712,162.169
 14:26:33.962,eb:33:2e:f9:57:b5, 2085-97-138 16:76:246:3663,1.686,-1.441,1.969,-760.071,8.24,-95.703,62.759,-8.174,161.741
 14:26:33.962,eb:33:2e:f9:57:b5, 2085-97-46 12:202:246:3634,1.78,-1.185,1.595,-783.752,-51.819,-167.664,55.151,-7.405,160.472
 14:26:34.022,eb:33:2e:f9:57:b5, 2085-97-185 12:165:254:6818,0.865,-0.775,2.762,-804.932,-91.797,-217.957,47.642,-6.559,158.335
 14:26:34.022,eb:33:2e:f9:57:b5, 2085-97-29 05:187:254:7069,0.721,0.06,3.022,-787.903,-180.481,-273.376,39.968,-5.471,156.028
 14:26:34.022,eb:33:2e:f9:57:b5, 2085-97-122 04:59:251:8012,0.308,-0.423,4.05,-718.506,-374.329,-294.067,33.239,-6.443,151.721
 14:26:34.022,eb:33:2e:f9:57:b5, 2085-97-159 00:120:248:8153,-0.134,-0.748,3.787,-693.542,-420.593,-263.794,26.895,-8.943,147.464
 14:26:34.053,eb:33:2e:f9:57:b5, 2085-97-52 253:198:245:9552,-0.464,-1.13,4.366,-693.665,-419.861,-189.27,20.929,-12.008,143.602
 14:26:34.053,eb:33:2e:f9:57:b5, 2085-97-203 252:222:243:10272,-0.321,-1.455,4.91,-689.392,-372.559,-68.604,14.744,-15.573,141.251
 14:26:34.053,eb:33:2e:f9:57:b5, 2085-97-158 253:165:247:9334,-0.248,-1.373,4.839,-684.509,-277.771,48.95,8.113,-18.715,140.598
 14:26:34.053,eb:33:2e:f9:57:b5, 2085-97-49 255:248:254:9680,0.072,-0.616,4.538,-681.519,-260.437,138.672,0.89,-21.429,141.663
 14:26:34.144,eb:33:2e:f9:57:b5, 2085-97-232 00:109:06:9521,0.1,0.364,4.806,-648.01,-276.55,190.125,-6.724,-23.978,143.784
 14:26:34.144,eb:33:2e:f9:57:b5, 2085-97-250 00:48:13:9782,0.091,1.225,4.597,-587.585,-362.61,202.026,-14.359,-26.713,146.904
 14:26:34.144,eb:33:2e:f9:57:b5, 2085-113-81 00:151:37:7450,-0.021,2.059,4.919,-533.447,-414.978,191.223,-21.934,-29.811,150.672
 14:26:34.144,eb:33:2e:f9:57:b5, 2085-97-120 254:220:20:10578,-0.381,2.384,4.981,-515.747,-425.11,179.138,-25.735,-31.333,152.77
 14:26:34.147,eb:33:2e:f9:57:b5, 2085-97-172 251:183:24:12472,-0.697,2.82,5.58,-503.906,-410.156,152.405,-33.492,-34.156,157.363
 14:26:34.147,eb:33:2e:f9:57:b5, 2085-97-40 249:202:29:13221,-0.955,3.402,6.404,-507.568,-301.453,135.864,-41.259,-36.057,161.653
 14:26:34.147,eb:33:2e:f9:57:b5, 2085-97-02 248:59:36:12702,-1.019,4.078,6.384,-502.258,-194.153,117.126,-48.554,-36.837,165.207
 14:26:34.147,eb:33:2e:f9:57:b5, 2085-97-92 247:36:45:11386,-1.151,5.08,5.924,-458.496,-127.075,80.444,-54.954,-36.969,167.613
 14:26:34.442,eb:33:2e:f9:57:b5, 2085-97-144 246:102:53:10115,-1.099,6.162,5.226,-373.596,-121.521,14.587,-60.222,-37.222,169.453
 14:26:34.442,eb:33:2e:f9:57:b5, 2085-97-170 248:201:59:8823,-0.733,7.146,4.661,-276.794,-80.322,-69.519,-64.133,-37.963,170.53
 14:26:34.442,eb:33:2e:f9:57:b5, 2085-97-222 250:54:60:6667,-0.781,7.588,3.805,-203.857,10.681,-165.405,-66.292,-39.221,170.398
 14:26:34.442,eb:33:2e:f9:57:b5, 2085-97-215 246:108:55:5120,-1.631,7.3,2.757,-147.766,50.171,-249.329,-66.879,-41.05,168.745
 14:26:34.532,eb:33:2e:f9:57:b5, 2085-97-56 239:117:47:5658,-2.46,6.479,2.535,-67.749,-2.869,-281.067,-66.654,-43.506,167.091
 14:26:34.532,eb:33:2e:f9:57:b5, 2085-97-55 235:126:37:6716,-2.528,5.327,3.016,29.175,-4.15,-244.812,-65.759,-46.005,165.712
 14:26:34.532,eb:33:2e:f9:57:b5, 2085-97-175 237:145:25:6304,-2.943,4.059,3.383,111.877,94.727,-166.748,-63.479,-47.708,163.894
 14:26:34.532,eb:33:2e:f9:57:b5, 2085-97-18 221:83:45:-10148,-3.11,3.573,7.705,725.769,527.527,12.329,-56.904,-47.873,160.455
 14:26:34.532,eb:33:2e:f9:57:b5, 2085-97-232 221:147:07:19522,0.51,8.381,-6.487,1273.376,-1167.847,-83.435,-50.532,-48.301,164.751
 14:26:34.532,eb:33:2e:f9:57:b5, 2085-97-111 15:137:34:10460,2.909,9.935,8.103,686.035,-337.219,176.331,-48.807,-49.796,175.199
 14:26:34.532,eb:33:2e:f9:57:b5, 2085-97-170 20:48:58:-7372,2.114,-4.309,7.56,451.05,643.005,343.567,-46.78,-50.416,178.506
 14:26:34.532,eb:33:2e:f9:57:b5, 2085-97-80 13:154:246:6051,0.047,-2.125,3.804,59.998,-257.141,-156.372,-44.275,-50.537,177.017
 14:26:34.536,eb:33:2e:f9:57:b5, 2085-97-89 252:143:30:-4964,-0.198,-1.328,1.372,94.238,510.132,111.694,-40.336,-48.076,173.145
 14:26:34.536,eb:33:2e:f9:57:b5, 2085-97-185 253:204:03:058,0.972,-1.556,1.774,39.612,30.518,-25.085,-38.925,-47.142,171.656
 14:26:34.536,eb:33:2e:f9:57:b5, 2085-97-41 03:80:255:1416,0.924,0.02,2.022,16.602,51.758,-22.888,-38.804,-47.252,171.826
 14:26:34.536,eb:33:2e:f9:57:b5, 2085-97-208 255:59:255:1876,0.469,0.168,1.73,22.461,123.657,-48.462,-37.974,-47.203,171.002
 14:26:34.593,eb:33:2e:f9:57:b5, 2085-97-89 04:97:255:4303,-0.484,-0.156,1.389,40.039,91.431,-60.791,-36.332,-46.824,169.376
 14:26:34.593,eb:33:2e:f9:57:b5, 2085-97-239 251:252:251:3594,0.398,-0.433,1.162,48.584,176.086,-34.607,-34.156,-45.626,167.13
 14:26:34.593,eb:33:2e:f9:57:b5, 2085-97-34 09:237:02:5460,0.757,-0.108,2.741,71.167,138.794,-43.945,-32.399,-44.824,165.696
 14:26:34.593,eb:33:2e:f9:57:b5, 2085-97-34 07:207:249:8565,0.939,-0.569,3.65,133.484,223.938,-61.035,-29.691,-43.544,163.422
 14:26:34.596,eb:33:2e:f9:57:b5, 2085-97-115 09:130:252:7168,1.083,-0.691,3.542,209.045,315.979,-39.917,-26.043,-41.155,160.851
 14:26:34.596,eb:33:2e:f9:57:b5, 2085-97-31 15:68:30:5157,2.603,-0.988,4.419,308.105,385.864,-52.979,-21.599,-38.37,158.242
 14:26:34.596,eb:33:2e:f9:57:b5, 2085-97-25 25:36:10:8727,2.315,2.603,3.099,419.678,-11.536,-137.939,50.499,-10.256,163.548
 14:26:34.596,eb:33:2e:f9:57:b5, 2085-97-01 12:48:252:6647,1.181,0.288,3.679,431.946,7.202,-288.574,55.157,-8.383,162.241
 14:26:34.652,eb:33:2e:f9:57:b5, 2085-97-69 08:72:240:8101,0.882,-1.264,3.659,339.233,-116.455,-376.343,59.562,-6.268,159.082
 14:26:34.652,eb:33:2e:f9:57:b5, 2085-97-230 09:23:230:5812,1.483,-2.603,3.949,194.641,-38.208,-370.605,62.589,-3.378,156.456
 14:26:34.652,eb:33:2e:f9:57:b5, 2085-97-228 13:34:228:4453,1.967,-3.312,2.5,-162.292,274.231,18.494,60.612,7.322,160.922
 14:26:34.652,eb:33:2e:f9:57:b5, 2085-97-255 16:83:223:2254,2.26,-3.785,1.777,-216.431,257.08,39.673,58.876,8.421,163.339
 14:26:34.655,eb:33:2e:f9:57:b5, 2085-97-126 19:231:224:-337,2.668,-4.167,0.306,-311.768,217.712,44.739,56.426,9.382,165.608
 14:26:34.655,eb:33:2e:f9:57:b5, 2085-97-62 23:194:231:459,3.082,-3.419,-0.108,-441.467,128.235,21.79,52.745,10.096,167.173
 14:26:34.655,eb:33:2e:f9:57:b5, 2085-97-176 24:253:233:1350,2.981,-2.848,0.547,-524.048,71.472,-35.889,47.895,10.778,167.866
 14:26:34.655,eb:33:2e:f9:57:b5, 2085-97-25 23:154:235:1664,2.822,-2.655,0.685,-577.637,-30.334,-102.417,42.325,11.404,167.448
 14:26:34.683,eb:33:2e:f9:57:b5, 2085-97-239 21:45:238:2501,2.688,-2.41,1.022,-669.189,-85.999,-135.315,35.42,11.975,166.443
 14:26:34.683,eb:33:2e:f9:57:b5, 2085-97-195 21:63:242:3589,2.756,-1.986,1.437,-759.521,-121.155,-147.339,27.96,11.81,164.68
 14:26:34.683,eb:33:2e:f9:57:b5, 2085-97-11 22:113:246:6435,2.305,-1.522,2.181,-811.279,-140.076,-158.936,19.638,11.041,162.916
 14:26:34.683,eb:33:2e:f9:57:b5, 2085-97-144 13:04:01:7444,1.4,-0.394,3.831,-807.922,-34.79,-163.635,11.261,10.745,161.175
 14:26:34.742,eb:33:2e:f9:57:b5, 2085-97-204 11:229:250:8196,1.426,-0.068,3.604,-708.557,-382.935,-179.016,3.455,8.8,159.39
 14:26:34.742,eb:33:2e:f9:57:b5, 2085-97-173 09:51:247:8446,0.977,-0.993,4.157,-650.696,-499.634,-121.826,-3.301,4.054,157.972
 14:26:34.742,eb:33:2e:f9:57:b5, 2085-97-252 05:165:246:9526,0.619,-1.126,4.322,-650.513,-493.103,-31.494,-9.805,-1.016,158.049
 14:26:34.742,eb:33:2e:f9:57:b5, 2085-97-58 05:19:247:10734,0.747,-1.191,4.986,-648.193,-463.684,69.214,-16.507,-5.559,159.472
 14:26:34.744,eb:33:2e:f9:57:b5, 2085-97-228 05:80:252:10763,0.654,-0.868,5.326,-644.47,-410.889,160.461,-23.516,-9.218,162.35
 14:26:34.744,eb:33:2e:f9:57:b5, 2085-97-108 05:34:04:11387,0.735,0.005,5.253,-656.494,-378.113,226.929,-30.97,-11.651,166.058
 14:26:34.744,eb:33:2e:f9:57:b5, 2085-97-45 05:210:15:13377,0.51,1.14,6.096,-640.686,-399.78,259.155,-38.765,-13.359,170.678
 14:26:34.744,eb:33:2e:f9:57:b5, 2085-97-56 03:92:24:13644,0.313,2.604,6.628,-600.22,-433.533,252.258,-46.494,-14.601,175.688
 14:26:34.893,eb:33:2e:f9:57:b5, 2085-97-119 01:224:30:15468,-0.049,3.395,6.966,-562.683,-429.199,233.948,-53.998,-15.419,-178.989
 14:26:34.893,eb:33:2e:f9:57:b5, 2085-97-23 253:229:42:16632,-0.529,4.561,8.039,-514.893,-329.59,198.12,-60.936,-15.557,-174.331
 14:26:34.893,eb:33:2e:f9:57:b5, 2085-97-81 251:199:52:15437,-0.676,6.065,7.947,-461.609,-212.158,122.009,-66.879,-15.244,-170.936
 14:26:34.893,eb:33:2e:f9:57:b5, 2085-97-208 249:70:58:12922,-0.82,6.981,6.911,-401.978,-109.07,17.273,-71.741,-15.106,-169.25
 14:26:34.893,eb:33:2e:f9:57:b5, 2085-97-141 249:38:64:10967,-0.753,7.613,5.845,-319.458,-97.046,-104.797,-75.624,-15.848,-168.217
 14:26:34.893,eb:33:2e:f9:57:b5, 2085-97-55 250:80:68:8137,-0.72,8.422,4.702,-227.051,-49.561,-226.379,-78.437,-17.677,-167.822
 14:26:34.893,eb:33:2e:f9:57:b5, 2085-97-53 248:209:61:6175,-1.468,8.241,3.44,-148.499,-23.438,-335.327,-80.206,-20.588,-167.838
 14:26:34.894,eb:33:2e:f9:57:b5, 2085-97-236 239:119:50:5846,-2.412,7.092,2.775,-60.364,-31.677,-377.93,-81.09,-24.247,-168.162
 14:26:34.896,eb:33:2e:f9:57:b5, 2085-97-172 234:231:36:6445,-2.795,5.443,3.098,49.866,-49.622,-331.97,-81.09,-27.878,-168.036
 14:26:34.896,eb:33:2e:f9:57:b5, 2085-97-110 233:218:23:5409,-2.812,3.811,2.954,140.503,1.77,-223.022,-79.969,-30.635,-168.217
 14:26:34.896,eb:33:2e:f9:57:b5, 2085-97-62 233:113:10:4513,-3.639,2.17,2.206,212.83,40.955,-97.839,-77.778,-32.102,-168.755
 14:26:34.896,eb:33:2e:f9:57:b5, 2085-97-51 205:215:33:-10548,-1.688,3.609,5.096,689.941,140.991,206.97,-72.993,-32.075,-168.492
 14:26:34.899,eb:33:2e:f9:57:b5, 2085-97-115 233:08:51:22960,2.269,7.001,1.85,1213.44,-927.368,159.912,-68.115,-32.272,-160.741
 14:26:34.899,eb:33:2e:f9:57:b5, 2085-97-101 29:158:23:10113,6.555,11.435,5.646,535.034,-750.549,-249.878,-63.347,-34.036,-154.05
 14:26:34.899,eb:33:2e:f9:57:b5, 2085-97-106 19:35:01:-4203,2.282,2.909,6.197,267.517,150.33,-31.128,-60.128,-35.771,-152.507
 14:26:34.899,eb:33:2e:f9:57:b5, 2085-97-193 01:195:233:4729,-1.633,-1.328,4.204,35.461,243.347,-85.938,-60.309,-38.221,-151.353
 14:26:34.982,eb:33:2e:f9:57:b5, 2085-97-92 251:135:248:2217,-0.952,3.207,-2.961,14.16,188.538,-61.523,-55.349,-35.381,-157.874
 14:26:34.982,eb:33:2e:f9:57:b5, 2085-97-54 10:206:05:3847,0.414,-0.406,-0.038,21.545,-89.6,2.686,-54.899,-35.997,-158.099
 14:26:34.982,eb:33:2e:f9:57:b5, 2085-97-24 08:127:01:3241,0.54,-0.141,0.717,22.949,-23.193,-65.125,-54.695,-36.623,-158.038
 14:26:34.982,eb:33:2e:f9:57:b5, 2085-97-185 03:158:254:2707,0.572,0.007,1.363,33.325,123.047,-95.52,-53.514,-36.969,-159.384
 14:26:34.984,eb:33:2e:f9:57:b5, 2085-97-202 00:38:255:2488,0,-0.093,1.849,49.622,216.858,-69.702,-51.625,-36.749,-161.521
 14:26:34.984,eb:33:2e:f9:57:b5, 2085-97-76 02:169:253:4169,0.243,-0.265,1.314,56.213,208.984,-45.654,-49.263,-35.777,-164.383
 14:26:34.984,eb:33:2e:f9:57:b5, 2085-97-177 01:22:255:4404,0.271,-0.133,2.284,66.04,333.435,-15.259,-46.802,-34.096,-167.272
 14:26:34.984,eb:33:2e:f9:57:b5, 2085-97-108 03:89:252:5881,0.781,-0.042,2.214,120.544,233.521,-38.818,-44.094,-32.228,-170.244
 14:26:35.013,eb:33:2e:f9:57:b5, 2085-97-177 07:186:251:8885,0.938,-0.494,3.78,226.379,133.911,-41.199,-41.336,-31.404,-171.81
 14:26:35.013,eb:33:2e:f9:57:b5, 2085-97-18 06:137:247:9812,0.697,-0.75,4.245,307.983,311.584,-41.138,-37.354,-29.861,-174.034
 14:26:35.013,eb:33:2e:f9:57:b5, 2085-97-46 03:208:239:9718,0.204,-1.733,5.315,413.391,533.63,-8.789,-32.036,-26.647,-177.138
 14:26:35.015,eb:33:2e:f9:57:b5, 2085-97-72 04:117:237:7405,0.847,-2.157,3.926,548.523,469.299,32.043,-25.785,-21.835,179.945
 14:26:35.073,eb:33:2e:f9:57:b5, 2085-97-234 07:26:239:7985,1.198,-2.278,3.649,680.298,347.961,45.593,-18.995,-17.996,178.654
 14:26:35.073,eb:33:2e:f9:57:b5, 2085-97-64 11:54:253:10354,1.678,-1.417,4.504,828.369,229.614,22.888,-11.234,-15.276,178.198
 14:26:35.073,eb:33:2e:f9:57:b5, 2085-97-158 10:69:11:9066,0.588,0.214,4.97,934.082,55.786,-52.612,-2.148,-13.832,177.797
 14:26:35.073,eb:33:2e:f9:57:b5, 2085-97-136 03:70:21:10951,0.698,1.916,4.312,951.477,-386.108,-131.836,7.679,-15.194,176.666
 14:26:35.103,eb:33:2e:f9:57:b5, 2085-97-211 254:195:13:9429,-2.241,2.215,5.566,838.745,-527.405,-205.078,17.913,-19.962,173.644
 14:26:35.103,eb:33:2e:f9:57:b5, 2085-97-129 238:253:238:6816,-1.875,-0.031,2.665,473.267,-240.601,-129.761,25.889,-22.709,170.387
 14:26:35.103,eb:33:2e:f9:57:b5, 2085-97-139 02:213:242:8540,-0.171,-3.663,5.645,355.164,508.789,110.352,29.312,-21.616,170.755
 14:26:35.103,eb:33:2e:f9:57:b5, 2085-97-187 06:217:19:502,3.036,1.26,1.322,265.198,1086.975,410.095,29.866,-14.843,178.627
 14:26:35.134,eb:33:2e:f9:57:b5, 2085-97-183 31:02:28:9724,3.039,2.544,3.702,247.253,457.336,350.22,30.141,-10.651,-174.655
 14:26:35.134,eb:33:2e:f9:57:b5, 2085-97-141 20:22:39:3180,2.964,4.787,2.545,376.892,406.494,212.769,32.135,-7.723,-169.552
 14:26:35.134,eb:33:2e:f9:57:b5, 2085-97-211 22:12:27:6284,2.303,4.068,2.461,500.549,-148.438,-26.55,36.376,-7.603,-168.777
 14:26:35.134,eb:33:2e:f9:57:b5, 2085-97-54 16:180:19:9202,1.781,2.993,3.378,532.471,-361.389,-246.765,42.237,-8.646,-171.541
 14:26:35.222,eb:33:2e:f9:57:b5, 2085-97-165 11:160:06:12589,1.137,1.684,5.621,457.581,-394.531,-417.053,47.867,-9.465,-177.358
 14:26:35.222,eb:33:2e:f9:57:b5, 2085-97-62 07:104:249:12568,0.728,-0.032,6.233,347.29,-251.831,-487.549,53.08,-8.02,177.072
 14:26:35.222,eb:33:2e:f9:57:b5, 2085-97-101 04:134:240:11442,0.434,-1.473,5.934,252.808,-106.567,-472.046,56.827,-5.125,172.744
 14:26:35.222,eb:33:2e:f9:57:b5, 2085-97-88 03:161:236:10170,0.446,-2.237,5.232,177.917,25.818,-400.146,59.282,-1.653,170.079
 14:26:35.224,eb:33:2e:f9:57:b5, 2085-97-194 03:52:235:9352,0.494,-2.538,4.752,118.347,153.076,-302.307,60.798,1.824,169.113
 14:26:35.224,eb:33:2e:f9:57:b5, 2085-97-102 04:201:234:8771,0.67,-2.633,4.408,81.055,244.08,-199.341,61.754,4.966,169.684
 14:26:35.224,eb:33:2e:f9:57:b5, 2085-97-240 06:81:235:8113,1.057,-2.635,4.142,66.406,287.964,-110.046,62.54,7.581,171.332
 14:26:35.224,eb:33:2e:f9:57:b5, 2085-97-00 10:204:235:6927,1.403,-2.532,3.664,53.345,314.575,-42.114,63.336,9.646,173.688
 14:26:35.311,eb:33:2e:f9:57:b5, 2085-97-221 11:32:234:5346,1.617,-2.584,3.053,28.015,332.764,7.812,64.056,11.266,176.528
 14:26:35.311,eb:33:2e:f9:57:b5, 2085-97-96 13:68:228:3087,1.617,-3.044,2.201,-0.244,296.448,34.79,64.589,12.464,179.467
 14:26:35.311,eb:33:2e:f9:57:b5, 2085-97-164 12:78:221:-1582,1.703,-3.99,0.166,-71.228,225.525,52.368,64.693,13.26,-177.913
 14:26:35.311,eb:33:2e:f9:57:b5, 2085-97-23 16:186:221:-1121,2.278,-4.476,-0.979,-226.685,131.531,69.031,63.474,13.475,-176.089
 14:26:35.342,eb:33:2e:f9:57:b5, 2085-97-92 19:58:228:340,2.418,-3.843,-0.107,-384.644,97.717,52.551,60.518,13.442,-174.798
 14:26:35.342,eb:33:2e:f9:57:b5, 2085-97-117 18:179:233:720,2.281,-3.189,0.303,-515.808,52.124,5.249,56.08,13.618,-174.018
 14:26:35.342,eb:33:2e:f9:57:b5, 2085-97-175 18:203:242:1220,2.42,-2.249,0.46,-657.166,49.194,-34.973,50.032,14.502,-173.199
 14:26:35.342,eb:33:2e:f9:57:b5, 2085-97-06 20:99:249:2370,2.427,-1.167,0.814,-763.794,45.959,-80.261,42.808,15.282,-173.232
 14:26:35.342,eb:33:2e:f9:57:b5, 2085-97-121 17:146:252:3224,2.08,-0.605,1.432,-803.772,44.861,-135.925,34.321,16.304,-173.71
 14:26:35.342,eb:33:2e:f9:57:b5, 2085-97-102 14:140:04:4111,1.482,-0.006,2.045,-803.65,67.444,-180.847,25.999,17.479,-174.968
 14:26:35.342,eb:33:2e:f9:57:b5, 2085-97-122 11:218:03:3947,1.405,0.744,1.734,-755.554,-107.239,-231.934,17.682,18.276,-176.814
 14:26:35.342,eb:33:2e:f9:57:b5, 2085-97-25 10:223:254:4712,1.075,0.103,2.226,-698.975,-297.913,-241.333,9.778,16.501,-179.753
 14:26:35.402,eb:33:2e:f9:57:b5, 2085-97-199 06:203:252:5263,0.606,-0.272,2.384,-675.842,-347.717,-201.782,2.444,13.381,177.781
 14:26:35.402,eb:33:2e:f9:57:b5, 2085-97-84 03:143:250:6481,0.314,-0.549,2.856,-655.029,-366.516,-128.479,-4.411,9.745,176.27
 14:26:35.402,eb:33:2e:f9:57:b5, 2085-97-174 02:89:250:7402,0.466,-0.742,3.408,-625.122,-377.197,-33.081,-10.822,5.933,176.16
 14:26:35.402,eb:33:2e:f9:57:b5, 2085-97-143 04:254:252:7400,0.638,-0.583,3.733,-607.3,-343.384,66.711,-16.957,2.477,177.325
 14:26:35.492,eb:33:2e:f9:57:b5, 2085-97-222 05:243:01:7174,0.824,-0.098,3.437,-612.549,-298.645,144.714,-23.159,-0.027,179.577
 14:26:35.492,eb:33:2e:f9:57:b5, 2085-97-199 06:00:08:7667,0.811,0.63,3.676,-613.708,-303.528,191.833,-29.564,-1.873,-177.49
 14:26:35.492,eb:33:2e:f9:57:b5, 2085-97-255 06:66:13:7462,0.967,1.314,3.609,-582.336,-347.046,214.111,-35.98,-3.378,-173.897
 14:26:35.492,eb:33:2e:f9:57:b5, 2085-97-176 07:171:20:8094,0.847,2.098,3.817,-522.705,-413.147,213.379,-42.083,-4.916,-169.706
 14:26:35.496,eb:33:2e:f9:57:b5, 2085-97-212 05:202:23:8503,0.625,2.833,3.981,-457.397,-493.958,186.523,-47.736,-6.641,-164.899
 14:26:35.496,eb:33:2e:f9:57:b5, 2085-97-223 03:30:26:10232,0.288,3.102,4.542,-424.194,-537.231,166.687,-53.168,-8.525,-159.593
 14:26:35.496,eb:33:2e:f9:57:b5, 2085-97-160 00:61:29:11356,-0.072,3.452,5.357,-413.757,-494.568,161.987,-58.59,-9.981,-154.144
 14:26:35.496,eb:33:2e:f9:57:b5, 2085-97-229 254:54:33:11091,-0.17,3.875,5.556,-401.489,-401.428,157.288,-63.869,-10.618,-149.315
 14:26:35.496,eb:33:2e:f9:57:b5, 2085-97-40 254:184:39:9578,-0.317,4.519,5.11,-373.108,-301.147,136.353,-68.725,-10.574,-145.377
 14:26:35.496,eb:33:2e:f9:57:b5, 2085-97-172 252:163:46:7842,-0.463,5.421,4.217,-307.556,-266.602,84.473,-72.894,-10.366,-142.328
 14:26:35.496,eb:33:2e:f9:57:b5, 2085-97-73 252:00:52:7074,-0.397,6.19,3.617,-213.135,-291.138,1.77,-76.185,-10.651,-139.345
 14:26:35.496,eb:33:2e:f9:57:b5, 2085-97-153 253:77:54:6121,-0.205,6.713,3.244,-135.803,-250.305,-100.586,-78.563,-11.722,-136.648
 14:26:35.642,eb:33:2e:f9:57:b5, 2085-97-117 254:231:51:5174,-0.273,6.697,2.76,-107.117,-153.503,-214.172,-80.228,-13.656,-134.78
 14:26:35.642,eb:33:2e:f9:57:b5, 2085-97-162 252:22:47:4629,-0.6,6.204,2.362,-100.403,-36.072,-312.5,-81.431,-16.458,-134.264
 14:26:35.642,eb:33:2e:f9:57:b5, 2085-97-204 249:21:41:4184,-0.966,5.549,2.132,-63.477,29.785,-370.544,-82.057,-19.902,-134.731
 14:26:35.642,eb:33:2e:f9:57:b5, 2085-97-234 246:93:31:4264,-1.286,4.595,2.012,12.207,24.048,-378.418,-81.936,-23.637,-135.566
 14:26:35.646,eb:33:2e:f9:57:b5, 2085-97-79 244:71:18:4034,-1.656,3.144,2.124,104.309,20.142,-330.444,-80.953,-27.147,-136.23
 14:26:35.646,eb:33:2e:f9:57:b5, 2085-97-159 241:242:02:3348,-1.598,1.358,1.72,207.764,-2.014,-229.553,-78.997,-29.888,-136.884
 14:26:35.646,eb:33:2e:f9:57:b5, 2085-97-33 193:08:29:-4570,-1.016,-0.631,9.763,674.316,536.438,-10.803,-74.416,-31.915,-137.054
 14:26:35.646,eb:33:2e:f9:57:b5, 2085-97-141 02:71:68:16395,4.344,6.656,7.66,679.138,-607.666,173.096,-67.154,-31.965,-135.511
 14:26:35.646,eb:33:2e:f9:57:b5, 2085-97-57 56:154:45:10648,-4.706,2.333,7.589,202.209,947.144,285.4,-62.611,-28.998,-137.642
 14:26:35.646,eb:33:2e:f9:57:b5, 2085-97-68 225:243:245:-2073,-1.229,-0.015,-6.567,67.871,-156.494,-226.196,-60.359,-29.509,-138.45
 14:26:35.646,eb:33:2e:f9:57:b5, 2085-97-24 251:193:20:-2379,1.175,-1.784,1.107,93.018,65.613,21.24,-59.892,-31.069,-138.016
 14:26:35.647,eb:33:2e:f9:57:b5, 2085-97-159 251:162:08:-3158,2.146,-1.056,3.424,28.259,-46.387,28.992,-60.485,-31.432,-136.604
 14:26:35.702,eb:33:2e:f9:57:b5, 2085-97-243 01:95:01:709,0.468,0.008,3.901,4.761,78.674,-2.441,-60.93,-31.696,-135.687
 14:26:35.702,eb:33:2e:f9:57:b5, 2085-97-242 04:218:255:3402,-0.122,-0.05,1.278,9.888,48.767,-35.889,-60.359,-31.679,-136.538
 14:26:35.702,eb:33:2e:f9:57:b5, 2085-97-222 253:240:255:1107,0.165,-0.075,0.922,22.949,133.606,-38.391,-59.255,-31.432,-138.115
 14:26:35.702,eb:33:2e:f9:57:b5, 2085-97-198 00:166:254:2518,0.294,-0.206,1.392,23.56,93.262,-21.912,-58.464,-31.333,-139.136
 14:26:35.733,eb:33:2e:f9:57:b5, 2085-97-218 04:82:254:4857,0.134,-0.075,1.337,26.855,119.751,-9.155,-57.475,-30.899,-140.372
 14:26:35.733,eb:33:2e:f9:57:b5, 2085-97-32 251:144:250:5441,-0.417,-0.501,3.232,50.293,397.888,14.771,-55.668,-29.52,-142.905
 14:26:35.733,eb:33:2e:f9:57:b5, 2085-97-107 255:67:253:5322,0.178,-0.302,1.295,126.892,149.353,49.805,-53.124,-26.906,-146.245
 14:26:35.733,eb:33:2e:f9:57:b5, 2085-97-136 05:120:248:10309,1.662,-0.929,4.179,256.592,-26.611,9.094,-51.284,-27.087,-145.783
 14:26:35.792,eb:33:2e:f9:57:b5, 2085-97-192 12:73:240:14225,0.979,-1.26,6.83,390.137,144.104,-27.466,-47.9,-27.048,-146.036
 14:26:35.792,eb:33:2e:f9:57:b5, 2085-97-118 12:82:239:8619,1.909,-2.074,4.952,564.514,325.317,-23.315,-41.649,-24.961,-148.793
 14:26:35.792,eb:33:2e:f9:57:b5, 2085-97-86 14:134:239:6749,1.793,-2.048,3.691,680.603,385.132,-22.827,-34.041,-22.302,-151.562
 14:26:35.792,eb:33:2e:f9:57:b5, 2085-97-86 14:45:249:8481,1.646,-1.839,3.406,829.834,261.353,-64.392,-25.51,-19.764,-153.836
 14:26:35.794,eb:33:2e:f9:57:b5, 2085-97-42 12:24:07:11326,0.994,0.372,5.173,1006.348,5.127,-131.104,-15.568,-18.759,-155.473
 14:26:35.794,eb:33:2e:f9:57:b5, 2085-97-75 05:69:16:8911,-0.156,1.787,4.805,1046.753,-368.591,-196.899,-4.57,-20.934,-156.929
 14:26:35.794,eb:33:2e:f9:57:b5, 2085-97-168 248:255:14:9425,-1.842,2.267,4.45,940.43,-607.544,-260.62,6.757,-26.444,-159.741
 14:26:35.794,eb:33:2e:f9:57:b5, 2085-97-14 238:219:246:6930,-1.924,0.374,4.227,703.064,-347.229,-187.805,16.968,-30.817,-163.493
 14:26:35.822,eb:33:2e:f9:57:b5, 2085-97-85 237:228:228:11229,-0.412,-2.547,3.241,503.418,111.938,-16.357,23.428,-31.432,-165.053
 14:26:35.822,eb:33:2e:f9:57:b5, 2085-97-182 251:07:26:1783,1.297,0.25,1.271,568.848,809.998,296.692,26.933,-27.213,-160.889
 14:26:35.822,eb:33:2e:f9:57:b5, 2085-97-113 20:31:12:9500,2.541,2.789,2.295,328.674,341.919,263.672,28.07,-23.362,-155.336
 14:26:35.822,eb:33:2e:f9:57:b5, 2085-97-241 20:228:32:3445,3.046,2.42,3.032,336.731,531.738,222.29,29.224,-20.314,-150.43
 14:26:35.882,eb:33:2e:f9:57:b5, 2085-97-102 26:144:36:5214,3.202,4.784,1.744,325.012,140.991,31.128,31.19,-17.776,-147.673
 14:26:35.882,eb:33:2e:f9:57:b5, 2085-97-133 23:255:26:7612,2.771,4.005,3.151,352.966,-140.32,-197.754,34.986,-17.534,-148.749
 14:26:35.882,eb:33:2e:f9:57:b5, 2085-97-196 20:112:15:11158,2.343,2.703,4.554,362.488,-290.71,-392.578,39.946,-17.485,-153.215
 14:26:35.882,eb:33:2e:f9:57:b5, 2085-97-184 16:205:03:12495,1.906,1.154,5.994,352.234,-249.939,-513.306,45.588,-16.49,-158.923
 14:26:36.062,eb:33:2e:f9:57:b5, 2085-97-47 14:218:250:11249,1.603,-0.107,5.853,322.815,-141.357,-556.396,50.394,-13.969,-164.718
 14:26:36.062,eb:33:2e:f9:57:b5, 2085-97-118 11:188:243:9874,1.33,-1.133,5.121,260.62,-46.814,-535.339,54.509,-10.239,-169.014
 14:26:36.062,eb:33:2e:f9:57:b5, 2085-97-140 09:41:239:9083,1.058,-1.85,4.66,184.692,55.42,-461.06,57.327,-6.141,-171.914
 14:26:36.063,eb:33:2e:f9:57:b5, 2085-97-246 07:46:237:8190,0.972,-2.269,4.157,114.319,169.312,-350.647,58.953,-2.12,-173.095
 14:26:36.063,eb:33:2e:f9:57:b5, 2085-113-81 00:133:247:-381,0.992,-2.368,3.907,56.58,262.085,-233.582,59.749,1.478,-172.716
 14:26:36.066,eb:33:2e:f9:57:b5, 2085-97-05 09:92:237:7961,1.339,-2.34,3.833,34.485,296.509,-180.237,59.941,3.076,-172.024
 14:26:36.066,eb:33:2e:f9:57:b5, 2085-97-132 12:94:237:7969,1.814,-2.336,3.956,11.292,353.943,-92.468,60.156,5.878,-169.871
 14:26:36.066,eb:33:2e:f9:57:b5, 2085-97-41 16:245:236:7289,2.212,-2.328,3.777,8.972,386.536,-34.729,60.408,8.295,-166.976
 14:26:36.066,eb:33:2e:f9:57:b5, 2085-97-73 19:02:232:4732,2.498,-2.617,3.111,13.977,386.414,3.113,60.831,10.404,-163.636
 14:26:36.066,eb:33:2e:f9:57:b5, 2085-97-27 19:82:221:-1893,2.342,-3.613,1.028,0.427,327.881,10.132,61.337,12.123,-160.455
 14:26:36.066,eb:33:2e:f9:57:b5, 2085-97-252 18:50:216:-6126,2.508,-4.851,-2.742,-144.836,217.957,18.188,61.062,13.672,-157.39
 14:26:36.067,eb:33:2e:f9:57:b5, 2085-97-173 19:07:221:-157,2.237,-4.679,-1.674,-336.792,38.879,1.892,58.656,14.183,-156.248
 14:26:36.067,eb:33:2e:f9:57:b5, 2085-97-62 16:251:225:1618,1.938,-4.099,0.697,-449.768,-46.631,-30.151,54.575,14.744,-155.863
 14:26:36.069,eb:33:2e:f9:57:b5, 2085-97-232 15:249:233:1167,2.162,-3.281,0.643,-591.003,-19.409,-31.677,49.241,14.749,-156.385
 14:26:36.069,eb:33:2e:f9:57:b5, 2085-97-141 18:56:240:2361,2.309,-2.309,0.778,-721.313,17.883,-49.072,41.627,16.172,-156.374
 14:26:36.069,eb:33:2e:f9:57:b5, 2085-97-194 16:122:243:2955,1.811,-1.716,1.399,-787.231,59.937,-93.628,33.931,16.946,-156.709
 14:26:36.069,eb:33:2e:f9:57:b5, 2085-97-126 13:172:245:3188,1.945,-1.486,1.439,-811.462,12.756,-138.733,25.703,17.886,-157.566
 14:26:36.093,eb:33:2e:f9:57:b5, 2085-97-205 15:176:255:6814,1.432,-0.807,2.568,-832.581,-4.7,-169.312,17.1,18.171,-159.181
 14:26:36.093,eb:33:2e:f9:57:b5, 2085-97-120 07:170:255:6297,0.853,0.238,3.084,-811.157,-54.871,-214.417,8.328,18.715,-161.087
 14:26:36.093,eb:33:2e:f9:57:b5, 2085-97-206 06:146:250:7368,0.745,-0.459,3.473,-737.61,-309.021,-229.126,0.06,16.65,-163.531
 14:26:36.094,eb:33:2e:f9:57:b5, 2085-97-184 04:107:248:7420,0.388,-0.798,3.505,-703.552,-349.182,-181.274,-7.443,13.14,-165.333
 14:26:36.122,eb:33:2e:f9:57:b5, 2085-97-179 01:76:246:8569,0.08,-1.108,3.889,-684.875,-335.144,-104.248,-14.469,9.476,-165.992
 14:26:36.122,eb:33:2e:f9:57:b5, 2085-97-158 00:62:246:9186,0.186,-1.244,4.374,-666.748,-304.871,-10.376,-21.187,6.317,-165.471
 14:26:36.122,eb:33:2e:f9:57:b5, 2085-97-46 02:62:248:9031,0.349,-1.122,4.532,-664.246,-264.587,88.44,-27.784,3.922,-163.834
 14:26:36.122,eb:33:2e:f9:57:b5, 2085-97-39 04:168:252:9234,0.644,-0.76,4.338,-688.782,-238.586,171.387,-34.59,2.593,-161.384
 14:26:36.393,eb:33:2e:f9:57:b5, 2085-97-107 06:69:05:9402,0.959,0.104,4.485,-707.092,-197.571,231.018,-41.693,2.252,-158.445
 14:26:36.393,eb:33:2e:f9:57:b5, 2085-97-217 07:169:15:10287,0.842,1.304,4.851,-681.274,-232.239,233.826,-48.752,2.494,-155.264
 14:26:36.393,eb:33:2e:f9:57:b5, 2085-97-132 05:06:22:9780,0.619,2.464,4.914,-623.901,-316.65,197.998,-55.355,2.598,-151.776
 14:26:36.393,eb:33:2e:f9:57:b5, 2085-97-25 04:119:25:10856,0.275,2.938,4.918,-568.42,-395.813,160.217,-61.386,2.252,-147.706
 14:26:36.422,eb:33:2e:f9:57:b5, 2085-97-249 255:166:30:12659,-0.247,3.5,5.76,-533.447,-379.333,138.977,-67.011,1.972,-143.542
 14:26:36.422,eb:33:2e:f9:57:b5, 2085-97-129 252:11:36:13572,-0.578,4.156,6.487,-493.652,-320.007,126.099,-72.274,2.06,-139.774
 14:26:36.422,eb:33:2e:f9:57:b5, 2085-97-113 250:208:42:13380,-0.744,4.888,6.667,-445.74,-227.478,108.398,-77.042,2.532,-136.862
 14:26:36.422,eb:33:2e:f9:57:b5, 2085-97-00 250:65:51:11882,-0.762,5.875,6.241,-385.01,-149.963,68.726,-81.211,3.109,-134.907
 14:26:36.424,eb:33:2e:f9:57:b5, 2085-97-79 250:255:60:9629,-0.551,6.973,5.242,-306.946,-122.62,-10.071,-84.672,3.263,-133.555
 14:26:36.424,eb:33:2e:f9:57:b5, 2085-97-36 253:114:68:7532,-0.256,8.242,4.22,-210.266,-96.313,-131.226,-87.226,2.483,-132.451
 14:26:36.424,eb:33:2e:f9:57:b5, 2085-97-250 252:103:62:5650,-0.807,8.345,3.122,-136.475,-56.213,-271.301,-88.918,0.379,-131.721
 14:26:36.424,eb:33:2e:f9:57:b5, 2085-97-161 244:06:52:5155,-2.054,7.192,2.581,-77.881,-20.691,-359.314,-90.005,-2.878,-131.314
 14:26:36.426,eb:33:2e:f9:57:b5, 2085-97-222 235:52:38:5869,-2.782,5.665,2.615,11.475,-54.443,-353.638,-90.39,-6.509,-130.836
 14:26:36.426,eb:33:2e:f9:57:b5, 2085-97-143 233:40:26:6083,-2.643,3.976,3.015,111.694,-5.188,-266.907,-89.802,-9.602,-130.342
 14:26:36.426,eb:33:2e:f9:57:b5, 2085-97-87 226:138:08:16579,-4.452,2.586,2.637,193.726,115.234,-157.898,-88.072,-11.646,-130.952
 14:26:36.427,eb:33:2e:f9:57:b5, 2085-97-74 213:127:22:-16413,-4.831,2.007,1.937,689.331,-5.432,106.934,-82.024,-11.942,-131.759
 14:26:36.431,eb:33:2e:f9:57:b5, 2085-97-84 234:160:53:14369,5.13,5.725,4.541,1010.559,-1006.47,260.315,-74.861,-11.618,-125.14
 14:26:36.431,eb:33:2e:f9:57:b5, 2085-97-29 57:170:20:19170,3.088,7.278,4.379,296.631,-1014.893,-257.812,-72.323,-14.793,-113.329
 14:26:36.431,eb:33:2e:f9:57:b5, 2085-97-158 21:203:232:13986,0.674,2.976,-4.209,-12.939,-612.549,-214.478,-70.582,-15.656,-111.835
 14:26:36.431,eb:33:2e:f9:57:b5, 2085-97-51 249:111:00:-810,-0.55,-1.909,2.087,126.953,750.977,-21.667,-69.208,-15.688,-114.417
 14:26:36.431,eb:33:2e:f9:57:b5, 2085-97-71 247:109:237:2752,0.985,2.789,-1.727,20.447,15.625,-136.902,-66.89,-14.227,-119.163
 14:26:36.431,eb:33:2e:f9:57:b5, 2085-97-33 10:10:245:10792,1.698,-1.016,4.546,328.857,309.814,-69.824,-53.976,-11.777,-134.407
 14:26:36.431,eb:33:2e:f9:57:b5, 2085-97-68 13:16:241:9351,1.654,-1.695,5.462,446.838,497.009,-55.054,-49.114,-9.844,-138.109
 14:26:36.431,eb:33:2e:f9:57:b5, 2085-97-193 14:140:239:7406,1.958,-1.896,3.858,569.519,529.541,-46.631,-43.011,-6.52,-142.559
 14:26:36.512,eb:33:2e:f9:57:b5, 2085-97-37 15:34:240:9365,2,-2.062,3.74,679.382,489.075,-49.805,-36.14,-2.911,-146.338
 14:26:36.512,eb:33:2e:f9:57:b5, 2085-97-201 18:32:01:11844,2.403,-0.972,5.265,820.862,418.091,-64.026,-28.339,0.709,-149.447
 14:26:36.512,eb:33:2e:f9:57:b5, 2085-97-134 14:135:18:8316,1.155,0.814,4.978,917.297,189.27,-148.621,-19.418,3.093,-151.793
 14:26:36.512,eb:33:2e:f9:57:b5, 2085-97-10 06:101:18:8970,0.042,2.861,4.33,863.586,-301.697,-254.944,-10.36,1.527,-153.655
 14:26:36.543,eb:33:2e:f9:57:b5, 2085-97-153 242:133:06:3028,-2.138,1.325,3.392,659.79,-209.595,-214.722,-2.516,-1.879,-155.709
 14:26:36.543,eb:33:2e:f9:57:b5, 2085-97-178 239:165:239:8800,-0.288,-0.328,1.382,394.104,-61.218,-104.553,2.703,-3.159,-157.363
 14:26:36.543,eb:33:2e:f9:57:b5, 2085-97-182 248:174:11:3865,-0.391,-1.227,5.659,428.406,645.752,195.74,6.674,-0.5,-156.863
 14:26:36.543,eb:33:2e:f9:57:b5, 2085-97-59 18:11:22:9521,3.3,3.006,0.301,280.09,473.389,265.442,10.014,7.289,-153.083
 14:26:36.545,eb:33:2e:f9:57:b5, 2085-97-154 16:240:37:6125,2.109,3.598,5.785,356.873,547.791,211.792,13.42,10.464,-150.051
 14:26:36.545,eb:33:2e:f9:57:b5, 2085-97-122 24:179:30:8886,2.746,4.708,2.749,461.548,-10.742,3.479,17.82,13.315,-148.293
 14:26:36.545,eb:33:2e:f9:57:b5, 2085-97-139 17:109:21:8248,2.144,3.15,4.209,507.446,-70.374,-188.843,22.582,13.145,-149.474
 14:26:36.545,eb:33:2e:f9:57:b5, 2085-97-104 15:153:11:11831,1.609,2.099,5.07,470.337,-226.929,-357.117,26.999,12.59,-152.935
 14:26:36.603,eb:33:2e:f9:57:b5, 2085-97-243 10:175:00:12811,1.158,0.786,6.074,388.184,-172.363,-441.589,30.58,12.755,-157.516
 14:26:36.603,eb:33:2e:f9:57:b5, 2085-97-208 07:199:246:12575,0.809,-0.594,6.249,306.396,-72.693,-452.576,32.855,13.958,-161.971
 14:26:36.603,eb:33:2e:f9:57:b5, 2085-97-180 05:149:241:11529,0.694,-1.551,5.915,239.014,54.077,-406.372,34.832,16.238,-165.696
 14:26:36.603,eb:33:2e:f9:57:b5, 2085-97-204 05:139:239:10180,0.809,-1.96,5.321,179.626,192.688,-324.951,36.024,19.517,-167.75
 14:26:36.633,eb:33:2e:f9:57:b5, 2085-97-44 07:158:238:9154,1,-2.123,4.683,129.517,299.438,-227.966,37.315,23.176,-168.503
 14:26:36.633,eb:33:2e:f9:57:b5, 2085-97-02 09:253:237:8619,1.243,-2.209,4.32,103.516,341.37,-144.165,38.425,26.988,-167.668
 14:26:36.633,eb:33:2e:f9:57:b5, 2085-97-94 10:244:235:7973,1.352,-2.348,4.101,96.802,337.708,-77.087,40.001,30.333,-166.273
 14:26:36.633,eb:33:2e:f9:57:b5, 2085-97-04 11:208:231:6882,1.325,-2.731,3.661,97.473,286.133,-27.527,41.644,33.129,-164.174
 14:26:36.664,eb:33:2e:f9:57:b5, 2085-97-126 10:100:226:2723,1.623,-3.341,2.478,53.162,283.508,37.659,43.572,35.211,-161.971
 14:26:36.664,eb:33:2e:f9:57:b5, 2085-97-137 17:125:219:-258,2.724,-4.167,0.296,-89.172,304.932,99.854,44.813,36.898,-158.736
 14:26:36.664,eb:33:2e:f9:57:b5, 2085-97-192 23:151:224:-574,2.944,-4.47,-0.243,-266.235,363.464,114.258,45.055,38.589,-154.88
 14:26:36.664,eb:33:2e:f9:57:b5, 2085-97-52 23:49:233:-1236,3.029,-3.304,-0.392,-389.038,279.724,57.129,43.621,40.441,-151.111
 14:26:36.723,eb:33:2e:f9:57:b5, 2085-97-234 25:242:236:-1486,3.331,-2.582,-0.733,-500.183,121.338,-19.897,40.144,41.748,-149.431
 14:26:36.723,eb:33:2e:f9:57:b5, 2085-97-110 25:25:240:-962,2.956,-2.179,-0.589,-621.338,74.707,-97.229,34.393,42.781,-149.326
 14:26:36.723,eb:33:2e:f9:57:b5, 2085-97-121 22:251:241:533,2.71,-1.853,-0.207,-715.454,9.46,-167.358,26.834,43.824,-150.584
 14:26:36.723,eb:33:2e:f9:57:b5, 2085-97-189 20:29:245:2092,2.477,-1.591,0.723,-778.564,-14.954,-210.632,17.754,44.423,-152.913
 14:26:36.752,eb:33:2e:f9:57:b5, 2085-113-58 00:16:255:-7335,2.48,-1.151,1.368,-822.021,-32.227,-237.671,7.778,44.604,-155.912
 14:26:36.752,eb:33:2e:f9:57:b5, 2085-97-44 18:222:254:5847,1.861,-0.792,2.137,-845.764,20.752,-242.371,2.565,44.632,-157.511
 14:26:36.752,eb:33:2e:f9:57:b5, 2085-97-13 13:43:03:5625,1.605,0.396,2.794,-838.379,38.94,-259.521,-8.135,45.286,-160.823
 14:26:36.752,eb:33:2e:f9:57:b5, 2085-97-69 12:48:254:5794,1.354,0.073,2.897,-752.93,-212.158,-263.306,-18.007,43.533,-163.806
 14:26:36.783,eb:33:2e:f9:57:b5, 2085-97-05 09:228:251:5317,0.945,-0.408,2.648,-685.547,-315.308,-211.487,-25.994,40.067,-165.185
 14:26:36.783,eb:33:2e:f9:57:b5, 2085-97-106 06:14:250:6312,0.65,-0.618,2.773,-635.925,-383.301,-126.587,-32.344,36.183,-164.767
 14:26:36.783,eb:33:2e:f9:57:b5, 2085-97-128 04:237:248:7142,0.561,-0.836,3.332,-588.257,-420.288,-19.287,-37.381,32.514,-162.658
 14:26:36.783,eb:33:2e:f9:57:b5, 2085-97-32 05:99:249:7126,0.779,-0.885,3.527,-558.228,-433.044,96.008,-41.479,29.537,-159.137
 14:26:36.842,eb:33:2e:f9:57:b5, 2085-97-185 07:41:252:7375,1.191,-0.699,3.471,-565.674,-413.391,202.148,-45.225,27.609,-154.693
 14:26:36.842,eb:33:2e:f9:57:b5, 2085-97-213 09:161:03:7418,1.123,-0.097,3.811,-589.905,-358.948,276.062,-49.076,26.867,-149.766
 14:26:36.842,eb:33:2e:f9:57:b5, 2085-97-27 09:166:12:7193,1.192,0.978,3.335,-596.741,-347.107,309.631,-53.168,27.219,-144.998
 14:26:36.842,eb:33:2e:f9:57:b5, 2085-97-22 09:124:20:8598,0.979,2.144,3.93,-562.195,-463.44,292.419,-56.766,27.438,-139.433
 14:26:36.963,eb:33:2e:f9:57:b5, 2085-97-177 06:219:23:9285,0.667,2.797,4.3,-520.447,-551.208,266.785,-59.639,27.197,-133.16
 14:26:36.963,eb:33:2e:f9:57:b5, 2085-97-240 03:92:29:11298,0.379,3.256,4.962,-505.798,-527.954,253.235,-62.166,26.911,-126.573
 14:26:36.963,eb:33:2e:f9:57:b5, 2085-97-73 02:146:38:13487,0.214,4.203,6.16,-499.146,-416.138,237.854,-64.979,27.081,-120.921
 14:26:36.963,eb:33:2e:f9:57:b5, 2085-97-251 01:38:49:12658,0.332,5.47,6.566,-468.384,-262.878,195.801,-68.159,27.834,-116.691
 14:26:37.053,eb:33:2e:f9:57:b5, 2085-97-140 03:194:59:10656,0.532,6.836,5.664,-393.616,-167.053,114.624,-71.417,28.603,-114.164
 14:26:37.053,eb:33:2e:f9:57:b5, 2085-97-191 04:187:67:8425,0.619,8.032,4.677,-281.677,-140.442,-6.409,-74.042,28.685,-112.445
 14:26:37.053,eb:33:2e:f9:57:b5, 2085-97-122 04:231:69:7248,0.417,8.72,3.748,-172.974,-198.364,-153.87,-75.63,27.422,-110.967
 14:26:37.053,eb:33:2e:f9:57:b5, 2085-97-141 01:08:64:6178,-0.139,8.487,3.32,-107.727,-193.359,-282.715,-76.344,24.736,-109.341
 14:26:37.053,eb:33:2e:f9:57:b5, 2085-97-18 251:09:54:5523,-1.167,7.396,2.784,-79.224,-123.901,-357.056,-76.987,21.176,-108.528
 14:26:37.053,eb:33:2e:f9:57:b5, 2085-97-113 242:251:42:5074,-2.073,6.113,2.625,-18.799,-61.768,-364.807,-77.47,17.413,-108.424
 14:26:37.054,eb:33:2e:f9:57:b5, 2085-97-200 236:159:28:4258,-2.739,4.508,2.326,94.727,-54.626,-314.514,-77.102,13.947,-108.594
 14:26:37.054,eb:33:2e:f9:57:b5, 2085-97-50 231:29:12:2916,-1.54,2.584,1.748,222.046,-73.059,-220.764,-75.449,11.223,-108.567
 14:26:37.056,eb:33:2e:f9:57:b5, 2085-97-18 216:255:22:16006,-10.176,1.813,3.837,639.221,-315.369,-281.067,-71.911,9.058,-107.748
 14:26:37.056,eb:33:2e:f9:57:b5, 2085-97-25 16:31:28:14694,9.386,7.827,1.516,631.958,-1233.826,63.11,-64.089,8.361,-105.667
 14:26:37.056,eb:33:2e:f9:57:b5, 2085-97-76 43:125:42:-3461,-2.981,5.718,8.256,145.996,836.792,230.591,-60.408,7.575,-101.673
 14:26:37.056,eb:33:2e:f9:57:b5, 2085-97-92 248:225:244:2647,-0.12,-3.149,0.215,14.526,-0.61,-97.595,-60.095,7.866,-103.788
 14:26:37.059,eb:33:2e:f9:57:b5, 2085-97-16 00:150:20:-4448,-0.343,-0.902,1.759,75.256,457.825,37.476,-59.639,8.987,-107.04
 14:26:37.059,eb:33:2e:f9:57:b5, 2085-97-196 251:140:08:-2698,0.979,-1.764,2.4,15.198,279.236,40.833,-59.59,9.47,-108.369
 14:26:37.059,eb:33:2e:f9:57:b5, 2085-97-228 05:201:255:2773,0.797,0.134,1.758,9.277,-11.292,-19.775,-59.48,9.091,-107.924
 14:26:37.059,eb:33:2e:f9:57:b5, 2085-97-82 04:195:254:3155,0.047,0.124,0.979,3.723,50.354,-42.542,-59.436,8.849,-108.116
 14:26:37.082,eb:33:2e:f9:57:b5, 2085-97-46 04:80:00:2585,0.219,-0.099,0.731,16.479,88.867,-47.852,-59.464,8.981,-109.468
 14:26:37.082,eb:33:2e:f9:57:b5, 2085-97-127 00:159:254:2202,0.436,-0.216,1.402,19.958,190.063,-37.476,-59.425,9.256,-110.934
 14:26:37.082,eb:33:2e:f9:57:b5, 2085-97-42 04:32:254:4814,0.405,-0.135,1.678,33.569,202.515,-18.799,-59.332,9.877,-112.72
 14:26:37.082,eb:33:2e:f9:57:b5, 2085-97-227 255:205:250:6323,0.283,-0.156,2.531,57.19,331.909,-13.672,-59.205,11.25,-115.351
 14:26:37.144,eb:33:2e:f9:57:b5, 2085-97-220 01:21:254:3931,0.389,-0.439,2.473,134.46,273.743,8.484,-58.629,12.794,-118.196
 14:26:37.144,eb:33:2e:f9:57:b5, 2085-97-119 08:79:244:13321,1.117,-0.754,4.093,256.714,52.002,-31.128,-56.761,13.31,-119.29
 14:26:37.144,eb:33:2e:f9:57:b5, 2085-97-254 05:246:242:9281,1.066,-1.84,6.159,396.484,443.848,6.531,-53.937,14.777,-121.893
 14:26:37.144,eb:33:2e:f9:57:b5, 2085-97-99 09:184:240:7813,1.298,-1.749,3.968,537.415,333.374,-10.498,-49.785,16.957,-124.937
 14:26:37.145,eb:33:2e:f9:57:b5, 2085-97-152 11:08:238:7967,1.619,-2.216,3.915,657.227,324.402,-15.686,-44.412,19.001,-127.661
 14:26:37.145,eb:33:2e:f9:57:b5, 2085-97-223 11:135:246:8546,1.486,-2.015,3.894,793.823,294.067,-36.255,-37.76,21.16,-130.056
 14:26:37.145,eb:33:2e:f9:57:b5, 2085-97-224 11:239:01:10964,0.899,-0.18,4.948,919.556,156.616,-89.783,-29.702,22.758,-132.111
 14:26:37.145,eb:33:2e:f9:57:b5, 2085-97-237 04:249:16:9251,0.574,1.283,4.694,994.446,-190.125,-136.902,-20.396,22.176,-133.193
 14:26:37.203,eb:33:2e:f9:57:b5, 2085-97-120 254:04:16:8730,-1.48,1.786,5.259,939.331,-522.278,-197.754,-10.734,17.507,-133.863
 14:26:37.203,eb:33:2e:f9:57:b5, 2085-97-07 242:148:02:6619,-1.883,1.818,2.769,734.07,-409.912,-168.884,-2.576,12.887,-135.077
 14:26:37.203,eb:33:2e:f9:57:b5, 2085-97-232 236:76:228:10874,-0.138,-1.719,3.165,457.703,-19.531,-18.677,3.032,10.69,-136.121
 14:26:37.203,eb:33:2e:f9:57:b5, 2085-97-206 251:35:15:3087,0.588,-1.023,3.573,568.909,831.604,262.817,8.586,14.634,-134.742
 14:26:37.233,eb:33:2e:f9:57:b5, 2085-97-249 18:242:11:8281,2.917,2.738,0.724,333.435,498.596,313.782,13.947,21.896,-130.15
 14:26:37.233,eb:33:2e:f9:57:b5, 2085-97-22 19:17:23:4259,2.503,1.583,4.125,358.887,618.469,300.354,18.918,26.131,-125.475
 14:26:37.233,eb:33:2e:f9:57:b5, 2085-97-132 25:97:31:4409,3.326,3.779,1.462,413.147,245.239,147.217,24.478,29.68,-121.547
 14:26:37.233,eb:33:2e:f9:57:b5, 2085-97-54 23:255:27:4620,2.646,3.758,2.413,460.205,-45.593,-67.017,29.158,30.135,-120.932
 14:26:37.294,eb:33:2e:f9:57:b5, 2085-97-244 19:75:21:7989,2.222,3.136,2.833,457.214,-322.266,-286.865,32.531,29.35,-124.058
 14:26:37.294,eb:33:2e:f9:57:b5, 2085-97-125 15:70:11:11276,1.683,2.091,4.771,392.761,-374.023,-448.73,34.404,28.328,-129.749
 14:26:37.294,eb:33:2e:f9:57:b5, 2085-97-132 11:136:00:12722,1.206,0.7,6.017,312.988,-285.339,-526.917,35.206,28.323,-136.406
 14:26:37.295,eb:33:2e:f9:57:b5, 2085-97-01 08:56:248:12528,0.843,-0.491,6.219,244.873,-125.244,-526.611,35.392,29.658,-142.493
 14:26:37.384,eb:33:2e:f9:57:b5, 2085-97-187 05:53:243:11311,0.585,-1.345,5.904,190.308,65.674,-465.698,35.359,32.223,-147.217
 14:26:37.384,eb:33:2e:f9:57:b5, 2085-97-242 03:10:241:9187,0.433,-1.761,4.976,138.733,245.178,-358.276,35.601,35.953,-149.991
 14:26:37.384,eb:33:2e:f9:57:b5, 2085-97-124 03:33:240:7909,0.526,-1.941,4.089,95.703,318.359,-235.046,36.123,39.979,-150.776
 14:26:37.384,eb:33:2e:f9:57:b5, 2085-97-101 05:115:239:7892,0.865,-2.023,3.825,71.472,310.486,-124.084,37.277,43.561,-150.222
 14:26:37.386,eb:33:2e:f9:57:b5, 2085-97-237 08:99:238:8164,1.379,-2.135,3.9,67.2,292.786,-39.734,38.875,46.373,-148.535
 14:26:37.386,eb:33:2e:f9:57:b5, 2085-97-30 13:136:238:7555,1.779,-2.207,3.937,75.317,305.42,14.038,41.303,48.724,-146.069
 14:26:37.386,eb:33:2e:f9:57:b5, 2085-97-226 14:00:236:4972,1.896,-2.255,3.204,60.974,362.61,58.35,44.533,50.966,-142.317
 14:26:37.386,eb:33:2e:f9:57:b5, 2085-97-143 15:13:229:135,1.99,-2.885,1.42,31.921,317.81,74.89,48.29,52.921,-137.878
 14:26:37.389,eb:33:2e:f9:57:b5, 2085-97-104 16:157:219:-5008,2.194,-3.991,-1.48,-70.618,232.605,72.021,50.966,54.13,-133.956
 14:26:37.389,eb:33:2e:f9:57:b5, 2085-97-186 17:111:222:-2563,2.124,-4.641,-2.203,-244.263,60.242,54.26,51.163,54.58,-131.512
 14:26:37.389,eb:33:2e:f9:57:b5, 2085-97-24 16:95:230:-492,1.852,-3.587,-0.521,-384.46,-47.607,10.62,47.977,54.256,-131.259
 14:26:37.389,eb:33:2e:f9:57:b5, 2085-97-173 13:57:232:-166,1.627,-3.071,-0.181,-523.071,-68.481,-26.184,42.759,53.882,-132.05
 14:26:37.389,eb:33:2e:f9:57:b5, 2085-97-65 12:21:236:821,1.413,-2.766,0.138,-635.803,-77.698,-57.007,35.903,53.547,-133.275
 14:26:37.442,eb:33:2e:f9:57:b5, 2085-113-58 00:192:03:-6705,1.257,-2.227,0.656,-714.478,-71.655,-82.275,27.933,53.284,-134.791
 14:26:37.442,eb:33:2e:f9:57:b5, 2085-97-198 08:202:240:2306,0.9,-2.02,0.876,-743.347,-80.505,-90.637,23.632,53.124,-135.659
 14:26:37.443,eb:33:2e:f9:57:b5, 2085-97-59 05:49:242:3478,0.628,-1.877,1.423,-791.992,-92.834,-87.341,14.606,52.548,-137.411
 14:26:37.443,eb:33:2e:f9:57:b5, 2085-97-168 08:135:252:7709,0.995,-1.252,2.368,-817.261,-102.6,-82.581,5.46,51.762,-138.911
 14:26:37.473,eb:33:2e:f9:57:b5, 2085-97-17 04:122:00:7510,0.323,-0.048,3.996,-800.049,-68.176,-87.769,-3.576,50.999,-140.158
 14:26:37.473,eb:33:2e:f9:57:b5, 2085-97-32 03:140:254:7368,0.382,-0.093,3.579,-733.765,-240.723,-101.196,-11.948,49.224,-141.295
 14:26:37.473,eb:33:2e:f9:57:b5, 2085-97-164 02:95:254:6602,0.247,-0.186,3.341,-698.425,-255.31,-71.777,-19.16,46.555,-141.432
 14:26:37.473,eb:33:2e:f9:57:b5, 2085-97-57 01:155:253:6921,0.107,-0.246,3.285,-682.129,-235.107,-23.01,-25.576,44.094,-140.834
 14:26:37.532,eb:33:2e:f9:57:b5, 2085-97-71 01:42:253:7010,0.336,-0.343,3.431,-660.4,-215.271,35.706,-31.328,42.204,-139.312
 14:26:37.532,eb:33:2e:f9:57:b5, 2085-97-14 04:224:254:6824,0.603,-0.298,3.425,-638.916,-196.533,88.623,-36.491,40.858,-137.307
 14:26:37.532,eb:33:2e:f9:57:b5, 2085-97-244 04:75:04:6359,0.679,0.194,3.154,-638.245,-162.72,125.305,-41.396,40.215,-134.846
 14:26:37.532,eb:33:2e:f9:57:b5, 2085-97-194 05:62:10:7063,0.682,0.901,3.254,-639.587,-188.416,132.324,-46.258,39.864,-132.374
 14:26:37.594,eb:33:2e:f9:57:b5, 2085-97-235 04:83:15:7237,0.571,1.619,3.535,-619.934,-238.647,119.385,-50.812,39.457,-129.359
 14:26:37.594,eb:33:2e:f9:57:b5, 2085-97-71 04:65:19:7061,0.482,2.175,3.492,-573.914,-301.331,95.764,-54.816,38.639,-126.085
 14:26:37.595,eb:33:2e:f9:57:b5, 2085-97-40 03:187:21:7608,0.244,2.586,3.495,-520.203,-355.347,70.679,-58.057,37.562,-122.168
 14:26:37.595,eb:33:2e:f9:57:b5, 2085-97-71 00:26:24:8986,-0.157,2.858,4.05,-474.487,-368.347,56.458,-60.782,36.227,-118.185
 14:26:37.596,eb:33:2e:f9:57:b5, 2085-97-190 253:140:26:9960,-0.354,3.165,4.656,-444.153,-343.811,58.838,-63.232,35.123,-114.148
 14:26:37.596,eb:33:2e:f9:57:b5, 2085-97-246 252:87:29:10084,-0.377,3.485,4.949,-420.41,-282.166,73.059,-65.764,34.371,-110.709
 14:26:37.596,eb:33:2e:f9:57:b5, 2085-97-54 253:133:33:9316,-0.314,3.897,4.789,-393.311,-210.815,83.008,-68.346,34.206,-107.765
 14:26:37.596,eb:33:2e:f9:57:b5, 2085-97-156 253:199:38:7948,-0.329,4.518,4.23,-349.915,-182.251,74.646,-70.944,34.283,-105.573
 14:26:37.682,eb:33:2e:f9:57:b5, 2085-97-18 253:91:43:6799,-0.376,5.149,3.555,-279.114,-209.717,42.236,-72.894,34.283,-103.228
 14:26:37.682,eb:33:2e:f9:57:b5, 2085-97-13 253:78:47:6232,-0.342,5.669,3.175,-192.505,-253.052,-12.146,-73.954,33.755,-100.712
 14:26:37.682,eb:33:2e:f9:57:b5, 2085-97-188 253:251:49:5749,-0.208,6.129,2.908,-119.69,-229.736,-81.665,-74.185,32.651,-98.113
 14:26:37.682,eb:33:2e:f9:57:b5, 2085-97-154 254:187:48:5566,-0.158,6.233,2.776,-80.994,-125.854,-163.818,-74.454,30.954,-96.641
 14:26:37.684,eb:33:2e:f9:57:b5, 2085-97-126 254:88:45:4939,-0.27,5.891,2.584,-57.678,14.587,-242.859,-75.168,28.817,-96.696
 14:26:37.684,eb:33:2e:f9:57:b5, 2085-97-62 253:204:39:4310,-0.422,5.372,2.224,-9.583,75.195,-299.5,-76.069,26.246,-98.086
 14:26:37.685,eb:33:2e:f9:57:b5, 2085-97-234 03:240:29:16901,-4.834,4.479,2.055,61.279,51.819,-320.496,-76.278,23.318,-99.492
 14:26:37.685,eb:33:2e:f9:57:b5, 2085-97-231 231:49:36:1856,-1.597,3.179,3.763,591.309,532.043,-184.387,-72.988,21.193,-103.041
 14:26:37.803,eb:33:2e:f9:57:b5, 2085-97-184 218:86:44:-1590,1.244,7.119,12.024,757.935,791.077,249.817,-66.083,20.726,-105.815
 14:26:37.803,eb:33:2e:f9:57:b5, 2085-97-29 32:70:225:16654,3.273,7.043,4.807,269.409,-518.86,-199.158,-60.716,18.968,-104.321
 14:26:37.803,eb:33:2e:f9:57:b5, 2085-97-188 241:82:251:-4898,-2.555,5.333,-1.453,87.891,365.356,-80.811,-57.903,19.391,-105.612
 14:26:37.803,eb:33:2e:f9:57:b5, 2085-97-92 255:147:248:1550,0.668,-1.647,0.24,44.739,20.508,-53.04,-57.81,18.276,-106.518
 14:26:37.805,eb:33:2e:f9:57:b5, 2085-97-205 02:156:11:-1638,0.663,2.357,1.899,38.574,330.444,11.169,-56.959,18.583,-107.391
 14:26:37.805,eb:33:2e:f9:57:b5, 2085-97-111 02:223:04:281,0.945,-0.446,2.122,24.78,127.075,9.399,-56.904,18.446,-107.507
 14:26:37.805,eb:33:2e:f9:57:b5, 2085-97-84 03:139:00:2777,0.257,-0.138,1.715,28.259,61.584,-41.687,-56.706,17.913,-107.347
 14:26:37.805,eb:33:2e:f9:57:b5, 2085-97-75 01:57:255:2391,-0.077,-0.101,1.187,27.283,128.54,-41.626,-56.777,18.001,-108.572
 14:26:37.807,eb:33:2e:f9:57:b5, 2085-97-95 251:150:255:947,-0.708,-0.14,1.226,25.391,187.134,-10.803,-56.909,18.633,-110.138
 14:26:37.807,eb:33:2e:f9:57:b5, 2085-97-101 00:241:255:2127,0.6,-0.013,0.052,15.32,8.972,-10.62,-57.047,19.188,-111.374
 14:26:37.807,eb:33:2e:f9:57:b5, 2085-97-157 02:27:255:3524,-0.1,-0.08,1.988,25.146,79.468,-3.723,-56.854,19.1,-111.423
 14:26:37.808,eb:33:2e:f9:57:b5, 2085-97-112 254:184:254:2513,-0.069,-0.141,1.243,32.532,150.635,16.968,-56.931,19.924,-112.808
 14:26:37.863,eb:33:2e:f9:57:b5, 2085-97-249 00:17:255:4248,0.071,-0.085,1.561,46.265,106.079,16.113,-56.81,20.731,-113.785
 14:26:37.863,eb:33:2e:f9:57:b5, 2085-97-70 00:191:251:5502,-0.221,-0.267,2.767,72.266,180.298,1.16,-56.541,21.429,-115.021
 14:26:37.863,eb:33:2e:f9:57:b5, 2085-97-197 255:108:251:5505,0.189,-0.508,2.265,143.86,177.368,36.865,-56.063,22.791,-116.862
 14:26:37.863,eb:33:2e:f9:57:b5, 2085-97-139 255:244:246:9984,-0.304,-0.73,4.154,229.858,137.878,37.781,-54.289,23.522,-117.559
 14:26:37.893,eb:33:2e:f9:57:b5, 2085-97-90 255:141:240:10588,0.668,-1.669,4.979,368.164,154.907,53.711,-51.833,25.06,-118.949
 14:26:37.893,eb:33:2e:f9:57:b5, 2085-97-128 10:226:239:10101,2.06,-2.031,5.015,544.556,170.959,57.19,-47.51,26.345,-119.91
 14:26:37.893,eb:33:2e:f9:57:b5, 2085-97-123 19:62:238:10600,2.752,-2.241,5.152,705.627,261.047,20.386,-41.726,28.043,-121.234
 14:26:37.894,eb:33:2e:f9:57:b5, 2085-97-123 23:153:03:11582,2.965,-1.344,5.191,896.79,335.449,-25.024,-34.656,30.471,-123.679
 14:26:37.923,eb:33:2e:f9:57:b5, 2085-97-01 23:203:18:11339,1.697,1.509,5.792,1067.627,-21.24,-148.621,-25.659,31.789,-125.777
 14:26:37.923,eb:33:2e:f9:57:b5, 2085-97-55 10:238:24:10422,0.887,3.956,4.721,1069.58,-580.75,-301.636,-15.266,28.087,-127.079
 14:26:37.923,eb:33:2e:f9:57:b5, 2085-97-254 242:36:07:4075,-2.489,1.595,5.087,793.457,-769.897,-353.455,-6.526,19.199,-129.001
 14:26:37.923,eb:33:2e:f9:57:b5, 2085-97-72 239:15:233:8617,-2.304,-0.786,1.726,414.551,-546.021,-255.676,-1.099,12.437,-131.649
 14:26:37.952,eb:33:2e:f9:57:b5, 2085-97-139 243:197:05:3791,-1.563,-2.44,6.486,414.185,419.8,4.089,2.494,11.569,-132.99
 14:26:37.952,eb:33:2e:f9:57:b5, 2085-97-154 04:232:17:9942,1.631,2.784,1.802,180.542,546.997,146.484,5.779,18.243,-131.303
 14:26:37.952,eb:33:2e:f9:57:b5, 2085-97-198 10:240:28:10525,1.479,2.494,6.68,228.21,613.586,158.691,8.289,23.395,-129.04
 14:26:37.952,eb:33:2e:f9:57:b5, 2085-97-14 17:193:25:10367,2.412,4.329,4.568,410.034,246.399,38.33,12.294,27.779,-127.321
 14:26:38.013,eb:33:2e:f9:57:b5, 2085-97-12 16:141:10:9123,1.743,1.933,5.228,534.546,90.332,-100.769,17.062,29.004,-127.496
 14:26:38.013,eb:33:2e:f9:57:b5, 2085-97-175 13:228:05:9167,1.517,1.039,4.158,578.369,-63.904,-222.778,22,29.789,-129.331
 14:26:38.013,eb:33:2e:f9:57:b5, 2085-97-00 10:200:254:9419,1.051,0.336,4.592,530.212,-139.954,-310.974,26.147,29.839,-132.632
 14:26:38.013,eb:33:2e:f9:57:b5, 2085-97-57 07:171:245:9952,0.817,-0.721,4.7,426.208,-169.189,-351.257,29.103,29.916,-136.857
 14:26:38.074,eb:33:2e:f9:57:b5, 2085-97-136 05:182:238:10082,0.51,-1.795,5.005,316.833,-95.642,-334.473,30.943,30.366,-140.988
 14:26:38.074,eb:33:2e:f9:57:b5, 2085-97-70 03:09:236:8686,0.455,-2.398,4.601,221.13,53.955,-268.494,32.212,31.772,-143.937
 14:26:38.074,eb:33:2e:f9:57:b5, 2085-97-149 04:57:237:6840,0.729,-2.466,3.787,127.197,207.092,-180.42,33.283,34.074,-145.3
 14:26:38.074,eb:33:2e:f9:57:b5, 2085-97-218 06:84:239:6034,0.981,-2.201,3.059,45.776,274.17,-115.845,34.129,36.909,-145.069
 14:26:38.074,eb:33:2e:f9:57:b5, 2085-97-72 09:18:240:6398,1.352,-2.021,2.989,-20.569,293.518,-75.5,34.761,39.814,-144.086
 14:26:38.074,eb:33:2e:f9:57:b5, 2085-97-45 12:46:240:6124,1.664,-1.972,3.151,-69.031,323.303,-52.185,35.162,42.687,-142.537
 14:26:38.075,eb:33:2e:f9:57:b5, 2085-97-111 14:98:238:4619,1.912,-2.047,2.667,-105.103,333.557,-44.25,35.524,45.709,-140.581
 14:26:38.075,eb:33:2e:f9:57:b5, 2085-97-188 15:177:234:2099,2.001,-2.416,1.696,-135.864,292.725,-54.749,35.574,48.565,-138.653
 14:26:38.132,eb:33:2e:f9:57:b5, 2085-97-88 16:26:231:-235,2.116,-2.9,0.362,-202.148,216.125,-70.129,34.81,51.004,-137.379
 14:26:38.132,eb:33:2e:f9:57:b5, 2085-113-58 00:160:05:-6465,2.151,-3.213,-0.327,-317.139,157.227,-83.313,32.525,52.927,-136.89
 14:26:38.132,eb:33:2e:f9:57:b5, 2085-97-251 16:25:231:-133,2.029,-3.189,-0.297,-377.258,142.7,-92.041,30.751,53.789,-136.895
 14:26:38.132,eb:33:2e:f9:57:b5, 2085-97-233 15:106:233:917,2.029,-3.015,0.206,-476.99,87.891,-111.572,25.939,55.289,-137.505
 14:26:38.493,eb:33:2e:f9:57:b5, 2085-97-235 16:217:238:1251,2.189,-2.514,0.577,-570.557,64.758,-123.047,19.6,56.376,-138.878
 14:26:38.493,eb:33:2e:f9:57:b5, 2085-97-126 17:148:243:1351,2.081,-1.8,0.616,-665.161,73.425,-135.254,11.942,57.371,-140.663
 14:26:38.493,eb:33:2e:f9:57:b5, 2085-97-231 14:134:244:1877,1.611,-1.43,0.735,-733.459,68.848,-148.621,3.06,58.277,-142.987
 14:26:38.493,eb:33:2e:f9:57:b5, 2085-97-58 13:197:246:3102,2.15,-1.411,1.095,-757.08,19.287,-155.212,-6.603,58.683,-145.635
 14:26:38.495,eb:33:2e:f9:57:b5, 2085-97-86 19:04:01:6106,1.987,-0.562,2.579,-739.319,-28.931,-164.612,-16.188,58.024,-148.321
 14:26:38.495,eb:33:2e:f9:57:b5, 2085-97-173 12:74:00:3941,1.541,0.33,2.275,-700.195,-25.391,-180.847,-25.615,57.475,-151.046
 14:26:38.495,eb:33:2e:f9:57:b5, 2085-97-36 12:101:253:4647,1.391,-0.254,2.154,-638.855,-218.689,-188.293,-33.376,55.223,-152.567
 14:26:38.495,eb:33:2e:f9:57:b5, 2085-97-227 09:29:252:4652,1.053,-0.356,2.234,-611.755,-288.025,-148.132,-39.337,52.169,-152.221
 14:26:38.499,eb:33:2e:f9:57:b5, 2085-97-185 07:36:249:5187,0.924,-0.705,2.389,-595.215,-353.027,-73.73,-43.912,49.016,-150.342
 14:26:38.499,eb:33:2e:f9:57:b5, 2085-97-55 07:224:247:5971,0.901,-0.965,2.709,-581.421,-382.141,14.832,-47.384,46.285,-146.849
 14:26:38.499,eb:33:2e:f9:57:b5, 2085-97-214 07:127:249:6823,1.148,-0.979,3.124,-570.374,-374.451,111.877,-50.213,44.324,-142.553
 14:26:38.499,eb:33:2e:f9:57:b5, 2085-97-184 10:73:00:7284,1.337,-0.474,3.502,-567.444,-327.881,193.909,-52.756,43.456,-137.653
 14:26:38.499,eb:33:2e:f9:57:b5, 2085-97-213 09:92:08:5843,1.27,0.556,3.215,-569.824,-267.7,239.868,-55.497,43.588,-133.132
 14:26:38.499,eb:33:2e:f9:57:b5, 2085-97-91 11:211:15:7225,1.393,1.51,2.985,-538.147,-402.832,232.971,-57.673,43.868,-127.842
 14:26:38.499,eb:33:2e:f9:57:b5, 2085-97-142 09:104:21:8554,0.995,2.388,3.925,-498.84,-516.785,215.82,-58.579,43.308,-121.333
 14:26:38.499,eb:33:2e:f9:57:b5, 2085-97-39 06:123:25:9992,0.544,2.895,4.541,-480.957,-579.529,205.933,-58.683,42.281,-113.736
 14:26:38.553,eb:33:2e:f9:57:b5, 2085-97-74 03:52:33:11545,0.264,3.599,5.199,-482.422,-522.644,207.581,-59.101,41.232,-106.65
 14:26:38.553,eb:33:2e:f9:57:b5, 2085-97-245 255:161:255:3816,0.559,4.892,5.93,-457.703,-390.564,196.045,-60.106,40.792,-100.448
 14:26:38.553,eb:33:2e:f9:57:b5, 2085-97-201 09:196:251:10763,1.207,-0.176,2.485,137.939,70.557,-4.7,-53.525,26.268,-107.413
 14:26:38.553,eb:33:2e:f9:57:b5, 2085-97-106 03:204:242:10557,0.358,-1.345,6.796,261.902,454.712,8.423,-52.328,27.609,-109.506
 14:26:38.584,eb:33:2e:f9:57:b5, 2085-97-39 09:164:242:9528,1.136,-1.625,4.353,433.167,322.815,6.714,-50.29,30.218,-113.275
 14:26:38.584,eb:33:2e:f9:57:b5, 2085-97-68 09:07:240:8345,1.552,-1.766,4.136,550.903,348.206,8.057,-46.675,32.552,-116.241
 14:26:38.584,eb:33:2e:f9:57:b5, 2085-97-244 15:04:239:8073,2.019,-2.291,4.18,684.082,312.805,-8.24,-41.754,34.678,-118.993
 14:26:38.584,eb:33:2e:f9:57:b5, 2085-97-57 14:255:00:10261,2.085,-1.556,4.155,846.924,291.504,-46.875,-35.376,36.865,-121.58
 14:26:38.612,eb:33:2e:f9:57:b5, 2085-97-47 18:177:13:12506,1.788,1.072,6.103,1000.122,62.622,-131.409,-27.235,37.974,-123.92
 14:26:38.612,eb:33:2e:f9:57:b5, 2085-97-85 05:246:22:10881,-0.042,2.527,5.523,1010.925,-279.236,-244.873,-17.886,36.068,-125.508
 14:26:38.612,eb:33:2e:f9:57:b5, 2085-97-61 249:62:14:9120,-2.207,2.365,5.357,862,-500.305,-303.711,-9.426,31.025,-127.623
 14:26:38.612,eb:33:2e:f9:57:b5, 2085-97-59 240:54:243:5860,-2.334,0.599,2.835,547.119,-203.064,-192.2,-3.373,27.46,-129.836
 14:26:38.643,eb:33:2e:f9:57:b5, 2085-97-220 252:79:250:8221,-0.661,-3.442,5.148,442.261,354.553,8.972,0.56,27.999,-131.017
 14:26:38.643,eb:33:2e:f9:57:b5, 2085-97-187 03:21:28:3794,2.449,2.562,2.088,330.444,944.031,284.729,6.163,36.156,-128.386
 14:26:38.643,eb:33:2e:f9:57:b5, 2085-97-96 22:141:17:11629,2.178,2.021,5.766,283.997,464.539,263.306,11.168,41.226,-124.568
 14:26:38.643,eb:33:2e:f9:57:b5, 2085-97-86 19:63:30:6705,2.965,3.459,3.466,393.799,393.066,190.674,17.54,45.829,-120.004
 14:26:38.704,eb:33:2e:f9:57:b5, 2085-97-137 22:236:24:8530,2.342,3.341,4.143,478.638,35.828,15.564,23.192,46.934,-118.361
 14:26:38.704,eb:33:2e:f9:57:b5, 2085-97-231 16:58:20:10243,1.975,2.941,4.151,505.249,-133.85,-164.001,27.318,46.906,-119.625
 14:26:38.704,eb:33:2e:f9:57:b5, 2085-97-31 14:125:10:13527,1.475,1.97,5.987,477.173,-201.721,-311.523,29.427,46.406,-123.931
 14:26:38.704,eb:33:2e:f9:57:b5, 2085-97-176 09:95:254:13652,1.021,0.555,6.771,426.147,-140.259,-392.456,30.267,46.637,-129.353
 14:26:38.704,eb:33:2e:f9:57:b5, 2085-97-221 06:208:244:12847,0.743,-0.872,6.509,363.953,-42.786,-400.696,30.509,47.823,-134.813
 14:26:38.762,eb:33:2e:f9:57:b5, 2085-113-58 00:251:04:-6690,0.685,-1.789,5.964,294.617,96.497,-351.318,30.668,49.955,-139.219
 14:26:38.762,eb:33:2e:f9:57:b5, 2085-97-78 05:235:237:10677,0.691,-2.063,5.603,258.484,164.429,-311.584,30.883,51.361,-140.784
 14:26:38.762,eb:33:2e:f9:57:b5, 2085-97-41 06:201:235:9672,0.896,-2.412,4.908,193.237,243.286,-223.328,31.729,54.536,-142.603
 14:26:38.762,eb:33:2e:f9:57:b5, 2085-97-46 08:192:234:9113,1.204,-2.613,4.554,146.423,268.799,-136.414,33.179,57.651,-142.822
 14:26:38.765,eb:33:2e:f9:57:b5, 2085-97-125 11:235:234:8551,1.624,-2.646,4.307,117.004,277.283,-75.439,35.403,60.485,-141.702
 14:26:38.765,eb:33:2e:f9:57:b5, 2085-97-207 13:172:232:6707,1.801,-2.702,3.892,76.965,330.2,-26.428,38.557,63.215,-139.054
 14:26:38.765,eb:33:2e:f9:57:b5, 2085-97-19 15:49:225:3124,1.917,-3.309,2.533,29.846,331.787,7.629,42.819,65.863,-134.747
 14:26:38.765,eb:33:2e:f9:57:b5, 2085-97-42 16:91:215:-2864,2.205,-4.499,0.047,-56.885,296.936,27.771,47.17,67.967,-129.694
 14:26:38.823,eb:33:2e:f9:57:b5, 2085-97-160 19:202:215:-3008,2.609,-5.327,-1.969,-244.385,232.91,44.25,50.449,69.516,-124.338
 14:26:38.823,eb:33:2e:f9:57:b5, 2085-97-134 21:209:224:-871,2.629,-4.402,-0.767,-397.339,121.704,14.221,50.394,70.345,-120.707
 14:26:38.823,eb:33:2e:f9:57:b5, 2085-97-61 19:118:227:-1150,2.277,-3.698,-0.468,-511.963,50.11,-42.664,46.967,71.043,-119.41
 14:26:38.823,eb:33:2e:f9:57:b5, 2085-97-108 18:118:232:088,2.343,-3.302,-0.39,-617.92,-58.228,-89.722,39.869,71.417,-120.948
 14:26:38.852,eb:33:2e:f9:57:b5, 2085-97-20 18:118:237:1714,2.061,-2.598,0.513,-713.928,-81.787,-130.005,29.861,71.384,-124.503
 14:26:38.852,eb:33:2e:f9:57:b5, 2085-97-151 14:166:239:2455,1.663,-2.124,1.022,-786.255,-70.801,-163.025,18.331,71.29,-128.897
 14:26:38.852,eb:33:2e:f9:57:b5, 2085-97-86 13:00:241:4203,1.727,-2.039,1.515,-835.938,-105.347,-181.824,5.757,70.757,-133.704
 14:26:38.852,eb:33:2e:f9:57:b5, 2085-97-41 13:228:252:7956,1.362,-1.278,3.195,-876.099,-11.353,-181.152,-6.965,69.906,-138.362
 14:26:38.913,eb:33:2e:f9:57:b5, 2085-97-195 08:249:255:7920,1.038,0.047,3.945,-835.083,-70.312,-213.989,-19.748,69.329,-142.916
 14:26:38.913,eb:33:2e:f9:57:b5, 2085-97-98 08:137:253:7076,0.979,-0.218,3.765,-748.779,-247.803,-220.825,-30.048,66.714,-145.8
 14:26:38.913,eb:33:2e:f9:57:b5, 2085-97-131 06:241:252:5848,0.614,-0.317,3.064,-706.97,-278.87,-179.626,-37.458,63.358,-146.003
 14:26:38.913,eb:33:2e:f9:57:b5, 2085-97-102 03:223:249:6421,0.299,-0.561,2.923,-680.969,-323.914,-111.694,-42.962,60.095,-144.492
 14:26:38.943,eb:33:2e:f9:57:b5, 2085-97-134 02:85:248:7170,0.416,-0.914,3.336,-647.461,-368.896,-18.005,-46.664,57.239,-140.9
 14:26:38.943,eb:33:2e:f9:57:b5, 2085-97-240 03:14:252:7329,0.403,-0.806,3.602,-628.418,-359.497,95.886,-49.01,55.074,-136.049
 14:26:38.943,eb:33:2e:f9:57:b5, 2085-97-207 03:213:01:6742,0.635,-0.158,3.221,-628.235,-316.345,176.697,-51.152,54.179,-130.677
 14:26:38.944,eb:33:2e:f9:57:b5, 2085-97-148 05:54:10:8081,0.643,0.724,3.665,-615.173,-361.694,218.933,-52.679,53.613,-124.761
 14:26:38.974,eb:33:2e:f9:57:b5, 2085-97-110 04:191:17:8199,0.53,1.8,4.001,-585.266,-403.32,232.483,-53.525,53.262,-117.96
 14:26:38.974,eb:33:2e:f9:57:b5, 2085-97-14 04:18:23:9343,0.418,2.562,4.207,-538.452,-480.225,220.093,-53.498,52.355,-110.698
 14:26:38.974,eb:33:2e:f9:57:b5, 2085-97-59 02:195:29:11337,0.101,3.261,5.004,-507.935,-489.441,203.125,-52.938,51.213,-102.925
 14:26:38.974,eb:33:2e:f9:57:b5, 2085-97-60 255:192:37:13002,-0.285,4.222,6.016,-496.46,-431.03,183.472,-52.938,49.845,-96.18
 14:26:39.002,eb:33:2e:f9:57:b5, 2085-97-241 252:24:46:13465,-0.446,5.217,6.51,-472.412,-331.482,154.785,-53.69,49.026,-90.412
 14:26:39.002,eb:33:2e:f9:57:b5, 2085-97-114 251:252:56:11923,-0.668,6.409,6.381,-403.992,-196.899,101.074,-55.443,48.389,-86.748
 14:26:39.002,eb:33:2e:f9:57:b5, 2085-97-104 250:100:64:9902,-0.676,7.718,5.257,-291.138,-134.705,5.981,-57.365,48.016,-84.567
 14:26:39.002,eb:33:2e:f9:57:b5, 2085-97-28 251:130:64:8579,-0.568,8.124,4.479,-168.335,-150.024,-116.15,-58.969,46.593,-83.683
 14:26:39.094,eb:33:2e:f9:57:b5, 2085-97-188 251:110:62:6994,-0.483,7.983,3.826,-94.238,-131.47,-232.666,-59.865,44.302,-83.188
 14:26:39.094,eb:33:2e:f9:57:b5, 2085-97-241 251:210:54:5469,-0.739,7.417,3.016,-71.594,-62.439,-321.35,-61.238,41.248,-84.095
 14:26:39.094,eb:33:2e:f9:57:b5, 2085-97-163 247:229:44:5055,-1.381,6.213,2.396,-50.72,19.714,-361.328,-62.913,38.079,-85.88
 14:26:39.094,eb:33:2e:f9:57:b5, 2085-97-117 242:130:34:4733,-1.938,5.023,2.491,23.193,51.88,-338.257,-64.396,35.013,-88.314
 14:26:39.096,eb:33:2e:f9:57:b5, 2085-97-213 253:180:18:14050,-3.339,3.448,2.08,140.747,15.32,-257.263,-64.418,32.443,-90.082
 14:26:39.096,eb:33:2e:f9:57:b5, 2085-97-203 216:12:46:2080,-3.508,5.022,1.145,659.424,652.832,91.797,-60.98,31.827,-93.214
 14:26:39.096,eb:33:2e:f9:57:b5, 2085-97-203 255:26:40:11514,6.856,5.734,7.302,452.148,-573.364,146.362,-51.833,29.465,-88.248
 14:26:39.096,eb:33:2e:f9:57:b5, 2085-97-118 16:118:37:-5237,-3.09,-1.66,10.338,434.326,231.262,43.884,-48.384,29.652,-87.687
 14:26:39.123,eb:33:2e:f9:57:b5, 2085-97-252 242:139:240:1956,0.13,-0.221,-3.79,18.982,-305.054,-156.494,-47.477,29.504,-88.813
 14:26:39.123,eb:33:2e:f9:57:b5, 2085-97-98 08:69:17:3901,0.235,-0.981,1.775,153.931,115.112,-53.894,-46.796,28.229,-88.846
 14:26:39.123,eb:33:2e:f9:57:b5, 2085-97-82 03:188:249:3869,0.349,1.667,-0.927,4.944,-129.639,-44.373,-46.686,29.394,-89.973
 14:26:39.123,eb:33:2e:f9:57:b5, 2085-97-92 07:93:255:4115,-0.221,0.623,0.051,7.263,-61.157,-33.936,-46.741,29.46,-90.582
 14:26:39.183,eb:33:2e:f9:57:b5, 2085-97-68 04:49:255:2801,0.467,-0.13,0.513,21.362,38.33,-38.269,-47.016,29.877,-91.62
 14:26:39.183,eb:33:2e:f9:57:b5, 2085-97-179 253:73:255:1507,-0.211,-0.205,1.647,29.541,216.064,-25.33,-47.384,30.372,-93.087
 14:26:39.183,eb:33:2e:f9:57:b5, 2085-97-152 255:188:254:2249,0.191,-0.077,0.837,31.799,110.718,-22.644,-47.747,31.267,-94.598
 14:26:39.183,eb:33:2e:f9:57:b5, 2085-97-91 04:00:255:4571,0.354,-0.065,1.419,40.649,100.525,-30.09,-47.977,31.745,-95.922
 14:26:39.243,eb:33:2e:f9:57:b5, 2085-97-206 255:101:253:4011,-0.421,-0.244,2.356,61.768,254.517,-40.222,-48.334,32.635,-97.778
 14:26:39.243,eb:33:2e:f9:57:b5, 2085-97-118 252:235:249:5078,-0.299,-0.314,1.962,92.957,261.108,-27.527,-48.955,34.156,-100.668
 14:26:39.243,eb:33:2e:f9:57:b5, 2085-97-243 00:232:252:5368,0.977,-0.862,2.212,164.246,235.962,47.424,-48.752,35.804,-102.755
 14:26:39.243,eb:33:2e:f9:57:b5, 2085-97-22 03:154:241:12820,-0.691,-0.548,5.228,249.329,107.666,-3.906,-46.906,36.332,-103.458
 14:26:39.245,eb:33:2e:f9:57:b5, 2085-97-04 254:180:239:8430,0.531,-2.139,4.832,402.527,265.564,56.58,-44.929,38.611,-105.793
 14:26:39.245,eb:33:2e:f9:57:b5, 2085-97-209 05:18:241:7347,1.027,-1.908,3.795,535.156,182.556,64.575,-40.825,40.325,-107.139
 14:26:39.245,eb:33:2e:f9:57:b5, 2085-97-142 10:223:236:8907,1.712,-2.127,4.049,677.246,102.966,21.362,-35.079,41.561,-107.737
 14:26:39.245,eb:33:2e:f9:57:b5, 2085-97-34 12:60:254:9999,1.959,-2.217,4.4,851.196,208.435,-4.883,-28.015,42.841,-108.929
 14:26:39.335,eb:33:2e:f9:57:b5, 2085-97-26 16:105:12:11492,1.142,1.323,5.831,1027.893,140.869,-74.402,-19.6,44.55,-110.55
 14:26:39.335,eb:33:2e:f9:57:b5, 2085-97-167 09:252:25:10972,1.1,2.241,4.229,1090.881,-309.082,-155.457,-9.624,43.846,-112.066
 14:26:39.335,eb:33:2e:f9:57:b5, 2085-97-106 253:34:15:9920,-1.939,2.699,6.314,930.664,-636.658,-241.577,-0.67,37.93,-114.088
 14:26:39.335,eb:33:2e:f9:57:b5, 2085-97-165 237:158:244:4669,-1.885,0.687,2.947,653.137,-411.926,-159.18,5.878,32.706,-116.834
 14:26:39.335,eb:33:2e:f9:57:b5, 2085-97-116 244:232:236:10292,-0.396,-2.964,3.642,459.351,141.785,11.78,10.366,31.234,-117.62
 14:26:39.335,eb:33:2e:f9:57:b5, 2085-97-72 253:153:29:2757,1.458,1.278,1.288,400.33,892.273,345.398,17.265,36.76,-113.752
 14:26:39.335,eb:33:2e:f9:57:b5, 2085-97-190 16:59:22:12228,2.075,3.14,4.222,241.882,529.846,302.979,23.599,41.589,-107.567
 14:26:39.335,eb:33:2e:f9:57:b5, 2085-97-151 19:88:42:7704,2.825,3.898,4.482,375.427,486.328,209.29,30.652,45.621,-101.525
 14:26:39.362,eb:33:2e:f9:57:b5, 2085-97-228 24:216:35:7427,2.898,5.199,3.272,476.624,53.65,-35.95,36.876,47.395,-98.767
 14:26:39.362,eb:33:2e:f9:57:b5, 2085-97-127 20:249:25:9496,2.437,3.838,3.966,504.7,-139.099,-275.513,40.221,47.95,-101.404
 14:26:39.362,eb:33:2e:f9:57:b5, 2085-97-46 18:93:14:13430,2.01,2.58,5.761,466.248,-222.9,-462.646,40.919,48.818,-107.386
 14:26:39.364,eb:33:2e:f9:57:b5, 2085-97-185 13:255:00:13511,1.502,0.939,6.8,401.428,-146.667,-562.622,39.891,50.751,-114.966
 14:26:39.422,eb:33:2e:f9:57:b5, 2085-97-199 10:130:245:12546,1.147,-0.631,6.315,325.989,-61.462,-562.866,37.826,53.476,-122.602
 14:26:39.422,eb:33:2e:f9:57:b5, 2085-113-81 00:53:224:-16200,0.924,-1.853,5.87,251.77,45.776,-488.831,35.338,56.475,-129.501
 14:26:39.422,eb:33:2e:f9:57:b5, 2085-97-47 06:135:236:10414,0.735,-2.212,5.483,218.933,108.521,-431.641,34.272,58.085,-132.281
 14:26:39.422,eb:33:2e:f9:57:b5, 2085-97-68 06:09:235:9488,0.858,-2.566,4.799,156.677,221.741,-299.927,33.014,61.469,-136.038
 14:26:39.452,eb:33:2e:f9:57:b5, 2085-97-139 07:25:235:9226,1.061,-2.618,4.557,109.924,315.918,-170.166,33.547,65.001,-136.901
 14:26:39.452,eb:33:2e:f9:57:b5, 2085-97-46 10:77:234:9059,1.561,-2.648,4.469,96.985,358.215,-55.298,36.645,68.439,-134.533
 14:26:39.452,eb:33:2e:f9:57:b5, 2085-97-120 14:87:232:8742,2.03,-2.816,4.39,119.019,346.13,14.404,42.347,71.301,-129.424
 14:26:39.452,eb:33:2e:f9:57:b5, 2085-97-55 17:24:230:7536,2.449,-3.081,4.068,154.663,320.496,52.612,50.273,73.361,-122.399
 14:26:39.542,eb:33:2e:f9:57:b5, 2085-97-33 17:140:223:1486,1.944,-3.445,2.644,154.48,336.243,79.712,60.183,74.713,-113.533
 14:26:39.542,eb:33:2e:f9:57:b5, 2085-97-84 17:111:212:-6681,2.579,-4.71,-1.78,28.931,249.329,108.276,70.582,75.168,-103.563
 14:26:39.542,eb:33:2e:f9:57:b5, 2085-97-15 23:152:215:-3377,3.023,-5.675,-2.951,-228.271,191.528,117.249,76.679,74.734,-95.883
 14:26:39.542,eb:33:2e:f9:57:b5, 2085-97-255 21:136:226:-196,2.255,-4.241,-0.161,-376.282,57.312,50.049,76.349,74.152,-92.895
 14:26:39.574,eb:33:2e:f9:57:b5, 2085-97-69 16:135:227:-1818,2.068,-3.587,-0.759,-515.137,29.358,-5.432,73.718,74.152,-90.906
 14:26:39.574,eb:33:2e:f9:57:b5, 2085-97-145 17:23:233:272,2.247,-3.275,-0.5,-631.653,-74.341,-51.27,66.676,74.301,-92.208
 14:26:39.574,eb:33:2e:f9:57:b5, 2085-97-04 17:170:238:2299,1.894,-2.479,0.743,-713.928,-75.134,-103.333,56.772,74.603,-95.592
 14:26:39.574,eb:33:2e:f9:57:b5, 2085-97-95 13:28:241:3113,1.518,-1.957,1.327,-772.644,-55.786,-149.048,45.577,75.207,-99.525
 14:26:39.574,eb:33:2e:f9:57:b5, 2085-97-241 11:11:242:4306,1.672,-1.848,1.774,-813.171,-87.402,-179.26,32.41,75.679,-105.156
 14:26:39.574,eb:33:2e:f9:57:b5, 2085-97-37 12:221:250:7899,1.078,-1.357,3.006,-853.943,-51.086,-189.941,17.781,75.602,-111.78
 14:26:39.574,eb:33:2e:f9:57:b5, 2085-97-238 06:86:255:8354,0.857,-0.13,3.894,-836.365,-43.518,-218.872,3.224,76.014,-118.279
 14:26:39.574,eb:33:2e:f9:57:b5, 2085-97-102 06:00:252:7857,0.772,-0.312,4.23,-750.732,-219.971,-228.638,-10.854,74.196,-124.832
 14:26:39.602,eb:33:2e:f9:57:b5, 2085-97-237 05:132:250:6576,0.573,-0.589,3.418,-707.336,-274.475,-193.909,-21.319,71.109,-128.546
 14:26:39.602,eb:33:2e:f9:57:b5, 2085-97-163 02:182:248:6646,0.153,-0.788,3.173,-698.853,-272.827,-128.418,-28.817,67.945,-129.067
 14:26:39.602,eb:33:2e:f9:57:b5, 2085-97-07 01:52:247:7544,0.162,-1.044,3.488,-677.734,-317.139,-35.889,-34.025,64.99,-127.403
 14:26:39.602,eb:33:2e:f9:57:b5, 2085-97-248 01:152:248:7861,0.243,-1.071,3.777,-656.311,-333.618,63.721,-37.057,62.474,-123.206
 14:26:39.663,eb:33:2e:f9:57:b5, 2085-97-47 03:250:252:7426,0.604,-0.688,3.621,-642.395,-299.805,152.649,-39.084,60.727,-118.169
 14:26:39.663,eb:33:2e:f9:57:b5, 2085-97-221 05:32:05:8129,0.777,0.077,3.835,-622.681,-305.176,203.613,-40.342,59.617,-112.072
 14:26:39.663,eb:33:2e:f9:57:b5, 2085-97-37 06:09:14:7889,0.736,1.24,3.966,-597.046,-307.434,213.501,-41.281,58.661,-106.062
 14:26:39.664,eb:33:2e:f9:57:b5, 2085-97-127 05:170:18:7716,0.617,2.109,3.766,-554.688,-375.366,185.913,-41.797,57.524,-99.602
 14:26:39.693,eb:33:2e:f9:57:b5, 2085-97-01 04:230:21:8999,0.29,2.507,3.957,-516.541,-447.144,145.691,-41.885,55.41,-93.274
 14:26:39.693,eb:33:2e:f9:57:b5, 2085-97-229 255:139:26:11588,-0.335,3.03,4.982,-513.123,-469.482,116.516,-42.094,52.921,-86.874
 14:26:39.693,eb:33:2e:f9:57:b5, 2085-97-44 251:55:32:13849,-0.763,3.616,6.318,-521.057,-434.57,106.812,-43.061,50.164,-81.37
 14:26:39.693,eb:33:2e:f9:57:b5, 2085-97-254 248:07:44:13330,-1.003,4.655,6.846,-489.563,-306.274,98.877,-44.802,48.301,-76.63
 14:26:39.722,eb:33:2e:f9:57:b5, 2085-97-229 247:179:57:12019,-0.96,6.441,6.047,-381.775,-238.464,47.424,-47.082,46.906,-73.718
 14:26:39.722,eb:33:2e:f9:57:b5, 2085-97-91 248:117:64:10702,-0.881,7.733,5.675,-250.244,-214.539,-47.058,-48.604,45.385,-71.395
 14:26:39.722,eb:33:2e:f9:57:b5, 2085-97-247 249:36:68:9340,-0.627,8.315,4.907,-157.776,-162.659,-162.842,-50.103,43.132,-70.741
 14:26:39.722,eb:33:2e:f9:57:b5, 2085-97-238 250:83:65:6854,-0.704,8.512,4.032,-119.019,-48.828,-275.574,-51.877,40.721,-71.477
 14:26:39.782,eb:33:2e:f9:57:b5, 2085-97-48 248:182:55:5651,-1.422,7.556,2.928,-91.797,48.523,-354.187,-54.514,38.04,-74.147
 14:26:39.782,eb:33:2e:f9:57:b5, 2085-97-182 240:197:43:5255,-2.277,6.319,2.654,-26.184,80.444,-362,-56.805,35.398,-77.272
 14:26:39.782,eb:33:2e:f9:57:b5, 2085-97-121 236:03:27:5084,-2.449,4.437,2.519,94.116,39.246,-289.185,-57.849,32.849,-80.019
 14:26:39.782,eb:33:2e:f9:57:b5, 2085-97-124 248:135:20:17903,-5.288,2.282,2.172,231.506,51.758,-144.897,-56.937,31.212,-81.689
 14:26:39.813,eb:33:2e:f9:57:b5, 2085-97-69 213:160:38:462,-1.419,2.468,2.48,741.943,353.76,182.007,-52.136,31.827,-84.122
 14:26:39.813,eb:33:2e:f9:57:b5, 2085-97-177 24:114:38:12419,10.352,5.633,7.276,472.9,-709.839,99.548,-41.885,28.13,-78.019
 14:26:39.813,eb:33:2e:f9:57:b5, 2085-97-54 244:244:31:-14089,-2.688,4.146,10.229,413.818,-296.082,-83.435,-36.678,24.549,-74.987
 14:26:39.813,eb:33:2e:f9:57:b5, 2085-97-154 250:16:250:4308,-0.375,-2.407,0.565,36.987,-287.781,-127.686,-35.848,21.973,-74.938
 14:26:39.842,eb:33:2e:f9:57:b5, 2085-97-177 250:106:27:-7704,1.333,-2.502,1.798,130.432,379.333,64.27,-35.508,23.214,-76.882
 14:26:39.842,eb:33:2e:f9:57:b5, 2085-97-11 254:69:09:-3183,1.757,-1.758,4.505,37.659,106.567,12.207,-35.233,22.588,-76.761
 14:26:39.842,eb:33:2e:f9:57:b5, 2085-97-148 253:74:00:091,0.336,-0.269,3.369,12.695,151.672,-26.489,-35.178,22.286,-77.086
 14:26:39.842,eb:33:2e:f9:57:b5, 2085-97-211 04:108:255:3089,-0.117,-0.026,1.005,13.062,30.701,-51.086,-35.288,22.401,-77.816
 14:26:39.933,eb:33:2e:f9:57:b5, 2085-97-223 255:130:255:1729,0.398,-0.168,0.855,18.066,112.122,-40.527,-35.568,22.967,-79.173
 14:26:39.933,eb:33:2e:f9:57:b5, 2085-97-237 02:94:254:2955,0.474,-0.15,1.418,23.743,126.892,-38.757,-35.645,23.417,-80.052
 14:26:39.933,eb:33:2e:f9:57:b5, 2085-97-71 04:77:254:4394,0.049,-0.181,1.736,34.729,216.553,-25.94,-35.898,24.62,-81.711
 14:26:39.933,eb:33:2e:f9:57:b5, 2085-97-153 254:216:251:4695,0.083,-0.351,2.213,45.166,360.84,-0.61,-36.304,27.048,-83.848
 14:26:39.935,eb:33:2e:f9:57:b5, 2085-97-53 02:27:251:6037,0.803,-0.301,2.36,107.971,254.7,-0.183,-36.491,29.537,-86.204
 14:26:39.935,eb:33:2e:f9:57:b5, 2085-97-14 08:104:247:11687,0.175,-0.764,4.177,220.154,218.079,9.033,-35.283,31.08,-87.435
 14:26:39.935,eb:33:2e:f9:57:b5, 2085-97-144 252:230:240:9065,0.107,-1.584,5.021,333.374,480.957,42.175,-33.876,34.667,-90.302
 14:26:39.935,eb:33:2e:f9:57:b5, 2085-97-185 03:05:239:8140,0.729,-2.143,4.496,493.652,287.292,49.316,-30.498,37.546,-92.032
 14:26:39.993,eb:33:2e:f9:57:b5, 2085-97-97 09:232:235:9101,1.522,-2.095,3.885,628.784,190.979,41.626,-25.411,39.902,-93.219
 14:26:39.993,eb:33:2e:f9:57:b5, 2085-97-23 14:122:240:9968,1.567,-2.552,4.676,800.964,222.473,14.771,-18.545,41.786,-93.884
 14:26:39.993,eb:33:2e:f9:57:b5, 2085-97-136 13:121:03:12533,1.354,-0.445,5.294,943.848,216.614,-32.593,-10.3,44.105,-95.004
 14:26:39.993,eb:33:2e:f9:57:b5, 2085-97-194 05:122:13:10663,0.668,1.093,5.578,1032.104,-63.721,-108.398,-1.099,44.852,-96.18
 14:26:40.024,eb:33:2e:f9:57:b5, 2085-97-161 01:107:15:11832,-0.384,2.106,5.817,1011.536,-452.209,-180.908,7.839,41.803,-98.597
 14:26:40.024,eb:33:2e:f9:57:b5, 2085-97-151 243:156:255:9737,-1.507,1.378,5.604,865.417,-414.978,-157.41,15.381,37.43,-101.854
 14:26:40.024,eb:33:2e:f9:57:b5, 2085-97-14 248:30:225:9748,-0.137,-2.075,4.31,585.754,52.063,11.78,21.747,35.892,-103.607
 14:26:40.024,eb:33:2e:f9:57:b5, 2085-97-103 08:98:06:2091,1.151,-3.656,6.22,626.221,863.281,315.491,29.707,39.227,-99.651
 14:26:40.053,eb:33:2e:f9:57:b5, 2085-97-175 28:196:27:7210,4.563,3.741,0.546,328.308,690.552,437.073,42.012,44.824,-87.885
 14:26:40.053,eb:33:2e:f9:57:b5, 2085-97-99 30:145:35:7264,3.618,3.314,5.737,335.51,589.111,341.919,50.845,45.742,-79.195
 14:26:40.053,eb:33:2e:f9:57:b5, 2085-97-120 29:230:47:4247,3.768,5.75,2.305,469.666,164.612,87.769,59.172,46.483,-73.268
 14:26:40.053,eb:33:2e:f9:57:b5, 2085-97-74 28:246:31:10292,2.944,5.233,3.224,534.546,-447.021,-271.729,62.232,46.445,-76.36
 14:26:40.113,eb:33:2e:f9:57:b5, 2085-97-30 19:211:12:14574,1.858,2.791,6.3,491.821,-490.356,-548.584,61.551,47.895,-85.27
 14:26:40.113,eb:33:2e:f9:57:b5, 2085-97-218 10:113:248:15171,1.026,0.292,7.485,385.498,-396.729,-678.345,58.667,51.021,-95.46
 14:26:40.113,eb:33:2e:f9:57:b5, 2085-97-106 06:211:234:14410,0.446,-1.911,7.208,269.287,-255.859,-642.273,54.608,54.767,-105.255
 14:26:40.113,eb:33:2e:f9:57:b5, 2085-97-194 00:95:227:12320,0.017,-3.225,6.641,165.527,-34.363,-501.77,50.647,58.365,-112.917
 14:26:40.204,eb:33:2e:f9:57:b5, 2085-97-106 01:84:228:10340,0.412,-3.613,5.428,79.895,170.227,-324.158,48.785,61.935,-116.609
 14:26:40.204,eb:33:2e:f9:57:b5, 2085-97-201 05:39:231:9492,1.062,-3.284,4.828,0.671,352.051,-158.813,50.004,65.468,-115.609
 14:26:40.204,eb:33:2e:f9:57:b5, 2085-97-76 11:238:233:8672,1.748,-2.945,4.488,-41.504,465.454,-33.875,55.283,68.763,-109.396
 14:26:40.204,eb:33:2e:f9:57:b5, 2085-97-125 16:171:235:6949,2.348,-2.604,3.907,-57.495,493.164,26.55,64.122,71.279,-99.174
 14:26:40.204,eb:33:2e:f9:57:b5, 2085-97-82 21:24:232:3569,2.897,-2.653,2.616,-77.698,451.782,45.105,74.828,72.675,-86.913
 14:26:40.204,eb:33:2e:f9:57:b5, 2085-97-152 23:16:224:-2207,2.943,-3.484,0.501,-113.342,367.126,16.907,84.375,73.174,-75.69
 14:26:40.204,eb:33:2e:f9:57:b5, 2085-97-223 23:252:219:-4785,2.832,-4.38,-2.311,-257.507,245.605,-21.301,90.753,73.405,-66.967
 14:26:40.204,eb:33:2e:f9:57:b5, 2085-97-18 20:27:223:-626,2.366,-4.367,-1.317,-412.354,39.551,-77.393,90.802,73.911,-63.215
 14:26:40.233,eb:33:2e:f9:57:b5, 2085-97-166 18:160:226:2180,2.306,-3.914,0.504,-555.176,-84.412,-114.441,84.496,74.905,-64.819
 14:26:40.233,eb:33:2e:f9:57:b5, 2085-97-147 18:22:234:3014,2.386,-3.249,1.33,-731.567,6.958,-108.276,76.102,75.927,-66.797
 14:26:40.233,eb:33:2e:f9:57:b5, 2085-97-83 19:186:240:3741,2.353,-2.267,1.639,-868.896,91.309,-118.225,68.659,77.19,-66.253
 14:26:40.233,eb:33:2e:f9:57:b5, 2085-97-216 16:238:245:5387,1.974,-1.683,2.058,-944.763,161.377,-145.325,61.408,78.948,-64.286
 14:26:40.263,eb:33:2e:f9:57:b5, 2085-97-59 16:204:04:7279,1.878,-0.205,3.23,-947.754,228.821,-184.509,56.332,81.541,-59.908
 14:26:40.263,eb:33:2e:f9:57:b5, 2085-97-225 13:178:04:6444,1.8,0.818,3.46,-844.482,-9.216,-249.756,44.291,83.892,-63.029
 14:26:40.263,eb:33:2e:f9:57:b5, 2085-97-252 13:244:00:5456,1.456,0.293,2.974,-742.432,-214.661,-273.56,19.314,83.99,-80.717
 14:26:40.263,eb:33:2e:f9:57:b5, 2085-97-162 08:127:254:4567,0.726,0.012,2.338,-693.359,-259.338,-248.474,-2.631,81.98,-95.801
 14:26:40.293,eb:33:2e:f9:57:b5, 2085-97-162 03:71:250:5193,0.304,-0.451,2.362,-650.635,-365.234,-187.134,-15.749,78.404,-102.673
 14:26:40.294,eb:33:2e:f9:57:b5, 2085-97-226 01:35:248:5962,0.203,-0.904,2.726,-604.858,-453.125,-83.008,-21.467,74.031,-102.107
 14:26:40.294,eb:33:2e:f9:57:b5, 2085-97-159 01:104:251:6663,-0.005,-0.88,3.078,-582.52,-448.608,41.321,-23.253,69.681,-97.932
 14:26:40.294,eb:33:2e:f9:57:b5, 2085-97-06 00:239:01:5811,0.229,-0.159,2.824,-581.665,-359.741,160.095,-23.741,66.583,-91.989
 14:26:40.352,eb:33:2e:f9:57:b5, 2085-97-97 03:155:10:7775,0.383,0.73,3.335,-572.327,-386.597,219.482,-23.45,63.787,-85.353
 14:26:40.352,eb:33:2e:f9:57:b5, 2085-97-15 02:26:20:7410,0.284,1.953,3.788,-561.401,-332.336,243.774,-23.198,61.578,-78.415
 14:26:40.352,eb:33:2e:f9:57:b5, 2085-113-81 00:07:159:-3739,0.396,2.961,3.785,-533.447,-387.939,217.529,-23.368,59.084,-72.301
 14:26:40.352,eb:33:2e:f9:57:b5, 2085-97-23 03:169:30:9426,0.219,3.369,4.231,-525.879,-379.517,198.059,-23.577,57.761,-69.313
 14:26:40.352,eb:33:2e:f9:57:b5, 2085-97-240 255:208:37:10661,-0.239,4.314,4.869,-532.776,-337.28,149.658,-25.027,55.14,-64.698
 14:26:40.382,eb:33:2e:f9:57:b5, 2085-97-70 252:158:42:11785,-0.651,5.046,5.568,-524.963,-310.242,103.027,-27.268,52.811,-60.683
 14:26:40.382,eb:33:2e:f9:57:b5, 2085-97-207 249:65:48:11400,-0.885,5.641,5.714,-463.684,-259.827,64.148,-30.086,50.636,-57.958
 14:26:40.382,eb:33:2e:f9:57:b5, 2085-97-42 248:217:54:10282,-0.985,6.465,5.307,-358.093,-214.6,13.062,-32.552,48.873,-55.706
 14:26:40.382,eb:33:2e:f9:57:b5, 2085-97-238 248:144:58:9537,-0.716,7.144,4.826,-234.192,-207.031,-60.791,-34.75,46.923,-54.734
 14:26:40.442,eb:33:2e:f9:57:b5, 2085-97-172 251:120:61:8500,-0.408,7.479,4.441,-132.935,-195.129,-156.799,-36.205,44.626,-54.305
 14:26:40.442,eb:33:2e:f9:57:b5, 2085-97-68 253:230:61:6796,-0.399,7.825,3.76,-86.731,-147.888,-271.606,-37.991,41.836,-55.508
 14:26:40.442,eb:33:2e:f9:57:b5, 2085-97-72 251:125:53:5852,-0.9,7.333,2.97,-74.28,-84.839,-374.878,-40.095,38.826,-57.733
 14:26:40.442,eb:33:2e:f9:57:b5, 2085-97-04 246:71:42:5897,-1.598,5.958,2.886,-43.213,-5.493,-415.771,-42.643,35.689,-61.265
 14:26:40.474,eb:33:2e:f9:57:b5, 2085-97-96 241:231:31:5279,-1.939,4.651,2.723,33.936,46.021,-373.657,-44.467,33.08,-64.781
 14:26:40.474,eb:33:2e:f9:57:b5, 2085-97-207 240:39:21:4761,-1.751,3.307,2.441,149.17,53.833,-264.465,-45.044,31.053,-67.983
 14:26:40.474,eb:33:2e:f9:57:b5, 2085-97-248 04:231:19:12718,-2.653,2.07,2.172,258.24,63.11,-127.136,-43.792,30.097,-69.928
 14:26:40.474,eb:33:2e:f9:57:b5, 2085-97-32 216:137:28:-682,-3.528,4.111,5.392,688.049,559.265,184.448,-39.122,31.157,-71.73
 14:26:40.504,eb:33:2e:f9:57:b5, 2085-97-130 24:18:254:10742,8.228,3.783,2.968,346.008,-845.703,218.323,-30.493,28.251,-67.302
 14:26:40.504,eb:33:2e:f9:57:b5, 2085-97-19 243:152:13:-8379,-3.209,5.963,6.055,91.675,941.04,47.852,-27.812,30.245,-66.555
 14:26:40.504,eb:33:2e:f9:57:b5, 2085-97-14 03:255:245:4314,1.549,-2.44,-0.691,34.363,-253.479,-64.209,-28.405,30.751,-68.214
 14:26:40.504,eb:33:2e:f9:57:b5, 2085-97-83 252:44:20:-5515,-0.184,0.383,3.174,76.721,472.839,72.266,-27.642,31.465,-68.956
 14:26:40.594,eb:33:2e:f9:57:b5, 2085-97-148 06:113:06:871,0.816,-1.263,2.061,17.09,-46.753,36.072,-27.526,31.174,-68.956
 14:26:40.594,eb:33:2e:f9:57:b5, 2085-97-170 02:89:254:2223,0.923,0.014,1.509,1.343,-5.859,-21.484,-27.301,29.877,-68.719
 14:26:40.594,eb:33:2e:f9:57:b5, 2085-97-230 03:101:254:2799,-0.206,0.074,1.378,9.399,52.612,-45.471,-27.318,29.592,-68.978
 14:26:40.594,eb:33:2e:f9:57:b5, 2085-97-84 254:150:254:1723,0.042,-0.011,0.635,14.404,75.623,-53.528,-27.713,30.185,-70.334
 14:26:40.596,eb:33:2e:f9:57:b5, 2085-97-88 04:81:255:2884,0.621,-0.13,0.911,21.851,24.658,-44.006,-27.856,30.333,-71.043
 14:26:40.596,eb:33:2e:f9:57:b5, 2085-97-114 01:235:250:4503,-0.355,-0.208,1.852,33.447,211.243,-23.926,-28.065,30.965,-72.296
 14:26:40.596,eb:33:2e:f9:57:b5, 2085-97-08 255:45:253:5974,0.794,-0.835,2.771,57.8,350.403,71.655,-28.29,33.794,-73.724
 14:26:40.596,eb:33:2e:f9:57:b5, 2085-97-204 06:134:249:9329,0.432,-0.449,3.889,145.996,160.461,27.649,-27.697,35.667,-74.751
 14:26:40.622,eb:33:2e:f9:57:b5, 2085-97-67 06:248:237:13657,1.529,-1.191,5.373,337.28,15.808,-31.433,-25.703,37.073,-75.443
 14:26:40.622,eb:33:2e:f9:57:b5, 2085-97-150 19:38:238:11405,3.024,-2.548,6.585,539.124,281.128,-41.077,-21.758,37.82,-76.827
 14:26:40.622,eb:33:2e:f9:57:b5, 2085-97-205 27:27:240:9711,3.99,-1.936,4.827,685.486,512.146,-62.317,-16.941,41.649,-79.167
 14:26:40.622,eb:33:2e:f9:57:b5, 2085-97-175 27:19:18:9244,3.829,-1.326,4.76,852.295,562.256,-85.815,-11.14,46.736,-82.414
 14:26:40.682,eb:33:2e:f9:57:b5, 2085-97-37 28:77:39:11826,2.934,4.294,4.897,1134.583,167.664,-201.233,-3.027,50.219,-85.182
 14:26:40.682,eb:33:2e:f9:57:b5, 2085-97-10 13:65:27:14677,-0.173,4.342,7.027,1137.573,-649.841,-419.067,5.301,47.653,-90.159
 14:26:40.682,eb:33:2e:f9:57:b5, 2085-97-02 238:132:00:11863,-3.1,1.391,6.669,894.165,-816.345,-434.143,10.8,40.562,-97.328
 14:26:40.682,eb:33:2e:f9:57:b5, 2085-97-99 227:198:224:22280,-0.402,-1.718,6.097,555.42,-403.32,-252.747,14.865,35.266,-102.849
 14:26:40.712,eb:33:2e:f9:57:b5, 2085-97-99 250:165:28:15735,0.816,0.319,8.142,601.318,864.441,110.046,21.187,38.04,-102.958
 14:26:40.712,eb:33:2e:f9:57:b5, 2085-97-224 28:19:08:23001,4.245,2.473,7.054,325.928,817.322,167.48,29.268,45.956,-96.575
 14:26:40.712,eb:33:2e:f9:57:b5, 2085-97-106 32:83:27:13968,4.677,2.13,9.268,458.679,1023.804,203.674,40.704,53.333,-86.056
 14:26:40.712,eb:33:2e:f9:57:b5, 2085-97-18 39:176:15:11833,4.272,2.852,6.345,643.616,339.111,23.56,52.767,56.981,-78.08
 14:26:40.743,eb:33:2e:f9:57:b5, 2085-97-54 29:176:07:9708,3.228,1.405,4.754,708.069,20.996,-172.363,60.98,58.656,-76.459
 14:26:40.743,eb:33:2e:f9:57:b5, 2085-97-36 21:218:252:13669,2.058,0.363,5.774,650.269,-257.629,-351.257,63.896,60.37,-81.436
 14:26:40.743,eb:33:2e:f9:57:b5, 2085-97-212 12:150:239:15698,1.208,-1.219,7.248,516.418,-287.476,-430.969,62.82,62.633,-89.599
 14:26:40.743,eb:33:2e:f9:57:b5, 2085-97-70 07:45:229:15264,0.803,-2.796,7.734,363.525,-124.512,-399.353,60.397,65.27,-97.498
 14:26:40.773,eb:33:2e:f9:57:b5, 2085-97-61 07:61:226:13397,1.046,-3.674,7.02,237.427,129.7,-291.565,60.172,68.28,-101.047
 14:26:40.773,eb:33:2e:f9:57:b5, 2085-97-106 09:242:228:10999,1.33,-3.577,5.966,135.986,374.146,-177.002,64.88,71.57,-97.905
 14:26:40.773,eb:33:2e:f9:57:b5, 2085-97-14 12:179:230:9283,1.687,-3.224,4.878,66.101,459.717,-90.881,75.207,74.328,-87.863
 14:26:40.773,eb:33:2e:f9:57:b5, 2085-97-166 14:04:230:7711,1.9,-3.181,4.249,33.02,421.448,-44.25,88.094,75.685,-74.778
 14:26:40.863,eb:33:2e:f9:57:b5, 2085-97-165 14:166:225:4809,1.733,-3.455,3.125,2.502,347.351,-29.48,99.893,75.839,-62.551
 14:26:40.864,eb:33:2e:f9:57:b5, 2085-97-19 14:134:218:682,1.97,-4.211,1.371,-68.665,266.541,-24.902,108.715,75.416,-53.004
 14:26:40.864,eb:33:2e:f9:57:b5, 2085-97-97 18:82:213:-1299,2.512,-5.121,-0.448,-236.084,261.23,-7.385,114.329,74.663,-45.45
 14:26:40.864,eb:33:2e:f9:57:b5, 2085-97-04 21:198:216:-049,2.631,-5.195,-0.237,-442.871,231.995,-12.085,117.059,73.685,-38.831
 14:26:40.864,eb:33:2e:f9:57:b5, 2085-97-54 20:113:220:-397,2.5,-4.648,-0.054,-588.867,238.647,-46.448,117.691,72.916,-32.531
 14:26:40.864,eb:33:2e:f9:57:b5, 2085-97-49 21:116:225:531,2.938,-4.185,-0.087,-699.89,156.677,-93.628,116.664,72.669,-26.812
 14:26:40.864,eb:33:2e:f9:57:b5, 2085-97-197 25:14:231:2839,3.326,-3.437,0.789,-787.781,64.087,-159.79,112.896,73.433,-22.819
 14:26:40.864,eb:33:2e:f9:57:b5, 2085-97-73 25:41:233:3877,2.951,-2.914,1.799,-863.098,78.735,-229.065,108.204,75.097,-19.237
 14:26:41.131,eb:33:2e:f9:57:b5, 2085-97-63 22:135:230:5045,2.515,-2.995,2.043,-912.903,39.429,-289.246,103.321,77.476,-14.985
 14:26:41.131,eb:33:2e:f9:57:b5, 2085-97-149 21:115:236:8082,2.879,-2.984,2.96,-936.584,1.465,-319.824,96.68,80.436,-12.519
 14:26:41.131,eb:33:2e:f9:57:b5, 2085-97-227 19:46:239:8820,2.064,-2.022,4.56,-912.048,-84.534,-343.75,84.803,83.787,-15.178
 14:26:41.131,eb:33:2e:f9:57:b5, 2085-97-33 15:22:234:8120,1.721,-2.472,3.995,-860.535,-280.945,-326.782,57.156,86.309,-34.536
 14:26:41.134,eb:33:2e:f9:57:b5, 2085-97-82 12:225:233:8279,1.29,-2.831,3.969,-838.501,-378.906,-224.243,19.045,85.177,-64.468
 14:26:41.134,eb:33:2e:f9:57:b5, 2085-97-129 07:96:236:7317,1.087,-2.654,3.961,-806.641,-396.301,-66.895,0.11,81.304,-75.641
 14:26:41.134,eb:33:2e:f9:57:b5, 2085-97-231 11:86:246:8866,1.594,-2.02,3.811,-735.413,-505.31,70.435,-5.85,76.794,-73.85
 14:26:41.134,eb:33:2e:f9:57:b5, 2085-97-25 11:24:06:8991,1.212,-0.189,4.496,-688.599,-460.693,164.368,-7.646,71.993,-68.566
 14:26:41.136,eb:33:2e:f9:57:b5, 2085-97-10 09:98:18:10435,0.927,1.542,4.542,-640.686,-545.288,193.97,-8.481,67.39,-62.194
 14:26:41.136,eb:33:2e:f9:57:b5, 2085-97-205 05:86:31:12917,0.424,3.107,5.598,-586.792,-641.541,204.407,-9.437,61.683,-56.536
 14:26:41.136,eb:33:2e:f9:57:b5, 2085-97-01 255:153:48:17752,-0.702,4.84,7.38,-537.903,-727.417,206.238,-10.311,55.19,-50.746
 14:26:41.136,eb:33:2e:f9:57:b5, 2085-97-162 246:165:76:21415,-1.342,7.612,9.933,-484.131,-616.211,183.777,-11.854,48.746,-46.104
 14:26:41.137,eb:33:2e:f9:57:b5, 2085-97-140 247:140:96:18893,-0.79,10.993,9.905,-351.868,-276.733,68.359,-13.87,44.951,-43.028
 14:26:41.137,eb:33:2e:f9:57:b5, 2085-97-253 250:70:103:14801,-0.667,12.729,8.335,-242.737,-93.506,-137.878,-16.87,43.187,-43.374
 14:26:41.137,eb:33:2e:f9:57:b5, 2085-97-00 250:217:102:10725,-0.987,12.923,6.135,-192.871,-115.051,-378.906,-20.72,41.325,-46.208
 14:26:41.137,eb:33:2e:f9:57:b5, 2085-97-68 243:47:91:8033,-2.324,12.396,4.442,-162.048,-117.92,-553.223,-25.455,38.073,-51.394
 14:26:41.139,eb:33:2e:f9:57:b5, 2085-97-108 231:230:64:7439,-3.707,9.915,3.841,-62.134,-83.74,-608.826,-29.564,34.255,-56.964
 14:26:41.139,eb:33:2e:f9:57:b5, 2085-97-187 241:69:41:10658,-3.011,6.123,3.228,95.825,-22.034,-501.099,-31.877,30.751,-62.435
 14:26:41.139,eb:33:2e:f9:57:b5, 2085-97-202 192:115:78:-6900,-0.599,5.698,7.797,643.494,787.72,-32.166,-29.504,30.394,-67.137
 14:26:41.139,eb:33:2e:f9:57:b5, 2085-97-48 77:171:43:9486,6.344,3.097,6.59,322.205,-337.646,113.281,-23.813,25.692,-64.968
 14:26:41.222,eb:33:2e:f9:57:b5, 2085-97-202 223:50:01:-8977,0.695,3.264,1.307,109.863,640.137,-146.118,-22.121,29.976,-66.204
 14:26:41.222,eb:33:2e:f9:57:b5, 2085-97-26 01:127:249:6963,-0.513,-0.808,4.611,149.658,614.014,51.27,-22.258,39.364,-77.212
 14:26:41.222,eb:33:2e:f9:57:b5, 2085-97-158 247:30:249:4740,-1.524,-0.696,2.366,235.84,481.75,84.351,-21.561,45.198,-79.321
 14:26:41.222,eb:33:2e:f9:57:b5, 2085-97-198 243:25:238:9743,-1.167,-1.521,3.446,349.609,68.42,85.693,-18.809,47.653,-79.821
 14:26:41.253,eb:33:2e:f9:57:b5, 2085-113-81 00:215:160:-4672,-0.29,-2.625,5.277,514.954,-54.688,127.747,-13.376,47.862,-78.311
 14:26:41.253,eb:33:2e:f9:57:b5, 2085-97-124 05:217:232:11886,1.695,-2.764,5.58,610.657,-68.115,128.906,-9.844,47.692,-77.333
 14:26:41.253,eb:33:2e:f9:57:b5, 2085-97-156 21:219:231:13042,2.882,-3.254,5.988,819.885,40.71,84.717,-1.571,47.483,-76.086
 14:26:41.253,eb:33:2e:f9:57:b5, 2085-97-220 24:213:00:18159,3.519,-1.199,7.503,1036.072,358.093,17.212,8.427,49.625,-75.245
 14:26:41.255,eb:33:2e:f9:57:b5, 2085-97-202 24:27:18:13072,3.018,0.744,8.102,1155.396,298.645,-31.494,20.44,53.465,-74.306
 14:26:41.255,eb:33:2e:f9:57:b5, 2085-97-27 23:166:22:16791,1.793,3.152,7.145,1159.424,-401.794,-233.765,30.168,53.201,-76.987
 14:26:41.255,eb:33:2e:f9:57:b5, 2085-97-132 255:03:13:9185,-0.384,2.619,6.973,998.23,-378.967,-250.977,36.112,51.031,-83.897
 14:26:41.255,eb:33:2e:f9:57:b5, 2085-97-143 247:34:229:18294,0.879,-1.334,4.104,583.618,-231.201,-119.141,40.292,49.653,-88.83
 14:26:41.312,eb:33:2e:f9:57:b5, 2085-97-191 246:114:40:10539,0.834,0.394,6.26,622.803,901.917,332.886,49.763,51.976,-84.567
 14:26:41.312,eb:33:2e:f9:57:b5, 2085-97-29 32:91:22:19628,3.588,4.396,3.414,364.075,264.343,275.94,63.237,53.591,-72.4
 14:26:41.312,eb:33:2e:f9:57:b5, 2085-97-67 18:189:28:11303,2.903,2.668,8.403,501.587,464.722,208.313,72.817,52.861,-65.764
 14:26:41.312,eb:33:2e:f9:57:b5, 2085-97-219 26:06:20:13357,2.563,3.434,5.794,656.921,-101.013,-30.212,80.299,52.421,-63.743
 14:26:41.374,eb:33:2e:f9:57:b5, 2085-97-144 13:127:02:12929,1.216,1.4,6.304,681.213,-232.666,-253.54,85.007,53.751,-66.764
 14:26:41.374,eb:33:2e:f9:57:b5, 2085-97-211 06:102:242:14834,0.484,-0.712,6.863,583.313,-341.309,-372.986,87.188,56.783,-72.158
 14:26:41.374,eb:33:2e:f9:57:b5, 2085-97-146 00:106:227:14503,-0.047,-2.629,7.312,400.94,-228.699,-364.441,87.643,60.37,-77.646
 14:26:41.374,eb:33:2e:f9:57:b5, 2085-97-223 255:189:223:13032,0.04,-3.993,6.806,224.854,33.386,-256.592,88.951,63.386,-79.629
 14:26:41.374,eb:33:2e:f9:57:b5, 2085-97-181 01:86:227:10092,0.532,-3.837,5.636,89.966,315.002,-140.015,93.95,65.281,-75.613
 14:26:41.374,eb:33:2e:f9:57:b5, 2085-97-209 06:118:231:8305,1.073,-3.309,4.455,-13.184,433.533,-56.641,101.651,65.709,-67.198
 14:26:41.374,eb:33:2e:f9:57:b5, 2085-97-106 10:184:233:6322,1.503,-2.883,3.563,-78.674,429.81,-25.085,109.166,64.951,-58.057
 14:26:41.375,eb:33:2e:f9:57:b5, 2085-97-204 12:90:231:3986,1.619,-2.821,2.557,-142.151,363.708,-33.508,114.681,63.809,-50.427
 14:26:41.434,eb:33:2e:f9:57:b5, 2085-97-229 12:121:223:803,1.677,-3.546,1.238,-226.562,297.119,-56.641,118.158,62.82,-44.28
 14:26:41.434,eb:33:2e:f9:57:b5, 2085-97-188 14:203:216:-1561,2.086,-4.533,-0.379,-353.149,236.084,-68.665,119.542,62.155,-39.232
 14:26:41.434,eb:33:2e:f9:57:b5, 2085-97-118 18:50:218:-1299,2.373,-5.025,-0.75,-502.747,181.58,-86.243,118.658,61.87,-35.228
 14:26:41.434,eb:33:2e:f9:57:b5, 2085-97-94 18:166:225:363,2.127,-4.214,-0.438,-632.568,103.21,-139.099,115.834,62.216,-31.778
 14:26:41.462,eb:33:2e:f9:57:b5, 2085-97-244 15:169:232:3538,1.917,-3.433,0.99,-770.569,22.583,-187.927,110.665,63.583,-29.767
 14:26:41.462,eb:33:2e:f9:57:b5, 2085-97-152 15:87:244:6290,1.925,-2.238,2.245,-944.885,94.482,-195.557,103.859,65.319,-27.669
 14:26:41.462,eb:33:2e:f9:57:b5, 2085-97-232 12:169:254:8577,1.465,-0.602,4.046,-1065.125,268.555,-206.421,98.042,66.929,-22.967
 14:26:41.462,eb:33:2e:f9:57:b5, 2085-97-246 13:144:255:8733,2.021,-0.118,4.201,-982.056,69.458,-270.02,91.736,69.192,-18.474
 14:26:41.522,eb:33:2e:f9:57:b5, 2085-97-54 16:145:02:5746,1.771,0.16,3.734,-851.501,-54.443,-297.974,81.865,72.032,-19.677
 14:26:41.522,eb:33:2e:f9:57:b5, 2085-97-54 11:131:01:3476,1.102,0.302,2.035,-773.621,-140.747,-299.011,69.197,74.652,-24.593
 14:26:41.522,eb:33:2e:f9:57:b5, 2085-113-81 00:134:176:-16092,0.904,0.051,1.77,-718.933,-300.293,-260.315,51.757,75.888,-35.486
 14:26:41.522,eb:33:2e:f9:57:b5, 2085-97-220 05:197:252:4798,0.578,-0.134,2.07,-695.984,-376.77,-220.947,41.968,75.52,-42.078
 14:26:41.522,eb:33:2e:f9:57:b5, 2085-97-154 03:224:249:5882,0.487,-0.669,2.572,-658.325,-458.252,-100.708,24.994,72.625,-53.251
 14:26:41.553,eb:33:2e:f9:57:b5, 2085-97-153 04:227:00:6837,0.534,-0.469,3.23,-641.968,-395.203,54.199,15.007,68.538,-57.074
 14:26:41.553,eb:33:2e:f9:57:b5, 2085-97-122 04:115:12:5128,0.647,0.804,2.84,-633.179,-271.179,153.687,9.481,65.138,-56.393
 14:26:41.553,eb:33:2e:f9:57:b5, 2085-97-92 05:255:22:5122,0.637,2.258,2.499,-599.243,-324.646,181.396,5.685,62.007,-53.641
 14:26:41.553,eb:33:2e:f9:57:b5, 2085-97-12 05:01:31:5353,0.572,3.413,2.423,-545.166,-420.471,178.528,2.291,58.09,-51.147
 14:26:41.582,eb:33:2e:f9:57:b5, 2085-97-24 03:251:37:7735,0.131,4.295,3.12,-499.634,-521.362,162.415,-0.692,53.273,-48.34
 14:26:41.582,eb:33:2e:f9:57:b5, 2085-97-08 255:50:45:11240,-0.404,5.213,4.587,-472.961,-581.055,148.132,-3.686,47.637,-46.077
 14:26:41.582,eb:33:2e:f9:57:b5, 2085-97-67 251:46:51:13390,-0.621,6.03,6.175,-451.416,-520.569,138,-6.553,42.226,-43.385
 14:26:41.582,eb:33:2e:f9:57:b5, 2085-97-238 251:81:61:12275,-0.35,6.907,6.48,-414.978,-254.333,112.061,-9.635,38.507,-41.479
 14:26:41.673,eb:33:2e:f9:57:b5, 2085-97-174 253:200:73:8948,-0.184,8.532,5.225,-321.35,-31.799,22.522,-12.728,37.54,-40.369
 14:26:41.673,eb:33:2e:f9:57:b5, 2085-97-100 255:49:74:7472,-0.013,9.473,3.875,-165.466,-91.187,-128.723,-15.474,36.876,-41.232
 14:26:41.673,eb:33:2e:f9:57:b5, 2085-97-103 255:48:68:6399,-0.236,8.862,3.417,-41.931,-197.876,-276.367,-17.358,34.75,-43.055
 14:26:41.673,eb:33:2e:f9:57:b5, 2085-97-127 252:89:61:5872,-0.719,8.169,2.925,2.563,-241.699,-392.517,-18.94,31.443,-46.192
 14:26:41.733,eb:33:2e:f9:57:b5, 2085-97-166 247:34:50:5701,-1.373,7.024,2.826,19.531,-208.069,-468.384,-20.396,27.729,-49.828
 14:26:41.733,eb:33:2e:f9:57:b5, 2085-97-50 242:164:35:4872,-2.056,5.417,2.686,72.876,-109.131,-484.558,-21.616,24.401,-54.289
 14:26:41.733,eb:33:2e:f9:57:b5, 2085-97-18 238:191:17:3285,-2.382,3.373,1.961,153.076,-54.993,-430.664,-21.841,21.951,-58.491
 14:26:41.733,eb:33:2e:f9:57:b5, 2085-97-250 235:253:00:1703,-2.595,1.114,1.16,249.817,-60.364,-295.959,-20.814,20.006,-62.056
 14:26:41.735,eb:33:2e:f9:57:b5, 2085-97-177 01:59:18:4859,-6.17,-0.794,0.616,328.918,-97.717,-97.961,-18.276,18.545,-63.6
 14:26:41.735,eb:33:2e:f9:57:b5, 2085-97-108 48:139:54:12933,9.22,0.343,8.921,371.277,-34.912,270.813,-14.304,13.25,-61.49
 14:26:41.735,eb:33:2e:f9:57:b5, 2085-97-216 238:194:231:-13650,-6.456,2.133,2.225,362.366,-1710.205,-619.507,-10.36,2.708,-61.315
 14:26:41.735,eb:33:2e:f9:57:b5, 2085-97-174 231:106:238:-489,-1.999,-0.435,-9.312,215.759,-564.331,-416.382,-7.465,-6.053,-64.572
 14:26:41.737,eb:33:2e:f9:57:b5, 2085-97-106 242:153:254:-953,-0.685,0.378,-0.329,-28.687,271.179,81.726,-5.856,-8.058,-65.825
 14:26:41.737,eb:33:2e:f9:57:b5, 2085-97-63 251:61:05:-387,0.514,-0.313,-0.228,-19.958,46.814,58.838,-5.916,-7.399,-65.506
 14:26:41.737,eb:33:2e:f9:57:b5, 2085-97-63 253:238:253:2099,-0.082,-0.058,2.066,0.916,-98.083,3.54,-6.174,-8.454,-65.039
 14:26:41.737,eb:33:2e:f9:57:b5, 2085-97-238 08:240:00:6453,0.491,-0.152,0.807,28.198,-185.059,3.601,-6.086,-8.97,-65.154
 14:26:41.794,eb:33:2e:f9:57:b5, 2085-97-118 254:24:254:2857,-0.206,-0.108,2.111,44.434,195.068,1.526,-5.669,-8.438,-65.22
 14:26:41.794,eb:33:2e:f9:57:b5, 2085-97-183 244:02:252:2561,-1.72,-0.055,1.354,60.547,123.535,0.977,-5.01,-6.998,-65.632
 14:26:41.794,eb:33:2e:f9:57:b5, 2085-97-51 251:211:246:6977,-0.144,-1.099,2.261,135.498,-184.387,50.415,-4.224,-6.916,-65.396
 14:26:41.794,eb:33:2e:f9:57:b5, 2085-97-35 03:248:246:13990,0.143,-0.658,3.903,239.807,-174.988,69.641,-2.285,-8.817,-64.803
 14:26:41.822,eb:33:2e:f9:57:b5, 2085-97-22 254:191:226:17501,0.938,-2.706,9.185,484.802,-113.22,24.231,1.198,-10.525,-64.429
 14:26:41.822,eb:33:2e:f9:57:b5, 2085-97-17 16:113:230:11487,2.837,-3.618,6.863,719.849,121.582,54.382,7.443,-10.459,-64.369
 14:26:41.822,eb:33:2e:f9:57:b5, 2085-97-50 22:51:254:12564,3.133,-2.661,5.127,941.223,207.764,-9.949,15.65,-8.619,-63.726
 14:26:41.822,eb:33:2e:f9:57:b5, 2085-97-62 23:86:26:18556,1.697,2.455,8.132,1306.824,102.295,-105.286,27.153,-6.548,-64.089
 14:26:41.882,eb:33:2e:f9:57:b5, 2085-97-189 07:43:22:17816,-0.327,4.012,8.625,1285.767,-418.396,-327.209,40.93,-6.427,-66.72
 14:26:41.882,eb:33:2e:f9:57:b5, 2085-97-145 240:175:08:5686,-1.822,1.239,7.017,989.685,-358.704,-335.754,53.751,-6.509,-73.141
 14:26:41.882,eb:33:2e:f9:57:b5, 2085-97-226 231:89:236:11143,0.103,-0.662,1.613,521.362,-127.808,-264.465,61.6,-5.625,-76.679
 14:26:41.882,eb:33:2e:f9:57:b5, 2085-97-190 244:57:55:8735,-0.142,3.135,1.948,479.309,832.275,49.255,67.148,-2.368,-74.279
 14:26:42.004,eb:33:2e:f9:57:b5, 2085-97-231 12:26:22:21257,1.544,4.811,5.928,314.392,332.947,-86.06,69.89,0.335,-68.835
 14:26:42.004,eb:33:2e:f9:57:b5, 2085-97-196 10:127:37:12340,2.202,3.919,7.841,513.55,464.111,-73.914,74.405,2.758,-65.083
 14:26:42.004,eb:33:2e:f9:57:b5, 2085-97-25 16:208:25:16674,1.289,3.804,7.528,607.544,128.296,-198.914,80.151,4.702,-63.528
 14:26:42.004,eb:33:2e:f9:57:b5, 2085-97-79 10:219:16:18752,1.313,2.851,8.139,632.69,134.827,-274.536,86.682,7.284,-62.38
 14:26:42.007,eb:33:2e:f9:57:b5, 2085-97-42 09:227:03:18502,0.998,1.28,9.542,634.949,193.787,-281.067,93.175,10.157,-60.875
 14:26:42.007,eb:33:2e:f9:57:b5, 2085-97-58 07:180:249:15824,0.797,-0.207,8.359,600.098,216.003,-232.117,99.668,12.53,-58.546
 14:26:42.007,eb:33:2e:f9:57:b5, 2085-97-205 05:116:244:13971,0.751,-1.218,7.192,528.137,256.47,-149.231,105.732,13.898,-55.827
 14:26:42.007,eb:33:2e:f9:57:b5, 2085-97-24 07:182:244:13647,1.055,-1.481,6.683,453.186,296.997,-61.951,111.022,14.145,-52.734
 14:26:42.009,eb:33:2e:f9:57:b5, 2085-97-188 09:198:245:13027,1.32,-1.319,6.564,401.306,325.439,1.282,115.763,13.173,-49.669
 14:26:42.009,eb:33:2e:f9:57:b5, 2085-97-17 11:114:244:11940,1.422,-1.312,6.077,380.493,287.354,31.433,119.965,11.717,-46.84
 14:26:42.009,eb:33:2e:f9:57:b5, 2085-97-85 11:174:240:11474,1.387,-1.659,5.681,380.31,198.73,32.104,123.992,10.206,-44.94
 14:26:42.009,eb:33:2e:f9:57:b5, 2085-97-195 10:118:235:11352,1.346,-2.209,5.558,378.906,122.742,19.836,127.848,9.261,-43.676
 14:26:42.061,eb:33:2e:f9:57:b5, 2085-97-60 11:83:230:11128,1.565,-2.933,5.487,373.962,70.984,7.629,131.666,8.586,-43.028
 14:26:42.061,eb:33:2e:f9:57:b5, 2085-97-152 14:170:228:9506,1.594,-3.339,5.351,338.257,78.247,3.967,135.258,8.289,-42.44
 14:26:42.061,eb:33:2e:f9:57:b5, 2085-97-81 13:245:219:3825,2.086,-3.9,3.288,202.454,221.497,33.997,138.038,6.965,-41.402
 14:26:42.061,eb:33:2e:f9:57:b5, 2085-97-190 18:82:201:-2059,2.381,-5.628,-0.057,-27.283,276.245,46.936,138.961,5.081,-39.946
 14:26:42.063,eb:33:2e:f9:57:b5, 2085-97-197 16:126:191:-2341,1.728,-7.718,-1.142,-208.984,189.331,31.433,137.549,2.873,-38.48
 14:26:42.063,eb:33:2e:f9:57:b5, 2085-97-154 11:225:184:-3369,1.393,-8.321,-1.498,-329.59,-1.526,22.4,134.786,2.28,-37.947
 14:26:42.063,eb:33:2e:f9:57:b5, 2085-97-84 12:234:186:-611,1.639,-9.159,-1.215,-505.371,-121.765,44.922,130.578,2.488,-38.71
 14:26:42.063,eb:33:2e:f9:57:b5, 2085-97-228 12:191:205:4589,2.001,-7.543,1.009,-724.121,-147.949,42.664,124.332,3.17,-40.078
 14:26:42.124,eb:33:2e:f9:57:b5, 2082-116-02 204:226:85:9825,1.297,10.736,4.672,-686.768,1044.312,1173.401,162.79,168.728,140.625
 14:26:42.124,eb:33:2e:f9:57:b5, 2085-97-137 10:73:230:10232,1.945,-3.616,4.381,-1127.991,31.677,-45.105,105.414,3.604,-41.089
 14:26:42.124,eb:33:2e:f9:57:b5, 2085-97-48 14:183:04:20941,-0.233,-2.238,7.19,-1296.387,249.939,-74.097,93.312,4.208,-40.106
 14:26:42.124,eb:33:2e:f9:57:b5, 2085-97-47 02:175:20:18713,1.497,2.499,9.417,-1193.604,216.98,-246.643,80.865,6.147,-36.074
 14:26:42.153,eb:33:2e:f9:57:b5, 2085-97-172 14:42:10:10885,2.03,1.842,7.476,-967.163,-3.113,-371.826,70.323,9.3,-37.002
 14:26:42.153,eb:33:2e:f9:57:b5, 2085-97-195 14:196:08:6481,1.341,1.118,4.056,-881.714,-16.602,-438.538,61.26,13.052,-39.375
 14:26:42.153,eb:33:2e:f9:57:b5, 2085-97-88 07:142:03:5623,0.608,0.868,2.566,-822.021,-197.754,-501.831,52.103,16.458,-42.83
 14:26:42.153,eb:33:2e:f9:57:b5, 2085-97-84 02:33:252:8018,-0.171,-0.046,3.354,-773.987,-429.565,-484.985,42.957,17.836,-49.224
 14:26:42.482,eb:33:2e:f9:57:b5, 2085-97-214 252:127:246:8880,-0.418,-0.883,4.061,-754.15,-519.165,-366.333,33.843,16.6,-55.662
 14:26:42.482,eb:33:2e:f9:57:b5, 2085-97-12 250:56:248:7916,-0.889,-1.199,4.507,-747.864,-455.811,-184.387,25.505,13.464,-60.936
 14:26:42.482,eb:33:2e:f9:57:b5, 2085-97-60 250:207:02:7703,-0.434,-0.456,3.578,-730.652,-333.801,-10.62,17.792,10.228,-63.067
 14:26:42.482,eb:33:2e:f9:57:b5, 2085-97-82 254:49:16:7938,-0.121,1.266,3.96,-670.715,-291.077,93.079,10.833,7.245,-63.556
 14:26:42.484,eb:33:2e:f9:57:b5, 2085-97-247 254:115:22:7064,-0.189,2.488,3.586,-582.52,-373.718,137.39,4.62,3.884,-62.715
 14:26:42.484,eb:33:2e:f9:57:b5, 2085-97-251 253:232:26:9450,-0.384,3.073,3.806,-488.77,-544.006,161.987,-0.654,-0.747,-61.551
 14:26:42.484,eb:33:2e:f9:57:b5, 2085-97-65 251:46:30:13495,-0.803,3.61,5.64,-434.021,-684.082,184.082,-5.515,-6.91,-59.321
 14:26:42.484,eb:33:2e:f9:57:b5, 2085-97-219 248:10:33:15241,-0.783,3.909,7.217,-426.819,-580.139,223.816,-10.464,-12.958,-56.525
 14:26:42.486,eb:33:2e:f9:57:b5, 2085-97-77 251:94:41:14897,-0.422,4.527,7.418,-452.087,-278.381,248.718,-16.018,-16.463,-52.971
 14:26:42.486,eb:33:2e:f9:57:b5, 2085-97-20 253:95:56:12738,-0.318,6.045,6.934,-434.204,-12.878,205.322,-21.423,-16.765,-50.554
 14:26:42.486,eb:33:2e:f9:57:b5, 2085-97-216 254:244:67:9466,0.048,7.937,5.329,-322.144,-9.216,84.717,-25.67,-16.029,-49.213
 14:26:42.486,eb:33:2e:f9:57:b5, 2085-97-22 01:01:69:7398,0.117,8.664,4.05,-183.716,-151.062,-72.571,-28.196,-16.771,-49.081
 14:26:42.490,eb:33:2e:f9:57:b5, 2085-97-220 00:05:67:7227,0.105,8.544,3.449,-90.149,-235.901,-227.234,-29.333,-19.363,-49.438
 14:26:42.490,eb:33:2e:f9:57:b5, 2085-97-73 00:66:60:6600,-0.218,8.061,3.514,-36.194,-161.804,-358.215,-29.103,-22.665,-51.432
 14:26:42.490,eb:33:2e:f9:57:b5, 2085-97-112 250:255:47:5201,-1.29,6.828,2.818,-3.418,-37.109,-444.397,-27.603,-25.461,-54.981
 14:26:42.490,eb:33:2e:f9:57:b5, 2085-97-47 241:125:32:4772,-2.24,5.089,2.414,70.923,-10.803,-447.754,-24.884,-27.647,-59.865
 14:26:42.490,eb:33:2e:f9:57:b5, 2085-97-152 236:196:14:5296,-2.497,2.944,2.428,196.472,-67.749,-358.215,-21.242,-29.713,-64.028
 14:26:42.490,eb:33:2e:f9:57:b5, 2085-97-160 253:205:10:8802,-2.236,0.87,2.398,303.406,-46.631,-185.547,-17.04,-31.207,-67.066
 14:26:42.490,eb:33:2e:f9:57:b5, 2085-97-78 181:198:78:-6664,4.474,1.118,10.955,807.739,717.529,240.601,-10.135,-30.751,-68.357
 14:26:42.491,eb:33:2e:f9:57:b5, 2085-97-125 58:118:53:-1530,0.935,4.71,10.56,548.645,45.898,-85.693,-6.01,-31.811,-66.286
 14:26:42.512,eb:33:2e:f9:57:b5, 2085-97-56 196:15:255:-21560,3.162,3.448,0.51,338.684,-429.993,-407.959,0.582,-37.804,-69.67
 14:26:42.512,eb:33:2e:f9:57:b5, 2085-97-238 21:15:07:12022,2.858,-1.367,4.649,970.581,298.889,-63.11,27.922,-36.733,-68.879
 14:26:42.512,eb:33:2e:f9:57:b5, 2085-97-122 16:152:25:14457,0.867,1.777,6.863,1217.102,-57.434,-195.496,39.523,-34.849,-69.489
 14:26:42.513,eb:33:2e:f9:57:b5, 2085-113-58 00:20:236:-7635,-0.335,3.291,7.429,1180.786,-521.851,-382.446,55.393,-34.063,-75.822
 14:26:42.543,eb:33:2e:f9:57:b5, 2085-97-205 243:187:09:14477,-2.69,2.566,8.32,1099.609,-540.894,-397.827,63.715,-33.805,-80.101
 14:26:42.543,eb:33:2e:f9:57:b5, 2085-97-119 235:54:243:6452,-3.596,0.496,3.803,758.972,-246.521,-223.816,76.624,-32.294,-86.012
 14:26:42.543,eb:33:2e:f9:57:b5, 2085-97-160 249:89:05:3536,-1.674,-4.055,6.625,625.427,490.295,-9.949,81.667,-29.125,-85.787
 14:26:42.543,eb:33:2e:f9:57:b5, 2085-97-94 05:221:24:10037,2.188,4.475,2.739,374.39,739.014,236.877,81.65,-29.784,-75.877
 14:26:42.603,eb:33:2e:f9:57:b5, 2085-97-163 15:19:25:11798,1.682,1.835,8.221,394.836,587.158,236.633,80.123,-28.499,-69.313
 14:26:42.603,eb:33:2e:f9:57:b5, 2085-97-158 19:115:27:11774,2.504,4.083,4.447,509.094,269.653,146.179,81.238,-29.548,-62.935
 14:26:42.603,eb:33:2e:f9:57:b5, 2085-97-127 15:155:22:11007,1.845,2.995,5.926,603.088,172.729,18.799,83.875,-27.23,-60.233
 14:26:42.603,eb:33:2e:f9:57:b5, 2085-97-170 13:113:14:13882,1.378,2.422,6.115,644.592,-20.996,-122.009,89.901,-26.565,-59.694
 14:26:42.693,eb:33:2e:f9:57:b5, 2085-97-172 08:254:02:14213,0.865,1.121,6.906,632.874,-70.129,-217.163,101.448,-25.318,-62.496
 14:26:42.693,eb:33:2e:f9:57:b5, 2085-97-85 05:09:248:14006,0.524,-0.368,6.941,564.819,-54.443,-253.662,107.534,-22.791,-62.672
 14:26:42.694,eb:33:2e:f9:57:b5, 2085-97-223 03:37:242:13158,0.494,-1.452,6.666,457.886,62.744,-227.478,112.549,-19.605,-61.469
 14:26:42.694,eb:33:2e:f9:57:b5, 2085-97-107 04:63:241:11729,0.663,-1.858,6.085,349.548,211.548,-166.077,115.631,-18.397,-59.178
 14:26:42.752,eb:33:2e:f9:57:b5, 2085-97-19 06:185:242:10764,0.816,-1.744,5.46,270.935,276.123,-112.549,117.614,-17.677,-55.75
 14:26:42.752,eb:33:2e:f9:57:b5, 2085-97-215 06:87:242:10220,0.859,-1.63,5.091,230.286,251.099,-83.557,118.943,-18.062,-52.712
 14:26:42.752,eb:33:2e:f9:57:b5, 2085-97-236 06:25:239:10145,0.875,-1.886,4.968,216.675,191.406,-74.89,120.289,-18.012,-49.927
 14:26:42.752,eb:33:2e:f9:57:b5, 2085-97-130 07:161:235:10044,1.131,-2.36,4.949,212.158,144.592,-72.449,121.707,-18.182,-47.994
 14:26:42.754,eb:33:2e:f9:57:b5, 2085-97-250 08:182:232:8049,1.068,-2.652,4.597,173.889,176.331,-64.453,123.074,-18.023,-45.95
 14:26:42.754,eb:33:2e:f9:57:b5, 2085-97-78 08:57:224:4699,0.941,-3.318,3.089,72.571,245.85,-41.199,123.365,-18.809,-43.583
 14:26:42.754,eb:33:2e:f9:57:b5, 2085-97-33 06:89:208:116,0.579,-4.966,1.268,-55.664,260.132,-17.273,122.476,-19.611,-40.825
 14:26:42.754,eb:33:2e:f9:57:b5, 2085-97-213 04:179:204:-1238,0.97,-6.43,-0.838,-223.145,166.321,30.457,120.163,-20.825,-38.71
 14:26:42.756,eb:33:2e:f9:57:b5, 2085-97-73 12:26:211:2192,1.984,-6.115,0.296,-406.494,86.548,66.528,116.697,-21.434,-37.678
 14:26:42.756,eb:33:2e:f9:57:b5, 2085-97-117 18:216:221:2069,2.544,-5.051,1.211,-602.295,134.521,57.129,111.182,-22.451,-36.881
 14:26:42.756,eb:33:2e:f9:57:b5, 2085-97-00 22:132:236:2107,2.701,-3.314,0.837,-767.517,126.953,-22.278,103.832,-22.462,-35.239
 14:26:42.756,eb:33:2e:f9:57:b5, 2085-97-216 18:44:244:3165,2.005,-1.822,1.341,-870.239,64.575,-144.287,95.048,-21.714,-34.113
 14:26:42.783,eb:33:2e:f9:57:b5, 2085-97-37 16:232:248:5111,2.027,-1.236,1.782,-908.691,-57.739,-253.174,87.1,-17.974,-34.299
 14:26:42.783,eb:33:2e:f9:57:b5, 2085-97-134 10:83:255:6993,0.877,-0.387,3.473,-928.162,-30.396,-313.477,78.344,-15.211,-35.563
 14:26:42.783,eb:33:2e:f9:57:b5, 2085-97-78 08:222:251:8321,1.061,-0.245,3.509,-850.83,-272.644,-375.977,71.164,-11.684,-38.853
 14:26:42.783,eb:33:2e:f9:57:b5, 2085-97-197 06:230:249:7444,0.582,-0.667,4.047,-783.447,-324.951,-371.155,64.215,-9.509,-43.44
 14:26:42.902,eb:33:2e:f9:57:b5, 2085-97-39 02:21:248:7014,-0.039,-0.876,3.417,-750.427,-359.07,-335.754,58.145,-7.938,-48.862
 14:26:42.902,eb:33:2e:f9:57:b5, 2085-97-205 253:13:246:7834,-0.443,-1.113,3.562,-730.469,-405.945,-265.625,51.762,-7.767,-53.795
 14:26:42.902,eb:33:2e:f9:57:b5, 2085-97-126 251:30:244:9144,-0.611,-1.388,4.153,-716.248,-451.111,-156.86,45.857,-8.992,-58.986
 14:26:42.902,eb:33:2e:f9:57:b5, 2085-97-89 251:226:244:9828,-0.436,-1.494,4.722,-716.37,-428.65,-18.799,39.606,-11.772,-62.661
 14:26:43.054,eb:33:2e:f9:57:b5, 2085-97-57 254:190:250:8834,0.06,-1.084,4.717,-729.126,-318.054,113.098,33.135,-15.002,-64.896
 14:26:43.054,eb:33:2e:f9:57:b5, 2085-97-48 02:20:05:8052,0.339,-0.062,4.025,-730.591,-262.329,185.486,25.785,-18.193,-64.803
 14:26:43.054,eb:33:2e:f9:57:b5, 2085-97-160 02:138:14:7590,0.314,1.299,3.829,-709.9,-308.167,188.721,18.408,-21.379,-64.363
 14:26:43.054,eb:33:2e:f9:57:b5, 2085-97-136 02:181:18:7528,0.286,2.141,3.618,-668.762,-423.95,164.978,11.08,-25.406,-63.397
 14:26:43.143,eb:33:2e:f9:57:b5, 2085-97-178 01:118:22:9785,0.118,2.535,4.032,-622.192,-500.671,141.907,4.191,-30.179,-62.655
 14:26:43.143,eb:33:2e:f9:57:b5, 2085-97-84 255:231:29:14227,-0.444,3.199,5.874,-587.769,-539.734,119.385,-2.823,-35.48,-60.98
 14:26:43.143,eb:33:2e:f9:57:b5, 2085-97-251 250:97:41:16370,-0.616,4.513,7.754,-578.735,-411.865,105.957,-10.02,-40.133,-59.035
 14:26:43.143,eb:33:2e:f9:57:b5, 2085-97-244 251:87:54:14770,-0.495,5.892,7.804,-556.763,-172.363,82.336,-17.391,-42.638,-56.706
 14:26:43.143,eb:33:2e:f9:57:b5, 2085-97-107 251:04:71:11525,-0.612,7.865,6.373,-448.303,-43.762,7.935,-22.978,-43.204,-56.096
 14:26:43.143,eb:33:2e:f9:57:b5, 2085-97-173 251:42:77:9183,-0.417,9.509,5.06,-256.47,-143.433,-108.643,-26.334,-44.264,-56.228
 14:26:43.143,eb:33:2e:f9:57:b5, 2085-97-126 252:160:75:7794,-0.497,9.575,4.11,-96.436,-233.032,-222.107,-27.032,-46.807,-57.579
 14:26:43.143,eb:33:2e:f9:57:b5, 2085-97-107 251:50:68:5806,-0.635,9.16,3.439,-16.846,-234.009,-319.824,-25.757,-50.257,-59.777
 14:26:43.145,eb:33:2e:f9:57:b5, 2085-97-01 249:102:55:4788,-1.31,7.739,2.507,25.085,-170.593,-379.456,-21.901,-53.569,-64.501
 14:26:43.145,eb:33:2e:f9:57:b5, 2085-97-186 241:228:39:3516,-2.825,6.053,2.055,88.135,-100.647,-370.911,-16.128,-56.047,-70.593
 14:26:43.145,eb:33:2e:f9:57:b5, 2085-97-18 191:215:66:2988,1.69,4.141,9.735,681.458,458.435,-186.707,-6.542,-57.7,-77.849
 14:26:43.145,eb:33:2e:f9:57:b5, 2085-97-132 71:123:52:15502,4.493,12.762,9.825,516.541,-275.269,-297.791,5.702,-57.799,-82.628
 14:26:43.148,eb:33:2e:f9:57:b5, 2085-97-114 249:88:12:-951,-9.029,3.37,3.005,624.023,-1592.041,-555.237,25.06,-63.083,-98.943
 14:26:43.148,eb:33:2e:f9:57:b5, 2085-97-11 208:138:236:-13339,-0.092,1.603,-10.851,20.325,-402.832,-148.376,46.978,-67.302,-118.982
 14:26:43.148,eb:33:2e:f9:57:b5, 2085-97-36 04:60:25:3600,-1.213,-2.124,1.267,106.628,-220.52,38.574,65.308,-69.703,-137.335
 14:26:43.148,eb:33:2e:f9:57:b5, 2085-97-118 19:195:08:6560,0.047,-0.8,0.859,-41.687,-250.671,181.946,62.139,-70.988,-134.16
 14:26:43.151,eb:33:2e:f9:57:b5, 2085-97-63 253:134:06:-084,-0.191,-0.376,1.904,-12.329,153.076,100.098,56.695,-70.615,-129.133
 14:26:43.151,eb:33:2e:f9:57:b5, 2085-97-137 253:199:255:1551,-0.156,-0.413,1.217,12.207,23.193,30.762,54.723,-70.62,-127.035
 14:26:43.151,eb:33:2e:f9:57:b5, 2085-97-10 255:132:255:3170,-0.299,-0.213,1.708,34.302,26.062,19.104,53.146,-70.021,-125.678
 14:26:43.151,eb:33:2e:f9:57:b5, 2085-97-126 251:02:254:1540,-0.861,-0.111,0.9,26.001,97.961,23.254,50.971,-69.703,-123.063
 14:26:43.151,eb:33:2e:f9:57:b5, 2085-113-81 00:189:182:10178,-0.354,-0.263,0.432,26.489,55.054,23.987,48.472,-68.582,-120.515
 14:26:43.151,eb:33:2e:f9:57:b5, 2085-97-167 00:41:255:5613,0.526,0.161,0.775,36.865,-84.106,11.475,48.818,-68.763,-120.712
 14:26:43.151,eb:33:2e:f9:57:b5, 2085-97-162 06:234:235:9281,1.057,-2.53,4.319,761.353,-50.537,73.669,59.392,-70.549,-115.312
 14:26:43.151,eb:33:2e:f9:57:b5, 2085-97-51 06:161:241:13386,0.856,-2.596,5.165,986.328,-98.145,4.639,70.692,-71.268,-117.867
 14:26:43.151,eb:33:2e:f9:57:b5, 2085-97-157 00:08:11:11712,0.965,-0.558,6.937,1118.713,-63.232,-43.579,81.398,-71.158,-118.724
 14:26:43.203,eb:33:2e:f9:57:b5, 2085-97-178 01:204:17:12378,-0.229,1.431,5.363,1167.969,-408.508,-150.635,101.316,-70.038,-127.524
 14:26:43.203,eb:33:2e:f9:57:b5, 2085-97-237 247:78:09:14598,-2.02,1.952,7.795,1097.595,-583.252,-249.023,125.711,-65.929,-141.059
 14:26:43.203,eb:33:2e:f9:57:b5, 2085-97-152 242:04:242:6873,-2.019,0.375,4.426,787.354,-343.567,-173.218,139.675,-61.447,-145.926
 14:26:43.203,eb:33:2e:f9:57:b5, 2085-97-17 248:208:251:2131,-1.293,-3.931,5.031,588.44,241.028,-0.366,145.701,-60.128,-145.8
 14:26:43.233,eb:33:2e:f9:57:b5, 2085-97-177 254:204:33:606,1.091,2.764,-0.66,396.729,596.13,224.854,146.426,-65.687,-140.317
 14:26:43.233,eb:33:2e:f9:57:b5, 2085-97-222 13:196:13:13353,1.53,2.103,4.626,169.922,353.516,174.805,146.86,-69.521,-138.428
 14:26:43.233,eb:33:2e:f9:57:b5, 2085-97-126 13:111:31:10001,1.982,2.928,5.105,267.395,491.76,168.091,142.537,-74.691,-131.77
 14:26:43.233,eb:33:2e:f9:57:b5, 2085-97-248 14:155:19:10104,1.77,3.364,5.333,408.997,137.146,56.641,140.834,-77.41,-126.552
 14:26:43.293,eb:33:2e:f9:57:b5, 2085-97-41 14:146:13:10015,1.599,1.954,4.53,525.818,-80.383,-63.477,144.091,-77.591,-125.002
 14:26:43.293,eb:33:2e:f9:57:b5, 2085-97-70 11:174:07:11559,1.311,1.354,5.326,546.204,-164.062,-169.312,5.543,2.933,-1.115
 14:26:43.293,eb:33:2e:f9:57:b5, 2085-97-221 09:35:255:12016,1.136,0.474,5.846,521.118,-184.57,-253.418,10.986,1.401,-3.51
 14:26:43.293,eb:33:2e:f9:57:b5, 2085-97-11 08:72:246:11173,0.871,-0.697,5.72,453.125,-124.512,-289.185,15.892,0.654,-6.553
 14:26:43.323,eb:33:2e:f9:57:b5, 2085-97-74 06:07:241:9980,0.719,-1.609,5.146,367.554,-44.617,-275.269,20.138,0.736,-9.509
 14:26:43.323,eb:33:2e:f9:57:b5, 2085-97-62 05:156:239:8659,0.599,-2.004,4.557,283.325,37.109,-233.459,23.362,1.928,-11.904
 14:26:43.323,eb:33:2e:f9:57:b5, 2085-97-80 04:13:239:7615,0.54,-2.067,3.933,203.613,101.501,-183.594,25.801,3.461,-13.497
 14:26:43.323,eb:33:2e:f9:57:b5, 2085-97-60 04:11:238:7567,0.507,-2.186,3.691,140.015,128.54,-137.451,27.367,5.394,-14.436
 14:26:43.412,eb:33:2e:f9:57:b5, 2085-97-51 04:41:236:7533,0.565,-2.337,3.684,99.854,144.897,-97.839,28.521,7.191,-14.837
 14:26:43.412,eb:33:2e:f9:57:b5, 2085-97-229 04:55:233:7003,0.657,-2.659,3.607,74.646,160.095,-62.805,28.922,8.91,-14.859
 14:26:43.412,eb:33:2e:f9:57:b5, 2085-97-198 05:105:230:5401,0.801,-3.029,3.08,43.823,181.702,-28.748,29.564,10.673,-14.431
 14:26:43.412,eb:33:2e:f9:57:b5, 2085-97-91 07:93:228:3144,1.082,-3.336,2.093,-13.977,194.824,1.648,28.625,12.184,-13.749
 14:26:43.415,eb:33:2e:f9:57:b5, 2085-97-81 10:46:223:791,1.425,-3.654,0.902,-97.656,180.603,14.587,28.202,13.854,-12.772
 14:26:43.415,eb:33:2e:f9:57:b5, 2085-97-224 10:108:217:-2139,1.268,-4.604,-0.181,-192.505,168.518,10.254,24.681,14.865,-12.222
 14:26:43.415,eb:33:2e:f9:57:b5, 2085-97-127 10:49:218:-2892,1.484,-4.815,-1.585,-319.641,22.278,-2.808,22.187,15.765,-11.805
 14:26:43.415,eb:33:2e:f9:57:b5, 2085-97-47 13:60:223:-575,1.779,-4.493,-0.852,-475.098,-61.707,-29.175,14.7,14.617,-12.64
 14:26:43.443,eb:33:2e:f9:57:b5, 2085-97-193 14:20:231:2335,1.674,-3.613,0.371,-620.056,-108.215,-81.543,9.02,13.826,-13.376
 14:26:43.443,eb:33:2e:f9:57:b5, 2085-97-58 11:82:239:4004,1.155,-2.538,1.764,-785.706,-12.634,-130.005,-1.796,12.052,-15.018
 14:26:43.443,eb:33:2e:f9:57:b5, 2085-97-253 06:142:245:4195,0.812,-1.641,1.993,-916.565,78.796,-152.405,-10.607,12.233,-16.518
 14:26:43.443,eb:33:2e:f9:57:b5, 2085-97-04 09:102:03:9587,0.798,-0.747,3.022,-983.337,137.451,-172.485,-23.231,11.464,-18.688
 14:26:43.802,eb:33:2e:f9:57:b5, 2085-97-119 02:182:09:9104,0.465,1.19,5.064,-879.639,35.461,-253.967,-33.003,11.47,-21.149
 14:26:43.802,eb:33:2e:f9:57:b5, 2085-97-252 05:221:02:6582,0.785,0.786,3.803,-723.267,-279.785,-306.396,-41.94,6.998,-22.313
 14:26:43.802,eb:33:2e:f9:57:b5, 2085-97-236 04:133:255:5463,0.357,0.099,2.739,-689.758,-305.847,-289.734,-48.928,2.763,-22.181
 14:26:43.802,eb:33:2e:f9:57:b5, 2085-97-186 00:154:252:7180,-0.098,-0.239,3.042,-690.247,-326.233,-249.695,-55.789,-2.818,-21.006
 14:26:43.805,eb:33:2e:f9:57:b5, 2085-97-145 254:161:250:7933,-0.159,-0.57,3.798,-674.988,-330.933,-178.406,-62.902,-6.29,-19.166
 14:26:43.805,eb:33:2e:f9:57:b5, 2085-97-160 255:199:250:7858,0.008,-0.716,3.85,-665.894,-319.397,-85.999,-69.39,-10.014,-16.512
 14:26:43.805,eb:33:2e:f9:57:b5, 2085-97-174 255:90:255:7527,-0.106,-0.429,3.77,-678.406,-253.662,8.24,-76.805,-11.107,-13.771
 14:26:43.805,eb:33:2e:f9:57:b5, 2085-97-137 255:224:05:7590,0.098,0.324,3.642,-685.12,-241.211,74.524,-83.029,-12.134,-11.349
 14:26:43.807,eb:33:2e:f9:57:b5, 2085-97-196 01:240:12:8046,0.239,1.19,3.866,-655.518,-306.824,109.558,-90.538,-11.255,-8.448
 14:26:43.807,eb:33:2e:f9:57:b5, 2085-97-76 01:177:17:7633,0.09,1.957,3.837,-600.708,-386.902,121.155,-96.053,-11.135,-5.092
 14:26:43.807,eb:33:2e:f9:57:b5, 2085-97-118 00:41:21:8905,-0.023,2.421,3.851,-543.64,-488.77,125.305,-102.783,-9.091,-0.851
 14:26:43.807,eb:33:2e:f9:57:b5, 2085-97-76 254:236:25:11014,-0.413,2.929,4.935,-498.779,-523.315,134.46,-107.325,-8.185,3.818
 14:26:43.807,eb:33:2e:f9:57:b5, 2085-97-154 251:163:30:12109,-0.627,3.545,5.702,-467.773,-482.056,145.447,-112.928,-5.037,8.091
 14:26:43.807,eb:33:2e:f9:57:b5, 2085-97-126 250:242:34:11982,-0.75,4.1,5.963,-448.425,-370.3,154.968,-116.51,-3.95,11.404
 14:26:43.807,eb:33:2e:f9:57:b5, 2085-97-142 249:191:41:10696,-0.812,4.704,5.616,-414.185,-261.78,148.804,-121.053,-1.093,13.304
 14:26:43.807,eb:33:2e:f9:57:b5, 2085-97-162 249:16:50:8984,-0.783,5.706,4.816,-324.524,-220.032,109.924,-123.706,-0.813,14.738
 14:26:43.810,eb:33:2e:f9:57:b5, 2085-97-51 250:15:59:7673,-0.576,6.847,4.009,-213.867,-237.488,35.706,-126.436,1.126,16.144
 14:26:43.810,eb:33:2e:f9:57:b5, 2085-97-142 252:248:63:6474,-0.325,7.805,3.518,-122.864,-189.819,-73.792,-127.595,0.417,18.287
 14:26:43.810,eb:33:2e:f9:57:b5, 2085-97-22 253:192:59:5246,-0.62,7.878,2.822,-78.552,-87.463,-208.252,-128.666,0.132,20.253
 14:26:43.810,eb:33:2e:f9:57:b5, 2085-97-173 247:122:49:4449,-1.415,6.879,2.352,-57.129,6.348,-320.679,-129.825,-3.521,22.566
 14:26:43.832,eb:33:2e:f9:57:b5, 2085-97-25 242:86:37:4094,1.393,5.443,2.083,1.038,37.292,-356.995,-130.441,-6.317,24.675
 14:26:43.832,eb:33:2e:f9:57:b5, 2085-97-102 13:177:237:12675,1.428,-1.718,6.057,555.542,161.438,-27.344,-95.702,-23.445,29.872
 14:26:43.832,eb:33:2e:f9:57:b5, 2085-97-32 10:120:237:6310,1.486,-2.605,4.678,699.768,419.373,-5.737,-87.627,-23.741,26.136
 14:26:43.832,eb:33:2e:f9:57:b5, 2085-97-231 08:207:244:8304,0.297,-2.094,3.092,844.421,236.633,-47.852,-78.871,-24.115,22.857
 14:26:43.894,eb:33:2e:f9:57:b5, 2085-97-97 254:62:255:13231,0.099,-0.833,5.521,924.5,97.717,-93.933,-68.939,-24.439,20.797
 14:26:43.894,eb:33:2e:f9:57:b5, 2085-97-185 02:75:09:8850,0.446,0.508,5.981,943.237,-37.903,-82.703,-60.024,-25.494,20.297
 14:26:43.894,eb:33:2e:f9:57:b5, 2085-97-68 07:221:03:5785,0.016,1.556,2.97,874.268,-311.707,-175.72,-51.158,-27.504,21.083
 14:26:43.894,eb:33:2e:f9:57:b5, 2085-97-169 245:92:03:1916,-0.671,0.763,1.833,595.032,-158.936,-140.503,-45.434,-30.992,22.808
 14:26:43.923,eb:33:2e:f9:57:b5, 2085-97-52 249:105:234:11049,-0.146,-1.334,2.498,290.161,-106.506,-94.055,-41.512,-33.206,23.225
 14:26:43.923,eb:33:2e:f9:57:b5, 2085-97-243 246:41:20:-344,-0.434,-1.081,3.035,413.696,696.35,163.757,-37.414,-30.778,20.995
 14:26:43.924,eb:33:2e:f9:57:b5, 2085-97-135 12:128:14:8147,2.672,3.334,-0.477,185.974,221.069,140.32,-33.14,-24.549,18.221
 14:26:43.924,eb:33:2e:f9:57:b5, 2085-97-173 13:221:18:6376,1.465,1.482,5.825,254.578,373.169,112.427,-31.696,-22.879,18.561
 14:26:43.952,eb:33:2e:f9:57:b5, 2085-97-133 16:39:21:6736,2,3.092,2.056,333.557,47.974,4.639,-28.224,-20.094,17.551
 14:26:43.952,eb:33:2e:f9:57:b5, 2085-97-251 11:129:10:7321,1.362,1.733,3.944,384.705,-40.771,-130.371,-24.966,-20.967,17.155
 14:26:43.952,eb:33:2e:f9:57:b5, 2085-97-182 10:111:03:9276,1.202,0.931,3.902,389.832,-185.73,-232.361,-20.446,-22.901,15.798
 14:26:43.952,eb:33:2e:f9:57:b5, 2085-97-84 08:23:252:10268,0.897,-0.063,4.888,352.295,-146.729,-289.612,-16.282,-25.565,13.689
 14:26:44.013,eb:33:2e:f9:57:b5, 2085-97-78 06:63:246:9846,0.719,-0.874,4.979,303.162,-62.012,-304.443,-11.464,-27.345,10.624
 14:26:44.013,eb:33:2e:f9:57:b5, 2085-97-101 05:25:242:8697,0.661,-1.504,4.542,246.887,43.274,-285.706,-7.559,-28.054,7.322
 14:26:44.013,eb:33:2e:f9:57:b5, 2085-97-191 05:233:239:7438,0.777,-1.913,3.927,185.974,148.071,-245.483,-3.724,-27.345,4.092
 14:26:44.013,eb:33:2e:f9:57:b5, 2085-97-147 06:51:239:6429,0.876,-2.062,3.357,130.798,217.529,-201.416,-1.368,-25.675,1.45
 14:26:44.043,eb:33:2e:f9:57:b5, 2085-113-58 00:174:247:-8835,0.941,-2.143,2.999,90.698,232.727,-164.856,0.731,-23.428,-0.67
 14:26:44.043,eb:33:2e:f9:57:b5, 2085-97-28 08:250:237:5779,1.092,-2.197,2.907,73.425,231.445,-148.804,1.033,-22.319,-1.544
 14:26:44.043,eb:33:2e:f9:57:b5, 2085-97-136 09:234:236:5348,1.3,-2.309,2.707,37.231,223.389,-119.69,2.181,-20.028,-2.988
 14:26:44.043,eb:33:2e:f9:57:b5, 2085-97-133 11:203:234:5089,1.543,-2.497,2.523,-6.836,228.027,-95.947,2.291,-17.759,-4.131
 14:26:44.073,eb:33:2e:f9:57:b5, 2085-97-36 12:161:230:4586,1.371,-2.865,2.434,-51.392,235.779,-81.604,2.285,-15.397,-5.015
 14:26:44.073,eb:33:2e:f9:57:b5, 2085-97-52 09:195:224:2242,1.02,-3.541,1.835,-101.624,202.82,-64.331,0.665,5.29,-0.423
 14:26:44.073,eb:33:2e:f9:57:b5, 2085-97-29 09:16:221:691,1.435,-4.194,0.411,-205.688,122.253,-31.128,-0.879,6.932,-0.923
 14:26:44.073,eb:33:2e:f9:57:b5, 2085-97-25 14:118:223:2901,2.035,-4.301,0.811,-353.149,103.21,-5.798,-3.752,7.96,-1.132
 14:26:44.132,eb:33:2e:f9:57:b5, 2085-97-49 17:250:226:3937,2.213,-3.863,1.905,-480.835,129.211,-10.559,-8.015,9.08,-1.34
 14:26:44.132,eb:33:2e:f9:57:b5, 2085-97-53 18:168:236:2122,2.3,-3.195,1.588,-621.277,194.214,-26.367,-13.612,10.618,-1.868
 14:26:44.133,eb:33:2e:f9:57:b5, 2085-97-251 18:185:244:1758,2.472,-1.901,0.796,-769.104,164.734,-60.791,-20.885,12.294,-2.9
 14:26:44.133,eb:33:2e:f9:57:b5, 2085-97-12 21:115:248:4867,3.166,-1.146,1.481,-837.341,-6.042,-135.193,-29.443,12.244,-4.12
 14:26:44.493,eb:33:2e:f9:57:b5, 2085-97-77 26:188:06:8494,1.957,-0.247,3.558,-809.326,-85.999,-219.849,-37.776,10.443,-5.136
 14:26:44.493,eb:33:2e:f9:57:b5, 2085-97-218 08:182:02:3943,1.438,1.14,2.5,-789.062,10.193,-291.26,-45.901,8.657,-7.421
 14:26:44.493,eb:33:2e:f9:57:b5, 2085-97-82 12:52:250:7417,1.232,-0.451,3.126,-709.229,-414.246,-331.482,-53.317,4.274,-7.147
 14:26:44.493,eb:33:2e:f9:57:b5, 2085-97-41 07:128:247:8070,0.511,-0.837,3.556,-698.303,-418.091,-291.138,-59.843,-1.263,-5.361
 14:26:44.495,eb:33:2e:f9:57:b5, 2085-97-140 01:24:244:10099,0.02,-1.327,4.5,-702.148,-425.476,-215.454,-67.236,-5.367,-2.571
 14:26:44.495,eb:33:2e:f9:57:b5, 2085-97-234 255:197:244:11232,0.017,-1.5,5.25,-704.102,-409.119,-107.361,-73.779,-8.773,0.824
 14:26:44.495,eb:33:2e:f9:57:b5, 2085-97-38 00:182:248:11463,0.056,-1.205,5.617,-729.248,-346.985,17.151,-81.821,-9.888,4.548
 14:26:44.495,eb:33:2e:f9:57:b5, 2085-97-48 02:223:255:11545,0.536,-0.525,5.544,-758.24,-311.096,127.075,-87.946,-9.833,7.465
 14:26:44.499,eb:33:2e:f9:57:b5, 2085-97-242 04:34:10:11906,0.592,0.599,5.756,-749.39,-296.936,196.655,-96.213,-7.971,10.481
 14:26:44.499,eb:33:2e:f9:57:b5, 2085-97-26 04:222:19:12803,0.394,1.893,5.954,-683.472,-378.296,212.769,-100.739,-6.427,12.92
 14:26:44.499,eb:33:2e:f9:57:b5, 2085-97-223 01:12:28:14178,0.014,3.021,6.587,-597.229,-457.52,203.735,-107.661,-3.257,16.551
 14:26:44.499,eb:33:2e:f9:57:b5, 2085-97-70 254:253:33:15333,-0.461,3.928,7.21,-536.438,-424.377,178.467,-109.501,-2.126,19.808
 14:26:44.501,eb:33:2e:f9:57:b5, 2085-97-235 249:23:39:15031,-1.06,4.537,7.599,-510.376,-308.96,145.142,-114.939,0.797,22.571
 14:26:44.501,eb:33:2e:f9:57:b5, 2085-97-07 245:105:47:12877,-1.656,5.355,6.839,-479.187,-213.623,112,-115.323,-0.39,24.077
 14:26:44.501,eb:33:2e:f9:57:b5, 2085-97-243 240:171:56:10549,-1.938,6.521,5.745,-394.47,-225.952,61.401,-119.789,1.401,25.56
 14:26:44.501,eb:33:2e:f9:57:b5, 2085-97-234 241:169:62:8867,-1.392,7.543,4.638,-280.884,-220.093,-8.85,-118.383,-1.456,27.252
 14:26:44.503,eb:33:2e:f9:57:b5, 2085-97-21 246:206:64:6684,-1.301,8.053,3.983,-181.885,-60.486,-99.976,-120.784,-1.17,28.839
 14:26:44.503,eb:33:2e:f9:57:b5, 2085-97-111 242:252:59:3971,-2.179,7.905,2.502,-115.967,46.387,-183.96,-117.526,-6.773,29.048
 14:26:44.503,eb:33:2e:f9:57:b5, 2085-97-55 235:211:49:4083,-2.874,6.93,1.824,-28.931,-1.526,-216.248,-118.4,-8.718,29.844
 14:26:44.503,eb:33:2e:f9:57:b5, 2085-97-222 231:138:35:4927,-3.634,5.373,2.242,72.937,-31.433,-177.368,-113.956,-14.068,30.163
 14:26:44.523,eb:33:2e:f9:57:b5, 2085-97-214 218:62:53:14434,-6.52,2.046,4.071,570.312,-213.928,-34.607,-112.192,-15.194,31.135
 14:26:44.523,eb:33:2e:f9:57:b5, 2085-97-186 08:215:235:8007,0.603,6.231,-7.743,910.95,-521.362,149.353,-101.288,-17.073,30.773
 14:26:44.523,eb:33:2e:f9:57:b5, 2085-97-187 00:148:243:8444,-0.318,-2.183,3.871,808.777,348.328,-46.265,-33.788,-18.463,19.863
 14:26:44.523,eb:33:2e:f9:57:b5, 2085-97-37 251:199:253:10899,-0.473,-0.769,4.773,872.192,198.853,-60.059,-24.999,-16.738,17.71
 14:26:44.584,eb:33:2e:f9:57:b5, 2085-97-55 253:246:02:10362,0.134,-0.368,5.508,898.01,68.42,-39.124,-15.842,-15.87,16.782
 14:26:44.584,eb:33:2e:f9:57:b5, 2085-97-125 01:67:01:8913,-0.072,0.23,4.691,836.792,-0.793,-88.196,-7.388,-16.029,15.886
 14:26:44.584,eb:33:2e:f9:57:b5, 2085-97-81 01:121:249:4696,0.305,0.646,3.65,598.572,167.419,-82.214,0.055,-15.276,14.974
 14:26:44.584,eb:33:2e:f9:57:b5, 2085-97-236 02:98:236:4368,1.487,-1.886,0.713,244.263,234.009,-63.538,3.713,-13.387,14.112
 14:26:44.584,eb:33:2e:f9:57:b5, 2085-97-56 06:168:01:2855,-0.593,-3.021,4.642,221.375,497.864,25.024,5.565,-10.25,13.76
 14:26:44.612,eb:33:2e:f9:57:b5, 2085-113-81 00:134:126:1697,0.529,2.057,-1.479,16.846,566.467,22.461,6.262,-3.065,14.733
 14:26:44.612,eb:33:2e:f9:57:b5, 2085-97-11 22:119:08:10047,2.656,1.725,-0.336,32.654,-110.657,-46.936,6.35,-2.439,14.694
 14:26:44.612,eb:33:2e:f9:57:b5, 2085-97-170 08:244:11:3248,1.026,1.199,4.499,123.901,217.896,-115.479,6.751,-2.401,13.651
 14:26:44.612,eb:33:2e:f9:57:b5, 2085-97-34 12:143:255:7615,1.249,0.878,1.936,149.536,-186.951,-234.863,8.366,-2.208,11.805
 14:26:44.674,eb:33:2e:f9:57:b5, 2085-97-81 06:171:247:6353,0.666,-0.672,3.754,155.09,-12.451,-279.419,9.657,-2.807,8.921
 14:26:44.674,eb:33:2e:f9:57:b5, 2085-97-234 04:13:241:5662,0.507,-1.435,2.917,115.234,18.127,-285.156,11.376,-2.384,6.059
 14:26:44.674,eb:33:2e:f9:57:b5, 2085-97-25 04:202:235:4679,0.63,-2.299,2.416,28.87,112.915,-240.112,11.766,-1.219,3.466
 14:26:44.674,eb:33:2e:f9:57:b5, 2085-97-01 06:114:234:5276,0.792,-2.641,2.392,-53.589,163.391,-182.19,11.733,0.544,1.664
 14:26:44.703,eb:33:2e:f9:57:b5, 2085-97-252 05:178:232:5122,0.723,-2.773,2.666,-120.056,203.125,-124.207,10.294,2.582,0.363
 14:26:44.703,eb:33:2e:f9:57:b5, 2085-97-204 06:94:231:3191,1.13,-3.046,2.062,-189.636,237.183,-56.946,8.734,4.927,-0.17
 14:26:44.703,eb:33:2e:f9:57:b5, 2085-97-214 11:74:233:2713,1.793,-2.998,1.288,-278.259,220.215,-4.944,5.773,7.202,-0.346
 14:26:44.703,eb:33:2e:f9:57:b5, 2085-97-238 15:19:237:3443,2.104,-2.634,1.528,-356.995,196.594,5.981,2.554,9.261,-0.187
 14:26:45.153,eb:33:2e:f9:57:b5, 2085-97-110 17:184:241:3363,2.259,-2.062,1.715,-427.979,185.608,-7.019,-1.961,11.102,-0.406
 14:26:45.153,eb:33:2e:f9:57:b5, 2085-97-12 19:83:245:2642,2.53,-1.551,1.482,-505.859,169.739,-25.452,-6.724,12.876,-0.742
 14:26:45.153,eb:33:2e:f9:57:b5, 2085-97-74 21:122:248:2027,2.71,-1.125,1.118,-575.012,119.385,-57.8,-12.832,14.128,-1.615
 14:26:45.153,eb:33:2e:f9:57:b5, 2085-97-51 21:149:250:1814,2.525,-0.792,0.917,-621.887,39.551,-107.971,-19.056,14.623,-2.659
 14:26:45.155,eb:33:2e:f9:57:b5, 2085-97-52 19:211:251:2367,2.314,-0.59,0.95,-640.747,-80.627,-160.522,-26.087,13.716,-3.983
 14:26:45.155,eb:33:2e:f9:57:b5, 2085-97-217 17:13:253:3693,2.123,-0.446,1.458,-643.433,-200.867,-196.594,-32.635,11.497,-4.785
 14:26:45.155,eb:33:2e:f9:57:b5, 2085-97-150 15:01:253:4833,1.655,-0.319,2.096,-645.874,-263.245,-208.801,-39.507,8.141,-5.048
 14:26:45.155,eb:33:2e:f9:57:b5, 2085-97-54 09:124:250:6043,0.689,-0.545,2.637,-656.372,-268.005,-183.533,-46,4.812,-4.609
 14:26:45.155,eb:33:2e:f9:57:b5, 2085-97-78 05:126:250:7757,0.691,-0.676,3.262,-653.87,-287.659,-122.437,-52.965,1.747,-3.549
 14:26:45.157,eb:33:2e:f9:57:b5, 2085-97-158 04:103:248:8980,0.537,-0.803,4.28,-641.357,-300.72,-4.944,-59.573,-0.439,-1.28
 14:26:45.158,eb:33:2e:f9:57:b5, 2085-97-48 05:168:251:8515,0.887,-0.885,4.282,-639.954,-263.855,122.681,-66.528,-1.329,1.566
 14:26:45.158,eb:33:2e:f9:57:b5, 2085-97-198 09:113:04:8949,1.521,-0.065,4.18,-661.255,-214.844,226.99,-73.284,-0.368,4.395
 14:26:45.158,eb:33:2e:f9:57:b5, 2085-97-38 14:51:14:9714,1.91,1.134,4.572,-665.649,-194.458,291.077,-80.294,1.527,6.927
 14:26:45.158,eb:33:2e:f9:57:b5, 2085-97-229 14:198:24:9423,1.553,2.466,4.777,-638.245,-215.088,289.978,-86.863,4.274,9.218
 14:26:45.158,eb:33:2e:f9:57:b5, 2085-97-36 09:70:34:9878,0.597,3.648,4.481,-588.257,-275.452,242.981,-92.823,6.553,11.629
 14:26:45.158,eb:33:2e:f9:57:b5, 2085-97-185 253:31:47:11818,-1.216,5.07,5.48,-510.986,-383.118,172.546,-98.102,8.992,14.815
 14:26:45.162,eb:33:2e:f9:57:b5, 2085-97-95 241:159:54:12084,-2.325,6.487,5.753,-392.151,-481.995,93.811,-0.467,2.17,0.445
 14:26:45.162,eb:33:2e:f9:57:b5, 2085-97-50 233:174:59:12090,-3.093,7.125,6.028,-277.954,-407.959,42.053,-3.774,-2.422,1.346
 14:26:45.162,eb:33:2e:f9:57:b5, 2085-97-50 232:239:63:10563,-2.572,7.762,5.721,-189.026,-180.176,-5.554,-6.987,-5.548,1.961
 14:26:45.162,eb:33:2e:f9:57:b5, 2085-97-193 239:46:66:6298,-1.567,8.118,4.106,-127.075,85.693,-72.815,-8.421,-5.85,1.588
 14:26:45.162,eb:33:2e:f9:57:b5, 2085-97-40 245:38:60:1917,1.195,8.135,1.964,-74.768,186.157,-154.236,-9.877,-4.708,0.198
 14:26:45.162,eb:33:2e:f9:57:b5, 2085-97-113 05:182:233:-094,-0.137,-1.015,1.997,429.688,150.635,-135.864,76.218,11.102,9.926
 14:26:45.162,eb:33:2e:f9:57:b5, 2085-97-145 08:34:237:6891,0.703,-2.826,0.823,150.757,-17.334,-150.696,76.998,12.579,10.009
 14:26:45.163,eb:33:2e:f9:57:b5, 2085-97-78 04:221:02:1304,1.301,-0.429,2.133,1.343,474.976,-63.843,78.404,14.073,12.59
 14:26:45.213,eb:33:2e:f9:57:b5, 2085-97-35 14:167:255:4431,1.516,-0.087,1.784,-132.019,187.439,-92.712,75.938,15.452,15.068
 14:26:45.213,eb:33:2e:f9:57:b5, 2085-97-01 12:67:255:4291,1.4,0.123,1.485,-158.325,134.216,-159.424,74.8,17.205,16.534
 14:26:45.213,eb:33:2e:f9:57:b5, 2085-97-101 08:165:251:5050,0.786,-0.355,2.569,-131.348,90.149,-185.913,71.417,18.726,16.534
 14:26:45.213,eb:33:2e:f9:57:b5, 2085-97-95 04:171:245:5851,0.355,-0.872,2.641,-107.056,7.446,-169.373,70.208,20.572,16.293
 14:26:45.274,eb:33:2e:f9:57:b5, 2085-97-219 02:64:241:5825,0.575,-1.634,2.881,-128.052,29.236,-95.581,66.758,21.11,15.353
 14:26:45.274,eb:33:2e:f9:57:b5, 2085-97-57 07:92:241:5386,1.222,-1.904,2.765,-205.627,167.48,3.601,65.319,21.901,16.106
 14:26:45.274,eb:33:2e:f9:57:b5, 2085-113-81 00:194:109:15268,1.548,-1.678,2.451,-295.837,294.006,82.336,61.084,21.89,18.04
 14:26:45.274,eb:33:2e:f9:57:b5, 2085-97-134 15:146:246:4429,2.354,-1.459,2.295,-330.811,315.735,106.323,60.007,22.258,19.698
 14:26:45.812,eb:33:2e:f9:57:b5, 2085-97-224 21:152:251:3466,3.024,-0.862,1.955,-386.536,328.735,123.779,57.53,22.994,23.275
 14:26:45.812,eb:33:2e:f9:57:b5, 2085-97-135 25:13:255:2390,3.291,-0.295,1.428,-437.439,309.448,103.333,51.888,23.11,26.109
 14:26:45.812,eb:33:2e:f9:57:b5, 2085-97-147 26:68:255:1724,3.307,-0.06,0.983,-483.093,240.479,59.753,48.192,24.313,28.872
 14:26:45.812,eb:33:2e:f9:57:b5, 2085-97-42 26:136:253:1248,3.223,-0.193,0.705,-524.78,152.161,13.672,41.094,23.928,29.993
 14:26:45.993,eb:33:2e:f9:57:b5, 2085-97-78 25:156:252:1176,3.081,-0.393,0.562,-564.88,73.242,-22.095,35.848,24.824,30.635
 14:26:45.993,eb:33:2e:f9:57:b5, 2085-97-183 23:253:252:1404,2.798,-0.411,0.625,-596.313,5.859,-50.476,27.526,22.989,30.13
 14:26:45.993,eb:33:2e:f9:57:b5, 2085-97-215 20:140:253:1633,2.413,-0.335,0.735,-609.558,-58.777,-68.481,21.242,22.967,29.416
 14:26:45.993,eb:33:2e:f9:57:b5, 2085-97-185 17:79:253:2370,1.983,-0.3,0.903,-603.149,-144.165,-71.96,12.81,19.204,28.383
 14:26:46.413,eb:33:2e:f9:57:b5, 2085-97-72 13:41:252:3244,1.328,-0.392,1.375,-585.938,-229.797,-47.974,6.652,17.358,27.46
 14:26:46.413,eb:33:2e:f9:57:b5, 2085-97-146 08:227:250:4208,0.929,-0.567,1.781,-576.172,-264.343,8.789,-0.786,11.563,27.537
 14:26:46.413,eb:33:2e:f9:57:b5, 2085-97-214 06:14:251:5903,0.853,-0.671,2.457,-567.017,-279.846,95.642,-6.416,8.866,28.312
 14:26:46.413,eb:33:2e:f9:57:b5, 2085-97-126 07:247:254:7291,1.069,-0.441,3.272,-554.749,-254.272,202.515,-13.25,3.455,30.905
 14:26:46.413,eb:33:2e:f9:57:b5, 2085-97-227 09:40:06:7206,1.375,0.283,3.625,-551.758,-194.519,298.462,-18.836,2.115,34.019
 14:26:46.413,eb:33:2e:f9:57:b5, 2085-97-21 11:175:13:6374,1.321,1.255,3.329,-560.669,-154.114,350.708,-25.724,-0.753,38.392
 14:26:46.413,eb:33:2e:f9:57:b5, 2085-97-196 09:249:22:7065,0.959,2.243,3.115,-562.256,-167.969,356.628,-31.657,-0.286,42.27
 14:26:46.413,eb:33:2e:f9:57:b5, 2085-97-244 03:231:32:8290,-0.081,3.539,3.805,-541.87,-218.933,321.106,-38.364,-2.126,46.824
 14:26:46.417,eb:33:2e:f9:57:b5, 2085-97-49 251:176:38:9270,-1.057,4.522,4.272,-495.972,-310.73,263.733,-43.978,-2.181,50.823
 14:26:46.417,eb:33:2e:f9:57:b5, 2085-97-67 244:90:44:9765,-1.786,5.172,4.697,-436.096,-286.438,219.666,-49.411,-4.224,55.228
 14:26:46.417,eb:33:2e:f9:57:b5, 2085-97-13 240:212:50:10123,-1.995,5.925,4.887,-358.276,-209.961,177.551,-53.822,-4.169,58.431
 14:26:46.417,eb:33:2e:f9:57:b5, 2085-97-111 242:146:58:9191,-1.225,6.847,4.823,-265.503,-70.251,126.404,-56.739,-4.526,60.557
 14:26:46.473,eb:33:2e:f9:57:b5, 2085-97-204 249:171:63:6149,-0.303,7.714,3.881,-178.711,76.477,46.204,-58.958,-3.752,60.892
 14:26:46.473,eb:33:2e:f9:57:b5, 2085-97-159 11:115:252:7002,1.242,8.075,2.255,-93.018,124.878,-57.251,-58.733,-3.192,59.617
 14:26:46.473,eb:33:2e:f9:57:b5, 2085-97-142 08:81:245:7353,0.938,-0.896,3.527,137.756,75.5,-285.034,71.84,33.986,66.797
 14:26:46.473,eb:33:2e:f9:57:b5, 2085-97-16 07:141:239:6726,0.954,-1.713,3.528,71.106,161.926,-248.84,72.35,35.299,66.731
 14:26:46.475,eb:33:2e:f9:57:b5, 2085-97-43 09:228:236:5768,1.4,-2.256,3.027,-18.005,282.227,-160.217,1.159,4.845,-0.505
 14:26:46.475,eb:33:2e:f9:57:b5, 2085-97-46 18:57:253:3182,2.168,-2.439,2.568,-93.933,376.465,-71.96,0.538,8.234,-1.631
 14:26:46.475,eb:33:2e:f9:57:b5, 2085-97-61 16:09:253:3956,1.83,-0.348,1.732,-601.807,-239.624,-5.798,-55.118,15.93,4.444
 14:26:46.475,eb:33:2e:f9:57:b5, 2085-97-209 12:37:253:4602,1.411,-0.375,2.105,-604.126,-226.074,14.771,-60.76,14.76,6.504
 14:26:46.477,eb:33:2e:f9:57:b5, 2085-97-183 09:224:251:5262,1.098,-0.393,2.386,-590.576,-243.958,57.983,-66.451,11.97,8.954
 14:26:46.477,eb:33:2e:f9:57:b5, 2085-97-248 239:103:249:8329,-1.873,-0.597,2.713,-558.655,-266.052,138.611,-71.807,12.052,11.75
 14:26:46.477,eb:33:2e:f9:57:b5, 2085-97-44 254:125:246:11140,-1.375,-2.397,5.911,460.571,197.327,-47.852,-17.463,-25.851,28.174
 14:26:46.477,eb:33:2e:f9:57:b5, 2085-97-56 252:69:03:5027,1.476,-0.023,2.827,386.475,813.293,213.684,-12.623,-19.127,27.345
 14:26:46.503,eb:33:2e:f9:57:b5, 2085-97-245 16:103:10:7885,2.231,0.273,4.692,396.79,572.083,255.859,-9.728,-13.002,28.482
 14:26:46.503,eb:33:2e:f9:57:b5, 2085-97-212 21:45:32:5373,3.192,2.924,2.517,387.39,534.058,220.398,-6.125,-6.581,30.02
 14:26:46.503,eb:33:2e:f9:57:b5, 2085-97-139 26:28:32:6686,3.146,4.187,3.247,395.02,276.672,53.101,-2.895,-2.565,30.927
 14:26:46.503,eb:33:2e:f9:57:b5, 2085-97-194 22:205:27:5057,2.682,3.829,2.753,424.622,64.758,-143.921,1.307,-0.879,30.3
 14:26:46.593,eb:33:2e:f9:57:b5, 2085-97-209 20:43:17:8146,2.351,2.846,3.011,394.47,-191.406,-325.012,5.213,-1.582,27.702
 14:26:46.593,eb:33:2e:f9:57:b5, 2085-97-22 16:189:07:10435,1.7,1.526,4.654,330.994,-198.669,-443.542,9.3,-3.235,23.516
 14:26:46.593,eb:33:2e:f9:57:b5, 2085-97-124 11:59:255:10742,1.186,0.43,5.331,273.01,-114.136,-500.488,12.376,-3.917,18.408
 14:26:46.593,eb:33:2e:f9:57:b5, 2085-97-63 08:136:247:9787,0.965,-0.601,4.974,224.304,-25.024,-491.577,15.524,-3.411,13.348
 14:26:46.595,eb:33:2e:f9:57:b5, 2085-97-233 06:42:241:9240,0.8,-1.466,4.701,181.274,46.448,-436.035,17.419,-2.142,8.789
 14:26:46.595,eb:33:2e:f9:57:b5, 2085-97-146 06:08:238:8162,0.894,-2.09,4.236,142.578,173.645,-333.374,19.308,0.137,5.51
 14:26:46.595,eb:33:2e:f9:57:b5, 2085-97-84 08:179:236:7329,1.269,-2.345,3.733,103.21,273.071,-219.543,19.979,3.038,3.565
 14:26:46.595,eb:33:2e:f9:57:b5, 2085-97-63 12:23:236:6781,1.746,-2.459,3.476,66.895,363.342,-114.319,20.808,6.608,3.115
 14:26:46.623,eb:33:2e:f9:57:b5, 2085-97-177 15:41:235:5361,2.123,-2.523,2.985,40.833,423.157,-29.114,20.797,10.421,3.691
 14:26:46.623,eb:33:2e:f9:57:b5, 2085-97-06 18:72:231:2649,2.291,-2.791,2.075,20.752,410.095,31.677,21.319,14.348,5.191
 14:26:46.623,eb:33:2e:f9:57:b5, 2085-97-122 18:01:225:-2175,2.336,-3.477,0.133,-16.235,362.366,73.242,21.253,17.573,6.899
 14:26:46.623,eb:33:2e:f9:57:b5, 2085-97-110 18:167:222:-4719,2.354,-4.138,-1.901,-102.844,260.193,93.628,21.154,20.193,8.849
 14:26:46.653,eb:33:2e:f9:57:b5, 2085-97-83 18:127:224:-3414,2.169,-4.052,-2.051,-198.792,58.655,80.994,19.688,21.138,10.107
 14:26:46.653,eb:33:2e:f9:57:b5, 2085-97-215 15:04:224:-1507,1.811,-3.946,-1.18,-296.204,-90.698,61.035,17.353,20.594,10.684
 14:26:46.653,eb:33:2e:f9:57:b5, 2085-97-251 13:145:226:442,1.748,-3.953,-0.267,-424.133,-88.745,71.838,13.623,19.292,10.992
 14:26:46.653,eb:33:2e:f9:57:b5, 2085-97-137 13:61:234:1412,1.654,-3.224,0.602,-554.932,23.254,91.614,8.855,18.831,11.772
 14:26:46.713,eb:33:2e:f9:57:b5, 2085-97-56 13:245:240:1470,1.713,-2.273,0.707,-651.428,71.594,90.149,2.818,19.144,12.706
 14:26:46.713,eb:33:2e:f9:57:b5, 2085-97-231 14:82:246:2498,2.047,-1.534,0.877,-704.529,14.893,67.688,-3.796,19.638,13.519
 14:26:46.713,eb:33:2e:f9:57:b5, 2085-97-112 17:198:251:4352,2.137,-0.874,1.67,-727.234,-38.696,28.076,-11.008,19.243,13.986
 14:26:46.713,eb:33:2e:f9:57:b5, 2085-97-55 16:200:01:5456,1.87,-0.167,2.417,-746.704,-20.447,-15.991,-18.347,18.924,14.117
 14:26:46.742,eb:33:2e:f9:57:b5, 2085-97-146 14:211:04:5741,1.787,0.536,2.704,-759.949,-21.423,-62.134,-26.12,18.265,13.766
 14:26:46.742,eb:33:2e:f9:57:b5, 2085-97-248 12:230:01:5758,1.44,0.48,2.875,-740.417,-112.732,-101.318,-33.712,17.188,13.42
 14:26:46.742,eb:33:2e:f9:57:b5, 2085-97-09 10:158:255:5605,1.032,0.075,2.76,-716.919,-180.054,-108.276,-40.974,14.694,13.623
 14:26:46.742,eb:33:2e:f9:57:b5, 2085-97-171 06:199:253:5650,0.69,-0.153,2.724,-706.787,-199.951,-74.646,-47.961,12.695,14.354
 14:26:46.804,eb:33:2e:f9:57:b5, 2085-97-129 04:171:251:6451,0.504,-0.42,2.924,-689.636,-235.229,-9.155,-54.734,10.327,15.985
 14:26:46.804,eb:33:2e:f9:57:b5, 2085-97-129 04:241:251:7579,0.688,-0.604,3.434,-656.372,-258.24,81.97,-61.221,9.382,18.347
 14:26:46.804,eb:33:2e:f9:57:b5, 2085-97-00 06:218:00:6779,0.867,-0.241,3.702,-625.305,-203.003,179.26,-67.335,8.871,21.204
 14:26:46.804,eb:33:2e:f9:57:b5, 2085-97-155 08:254:07:6047,1.269,0.513,2.992,-599.67,-185.486,245.85,-73.224,10.388,23.626
 14:26:47.133,eb:33:2e:f9:57:b5, 2085-97-04 11:99:16:6122,1.385,1.541,3.006,-561.646,-216.125,266.785,-78.624,11.624,26.406
 14:26:47.133,eb:33:2e:f9:57:b5, 2085-97-208 10:104:21:6094,1.28,2.438,2.938,-507.751,-299.438,251.709,-83.513,13.876,29.306
 14:26:47.133,eb:33:2e:f9:57:b5, 2085-97-00 09:122:24:6845,0.904,2.837,3.123,-458.435,-396.301,224.915,-87.391,15.095,33.409
 14:26:47.133,eb:33:2e:f9:57:b5, 2085-97-95 05:250:28:8938,0.388,3.347,3.729,-438.232,-444.336,211.182,-90.939,17.292,37.7
 14:26:47.163,eb:33:2e:f9:57:b5, 2085-97-178 00:196:33:11676,-0.095,3.885,5.096,-423.645,-445.374,216.492,-93.84,18.754,42.61
 14:26:47.163,eb:33:2e:f9:57:b5, 2085-97-158 254:71:43:12075,-0.212,4.73,6.031,-375.488,-344.666,219.421,-96.784,21.396,46.472
 14:26:47.163,eb:33:2e:f9:57:b5, 2085-97-144 254:217:54:9696,-0.041,6.166,5.356,-290.222,-202.576,178.284,-98.817,22.934,49.351
 14:26:47.163,eb:33:2e:f9:57:b5, 2085-97-10 01:213:61:7647,0.286,7.388,4.211,-197.205,-126.038,75.623,-100.734,24.483,50.74
 14:26:47.165,eb:33:2e:f9:57:b5, 2085-97-104 03:222:63:5875,0.546,7.906,3.291,-118.286,-92.896,-74.402,-101.03,23.934,52.498
 14:26:47.165,eb:33:2e:f9:57:b5, 2085-97-244 04:127:59:4008,0.526,7.866,2.403,-76.66,-58.655,-234.253,-101.569,22.505,53.652
 14:26:47.165,eb:33:2e:f9:57:b5, 2085-97-194 01:136:48:2983,-0.359,6.792,1.618,-71.472,-26.123,-359.68,-100.937,18.94,55.459
 14:26:47.165,eb:33:2e:f9:57:b5, 2085-97-34 248:176:34:2780,-1.625,5.158,1.417,-41.077,-17.212,-415.161,-101.316,15.101,56.492
 14:26:47.167,eb:33:2e:f9:57:b5, 2085-97-47 238:112:19:3012,-2.739,3.409,1.366,56.763,-81.055,-383.423,-99.987,10.613,58.392
 14:26:47.167,eb:33:2e:f9:57:b5, 2085-97-129 239:66:03:7802,-3.015,1.444,1.627,182.373,-112.732,-283.02,-98.569,7.531,60.062
 14:26:47.167,eb:33:2e:f9:57:b5, 2085-97-54 167:151:80:-6740,2.587,1.579,10.022,570.068,425.354,120.972,-93.104,5.587,61.436
 14:26:47.169,eb:33:2e:f9:57:b5, 2085-97-139 84:185:87:-1498,4.259,-1.951,4.545,407.532,-572.327,268.494,-89.5,7.52,69.082
 14:26:47.169,eb:33:2e:f9:57:b5, 2085-97-242 249:168:239:1622,-0.294,0.644,1.098,-64.392,-105.896,-135.132,-87.495,7.317,69.692
 14:26:47.169,eb:33:2e:f9:57:b5, 2085-97-77 04:182:254:4256,0.646,-3.342,2.105,118.469,287.109,39.917,-87.369,6.79,68.527
 14:26:47.169,eb:33:2e:f9:57:b5, 2085-97-14 06:132:253:5158,0.717,-0.363,2.461,80.139,279.846,-17.456,-79.816,2.422,59.073
 14:26:47.169,eb:33:2e:f9:57:b5, 2085-97-212 04:210:253:4471,0.863,0.16,1.676,110.413,273.682,-35.4,-78.745,2.741,56.03
 14:26:47.193,eb:33:2e:f9:57:b5, 2085-97-112 07:60:250:7661,1.216,-0.39,3.484,166.809,289.246,-23.499,2.285,5.988,-0.209
 14:26:47.193,eb:33:2e:f9:57:b5, 2085-97-169 236:90:245:5054,-2.493,-0.772,3.865,267.883,354.675,-28.198,4.576,9.047,-0.352
 14:26:47.193,eb:33:2e:f9:57:b5, 2085-97-128 241:171:241:4210,-1.972,-1.836,0.99,468.506,37.354,-62.683,55.624,29.24,-12.969
 14:26:47.193,eb:33:2e:f9:57:b5, 2085-97-176 255:161:250:8678,-0.726,-2.528,4.43,448.303,383.85,115.845,60.859,30.262,-10.844
 14:26:47.224,eb:33:2e:f9:57:b5, 2085-97-167 01:171:17:3504,2.108,1.454,2.452,385.376,843.445,345.642,67.956,31.262,-2.736
 14:26:47.224,eb:33:2e:f9:57:b5, 2085-97-38 20:07:16:9543,1.875,1.623,4.711,380.981,348.755,313.049,74.284,29.811,3.208
 14:26:47.224,eb:33:2e:f9:57:b5, 2085-97-134 16:114:29:4093,2.727,3.048,2.433,425.232,449.524,233.887,79.305,27.96,8.608
 14:26:47.224,eb:33:2e:f9:57:b5, 2085-97-158 21:224:28:5845,2.149,3.715,2.824,463.074,102.051,30.396,84.743,27.081,11.025
 14:26:47.282,eb:33:2e:f9:57:b5, 2085-97-179 14:112:25:5582,1.691,3.521,2.355,471.191,-53.528,-172.241,88,26.889,10.794
 14:26:47.282,eb:33:2e:f9:57:b5, 2085-97-76 10:90:13:9620,0.859,2.552,3.715,422.424,-216.797,-333.618,91.703,29.531,8.877
 14:26:47.282,eb:33:2e:f9:57:b5, 2085-97-00 04:27:02:11615,0.283,0.948,5.259,350.769,-192.688,-412.842,92.346,31.816,5.57
 14:26:47.282,eb:33:2e:f9:57:b5, 2085-97-82 01:177:248:12227,0.083,-0.368,5.944,307.617,-100.22,-407.959,94.856,36.024,4.054
 14:26:47.313,eb:33:2e:f9:57:b5, 2085-97-77 00:45:243:10607,0.082,-1.331,5.688,270.02,71.411,-349.304,94.016,38.397,2.065
 14:26:47.313,eb:33:2e:f9:57:b5, 2085-97-230 01:244:240:8634,0.435,-1.772,4.645,227.112,218.75,-260.254,97.811,41.27,4.318
 14:26:47.313,eb:33:2e:f9:57:b5, 2085-97-26 05:26:240:7216,0.836,-1.952,3.843,183.655,303.101,-164.917,97.136,42.435,4.894
 14:26:47.313,eb:33:2e:f9:57:b5, 2085-97-240 07:27:240:5921,1.165,-2.005,3.242,148.315,329.834,-81.848,101.459,43.149,9.168
 14:26:47.343,eb:33:2e:f9:57:b5, 2085-97-129 10:160:239:4740,1.403,-1.984,2.603,110.962,320.19,-18.921,100.223,43.198,10.003
 14:26:47.343,eb:33:2e:f9:57:b5, 2085-97-203 11:06:236:3464,1.518,-2.219,2,70.74,291.26,26.123,103.541,42.55,13.876
 14:26:47.343,eb:33:2e:f9:57:b5, 2085-97-47 12:64:231:1328,1.569,-2.812,1.258,32.349,235.535,53.406,101.102,42.083,13.854
 14:26:47.344,eb:33:2e:f9:57:b5, 2085-97-138 13:214:227:-592,1.883,-3.328,0.08,-37.231,172.546,75.073,102.513,41.056,16.21
 14:26:47.403,eb:33:2e:f9:57:b5, 2085-97-35 16:240:226:-1041,2.042,-3.647,-0.418,-133.362,98.938,80.505,97.982,40.496,14.859
 14:26:47.403,eb:33:2e:f9:57:b5, 2085-97-12 16:54:229:-1201,1.928,-3.509,-0.58,-237.976,14.465,60.303,96.405,39.732,15.408
 14:26:47.403,eb:33:2e:f9:57:b5, 2085-97-185 14:172:231:-827,1.764,-3.189,-0.538,-359.985,-37.292,36.011,88.978,39.452,12.629
 14:26:47.403,eb:33:2e:f9:57:b5, 2085-97-147 13:139:234:001,1.633,-2.875,-0.198,-473.389,-69.153,14.771,84.348,39.161,11.97
 14:26:47.403,eb:33:2e:f9:57:b5, 2085-97-124 12:12:238:667,1.495,-2.474,0.188,-556.091,-86.731,-5.859,74.487,38.661,8.69
 14:26:47.434,eb:33:2e:f9:57:b5, 2085-113-58 00:141:250:-6720,1.415,-2.022,0.469,-608.337,-115.234,-23.743,67.928,38.458,7.471
 14:26:47.434,eb:33:2e:f9:57:b5, 2085-97-159 10:236:242:1740,1.181,-1.816,0.633,-625.854,-136.353,-30.457,60.458,37.546,4.587
 14:26:47.434,eb:33:2e:f9:57:b5, 2085-97-113 08:245:245:2778,0.979,-1.438,1.1,-654.724,-182.495,-33.813,53.058,36.909,2.785
 14:26:47.435,eb:33:2e:f9:57:b5, 2085-97-58 08:157:250:4226,1.114,-1.019,1.666,-673.035,-198.364,-24.292,41.858,34.662,-0.84
 14:26:47.464,eb:33:2e:f9:57:b5, 2085-97-64 08:224:254:5025,0.884,-0.323,2.397,-672.852,-194.702,-22.949,34.327,33.223,-2.417
 14:26:47.464,eb:33:2e:f9:57:b5, 2085-97-75 06:77:254:5212,0.696,-0.148,2.457,-645.325,-254.211,-32.043,24.192,30.152,-5.092
 14:26:47.464,eb:33:2e:f9:57:b5, 2085-97-125 04:203:253:5297,0.377,-0.251,2.591,-612.854,-289.49,-21.729,17.369,27.625,-6.416
 14:26:47.464,eb:33:2e:f9:57:b5, 2085-97-157 01:217:252:5412,0.061,-0.321,2.575,-588.318,-297.607,12.695,8.976,23.494,-7.778
 14:26:47.585,eb:33:2e:f9:57:b5, 2085-97-179 255:163:252:5943,-0.039,-0.435,2.809,-568.176,-295.898,64.514,3.246,20.484,-7.63
 14:26:47.585,eb:33:2e:f9:57:b5, 2085-97-36 00:196:253:6217,0.052,-0.386,2.97,-552.307,-281.25,123.291,-3.653,16.54,-6.833
 14:26:47.585,eb:33:2e:f9:57:b5, 2085-97-171 00:224:00:6276,0.139,-0.107,3.046,-555.298,-240.967,173.889,-8.811,14.178,-4.966
 14:26:47.585,eb:33:2e:f9:57:b5, 2085-97-163 01:111:05:6305,0.277,0.373,3.076,-570.74,-193.604,209.778,-15.255,11.766,-2.631
 14:26:47.585,eb:33:2e:f9:57:b5, 2085-97-188 02:186:10:6385,0.392,1.011,3.084,-584.595,-161.926,225.586,-20.715,10.865,0.027
 14:26:47.586,eb:33:2e:f9:57:b5, 2085-97-143 03:170:15:6510,0.516,1.655,3.158,-580.505,-166.504,216.553,-27.032,9.767,2.78
 14:26:47.586,eb:33:2e:f9:57:b5, 2085-97-47 04:203:20:6352,0.458,2.271,3.186,-547.729,-175.049,186.768,-32.432,9.333,5.405
 14:26:47.587,eb:33:2e:f9:57:b5, 2085-97-80 03:172:25:6879,0.344,2.917,3.089,-502.075,-216.187,138.428,-37.798,8.174,7.993
 14:26:47.643,eb:33:2e:f9:57:b5, 2085-97-69 01:229:30:8360,-0.075,3.525,3.783,-464.661,-240.234,88.013,-42.451,7.125,10.388
 14:26:47.643,eb:33:2e:f9:57:b5, 2085-97-214 253:46:35:8919,-0.434,4.155,4.267,-439.453,-219.055,47.363,-46.769,5.345,12.733
 14:26:47.643,eb:33:2e:f9:57:b5, 2085-97-109 251:173:38:8413,-0.73,4.616,4.286,-412.292,-165.161,17.639,-50.999,4.356,14.387
 14:26:47.643,eb:33:2e:f9:57:b5, 2085-97-122 248:103:42:7185,-1.047,5.06,3.847,-369.629,-121.277,-11.292,-54.355,2.867,15.793
 14:26:47.645,eb:33:2e:f9:57:b5, 2085-97-136 247:208:43:6517,-0.954,5.435,3.319,-298.523,-109.436,-44.373,-57.689,2.005,16.578
 14:26:47.645,eb:33:2e:f9:57:b5, 2085-97-238 249:35:44:5922,-0.493,5.47,3.06,-212.036,-75.989,-76.66,-59.376,0.363,17.314
 14:26:47.645,eb:33:2e:f9:57:b5, 2085-97-136 254:139:46:4564,0.083,5.65,2.625,-128.357,6.592,-123.413,-61.007,-0.676,17.117
 14:26:47.645,eb:33:2e:f9:57:b5, 2085-97-83 02:219:46:2603,0.366,5.908,1.705,-67.81,80.322,-191.528,-60.721,-2.466,16.04
 14:26:47.734,eb:33:2e:f9:57:b5, 2085-97-44 02:80:42:1391,0.177,5.648,0.941,-20.996,74.707,-266.113,-60.914,-4.136,14.194
 14:26:47.734,eb:33:2e:f9:57:b5, 2085-97-93 252:122:23:21158,-5.016,4.763,0.701,134.033,-146.057,-363.281,-59.189,-7.57,12.717
 14:26:47.734,eb:33:2e:f9:57:b5, 2085-97-140 225:249:42:085,2.005,5.101,4.599,493.896,618.713,-198.181,-54.388,-7.74,8.223
 14:26:47.734,eb:33:2e:f9:57:b5, 2085-97-114 242:202:22:5389,-6.246,4.123,4.927,427.307,1367.004,-150.269,-46.137,-4.691,0.637
 14:26:47.736,eb:33:2e:f9:57:b5, 2085-97-225 04:129:11:2643,0.149,3.382,1.511,116.455,788.391,-134.155,-43.099,1.494,-7.559
 14:26:47.736,eb:33:2e:f9:57:b5, 2085-97-43 207:180:09:-14741,-4.21,0.814,5.759,45.349,770.447,69.458,-40.424,6.301,-12.574
 14:26:47.736,eb:33:2e:f9:57:b5, 2085-97-117 13:179:250:4336,2.36,-0.83,-5.65,40.466,-854.736,4.578,-40.737,8.004,-12.788
 14:26:47.736,eb:33:2e:f9:57:b5, 2085-97-232 244:241:09:-5142,-0.29,-1.261,6.269,67.688,681.885,57.251,-38.628,6.471,-10.64
 14:26:47.792,eb:33:2e:f9:57:b5, 2085-97-05 17:165:09:9313,-0.813,-0.201,-0.697,23.376,-466.37,66.833,-38.353,7.729,-11.041
 14:26:47.792,eb:33:2e:f9:57:b5, 2085-97-250 251:139:03:202,0.101,-0.163,-0.465,-18.433,143.005,49.011,-36.832,9.69,-11.058
 14:26:47.792,eb:33:2e:f9:57:b5, 2085-97-201 250:112:255:1150,-0.36,-0.209,1.903,-17.273,61.218,26.428,-36.903,9.388,-10.662
 14:26:47.792,eb:33:2e:f9:57:b5, 2085-97-106 253:239:254:2386,-0.669,-0.218,1.095,-4.944,-19.348,26.184,-35.31,10.009,-10.179
 14:26:47.853,eb:33:2e:f9:57:b5, 2085-97-109 253:85:255:2028,-0.503,-0.091,0.518,-3.723,-8.728,31.799,-35.359,10.399,-10.052
 14:26:47.853,eb:33:2e:f9:57:b5, 2085-97-16 251:108:255:1318,-0.232,-0.087,0.712,-4.028,19.958,27.161,-33.821,11.25,-9.586
 14:26:47.853,eb:33:2e:f9:57:b5, 2085-97-21 255:106:255:2668,-0.332,-0.075,1.166,2.686,-16.602,21.484,-33.777,11.217,-9.3
 14:26:47.853,eb:33:2e:f9:57:b5, 2085-97-186 251:206:254:1788,-0.598,-0.152,1.155,1.099,50.293,37.231,-32.272,12.222,-8.97
 14:26:47.856,eb:33:2e:f9:57:b5, 2085-97-228 251:34:255:1619,-0.678,-0.1,0.729,1.221,-39.49,45.227,-32.217,12.568,-8.674
 14:26:47.856,eb:33:2e:f9:57:b5, 2085-97-249 245:61:249:5061,-1.192,-0.372,1.765,19.348,-130.371,49.438,-30.602,12.546,-7.443
 14:26:47.856,eb:33:2e:f9:57:b5, 2085-97-202 251:227:248:6296,-0.028,-1.131,3.046,133.423,-269.775,76.05,-29.63,11.173,-5.85
 14:26:47.856,eb:33:2e:f9:57:b5, 2085-97-93 02:135:251:7559,0.344,-0.336,2.963,251.343,-335.632,39.062,-26.153,9.498,-3.653
 14:26:48.002,eb:33:2e:f9:57:b5, 2085-97-214 02:28:244:10346,0.428,-1.057,4.613,365.967,-272.095,6.836,-22.945,6.784,-2.098
 14:26:48.002,eb:33:2e:f9:57:b5, 2085-97-86 05:38:243:8575,0.828,-1.611,4.791,506.287,-92.285,1.404,-17.331,5.674,-1.351
 14:26:48.002,eb:33:2e:f9:57:b5, 2085-97-194 07:113:243:6666,0.919,-1.54,3.534,626.282,13.916,-28.076,-11.602,5.427,-1.395
 14:26:48.002,eb:33:2e:f9:57:b5, 2085-97-173 03:218:248:7745,0.109,-1.532,3.251,749.634,41.809,-66.528,5.493,4.285,-0.335
 14:26:48.004,eb:33:2e:f9:57:b5, 2085-97-02 253:237:254:8404,-0.473,-1.068,4.527,849.792,-16.113,-85.632,13.612,4.581,-1.121
 14:26:48.004,eb:33:2e:f9:57:b5, 2085-97-37 254:185:08:7890,-0.992,0.776,3.837,877.808,-209.595,-118.103,22.456,3.933,-2.373
 14:26:48.004,eb:33:2e:f9:57:b5, 2085-97-215 243:19:05:11074,-2.178,1.536,4.451,871.521,-348.45,-154.48,31.317,1.763,-4.999
 14:26:48.004,eb:33:2e:f9:57:b5, 2085-97-233 236:44:255:8451,-2.071,0.334,5.124,803.528,-103.821,-74.585,40.117,0.483,-7.273
 14:26:48.006,eb:33:2e:f9:57:b5, 2085-97-145 243:58:243:4095,-0.838,-1.018,3.391,625.427,162.598,66.406,47.274,0.797,-7.015
 14:26:48.006,eb:33:2e:f9:57:b5, 2085-97-244 248:254:243:3384,0.516,-1.96,1.345,516.602,317.139,151.245,52.46,1.818,-4.016
 14:26:48.006,eb:33:2e:f9:57:b5, 2085-97-30 06:206:37:545,1.172,2.012,-1.031,503.113,610.046,284.973,58.123,3.098,1.395
 14:26:48.006,eb:33:2e:f9:57:b5, 2085-97-72 09:62:18:7479,1.081,3.675,2.193,282.104,261.23,135.254,61.688,3.406,5.614
 14:26:48.008,eb:33:2e:f9:57:b5, 2085-97-188 09:32:26:4350,1.481,2.41,2.919,325.073,302.49,53.772,64.737,3.977,8.806
 14:26:48.008,eb:33:2e:f9:57:b5, 2085-97-28 12:229:26:6594,1.334,3.574,2.507,351.685,34.485,-100.403,68.088,4.658,9.97
 14:26:48.008,eb:33:2e:f9:57:b5, 2085-97-146 08:35:22:7833,0.869,3.088,3.605,380.31,-30.029,-258.728,71.774,6.372,9.245
 14:26:48.008,eb:33:2e:f9:57:b5, 2085-97-151 05:112:12:9554,0.474,2.225,4.213,389.832,-90.759,-378.906,75.037,8.921,7.548
 14:26:48.063,eb:33:2e:f9:57:b5, 2085-97-82 02:80:03:10283,0.234,0.938,4.926,383.667,-71.899,-426.636,78.701,12.673,5.696
 14:26:48.063,eb:33:2e:f9:57:b5, 2085-97-117 01:150:251:10488,0.067,-0.077,5.14,362.671,-42.969,-415.527,80.469,16.249,3.906
 14:26:48.064,eb:33:2e:f9:57:b5, 2085-97-223 255:118:245:9305,-0.07,-0.969,4.847,320.679,45.166,-354.37,83.743,20.05,3.323
 14:26:48.064,eb:33:2e:f9:57:b5, 2085-97-255 254:189:241:8205,-0.156,-1.591,4.286,266.235,134.399,-256.348,83.831,22.714,2.994
 14:26:48.066,eb:33:2e:f9:57:b5, 2085-97-11 00:65:240:7551,0.287,-1.912,3.751,211.426,215.088,-143.127,86.77,24.818,4.708
 14:26:48.066,eb:33:2e:f9:57:b5, 2085-97-14 04:246:240:7240,0.696,-1.95,3.682,164.551,299.316,-40.405,85.803,25.746,6.037
 14:26:48.066,eb:33:2e:f9:57:b5, 2085-113-58 00:93:253:-6270,0.916,-1.807,3.369,135.376,346.741,35.4,88.599,25.928,9.613
 14:26:48.066,eb:33:2e:f9:57:b5, 2085-97-59 09:104:242:6467,1.418,-1.754,3.275,129.944,349.487,60.852,85.787,25.911,9.981
 14:26:48.123,eb:33:2e:f9:57:b5, 2085-97-106 13:85:243:5708,1.841,-1.625,2.981,129.028,330.017,86.06,88.451,25.378,13.705
 14:26:48.123,eb:33:2e:f9:57:b5, 2085-97-249 15:163:240:4320,2.131,-1.648,2.445,125.122,290.405,83.618,86.693,24.846,15.617
 14:26:48.123,eb:33:2e:f9:57:b5, 2085-97-229 16:54:232:1104,2.027,-2.41,1.647,114.99,228.333,52.673,88.857,24.318,18.325
 14:26:48.123,eb:33:2e:f9:57:b5, 2085-97-119 16:199:225:-3911,2.18,-3.46,-1.023,33.813,143.494,27.527,86.094,24.093,19.023
 14:26:48.153,eb:33:2e:f9:57:b5, 2085-97-164 17:146:228:-849,2.138,-3.707,-1.316,-131.714,-49.377,-10.01,85.589,24.033,19.308
 14:26:48.153,eb:33:2e:f9:57:b5, 2085-97-140 16:126:231:222,2.017,-3.173,0.08,-270.02,-82.092,-49.438,79.222,24.236,17.117
 14:26:48.154,eb:33:2e:f9:57:b5, 2085-97-23 16:79:232:-184,2.007,-3.025,-0.039,-395.569,-66.711,-76.172,75.498,24.681,16.205
 14:26:48.154,eb:33:2e:f9:57:b5, 2085-97-123 15:238:235:-096,1.787,-2.783,-0.068,-489.746,-77.271,-107.971,66.522,25.054,13.76
 14:26:48.422,eb:33:2e:f9:57:b5, 2085-97-32 13:172:239:-008,1.482,-2.245,-0.065,-556.824,-103.638,-132.019,60.721,25.719,12.332
 14:26:48.422,eb:33:2e:f9:57:b5, 2085-97-109 10:237:241:787,1.213,-1.885,0.166,-600.586,-182.129,-144.836,50.076,25.461,8.767
 14:26:48.422,eb:33:2e:f9:57:b5, 2085-97-52 09:192:243:2261,1.062,-1.643,0.719,-624.573,-278.442,-145.63,42.896,24.835,5.878
 14:26:48.422,eb:33:2e:f9:57:b5, 2085-97-134 08:175:246:3860,1.134,-1.398,1.443,-635.803,-343.14,-137.268,31.921,22.236,1.516
 14:26:48.424,eb:33:2e:f9:57:b5, 2085-97-123 08:131:251:5602,0.756,-0.836,2.428,-638.611,-354.553,-127.808,24.692,19.666,-1.417
 14:26:48.424,eb:33:2e:f9:57:b5, 2085-97-32 04:223:250:5553,0.376,-0.516,2.679,-622.437,-365.173,-125.183,14.991,15.688,-4.433
 14:26:48.424,eb:33:2e:f9:57:b5, 2085-97-120 01:02:249:6208,-0.009,-0.787,2.908,-594.849,-428.65,-105.408,8.597,11.898,-6.367
 14:26:48.424,eb:33:2e:f9:57:b5, 2085-97-241 254:134:248:6943,-0.229,-0.915,3.154,-578.43,-435.242,-56.946,0.632,6.482,-7.559
 14:26:48.426,eb:33:2e:f9:57:b5, 2085-97-109 253:180:248:7620,-0.385,-0.943,3.619,-571.411,-394.958,9.766,-5.109,2.313,-7.537
 14:26:48.426,eb:33:2e:f9:57:b5, 2085-97-215 252:199:249:7315,-0.328,-0.85,3.692,-572.083,-326.172,78.186,-12.288,-1.934,-6.301
 14:26:48.426,eb:33:2e:f9:57:b5, 2085-97-58 254:23:252:7374,-0.082,-0.665,3.545,-579.346,-287.72,134.644,-18.298,-4.515,-4.373
 14:26:48.426,eb:33:2e:f9:57:b5, 2085-97-93 00:48:01:7674,0.081,-0.242,3.708,-587.646,-247.925,172.241,-25.455,-6.823,-1.648
 14:26:48.428,eb:33:2e:f9:57:b5, 2085-97-207 00:20:07:7483,0.133,0.457,3.706,-593.445,-205.75,185.486,-31.915,-7.806,1.066
 14:26:48.428,eb:33:2e:f9:57:b5, 2085-97-70 01:124:14:7432,0.127,1.421,3.635,-586.609,-210.693,164.856,-38.749,-8.712,3.928
 14:26:48.428,eb:33:2e:f9:57:b5, 2085-97-134 00:69:17:7372,0.041,2.064,3.58,-554.81,-253.723,125.977,-45.071,-9.388,6.619
 14:26:48.428,eb:33:2e:f9:57:b5, 2085-97-191 255:29:19:8435,-0.185,2.217,3.827,-509.583,-303.345,89.355,-50.905,-10.882,9.684
 14:26:48.433,eb:33:2e:f9:57:b5, 2085-97-32 253:213:23:9378,-0.485,2.678,4.358,-477.234,-278.137,67.566,-56.591,-11.915,12.601
 14:26:48.433,eb:33:2e:f9:57:b5, 2085-97-106 251:181:27:9966,-0.676,3.232,4.791,-457.092,-246.094,52.429,-61.304,-13.2,15.276
 14:26:48.433,eb:33:2e:f9:57:b5, 2085-97-216 249:156:31:9272,-0.861,3.703,4.739,-436.34,-182.861,42.664,-66.434,-13.645,17.474
 14:26:48.433,eb:33:2e:f9:57:b5, 2085-97-128 248:01:36:8054,-0.997,4.228,4.254,-387.634,-150.574,26.733,-69.911,-14.392,19.012
 14:26:48.544,eb:33:2e:f9:57:b5, 2085-97-221 247:16:39:6802,-0.989,4.72,3.596,-308.838,-153.931,1.16,-73.867,-14.683,20.561
 14:26:48.544,eb:33:2e:f9:57:b5, 2085-97-189 09:255:33:1077,-6.183,5.04,3.134,-219.116,-167.114,-36.682,-75.553,-15.727,21.857
 14:26:48.544,eb:33:2e:f9:57:b5, 2085-97-200 235:220:250:-4797,1.477,-1.545,-7.026,37.537,-622.375,-92.041,-49.916,-31.371,9.701
 14:26:48.544,eb:33:2e:f9:57:b5, 2085-97-166 04:07:245:7021,-1.885,-1.119,4.182,66.956,-71.411,-16.846,-50.422,-36.019,14.271
 14:26:48.546,eb:33:2e:f9:57:b5, 2085-97-137 16:92:250:9643,0.697,1.347,-4.356,-25.269,-341.431,44.983,-48.433,-34.239,12.101
 14:26:48.546,eb:33:2e:f9:57:b5, 2085-97-72 245:136:04:-3647,-0.158,0.238,1.964,7.751,409.729,26.001,-46.412,-33.805,11.146
 14:26:48.546,eb:33:2e:f9:57:b5, 2085-97-35 01:174:254:3360,-0.079,0.054,0.719,6.165,-163.147,-18.616,-46.544,-33.717,11.255
 14:26:48.546,eb:33:2e:f9:57:b5, 2085-97-36 00:183:254:2756,-0.14,-0.125,1.072,1.465,-27.039,8.606,-44.445,-33.854,10.195
 14:26:48.548,eb:33:2e:f9:57:b5, 2085-97-125 255:212:255:2376,-0.207,-0.099,1.09,8.179,32.166,14.404,-44.324,-33.673,10.146
 14:26:48.548,eb:33:2e:f9:57:b5, 2085-97-182 250:235:254:692,-0.406,-0.089,0.936,5.676,75.195,13.611,-41.924,-32.921,8.498
 14:26:48.548,eb:33:2e:f9:57:b5, 2085-97-244 00:125:255:3260,0.112,-0.08,0.632,8.118,-94.421,13.489,-42.023,-32.921,8.756
 14:26:48.548,eb:33:2e:f9:57:b5, 2085-97-115 255:145:253:3826,-0.254,-0.169,1.884,28.748,-7.568,19.592,-40.259,-32.701,8.058
 14:26:48.693,eb:33:2e:f9:57:b5, 2085-97-185 254:24:254:3249,-0.554,-0.345,1.851,53.589,9.949,34.851,-39.963,-32.52,8.322
 14:26:48.693,eb:33:2e:f9:57:b5, 2085-97-104 250:189:252:4236,-0.653,-0.477,1.81,70.374,54.138,63.965,-37.689,-31.196,7.295
 14:26:48.693,eb:33:2e:f9:57:b5, 2085-97-220 252:80:250:5394,0.101,-0.582,2.079,138.794,-79.834,80.017,-37.084,-30.646,7.987
 14:26:48.693,eb:33:2e:f9:57:b5, 2085-97-207 03:119:250:7867,0.773,-0.442,3.284,218.384,-199.524,43.518,-34.805,-30.361,8.74
 14:26:48.693,eb:33:2e:f9:57:b5, 2085-113-81 00:22:117:-8222,1.247,-0.844,4.535,343.933,-144.104,12.268,-32.794,-31.624,10.245
 14:26:48.695,eb:33:2e:f9:57:b5, 2085-97-213 09:217:245:9448,1.142,-1.042,5.307,394.714,-30.212,-1.404,-31.091,-31.965,10.541
 14:26:48.695,eb:33:2e:f9:57:b5, 2085-97-38 10:76:245:7025,1.324,-1.303,3.745,500.854,159.363,-21.851,-25.027,-29.465,8.899
 14:26:48.695,eb:33:2e:f9:57:b5, 2085-97-158 09:241:243:6245,0.845,-1.462,3.292,592.59,243.652,-45.227,-18.759,-27.614,7.526
 14:26:48.695,eb:33:2e:f9:57:b5, 2085-97-87 05:120:250:7255,0.496,-1.343,2.912,714.539,208.618,-73.792,-10.822,-23.368,5.394
 14:26:48.753,eb:33:2e:f9:57:b5, 2085-97-151 254:182:05:8118,-0.159,-0.183,4.072,822.021,72.388,-103.76,-2.488,-22.028,4.164
 14:26:48.753,eb:33:2e:f9:57:b5, 2085-97-73 253:253:11:5571,-1.003,1.133,3.447,865.112,-216.797,-142.944,6.888,-20.616,2.263
 14:26:48.753,eb:33:2e:f9:57:b5, 2085-97-175 243:117:10:8736,-2.327,1.968,3.11,797.485,-374.756,-199.829,16.447,-23.39,-0.253
 14:26:48.753,eb:33:2e:f9:57:b5, 2085-97-252 234:229:254:5559,-2.042,0.166,3.93,630.554,-104.919,-118.347,7.498,1.912,-1.566
 14:26:48.844,eb:33:2e:f9:57:b5, 2085-97-81 246:251:246:2858,-1.184,-0.635,1.942,447.754,188.782,4.333,12.887,2.741,-1.917
 14:26:48.844,eb:33:2e:f9:57:b5, 2085-97-215 254:232:252:1859,-0.502,-1.67,2.412,401.672,418.396,91.98,16.749,5.378,-0.654
 14:26:48.844,eb:33:2e:f9:57:b5, 2085-97-162 00:30:27:-1124,1.369,2.425,-0.881,358.215,670.532,232.117,21.396,10.948,3.235
 14:26:48.844,eb:33:2e:f9:57:b5, 2085-97-171 13:151:13:7251,1.039,2.271,2.659,242.676,209.167,154.236,24.532,13.085,6.053
 14:26:48.844,eb:33:2e:f9:57:b5, 2085-97-150 07:101:23:2297,1.323,2.25,1.724,290.344,305.054,103.027,27.751,15.683,8.778
 14:26:48.844,eb:33:2e:f9:57:b5, 2085-97-178 10:208:20:5432,0.995,2.903,1.975,306.702,20.752,-13.245,30.965,16.249,9.619
 14:26:48.844,eb:33:2e:f9:57:b5, 2085-97-77 05:222:16:6345,0.498,2.354,2.82,328.552,-40.588,-111.023,34.085,16.595,9.014
 14:26:48.844,eb:33:2e:f9:57:b5, 2085-97-115 03:196:10:8773,0.356,1.762,3.652,342.163,-112.122,-181.213,37.15,16.397,7.229
 14:26:48.844,eb:33:2e:f9:57:b5, 2085-97-119 02:128:04:10303,0.273,0.943,4.748,356.628,-88.623,-215.027,40.215,16.809,4.944
 14:26:48.844,eb:33:2e:f9:57:b5, 2085-97-241 01:182:254:10023,0.242,0.183,5.083,372.986,-25.146,-223.083,43.176,17.38,2.741
 14:26:48.844,eb:33:2e:f9:57:b5, 2085-97-60 02:64:250:8975,0.32,-0.458,4.62,372.62,40.649,-210.876,46.599,18.962,1.225
 14:26:48.844,eb:33:2e:f9:57:b5, 2085-97-196 02:02:247:8098,0.379,-0.941,4.17,351.379,107.91,-181.641,49.136,20.358,0.115
 14:26:48.847,eb:33:2e:f9:57:b5, 2085-97-141 03:234:244:7312,0.517,-1.29,3.717,316.772,164.062,-135.742,52.52,22.456,0.17
 14:26:48.847,eb:33:2e:f9:57:b5, 2085-97-166 04:120:244:6635,0.642,-1.436,3.414,282.715,197.876,-93.079,54.047,23.78,0.385
 14:26:48.847,eb:33:2e:f9:57:b5, 2085-97-143 05:105:244:5840,0.729,-1.436,3.044,246.338,202.881,-58.044,57.162,25.543,1.697
 14:26:48.847,eb:33:2e:f9:57:b5, 2085-97-47 06:123:243:5276,0.837,-1.489,2.67,203.979,185.059,-31.006,57.535,26.241,2.274
 14:26:48.904,eb:33:2e:f9:57:b5, 2085-97-106 07:162:241:5312,1.027,-1.663,2.544,161.072,166.626,-10.437,59.925,27.328,3.763
 14:26:48.904,eb:33:2e:f9:57:b5, 2085-97-225 08:175:237:5424,1.083,-1.992,2.624,123.901,162.781,2.502,58.969,27.46,4.076
 14:26:48.904,eb:33:2e:f9:57:b5, 2085-97-142 07:106:232:3470,0.855,-2.646,2.418,95.154,174.377,15.625,60.716,28.246,5.691
 14:26:48.904,eb:33:2e:f9:57:b5, 2085-97-222 07:55:229:-027,1.321,-3.169,0.718,27.283,146.973,42.969,58.486,28.087,5.927
 14:26:48.934,eb:33:2e:f9:57:b5, 2085-97-168 13:230:228:-132,1.967,-3.444,-0.242,-101.929,117.126,60.669,58.7,28.295,7.432
 14:26:48.934,eb:33:2e:f9:57:b5, 2085-97-229 15:72:233:415,1.877,-3.165,0.214,-224.609,106.018,42.786,53.481,27.839,7.07
 14:26:48.934,eb:33:2e:f9:57:b5, 2085-97-161 14:115:237:-1138,1.884,-2.532,-0.167,-330.383,76.172,6.653,51.064,28.251,8.064
 14:26:48.934,eb:33:2e:f9:57:b5, 2085-97-28 16:114:239:-1084,2.082,-2.184,-0.702,-418.213,-42.847,-44.067,43.094,27.653,6.356
 14:26:48.963,eb:33:2e:f9:57:b5, 2085-97-241 15:165:241:-049,1.792,-1.929,-0.227,-477.539,-118.53,-102.112,38.073,27.4,5.065
 14:26:48.963,eb:33:2e:f9:57:b5, 2085-97-104 12:173:242:588,1.31,-1.711,0.124,-526.428,-157.41,-145.325,28.339,25.576,1.62
 14:26:48.963,eb:33:2e:f9:57:b5, 2085-97-116 08:24:243:1319,0.797,-1.642,0.471,-576.843,-200.195,-160.217,21.989,24.554,-0.687
 14:26:48.963,eb:33:2e:f9:57:b5, 2085-97-56 05:231:243:2326,0.672,-1.572,0.813,-630.859,-235.352,-143.86,11.794,21.011,-3.884
 14:26:49.023,eb:33:2e:f9:57:b5, 2085-97-255 05:46:246:4240,0.848,-1.406,1.587,-664.978,-280.945,-121.216,4.828,18.589,-5.576
 14:26:49.023,eb:33:2e:f9:57:b5, 2085-97-74 07:153:252:6981,0.681,-0.918,2.632,-682.8,-264.832,-98.45,-4.966,13.903,-7.136
 14:26:49.023,eb:33:2e:f9:57:b5, 2085-97-198 02:128:254:6793,0.253,-0.16,3.516,-669.434,-204.773,-83.923,-11.843,11.602,-7.663
 14:26:49.023,eb:33:2e:f9:57:b5, 2085-97-176 02:03:252:6974,0.39,-0.375,3.321,-621.643,-294.495,-65.369,-20.231,7.339,-7.701
 14:26:49.083,eb:33:2e:f9:57:b5, 2085-97-242 02:129:251:6503,0.302,-0.534,3.316,-588.562,-298.645,-22.4,-26.224,4.455,-6.861
 14:26:49.083,eb:33:2e:f9:57:b5, 2085-97-218 01:39:251:6359,0.262,-0.592,3.097,-579.834,-293.091,27.039,-33.201,0.61,-5.092
 14:26:49.083,eb:33:2e:f9:57:b5, 2085-97-114 02:170:251:7245,0.296,-0.595,3.305,-583.008,-304.016,77.393,-39.194,-1.423,-2.84
 14:26:49.083,eb:33:2e:f9:57:b5, 2085-97-27 02:09:254:7585,0.25,-0.433,3.662,-590.82,-290.894,128.662,-45.901,-3.917,0.291
 14:26:49.085,eb:33:2e:f9:57:b5, 2085-97-62 02:110:02:7669,0.304,-0.011,3.67,-594.421,-291.321,169.861,-52.306,-4.559,3.494
 14:26:49.085,eb:33:2e:f9:57:b5, 2085-97-141 02:20:08:8433,0.307,0.657,3.897,-587.952,-322.815,188.171,-58.661,-5.724,7.41
 14:26:49.085,eb:33:2e:f9:57:b5, 2085-97-03 02:123:12:8766,0.205,1.326,4.263,-562.317,-344.482,186.34,-65.083,-5.559,11.316
 14:26:49.085,eb:33:2e:f9:57:b5, 2085-97-78 01:24:15:8955,0.098,1.723,4.281,-522.278,-368.164,171.265,-70.433,-6.372,15.667
 14:26:49.114,eb:33:2e:f9:57:b5, 2085-97-254 255:245:19:9811,-0.109,2.135,4.558,-489.502,-347.168,156.311,-76.168,-5.762,19.649
 14:26:49.114,eb:33:2e:f9:57:b5, 2085-97-55 254:78:27:10560,-0.329,2.938,5.008,-472.839,-294.434,134.949,-80.338,-6.334,23.395
 14:26:49.114,eb:33:2e:f9:57:b5, 2085-97-181 252:98:34:10539,-0.529,3.87,5.194,-461.243,-238.098,100.037,-85.49,-5.438,26.169
 14:26:49.114,eb:33:2e:f9:57:b5, 2085-97-77 250:247:39:9297,-0.904,4.678,4.947,-436.279,-185.73,52.246,-88.693,-6.251,28.537
 14:26:49.172,eb:33:2e:f9:57:b5, 2085-97-142 247:164:42:7477,-1.186,5.222,4.052,-379.272,-178.772,-0.977,-93.093,-5.955,30.322
 14:26:49.172,eb:33:2e:f9:57:b5, 2085-97-196 245:144:42:6713,-1.27,5.339,3.394,-289.978,-204.529,-48.096,-94.911,-7.487,32.437
 14:26:49.172,eb:33:2e:f9:57:b5, 2085-97-66 247:215:42:6375,-0.874,5.316,3.237,-186.89,-167.358,-81.177,-97.657,-7.899,34.486
 14:26:49.172,eb:33:2e:f9:57:b5, 2085-97-123 250:191:44:4908,-0.586,5.458,2.845,-107.91,1.77,-110.535,-97.432,-9.954,35.392
 14:26:49.293,eb:33:2e:f9:57:b5, 2085-97-32 251:23:43:2535,-0.776,5.593,1.823,-72.083,127.991,-142.822,-98.157,-11.349,34.777
 14:26:49.293,eb:33:2e:f9:57:b5, 2085-97-230 247:55:36:959,-1.258,5.007,0.74,-16.174,99.67,-161.255,-96.548,-14.139,33.475
 14:26:49.293,eb:33:2e:f9:57:b5, 2085-97-16 244:133:27:1231,-1.71,4,0.445,80.078,-48.279,-149.719,-96.213,-15.727,33.481
 14:26:49.293,eb:33:2e:f9:57:b5, 2085-97-203 240:42:17:2053,-2.087,2.838,0.826,186.035,-150.818,-104.065,-93.889,-18.182,34.684
 14:26:49.297,eb:33:2e:f9:57:b5, 2085-97-232 237:164:03:1813,-1.449,1.336,0.979,278.32,-182.495,-29.602,-92.247,-18.704,36.59
 14:26:49.297,eb:33:2e:f9:57:b5, 2085-97-242 193:191:50:-2144,6.246,2.223,9.096,684.387,-93.811,165.405,-87.22,-20.292,39.562
 14:26:49.297,eb:33:2e:f9:57:b5, 2085-113-58 00:66:220:-5220,12.66,5.069,10.118,224.67,467.224,-230.591,-86.028,-20.577,47.977
 14:26:49.297,eb:33:2e:f9:57:b5, 2085-97-191 80:32:25:7734,-2.777,3.65,6.415,462.341,-1292.847,-479.553,-84.315,-22.786,51.493
 14:26:49.298,eb:33:2e:f9:57:b5, 2085-97-156 197:50:239:-15904,-5.426,1.499,-9.935,184.143,-61.89,-284.729,-86.863,-27.96,64.44
 14:26:49.298,eb:33:2e:f9:57:b5, 2085-97-89 241:188:227:3444,-0.167,-1.473,-4.997,154.236,-478.088,-185.303,-85.364,-32.932,66.313
 14:26:49.298,eb:33:2e:f9:57:b5, 2085-97-197 23:177:254:11830,0.587,1.227,-1.345,32.288,-384.644,25.94,-85.897,-33.376,68.714
 14:26:49.298,eb:33:2e:f9:57:b5, 2085-97-18 243:188:01:-4774,-0.303,0.321,1.347,32.471,560.852,21.362,-84.276,-34.42,67.198
 14:26:49.324,eb:33:2e:f9:57:b5, 2085-97-147 248:97:255:-380,-0.453,0.17,0.99,19.836,12.268,7.629,-83.513,-34.151,66.379
 14:26:49.324,eb:33:2e:f9:57:b5, 2085-97-47 03:121:255:3857,0.555,-0.253,0.566,0,-183.411,28.687,-83.694,-35.601,67.473
 14:26:49.324,eb:33:2e:f9:57:b5, 2085-97-183 08:239:00:4434,0.504,0.073,1.66,41.809,-62.439,-4.944,-84.254,-35.563,68.687
 14:26:49.324,eb:33:2e:f9:57:b5, 2085-97-199 250:129:251:2021,-1.481,-0.206,2.231,63.904,225.281,26.062,-82.617,-36.804,67.632
 14:26:49.384,eb:33:2e:f9:57:b5, 2085-97-86 251:48:255:586,0.416,-0.382,-0.553,73.853,36.011,87.83,-80.294,-35.898,65.204
 14:26:49.384,eb:33:2e:f9:57:b5, 2085-97-202 02:78:254:4300,-0.211,-0.117,1.824,87.158,-77.454,99.854,-80.074,-36.387,66.912
 14:26:49.384,eb:33:2e:f9:57:b5, 2085-97-76 254:139:01:2706,-0.294,-0.243,1.378,82.153,94.666,138.184,-78.766,-35.002,66.16
 14:26:49.384,eb:33:2e:f9:57:b5, 2085-97-197 253:111:251:5615,-0.073,-0.163,2.655,87.036,22.095,54.138,-77.3,-35.244,66.017
 14:26:49.412,eb:33:2e:f9:57:b5, 2085-97-92 03:35:252:7939,0.453,-0.419,2.836,191.711,-104.309,29.907,-76.196,-34.86,66.44
 14:26:49.412,eb:33:2e:f9:57:b5, 2085-97-04 02:116:246:9568,0.312,-0.925,4.722,314.453,-18.127,9.521,-73.51,-35.777,67.154
 14:26:49.412,eb:33:2e:f9:57:b5, 2085-97-223 03:213:246:6933,0.554,-1.287,4.129,427.917,88.806,20.447,-69.439,-35.486,66.693
 14:26:49.412,eb:33:2e:f9:57:b5, 2085-97-12 04:167:246:5302,0.528,-1.099,2.87,507.69,141.479,16.907,-62.556,-35.184,64.49
 14:26:49.443,eb:33:2e:f9:57:b5, 2085-97-179 03:19:245:5366,0.354,-1.319,2.581,595.703,97.229,-4.639,-56.184,-34.541,63.155
 14:26:49.443,eb:33:2e:f9:57:b5, 2085-97-172 01:07:249:7155,-0.12,-1.19,2.959,698.486,26.062,-33.02,-47.747,-34.354,61.43
 14:26:49.443,eb:33:2e:f9:57:b5, 2085-97-183 255:238:02:8472,-0.271,-0.217,4.132,771.118,-29.358,-53.955,-40.078,-34.684,61.057
 14:26:49.443,eb:33:2e:f9:57:b5, 2085-97-20 254:48:09:4840,-0.113,0.99,3.258,787.781,-144.775,-64.575,-30.613,-35.228,59.925
 14:26:49.472,eb:33:2e:f9:57:b5, 2085-97-237 253:247:05:4547,-0.588,0.94,2.278,729.065,-294.006,-100.403,-23.34,-37.875,60.485
 14:26:49.472,eb:33:2e:f9:57:b5, 2085-97-46 249:57:08:5410,-0.916,1.025,2.561,595.398,-232.239,-104.004,-14.76,-40.056,58.898
 14:26:49.472,eb:33:2e:f9:57:b5, 2085-97-179 250:05:01:4690,-0.346,0.803,2.497,443.176,-31.494,-68.176,-9.113,-41.462,58.14
 14:26:49.472,eb:33:2e:f9:57:b5, 2085-97-101 253:62:252:3656,-0.224,-0.35,1.907,337.158,201.599,7.812,3.73,4.889,-0.093
 14:26:49.654,eb:33:2e:f9:57:b5, 2085-97-102 02:108:14:482,0.167,-0.685,2.227,445.801,413.025,89.111,7.482,8.053,0.522
 14:26:49.654,eb:33:2e:f9:57:b5, 2085-97-129 08:41:21:3313,1.444,3.63,-0.368,339.111,316.101,121.46,11.882,12.398,2.598
 14:26:49.654,eb:33:2e:f9:57:b5, 2085-97-29 08:11:13:4749,0.763,1.487,3.295,324.707,159.241,67.81,15.216,13.354,3.658
 14:26:49.654,eb:33:2e:f9:57:b5, 2085-97-252 07:161:19:4503,0.959,2.333,1.504,349.426,15.015,9.766,18.831,14.453,4.438
 14:26:49.656,eb:33:2e:f9:57:b5, 2085-97-135 05:63:17:6190,0.65,2.262,2.862,345.154,-33.325,-59.631,22.258,14.277,4.043
 14:26:49.656,eb:33:2e:f9:57:b5, 2085-97-85 05:169:14:7987,0.627,2.05,3.438,354.37,-112,-132.568,25.659,13.832,2.802
 14:26:49.656,eb:33:2e:f9:57:b5, 2085-97-188 04:128:09:8892,0.558,1.531,4.168,356.689,-105.103,-188.965,28.949,13.623,0.818
 14:26:49.656,eb:33:2e:f9:57:b5, 2085-97-75 04:07:04:8992,0.521,0.838,4.406,354.004,-69.946,-223.206,32.064,13.744,-1.511
 14:26:49.660,eb:33:2e:f9:57:b5, 2085-97-226 03:07:255:8579,0.455,0.182,4.328,344.482,-20.203,-237,35.239,14.645,-3.73
 14:26:49.660,eb:33:2e:f9:57:b5, 2085-97-110 03:223:250:7836,0.414,-0.396,4.011,330.2,34.851,-230.957,37.809,15.826,-5.751
 14:26:49.660,eb:33:2e:f9:57:b5, 2085-97-86 03:04:248:7135,0.438,-0.841,3.65,312.805,70.923,-209.717,40.77,17.633,-7.158
 14:26:49.660,eb:33:2e:f9:57:b5, 2085-97-189 03:32:246:6525,0.526,-1.125,3.333,289.124,98.022,-178.833,42.61,19.067,-8.377
 14:26:49.682,eb:33:2e:f9:57:b5, 2085-97-230 04:76:244:6218,0.735,-1.348,3.104,257.019,127.319,-142.822,45.258,20.973,-8.778
 14:26:49.682,eb:33:2e:f9:57:b5, 2085-97-135 06:87:242:5654,0.908,-1.585,2.955,219.421,173.401,-104.065,46.176,22.214,-9.064
 14:26:49.682,eb:33:2e:f9:57:b5, 2085-97-228 07:16:240:5014,0.998,-1.82,2.594,171.692,217.712,-61.768,48.45,24.17,-8.119
 14:26:49.682,eb:33:2e:f9:57:b5, 2085-97-169 07:250:233:4324,0.836,-2.3,2.302,125.488,229.736,-18.066,48.268,25.126,-7.344
 14:26:49.714,eb:33:2e:f9:57:b5, 2085-97-68 06:46:228:1080,0.904,-3.176,1.494,93.75,223.572,32.715,50.087,26.587,-5.438
 14:26:49.714,eb:33:2e:f9:57:b5, 2085-97-153 09:124:226:-1777,1.581,-3.666,-0.393,5.554,174.866,88.501,48.417,26.499,-4.51
 14:26:49.714,eb:33:2e:f9:57:b5, 2085-97-18 15:163:230:-792,2.03,-3.504,-0.75,-125.549,125.671,110.535,48.516,26.719,-2.554
 14:26:49.715,eb:33:2e:f9:57:b5, 2085-97-238 15:225:234:-375,1.932,-2.81,-0.079,-239.441,69.153,82.642,43.709,25.812,-2.395
 14:26:49.715,eb:33:2e:f9:57:b5, 2085-113-58 00:171:250:-6075,1.925,-2.589,-0.438,-337.708,7.08,45.837,41.089,25.659,-1.626
 14:26:49.744,eb:33:2e:f9:57:b5, 2085-97-43 15:50:236:-1400,1.801,-2.569,-0.605,-390.137,-9.583,29.846,35.574,24.274,-2.78
 14:26:49.744,eb:33:2e:f9:57:b5, 2085-97-117 13:220:239:-1010,1.555,-2.273,-0.651,-481.506,-53.406,-3.052,31.168,23.972,-2.818
 14:26:49.744,eb:33:2e:f9:57:b5, 2085-97-131 11:126:243:-067,1.355,-1.769,-0.275,-547.18,-133.057,-35.889,22.104,21.572,-4.559
 14:26:49.744,eb:33:2e:f9:57:b5, 2085-97-14 10:190:245:1103,1.094,-1.399,0.243,-593.933,-210.083,-60.181,16.073,20.05,-5.625
 14:26:49.834,eb:33:2e:f9:57:b5, 2085-97-198 07:163:246:1868,0.95,-1.209,0.706,-629.578,-250.854,-72.693,6.449,16.024,-7.41
 14:26:49.834,eb:33:2e:f9:57:b5, 2085-97-204 07:82:248:3249,0.926,-1.092,1.204,-652.71,-299.805,-76.782,-0.132,13.277,-8.278
 14:26:49.834,eb:33:2e:f9:57:b5, 2085-97-87 06:156:250:5088,0.605,-0.821,2.026,-663.635,-301.636,-78.43,-9.382,8.339,-8.937
 14:26:49.834,eb:33:2e:f9:57:b5, 2085-97-226 03:235:252:6379,0.442,-0.508,2.847,-644.531,-299.744,-83.496,-15.952,5.284,-9.02
 14:26:49.836,eb:33:2e:f9:57:b5, 2085-113-81 00:118:124:-7177,0.368,-0.329,3.329,-605.286,-322.51,-82.153,-23.939,0.489,-8.498
 14:26:49.836,eb:33:2e:f9:57:b5, 2085-97-35 02:225:253:6258,0.21,-0.293,3.302,-589.355,-315.491,-76.599,-26.938,-1.115,-8.135
 14:26:49.836,eb:33:2e:f9:57:b5, 2085-97-41 01:42:253:5891,-0.008,-0.292,2.885,-576.05,-321.228,-61.157,-32.871,-4.169,-7.086
 14:26:49.836,eb:33:2e:f9:57:b5, 2085-97-146 254:153:251:6446,-0.288,-0.437,2.952,-583.252,-305.237,-25.33,-39.974,-8.108,-5.158
 14:26:49.864,eb:33:2e:f9:57:b5, 2085-97-248 252:88:250:7470,-0.432,-0.666,3.456,-584.351,-290.039,32.837,-46.329,-10.212,-2.972
 14:26:49.865,eb:33:2e:f9:57:b5, 2085-97-240 252:139:251:7641,-0.331,-0.667,3.692,-577.087,-248.657,106.018,-53.223,-12.063,-0.11
 14:26:49.865,eb:33:2e:f9:57:b5, 2085-97-175 253:116:255:7316,-0.181,-0.359,3.683,-574.646,-190.125,178.284,-59.738,-11.997,2.615
 14:26:49.865,eb:33:2e:f9:57:b5, 2085-97-149 255:88:05:7293,0.077,0.275,3.552,-573.608,-153.748,231.14,-65.874,-11.245,5.175
 14:26:49.893,eb:33:2e:f9:57:b5, 2085-97-143 01:21:12:7146,0.273,1.145,3.497,-551.758,-140.625,256.47,-72.087,-9.388,7.41
 14:26:49.893,eb:33:2e:f9:57:b5, 2085-97-126 02:116:16:7494,0.366,1.811,3.541,-510.01,-178.467,247.314,-76.915,-7.822,9.613
 14:26:49.893,eb:33:2e:f9:57:b5, 2085-97-72 03:51:21:8554,0.375,2.314,3.897,-467.896,-219.543,223.145,-82.238,-5.828,12.057
 14:26:49.893,eb:33:2e:f9:57:b5, 2085-97-33 02:250:26:9320,0.12,3.028,4.395,-449.768,-205.688,193.848,-85.666,-4.834,14.458
 14:26:49.925,eb:33:2e:f9:57:b5, 2085-97-189 255:127:31:9452,-0.181,3.667,4.633,-442.2,-179.443,161.194,-90.406,-3.104,16.43
 14:26:49.925,eb:33:2e:f9:57:b5, 2085-97-56 253:207:35:8748,-0.543,4.2,4.5,-415.161,-135.254,127.258,-92.856,-2.889,18.089
 14:26:49.925,eb:33:2e:f9:57:b5, 2085-97-124 250:197:39:7256,-0.731,4.747,3.919,-352.966,-102.6,90.637,-96.817,-1.697,19.111
 14:26:49.925,eb:33:2e:f9:57:b5, 2085-97-130 250:66:42:5816,-0.59,5.127,3.188,-257.812,-94.971,51.27,-97.581,-2.313,20.198
 14:26:50.014,eb:33:2e:f9:57:b5, 2085-97-75 252:58:45:4233,-0.312,5.484,2.471,-154.663,-57.983,6.104,-99.668,-1.912,20.907
 14:26:50.014,eb:33:2e:f9:57:b5, 2085-97-47 254:226:46:2491,-0.269,5.776,1.671,-68.787,-20.447,-54.504,-98.427,-3.543,21.467
 14:26:50.014,eb:33:2e:f9:57:b5, 2085-97-38 252:175:44:844,-0.815,5.824,0.727,-10.376,-30.09,-127.869,-98.828,-4.444,21.797
 14:26:50.014,eb:33:2e:f9:57:b5, 2085-97-171 246:38:37:1865,-1.443,5.175,0.482,41.138,-125.061,-189.27,-96.773,-7.608,22.945
 14:26:50.016,eb:33:2e:f9:57:b5, 2085-97-109 234:24:22:19381,-4.318,3.998,1.488,116.577,-175.354,-199.463,-96.422,-9.382,24.89
 14:26:50.016,eb:33:2e:f9:57:b5, 2085-97-214 216:29:40:-2819,0.88,3.286,5.033,557.007,653.076,-81.116,-90.082,-13.228,23.45
 14:26:50.016,eb:33:2e:f9:57:b5, 2085-97-90 15:73:29:15007,4.747,10.586,8.481,413.269,-481.201,-99.182,-84.573,-14.689,25.763
 14:26:50.016,eb:33:2e:f9:57:b5, 2085-97-106 60:241:30:16354,-5.799,3.045,3.429,125.244,848.267,55.786,-78.882,-15.502,20.544
 14:26:50.044,eb:33:2e:f9:57:b5, 2085-97-246 213:53:243:-9897,-0.395,2.469,-9.099,75.012,-327.393,-233.948,-77.542,-18.331,24.532
 14:26:50.044,eb:33:2e:f9:57:b5, 2085-97-218 07:251:251:7803,-0.624,-1.331,2.018,69.092,-576.538,-78.369,-77.805,-23.763,32.888
 14:26:50.044,eb:33:2e:f9:57:b5, 2085-97-16 15:151:252:9382,-0.552,0.822,-2.736,-0.854,-364.075,23.193,-77.195,-23.417,32.47
 14:26:50.044,eb:33:2e:f9:57:b5, 2085-97-39 00:79:04:654,0.217,0.089,-0.316,-3.54,114.014,35.461,-75.526,-24.115,31.844
 14:26:50.104,eb:33:2e:f9:57:b5, 2085-97-43 251:27:00:-307,0.441,0.087,1.779,-6.287,45.776,2.869,-75.866,-24.131,32.509
 14:26:50.104,eb:33:2e:f9:57:b5, 2085-97-178 01:202:254:2797,0.036,-0.127,1.68,-0.061,-80.261,2.563,-75.053,-25.648,33.333
 14:26:50.104,eb:33:2e:f9:57:b5, 2085-97-232 01:226:255:2661,0.071,-0.027,0.967,10.254,-15.198,-4.578,-75.053,-25.626,33.42
 14:26:50.104,eb:33:2e:f9:57:b5, 2085-97-240 251:136:254:1341,-0.575,-0.062,1.173,2.075,82.642,5.31,-73.521,-26.565,32.552
 14:26:50.104,eb:33:2e:f9:57:b5, 2085-97-54 01:120:255:2527,0.47,-0.095,0.365,2.075,-67.749,16.113,-73.4,-26.356,32.344
 14:26:50.135,eb:33:2e:f9:57:b5, 2085-113-81 00:134:100:-16180,0.383,-0.073,1.616,8.545,20.874,19.714,-72.444,-27.213,32.47
 14:26:50.135,eb:33:2e:f9:57:b5, 2085-97-179 01:249:254:3659,0.055,-0.104,1.622,10.254,77.698,22.217,-72.252,-27.032,32.19
 14:26:50.135,eb:33:2e:f9:57:b5, 2085-97-153 251:48:252:3751,-0.953,-0.201,1.77,16.541,164.062,16.479,-70.378,-27.268,30.476
 14:26:50.135,eb:33:2e:f9:57:b5, 2085-97-61 251:250:249:5542,-0.128,-0.53,2.05,62.927,114.075,52.368,-69.093,-26.296,28.603
 14:26:50.163,eb:33:2e:f9:57:b5, 2085-97-234 254:134:251:5436,-0.214,-0.461,2.933,176.086,-120.667,35.583,-67.187,-26.658,28.927
 14:26:50.163,eb:33:2e:f9:57:b5, 2085-97-146 01:59:250:6349,0.729,-0.862,2.907,271.179,-190.125,15.076,-65.885,-27.087,30.866
 14:26:50.163,eb:33:2e:f9:57:b5, 2085-97-55 07:55:249:7288,0.823,-0.6,3.352,343.445,-154.541,-6.592,-62.913,-28.273,32.426
 14:26:50.163,eb:33:2e:f9:57:b5, 2085-97-228 06:145:246:7181,1.023,-1.008,3.472,430.542,-32.104,-39.49,-59.464,-28.894,33.272
 14:26:50.222,eb:33:2e:f9:57:b5, 2085-97-154 07:99:245:5655,0.761,-1.302,3.272,506.897,130.554,-52.795,-53.47,-29.257,31.926
 14:26:50.223,eb:33:2e:f9:57:b5, 2085-97-89 06:118:244:4989,0.673,-1.393,2.307,587.28,183.533,-64.758,-46.857,-28.614,29.877
 14:26:50.223,eb:33:2e:f9:57:b5, 2085-97-137 03:254:249:7191,-0.077,-1.266,2.787,684.326,151.001,-83.191,-38.732,-27.988,27.482
 14:26:50.223,eb:33:2e:f9:57:b5, 2085-97-172 249:77:00:8972,-1.114,-0.489,4.243,751.282,101.318,-89.172,-30.558,-27.433,25.741
 14:26:50.253,eb:33:2e:f9:57:b5, 2085-97-201 248:65:02:5973,-0.943,0.334,3.757,759.827,-41.565,-86.243,-21.835,-27.323,24.263
 14:26:50.253,eb:33:2e:f9:57:b5, 2085-97-04 248:216:06:5447,-1.283,0.742,2.222,715.088,-170.532,-65.43,-14.238,-28.619,23.917
 14:26:50.253,eb:33:2e:f9:57:b5, 2085-97-53 242:250:01:5376,-1.657,0.452,2.92,608.704,-89.6,-34.302,-6.949,-29.669,23.247
 14:26:50.253,eb:33:2e:f9:57:b5, 2085-97-205 245:55:248:4812,-0.898,-0.333,2.592,478.76,150.818,38.513,-1.566,-29.306,23.242
 14:26:50.283,eb:33:2e:f9:57:b5, 2085-97-141 251:102:246:4401,-0.164,-1.069,1.826,377.197,359.741,141.541,2.488,-25.62,23.961
 14:26:50.283,eb:33:2e:f9:57:b5, 2085-97-147 03:54:13:669,0.637,-0.974,2.56,496.46,578.735,218.384,5.74,-21.281,26.125
 14:26:50.283,eb:33:2e:f9:57:b5, 2085-97-191 11:203:25:3559,1.749,3.63,0.087,354.614,434.448,227.234,3.186,6.806,1.296
 14:26:50.283,eb:33:2e:f9:57:b5, 2085-97-44 11:250:15:4590,1.152,2.08,3.162,321.228,325.989,144.348,6.553,9.706,3.241
 14:26:50.344,eb:33:2e:f9:57:b5, 2085-97-56 10:41:23:2417,1.41,2.593,1.158,351.807,144.897,42.969,10.085,12.272,4.51
 14:26:50.344,eb:33:2e:f9:57:b5, 2085-97-140 10:166:21:5392,1.093,2.873,1.9,341.98,-62.866,-87.036,13.546,12.519,4.252
 14:26:50.344,eb:33:2e:f9:57:b5, 2085-97-57 07:221:16:7636,0.769,2.477,3.201,337.158,-136.292,-210.266,16.661,11.865,2.444
 14:26:50.344,eb:33:2e:f9:57:b5, 2085-97-27 05:81:08:9389,0.526,1.591,4.237,335.571,-160.156,-294.312,19.682,11.212,-0.516
 14:26:50.373,eb:33:2e:f9:57:b5, 2085-97-202 03:97:01:9490,0.457,0.562,4.685,340.82,-121.765,-329.102,22.319,11.047,-4.07
 14:26:50.373,eb:33:2e:f9:57:b5, 2085-97-171 03:169:251:9015,0.462,-0.189,4.527,333.923,-77.332,-332.458,25.334,11.486,-7.537
 14:26:50.373,eb:33:2e:f9:57:b5, 2085-97-137 03:242:246:8239,0.436,-0.863,4.247,311.646,-4.395,-306.763,27.482,12.491,-10.783
 14:26:50.373,eb:33:2e:f9:57:b5, 2085-97-212 03:129:243:7159,0.523,-1.351,3.772,278.564,77.82,-253.662,30.13,14.194,-13.079
 14:26:50.433,eb:33:2e:f9:57:b5, 2085-97-179 04:227:241:6170,0.678,-1.683,3.241,233.582,161.072,-175.72,31.47,16.106,-14.513
 14:26:50.433,eb:33:2e:f9:57:b5, 2085-97-146 06:240:240:5530,0.981,-1.839,2.839,188.049,210.205,-103.149,33.58,18.43,-14.678
 14:26:50.433,eb:33:2e:f9:57:b5, 2085-97-118 08:86:240:4777,1.087,-1.902,2.548,139.954,248.474,-37.537,34.074,20.22,-14.293
 14:26:50.433,eb:33:2e:f9:57:b5, 2085-97-105 09:154:236:4327,1.21,-2.125,2.144,96.68,237.671,18.555,35.689,22.341,-12.859
 14:26:50.492,eb:33:2e:f9:57:b5, 2085-97-89 09:87:232:2217,1.179,-2.745,1.829,77.209,205.627,62.195,35.266,23.077,-11.728
 14:26:50.492,eb:33:2e:f9:57:b5, 2085-97-44 10:166:230:-997,1.496,-3.1,0.21,30.457,128.235,100.037,36.453,23.967,-9.976
 14:26:50.492,eb:33:2e:f9:57:b5, 2085-97-53 14:139:231:-1080,1.969,-3.161,-0.726,-72.327,45.471,118.774,34.189,22.934,-9.305
 14:26:50.492,eb:33:2e:f9:57:b5, 2085-97-249 15:60:235:-220,1.919,-2.843,-0.223,-179.504,-3.601,105.53,33.261,22.44,-8.19
 14:26:50.495,eb:33:2e:f9:57:b5, 2085-97-186 14:11:237:-677,1.781,-2.426,-0.207,-280.884,-35.522,74.524,28.284,20.533,-8.267
 14:26:50.495,eb:33:2e:f9:57:b5, 2085-97-244 13:150:237:-664,1.668,-2.363,-0.383,-380.676,-83.191,41.565,25.032,19.748,-8.015
 14:26:50.495,eb:33:2e:f9:57:b5, 2085-97-82 12:205:240:-355,1.442,-2.133,-0.236,-467.896,-99.792,16.174,17.704,17.062,-8.745
 14:26:50.495,eb:33:2e:f9:57:b5, 2085-97-33 11:35:244:531,1.328,-1.68,-0.012,-536.133,-146.301,-5.981,12.601,15.914,-9.009
 14:26:50.583,eb:33:2e:f9:57:b5, 2085-97-170 09:163:246:1547,1.068,-1.307,0.54,-585.693,-175.903,-20.325,3.966,12.327,-9.75
 14:26:50.583,eb:33:2e:f9:57:b5, 2085-97-102 07:71:248:2338,0.896,-1.067,0.96,-621.826,-201.111,-24.902,-2.115,10.47,-9.992
 14:26:50.583,eb:33:2e:f9:57:b5, 2085-97-195 07:225:250:3885,1.03,-0.816,1.427,-642.7,-242.493,-24.841,-10.981,6.29,-9.976
 14:26:50.583,eb:33:2e:f9:57:b5, 2085-97-97 07:207:253:5502,0.655,-0.439,2.41,-639.465,-247.925,-28.931,-17.402,3.829,-9.575
 14:26:50.585,eb:33:2e:f9:57:b5, 2085-97-23 03:215:252:5532,0.275,-0.252,2.686,-611.389,-266.907,-32.837,-25.56,-0.269,-8.679
 14:26:50.585,eb:33:2e:f9:57:b5, 2085-97-138 01:247:250:5899,0.087,-0.541,2.805,-566.895,-338.44,-15.198,-31.553,-3.087,-7.344
 14:26:50.585,eb:33:2e:f9:57:b5, 2085-97-183 255:26:250:6147,-0.146,-0.683,2.925,-547.119,-344.666,24.841,-38.573,-7.174,-4.883
 14:26:50.585,eb:33:2e:f9:57:b5, 2085-97-70 254:109:249:6913,-0.239,-0.788,3.151,-547.791,-322.632,78.796,-44.626,-9.245,-2.164
 14:26:50.613,eb:33:2e:f9:57:b5, 2085-97-29 254:72:251:7598,-0.223,-0.772,3.61,-554.443,-269.226,136.353,-51.443,-11.162,1.165
 14:26:50.613,eb:33:2e:f9:57:b5, 2085-97-114 254:119:255:7319,-0.155,-0.344,3.617,-570.374,-206.299,182.739,-57.838,-11.096,4.081
 14:26:50.613,eb:33:2e:f9:57:b5, 2085-97-34 255:166:04:7802,-0.078,0.241,3.639,-596.252,-192.139,207.764,-64.221,-10.673,6.899
 14:26:50.613,eb:33:2e:f9:57:b5, 2085-97-133 255:106:10:8332,-0.029,0.945,3.977,-615.845,-165.894,215.942,-70.922,-9.327,9.415
 14:26:50.643,eb:33:2e:f9:57:b5, 2085-97-26 00:03:16:8195,0.039,1.643,4.082,-611.755,-135.071,204.346,-76.586,-8.091,11.387
 14:26:50.643,eb:33:2e:f9:57:b5, 2085-97-148 00:32:22:7843,0.145,2.385,3.877,-586.426,-110.84,172.913,-82.875,-6.411,12.881
 14:26:50.643,eb:33:2e:f9:57:b5, 2085-113-58 00:167:224:-5430,0.203,3.136,3.946,-547.058,-110.474,121.887,-87.122,-5.707,14.052
 14:26:50.643,eb:33:2e:f9:57:b5, 2085-97-159 01:186:31:8677,0.136,3.535,4.119,-525.513,-97.961,92.224,-89.885,-5.186,14.579
 14:26:50.703,eb:33:2e:f9:57:b5, 2085-97-103 00:61:38:8595,-0.004,4.397,4.25,-481.812,-76.477,25.269,-92.884,-5.68,15.375
 14:26:50.703,eb:33:2e:f9:57:b5, 2085-97-62 255:94:42:7930,-0.247,5.079,4.113,-437.012,-70.923,-42.419,-97.597,-5.724,16.139
 14:26:50.703,eb:33:2e:f9:57:b5, 2085-97-143 252:109:44:6298,-0.627,5.448,3.469,-383.179,-82.458,-101.135,-99.399,-7.938,16.968
 14:26:50.703,eb:33:2e:f9:57:b5, 2085-97-79 249:174:44:5235,-1.059,5.608,2.77,-307.922,-131.958,-146.912,-103.151,-8.948,18.336
 14:26:50.762,eb:33:2e:f9:57:b5, 2085-97-21 246:40:42:4923,-1.306,5.458,2.424,-198.669,-173.767,-171.814,-103.865,-12.195,20.264
 14:26:50.762,eb:33:2e:f9:57:b5, 2085-97-227 245:171:39:5153,-1.17,5.083,2.479,-86.304,-144.531,-175.476,-105.859,-13.414,22.451
 14:26:50.762,eb:33:2e:f9:57:b5, 2085-97-234 247:165:38:3901,-0.872,4.896,2.351,-10.803,-21.667,-166.809,-104.755,-17.106,23.61
 14:26:50.762,eb:33:2e:f9:57:b5, 2085-97-177 249:163:35:2131,-0.827,4.696,1.475,32.227,64.514,-163.33,-104.639,-18.781,23.714
 14:26:50.765,eb:33:2e:f9:57:b5, 2085-97-125 248:95:29:943,-0.484,4.107,0.661,75.073,38.574,-159.485,-102.178,-22.83,23.198
 14:26:50.765,eb:33:2e:f9:57:b5, 2085-97-207 254:53:18:14480,-7.111,3.265,1.048,337.891,-266.663,-265.747,-101.179,-24.39,24.093
 14:26:50.765,eb:33:2e:f9:57:b5, 2085-97-140 220:172:76:-2066,0.846,3.566,-1.226,676.453,302.612,10.681,-91.483,-28.29,19.094
 14:26:50.765,eb:33:2e:f9:57:b5, 2085-97-120 57:198:18:3158,8.178,1.948,8.995,275.146,-252.563,-100.952,-91.549,-28.757,26.488
 14:26:50.823,eb:33:2e:f9:57:b5, 2085-97-238 212:84:00:-15235,-7.053,4.078,7.475,365.723,-904.236,-391.663,-86.05,-30.278,22.841
 14:26:50.823,eb:33:2e:f9:57:b5, 2085-97-236 02:54:242:1978,3.243,-1.025,-8.764,104.065,-1185.608,-211.853,-87.951,-32.668,28.444
 14:26:50.823,eb:33:2e:f9:57:b5, 2085-97-12 245:204:02:-7616,0.488,-0.49,8.559,54.382,708.13,42.175,-91.219,-35.53,36.788
 14:26:50.823,eb:33:2e:f9:57:b5, 2085-97-139 03:57:252:3773,0.297,-0.042,1.416,21.973,-200.439,16.418,-90.143,-35.118,35.14
 14:26:50.853,eb:33:2e:f9:57:b5, 2085-97-04 252:122:254:2096,-0.791,0.574,0.773,1.831,25.635,-1.099,-88.715,-36.667,34.2
 14:26:50.853,eb:33:2e:f9:57:b5, 2085-97-05 01:63:254:2982,-0.057,0.049,-0.17,0.305,-138.062,-2.625,-88.638,-36.65,34.063
 14:26:50.853,eb:33:2e:f9:57:b5, 2085-97-134 255:40:00:1756,0.389,-0.156,1.202,0.305,0.122,15.198,-88.27,-38.035,34.525
 14:26:50.853,eb:33:2e:f9:57:b5, 2085-97-10 01:178:255:2572,-0.481,0.016,1.549,10.376,23.682,1.465,-88.429,-38.002,34.909
 14:26:50.884,eb:33:2e:f9:57:b5, 2085-97-29 251:20:255:721,-0.029,-0.137,0.604,6.714,42.847,9.521,-86.814,-39.238,33.574
 14:26:50.885,eb:33:2e:f9:57:b5, 2085-97-25 02:78:255:2993,0.232,-0.067,1.077,12.268,-80.933,11.353,-87.242,-39.15,34.332
 14:26:50.885,eb:33:2e:f9:57:b5, 2085-97-151 01:146:254:3245,-0.089,-0.103,1.439,17.029,7.935,21.606,-86.523,-40.144,34.316
 14:26:50.885,eb:33:2e:f9:57:b5, 2085-97-63 250:10:252:4110,-0.659,-0.428,1.783,22.888,128.479,53.955,-85.693,-39.765,33.409
 14:26:50.943,eb:33:2e:f9:57:b5, 2085-97-110 255:33:252:5576,0.066,-0.327,2.166,85.815,-8.179,56.519,-83.375,-40.067,31.503
 14:26:50.943,eb:33:2e:f9:57:b5, 2085-97-241 254:86:250:5620,0.257,-0.601,3.122,189.148,-101.685,37.659,-82.958,-39.743,33.008
 14:26:50.943,eb:33:2e:f9:57:b5, 2085-97-152 07:20:251:8158,1.433,-0.579,2.922,279.175,-143.372,8.057,-81.145,-40.573,34.464
 14:26:50.943,eb:33:2e:f9:57:b5, 2085-97-246 10:228:246:10283,0.956,-0.753,5.025,348.816,78.125,-9.094,-78.344,-40.655,35.024
 14:26:50.973,eb:33:2e:f9:57:b5, 2085-97-246 07:51:246:6120,1.08,-1.252,3.812,444.885,279.48,-10.315,-71.697,-40.941,31.646
 14:26:50.973,eb:33:2e:f9:57:b5, 2085-97-45 08:102:247:4853,0.734,-1.07,2.511,544.128,267.09,-30.334,-63.984,-40.122,27.839
 14:26:50.973,eb:33:2e:f9:57:b5, 2085-97-205 04:106:248:5878,0.735,-1.185,2.418,638.062,167.603,-61.707,-55.344,-39.985,24.45
 14:26:50.973,eb:33:2e:f9:57:b5, 2085-97-42 04:02:04:6794,0.405,-0.447,3.349,763.489,51.086,-78.491,-47.043,-39.93,22.681
 14:26:51.005,eb:33:2e:f9:57:b5, 2085-97-207 01:97:13:5946,-0.023,1.213,3.19,829.468,-219.788,-141.296,-38.156,-41.732,22.061
 14:26:51.005,eb:33:2e:f9:57:b5, 2085-97-01 249:89:11:5564,-1.364,1.433,2.997,765.747,-385.864,-198.547,-30.668,-45.516,22.797
 14:26:51.005,eb:33:2e:f9:57:b5, 2085-97-199 241:179:04:5989,-2.024,0.896,2.786,621.033,-322.937,-186.707,-22.813,-49.801,22
 14:26:51.006,eb:33:2e:f9:57:b5, 2085-97-74 241:24:251:5041,-1.354,0.053,2.571,457.764,-36.682,-98.633,-16.54,-51.866,20.797
 14:26:51.064,eb:33:2e:f9:57:b5, 2085-97-218 246:22:249:4219,-1.114,-0.875,2.127,352.173,245.483,13.855,-10.602,-50.707,18.699
 14:26:51.064,eb:33:2e:f9:57:b5, 2085-97-141 254:90:05:3262,-0.143,-1.337,3.231,435.242,462.402,114.014,-6.762,-47.098,18.605
 14:26:51.064,eb:33:2e:f9:57:b5, 2085-97-108 05:253:19:4118,1.292,2.676,0.965,368.103,520.447,187.195,-3.005,-40.754,19.726
 14:26:51.064,eb:33:2e:f9:57:b5, 2085-97-154 09:50:10:6100,0.983,1.393,3.716,361.45,335.632,151.672,-0.846,-37.31,21.682
 14:26:51.093,eb:33:2e:f9:57:b5, 2085-97-93 09:181:18:3096,1.3,1.973,1.679,397.949,229.187,99.304,2.604,-33.618,22.824
 14:26:51.093,eb:33:2e:f9:57:b5, 2085-97-121 09:28:19:4383,1.019,2.37,1.863,386.292,62.622,-5.31,6.136,-32.432,23.461
 14:26:51.093,eb:33:2e:f9:57:b5, 2085-97-228 06:35:17:6586,0.735,2.345,2.6,378.296,-70.129,-112.915,2.324,3.862,-0.308
 14:26:51.093,eb:33:2e:f9:57:b5, 2085-97-39 05:98:10:8942,0.568,1.771,3.849,370.911,-132.263,-198.425,6.114,2.9,-1.994
 14:26:51.123,eb:33:2e:f9:57:b5, 2085-97-222 03:233:02:9680,0.415,0.807,4.668,368.53,-92.712,-244.263,9.728,2.065,-4.384
 14:26:51.123,eb:33:2e:f9:57:b5, 2085-97-21 03:16:253:9216,0.393,-0.024,4.635,367.249,-35.95,-258.179,13.552,2.016,-6.987
 14:26:51.123,eb:33:2e:f9:57:b5, 2085-97-34 03:177:248:8392,0.391,-0.669,4.333,358.826,27.039,-249.695,16.985,2.703,-9.481
 14:26:51.123,eb:33:2e:f9:57:b5, 2085-97-55 03:250:245:7318,0.421,-1.104,3.827,337.402,87.891,-218.994,20.577,4.092,-11.519
 14:26:51.184,eb:33:2e:f9:57:b5, 2085-97-146 03:106:244:6389,0.488,-1.369,3.344,305.359,127.075,-175.537,23.461,5.872,-12.975
 14:26:51.184,eb:33:2e:f9:57:b5, 2085-97-127 04:158:243:5683,0.632,-1.5,2.92,265.015,154.114,-128.174,26.356,7.833,-13.76
 14:26:51.184,eb:33:2e:f9:57:b5, 2085-97-164 05:219:242:5145,0.793,-1.596,2.638,219.238,176.758,-81.055,28.284,9.717,-13.98
 14:26:51.184,eb:33:2e:f9:57:b5, 2085-97-73 07:00:242:4666,1.016,-1.695,2.365,172.974,186.768,-39.795,30.35,11.618,-13.623
 14:26:51.215,eb:33:2e:f9:57:b5, 2085-97-201 08:67:240:4448,1.175,-1.819,2.244,122.253,201.416,-3.662,31.102,13.145,-12.925
 14:26:51.215,eb:33:2e:f9:57:b5, 2085-97-81 09:214:234:4001,1.064,-2.277,2.181,83.374,203.003,24.475,32.36,14.821,-11.766
 14:26:51.215,eb:33:2e:f9:57:b5, 2085-97-32 08:207:231:695,1.093,-2.899,1.236,51.941,202.515,56.03,31.888,15.903,-10.552
 14:26:51.215,eb:33:2e:f9:57:b5, 2085-97-164 10:09:232:-1643,1.669,-3.039,-0.441,-31.433,128.113,84.473,32.399,16.952,-9.014
 14:26:51.273,eb:33:2e:f9:57:b5, 2085-97-247 15:135:234:-819,2.183,-2.885,-0.72,-151.978,50.476,85.632,29.399,16.507,-8.278
 14:26:51.273,eb:33:2e:f9:57:b5, 2085-97-81 17:33:237:-036,1.977,-2.49,-0.076,-253.906,13.428,46.875,27.521,16.474,-7.526
 14:26:51.273,eb:33:2e:f9:57:b5, 2085-97-157 14:58:237:-753,1.684,-2.346,-0.193,-360.962,-24.841,-1.648,21.791,15.266,-7.866
 14:26:51.273,eb:33:2e:f9:57:b5, 2085-97-136 12:218:239:-1104,1.491,-2.224,-0.539,-470.398,-44.678,-24.048,17.573,15.057,-8.108
 14:26:51.303,eb:33:2e:f9:57:b5, 2085-97-153 11:99:243:038,1.4,-1.795,-0.325,-559.631,-112.915,-45.471,9.278,12.827,-9.058
 14:26:51.304,eb:33:2e:f9:57:b5, 2085-97-149 10:03:246:1334,1.187,-1.388,0.344,-617.737,-172.18,-63.66,3.252,11.47,-9.756
 14:26:51.304,eb:33:2e:f9:57:b5, 2085-97-168 08:215:247:2094,1.062,-1.145,0.849,-656.555,-207.947,-71.838,-5.905,7.844,-10.53
 14:26:51.304,eb:33:2e:f9:57:b5, 2085-97-187 08:191:250:3696,1.022,-0.848,1.288,-682.495,-252.502,-74.341,-12.645,5.46,-10.833
 14:26:51.333,eb:33:2e:f9:57:b5, 2085-97-235 06:58:254:5868,0.702,-0.426,2.457,-683.289,-246.399,-77.087,-21.616,1.203,-10.618
 14:26:51.333,eb:33:2e:f9:57:b5, 2085-97-116 04:207:254:6696,0.46,-0.137,3.132,-639.038,-295.654,-85.999,-28.273,-1.555,-10.173
 14:26:51.333,eb:33:2e:f9:57:b5, 2085-97-60 03:114:253:6448,0.349,-0.226,3.267,-588.989,-334.778,-74.463,-35.651,-6.103,-8.789
 14:26:51.333,eb:33:2e:f9:57:b5, 2085-97-56 02:250:251:6182,0.189,-0.412,3.03,-567.505,-321.045,-41.931,-41.748,-8.992,-7.086
 14:26:51.394,eb:33:2e:f9:57:b5, 2085-97-98 00:42:251:6498,-0.04,-0.572,3.113,-567.017,-279.602,5.493,-48.301,-12.349,-4.702
 14:26:51.394,eb:33:2e:f9:57:b5, 2085-97-164 255:95:251:7018,-0.031,-0.615,3.268,-574.707,-249.268,64.148,-54.717,-13.618,-2.313
 14:26:51.394,eb:33:2e:f9:57:b5, 2085-97-12 00:242:253:7295,0.033,-0.451,3.536,-587.097,-215.271,125.488,-61.04,-14.766,0.357
 14:26:51.394,eb:33:2e:f9:57:b5, 2085-97-160 00:63:02:7335,0.155,-0.022,3.547,-601.318,-193.115,177.856,-67.819,-14.172,2.955
 14:26:51.424,eb:33:2e:f9:57:b5, 2085-97-178 01:05:08:7792,0.209,0.625,3.711,-610.168,-198.425,209.351,-73.663,-13.634,5.416
 14:26:51.424,eb:33:2e:f9:57:b5, 2085-97-124 01:72:13:7831,0.208,1.356,3.836,-601.44,-208.618,218.872,-80.469,-11.92,7.938
 14:26:51.424,eb:33:2e:f9:57:b5, 2085-97-252 01:139:17:8162,0.248,1.926,3.881,-569.397,-247.864,209.351,-85.309,-11.019,10.338
 14:26:51.424,eb:33:2e:f9:57:b5, 2085-97-242 01:74:22:8526,0.228,2.458,4.051,-523.926,-254.028,188.293,-91.406,-9.047,12.964
 14:26:51.453,eb:33:2e:f9:57:b5, 2085-97-97 01:69:28:8868,0.091,3.123,4.269,-477.051,-217.285,156.067,-94.62,-8.619,15.084
 14:26:51.453,eb:33:2e:f9:57:b5, 2085-97-28 00:108:35:8975,-0.062,3.986,4.366,-440.979,-179.993,113.159,-99.564,-7.02,16.853
 14:26:51.454,eb:33:2e:f9:57:b5, 2085-97-144 254:70:40:8360,-0.332,4.791,4.329,-403.442,-162.598,62.012,-101.514,-7.729,18.259
 14:26:51.454,eb:33:2e:f9:57:b5, 2085-97-18 252:195:42:6471,-0.647,5.2,3.656,-360.474,-154.602,12.756,-105.612,-6.993,19.715
 14:26:51.543,eb:33:2e:f9:57:b5, 2085-97-129 249:199:43:4836,-0.974,5.455,2.711,-298.584,-180.725,-31.921,-106.771,-8.877,21.297
 14:26:51.543,eb:33:2e:f9:57:b5, 2085-97-67 247:23:42:4393,-1.121,5.386,2.157,-204.651,-226.196,-65.125,-109.753,-8.674,23.472
 14:26:51.543,eb:33:2e:f9:57:b5, 2085-97-128 247:165:40:4879,-0.932,5.158,2.279,-99.121,-202.942,-82.764,-109.852,-11.08,25.878
 14:26:51.543,eb:33:2e:f9:57:b5, 2085-97-193 249:128:40:4285,-0.655,5.055,2.377,-21.851,-73.425,-96.191,-110.83,-11.409,27.559
 14:26:51.543,eb:33:2e:f9:57:b5, 2085-97-09 251:85:38:2087,-0.69,5.016,1.549,19.043,52.368,-117.004,-109.286,-14.919,27.795
 14:26:51.548,eb:33:2e:f9:57:b5, 2085-113-58 00:226:225:-2520,-0.845,4.386,0.705,60.242,33.813,-141.541,-108.88,-16.331,27.762
 14:26:51.548,eb:33:2e:f9:57:b5, 2085-97-20 248:59:27:1171,-2.548,3.915,0.572,93.689,-8.24,-148.071,-108.561,-17.034,27.977
 14:26:51.548,eb:33:2e:f9:57:b5, 2085-97-124 210:162:17:3493,-5.081,1.177,8.188,484.497,420.166,-135.62,-104.683,-21.198,28.79
 14:26:51.548,eb:33:2e:f9:57:b5, 2085-97-95 234:79:70:12499,-0.639,3.709,1.874,735.901,-478.027,-29.724,-96.674,-22.385,25.395
 14:26:51.573,eb:33:2e:f9:57:b5, 2085-97-98 73:113:22:15914,3.607,0.236,4.532,216.858,383.423,56.335,-92.379,-25.252,27.021
 14:26:51.573,eb:33:2e:f9:57:b5, 2085-97-173 202:43:05:-20893,-3.337,3.777,0.943,305.054,-500.61,-365.479,-90.736,-26.697,29.301
 14:26:51.573,eb:33:2e:f9:57:b5, 2085-97-72 10:254:235:9394,1.975,-0.764,-4.282,105.042,-1327.515,-180.542,-92.219,-30.69,37.288
 14:26:51.573,eb:33:2e:f9:57:b5, 2085-97-61 252:210:255:-4154,1.046,2.888,3.452,6.592,425.171,33.508,-93.604,-30.718,41.567
 14:26:51.633,eb:33:2e:f9:57:b5, 2085-97-05 05:14:00:2444,0.245,1.157,2.074,3.418,33.264,-1.221,-92.807,-32.02,41.704
 14:26:51.633,eb:33:2e:f9:57:b5, 2085-97-34 250:133:255:446,-0.146,0.169,1.341,-2.747,113.77,-6.409,-92.549,-32.053,41.325
 14:26:51.633,eb:33:2e:f9:57:b5, 2085-97-236 02:152:254:3540,-0.189,0.06,0.59,9.949,-119.446,-18.921,-91.846,-33.728,41.21
 14:26:51.633,eb:33:2e:f9:57:b5, 2085-97-239 254:181:255:1752,0.206,-0.127,0.842,5.066,25.574,4.333,-91.703,-33.734,41.045
 14:26:51.662,eb:33:2e:f9:57:b5, 2085-97-236 00:154:255:2427,-0.236,0.011,1.318,7.568,30.212,6.775,-90.978,-35.013,40.831
 14:26:51.662,eb:33:2e:f9:57:b5, 2085-97-21 254:157:255:1461,0.218,-0.088,0.793,6.348,53.04,13.062,-90.406,-34.931,40.04
 14:26:51.662,eb:33:2e:f9:57:b5, 2085-97-180 02:101:255:3227,0.105,-0.023,1.334,9.583,18.616,17.151,-89.665,-35.947,39.721
 14:26:51.662,eb:33:2e:f9:57:b5, 2085-97-149 00:47:255:2727,0.091,-0.085,1.378,11.78,117.249,30.029,-88.808,-35.706,38.551
 14:26:51.694,eb:33:2e:f9:57:b5, 2085-97-104 254:78:254:3688,-0.828,-0.096,1.527,16.113,148.315,33.203,-87.056,-36.381,36.667
 14:26:51.694,eb:33:2e:f9:57:b5, 2085-97-152 250:37:250:5266,-0.176,-0.646,2.484,49.377,154.053,51.086,-85.358,-35.892,34.475
 14:26:51.694,eb:33:2e:f9:57:b5, 2085-97-28 00:76:251:6382,0.051,-0.502,2.613,157.41,-43.823,56.641,-83.447,-36.211,33.701
 14:26:51.694,eb:33:2e:f9:57:b5, 2085-97-27 02:135:251:6301,0.577,-0.55,3.062,218.933,-17.578,47.058,-81.826,-35.733,34.195
 14:26:51.783,eb:33:2e:f9:57:b5, 2085-97-42 05:159:248:8053,0.619,-0.786,3.722,304.565,3.967,26.428,-79.096,-36.293,34.453
 14:26:51.783,eb:33:2e:f9:57:b5, 2085-97-19 06:173:246:7004,0.854,-1.039,3.68,402.527,85.876,8.057,-75.037,-35.991,33.712
 14:26:51.783,eb:33:2e:f9:57:b5, 2085-97-243 06:105:246:5474,0.828,-1.157,2.963,494.629,165.588,-7.385,-69.148,-36.343,31.855
 14:26:51.784,eb:33:2e:f9:57:b5, 2085-97-137 06:111:246:4815,0.758,-1.213,2.519,575.378,182.739,-26.001,-62.309,-35.788,29.614
 14:26:51.903,eb:33:2e:f9:57:b5, 2085-97-05 05:53:251:5837,0.354,-0.982,2.358,663.269,158.447,-52.429,-54.388,-35.815,27.186
 14:26:51.903,eb:33:2e:f9:57:b5, 2085-97-18 254:19:03:7578,-0.496,-0.053,3.643,744.385,61.829,-80.994,-46.225,-35.656,25.51
 14:26:51.903,eb:33:2e:f9:57:b5, 2085-97-111 252:248:06:5916,-0.409,0.818,3.228,790.344,-180.603,-105.835,-38.007,-37.277,24.95
 14:26:51.903,eb:33:2e:f9:57:b5, 2085-97-39 251:74:08:4677,-0.951,0.92,2.514,751.892,-328.735,-117.92,-30.872,-40.182,25.889
 14:26:51.904,eb:33:2e:f9:57:b5, 2085-97-183 244:253:05:4545,-1.672,1.021,2.254,617.31,-293.762,-112.549,-24.263,-43.945,26.362
 14:26:51.904,eb:33:2e:f9:57:b5, 2085-97-151 243:103:250:4492,-1.329,0.109,2.253,459.351,-92.224,-61.523,-18.88,-46.044,26.246
 14:26:51.904,eb:33:2e:f9:57:b5, 2085-97-75 247:216:244:4512,-0.945,-1.172,1.878,339.233,151.794,42.114,-14.343,-45.912,25.532
 14:26:51.904,eb:33:2e:f9:57:b5, 2085-97-180 254:140:05:1394,-0.227,-1.648,3.107,442.993,448.242,145.569,-10.8,-42.863,25.746
 14:26:51.906,eb:33:2e:f9:57:b5, 2085-97-62 05:183:18:2781,1.176,2.584,0.06,333.618,438.477,208.191,-7.333,-37.2,26.906
 14:26:51.906,eb:33:2e:f9:57:b5, 2085-97-220 07:182:08:4903,0.926,1.272,3.135,299.866,329.102,169.739,-5.521,-34.063,28.762
 14:26:51.906,eb:33:2e:f9:57:b5, 2085-97-107 10:105:19:2296,1.507,1.833,1.315,340.393,221.68,109.07,-2.736,-30.883,29.85
 14:26:51.906,eb:33:2e:f9:57:b5, 2085-97-177 11:106:20:2722,1.348,2.602,1.208,320.068,52.673,-2.93,0.264,-29.619,30.377
 14:26:51.935,eb:33:2e:f9:57:b5, 2085-97-198 09:182:17:3934,1.111,2.41,1.554,302.002,-122.131,-135.193,4.246,-29.987,29.125
 14:26:51.935,eb:33:2e:f9:57:b5, 2085-97-85 08:226:11:6163,0.96,1.905,2.416,270.752,-224.06,-249.084,1.456,3.812,-0.247
 14:26:51.935,eb:33:2e:f9:57:b5, 2085-97-202 06:253:04:7999,0.732,1.039,3.54,242.004,-218.079,-324.585,4.103,1.664,-3.257
 14:26:51.935,eb:33:2e:f9:57:b5, 2085-97-57 05:115:255:8432,0.623,0.252,4.095,226.929,-139.771,-358.765,6.537,0.198,-6.839
 14:26:51.938,eb:33:2e:f9:57:b5, 2085-97-232 04:60:251:7750,0.594,-0.348,3.998,217.529,-33.63,-363.037,9.075,-0.121,-10.552
 14:26:51.938,eb:33:2e:f9:57:b5, 2085-97-185 04:22:248:6800,0.617,-0.809,3.528,203.43,61.89,-346.13,11.266,0.747,-14.035
 14:26:51.938,eb:33:2e:f9:57:b5, 2085-97-92 05:118:245:6157,0.72,-1.148,3.167,185.364,134.216,-310.12,13.409,2.455,-17.062
 14:26:51.938,eb:33:2e:f9:57:b5, 2085-97-70 06:239:243:5455,0.908,-1.429,2.844,159.424,217.041,-248.779,14.936,4.883,-19.363
 14:26:51.993,eb:33:2e:f9:57:b5, 2085-97-225 08:83:243:5165,1.304,-1.555,2.543,133.545,267.456,-188.965,16.414,7.861,-20.83
 14:26:51.993,eb:33:2e:f9:57:b5, 2085-97-114 11:183:242:4801,1.5,-1.6,2.492,100.098,331.238,-129.883,17.155,11.041,-21.566
 14:26:51.993,eb:33:2e:f9:57:b5, 2085-97-155 11:56:239:3925,1.261,-1.826,2.18,63.965,356.934,-74.219,18.029,14.705,-21.511
 14:26:51.993,eb:33:2e:f9:57:b5, 2085-97-115 09:101:236:1469,1.295,-2.329,1.337,43.152,309.814,-20.752,17.897,17.661,-21.072
 14:26:52.024,eb:33:2e:f9:57:b5, 2085-97-208 11:231:235:-914,1.767,-2.492,0.106,-7.935,206.116,25.513,18.375,20.028,-20.264
 14:26:52.024,eb:33:2e:f9:57:b5, 2085-97-214 16:124:235:-421,2.272,-2.537,-0.605,-106.384,115.295,46.753,16.556,20.621,-19.759
 14:26:52.024,eb:33:2e:f9:57:b5, 2085-97-94 17:57:237:927,1.937,-2.513,0.301,-196.838,72.327,40.161,15.227,21.335,-19.078
 14:26:52.024,eb:33:2e:f9:57:b5, 2085-97-33 14:107:240:-244,1.722,-2.135,0.209,-289.978,65.43,35.4,11.019,20.737,-19.056
 14:26:52.084,eb:33:2e:f9:57:b5, 2085-97-65 14:06:243:-546,1.859,-1.782,-0.309,-400.513,22.034,33.997,7.674,21.165,-18.611
 14:26:52.084,eb:33:2e:f9:57:b5, 2085-97-44 15:69:246:462,1.832,-1.438,-0.046,-493.652,-22.339,16.724,0.95,19.495,-18.896
 14:26:52.084,eb:33:2e:f9:57:b5, 2085-97-85 13:92:249:1044,1.522,-0.994,0.402,-555.847,-28.198,-7.996,-4.329,19.281,-18.853
 14:26:52.084,eb:33:2e:f9:57:b5, 2085-97-248 11:101:251:1693,1.555,-0.725,0.661,-582.397,-69.153,-35.522,-12.217,16.913,-19.413
 14:26:52.143,eb:33:2e:f9:57:b5, 2085-97-84 13:241:254:2541,1.636,-0.365,1.003,-583.191,-147.522,-64.697,-18.094,15.732,-19.594
 14:26:52.143,eb:33:2e:f9:57:b5, 2085-97-92 11:244:00:2797,1.154,0.062,1.354,-587.158,-172.729,-90.637,-25.565,11.821,-19.819
 14:26:52.143,eb:33:2e:f9:57:b5, 2085-97-212 07:154:254:3618,0.885,0.003,1.485,-589.233,-238.159,-111.084,-31.454,9.586,-19.709
 14:26:52.143,eb:33:2e:f9:57:b5, 2085-97-79 06:194:252:4935,0.685,-0.317,2.125,-582.214,-308.472,-111.389,-38.177,4.488,-18.82
 14:26:52.172,eb:33:2e:f9:57:b5, 2085-97-190 04:112:251:6019,0.479,-0.487,2.705,-579.651,-317.261,-84.961,-44.011,1.494,-17.43
 14:26:52.172,eb:33:2e:f9:57:b5, 2085-97-09 03:146:250:6676,0.35,-0.638,3.127,-582.886,-286.743,-42.419,-50.131,-2.873,-15.348
 14:26:52.172,eb:33:2e:f9:57:b5, 2085-97-153 02:177:250:7216,0.252,-0.692,3.42,-585.999,-255.371,11.78,-56.272,-4.554,-13.211
 14:26:52.172,eb:33:2e:f9:57:b5, 2085-97-240 01:206:251:7220,0.309,-0.598,3.484,-596.313,-213.745,72.51,-61.891,-6.954,-10.805
 14:26:52.175,eb:33:2e:f9:57:b5, 2085-97-250 02:247:253:7744,0.401,-0.419,3.673,-606.873,-206.97,129.395,-68.379,-6.855,-8.416
 14:26:52.175,eb:33:2e:f9:57:b5, 2085-97-143 03:78:02:7613,0.546,-0.005,3.779,-612.976,-186.646,180.359,-73.433,-7.592,-5.966
 14:26:52.175,eb:33:2e:f9:57:b5, 2085-97-132 05:250:07:7927,0.801,0.628,3.745,-596.985,-207.153,208.557,-79.953,-6.07,-3.598
 14:26:52.175,eb:33:2e:f9:57:b5, 2085-97-172 06:29:13:8392,0.824,1.356,4.038,-556.702,-247.437,209.351,-83.853,-6.218,-0.972
 14:26:52.234,eb:33:2e:f9:57:b5, 2085-97-133 06:103:15:8124,0.811,1.809,4.05,-505.798,-301.208,193.42,-89.615,-4.312,1.917
 14:26:52.234,eb:33:2e:f9:57:b5, 2085-97-22 06:155:18:8415,0.607,2.086,3.958,-470.642,-311.157,178.589,-92.12,-4.79,5.153
 14:26:52.234,eb:33:2e:f9:57:b5, 2085-97-195 02:250:22:9475,0.058,2.604,4.38,-453.247,-312.683,164.856,-97.141,-2.78,8.097
 14:26:52.234,eb:33:2e:f9:57:b5, 2085-97-119 254:126:26:9820,-0.419,3.104,4.769,-428.528,-330.811,158.447,-98.921,-3.521,11.332
 14:26:52.263,eb:33:2e:f9:57:b5, 2085-97-231 250:44:30:9183,-0.83,3.525,4.692,-386.536,-336.426,163.33,-103.337,-1.241,14.288
 14:26:52.263,eb:33:2e:f9:57:b5, 2085-97-101 248:82:35:8162,-0.983,4.066,4.232,-321.96,-327.209,169.739,-104.2,-1.774,17.485
 14:26:52.263,eb:33:2e:f9:57:b5, 2085-97-114 248:168:41:6701,-0.8,4.812,3.695,-241.028,-267.517,163.269,-107.194,0.703,19.885
 14:26:52.263,eb:33:2e:f9:57:b5, 2085-97-139 251:65:46:4576,-0.312,5.542,2.76,-155.701,-146.24,127.38,-106.606,-0.417,21.835
 14:26:52.293,eb:33:2e:f9:57:b5, 2085-97-75 254:78:48:2387,-0.341,5.95,1.725,-97.351,-22.766,54.993,-107.853,0.67,22.258
 14:26:52.293,eb:33:2e:f9:57:b5, 2085-97-108 251:174:44:801,-0.846,5.906,0.581,-63.477,-10.498,-45.532,-106.534,-2.736,22.632
 14:26:52.293,eb:33:2e:f9:57:b5, 2085-113-81 00:164:74:-25693,-1.091,5.122,0.511,-22.583,-93.689,-109.619,-107.067,-3.362,23.428
 14:26:52.293,eb:33:2e:f9:57:b5, 2085-97-206 245:87:33:2625,-1.356,4.62,0.867,4.578,-116.394,-126.831,-107.199,-3.763,24.142
 14:26:52.353,eb:33:2e:f9:57:b5, 2085-97-154 245:154:26:3897,-1.258,3.756,1.661,69.031,-84.351,-139.954,-105.705,-8.328,25.851
 14:26:52.353,eb:33:2e:f9:57:b5, 2085-97-215 254:167:33:15648,-4.438,3.143,2.123,346.008,-131.836,-217.346,-104.546,-9.608,26.686
 14:26:52.353,eb:33:2e:f9:57:b5, 2085-97-194 249:217:57:10694,-0.019,6.597,-3.062,694.153,-100.891,-155.334,-97.614,-14.595,25.362
 14:26:52.353,eb:33:2e:f9:57:b5, 2085-97-184 14:253:44:8357,7.976,4.704,7.182,459.717,-333.435,-189.148,-92.357,-15.716,30.053
 14:26:52.384,eb:33:2e:f9:57:b5, 2085-97-174 22:129:53:-4162,-3.978,-1.102,10.018,545.715,-494.019,-50.781,-88.171,-19.325,32.509
 14:26:52.384,eb:33:2e:f9:57:b5, 2085-97-214 242:97:248:1888,0.386,-1.105,-4.883,54.138,-488.281,-168.335,-87.874,-21.445,37.128
 14:26:52.385,eb:33:2e:f9:57:b5, 2085-97-158 240:199:24:-9979,0.211,-3.667,4.548,115.601,712.158,51.331,-86.171,-25.093,37.057
 14:26:52.385,eb:33:2e:f9:57:b5, 2085-97-89 249:59:06:-3433,1.476,-2.045,3.743,27.344,25.452,67.566,-85.259,-24.851,35.574
 14:26:52.413,eb:33:2e:f9:57:b5, 2085-97-164 03:162:03:2074,-0.133,0.044,2.716,11.047,-2.869,26.428,-84.771,-26.455,36.063
 14:26:52.413,eb:33:2e:f9:57:b5, 2085-97-114 03:220:00:2696,0.229,0.075,0.504,5.981,-27.344,-16.541,-84.507,-26.422,35.634
 14:26:52.413,eb:33:2e:f9:57:b5, 2085-97-34 00:164:254:2048,0.054,-0.084,1.172,8.911,47.302,-20.203,-83.694,-28.202,35.327
 14:26:52.413,eb:33:2e:f9:57:b5, 2085-97-238 01:71:255:2368,0.252,-0.199,1.139,13.916,52.246,-9.399,-83.298,-28.306,34.788
 14:26:48.004,eb:33:2e:f9:57:b5, 2085-97-02 253:237:254:8404,-0.473,-1.068,4.527,849.792,-16.113,-85.632,13.612,4.581,-1.121
 14:26:48.004,eb:33:2e:f9:57:b5, 2085-97-37 254:185:08:7890,-0.992,0.776,3.837,877.808,-209.595,-118.103,22.456,3.933,-2.373
 14:26:48.004,eb:33:2e:f9:57:b5, 2085-97-215 243:19:05:11074,-2.178,1.536,4.451,871.521,-348.45,-154.48,31.317,1.763,-4.999
 14:26:48.004,eb:33:2e:f9:57:b5, 2085-97-233 236:44:255:8451,-2.071,0.334,5.124,803.528,-103.821,-74.585,40.117,0.483,-7.273
 14:26:48.006,eb:33:2e:f9:57:b5, 2085-97-145 243:58:243:4095,-0.838,-1.018,3.391,625.427,162.598,66.406,47.274,0.797,-7.015
 14:26:48.006,eb:33:2e:f9:57:b5, 2085-97-244 248:254:243:3384,0.516,-1.96,1.345,516.602,317.139,151.245,52.46,1.818,-4.016
 14:26:48.006,eb:33:2e:f9:57:b5, 2085-97-30 06:206:37:545,1.172,2.012,-1.031,503.113,610.046,284.973,58.123,3.098,1.395
 14:26:48.006,eb:33:2e:f9:57:b5, 2085-97-72 09:62:18:7479,1.081,3.675,2.193,282.104,261.23,135.254,61.688,3.406,5.614
 14:26:48.008,eb:33:2e:f9:57:b5, 2085-97-188 09:32:26:4350,1.481,2.41,2.919,325.073,302.49,53.772,64.737,3.977,8.806
 14:26:48.008,eb:33:2e:f9:57:b5, 2085-97-28 12:229:26:6594,1.334,3.574,2.507,351.685,34.485,-100.403,68.088,4.658,9.97
 14:26:48.008,eb:33:2e:f9:57:b5, 2085-97-146 08:35:22:7833,0.869,3.088,3.605,380.31,-30.029,-258.728,71.774,6.372,9.245
 14:26:48.008,eb:33:2e:f9:57:b5, 2085-97-151 05:112:12:9554,0.474,2.225,4.213,389.832,-90.759,-378.906,75.037,8.921,7.548
 14:26:48.063,eb:33:2e:f9:57:b5, 2085-97-82 02:80:03:10283,0.234,0.938,4.926,383.667,-71.899,-426.636,78.701,12.673,5.696
 14:26:48.063,eb:33:2e:f9:57:b5, 2085-97-117 01:150:251:10488,0.067,-0.077,5.14,362.671,-42.969,-415.527,80.469,16.249,3.906
 14:26:48.064,eb:33:2e:f9:57:b5, 2085-97-223 255:118:245:9305,-0.07,-0.969,4.847,320.679,45.166,-354.37,83.743,20.05,3.323
 14:26:48.064,eb:33:2e:f9:57:b5, 2085-97-255 254:189:241:8205,-0.156,-1.591,4.286,266.235,134.399,-256.348,83.831,22.714,2.994
 14:26:48.066,eb:33:2e:f9:57:b5, 2085-97-11 00:65:240:7551,0.287,-1.912,3.751,211.426,215.088,-143.127,86.77,24.818,4.708
 14:26:48.066,eb:33:2e:f9:57:b5, 2085-97-14 04:246:240:7240,0.696,-1.95,3.682,164.551,299.316,-40.405,85.803,25.746,6.037
 14:26:48.066,eb:33:2e:f9:57:b5, 2085-113-58 00:93:253:-6270,0.916,-1.807,3.369,135.376,346.741,35.4,88.599,25.928,9.613
 14:26:48.066,eb:33:2e:f9:57:b5, 2085-97-59 09:104:242:6467,1.418,-1.754,3.275,129.944,349.487,60.852,85.787,25.911,9.981
 14:26:48.123,eb:33:2e:f9:57:b5, 2085-97-106 13:85:243:5708,1.841,-1.625,2.981,129.028,330.017,86.06,88.451,25.378,13.705
 14:26:48.123,eb:33:2e:f9:57:b5, 2085-97-249 15:163:240:4320,2.131,-1.648,2.445,125.122,290.405,83.618,86.693,24.846,15.617
 14:26:48.123,eb:33:2e:f9:57:b5, 2085-97-229 16:54:232:1104,2.027,-2.41,1.647,114.99,228.333,52.673,88.857,24.318,18.325
 14:26:48.123,eb:33:2e:f9:57:b5, 2085-97-119 16:199:225:-3911,2.18,-3.46,-1.023,33.813,143.494,27.527,86.094,24.093,19.023
 14:26:48.153,eb:33:2e:f9:57:b5, 2085-97-164 17:146:228:-849,2.138,-3.707,-1.316,-131.714,-49.377,-10.01,85.589,24.033,19.308
 14:26:48.153,eb:33:2e:f9:57:b5, 2085-97-140 16:126:231:222,2.017,-3.173,0.08,-270.02,-82.092,-49.438,79.222,24.236,17.117
 14:26:48.154,eb:33:2e:f9:57:b5, 2085-97-23 16:79:232:-184,2.007,-3.025,-0.039,-395.569,-66.711,-76.172,75.498,24.681,16.205
 14:26:48.154,eb:33:2e:f9:57:b5, 2085-97-123 15:238:235:-096,1.787,-2.783,-0.068,-489.746,-77.271,-107.971,66.522,25.054,13.76
 14:26:48.422,eb:33:2e:f9:57:b5, 2085-97-32 13:172:239:-008,1.482,-2.245,-0.065,-556.824,-103.638,-132.019,60.721,25.719,12.332
 14:26:48.422,eb:33:2e:f9:57:b5, 2085-97-109 10:237:241:787,1.213,-1.885,0.166,-600.586,-182.129,-144.836,50.076,25.461,8.767
 14:26:48.422,eb:33:2e:f9:57:b5, 2085-97-52 09:192:243:2261,1.062,-1.643,0.719,-624.573,-278.442,-145.63,42.896,24.835,5.878
 14:26:48.422,eb:33:2e:f9:57:b5, 2085-97-134 08:175:246:3860,1.134,-1.398,1.443,-635.803,-343.14,-137.268,31.921,22.236,1.516
 14:26:48.424,eb:33:2e:f9:57:b5, 2085-97-123 08:131:251:5602,0.756,-0.836,2.428,-638.611,-354.553,-127.808,24.692,19.666,-1.417
 14:26:48.424,eb:33:2e:f9:57:b5, 2085-97-32 04:223:250:5553,0.376,-0.516,2.679,-622.437,-365.173,-125.183,14.991,15.688,-4.433
 14:26:48.424,eb:33:2e:f9:57:b5, 2085-97-120 01:02:249:6208,-0.009,-0.787,2.908,-594.849,-428.65,-105.408,8.597,11.898,-6.367
 14:26:48.424,eb:33:2e:f9:57:b5, 2085-97-241 254:134:248:6943,-0.229,-0.915,3.154,-578.43,-435.242,-56.946,0.632,6.482,-7.559
 14:26:48.426,eb:33:2e:f9:57:b5, 2085-97-109 253:180:248:7620,-0.385,-0.943,3.619,-571.411,-394.958,9.766,-5.109,2.313,-7.537
 14:26:48.426,eb:33:2e:f9:57:b5, 2085-97-215 252:199:249:7315,-0.328,-0.85,3.692,-572.083,-326.172,78.186,-12.288,-1.934,-6.301
 14:26:48.426,eb:33:2e:f9:57:b5, 2085-97-58 254:23:252:7374,-0.082,-0.665,3.545,-579.346,-287.72,134.644,-18.298,-4.515,-4.373
 14:26:48.426,eb:33:2e:f9:57:b5, 2085-97-93 00:48:01:7674,0.081,-0.242,3.708,-587.646,-247.925,172.241,-25.455,-6.823,-1.648
 14:26:48.428,eb:33:2e:f9:57:b5, 2085-97-207 00:20:07:7483,0.133,0.457,3.706,-593.445,-205.75,185.486,-31.915,-7.806,1.066
 14:26:48.428,eb:33:2e:f9:57:b5, 2085-97-70 01:124:14:7432,0.127,1.421,3.635,-586.609,-210.693,164.856,-38.749,-8.712,3.928
 14:26:48.428,eb:33:2e:f9:57:b5, 2085-97-134 00:69:17:7372,0.041,2.064,3.58,-554.81,-253.723,125.977,-45.071,-9.388,6.619
 14:26:48.428,eb:33:2e:f9:57:b5, 2085-97-191 255:29:19:8435,-0.185,2.217,3.827,-509.583,-303.345,89.355,-50.905,-10.882,9.684
 14:26:48.433,eb:33:2e:f9:57:b5, 2085-97-32 253:213:23:9378,-0.485,2.678,4.358,-477.234,-278.137,67.566,-56.591,-11.915,12.601
 14:26:48.433,eb:33:2e:f9:57:b5, 2085-97-106 251:181:27:9966,-0.676,3.232,4.791,-457.092,-246.094,52.429,-61.304,-13.2,15.276
 14:26:48.433,eb:33:2e:f9:57:b5, 2085-97-216 249:156:31:9272,-0.861,3.703,4.739,-436.34,-182.861,42.664,-66.434,-13.645,17.474
 14:26:48.433,eb:33:2e:f9:57:b5, 2085-97-128 248:01:36:8054,-0.997,4.228,4.254,-387.634,-150.574,26.733,-69.911,-14.392,19.012
 14:26:48.544,eb:33:2e:f9:57:b5, 2085-97-221 247:16:39:6802,-0.989,4.72,3.596,-308.838,-153.931,1.16,-73.867,-14.683,20.561
 14:26:48.544,eb:33:2e:f9:57:b5, 2085-97-189 09:255:33:1077,-6.183,5.04,3.134,-219.116,-167.114,-36.682,-75.553,-15.727,21.857
 14:26:48.544,eb:33:2e:f9:57:b5, 2085-97-200 235:220:250:-4797,1.477,-1.545,-7.026,37.537,-622.375,-92.041,-49.916,-31.371,9.701
 14:26:48.544,eb:33:2e:f9:57:b5, 2085-97-166 04:07:245:7021,-1.885,-1.119,4.182,66.956,-71.411,-16.846,-50.422,-36.019,14.271
 14:26:48.546,eb:33:2e:f9:57:b5, 2085-97-137 16:92:250:9643,0.697,1.347,-4.356,-25.269,-341.431,44.983,-48.433,-34.239,12.101
 14:26:48.546,eb:33:2e:f9:57:b5, 2085-97-72 245:136:04:-3647,-0.158,0.238,1.964,7.751,409.729,26.001,-46.412,-33.805,11.146
 14:26:48.546,eb:33:2e:f9:57:b5, 2085-97-35 01:174:254:3360,-0.079,0.054,0.719,6.165,-163.147,-18.616,-46.544,-33.717,11.255
 14:26:48.546,eb:33:2e:f9:57:b5, 2085-97-36 00:183:254:2756,-0.14,-0.125,1.072,1.465,-27.039,8.606,-44.445,-33.854,10.195
 14:26:48.548,eb:33:2e:f9:57:b5, 2085-97-125 255:212:255:2376,-0.207,-0.099,1.09,8.179,32.166,14.404,-44.324,-33.673,10.146
 14:26:48.548,eb:33:2e:f9:57:b5, 2085-97-182 250:235:254:692,-0.406,-0.089,0.936,5.676,75.195,13.611,-41.924,-32.921,8.498
 14:26:48.548,eb:33:2e:f9:57:b5, 2085-97-244 00:125:255:3260,0.112,-0.08,0.632,8.118,-94.421,13.489,-42.023,-32.921,8.756
 14:26:48.548,eb:33:2e:f9:57:b5, 2085-97-115 255:145:253:3826,-0.254,-0.169,1.884,28.748,-7.568,19.592,-40.259,-32.701,8.058
 14:26:48.693,eb:33:2e:f9:57:b5, 2085-97-185 254:24:254:3249,-0.554,-0.345,1.851,53.589,9.949,34.851,-39.963,-32.52,8.322
 14:26:48.693,eb:33:2e:f9:57:b5, 2085-97-104 250:189:252:4236,-0.653,-0.477,1.81,70.374,54.138,63.965,-37.689,-31.196,7.295
 14:26:48.693,eb:33:2e:f9:57:b5, 2085-97-220 252:80:250:5394,0.101,-0.582,2.079,138.794,-79.834,80.017,-37.084,-30.646,7.987
 14:26:48.693,eb:33:2e:f9:57:b5, 2085-97-207 03:119:250:7867,0.773,-0.442,3.284,218.384,-199.524,43.518,-34.805,-30.361,8.74
 14:26:48.693,eb:33:2e:f9:57:b5, 2085-113-81 00:22:117:-8222,1.247,-0.844,4.535,343.933,-144.104,12.268,-32.794,-31.624,10.245
 14:26:48.695,eb:33:2e:f9:57:b5, 2085-97-213 09:217:245:9448,1.142,-1.042,5.307,394.714,-30.212,-1.404,-31.091,-31.965,10.541
 14:26:48.695,eb:33:2e:f9:57:b5, 2085-97-38 10:76:245:7025,1.324,-1.303,3.745,500.854,159.363,-21.851,-25.027,-29.465,8.899
 14:26:48.695,eb:33:2e:f9:57:b5, 2085-97-158 09:241:243:6245,0.845,-1.462,3.292,592.59,243.652,-45.227,-18.759,-27.614,7.526
 14:26:48.695,eb:33:2e:f9:57:b5, 2085-97-87 05:120:250:7255,0.496,-1.343,2.912,714.539,208.618,-73.792,-10.822,-23.368,5.394
 14:26:48.753,eb:33:2e:f9:57:b5, 2085-97-151 254:182:05:8118,-0.159,-0.183,4.072,822.021,72.388,-103.76,-2.488,-22.028,4.164
 14:26:48.753,eb:33:2e:f9:57:b5, 2085-97-73 253:253:11:5571,-1.003,1.133,3.447,865.112,-216.797,-142.944,6.888,-20.616,2.263
 14:26:48.753,eb:33:2e:f9:57:b5, 2085-97-175 243:117:10:8736,-2.327,1.968,3.11,797.485,-374.756,-199.829,16.447,-23.39,-0.253
 14:26:48.753,eb:33:2e:f9:57:b5, 2085-97-252 234:229:254:5559,-2.042,0.166,3.93,630.554,-104.919,-118.347,7.498,1.912,-1.566
 14:26:48.844,eb:33:2e:f9:57:b5, 2085-97-81 246:251:246:2858,-1.184,-0.635,1.942,447.754,188.782,4.333,12.887,2.741,-1.917
 14:26:48.844,eb:33:2e:f9:57:b5, 2085-97-215 254:232:252:1859,-0.502,-1.67,2.412,401.672,418.396,91.98,16.749,5.378,-0.654
 14:26:48.844,eb:33:2e:f9:57:b5, 2085-97-162 00:30:27:-1124,1.369,2.425,-0.881,358.215,670.532,232.117,21.396,10.948,3.235
 14:26:48.844,eb:33:2e:f9:57:b5, 2085-97-171 13:151:13:7251,1.039,2.271,2.659,242.676,209.167,154.236,24.532,13.085,6.053
 14:26:48.844,eb:33:2e:f9:57:b5, 2085-97-150 07:101:23:2297,1.323,2.25,1.724,290.344,305.054,103.027,27.751,15.683,8.778
 14:26:48.844,eb:33:2e:f9:57:b5, 2085-97-178 10:208:20:5432,0.995,2.903,1.975,306.702,20.752,-13.245,30.965,16.249,9.619
 14:26:48.844,eb:33:2e:f9:57:b5, 2085-97-77 05:222:16:6345,0.498,2.354,2.82,328.552,-40.588,-111.023,34.085,16.595,9.014
 14:26:48.844,eb:33:2e:f9:57:b5, 2085-97-115 03:196:10:8773,0.356,1.762,3.652,342.163,-112.122,-181.213,37.15,16.397,7.229
 14:26:48.844,eb:33:2e:f9:57:b5, 2085-97-119 02:128:04:10303,0.273,0.943,4.748,356.628,-88.623,-215.027,40.215,16.809,4.944
 14:26:48.844,eb:33:2e:f9:57:b5, 2085-97-241 01:182:254:10023,0.242,0.183,5.083,372.986,-25.146,-223.083,43.176,17.38,2.741
 14:26:48.844,eb:33:2e:f9:57:b5, 2085-97-60 02:64:250:8975,0.32,-0.458,4.62,372.62,40.649,-210.876,46.599,18.962,1.225
 14:26:48.844,eb:33:2e:f9:57:b5, 2085-97-196 02:02:247:8098,0.379,-0.941,4.17,351.379,107.91,-181.641,49.136,20.358,0.115
 14:26:48.847,eb:33:2e:f9:57:b5, 2085-97-141 03:234:244:7312,0.517,-1.29,3.717,316.772,164.062,-135.742,52.52,22.456,0.17
 14:26:48.847,eb:33:2e:f9:57:b5, 2085-97-166 04:120:244:6635,0.642,-1.436,3.414,282.715,197.876,-93.079,54.047,23.78,0.385
 14:26:48.847,eb:33:2e:f9:57:b5, 2085-97-143 05:105:244:5840,0.729,-1.436,3.044,246.338,202.881,-58.044,57.162,25.543,1.697
 14:26:48.847,eb:33:2e:f9:57:b5, 2085-97-47 06:123:243:5276,0.837,-1.489,2.67,203.979,185.059,-31.006,57.535,26.241,2.274
 14:26:48.904,eb:33:2e:f9:57:b5, 2085-97-106 07:162:241:5312,1.027,-1.663,2.544,161.072,166.626,-10.437,59.925,27.328,3.763
 14:26:48.904,eb:33:2e:f9:57:b5, 2085-97-225 08:175:237:5424,1.083,-1.992,2.624,123.901,162.781,2.502,58.969,27.46,4.076
 14:26:48.904,eb:33:2e:f9:57:b5, 2085-97-142 07:106:232:3470,0.855,-2.646,2.418,95.154,174.377,15.625,60.716,28.246,5.691
 14:26:48.904,eb:33:2e:f9:57:b5, 2085-97-222 07:55:229:-027,1.321,-3.169,0.718,27.283,146.973,42.969,58.486,28.087,5.927
 14:26:48.934,eb:33:2e:f9:57:b5, 2085-97-168 13:230:228:-132,1.967,-3.444,-0.242,-101.929,117.126,60.669,58.7,28.295,7.432
 14:26:48.934,eb:33:2e:f9:57:b5, 2085-97-229 15:72:233:415,1.877,-3.165,0.214,-224.609,106.018,42.786,53.481,27.839,7.07
 14:26:48.934,eb:33:2e:f9:57:b5, 2085-97-161 14:115:237:-1138,1.884,-2.532,-0.167,-330.383,76.172,6.653,51.064,28.251,8.064
 14:26:48.934,eb:33:2e:f9:57:b5, 2085-97-28 16:114:239:-1084,2.082,-2.184,-0.702,-418.213,-42.847,-44.067,43.094,27.653,6.356
 14:26:48.963,eb:33:2e:f9:57:b5, 2085-97-241 15:165:241:-049,1.792,-1.929,-0.227,-477.539,-118.53,-102.112,38.073,27.4,5.065
 14:26:48.963,eb:33:2e:f9:57:b5, 2085-97-104 12:173:242:588,1.31,-1.711,0.124,-526.428,-157.41,-145.325,28.339,25.576,1.62
 14:26:48.963,eb:33:2e:f9:57:b5, 2085-97-116 08:24:243:1319,0.797,-1.642,0.471,-576.843,-200.195,-160.217,21.989,24.554,-0.687
 14:26:48.963,eb:33:2e:f9:57:b5, 2085-97-56 05:231:243:2326,0.672,-1.572,0.813,-630.859,-235.352,-143.86,11.794,21.011,-3.884
 14:26:49.023,eb:33:2e:f9:57:b5, 2085-97-255 05:46:246:4240,0.848,-1.406,1.587,-664.978,-280.945,-121.216,4.828,18.589,-5.576
 14:26:49.023,eb:33:2e:f9:57:b5, 2085-97-74 07:153:252:6981,0.681,-0.918,2.632,-682.8,-264.832,-98.45,-4.966,13.903,-7.136
 14:26:49.023,eb:33:2e:f9:57:b5, 2085-97-198 02:128:254:6793,0.253,-0.16,3.516,-669.434,-204.773,-83.923,-11.843,11.602,-7.663
 14:26:49.023,eb:33:2e:f9:57:b5, 2085-97-176 02:03:252:6974,0.39,-0.375,3.321,-621.643,-294.495,-65.369,-20.231,7.339,-7.701
 14:26:49.083,eb:33:2e:f9:57:b5, 2085-97-242 02:129:251:6503,0.302,-0.534,3.316,-588.562,-298.645,-22.4,-26.224,4.455,-6.861
 14:26:49.083,eb:33:2e:f9:57:b5, 2085-97-218 01:39:251:6359,0.262,-0.592,3.097,-579.834,-293.091,27.039,-33.201,0.61,-5.092
 14:26:49.083,eb:33:2e:f9:57:b5, 2085-97-114 02:170:251:7245,0.296,-0.595,3.305,-583.008,-304.016,77.393,-39.194,-1.423,-2.84
 14:26:49.083,eb:33:2e:f9:57:b5, 2085-97-27 02:09:254:7585,0.25,-0.433,3.662,-590.82,-290.894,128.662,-45.901,-3.917,0.291
 14:26:49.085,eb:33:2e:f9:57:b5, 2085-97-62 02:110:02:7669,0.304,-0.011,3.67,-594.421,-291.321,169.861,-52.306,-4.559,3.494
 14:26:49.085,eb:33:2e:f9:57:b5, 2085-97-141 02:20:08:8433,0.307,0.657,3.897,-587.952,-322.815,188.171,-58.661,-5.724,7.41
 14:26:49.085,eb:33:2e:f9:57:b5, 2085-97-03 02:123:12:8766,0.205,1.326,4.263,-562.317,-344.482,186.34,-65.083,-5.559,11.316
 14:26:49.085,eb:33:2e:f9:57:b5, 2085-97-78 01:24:15:8955,0.098,1.723,4.281,-522.278,-368.164,171.265,-70.433,-6.372,15.667
 14:26:49.114,eb:33:2e:f9:57:b5, 2085-97-254 255:245:19:9811,-0.109,2.135,4.558,-489.502,-347.168,156.311,-76.168,-5.762,19.649
 14:26:49.114,eb:33:2e:f9:57:b5, 2085-97-55 254:78:27:10560,-0.329,2.938,5.008,-472.839,-294.434,134.949,-80.338,-6.334,23.395
 14:26:49.114,eb:33:2e:f9:57:b5, 2085-97-181 252:98:34:10539,-0.529,3.87,5.194,-461.243,-238.098,100.037,-85.49,-5.438,26.169
 14:26:49.114,eb:33:2e:f9:57:b5, 2085-97-77 250:247:39:9297,-0.904,4.678,4.947,-436.279,-185.73,52.246,-88.693,-6.251,28.537
 14:26:49.172,eb:33:2e:f9:57:b5, 2085-97-142 247:164:42:7477,-1.186,5.222,4.052,-379.272,-178.772,-0.977,-93.093,-5.955,30.322
 14:26:49.172,eb:33:2e:f9:57:b5, 2085-97-196 245:144:42:6713,-1.27,5.339,3.394,-289.978,-204.529,-48.096,-94.911,-7.487,32.437
 14:26:49.172,eb:33:2e:f9:57:b5, 2085-97-66 247:215:42:6375,-0.874,5.316,3.237,-186.89,-167.358,-81.177,-97.657,-7.899,34.486
 14:26:49.172,eb:33:2e:f9:57:b5, 2085-97-123 250:191:44:4908,-0.586,5.458,2.845,-107.91,1.77,-110.535,-97.432,-9.954,35.392
 14:26:49.293,eb:33:2e:f9:57:b5, 2085-97-32 251:23:43:2535,-0.776,5.593,1.823,-72.083,127.991,-142.822,-98.157,-11.349,34.777
 14:26:49.293,eb:33:2e:f9:57:b5, 2085-97-230 247:55:36:959,-1.258,5.007,0.74,-16.174,99.67,-161.255,-96.548,-14.139,33.475
 14:26:49.293,eb:33:2e:f9:57:b5, 2085-97-16 244:133:27:1231,-1.71,4,0.445,80.078,-48.279,-149.719,-96.213,-15.727,33.481
 14:26:49.293,eb:33:2e:f9:57:b5, 2085-97-203 240:42:17:2053,-2.087,2.838,0.826,186.035,-150.818,-104.065,-93.889,-18.182,34.684
 14:26:49.297,eb:33:2e:f9:57:b5, 2085-97-232 237:164:03:1813,-1.449,1.336,0.979,278.32,-182.495,-29.602,-92.247,-18.704,36.59
 14:26:49.297,eb:33:2e:f9:57:b5, 2085-97-242 193:191:50:-2144,6.246,2.223,9.096,684.387,-93.811,165.405,-87.22,-20.292,39.562
 14:26:49.297,eb:33:2e:f9:57:b5, 2085-113-58 00:66:220:-5220,12.66,5.069,10.118,224.67,467.224,-230.591,-86.028,-20.577,47.977
 14:26:49.297,eb:33:2e:f9:57:b5, 2085-97-191 80:32:25:7734,-2.777,3.65,6.415,462.341,-1292.847,-479.553,-84.315,-22.786,51.493
 14:26:49.298,eb:33:2e:f9:57:b5, 2085-97-156 197:50:239:-15904,-5.426,1.499,-9.935,184.143,-61.89,-284.729,-86.863,-27.96,64.44
 14:26:49.298,eb:33:2e:f9:57:b5, 2085-97-89 241:188:227:3444,-0.167,-1.473,-4.997,154.236,-478.088,-185.303,-85.364,-32.932,66.313
 14:26:49.298,eb:33:2e:f9:57:b5, 2085-97-197 23:177:254:11830,0.587,1.227,-1.345,32.288,-384.644,25.94,-85.897,-33.376,68.714
 14:26:49.298,eb:33:2e:f9:57:b5, 2085-97-18 243:188:01:-4774,-0.303,0.321,1.347,32.471,560.852,21.362,-84.276,-34.42,67.198
 14:26:49.324,eb:33:2e:f9:57:b5, 2085-97-147 248:97:255:-380,-0.453,0.17,0.99,19.836,12.268,7.629,-83.513,-34.151,66.379
 14:26:49.324,eb:33:2e:f9:57:b5, 2085-97-47 03:121:255:3857,0.555,-0.253,0.566,0,-183.411,28.687,-83.694,-35.601,67.473
 14:26:49.324,eb:33:2e:f9:57:b5, 2085-97-183 08:239:00:4434,0.504,0.073,1.66,41.809,-62.439,-4.944,-84.254,-35.563,68.687
 14:26:49.324,eb:33:2e:f9:57:b5, 2085-97-199 250:129:251:2021,-1.481,-0.206,2.231,63.904,225.281,26.062,-82.617,-36.804,67.632
 14:26:49.384,eb:33:2e:f9:57:b5, 2085-97-86 251:48:255:586,0.416,-0.382,-0.553,73.853,36.011,87.83,-80.294,-35.898,65.204
 14:26:49.384,eb:33:2e:f9:57:b5, 2085-97-202 02:78:254:4300,-0.211,-0.117,1.824,87.158,-77.454,99.854,-80.074,-36.387,66.912
 14:26:49.384,eb:33:2e:f9:57:b5, 2085-97-76 254:139:01:2706,-0.294,-0.243,1.378,82.153,94.666,138.184,-78.766,-35.002,66.16
 14:26:49.384,eb:33:2e:f9:57:b5, 2085-97-197 253:111:251:5615,-0.073,-0.163,2.655,87.036,22.095,54.138,-77.3,-35.244,66.017
 14:26:49.412,eb:33:2e:f9:57:b5, 2085-97-92 03:35:252:7939,0.453,-0.419,2.836,191.711,-104.309,29.907,-76.196,-34.86,66.44
 14:26:49.412,eb:33:2e:f9:57:b5, 2085-97-04 02:116:246:9568,0.312,-0.925,4.722,314.453,-18.127,9.521,-73.51,-35.777,67.154
 14:26:49.412,eb:33:2e:f9:57:b5, 2085-97-223 03:213:246:6933,0.554,-1.287,4.129,427.917,88.806,20.447,-69.439,-35.486,66.693
 14:26:49.412,eb:33:2e:f9:57:b5, 2085-97-12 04:167:246:5302,0.528,-1.099,2.87,507.69,141.479,16.907,-62.556,-35.184,64.49
 14:26:49.443,eb:33:2e:f9:57:b5, 2085-97-179 03:19:245:5366,0.354,-1.319,2.581,595.703,97.229,-4.639,-56.184,-34.541,63.155
 14:26:49.443,eb:33:2e:f9:57:b5, 2085-97-172 01:07:249:7155,-0.12,-1.19,2.959,698.486,26.062,-33.02,-47.747,-34.354,61.43
 14:26:49.443,eb:33:2e:f9:57:b5, 2085-97-183 255:238:02:8472,-0.271,-0.217,4.132,771.118,-29.358,-53.955,-40.078,-34.684,61.057
 14:26:49.443,eb:33:2e:f9:57:b5, 2085-97-20 254:48:09:4840,-0.113,0.99,3.258,787.781,-144.775,-64.575,-30.613,-35.228,59.925
 14:26:49.472,eb:33:2e:f9:57:b5, 2085-97-237 253:247:05:4547,-0.588,0.94,2.278,729.065,-294.006,-100.403,-23.34,-37.875,60.485
 14:26:49.472,eb:33:2e:f9:57:b5, 2085-97-46 249:57:08:5410,-0.916,1.025,2.561,595.398,-232.239,-104.004,-14.76,-40.056,58.898
 14:26:49.472,eb:33:2e:f9:57:b5, 2085-97-179 250:05:01:4690,-0.346,0.803,2.497,443.176,-31.494,-68.176,-9.113,-41.462,58.14
 14:26:49.472,eb:33:2e:f9:57:b5, 2085-97-101 253:62:252:3656,-0.224,-0.35,1.907,337.158,201.599,7.812,3.73,4.889,-0.093
 14:26:49.654,eb:33:2e:f9:57:b5, 2085-97-102 02:108:14:482,0.167,-0.685,2.227,445.801,413.025,89.111,7.482,8.053,0.522
 14:26:49.654,eb:33:2e:f9:57:b5, 2085-97-129 08:41:21:3313,1.444,3.63,-0.368,339.111,316.101,121.46,11.882,12.398,2.598
 14:26:49.654,eb:33:2e:f9:57:b5, 2085-97-29 08:11:13:4749,0.763,1.487,3.295,324.707,159.241,67.81,15.216,13.354,3.658
 14:26:49.654,eb:33:2e:f9:57:b5, 2085-97-252 07:161:19:4503,0.959,2.333,1.504,349.426,15.015,9.766,18.831,14.453,4.438
 14:26:49.656,eb:33:2e:f9:57:b5, 2085-97-135 05:63:17:6190,0.65,2.262,2.862,345.154,-33.325,-59.631,22.258,14.277,4.043
 14:26:49.656,eb:33:2e:f9:57:b5, 2085-97-85 05:169:14:7987,0.627,2.05,3.438,354.37,-112,-132.568,25.659,13.832,2.802
 14:26:49.656,eb:33:2e:f9:57:b5, 2085-97-188 04:128:09:8892,0.558,1.531,4.168,356.689,-105.103,-188.965,28.949,13.623,0.818
 14:26:49.656,eb:33:2e:f9:57:b5, 2085-97-75 04:07:04:8992,0.521,0.838,4.406,354.004,-69.946,-223.206,32.064,13.744,-1.511
 14:26:49.660,eb:33:2e:f9:57:b5, 2085-97-226 03:07:255:8579,0.455,0.182,4.328,344.482,-20.203,-237,35.239,14.645,-3.73
 14:26:49.660,eb:33:2e:f9:57:b5, 2085-97-110 03:223:250:7836,0.414,-0.396,4.011,330.2,34.851,-230.957,37.809,15.826,-5.751
 14:26:49.660,eb:33:2e:f9:57:b5, 2085-97-86 03:04:248:7135,0.438,-0.841,3.65,312.805,70.923,-209.717,40.77,17.633,-7.158
 14:26:49.660,eb:33:2e:f9:57:b5, 2085-97-189 03:32:246:6525,0.526,-1.125,3.333,289.124,98.022,-178.833,42.61,19.067,-8.377
 14:26:49.682,eb:33:2e:f9:57:b5, 2085-97-230 04:76:244:6218,0.735,-1.348,3.104,257.019,127.319,-142.822,45.258,20.973,-8.778
 14:26:49.682,eb:33:2e:f9:57:b5, 2085-97-135 06:87:242:5654,0.908,-1.585,2.955,219.421,173.401,-104.065,46.176,22.214,-9.064
 14:26:49.682,eb:33:2e:f9:57:b5, 2085-97-228 07:16:240:5014,0.998,-1.82,2.594,171.692,217.712,-61.768,48.45,24.17,-8.119
 14:26:49.682,eb:33:2e:f9:57:b5, 2085-97-169 07:250:233:4324,0.836,-2.3,2.302,125.488,229.736,-18.066,48.268,25.126,-7.344
 14:26:49.714,eb:33:2e:f9:57:b5, 2085-97-68 06:46:228:1080,0.904,-3.176,1.494,93.75,223.572,32.715,50.087,26.587,-5.438
 14:26:49.714,eb:33:2e:f9:57:b5, 2085-97-153 09:124:226:-1777,1.581,-3.666,-0.393,5.554,174.866,88.501,48.417,26.499,-4.51
 14:26:49.714,eb:33:2e:f9:57:b5, 2085-97-18 15:163:230:-792,2.03,-3.504,-0.75,-125.549,125.671,110.535,48.516,26.719,-2.554
 14:26:49.715,eb:33:2e:f9:57:b5, 2085-97-238 15:225:234:-375,1.932,-2.81,-0.079,-239.441,69.153,82.642,43.709,25.812,-2.395
 14:26:49.715,eb:33:2e:f9:57:b5, 2085-113-58 00:171:250:-6075,1.925,-2.589,-0.438,-337.708,7.08,45.837,41.089,25.659,-1.626
 14:26:49.744,eb:33:2e:f9:57:b5, 2085-97-43 15:50:236:-1400,1.801,-2.569,-0.605,-390.137,-9.583,29.846,35.574,24.274,-2.78
 14:26:49.744,eb:33:2e:f9:57:b5, 2085-97-117 13:220:239:-1010,1.555,-2.273,-0.651,-481.506,-53.406,-3.052,31.168,23.972,-2.818
 14:26:49.744,eb:33:2e:f9:57:b5, 2085-97-131 11:126:243:-067,1.355,-1.769,-0.275,-547.18,-133.057,-35.889,22.104,21.572,-4.559
 14:26:49.744,eb:33:2e:f9:57:b5, 2085-97-14 10:190:245:1103,1.094,-1.399,0.243,-593.933,-210.083,-60.181,16.073,20.05,-5.625
 14:26:49.834,eb:33:2e:f9:57:b5, 2085-97-198 07:163:246:1868,0.95,-1.209,0.706,-629.578,-250.854,-72.693,6.449,16.024,-7.41
 14:26:49.834,eb:33:2e:f9:57:b5, 2085-97-204 07:82:248:3249,0.926,-1.092,1.204,-652.71,-299.805,-76.782,-0.132,13.277,-8.278
 14:26:49.834,eb:33:2e:f9:57:b5, 2085-97-87 06:156:250:5088,0.605,-0.821,2.026,-663.635,-301.636,-78.43,-9.382,8.339,-8.937
 14:26:49.834,eb:33:2e:f9:57:b5, 2085-97-226 03:235:252:6379,0.442,-0.508,2.847,-644.531,-299.744,-83.496,-15.952,5.284,-9.02
 14:26:49.836,eb:33:2e:f9:57:b5, 2085-113-81 00:118:124:-7177,0.368,-0.329,3.329,-605.286,-322.51,-82.153,-23.939,0.489,-8.498
 14:26:49.836,eb:33:2e:f9:57:b5, 2085-97-35 02:225:253:6258,0.21,-0.293,3.302,-589.355,-315.491,-76.599,-26.938,-1.115,-8.135
 14:26:49.836,eb:33:2e:f9:57:b5, 2085-97-41 01:42:253:5891,-0.008,-0.292,2.885,-576.05,-321.228,-61.157,-32.871,-4.169,-7.086
 14:26:49.836,eb:33:2e:f9:57:b5, 2085-97-146 254:153:251:6446,-0.288,-0.437,2.952,-583.252,-305.237,-25.33,-39.974,-8.108,-5.158
 14:26:49.864,eb:33:2e:f9:57:b5, 2085-97-248 252:88:250:7470,-0.432,-0.666,3.456,-584.351,-290.039,32.837,-46.329,-10.212,-2.972
 14:26:49.865,eb:33:2e:f9:57:b5, 2085-97-240 252:139:251:7641,-0.331,-0.667,3.692,-577.087,-248.657,106.018,-53.223,-12.063,-0.11
 14:26:49.865,eb:33:2e:f9:57:b5, 2085-97-175 253:116:255:7316,-0.181,-0.359,3.683,-574.646,-190.125,178.284,-59.738,-11.997,2.615
 14:26:49.865,eb:33:2e:f9:57:b5, 2085-97-149 255:88:05:7293,0.077,0.275,3.552,-573.608,-153.748,231.14,-65.874,-11.245,5.175
 14:26:49.893,eb:33:2e:f9:57:b5, 2085-97-143 01:21:12:7146,0.273,1.145,3.497,-551.758,-140.625,256.47,-72.087,-9.388,7.41
 14:26:49.893,eb:33:2e:f9:57:b5, 2085-97-126 02:116:16:7494,0.366,1.811,3.541,-510.01,-178.467,247.314,-76.915,-7.822,9.613
 14:26:49.893,eb:33:2e:f9:57:b5, 2085-97-72 03:51:21:8554,0.375,2.314,3.897,-467.896,-219.543,223.145,-82.238,-5.828,12.057
 14:26:49.893,eb:33:2e:f9:57:b5, 2085-97-33 02:250:26:9320,0.12,3.028,4.395,-449.768,-205.688,193.848,-85.666,-4.834,14.458
 14:26:49.925,eb:33:2e:f9:57:b5, 2085-97-189 255:127:31:9452,-0.181,3.667,4.633,-442.2,-179.443,161.194,-90.406,-3.104,16.43
 14:26:49.925,eb:33:2e:f9:57:b5, 2085-97-56 253:207:35:8748,-0.543,4.2,4.5,-415.161,-135.254,127.258,-92.856,-2.889,18.089
 14:26:49.925,eb:33:2e:f9:57:b5, 2085-97-124 250:197:39:7256,-0.731,4.747,3.919,-352.966,-102.6,90.637,-96.817,-1.697,19.111
 14:26:49.925,eb:33:2e:f9:57:b5, 2085-97-130 250:66:42:5816,-0.59,5.127,3.188,-257.812,-94.971,51.27,-97.581,-2.313,20.198
 14:26:50.014,eb:33:2e:f9:57:b5, 2085-97-75 252:58:45:4233,-0.312,5.484,2.471,-154.663,-57.983,6.104,-99.668,-1.912,20.907
 14:26:50.014,eb:33:2e:f9:57:b5, 2085-97-47 254:226:46:2491,-0.269,5.776,1.671,-68.787,-20.447,-54.504,-98.427,-3.543,21.467
 14:26:50.014,eb:33:2e:f9:57:b5, 2085-97-38 252:175:44:844,-0.815,5.824,0.727,-10.376,-30.09,-127.869,-98.828,-4.444,21.797
 14:26:50.014,eb:33:2e:f9:57:b5, 2085-97-171 246:38:37:1865,-1.443,5.175,0.482,41.138,-125.061,-189.27,-96.773,-7.608,22.945
 14:26:50.016,eb:33:2e:f9:57:b5, 2085-97-109 234:24:22:19381,-4.318,3.998,1.488,116.577,-175.354,-199.463,-96.422,-9.382,24.89
 14:26:50.016,eb:33:2e:f9:57:b5, 2085-97-214 216:29:40:-2819,0.88,3.286,5.033,557.007,653.076,-81.116,-90.082,-13.228,23.45
 14:26:50.016,eb:33:2e:f9:57:b5, 2085-97-90 15:73:29:15007,4.747,10.586,8.481,413.269,-481.201,-99.182,-84.573,-14.689,25.763
 14:26:50.016,eb:33:2e:f9:57:b5, 2085-97-106 60:241:30:16354,-5.799,3.045,3.429,125.244,848.267,55.786,-78.882,-15.502,20.544
 14:26:50.044,eb:33:2e:f9:57:b5, 2085-97-246 213:53:243:-9897,-0.395,2.469,-9.099,75.012,-327.393,-233.948,-77.542,-18.331,24.532
 14:26:50.044,eb:33:2e:f9:57:b5, 2085-97-218 07:251:251:7803,-0.624,-1.331,2.018,69.092,-576.538,-78.369,-77.805,-23.763,32.888
 14:26:50.044,eb:33:2e:f9:57:b5, 2085-97-16 15:151:252:9382,-0.552,0.822,-2.736,-0.854,-364.075,23.193,-77.195,-23.417,32.47
 14:26:50.044,eb:33:2e:f9:57:b5, 2085-97-39 00:79:04:654,0.217,0.089,-0.316,-3.54,114.014,35.461,-75.526,-24.115,31.844
 14:26:50.104,eb:33:2e:f9:57:b5, 2085-97-43 251:27:00:-307,0.441,0.087,1.779,-6.287,45.776,2.869,-75.866,-24.131,32.509
 14:26:50.104,eb:33:2e:f9:57:b5, 2085-97-178 01:202:254:2797,0.036,-0.127,1.68,-0.061,-80.261,2.563,-75.053,-25.648,33.333
 14:26:50.104,eb:33:2e:f9:57:b5, 2085-97-232 01:226:255:2661,0.071,-0.027,0.967,10.254,-15.198,-4.578,-75.053,-25.626,33.42
 14:26:50.104,eb:33:2e:f9:57:b5, 2085-97-240 251:136:254:1341,-0.575,-0.062,1.173,2.075,82.642,5.31,-73.521,-26.565,32.552
 14:26:50.104,eb:33:2e:f9:57:b5, 2085-97-54 01:120:255:2527,0.47,-0.095,0.365,2.075,-67.749,16.113,-73.4,-26.356,32.344
 14:26:50.135,eb:33:2e:f9:57:b5, 2085-113-81 00:134:100:-16180,0.383,-0.073,1.616,8.545,20.874,19.714,-72.444,-27.213,32.47
 14:26:50.135,eb:33:2e:f9:57:b5, 2085-97-179 01:249:254:3659,0.055,-0.104,1.622,10.254,77.698,22.217,-72.252,-27.032,32.19
 14:26:50.135,eb:33:2e:f9:57:b5, 2085-97-153 251:48:252:3751,-0.953,-0.201,1.77,16.541,164.062,16.479,-70.378,-27.268,30.476
 14:26:50.135,eb:33:2e:f9:57:b5, 2085-97-61 251:250:249:5542,-0.128,-0.53,2.05,62.927,114.075,52.368,-69.093,-26.296,28.603
 14:26:50.163,eb:33:2e:f9:57:b5, 2085-97-234 254:134:251:5436,-0.214,-0.461,2.933,176.086,-120.667,35.583,-67.187,-26.658,28.927
 14:26:50.163,eb:33:2e:f9:57:b5, 2085-97-146 01:59:250:6349,0.729,-0.862,2.907,271.179,-190.125,15.076,-65.885,-27.087,30.866
 14:26:50.163,eb:33:2e:f9:57:b5, 2085-97-55 07:55:249:7288,0.823,-0.6,3.352,343.445,-154.541,-6.592,-62.913,-28.273,32.426
 14:26:50.163,eb:33:2e:f9:57:b5, 2085-97-228 06:145:246:7181,1.023,-1.008,3.472,430.542,-32.104,-39.49,-59.464,-28.894,33.272
 14:26:50.222,eb:33:2e:f9:57:b5, 2085-97-154 07:99:245:5655,0.761,-1.302,3.272,506.897,130.554,-52.795,-53.47,-29.257,31.926
 14:26:50.223,eb:33:2e:f9:57:b5, 2085-97-89 06:118:244:4989,0.673,-1.393,2.307,587.28,183.533,-64.758,-46.857,-28.614,29.877
 14:26:50.223,eb:33:2e:f9:57:b5, 2085-97-137 03:254:249:7191,-0.077,-1.266,2.787,684.326,151.001,-83.191,-38.732,-27.988,27.482
 14:26:50.223,eb:33:2e:f9:57:b5, 2085-97-172 249:77:00:8972,-1.114,-0.489,4.243,751.282,101.318,-89.172,-30.558,-27.433,25.741
 14:26:50.253,eb:33:2e:f9:57:b5, 2085-97-201 248:65:02:5973,-0.943,0.334,3.757,759.827,-41.565,-86.243,-21.835,-27.323,24.263
 14:26:50.253,eb:33:2e:f9:57:b5, 2085-97-04 248:216:06:5447,-1.283,0.742,2.222,715.088,-170.532,-65.43,-14.238,-28.619,23.917
 14:26:50.253,eb:33:2e:f9:57:b5, 2085-97-53 242:250:01:5376,-1.657,0.452,2.92,608.704,-89.6,-34.302,-6.949,-29.669,23.247
 14:26:50.253,eb:33:2e:f9:57:b5, 2085-97-205 245:55:248:4812,-0.898,-0.333,2.592,478.76,150.818,38.513,-1.566,-29.306,23.242
 14:26:50.283,eb:33:2e:f9:57:b5, 2085-97-141 251:102:246:4401,-0.164,-1.069,1.826,377.197,359.741,141.541,2.488,-25.62,23.961
 14:26:50.283,eb:33:2e:f9:57:b5, 2085-97-147 03:54:13:669,0.637,-0.974,2.56,496.46,578.735,218.384,5.74,-21.281,26.125
 14:26:50.283,eb:33:2e:f9:57:b5, 2085-97-191 11:203:25:3559,1.749,3.63,0.087,354.614,434.448,227.234,3.186,6.806,1.296
 14:26:50.283,eb:33:2e:f9:57:b5, 2085-97-44 11:250:15:4590,1.152,2.08,3.162,321.228,325.989,144.348,6.553,9.706,3.241
 14:26:50.344,eb:33:2e:f9:57:b5, 2085-97-56 10:41:23:2417,1.41,2.593,1.158,351.807,144.897,42.969,10.085,12.272,4.51
 14:26:50.344,eb:33:2e:f9:57:b5, 2085-97-140 10:166:21:5392,1.093,2.873,1.9,341.98,-62.866,-87.036,13.546,12.519,4.252
 14:26:50.344,eb:33:2e:f9:57:b5, 2085-97-57 07:221:16:7636,0.769,2.477,3.201,337.158,-136.292,-210.266,16.661,11.865,2.444
 14:26:50.344,eb:33:2e:f9:57:b5, 2085-97-27 05:81:08:9389,0.526,1.591,4.237,335.571,-160.156,-294.312,19.682,11.212,-0.516
 14:26:50.373,eb:33:2e:f9:57:b5, 2085-97-202 03:97:01:9490,0.457,0.562,4.685,340.82,-121.765,-329.102,22.319,11.047,-4.07
 14:26:50.373,eb:33:2e:f9:57:b5, 2085-97-171 03:169:251:9015,0.462,-0.189,4.527,333.923,-77.332,-332.458,25.334,11.486,-7.537
 14:26:50.373,eb:33:2e:f9:57:b5, 2085-97-137 03:242:246:8239,0.436,-0.863,4.247,311.646,-4.395,-306.763,27.482,12.491,-10.783
 14:26:50.373,eb:33:2e:f9:57:b5, 2085-97-212 03:129:243:7159,0.523,-1.351,3.772,278.564,77.82,-253.662,30.13,14.194,-13.079
 14:26:50.433,eb:33:2e:f9:57:b5, 2085-97-179 04:227:241:6170,0.678,-1.683,3.241,233.582,161.072,-175.72,31.47,16.106,-14.513
 14:26:50.433,eb:33:2e:f9:57:b5, 2085-97-146 06:240:240:5530,0.981,-1.839,2.839,188.049,210.205,-103.149,33.58,18.43,-14.678
 14:26:50.433,eb:33:2e:f9:57:b5, 2085-97-118 08:86:240:4777,1.087,-1.902,2.548,139.954,248.474,-37.537,34.074,20.22,-14.293
 14:26:50.433,eb:33:2e:f9:57:b5, 2085-97-105 09:154:236:4327,1.21,-2.125,2.144,96.68,237.671,18.555,35.689,22.341,-12.859
 14:26:50.492,eb:33:2e:f9:57:b5, 2085-97-89 09:87:232:2217,1.179,-2.745,1.829,77.209,205.627,62.195,35.266,23.077,-11.728
 14:26:50.492,eb:33:2e:f9:57:b5, 2085-97-44 10:166:230:-997,1.496,-3.1,0.21,30.457,128.235,100.037,36.453,23.967,-9.976
 14:26:50.492,eb:33:2e:f9:57:b5, 2085-97-53 14:139:231:-1080,1.969,-3.161,-0.726,-72.327,45.471,118.774,34.189,22.934,-9.305
 14:26:50.492,eb:33:2e:f9:57:b5, 2085-97-249 15:60:235:-220,1.919,-2.843,-0.223,-179.504,-3.601,105.53,33.261,22.44,-8.19
 14:26:50.495,eb:33:2e:f9:57:b5, 2085-97-186 14:11:237:-677,1.781,-2.426,-0.207,-280.884,-35.522,74.524,28.284,20.533,-8.267
 14:26:50.495,eb:33:2e:f9:57:b5, 2085-97-244 13:150:237:-664,1.668,-2.363,-0.383,-380.676,-83.191,41.565,25.032,19.748,-8.015
 14:26:50.495,eb:33:2e:f9:57:b5, 2085-97-82 12:205:240:-355,1.442,-2.133,-0.236,-467.896,-99.792,16.174,17.704,17.062,-8.745
 14:26:50.495,eb:33:2e:f9:57:b5, 2085-97-33 11:35:244:531,1.328,-1.68,-0.012,-536.133,-146.301,-5.981,12.601,15.914,-9.009
 14:26:50.583,eb:33:2e:f9:57:b5, 2085-97-170 09:163:246:1547,1.068,-1.307,0.54,-585.693,-175.903,-20.325,3.966,12.327,-9.75
 14:26:50.583,eb:33:2e:f9:57:b5, 2085-97-102 07:71:248:2338,0.896,-1.067,0.96,-621.826,-201.111,-24.902,-2.115,10.47,-9.992
 14:26:50.583,eb:33:2e:f9:57:b5, 2085-97-195 07:225:250:3885,1.03,-0.816,1.427,-642.7,-242.493,-24.841,-10.981,6.29,-9.976
 14:26:50.583,eb:33:2e:f9:57:b5, 2085-97-97 07:207:253:5502,0.655,-0.439,2.41,-639.465,-247.925,-28.931,-17.402,3.829,-9.575
 14:26:50.585,eb:33:2e:f9:57:b5, 2085-97-23 03:215:252:5532,0.275,-0.252,2.686,-611.389,-266.907,-32.837,-25.56,-0.269,-8.679
 14:26:50.585,eb:33:2e:f9:57:b5, 2085-97-138 01:247:250:5899,0.087,-0.541,2.805,-566.895,-338.44,-15.198,-31.553,-3.087,-7.344
 14:26:50.585,eb:33:2e:f9:57:b5, 2085-97-183 255:26:250:6147,-0.146,-0.683,2.925,-547.119,-344.666,24.841,-38.573,-7.174,-4.883
 14:26:50.585,eb:33:2e:f9:57:b5, 2085-97-70 254:109:249:6913,-0.239,-0.788,3.151,-547.791,-322.632,78.796,-44.626,-9.245,-2.164
 14:26:50.613,eb:33:2e:f9:57:b5, 2085-97-29 254:72:251:7598,-0.223,-0.772,3.61,-554.443,-269.226,136.353,-51.443,-11.162,1.165
 14:26:50.613,eb:33:2e:f9:57:b5, 2085-97-114 254:119:255:7319,-0.155,-0.344,3.617,-570.374,-206.299,182.739,-57.838,-11.096,4.081
 14:26:50.613,eb:33:2e:f9:57:b5, 2085-97-34 255:166:04:7802,-0.078,0.241,3.639,-596.252,-192.139,207.764,-64.221,-10.673,6.899
 14:26:50.613,eb:33:2e:f9:57:b5, 2085-97-133 255:106:10:8332,-0.029,0.945,3.977,-615.845,-165.894,215.942,-70.922,-9.327,9.415
 14:26:50.643,eb:33:2e:f9:57:b5, 2085-97-26 00:03:16:8195,0.039,1.643,4.082,-611.755,-135.071,204.346,-76.586,-8.091,11.387
 14:26:50.643,eb:33:2e:f9:57:b5, 2085-97-148 00:32:22:7843,0.145,2.385,3.877,-586.426,-110.84,172.913,-82.875,-6.411,12.881
 14:26:50.643,eb:33:2e:f9:57:b5, 2085-113-58 00:167:224:-5430,0.203,3.136,3.946,-547.058,-110.474,121.887,-87.122,-5.707,14.052
 14:26:50.643,eb:33:2e:f9:57:b5, 2085-97-159 01:186:31:8677,0.136,3.535,4.119,-525.513,-97.961,92.224,-89.885,-5.186,14.579
 14:26:50.703,eb:33:2e:f9:57:b5, 2085-97-103 00:61:38:8595,-0.004,4.397,4.25,-481.812,-76.477,25.269,-92.884,-5.68,15.375
 14:26:50.703,eb:33:2e:f9:57:b5, 2085-97-62 255:94:42:7930,-0.247,5.079,4.113,-437.012,-70.923,-42.419,-97.597,-5.724,16.139
 14:26:50.703,eb:33:2e:f9:57:b5, 2085-97-143 252:109:44:6298,-0.627,5.448,3.469,-383.179,-82.458,-101.135,-99.399,-7.938,16.968
 14:26:50.703,eb:33:2e:f9:57:b5, 2085-97-79 249:174:44:5235,-1.059,5.608,2.77,-307.922,-131.958,-146.912,-103.151,-8.948,18.336
 14:26:50.762,eb:33:2e:f9:57:b5, 2085-97-21 246:40:42:4923,-1.306,5.458,2.424,-198.669,-173.767,-171.814,-103.865,-12.195,20.264
 14:26:50.762,eb:33:2e:f9:57:b5, 2085-97-227 245:171:39:5153,-1.17,5.083,2.479,-86.304,-144.531,-175.476,-105.859,-13.414,22.451
 14:26:50.762,eb:33:2e:f9:57:b5, 2085-97-234 247:165:38:3901,-0.872,4.896,2.351,-10.803,-21.667,-166.809,-104.755,-17.106,23.61
 14:26:50.762,eb:33:2e:f9:57:b5, 2085-97-177 249:163:35:2131,-0.827,4.696,1.475,32.227,64.514,-163.33,-104.639,-18.781,23.714
 14:26:50.765,eb:33:2e:f9:57:b5, 2085-97-125 248:95:29:943,-0.484,4.107,0.661,75.073,38.574,-159.485,-102.178,-22.83,23.198
 14:26:50.765,eb:33:2e:f9:57:b5, 2085-97-207 254:53:18:14480,-7.111,3.265,1.048,337.891,-266.663,-265.747,-101.179,-24.39,24.093
 14:26:50.765,eb:33:2e:f9:57:b5, 2085-97-140 220:172:76:-2066,0.846,3.566,-1.226,676.453,302.612,10.681,-91.483,-28.29,19.094
 14:26:50.765,eb:33:2e:f9:57:b5, 2085-97-120 57:198:18:3158,8.178,1.948,8.995,275.146,-252.563,-100.952,-91.549,-28.757,26.488
 14:26:50.823,eb:33:2e:f9:57:b5, 2085-97-238 212:84:00:-15235,-7.053,4.078,7.475,365.723,-904.236,-391.663,-86.05,-30.278,22.841
 14:26:50.823,eb:33:2e:f9:57:b5, 2085-97-236 02:54:242:1978,3.243,-1.025,-8.764,104.065,-1185.608,-211.853,-87.951,-32.668,28.444
 14:26:50.823,eb:33:2e:f9:57:b5, 2085-97-12 245:204:02:-7616,0.488,-0.49,8.559,54.382,708.13,42.175,-91.219,-35.53,36.788
 14:26:50.823,eb:33:2e:f9:57:b5, 2085-97-139 03:57:252:3773,0.297,-0.042,1.416,21.973,-200.439,16.418,-90.143,-35.118,35.14
 14:26:50.853,eb:33:2e:f9:57:b5, 2085-97-04 252:122:254:2096,-0.791,0.574,0.773,1.831,25.635,-1.099,-88.715,-36.667,34.2
 14:26:50.853,eb:33:2e:f9:57:b5, 2085-97-05 01:63:254:2982,-0.057,0.049,-0.17,0.305,-138.062,-2.625,-88.638,-36.65,34.063
 14:26:50.853,eb:33:2e:f9:57:b5, 2085-97-134 255:40:00:1756,0.389,-0.156,1.202,0.305,0.122,15.198,-88.27,-38.035,34.525
 14:26:50.853,eb:33:2e:f9:57:b5, 2085-97-10 01:178:255:2572,-0.481,0.016,1.549,10.376,23.682,1.465,-88.429,-38.002,34.909
 14:26:50.884,eb:33:2e:f9:57:b5, 2085-97-29 251:20:255:721,-0.029,-0.137,0.604,6.714,42.847,9.521,-86.814,-39.238,33.574
 14:26:50.885,eb:33:2e:f9:57:b5, 2085-97-25 02:78:255:2993,0.232,-0.067,1.077,12.268,-80.933,11.353,-87.242,-39.15,34.332
 14:26:50.885,eb:33:2e:f9:57:b5, 2085-97-151 01:146:254:3245,-0.089,-0.103,1.439,17.029,7.935,21.606,-86.523,-40.144,34.316
 14:26:50.885,eb:33:2e:f9:57:b5, 2085-97-63 250:10:252:4110,-0.659,-0.428,1.783,22.888,128.479,53.955,-85.693,-39.765,33.409
 14:26:50.943,eb:33:2e:f9:57:b5, 2085-97-110 255:33:252:5576,0.066,-0.327,2.166,85.815,-8.179,56.519,-83.375,-40.067,31.503
 14:26:50.943,eb:33:2e:f9:57:b5, 2085-97-241 254:86:250:5620,0.257,-0.601,3.122,189.148,-101.685,37.659,-82.958,-39.743,33.008
 14:26:50.943,eb:33:2e:f9:57:b5, 2085-97-152 07:20:251:8158,1.433,-0.579,2.922,279.175,-143.372,8.057,-81.145,-40.573,34.464
 14:26:50.943,eb:33:2e:f9:57:b5, 2085-97-246 10:228:246:10283,0.956,-0.753,5.025,348.816,78.125,-9.094,-78.344,-40.655,35.024
 14:26:50.973,eb:33:2e:f9:57:b5, 2085-97-246 07:51:246:6120,1.08,-1.252,3.812,444.885,279.48,-10.315,-71.697,-40.941,31.646
 14:26:50.973,eb:33:2e:f9:57:b5, 2085-97-45 08:102:247:4853,0.734,-1.07,2.511,544.128,267.09,-30.334,-63.984,-40.122,27.839
 14:26:50.973,eb:33:2e:f9:57:b5, 2085-97-205 04:106:248:5878,0.735,-1.185,2.418,638.062,167.603,-61.707,-55.344,-39.985,24.45
 14:26:50.973,eb:33:2e:f9:57:b5, 2085-97-42 04:02:04:6794,0.405,-0.447,3.349,763.489,51.086,-78.491,-47.043,-39.93,22.681
 14:26:51.005,eb:33:2e:f9:57:b5, 2085-97-207 01:97:13:5946,-0.023,1.213,3.19,829.468,-219.788,-141.296,-38.156,-41.732,22.061
 14:26:51.005,eb:33:2e:f9:57:b5, 2085-97-01 249:89:11:5564,-1.364,1.433,2.997,765.747,-385.864,-198.547,-30.668,-45.516,22.797
 14:26:51.005,eb:33:2e:f9:57:b5, 2085-97-199 241:179:04:5989,-2.024,0.896,2.786,621.033,-322.937,-186.707,-22.813,-49.801,22
 14:26:51.006,eb:33:2e:f9:57:b5, 2085-97-74 241:24:251:5041,-1.354,0.053,2.571,457.764,-36.682,-98.633,-16.54,-51.866,20.797
 14:26:51.064,eb:33:2e:f9:57:b5, 2085-97-218 246:22:249:4219,-1.114,-0.875,2.127,352.173,245.483,13.855,-10.602,-50.707,18.699
 14:26:51.064,eb:33:2e:f9:57:b5, 2085-97-141 254:90:05:3262,-0.143,-1.337,3.231,435.242,462.402,114.014,-6.762,-47.098,18.605
 14:26:51.064,eb:33:2e:f9:57:b5, 2085-97-108 05:253:19:4118,1.292,2.676,0.965,368.103,520.447,187.195,-3.005,-40.754,19.726
 14:26:51.064,eb:33:2e:f9:57:b5, 2085-97-154 09:50:10:6100,0.983,1.393,3.716,361.45,335.632,151.672,-0.846,-37.31,21.682
 14:26:51.093,eb:33:2e:f9:57:b5, 2085-97-93 09:181:18:3096,1.3,1.973,1.679,397.949,229.187,99.304,2.604,-33.618,22.824
 14:26:51.093,eb:33:2e:f9:57:b5, 2085-97-121 09:28:19:4383,1.019,2.37,1.863,386.292,62.622,-5.31,6.136,-32.432,23.461
 14:26:51.093,eb:33:2e:f9:57:b5, 2085-97-228 06:35:17:6586,0.735,2.345,2.6,378.296,-70.129,-112.915,2.324,3.862,-0.308
 14:26:51.093,eb:33:2e:f9:57:b5, 2085-97-39 05:98:10:8942,0.568,1.771,3.849,370.911,-132.263,-198.425,6.114,2.9,-1.994
 14:26:51.123,eb:33:2e:f9:57:b5, 2085-97-222 03:233:02:9680,0.415,0.807,4.668,368.53,-92.712,-244.263,9.728,2.065,-4.384
 14:26:51.123,eb:33:2e:f9:57:b5, 2085-97-21 03:16:253:9216,0.393,-0.024,4.635,367.249,-35.95,-258.179,13.552,2.016,-6.987
 14:26:51.123,eb:33:2e:f9:57:b5, 2085-97-34 03:177:248:8392,0.391,-0.669,4.333,358.826,27.039,-249.695,16.985,2.703,-9.481
 14:26:51.123,eb:33:2e:f9:57:b5, 2085-97-55 03:250:245:7318,0.421,-1.104,3.827,337.402,87.891,-218.994,20.577,4.092,-11.519
 14:26:51.184,eb:33:2e:f9:57:b5, 2085-97-146 03:106:244:6389,0.488,-1.369,3.344,305.359,127.075,-175.537,23.461,5.872,-12.975
 14:26:51.184,eb:33:2e:f9:57:b5, 2085-97-127 04:158:243:5683,0.632,-1.5,2.92,265.015,154.114,-128.174,26.356,7.833,-13.76
 14:26:51.184,eb:33:2e:f9:57:b5, 2085-97-164 05:219:242:5145,0.793,-1.596,2.638,219.238,176.758,-81.055,28.284,9.717,-13.98
 14:26:51.184,eb:33:2e:f9:57:b5, 2085-97-73 07:00:242:4666,1.016,-1.695,2.365,172.974,186.768,-39.795,30.35,11.618,-13.623
 14:26:51.215,eb:33:2e:f9:57:b5, 2085-97-201 08:67:240:4448,1.175,-1.819,2.244,122.253,201.416,-3.662,31.102,13.145,-12.925
 14:26:51.215,eb:33:2e:f9:57:b5, 2085-97-81 09:214:234:4001,1.064,-2.277,2.181,83.374,203.003,24.475,32.36,14.821,-11.766
 14:26:51.215,eb:33:2e:f9:57:b5, 2085-97-32 08:207:231:695,1.093,-2.899,1.236,51.941,202.515,56.03,31.888,15.903,-10.552
 14:26:51.215,eb:33:2e:f9:57:b5, 2085-97-164 10:09:232:-1643,1.669,-3.039,-0.441,-31.433,128.113,84.473,32.399,16.952,-9.014
 14:26:51.273,eb:33:2e:f9:57:b5, 2085-97-247 15:135:234:-819,2.183,-2.885,-0.72,-151.978,50.476,85.632,29.399,16.507,-8.278
 14:26:51.273,eb:33:2e:f9:57:b5, 2085-97-81 17:33:237:-036,1.977,-2.49,-0.076,-253.906,13.428,46.875,27.521,16.474,-7.526
 14:26:51.273,eb:33:2e:f9:57:b5, 2085-97-157 14:58:237:-753,1.684,-2.346,-0.193,-360.962,-24.841,-1.648,21.791,15.266,-7.866
 14:26:51.273,eb:33:2e:f9:57:b5, 2085-97-136 12:218:239:-1104,1.491,-2.224,-0.539,-470.398,-44.678,-24.048,17.573,15.057,-8.108
 14:26:51.303,eb:33:2e:f9:57:b5, 2085-97-153 11:99:243:038,1.4,-1.795,-0.325,-559.631,-112.915,-45.471,9.278,12.827,-9.058
 14:26:51.304,eb:33:2e:f9:57:b5, 2085-97-149 10:03:246:1334,1.187,-1.388,0.344,-617.737,-172.18,-63.66,3.252,11.47,-9.756
 14:26:51.304,eb:33:2e:f9:57:b5, 2085-97-168 08:215:247:2094,1.062,-1.145,0.849,-656.555,-207.947,-71.838,-5.905,7.844,-10.53
 14:26:51.304,eb:33:2e:f9:57:b5, 2085-97-187 08:191:250:3696,1.022,-0.848,1.288,-682.495,-252.502,-74.341,-12.645,5.46,-10.833
 14:26:51.333,eb:33:2e:f9:57:b5, 2085-97-235 06:58:254:5868,0.702,-0.426,2.457,-683.289,-246.399,-77.087,-21.616,1.203,-10.618
 14:26:51.333,eb:33:2e:f9:57:b5, 2085-97-116 04:207:254:6696,0.46,-0.137,3.132,-639.038,-295.654,-85.999,-28.273,-1.555,-10.173
 14:26:51.333,eb:33:2e:f9:57:b5, 2085-97-60 03:114:253:6448,0.349,-0.226,3.267,-588.989,-334.778,-74.463,-35.651,-6.103,-8.789
 14:26:51.333,eb:33:2e:f9:57:b5, 2085-97-56 02:250:251:6182,0.189,-0.412,3.03,-567.505,-321.045,-41.931,-41.748,-8.992,-7.086
 14:26:51.394,eb:33:2e:f9:57:b5, 2085-97-98 00:42:251:6498,-0.04,-0.572,3.113,-567.017,-279.602,5.493,-48.301,-12.349,-4.702
 14:26:51.394,eb:33:2e:f9:57:b5, 2085-97-164 255:95:251:7018,-0.031,-0.615,3.268,-574.707,-249.268,64.148,-54.717,-13.618,-2.313
 14:26:51.394,eb:33:2e:f9:57:b5, 2085-97-12 00:242:253:7295,0.033,-0.451,3.536,-587.097,-215.271,125.488,-61.04,-14.766,0.357
 14:26:51.394,eb:33:2e:f9:57:b5, 2085-97-160 00:63:02:7335,0.155,-0.022,3.547,-601.318,-193.115,177.856,-67.819,-14.172,2.955
 14:26:51.424,eb:33:2e:f9:57:b5, 2085-97-178 01:05:08:7792,0.209,0.625,3.711,-610.168,-198.425,209.351,-73.663,-13.634,5.416
 14:26:51.424,eb:33:2e:f9:57:b5, 2085-97-124 01:72:13:7831,0.208,1.356,3.836,-601.44,-208.618,218.872,-80.469,-11.92,7.938
 14:26:51.424,eb:33:2e:f9:57:b5, 2085-97-252 01:139:17:8162,0.248,1.926,3.881,-569.397,-247.864,209.351,-85.309,-11.019,10.338
 14:26:51.424,eb:33:2e:f9:57:b5, 2085-97-242 01:74:22:8526,0.228,2.458,4.051,-523.926,-254.028,188.293,-91.406,-9.047,12.964
 14:26:51.453,eb:33:2e:f9:57:b5, 2085-97-97 01:69:28:8868,0.091,3.123,4.269,-477.051,-217.285,156.067,-94.62,-8.619,15.084
 14:26:51.453,eb:33:2e:f9:57:b5, 2085-97-28 00:108:35:8975,-0.062,3.986,4.366,-440.979,-179.993,113.159,-99.564,-7.02,16.853
 14:26:51.454,eb:33:2e:f9:57:b5, 2085-97-144 254:70:40:8360,-0.332,4.791,4.329,-403.442,-162.598,62.012,-101.514,-7.729,18.259
 14:26:51.454,eb:33:2e:f9:57:b5, 2085-97-18 252:195:42:6471,-0.647,5.2,3.656,-360.474,-154.602,12.756,-105.612,-6.993,19.715
 14:26:51.543,eb:33:2e:f9:57:b5, 2085-97-129 249:199:43:4836,-0.974,5.455,2.711,-298.584,-180.725,-31.921,-106.771,-8.877,21.297
 14:26:51.543,eb:33:2e:f9:57:b5, 2085-97-67 247:23:42:4393,-1.121,5.386,2.157,-204.651,-226.196,-65.125,-109.753,-8.674,23.472
 14:26:51.543,eb:33:2e:f9:57:b5, 2085-97-128 247:165:40:4879,-0.932,5.158,2.279,-99.121,-202.942,-82.764,-109.852,-11.08,25.878
 14:26:51.543,eb:33:2e:f9:57:b5, 2085-97-193 249:128:40:4285,-0.655,5.055,2.377,-21.851,-73.425,-96.191,-110.83,-11.409,27.559
 14:26:51.543,eb:33:2e:f9:57:b5, 2085-97-09 251:85:38:2087,-0.69,5.016,1.549,19.043,52.368,-117.004,-109.286,-14.919,27.795
 14:26:51.548,eb:33:2e:f9:57:b5, 2085-113-58 00:226:225:-2520,-0.845,4.386,0.705,60.242,33.813,-141.541,-108.88,-16.331,27.762
 14:26:51.548,eb:33:2e:f9:57:b5, 2085-97-20 248:59:27:1171,-2.548,3.915,0.572,93.689,-8.24,-148.071,-108.561,-17.034,27.977
 14:26:51.548,eb:33:2e:f9:57:b5, 2085-97-124 210:162:17:3493,-5.081,1.177,8.188,484.497,420.166,-135.62,-104.683,-21.198,28.79
 14:26:51.548,eb:33:2e:f9:57:b5, 2085-97-95 234:79:70:12499,-0.639,3.709,1.874,735.901,-478.027,-29.724,-96.674,-22.385,25.395
 14:26:51.573,eb:33:2e:f9:57:b5, 2085-97-98 73:113:22:15914,3.607,0.236,4.532,216.858,383.423,56.335,-92.379,-25.252,27.021
 14:26:51.573,eb:33:2e:f9:57:b5, 2085-97-173 202:43:05:-20893,-3.337,3.777,0.943,305.054,-500.61,-365.479,-90.736,-26.697,29.301
 14:26:51.573,eb:33:2e:f9:57:b5, 2085-97-72 10:254:235:9394,1.975,-0.764,-4.282,105.042,-1327.515,-180.542,-92.219,-30.69,37.288
 14:26:51.573,eb:33:2e:f9:57:b5, 2085-97-61 252:210:255:-4154,1.046,2.888,3.452,6.592,425.171,33.508,-93.604,-30.718,41.567
 14:26:51.633,eb:33:2e:f9:57:b5, 2085-97-05 05:14:00:2444,0.245,1.157,2.074,3.418,33.264,-1.221,-92.807,-32.02,41.704
 14:26:51.633,eb:33:2e:f9:57:b5, 2085-97-34 250:133:255:446,-0.146,0.169,1.341,-2.747,113.77,-6.409,-92.549,-32.053,41.325
 14:26:51.633,eb:33:2e:f9:57:b5, 2085-97-236 02:152:254:3540,-0.189,0.06,0.59,9.949,-119.446,-18.921,-91.846,-33.728,41.21
 14:26:51.633,eb:33:2e:f9:57:b5, 2085-97-239 254:181:255:1752,0.206,-0.127,0.842,5.066,25.574,4.333,-91.703,-33.734,41.045
 14:26:51.662,eb:33:2e:f9:57:b5, 2085-97-236 00:154:255:2427,-0.236,0.011,1.318,7.568,30.212,6.775,-90.978,-35.013,40.831
 14:26:51.662,eb:33:2e:f9:57:b5, 2085-97-21 254:157:255:1461,0.218,-0.088,0.793,6.348,53.04,13.062,-90.406,-34.931,40.04
 14:26:51.662,eb:33:2e:f9:57:b5, 2085-97-180 02:101:255:3227,0.105,-0.023,1.334,9.583,18.616,17.151,-89.665,-35.947,39.721
 14:26:51.662,eb:33:2e:f9:57:b5, 2085-97-149 00:47:255:2727,0.091,-0.085,1.378,11.78,117.249,30.029,-88.808,-35.706,38.551
 14:26:51.694,eb:33:2e:f9:57:b5, 2085-97-104 254:78:254:3688,-0.828,-0.096,1.527,16.113,148.315,33.203,-87.056,-36.381,36.667
 14:26:51.694,eb:33:2e:f9:57:b5, 2085-97-152 250:37:250:5266,-0.176,-0.646,2.484,49.377,154.053,51.086,-85.358,-35.892,34.475
 14:26:51.694,eb:33:2e:f9:57:b5, 2085-97-28 00:76:251:6382,0.051,-0.502,2.613,157.41,-43.823,56.641,-83.447,-36.211,33.701
 14:26:51.694,eb:33:2e:f9:57:b5, 2085-97-27 02:135:251:6301,0.577,-0.55,3.062,218.933,-17.578,47.058,-81.826,-35.733,34.195
 14:26:51.783,eb:33:2e:f9:57:b5, 2085-97-42 05:159:248:8053,0.619,-0.786,3.722,304.565,3.967,26.428,-79.096,-36.293,34.453
 14:26:51.783,eb:33:2e:f9:57:b5, 2085-97-19 06:173:246:7004,0.854,-1.039,3.68,402.527,85.876,8.057,-75.037,-35.991,33.712
 14:26:51.783,eb:33:2e:f9:57:b5, 2085-97-243 06:105:246:5474,0.828,-1.157,2.963,494.629,165.588,-7.385,-69.148,-36.343,31.855
 14:26:51.784,eb:33:2e:f9:57:b5, 2085-97-137 06:111:246:4815,0.758,-1.213,2.519,575.378,182.739,-26.001,-62.309,-35.788,29.614
 14:26:51.903,eb:33:2e:f9:57:b5, 2085-97-05 05:53:251:5837,0.354,-0.982,2.358,663.269,158.447,-52.429,-54.388,-35.815,27.186
 14:26:51.903,eb:33:2e:f9:57:b5, 2085-97-18 254:19:03:7578,-0.496,-0.053,3.643,744.385,61.829,-80.994,-46.225,-35.656,25.51
 14:26:51.903,eb:33:2e:f9:57:b5, 2085-97-111 252:248:06:5916,-0.409,0.818,3.228,790.344,-180.603,-105.835,-38.007,-37.277,24.95
 14:26:51.903,eb:33:2e:f9:57:b5, 2085-97-39 251:74:08:4677,-0.951,0.92,2.514,751.892,-328.735,-117.92,-30.872,-40.182,25.889
 14:26:51.904,eb:33:2e:f9:57:b5, 2085-97-183 244:253:05:4545,-1.672,1.021,2.254,617.31,-293.762,-112.549,-24.263,-43.945,26.362
 14:26:51.904,eb:33:2e:f9:57:b5, 2085-97-151 243:103:250:4492,-1.329,0.109,2.253,459.351,-92.224,-61.523,-18.88,-46.044,26.246
 14:26:51.904,eb:33:2e:f9:57:b5, 2085-97-75 247:216:244:4512,-0.945,-1.172,1.878,339.233,151.794,42.114,-14.343,-45.912,25.532
 14:26:51.904,eb:33:2e:f9:57:b5, 2085-97-180 254:140:05:1394,-0.227,-1.648,3.107,442.993,448.242,145.569,-10.8,-42.863,25.746
 14:26:51.906,eb:33:2e:f9:57:b5, 2085-97-62 05:183:18:2781,1.176,2.584,0.06,333.618,438.477,208.191,-7.333,-37.2,26.906
 14:26:51.906,eb:33:2e:f9:57:b5, 2085-97-220 07:182:08:4903,0.926,1.272,3.135,299.866,329.102,169.739,-5.521,-34.063,28.762
 14:26:51.906,eb:33:2e:f9:57:b5, 2085-97-107 10:105:19:2296,1.507,1.833,1.315,340.393,221.68,109.07,-2.736,-30.883,29.85
 14:26:51.906,eb:33:2e:f9:57:b5, 2085-97-177 11:106:20:2722,1.348,2.602,1.208,320.068,52.673,-2.93,0.264,-29.619,30.377
 14:26:51.935,eb:33:2e:f9:57:b5, 2085-97-198 09:182:17:3934,1.111,2.41,1.554,302.002,-122.131,-135.193,4.246,-29.987,29.125
 14:26:51.935,eb:33:2e:f9:57:b5, 2085-97-85 08:226:11:6163,0.96,1.905,2.416,270.752,-224.06,-249.084,1.456,3.812,-0.247
 14:26:51.935,eb:33:2e:f9:57:b5, 2085-97-202 06:253:04:7999,0.732,1.039,3.54,242.004,-218.079,-324.585,4.103,1.664,-3.257
 14:26:51.935,eb:33:2e:f9:57:b5, 2085-97-57 05:115:255:8432,0.623,0.252,4.095,226.929,-139.771,-358.765,6.537,0.198,-6.839
 14:26:51.938,eb:33:2e:f9:57:b5, 2085-97-232 04:60:251:7750,0.594,-0.348,3.998,217.529,-33.63,-363.037,9.075,-0.121,-10.552
 14:26:51.938,eb:33:2e:f9:57:b5, 2085-97-185 04:22:248:6800,0.617,-0.809,3.528,203.43,61.89,-346.13,11.266,0.747,-14.035
 14:26:51.938,eb:33:2e:f9:57:b5, 2085-97-92 05:118:245:6157,0.72,-1.148,3.167,185.364,134.216,-310.12,13.409,2.455,-17.062
 14:26:51.938,eb:33:2e:f9:57:b5, 2085-97-70 06:239:243:5455,0.908,-1.429,2.844,159.424,217.041,-248.779,14.936,4.883,-19.363
 14:26:51.993,eb:33:2e:f9:57:b5, 2085-97-225 08:83:243:5165,1.304,-1.555,2.543,133.545,267.456,-188.965,16.414,7.861,-20.83
 14:26:51.993,eb:33:2e:f9:57:b5, 2085-97-114 11:183:242:4801,1.5,-1.6,2.492,100.098,331.238,-129.883,17.155,11.041,-21.566
 14:26:51.993,eb:33:2e:f9:57:b5, 2085-97-155 11:56:239:3925,1.261,-1.826,2.18,63.965,356.934,-74.219,18.029,14.705,-21.511
 14:26:51.993,eb:33:2e:f9:57:b5, 2085-97-115 09:101:236:1469,1.295,-2.329,1.337,43.152,309.814,-20.752,17.897,17.661,-21.072
 14:26:52.024,eb:33:2e:f9:57:b5, 2085-97-208 11:231:235:-914,1.767,-2.492,0.106,-7.935,206.116,25.513,18.375,20.028,-20.264
 14:26:52.024,eb:33:2e:f9:57:b5, 2085-97-214 16:124:235:-421,2.272,-2.537,-0.605,-106.384,115.295,46.753,16.556,20.621,-19.759
 14:26:52.024,eb:33:2e:f9:57:b5, 2085-97-94 17:57:237:927,1.937,-2.513,0.301,-196.838,72.327,40.161,15.227,21.335,-19.078
 14:26:52.024,eb:33:2e:f9:57:b5, 2085-97-33 14:107:240:-244,1.722,-2.135,0.209,-289.978,65.43,35.4,11.019,20.737,-19.056
 14:26:52.084,eb:33:2e:f9:57:b5, 2085-97-65 14:06:243:-546,1.859,-1.782,-0.309,-400.513,22.034,33.997,7.674,21.165,-18.611
 14:26:52.084,eb:33:2e:f9:57:b5, 2085-97-44 15:69:246:462,1.832,-1.438,-0.046,-493.652,-22.339,16.724,0.95,19.495,-18.896
 14:26:52.084,eb:33:2e:f9:57:b5, 2085-97-85 13:92:249:1044,1.522,-0.994,0.402,-555.847,-28.198,-7.996,-4.329,19.281,-18.853
 14:26:52.084,eb:33:2e:f9:57:b5, 2085-97-248 11:101:251:1693,1.555,-0.725,0.661,-582.397,-69.153,-35.522,-12.217,16.913,-19.413
 14:26:52.143,eb:33:2e:f9:57:b5, 2085-97-84 13:241:254:2541,1.636,-0.365,1.003,-583.191,-147.522,-64.697,-18.094,15.732,-19.594
 14:26:52.143,eb:33:2e:f9:57:b5, 2085-97-92 11:244:00:2797,1.154,0.062,1.354,-587.158,-172.729,-90.637,-25.565,11.821,-19.819
 14:26:52.143,eb:33:2e:f9:57:b5, 2085-97-212 07:154:254:3618,0.885,0.003,1.485,-589.233,-238.159,-111.084,-31.454,9.586,-19.709
 14:26:52.143,eb:33:2e:f9:57:b5, 2085-97-79 06:194:252:4935,0.685,-0.317,2.125,-582.214,-308.472,-111.389,-38.177,4.488,-18.82
 14:26:52.172,eb:33:2e:f9:57:b5, 2085-97-190 04:112:251:6019,0.479,-0.487,2.705,-579.651,-317.261,-84.961,-44.011,1.494,-17.43
 14:26:52.172,eb:33:2e:f9:57:b5, 2085-97-09 03:146:250:6676,0.35,-0.638,3.127,-582.886,-286.743,-42.419,-50.131,-2.873,-15.348
 14:26:52.172,eb:33:2e:f9:57:b5, 2085-97-153 02:177:250:7216,0.252,-0.692,3.42,-585.999,-255.371,11.78,-56.272,-4.554,-13.211
 14:26:52.172,eb:33:2e:f9:57:b5, 2085-97-240 01:206:251:7220,0.309,-0.598,3.484,-596.313,-213.745,72.51,-61.891,-6.954,-10.805
 14:26:52.175,eb:33:2e:f9:57:b5, 2085-97-250 02:247:253:7744,0.401,-0.419,3.673,-606.873,-206.97,129.395,-68.379,-6.855,-8.416
 14:26:52.175,eb:33:2e:f9:57:b5, 2085-97-143 03:78:02:7613,0.546,-0.005,3.779,-612.976,-186.646,180.359,-73.433,-7.592,-5.966
 14:26:52.175,eb:33:2e:f9:57:b5, 2085-97-132 05:250:07:7927,0.801,0.628,3.745,-596.985,-207.153,208.557,-79.953,-6.07,-3.598
 14:26:52.175,eb:33:2e:f9:57:b5, 2085-97-172 06:29:13:8392,0.824,1.356,4.038,-556.702,-247.437,209.351,-83.853,-6.218,-0.972
 14:26:52.234,eb:33:2e:f9:57:b5, 2085-97-133 06:103:15:8124,0.811,1.809,4.05,-505.798,-301.208,193.42,-89.615,-4.312,1.917
 14:26:52.234,eb:33:2e:f9:57:b5, 2085-97-22 06:155:18:8415,0.607,2.086,3.958,-470.642,-311.157,178.589,-92.12,-4.79,5.153
 14:26:52.234,eb:33:2e:f9:57:b5, 2085-97-195 02:250:22:9475,0.058,2.604,4.38,-453.247,-312.683,164.856,-97.141,-2.78,8.097
 14:26:52.234,eb:33:2e:f9:57:b5, 2085-97-119 254:126:26:9820,-0.419,3.104,4.769,-428.528,-330.811,158.447,-98.921,-3.521,11.332
 14:26:52.263,eb:33:2e:f9:57:b5, 2085-97-231 250:44:30:9183,-0.83,3.525,4.692,-386.536,-336.426,163.33,-103.337,-1.241,14.288
 14:26:52.263,eb:33:2e:f9:57:b5, 2085-97-101 248:82:35:8162,-0.983,4.066,4.232,-321.96,-327.209,169.739,-104.2,-1.774,17.485
 14:26:52.263,eb:33:2e:f9:57:b5, 2085-97-114 248:168:41:6701,-0.8,4.812,3.695,-241.028,-267.517,163.269,-107.194,0.703,19.885
 14:26:52.263,eb:33:2e:f9:57:b5, 2085-97-139 251:65:46:4576,-0.312,5.542,2.76,-155.701,-146.24,127.38,-106.606,-0.417,21.835
 14:26:52.293,eb:33:2e:f9:57:b5, 2085-97-75 254:78:48:2387,-0.341,5.95,1.725,-97.351,-22.766,54.993,-107.853,0.67,22.258
 14:26:52.293,eb:33:2e:f9:57:b5, 2085-97-108 251:174:44:801,-0.846,5.906,0.581,-63.477,-10.498,-45.532,-106.534,-2.736,22.632
 14:26:52.293,eb:33:2e:f9:57:b5, 2085-113-81 00:164:74:-25693,-1.091,5.122,0.511,-22.583,-93.689,-109.619,-107.067,-3.362,23.428
 14:26:52.293,eb:33:2e:f9:57:b5, 2085-97-206 245:87:33:2625,-1.356,4.62,0.867,4.578,-116.394,-126.831,-107.199,-3.763,24.142
 14:26:52.353,eb:33:2e:f9:57:b5, 2085-97-154 245:154:26:3897,-1.258,3.756,1.661,69.031,-84.351,-139.954,-105.705,-8.328,25.851
 14:26:52.353,eb:33:2e:f9:57:b5, 2085-97-215 254:167:33:15648,-4.438,3.143,2.123,346.008,-131.836,-217.346,-104.546,-9.608,26.686
 14:26:52.353,eb:33:2e:f9:57:b5, 2085-97-194 249:217:57:10694,-0.019,6.597,-3.062,694.153,-100.891,-155.334,-97.614,-14.595,25.362
