Time,Device name,Chip Time(),Acceleration X(g),Acceleration Y(g),Acceleration Z(g),Angular velocity X(°/s),Angular velocity Y(°/s),Angular velocity Z(°/s),ShiftX(mm),ShiftY(mm),ShiftZ(mm),SpeedX(mm/s),SpeedY(mm/s),SpeedZ(mm/s),Angle X(°),Angle Y(°),Angle Z(°)
 13:50:22.451,eb:33:2e:f9:57:b5, 2015-01-01 00:14:31.480,0.774,-0.006,2.436,265.991,205.2,-53.04, , , , , , ,12.656,4.977,-119.762
 13:50:22.452,eb:33:2e:f9:57:b5, 2015-01-01 00:14:31.480,0.448,-0.086,2.77,282.715,218.14,-42.542, , , , , , ,14.041,6.075,-119.745
 13:50:22.453,eb:33:2e:f9:57:b5, 2015-01-01 00:14:31.480,0.561,-0.468,2.811,298.828,228.394,-36.804, , , , , , ,15.513,7.202,-119.647
 13:50:22.453,eb:33:2e:f9:57:b5, 2015-01-01 00:14:31.480,0.573,-0.808,2.474,312.744,235.413,-27.893, , , , , , ,17.073,8.361,-119.476
 13:50:22.453,eb:33:2e:f9:57:b5, 2015-01-01 00:14:31.480,0.743,-0.905,2.325,328.674,244.507,-29.236, , , , , , ,18.721,9.547,-119.24
 13:50:22.453,eb:33:2e:f9:57:b5, 2015-01-01 00:14:31.480,0.727,-0.77,2.148,346.069,252.991,-31.189, , , , , , ,20.473,10.767,-118.954
 13:50:22.453,eb:33:2e:f9:57:b5, 2015-01-01 00:14:31.480,0.668,-0.742,2.184,353.943,266.541,-36.743, , , , , , ,22.28,12.036,-118.647
 13:50:22.453,eb:33:2e:f9:57:b5, 2015-01-01 00:14:31.480,0.816,-0.948,2.507,368.347,290.71,-40.405, , , , , , ,24.175,13.414,-118.262
 13:50:22.456,eb:33:2e:f9:57:b5, 2015-01-01 00:14:31.480,0.972,-0.742,2.251,389.954,316.101,-37.109, , , , , , ,26.202,14.875,-117.762
 13:50:22.456,eb:33:2e:f9:57:b5, 2015-01-01 00:14:31.480,0.969,-0.327,2.365,413.696,339.844,-46.143, , , , , , ,28.383,16.441,-117.175
 13:50:22.456,eb:33:2e:f9:57:b5, 2015-01-01 00:14:31.480,1.193,-0.101,2.675,422.302,370.117,-54.565, , , , , , ,30.685,18.116,-116.488
 13:50:22.456,eb:33:2e:f9:57:b5, 2015-01-01 00:14:31.480,1.264,-0.234,3.09,427.185,395.935,-49.133, , , , , , ,33.08,19.896,-115.648
 13:50:22.456,eb:33:2e:f9:57:b5, 2015-01-01 00:14:31.480,1.266,-0.241,3.307,435.12,407.776,-45.654, , , , , , ,35.601,21.709,-114.631
 13:50:22.456,eb:33:2e:f9:57:b5, 2015-01-01 00:14:31.480,1.368,0.333,3.276,446.411,389.587,-50.476, , , , , , ,38.227,23.439,-113.538
 13:50:22.457,eb:33:2e:f9:57:b5, 2015-01-01 00:14:31.480,1.394,1.334,4.039,469.299,385.193,-78.796, , , , , , ,40.957,25.126,-112.478
 13:50:22.457,eb:33:2e:f9:57:b5, 2015-01-01 00:14:31.480,0.797,0.791,4.651,474.67,394.592,-92.773, , , , , , ,43.802,26.873,-111.39
 13:50:22.457,eb:33:2e:f9:57:b5, 2015-01-01 00:14:31.480,0.291,0.472,4.6,467.346,392.334,-100.83, , , , , , ,46.719,28.619,-110.193
 13:50:22.457,eb:33:2e:f9:57:b5, 2015-01-01 00:14:31.480,0.201,0.845,4.69,442.444,378.845,-103.882, , , , , , ,49.609,30.278,-108.935
 13:50:22.457,eb:33:2e:f9:57:b5, 2015-01-01 00:14:31.480,0.358,0.924,5.329,402.893,390.625,-96.252, , , , , , ,52.394,31.882,-107.578
 13:50:22.457,eb:33:2e:f9:57:b5, 2015-01-01 00:14:31.480,0.635,0.584,5.737,355.53,429.321,-86.121, , , , , , ,55.162,33.47,-105.919
 13:50:22.457,eb:33:2e:f9:57:b5, 2015-01-01 00:14:31.480,0.791,-0.151,5.095,305.603,447.876,-69.885, , , , , , ,57.914,35.013,-103.931
 13:50:22.457,eb:33:2e:f9:57:b5, 2015-01-01 00:14:31.480,0.637,-1.752,3.702,233.704,427.917,-15.686, , , , , , ,60.496,36.321,-101.75
 13:50:22.457,eb:33:2e:f9:57:b5, 2015-01-01 00:14:31.480,0.544,-2.697,4.67,218.018,475.708,85.815, , , , , , ,63.105,37.178,-99.196
 13:50:22.458,eb:33:2e:f9:57:b5, 2015-01-01 00:14:31.480,0.124,-1.744,5.865,306.702,520.264,138.977, , , , , , ,66.418,37.678,-95.944
 13:50:22.460,eb:33:2e:f9:57:b5, 2015-01-01 00:14:31.480,1.793,0.676,3.957,317.627,447.693,125.977, , , , , , ,69.966,37.963,-92.829
 13:50:22.460,eb:33:2e:f9:57:b5, 2015-01-01 00:14:31.480,1.552,1.209,3.465,229.309,378.601,167.053, , , , , , ,72.982,37.897,-90.082
 13:50:22.460,eb:33:2e:f9:57:b5, 2015-01-01 00:14:31.480,1.351,-0.181,3.465,172.852,306.458,164.978, , , , , , ,75.333,37.54,-87.781
 13:50:22.460,eb:33:2e:f9:57:b5, 2015-01-01 00:14:31.480,1.51,-0.912,2.702,133.85,235.779,164.856, , , , , , ,77.201,37.057,-85.935
 13:50:22.460,eb:33:2e:f9:57:b5, 2015-01-01 00:14:31.480,1.452,-0.958,1.98,89.478,185.669,177.124, , , , , , ,78.618,36.431,-84.457
 13:50:22.460,eb:33:2e:f9:57:b5, 2015-01-01 00:14:31.480,1.365,-1.085,1.865,59.326,144.958,179.993, , , , , , ,79.667,35.7,-83.271
 13:50:22.460,eb:33:2e:f9:57:b5, 2015-01-01 00:14:31.480,1.296,-1.229,2.042,47.546,105.713,174.988, , , , , , ,80.409,34.926,-82.386
 13:50:22.460,eb:33:2e:f9:57:b5, 2015-01-01 00:14:31.480,1.265,-1.282,2.27,43.945,73.242,163.635, , , , , , ,81.024,34.162,-81.705
 13:50:22.462,eb:33:2e:f9:57:b5, 2015-01-01 00:14:31.480,1.22,-1.336,2.347,42.908,44.495,149.536, , , , , , ,81.502,33.437,-81.233
 13:50:22.462,eb:33:2e:f9:57:b5, 2015-01-01 00:14:31.480,1.17,-1.459,2.261,39.368,22.522,130.859, , , , , , ,81.87,32.778,-80.931
 13:50:22.463,eb:33:2e:f9:57:b5, 2015-01-01 00:14:31.480,1.093,-1.665,2.122,30.334,6.897,110.657, , , , , , ,82.09,32.19,-80.793
 13:50:22.463,eb:33:2e:f9:57:b5, 2015-01-01 00:14:31.480,1.063,-1.888,1.864,10.986,-2.991,94.849, , , , , , ,82.233,31.696,-80.711
 13:50:22.463,eb:33:2e:f9:57:b5, 2015-01-01 00:14:31.480,1.081,-2.1,1.417,-21.484,-6.714,84.839, , , , , , ,82.216,31.251,-80.673
 13:50:22.463,eb:33:2e:f9:57:b5, 2015-01-01 00:14:31.480,1.144,-2.306,0.858,-65.857,-6.775,78.674, , , , , , ,81.991,30.85,-80.645
 13:50:22.463,eb:33:2e:f9:57:b5, 2015-01-01 00:14:31.480,1.242,-2.534,0.07,-121.033,-10.376,76.355, , , , , , ,81.458,30.454,-80.667
 13:50:22.463,eb:33:2e:f9:57:b5, 2015-01-01 00:14:31.480,1.353,-2.774,-0.707,-180.786,-24.414,75.989, , , , , , ,80.662,30.064,-80.7
 13:50:22.497,eb:33:2e:f9:57:b5, 2015-01-01 00:14:31.480,1.427,-2.917,-1.132,-237.061,-52.795,75.562, , , , , , ,79.508,29.658,-80.848
 13:50:22.497,eb:33:2e:f9:57:b5, 2015-01-01 00:14:31.480,1.454,-2.907,-1.095,-284.363,-92.163,71.045, , , , , , ,78.008,29.224,-81.194
 13:50:22.497,eb:33:2e:f9:57:b5, 2015-01-01 00:14:31.480,1.476,-2.817,-0.882,-323.792,-134.644,65.063, , , , , , ,76.141,28.762,-81.799
 13:50:22.497,eb:33:2e:f9:57:b5, 2015-01-01 00:14:31.480,1.514,-2.756,-0.727,-360.718,-169.983,59.265, , , , , , ,74.042,28.262,-82.573
 13:50:22.497,eb:33:2e:f9:57:b5, 2015-01-01 00:14:31.480,1.492,-2.764,-0.59,-397.095,-193.359,56.396, , , , , , ,71.702,27.719,-83.474
 13:50:22.497,eb:33:2e:f9:57:b5, 2015-01-01 00:14:31.480,1.448,-2.742,-0.406,-432.739,-206.238,55.237, , , , , , ,69.164,27.12,-84.441
 13:50:22.497,eb:33:2e:f9:57:b5, 2015-01-01 00:14:31.480,1.383,-2.644,-0.19,-465.881,-212.341,56.58, , , , , , ,66.418,26.455,-85.446
 13:50:22.497,eb:33:2e:f9:57:b5, 2015-01-01 00:14:31.480,1.328,-2.504,0,-495.239,-217.834,60.425, , , , , , ,63.578,25.735,-86.396
 13:50:22.542,eb:33:2e:f9:57:b5, 2015-01-01 00:14:31.480,1.316,-2.332,0.163,-521.118,-223.572,66.833, , , , , , ,60.634,24.933,-87.308
 13:50:22.542,eb:33:2e:f9:57:b5, 2015-01-01 00:14:31.480,1.327,-2.142,0.322,-542.664,-231.689,76.05, , , , , , ,57.596,24.038,-88.182
 13:50:22.542,eb:33:2e:f9:57:b5, 2015-01-01 00:14:31.480,1.388,-1.907,0.486,-558.899,-240.906,85.327, , , , , , ,54.459,23.027,-89.039
 13:50:22.542,eb:33:2e:f9:57:b5, 2015-01-01 00:14:31.480,1.464,-1.624,0.635,-568.726,-252.563,94.543, , , , , , ,51.334,21.918,-89.808
 13:50:22.542,eb:33:2e:f9:57:b5, 2015-01-01 00:14:31.480,1.53,-1.322,0.758,-572.327,-266.663,101.257, , , , , , ,48.214,20.698,-90.533
 13:50:22.542,eb:33:2e:f9:57:b5, 2015-01-01 00:14:31.480,1.615,-0.99,0.878,-571.35,-282.227,105.103, , , , , , ,45.115,19.374,-91.225
 13:50:22.542,eb:33:2e:f9:57:b5, 2015-01-01 00:14:31.480,1.688,-0.587,1.019,-567.932,-296.631,103.638, , , , , , ,42.012,17.946,-91.912
 13:50:22.542,eb:33:2e:f9:57:b5, 2015-01-01 00:14:31.480,1.702,-0.13,1.146,-560.73,-311.401,96.436, , , , , , ,39.007,16.458,-92.554
 13:50:22.699,eb:33:2e:f9:57:b5, 2015-01-01 00:14:31.995,1.622,0.439,1.239,-546.082,-328.735,76.965, , , , , , ,36.063,14.925,-93.214
 13:50:22.699,eb:33:2e:f9:57:b5, 2015-01-01 00:14:31.995,1.413,0.84,1.234,-528.015,-345.52,58.533, , , , , , ,33.206,13.343,-93.928
 13:50:22.699,eb:33:2e:f9:57:b5, 2015-01-01 00:14:31.995,1.149,1.163,1.214,-505.31,-361.328,39.307, , , , , , ,30.427,11.689,-94.708
 13:50:22.699,eb:33:2e:f9:57:b5, 2015-01-01 00:14:31.995,0.829,1.383,1.232,-478.333,-375.671,22.644, , , , , , ,27.834,10.003,-95.493
 13:50:22.699,eb:33:2e:f9:57:b5, 2015-01-01 00:14:31.995,0.478,1.544,1.255,-448.669,-388.428,8.301, , , , , , ,25.4,8.262,-96.301
 13:50:22.699,eb:33:2e:f9:57:b5, 2015-01-01 00:14:31.995,0.087,1.666,1.231,-416.87,-400.818,-1.16, , , , , , ,23.148,6.454,-97.114
 13:50:22.699,eb:33:2e:f9:57:b5, 2015-01-01 00:14:31.995,-0.259,1.788,1.182,-382.996,-411.743,-6.775, , , , , , ,21.044,4.548,-97.921
 13:50:22.699,eb:33:2e:f9:57:b5, 2015-01-01 00:14:31.995,-0.594,1.981,1.238,-344.727,-417.847,-7.935, , , , , , ,19.199,2.609,-98.679
 13:50:22.721,eb:33:2e:f9:57:b5, 2015-01-01 00:14:31.995,-0.952,2.238,1.433,-301.758,-420.593,-3.845, , , , , , ,17.584,0.626,-99.366
 13:50:22.721,eb:33:2e:f9:57:b5, 2015-01-01 00:14:31.995,-1.157,2.533,1.734,-260.437,-416.016,1.953, , , , , , ,16.205,-1.373,-99.976
 13:50:22.721,eb:33:2e:f9:57:b5, 2015-01-01 00:14:31.995,-1.29,2.901,2.139,-227.905,-393.86,7.446, , , , , , ,14.985,-3.351,-100.503
 13:50:22.721,eb:33:2e:f9:57:b5, 2015-01-01 00:14:31.995,-1.463,3.365,2.447,-206.177,-356.323,11.414, , , , , , ,13.947,-5.164,-100.926
 13:50:22.721,eb:33:2e:f9:57:b5, 2015-01-01 00:14:31.995,-1.644,3.929,2.475,-196.899,-309.57,11.475, , , , , , ,12.986,-6.779,-101.255
 13:50:22.721,eb:33:2e:f9:57:b5, 2015-01-01 00:14:31.995,-1.769,4.483,2.273,-197.876,-264.221,5.92, , , , , , ,12.036,-8.163,-101.519
 13:50:22.721,eb:33:2e:f9:57:b5, 2015-01-01 00:14:31.995,-1.909,5.033,2.031,-203.064,-228.088,-6.836, , , , , , ,11.041,-9.366,-101.777
 13:50:22.721,eb:33:2e:f9:57:b5, 2015-01-01 00:14:31.995,-2.077,5.639,1.777,-204.102,-210.327,-27.893, , , , , , ,10.069,-10.41,-102.074
 13:50:22.878,eb:33:2e:f9:57:b5, 2015-01-01 00:14:31.995,-2.328,6.241,1.655,-195.984,-209.29,-56.885, , , , , , ,9.146,-11.398,-102.475
 13:50:22.878,eb:33:2e:f9:57:b5, 2015-01-01 00:14:31.995,-2.639,6.687,1.711,-175.415,-220.642,-89.905, , , , , , ,8.333,-12.409,-103.035
 13:50:22.878,eb:33:2e:f9:57:b5, 2015-01-01 00:14:31.995,-2.976,6.936,2.029,-142.822,-233.215,-122.009, , , , , , ,7.696,-13.48,-103.755
 13:50:22.878,eb:33:2e:f9:57:b5, 2015-01-01 00:14:31.995,-3.273,7.019,2.611,-102.844,-232.605,-152.1, , , , , , ,7.311,-14.551,-104.634
 13:50:22.878,eb:33:2e:f9:57:b5, 2015-01-01 00:14:31.995,-3.536,6.981,3.281,-60.181,-211.609,-174.438, , , , , , ,7.185,-15.546,-105.634
 13:50:22.878,eb:33:2e:f9:57:b5, 2015-01-01 00:14:31.995,-3.696,6.889,3.847,-19.836,-165.833,-192.932, , , , , , ,7.3,-16.353,-106.716
 13:50:22.878,eb:33:2e:f9:57:b5, 2015-01-01 00:14:31.995,-3.698,6.697,4.058,17.395,-105.652,-206.116, , , , , , ,7.63,-16.88,-107.842
 13:50:22.878,eb:33:2e:f9:57:b5, 2015-01-01 00:14:31.995,-3.599,6.479,3.937,51.88,-43.945,-215.942, , , , , , ,8.157,-17.073,-108.995
 13:50:22.967,eb:33:2e:f9:57:b5, 2015-01-01 00:14:31.995,-3.466,6.209,3.568,87.097,2.563,-221.497, , , , , , ,8.86,-16.979,-110.138
 13:50:22.967,eb:33:2e:f9:57:b5, 2015-01-01 00:14:31.995,-3.391,5.833,3.156,126.221,26.672,-223.328, , , , , , ,9.739,-16.705,-111.275
 13:50:22.967,eb:33:2e:f9:57:b5, 2015-01-01 00:14:31.995,-3.384,5.291,2.789,167.664,30.579,-221.375, , , , , , ,10.816,-16.364,-112.39
 13:50:22.967,eb:33:2e:f9:57:b5, 2015-01-01 00:14:31.995,-3.446,4.585,2.482,207.52,20.874,-211.182, , , , , , ,12.074,-16.024,-113.467
 13:50:22.967,eb:33:2e:f9:57:b5, 2015-01-01 00:14:31.995,-3.557,3.803,2.306,240.234,11.902,-197.266, , , , , , ,13.491,-15.727,-114.478
 13:50:22.967,eb:33:2e:f9:57:b5, 2015-01-01 00:14:31.995,-4.353,3.017,2.229,266.113,12.878,-178.467, , , , , , ,15.024,-15.441,-115.406
 13:50:22.968,eb:33:2e:f9:57:b5, 2015-01-01 00:14:31.995,-3.729,1.85,1.239,159.363,-20.874,-166.382, , , , , , ,16.414,-15.364,-116.318
 13:50:22.968,eb:33:2e:f9:57:b5, 2015-01-01 00:14:31.995,-5.81,-3.463,5.444,44.067,352.905,34.546, , , , , , ,16.76,-14.106,-116.4
 13:50:22.970,eb:33:2e:f9:57:b5, 2015-01-01 00:14:31.995,-2.932,-1.372,1.748,2.808,506.531,131.47, , , , , , ,16.622,-12.167,-115.148
 13:50:22.970,eb:33:2e:f9:57:b5, 2015-01-01 00:14:31.995,0.732,-0.866,1.598,-64.88,546.631,201.05, , , , , , ,16.117,-9.75,-113.604
 13:50:22.970,eb:33:2e:f9:57:b5, 2015-01-01 00:14:31.995,4.835,-2.76,1.793,-148.865,429.016,324.646, , , , , , ,15.227,-7.795,-111.495
 13:50:22.970,eb:33:2e:f9:57:b5, 2015-01-01 00:14:31.995,6.396,4.282,-2.836,-142.7,127.197,205.322, , , , , , ,14.271,-6.85,-109.841
 13:50:22.970,eb:33:2e:f9:57:b5, 2015-01-01 00:14:31.995,2.842,4.546,-1.26,-117.737,-75.867,45.41, , , , , , ,13.557,-7.059,-109.363
 13:50:22.970,eb:33:2e:f9:57:b5, 2015-01-01 00:14:31.995,0.038,0.25,4.833,-82.764,-2.075,-25.269, , , , , , ,13.09,-7.3,-109.446
 13:50:22.970,eb:33:2e:f9:57:b5, 2015-01-01 00:14:31.995,1.282,-2.12,6.775,-25.696,163.757,-13.794, , , , , , ,12.838,-6.779,-109.429
 13:50:22.970,eb:33:2e:f9:57:b5, 2015-01-01 00:14:31.995,1.929,-0.603,4.635,27.649,210.999,-38.086, , , , , , ,12.865,-5.74,-109.325
 13:50:23.014,eb:33:2e:f9:57:b5, 2015-01-01 00:14:31.995,1.392,1.667,0.721,62.5,153.32,-101.685, , , , , , ,13.129,-4.79,-109.479
 13:50:23.014,eb:33:2e:f9:57:b5, 2015-01-01 00:14:31.995,-0.902,1.104,0.858,71.228,136.963,-115.051, , , , , , ,13.508,-3.977,-109.902
 13:50:23.014,eb:33:2e:f9:57:b5, 2015-01-01 00:14:31.995,-2.03,-0.659,1.863,69.214,161.682,-77.576, , , , , , ,13.881,-3.126,-110.165
 13:50:23.014,eb:33:2e:f9:57:b5, 2015-01-01 00:14:31.995,-1.869,-0.917,0.96,72.876,142.151,-50.842, , , , , , ,14.244,-2.296,-110.275
 13:50:23.014,eb:33:2e:f9:57:b5, 2015-01-01 00:14:31.995,-1.615,-0.341,-0.954,61.401,79.285,-22.522, , , , , , ,14.584,-1.747,-110.308
 13:50:23.014,eb:33:2e:f9:57:b5, 2015-01-01 00:14:31.995,-1.114,-0.141,-1.033,38.269,28.442,4.089, , , , , , ,14.821,-1.511,-110.281
 13:50:23.014,eb:33:2e:f9:57:b5, 2015-01-01 00:14:31.995,-0.222,0.191,-0.241,17.7,4.456,14.099, , , , , , ,14.952,-1.461,-110.204
 13:50:23.014,eb:33:2e:f9:57:b5, 2015-01-01 00:14:31.995,0.665,0.575,-0.142,-2.502,-4.211,13.977, , , , , , ,14.98,-1.489,-110.138
 13:50:23.014,eb:33:2e:f9:57:b5, 2015-01-01 00:14:31.995,1.206,0.777,0.322,-20.142,9.827,6.653, , , , , , ,14.914,-1.494,-110.089
 13:50:23.014,eb:33:2e:f9:57:b5, 2015-01-01 00:14:31.995,1.292,0.928,1.003,-31.25,43.091,-8.85, , , , , , ,14.777,-1.351,-110.061
 13:50:23.014,eb:33:2e:f9:57:b5, 2015-01-01 00:14:31.995,1.04,0.856,1.409,-34.729,84.106,-25.513, , , , , , ,14.612,-0.994,-110.067
 13:50:23.014,eb:33:2e:f9:57:b5, 2015-01-01 00:14:31.995,0.713,0.637,1.82,-30.579,126.16,-41.809, , , , , , ,14.447,-0.423,-110.105
 13:50:23.014,eb:33:2e:f9:57:b5, 2015-01-01 00:14:31.995,0.217,0.412,1.911,-21.362,160.461,-45.471, , , , , , ,14.321,0.341,-110.138
 13:50:23.014,eb:33:2e:f9:57:b5, 2015-01-01 00:14:31.995,-0.401,0.146,1.838,-7.568,176.758,-38.818, , , , , , ,14.249,1.23,-110.132
 13:50:23.015,eb:33:2e:f9:57:b5, 2015-01-01 00:14:31.995,-0.758,-0.108,1.794,12.512,169.739,-29.785, , , , , , ,14.277,2.12,-110.078
 13:50:23.015,eb:33:2e:f9:57:b5, 2015-01-01 00:14:31.995,-0.814,-0.263,1.871,38.147,145.935,-17.944, , , , , , ,14.42,2.906,-109.995
 13:50:23.019,eb:33:2e:f9:57:b5, 2015-01-01 00:14:31.995,1.423,-0.373,1.99,66.284,121.155,-7.324, , , , , , ,14.7,3.554,-109.885
 13:50:23.019,eb:33:2e:f9:57:b5, 2015-01-01 00:14:31.995,2.181,-1.636,6.632,538.635,186.646,-10.803, , , , , , ,27.614,7.449,-108.265
 13:50:23.019,eb:33:2e:f9:57:b5, 2015-01-01 00:14:31.995,2.903,-1.631,6.522,602.966,243.225,-26.306, , , , , , ,30.558,8.454,-107.82
 13:50:23.019,eb:33:2e:f9:57:b5, 2015-01-01 00:14:31.995,3.489,-1.704,6.33,656.067,315.674,-57.434, , , , , , ,33.827,9.772,-107.238
 13:50:23.019,eb:33:2e:f9:57:b5, 2015-01-01 00:14:31.995,3.929,-1.507,6.125,710.876,397.949,-89.05, , , , , , ,37.408,11.492,-106.479
 13:50:23.019,eb:33:2e:f9:57:b5, 2015-01-01 00:14:31.995,3.121,-1.181,5.919,764.954,458.374,-91.003, , , , , , ,41.353,13.48,-105.419
 13:50:23.019,eb:33:2e:f9:57:b5, 2015-01-01 00:14:31.995,2.971,-0.496,6.375,835.022,479.553,-80.811, , , , , , ,45.709,15.447,-104.057
 13:50:23.019,eb:33:2e:f9:57:b5, 2015-01-01 00:14:31.995,2.539,-1.216,6.542,916.26,422.913,-89.111, , , , , , ,50.537,17.303,-102.629
 13:50:23.021,eb:33:2e:f9:57:b5, 2015-01-01 00:14:31.995,-1.077,-0.533,6.485,946.106,360.291,-90.149, , , , , , ,55.629,18.831,-101.277
 13:50:23.021,eb:33:2e:f9:57:b5, 2015-01-01 00:14:31.995,0.529,2.158,6.008,238.77,553.162,336.609, , , , , , ,84.331,21.747,-90.231
 13:50:23.021,eb:33:2e:f9:57:b5, 2015-01-01 00:14:31.995,0.564,0.535,6.023,180.786,453.857,355.713, , , , , , ,86.276,20.182,-87.468
 13:50:23.021,eb:33:2e:f9:57:b5, 2015-01-01 00:14:31.995,1.522,-0.624,4.428,159.851,374.756,334.412, , , , , , ,87.863,18.556,-85.232
 13:50:23.021,eb:33:2e:f9:57:b5, 2015-01-01 00:14:31.995,1.992,-0.147,4.212,148.132,303.589,277.771, , , , , , ,89.165,17.084,-83.441
 13:50:23.021,eb:33:2e:f9:57:b5, 2015-01-01 00:14:31.995,1.869,0.562,4.722,156.372,240.234,193.665, , , , , , ,90.319,15.947,-82.051
 13:50:23.021,eb:33:2e:f9:57:b5, 2015-01-01 00:14:31.995,1.66,1.129,4.961,179.016,178.101,92.285, , , , , , ,91.401,15.266,-81.03
 13:50:23.021,eb:33:2e:f9:57:b5, 2015-01-01 00:14:31.995,1.578,1.273,5.064,196.472,110.291,-21.729, , , , , , ,92.538,15.117,-80.321
 13:50:23.023,eb:33:2e:f9:57:b5, 2015-01-01 00:14:31.995,1.189,0.86,4.967,196.838,53.345,-136.78, , , , , , ,93.636,15.557,-79.904
 13:50:23.023,eb:33:2e:f9:57:b5, 2015-01-01 00:14:31.995,0.762,0.276,4.419,178.406,10.681,-237.793, , , , , , ,94.636,16.54,-79.689
 13:50:23.023,eb:33:2e:f9:57:b5, 2015-01-01 00:14:31.995,0.465,-0.338,3.962,138.916,-21.118,-316.223, , , , , , ,95.383,17.974,-79.634
 13:50:23.023,eb:33:2e:f9:57:b5, 2015-01-01 00:14:31.995,0.21,-1.082,3.866,83.496,-38.208,-375.61, , , , , , ,95.922,19.753,-79.618
 13:50:23.023,eb:33:2e:f9:57:b5, 2015-01-01 00:14:31.995,0.015,-1.953,3.824,23.315,-43.884,-409.18, , , , , , ,96.158,21.753,-79.612
 13:50:23.023,eb:33:2e:f9:57:b5, 2015-01-01 00:14:31.995,-0.151,-2.853,3.642,-35.034,-40.283,-419.067, , , , , , ,96.108,23.851,-79.596
 13:50:23.023,eb:33:2e:f9:57:b5, 2015-01-01 00:14:31.995,-0.23,-3.722,3.372,-89.783,-28.015,-405.396, , , , , , ,95.724,25.922,-79.59
 13:50:23.023,eb:33:2e:f9:57:b5, 2015-01-01 00:14:31.995,-0.316,-4.402,2.962,-144.043,-6.47,-370.972, , , , , , ,95.164,27.85,-79.47
 13:50:23.128,eb:33:2e:f9:57:b5, 2015-01-01 00:14:31.995,-0.351,-4.759,2.388,-200.684,14.709,-323.792, , , , , , ,94.373,29.564,-79.266
 13:50:23.128,eb:33:2e:f9:57:b5, 2015-01-01 00:14:31.995,-0.233,-4.951,1.66,-262.695,43.945,-262.207, , , , , , ,93.334,30.987,-78.97
 13:50:23.128,eb:33:2e:f9:57:b5, 2015-01-01 00:14:31.995,0.05,-5.001,0.98,-328.247,70.007,-195.129, , , , , , ,91.967,32.091,-78.613
 13:50:23.128,eb:33:2e:f9:57:b5, 2015-01-01 00:14:31.995,0.411,-4.898,0.47,-395.813,87.28,-130.737, , , , , , ,90.396,32.86,-78.113
 13:50:23.128,eb:33:2e:f9:57:b5, 2015-01-01 00:14:31.995,0.854,-4.644,0.122,-458.557,86.914,-76.477, , , , , , ,88.511,33.354,-77.58
 13:50:23.128,eb:33:2e:f9:57:b5, 2015-01-01 00:14:31.995,1.36,-4.217,-0.145,-511.047,65.308,-36.133, , , , , , ,86.298,33.624,-77.141
 13:50:23.128,eb:33:2e:f9:57:b5, 2015-01-01 00:14:31.995,1.915,-3.688,-0.44,-554.688,25.33,-10.254, , , , , , ,83.672,33.75,-76.954
 13:50:23.128,eb:33:2e:f9:57:b5, 2015-01-01 00:14:31.995,2.341,-3.169,-0.724,-591.064,-25.208,3.967, , , , , , ,80.771,33.75,-76.981
 13:50:23.237,eb:33:2e:f9:57:b5, 2015-01-01 00:14:31.995,2.564,-2.767,-0.958,-621.948,-77.82,6.775, , , , , , ,77.542,33.668,-77.305
 13:50:23.237,eb:33:2e:f9:57:b5, 2015-01-01 00:14:31.995,2.572,-2.491,-0.94,-647.4,-132.568,4.822, , , , , , ,73.998,33.503,-77.943
 13:50:23.237,eb:33:2e:f9:57:b5, 2015-01-01 00:14:31.995,2.406,-2.238,-0.468,-673.889,-188.782,-1.038, , , , , , ,70.093,33.245,-78.948
 13:50:23.237,eb:33:2e:f9:57:b5, 2015-01-01 00:14:31.995,2.2,-2.044,0.156,-694.641,-222.961,-6.836, , , , , , ,66.017,32.871,-80.118
 13:50:23.237,eb:33:2e:f9:57:b5, 2015-01-01 00:14:31.995,1.958,-1.834,0.738,-715.759,-243.835,-10.62, , , , , , ,61.787,32.399,-81.403
 13:50:23.237,eb:33:2e:f9:57:b5, 2015-01-01 00:14:31.995,1.82,-1.598,1.245,-735.657,-252.441,-15.625, , , , , , ,57.453,31.822,-82.716
 13:50:23.237,eb:33:2e:f9:57:b5, 2015-01-01 00:14:31.995,1.846,-1.306,1.708,-751.526,-255.005,-22.644, , , , , , ,52.976,31.185,-84.067
 13:50:23.237,eb:33:2e:f9:57:b5, 2015-01-01 00:14:31.995,1.936,-0.929,2.175,-762.634,-252.869,-33.02, , , , , , ,48.538,30.487,-85.314
 13:50:23.243,eb:33:2e:f9:57:b5, 2015-01-01 00:14:31.995,1.962,-0.424,2.552,-766.968,-251.099,-49.377, , , , , , ,44.099,29.778,-86.534
 13:50:23.243,eb:33:2e:f9:57:b5, 2015-01-01 00:14:31.995,2.028,0.169,2.721,-766.357,-253.967,-71.289, , , , , , ,39.655,29.042,-87.77
 13:50:23.243,eb:33:2e:f9:57:b5, 2015-01-01 00:14:31.995,2.007,0.872,2.891,-762.085,-258.179,-100.281, , , , , , ,35.145,28.29,-89.116
 13:50:23.243,eb:33:2e:f9:57:b5, 2015-01-01 00:14:31.995,1.829,1.445,2.895,-747.498,-272.583,-128.052, , , , , , ,30.729,27.488,-90.489
 13:50:23.244,eb:33:2e:f9:57:b5, 2015-01-01 00:14:31.995,1.549,1.877,2.642,-724.06,-301.575,-154.175, , , , , , ,26.384,26.565,-91.978
 13:50:23.244,eb:33:2e:f9:57:b5, 2015-01-01 00:14:31.995,1.334,2.093,2.196,-695.801,-339.355,-167.908, , , , , , ,22.159,25.422,-93.543
 13:50:23.244,eb:33:2e:f9:57:b5, 2015-01-01 00:14:31.995,1.167,2.059,1.96,-667.114,-372.192,-172.729, , , , , , ,18.04,24.016,-95.164
 13:50:23.244,eb:33:2e:f9:57:b5, 2015-01-01 00:14:31.995,0.864,1.859,1.951,-638.184,-395.02,-162.476, , , , , , ,14.211,22.39,-96.625
 13:50:23.397,eb:33:2e:f9:57:b5, 2015-01-01 00:14:31.995,0.264,1.803,2.007,-604.98,-412.048,-143.738, , , , , , ,10.651,20.577,-97.888
 13:50:23.397,eb:33:2e:f9:57:b5, 2015-01-01 00:14:31.995,-0.064,1.683,1.967,-556.763,-432.495,-123.108, , , , , , ,7.416,18.583,-98.932
 13:50:23.397,eb:33:2e:f9:57:b5, 2015-01-01 00:14:31.995,-0.26,1.7,2.05,-502.38,-451.416,-95.886, , , , , , ,4.493,16.414,-99.772
 13:50:23.397,eb:33:2e:f9:57:b5, 2015-01-01 00:14:31.995,-0.46,1.864,2.059,-449.463,-470.276,-63.904, , , , , , ,2,14.123,-100.305
 13:50:23.397,eb:33:2e:f9:57:b5, 2015-01-01 00:14:31.995,-0.632,2.081,2.169,-402.039,-480.225,-35.706, , , , , , ,-0.159,11.739,-100.58
 13:50:23.397,eb:33:2e:f9:57:b5, 2015-01-01 00:14:31.995,-0.721,2.313,2.205,-360.779,-481.323,-15.198, , , , , , ,-2.06,9.333,-100.657
 13:50:23.397,eb:33:2e:f9:57:b5, 2015-01-01 00:14:31.995,-0.81,2.623,2.186,-325.684,-478.943,2.319, , , , , , ,-3.796,6.905,-100.574
 13:50:23.397,eb:33:2e:f9:57:b5, 2015-01-01 00:14:31.995,-0.92,3.04,2.155,-298.584,-478.027,18.677, , , , , , ,-5.312,4.526,-100.322
 13:50:23.444,eb:33:2e:f9:57:b5, 2015-01-01 00:14:31.995,-1.029,3.54,2.261,-279.724,-479.797,31.494, , , , , , ,-6.724,2.159,-99.943
 13:50:23.444,eb:33:2e:f9:57:b5, 2015-01-01 00:14:31.995,-1.239,4.12,2.606,-265.259,-480.53,41.016, , , , , , ,-8.069,-0.192,-99.448
 13:50:23.444,eb:33:2e:f9:57:b5, 2015-01-01 00:14:31.995,-1.538,4.74,3.02,-249.695,-484.314,48.645, , , , , , ,-9.415,-2.565,-98.866
 13:50:23.444,eb:33:2e:f9:57:b5, 2015-01-01 00:14:31.995,-1.778,5.425,3.386,-229.919,-491.272,49.133, , , , , , ,-10.651,-4.927,-98.196
 13:50:23.444,eb:33:2e:f9:57:b5, 2015-01-01 00:14:31.995,-1.989,6.167,3.828,-203.064,-495.361,45.227, , , , , , ,-11.799,-7.306,-97.487
 13:50:23.444,eb:33:2e:f9:57:b5, 2015-01-01 00:14:31.995,-2.195,6.947,4.332,-166.931,-488.098,36.682, , , , , , ,-12.816,-9.662,-96.757
 13:50:23.444,eb:33:2e:f9:57:b5, 2015-01-01 00:14:31.995,-2.353,7.785,4.735,-120.667,-473.267,22.583, , , , , , ,-13.683,-11.986,-96.059
 13:50:23.444,eb:33:2e:f9:57:b5, 2015-01-01 00:14:31.995,-2.457,8.506,5.02,-66.772,-455.017,1.831, , , , , , ,-14.271,-14.216,-95.427
 13:50:23.488,eb:33:2e:f9:57:b5, 2015-01-01 00:14:31.995,-2.483,9.018,5.316,-9.521,-429.749,-26.367, , , , , , ,-14.562,-16.364,-94.938
 13:50:23.489,eb:33:2e:f9:57:b5, 2015-01-01 00:14:31.995,-2.524,9.331,5.747,41.87,-375.671,-61.218, , , , , , ,-14.535,-18.358,-94.653
 13:50:23.489,eb:33:2e:f9:57:b5, 2015-01-01 00:14:31.995,-2.489,9.595,6.027,78.247,-301.025,-103.577, , , , , , ,-14.227,-20.083,-94.653
 13:50:23.489,eb:33:2e:f9:57:b5, 2015-01-01 00:14:31.995,-2.462,9.877,5.998,96.191,-215.332,-155.029, , , , , , ,-13.645,-21.456,-95.026
 13:50:23.489,eb:33:2e:f9:57:b5, 2015-01-01 00:14:31.995,-2.546,10.006,5.644,103.333,-135.254,-212.097, , , , , , ,-12.843,-22.484,-95.817
 13:50:23.490,eb:33:2e:f9:57:b5, 2015-01-01 00:14:31.995,-2.663,9.539,5.125,115.967,-57.8,-284.119, , , , , , ,-11.81,-23.187,-97.064
 13:50:23.490,eb:33:2e:f9:57:b5, 2015-01-01 00:14:31.995,-2.993,8.458,4.729,135.864,-8.667,-336.06, , , , , , ,-10.514,-23.632,-98.729
 13:50:23.490,eb:33:2e:f9:57:b5, 2015-01-01 00:14:31.995,-3.486,6.982,4.169,164.246,28.809,-367.126, , , , , , ,-8.97,-23.857,-100.662
 13:50:23.507,eb:33:2e:f9:57:b5, 2015-01-01 00:14:32.710,-3.975,5.353,3.686,198.12,53.04,-374.39, , , , , , ,-7.218,-23.906,-102.722
 13:50:23.507,eb:33:2e:f9:57:b5, 2015-01-01 00:14:32.710,-4.401,3.653,3.474,233.582,83.923,-359.619, , , , , , ,-5.295,-23.758,-104.76
 13:50:23.507,eb:33:2e:f9:57:b5, 2015-01-01 00:14:32.710,-5.549,1.952,3.308,267.273,120.911,-330.444, , , , , , ,-3.252,-23.357,-106.666
 13:50:23.507,eb:33:2e:f9:57:b5, 2015-01-01 00:14:32.710,0.403,1.246,6.114,294.373,448.853,-348.206, , , , , , ,-1.088,-22.143,-108.408
 13:50:23.508,eb:33:2e:f9:57:b5, 2015-01-01 00:14:32.710,7.319,-0.818,3.4,256.104,107.971,-197.571, , , , , , ,0.906,-20.869,-109.781
 13:50:23.508,eb:33:2e:f9:57:b5, 2015-01-01 00:14:32.710,10.384,1.654,1.347,25.818,461.426,-137.146, , , , , , ,1.824,-19.506,-110.77
 13:50:23.508,eb:33:2e:f9:57:b5, 2015-01-01 00:14:32.710,1.601,4.529,2.959,-183.838,986.328,-146.667, , , , , , ,1.428,-15.364,-111.275
 13:50:23.508,eb:33:2e:f9:57:b5, 2015-01-01 00:14:32.710,-3.097,-0.631,2.288,-158.264,1039.001,-80.322, , , , , , ,0.632,-10.014,-111.852
 13:50:23.510,eb:33:2e:f9:57:b5, 2015-01-01 00:14:32.710,-0.134,-1.444,0.937,15.991,694.336,-31.067, , , , , , ,0.396,-5.79,-112.137
 13:50:23.510,eb:33:2e:f9:57:b5, 2015-01-01 00:14:32.710,-0.063,-0.419,3.538,249.878,11.658,-23.743, , , , , , ,9.256,1.038,-112.95
 13:50:23.510,eb:33:2e:f9:57:b5, 2015-01-01 00:14:32.710,0.655,-0.434,3.989,305.481,33.325,-39.185, , , , , , ,10.684,1.187,-113.099
 13:50:23.510,eb:33:2e:f9:57:b5, 2015-01-01 00:14:32.710,1.082,-0.705,5.285,365.356,63.66,-32.532, , , , , , ,12.382,1.483,-113.22
 13:50:23.510,eb:33:2e:f9:57:b5, 2015-01-01 00:14:32.710,1.096,-0.917,5.732,427.49,93.506,-12.268, , , , , , ,14.387,1.917,-113.214
 13:50:23.510,eb:33:2e:f9:57:b5, 2015-01-01 00:14:32.710,1.459,-0.932,5.858,495.605,114.685,-17.7, , , , , , ,16.738,2.439,-113.143
 13:50:23.510,eb:33:2e:f9:57:b5, 2015-01-01 00:14:32.710,2.249,-1.306,7.053,559.387,159.302,-21.851, , , , , , ,19.413,3.131,-113.027
 13:50:23.510,eb:33:2e:f9:57:b5, 2015-01-01 00:14:32.710,3.41,-1.912,7.879,617.554,238.831,-19.897, , , , , , ,22.401,4.12,-112.764
 13:50:23.511,eb:33:2e:f9:57:b5, 2015-01-01 00:14:32.710,4.121,-2.118,8.312,684.265,328.43,-26.794, , , , , , ,25.73,5.521,-112.269
 13:50:23.511,eb:33:2e:f9:57:b5, 2015-01-01 00:14:32.710,4.214,-1.507,7.898,754.456,440.857,-56.824, , , , , , ,29.427,7.344,-111.55
 13:50:23.511,eb:33:2e:f9:57:b5, 2015-01-01 00:14:32.710,3.976,-2.586,8.118,814.331,557.922,-84.534, , , , , , ,33.53,9.767,-110.539
 13:50:23.511,eb:33:2e:f9:57:b5, 2015-01-01 00:14:32.710,3.9,-0.788,8.782,897.156,647.278,-72.876, , , , , , ,38.15,12.458,-108.984
 13:50:23.511,eb:33:2e:f9:57:b5, 2015-01-01 00:14:32.710,2.814,-0.664,9.278,986.389,682.251,-44.067, , , , , , ,43.385,15.233,-106.957
 13:50:23.511,eb:33:2e:f9:57:b5, 2015-01-01 00:14:32.710,1.576,-0.376,7.693,1060.669,600.708,-16.907, , , , , , ,49.202,17.54,-104.645
 13:50:23.511,eb:33:2e:f9:57:b5, 2015-01-01 00:14:32.710,0.572,0.459,5.649,1088.135,460.815,-13.916, , , , , , ,55.25,19.221,-102.546
 13:50:23.511,eb:33:2e:f9:57:b5, 2015-01-01 00:14:32.710,0.624,1.918,2.499,991.699,247.375,-58.044, , , , , , ,60.947,20.303,-101.146
 13:50:23.513,eb:33:2e:f9:57:b5, 2015-01-01 00:14:32.710,0.333,3.641,-0.744,718.567,120.544,-82.214, , , , , , ,65.325,21.033,-100.563
 13:50:23.513,eb:33:2e:f9:57:b5, 2015-01-01 00:14:32.710,0.015,0.557,0.169,434.998,126.099,-37.292, , , , , , ,68.225,21.561,-100.146
 13:50:23.513,eb:33:2e:f9:57:b5, 2015-01-01 00:14:32.710,-0.482,-5.222,3.136,260.193,303.528,173.035, , , , , , ,70.208,21.594,-98.91
 13:50:23.513,eb:33:2e:f9:57:b5, 2015-01-01 00:14:32.710,-1.924,-2.886,6.067,392.273,524.292,311.89, , , , , , ,72.861,20.94,-96.114
 13:50:23.513,eb:33:2e:f9:57:b5, 2015-01-01 00:14:32.710,0.279,2.026,4.082,419.617,493.408,284.729, , , , , , ,76.124,20.27,-92.95
 13:50:23.513,eb:33:2e:f9:57:b5, 2015-01-01 00:14:32.710,0.266,2.915,5.18,332.581,365.295,335.632, , , , , , ,78.799,19.171,-90.417
 13:50:23.513,eb:33:2e:f9:57:b5, 2015-01-01 00:14:32.710,0.283,1.171,5.441,336.914,247.742,300.354, , , , , , ,81.002,17.897,-88.627
 13:50:23.513,eb:33:2e:f9:57:b5, 2015-01-01 00:14:32.710,0.981,0.981,4.627,347.412,180.115,249.268, , , , , , ,83.09,16.688,-87.369
 13:50:23.620,eb:33:2e:f9:57:b5, 2015-01-01 00:14:32.710,1.544,1.214,5.421,364.868,136.047,173.462, , , , , , ,85.128,15.749,-86.468
 13:50:23.620,eb:33:2e:f9:57:b5, 2015-01-01 00:14:32.710,1.509,1.179,6.676,393.311,115.112,87.524, , , , , , ,87.215,15.183,-85.787
 13:50:23.620,eb:33:2e:f9:57:b5, 2015-01-01 00:14:32.710,1.564,0.959,7.195,423.706,94.666,-10.559, , , , , , ,89.374,15.04,-85.27
 13:50:23.620,eb:33:2e:f9:57:b5, 2015-01-01 00:14:32.710,1.652,0.464,7.375,445.618,66.223,-113.892, , , , , , ,91.67,15.403,-84.858
 13:50:23.620,eb:33:2e:f9:57:b5, 2015-01-01 00:14:32.710,1.617,-0.003,7.162,445.618,40.161,-208.862, , , , , , ,93.994,16.249,-84.545
 13:50:23.620,eb:33:2e:f9:57:b5, 2015-01-01 00:14:32.710,1.494,-0.503,6.811,416.626,25.33,-286.682, , , , , , ,96.229,17.518,-84.265
 13:50:23.621,eb:33:2e:f9:57:b5, 2015-01-01 00:14:32.710,1.351,-1.083,6.468,363.525,21.667,-348.389, , , , , , ,98.207,19.105,-83.963
 13:50:23.621,eb:33:2e:f9:57:b5, 2015-01-01 00:14:32.710,1.281,-1.675,6.219,299.377,26.55,-394.104, , , , , , ,99.987,20.951,-83.518
 13:50:23.666,eb:33:2e:f9:57:b5, 2015-01-01 00:14:32.710,1.265,-2.198,5.952,234.985,37.537,-419.861, , , , , , ,101.514,22.939,-82.919
 13:50:23.666,eb:33:2e:f9:57:b5, 2015-01-01 00:14:32.710,1.218,-2.637,5.706,174.927,55.176,-430.664, , , , , , ,102.81,24.983,-82.167
 13:50:23.666,eb:33:2e:f9:57:b5, 2015-01-01 00:14:32.710,1.051,-3.066,5.431,124.146,71.533,-421.936, , , , , , ,103.854,26.977,-81.304
 13:50:23.666,eb:33:2e:f9:57:b5, 2015-01-01 00:14:32.710,0.971,-3.454,5.163,84.778,81.299,-405.334, , , , , , ,104.821,28.883,-80.305
 13:50:23.666,eb:33:2e:f9:57:b5, 2015-01-01 00:14:32.710,0.965,-3.775,4.883,52.551,93.018,-374.878, , , , , , ,105.683,30.641,-79.217
 13:50:23.666,eb:33:2e:f9:57:b5, 2015-01-01 00:14:32.710,0.986,-4.04,4.586,25.574,104.919,-333.801, , , , , , ,106.458,32.184,-78.085
 13:50:23.667,eb:33:2e:f9:57:b5, 2015-01-01 00:14:32.710,0.992,-4.317,4.231,1.892,117.798,-284.79, , , , , , ,107.062,33.486,-76.981
 13:50:23.667,eb:33:2e:f9:57:b5, 2015-01-01 00:14:32.710,0.989,-4.6,3.716,-20.203,123.352,-228.149, , , , , , ,107.65,34.503,-75.828
 13:50:23.667,eb:33:2e:f9:57:b5, 2015-01-01 00:14:32.710,0.994,-4.859,3.096,-43.884,121.704,-167.236, , , , , , ,108.1,35.233,-74.74
 13:50:23.667,eb:33:2e:f9:57:b5, 2015-01-01 00:14:32.710,1.036,-5.125,2.207,-74.768,103.516,-100.403, , , , , , ,108.309,35.667,-73.839
 13:50:23.667,eb:33:2e:f9:57:b5, 2015-01-01 00:14:32.710,1.277,-5.46,0.839,-123.962,83.74,-19.653, , , , , , ,108.089,35.782,-73.262
 13:50:23.667,eb:33:2e:f9:57:b5, 2015-01-01 00:14:32.710,1.943,-5.68,-0.698,-202.393,63.416,69.519, , , , , , ,107.452,35.519,-72.905
 13:50:23.667,eb:33:2e:f9:57:b5, 2015-01-01 00:14:32.710,2.611,-5.46,-1.91,-328.247,52.612,149.597, , , , , , ,106.155,34.865,-72.768
 13:50:23.667,eb:33:2e:f9:57:b5, 2015-01-01 00:14:32.710,2.885,-4.866,-1.871,-430.969,22.766,186.584, , , , , , ,104.172,33.975,-72.823
 13:50:23.667,eb:33:2e:f9:57:b5, 2015-01-01 00:14:32.710,3.076,-4.145,-1.517,-516.602,-33.813,194.458, , , , , , ,101.503,33.058,-73.202
 13:50:23.667,eb:33:2e:f9:57:b5, 2015-01-01 00:14:32.710,3.212,-3.458,-1.266,-584.229,-104.492,187.134, , , , , , ,98.366,32.184,-73.839
 13:50:23.669,eb:33:2e:f9:57:b5, 2015-01-01 00:14:32.710,3.296,-2.841,-0.932,-643.005,-161.072,157.104, , , , , , ,94.774,31.421,-74.767
 13:50:23.669,eb:33:2e:f9:57:b5, 2015-01-01 00:14:32.710,3.067,-2.447,-0.49,-693.115,-205.322,129.15, , , , , , ,90.813,30.762,-75.916
 13:50:23.669,eb:33:2e:f9:57:b5, 2015-01-01 00:14:32.710,2.821,-2.186,0.201,-734.558,-236.45,97.229, , , , , , ,86.49,30.196,-77.261
 13:50:23.669,eb:33:2e:f9:57:b5, 2015-01-01 00:14:32.710,2.529,-1.957,0.955,-768.677,-255.31,62.805, , , , , , ,82.024,29.691,-78.64
 13:50:23.669,eb:33:2e:f9:57:b5, 2015-01-01 00:14:32.710,2.204,-1.728,1.628,-797.424,-268.799,33.936, , , , , , ,77.382,29.24,-80.079
 13:50:23.669,eb:33:2e:f9:57:b5, 2015-01-01 00:14:32.710,2.022,-1.482,2.22,-830.322,-274.719,6.592, , , , , , ,72.576,28.801,-81.568
 13:50:23.669,eb:33:2e:f9:57:b5, 2015-01-01 00:14:32.710,1.92,-1.222,2.692,-860.291,-275.391,-16.724, , , , , , ,67.544,28.367,-83.112
 13:50:23.669,eb:33:2e:f9:57:b5, 2015-01-01 00:14:32.710,1.977,-0.843,3.092,-886.658,-268.188,-45.227, , , , , , ,62.468,27.944,-84.584
 13:50:23.801,eb:33:2e:f9:57:b5, 2015-01-01 00:14:32.710,1.983,-0.389,3.41,-907.776,-261.658,-78.674, , , , , , ,57.277,27.565,-86.056
 13:50:23.801,eb:33:2e:f9:57:b5, 2015-01-01 00:14:32.710,1.928,0.076,3.649,-916.87,-263.123,-116.333, , , , , , ,52.004,27.219,-87.589
 13:50:23.801,eb:33:2e:f9:57:b5, 2015-01-01 00:14:32.710,1.697,0.563,3.736,-913.025,-276.001,-155.029, , , , , , ,46.593,26.851,-89.308
 13:50:23.801,eb:33:2e:f9:57:b5, 2015-01-01 00:14:32.710,1.293,1.005,3.717,-897.339,-299.988,-189.148, , , , , , ,41.243,26.422,-91.143
 13:50:23.801,eb:33:2e:f9:57:b5, 2015-01-01 00:14:32.710,0.937,1.2,3.583,-867.065,-336.914,-210.999, , , , , , ,35.964,25.796,-93.142
 13:50:23.801,eb:33:2e:f9:57:b5, 2015-01-01 00:14:32.710,0.74,1.243,3.511,-827.271,-370.422,-220.764, , , , , , ,30.85,24.906,-95.235
 13:50:23.802,eb:33:2e:f9:57:b5, 2015-01-01 00:14:32.710,0.45,1.061,3.411,-785.278,-398.071,-215.454, , , , , , ,25.911,23.692,-97.355
 13:50:23.802,eb:33:2e:f9:57:b5, 2015-01-01 00:14:32.710,0.154,0.848,3.299,-741.638,-416.687,-198.547, , , , , , ,21.363,22.231,-99.272
 13:50:23.802,eb:33:2e:f9:57:b5, 2015-01-01 00:14:32.710,-0.066,0.651,3.21,-692.81,-429.565,-171.753, , , , , , ,17.188,20.522,-100.953
 13:50:23.802,eb:33:2e:f9:57:b5, 2015-01-01 00:14:32.710,-0.265,0.654,3.173,-643.127,-437.439,-137.329, , , , , , ,13.409,18.627,-102.338
 13:50:23.802,eb:33:2e:f9:57:b5, 2015-01-01 00:14:32.710,-0.33,0.77,3.165,-596.252,-442.017,-100.586, , , , , , ,9.943,16.551,-103.436
 13:50:23.802,eb:33:2e:f9:57:b5, 2015-01-01 00:14:32.710,-0.312,0.935,3.197,-554.077,-440.796,-65.613, , , , , , ,6.894,14.425,-104.178
 13:50:23.802,eb:33:2e:f9:57:b5, 2015-01-01 00:14:32.710,-0.288,1.106,3.108,-517.456,-437.927,-34.912, , , , , , ,4.125,12.266,-104.639
 13:50:23.802,eb:33:2e:f9:57:b5, 2015-01-01 00:14:32.710,-0.301,1.319,2.781,-482.483,-446.167,-3.418, , , , , , ,1.609,10.063,-104.832
 13:50:23.802,eb:33:2e:f9:57:b5, 2015-01-01 00:14:32.710,-0.357,1.598,2.415,-451.477,-468.018,25.574, , , , , , ,-0.758,7.729,-104.804
 13:50:23.802,eb:33:2e:f9:57:b5, 2015-01-01 00:14:32.710,-0.341,1.978,2.256,-423.279,-498.901,45.532, , , , , , ,-2.9,5.306,-104.535
 13:50:23.805,eb:33:2e:f9:57:b5, 2015-01-01 00:14:32.710,-0.387,2.444,2.341,-395.996,-538.33,60.73, , , , , , ,-4.9,2.719,-104.079
 13:50:23.805,eb:33:2e:f9:57:b5, 2015-01-01 00:14:32.710,-0.466,2.988,2.576,-371.704,-583.435,71.289, , , , , , ,-6.795,-0.049,-103.458
 13:50:23.805,eb:33:2e:f9:57:b5, 2015-01-01 00:14:32.710,-0.518,3.54,2.882,-352.356,-622.192,78.247, , , , , , ,-8.674,-3.038,-102.695
 13:50:23.805,eb:33:2e:f9:57:b5, 2015-01-01 00:14:32.710,-0.695,4.042,3.264,-335.938,-653.076,87.28, , , , , , ,-10.459,-6.13,-101.744
 13:50:23.806,eb:33:2e:f9:57:b5, 2015-01-01 00:14:32.710,-0.925,4.549,3.855,-320.374,-670.654,94.36, , , , , , ,-12.244,-9.294,-100.635
 13:50:23.806,eb:33:2e:f9:57:b5, 2015-01-01 00:14:32.710,-1.333,5.145,4.678,-301.636,-668.823,102.539, , , , , , ,-14.03,-12.453,-99.366
 13:50:23.806,eb:33:2e:f9:57:b5, 2015-01-01 00:14:32.710,-1.905,5.9,5.521,-274.597,-652.283,106.567, , , , , , ,-15.853,-15.535,-97.971
 13:50:23.806,eb:33:2e:f9:57:b5, 2015-01-01 00:14:32.710,-2.332,6.976,6.447,-228.821,-614.319,104.004, , , , , , ,-17.529,-18.413,-96.493
 13:50:23.823,eb:33:2e:f9:57:b5, 2015-01-01 00:14:32.710,-2.683,7.822,7.138,-183.899,-559.204,89.966, , , , , , ,-19.034,-21.028,-95.037
 13:50:23.823,eb:33:2e:f9:57:b5, 2015-01-01 00:14:32.710,-3.017,8.568,7.538,-138.916,-480.774,62.5, , , , , , ,-20.308,-23.318,-93.724
 13:50:23.823,eb:33:2e:f9:57:b5, 2015-01-01 00:14:32.710,-3.108,9.372,7.518,-98.328,-380.615,20.203, , , , , , ,-21.341,-25.241,-92.697
 13:50:23.823,eb:33:2e:f9:57:b5, 2015-01-01 00:14:32.710,-2.959,10.063,7.41,-62.805,-275.94,-39.917, , , , , , ,-21.973,-26.746,-92.12
 13:50:23.823,eb:33:2e:f9:57:b5, 2015-01-01 00:14:32.710,-2.751,10.583,7.061,-35.461,-173.889,-113.892, , , , , , ,-22.209,-27.894,-92.115
 13:50:23.823,eb:33:2e:f9:57:b5, 2015-01-01 00:14:32.710,-2.684,10.922,6.412,-13.733,-89.417,-195.251, , , , , , ,-22.033,-28.762,-92.708
 13:50:23.823,eb:33:2e:f9:57:b5, 2015-01-01 00:14:32.710,-2.848,10.67,5.708,10.193,-29.602,-274.414, , , , , , ,-21.467,-29.465,-93.895
 13:50:23.823,eb:33:2e:f9:57:b5, 2015-01-01 00:14:32.710,-3.213,9.583,5.074,38.696,9.216,-336.06, , , , , , ,-20.5,-30.048,-95.57
 13:50:23.913,eb:33:2e:f9:57:b5, 2015-01-01 00:14:32.710,-3.782,7.853,4.619,71.106,35.522,-368.835, , , , , , ,-19.199,-30.536,-97.581
 13:50:23.913,eb:33:2e:f9:57:b5, 2015-01-01 00:14:32.710,-4.305,5.88,4.334,105.225,63.782,-365.601, , , , , , ,-17.65,-30.872,-99.712
 13:50:23.913,eb:33:2e:f9:57:b5, 2015-01-01 00:14:32.710,-4.666,3.973,4.219,143.433,85.876,-334.656, , , , , , ,-15.936,-30.998,-101.799
 13:50:23.913,eb:33:2e:f9:57:b5, 2015-01-01 00:14:32.710,-4.593,2.357,4.126,182.922,128.113,-292.358, , , , , , ,-14.106,-30.872,-103.727
 13:50:23.913,eb:33:2e:f9:57:b5, 2015-01-01 00:14:32.710,-1.02,0.917,3.579,226.379,172.729,-224.121, , , , , , ,-12.228,-30.399,-105.364
 13:50:23.913,eb:33:2e:f9:57:b5, 2015-01-01 00:14:32.710,-5.217,5.051,9.642,545.044,587.036,-410.767, , , , , , ,-9.053,-28.477,-107.661
 13:50:23.913,eb:33:2e:f9:57:b5, 2015-01-01 00:14:32.710,9.648,2.858,3.891,677.002,511.353,-415.161, , , , , , ,-4.455,-26.411,-109.951
 13:50:23.913,eb:33:2e:f9:57:b5, 2015-01-01 00:14:32.710,10.003,7.111,5.451,205.261,1347.29,-343.079, , , , , , ,-1.582,-21.78,-112.05
 13:50:23.915,eb:33:2e:f9:57:b5, 2015-01-01 00:14:32.710,-1.154,6.743,3.435,-110.962,1428.406,-439.27, , , , , , ,-0.846,-14.496,-114.527
 13:50:23.916,eb:33:2e:f9:57:b5, 2015-01-01 00:14:32.710,-4.798,-2.773,-0.443,-90.332,1124.39,-211.426, , , , , , ,-1.093,-8.223,-116.202
 13:50:23.916,eb:33:2e:f9:57:b5, 2015-01-01 00:14:32.710,-5.588,-3.117,-0.997,-28.015,712.524,106.689, , , , , , ,-1.187,-3.878,-116.461
 13:50:23.916,eb:33:2e:f9:57:b5, 2015-01-01 00:14:32.710,-4.309,1.898,-3.516,31.006,381.531,60.303, , , , , , ,-1.269,-1.274,-115.867
 13:50:23.916,eb:33:2e:f9:57:b5, 2015-01-01 00:14:32.710,-3.034,-1.778,-0.046,88.379,228.088,-26.184, , , , , , ,-0.934,0.214,-116.142
 13:50:23.916,eb:33:2e:f9:57:b5, 2015-01-01 00:14:32.710,-0.233,-1.485,-0.799,110.962,50.903,132.568, , , , , , ,-0.401,0.681,-115.697
 13:50:23.916,eb:33:2e:f9:57:b5, 2015-01-01 00:14:32.710,-0.048,-0.864,1.666,124.939,82.764,113.708, , , , , , ,0.192,1.148,-115.093
 13:50:23.916,eb:33:2e:f9:57:b5, 2015-01-01 00:14:32.710,0.706,1.282,0.335,121.643,69.824,29.907, , , , , , ,0.857,1.456,-114.747
 13:50:23.960,eb:33:2e:f9:57:b5, 2015-01-01 00:14:32.710,0.116,0.818,1.08,89.172,116.76,23.01, , , , , , ,1.357,1.945,-114.659
 13:50:23.960,eb:33:2e:f9:57:b5, 2015-01-01 00:14:32.710,-0.785,0.206,1.614,92.224,138.184,7.874, , , , , , ,1.802,2.637,-114.543
 13:50:23.960,eb:33:2e:f9:57:b5, 2015-01-01 00:14:32.710,-1.469,-0.052,0.128,91.003,91.37,3.723, , , , , , ,2.285,3.208,-114.521
 13:50:23.960,eb:33:2e:f9:57:b5, 2015-01-01 00:14:32.710,0.979,-0.275,0.399,77.698,58.96,37.415, , , , , , ,2.708,3.549,-114.384
 13:50:23.960,eb:33:2e:f9:57:b5, 2015-01-01 00:14:32.710,1.399,0.648,1.86,78.125,86.548,19.47, , , , , , ,3.098,3.895,-114.208
 13:50:23.960,eb:33:2e:f9:57:b5, 2015-01-01 00:14:32.710,-0.183,0.476,1.925,89.539,116.333,-7.812, , , , , , ,3.527,4.438,-114.175
 13:50:23.960,eb:33:2e:f9:57:b5, 2015-01-01 00:14:32.710,-2.17,0.008,1.102,98.755,100.769,-12.695, , , , , , ,4.016,4.999,-114.197
 13:50:23.961,eb:33:2e:f9:57:b5, 2015-01-01 00:14:32.710,-2.333,-0.772,0.714,110.107,26.794,22.278, , , , , , ,4.548,5.312,-114.148
 13:50:24.003,eb:33:2e:f9:57:b5, 2015-01-01 00:14:33.400,-1.113,-0.81,0.787,121.155,-34.546,46.814, , , , , , ,5.153,5.235,-113.961
 13:50:24.003,eb:33:2e:f9:57:b5, 2015-01-01 00:14:33.400,-0.102,-0.285,1.761,142.09,-64.209,48.401, , , , , , ,5.834,4.911,-113.741
 13:50:24.003,eb:33:2e:f9:57:b5, 2015-01-01 00:14:33.400,-0.263,-0.185,3.164,178.284,-59.57,45.166, , , , , , ,6.68,4.603,-113.549
 13:50:24.003,eb:33:2e:f9:57:b5, 2015-01-01 00:14:33.400,-0.564,-0.396,3.894,245.544,-72.327,28.809, , , , , , ,7.762,4.246,-113.406
 13:50:24.003,eb:33:2e:f9:57:b5, 2015-01-01 00:14:33.400,0.084,-0.511,4.399,325.378,-86.121,-5.31, , , , , , ,9.223,3.834,-113.423
 13:50:24.003,eb:33:2e:f9:57:b5, 2015-01-01 00:14:33.400,0.865,-0.616,6.208,409.058,-51.636,-33.63, , , , , , ,11.091,3.516,-113.626
 13:50:24.003,eb:33:2e:f9:57:b5, 2015-01-01 00:14:33.400,1.206,-1.734,8.287,502.991,19.714,-5.615, , , , , , ,13.414,3.488,-113.714
 13:50:24.004,eb:33:2e:f9:57:b5, 2015-01-01 00:14:33.400,2.287,-2.013,8.936,588.318,100.098,-6.836, , , , , , ,16.199,3.829,-113.681
 13:50:24.115,eb:33:2e:f9:57:b5, 2015-01-01 00:14:33.400,3.029,-2.298,9.484,667.786,189.209,-0.732, , , , , , ,19.391,4.57,-113.456
 13:50:24.115,eb:33:2e:f9:57:b5, 2015-01-01 00:14:33.400,3.583,-2.283,9.89,746.704,257.507,-17.456, , , , , , ,23.011,5.702,-113.055
 13:50:24.115,eb:33:2e:f9:57:b5, 2015-01-01 00:14:33.400,3.461,-2.42,10.282,840.271,377.136,-36.499, , , , , , ,27.065,7.202,-112.5
 13:50:24.115,eb:33:2e:f9:57:b5, 2015-01-01 00:14:33.400,3.685,-2.702,11.924,941.772,636.169,-1.77, , , , , , ,31.767,9.481,-111.297
 13:50:24.115,eb:33:2e:f9:57:b5, 2015-01-01 00:14:33.400,3.888,-1.82,12.202,1027.527,843.75,45.837, , , , , , ,37.161,12.574,-108.99
 13:50:24.115,eb:33:2e:f9:57:b5, 2015-01-01 00:14:33.400,1.854,-0.599,10.402,1121.399,852.783,98.389, , , , , , ,43.369,15.639,-105.776
 13:50:24.116,eb:33:2e:f9:57:b5, 2015-01-01 00:14:33.400,2.022,0.806,6.566,1195.74,641.785,89.966, , , , , , ,50.147,17.726,-102.651
 13:50:24.116,eb:33:2e:f9:57:b5, 2015-01-01 00:14:33.400,1.802,2.771,3.043,1030.396,275.391,42.175, , , , , , ,56.398,18.907,-100.591
 13:50:24.118,eb:33:2e:f9:57:b5, 2015-01-01 00:14:33.400,0.884,3.452,-1.355,690.552,56.58,-3.54, , , , , , ,60.732,19.27,-99.954
 13:50:24.118,eb:33:2e:f9:57:b5, 2015-01-01 00:14:33.400,0.561,-0.839,0.723,387.573,73.914,52.917, , , , , , ,63.287,19.369,-99.662
 13:50:24.118,eb:33:2e:f9:57:b5, 2015-01-01 00:14:33.400,-1.557,-5.334,6.834,349.426,326.355,257.812, , , , , , ,65.396,19.1,-98.267
 13:50:24.118,eb:33:2e:f9:57:b5, 2015-01-01 00:14:33.400,-1.062,-0.936,8.92,514.648,560.608,327.026, , , , , , ,68.621,18.583,-95.306
 13:50:24.118,eb:33:2e:f9:57:b5, 2015-01-01 00:14:33.400,0.301,2.329,8.329,519.47,532.043,349.426, , , , , , ,72.35,17.908,-91.901
 13:50:24.118,eb:33:2e:f9:57:b5, 2015-01-01 00:14:33.400,0.595,0.928,8.936,480.469,428.284,353.149, , , , , , ,75.652,16.842,-89.017
 13:50:24.118,eb:33:2e:f9:57:b5, 2015-01-01 00:14:33.400,1.113,-0.579,6.951,497.07,305.786,337.158, , , , , , ,78.695,15.518,-86.841
 13:50:24.118,eb:33:2e:f9:57:b5, 2015-01-01 00:14:33.400,1.639,-0.101,6.014,500.549,228.21,266.235, , , , , , ,81.595,14.293,-85.259
 13:50:24.118,eb:33:2e:f9:57:b5, 2015-01-01 00:14:33.400,1.752,0.051,6.958,506.592,170.715,178.04, , , , , , ,84.38,13.343,-84.133
 13:50:24.118,eb:33:2e:f9:57:b5, 2015-01-01 00:14:33.400,1.841,0.116,7.849,519.226,129.944,73.73, , , , , , ,87.133,12.821,-83.342
 13:50:24.118,eb:33:2e:f9:57:b5, 2015-01-01 00:14:33.400,2.187,-0.096,8.599,525.757,99.731,-41.809, , , , , , ,89.824,12.81,-82.793
 13:50:24.118,eb:33:2e:f9:57:b5, 2015-01-01 00:14:33.400,2.231,-0.524,8.867,517.334,91.309,-158.142, , , , , , ,92.549,13.365,-82.299
 13:50:24.118,eb:33:2e:f9:57:b5, 2015-01-01 00:14:33.400,2.041,-1.019,8.646,485.962,100.22,-263.367, , , , , , ,95.191,14.442,-81.722
 13:50:24.118,eb:33:2e:f9:57:b5, 2015-01-01 00:14:33.400,1.863,-1.525,8.189,436.218,112.793,-349.854, , , , , , ,97.668,15.952,-80.98
 13:50:24.118,eb:33:2e:f9:57:b5, 2015-01-01 00:14:33.400,1.718,-2.03,7.771,378.052,121.765,-418.823, , , , , , ,99.877,17.803,-80.085
 13:50:24.118,eb:33:2e:f9:57:b5, 2015-01-01 00:14:33.400,1.756,-2.547,7.273,321.045,123.352,-468.14, , , , , , ,101.948,19.891,-78.992
 13:50:24.165,eb:33:2e:f9:57:b5, 2015-01-01 00:14:33.400,1.693,-3.104,6.876,266.968,121.887,-496.277, , , , , , ,103.832,22.126,-77.756
 13:50:24.165,eb:33:2e:f9:57:b5, 2015-01-01 00:14:33.400,1.658,-3.706,6.457,217.224,119.202,-513.123, , , , , , ,105.546,24.434,-76.421
 13:50:24.165,eb:33:2e:f9:57:b5, 2015-01-01 00:14:33.400,1.569,-4.312,6.032,171.875,121.033,-508.118, , , , , , ,107.029,26.724,-75.031
 13:50:24.165,eb:33:2e:f9:57:b5, 2015-01-01 00:14:33.400,1.494,-4.847,5.495,128.174,122.437,-481.323, , , , , , ,108.457,28.894,-73.526
 13:50:24.165,eb:33:2e:f9:57:b5, 2015-01-01 00:14:33.400,1.396,-5.244,4.863,83.252,121.216,-438.171, , , , , , ,109.726,30.85,-71.993
 13:50:24.165,eb:33:2e:f9:57:b5, 2015-01-01 00:14:33.400,1.145,-5.655,4.098,35.4,114.563,-382.751, , , , , , ,110.781,32.552,-70.516
 13:50:24.165,eb:33:2e:f9:57:b5, 2015-01-01 00:14:33.400,1.113,-6.318,2.561,-35.278,98.145,-286.011, , , , , , ,111.368,33.92,-69.285
 13:50:24.165,eb:33:2e:f9:57:b5, 2015-01-01 00:14:33.400,1.244,-6.926,0.984,-116.76,96.069,-183.594, , , , , , ,111.55,34.794,-68.242
 13:50:24.205,eb:33:2e:f9:57:b5, 2015-01-01 00:14:33.400,1.697,-7.384,-0.39,-221.985,109.253,-73.303, , , , , , ,111.143,35.151,-67.39
 13:50:24.205,eb:33:2e:f9:57:b5, 2015-01-01 00:14:33.400,2.094,-7.154,-0.813,-330.017,112.305,22.217, , , , , , ,110.094,35.013,-66.714
 13:50:24.205,eb:33:2e:f9:57:b5, 2015-01-01 00:14:33.400,2.535,-6.425,-0.672,-418.274,79.163,91.797, , , , , , ,108.314,34.568,-66.368
 13:50:24.205,eb:33:2e:f9:57:b5, 2015-01-01 00:14:33.400,3.234,-5.607,-0.854,-487.305,21.179,140.198, , , , , , ,106.04,33.915,-66.324
 13:50:24.205,eb:33:2e:f9:57:b5, 2015-01-01 00:14:33.400,3.829,-4.726,-1.203,-544.617,-42.603,158.875, , , , , , ,103.244,33.195,-66.643
 13:50:24.205,eb:33:2e:f9:57:b5, 2015-01-01 00:14:33.400,4.033,-3.858,-1.425,-592.407,-108.704,150.635, , , , , , ,100.014,32.52,-67.302
 13:50:24.205,eb:33:2e:f9:57:b5, 2015-01-01 00:14:33.400,3.941,-3.176,-1.266,-628.052,-177.551,125.427, , , , , , ,96.328,31.97,-68.362
 13:50:24.205,eb:33:2e:f9:57:b5, 2015-01-01 00:14:33.400,3.733,-2.67,-0.693,-656.433,-239.563,89.966, , , , , , ,92.411,31.531,-69.67
 13:50:24.228,eb:33:2e:f9:57:b5, 2015-01-01 00:14:33.400,3.438,-2.261,0.087,-682.556,-290.039,49.316, , , , , , ,88.226,31.212,-71.252
 13:50:24.228,eb:33:2e:f9:57:b5, 2015-01-01 00:14:33.400,3.07,-1.925,0.892,-710.754,-321.716,3.357, , , , , , ,83.804,30.992,-73.054
 13:50:24.228,eb:33:2e:f9:57:b5, 2015-01-01 00:14:33.400,2.679,-1.77,1.562,-742.249,-343.445,-37.231, , , , , , ,79.069,30.855,-75.075
 13:50:24.228,eb:33:2e:f9:57:b5, 2015-01-01 00:14:33.400,2.376,-1.705,2.199,-778.015,-355.103,-75.684, , , , , , ,74.191,30.751,-77.146
 13:50:24.228,eb:33:2e:f9:57:b5, 2015-01-01 00:14:33.400,2.211,-1.674,2.741,-815.308,-360.352,-108.398, , , , , , ,69.088,30.641,-79.294
 13:50:24.228,eb:33:2e:f9:57:b5, 2015-01-01 00:14:33.400,2.059,-1.589,3.197,-853.821,-362.976,-141.296, , , , , , ,63.765,30.504,-81.519
 13:50:24.228,eb:33:2e:f9:57:b5, 2015-01-01 00:14:33.400,2.126,-1.441,3.565,-885.925,-365.906,-173.096, , , , , , ,58.14,30.311,-83.892
 13:50:24.228,eb:33:2e:f9:57:b5, 2015-01-01 00:14:33.400,2.002,-1.146,3.952,-908.875,-371.582,-207.275, , , , , , ,52.432,30.059,-86.287
 13:50:24.295,eb:33:2e:f9:57:b5, 2015-01-01 00:14:33.400,1.786,-0.872,4.066,-917.114,-389.954,-234.375, , , , , , ,46.609,29.669,-88.797
 13:50:24.295,eb:33:2e:f9:57:b5, 2015-01-01 00:14:33.400,1.384,-0.652,4.181,-912.781,-413.94,-251.343, , , , , , ,40.748,29.053,-91.412
 13:50:24.295,eb:33:2e:f9:57:b5, 2015-01-01 00:14:33.400,1.019,-0.559,4.343,-890.808,-449.158,-254.272, , , , , , ,34.876,28.092,-94.142
 13:50:24.295,eb:33:2e:f9:57:b5, 2015-01-01 00:14:33.400,0.716,-0.462,4.489,-855.835,-484.375,-242.737, , , , , , ,29.328,26.757,-96.735
 13:50:24.295,eb:33:2e:f9:57:b5, 2015-01-01 00:14:33.400,0.195,-0.423,4.454,-815.796,-509.644,-218.506, , , , , , ,24.126,25.038,-99.113
 13:50:24.295,eb:33:2e:f9:57:b5, 2015-01-01 00:14:33.400,-0.125,-0.544,4.108,-768.738,-536.987,-183.838, , , , , , ,19.341,22.961,-101.19
 13:50:24.295,eb:33:2e:f9:57:b5, 2015-01-01 00:14:33.400,-0.265,-0.708,3.717,-717.834,-554.749,-138.184, , , , , , ,14.941,20.533,-102.925
 13:50:24.295,eb:33:2e:f9:57:b5, 2015-01-01 00:14:33.400,-0.329,-0.547,3.516,-678.345,-562.805,-88.257, , , , , , ,11.069,17.93,-104.15
 13:50:24.319,eb:33:2e:f9:57:b5, 2015-01-01 00:14:33.690,-0.453,-0.216,3.677,-648.193,-559.448,-45.532, , , , , , ,7.548,15.205,-104.941
 13:50:24.319,eb:33:2e:f9:57:b5, 2015-01-01 00:14:33.690,-0.544,0.156,3.952,-624.573,-541.687,-15.93, , , , , , ,4.274,12.491,-105.37
 13:50:24.319,eb:33:2e:f9:57:b5, 2015-01-01 00:14:33.690,-0.788,0.497,3.929,-604.614,-533.081,14.648, , , , , , ,1.11,9.767,-105.529
 13:50:24.319,eb:33:2e:f9:57:b5, 2015-01-01 00:14:33.690,-0.956,0.956,3.837,-589.294,-525.024,32.959, , , , , , ,-1.84,7.125,-105.37
 13:50:24.319,eb:33:2e:f9:57:b5, 2015-01-01 00:14:33.690,-1.087,1.482,3.757,-574.463,-529.907,47.852, , , , , , ,-4.708,4.504,-105.013
 13:50:24.319,eb:33:2e:f9:57:b5, 2015-01-01 00:14:33.690,-1.252,2.115,3.951,-559.326,-544.373,58.105, , , , , , ,-7.504,1.857,-104.458
 13:50:24.319,eb:33:2e:f9:57:b5, 2015-01-01 00:14:33.690,-1.37,2.922,4.521,-542.969,-558.167,62.073, , , , , , ,-10.322,-0.868,-103.749
 13:50:24.319,eb:33:2e:f9:57:b5, 2015-01-01 00:14:33.690,-1.549,3.821,5.292,-525.269,-574.402,64.819, , , , , , ,-13.019,-3.582,-102.865
 13:50:24.364,eb:33:2e:f9:57:b5, 2015-01-01 00:14:33.690,-2.042,4.823,6.157,-503.174,-590.271,70.984, , , , , , ,-15.672,-6.328,-101.805
 13:50:24.364,eb:33:2e:f9:57:b5, 2015-01-01 00:14:33.690,-2.545,6.207,7.305,-464.111,-594.116,75.256, , , , , , ,-18.248,-9.064,-100.574
 13:50:24.364,eb:33:2e:f9:57:b5, 2015-01-01 00:14:33.690,-3.048,7.49,8.343,-414.734,-567.566,72.144, , , , , , ,-20.737,-11.717,-99.24
 13:50:24.364,eb:33:2e:f9:57:b5, 2015-01-01 00:14:33.690,-3.365,8.875,9.362,-349.487,-505.615,57.434, , , , , , ,-22.917,-14.073,-97.916
 13:50:24.364,eb:33:2e:f9:57:b5, 2015-01-01 00:14:33.690,-3.617,10.221,9.891,-272.522,-418.335,34.607, , , , , , ,-24.736,-16.068,-96.762
 13:50:24.364,eb:33:2e:f9:57:b5, 2015-01-01 00:14:33.690,-3.802,11.265,9.67,-189.758,-334.167,2.197, , , , , , ,-26.115,-17.688,-95.861
 13:50:24.364,eb:33:2e:f9:57:b5, 2015-01-01 00:14:33.690,-3.738,11.857,8.849,-104.919,-261.292,-47.302, , , , , , ,-27.026,-19.061,-95.301
 13:50:24.364,eb:33:2e:f9:57:b5, 2015-01-01 00:14:33.690,-3.525,12.099,7.814,-28.625,-197.388,-103.088, , , , , , ,-27.367,-20.237,-95.142
 13:50:24.430,eb:33:2e:f9:57:b5, 2015-01-01 00:14:33.690,-3.475,12.37,6.811,32.776,-147.156,-159.546, , , , , , ,-27.235,-21.286,-95.394
 13:50:24.430,eb:33:2e:f9:57:b5, 2015-01-01 00:14:33.690,-3.559,12.093,5.877,86.182,-116.272,-212.952, , , , , , ,-26.68,-22.291,-96.004
 13:50:24.430,eb:33:2e:f9:57:b5, 2015-01-01 00:14:33.690,-3.722,10.811,5.194,132.996,-88.135,-254.822, , , , , , ,-25.757,-23.28,-96.938
 13:50:24.430,eb:33:2e:f9:57:b5, 2015-01-01 00:14:33.690,-4.112,9,4.649,171.753,-53.955,-267.029, , , , , , ,-24.505,-24.153,-98.091
 13:50:24.430,eb:33:2e:f9:57:b5, 2015-01-01 00:14:33.690,-4.385,7.286,4.348,205.261,-10.925,-257.751, , , , , , ,-23.022,-24.813,-99.355
 13:50:24.430,eb:33:2e:f9:57:b5, 2015-01-01 00:14:33.690,-6.337,5.72,4.234,242.126,40.71,-235.046, , , , , , ,-21.341,-25.186,-100.646
 13:50:24.430,eb:33:2e:f9:57:b5, 2015-01-01 00:14:33.690,-5.939,6.682,9.062,551.941,631.409,-410.217, , , , , , ,-18.528,-24.324,-102.634
 13:50:24.430,eb:33:2e:f9:57:b5, 2015-01-01 00:14:33.690,1.27,3.308,4.944,927.063,585.632,-359.741, , , , , , ,-13.651,-22.126,-105.359
 13:50:24.453,eb:33:2e:f9:57:b5, 2015-01-01 00:14:33.690,10.217,2.705,3.781,612.427,1272.461,-548.462, , , , , , ,-8.465,-18.034,-109.204
 13:50:24.453,eb:33:2e:f9:57:b5, 2015-01-01 00:14:33.690,0.278,8.237,7.643,254.395,1476.562,-334.778, , , , , , ,-5.773,-11.025,-112.17
 13:50:24.453,eb:33:2e:f9:57:b5, 2015-01-01 00:14:33.690,-4.291,-1.276,4.728,149.231,946.472,61.035, , , , , , ,-4.746,-5.416,-113.038
 13:50:24.454,eb:33:2e:f9:57:b5, 2015-01-01 00:14:33.690,-7.884,-1.866,-1.675,199.768,486.633,184.692, , , , , , ,-3.829,-1.945,-112.533
 13:50:24.454,eb:33:2e:f9:57:b5, 2015-01-01 00:14:33.690,-4.458,2.267,-5.274,114.685,110.046,56.58, , , , , , ,-3.131,-0.851,-111.962
 13:50:24.454,eb:33:2e:f9:57:b5, 2015-01-01 00:14:33.690,0.543,-0.186,-0.681,120.667,17.212,-36.377, , , , , , ,-2.543,-0.786,-112.028
 13:50:24.454,eb:33:2e:f9:57:b5, 2015-01-01 00:14:33.690,0.55,-0.549,1.085,126.709,33.752,32.837, , , , , , ,-1.89,-0.61,-112.033
 13:50:24.454,eb:33:2e:f9:57:b5, 2015-01-01 00:14:33.690,1.508,0.26,1.941,121.277,113.953,55.603, , , , , , ,-1.285,-0.214,-111.797
 13:50:24.521,eb:33:2e:f9:57:b5, 2015-01-01 00:14:33.690,0.712,-0.25,2.218,149.963,148.254,52.856, , , , , , ,-0.577,0.478,-111.489
 13:50:24.521,eb:33:2e:f9:57:b5, 2015-01-01 00:14:33.690,0.121,1.556,0.834,125.488,189.087,-14.893, , , , , , ,0.11,1.39,-111.462
 13:50:24.521,eb:33:2e:f9:57:b5, 2015-01-01 00:14:33.690,-1.758,0.523,1.057,107.971,215.881,-10.376, , , , , , ,0.687,2.444,-111.555
 13:50:24.521,eb:33:2e:f9:57:b5, 2015-01-01 00:14:33.690,-1.29,-0.75,0.444,121.582,145.203,11.902, , , , , , ,1.269,3.362,-111.517
 13:50:24.522,eb:33:2e:f9:57:b5, 2015-01-01 00:14:33.690,0.414,-0.065,0.193,126.587,58.594,24.292, , , , , , ,1.906,3.796,-111.407
 13:50:24.522,eb:33:2e:f9:57:b5, 2015-01-01 00:14:33.690,0.548,0.636,1.45,118.164,75.073,10.742, , , , , , ,2.516,4.109,-111.302
 13:50:24.522,eb:33:2e:f9:57:b5, 2015-01-01 00:14:33.690,-0.774,0.382,1.901,126.038,93.506,-17.944, , , , , , ,3.148,4.576,-111.324
 13:50:24.522,eb:33:2e:f9:57:b5, 2015-01-01 00:14:33.690,-1.394,-0.252,-0.033,135.376,34.729,-8.24, , , , , , ,3.834,4.9,-111.385
 13:50:24.522,eb:33:2e:f9:57:b5, 2015-01-01 00:14:33.690,-1.457,-0.849,0.915,132.874,5.31,20.081, , , , , , ,4.482,5.015,-111.363
 13:50:24.522,eb:33:2e:f9:57:b5, 2015-01-01 00:14:33.690,-0.419,-0.184,1.195,148.865,-51.88,25.94, , , , , , ,5.197,4.861,-111.259
 13:50:24.522,eb:33:2e:f9:57:b5, 2015-01-01 00:14:33.690,0.541,-0.038,2.478,165.649,-40.1,11.719, , , , , , ,6.021,4.592,-111.187
 13:50:24.522,eb:33:2e:f9:57:b5, 2015-01-01 00:14:33.690,0.162,-0.081,3.978,197.937,8.118,2.747, , , , , , ,6.938,4.543,-111.171
 13:50:24.522,eb:33:2e:f9:57:b5, 2015-01-01 00:14:33.690,-0.434,-0.374,4.49,257.812,24.048,-11.047, , , , , , ,8.097,4.631,-111.182
 13:50:24.522,eb:33:2e:f9:57:b5, 2015-01-01 00:14:33.690,0.032,-0.697,4.937,353.21,7.69,-27.771, , , , , , ,9.651,4.719,-111.264
 13:50:24.522,eb:33:2e:f9:57:b5, 2015-01-01 00:14:33.690,0.662,-1.162,5.894,438.904,11.414,-43.64, , , , , , ,11.678,4.807,-111.451
 13:50:24.522,eb:33:2e:f9:57:b5, 2015-01-01 00:14:33.690,0.625,-1.708,8.205,517.761,79.956,-10.864, , , , , , ,14.106,5.07,-111.533
 13:50:24.611,eb:33:2e:f9:57:b5, 2015-01-01 00:14:33.690,1.51,-2.603,9.37,611.328,159.424,12.756, , , , , , ,16.99,5.691,-111.33
 13:50:24.611,eb:33:2e:f9:57:b5, 2015-01-01 00:14:33.690,3.196,-2.662,9.722,703.674,227.051,19.714, , , , , , ,20.363,6.603,-110.923
 13:50:24.611,eb:33:2e:f9:57:b5, 2015-01-01 00:14:33.690,4,-2.561,10.346,789.307,280.884,-12.817, , , , , , ,24.197,7.828,-110.44
 13:50:24.611,eb:33:2e:f9:57:b5, 2015-01-01 00:14:33.690,5.158,-3.282,10.821,894.043,434.387,-31.189, , , , , , ,28.597,9.531,-109.704
 13:50:24.611,eb:33:2e:f9:57:b5, 2015-01-01 00:14:33.690,5.02,-3.678,12.029,974.243,643.372,11.536, , , , , , ,33.558,11.915,-108.27
 13:50:24.611,eb:33:2e:f9:57:b5, 2015-01-01 00:14:33.690,5.213,-2.319,14.243,1068.848,862.305,25.635, , , , , , ,39.287,15.029,-105.82
 13:50:24.611,eb:33:2e:f9:57:b5, 2015-01-01 00:14:33.690,3.077,-2.085,11.613,1171.448,855.53,72.083, , , , , , ,45.884,18.094,-102.469
 13:50:24.611,eb:33:2e:f9:57:b5, 2015-01-01 00:14:33.690,2.97,0.934,9.094,1187.256,671.326,5.554, , , , , , ,52.888,20.385,-99.327
 13:50:24.611,eb:33:2e:f9:57:b5, 2015-01-01 00:14:33.690,2.984,1.451,5.173,1024.963,346.558,-13.977, , , , , , ,59.211,21.78,-97.119
 13:50:24.611,eb:33:2e:f9:57:b5, 2015-01-01 00:14:33.690,2.289,3.176,-1.484,696.045,90.21,-63.782, , , , , , ,63.633,22.418,-96.4
 13:50:24.612,eb:33:2e:f9:57:b5, 2015-01-01 00:14:33.690,1.247,-0.914,1.149,381.836,76.721,-12.451, , , , , , ,66.132,22.758,-96.235
 13:50:24.612,eb:33:2e:f9:57:b5, 2015-01-01 00:14:33.690,-0.962,-7.68,7.379,370.117,336.426,250.549, , , , , , ,68.362,22.516,-94.845
 13:50:24.612,eb:33:2e:f9:57:b5, 2015-01-01 00:14:33.690,-0.091,-1.822,7.046,524.048,524.292,324.646, , , , , , ,71.851,21.868,-91.906
 13:50:24.612,eb:33:2e:f9:57:b5, 2015-01-01 00:14:33.690,1.062,1.478,6.346,452.82,446.533,366.76, , , , , , ,75.449,20.885,-88.841
 13:50:24.612,eb:33:2e:f9:57:b5, 2015-01-01 00:14:33.690,0.693,0.244,7.665,390.015,316.833,365.112, , , , , , ,78.239,19.468,-86.495
 13:50:24.612,eb:33:2e:f9:57:b5, 2015-01-01 00:14:33.690,1.149,-0.434,5.692,387.39,190.186,336.365, , , , , , ,80.7,17.941,-84.924
 13:50:24.679,eb:33:2e:f9:57:b5, 2015-01-01 00:14:33.690,1.662,0.452,5.231,380.432,105.225,256.836, , , , , , ,82.886,16.6,-83.985
 13:50:24.679,eb:33:2e:f9:57:b5, 2015-01-01 00:14:33.690,1.76,0.48,6.631,387.756,62.805,157.959, , , , , , ,84.946,15.656,-83.474
 13:50:24.679,eb:33:2e:f9:57:b5, 2015-01-01 00:14:33.690,1.894,0.32,7.906,411.499,50.781,46.753, , , , , , ,86.984,15.211,-83.183
 13:50:24.679,eb:33:2e:f9:57:b5, 2015-01-01 00:14:33.690,2.167,-0.057,8.741,428.284,48.767,-69.885, , , , , , ,89.165,15.337,-82.93
 13:50:24.679,eb:33:2e:f9:57:b5, 2015-01-01 00:14:33.690,1.983,-0.639,8.792,428.833,56.763,-187.805, , , , , , ,91.39,16.04,-82.639
 13:50:24.679,eb:33:2e:f9:57:b5, 2015-01-01 00:14:33.690,1.514,-1.108,8.026,406.738,67.688,-289.001, , , , , , ,93.587,17.276,-82.249
 13:50:24.680,eb:33:2e:f9:57:b5, 2015-01-01 00:14:33.690,1.016,-1.408,7.211,361.45,67.444,-372.437, , , , , , ,95.576,18.935,-81.777
 13:50:24.680,eb:33:2e:f9:57:b5, 2015-01-01 00:14:33.690,0.836,-1.815,6.63,301.453,56.335,-437.317, , , , , , ,97.399,20.951,-81.2
 13:50:24.745,eb:33:2e:f9:57:b5, 2015-01-01 00:14:33.690,0.848,-2.419,6.373,239.929,45.41,-479.675, , , , , , ,98.959,23.214,-80.568
 13:50:24.745,eb:33:2e:f9:57:b5, 2015-01-01 00:14:33.690,0.78,-3.142,6.126,179.688,42.053,-503.235, , , , , , ,100.261,25.626,-79.876
 13:50:24.745,eb:33:2e:f9:57:b5, 2015-01-01 00:14:33.690,0.668,-3.902,5.74,122.742,48.218,-505.066, , , , , , ,101.239,28.065,-79.156
 13:50:24.745,eb:33:2e:f9:57:b5, 2015-01-01 00:14:33.690,0.5,-4.597,5.306,71.045,61.279,-480.652, , , , , , ,102.134,30.421,-78.267
 13:50:24.745,eb:33:2e:f9:57:b5, 2015-01-01 00:14:33.690,0.421,-5.168,4.686,22.644,73.853,-429.382, , , , , , ,102.849,32.552,-77.283
 13:50:24.745,eb:33:2e:f9:57:b5, 2015-01-01 00:14:33.690,0.521,-5.6,4.069,-28.259,92.224,-363.647, , , , , , ,103.376,34.354,-76.262
 13:50:24.745,eb:33:2e:f9:57:b5, 2015-01-01 00:14:33.690,0.601,-5.928,3.351,-81.787,114.258,-279.846, , , , , , ,103.579,35.76,-75.267
 13:50:24.746,eb:33:2e:f9:57:b5, 2015-01-01 00:14:33.690,0.499,-6.312,2.35,-137.512,129.15,-189.087, , , , , , ,103.645,36.711,-74.185
 13:50:24.748,eb:33:2e:f9:57:b5, 2015-01-01 00:14:34.095,0.53,-6.96,0.797,-208.923,115.967,-70.19, , , , , , ,103.315,37.156,-73.24
 13:50:24.748,eb:33:2e:f9:57:b5, 2015-01-01 00:14:34.095,0.994,-7.308,-0.436,-279.053,81.726,32.349, , , , , , ,102.426,37.084,-72.642
 13:50:24.748,eb:33:2e:f9:57:b5, 2015-01-01 00:14:34.095,1.756,-7.065,-0.959,-360.046,37.781,120.728, , , , , , ,100.816,36.617,-72.493
 13:50:24.748,eb:33:2e:f9:57:b5, 2015-01-01 00:14:34.095,2.525,-6.229,-0.981,-447.449,-0.183,179.688, , , , , , ,98.712,35.821,-72.576
 13:50:24.748,eb:33:2e:f9:57:b5, 2015-01-01 00:14:34.095,3.125,-5.228,-0.826,-534.363,-37.842,207.092, , , , , , ,96.042,34.854,-72.856
 13:50:24.749,eb:33:2e:f9:57:b5, 2015-01-01 00:14:34.095,3.522,-4.274,-0.73,-613.098,-79.163,207.703, , , , , , ,92.862,33.838,-73.334
 13:50:24.749,eb:33:2e:f9:57:b5, 2015-01-01 00:14:34.095,3.607,-3.447,-0.519,-678.955,-125.305,185.608, , , , , , ,89.121,32.882,-74.081
 13:50:24.749,eb:33:2e:f9:57:b5, 2015-01-01 00:14:34.095,3.47,-2.804,-0.055,-730.896,-173.645,152.405, , , , , , ,85.1,32.009,-74.949
 13:50:24.769,eb:33:2e:f9:57:b5, 2015-01-01 00:14:34.095,3.353,-2.32,0.649,-771.667,-212.646,111.328, , , , , , ,80.766,31.251,-76.003
 13:50:24.769,eb:33:2e:f9:57:b5, 2015-01-01 00:14:34.095,3.237,-1.939,1.516,-803.284,-241.089,65.674, , , , , , ,76.185,30.602,-77.223
 13:50:24.769,eb:33:2e:f9:57:b5, 2015-01-01 00:14:34.095,3.001,-1.544,2.289,-833.74,-256.775,18.005, , , , , , ,71.296,30.081,-78.651
 13:50:24.769,eb:33:2e:f9:57:b5, 2015-01-01 00:14:34.095,2.737,-1.244,2.804,-861.145,-269.653,-25.085, , , , , , ,66.324,29.641,-80.09
 13:50:24.769,eb:33:2e:f9:57:b5, 2015-01-01 00:14:34.095,2.663,-1.039,3.27,-883.24,-278.992,-64.636, , , , , , ,61.194,29.251,-81.628
 13:50:24.769,eb:33:2e:f9:57:b5, 2015-01-01 00:14:34.095,2.648,-0.834,3.653,-899.536,-291.26,-101.013, , , , , , ,55.92,28.878,-83.287
 13:50:24.769,eb:33:2e:f9:57:b5, 2015-01-01 00:14:34.095,2.743,-0.516,4.028,-909.912,-298.462,-143.005, , , , , , ,50.422,28.482,-85.155
 13:50:24.769,eb:33:2e:f9:57:b5, 2015-01-01 00:14:34.095,2.562,-0.131,4.204,-911.743,-310.12,-180.908, , , , , , ,44.956,28.065,-87.072
 13:50:24.791,eb:33:2e:f9:57:b5, 2015-01-01 00:14:34.095,2.281,0.225,4.07,-907.288,-328.491,-211.609, , , , , , ,39.452,27.543,-89.127
 13:50:24.791,eb:33:2e:f9:57:b5, 2015-01-01 00:14:34.095,1.873,0.516,3.938,-894.958,-352.417,-237.671, , , , , , ,33.953,26.856,-91.302
 13:50:24.791,eb:33:2e:f9:57:b5, 2015-01-01 00:14:34.095,1.501,0.56,3.672,-870.605,-387.695,-248.962, , , , , , ,28.438,25.862,-93.631
 13:50:24.791,eb:33:2e:f9:57:b5, 2015-01-01 00:14:34.095,1.123,0.474,3.4,-839.172,-426.758,-244.751, , , , , , ,23.231,24.554,-95.85
 13:50:24.791,eb:33:2e:f9:57:b5, 2015-01-01 00:14:34.095,0.441,0.29,3.131,-804.26,-465.698,-224.365, , , , , , ,18.303,22.863,-97.916
 13:50:24.791,eb:33:2e:f9:57:b5, 2015-01-01 00:14:34.095,0.193,0.052,2.644,-760.559,-507.263,-187.988, , , , , , ,13.749,20.786,-99.695
 13:50:24.791,eb:33:2e:f9:57:b5, 2015-01-01 00:14:34.095,0.193,-0.049,2.57,-713.623,-530.64,-139.038, , , , , , ,9.525,18.331,-101.14
 13:50:24.791,eb:33:2e:f9:57:b5, 2015-01-01 00:14:34.095,0.042,0.358,2.778,-676.27,-535.034,-97.839, , , , , , ,5.784,15.76,-102.107
 13:50:24.859,eb:33:2e:f9:57:b5, 2015-01-01 00:14:34.095,-0.089,0.869,2.969,-639.404,-534.912,-67.505, , , , , , ,2.362,13.129,-102.711
 13:50:24.859,eb:33:2e:f9:57:b5, 2015-01-01 00:14:34.095,-0.408,1.137,2.707,-597.717,-552.979,-26.245, , , , , , ,-0.758,10.41,-102.964
 13:50:24.859,eb:33:2e:f9:57:b5, 2015-01-01 00:14:34.095,-0.53,1.358,2.171,-556.58,-580.872,7.019, , , , , , ,-3.702,7.509,-102.925
 13:50:24.859,eb:33:2e:f9:57:b5, 2015-01-01 00:14:34.095,-0.622,1.634,1.773,-518.555,-624.023,40.222, , , , , , ,-6.328,4.504,-102.519
 13:50:24.860,eb:33:2e:f9:57:b5, 2015-01-01 00:14:34.095,-0.715,2.095,1.894,-485.84,-674.927,69.519, , , , , , ,-8.784,1.302,-101.805
 13:50:24.860,eb:33:2e:f9:57:b5, 2015-01-01 00:14:34.095,-0.728,2.682,2.68,-457.092,-727.234,103.21, , , , , , ,-11.135,-2.098,-100.75
 13:50:24.860,eb:33:2e:f9:57:b5, 2015-01-01 00:14:34.095,-1.016,3.32,3.878,-435.364,-775.146,145.691, , , , , , ,-13.535,-5.718,-99.333
 13:50:24.860,eb:33:2e:f9:57:b5, 2015-01-01 00:14:34.095,-1.301,4.167,5.455,-416.992,-799.072,182.617, , , , , , ,-15.903,-9.327,-97.504
 13:50:24.971,eb:33:2e:f9:57:b5, 2015-01-01 00:14:34.095,-1.657,5.187,7.092,-397.461,-793.884,219.666, , , , , , ,-18.353,-12.838,-95.312
 13:50:24.971,eb:33:2e:f9:57:b5, 2015-01-01 00:14:34.095,-1.969,6.424,8.587,-372.559,-748.291,245.789, , , , , , ,-20.891,-16.068,-92.829
 13:50:24.971,eb:33:2e:f9:57:b5, 2015-01-01 00:14:34.095,-2.024,7.974,9.941,-331.299,-638.367,254.333, , , , , , ,-23.494,-18.814,-90.236
 13:50:24.971,eb:33:2e:f9:57:b5, 2015-01-01 00:14:34.095,-2.108,9.296,10.297,-285.889,-525.696,238.953, , , , , , ,-25.856,-20.885,-87.781
 13:50:24.971,eb:33:2e:f9:57:b5, 2015-01-01 00:14:34.095,-2.012,10.873,9.99,-230.591,-400.33,196.106, , , , , , ,-27.905,-22.396,-85.671
 13:50:24.971,eb:33:2e:f9:57:b5, 2015-01-01 00:14:34.095,-1.843,12.414,9.444,-165.71,-302.185,124.512, , , , , , ,-29.498,-23.511,-84.045
 13:50:24.971,eb:33:2e:f9:57:b5, 2015-01-01 00:14:34.095,-1.678,13.548,8.723,-100.525,-228.455,27.893, , , , , , ,-30.591,-24.467,-83.013
 13:50:24.971,eb:33:2e:f9:57:b5, 2015-01-01 00:14:34.095,-1.556,14.147,7.777,-47.058,-165.527,-86.914, , , , , , ,-31.075,-25.384,-82.667
 13:50:24.971,eb:33:2e:f9:57:b5, 2015-01-01 00:14:34.095,-1.631,14.097,6.803,-10.071,-107.239,-204.346, , , , , , ,-31.025,-26.351,-83.057
 13:50:24.971,eb:33:2e:f9:57:b5, 2015-01-01 00:14:34.095,-1.895,13.169,6.034,12.695,-48.706,-310.669, , , , , , ,-30.509,-27.35,-84.15
 13:50:24.971,eb:33:2e:f9:57:b5, 2015-01-01 00:14:34.095,-2.453,11.379,5.457,30.762,7.141,-386.597, , , , , , ,-29.597,-28.323,-85.875
 13:50:24.971,eb:33:2e:f9:57:b5, 2015-01-01 00:14:34.095,-3.064,9.082,4.998,55.298,54.932,-423.401, , , , , , ,-28.334,-29.163,-88.033
 13:50:24.971,eb:33:2e:f9:57:b5, 2015-01-01 00:14:34.095,-3.776,6.82,4.757,90.576,99.487,-421.814, , , , , , ,-26.779,-29.784,-90.423
 13:50:24.971,eb:33:2e:f9:57:b5, 2015-01-01 00:14:34.095,-2.84,5.065,5.346,331.848,307.556,-442.261, , , , , , ,-24.598,-29.894,-93.032
 13:50:24.971,eb:33:2e:f9:57:b5, 2015-01-01 00:14:34.095,0.424,-0.502,9.261,843.445,231.384,-513.733, , , , , , ,-19.407,-28.51,-97.306
 13:50:24.971,eb:33:2e:f9:57:b5, 2015-01-01 00:14:34.095,12.029,1.695,4.055,755.981,1184.814,-1052.979, , , , , , ,-12.283,-26.257,-103.096
 13:50:24.974,eb:33:2e:f9:57:b5, 2015-01-01 00:14:34.095,5.051,6.985,8.746,391.174,1033.325,-784.973, , , , , , ,-6.932,-24.478,-108.583
 13:50:24.974,eb:33:2e:f9:57:b5, 2015-01-01 00:14:34.095,-3.809,2.909,3.436,94.055,1283.936,-542.603, , , , , , ,-4.417,-18.226,-113
 13:50:24.974,eb:33:2e:f9:57:b5, 2015-01-01 00:14:34.095,-7.11,-3.369,-0.12,142.09,789.978,5.92, , , , , , ,-3.433,-13.524,-114.236
 13:50:24.974,eb:33:2e:f9:57:b5, 2015-01-01 00:14:34.095,-5.922,-2.467,-1.665,158.569,527.405,123.84, , , , , , ,-2.714,-10.399,-113.917
 13:50:24.974,eb:33:2e:f9:57:b5, 2015-01-01 00:14:34.095,-2.644,1.105,-2.007,129.517,258.911,97.168, , , , , , ,-2.104,-8.707,-113.384
 13:50:24.974,eb:33:2e:f9:57:b5, 2015-01-01 00:14:34.095,-0.681,-0.528,-0.188,127.136,123.169,81.543, , , , , , ,-1.522,-7.839,-113.011
 13:50:24.974,eb:33:2e:f9:57:b5, 2015-01-01 00:14:34.095,-0.147,0.376,0.58,119.995,94.727,88.928, , , , , , ,-0.928,-7.306,-112.615
 13:50:24.974,eb:33:2e:f9:57:b5, 2015-01-01 00:14:34.095,0.328,0.367,0.906,130.737,108.398,126.099, , , , , , ,-0.379,-6.828,-112.077
 13:50:25.061,eb:33:2e:f9:57:b5, 2015-01-01 00:14:34.095,1.769,0.091,2.476,148.682,162.72,69.214, , , , , , ,0.264,-6.169,-111.55
 13:50:25.061,eb:33:2e:f9:57:b5, 2015-01-01 00:14:34.095,-0.544,1.465,1.577,152.283,200.378,5.432, , , , , , ,1.011,-5.235,-111.374
 13:50:25.061,eb:33:2e:f9:57:b5, 2015-01-01 00:14:34.095,-2.395,0.45,0.981,153.015,180.664,-23.193, , , , , , ,1.813,-4.268,-111.462
 13:50:25.061,eb:33:2e:f9:57:b5, 2015-01-01 00:14:34.095,-0.718,-1.193,0.59,159.18,127.625,23.926, , , , , , ,2.582,-3.494,-111.412
 13:50:25.061,eb:33:2e:f9:57:b5, 2015-01-01 00:14:34.095,0.393,0.269,0.505,152.161,84.778,22.827, , , , , , ,3.356,-3.016,-111.248
 13:50:25.061,eb:33:2e:f9:57:b5, 2015-01-01 00:14:34.095,-0.536,0.795,1.553,139.465,95.703,7.812, , , , , , ,4.07,-2.571,-111.165
 13:50:25.061,eb:33:2e:f9:57:b5, 2015-01-01 00:14:34.095,-1.11,-0.181,1.597,138.733,94.971,21.973, , , , , , ,4.785,-2.076,-111.061
 13:50:25.061,eb:33:2e:f9:57:b5, 2015-01-01 00:14:34.095,-1.681,-0.779,1.65,156.555,67.871,36.621, , , , , , ,5.515,-1.675,-110.874
 13:50:25.064,eb:33:2e:f9:57:b5, 2015-01-01 00:14:34.095,-2.072,-0.547,1.351,179.688,1.099,53.467, , , , , , ,6.367,-1.566,-110.627
 13:50:25.064,eb:33:2e:f9:57:b5, 2015-01-01 00:14:34.095,-0.785,-0.564,1.684,195.618,-43.091,79.163, , , , , , ,7.3,-1.736,-110.303
 13:50:25.064,eb:33:2e:f9:57:b5, 2015-01-01 00:14:34.095,0.51,-0.171,2.726,225.525,-45.532,77.332, , , , , , ,8.377,-2.027,-109.94
 13:50:25.064,eb:33:2e:f9:57:b5, 2015-01-01 00:14:34.095,-0.444,-0.143,4.825,279.846,-24.841,81.848, , , , , , ,9.641,-2.247,-109.578
 13:50:25.064,eb:33:2e:f9:57:b5, 2015-01-01 00:14:34.095,-0.619,-0.997,5.669,369.141,-56.519,77.515, , , , , , ,11.277,-2.527,-109.21
 13:50:25.064,eb:33:2e:f9:57:b5, 2015-01-01 00:14:34.095,0.663,-1.167,6.82,477.539,-84.9,48.523, , , , , , ,13.431,-2.972,-108.995
 13:50:25.064,eb:33:2e:f9:57:b5, 2015-01-01 00:14:34.095,2.113,-2.24,9.156,610.291,-26.245,16.479, , , , , , ,16.243,-3.268,-108.929
 13:50:25.064,eb:33:2e:f9:57:b5, 2015-01-01 00:14:34.095,3.324,-3.003,12.056,706.787,110.352,21.057, , , , , , ,19.561,-3.038,-108.743
 13:50:25.084,eb:33:2e:f9:57:b5, 2015-01-01 00:14:34.095,4.28,-3.44,11.872,816.162,216.431,5.188, , , , , , ,23.395,-2.241,-108.342
 13:50:25.084,eb:33:2e:f9:57:b5, 2015-01-01 00:14:34.095,3.311,-2.897,11.716,958.374,317.688,-2.441, , , , , , ,27.878,-1.005,-107.765
 13:50:25.084,eb:33:2e:f9:57:b5, 2015-01-01 00:14:34.095,3.533,-2.877,14.273,1057.678,623.108,-1.465, , , , , , ,33.014,1.093,-106.578
 13:50:25.084,eb:33:2e:f9:57:b5, 2015-01-01 00:14:34.095,4.396,-4.044,14.411,1143.188,894.287,79.346, , , , , , ,38.672,4.202,-104.013
 13:50:25.084,eb:33:2e:f9:57:b5, 2015-01-01 00:14:34.095,2.968,-0.741,10.212,1254.028,843.811,119.568, , , , , , ,45.038,7.059,-100.673
 13:50:25.084,eb:33:2e:f9:57:b5, 2015-01-01 00:14:34.095,2.076,-1.619,10.802,1308.105,675.293,129.028, , , , , , ,51.982,9.212,-97.377
 13:50:25.084,eb:33:2e:f9:57:b5, 2015-01-01 00:14:34.095,0.33,1.729,3.49,1130.981,388.794,94.116, , , , , , ,58.491,10.162,-95.026
 13:50:25.084,eb:33:2e:f9:57:b5, 2015-01-01 00:14:34.095,1.067,-1.303,2.436,777.588,324.89,190.247, , , , , , ,63.43,10.377,-93.186
 13:50:25.176,eb:33:2e:f9:57:b5, 2015-01-01 00:14:34.095,2.737,-4.91,1.869,493.652,380.859,411.316, , , , , , ,66.83,9.657,-90.923
 13:50:25.176,eb:33:2e:f9:57:b5, 2015-01-01 00:14:34.095,-1.167,-4.336,5.057,561.829,559.143,609.192, , , , , , ,69.906,7.954,-87.534
 13:50:25.176,eb:33:2e:f9:57:b5, 2015-01-01 00:14:34.095,1.513,1.064,4.504,544.617,550.232,600.281, , , , , , ,73.202,6.097,-83.754
 13:50:25.176,eb:33:2e:f9:57:b5, 2015-01-01 00:14:34.095,1.436,3.485,2.991,400.513,355.896,629.761, , , , , , ,75.773,3.741,-80.865
 13:50:25.176,eb:33:2e:f9:57:b5, 2015-01-01 00:14:34.095,0.944,1.867,7.104,362,204.956,523.743, , , , , , ,77.673,1.285,-78.915
 13:50:25.176,eb:33:2e:f9:57:b5, 2015-01-01 00:14:34.095,1.335,2.617,6.57,392.517,62.622,425.293, , , , , , ,79.563,-0.923,-77.877
 13:50:25.176,eb:33:2e:f9:57:b5, 2015-01-01 00:14:34.095,1.411,4.043,8.28,486.511,-38.94,249.878, , , , , , ,81.744,-2.516,-77.64
 13:50:25.176,eb:33:2e:f9:57:b5, 2015-01-01 00:14:34.095,2.018,3.021,10.069,578.125,-68.848,61.096, , , , , , ,84.474,-3.23,-77.855
 13:50:25.176,eb:33:2e:f9:57:b5, 2015-01-01 00:14:34.095,2.264,1.583,10.62,615.234,-72.266,-112, , , , , , ,87.528,-3.038,-78.223
 13:50:25.176,eb:33:2e:f9:57:b5, 2015-01-01 00:14:34.095,1.938,0.512,10.667,610.168,-51.331,-270.325, , , , , , ,90.61,-2.01,-78.541
 13:50:25.177,eb:33:2e:f9:57:b5, 2015-01-01 00:14:34.095,1.704,-0.067,10.075,576.965,-31.921,-423.218, , , , , , ,93.505,-0.176,-78.673
 13:50:25.177,eb:33:2e:f9:57:b5, 2015-01-01 00:14:34.095,1.515,-0.625,9.078,508.423,-31.555,-538.818, , , , , , ,96.202,2.291,-78.607
 13:50:25.177,eb:33:2e:f9:57:b5, 2015-01-01 00:14:34.095,1.586,-1.743,8.015,414.062,-45.898,-627.625, , , , , , ,98.476,5.268,-78.409
 13:50:25.177,eb:33:2e:f9:57:b5, 2015-01-01 00:14:34.095,1.467,-2.924,7.371,322.998,-59.692,-687.805, , , , , , ,100.305,8.597,-78.129
 13:50:25.177,eb:33:2e:f9:57:b5, 2015-01-01 00:14:34.095,1.226,-3.905,6.843,243.042,-75.623,-715.088, , , , , , ,101.64,12.129,-77.811
 13:50:25.177,eb:33:2e:f9:57:b5, 2015-01-01 00:14:34.095,0.901,-4.747,6.604,176.941,-83.374,-712.219, , , , , , ,102.739,15.716,-77.437
 13:50:25.197,eb:33:2e:f9:57:b5, 2015-01-01 00:14:34.095,0.658,-5.437,6.52,126.709,-80.811,-679.81, , , , , , ,103.59,19.193,-77.014
 13:50:25.197,eb:33:2e:f9:57:b5, 2015-01-01 00:14:34.095,0.451,-5.979,6.403,89.355,-74.158,-619.446, , , , , , ,104.26,22.418,-76.58
 13:50:25.197,eb:33:2e:f9:57:b5, 2015-01-01 00:14:34.095,0.37,-6.555,6.392,58.838,-53.711,-547.852, , , , , , ,104.683,25.296,-76.19
 13:50:25.197,eb:33:2e:f9:57:b5, 2015-01-01 00:14:34.095,0.296,-7.163,6.034,22.644,-15.686,-464.233, , , , , , ,105.123,27.751,-75.641
 13:50:25.197,eb:33:2e:f9:57:b5, 2015-01-01 00:14:34.095,0.328,-7.855,4.737,-39.429,32.654,-356.628, , , , , , ,105.386,29.669,-74.949
 13:50:25.197,eb:33:2e:f9:57:b5, 2015-01-01 00:14:34.095,0.819,-8.398,2.46,-142.578,84.29,-221.924, , , , , , ,105.298,30.921,-74.163
 13:50:25.197,eb:33:2e:f9:57:b5, 2015-01-01 00:14:34.095,1.844,-8.479,0.166,-289.307,141.663,-95.154, , , , , , ,104.491,31.476,-73.361
 13:50:25.197,eb:33:2e:f9:57:b5, 2015-01-01 00:14:34.095,2.397,-7.905,-0.991,-445.923,159.607,-9.399, , , , , , ,103.068,31.481,-72.405
 13:50:25.241,eb:33:2e:f9:57:b5, 2015-01-01 00:14:34.095,2.897,-6.909,-1.338,-573.486,113.586,44.25, , , , , , ,100.833,31.223,-71.631
 13:50:25.241,eb:33:2e:f9:57:b5, 2015-01-01 00:14:34.095,3.709,-5.923,-1.705,-664.429,7.69,84.9, , , , , , ,97.806,30.833,-71.389
 13:50:25.241,eb:33:2e:f9:57:b5, 2015-01-01 00:14:34.095,4.21,-4.807,-1.686,-736.572,-131.531,103.821, , , , , , ,93.889,30.399,-71.977
 13:50:25.241,eb:33:2e:f9:57:b5, 2015-01-01 00:14:34.095,4.374,-4.17,-1.006,-775.452,-225.586,98.145, , , , , , ,89.522,29.921,-73.092
 13:50:25.241,eb:33:2e:f9:57:b5, 2015-01-01 00:14:34.095,4.159,-3.744,-0.004,-801.453,-302.673,83.252, , , , , , ,84.803,29.405,-74.625
 13:50:25.241,eb:33:2e:f9:57:b5, 2015-01-01 00:14:34.095,3.917,-3.345,1.095,-823.547,-343.933,49.377, , , , , , ,79.843,28.867,-76.448
 13:50:25.241,eb:33:2e:f9:57:b5, 2015-01-01 00:14:34.095,3.479,-2.988,2.079,-842.346,-375.366,26.672, , , , , , ,74.608,28.312,-78.508
 13:50:25.241,eb:33:2e:f9:57:b5, 2015-01-01 00:14:34.095,3.284,-2.655,2.876,-864.502,-385.742,-7.935, , , , , , ,69.368,27.691,-80.557
 13:50:25.286,eb:33:2e:f9:57:b5, 2015-01-01 00:14:34.650,3.027,-2.458,3.493,-886.047,-398.987,-37.964, , , , , , ,64.017,27.032,-82.639
 13:50:25.286,eb:33:2e:f9:57:b5, 2015-01-01 00:14:34.650,2.891,-2.254,3.99,-907.715,-413.147,-70.74, , , , , , ,58.557,26.323,-84.787
 13:50:25.286,eb:33:2e:f9:57:b5, 2015-01-01 00:14:34.650,2.964,-2.174,4.387,-927.307,-435.852,-101.868, , , , , , ,52.855,25.477,-87.122
 13:50:25.286,eb:33:2e:f9:57:b5, 2015-01-01 00:14:34.650,3.063,-2.204,4.753,-943.115,-468.018,-132.629, , , , , , ,47.181,24.483,-89.467
 13:50:25.286,eb:33:2e:f9:57:b5, 2015-01-01 00:14:34.650,2.996,-2.269,5.052,-952.332,-506.714,-160.706, , , , , , ,41.435,23.247,-91.923
 13:50:25.286,eb:33:2e:f9:57:b5, 2015-01-01 00:14:34.650,2.77,-2.462,5.13,-953.857,-561.279,-172.241, , , , , , ,35.7,21.676,-94.444
 13:50:25.286,eb:33:2e:f9:57:b5, 2015-01-01 00:14:34.650,2.453,-2.684,5.237,-950.317,-614.868,-166.077, , , , , , ,29.938,19.594,-97.015
 13:50:25.286,eb:33:2e:f9:57:b5, 2015-01-01 00:14:34.650,2.157,-2.85,5.567,-940.369,-668.213,-143.738, , , , , , ,24.494,17.073,-99.289
 13:50:25.353,eb:33:2e:f9:57:b5, 2015-01-01 00:14:34.650,1.816,-2.749,6.014,-922.791,-704.163,-107.483, , , , , , ,19.319,14.095,-101.217
 13:50:25.353,eb:33:2e:f9:57:b5, 2015-01-01 00:14:34.650,1.424,-2.438,6.402,-894.226,-720.764,-66.589, , , , , , ,14.469,10.789,-102.689
 13:50:25.353,eb:33:2e:f9:57:b5, 2015-01-01 00:14:34.650,1.042,-1.834,6.458,-853.21,-721.863,-24.902, , , , , , ,9.833,7.234,-103.722
 13:50:25.353,eb:33:2e:f9:57:b5, 2015-01-01 00:14:34.650,1.168,-0.868,6.43,-809.631,-716.064,10.498, , , , , , ,5.647,3.68,-104.222
 13:50:25.353,eb:33:2e:f9:57:b5, 2015-01-01 00:14:34.650,0.64,0.156,6.542,-768.372,-707.458,55.908, , , , , , ,1.725,0.121,-104.266
 13:50:25.353,eb:33:2e:f9:57:b5, 2015-01-01 00:14:34.650,0.012,1.247,6.37,-731.567,-706.482,93.994, , , , , , ,-2.016,-3.389,-103.865
 13:50:25.353,eb:33:2e:f9:57:b5, 2015-01-01 00:14:34.650,-0.753,2.139,5.73,-687.927,-741.089,138.794, , , , , , ,-5.751,-7.042,-103.03
 13:50:25.353,eb:33:2e:f9:57:b5, 2015-01-01 00:14:34.650,-1.058,2.958,5.261,-640.747,-785.706,180.542, , , , , , ,-9.256,-10.739,-101.706
 13:50:25.353,eb:33:2e:f9:57:b5, 2015-01-01 00:14:34.650,-1.617,3.793,5.345,-597.717,-834.961,235.413, , , , , , ,-12.739,-14.546,-99.849
 13:50:25.353,eb:33:2e:f9:57:b5, 2015-01-01 00:14:34.650,-1.997,4.963,6.316,-559.814,-858.643,290.833, , , , , , ,-16.32,-18.336,-97.372
 13:50:25.353,eb:33:2e:f9:57:b5, 2015-01-01 00:14:34.650,-2.372,6.592,8.186,-518.372,-831.36,347.046, , , , , , ,-20.182,-21.912,-94.296
 13:50:25.353,eb:33:2e:f9:57:b5, 2015-01-01 00:14:34.650,-2.359,8.817,10.512,-473.999,-723.938,369.324, , , , , , ,-24,-24.807,-90.884
 13:50:25.353,eb:33:2e:f9:57:b5, 2015-01-01 00:14:34.650,-2.391,11.202,11.963,-422.974,-578.491,363.831, , , , , , ,-27.702,-26.867,-87.517
 13:50:25.353,eb:33:2e:f9:57:b5, 2015-01-01 00:14:34.650,-2.311,13.396,11.811,-360.718,-441.65,319.763, , , , , , ,-31.036,-28.191,-84.479
 13:50:25.354,eb:33:2e:f9:57:b5, 2015-01-01 00:14:34.650,-2.274,14.521,10.507,-284.668,-343.75,241.699, , , , , , ,-33.904,-29.064,-81.974
 13:50:25.354,eb:33:2e:f9:57:b5, 2015-01-01 00:14:34.650,-2.266,14.933,8.991,-197.632,-296.326,135.681, , , , , , ,-35.991,-29.822,-80.101
 13:50:25.421,eb:33:2e:f9:57:b5, 2015-01-01 00:14:34.650,-2.348,15.104,7.964,-114.929,-271.057,11.597, , , , , , ,-37.359,-30.762,-78.86
 13:50:25.421,eb:33:2e:f9:57:b5, 2015-01-01 00:14:34.650,-2.594,15.167,7.438,-49.377,-238.586,-113.831, , , , , , ,-38.04,-31.954,-78.25
 13:50:25.421,eb:33:2e:f9:57:b5, 2015-01-01 00:14:34.650,-3.505,15.177,7.096,-11.23,-177.429,-230.652, , , , , , ,-38.145,-33.333,-78.365
 13:50:25.421,eb:33:2e:f9:57:b5, 2015-01-01 00:14:34.650,-3.304,14.39,8.641,386.902,277.466,-420.715, , , , , , ,-36.623,-34.332,-79.827
 13:50:25.421,eb:33:2e:f9:57:b5, 2015-01-01 00:14:34.650,3.453,9.798,8.458,1122.681,27.466,-638.733, , , , , , ,-30.789,-35.195,-83.419
 13:50:25.421,eb:33:2e:f9:57:b5, 2015-01-01 00:14:34.650,10.741,13.649,9.831,963.684,-209.778,-1532.898, , , , , , ,-20.572,-36.403,-91.582
 13:50:25.421,eb:33:2e:f9:57:b5, 2015-01-01 00:14:34.650,3.397,13.762,9.694,333.435,1273.987,-970.52, , , , , , ,-12.986,-33.86,-99.943
 13:50:25.421,eb:33:2e:f9:57:b5, 2015-01-01 00:14:34.650,-5.75,-1.376,5.021,167.053,987.61,-242.31, , , , , , ,-9.706,-28.35,-104.403
 13:50:25.465,eb:33:2e:f9:57:b5, 2015-01-01 00:14:34.650,-8.263,-0.912,-0.425,200.012,800.476,-104.736, , , , , , ,-8.075,-24.17,-106.078
 13:50:25.465,eb:33:2e:f9:57:b5, 2015-01-01 00:14:34.650,-6.86,-0.847,-4.551,127.258,343.628,-33.936, , , , , , ,-7.026,-21.665,-106.688
 13:50:25.465,eb:33:2e:f9:57:b5, 2015-01-01 00:14:34.650,0.449,-1.885,-2.05,120.117,26.184,-11.047, , , , , , ,-6.35,-20.956,-106.886
 13:50:25.465,eb:33:2e:f9:57:b5, 2015-01-01 00:14:34.650,2.33,-1.04,1.105,140.503,13.794,50.049, , , , , , ,-5.729,-20.825,-106.848
 13:50:25.465,eb:33:2e:f9:57:b5, 2015-01-01 00:14:34.650,1.008,-0.677,1.701,214.661,-22.949,116.821, , , , , , ,-4.982,-20.792,-106.37
 13:50:25.465,eb:33:2e:f9:57:b5, 2015-01-01 00:14:34.650,3.456,0.07,4.301,240.295,107.666,94.666, , , , , , ,-3.999,-20.49,-105.804
 13:50:25.465,eb:33:2e:f9:57:b5, 2015-01-01 00:14:34.650,0.219,2.113,3.581,230.774,363.77,4.272, , , , , , ,-2.9,-19.171,-105.656
 13:50:25.465,eb:33:2e:f9:57:b5, 2015-01-01 00:14:34.650,-1.192,1.294,2.481,253.357,408.875,-87.646, , , , , , ,-1.577,-17.073,-105.996
 13:50:25.488,eb:33:2e:f9:57:b5, 2015-01-01 00:14:34.650,-3.538,0.048,-1.78,244.629,247.009,-59.021, , , , , , ,-0.176,-15.557,-106.436
 13:50:25.488,eb:33:2e:f9:57:b5, 2015-01-01 00:14:34.650,-2.625,-1.762,-0.623,187.805,212.952,13.306, , , , , , ,0.895,-14.398,-106.551
 13:50:25.488,eb:33:2e:f9:57:b5, 2015-01-01 00:14:34.650,0.497,-0.064,-1.023,179.749,86.06,61.035, , , , , , ,1.747,-13.694,-106.331
 13:50:25.488,eb:33:2e:f9:57:b5, 2015-01-01 00:14:34.650,1.341,0.164,2.102,182.861,82.214,33.569, , , , , , ,2.582,-13.343,-106.051
 13:50:25.488,eb:33:2e:f9:57:b5, 2015-01-01 00:14:34.650,0.564,0.852,3.198,202.332,129.517,-12.207, , , , , , ,3.549,-12.772,-106.018
 13:50:25.488,eb:33:2e:f9:57:b5, 2015-01-01 00:14:34.650,-1.289,-0.025,2.302,215.82,131.653,-23.682, , , , , , ,4.609,-12.096,-106.073
 13:50:25.488,eb:33:2e:f9:57:b5, 2015-01-01 00:14:34.650,-2.658,-0.484,1.3,224.915,98.45,-4.944, , , , , , ,5.735,-11.497,-106.122
 13:50:25.488,eb:33:2e:f9:57:b5, 2015-01-01 00:14:34.650,-1.566,-1.166,1.326,238.892,38.208,33.386, , , , , , ,6.872,-11.195,-105.996
 13:50:25.534,eb:33:2e:f9:57:b5, 2015-01-01 00:14:34.650,0.372,-0.29,1.823,254.761,-5.676,39.734, , , , , , ,8.075,-11.168,-105.787
 13:50:25.534,eb:33:2e:f9:57:b5, 2015-01-01 00:14:34.650,1.378,0.47,2.138,267.151,0.427,13.55, , , , , , ,9.366,-11.212,-105.667
 13:50:25.534,eb:33:2e:f9:57:b5, 2015-01-01 00:14:34.650,-0.004,0.366,2.999,278.748,30.701,6.531, , , , , , ,10.734,-11.107,-105.65
 13:50:25.534,eb:33:2e:f9:57:b5, 2015-01-01 00:14:34.650,-1.804,-0.654,3.738,317.322,35.706,25.818, , , , , , ,12.2,-10.937,-105.507
 13:50:25.534,eb:33:2e:f9:57:b5, 2015-01-01 00:14:34.650,-1.618,-1.23,3.794,374.084,4.517,25.146, , , , , , ,13.925,-10.882,-105.353
 13:50:25.534,eb:33:2e:f9:57:b5, 2015-01-01 00:14:34.650,-0.33,-1.439,4.603,439.941,-6.226,22.888, , , , , , ,15.974,-10.937,-105.255
 13:50:25.534,eb:33:2e:f9:57:b5, 2015-01-01 00:14:34.650,0.478,-1.639,6.205,517.639,8.484,43.274, , , , , , ,18.369,-10.953,-105.112
 13:50:25.534,eb:33:2e:f9:57:b5, 2015-01-01 00:14:34.650,1.373,-2.114,7.558,611.877,21.118,45.227, , , , , , ,21.182,-10.959,-104.865
 13:50:25.601,eb:33:2e:f9:57:b5, 2015-01-01 00:14:34.650,2.678,-2.513,8.603,705.322,45.349,5.31, , , , , , ,24.5,-10.838,-104.672
 13:50:25.601,eb:33:2e:f9:57:b5, 2015-01-01 00:14:34.650,3.081,-1.777,10.249,810.242,106.934,-2.258, , , , , , ,28.29,-10.53,-104.546
 13:50:25.601,eb:33:2e:f9:57:b5, 2015-01-01 00:14:34.650,3.007,-3.417,13.793,936.035,387.878,17.273, , , , , , ,32.58,-9.371,-103.865
 13:50:25.601,eb:33:2e:f9:57:b5, 2015-01-01 00:14:34.650,3.72,-3.76,15.02,1002.38,851.196,94.543, , , , , , ,37.172,-6.817,-101.689
 13:50:25.601,eb:33:2e:f9:57:b5, 2015-01-01 00:14:34.650,4.315,-2.063,15.364,1125.61,1180.908,169.189, , , , , , ,42.182,-3.214,-97.685
 13:50:25.601,eb:33:2e:f9:57:b5, 2015-01-01 00:14:34.650,4.643,-1.221,14.251,1206.299,1161.743,188.232, , , , , , ,47.983,0.45,-92.791
 13:50:25.601,eb:33:2e:f9:57:b5, 2015-01-01 00:14:34.650,4.135,0.909,8.647,1136.719,847.412,188.11, , , , , , ,53.965,2.873,-88.374
 13:50:25.601,eb:33:2e:f9:57:b5, 2015-01-01 00:14:34.650,3.403,5.311,1.26,870.178,492.92,156.067, , , , , , ,59.112,3.895,-85.303
 13:50:25.668,eb:33:2e:f9:57:b5, 2015-01-01 00:14:34.650,4.144,0.989,-0.267,425.537,312.073,218.506, , , , , , ,62.331,4.054,-83.271
 13:50:25.668,eb:33:2e:f9:57:b5, 2015-01-01 00:14:34.650,0.046,-7.356,4.172,351.379,477.051,480.591, , , , , , ,64.116,3.235,-80.717
 13:50:25.668,eb:33:2e:f9:57:b5, 2015-01-01 00:14:34.650,0.967,1.125,4.813,540.405,560.364,481.201, , , , , , ,66.671,2.076,-77.223
 13:50:25.668,eb:33:2e:f9:57:b5, 2015-01-01 00:14:34.650,1.713,5.46,5.26,490.295,288.147,435.669, , , , , , ,69.329,0.681,-74.388
 13:50:25.668,eb:33:2e:f9:57:b5, 2015-01-01 00:14:34.650,1.401,4.286,7.362,430.481,18.005,390.808, , , , , , ,71.532,-1.077,-73.13
 13:50:25.668,eb:33:2e:f9:57:b5, 2015-01-01 00:14:34.650,0.277,2.882,7.916,480.896,-143.616,266.174, , , , , , ,73.834,-2.697,-73.07
 13:50:25.668,eb:33:2e:f9:57:b5, 2015-01-01 00:14:34.650,1.051,3.446,8.668,528.748,-217.529,86.121, , , , , , ,76.355,-3.708,-73.823
 13:50:25.668,eb:33:2e:f9:57:b5, 2015-01-01 00:14:34.650,2.078,2.381,11.378,568.848,-174.988,-93.323, , , , , , ,79.2,-3.801,-74.806
 13:50:25.670,eb:33:2e:f9:57:b5, 2015-01-01 00:14:34.650,2.414,0.976,12.551,568.604,-94.421,-242.188, , , , , , ,82.106,-2.983,-75.569
 13:50:25.670,eb:33:2e:f9:57:b5, 2015-01-01 00:14:34.650,1.673,-0.396,12.39,548.645,-15.198,-366.516, , , , , , ,84.902,-1.428,-75.965
 13:50:25.670,eb:33:2e:f9:57:b5, 2015-01-01 00:14:34.650,1.47,-1.407,11.195,531.86,23.987,-485.84, , , , , , ,87.501,0.78,-76.058
 13:50:25.670,eb:33:2e:f9:57:b5, 2015-01-01 00:14:34.650,1.275,-1.901,9.666,491.882,19.226,-575.439, , , , , , ,90.055,3.494,-75.998
 13:50:25.670,eb:33:2e:f9:57:b5, 2015-01-01 00:14:34.650,1.2,-2.817,8.568,424.744,-11.353,-631.775, , , , , , ,92.324,6.548,-75.91
 13:50:25.670,eb:33:2e:f9:57:b5, 2015-01-01 00:14:34.650,1.012,-4.029,7.82,355.835,-38.452,-659.058, , , , , , ,94.246,9.811,-75.855
 13:50:25.670,eb:33:2e:f9:57:b5, 2015-01-01 00:14:35.030,0.877,-5.084,7.27,292.297,-61.157,-648.743, , , , , , ,95.707,13.107,-75.866
 13:50:25.670,eb:33:2e:f9:57:b5, 2015-01-01 00:14:35.030,0.694,-5.63,6.548,225.891,-73.12,-600.647, , , , , , ,96.971,16.243,-75.866
 13:50:25.713,eb:33:2e:f9:57:b5, 2015-01-01 00:14:35.030,0.295,-6.085,6.071,166.199,-67.139,-524.536, , , , , , ,97.921,19.05,-75.839
 13:50:25.713,eb:33:2e:f9:57:b5, 2015-01-01 00:14:35.030,-0.125,-6.748,5.615,110.779,-50.659,-426.575, , , , , , ,98.608,21.407,-75.784
 13:50:25.713,eb:33:2e:f9:57:b5, 2015-01-01 00:14:35.030,-0.413,-7.469,4.703,50.049,-27.771,-302.856, , , , , , ,98.86,23.198,-75.762
 13:50:25.713,eb:33:2e:f9:57:b5, 2015-01-01 00:14:35.030,-0.597,-8.18,3.38,-21.973,-11.292,-166.077, , , , , , ,98.943,24.307,-75.663
 13:50:25.713,eb:33:2e:f9:57:b5, 2015-01-01 00:14:35.030,-0.475,-8.908,1.711,-117.981,1.892,-17.822, , , , , , ,98.58,24.697,-75.591
 13:50:25.714,eb:33:2e:f9:57:b5, 2015-01-01 00:14:35.030,0.137,-9.19,0.645,-241.15,19.043,123.108, , , , , , ,97.63,24.346,-75.58
 13:50:25.714,eb:33:2e:f9:57:b5, 2015-01-01 00:14:35.030,0.955,-8.566,0.515,-370.605,24.17,226.624, , , , , , ,95.883,23.417,-75.663
 13:50:25.714,eb:33:2e:f9:57:b5, 2015-01-01 00:14:35.030,1.938,-7.467,0.689,-493.469,23.865,284.058, , , , , , ,93.658,22.094,-75.657
 13:50:25.758,eb:33:2e:f9:57:b5, 2015-01-01 00:14:35.030,2.958,-6.389,0.637,-609.375,9.033,302.002, , , , , , ,90.851,20.599,-75.624
 13:50:25.758,eb:33:2e:f9:57:b5, 2015-01-01 00:14:35.030,4.025,-5.273,0.287,-716.064,-9.033,281.067, , , , , , ,87.484,19.138,-75.602
 13:50:25.758,eb:33:2e:f9:57:b5, 2015-01-01 00:14:35.030,4.517,-4.18,-0.041,-808.594,-28.748,224.792, , , , , , ,83.474,17.891,-75.712
 13:50:25.758,eb:33:2e:f9:57:b5, 2015-01-01 00:14:35.030,4.167,-3.295,0.073,-879.639,-69.092,145.569, , , , , , ,79.173,16.979,-75.833
 13:50:25.758,eb:33:2e:f9:57:b5, 2015-01-01 00:14:35.030,3.804,-2.642,0.606,-925.964,-117.188,53.772, , , , , , ,74.515,16.43,-76.212
 13:50:25.758,eb:33:2e:f9:57:b5, 2015-01-01 00:14:35.030,3.445,-2.237,1.273,-957.642,-166.138,-18.188, , , , , , ,69.587,16.15,-76.926
 13:50:25.758,eb:33:2e:f9:57:b5, 2015-01-01 00:14:35.030,3.122,-1.994,2.267,-978.394,-208.557,-77.942, , , , , , ,64.297,16.035,-78.047
 13:50:25.758,eb:33:2e:f9:57:b5, 2015-01-01 00:14:35.030,2.854,-1.698,3.229,-996.765,-235.474,-128.601, , , , , , ,58.991,15.974,-79.349
 13:50:25.760,eb:33:2e:f9:57:b5, 2015-01-01 00:14:35.030,2.607,-1.265,3.969,-1011.414,-265.747,-170.166, , , , , , ,53.542,15.908,-80.881
 13:50:25.760,eb:33:2e:f9:57:b5, 2015-01-01 00:14:35.030,2.286,-0.717,4.465,-1017.334,-304.932,-206.421, , , , , , ,47.972,15.743,-82.678
 13:50:25.760,eb:33:2e:f9:57:b5, 2015-01-01 00:14:35.030,2.153,-0.196,4.753,-1012.39,-361.694,-240.906, , , , , , ,42.182,15.337,-84.836
 13:50:25.760,eb:33:2e:f9:57:b5, 2015-01-01 00:14:35.030,1.75,0.156,5.083,-997.986,-430.359,-268.799, , , , , , ,36.552,14.601,-87.193
 13:50:25.760,eb:33:2e:f9:57:b5, 2015-01-01 00:14:35.030,1.508,0.22,5.215,-967.712,-514.771,-274.109, , , , , , ,31.025,13.359,-89.731
 13:50:25.760,eb:33:2e:f9:57:b5, 2015-01-01 00:14:35.030,1.192,0.336,5.712,-934.326,-563.66,-263.855, , , , , , ,25.735,11.596,-92.269
 13:50:25.760,eb:33:2e:f9:57:b5, 2015-01-01 00:14:35.030,0.871,0.451,6.167,-891.174,-594.727,-239.136, , , , , , ,20.61,9.349,-94.669
 13:50:25.760,eb:33:2e:f9:57:b5, 2015-01-01 00:14:35.030,0.483,0.662,6.447,-845.886,-598.511,-209.839, , , , , , ,16.002,6.855,-96.685
 13:50:25.803,eb:33:2e:f9:57:b5, 2015-01-01 00:14:35.030,0.072,0.608,6.123,-797.18,-595.398,-170.593, , , , , , ,11.761,4.186,-98.317
 13:50:25.803,eb:33:2e:f9:57:b5, 2015-01-01 00:14:35.030,0.051,0.577,5.534,-751.77,-586.365,-136.108, , , , , , ,7.85,1.406,-99.558
 13:50:25.803,eb:33:2e:f9:57:b5, 2015-01-01 00:14:35.030,-0.104,0.675,4.807,-715.881,-583.496,-97.412, , , , , , ,4.054,-1.511,-100.453
 13:50:25.803,eb:33:2e:f9:57:b5, 2015-01-01 00:14:35.030,-0.173,0.947,4.208,-686.768,-586.182,-63.721, , , , , , ,0.588,-4.411,-100.953
 13:50:25.803,eb:33:2e:f9:57:b5, 2015-01-01 00:14:35.030,-0.333,1.152,3.761,-660.583,-600.769,-35.889, , , , , , ,-2.747,-7.377,-101.14
 13:50:25.803,eb:33:2e:f9:57:b5, 2015-01-01 00:14:35.030,-0.743,1.244,3.355,-633.118,-636.658,-10.62, , , , , , ,-5.988,-10.481,-101.003
 13:50:25.803,eb:33:2e:f9:57:b5, 2015-01-01 00:14:35.030,-0.93,1.245,2.833,-605.469,-694.397,12.634, , , , , , ,-9.316,-13.865,-100.53
 13:50:25.803,eb:33:2e:f9:57:b5, 2015-01-01 00:14:35.030,-1.168,1.254,2.515,-580.933,-756.165,46.082, , , , , , ,-12.513,-17.435,-99.63
 13:50:25.872,eb:33:2e:f9:57:b5, 2015-01-01 00:14:35.030,-1.286,1.441,2.653,-564.697,-800.354,78.735, , , , , , ,-15.809,-21.154,-98.3
 13:50:25.872,eb:33:2e:f9:57:b5, 2015-01-01 00:14:35.030,-1.413,1.794,3.332,-555.847,-818.604,124.512, , , , , , ,-19.341,-24.873,-96.416
 13:50:25.872,eb:33:2e:f9:57:b5, 2015-01-01 00:14:35.030,-1.636,2.247,4.605,-551.636,-803.467,180.969, , , , , , ,-23.384,-28.427,-93.884
 13:50:25.872,eb:33:2e:f9:57:b5, 2015-01-01 00:14:35.030,-1.9,3.059,6.433,-547.18,-746.338,234.375, , , , , , ,-27.647,-31.454,-90.851
 13:50:25.872,eb:33:2e:f9:57:b5, 2015-01-01 00:14:35.030,-2.102,4.308,8.19,-534.912,-658.752,278.015, , , , , , ,-32.184,-33.81,-87.468
 13:50:25.872,eb:33:2e:f9:57:b5, 2015-01-01 00:14:35.030,-2.099,5.902,9.489,-511.597,-555.298,302.734, , , , , , ,-36.799,-35.436,-83.947
 13:50:25.872,eb:33:2e:f9:57:b5, 2015-01-01 00:14:35.030,-2.067,7.621,10.174,-477.173,-452.82,306.03, , , , , , ,-41.402,-36.398,-80.48
 13:50:25.872,eb:33:2e:f9:57:b5, 2015-01-01 00:14:35.030,-1.889,9.312,10.129,-419.861,-370.056,284.485, , , , , , ,-45.445,-36.848,-77.426
 13:50:25.894,eb:33:2e:f9:57:b5, 2015-01-01 00:14:35.030,-1.596,11.031,9.668,-348.999,-307.861,238.281, , , , , , ,-48.911,-37.024,-74.828
 13:50:25.894,eb:33:2e:f9:57:b5, 2015-01-01 00:14:35.030,-1.511,12.704,9.267,-262.573,-271.973,169.617, , , , , , ,-51.713,-37.167,-72.658
 13:50:25.895,eb:33:2e:f9:57:b5, 2015-01-01 00:14:35.030,-1.413,14.041,8.63,-167.969,-256.47,77.82, , , , , , ,-53.899,-37.48,-70.878
 13:50:25.895,eb:33:2e:f9:57:b5, 2015-01-01 00:14:35.030,-1.303,14.736,7.91,-79.468,-240.784,-28.076, , , , , , ,-55.283,-38.139,-69.543
 13:50:25.895,eb:33:2e:f9:57:b5, 2015-01-01 00:14:35.030,-1.431,14.865,7.288,-8.118,-210.938,-136.353, , , , , , ,-55.986,-39.15,-68.725
 13:50:25.895,eb:33:2e:f9:57:b5, 2015-01-01 00:14:35.030,-1.598,14.325,6.668,45.837,-165.161,-240.295, , , , , , ,-56.03,-40.496,-68.456
 13:50:25.896,eb:33:2e:f9:57:b5, 2015-01-01 00:14:35.030,-1.941,12.828,6.092,86.121,-107.544,-323.181, , , , , , ,-55.459,-42.061,-68.84
 13:50:25.896,eb:33:2e:f9:57:b5, 2015-01-01 00:14:35.030,-2.463,10.636,5.557,117.981,-51.392,-373.84, , , , , , ,-54.25,-43.731,-69.835
 13:50:25.939,eb:33:2e:f9:57:b5, 2015-01-01 00:14:35.030,-2.957,8.198,4.938,148.865,-6.042,-387.085, , , , , , ,-52.531,-45.341,-71.34
 13:50:25.939,eb:33:2e:f9:57:b5, 2015-01-01 00:14:35.030,-3.889,5.871,4.433,183.289,31.677,-368.103, , , , , , ,-50.389,-46.769,-73.136
 13:50:25.939,eb:33:2e:f9:57:b5, 2015-01-01 00:14:35.030,-5.211,4.291,5.279,453.552,379.028,-427.734, , , , , , ,-47.098,-47.659,-75.74
 13:50:25.939,eb:33:2e:f9:57:b5, 2015-01-01 00:14:35.030,-0.655,-2.825,8.856,1239.075,150.085,-510.681, , , , , , ,-38.573,-47.675,-80.854
 13:50:25.939,eb:33:2e:f9:57:b5, 2015-01-01 00:14:35.030,10.995,8.163,5.729,975.22,-297.729,-1465.82, , , , , , ,-26.499,-49.763,-89.291
 13:50:25.939,eb:33:2e:f9:57:b5, 2015-01-01 00:14:35.030,2.07,11.091,5.581,327.026,1397.156,-794.617, , , , , , ,-16.727,-47.346,-98.613
 13:50:25.939,eb:33:2e:f9:57:b5, 2015-01-01 00:14:35.030,-8.253,-2.398,2.977,219.36,981.14,-24.109, , , , , , ,-12.233,-41.792,-103.299
 13:50:25.939,eb:33:2e:f9:57:b5, 2015-01-01 00:14:35.030,-7.56,-2.835,-0.599,244.507,743.652,99.915, , , , , , ,-10.953,-37.634,-103.491
 13:50:25.961,eb:33:2e:f9:57:b5, 2015-01-01 00:14:35.030,-5.695,1.529,-4.707,140.076,382.08,42.48, , , , , , ,-9.811,-34.926,-103.854
 13:50:25.961,eb:33:2e:f9:57:b5, 2015-01-01 00:14:35.030,-1.306,0.076,-0.652,119.263,220.093,-40.649, , , , , , ,-8.992,-33.404,-104.233
 13:50:25.961,eb:33:2e:f9:57:b5, 2015-01-01 00:14:35.030,0.631,-1.851,1.009,140.564,148.315,7.507, , , , , , ,-8.097,-32.514,-104.617
 13:50:25.961,eb:33:2e:f9:57:b5, 2015-01-01 00:14:35.030,0.332,-0.181,0.86,153.564,137.329,136.841, , , , , , ,-7.586,-31.75,-104.189
 13:50:25.961,eb:33:2e:f9:57:b5, 2015-01-01 00:14:35.030,0.794,-0.342,1.225,174.805,132.019,157.471, , , , , , ,-7.185,-30.948,-103.387
 13:50:25.961,eb:33:2e:f9:57:b5, 2015-01-01 00:14:35.030,-0.1,1.632,0.795,172.424,127.136,56.274, , , , , , ,-6.559,-30.284,-102.859
 13:50:25.961,eb:33:2e:f9:57:b5, 2015-01-01 00:14:35.030,-2.804,1.088,0.988,164.917,119.202,-2.197, , , , , , ,-5.685,-29.641,-102.931
 13:50:25.961,eb:33:2e:f9:57:b5, 2015-01-01 00:14:35.030,-1.109,-1.574,0.691,163.513,74.402,69.397, , , , , , ,-4.949,-29.13,-102.766
 13:50:26.007,eb:33:2e:f9:57:b5, 2015-01-01 00:14:35.030,0.042,-0.222,0.228,167.175,26.062,72.693, , , , , , ,-4.329,-28.883,-102.343
 13:50:26.007,eb:33:2e:f9:57:b5, 2015-01-01 00:14:35.030,0.024,0.375,1.776,165.161,40.039,43.335, , , , , , ,-3.62,-28.707,-102.074
 13:50:26.007,eb:33:2e:f9:57:b5, 2015-01-01 00:14:35.030,1.116,0.493,1.66,150.024,57.556,63.538, , , , , , ,-2.955,-28.4,-101.843
 13:50:26.007,eb:33:2e:f9:57:b5, 2015-01-01 00:14:35.030,-0.105,0.508,2.593,166.016,82.764,30.579, , , , , , ,-2.291,-28.015,-101.591
 13:50:26.007,eb:33:2e:f9:57:b5, 2015-01-01 00:14:35.030,-2.569,-0.157,2.571,200.256,55.664,-0.244, , , , , , ,-1.368,-27.642,-101.585
 13:50:26.007,eb:33:2e:f9:57:b5, 2015-01-01 00:14:35.030,-2.146,-1.128,2.193,222.534,4.822,40.1, , , , , , ,-0.346,-27.526,-101.47
 13:50:26.008,eb:33:2e:f9:57:b5, 2015-01-01 00:14:35.030,-0.334,-1.056,2.732,240.967,-22.766,82.764, , , , , , ,0.659,-27.554,-101.146
 13:50:26.008,eb:33:2e:f9:57:b5, 2015-01-01 00:14:35.030,0.773,-0.046,3.89,292.358,-35.522,78.796, , , , , , ,1.785,-27.697,-100.679
 13:50:26.096,eb:33:2e:f9:57:b5, 2015-01-01 00:14:35.030,0.506,-0.553,5.543,365.601,-55.42,60.73, , , , , , ,3.296,-27.955,-100.322
 13:50:26.096,eb:33:2e:f9:57:b5, 2015-01-01 00:14:35.030,-0.05,-1.346,7.019,466.064,-62.805,51.636, , , , , , ,5.295,-28.262,-100.047
 13:50:26.096,eb:33:2e:f9:57:b5, 2015-01-01 00:14:35.030,0.767,-2.127,8.715,572.998,-26.672,37.231, , , , , , ,7.855,-28.455,-99.904
 13:50:26.096,eb:33:2e:f9:57:b5, 2015-01-01 00:14:35.030,2.558,-3.138,10.555,688.171,69.58,20.996, , , , , , ,10.981,-28.339,-99.717
 13:50:26.096,eb:33:2e:f9:57:b5, 2015-01-01 00:14:35.030,4.322,-3.456,11.499,795.41,193.726,0.427, , , , , , ,14.639,-27.642,-99.492
 13:50:26.096,eb:33:2e:f9:57:b5, 2015-01-01 00:14:35.030,4.1,-2.589,11.081,913.025,283.386,-18.066, , , , , , ,18.809,-26.461,-99.163
 13:50:26.096,eb:33:2e:f9:57:b5, 2015-01-01 00:14:35.030,3.513,-2.247,13.685,1014.587,536.926,-15.198, , , , , , ,23.39,-24.434,-98.47
 13:50:26.096,eb:33:2e:f9:57:b5, 2015-01-01 00:14:35.030,3.327,-1.902,14.234,1045.166,773.193,39.124, , , , , , ,27.872,-21.352,-96.735
 13:50:26.118,eb:33:2e:f9:57:b5, 2015-01-01 00:14:35.455,2.366,-0.278,12.138,1069.092,800.903,28.687, , , , , , ,32.415,-17.809,-94.433
 13:50:26.118,eb:33:2e:f9:57:b5, 2015-01-01 00:14:35.455,2.596,1.661,7.758,1021.179,611.572,30.396, , , , , , ,37.035,-15.024,-92.247
 13:50:26.118,eb:33:2e:f9:57:b5, 2015-01-01 00:14:35.455,2.86,2.759,3.604,807.007,352.234,36.865, , , , , , ,41.171,-13.359,-90.714
 13:50:26.118,eb:33:2e:f9:57:b5, 2015-01-01 00:14:35.455,2.379,-0.144,-0.31,538.33,206.787,112.61, , , , , , ,44.094,-12.662,-89.522
 13:50:26.118,eb:33:2e:f9:57:b5, 2015-01-01 00:14:35.455,0.99,0.484,1.703,445.129,227.844,171.57, , , , , , ,46.181,-12.448,-88.264
 13:50:26.118,eb:33:2e:f9:57:b5, 2015-01-01 00:14:35.455,0.265,0.886,5.995,535.461,264.038,237.183, , , , , , ,48.296,-12.475,-86.506
 13:50:26.118,eb:33:2e:f9:57:b5, 2015-01-01 00:14:35.455,0.671,3.189,5.324,551.819,160.095,226.929, , , , , , ,50.702,-12.552,-84.935
 13:50:26.119,eb:33:2e:f9:57:b5, 2015-01-01 00:14:35.455,0.948,2.284,7.356,496.521,68.481,199.707, , , , , , ,53.031,-13.09,-83.864
 13:50:26.164,eb:33:2e:f9:57:b5, 2015-01-01 00:14:35.455,1.057,0.377,7.127,517.578,-2.686,177.612, , , , , , ,55.421,-13.804,-83.188
 13:50:26.164,eb:33:2e:f9:57:b5, 2015-01-01 00:14:35.455,1.174,0.408,7.21,532.532,-20.02,115.54, , , , , , ,57.969,-14.42,-82.853
 13:50:26.164,eb:33:2e:f9:57:b5, 2015-01-01 00:14:35.455,1.266,0.31,8.779,556.03,2.686,27.283, , , , , , ,60.634,-14.667,-82.76
 13:50:26.164,eb:33:2e:f9:57:b5, 2015-01-01 00:14:35.455,1.653,-0.036,9.8,576.721,36.377,-55.115, , , , , , ,63.468,-14.518,-82.705
 13:50:26.164,eb:33:2e:f9:57:b5, 2015-01-01 00:14:35.455,1.846,-0.683,10.053,583.252,74.158,-142.151, , , , , , ,66.363,-13.898,-82.65
 13:50:26.164,eb:33:2e:f9:57:b5, 2015-01-01 00:14:35.455,1.906,-1.408,9.322,571.35,112,-219.971, , , , , , ,69.23,-12.838,-82.551
 13:50:26.164,eb:33:2e:f9:57:b5, 2015-01-01 00:14:35.455,1.932,-2.049,8.643,541.748,143.066,-284.973, , , , , , ,71.9,-11.338,-82.392
 13:50:26.164,eb:33:2e:f9:57:b5, 2015-01-01 00:14:35.455,1.902,-2.562,8.289,501.221,167.847,-343.933, , , , , , ,74.432,-9.569,-82.09
 13:50:26.186,eb:33:2e:f9:57:b5, 2015-01-01 00:14:35.455,1.888,-2.889,7.742,456.482,180.969,-392.212, , , , , , ,76.745,-7.537,-81.672
 13:50:26.186,eb:33:2e:f9:57:b5, 2015-01-01 00:14:35.455,1.786,-3.195,7.134,411.377,184.814,-428.406, , , , , , ,78.838,-5.306,-81.205
 13:50:26.186,eb:33:2e:f9:57:b5, 2015-01-01 00:14:35.455,1.623,-3.703,6.643,369.446,174.927,-445.618, , , , , , ,80.64,-2.928,-80.744
 13:50:26.186,eb:33:2e:f9:57:b5, 2015-01-01 00:14:35.455,1.469,-4.26,6.276,329.651,161.499,-446.472, , , , , , ,82.354,-0.593,-80.25
 13:50:26.186,eb:33:2e:f9:57:b5, 2015-01-01 00:14:35.455,1.274,-4.659,5.895,288.818,148.804,-426.636, , , , , , ,83.886,1.659,-79.733
 13:50:26.186,eb:33:2e:f9:57:b5, 2015-01-01 00:14:35.455,1.017,-4.86,5.479,244.69,138.367,-388.489, , , , , , ,85.221,3.741,-79.217
 13:50:26.186,eb:33:2e:f9:57:b5, 2015-01-01 00:14:35.455,0.823,-4.999,5.099,197.449,133.789,-337.28, , , , , , ,86.237,5.625,-78.723
 13:50:26.186,eb:33:2e:f9:57:b5, 2015-01-01 00:14:35.455,0.741,-5.14,4.831,150.024,134.705,-276.001, , , , , , ,87.149,7.169,-78.135
 13:50:26.209,eb:33:2e:f9:57:b5, 2015-01-01 00:14:35.455,0.752,-5.243,4.683,104.37,142.09,-211.365, , , , , , ,87.847,8.388,-77.47
 13:50:26.209,eb:33:2e:f9:57:b5, 2015-01-01 00:14:35.455,0.895,-5.342,4.497,61.646,154.663,-145.386, , , , , , ,88.352,9.267,-76.745
 13:50:26.209,eb:33:2e:f9:57:b5, 2015-01-01 00:14:35.455,1.161,-5.381,4.329,20.935,171.326,-85.144, , , , , , ,88.55,9.882,-75.992
 13:50:26.209,eb:33:2e:f9:57:b5, 2015-01-01 00:14:35.455,1.43,-5.303,4.014,-19.653,183.533,-34.912, , , , , , ,88.687,10.179,-75.086
 13:50:26.209,eb:33:2e:f9:57:b5, 2015-01-01 00:14:35.455,1.555,-5.18,3.337,-62.317,184.509,4.272, , , , , , ,88.632,10.25,-74.13
 13:50:26.210,eb:33:2e:f9:57:b5, 2015-01-01 00:14:35.455,1.537,-5.143,2.143,-110.168,160.828,34.79, , , , , , ,88.336,10.157,-73.251
 13:50:26.210,eb:33:2e:f9:57:b5, 2015-01-01 00:14:35.455,1.553,-5.318,0.536,-172.058,117.493,64.27, , , , , , ,87.594,9.976,-72.625
 13:50:26.210,eb:33:2e:f9:57:b5, 2015-01-01 00:14:35.455,1.946,-5.666,-0.962,-254.944,64.026,94.482, , , , , , ,86.572,9.586,-72.169
 13:50:26.252,eb:33:2e:f9:57:b5, 2015-01-01 00:14:35.455,2.415,-5.831,-1.597,-355.957,13.611,117.798, , , , , , ,85.034,9.047,-71.944
 13:50:26.252,eb:33:2e:f9:57:b5, 2015-01-01 00:14:35.455,2.765,-5.487,-1.224,-461.975,-28.809,116.15, , , , , , ,82.936,8.454,-71.944
 13:50:26.252,eb:33:2e:f9:57:b5, 2015-01-01 00:14:35.455,2.905,-4.841,-0.642,-563.843,-63.049,93.14, , , , , , ,80.167,7.954,-72.191
 13:50:26.252,eb:33:2e:f9:57:b5, 2015-01-01 00:14:35.455,3.121,-4.243,-0.314,-657.104,-90.149,62.622, , , , , , ,77.02,7.504,-72.51
 13:50:26.252,eb:33:2e:f9:57:b5, 2015-01-01 00:14:35.455,3.217,-3.734,-0.05,-741.943,-116.272,23.987, , , , , , ,73.416,7.174,-72.96
 13:50:26.252,eb:33:2e:f9:57:b5, 2015-01-01 00:14:35.455,3.095,-3.295,0.317,-811.096,-145.203,-17.09, , , , , , ,69.417,6.971,-73.597
 13:50:26.252,eb:33:2e:f9:57:b5, 2015-01-01 00:14:35.455,3.108,-2.962,0.965,-864.807,-172.607,-58.96, , , , , , ,64.957,6.883,-74.509
 13:50:26.252,eb:33:2e:f9:57:b5, 2015-01-01 00:14:35.455,2.947,-2.693,1.728,-901.184,-209.961,-90.759, , , , , , ,60.397,6.779,-75.564
 13:50:26.298,eb:33:2e:f9:57:b5, 2015-01-01 00:14:35.455,2.863,-2.306,2.706,-929.993,-241.211,-131.165, , , , , , ,55.651,6.663,-76.838
 13:50:26.298,eb:33:2e:f9:57:b5, 2015-01-01 00:14:35.455,2.562,-1.871,3.47,-954.163,-272.034,-162.903, , , , , , ,50.751,6.487,-78.338
 13:50:26.298,eb:33:2e:f9:57:b5, 2015-01-01 00:14:35.455,2.26,-1.453,4.07,-970.398,-316.467,-188.843, , , , , , ,45.599,6.18,-80.123
 13:50:26.298,eb:33:2e:f9:57:b5, 2015-01-01 00:14:35.455,2.144,-1.17,4.667,-977.295,-372.498,-210.632, , , , , , ,40.523,5.598,-82.062
 13:50:26.298,eb:33:2e:f9:57:b5, 2015-01-01 00:14:35.455,2.162,-0.949,5.309,-974.976,-429.993,-227.539, , , , , , ,35.447,4.675,-84.194
 13:50:26.298,eb:33:2e:f9:57:b5, 2015-01-01 00:14:35.455,2.147,-0.674,5.902,-966.858,-474.609,-239.197, , , , , , ,30.432,3.395,-86.429
 13:50:26.298,eb:33:2e:f9:57:b5, 2015-01-01 00:14:35.455,2.046,-0.236,6.566,-947.266,-501.526,-254.639, , , , , , ,25.395,1.78,-88.737
 13:50:26.298,eb:33:2e:f9:57:b5, 2015-01-01 00:14:35.455,1.49,0.215,6.797,-918.884,-516.357,-262.878, , , , , , ,20.709,-0.049,-90.928
 13:50:26.321,eb:33:2e:f9:57:b5, 2015-01-01 00:14:35.455,1.047,0.543,6.423,-881.775,-539.673,-258.728, , , , , , ,16.265,-2.153,-93.016
 13:50:26.321,eb:33:2e:f9:57:b5, 2015-01-01 00:14:35.455,0.758,0.716,6.17,-839.722,-553.955,-244.324, , , , , , ,12.085,-4.499,-94.911
 13:50:26.321,eb:33:2e:f9:57:b5, 2015-01-01 00:14:35.455,0.582,0.56,5.921,-794.434,-567.993,-220.276, , , , , , ,8.036,-7.119,-96.559
 13:50:26.321,eb:33:2e:f9:57:b5, 2015-01-01 00:14:35.455,0.305,0.363,5.537,-753.113,-572.51,-192.627, , , , , , ,4.384,-9.844,-97.899
 13:50:26.321,eb:33:2e:f9:57:b5, 2015-01-01 00:14:35.455,0.344,0.083,4.728,-713.318,-581.238,-157.593, , , , , , ,0.939,-12.689,-98.921
 13:50:26.321,eb:33:2e:f9:57:b5, 2015-01-01 00:14:35.455,0.381,0.003,4.041,-680.237,-593.506,-118.958, , , , , , ,-2.362,-15.634,-99.58
 13:50:26.321,eb:33:2e:f9:57:b5, 2015-01-01 00:14:35.455,0.302,0.122,3.703,-655.334,-609.741,-84.961, , , , , , ,-5.757,-18.732,-99.86
 13:50:26.321,eb:33:2e:f9:57:b5, 2015-01-01 00:14:35.455,0.041,0.228,3.422,-632.141,-641.602,-49.805, , , , , , ,-8.998,-21.879,-99.767
 13:50:26.388,eb:33:2e:f9:57:b5, 2015-01-01 00:14:35.455,-0.19,0.253,3.115,-608.398,-692.383,-19.653, , , , , , ,-12.294,-25.192,-99.283
 13:50:26.388,eb:33:2e:f9:57:b5, 2015-01-01 00:14:35.455,-0.44,0.229,2.829,-582.764,-757.202,16.113, , , , , , ,-15.716,-28.735,-98.278
 13:50:26.388,eb:33:2e:f9:57:b5, 2015-01-01 00:14:35.455,-0.546,0.258,2.814,-557.495,-823.486,62.073, , , , , , ,-19.567,-32.514,-96.581
 13:50:26.388,eb:33:2e:f9:57:b5, 2015-01-01 00:14:35.455,-0.639,0.496,3.514,-536.438,-871.155,114.197, , , , , , ,-23.665,-36.31,-94.153
 13:50:26.388,eb:33:2e:f9:57:b5, 2015-01-01 00:14:35.455,-0.755,0.949,4.797,-520.813,-889.404,175.049, , , , , , ,-28.35,-39.952,-90.857
 13:50:26.388,eb:33:2e:f9:57:b5, 2015-01-01 00:14:35.455,-0.963,1.505,6.539,-510.925,-872.07,241.15, , , , , , ,-33.755,-43.176,-86.594
 13:50:26.388,eb:33:2e:f9:57:b5, 2015-01-01 00:14:35.455,-1.071,2.413,8.504,-506.958,-801.086,294.983, , , , , , ,-40.029,-45.687,-81.442
 13:50:26.389,eb:33:2e:f9:57:b5, 2015-01-01 00:14:35.455,-1.297,3.849,10.269,-505.798,-689.209,333.496, , , , , , ,-46.45,-47.274,-76.091
 13:50:26.455,eb:33:2e:f9:57:b5, 2015-01-01 00:14:35.455,-1.472,5.841,11.479,-498.962,-566.65,344.055, , , , , , ,-52.74,-47.961,-71.01
 13:50:26.455,eb:33:2e:f9:57:b5, 2015-01-01 00:14:35.455,-1.583,7.973,11.798,-478.088,-452.82,326.355, , , , , , ,-58.508,-47.983,-66.528
 13:50:26.455,eb:33:2e:f9:57:b5, 2015-01-01 00:14:35.455,-1.756,9.985,11.504,-427.368,-371.704,283.203, , , , , , ,-63.627,-47.571,-62.765
 13:50:26.455,eb:33:2e:f9:57:b5, 2015-01-01 00:14:35.455,-2.023,11.724,11.042,-347.229,-326.538,216.064, , , , , , ,-67.775,-47.153,-59.722
 13:50:26.455,eb:33:2e:f9:57:b5, 2015-01-01 00:14:35.455,-2.202,12.984,10.35,-245.789,-302.612,126.465, , , , , , ,-71.076,-46.928,-57.206
 13:50:26.455,eb:33:2e:f9:57:b5, 2015-01-01 00:14:35.455,-2.094,13.75,9.491,-148.499,-268.311,19.531, , , , , , ,-73.559,-47.06,-55.08
 13:50:26.455,eb:33:2e:f9:57:b5, 2015-01-01 00:14:35.455,-1.924,14.112,8.664,-76.233,-204.651,-90.881, , , , , , ,-75.256,-47.543,-53.542
 13:50:26.455,eb:33:2e:f9:57:b5, 2015-01-01 00:14:35.455,-1.771,14.046,7.852,-33.508,-111.45,-199.707, , , , , , ,-76.091,-48.494,-52.745
 13:50:26.502,eb:33:2e:f9:57:b5, 2015-01-01 00:14:35.455,-1.831,13.128,6.938,-9.155,-12.573,-293.152, , , , , , ,-76.108,-49.801,-52.872
 13:50:26.502,eb:33:2e:f9:57:b5, 2015-01-01 00:14:35.455,-2.182,11.357,6.059,15.503,68.909,-356.201, , , , , , ,-75.35,-51.372,-53.817
 13:50:26.502,eb:33:2e:f9:57:b5, 2015-01-01 00:14:35.455,-2.625,9.149,5.322,53.04,118.469,-381.592, , , , , , ,-73.861,-53.015,-55.508
 13:50:26.502,eb:33:2e:f9:57:b5, 2015-01-01 00:14:35.455,-3.096,6.937,4.664,104.126,138.855,-371.216, , , , , , ,-71.818,-54.63,-57.53
 13:50:26.502,eb:33:2e:f9:57:b5, 2015-01-01 00:14:35.455,-3.631,4.899,4.118,165.771,132.202,-333.313, , , , , , ,-69.351,-56.041,-59.705
 13:50:26.502,eb:33:2e:f9:57:b5, 2015-01-01 00:14:35.455,-5.273,6.021,9.429,757.507,717.773,-477.539, , , , , , ,-63.188,-56.909,-64.451
 13:50:26.502,eb:33:2e:f9:57:b5, 2015-01-01 00:14:35.455,9.456,3.49,-1.021,1231.506,278.625,-874.146, , , , , , ,-53.218,-58.414,-69.571
 13:50:26.502,eb:33:2e:f9:57:b5, 2015-01-01 00:14:35.455,8.283,11.447,8.901,660.4,741.333,-999.023, , , , , , ,-38.112,-61.15,-81.552
 13:50:26.546,eb:33:2e:f9:57:b5, 2015-01-01 00:14:35.860,-6.117,5.312,2.795,409.485,1345.825,-535.461, , , , , , ,-24.884,-57.568,-94.158
 13:50:26.546,eb:33:2e:f9:57:b5, 2015-01-01 00:14:35.860,-7.349,-2.582,1.619,334.595,709.717,349.731, , , , , , ,-21.566,-53.52,-95.982
 13:50:26.546,eb:33:2e:f9:57:b5, 2015-01-01 00:14:35.860,-6.403,-2.524,-0.029,312.988,682.434,105.713, , , , , , ,-19.655,-49.68,-96.449
 13:50:26.546,eb:33:2e:f9:57:b5, 2015-01-01 00:14:35.860,-4.896,3.184,-3.582,222.595,343.75,57.312, , , , , , ,-17.908,-47.324,-96.949
 13:50:26.546,eb:33:2e:f9:57:b5, 2015-01-01 00:14:35.860,-0.702,1.022,0.191,155.701,256.287,-50.293, , , , , , ,-16.523,-45.846,-97.663
 13:50:26.546,eb:33:2e:f9:57:b5, 2015-01-01 00:14:35.860,0.469,-0.961,0.847,148.376,216.064,21.423, , , , , , ,-15.348,-44.852,-98.234
 13:50:26.546,eb:33:2e:f9:57:b5, 2015-01-01 00:14:35.860,0.74,-0.248,0.919,159.058,206.299,140.32, , , , , , ,-14.777,-43.638,-97.987
 13:50:26.546,eb:33:2e:f9:57:b5, 2015-01-01 00:14:35.860,0.641,0.51,0.729,169.983,213.196,112.732, , , , , , ,-14.288,-42.424,-97.482
 13:50:26.569,eb:33:2e:f9:57:b5, 2015-01-01 00:14:35.860,-0.759,1.379,0.733,165.771,197.144,28.992, , , , , , ,-13.48,-41.325,-97.449
 13:50:26.569,eb:33:2e:f9:57:b5, 2015-01-01 00:14:35.860,-2.736,0.802,0.612,152.649,178.65,3.784, , , , , , ,-12.53,-40.424,-97.69
 13:50:26.569,eb:33:2e:f9:57:b5, 2015-01-01 00:14:35.860,-0.54,-1.432,0.384,142.944,124.084,57.983, , , , , , ,-11.755,-39.573,-97.795
 13:50:26.569,eb:33:2e:f9:57:b5, 2015-01-01 00:14:35.860,-0.185,0.092,0.261,148.071,75.684,53.711, , , , , , ,-11.212,-39.078,-97.504
 13:50:26.569,eb:33:2e:f9:57:b5, 2015-01-01 00:14:35.860,-0.208,-0.035,2.062,160.034,79.59,41.199, , , , , , ,-10.536,-38.639,-97.377
 13:50:26.569,eb:33:2e:f9:57:b5, 2015-01-01 00:14:35.860,0.87,0.488,1.855,157.654,71.655,67.81, , , , , , ,-9.904,-38.227,-97.103
 13:50:26.569,eb:33:2e:f9:57:b5, 2015-01-01 00:14:35.860,-0.197,0.356,2.716,165.039,96.741,47.913, , , , , , ,-9.229,-37.683,-96.927
 13:50:26.570,eb:33:2e:f9:57:b5, 2015-01-01 00:14:35.860,-2.06,-0.363,2.295,197.876,77.332,25.208, , , , , , ,-8.361,-37.194,-96.844
 13:50:26.591,eb:33:2e:f9:57:b5, 2015-01-01 00:14:35.860,-1.756,-0.768,1.484,219.971,8.789,56.641, , , , , , ,-7.438,-36.98,-96.647
 13:50:26.591,eb:33:2e:f9:57:b5, 2015-01-01 00:14:35.860,-0.466,-0.378,2.164,239.685,-33.142,82.031, , , , , , ,-6.564,-37.04,-96.169
 13:50:26.591,eb:33:2e:f9:57:b5, 2015-01-01 00:14:35.860,0.741,-0.023,3.11,265.991,-27.954,83.618, , , , , , ,-5.581,-37.095,-95.724
 13:50:26.591,eb:33:2e:f9:57:b5, 2015-01-01 00:14:35.860,0.092,-0.183,4.556,323.669,-40.161,68.909, , , , , , ,-4.378,-37.233,-95.235
 13:50:26.592,eb:33:2e:f9:57:b5, 2015-01-01 00:14:35.860,-0.978,-1.26,6.431,401.001,-23.132,59.937, , , , , , ,-2.774,-37.348,-94.878
 13:50:26.592,eb:33:2e:f9:57:b5, 2015-01-01 00:14:35.860,-0.447,-2.044,7.131,500.366,-3.296,54.199, , , , , , ,-0.698,-37.414,-94.504
 13:50:26.592,eb:33:2e:f9:57:b5, 2015-01-01 00:14:35.860,0.685,-2.415,7.982,591.98,46.021,50.598, , , , , , ,1.934,-37.2,-94.312
 13:50:26.592,eb:33:2e:f9:57:b5, 2015-01-01 00:14:35.860,1.484,-3.034,8.413,695.374,86.426,55.847, , , , , , ,4.977,-36.865,-93.933
 13:50:26.612,eb:33:2e:f9:57:b5, 2015-01-01 00:14:35.860,2.17,-3.334,8.586,790.283,112.305,38.391, , , , , , ,8.531,-36.348,-93.62
 13:50:26.612,eb:33:2e:f9:57:b5, 2015-01-01 00:14:35.860,2.075,-2.957,8.937,914.185,132.263,15.808, , , , , , ,12.678,-35.782,-93.323
 13:50:26.612,eb:33:2e:f9:57:b5, 2015-01-01 00:14:35.860,2.308,-3.425,12.213,1004.028,318.481,21.851, , , , , , ,17.303,-34.607,-92.972
 13:50:26.612,eb:33:2e:f9:57:b5, 2015-01-01 00:14:35.860,2.157,-4.533,14.369,1037.231,593.384,59.753, , , , , , ,21.769,-32.377,-91.774
 13:50:26.612,eb:33:2e:f9:57:b5, 2015-01-01 00:14:35.860,1.811,-2.895,12.49,1099.792,725.586,60.974, , , , , , ,26.136,-29.383,-89.813
 13:50:26.612,eb:33:2e:f9:57:b5, 2015-01-01 00:14:35.860,1.378,0.06,11.589,1121.399,727.478,46.387, , , , , , ,30.679,-26.301,-87.556
 13:50:26.612,eb:33:2e:f9:57:b5, 2015-01-01 00:14:35.860,2.114,0.523,7.697,970.825,570.862,43.396, , , , , , ,35.041,-23.593,-85.534
 13:50:26.612,eb:33:2e:f9:57:b5, 2015-01-01 00:14:35.860,2.432,3.154,0.906,677.002,381.775,29.785, , , , , , ,38.392,-21.918,-83.919
 13:50:26.659,eb:33:2e:f9:57:b5, 2015-01-01 00:14:35.860,2.316,-0.418,0.444,378.174,312.012,71.533, , , , , , ,40.331,-20.759,-82.601
 13:50:26.659,eb:33:2e:f9:57:b5, 2015-01-01 00:14:35.860,1.238,-5.175,2.764,307.251,387.024,253.418, , , , , , ,41.21,-20.028,-80.7
 13:50:26.659,eb:33:2e:f9:57:b5, 2015-01-01 00:14:35.860,0.708,-1.42,4.593,453.369,516.907,326.904, , , , , , ,42.237,-19.177,-77.882
 13:50:26.659,eb:33:2e:f9:57:b5, 2015-01-01 00:14:35.860,1.46,2.939,4.877,445.679,365.784,326.233, , , , , , ,43.61,-18.655,-74.954
 13:50:26.660,eb:33:2e:f9:57:b5, 2015-01-01 00:14:35.860,1.713,2.052,6.224,397.644,188.477,294.739, , , , , , ,44.973,-18.814,-72.823
 13:50:26.660,eb:33:2e:f9:57:b5, 2015-01-01 00:14:35.860,1.786,0.601,5.803,412.292,70.068,242.126, , , , , , ,46.549,-19.374,-71.417
 13:50:26.660,eb:33:2e:f9:57:b5, 2015-01-01 00:14:35.860,1.869,0.362,5.465,415.283,8.972,168.335, , , , , , ,48.356,-19.891,-70.675
 13:50:26.660,eb:33:2e:f9:57:b5, 2015-01-01 00:14:35.860,1.88,-0.135,6.663,427.673,-7.385,77.209, , , , , , ,50.328,-20.336,-70.291
 13:50:26.703,eb:33:2e:f9:57:b5, 2015-01-01 00:14:35.860,2.196,-0.35,7.76,449.402,-4.761,-18.494, , , , , , ,52.531,-20.402,-70.23
 13:50:26.703,eb:33:2e:f9:57:b5, 2015-01-01 00:14:35.860,2.467,-0.639,8.669,458.618,7.874,-120.667, , , , , , ,54.899,-20.078,-70.472
 13:50:26.703,eb:33:2e:f9:57:b5, 2015-01-01 00:14:35.860,2.29,-1.131,8.424,452.942,32.654,-222.351, , , , , , ,57.31,-19.149,-70.977
 13:50:26.703,eb:33:2e:f9:57:b5, 2015-01-01 00:14:35.860,2.048,-1.784,7.702,433.411,47.18,-309.57, , , , , , ,59.7,-17.864,-71.543
 13:50:26.703,eb:33:2e:f9:57:b5, 2015-01-01 00:14:35.860,1.812,-2.308,7.036,400.513,41.87,-384.033, , , , , , ,61.979,-16.188,-72.219
 13:50:26.703,eb:33:2e:f9:57:b5, 2015-01-01 00:14:35.860,1.722,-2.818,6.545,360.046,19.958,-443.726, , , , , , ,64.083,-14.238,-73.07
 13:50:26.703,eb:33:2e:f9:57:b5, 2015-01-01 00:14:35.860,1.656,-3.264,6.033,315.369,-10.986,-485.718, , , , , , ,65.934,-12.014,-74.141
 13:50:26.703,eb:33:2e:f9:57:b5, 2015-01-01 00:14:35.860,1.472,-3.695,5.627,263.794,-31.738,-510.925, , , , , , ,67.571,-9.756,-75.267
 13:50:26.727,eb:33:2e:f9:57:b5, 2015-01-01 00:14:35.860,0.999,-4.245,5.151,204.468,-37.781,-507.08, , , , , , ,68.884,-7.443,-76.371
 13:50:26.727,eb:33:2e:f9:57:b5, 2015-01-01 00:14:35.860,0.603,-4.84,4.746,144.287,-37.537,-470.886, , , , , , ,69.84,-5.224,-77.415
 13:50:26.727,eb:33:2e:f9:57:b5, 2015-01-01 00:14:35.860,0.458,-5.197,4.525,87.158,-33.203,-411.133, , , , , , ,70.373,-3.153,-78.382
 13:50:26.727,eb:33:2e:f9:57:b5, 2015-01-01 00:14:35.860,0.382,-5.293,4.566,32.41,-18.677,-342.59, , , , , , ,70.67,-1.445,-79.124
 13:50:26.727,eb:33:2e:f9:57:b5, 2015-01-01 00:14:35.860,0.3,-5.333,4.604,-17.883,4.15,-268.311, , , , , , ,70.686,-0.044,-79.618
 13:50:26.727,eb:33:2e:f9:57:b5, 2015-01-01 00:14:35.860,0.412,-5.366,4.461,-65.918,30.334,-193.42, , , , , , ,70.45,1.038,-79.898
 13:50:26.727,eb:33:2e:f9:57:b5, 2015-01-01 00:14:35.860,0.629,-5.313,4.082,-114.563,52.246,-121.521, , , , , , ,69.862,1.89,-80.013
 13:50:26.728,eb:33:2e:f9:57:b5, 2015-01-01 00:14:35.860,0.866,-5.185,3.471,-162.72,64.697,-60.486, , , , , , ,69.153,2.39,-79.871
 13:50:26.771,eb:33:2e:f9:57:b5, 2015-01-01 00:14:35.860,0.934,-5.126,2.466,-208.679,55.237,-7.263, , , , , , ,68.209,2.637,-79.618
 13:50:26.771,eb:33:2e:f9:57:b5, 2015-01-01 00:14:35.860,0.996,-5.254,1.166,-255.737,17.517,42.297, , , , , , ,67.033,2.598,-79.415
 13:50:26.771,eb:33:2e:f9:57:b5, 2015-01-01 00:14:35.860,1.206,-5.491,-0.074,-310.608,-39.062,91.309, , , , , , ,65.479,2.302,-79.415
 13:50:26.771,eb:33:2e:f9:57:b5, 2015-01-01 00:14:35.860,1.514,-5.551,-0.713,-377.93,-97.778,135.071, , , , , , ,63.726,1.609,-79.497
 13:50:26.771,eb:33:2e:f9:57:b5, 2015-01-01 00:14:35.860,1.946,-5.196,-0.441,-453.613,-143.738,161.255, , , , , , ,61.6,0.648,-79.689
 13:50:26.771,eb:33:2e:f9:57:b5, 2015-01-01 00:14:35.860,2.134,-4.59,0.359,-535.034,-176.514,165.588, , , , , , ,59.09,-0.472,-80.002
 13:50:26.771,eb:33:2e:f9:57:b5, 2015-01-01 00:14:35.860,2.19,-3.866,1.077,-619.873,-188.538,147.583, , , , , , ,56.036,-1.566,-80.442
 13:50:26.771,eb:33:2e:f9:57:b5, 2015-01-01 00:14:35.860,2.274,-3.236,1.506,-703.857,-189.27,121.399, , , , , , ,52.701,-2.659,-80.821
 13:50:26.816,eb:33:2e:f9:57:b5, 2015-01-01 00:14:35.860,2.369,-2.698,1.81,-780.579,-188.171,90.271, , , , , , ,48.961,-3.647,-81.216
 13:50:26.816,eb:33:2e:f9:57:b5, 2015-01-01 00:14:35.860,2.462,-2.186,2.159,-850.403,-191.345,54.016, , , , , , ,44.874,-4.548,-81.672
 13:50:26.816,eb:33:2e:f9:57:b5, 2015-01-01 00:14:35.860,2.464,-1.656,2.615,-899.536,-199.097,7.996, , , , , , ,40.375,-5.317,-82.299
 13:50:26.816,eb:33:2e:f9:57:b5, 2015-01-01 00:14:35.860,2.385,-1.167,3.215,-929.443,-216.858,-47.424, , , , , , ,35.854,-6.064,-83.04
 13:50:26.816,eb:33:2e:f9:57:b5, 2015-01-01 00:14:35.860,2.151,-0.667,3.861,-942.078,-248.047,-99.976, , , , , , ,31.278,-6.823,-84.034
 13:50:26.816,eb:33:2e:f9:57:b5, 2015-01-01 00:14:35.860,1.918,-0.112,4.427,-937.561,-292.053,-151.794, , , , , , ,26.73,-7.701,-85.276
 13:50:26.816,eb:33:2e:f9:57:b5, 2015-01-01 00:14:35.860,1.63,0.2,4.924,-919.189,-346.313,-191.65, , , , , , ,22.154,-8.795,-86.803
 13:50:26.816,eb:33:2e:f9:57:b5, 2015-01-01 00:14:35.860,1.588,0.138,5.253,-894.592,-404.663,-220.886, , , , , , ,17.908,-10.228,-88.467
 13:50:26.860,eb:33:2e:f9:57:b5, 2015-01-01 00:14:36.240,1.692,-0.028,5.53,-868.896,-454.163,-248.535, , , , , , ,13.859,-11.997,-90.264
 13:50:26.860,eb:33:2e:f9:57:b5, 2015-01-01 00:14:36.240,1.691,-0.086,5.545,-851.807,-475.891,-263.733, , , , , , ,9.97,-14.019,-92.054
 13:50:26.860,eb:33:2e:f9:57:b5, 2015-01-01 00:14:36.240,1.407,-0.061,5.479,-833.435,-489.075,-272.217, , , , , , ,6.053,-16.221,-93.796
 13:50:26.860,eb:33:2e:f9:57:b5, 2015-01-01 00:14:36.240,1.114,-0.091,5.108,-812.5,-508.301,-266.907, , , , , , ,2.428,-18.616,-95.4
 13:50:26.860,eb:33:2e:f9:57:b5, 2015-01-01 00:14:36.240,0.665,-0.125,5.012,-791.382,-523.926,-252.502, , , , , , ,-1.082,-21.182,-96.839
 13:50:26.860,eb:33:2e:f9:57:b5, 2015-01-01 00:14:36.240,0.365,-0.264,4.877,-764.648,-544.067,-231.628, , , , , , ,-4.521,-23.912,-97.993
 13:50:26.860,eb:33:2e:f9:57:b5, 2015-01-01 00:14:36.240,0.227,-0.31,4.642,-735.046,-565.186,-208.984, , , , , , ,-8.064,-26.807,-98.828
 13:50:26.860,eb:33:2e:f9:57:b5, 2015-01-01 00:14:36.240,0.121,-0.451,4.159,-698.486,-600.647,-167.175, , , , , , ,-11.409,-29.839,-99.311
 13:50:26.906,eb:33:2e:f9:57:b5, 2015-01-01 00:14:36.240,-0.078,-0.51,3.818,-666.992,-634.46,-116.272, , , , , , ,-14.832,-33.014,-99.278
 13:50:26.906,eb:33:2e:f9:57:b5, 2015-01-01 00:14:36.240,-0.251,-0.495,3.855,-645.752,-658.936,-72.571, , , , , , ,-18.441,-36.249,-98.685
 13:50:26.906,eb:33:2e:f9:57:b5, 2015-01-01 00:14:36.240,-0.501,-0.475,4.322,-627.319,-685.608,-24.597, , , , , , ,-22.571,-39.479,-97.377
 13:50:26.906,eb:33:2e:f9:57:b5, 2015-01-01 00:14:36.240,-0.664,-0.415,4.819,-611.023,-712.83,19.592, , , , , , ,-26.96,-42.671,-95.394
 13:50:26.906,eb:33:2e:f9:57:b5, 2015-01-01 00:14:36.240,-0.919,-0.213,5.139,-594.421,-746.826,67.81, , , , , , ,-31.921,-45.731,-92.631
 13:50:26.906,eb:33:2e:f9:57:b5, 2015-01-01 00:14:36.240,-0.971,0.271,5.515,-580.627,-781.006,119.019, , , , , , ,-37.645,-48.604,-88.824
 13:50:26.906,eb:33:2e:f9:57:b5, 2015-01-01 00:14:36.240,-0.995,0.93,6.209,-569.519,-803.467,175.781, , , , , , ,-44.517,-51.053,-83.754
 13:50:26.906,eb:33:2e:f9:57:b5, 2015-01-01 00:14:36.240,-1.04,1.718,7.461,-557.922,-802.612,233.643, , , , , , ,-52.081,-52.949,-77.739
 13:50:26.930,eb:33:2e:f9:57:b5, 2015-01-01 00:14:36.240,-1.263,2.835,9.267,-540.344,-770.203,285.95, , , , , , ,-60.233,-54.025,-71.043
 13:50:26.930,eb:33:2e:f9:57:b5, 2015-01-01 00:14:36.240,-1.395,4.474,11.15,-514.343,-696.96,314.331, , , , , , ,-68.324,-54.234,-64.308
 13:50:26.930,eb:33:2e:f9:57:b5, 2015-01-01 00:14:36.240,-1.569,6.609,12.25,-478.943,-600.708,320.068, , , , , , ,-75.773,-53.597,-58.25
 13:50:26.930,eb:33:2e:f9:57:b5, 2015-01-01 00:14:36.240,-1.796,8.752,12.182,-432.861,-513.794,299.316, , , , , , ,-82.013,-52.603,-53.278
 13:50:26.930,eb:33:2e:f9:57:b5, 2015-01-01 00:14:36.240,-2.143,10.512,11.519,-367.31,-450.378,255.371, , , , , , ,-87.171,-51.454,-49.29
 13:50:26.930,eb:33:2e:f9:57:b5, 2015-01-01 00:14:36.240,-2.446,11.954,10.748,-283.264,-417.847,188.843, , , , , , ,-91.417,-50.394,-45.862
 13:50:26.930,eb:33:2e:f9:57:b5, 2015-01-01 00:14:36.240,-2.566,13.125,10,-194.702,-383.362,100.281, , , , , , ,-94.856,-49.504,-42.924
 13:50:26.930,eb:33:2e:f9:57:b5, 2015-01-01 00:14:36.240,-2.566,13.876,9.096,-118.652,-323.608,-5.005, , , , , , ,-97.592,-49.125,-40.292
 13:50:26.974,eb:33:2e:f9:57:b5, 2015-01-01 00:14:36.240,-2.457,14.055,8.056,-64.941,-233.765,-116.455, , , , , , ,-99.624,-49.279,-38.199
 13:50:26.974,eb:33:2e:f9:57:b5, 2015-01-01 00:14:36.240,-2.369,13.481,7.104,-34.607,-122.925,-220.581, , , , , , ,-101.014,-50.01,-36.672
 13:50:26.974,eb:33:2e:f9:57:b5, 2015-01-01 00:14:36.240,-2.443,12.074,6.231,-19.714,-11.108,-299.438, , , , , , ,-101.689,-51.24,-35.98
 13:50:26.974,eb:33:2e:f9:57:b5, 2015-01-01 00:14:36.240,-2.538,10.312,5.583,-7.141,95.642,-351.929, , , , , , ,-101.854,-52.927,-35.854
 13:50:26.974,eb:33:2e:f9:57:b5, 2015-01-01 00:14:36.240,-2.806,8.701,5.433,19.714,177.612,-371.765, , , , , , ,-101.321,-54.866,-36.508
 13:50:26.974,eb:33:2e:f9:57:b5, 2015-01-01 00:14:36.240,-2.964,7.28,5.26,68.726,220.947,-364.624, , , , , , ,-100.091,-56.871,-37.705
 13:50:26.974,eb:33:2e:f9:57:b5, 2015-01-01 00:14:36.240,-3.821,5.777,4.739,132.019,217.407,-340.271, , , , , , ,-98.124,-58.76,-39.441
 13:50:26.974,eb:33:2e:f9:57:b5, 2015-01-01 00:14:36.240,-1.082,3.631,6.371,572.754,647.949,-371.155, , , , , , ,-94.125,-60.496,-42.341
 13:50:27.019,eb:33:2e:f9:57:b5, 2015-01-01 00:14:36.240,2.318,-2.038,4.251,1224.915,-56.03,-247.62, , , , , , ,-85.32,-62.507,-46.906
 13:50:27.019,eb:33:2e:f9:57:b5, 2015-01-01 00:14:36.240,8.508,2.01,2.371,1202.148,-288.452,-1284.729, , , , , , ,-74.938,-67.495,-51.504
 13:50:27.019,eb:33:2e:f9:57:b5, 2015-01-01 00:14:36.240,2.882,4.844,7.511,901.123,1256.165,-597.839, , , , , , ,-56.305,-69.324,-66.171
 13:50:27.019,eb:33:2e:f9:57:b5, 2015-01-01 00:14:36.240,-4.121,-6.902,8.751,614.197,1042.847,116.699, , , , , , ,-39.337,-66.072,-80.42
 13:50:27.019,eb:33:2e:f9:57:b5, 2015-01-01 00:14:36.240,-4.844,-0.427,2.901,475.708,907.959,354.797, , , , , , ,-33.887,-61.452,-83.617
 13:50:27.019,eb:33:2e:f9:57:b5, 2015-01-01 00:14:36.240,-6.333,0.643,-1.604,400.208,583.984,317.078, , , , , , ,-30.679,-57.409,-84.814
 13:50:27.019,eb:33:2e:f9:57:b5, 2015-01-01 00:14:36.240,-5.507,9.374,-4.101,153.931,235.901,19.165, , , , , , ,-29.163,-55.481,-85.193
 13:50:27.019,eb:33:2e:f9:57:b5, 2015-01-01 00:14:36.240,1.454,0.381,-0.222,102.844,114.99,-203.674, , , , , , ,-27.147,-55.08,-86.918
 13:50:27.064,eb:33:2e:f9:57:b5, 2015-01-01 00:14:36.240,0.374,-2.515,0.901,135.254,142.7,66.162, , , , , , ,-25.812,-54.695,-87.88
 13:50:27.064,eb:33:2e:f9:57:b5, 2015-01-01 00:14:36.240,0.636,-0.108,0.809,129.089,147.644,132.202, , , , , , ,-25.477,-53.723,-87.462
 13:50:27.064,eb:33:2e:f9:57:b5, 2015-01-01 00:14:36.240,0.451,0.573,1.577,134.766,157.715,141.907, , , , , , ,-25.225,-52.723,-86.946
 13:50:27.064,eb:33:2e:f9:57:b5, 2015-01-01 00:14:36.240,-1.161,1.266,0.478,132.935,138.855,72.205, , , , , , ,-24.763,-51.833,-86.66
 13:50:27.064,eb:33:2e:f9:57:b5, 2015-01-01 00:14:36.240,-0.944,0.594,0.331,109.009,131.897,47.974, , , , , , ,-24.06,-51.103,-86.874
 13:50:27.064,eb:33:2e:f9:57:b5, 2015-01-01 00:14:36.240,-0.142,-0.414,1.059,129.761,81.543,60.364, , , , , , ,-23.56,-50.499,-86.737
 13:50:27.064,eb:33:2e:f9:57:b5, 2015-01-01 00:14:36.240,-0.284,0.212,0.76,131.653,60.791,44.006, , , , , , ,-22.994,-50.109,-86.611
 13:50:27.064,eb:33:2e:f9:57:b5, 2015-01-01 00:14:36.240,-0.172,-0.542,1.897,146.545,64.88,55.42, , , , , , ,-22.418,-49.719,-86.462
 13:50:27.087,eb:33:2e:f9:57:b5, 2015-01-01 00:14:36.240,0.68,0.337,2.376,166.992,52.856,54.077, , , , , , ,-21.791,-49.334,-86.281
 13:50:27.087,eb:33:2e:f9:57:b5, 2015-01-01 00:14:36.240,0.839,0.455,2.602,175.476,78.247,54.565, , , , , , ,-21.11,-48.944,-86.039
 13:50:27.087,eb:33:2e:f9:57:b5, 2015-01-01 00:14:36.240,-0.953,0.059,2.805,207.092,84.351,12.024, , , , , , ,-20.121,-48.466,-86.067
 13:50:27.087,eb:33:2e:f9:57:b5, 2015-01-01 00:14:36.240,-2.378,-0.353,1.657,235.291,20.264,9.46, , , , , , ,-18.935,-48.241,-86.149
 13:50:27.087,eb:33:2e:f9:57:b5, 2015-01-01 00:14:36.240,-1.895,-1.032,2.249,255.188,-16.113,49.866, , , , , , ,-17.886,-48.192,-85.946
 13:50:27.087,eb:33:2e:f9:57:b5, 2015-01-01 00:14:36.240,0.254,-0.622,3.041,282.104,-40.71,67.444, , , , , , ,-16.93,-48.241,-85.419
 13:50:27.087,eb:33:2e:f9:57:b5, 2015-01-01 00:14:36.240,1.338,-0.311,4.32,331.116,-33.875,59.448, , , , , , ,-15.804,-48.367,-84.842
 13:50:27.087,eb:33:2e:f9:57:b5, 2015-01-01 00:14:36.240,0.302,-0.842,6.112,404.114,-0.183,39.734, , , , , , ,-14.205,-48.351,-84.496
 13:50:27.130,eb:33:2e:f9:57:b5, 2015-01-01 00:14:36.240,-0.621,-1.131,6.393,500.305,-0.61,19.104, , , , , , ,-12.047,-48.285,-84.348
 13:50:27.130,eb:33:2e:f9:57:b5, 2015-01-01 00:14:36.240,0.101,-2.065,7.114,595.703,7.69,0.183, , , , , , ,-9.322,-48.296,-84.271
 13:50:27.130,eb:33:2e:f9:57:b5, 2015-01-01 00:14:36.240,1.734,-2.435,8.318,690.43,54.26,-5.859, , , , , , ,-5.883,-48.005,-84.556
 13:50:27.130,eb:33:2e:f9:57:b5, 2015-01-01 00:14:36.240,3.029,-3.196,9.635,769.043,151.978,-9.338, , , , , , ,-2.098,-47.45,-84.677
 13:50:27.130,eb:33:2e:f9:57:b5, 2015-01-01 00:14:36.240,3.541,-3.856,9.836,850.464,252.93,-18.921, , , , , , ,2.054,-46.373,-84.82
 13:50:27.130,eb:33:2e:f9:57:b5, 2015-01-01 00:14:36.240,3.343,-3.348,9.858,939.27,401.672,-21.301, , , , , , ,6.57,-44.681,-84.803
 13:50:27.130,eb:33:2e:f9:57:b5, 2015-01-01 00:14:36.240,3.946,-3.598,11.061,981.567,593.14,-6.287, , , , , , ,11.173,-41.979,-84.534
 13:50:27.130,eb:33:2e:f9:57:b5, 2015-01-01 00:14:36.240,4.545,-2.675,9.621,1037.17,637.024,-2.075, , , , , , ,15.617,-38.897,-83.551
 13:50:27.177,eb:33:2e:f9:57:b5, 2015-01-01 00:14:36.530,3.307,-0.452,8.986,1087.158,573.364,-51.086, , , , , , ,20.319,-35.925,-82.628
 13:50:27.177,eb:33:2e:f9:57:b5, 2015-01-01 00:14:36.530,1.617,0.71,8.128,1102.539,457.031,-104.797, , , , , , ,25.422,-33.426,-81.903
 13:50:27.177,eb:33:2e:f9:57:b5, 2015-01-01 00:14:36.530,0.642,1.16,5.387,996.582,323.12,-148.682, , , , , , ,30.569,-31.284,-81.727
 13:50:27.177,eb:33:2e:f9:57:b5, 2015-01-01 00:14:36.530,1.578,1.095,1.88,757.385,205.444,-103.271, , , , , , ,34.777,-29.861,-81.552
 13:50:27.177,eb:33:2e:f9:57:b5, 2015-01-01 00:14:36.530,2.408,0.365,-0.695,491.638,101.685,-61.096, , , , , , ,37.859,-29.059,-81.436
 13:50:27.177,eb:33:2e:f9:57:b5, 2015-01-01 00:14:36.530,0.668,-3.521,0.697,292.48,171.692,51.88, , , , , , ,39.43,-28.537,-81.041
 13:50:27.177,eb:33:2e:f9:57:b5, 2015-01-01 00:14:36.530,0.466,-2.613,4.9,360.718,363.647,175.293, , , , , , ,40.347,-27.636,-79.497
 13:50:27.177,eb:33:2e:f9:57:b5, 2015-01-01 00:14:36.530,0.886,0.724,1.795,265.503,340.637,227.6, , , , , , ,40.908,-26.999,-77.289
 13:50:27.220,eb:33:2e:f9:57:b5, 2015-01-01 00:14:36.530,1.599,0.304,3.198,118.896,273.499,270.386, , , , , , ,40.908,-26.691,-75.108
 13:50:27.220,eb:33:2e:f9:57:b5, 2015-01-01 00:14:36.530,1.264,-0.583,4.688,108.582,228.088,287.537, , , , , , ,40.501,-26.669,-73.01
 13:50:27.220,eb:33:2e:f9:57:b5, 2015-01-01 00:14:36.530,1.688,-0.071,4.994,117.615,168.701,249.878, , , , , , ,40.314,-26.642,-71.334
 13:50:27.220,eb:33:2e:f9:57:b5, 2015-01-01 00:14:36.530,1.63,0.524,5.722,153.809,118.347,205.139, , , , , , ,40.342,-26.851,-69.873
 13:50:27.220,eb:33:2e:f9:57:b5, 2015-01-01 00:14:36.530,1.433,0.789,6.691,226.624,80.139,133.789, , , , , , ,40.946,-26.999,-68.824
 13:50:27.220,eb:33:2e:f9:57:b5, 2015-01-01 00:14:36.530,1.723,0.535,7.414,310.73,32.41,55.298, , , , , , ,42.078,-27.098,-68.258
 13:50:27.221,eb:33:2e:f9:57:b5, 2015-01-01 00:14:36.530,1.823,-0.062,7.702,377.075,-0.977,-38.452, , , , , , ,43.885,-26.906,-68.357
 13:50:27.221,eb:33:2e:f9:57:b5, 2015-01-01 00:14:36.530,1.605,-0.64,7.167,407.776,-9.216,-129.822, , , , , , ,46.06,-26.598,-68.758
 13:50:27.266,eb:33:2e:f9:57:b5, 2015-01-01 00:14:36.530,1.384,-0.973,6.474,394.653,-9.033,-215.332, , , , , , ,48.433,-25.933,-69.461
 13:50:27.266,eb:33:2e:f9:57:b5, 2015-01-01 00:14:36.530,1.321,-1.399,5.735,338.562,-2.869,-294.067, , , , , , ,50.674,-24.95,-70.428
 13:50:27.266,eb:33:2e:f9:57:b5, 2015-01-01 00:14:36.530,1.452,-2.025,4.769,252.991,8.911,-357.239, , , , , , ,52.597,-23.478,-71.653
 13:50:27.266,eb:33:2e:f9:57:b5, 2015-01-01 00:14:36.530,1.415,-2.535,4.087,153.625,27.588,-401.367, , , , , , ,54.014,-21.868,-72.817
 13:50:27.266,eb:33:2e:f9:57:b5, 2015-01-01 00:14:36.530,1.126,-3.024,3.801,56.702,55.847,-428.284, , , , , , ,54.888,-20.017,-73.894
 13:50:27.266,eb:33:2e:f9:57:b5, 2015-01-01 00:14:36.530,0.886,-3.385,3.826,-16.113,65.979,-439.514, , , , , , ,55.278,-18.04,-74.938
 13:50:27.266,eb:33:2e:f9:57:b5, 2015-01-01 00:14:36.530,0.831,-3.528,3.939,-60.303,52.551,-434.509, , , , , , ,55.344,-15.93,-76.075
 13:50:27.266,eb:33:2e:f9:57:b5, 2015-01-01 00:14:36.530,0.81,-3.565,4.07,-83.74,34.241,-417.236, , , , , , ,55.245,-14.068,-77.151
 13:50:27.288,eb:33:2e:f9:57:b5, 2015-01-01 00:14:36.530,0.779,-3.604,4.176,-95.703,21.851,-393.311, , , , , , ,55.031,-12.327,-78.201
 13:50:27.288,eb:33:2e:f9:57:b5, 2015-01-01 00:14:36.530,0.732,-3.688,4.216,-103.088,16.968,-359.619, , , , , , ,54.734,-10.739,-79.222
 13:50:27.288,eb:33:2e:f9:57:b5, 2015-01-01 00:14:36.530,0.766,-3.807,4.119,-111.755,19.165,-317.383, , , , , , ,54.294,-9.19,-80.222
 13:50:27.288,eb:33:2e:f9:57:b5, 2015-01-01 00:14:36.530,0.891,-3.913,3.812,-128.174,32.043,-266.785, , , , , , ,53.806,-7.949,-80.969
 13:50:27.288,eb:33:2e:f9:57:b5, 2015-01-01 00:14:36.530,0.945,-3.993,3.242,-154.663,50.354,-210.999, , , , , , ,53.152,-6.872,-81.469
 13:50:27.288,eb:33:2e:f9:57:b5, 2015-01-01 00:14:36.530,0.738,-4.113,2.328,-188.171,58.044,-153.992, , , , , , ,52.311,-5.993,-81.782
 13:50:27.288,eb:33:2e:f9:57:b5, 2015-01-01 00:14:36.530,0.42,-4.346,1.108,-224.976,34.302,-93.262, , , , , , ,51.202,-5.257,-82.046
 13:50:27.288,eb:33:2e:f9:57:b5, 2015-01-01 00:14:36.530,0.403,-4.705,-0.061,-265.259,-21.362,-20.874, , , , , , ,49.971,-5.054,-82.194
 13:50:27.334,eb:33:2e:f9:57:b5, 2015-01-01 00:14:36.530,0.852,-4.908,-0.624,-314.331,-81.97,51.697, , , , , , ,48.51,-5.323,-82.321
 13:50:27.334,eb:33:2e:f9:57:b5, 2015-01-01 00:14:36.530,1.327,-4.733,-0.369,-371.46,-125.549,110.779, , , , , , ,46.78,-6.021,-82.425
 13:50:27.334,eb:33:2e:f9:57:b5, 2015-01-01 00:14:36.530,1.604,-4.221,0.258,-434.143,-149.963,146.423, , , , , , ,44.643,-6.877,-82.551
 13:50:27.334,eb:33:2e:f9:57:b5, 2015-01-01 00:14:36.530,1.718,-3.569,0.723,-500.305,-163.391,163.33, , , , , , ,42.27,-7.993,-82.524
 13:50:27.334,eb:33:2e:f9:57:b5, 2015-01-01 00:14:36.530,1.779,-2.893,0.983,-568.359,-175.781,166.382, , , , , , ,39.545,-9.168,-82.436
 13:50:27.334,eb:33:2e:f9:57:b5, 2015-01-01 00:14:36.530,1.903,-2.219,1.171,-635.62,-190.125,157.349, , , , , , ,36.491,-10.393,-82.365
 13:50:27.334,eb:33:2e:f9:57:b5, 2015-01-01 00:14:36.530,2.256,-1.549,1.44,-698.792,-205.2,139.038, , , , , , ,33.003,-11.525,-82.397
 13:50:27.334,eb:33:2e:f9:57:b5, 2015-01-01 00:14:36.530,2.473,-0.85,1.884,-750.977,-223.083,107.239, , , , , , ,29.355,-12.772,-82.43
 13:50:27.403,eb:33:2e:f9:57:b5, 2015-01-01 00:14:36.530,2.445,-0.095,2.36,-791.382,-236.694,42.664, , , , , , ,25.549,-13.936,-82.678
 13:50:27.403,eb:33:2e:f9:57:b5, 2015-01-01 00:14:36.530,2.191,0.376,2.719,-816.65,-271.912,-24.963, , , , , , ,21.638,-15.112,-83.194
 13:50:27.403,eb:33:2e:f9:57:b5, 2015-01-01 00:14:36.530,1.989,0.533,2.97,-822.083,-304.871,-79.285, , , , , , ,17.633,-16.293,-84.034
 13:50:27.403,eb:33:2e:f9:57:b5, 2015-01-01 00:14:36.530,1.677,0.662,3.3,-819.031,-334.167,-122.498, , , , , , ,13.821,-17.699,-85.034
 13:50:27.403,eb:33:2e:f9:57:b5, 2015-01-01 00:14:36.530,1.018,0.845,3.372,-844.849,-311.89,-126.709, , , , , , ,9.992,-19.133,-86.111
 13:50:27.403,eb:33:2e:f9:57:b5, 2015-01-01 00:14:36.530,2.102,0.855,4.171,-812.622,-348.877,-206.482, , , , , , ,6.229,-20.698,-87.193
 13:50:27.403,eb:33:2e:f9:57:b5, 2015-01-01 00:14:36.530,1.618,0.819,5.382,-774.719,-387.939,-218.75, , , , , , ,2.642,-22.401,-88.517
 13:50:27.403,eb:33:2e:f9:57:b5, 2015-01-01 00:14:36.530,1.13,1.881,4.483,-749.573,-406.311,-252.075, , , , , , ,-0.615,-24.373,-89.879
 13:50:27.423,eb:33:2e:f9:57:b5, 2015-01-01 00:14:36.530,1.085,1.941,3.968,-718.018,-430.298,-268.433, , , , , , ,-3.68,-26.51,-91.274
 13:50:27.423,eb:33:2e:f9:57:b5, 2015-01-01 00:14:36.530,0.827,1.723,3.5,-688.599,-456.116,-274.78, , , , , , ,-6.575,-28.85,-92.587
 13:50:27.423,eb:33:2e:f9:57:b5, 2015-01-01 00:14:36.530,0.619,1.099,3.052,-655.273,-486.694,-268.677, , , , , , ,-9.465,-31.317,-93.763
 13:50:27.423,eb:33:2e:f9:57:b5, 2015-01-01 00:14:36.530,0.208,0.635,2.755,-619.141,-520.447,-247.375, , , , , , ,-12.129,-34.047,-94.691
 13:50:27.423,eb:33:2e:f9:57:b5, 2015-01-01 00:14:36.530,0.039,0.265,2.539,-579.651,-555.298,-218.872, , , , , , ,-14.76,-36.936,-95.339
 13:50:27.423,eb:33:2e:f9:57:b5, 2015-01-01 00:14:36.530,-0.188,-0.061,2.479,-539.368,-589.172,-176.636, , , , , , ,-17.43,-39.974,-95.51
 13:50:27.423,eb:33:2e:f9:57:b5, 2015-01-01 00:14:36.530,-0.351,-0.224,2.454,-505.554,-618.347,-134.033, , , , , , ,-20.407,-43.011,-95.125
 13:50:27.423,eb:33:2e:f9:57:b5, 2015-01-01 00:14:36.530,-0.597,-0.388,2.443,-479.919,-646.301,-84.839, , , , , , ,-23.555,-46.154,-94.131
 13:50:27.512,eb:33:2e:f9:57:b5, 2015-01-01 00:14:36.530,-0.958,-0.604,2.394,-459.595,-682.8,-23.376, , , , , , ,-27.23,-49.263,-92.362
 13:50:27.512,eb:33:2e:f9:57:b5, 2015-01-01 00:14:36.530,-1.194,-0.762,2.391,-445.19,-719.849,34.973, , , , , , ,-31.674,-52.3,-89.544
 13:50:27.512,eb:33:2e:f9:57:b5, 2015-01-01 00:14:36.530,-1.265,-0.798,2.421,-431.152,-758.484,96.252, , , , , , ,-37.282,-55.063,-85.435
 13:50:27.512,eb:33:2e:f9:57:b5, 2015-01-01 00:14:36.530,-1.241,-0.457,2.538,-424.255,-788.269,161.316, , , , , , ,-43.995,-57.574,-79.937
 13:50:27.512,eb:33:2e:f9:57:b5, 2015-01-01 00:14:36.530,-1.106,0.213,2.829,-429.26,-804.626,221.497, , , , , , ,-52.053,-59.507,-73.037
 13:50:27.513,eb:33:2e:f9:57:b5, 2015-01-01 00:14:36.530,-1.003,0.993,3.625,-439.819,-809.875,279.114, , , , , , ,-61.337,-60.656,-64.852
 13:50:27.513,eb:33:2e:f9:57:b5, 2015-01-01 00:14:36.530,-1,1.835,4.96,-447.998,-793.091,330.994, , , , , , ,-71.279,-60.705,-56.096
 13:50:27.513,eb:33:2e:f9:57:b5, 2015-01-01 00:14:36.530,-1.167,2.929,6.823,-447.632,-745.728,373.84, , , , , , ,-80.81,-59.897,-47.708
 13:50:27.515,eb:33:2e:f9:57:b5, 2015-01-01 00:14:36.865,-1.432,4.461,8.676,-435.364,-663.574,397.766, , , , , , ,-89.116,-58.255,-40.655
 13:50:27.515,eb:33:2e:f9:57:b5, 2015-01-01 00:14:36.865,-1.801,6.309,9.915,-406.006,-561.646,400.024, , , , , , ,-95.757,-56.124,-35.25
 13:50:27.551,eb:33:2e:f9:57:b5, 2015-01-01 00:14:36.865,-2.011,8.104,10.202,-358.887,-466.736,375.427, , , , , , ,-100.679,-53.734,-31.575
 13:50:27.551,eb:33:2e:f9:57:b5, 2015-01-01 00:14:36.865,-2.006,9.491,9.829,-296.509,-382.507,331.787, , , , , , ,-104.447,-51.57,-28.867
 13:50:27.551,eb:33:2e:f9:57:b5, 2015-01-01 00:14:36.865,-1.928,10.466,9.369,-226.013,-309.937,272.095, , , , , , ,-107.205,-49.669,-26.988
 13:50:27.551,eb:33:2e:f9:57:b5, 2015-01-01 00:14:36.865,-1.609,11.327,8.809,-158.203,-239.868,191.406, , , , , , ,-109.188,-48.186,-25.587
 13:50:27.551,eb:33:2e:f9:57:b5, 2015-01-01 00:14:36.865,-1.245,12.142,8.023,-102.844,-163.818,95.703, , , , , , ,-110.369,-47.159,-24.796
 13:50:27.552,eb:33:2e:f9:57:b5, 2015-01-01 00:14:36.865,-0.905,12.782,7.003,-64.331,-87.341,-12.878, , , , , , ,-111.292,-46.807,-24.077
 13:50:27.552,eb:33:2e:f9:57:b5, 2015-01-01 00:14:36.865,-0.895,12.8,5.858,-36.743,-27.893,-116.943, , , , , , ,-111.918,-47.065,-23.582
 13:50:27.552,eb:33:2e:f9:57:b5, 2015-01-01 00:14:36.865,-1.148,11.995,4.971,-8.362,12.146,-208.252, , , , , , ,-112.385,-47.867,-23.082
 13:50:27.552,eb:33:2e:f9:57:b5, 2015-01-01 00:14:36.865,-1.63,10.506,4.548,29.175,35.522,-270.935, , , , , , ,-112.505,-49.065,-22.813
 13:50:27.552,eb:33:2e:f9:57:b5, 2015-01-01 00:14:36.865,-2.19,8.716,4.459,77.271,48.34,-298.279, , , , , , ,-112.637,-50.488,-22.258
 13:50:27.552,eb:33:2e:f9:57:b5, 2015-01-01 00:14:36.865,-2.649,6.865,4.526,131.348,61.707,-295.715, , , , , , ,-112.473,-51.976,-21.813
 13:50:27.552,eb:33:2e:f9:57:b5, 2015-01-01 00:14:36.865,-2.623,4.838,4.366,193.542,74.036,-261.963, , , , , , ,-111.912,-53.394,-21.462
 13:50:27.553,eb:33:2e:f9:57:b5, 2015-01-01 00:14:36.865,-2.453,3.383,3.937,239.624,93.445,-207.886, , , , , , ,-110.836,-54.619,-21.423
 13:50:27.553,eb:33:2e:f9:57:b5, 2015-01-01 00:14:36.865,-2.187,2.166,3.385,283.081,107.788,-143.127, , , , , , ,-109.226,-55.596,-21.758
 13:50:27.581,eb:33:2e:f9:57:b5, 2015-01-01 00:14:36.865,-2.118,1.178,2.726,325.317,105.164,-76.172, , , , , , ,-107.155,-56.25,-22.44
 13:50:27.581,eb:33:2e:f9:57:b5, 2015-01-01 00:14:36.865,-1.739,0.296,2.509,498.047,230.347,-119.446, , , , , , ,-104.376,-56.678,-23.445
 13:50:27.581,eb:33:2e:f9:57:b5, 2015-01-01 00:14:36.865,0.333,-3.245,8.067,1295.166,-71.899,-94.299, , , , , , ,-97.712,-58.282,-25.697
 13:50:27.581,eb:33:2e:f9:57:b5, 2015-01-01 00:14:36.865,12.102,3.144,4.722,1244.69,-2.808,-1434.448, , , , , , ,-90.61,-63.166,-26.186
 13:50:27.581,eb:33:2e:f9:57:b5, 2015-01-01 00:14:36.865,5.523,7.687,8.956,625.244,700.378,-743.347, , , , , , ,-86.55,-68.604,-25.9
 13:50:27.581,eb:33:2e:f9:57:b5, 2015-01-01 00:14:36.865,-7.004,1.451,1.537,342.224,876.038,-104.431, , , , , , ,-70.038,-69.587,-41.188
 13:50:27.581,eb:33:2e:f9:57:b5, 2015-01-01 00:14:36.865,-5.98,-2.536,-0.343,299.5,739.502,172.913, , , , , , ,-61.062,-67.451,-49.18
 13:50:27.581,eb:33:2e:f9:57:b5, 2015-01-01 00:14:36.865,-10.3,-2.218,-2.478,117.615,590.576,16.846, , , , , , ,-53.086,-65.171,-56.717
 13:50:27.627,eb:33:2e:f9:57:b5, 2015-01-01 00:14:36.865,-5.001,0.727,-4.294,84.473,209.534,-80.688, , , , , , ,-49.395,-64.061,-60.37
 13:50:27.627,eb:33:2e:f9:57:b5, 2015-01-01 00:14:36.865,1.856,-1.284,0.355,78.064,173.645,-98.206, , , , , , ,-47.005,-63.984,-62.606
 13:50:27.627,eb:33:2e:f9:57:b5, 2015-01-01 00:14:36.865,0.961,-0.831,0.782,99.06,125.61,126.831, , , , , , ,-45.895,-63.413,-63.369
 13:50:27.627,eb:33:2e:f9:57:b5, 2015-01-01 00:14:36.865,-1.011,-0.579,1.603,119.69,155.273,131.775, , , , , , ,-45.225,-62.309,-63.474
 13:50:27.627,eb:33:2e:f9:57:b5, 2015-01-01 00:14:36.865,-0.696,0.982,-0.555,98.45,56.03,82.275, , , , , , ,-44.725,-61.606,-63.457
 13:50:27.627,eb:33:2e:f9:57:b5, 2015-01-01 00:14:36.865,0.126,0.226,0.751,73.73,69.092,86.914, , , , , , ,-44.412,-61.106,-63.375
 13:50:27.627,eb:33:2e:f9:57:b5, 2015-01-01 00:14:36.865,-0.51,-0.227,1.162,101.501,31.921,63.782, , , , , , ,-44.209,-60.65,-63.083
 13:50:27.627,eb:33:2e:f9:57:b5, 2015-01-01 00:14:36.865,-0.687,0.876,0.583,88.745,53.04,20.325, , , , , , ,-43.671,-60.392,-63.16
 13:50:27.670,eb:33:2e:f9:57:b5, 2015-01-01 00:14:36.865,-0.894,-0.876,1.297,103.455,46.326,46.448, , , , , , ,-43.105,-60.051,-63.325
 13:50:27.670,eb:33:2e:f9:57:b5, 2015-01-01 00:14:36.865,1.651,0.532,1.294,113.77,0.427,48.462, , , , , , ,-42.72,-59.843,-63.122
 13:50:27.670,eb:33:2e:f9:57:b5, 2015-01-01 00:14:36.865,1.902,0.534,3.156,123.596,79.407,38.33, , , , , , ,-42.259,-59.513,-62.979
 13:50:27.670,eb:33:2e:f9:57:b5, 2015-01-01 00:14:36.865,-1.437,0.167,4.372,180.664,124.878,-30.029, , , , , , ,-40.765,-59.095,-63.814
 13:50:27.670,eb:33:2e:f9:57:b5, 2015-01-01 00:14:36.865,-2.366,-0.714,3.339,237.976,66.833,-6.958, , , , , , ,-39.034,-58.81,-64.616
 13:50:27.670,eb:33:2e:f9:57:b5, 2015-01-01 00:14:36.865,-0.967,-1.475,3.956,285.645,56.58,23.193, , , , , , ,-37.496,-58.53,-64.863
 13:50:27.670,eb:33:2e:f9:57:b5, 2015-01-01 00:14:36.865,0.263,-1.462,4.86,347.839,33.569,46.57, , , , , , ,-35.887,-58.233,-64.863
 13:50:27.670,eb:33:2e:f9:57:b5, 2015-01-01 00:14:36.865,0.759,-0.875,6.537,443.176,22.4,34.607, , , , , , ,-33.975,-58.002,-64.742
 13:50:27.694,eb:33:2e:f9:57:b5, 2015-01-01 00:14:36.865,0.572,-1.63,7.521,547.913,21.729,22.705, , , , , , ,-31.509,-57.827,-64.72
 13:50:27.694,eb:33:2e:f9:57:b5, 2015-01-01 00:14:36.865,0.76,-2.541,8.446,648.682,64.453,16.602, , , , , , ,-28.416,-57.585,-64.775
 13:50:27.694,eb:33:2e:f9:57:b5, 2015-01-01 00:14:36.865,2.133,-3.162,9.078,741.943,157.471,-0.916, , , , , , ,-24.56,-57.047,-65.171
 13:50:27.694,eb:33:2e:f9:57:b5, 2015-01-01 00:14:36.865,3.463,-3.168,8.978,823.669,246.155,-10.62, , , , , , ,-19.935,-56.074,-65.973
 13:50:27.694,eb:33:2e:f9:57:b5, 2015-01-01 00:14:36.865,2.915,-2.741,8.952,901.794,303.528,-5.859, , , , , , ,-14.903,-54.728,-66.863
 13:50:27.694,eb:33:2e:f9:57:b5, 2015-01-01 00:14:36.865,3.076,-2.9,10.511,975.037,405.457,1.953, , , , , , ,-9.679,-52.976,-67.451
 13:50:27.694,eb:33:2e:f9:57:b5, 2015-01-01 00:14:36.865,3.016,-2.281,10.334,1004.211,432.8,-8.85, , , , , , ,-4.345,-50.839,-67.912
 13:50:27.694,eb:33:2e:f9:57:b5, 2015-01-01 00:14:36.865,2.224,0.084,9.159,1013.794,384.888,-60.486, , , , , , ,1.011,-48.829,-68.307
 13:50:27.739,eb:33:2e:f9:57:b5, 2015-01-01 00:14:36.865,1.317,0.208,9.499,970.825,283.142,-89.478, , , , , , ,6.339,-47.137,-68.84
 13:50:27.739,eb:33:2e:f9:57:b5, 2015-01-01 00:14:36.865,2.61,-0.257,6.018,837.097,159.912,-94.971, , , , , , ,11.135,-46.033,-69.263
 13:50:27.739,eb:33:2e:f9:57:b5, 2015-01-01 00:14:36.865,2.271,0.37,3.363,640.869,72.693,-110.474, , , , , , ,15.37,-45.187,-70.137
 13:50:27.739,eb:33:2e:f9:57:b5, 2015-01-01 00:14:36.865,1.225,-3.465,4.007,516.479,108.215,-52.002, , , , , , ,18.484,-44.659,-70.587
 13:50:27.740,eb:33:2e:f9:57:b5, 2015-01-01 00:14:36.865,-0.148,-4.855,5.705,562.5,247.864,117.92, , , , , , ,20.528,-43.83,-69.813
 13:50:27.741,eb:33:2e:f9:57:b5, 2015-01-01 00:14:36.865,0.77,-1.759,4.543,551.453,315.186,186.218, , , , , , ,22.176,-42.709,-68.06
 13:50:27.741,eb:33:2e:f9:57:b5, 2015-01-01 00:14:36.865,1.859,-0.5,3.833,407.898,285.4,233.154, , , , , , ,23.335,-41.506,-66.264
 13:50:27.741,eb:33:2e:f9:57:b5, 2015-01-01 00:14:36.865,1.313,-1.463,6.152,342.834,260.925,233.887, , , , , , ,23.703,-40.71,-64.105
 13:50:27.784,eb:33:2e:f9:57:b5, 2015-01-01 00:14:36.865,2.303,-1.688,6.339,332.947,201.477,170.41, , , , , , ,24.225,-40.095,-62.309
 13:50:27.784,eb:33:2e:f9:57:b5, 2015-01-01 00:14:36.865,2.382,-1.354,6.38,328.918,168.03,116.394, , , , , , ,25.038,-39.567,-61.007
 13:50:27.784,eb:33:2e:f9:57:b5, 2015-01-01 00:14:36.865,2.446,-1.258,6.598,342.896,146.423,33.02, , , , , , ,26.406,-38.782,-60.463
 13:50:27.784,eb:33:2e:f9:57:b5, 2015-01-01 00:14:36.865,3.209,-1.505,7.119,366.333,114.685,-83.13, , , , , , ,28.081,-38.134,-60.282
 13:50:27.784,eb:33:2e:f9:57:b5, 2015-01-01 00:14:36.865,3.623,-1.658,7.117,356.689,112.549,-214.539, , , , , , ,30.245,-37.255,-60.837
 13:50:27.784,eb:33:2e:f9:57:b5, 2015-01-01 00:14:36.865,3.197,-2.022,6.241,313.354,133.972,-328.186, , , , , , ,32.563,-35.98,-61.941
 13:50:27.784,eb:33:2e:f9:57:b5, 2015-01-01 00:14:36.865,2.617,-2.612,5.358,257.935,147.888,-427.856, , , , , , ,34.986,-34.063,-63.66
 13:50:27.784,eb:33:2e:f9:57:b5, 2015-01-01 00:14:36.865,2.322,-3.156,4.624,192.444,140.564,-508.484, , , , , , ,37.062,-32.075,-65.451
 13:50:27.828,eb:33:2e:f9:57:b5, 2015-01-01 00:14:36.865,2.045,-3.628,4.355,126.953,116.272,-562.744, , , , , , ,38.941,-29.894,-67.456
 13:50:27.828,eb:33:2e:f9:57:b5, 2015-01-01 00:14:36.865,1.825,-4.037,4.38,70.984,87.402,-595.459, , , , , , ,40.468,-27.647,-69.659
 13:50:27.828,eb:33:2e:f9:57:b5, 2015-01-01 00:14:36.865,1.609,-4.482,4.404,21.851,67.139,-598.083, , , , , , ,41.748,-25.153,-72.076
 13:50:27.828,eb:33:2e:f9:57:b5, 2015-01-01 00:14:36.865,1.276,-4.926,4.434,-20.264,62.317,-573.547, , , , , , ,42.599,-22.95,-74.218
 13:50:27.828,eb:33:2e:f9:57:b5, 2015-01-01 00:14:36.865,0.925,-5.405,4.454,-53.955,67.505,-525.024, , , , , , ,43.121,-20.825,-76.108
 13:50:27.828,eb:33:2e:f9:57:b5, 2015-01-01 00:14:36.865,0.772,-5.79,4.413,-83.923,78.735,-455.872, , , , , , ,43.308,-18.896,-77.717
 13:50:27.828,eb:33:2e:f9:57:b5, 2015-01-01 00:14:36.865,0.786,-5.971,4.257,-116.089,98.938,-370.911, , , , , , ,43.165,-16.946,-79.08
 13:50:27.828,eb:33:2e:f9:57:b5, 2015-01-01 00:14:36.865,0.981,-5.955,3.815,-152.405,121.948,-282.104, , , , , , ,42.704,-15.441,-79.893
 13:50:27.851,eb:33:2e:f9:57:b5, 2015-01-01 00:14:37.245,1.224,-5.891,2.989,-189.758,129.761,-189.392, , , , , , ,41.935,-14.183,-80.283
 13:50:27.851,eb:33:2e:f9:57:b5, 2015-01-01 00:14:37.245,1.714,-5.713,1.895,-227.356,108.398,-101.257, , , , , , ,40.902,-13.282,-80.398
 13:50:27.851,eb:33:2e:f9:57:b5, 2015-01-01 00:14:37.245,2.291,-5.311,0.96,-266.052,63.965,-25.757, , , , , , ,39.584,-12.568,-80.453
 13:50:27.851,eb:33:2e:f9:57:b5, 2015-01-01 00:14:37.245,2.736,-4.75,0.299,-301.208,1.526,28.87, , , , , , ,38.117,-12.486,-80.327
 13:50:27.851,eb:33:2e:f9:57:b5, 2015-01-01 00:14:37.245,2.76,-4.307,-0.202,-326.904,-83.984,64.636, , , , , , ,36.508,-12.81,-80.233
 13:50:27.851,eb:33:2e:f9:57:b5, 2015-01-01 00:14:37.245,2.584,-4.3,-0.734,-350.464,-191.528,94.238, , , , , , ,34.827,-13.651,-80.332
 13:50:27.851,eb:33:2e:f9:57:b5, 2015-01-01 00:14:37.245,2.716,-4.652,-0.924,-389.893,-292.603,130.92, , , , , , ,32.953,-14.832,-80.673
 13:50:27.851,eb:33:2e:f9:57:b5, 2015-01-01 00:14:37.245,3.035,-4.796,-0.309,-453.857,-352.051,164.856, , , , , , ,30.888,-16.644,-80.909
 13:50:27.919,eb:33:2e:f9:57:b5, 2015-01-01 00:14:37.245,3.126,-4.425,0.909,-535.095,-369.995,176.147, , , , , , ,28.542,-18.605,-81.134
 13:50:27.919,eb:33:2e:f9:57:b5, 2015-01-01 00:14:37.245,2.91,-3.761,1.899,-619.934,-370.605,166.504, , , , , , ,25.642,-20.649,-81.227
 13:50:27.919,eb:33:2e:f9:57:b5, 2015-01-01 00:14:37.245,2.947,-3.23,2.468,-699.89,-378.845,161.499, , , , , , ,22.214,-22.516,-81.321
 13:50:27.919,eb:33:2e:f9:57:b5, 2015-01-01 00:14:37.245,3.209,-2.705,3.309,-784.302,-387.451,154.053, , , , , , ,18.435,-24.598,-81.244
 13:50:27.919,eb:33:2e:f9:57:b5, 2015-01-01 00:14:37.245,3.359,-2.232,4.046,-840.271,-380.737,134.277, , , , , , ,14.255,-26.598,-81.129
 13:50:27.919,eb:33:2e:f9:57:b5, 2015-01-01 00:14:37.245,3.283,-1.911,4.496,-873.657,-382.568,109.314, , , , , , ,9.849,-28.586,-80.92
 13:50:27.919,eb:33:2e:f9:57:b5, 2015-01-01 00:14:37.245,3.251,-1.705,4.773,-883.85,-404.907,85.754, , , , , , ,5.208,-30.443,-80.717
 13:50:27.919,eb:33:2e:f9:57:b5, 2015-01-01 00:14:37.245,3.27,-1.313,4.958,-879.272,-437.561,62.378, , , , , , ,0.648,-32.574,-80.425
 13:50:27.940,eb:33:2e:f9:57:b5, 2015-01-01 00:14:37.245,3.438,-0.827,5.196,-864.38,-470.215,33.63, , , , , , ,-3.906,-34.838,-80.118
 13:50:27.940,eb:33:2e:f9:57:b5, 2015-01-01 00:14:37.245,3.459,-0.412,5.596,-838.196,-505.798,-1.526, , , , , , ,-8.399,-37.277,-79.706
 13:50:27.940,eb:33:2e:f9:57:b5, 2015-01-01 00:14:37.245,3.162,0.002,5.768,-804.626,-545.349,-43.274, , , , , , ,-12.892,-39.727,-79.255
 13:50:27.941,eb:33:2e:f9:57:b5, 2015-01-01 00:14:37.245,2.903,0.33,5.4,-775.757,-593.506,-72.937, , , , , , ,-17.221,-42.583,-78.662
 13:50:27.941,eb:33:2e:f9:57:b5, 2015-01-01 00:14:37.245,2.465,0.529,5.237,-759.644,-624.146,-93.079, , , , , , ,-21.643,-45.604,-77.855
 13:50:27.941,eb:33:2e:f9:57:b5, 2015-01-01 00:14:37.245,1.763,0.493,5.05,-747.803,-642.883,-106.018, , , , , , ,-26.296,-48.713,-76.641
 13:50:27.941,eb:33:2e:f9:57:b5, 2015-01-01 00:14:37.245,1.336,0.09,4.546,-725.83,-672.058,-93.323, , , , , , ,-31.481,-51.663,-74.817
 13:50:27.941,eb:33:2e:f9:57:b5, 2015-01-01 00:14:37.245,1.211,-0.219,4.707,-699.585,-688.293,-72.144, , , , , , ,-37.156,-54.717,-72.169
 13:50:27.985,eb:33:2e:f9:57:b5, 2015-01-01 00:14:37.245,0.781,-0.261,5.395,-677.185,-689.819,-41.138, , , , , , ,-43.61,-57.508,-68.582
 13:50:27.985,eb:33:2e:f9:57:b5, 2015-01-01 00:14:37.245,-0.059,-0.124,5.897,-656.86,-699.341,5.859, , , , , , ,-51.053,-59.914,-63.759
 13:50:27.985,eb:33:2e:f9:57:b5, 2015-01-01 00:14:37.245,-0.553,0.09,6.233,-640.259,-709.9,50.232, , , , , , ,-59.672,-61.584,-57.673
 13:50:27.985,eb:33:2e:f9:57:b5, 2015-01-01 00:14:37.245,-0.938,0.145,6.553,-622.559,-727.234,111.145, , , , , , ,-69.313,-62.754,-50.334
 13:50:27.985,eb:33:2e:f9:57:b5, 2015-01-01 00:14:37.245,-1.07,0.458,7.393,-608.276,-721.863,171.57, , , , , , ,-79.607,-63.007,-42.27
 13:50:27.985,eb:33:2e:f9:57:b5, 2015-01-01 00:14:37.245,-1.339,1.156,8.515,-598.145,-692.078,234.741, , , , , , ,-89.61,-62.292,-34.409
 13:50:27.985,eb:33:2e:f9:57:b5, 2015-01-01 00:14:37.245,-1.716,2.455,9.56,-590.576,-646.057,296.692, , , , , , ,-98.24,-60.524,-27.971
 13:50:27.985,eb:33:2e:f9:57:b5, 2015-01-01 00:14:37.245,-1.919,4.34,10.484,-578.003,-581.421,345.703, , , , , , ,-105.628,-58.293,-22.786
 13:50:28.054,eb:33:2e:f9:57:b5, 2015-01-01 00:14:37.245,-1.958,6.651,11.464,-552.49,-497.925,367.676, , , , , , ,-111.462,-55.734,-19.243
 13:50:28.054,eb:33:2e:f9:57:b5, 2015-01-01 00:14:37.245,-1.966,9.095,12.075,-504.761,-405.762,363.831, , , , , , ,-115.895,-53.168,-17.029
 13:50:28.054,eb:33:2e:f9:57:b5, 2015-01-01 00:14:37.245,-1.939,11.572,12.098,-430.237,-330.933,327.271, , , , , , ,-118.905,-50.702,-16.068
 13:50:28.054,eb:33:2e:f9:57:b5, 2015-01-01 00:14:37.245,-2.146,13.711,11.601,-325.439,-293.457,264.587, , , , , , ,-121.437,-48.68,-15.167
 13:50:28.054,eb:33:2e:f9:57:b5, 2015-01-01 00:14:37.245,-2.041,14.623,10.289,-201.294,-284.668,167.419, , , , , , ,-123.415,-47.021,-14.244
 13:50:28.054,eb:33:2e:f9:57:b5, 2015-01-01 00:14:37.245,-1.796,14.959,9.096,-86.06,-262.756,51.453, , , , , , ,-124.964,-45.846,-13.002
 13:50:28.054,eb:33:2e:f9:57:b5, 2015-01-01 00:14:37.245,-1.801,15.123,8.216,-6.958,-215.515,-64.636, , , , , , ,-125.87,-45.203,-11.86
 13:50:28.054,eb:33:2e:f9:57:b5, 2015-01-01 00:14:37.245,-1.901,15.112,7.375,35.828,-144.043,-179.749, , , , , , ,-126.87,-45.225,-10.3
 13:50:28.056,eb:33:2e:f9:57:b5, 2015-01-01 00:14:37.245,-2.155,13.849,6.53,53.589,-56.702,-274.719, , , , , , ,-127.738,-45.901,-8.795
 13:50:28.056,eb:33:2e:f9:57:b5, 2015-01-01 00:14:37.245,-2.673,11.814,5.733,60.303,26.794,-334.717, , , , , , ,-128.496,-47.12,-7.35
 13:50:28.056,eb:33:2e:f9:57:b5, 2015-01-01 00:14:37.245,-2.987,9.678,5.099,75.134,98.267,-362.793, , , , , , ,-129.073,-48.719,-6.114
 13:50:28.056,eb:33:2e:f9:57:b5, 2015-01-01 00:14:37.245,-3.215,7.58,4.535,107.544,144.714,-358.215, , , , , , ,-129.37,-50.532,-5.109
 13:50:28.056,eb:33:2e:f9:57:b5, 2015-01-01 00:14:37.245,-3.384,5.586,3.749,155.518,152.1,-330.139, , , , , , ,-129.32,-52.333,-4.356
 13:50:28.056,eb:33:2e:f9:57:b5, 2015-01-01 00:14:37.245,-3.223,3.662,3.781,402.649,319.58,-368.408, , , , , , ,-128.359,-54.157,-4.021
 13:50:28.056,eb:33:2e:f9:57:b5, 2015-01-01 00:14:37.245,0.422,-3.503,9.563,1052.124,240.112,-395.935, , , , , , ,-122.811,-57.618,-5.757
 13:50:28.056,eb:33:2e:f9:57:b5, 2015-01-01 00:14:37.245,11.755,4.664,2.541,1105.042,-270.63,-1320.862, , , , , , ,-118.965,-62.254,-3.323
 13:50:28.120,eb:33:2e:f9:57:b5, 2015-01-01 00:14:37.245,6.139,7.975,5.8,536.499,1369.324,-751.648, , , , , , ,-110.786,-68.615,-8.465
 13:50:28.120,eb:33:2e:f9:57:b5, 2015-01-01 00:14:37.245,-7.135,-5.335,5.271,432.129,770.63,256.897, , , , , , ,-94.73,-70.532,-22.967
 13:50:28.120,eb:33:2e:f9:57:b5, 2015-01-01 00:14:37.245,-4.372,-0.834,3.251,345.642,841.553,266.785, , , , , , ,-82.667,-68.676,-33.788
 13:50:28.120,eb:33:2e:f9:57:b5, 2015-01-01 00:14:37.245,-7.126,-2.034,-2.225,324.28,698.914,109.68, , , , , , ,-71.301,-67.192,-44.275
 13:50:28.120,eb:33:2e:f9:57:b5, 2015-01-01 00:14:37.245,-6.825,8.252,-4.603,165.71,316.467,50.293, , , , , , ,-66.028,-65.825,-48.818
 13:50:28.120,eb:33:2e:f9:57:b5, 2015-01-01 00:14:37.245,-0.347,-0.441,-0.411,98.877,158.936,-144.104, , , , , , ,-62.864,-65.731,-51.658
 13:50:28.120,eb:33:2e:f9:57:b5, 2015-01-01 00:14:37.245,-0.164,-2.245,0.869,139.771,128.967,54.688, , , , , , ,-60.65,-65.61,-53.432
 13:50:28.120,eb:33:2e:f9:57:b5, 2015-01-01 00:14:37.245,0.735,0.041,-0.166,133.667,56.213,159.18, , , , , , ,-60.046,-64.858,-53.328
 13:50:28.146,eb:33:2e:f9:57:b5, 2015-01-01 00:14:37.245,0.817,0.167,1.571,135.559,101.074,117.31, , , , , , ,-59.238,-64.006,-53.553
 13:50:28.146,eb:33:2e:f9:57:b5, 2015-01-01 00:14:37.245,-0.824,0.699,1.392,150.269,90.576,66.895, , , , , , ,-58.211,-63.402,-53.866
 13:50:28.146,eb:33:2e:f9:57:b5, 2015-01-01 00:14:37.245,-0.997,0.363,0.99,138.367,91.797,47.913, , , , , , ,-56.942,-62.941,-54.498
 13:50:28.146,eb:33:2e:f9:57:b5, 2015-01-01 00:14:37.245,-0.396,-0.203,0.563,140.869,54.321,60.486, , , , , , ,-56.003,-62.507,-54.772
 13:50:28.146,eb:33:2e:f9:57:b5, 2015-01-01 00:14:37.245,-0.616,0.178,0.576,139.404,32.043,36.011, , , , , , ,-55.217,-62.199,-54.926
 13:50:28.146,eb:33:2e:f9:57:b5, 2015-01-01 00:14:37.245,0.229,0.13,0.897,143.188,10.864,42.48, , , , , , ,-54.586,-62.001,-54.844
 13:50:28.146,eb:33:2e:f9:57:b5, 2015-01-01 00:14:37.245,0.975,-0.009,2.807,150.391,46.326,58.35, , , , , , ,-53.937,-61.683,-54.745
 13:50:28.146,eb:33:2e:f9:57:b5, 2015-01-01 00:14:37.245,-0.784,0.438,2.919,163.818,82.581,37.292, , , , , , ,-52.899,-61.298,-55.025
 13:50:28.212,eb:33:2e:f9:57:b5, 2015-01-01 00:14:37.245,-1.952,-0.43,1.533,188.721,43.762,43.884, , , , , , ,-51.724,-60.93,-55.404
 13:50:28.212,eb:33:2e:f9:57:b5, 2015-01-01 00:14:37.245,-1.928,-0.641,0.602,203.613,-37.964,72.083, , , , , , ,-51.119,-60.716,-54.954
 13:50:28.212,eb:33:2e:f9:57:b5, 2015-01-01 00:14:37.245,-0.792,-0.581,2.262,218.811,-69.153,91.431, , , , , , ,-50.944,-60.579,-53.948
 13:50:28.212,eb:33:2e:f9:57:b5, 2015-01-01 00:14:37.245,0.856,-0.268,3.154,250.793,-86.609,100.22, , , , , , ,-50.883,-60.447,-52.657
 13:50:28.212,eb:33:2e:f9:57:b5, 2015-01-01 00:14:37.245,1.125,-0.047,4.534,300.659,-65.43,77.942, , , , , , ,-50.438,-60.337,-51.625
 13:50:28.212,eb:33:2e:f9:57:b5, 2015-01-01 00:14:37.245,0.288,-0.44,6.106,385.376,-67.261,57.739, , , , , , ,-49.499,-60.287,-50.685
 13:50:28.212,eb:33:2e:f9:57:b5, 2015-01-01 00:14:37.245,0.369,-1.4,7.459,478.516,-50.842,38.452, , , , , , ,-47.961,-60.315,-49.927
 13:50:28.212,eb:33:2e:f9:57:b5, 2015-01-01 00:14:37.245,1.687,-1.915,8.563,576.233,22.949,19.714, , , , , , ,-45.538,-60.255,-49.625
 13:50:28.257,eb:33:2e:f9:57:b5, 2015-01-01 00:14:37.580,2.646,-2.343,9.211,664.856,116.699,3.906, , , , , , ,-42.006,-59.919,-50.131
 13:50:28.257,eb:33:2e:f9:57:b5, 2015-01-01 00:14:37.580,3.4,-2.472,9.126,760.681,183.044,-24.475, , , , , , ,-37.43,-59.343,-51.24
 13:50:28.257,eb:33:2e:f9:57:b5, 2015-01-01 00:14:37.580,2.789,-2.597,9.542,862.183,232.361,-30.701, , , , , , ,-32.157,-58.568,-52.608
 13:50:28.257,eb:33:2e:f9:57:b5, 2015-01-01 00:14:37.580,2.486,-3.387,11.749,957.581,398.376,-25.146, , , , , , ,-26.076,-57.228,-54.338
 13:50:28.257,eb:33:2e:f9:57:b5, 2015-01-01 00:14:37.580,1.762,-2.708,12.628,1016.357,581.97,-9.338, , , , , , ,-19.523,-54.893,-56.299
 13:50:28.257,eb:33:2e:f9:57:b5, 2015-01-01 00:14:37.580,1.115,-0.694,12.292,1070.679,664.978,12.817, , , , , , ,-13.129,-51.801,-57.739
 13:50:28.257,eb:33:2e:f9:57:b5, 2015-01-01 00:14:37.580,1.166,-0.058,9.655,1082.947,579.102,21.057, , , , , , ,-7.075,-48.675,-58.53
 13:50:28.257,eb:33:2e:f9:57:b5, 2015-01-01 00:14:37.580,0.867,2.165,3.947,898.01,359.375,33.264, , , , , , ,-2.109,-46.434,-58.552
 13:50:28.279,eb:33:2e:f9:57:b5, 2015-01-01 00:14:37.580,1.326,0.818,0.199,629.333,218.628,106.873, , , , , , ,1.208,-45.066,-58.162
 13:50:28.279,eb:33:2e:f9:57:b5, 2015-01-01 00:14:37.580,0.979,-0.159,0.615,448.608,214.783,213.745, , , , , , ,2.9,-44.121,-56.904
 13:50:28.279,eb:33:2e:f9:57:b5, 2015-01-01 00:14:37.580,-0.446,-0.955,4.997,499.023,354.126,358.582, , , , , , ,3.587,-42.753,-54.569
 13:50:28.279,eb:33:2e:f9:57:b5, 2015-01-01 00:14:37.580,0.383,2.048,4.535,519.47,341.98,382.629, , , , , , ,4.4,-41.05,-51.888
 13:50:28.279,eb:33:2e:f9:57:b5, 2015-01-01 00:14:37.580,1.058,2.712,5.143,434.814,215.21,366.15, , , , , , ,5.081,-39.886,-49.395
 13:50:28.279,eb:33:2e:f9:57:b5, 2015-01-01 00:14:37.580,0.924,0.867,6.364,430.908,118.225,325.867, , , , , , ,5.762,-39.254,-47.109
 13:50:28.279,eb:33:2e:f9:57:b5, 2015-01-01 00:14:37.580,1.433,1.06,6.049,442.017,53.162,237.61, , , , , , ,6.801,-39.023,-45.302
 13:50:28.279,eb:33:2e:f9:57:b5, 2015-01-01 00:14:37.580,1.462,1.26,6.899,471.741,20.325,138.55, , , , , , ,8.35,-38.99,-44.121
 13:50:28.345,eb:33:2e:f9:57:b5, 2015-01-01 00:14:37.580,1.791,0.966,7.835,514.404,21.79,19.348, , , , , , ,10.558,-38.947,-43.676
 13:50:28.345,eb:33:2e:f9:57:b5, 2015-01-01 00:14:37.580,2.352,0.243,8.472,543.884,22.461,-97.046, , , , , , ,13.409,-38.787,-43.962
 13:50:28.345,eb:33:2e:f9:57:b5, 2015-01-01 00:14:37.580,2.215,-0.476,8.376,550.659,32.41,-211.853, , , , , , ,16.771,-38.43,-44.945
 13:50:28.345,eb:33:2e:f9:57:b5, 2015-01-01 00:14:37.580,2.03,-1.144,7.676,538.208,41.504,-314.819, , , , , , ,20.468,-37.809,-46.522
 13:50:28.345,eb:33:2e:f9:57:b5, 2015-01-01 00:14:37.580,1.84,-1.653,7.103,501.831,44.861,-399.658, , , , , , ,24.291,-36.903,-48.554
 13:50:28.345,eb:33:2e:f9:57:b5, 2015-01-01 00:14:37.580,1.672,-2.182,6.729,447.144,45.837,-466.003, , , , , , ,28.026,-35.722,-50.883
 13:50:28.345,eb:33:2e:f9:57:b5, 2015-01-01 00:14:37.580,1.476,-2.745,6.31,387.939,41.687,-510.559, , , , , , ,31.509,-34.305,-53.372
 13:50:28.345,eb:33:2e:f9:57:b5, 2015-01-01 00:14:37.580,1.312,-3.226,5.846,328.125,32.41,-536.499, , , , , , ,34.673,-32.712,-55.904
 13:50:28.370,eb:33:2e:f9:57:b5, 2015-01-01 00:14:37.580,1.062,-3.673,5.507,268.188,27.283,-536.621, , , , , , ,37.474,-31.014,-58.315
 13:50:28.370,eb:33:2e:f9:57:b5, 2015-01-01 00:14:37.580,0.829,-4.078,5.333,214.05,28.564,-514.709, , , , , , ,39.792,-29.268,-60.584
 13:50:28.370,eb:33:2e:f9:57:b5, 2015-01-01 00:14:37.580,0.613,-4.405,5.306,167.786,34.241,-469.421, , , , , , ,41.671,-27.554,-62.578
 13:50:28.370,eb:33:2e:f9:57:b5, 2015-01-01 00:14:37.580,0.42,-4.586,5.368,128.357,48.218,-408.752, , , , , , ,43.127,-25.933,-64.215
 13:50:28.370,eb:33:2e:f9:57:b5, 2015-01-01 00:14:37.580,0.286,-4.699,5.469,94.788,71.472,-340.942, , , , , , ,44.214,-24.406,-65.413
 13:50:28.370,eb:33:2e:f9:57:b5, 2015-01-01 00:14:37.580,0.298,-4.788,5.439,66.528,100.098,-265.869, , , , , , ,44.929,-23.049,-66.226
 13:50:28.370,eb:33:2e:f9:57:b5, 2015-01-01 00:14:37.580,0.467,-4.822,5.24,38.574,133.362,-191.467, , , , , , ,45.324,-21.841,-66.61
 13:50:28.370,eb:33:2e:f9:57:b5, 2015-01-01 00:14:37.580,0.671,-4.828,4.899,8.484,166.748,-119.568, , , , , , ,45.417,-20.775,-66.583
 13:50:28.391,eb:33:2e:f9:57:b5, 2015-01-01 00:14:37.580,0.92,-4.82,4.366,-25.146,192.078,-53.467, , , , , , ,45.236,-19.825,-66.149
 13:50:28.391,eb:33:2e:f9:57:b5, 2015-01-01 00:14:37.580,1.05,-4.77,3.63,-63.232,198.914,4.639, , , , , , ,44.775,-19.061,-65.473
 13:50:28.391,eb:33:2e:f9:57:b5, 2015-01-01 00:14:37.580,1.154,-4.738,2.501,-104.98,179.749,52.673, , , , , , ,44.072,-18.506,-64.638
 13:50:28.391,eb:33:2e:f9:57:b5, 2015-01-01 00:14:37.580,1.354,-4.848,0.982,-155.823,132.568,99.976, , , , , , ,43.127,-18.226,-63.77
 13:50:28.391,eb:33:2e:f9:57:b5, 2015-01-01 00:14:37.580,1.749,-5.062,-0.555,-224.915,78.247,146.912, , , , , , ,41.896,-18.259,-62.875
 13:50:28.391,eb:33:2e:f9:57:b5, 2015-01-01 00:14:37.580,2.335,-5.119,-1.327,-309.814,26.611,180.908, , , , , , ,40.254,-18.638,-62.04
 13:50:28.391,eb:33:2e:f9:57:b5, 2015-01-01 00:14:37.580,2.744,-4.744,-1.048,-396.362,-24.048,185.913, , , , , , ,38.205,-19.248,-61.293
 13:50:28.391,eb:33:2e:f9:57:b5, 2015-01-01 00:14:37.580,2.936,-4.042,-0.382,-478.149,-72.571,165.71, , , , , , ,35.782,-19.99,-60.721
 13:50:28.436,eb:33:2e:f9:57:b5, 2015-01-01 00:14:37.580,2.935,-3.3,-0.003,-555.054,-107.849,128.113, , , , , , ,33.113,-20.792,-60.326
 13:50:28.436,eb:33:2e:f9:57:b5, 2015-01-01 00:14:37.580,2.963,-2.785,0.128,-626.038,-134.705,83.618, , , , , , ,30.081,-21.583,-60.216
 13:50:28.436,eb:33:2e:f9:57:b5, 2015-01-01 00:14:37.580,2.911,-2.466,0.254,-689.392,-161.743,39.185, , , , , , ,26.801,-22.385,-60.331
 13:50:28.436,eb:33:2e:f9:57:b5, 2015-01-01 00:14:37.580,2.771,-2.188,0.636,-741.821,-183.96,-10.803, , , , , , ,23.329,-23.203,-60.688
 13:50:28.436,eb:33:2e:f9:57:b5, 2015-01-01 00:14:37.580,2.44,-2.017,1.151,-788.879,-213.44,-61.523, , , , , , ,19.704,-24.016,-61.37
 13:50:28.436,eb:33:2e:f9:57:b5, 2015-01-01 00:14:37.580,2.192,-1.929,1.624,-817.078,-247.681,-98.145, , , , , , ,16.018,-24.999,-62.205
 13:50:28.436,eb:33:2e:f9:57:b5, 2015-01-01 00:14:37.580,1.998,-1.69,2.167,-843.811,-279.724,-131.226, , , , , , ,12.288,-26.147,-63.21
 13:50:28.436,eb:33:2e:f9:57:b5, 2015-01-01 00:14:37.580,1.706,-1.491,2.679,-866.76,-316.406,-155.029, , , , , , ,8.498,-27.499,-64.314
 13:50:28.480,eb:33:2e:f9:57:b5, 2015-01-01 00:14:37.580,1.5,-1.387,3.185,-885.559,-361.023,-169.312, , , , , , ,4.642,-29.081,-65.528
 13:50:28.480,eb:33:2e:f9:57:b5, 2015-01-01 00:14:37.580,1.391,-1.343,3.768,-897.888,-409.485,-178.04, , , , , , ,0.731,-30.992,-66.643
 13:50:28.480,eb:33:2e:f9:57:b5, 2015-01-01 00:14:37.580,1.379,-1.306,4.397,-904.907,-449.341,-181.702, , , , , , ,-3.203,-32.871,-67.824
 13:50:28.480,eb:33:2e:f9:57:b5, 2015-01-01 00:14:37.580,1.454,-1.187,5.153,-903.442,-475.708,-185.12, , , , , , ,-7.251,-35.272,-68.67
 13:50:28.480,eb:33:2e:f9:57:b5, 2015-01-01 00:14:37.580,1.392,-0.81,5.849,-893.616,-484.436,-191.284, , , , , , ,-11.343,-37.793,-69.406
 13:50:28.480,eb:33:2e:f9:57:b5, 2015-01-01 00:14:37.580,1.133,-0.312,6.344,-870.483,-483.704,-197.937, , , , , , ,-15.43,-40.375,-69.906
 13:50:28.480,eb:33:2e:f9:57:b5, 2015-01-01 00:14:37.580,0.911,0.22,6.513,-836.06,-476.807,-211.304, , , , , , ,-19.424,-42.643,-70.406
 13:50:28.480,eb:33:2e:f9:57:b5, 2015-01-01 00:14:37.580,0.71,0.644,6.168,-794.983,-472.9,-217.529, , , , , , ,-23.346,-45.242,-70.604
 13:50:28.508,eb:33:2e:f9:57:b5, 2015-01-01 00:14:37.580,0.623,0.773,5.626,-754.761,-470.947,-220.032, , , , , , ,-27.213,-47.834,-70.642
 13:50:28.508,eb:33:2e:f9:57:b5, 2015-01-01 00:14:37.580,0.51,0.586,5.071,-716.614,-470.642,-218.506, , , , , , ,-31.086,-50.422,-70.356
 13:50:28.508,eb:33:2e:f9:57:b5, 2015-01-01 00:14:37.580,0.461,0.365,4.419,-679.688,-479.553,-214.783, , , , , , ,-34.98,-52.663,-69.906
 13:50:28.508,eb:33:2e:f9:57:b5, 2015-01-01 00:14:37.580,0.418,0.194,3.661,-645.508,-499.512,-205.872, , , , , , ,-39.161,-55.25,-68.813
 13:50:28.508,eb:33:2e:f9:57:b5, 2015-01-01 00:14:37.580,0.306,0.089,2.954,-616.089,-538.33,-193.42, , , , , , ,-43.775,-57.849,-67.104
 13:50:28.508,eb:33:2e:f9:57:b5, 2015-01-01 00:14:37.580,0.076,-0.056,2.497,-593.689,-588.257,-171.387, , , , , , ,-49.191,-60.458,-64.303
 13:50:28.508,eb:33:2e:f9:57:b5, 2015-01-01 00:14:37.580,-0.214,-0.294,2.476,-578.796,-643.433,-143.066, , , , , , ,-55.569,-62.633,-60.441
 13:50:28.509,eb:33:2e:f9:57:b5, 2015-01-01 00:14:37.580,-0.678,-0.596,2.849,-568.542,-703.125,-101.44, , , , , , ,-63.77,-64.858,-54.492
 13:50:28.548,eb:33:2e:f9:57:b5, 2015-01-01 00:14:37.580,-0.973,-0.837,3.456,-559.509,-754.578,-52.734, , , , , , ,-73.878,-66.522,-46.555
 13:50:28.548,eb:33:2e:f9:57:b5, 2015-01-01 00:14:37.580,-1.157,-0.908,4.159,-550.171,-790.955,10.071, , , , , , ,-85.605,-67.297,-36.826
 13:50:28.548,eb:33:2e:f9:57:b5, 2015-01-01 00:14:37.580,-1.178,-0.619,4.873,-544.373,-795.288,76.538, , , , , , ,-97.02,-66.698,-27.4
 13:50:28.548,eb:33:2e:f9:57:b5, 2015-01-01 00:14:37.580,-1.133,0.043,5.685,-540.161,-776.245,145.142, , , , , , ,-108.062,-65.264,-18.281
 13:50:28.548,eb:33:2e:f9:57:b5, 2015-01-01 00:14:37.580,-1.134,1.071,6.781,-535.767,-742.493,209.045, , , , , , ,-117.208,-62.957,-11.168
 13:50:28.548,eb:33:2e:f9:57:b5, 2015-01-01 00:14:37.580,-1.197,2.491,8.103,-525.94,-701.843,263.367, , , , , , ,-124.409,-60.073,-5.999
 13:50:28.548,eb:33:2e:f9:57:b5, 2015-01-01 00:14:37.580,-1.393,4.256,9.492,-503.662,-653.809,296.265, , , , , , ,-129.957,-56.904,-2.51
 13:50:28.548,eb:33:2e:f9:57:b5, 2015-01-01 00:14:37.580,-1.559,6.318,10.592,-466.125,-599.182,302.002, , , , , , ,-134.242,-53.701,-0.236
 13:50:28.683,eb:33:2e:f9:57:b5, 2015-01-01 00:14:37.960,-1.843,8.372,10.986,-405.212,-541.748,286.621, , , , , , ,-137.554,-50.652,1.176
 13:50:28.683,eb:33:2e:f9:57:b5, 2015-01-01 00:14:37.960,-2.256,10.132,10.683,-329.895,-496.765,253.967, , , , , , ,-140.153,-47.84,2.214
 13:50:28.683,eb:33:2e:f9:57:b5, 2015-01-01 00:14:37.960,-2.708,11.544,10.298,-239.319,-464.172,204.407, , , , , , ,-142.18,-45.275,3.104
 13:50:28.683,eb:33:2e:f9:57:b5, 2015-01-01 00:14:37.960,-2.931,12.667,9.974,-140.442,-425.049,131.104, , , , , , ,-143.745,-43.022,4.065
 13:50:28.683,eb:33:2e:f9:57:b5, 2015-01-01 00:14:37.960,-2.846,13.439,9.553,-53.04,-357.849,43.396, , , , , , ,-144.904,-41.215,5.087
 13:50:28.683,eb:33:2e:f9:57:b5, 2015-01-01 00:14:37.960,-2.604,13.768,8.931,6.165,-251.404,-53.589, , , , , , ,-145.75,-40.034,6.279
 13:50:28.683,eb:33:2e:f9:57:b5, 2015-01-01 00:14:37.960,-2.139,13.566,7.9,34.363,-123.474,-156.799, , , , , , ,-146.431,-39.633,7.542
 13:50:28.683,eb:33:2e:f9:57:b5, 2015-01-01 00:14:37.960,-1.903,12.697,6.615,39.246,-2.197,-247.803, , , , , , ,-147.096,-40.007,8.877
 13:50:28.706,eb:33:2e:f9:57:b5, 2015-01-01 00:14:37.960,-2.143,11.329,5.625,40.955,92.285,-315.613, , , , , , ,-147.81,-41.034,10.223
 13:50:28.706,eb:33:2e:f9:57:b5, 2015-01-01 00:14:37.960,-2.574,9.281,5.065,67.078,156.067,-356.384, , , , , , ,-148.524,-42.506,11.7
 13:50:28.706,eb:33:2e:f9:57:b5, 2015-01-01 00:14:37.960,-3.859,7.287,4.645,115.295,155.579,-358.704, , , , , , ,-149.112,-44.121,13.244
 13:50:28.706,eb:33:2e:f9:57:b5, 2015-01-01 00:14:37.960,-3.795,5.779,7.469,557.068,729.309,-552.063, , , , , , ,-148.513,-46.577,14.464
 13:50:28.706,eb:33:2e:f9:57:b5, 2015-01-01 00:14:37.960,2.238,-0.777,5.144,1183.044,225.952,-511.23, , , , , , ,-144.443,-49.955,15.397
 13:50:28.706,eb:33:2e:f9:57:b5, 2015-01-01 00:14:37.960,9.581,5.222,3.903,1000.977,-193.298,-1396.606, , , , , , ,-143.701,-55.069,21.352
 13:50:28.706,eb:33:2e:f9:57:b5, 2015-01-01 00:14:37.960,4.114,6.711,5.865,656.555,1431.519,-717.468, , , , , , ,-140.488,-61.43,22.247
 13:50:28.706,eb:33:2e:f9:57:b5, 2015-01-01 00:14:37.960,-4.039,-6.167,8.23,359.558,1130.31,-154.175, , , , , , ,-131.473,-67.604,15.018
 13:50:28.752,eb:33:2e:f9:57:b5, 2015-01-01 00:14:37.960,-6.776,-2.216,1.6,335.51,851.807,340.515, , , , , , ,-118.812,-69.412,3.087
 13:50:28.752,eb:33:2e:f9:57:b5, 2015-01-01 00:14:37.960,-6.974,-2.08,-2.718,326.233,657.288,225.708, , , , , , ,-106.1,-69.554,-8.663
 13:50:28.752,eb:33:2e:f9:57:b5, 2015-01-01 00:14:37.960,-4.668,3.022,-2.702,209.351,353.943,77.148, , , , , , ,-98.047,-69.351,-15.826
 13:50:28.752,eb:33:2e:f9:57:b5, 2015-01-01 00:14:37.960,-0.266,3.355,-0.932,135.864,303.345,-107.056, , , , , , ,-92.955,-69.78,-20.462
 13:50:28.752,eb:33:2e:f9:57:b5, 2015-01-01 00:14:37.960,0.64,-0.543,0.776,125.854,232.239,6.836, , , , , , ,-89.083,-70.175,-24
 13:50:28.752,eb:33:2e:f9:57:b5, 2015-01-01 00:14:37.960,-0.554,-1.572,0.929,151.367,106.567,268.677, , , , , , ,-86.517,-69.164,-25.972
 13:50:28.753,eb:33:2e:f9:57:b5, 2015-01-01 00:14:37.960,0.709,1.331,1.021,149.963,168.701,156.128, , , , , , ,-84.188,-68.044,-27.664
 13:50:28.753,eb:33:2e:f9:57:b5, 2015-01-01 00:14:37.960,-1.483,0.44,0.778,167.419,140.076,101.379, , , , , , ,-81.59,-67.385,-29.603
 13:50:28.796,eb:33:2e:f9:57:b5, 2015-01-01 00:14:37.960,-0.96,0.612,0.415,152.222,121.948,53.04, , , , , , ,-79.486,-66.912,-31.075
 13:50:28.796,eb:33:2e:f9:57:b5, 2015-01-01 00:14:37.960,-0.504,-0.344,0.735,149.963,93.323,64.575, , , , , , ,-77.635,-66.522,-32.283
 13:50:28.796,eb:33:2e:f9:57:b5, 2015-01-01 00:14:37.960,-0.052,0.427,0.37,147.156,61.096,39.185, , , , , , ,-76.196,-66.209,-33.036
 13:50:28.796,eb:33:2e:f9:57:b5, 2015-01-01 00:14:37.960,-0.835,0.15,1.059,150.757,53.04,33.691, , , , , , ,-74.954,-65.973,-33.585
 13:50:28.796,eb:33:2e:f9:57:b5, 2015-01-01 00:14:37.960,0.191,-0.409,1.769,170.715,29.724,56.458, , , , , , ,-73.812,-65.698,-34.014
 13:50:28.796,eb:33:2e:f9:57:b5, 2015-01-01 00:14:37.960,0.874,0.751,1.388,157.898,40.71,61.035, , , , , , ,-72.883,-65.352,-34.118
 13:50:28.796,eb:33:2e:f9:57:b5, 2015-01-01 00:14:37.960,-0.596,0.492,2.121,154.48,79.834,39.673, , , , , , ,-71.581,-65.006,-34.717
 13:50:28.796,eb:33:2e:f9:57:b5, 2015-01-01 00:14:37.960,-1.642,-0.074,1.732,178.04,42.786,21.912, , , , , , ,-70.164,-64.786,-35.354
 13:50:28.819,eb:33:2e:f9:57:b5, 2015-01-01 00:14:37.960,-2.013,-0.542,0.751,183.899,-19.653,48.95, , , , , , ,-69.351,-64.611,-35.305
 13:50:28.819,eb:33:2e:f9:57:b5, 2015-01-01 00:14:37.960,-1.146,-0.56,1.505,182.373,-38.696,78.369, , , , , , ,-68.983,-64.352,-34.706
 13:50:28.819,eb:33:2e:f9:57:b5, 2015-01-01 00:14:37.960,0.256,-0.054,1.91,194.58,-70.923,84.656, , , , , , ,-68.923,-64.056,-33.723
 13:50:28.819,eb:33:2e:f9:57:b5, 2015-01-01 00:14:37.960,0.342,0.039,3.009,220.764,-78.491,73.242, , , , , , ,-68.901,-63.836,-32.585
 13:50:28.819,eb:33:2e:f9:57:b5, 2015-01-01 00:14:37.960,-0.439,-0.149,3.842,268.066,-89.905,58.533, , , , , , ,-68.687,-63.682,-31.509
 13:50:28.819,eb:33:2e:f9:57:b5, 2015-01-01 00:14:37.960,-0.629,-0.509,4.357,336.67,-125.732,44.922, , , , , , ,-68.368,-63.649,-30.146
 13:50:28.819,eb:33:2e:f9:57:b5, 2015-01-01 00:14:37.960,-0.181,-0.973,5.56,409.363,-138.489,41.626, , , , , , ,-67.928,-63.71,-28.515
 13:50:28.819,eb:33:2e:f9:57:b5, 2015-01-01 00:14:37.960,0.5,-1.781,7.389,492.92,-97.29,46.997, , , , , , ,-66.896,-63.726,-27.109
 13:50:28.821,eb:33:2e:f9:57:b5, 2015-01-01 00:14:37.960,1.732,-2.045,8.803,591.003,-17.7,36.499, , , , , , ,-64.792,-63.622,-26.461
 13:50:28.821,eb:33:2e:f9:57:b5, 2015-01-01 00:14:37.960,3.588,-2.489,9.867,688.538,79.224,3.357, , , , , , ,-61.265,-63.446,-26.763
 13:50:28.821,eb:33:2e:f9:57:b5, 2015-01-01 00:14:37.960,5.355,-2.156,9.354,777.588,171.265,-43.884, , , , , , ,-56.294,-63.21,-28.185
 13:50:28.821,eb:33:2e:f9:57:b5, 2015-01-01 00:14:37.960,4.467,-1.781,10.417,873.901,353.943,-51.086, , , , , , ,-49.708,-62.611,-30.877
 13:50:28.821,eb:33:2e:f9:57:b5, 2015-01-01 00:14:37.960,3.151,-1.735,13.86,966.614,737.305,-13.123, , , , , , ,-41.149,-60.727,-35.392
 13:50:28.821,eb:33:2e:f9:57:b5, 2015-01-01 00:14:37.960,2.252,-0.981,12.439,1049.072,867.615,41.626, , , , , , ,-31.981,-57.255,-40.177
 13:50:28.821,eb:33:2e:f9:57:b5, 2015-01-01 00:14:37.960,0.957,0.998,11.711,1125.366,834.534,2.075, , , , , , ,-23.648,-53.41,-43.654
 13:50:28.821,eb:33:2e:f9:57:b5, 2015-01-01 00:14:37.960,1.215,1.684,6.217,1142.822,588.501,-6.042, , , , , , ,-16.386,-50.158,-45.56
 13:50:28.821,eb:33:2e:f9:57:b5, 2015-01-01 00:14:37.960,0.697,4.703,-0.111,905.029,290.71,-3.723, , , , , , ,-10.794,-48.268,-46.318
 13:50:28.821,eb:33:2e:f9:57:b5, 2015-01-01 00:14:37.960,1.907,1.797,-2.857,593.445,159.668,66.711, , , , , , ,-7.224,-47.263,-46.307
 13:50:28.821,eb:33:2e:f9:57:b5, 2015-01-01 00:14:37.960,1.033,-2.615,0.235,413.147,270.935,243.164, , , , , , ,-5.641,-46.148,-45.33
 13:50:28.821,eb:33:2e:f9:57:b5, 2015-01-01 00:14:37.960,-0.803,0.804,4.178,526.306,436.401,309.387, , , , , , ,-4.587,-44.088,-43.473
 13:50:28.821,eb:33:2e:f9:57:b5, 2015-01-01 00:14:37.960,0.541,5.535,4.558,483.887,427.917,288.391, , , , , , ,-3.219,-41.682,-41.803
 13:50:28.821,eb:33:2e:f9:57:b5, 2015-01-01 00:14:37.960,0.876,5.577,6.721,405.884,293.945,268.005, , , , , , ,-2.219,-39.919,-40.04
 13:50:28.823,eb:33:2e:f9:57:b5, 2015-01-01 00:14:37.960,0.656,3.17,6.815,432.007,195.618,258.728, , , , , , ,-1.132,-38.699,-38.436
 13:50:28.823,eb:33:2e:f9:57:b5, 2015-01-01 00:14:37.960,1.095,3.26,6.122,453.857,128.967,205.017, , , , , , ,0.192,-37.914,-37.007
 13:50:28.864,eb:33:2e:f9:57:b5, 2015-01-01 00:14:37.960,1.002,3.27,7.376,501.77,86.06,151.794, , , , , , ,1.917,-37.43,-35.892
 13:50:28.864,eb:33:2e:f9:57:b5, 2015-01-01 00:14:37.960,0.967,3.306,8.957,568.542,72.876,77.271, , , , , , ,4.197,-37.073,-35.189
 13:50:28.864,eb:33:2e:f9:57:b5, 2015-01-01 00:14:37.960,1.154,3.185,9.942,633.606,60.486,-13.489, , , , , , ,7.125,-36.755,-35.002
 13:50:28.864,eb:33:2e:f9:57:b5, 2015-01-01 00:14:37.960,1.279,2.685,9.911,678.711,52.979,-109.314, , , , , , ,10.668,-36.425,-35.387
 13:50:28.864,eb:33:2e:f9:57:b5, 2015-01-01 00:14:37.960,1.204,1.971,9.28,688.477,49.377,-194.885, , , , , , ,14.645,-35.997,-36.293
 13:50:28.864,eb:33:2e:f9:57:b5, 2015-01-01 00:14:37.960,1.08,1.246,8.732,662.048,47.058,-267.7, , , , , , ,18.798,-35.42,-37.628
 13:50:28.864,eb:33:2e:f9:57:b5, 2015-01-01 00:14:37.960,0.954,0.537,8.336,615.051,45.715,-322.754, , , , , , ,22.906,-34.662,-39.249
 13:50:28.864,eb:33:2e:f9:57:b5, 2015-01-01 00:14:37.960,0.901,-0.108,8.213,559.937,50.476,-367.371, , , , , , ,26.829,-33.712,-41.05
 13:50:28.909,eb:33:2e:f9:57:b5, 2015-01-01 00:14:37.960,0.742,-0.802,8.226,506.348,63.599,-388.55, , , , , , ,30.504,-32.558,-42.808
 13:50:28.909,eb:33:2e:f9:57:b5, 2015-01-01 00:14:37.960,0.541,-1.464,8.21,460.938,80.261,-389.526, , , , , , ,33.805,-31.207,-44.528
 13:50:28.909,eb:33:2e:f9:57:b5, 2015-01-01 00:14:37.960,0.354,-2.121,7.99,424.866,97.29,-375.366, , , , , , ,36.76,-29.729,-46.033
 13:50:28.909,eb:33:2e:f9:57:b5, 2015-01-01 00:14:37.960,0.204,-2.748,7.668,397.705,109.253,-343.323, , , , , , ,39.402,-28.213,-47.269
 13:50:28.909,eb:33:2e:f9:57:b5, 2015-01-01 00:14:37.960,0.102,-3.307,7.374,375.793,122.253,-301.758, , , , , , ,41.792,-26.719,-48.153
 13:50:28.909,eb:33:2e:f9:57:b5, 2015-01-01 00:14:37.960,0.054,-3.762,7,353.76,130.249,-248.901, , , , , , ,43.879,-25.329,-48.774
 13:50:28.909,eb:33:2e:f9:57:b5, 2015-01-01 00:14:37.960,0.185,-4.093,6.537,321.716,145.691,-180.664, , , , , , ,45.676,-24.104,-49.059
 13:50:28.909,eb:33:2e:f9:57:b5, 2015-01-01 00:14:37.960,0.301,-4.176,6.23,296.936,162.964,-135.498, , , , , , ,47.192,-23.016,-49.016
 13:50:28.953,eb:33:2e:f9:57:b5, 2015-01-01 00:14:38.315,0.474,-4.267,5.914,267.151,181.091,-82.703, , , , , , ,48.477,-22.028,-48.647
 13:50:28.953,eb:33:2e:f9:57:b5, 2015-01-01 00:14:38.315,0.703,-4.367,5.737,241.333,192.505,-35.95, , , , , , ,49.521,-21.209,-48.071
 13:50:28.953,eb:33:2e:f9:57:b5, 2015-01-01 00:14:38.315,0.932,-4.429,5.636,217.712,203.552,0.061, , , , , , ,50.383,-20.511,-47.302
 13:50:28.953,eb:33:2e:f9:57:b5, 2015-01-01 00:14:38.315,1.099,-4.454,5.481,193.054,216.797,26.062, , , , , , ,51.081,-19.907,-46.373
 13:50:28.953,eb:33:2e:f9:57:b5, 2015-01-01 00:14:38.315,1.238,-4.486,5.154,165.466,231.201,45.837, , , , , , ,51.619,-19.336,-45.275
 13:50:28.953,eb:33:2e:f9:57:b5, 2015-01-01 00:14:38.315,1.231,-4.575,4.575,135.315,235.596,63.171, , , , , , ,51.976,-18.831,-44.11
 13:50:28.953,eb:33:2e:f9:57:b5, 2015-01-01 00:14:38.315,1.766,-4.78,3.42,91.37,217.102,67.627, , , , , , ,52.158,-18.391,-42.951
 13:50:28.953,eb:33:2e:f9:57:b5, 2015-01-01 00:14:38.315,2.999,-5.526,-0.354,-13.428,178.406,89.294, , , , , , ,52.009,-18.1,-41.869
 13:50:29.022,eb:33:2e:f9:57:b5, 2015-01-01 00:14:38.315,4.058,-6.798,-5.124,-174.805,168.64,111.755, , , , , , ,51.174,-17.957,-40.787
 13:50:29.022,eb:33:2e:f9:57:b5, 2015-01-01 00:14:38.315,3.696,-7.751,-6.232,-342.773,113.892,87.219, , , , , , ,49.493,-17.886,-39.858
 13:50:29.022,eb:33:2e:f9:57:b5, 2015-01-01 00:14:38.315,3.572,-7.654,-4.293,-469.238,-24.475,53.894, , , , , , ,47.28,-18.029,-39.507
 13:50:29.022,eb:33:2e:f9:57:b5, 2015-01-01 00:14:38.315,4.167,-6.823,-2.907,-582.458,-113.953,33.081, , , , , , ,44.643,-18.474,-39.672
 13:50:29.022,eb:33:2e:f9:57:b5, 2015-01-01 00:14:38.315,4.197,-6.812,-1.706,-684.753,-159.424,3.54, , , , , , ,41.605,-19.045,-40.078
 13:50:29.022,eb:33:2e:f9:57:b5, 2015-01-01 00:14:38.315,4.02,-6.958,-0.991,-771.606,-186.951,-34.729, , , , , , ,38.139,-19.649,-40.759
 13:50:29.022,eb:33:2e:f9:57:b5, 2015-01-01 00:14:38.315,3.734,-6.689,-0.428,-837.708,-216.675,-64.331, , , , , , ,34.376,-20.319,-41.627
 13:50:29.022,eb:33:2e:f9:57:b5, 2015-01-01 00:14:38.315,3.435,-6.097,0.512,-881.775,-252.563,-92.896, , , , , , ,30.416,-21.105,-42.676
 13:50:29.022,eb:33:2e:f9:57:b5, 2015-01-01 00:14:38.315,2.974,-5.354,1.667,-907.593,-298.767,-129.028, , , , , , ,26.389,-22.066,-43.929
 13:50:29.022,eb:33:2e:f9:57:b5, 2015-01-01 00:14:38.315,2.408,-4.606,2.673,-926.086,-345.215,-166.443, , , , , , ,22.363,-23.242,-45.406
 13:50:29.022,eb:33:2e:f9:57:b5, 2015-01-01 00:14:38.315,1.968,-3.996,3.481,-946.472,-394.409,-196.167, , , , , , ,18.347,-24.659,-47.076
 13:50:29.022,eb:33:2e:f9:57:b5, 2015-01-01 00:14:38.315,1.434,-3.608,4.059,-978.699,-444.336,-211.914, , , , , , ,14.277,-26.406,-48.823
 13:50:29.022,eb:33:2e:f9:57:b5, 2015-01-01 00:14:38.315,1.195,-3.381,4.75,-1019.958,-479.614,-224.915, , , , , , ,10.069,-28.427,-50.68
 13:50:29.022,eb:33:2e:f9:57:b5, 2015-01-01 00:14:38.315,0.868,-3.179,5.625,-1060.547,-496.033,-233.582, , , , , , ,5.68,-30.696,-52.377
 13:50:29.022,eb:33:2e:f9:57:b5, 2015-01-01 00:14:38.315,0.563,-2.893,6.729,-1086.121,-495.544,-241.821, , , , , , ,1.126,-33.091,-53.959
 13:50:29.022,eb:33:2e:f9:57:b5, 2015-01-01 00:14:38.315,-0.213,-2.794,7.702,-1083.679,-518.372,-234.68, , , , , , ,-3.527,-35.656,-55.344
 13:50:29.065,eb:33:2e:f9:57:b5, 2015-01-01 00:14:38.315,-0.644,-2.498,8.556,-1058.472,-516.846,-221.68, , , , , , ,-8.223,-38.337,-56.519
 13:50:29.065,eb:33:2e:f9:57:b5, 2015-01-01 00:14:38.315,-0.626,-2.171,9.122,-1017.639,-491.882,-202.332, , , , , , ,-12.925,-41.017,-57.255
 13:50:29.065,eb:33:2e:f9:57:b5, 2015-01-01 00:14:38.315,-0.52,-1.896,9.196,-971.191,-455.994,-181.763, , , , , , ,-17.606,-43.539,-57.656
 13:50:29.065,eb:33:2e:f9:57:b5, 2015-01-01 00:14:38.315,-0.237,-1.769,8.394,-932.495,-422.668,-163.33, , , , , , ,-22.28,-45.873,-57.744
 13:50:29.065,eb:33:2e:f9:57:b5, 2015-01-01 00:14:38.315,-0.073,-1.712,7.141,-905.334,-411.072,-145.142, , , , , , ,-27.032,-48.06,-57.579
 13:50:29.065,eb:33:2e:f9:57:b5, 2015-01-01 00:14:38.315,0.256,-1.589,6.097,-887.451,-410.828,-129.7, , , , , , ,-31.992,-50.175,-56.937
 13:50:29.066,eb:33:2e:f9:57:b5, 2015-01-01 00:14:38.315,0.651,-1.399,5.561,-877.136,-418.518,-125.122, , , , , , ,-37.216,-52.24,-55.887
 13:50:29.066,eb:33:2e:f9:57:b5, 2015-01-01 00:14:38.315,0.826,-1.219,5.171,-870.911,-441.284,-128.418, , , , , , ,-42.786,-54.294,-54.388
 13:50:29.132,eb:33:2e:f9:57:b5, 2015-01-01 00:14:38.315,0.773,-1.042,4.558,-867.92,-485.84,-130.737, , , , , , ,-48.884,-56.376,-52.333
 13:50:29.132,eb:33:2e:f9:57:b5, 2015-01-01 00:14:38.315,0.554,-0.933,3.958,-866.028,-551.697,-118.591, , , , , , ,-55.871,-58.464,-49.186
 13:50:29.132,eb:33:2e:f9:57:b5, 2015-01-01 00:14:38.315,0.251,-0.819,3.924,-862.854,-631.165,-92.773, , , , , , ,-64.116,-60.414,-44.632
 13:50:29.132,eb:33:2e:f9:57:b5, 2015-01-01 00:14:38.315,-0.025,-0.646,4.583,-854.431,-701.599,-57.861, , , , , , ,-73.911,-61.946,-38.353
 13:50:29.132,eb:33:2e:f9:57:b5, 2015-01-01 00:14:38.315,-0.517,-0.417,5.496,-826.599,-774.597,-0.488, , , , , , ,-85.067,-62.743,-30.58
 13:50:29.132,eb:33:2e:f9:57:b5, 2015-01-01 00:14:38.315,-0.791,0.232,6.731,-777.71,-817.261,61.096, , , , , , ,-96.823,-62.501,-21.846
 13:50:29.132,eb:33:2e:f9:57:b5, 2015-01-01 00:14:38.315,-1.033,1.29,7.973,-714.294,-825.134,126.831, , , , , , ,-107.836,-61.133,-13.563
 13:50:29.132,eb:33:2e:f9:57:b5, 2015-01-01 00:14:38.315,-1.109,2.611,8.912,-644.409,-806.763,191.345, , , , , , ,-117.175,-58.804,-6.669
 13:50:29.202,eb:33:2e:f9:57:b5, 2015-01-01 00:14:38.315,-1.031,3.948,9.696,-576.843,-766.541,250.427, , , , , , ,-124.519,-55.816,-1.615
 13:50:29.202,eb:33:2e:f9:57:b5, 2015-01-01 00:14:38.315,-0.946,5.41,10.56,-519.226,-698.853,297.058, , , , , , ,-130.062,-52.498,1.873
 13:50:29.202,eb:33:2e:f9:57:b5, 2015-01-01 00:14:38.315,-1.031,7.411,11.374,-463.562,-598.816,328.491, , , , , , ,-134.099,-49.175,3.955
 13:50:29.202,eb:33:2e:f9:57:b5, 2015-01-01 00:14:38.315,-1.304,9.103,11.376,-413.879,-528.198,333.557, , , , , , ,-137.093,-46.033,5.065
 13:50:29.202,eb:33:2e:f9:57:b5, 2015-01-01 00:14:38.315,-1.615,10.569,11.049,-357.3,-479.553,315.979, , , , , , ,-139.433,-43.094,5.609
 13:50:29.202,eb:33:2e:f9:57:b5, 2015-01-01 00:14:38.315,-1.88,11.83,10.439,-285.4,-446.655,273.376, , , , , , ,-141.306,-40.397,6.059
 13:50:29.202,eb:33:2e:f9:57:b5, 2015-01-01 00:14:38.315,-1.968,12.89,9.36,-196.96,-418.884,205.811, , , , , , ,-142.795,-37.974,6.564
 13:50:29.202,eb:33:2e:f9:57:b5, 2015-01-01 00:14:38.315,-1.759,13.791,8.13,-105.957,-375.183,113.464, , , , , , ,-143.932,-35.942,7.278
 13:50:29.225,eb:33:2e:f9:57:b5, 2015-01-01 00:14:38.315,-1.545,14.447,7.129,-29.907,-314.575,11.841, , , , , , ,-144.767,-34.404,8.146
 13:50:29.225,eb:33:2e:f9:57:b5, 2015-01-01 00:14:38.315,-1.437,14.452,6.462,21.423,-234.802,-94.604, , , , , , ,-145.415,-33.453,9.333
 13:50:29.225,eb:33:2e:f9:57:b5, 2015-01-01 00:14:38.315,-1.689,13.465,5.932,47.424,-140.869,-188.171, , , , , , ,-145.964,-33.14,10.69
 13:50:29.225,eb:33:2e:f9:57:b5, 2015-01-01 00:14:38.315,-2.205,11.883,5.41,58.533,-41.138,-256.47, , , , , , ,-146.47,-33.448,12.112
 13:50:29.225,eb:33:2e:f9:57:b5, 2015-01-01 00:14:38.315,-4.404,9.975,5.047,182.312,119.141,-281.25, , , , , , ,-146.75,-34.338,13.337
 13:50:29.225,eb:33:2e:f9:57:b5, 2015-01-01 00:14:38.315,-6.412,9.721,13.454,910.522,402.344,-541.138, , , , , , ,-144.185,-37.485,14.42
 13:50:29.225,eb:33:2e:f9:57:b5, 2015-01-01 00:14:38.315,7.312,9.578,-0.517,1240.845,373.291,-1112.488, , , , , , ,-140.317,-40.573,17.644
 13:50:29.225,eb:33:2e:f9:57:b5, 2015-01-01 00:14:38.315,5.948,10.261,8.457,808.472,1177.612,-947.937, , , , , , ,-137.318,-47.379,20.424
 13:50:29.228,eb:33:2e:f9:57:b5, 2015-01-01 00:14:38.315,3.877,9.5,5.501,472.595,1540.283,-654.48, , , , , , ,-130.853,-55.668,15.848
 13:50:29.228,eb:33:2e:f9:57:b5, 2015-01-01 00:14:38.315,-6.454,-5.29,3.981,215.454,835.571,97.351, , , , , , ,-123.585,-59.881,8.844
 13:50:29.228,eb:33:2e:f9:57:b5, 2015-01-01 00:14:38.315,-8.504,-0.914,0.28,305.115,660.706,313.782, , , , , , ,-115.12,-60.216,0.813
 13:50:29.228,eb:33:2e:f9:57:b5, 2015-01-01 00:14:38.315,-6.831,5.542,-5.836,113.098,235.474,102.6, , , , , , ,-110.352,-60.194,-3.642
 13:50:29.228,eb:33:2e:f9:57:b5, 2015-01-01 00:14:38.315,-0.11,-0.722,-1.144,92.346,34.119,-77.209, , , , , , ,-109.193,-60.276,-4.438
 13:50:29.228,eb:33:2e:f9:57:b5, 2015-01-01 00:14:38.315,1.025,-0.661,0.888,100.891,149.414,-41.016, , , , , , ,-107.93,-60.831,-5.334
 13:50:29.228,eb:33:2e:f9:57:b5, 2015-01-01 00:14:38.315,-0.425,-0.822,1.046,136.902,105.896,120.3, , , , , , ,-106.282,-60.65,-6.515
 13:50:29.228,eb:33:2e:f9:57:b5, 2015-01-01 00:14:38.315,2.396,-0.709,3.026,187.866,141.785,116.089, , , , , , ,-104.024,-60.227,-8.157
 13:50:29.269,eb:33:2e:f9:57:b5, 2015-01-01 00:14:38.315,0.261,0.983,2.193,186.462,208.008,30.334, , , , , , ,-101.25,-60.101,-10.327
 13:50:29.269,eb:33:2e:f9:57:b5, 2015-01-01 00:14:38.315,-1.949,2.004,0.232,155.396,207.458,-61.768, , , , , , ,-98.729,-60.441,-12.261
 13:50:29.269,eb:33:2e:f9:57:b5, 2015-01-01 00:14:38.315,-2.021,-1.334,0.168,156.25,151.611,33.386, , , , , , ,-96.394,-60.59,-14.046
 13:50:29.269,eb:33:2e:f9:57:b5, 2015-01-01 00:14:38.315,-0.369,0.424,-1.337,129.639,49.866,36.804, , , , , , ,-94.85,-60.436,-14.996
 13:50:29.269,eb:33:2e:f9:57:b5, 2015-01-01 00:14:38.315,0.062,0.397,-0.25,88.684,47.852,40.405, , , , , , ,-93.939,-60.266,-15.546
 13:50:29.269,eb:33:2e:f9:57:b5, 2015-01-01 00:14:38.315,0.85,-0.096,2.023,106.262,45.349,30.518, , , , , , ,-93.01,-60.095,-16.068
 13:50:29.269,eb:33:2e:f9:57:b5, 2015-01-01 00:14:38.315,0.298,0.538,2.882,132.935,70.312,9.338, , , , , , ,-91.917,-60.013,-16.611
 13:50:29.269,eb:33:2e:f9:57:b5, 2015-01-01 00:14:38.315,-0.953,0.085,2.494,146.79,103.333,-3.54, , , , , , ,-90.39,-60.013,-17.562
 13:50:29.314,eb:33:2e:f9:57:b5, 2015-01-01 00:14:38.675,-2.044,-0.329,1.53,162.903,62.012,1.099, , , , , , ,-88.896,-60.024,-18.468
 13:50:29.314,eb:33:2e:f9:57:b5, 2015-01-01 00:14:38.675,-1.546,-1.125,1.493,185.913,1.526,33.386, , , , , , ,-87.792,-59.919,-18.732
 13:50:29.314,eb:33:2e:f9:57:b5, 2015-01-01 00:14:38.675,-0.329,-0.293,1.693,208.191,-55.481,46.448, , , , , , ,-87.111,-59.705,-18.353
 13:50:29.314,eb:33:2e:f9:57:b5, 2015-01-01 00:14:38.675,0.676,0.178,2.193,217.346,-62.5,41.199, , , , , , ,-86.611,-59.502,-17.693
 13:50:29.314,eb:33:2e:f9:57:b5, 2015-01-01 00:14:38.675,0.327,-0.011,3.283,238.831,-34.729,42.664, , , , , , ,-85.869,-59.31,-17.32
 13:50:29.314,eb:33:2e:f9:57:b5, 2015-01-01 00:14:38.675,-0.84,-0.476,4.127,295.532,-48.523,35.645, , , , , , ,-84.88,-59.134,-16.891
 13:50:29.314,eb:33:2e:f9:57:b5, 2015-01-01 00:14:38.675,-0.477,-1.189,4.57,380.371,-76.416,32.593, , , , , , ,-83.71,-59.008,-16.249
 13:50:29.314,eb:33:2e:f9:57:b5, 2015-01-01 00:14:38.675,0.704,-1.29,5.795,462.402,-70.679,21.912, , , , , , ,-82.2,-58.925,-15.507
 13:50:29.359,eb:33:2e:f9:57:b5, 2015-01-01 00:14:38.675,1.561,-1.446,7.131,550.232,-46.021,8.484, , , , , , ,-80.101,-58.898,-15.046
 13:50:29.359,eb:33:2e:f9:57:b5, 2015-01-01 00:14:38.675,2.38,-1.878,8.247,642.517,21.118,-16.296, , , , , , ,-77.119,-58.925,-14.991
 13:50:29.359,eb:33:2e:f9:57:b5, 2015-01-01 00:14:38.675,3.286,-2.284,8.966,727.356,115.112,-44.617, , , , , , ,-72.966,-58.986,-15.787
 13:50:29.359,eb:33:2e:f9:57:b5, 2015-01-01 00:14:38.675,3.667,-2.243,9.563,803.833,239.136,-64.026, , , , , , ,-67.489,-58.942,-17.682
 13:50:29.359,eb:33:2e:f9:57:b5, 2015-01-01 00:14:38.675,3.445,-2.112,11.291,879.211,433.35,-59.814, , , , , , ,-60.348,-58.453,-21.149
 13:50:29.359,eb:33:2e:f9:57:b5, 2015-01-01 00:14:38.675,2.451,-2.304,12.998,939.453,666.87,-33.936, , , , , , ,-51.784,-57.008,-25.862
 13:50:29.359,eb:33:2e:f9:57:b5, 2015-01-01 00:14:38.675,0.5,-2.269,11.633,1007.446,767.883,12.024, , , , , , ,-42.841,-54.52,-30.767
 13:50:29.359,eb:33:2e:f9:57:b5, 2015-01-01 00:14:38.675,0.564,1.496,9.679,1144.409,687.561,3.479, , , , , , ,-34.464,-51.625,-34.382
 13:50:29.405,eb:33:2e:f9:57:b5, 2015-01-01 00:14:38.675,0.164,3.818,8.208,1103.027,531.921,-14.16, , , , , , ,-26.927,-49.043,-36.881
 13:50:29.405,eb:33:2e:f9:57:b5, 2015-01-01 00:14:38.675,0.785,2.543,2.543,871.094,359.924,-2.625, , , , , , ,-21.011,-47.137,-38.271
 13:50:29.405,eb:33:2e:f9:57:b5, 2015-01-01 00:14:38.675,2.067,1.956,-3.628,573.73,206.97,72.693, , , , , , ,-17.32,-45.824,-38.584
 13:50:29.405,eb:33:2e:f9:57:b5, 2015-01-01 00:14:38.675,0.627,-1.487,-0.009,344.543,296.326,184.082, , , , , , ,-15.463,-44.506,-38.287
 13:50:29.405,eb:33:2e:f9:57:b5, 2015-01-01 00:14:38.675,-1.052,-0.086,4.695,466.187,460.144,271.362, , , , , , ,-14.139,-42.188,-37.397
 13:50:29.405,eb:33:2e:f9:57:b5, 2015-01-01 00:14:38.675,-0.096,5.134,3.495,481.262,423.218,249.268, , , , , , ,-12.283,-39.655,-36.486
 13:50:29.405,eb:33:2e:f9:57:b5, 2015-01-01 00:14:38.675,0.36,5.75,6.312,412.292,260.132,227.6, , , , , , ,-10.75,-37.859,-35.436
 13:50:29.405,eb:33:2e:f9:57:b5, 2015-01-01 00:14:38.675,-0.229,3.181,7.332,450.073,143.127,202.82, , , , , , ,-9.229,-36.738,-34.393
 13:50:29.426,eb:33:2e:f9:57:b5, 2015-01-01 00:14:38.675,0.361,2.833,6.481,476.685,81.421,151.794, , , , , , ,-7.476,-36.085,-33.541
 13:50:29.426,eb:33:2e:f9:57:b5, 2015-01-01 00:14:38.675,0.568,2.558,7.499,510.742,59.57,103.455, , , , , , ,-5.411,-35.7,-32.822
 13:50:29.426,eb:33:2e:f9:57:b5, 2015-01-01 00:14:38.675,0.72,2.321,9.092,559.021,83.252,37.72, , , , , , ,-2.933,-35.31,-32.459
 13:50:29.426,eb:33:2e:f9:57:b5, 2015-01-01 00:14:38.675,1,2.102,10.412,613.586,104.248,-44.983, , , , , , ,0.066,-34.827,-32.536
 13:50:29.426,eb:33:2e:f9:57:b5, 2015-01-01 00:14:38.675,1.234,1.53,10.419,662.231,106.873,-133.484, , , , , , ,3.615,-34.277,-33.107
 13:50:29.426,eb:33:2e:f9:57:b5, 2015-01-01 00:14:38.675,1.352,0.794,9.679,683.044,106.812,-213.257, , , , , , ,7.581,-33.651,-34.14
 13:50:29.426,eb:33:2e:f9:57:b5, 2015-01-01 00:14:38.675,1.251,0.216,9.011,664.673,112.854,-281.311, , , , , , ,11.717,-32.893,-35.541
 13:50:29.426,eb:33:2e:f9:57:b5, 2015-01-01 00:14:38.675,1.231,-0.383,8.594,619.873,120.911,-336.853, , , , , , ,15.798,-31.948,-37.189
 13:50:29.471,eb:33:2e:f9:57:b5, 2015-01-01 00:14:38.675,1.151,-1.027,8.39,566.895,128.784,-371.521, , , , , , ,19.666,-30.8,-38.963
 13:50:29.471,eb:33:2e:f9:57:b5, 2015-01-01 00:14:38.675,1.06,-1.607,8.288,512.939,135.376,-391.357, , , , , , ,23.242,-29.476,-40.754
 13:50:29.471,eb:33:2e:f9:57:b5, 2015-01-01 00:14:38.675,0.836,-2.188,8.097,463.257,139.709,-392.578, , , , , , ,26.472,-28.021,-42.462
 13:50:29.471,eb:33:2e:f9:57:b5, 2015-01-01 00:14:38.675,0.642,-2.781,7.89,422.852,140.32,-378.052, , , , , , ,29.372,-26.499,-44.006
 13:50:29.471,eb:33:2e:f9:57:b5, 2015-01-01 00:14:38.675,0.457,-3.347,7.735,391.174,140.503,-348.572, , , , , , ,32.036,-24.977,-45.253
 13:50:29.471,eb:33:2e:f9:57:b5, 2015-01-01 00:14:38.675,0.366,-3.773,7.594,364.38,142.334,-306.335, , , , , , ,34.349,-23.494,-46.318
 13:50:29.471,eb:33:2e:f9:57:b5, 2015-01-01 00:14:38.675,0.412,-4.031,7.371,337.036,151.55,-258.118, , , , , , ,36.387,-22.088,-47.082
 13:50:29.471,eb:33:2e:f9:57:b5, 2015-01-01 00:14:38.675,0.627,-4.19,7.096,308.044,168.823,-207.458, , , , , , ,38.15,-20.759,-47.532
 13:50:29.562,eb:33:2e:f9:57:b5, 2015-01-01 00:14:38.675,0.933,-4.332,6.833,276.978,192.749,-159.79, , , , , , ,39.683,-19.451,-47.604
 13:50:29.562,eb:33:2e:f9:57:b5, 2015-01-01 00:14:38.675,1.188,-4.531,6.428,240.112,220.337,-106.567, , , , , , ,40.897,-18.237,-47.406
 13:50:29.562,eb:33:2e:f9:57:b5, 2015-01-01 00:14:38.675,1.365,-4.608,6.062,211.426,237,-69.214, , , , , , ,41.869,-17.095,-46.928
 13:50:29.562,eb:33:2e:f9:57:b5, 2015-01-01 00:14:38.675,1.545,-4.606,5.572,182.983,242.004,-37.781, , , , , , ,42.66,-16.035,-46.28
 13:50:29.562,eb:33:2e:f9:57:b5, 2015-01-01 00:14:38.675,1.606,-4.587,4.972,149.841,239.807,-7.568, , , , , , ,43.286,-15.046,-45.45
 13:50:29.562,eb:33:2e:f9:57:b5, 2015-01-01 00:14:38.675,1.645,-4.639,4.211,112.915,226.074,13.672, , , , , , ,43.715,-14.222,-44.599
 13:50:29.562,eb:33:2e:f9:57:b5, 2015-01-01 00:14:38.675,2.063,-4.833,3.168,64.087,189.087,27.832, , , , , , ,43.945,-13.557,-43.775
 13:50:29.562,eb:33:2e:f9:57:b5, 2015-01-01 00:14:38.675,2.715,-5.255,0.325,-13.733,138.306,64.087, , , , , , ,43.879,-13.156,-43.028
 13:50:29.564,eb:33:2e:f9:57:b5, 2015-01-01 00:14:38.675,3.708,-6.082,-3.668,-150.024,86.975,93.445, , , , , , ,43.292,-13.03,-42.308
 13:50:29.564,eb:33:2e:f9:57:b5, 2015-01-01 00:14:38.675,3.708,-6.928,-6.093,-315.674,41.077,114.99, , , , , , ,41.896,-13.167,-41.671
 13:50:29.564,eb:33:2e:f9:57:b5, 2015-01-01 00:14:38.675,3.312,-6.924,-4.198,-442.261,-83.069,101.685, , , , , , ,39.847,-13.64,-41.342
 13:50:29.564,eb:33:2e:f9:57:b5, 2015-01-01 00:14:38.675,3.528,-6.139,-2.141,-541.931,-188.965,78.796, , , , , , ,37.365,-14.507,-41.479
 13:50:29.564,eb:33:2e:f9:57:b5, 2015-01-01 00:14:38.675,3.666,-5.751,-1.003,-641.724,-220.825,45.166, , , , , , ,34.552,-15.529,-41.814
 13:50:29.564,eb:33:2e:f9:57:b5, 2015-01-01 00:14:38.675,3.633,-5.956,-0.537,-738.708,-224.365,11.719, , , , , , ,31.196,-16.545,-42.341
 13:50:29.564,eb:33:2e:f9:57:b5, 2015-01-01 00:14:38.675,3.52,-5.974,-0.122,-822.937,-225.83,-12.329, , , , , , ,27.422,-17.512,-42.94
 13:50:29.564,eb:33:2e:f9:57:b5, 2015-01-01 00:14:38.675,3.326,-5.649,0.516,-892.212,-237.244,-39.062, , , , , , ,23.291,-18.506,-43.588
 13:50:29.584,eb:33:2e:f9:57:b5, 2015-01-01 00:14:38.675,3.155,-5.109,1.307,-941.589,-265.747,-68.848, , , , , , ,18.929,-19.583,-44.352
 13:50:29.584,eb:33:2e:f9:57:b5, 2015-01-01 00:14:38.675,3.21,-4.514,2.13,-979.492,-308.533,-100.708, , , , , , ,14.414,-20.858,-45.242
 13:50:29.584,eb:33:2e:f9:57:b5, 2015-01-01 00:14:38.675,2.944,-4.151,2.785,-1013.489,-368.042,-114.868, , , , , , ,9.767,-22.434,-46.198
 13:50:29.584,eb:33:2e:f9:57:b5, 2015-01-01 00:14:38.675,2.96,-3.884,3.606,-1046.387,-425.476,-132.507, , , , , , ,4.982,-24.351,-47.17
 13:50:29.584,eb:33:2e:f9:57:b5, 2015-01-01 00:14:38.675,2.983,-3.606,4.437,-1081.543,-476.013,-148.376, , , , , , ,0.027,-26.57,-48.164
 13:50:29.584,eb:33:2e:f9:57:b5, 2015-01-01 00:14:38.675,2.934,-3.09,5.552,-1111.084,-510.254,-163.818, , , , , , ,-5.109,-29.081,-48.939
 13:50:29.584,eb:33:2e:f9:57:b5, 2015-01-01 00:14:38.675,2.552,-2.79,6.906,-1117.432,-565.125,-172.363, , , , , , ,-10.426,-31.882,-49.471
 13:50:29.584,eb:33:2e:f9:57:b5, 2015-01-01 00:14:38.675,2.118,-2.497,8.434,-1100.159,-609.009,-190.735, , , , , , ,-15.826,-34.975,-49.735
 13:50:29.651,eb:33:2e:f9:57:b5, 2015-01-01 00:14:38.675,1.897,-2.154,9.223,-1066.833,-631.836,-197.571, , , , , , ,-21.275,-38.221,-49.763
 13:50:29.651,eb:33:2e:f9:57:b5, 2015-01-01 00:14:38.675,1.831,-1.822,9.54,-1024.78,-636.23,-191.956, , , , , , ,-26.829,-41.517,-49.23
 13:50:29.651,eb:33:2e:f9:57:b5, 2015-01-01 00:14:38.675,1.756,-1.505,9.409,-980.408,-623.108,-178.65, , , , , , ,-32.525,-44.703,-48.197
 13:50:29.651,eb:33:2e:f9:57:b5, 2015-01-01 00:14:38.675,1.381,-1.366,8.515,-936.462,-621.887,-149.231, , , , , , ,-38.485,-47.681,-46.538
 13:50:29.651,eb:33:2e:f9:57:b5, 2015-01-01 00:14:38.675,1.381,-1.445,7.459,-897.949,-622.559,-124.329, , , , , , ,-44.83,-50.438,-44.28
 13:50:29.651,eb:33:2e:f9:57:b5, 2015-01-01 00:14:38.675,1.33,-1.527,6.91,-867.004,-621.765,-91.675, , , , , , ,-51.729,-52.899,-41.094
 13:50:29.651,eb:33:2e:f9:57:b5, 2015-01-01 00:14:38.675,1.285,-1.582,6.451,-841.675,-623.23,-61.157, , , , , , ,-59.216,-54.965,-37.095
 13:50:29.651,eb:33:2e:f9:57:b5, 2015-01-01 00:14:38.675,1.073,-1.488,5.699,-821.655,-641.968,-26.001, , , , , , ,-67.379,-56.569,-32.239
 13:50:29.674,eb:33:2e:f9:57:b5, 2015-01-01 00:14:39.010,1.027,-1.378,4.967,-802.429,-684.448,18.127, , , , , , ,-76.322,-57.596,-26.521
 13:50:29.674,eb:33:2e:f9:57:b5, 2015-01-01 00:14:39.010,0.913,-1.105,5.196,-787.537,-728.699,65.247, , , , , , ,-85.908,-57.92,-19.885
 13:50:29.674,eb:33:2e:f9:57:b5, 2015-01-01 00:14:39.010,0.663,-0.777,6.195,-771.362,-761.902,115.906, , , , , , ,-95.713,-57.382,-12.881
 13:50:29.674,eb:33:2e:f9:57:b5, 2015-01-01 00:14:39.010,0.229,-0.467,7.075,-748.169,-789.307,171.997, , , , , , ,-105.112,-55.948,-6.174
 13:50:29.674,eb:33:2e:f9:57:b5, 2015-01-01 00:14:39.010,-0.075,0.359,8.018,-715.271,-794.006,239.075, , , , , , ,-113.593,-53.608,-0.363
 13:50:29.674,eb:33:2e:f9:57:b5, 2015-01-01 00:14:39.010,-0.161,1.362,8.654,-687.927,-765.259,282.166, , , , , , ,-120.762,-50.663,4.274
 13:50:29.674,eb:33:2e:f9:57:b5, 2015-01-01 00:14:39.010,-0.016,2.528,9.416,-664.612,-714.111,319.946, , , , , , ,-126.683,-47.346,7.652
 13:50:29.674,eb:33:2e:f9:57:b5, 2015-01-01 00:14:39.010,0.077,3.882,10.402,-650.085,-628.906,348.633, , , , , , ,-131.512,-43.94,9.822
 13:50:29.764,eb:33:2e:f9:57:b5, 2015-01-01 00:14:39.010,0.087,5.562,11.55,-638.916,-529.907,360.84, , , , , , ,-135.494,-40.682,10.849
 13:50:29.764,eb:33:2e:f9:57:b5, 2015-01-01 00:14:39.010,0.108,7.347,12.335,-624.39,-418.701,345.581, , , , , , ,-138.878,-37.787,11.206
 13:50:29.764,eb:33:2e:f9:57:b5, 2015-01-01 00:14:39.010,0.042,9.05,12.264,-596.13,-333.313,310.547, , , , , , ,-141.855,-35.343,11.091
 13:50:29.764,eb:33:2e:f9:57:b5, 2015-01-01 00:14:39.010,-0.322,10.763,11.744,-550.659,-285.278,259.705, , , , , , ,-144.553,-33.3,10.822
 13:50:29.764,eb:33:2e:f9:57:b5, 2015-01-01 00:14:39.010,-1.026,12.47,10.959,-479.065,-285.767,196.533, , , , , , ,-147.03,-31.509,10.569
 13:50:29.764,eb:33:2e:f9:57:b5, 2015-01-01 00:14:39.010,-1.772,13.828,9.792,-371.704,-327.026,122.192, , , , , , ,-149.211,-29.795,10.761
 13:50:29.764,eb:33:2e:f9:57:b5, 2015-01-01 00:14:39.010,-2.019,14.36,8.711,-243.347,-359.619,34.973, , , , , , ,-151.002,-28.098,11.409
 13:50:29.764,eb:33:2e:f9:57:b5, 2015-01-01 00:14:39.010,-1.961,14.267,8.183,-125.305,-339.05,-53.467, , , , , , ,-152.325,-26.592,12.437
 13:50:29.764,eb:33:2e:f9:57:b5, 2015-01-01 00:14:39.010,-1.899,14.227,7.671,-38.757,-270.63,-136.963, , , , , , ,-153.243,-25.494,13.618
 13:50:29.764,eb:33:2e:f9:57:b5, 2015-01-01 00:14:39.010,-1.866,13.846,7.136,15.625,-172.729,-219.666, , , , , , ,-153.88,-24.955,15.073
 13:50:29.764,eb:33:2e:f9:57:b5, 2015-01-01 00:14:39.010,-2.196,12.671,6.336,48.279,-73.975,-282.227, , , , , , ,-154.358,-25.016,16.628
 13:50:29.764,eb:33:2e:f9:57:b5, 2015-01-01 00:14:39.010,-2.788,11.034,5.85,79.285,4.578,-319.336, , , , , , ,-154.704,-25.565,18.221
 13:50:29.764,eb:33:2e:f9:57:b5, 2015-01-01 00:14:39.010,-3.256,9.072,5.647,127.258,56.885,-334.717, , , , , , ,-154.863,-26.444,19.688
 13:50:29.764,eb:33:2e:f9:57:b5, 2015-01-01 00:14:39.010,-4.135,6.771,5.082,187.256,71.533,-322.876, , , , , , ,-154.731,-27.455,21.198
 13:50:29.764,eb:33:2e:f9:57:b5, 2015-01-01 00:14:39.010,-5,6.709,8.669,613.831,540.588,-560.425, , , , , , ,-153.523,-29.427,22.549
 13:50:29.765,eb:33:2e:f9:57:b5, 2015-01-01 00:14:39.010,-1.443,1.069,9.563,1319.885,215.698,-557.922, , , , , , ,-149.145,-32.437,24.137
 13:50:29.830,eb:33:2e:f9:57:b5, 2015-01-01 00:14:39.010,11.235,6.721,1.961,1141.052,-460.449,-1508.972, , , , , , ,-146.135,-35.947,29.663
 13:50:29.830,eb:33:2e:f9:57:b5, 2015-01-01 00:14:39.010,6.252,9.562,6.717,520.63,1316.772,-839.966, , , , , , ,-143.762,-42.067,31.849
 13:50:29.830,eb:33:2e:f9:57:b5, 2015-01-01 00:14:39.010,-5.469,-1.238,4.644,336.548,1091.919,-155.823, , , , , , ,-139.438,-49.114,28.57
 13:50:29.830,eb:33:2e:f9:57:b5, 2015-01-01 00:14:39.010,-6.995,-0.443,1.379,367.615,838.013,186.218, , , , , , ,-133.693,-51.773,23.318
 13:50:29.830,eb:33:2e:f9:57:b5, 2015-01-01 00:14:39.010,-10.246,-1.529,-2.325,267.212,661.377,45.105, , , , , , ,-127.809,-54.02,17.869
 13:50:29.830,eb:33:2e:f9:57:b5, 2015-01-01 00:14:39.010,-5.345,6.768,-6.731,200.684,277.1,13.184, , , , , , ,-124.288,-54.948,14.821
 13:50:29.830,eb:33:2e:f9:57:b5, 2015-01-01 00:14:39.010,1.297,-0.109,0.722,105.713,194.763,-120.422, , , , , , ,-123.008,-55.959,14.057
 13:50:29.830,eb:33:2e:f9:57:b5, 2015-01-01 00:14:39.010,0.837,-1.29,0.892,113.159,126.099,101.929, , , , , , ,-121.333,-56.321,12.689
 13:50:29.833,eb:33:2e:f9:57:b5, 2015-01-01 00:14:39.010,-1.25,-0.021,0.708,105.225,125.366,181.946, , , , , , ,-119.295,-56.019,10.756
 13:50:29.833,eb:33:2e:f9:57:b5, 2015-01-01 00:14:39.010,0.27,0.661,-0.221,93.567,80.078,113.77, , , , , , ,-117.664,-55.552,9.393
 13:50:29.833,eb:33:2e:f9:57:b5, 2015-01-01 00:14:39.010,-0.477,1.135,1.14,85.388,99.915,52.063, , , , , , ,-116.428,-55.492,8.41
 13:50:29.833,eb:33:2e:f9:57:b5, 2015-01-01 00:14:39.010,-1.152,-0.882,0.982,100.159,31.982,92.163, , , , , , ,-115.28,-55.283,7.586
 13:50:29.833,eb:33:2e:f9:57:b5, 2015-01-01 00:14:39.010,0.136,0.719,0.151,90.027,12.085,55.054, , , , , , ,-114.5,-54.965,7.125
 13:50:29.833,eb:33:2e:f9:57:b5, 2015-01-01 00:14:39.010,-0.417,0.111,1.443,96.375,34.363,43.701, , , , , , ,-113.752,-54.8,6.751
 13:50:29.833,eb:33:2e:f9:57:b5, 2015-01-01 00:14:39.010,0.168,-0.477,2.535,139.404,27.893,22.461, , , , , , ,-112.83,-54.734,6.367
 13:50:29.833,eb:33:2e:f9:57:b5, 2015-01-01 00:14:39.010,1.113,0.442,1.572,144.226,10.986,42.053, , , , , , ,-111.912,-54.597,6.152
 13:50:29.897,eb:33:2e:f9:57:b5, 2015-01-01 00:14:39.010,-0.65,0.78,1.691,127.441,55.359,11.047, , , , , , ,-110.923,-54.531,5.63
 13:50:29.897,eb:33:2e:f9:57:b5, 2015-01-01 00:14:39.010,-2.526,0.013,1.47,143.25,28.931,-6.592, , , , , , ,-109.962,-54.635,5.29
 13:50:29.897,eb:33:2e:f9:57:b5, 2015-01-01 00:14:39.010,-1.739,-1.341,1.618,155.823,-8.606,45.227, , , , , , ,-109.111,-54.536,5.164
 13:50:29.897,eb:33:2e:f9:57:b5, 2015-01-01 00:14:39.010,0.233,-0.465,1.463,165.771,-51.392,68.237, , , , , , ,-108.386,-54.19,5.273
 13:50:29.897,eb:33:2e:f9:57:b5, 2015-01-01 00:14:39.010,1.225,0.393,2.171,175.842,-63.171,61.34, , , , , , ,-107.787,-53.778,5.477
 13:50:29.897,eb:33:2e:f9:57:b5, 2015-01-01 00:14:39.010,0.331,0.248,3.763,211.609,-20.447,43.457, , , , , , ,-106.946,-53.492,5.63
 13:50:29.897,eb:33:2e:f9:57:b5, 2015-01-01 00:14:39.010,-1.326,-0.561,5.103,283.203,-22.766,36.743, , , , , , ,-105.754,-53.267,5.729
 13:50:29.897,eb:33:2e:f9:57:b5, 2015-01-01 00:14:39.010,-0.912,-1.708,5.642,368.774,-16.663,50.232, , , , , , ,-104.123,-53.036,5.773
 13:50:29.921,eb:33:2e:f9:57:b5, 2015-01-01 00:14:39.010,0.286,-1.699,6.612,463.318,0,44.678, , , , , , ,-101.97,-52.789,5.614
 13:50:29.921,eb:33:2e:f9:57:b5, 2015-01-01 00:14:39.010,0.861,-1.991,7.566,570.374,22.461,31.555, , , , , , ,-99.212,-52.614,5.455
 13:50:29.921,eb:33:2e:f9:57:b5, 2015-01-01 00:14:39.010,2.189,-1.75,8.121,685.425,45.593,-3.662, , , , , , ,-95.779,-52.57,5.164
 13:50:29.921,eb:33:2e:f9:57:b5, 2015-01-01 00:14:39.010,2.894,-1.98,9.026,772.644,97.107,-29.785, , , , , , ,-91.604,-52.712,4.576
 13:50:29.921,eb:33:2e:f9:57:b5, 2015-01-01 00:14:39.010,2.375,-2.193,10.903,871.582,197.754,-19.775, , , , , , ,-86.407,-52.817,3.159
 13:50:29.923,eb:33:2e:f9:57:b5, 2015-01-01 00:14:39.010,1.672,-2.395,13.865,960.632,409.912,4.272, , , , , , ,-79.662,-52.657,0.5
 13:50:29.923,eb:33:2e:f9:57:b5, 2015-01-01 00:14:39.010,0.329,-2.142,14.084,1037.109,646.851,51.025, , , , , , ,-71.142,-51.812,-3.911
 13:50:29.923,eb:33:2e:f9:57:b5, 2015-01-01 00:14:39.010,0.836,0.718,12.655,1147.949,738.159,47.974, , , , , , ,-61.683,-50.103,-8.921
 13:50:29.966,eb:33:2e:f9:57:b5, 2015-01-01 00:14:39.010,0.022,1.927,9.275,1130.737,639.343,74.219, , , , , , ,-52.806,-47.972,-13.167
 13:50:29.966,eb:33:2e:f9:57:b5, 2015-01-01 00:14:39.010,1.684,0.856,4.498,974.792,514.893,101.99, , , , , , ,-45.538,-45.764,-15.914
 13:50:29.966,eb:33:2e:f9:57:b5, 2015-01-01 00:14:39.010,2.457,5.983,-3.526,681.152,310.181,102.112, , , , , , ,-40.781,-44.044,-16.99
 13:50:29.966,eb:33:2e:f9:57:b5, 2015-01-01 00:14:39.010,1.677,1.295,-0.97,382.446,280.884,205.383, , , , , , ,-38.167,-42.523,-17.254
 13:50:29.966,eb:33:2e:f9:57:b5, 2015-01-01 00:14:39.010,-1.358,-1.922,4.299,448.914,436.584,392.09, , , , , , ,-36.392,-40.018,-17.155
 13:50:29.966,eb:33:2e:f9:57:b5, 2015-01-01 00:14:39.010,-0.75,4.485,4.648,569.946,440.979,407.898, , , , , , ,-33.97,-37.002,-16.738
 13:50:29.967,eb:33:2e:f9:57:b5, 2015-01-01 00:14:39.010,0.18,6.24,7.522,548.096,241.882,387.329, , , , , , ,-31.707,-34.557,-15.798
 13:50:29.967,eb:33:2e:f9:57:b5, 2015-01-01 00:14:39.010,-0.109,3.155,7.855,563.782,105.469,378.662, , , , , , ,-29.767,-32.921,-14.315
 13:50:29.989,eb:33:2e:f9:57:b5, 2015-01-01 00:14:39.010,0.432,2.342,6.613,575.317,43.396,366.089, , , , , , ,-27.861,-31.74,-12.519
 13:50:29.989,eb:33:2e:f9:57:b5, 2015-01-01 00:14:39.010,0.535,2.486,8.658,600.647,32.837,315.247, , , , , , ,-25.79,-30.828,-10.849
 13:50:29.989,eb:33:2e:f9:57:b5, 2015-01-01 00:14:39.010,0.761,2.757,11.042,651.611,58.228,223.938, , , , , , ,-23.291,-30.07,-9.575
 13:50:29.989,eb:33:2e:f9:57:b5, 2015-01-01 00:14:39.010,1.166,2.704,12.268,710.632,77.332,113.037, , , , , , ,-20.198,-29.443,-8.877
 13:50:29.989,eb:33:2e:f9:57:b5, 2015-01-01 00:14:39.010,1.585,2.071,11.752,752.686,84.412,-10.498, , , , , , ,-16.534,-28.987,-8.817
 13:50:29.989,eb:33:2e:f9:57:b5, 2015-01-01 00:14:39.010,1.718,1.343,10.608,757.69,86.121,-129.333, , , , , , ,-12.464,-28.669,-9.393
 13:50:29.989,eb:33:2e:f9:57:b5, 2015-01-01 00:14:39.010,1.772,0.764,9.683,725.769,81.787,-242.065, , , , , , ,-8.185,-28.433,-10.591
 13:50:29.989,eb:33:2e:f9:57:b5, 2015-01-01 00:14:39.010,1.85,0.219,9.215,673.95,68.542,-344.849, , , , , , ,-3.867,-28.218,-12.354
 13:50:30.034,eb:33:2e:f9:57:b5, 2015-01-01 00:14:39.010,1.85,-0.226,8.939,615.112,50.72,-435.12, , , , , , ,0.396,-27.982,-14.634
 13:50:30.034,eb:33:2e:f9:57:b5, 2015-01-01 00:14:39.010,1.73,-0.804,8.779,557.434,27.954,-508.057, , , , , , ,4.559,-27.691,-17.342
 13:50:30.034,eb:33:2e:f9:57:b5, 2015-01-01 00:14:39.010,1.391,-1.56,8.778,506.592,10.193,-554.81, , , , , , ,8.575,-27.301,-20.347
 13:50:30.034,eb:33:2e:f9:57:b5, 2015-01-01 00:14:39.010,1.042,-2.444,8.848,456.97,1.221,-581.116, , , , , , ,12.398,-26.752,-23.505
 13:50:30.034,eb:33:2e:f9:57:b5, 2015-01-01 00:14:39.010,0.81,-3.1,9.005,425.293,0.916,-573.792, , , , , , ,15.98,-26.049,-26.636
 13:50:30.034,eb:33:2e:f9:57:b5, 2015-01-01 00:14:39.010,0.689,-3.709,9.267,400.391,18.127,-549.5, , , , , , ,19.303,-25.153,-29.581
 13:50:30.034,eb:33:2e:f9:57:b5, 2015-01-01 00:14:39.010,0.654,-4.346,9.357,376.526,58.594,-510.376, , , , , , ,22.33,-24.022,-32.212
 13:50:30.034,eb:33:2e:f9:57:b5, 2015-01-01 00:14:39.010,0.761,-5.052,9.068,350.525,111.084,-458.496, , , , , , ,25.01,-22.648,-34.409
 13:50:30.078,eb:33:2e:f9:57:b5, 2015-01-01 00:14:39.410,1.109,-5.658,8.428,318.665,176.88,-400.635, , , , , , ,27.4,-21.094,-35.986
 13:50:30.078,eb:33:2e:f9:57:b5, 2015-01-01 00:14:39.410,1.317,-5.983,7.711,281.494,243.835,-335.876, , , , , , ,29.279,-19.276,-37.128
 13:50:30.078,eb:33:2e:f9:57:b5, 2015-01-01 00:14:39.410,1.371,-6.123,6.727,244.324,286.865,-270.996, , , , , , ,30.773,-17.353,-37.766
 13:50:30.078,eb:33:2e:f9:57:b5, 2015-01-01 00:14:39.410,1.308,-6.194,5.54,206.177,292.786,-205.994, , , , , , ,31.954,-15.496,-38.007
 13:50:30.078,eb:33:2e:f9:57:b5, 2015-01-01 00:14:39.410,1.57,-6.229,4.203,164.673,263.733,-143.433, , , , , , ,32.932,-13.81,-37.903
 13:50:30.078,eb:33:2e:f9:57:b5, 2015-01-01 00:14:39.410,1.876,-6.492,2.382,103.394,195.129,-74.768, , , , , , ,33.541,-12.574,-37.722
 13:50:30.078,eb:33:2e:f9:57:b5, 2015-01-01 00:14:39.410,2.585,-7.17,-1.811,-6.042,114.685,33.142, , , , , , ,33.684,-11.92,-37.337
 13:50:30.078,eb:33:2e:f9:57:b5, 2015-01-01 00:14:39.410,3.755,-8.161,-6.191,-180.786,69.946,129.028, , , , , , ,33.014,-11.821,-36.716
 13:50:30.123,eb:33:2e:f9:57:b5, 2015-01-01 00:14:39.410,3.387,-8.638,-5.503,-344.238,-7.751,176.697, , , , , , ,31.58,-12.09,-35.854
 13:50:30.123,eb:33:2e:f9:57:b5, 2015-01-01 00:14:39.410,3.603,-8.402,-2.925,-459.29,-139.893,187.744, , , , , , ,29.383,-12.931,-35.277
 13:50:30.123,eb:33:2e:f9:57:b5, 2015-01-01 00:14:39.410,4.126,-7.727,-1.968,-573.425,-221.313,209.778, , , , , , ,26.647,-14.277,-34.827
 13:50:30.124,eb:33:2e:f9:57:b5, 2015-01-01 00:14:39.410,4.548,-7.099,-1.257,-698.975,-220.337,186.34, , , , , , ,23.286,-15.705,-34.387
 13:50:30.126,eb:33:2e:f9:57:b5, 2015-01-01 00:14:39.410,4.629,-6.761,-0.394,-809.753,-209.9,143.188, , , , , , ,19.352,-16.996,-34.008
 13:50:30.126,eb:33:2e:f9:57:b5, 2015-01-01 00:14:39.410,4.384,-6.312,0.438,-898.987,-205.75,87.341, , , , , , ,14.958,-18.144,-33.777
 13:50:30.126,eb:33:2e:f9:57:b5, 2015-01-01 00:14:39.410,4.308,-5.566,1.208,-966.003,-213.745,24.78, , , , , , ,10.245,-19.215,-33.761
 13:50:30.126,eb:33:2e:f9:57:b5, 2015-01-01 00:14:39.410,3.774,-4.773,2.028,-1015.625,-249.634,-36.194, , , , , , ,5.339,-20.374,-33.981
 13:50:30.169,eb:33:2e:f9:57:b5, 2015-01-01 00:14:39.410,3.499,-4.035,3.16,-1054.016,-296.265,-108.215, , , , , , ,0.324,-21.698,-34.634
 13:50:30.169,eb:33:2e:f9:57:b5, 2015-01-01 00:14:39.410,3.224,-3.366,4.19,-1094.055,-335.449,-178.04, , , , , , ,-4.774,-23.34,-35.37
 13:50:30.169,eb:33:2e:f9:57:b5, 2015-01-01 00:14:39.410,3.098,-2.844,4.98,-1136.841,-368.53,-241.333, , , , , , ,-9.992,-25.241,-36.299
 13:50:30.169,eb:33:2e:f9:57:b5, 2015-01-01 00:14:39.410,2.857,-2.312,5.907,-1173.157,-394.653,-293.701, , , , , , ,-15.342,-27.416,-37.315
 13:50:30.169,eb:33:2e:f9:57:b5, 2015-01-01 00:14:39.410,2.442,-2.012,6.941,-1186.89,-443.359,-342.407, , , , , , ,-20.775,-29.905,-38.469
 13:50:30.169,eb:33:2e:f9:57:b5, 2015-01-01 00:14:39.410,1.947,-1.698,8.426,-1167.847,-492.798,-397.766, , , , , , ,-26.186,-32.822,-39.391
 13:50:30.170,eb:33:2e:f9:57:b5, 2015-01-01 00:14:39.410,1.344,-1.277,9.31,-1125.549,-542.175,-435.913, , , , , , ,-31.503,-36.134,-40.1
 13:50:30.170,eb:33:2e:f9:57:b5, 2015-01-01 00:14:39.410,0.845,-0.932,9.488,-1065.857,-577.942,-447.937, , , , , , ,-36.766,-39.721,-40.419
 13:50:30.190,eb:33:2e:f9:57:b5, 2015-01-01 00:14:39.410,0.504,-0.833,9.459,-994.202,-593.567,-446.045, , , , , , ,-41.995,-43.401,-40.375
 13:50:30.190,eb:33:2e:f9:57:b5, 2015-01-01 00:14:39.410,0.308,-1.115,8.749,-928.101,-600.647,-421.509, , , , , , ,-47.329,-47.054,-39.578
 13:50:30.190,eb:33:2e:f9:57:b5, 2015-01-01 00:14:39.410,-0.047,-1.408,7.741,-882.202,-597.534,-375.183, , , , , , ,-53.015,-50.488,-38.002
 13:50:30.190,eb:33:2e:f9:57:b5, 2015-01-01 00:14:39.410,-0.328,-1.544,6.981,-848.633,-588.989,-323.608, , , , , , ,-59.244,-53.569,-35.574
 13:50:30.190,eb:33:2e:f9:57:b5, 2015-01-01 00:14:39.410,-0.233,-1.64,6.311,-816.772,-591.675,-270.996, , , , , , ,-66.154,-56.206,-32.333
 13:50:30.190,eb:33:2e:f9:57:b5, 2015-01-01 00:14:39.410,-0.172,-1.633,5.661,-786.987,-608.704,-206.36, , , , , , ,-73.922,-58.321,-27.845
 13:50:30.190,eb:33:2e:f9:57:b5, 2015-01-01 00:14:39.410,-0.276,-1.411,4.795,-756.042,-650.452,-127.38, , , , , , ,-82.628,-59.76,-22.181
 13:50:30.190,eb:33:2e:f9:57:b5, 2015-01-01 00:14:39.410,-0.382,-1.19,4.418,-735.413,-697.327,-61.89, , , , , , ,-92.186,-60.348,-15.447
 13:50:30.258,eb:33:2e:f9:57:b5, 2015-01-01 00:14:39.410,-0.327,-0.999,4.504,-714.661,-750.061,-0.854, , , , , , ,-102.129,-60.007,-8.289
 13:50:30.258,eb:33:2e:f9:57:b5, 2015-01-01 00:14:39.410,-0.548,-0.795,4.809,-685.303,-822.693,65.491, , , , , , ,-111.918,-58.661,-0.972
 13:50:30.258,eb:33:2e:f9:57:b5, 2015-01-01 00:14:39.410,-0.513,-0.317,5.387,-649.231,-870.361,117.249, , , , , , ,-120.899,-56.321,5.729
 13:50:30.258,eb:33:2e:f9:57:b5, 2015-01-01 00:14:39.410,-0.381,0.297,5.96,-612,-909.912,172.791, , , , , , ,-128.628,-53.157,11.349
 13:50:30.258,eb:33:2e:f9:57:b5, 2015-01-01 00:14:39.410,-0.348,1.05,6.708,-581.055,-929.138,230.835, , , , , , ,-135.016,-49.296,15.595
 13:50:30.258,eb:33:2e:f9:57:b5, 2015-01-01 00:14:39.410,-0.28,1.869,7.88,-562.5,-919.312,286.011, , , , , , ,-140.175,-44.989,18.748
 13:50:30.258,eb:33:2e:f9:57:b5, 2015-01-01 00:14:39.410,-0.505,2.905,9.662,-556.519,-871.094,342.041, , , , , , ,-144.327,-40.474,20.748
 13:50:30.258,eb:33:2e:f9:57:b5, 2015-01-01 00:14:39.410,-0.7,4.338,11.604,-558.167,-779.724,380.859, , , , , , ,-147.722,-36.046,21.731
 13:50:30.281,eb:33:2e:f9:57:b5, 2015-01-01 00:14:39.410,-0.98,6.082,12.949,-557.861,-652.039,399.475, , , , , , ,-150.606,-32.014,21.742
 13:50:30.281,eb:33:2e:f9:57:b5, 2015-01-01 00:14:39.410,-1.123,7.853,13.25,-546.387,-518.25,390.747, , , , , , ,-153.144,-28.559,21.286
 13:50:30.281,eb:33:2e:f9:57:b5, 2015-01-01 00:14:39.410,-1.428,9.608,12.61,-511.719,-410.522,363.403, , , , , , ,-155.418,-25.724,20.479
 13:50:30.281,eb:33:2e:f9:57:b5, 2015-01-01 00:14:39.410,-1.899,11.348,11.551,-445.374,-356.567,310.791, , , , , , ,-157.44,-23.346,19.616
 13:50:30.281,eb:33:2e:f9:57:b5, 2015-01-01 00:14:39.410,-2.118,12.575,10.085,-341.492,-355.896,232.849, , , , , , ,-159.137,-21.215,18.858
 13:50:30.281,eb:33:2e:f9:57:b5, 2015-01-01 00:14:39.410,-1.745,13.009,8.769,-223.938,-354.248,132.812, , , , , , ,-160.417,-19.237,18.644
 13:50:30.281,eb:33:2e:f9:57:b5, 2015-01-01 00:14:39.410,-1.295,13.521,7.962,-125.122,-311.707,23.743, , , , , , ,-161.301,-17.556,18.88
 13:50:30.281,eb:33:2e:f9:57:b5, 2015-01-01 00:14:39.410,-1.113,14.455,7.274,-61.401,-239.136,-92.468, , , , , , ,-161.911,-16.342,19.55
 13:50:30.349,eb:33:2e:f9:57:b5, 2015-01-01 00:14:39.410,-1.099,14.678,6.456,-24.841,-156.494,-214.722, , , , , , ,-162.422,-15.694,20.55
 13:50:30.349,eb:33:2e:f9:57:b5, 2015-01-01 00:14:39.410,-1.348,13.384,5.749,-2.441,-71.594,-320.374, , , , , , ,-162.894,-15.612,22.104
 13:50:30.349,eb:33:2e:f9:57:b5, 2015-01-01 00:14:39.410,-2.017,11.363,5.542,17.517,10.498,-388.672, , , , , , ,-163.35,-16.035,23.95
 13:50:30.349,eb:33:2e:f9:57:b5, 2015-01-01 00:14:39.410,-2.592,9.388,5.692,51.88,79.773,-423.157, , , , , , ,-163.729,-16.875,25.933
 13:50:30.349,eb:33:2e:f9:57:b5, 2015-01-01 00:14:39.410,-2.958,7.377,5.612,101.868,131.836,-425.537, , , , , , ,-163.927,-18.012,27.779
 13:50:30.349,eb:33:2e:f9:57:b5, 2015-01-01 00:14:39.410,-2.722,5.335,5.119,159.607,159.668,-403.748, , , , , , ,-163.845,-19.297,29.658
 13:50:30.349,eb:33:2e:f9:57:b5, 2015-01-01 00:14:39.410,-2.938,3.432,4.322,219.482,176.208,-346.13, , , , , , ,-163.433,-20.638,31.306
 13:50:30.349,eb:33:2e:f9:57:b5, 2015-01-01 00:14:39.410,-4.661,3.666,11.206,812.317,606.812,-475.891, , , , , , ,-161.049,-23.599,32.58
 13:50:30.373,eb:33:2e:f9:57:b5, 2015-01-01 00:14:39.410,7.05,4.533,-2.575,1207.092,314.087,-784.79, , , , , , ,-156.368,-25.631,34.585
 13:50:30.373,eb:33:2e:f9:57:b5, 2015-01-01 00:14:39.410,8.21,4.432,6.729,1015.259,539.368,-871.765, , , , , , ,-153.062,-28.504,39.71
 13:50:30.373,eb:33:2e:f9:57:b5, 2015-01-01 00:14:39.410,2.576,5.578,10.35,525.391,1378.235,-552.307, , , , , , ,-149.293,-35.206,39.364
 13:50:30.373,eb:33:2e:f9:57:b5, 2015-01-01 00:14:39.410,-5.474,-4.994,5.384,289.124,741.394,201.05, , , , , , ,-145.882,-40.001,36.65
 13:50:30.373,eb:33:2e:f9:57:b5, 2015-01-01 00:14:39.410,-5.086,0.309,2.635,330.2,717.163,289.429, , , , , , ,-141.295,-41.786,31.981
 13:50:30.373,eb:33:2e:f9:57:b5, 2015-01-01 00:14:39.410,-8.657,2.063,-3.087,201.233,368.042,91.98, , , , , , ,-137.736,-43.308,28.746
 13:50:30.373,eb:33:2e:f9:57:b5, 2015-01-01 00:14:39.410,-2.842,1.827,-3.337,132.141,108.887,-79.041, , , , , , ,-136.324,-44.203,27.735
 13:50:30.373,eb:33:2e:f9:57:b5, 2015-01-01 00:14:39.410,2.275,-1.264,0.624,120.422,97.29,-83.679, , , , , , ,-135.818,-44.879,27.905
 13:50:30.440,eb:33:2e:f9:57:b5, 2015-01-01 00:14:39.410,1.638,-0.83,2.027,125.488,127.625,98.999, , , , , , ,-134.665,-45.121,26.999
 13:50:30.440,eb:33:2e:f9:57:b5, 2015-01-01 00:14:39.410,0.524,0.707,2.156,127.625,261.719,81.177, , , , , , ,-132.929,-45.549,25.411
 13:50:30.440,eb:33:2e:f9:57:b5, 2015-01-01 00:14:39.410,-0.543,1.209,0.388,125.122,233.032,28.687, , , , , , ,-131.155,-46.126,23.857
 13:50:30.440,eb:33:2e:f9:57:b5, 2015-01-01 00:14:39.410,-1.484,0.804,0.66,96.313,240.417,-20.02, , , , , , ,-129.683,-46.95,22.56
 13:50:30.440,eb:33:2e:f9:57:b5, 2015-01-01 00:14:39.410,-1.058,-0.811,-0.051,100.464,150.574,21.606, , , , , , ,-128.342,-47.505,21.264
 13:50:30.440,eb:33:2e:f9:57:b5, 2015-01-01 00:14:39.410,-0.398,0.353,-0.644,81.116,95.337,25.513, , , , , , ,-127.326,-47.763,20.495
 13:50:30.440,eb:33:2e:f9:57:b5, 2015-01-01 00:14:39.410,-0.463,-0.374,1.355,95.032,83.74,35.583, , , , , , ,-126.409,-47.906,19.83
 13:50:30.442,eb:33:2e:f9:57:b5, 2015-01-01 00:14:39.410,-0.393,-0.599,1.742,133.179,31.372,48.401, , , , , , ,-125.409,-47.889,19.292
 13:50:30.442,eb:33:2e:f9:57:b5, 2015-01-01 00:14:39.410,0.386,0.667,1.036,117.188,31.311,55.603, , , , , , ,-124.503,-47.752,18.776
 13:50:30.442,eb:33:2e:f9:57:b5, 2015-01-01 00:14:39.410,-0.383,-0.121,2.236,123.596,60.425,53.345, , , , , , ,-123.503,-47.631,18.204
 13:50:30.442,eb:33:2e:f9:57:b5, 2015-01-01 00:14:39.410,-2.069,-0.438,2.521,173.218,36.255,19.531, , , , , , ,-122.421,-47.659,17.781
 13:50:30.442,eb:33:2e:f9:57:b5, 2015-01-01 00:14:39.410,-1.46,-0.802,0.981,190.918,-29.907,61.523, , , , , , ,-121.377,-47.477,17.633
 13:50:30.442,eb:33:2e:f9:57:b5, 2015-01-01 00:14:39.410,0.013,-0.019,1.387,195.435,-73.181,70.984, , , , , , ,-120.482,-47.016,17.573
 13:50:30.442,eb:33:2e:f9:57:b5, 2015-01-01 00:14:39.410,0.618,-0.248,3.179,205.811,-60.059,68.298, , , , , , ,-119.625,-46.555,17.77
 13:50:30.442,eb:33:2e:f9:57:b5, 2015-01-01 00:14:39.410,0.159,-0.277,4.691,252.686,-29.541,59.753, , , , , , ,-118.499,-46.176,17.809
 13:50:30.442,eb:33:2e:f9:57:b5, 2015-01-01 00:14:39.410,-0.28,-0.633,4.973,325.439,-35.583,51.697, , , , , , ,-117.021,-45.857,17.814
 13:50:30.484,eb:33:2e:f9:57:b5, 2015-01-01 00:14:39.795,-0.16,-1.076,5.354,412.964,-64.697,45.837, , , , , , ,-115.269,-45.533,17.842
 13:50:30.484,eb:33:2e:f9:57:b5, 2015-01-01 00:14:39.795,0.638,-1.544,6.879,499.451,-46.204,36.011, , , , , , ,-113.126,-45.231,18.1
 13:50:30.484,eb:33:2e:f9:57:b5, 2015-01-01 00:14:39.795,1.429,-2.089,8.232,590.149,1.526,23.438, , , , , , ,-110.396,-45.066,18.149
 13:50:30.484,eb:33:2e:f9:57:b5, 2015-01-01 00:14:39.795,2.572,-2.392,9.632,687.927,81.116,-3.723, , , , , , ,-106.919,-45.082,17.803
 13:50:30.484,eb:33:2e:f9:57:b5, 2015-01-01 00:14:39.795,3.657,-2.33,9.306,792.175,130.249,-34.424, , , , , , ,-102.656,-45.324,16.924
 13:50:30.484,eb:33:2e:f9:57:b5, 2015-01-01 00:14:39.795,3.576,-1.899,10.883,903.564,286.682,-47.791, , , , , , ,-97.344,-45.731,15.513
 13:50:30.485,eb:33:2e:f9:57:b5, 2015-01-01 00:14:39.795,2.382,-2.105,13.076,964.661,534.79,-13.733, , , , , , ,-90.406,-46.011,12.426
 13:50:30.485,eb:33:2e:f9:57:b5, 2015-01-01 00:14:39.795,1.32,0.155,12.608,1010.925,728.149,-11.78, , , , , , ,-82.062,-45.829,7.712
 13:50:30.528,eb:33:2e:f9:57:b5, 2015-01-01 00:14:39.795,0.779,-0.33,10.837,1038.33,766.663,33.386, , , , , , ,-73.065,-44.94,2.142
 13:50:30.528,eb:33:2e:f9:57:b5, 2015-01-01 00:14:39.795,1.349,1.211,4.444,999.878,555.847,60.608, , , , , , ,-65.023,-43.544,-2.038
 13:50:30.528,eb:33:2e:f9:57:b5, 2015-01-01 00:14:39.795,2.134,4.99,-0.006,770.569,281.616,33.813, , , , , , ,-59.189,-42.462,-4.153
 13:50:30.528,eb:33:2e:f9:57:b5, 2015-01-01 00:14:39.795,1.625,3.27,-1.141,498.962,163.635,69.031, , , , , , ,-55.547,-41.71,-5.054
 13:50:30.528,eb:33:2e:f9:57:b5, 2015-01-01 00:14:39.795,-0.615,-2.153,2.763,411.499,271.667,236.389, , , , , , ,-53.102,-40.435,-5.773
 13:50:30.528,eb:33:2e:f9:57:b5, 2015-01-01 00:14:39.795,-0.842,2.151,5.511,554.688,362.854,269.653, , , , , , ,-50.18,-38.326,-6.432
 13:50:30.528,eb:33:2e:f9:57:b5, 2015-01-01 00:14:39.795,0.141,5.608,6.377,562.012,272.339,252.625, , , , , , ,-47.043,-36.255,-6.888
 13:50:30.530,eb:33:2e:f9:57:b5, 2015-01-01 00:14:39.795,0.302,3.63,7.746,523.804,148.926,236.572, , , , , , ,-44.5,-34.706,-6.685
 13:50:30.550,eb:33:2e:f9:57:b5, 2015-01-01 00:14:39.795,0.296,1.671,6.518,547.607,55.115,236.389, , , , , , ,-42.171,-33.558,-6.202
 13:50:30.550,eb:33:2e:f9:57:b5, 2015-01-01 00:14:39.795,0.708,1.754,6.753,560.669,29.846,194.031, , , , , , ,-39.836,-32.723,-5.4
 13:50:30.550,eb:33:2e:f9:57:b5, 2015-01-01 00:14:39.795,0.892,1.742,8.815,586.365,56.152,133.484, , , , , , ,-37.277,-32.058,-4.818
 13:50:30.550,eb:33:2e:f9:57:b5, 2015-01-01 00:14:39.795,1.178,1.739,10.371,624.878,98.083,53.894, , , , , , ,-34.299,-31.47,-4.686
 13:50:30.551,eb:33:2e:f9:57:b5, 2015-01-01 00:14:39.795,1.613,1.435,10.688,659.546,123.596,-38.879, , , , , , ,-30.877,-30.987,-5.054
 13:50:30.551,eb:33:2e:f9:57:b5, 2015-01-01 00:14:39.795,1.75,0.637,9.72,676.88,139.954,-149.109, , , , , , ,-27.048,-30.652,-5.966
 13:50:30.551,eb:33:2e:f9:57:b5, 2015-01-01 00:14:39.795,1.887,0.072,8.788,656.982,147.156,-234.863, , , , , , ,-22.989,-30.421,-7.383
 13:50:30.551,eb:33:2e:f9:57:b5, 2015-01-01 00:14:39.795,1.973,-0.49,8.299,615.295,148.01,-307.251, , , , , , ,-18.907,-30.223,-9.196
 13:50:30.644,eb:33:2e:f9:57:b5, 2015-01-01 00:14:39.795,2.026,-1.004,8.049,565.552,145.142,-371.826, , , , , , ,-14.886,-30.026,-11.365
 13:50:30.644,eb:33:2e:f9:57:b5, 2015-01-01 00:14:39.795,1.988,-1.418,7.749,513.184,140.442,-425.415, , , , , , ,-10.992,-29.784,-13.826
 13:50:30.644,eb:33:2e:f9:57:b5, 2015-01-01 00:14:39.795,1.839,-1.885,7.435,464.722,134.094,-461.121, , , , , , ,-7.251,-29.46,-16.501
 13:50:30.644,eb:33:2e:f9:57:b5, 2015-01-01 00:14:39.795,1.496,-2.403,7.226,425.537,122.62,-476.746, , , , , , ,-3.697,-29.048,-19.265
 13:50:30.644,eb:33:2e:f9:57:b5, 2015-01-01 00:14:39.795,1.177,-2.85,7.151,396.667,111.206,-480.713, , , , , , ,-0.33,-28.553,-22.028
 13:50:30.644,eb:33:2e:f9:57:b5, 2015-01-01 00:14:39.795,0.919,-3.248,7.265,377.258,97.839,-468.079, , , , , , ,2.856,-27.988,-24.708
 13:50:30.644,eb:33:2e:f9:57:b5, 2015-01-01 00:14:39.795,0.71,-3.611,7.46,362.427,94.116,-444.397, , , , , , ,5.867,-27.339,-27.224
 13:50:30.644,eb:33:2e:f9:57:b5, 2015-01-01 00:14:39.795,0.628,-4.013,7.513,347.595,103.027,-406.86, , , , , , ,8.674,-26.581,-29.509
 13:50:30.686,eb:33:2e:f9:57:b5, 2015-01-01 00:14:39.795,0.593,-4.515,7.433,330.017,127.502,-355.652, , , , , , ,11.223,-25.686,-31.47
 13:50:30.686,eb:33:2e:f9:57:b5, 2015-01-01 00:14:39.795,0.66,-5.042,7.236,308.96,167.603,-298.279, , , , , , ,13.475,-24.604,-33.03
 13:50:30.686,eb:33:2e:f9:57:b5, 2015-01-01 00:14:39.795,0.912,-5.487,6.772,282.776,219.116,-234.985, , , , , , ,15.397,-23.318,-34.14
 13:50:30.686,eb:33:2e:f9:57:b5, 2015-01-01 00:14:39.795,1.233,-5.75,6.147,252.319,270.691,-165.588, , , , , , ,16.963,-21.846,-34.766
 13:50:30.686,eb:33:2e:f9:57:b5, 2015-01-01 00:14:39.795,1.517,-5.723,5.549,218.994,310.12,-103.271, , , , , , ,18.188,-20.242,-34.937
 13:50:30.687,eb:33:2e:f9:57:b5, 2015-01-01 00:14:39.795,1.694,-5.542,4.69,180.664,329.895,-44.495, , , , , , ,19.105,-18.6,-34.733
 13:50:30.687,eb:33:2e:f9:57:b5, 2015-01-01 00:14:39.795,2.037,-5.336,3.771,138.062,329.346,9.399, , , , , , ,19.726,-17.023,-34.211
 13:50:30.687,eb:33:2e:f9:57:b5, 2015-01-01 00:14:39.795,2.513,-5.157,2.477,82.214,304.016,60.242, , , , , , ,20.045,-15.601,-33.464
 13:50:30.689,eb:33:2e:f9:57:b5, 2015-01-01 00:14:39.795,3.413,-5.002,0.242,7.69,251.709,105.164, , , , , , ,20.001,-14.464,-32.536
 13:50:30.689,eb:33:2e:f9:57:b5, 2015-01-01 00:14:39.795,4.199,-4.961,-2.954,-101.257,193.787,125, , , , , , ,19.501,-13.651,-31.591
 13:50:30.689,eb:33:2e:f9:57:b5, 2015-01-01 00:14:39.795,4.079,-5.455,-5.114,-224.304,120.361,121.155, , , , , , ,18.419,-13.134,-30.718
 13:50:30.689,eb:33:2e:f9:57:b5, 2015-01-01 00:14:39.795,3.898,-5.928,-4.521,-325.989,-13.428,98.999, , , , , , ,16.848,-13.09,-30.125
 13:50:30.689,eb:33:2e:f9:57:b5, 2015-01-01 00:14:39.795,4.062,-5.676,-3.242,-412.964,-147.461,83.13, , , , , , ,14.886,-13.683,-29.811
 13:50:30.689,eb:33:2e:f9:57:b5, 2015-01-01 00:14:39.795,4.068,-5.258,-2,-505.127,-205.994,41.016, , , , , , ,12.53,-14.672,-29.745
 13:50:30.689,eb:33:2e:f9:57:b5, 2015-01-01 00:14:39.795,3.738,-5.309,-1.019,-596.558,-221.252,1.038, , , , , , ,9.761,-15.749,-29.883
 13:50:30.689,eb:33:2e:f9:57:b5, 2015-01-01 00:14:39.795,3.566,-5.403,-0.347,-680.786,-221.13,-34.058, , , , , , ,6.603,-16.837,-30.157
 13:50:30.732,eb:33:2e:f9:57:b5, 2015-01-01 00:14:39.795,3.52,-5.175,0.13,-752.686,-213.257,-68.542, , , , , , ,3.087,-17.902,-30.526
 13:50:30.732,eb:33:2e:f9:57:b5, 2015-01-01 00:14:39.795,3.404,-4.773,0.514,-807.19,-222.168,-89.844, , , , , , ,-0.692,-18.968,-30.998
 13:50:30.732,eb:33:2e:f9:57:b5, 2015-01-01 00:14:39.795,3.293,-4.336,0.958,-849.915,-257.507,-117.981, , , , , , ,-4.697,-20.198,-31.498
 13:50:30.732,eb:33:2e:f9:57:b5, 2015-01-01 00:14:39.795,2.926,-3.888,1.573,-878.479,-314.27,-145.874, , , , , , ,-8.844,-21.714,-32.031
 13:50:30.732,eb:33:2e:f9:57:b5, 2015-01-01 00:14:39.795,2.608,-3.459,2.335,-903.992,-377.38,-173.706, , , , , , ,-13.112,-23.566,-32.723
 13:50:30.733,eb:33:2e:f9:57:b5, 2015-01-01 00:14:39.795,2.655,-3.123,3.059,-933.105,-434.998,-191.65, , , , , , ,-17.562,-25.801,-33.107
 13:50:30.733,eb:33:2e:f9:57:b5, 2015-01-01 00:14:39.795,2.595,-2.895,3.693,-966.736,-489.807,-201.538, , , , , , ,-22.258,-28.339,-33.25
 13:50:30.733,eb:33:2e:f9:57:b5, 2015-01-01 00:14:39.795,2.446,-2.615,4.509,-998.962,-526.978,-216.858, , , , , , ,-27.263,-31.113,-33.113
 13:50:30.754,eb:33:2e:f9:57:b5, 2015-01-01 00:14:39.795,2.039,-2.429,5.571,-1016.602,-575.5,-223.022, , , , , , ,-32.585,-34.047,-32.8
 13:50:30.754,eb:33:2e:f9:57:b5, 2015-01-01 00:14:39.795,1.621,-2.327,6.708,-1003.784,-619.934,-224.792, , , , , , ,-38.238,-37.15,-31.778
 13:50:30.754,eb:33:2e:f9:57:b5, 2015-01-01 00:14:39.795,1.301,-2.111,7.588,-972.9,-651.245,-219.971, , , , , , ,-44.193,-40.287,-30.141
 13:50:30.754,eb:33:2e:f9:57:b5, 2015-01-01 00:14:39.795,1.01,-1.816,8.019,-929.016,-660.95,-204.285, , , , , , ,-50.46,-43.297,-27.85
 13:50:30.755,eb:33:2e:f9:57:b5, 2015-01-01 00:14:39.795,0.854,-1.569,8.06,-878.662,-644.714,-186.157, , , , , , ,-56.975,-46,-25.148
 13:50:30.755,eb:33:2e:f9:57:b5, 2015-01-01 00:14:39.795,0.68,-1.481,7.635,-827.209,-620.85,-165.405, , , , , , ,-63.699,-48.318,-21.764
 13:50:30.755,eb:33:2e:f9:57:b5, 2015-01-01 00:14:39.795,0.507,-1.572,6.684,-778.442,-614.38,-131.226, , , , , , ,-70.653,-50.18,-17.853
 13:50:30.755,eb:33:2e:f9:57:b5, 2015-01-01 00:14:39.795,0.437,-1.611,5.856,-739.014,-613.892,-97.473, , , , , , ,-77.866,-51.548,-13.414
 13:50:30.933,eb:33:2e:f9:57:b5, 2015-01-01 00:14:39.795,0.545,-1.686,5.181,-708.313,-623.779,-66.528, , , , , , ,-85.303,-52.388,-8.712
 13:50:30.933,eb:33:2e:f9:57:b5, 2015-01-01 00:14:39.795,0.512,-1.762,4.536,-690.308,-647.095,-31.25, , , , , , ,-92.939,-52.663,-3.483
 13:50:30.933,eb:33:2e:f9:57:b5, 2015-01-01 00:14:39.795,0.487,-1.806,4.064,-686.035,-673.645,0.549, , , , , , ,-100.668,-52.333,1.923
 13:50:30.933,eb:33:2e:f9:57:b5, 2015-01-01 00:14:39.795,0.436,-1.792,3.968,-691.772,-706.055,39.246, , , , , , ,-108.347,-51.356,7.306
 13:50:30.933,eb:33:2e:f9:57:b5, 2015-01-01 00:14:39.795,0.29,-1.742,4.462,-704.224,-738.403,90.088, , , , , , ,-115.768,-49.675,12.217
 13:50:30.933,eb:33:2e:f9:57:b5, 2015-01-01 00:14:39.795,0.168,-1.534,5.542,-715.21,-762.878,147.217, , , , , , ,-122.701,-47.302,16.71
 13:50:30.933,eb:33:2e:f9:57:b5, 2015-01-01 00:14:39.795,-0.163,-0.994,6.977,-716.187,-771.729,211.914, , , , , , ,-128.941,-44.275,20.418
 13:50:30.933,eb:33:2e:f9:57:b5, 2015-01-01 00:14:39.795,-0.295,-0.083,8.198,-708.862,-744.934,258.423, , , , , , ,-134.374,-40.869,23.17
 13:50:31.046,eb:33:2e:f9:57:b5, 2015-01-01 00:14:40.170,-0.326,1.028,8.945,-691.589,-710.022,303.711, , , , , , ,-139.048,-37.26,24.851
 13:50:31.046,eb:33:2e:f9:57:b5, 2015-01-01 00:14:40.170,-0.363,2.305,9.397,-668.518,-678.04,348.022, , , , , , ,-143.069,-33.536,25.944
 13:50:31.046,eb:33:2e:f9:57:b5, 2015-01-01 00:14:40.170,-0.242,3.774,10.208,-644.348,-624.817,377.625, , , , , , ,-146.574,-29.833,26.378
 13:50:31.046,eb:33:2e:f9:57:b5, 2015-01-01 00:14:40.170,-0.271,5.556,11.414,-615.479,-550.415,392.029, , , , , , ,-149.656,-26.345,26.252
 13:50:31.046,eb:33:2e:f9:57:b5, 2015-01-01 00:14:40.170,-0.356,7.603,12.186,-580.444,-443.726,383.179, , , , , , ,-152.408,-23.286,25.516
 13:50:31.046,eb:33:2e:f9:57:b5, 2015-01-01 00:14:40.170,-0.448,9.646,11.906,-530.273,-354.492,348.45, , , , , , ,-154.858,-20.742,24.686
 13:50:31.047,eb:33:2e:f9:57:b5, 2015-01-01 00:14:40.170,-0.761,11.317,11.067,-462.708,-309.143,298.767, , , , , , ,-157.033,-18.616,23.835
 13:50:31.047,eb:33:2e:f9:57:b5, 2015-01-01 00:14:40.170,-1.307,12.554,10.188,-367.432,-309.265,236.45, , , , , , ,-158.868,-16.705,23.159
 13:50:31.047,eb:33:2e:f9:57:b5, 2015-01-01 00:14:40.170,-1.486,13.305,9.115,-254.028,-325.745,153.381, , , , , , ,-160.291,-14.881,22.665
 13:50:31.047,eb:33:2e:f9:57:b5, 2015-01-01 00:14:40.170,-1.381,13.649,7.991,-148.621,-314.331,62.561, , , , , , ,-161.252,-13.206,22.725
 13:50:31.047,eb:33:2e:f9:57:b5, 2015-01-01 00:14:40.170,-1.098,13.856,7.014,-73.303,-264.404,-28.748, , , , , , ,-161.851,-11.827,23.159
 13:50:31.048,eb:33:2e:f9:57:b5, 2015-01-01 00:14:40.170,-0.915,13.822,6.296,-28.625,-185.608,-122.009, , , , , , ,-162.219,-10.915,23.912
 13:50:31.048,eb:33:2e:f9:57:b5, 2015-01-01 00:14:40.170,-2.545,13.101,5.589,-1.343,-98.633,-205.2, , , , , , ,-162.488,-10.552,24.796
 13:50:31.048,eb:33:2e:f9:57:b5, 2015-01-01 00:14:40.170,-3.606,12.146,10.186,468.872,365.234,-421.143, , , , , , ,-161.521,-11.689,26.038
 13:50:31.048,eb:33:2e:f9:57:b5, 2015-01-01 00:14:40.170,-2.976,9.224,7.271,887.207,330.994,-610.046, , , , , , ,-158.439,-13.546,27.922
 13:50:31.048,eb:33:2e:f9:57:b5, 2015-01-01 00:14:40.170,0.449,8.858,3.792,1078.674,497.009,-865.723, , , , , , ,-154.094,-17.128,30.734
 13:50:31.092,eb:33:2e:f9:57:b5, 2015-01-01 00:14:40.170,1.128,12.994,12.1,841.919,1401.001,-823.547, , , , , , ,-149.689,-24.62,31.47
 13:50:31.092,eb:33:2e:f9:57:b5, 2015-01-01 00:14:40.170,2.738,5.566,6.707,629.639,1382.019,-577.576, , , , , , ,-145.585,-32.69,30.553
 13:50:31.092,eb:33:2e:f9:57:b5, 2015-01-01 00:14:40.170,-3.489,-4.021,7.491,319.641,801.147,106.873, , , , , , ,-141.575,-36.887,27.559
 13:50:31.092,eb:33:2e:f9:57:b5, 2015-01-01 00:14:40.170,-5.97,1.278,1.179,328.064,579.834,218.201, , , , , , ,-137.45,-38.732,23.555
 13:50:31.092,eb:33:2e:f9:57:b5, 2015-01-01 00:14:40.170,-3.328,1.742,-2.819,155.396,181.763,52.307, , , , , , ,-134.995,-39.567,21.253
 13:50:31.092,eb:33:2e:f9:57:b5, 2015-01-01 00:14:40.170,-0.278,0.911,-1.735,140.503,66.101,-58.655, , , , , , ,-134.187,-39.963,21.017
 13:50:31.092,eb:33:2e:f9:57:b5, 2015-01-01 00:14:40.170,1.508,0.062,1.242,123.169,208.618,-140.625, , , , , , ,-133.462,-40.842,20.918
 13:50:31.092,eb:33:2e:f9:57:b5, 2015-01-01 00:14:40.170,1.224,-0.779,1.24,141.418,132.446,11.169, , , , , , ,-132.374,-41.649,20.303
 13:50:31.092,eb:33:2e:f9:57:b5, 2015-01-01 00:14:40.170,2.155,0.899,2.077,124.268,212.219,72.266, , , , , , ,-130.968,-42.028,19.001
 13:50:31.092,eb:33:2e:f9:57:b5, 2015-01-01 00:14:40.170,-2.463,1.158,2.073,134.949,279.907,105.164, , , , , , ,-129.128,-42.374,17.26
 13:50:31.092,eb:33:2e:f9:57:b5, 2015-01-01 00:14:40.170,-2.357,1.097,-1.08,125,208.496,-9.338, , , , , , ,-127.496,-43.028,15.815
 13:50:31.092,eb:33:2e:f9:57:b5, 2015-01-01 00:14:40.170,-1.667,-0.624,-0.87,110.168,109.497,53.101, , , , , , ,-126.315,-43.363,14.93
 13:50:31.092,eb:33:2e:f9:57:b5, 2015-01-01 00:14:40.170,-0.705,-0.336,0.396,107.544,63.843,46.326, , , , , , ,-125.305,-43.412,14.062
 13:50:31.092,eb:33:2e:f9:57:b5, 2015-01-01 00:14:40.170,0.489,0.328,0.315,102.6,18.86,49.744, , , , , , ,-124.53,-43.308,13.694
 13:50:31.092,eb:33:2e:f9:57:b5, 2015-01-01 00:14:40.170,1.273,-0.326,2.565,125.122,42.603,67.444, , , , , , ,-123.684,-43.132,13.282
 13:50:31.092,eb:33:2e:f9:57:b5, 2015-01-01 00:14:40.170,0.808,0.681,2.607,153.687,50.354,25.269, , , , , , ,-122.651,-43.088,12.832
 13:50:31.097,eb:33:2e:f9:57:b5, 2015-01-01 00:14:40.170,-0.681,0.523,1.668,143.127,98.694,4.7, , , , , , ,-121.564,-43.259,12.145
 13:50:31.097,eb:33:2e:f9:57:b5, 2015-01-01 00:14:40.170,-2.179,-0.237,1.208,141.846,94.788,-11.353, , , , , , ,-120.454,-43.544,11.563
 13:50:31.097,eb:33:2e:f9:57:b5, 2015-01-01 00:14:40.170,-1.84,-0.826,0.245,140.686,26.672,27.161, , , , , , ,-119.493,-43.66,11.195
 13:50:31.097,eb:33:2e:f9:57:b5, 2015-01-01 00:14:40.170,-0.228,-0.365,0.787,147.766,-42.053,60.364, , , , , , ,-118.729,-43.396,11.124
 13:50:31.097,eb:33:2e:f9:57:b5, 2015-01-01 00:14:40.170,1.089,0.333,1.957,159.18,-55.054,40.466, , , , , , ,-118.07,-43.039,11.107
 13:50:31.097,eb:33:2e:f9:57:b5, 2015-01-01 00:14:40.170,1.011,0.463,2.566,167.297,-20.874,18.494, , , , , , ,-117.345,-42.841,11.245
 13:50:31.097,eb:33:2e:f9:57:b5, 2015-01-01 00:14:40.170,-0.61,0.142,3.462,196.045,-0.122,8.118, , , , , , ,-116.422,-42.781,11.228
 13:50:31.097,eb:33:2e:f9:57:b5, 2015-01-01 00:14:40.170,-0.983,-0.546,3.919,252.319,-2.991,9.033, , , , , , ,-115.269,-42.748,11.206
 13:50:31.097,eb:33:2e:f9:57:b5, 2015-01-01 00:14:40.170,1.289,-0.889,4.38,318.298,-22.827,13, , , , , , ,-113.846,-42.654,11.08
 13:50:31.097,eb:33:2e:f9:57:b5, 2015-01-01 00:14:40.170,0.877,1.772,13.162,1156.494,647.034,-7.141, , , , , , ,-70.384,-42.435,-3.906
 13:50:31.097,eb:33:2e:f9:57:b5, 2015-01-01 00:14:40.170,1.17,1.103,8.033,1132.69,519.836,10.376, , , , , , ,-62.221,-41.254,-7.46
 13:50:31.097,eb:33:2e:f9:57:b5, 2015-01-01 00:14:40.170,2.036,2.049,0.886,885.437,324.219,16.357, , , , , , ,-55.75,-40.161,-9.673
 13:50:31.097,eb:33:2e:f9:57:b5, 2015-01-01 00:14:40.170,1.65,2.568,-1.552,552.429,280.029,51.025, , , , , , ,-51.4,-39.183,-11.371
 13:50:31.097,eb:33:2e:f9:57:b5, 2015-01-01 00:14:40.170,2.061,-2.157,0.039,388.184,320.557,182.251, , , , , , ,-48.653,-37.776,-12.31
 13:50:31.097,eb:33:2e:f9:57:b5, 2015-01-01 00:14:40.170,-0.09,0.81,2.927,489.441,409.485,248.718, , , , , , ,-46.011,-35.596,-13.063
 13:50:31.098,eb:33:2e:f9:57:b5, 2015-01-01 00:14:40.170,0.53,5.328,4.837,526.489,293.213,226.074, , , , , , ,-43.05,-33.459,-13.64
 13:50:31.159,eb:33:2e:f9:57:b5, 2015-01-01 00:14:40.170,0.806,4.737,6.182,502.808,124.023,200.5, , , , , , ,-40.622,-32.042,-13.651
 13:50:31.159,eb:33:2e:f9:57:b5, 2015-01-01 00:14:40.170,0.527,2.302,5.784,523.438,18.799,202.393, , , , , , ,-38.386,-31.196,-12.969
 13:50:31.159,eb:33:2e:f9:57:b5, 2015-01-01 00:14:40.170,0.484,2.087,5.848,518.86,-14.648,172.485, , , , , , ,-36.233,-30.657,-12.101
 13:50:31.160,eb:33:2e:f9:57:b5, 2015-01-01 00:14:40.170,0.283,2.108,7.833,537.415,-3.784,136.78, , , , , , ,-33.981,-30.262,-11.338
 13:50:31.160,eb:33:2e:f9:57:b5, 2015-01-01 00:14:40.170,0.179,2.308,10.31,583.374,33.325,81.36, , , , , , ,-31.393,-29.899,-10.887
 13:50:31.160,eb:33:2e:f9:57:b5, 2015-01-01 00:14:40.170,0.344,2.051,11.653,640.686,71.228,5.92, , , , , , ,-28.312,-29.559,-10.871
 13:50:31.160,eb:33:2e:f9:57:b5, 2015-01-01 00:14:40.170,0.64,1.137,11.147,684.082,100.098,-69.702, , , , , , ,-24.758,-29.251,-11.305
 13:50:31.160,eb:33:2e:f9:57:b5, 2015-01-01 00:14:40.170,0.737,0.322,9.968,691.467,119.629,-138.123, , , , , , ,-20.891,-28.943,-12.14
 13:50:31.160,eb:33:2e:f9:57:b5, 2015-01-01 00:14:40.170,0.804,-0.168,8.985,664.062,131.592,-202.209, , , , , , ,-16.93,-28.625,-13.337
 13:50:31.160,eb:33:2e:f9:57:b5, 2015-01-01 00:14:40.170,0.926,-0.496,8.373,616.272,135.498,-260.559, , , , , , ,-13.03,-28.279,-14.837
 13:50:31.160,eb:33:2e:f9:57:b5, 2015-01-01 00:14:40.170,1.014,-0.804,8.173,560.059,135.01,-312.439, , , , , , ,-9.278,-27.9,-16.611
 13:50:31.160,eb:33:2e:f9:57:b5, 2015-01-01 00:14:40.170,0.939,-1.168,8.137,504.639,135.01,-354.675, , , , , , ,-5.718,-27.449,-18.611
 13:50:31.160,eb:33:2e:f9:57:b5, 2015-01-01 00:14:40.170,0.851,-1.57,8.038,457.581,134.949,-384.644, , , , , , ,-2.357,-26.906,-20.759
 13:50:31.160,eb:33:2e:f9:57:b5, 2015-01-01 00:14:40.170,0.721,-2.058,8.047,422.485,132.019,-399.78, , , , , , ,0.807,-26.268,-22.972
 13:50:31.161,eb:33:2e:f9:57:b5, 2015-01-01 00:14:40.170,0.573,-2.541,8.144,396.118,130.737,-403.809, , , , , , ,3.801,-25.532,-25.186
 13:50:31.161,eb:33:2e:f9:57:b5, 2015-01-01 00:14:40.170,0.499,-3.01,8.204,375.305,134.216,-397.156, , , , , , ,6.625,-24.686,-27.323
 13:50:31.271,eb:33:2e:f9:57:b5, 2015-01-01 00:14:40.170,0.531,-3.471,8.155,357.666,142.578,-378.723, , , , , , ,9.267,-23.736,-29.317
 13:50:31.271,eb:33:2e:f9:57:b5, 2015-01-01 00:14:40.170,0.737,-3.916,7.941,338.989,160.217,-354.736, , , , , , ,11.711,-22.654,-31.119
 13:50:31.271,eb:33:2e:f9:57:b5, 2015-01-01 00:14:40.170,0.86,-4.335,7.583,316.467,189.453,-328.125, , , , , , ,13.936,-21.412,-32.69
 13:50:31.271,eb:33:2e:f9:57:b5, 2015-01-01 00:14:40.170,0.772,-4.726,6.933,289.978,217.041,-294.861, , , , , , ,15.903,-20.017,-33.997
 13:50:31.272,eb:33:2e:f9:57:b5, 2015-01-01 00:14:40.170,0.539,-5.102,6.105,264.893,227.112,-254.395, , , , , , ,17.617,-18.55,-35.03
 13:50:31.272,eb:33:2e:f9:57:b5, 2015-01-01 00:14:40.170,0.594,-5.496,5.28,243.286,212.585,-208.435, , , , , , ,19.111,-17.15,-35.799
 13:50:31.272,eb:33:2e:f9:57:b5, 2015-01-01 00:14:40.170,0.774,-5.75,4.609,213.379,197.388,-158.386, , , , , , ,20.391,-15.892,-36.321
 13:50:31.272,eb:33:2e:f9:57:b5, 2015-01-01 00:14:40.170,0.912,-5.964,3.829,162.415,190.796,-102.356, , , , , , ,21.385,-14.76,-36.568
 13:50:31.272,eb:33:2e:f9:57:b5, 2015-01-01 00:14:40.170,1.168,-6.737,1.275,67.2,172.363,-7.202, , , , , , ,21.912,-13.837,-36.475
 13:50:31.272,eb:33:2e:f9:57:b5, 2015-01-01 00:14:40.170,3.148,-7.886,-3.008,-106.262,160.583,102.356, , , , , , ,21.627,-13.2,-35.892
 13:50:31.272,eb:33:2e:f9:57:b5, 2015-01-01 00:14:40.170,4.121,-8.044,-5.741,-324.463,191.956,184.387, , , , , , ,20.187,-12.634,-34.788
 13:50:31.273,eb:33:2e:f9:57:b5, 2015-01-01 00:14:40.170,3.573,-7.14,-3.378,-484.924,149.109,152.222, , , , , , ,17.814,-12.085,-33.679
 13:50:31.273,eb:33:2e:f9:57:b5, 2015-01-01 00:14:40.170,4.066,-6.073,-2.506,-595.886,37.17,137.329, , , , , , ,14.881,-11.882,-32.877
 13:50:31.273,eb:33:2e:f9:57:b5, 2015-01-01 00:14:40.170,5.069,-4.993,-2.668,-685.669,-55.725,119.934, , , , , , ,11.492,-12.134,-32.25
 13:50:31.273,eb:33:2e:f9:57:b5, 2015-01-01 00:14:40.170,5.294,-4.347,-2.217,-752.319,-118.347,64.148, , , , , , ,7.778,-12.678,-31.882
 13:50:31.273,eb:33:2e:f9:57:b5, 2015-01-01 00:14:40.170,4.997,-4.158,-1.492,-792.053,-178.162,-5.249, , , , , , ,3.878,-13.453,-31.849
 13:50:31.293,eb:33:2e:f9:57:b5, 2015-01-01 00:14:40.170,4.646,-4.077,-0.759,-809.57,-250.854,-58.35, , , , , , ,-0.077,-14.557,-32.08
 13:50:31.293,eb:33:2e:f9:57:b5, 2015-01-01 00:14:40.170,4.061,-3.822,0.077,-818.359,-320.801,-107.239, , , , , , ,-4.048,-16.035,-32.481
 13:50:31.293,eb:33:2e:f9:57:b5, 2015-01-01 00:14:40.170,3.462,-3.424,1.334,-824.341,-389.038,-166.321, , , , , , ,-7.998,-17.908,-33.025
 13:50:31.293,eb:33:2e:f9:57:b5, 2015-01-01 00:14:40.170,2.847,-3.189,2.248,-835.999,-434.814,-209.656, , , , , , ,-11.948,-20.138,-33.646
 13:50:31.293,eb:33:2e:f9:57:b5, 2015-01-01 00:14:40.170,2.274,-3.132,2.981,-859.497,-472.168,-236.694, , , , , , ,-15.974,-22.593,-34.464
 13:50:31.293,eb:33:2e:f9:57:b5, 2015-01-01 00:14:40.170,1.812,-3.15,3.584,-894.47,-503.174,-242.432, , , , , , ,-20.198,-25.291,-34.898
 13:50:31.293,eb:33:2e:f9:57:b5, 2015-01-01 00:14:40.170,1.562,-3.175,4.171,-939.026,-531.555,-231.506, , , , , , ,-24.758,-28.158,-35.002
 13:50:31.293,eb:33:2e:f9:57:b5, 2015-01-01 00:14:40.170,1.31,-3.111,4.88,-983.276,-554.749,-201.05, , , , , , ,-29.751,-31.069,-34.667
 13:50:31.317,eb:33:2e:f9:57:b5, 2015-01-01 00:14:40.170,1.111,-2.822,6.12,-1014.648,-566.528,-173.95, , , , , , ,-35.228,-33.909,-34.03
 13:50:31.317,eb:33:2e:f9:57:b5, 2015-01-01 00:14:40.170,0.766,-2.464,7.546,-1021.057,-580.994,-147.522, , , , , , ,-41.149,-36.656,-32.613
 13:50:31.317,eb:33:2e:f9:57:b5, 2015-01-01 00:14:40.170,0.647,-1.973,8.6,-1004.272,-581.665,-125.305, , , , , , ,-47.422,-39.21,-30.646
 13:50:31.317,eb:33:2e:f9:57:b5, 2015-01-01 00:14:40.170,0.871,-1.431,8.922,-974.243,-559.937,-110.596, , , , , , ,-53.921,-41.462,-28.235
 13:50:31.317,eb:33:2e:f9:57:b5, 2015-01-01 00:14:40.170,1.259,-1.084,8.541,-937.927,-529.785,-107.971, , , , , , ,-60.485,-43.38,-25.774
 13:50:31.317,eb:33:2e:f9:57:b5, 2015-01-01 00:14:40.170,1.518,-0.844,7.605,-901.672,-515.259,-109.985, , , , , , ,-67.088,-45.016,-22.874
 13:50:31.317,eb:33:2e:f9:57:b5, 2015-01-01 00:14:40.170,1.77,-0.588,6.439,-868.469,-521.423,-109.009, , , , , , ,-73.812,-46.395,-19.638
 13:50:31.317,eb:33:2e:f9:57:b5, 2015-01-01 00:14:40.170,1.811,-0.2,5.68,-839.233,-535.156,-116.394, , , , , , ,-80.695,-47.532,-16.046
 13:50:31.519,eb:33:2e:f9:57:b5, 2015-01-01 00:14:40.705,1.497,0.074,5.04,-811.584,-570.007,-121.399, , , , , , ,-87.792,-48.406,-12.233
 13:50:31.519,eb:33:2e:f9:57:b5, 2015-01-01 00:14:40.705,1.287,0.187,4.235,-786.743,-621.704,-124.023, , , , , , ,-95.202,-48.939,-7.668
 13:50:31.519,eb:33:2e:f9:57:b5, 2015-01-01 00:14:40.705,1.036,-0.028,3.475,-764.465,-692.444,-106.873, , , , , , ,-102.942,-48.983,-2.538
 13:50:31.519,eb:33:2e:f9:57:b5, 2015-01-01 00:14:40.705,0.713,-0.253,3.483,-748.169,-760.803,-77.148, , , , , , ,-110.858,-48.362,2.972
 13:50:31.519,eb:33:2e:f9:57:b5, 2015-01-01 00:14:40.705,0.136,-0.368,3.91,-733.337,-822.937,-21.973, , , , , , ,-118.641,-46.895,8.284
 13:50:31.519,eb:33:2e:f9:57:b5, 2015-01-01 00:14:40.705,-0.42,-0.238,4.522,-710.632,-876.892,48.767, , , , , , ,-125.909,-44.528,13.392
 13:50:31.519,eb:33:2e:f9:57:b5, 2015-01-01 00:14:40.705,-0.713,0.27,5.589,-679.81,-895.264,122.253, , , , , , ,-132.319,-41.358,17.704
 13:50:31.520,eb:33:2e:f9:57:b5, 2015-01-01 00:14:40.705,-1.036,1.071,6.68,-631.714,-899.17,207.275, , , , , , ,-137.697,-37.568,21.033
 13:50:31.521,eb:33:2e:f9:57:b5, 2015-01-01 00:14:40.705,-1.106,2.308,7.921,-573.608,-858.948,276.611, , , , , , ,-142.042,-33.42,23.126
 13:50:31.521,eb:33:2e:f9:57:b5, 2015-01-01 00:14:40.705,-1.014,3.726,8.931,-513.855,-789.795,332.642, , , , , , ,-145.443,-29.191,24.494
 13:50:31.521,eb:33:2e:f9:57:b5, 2015-01-01 00:14:40.705,-0.776,5.109,9.651,-464.111,-693.97,369.812, , , , , , ,-148.129,-25.153,25.082
 13:50:31.521,eb:33:2e:f9:57:b5, 2015-01-01 00:14:40.705,-0.612,6.493,10.018,-430.847,-588.928,390.747, , , , , , ,-150.337,-21.462,25.043
 13:50:31.521,eb:33:2e:f9:57:b5, 2015-01-01 00:14:40.705,-0.572,7.874,9.99,-408.997,-490.295,388.55, , , , , , ,-152.287,-18.21,24.373
 13:50:31.521,eb:33:2e:f9:57:b5, 2015-01-01 00:14:40.705,-0.585,9.174,9.727,-390.259,-405.09,359.375, , , , , , ,-154.072,-15.419,23.665
 13:50:31.521,eb:33:2e:f9:57:b5, 2015-01-01 00:14:40.705,-0.79,10.325,9.203,-362.305,-353.76,312.073, , , , , , ,-155.764,-13.03,22.923
 13:50:31.521,eb:33:2e:f9:57:b5, 2015-01-01 00:14:40.705,-1.324,11.4,8.58,-316.895,-339.111,253.052, , , , , , ,-157.324,-10.904,22.319
 13:50:31.609,eb:33:2e:f9:57:b5, 2015-01-01 00:14:40.705,-1.817,12.367,7.848,-248.901,-346.985,176.819, , , , , , ,-158.687,-8.926,21.791
 13:50:31.609,eb:33:2e:f9:57:b5, 2015-01-01 00:14:40.705,-2.053,12.847,7.265,-165.405,-346.069,86.731, , , , , , ,-159.686,-7.075,21.83
 13:50:31.609,eb:33:2e:f9:57:b5, 2015-01-01 00:14:40.705,-2.02,12.943,6.938,-86.914,-307.678,-9.155, , , , , , ,-160.318,-5.493,22.253
 13:50:31.609,eb:33:2e:f9:57:b5, 2015-01-01 00:14:40.705,-1.815,12.803,6.509,-26.611,-234.863,-104.553, , , , , , ,-160.626,-4.351,23.016
 13:50:31.609,eb:33:2e:f9:57:b5, 2015-01-01 00:14:40.705,-1.615,12.18,6.056,10.376,-138.55,-193.665, , , , , , ,-160.741,-3.779,23.862
 13:50:31.609,eb:33:2e:f9:57:b5, 2015-01-01 00:14:40.705,-1.697,10.775,5.126,33.325,-26.123,-278.625, , , , , , ,-160.703,-3.851,25.142
 13:50:31.609,eb:33:2e:f9:57:b5, 2015-01-01 00:14:40.705,-2.861,9.213,4.396,51.697,41.931,-324.158, , , , , , ,-160.582,-4.438,26.57
 13:50:31.609,eb:33:2e:f9:57:b5, 2015-01-01 00:14:40.705,-3.757,9.313,8.515,526.428,589.172,-608.765, , , , , , ,-159.423,-6.356,28.076
 13:50:31.631,eb:33:2e:f9:57:b5, 2015-01-01 00:14:40.705,0.158,3.668,4.459,1129.822,158.142,-619.873, , , , , , ,-155.374,-9.064,29.894
 13:50:31.631,eb:33:2e:f9:57:b5, 2015-01-01 00:14:40.705,11.981,6.119,4.108,967.529,-205.444,-1440.308, , , , , , ,-151.084,-13.321,34.283
 13:50:31.631,eb:33:2e:f9:57:b5, 2015-01-01 00:14:40.705,8.584,12.094,8.875,390.32,1358.337,-1054.443, , , , , , ,-148.87,-20.27,37.123
 13:50:31.631,eb:33:2e:f9:57:b5, 2015-01-01 00:14:40.705,-5.884,-1.355,5.111,182.373,1030.945,-307.068, , , , , , ,-147.354,-27.537,36.365
 13:50:31.631,eb:33:2e:f9:57:b5, 2015-01-01 00:14:40.705,-8.883,-3.302,1.207,195.19,759.46,201.66, , , , , , ,-145.031,-30.811,33.272
 13:50:31.631,eb:33:2e:f9:57:b5, 2015-01-01 00:14:40.705,-6.783,-2.888,-1.932,189.575,585.205,104.248, , , , , , ,-142.383,-33.069,30.157
 13:50:31.631,eb:33:2e:f9:57:b5, 2015-01-01 00:14:40.705,-2.617,2.888,-2.615,147.522,296.448,71.35, , , , , , ,-140.548,-34.283,28.279
 13:50:31.631,eb:33:2e:f9:57:b5, 2015-01-01 00:14:40.705,0.775,0.497,0.141,118.713,244.263,-37.781, , , , , , ,-139.427,-35.272,27.378
 13:50:31.654,eb:33:2e:f9:57:b5, 2015-01-01 00:14:40.705,-0.063,-0.966,1.484,123.962,198.303,57.129, , , , , , ,-138.257,-36.129,26.175
 13:50:31.654,eb:33:2e:f9:57:b5, 2015-01-01 00:14:40.705,0.904,0.168,0.82,130.249,158.875,163.452, , , , , , ,-136.862,-36.2,24.917
 13:50:31.654,eb:33:2e:f9:57:b5, 2015-01-01 00:14:40.705,-0.007,0.243,2.281,152.039,185.059,154.175, , , , , , ,-135.214,-36.233,23.379
 13:50:31.654,eb:33:2e:f9:57:b5, 2015-01-01 00:14:40.705,-0.752,1.604,-0.122,143.799,186.646,46.082, , , , , , ,-133.742,-36.584,22.159
 13:50:31.654,eb:33:2e:f9:57:b5, 2015-01-01 00:14:40.705,-2.294,0.371,0.637,138.733,157.715,16.418, , , , , , ,-132.528,-37.106,21.05
 13:50:31.654,eb:33:2e:f9:57:b5, 2015-01-01 00:14:40.705,-1.492,-0.75,0.126,131.592,107.239,47.058, , , , , , ,-131.407,-37.414,20.314
 13:50:31.654,eb:33:2e:f9:57:b5, 2015-01-01 00:14:40.705,-0.063,0.205,-0.29,118.286,51.758,52.002, , , , , , ,-130.452,-37.436,19.753
 13:50:31.654,eb:33:2e:f9:57:b5, 2015-01-01 00:14:40.705,0.793,0.082,1.352,118.774,47.363,44.373, , , , , , ,-129.611,-37.397,19.336
 13:50:31.654,eb:33:2e:f9:57:b5, 2015-01-01 00:14:40.705,0.945,0.473,1.944,132.141,53.467,32.227, , , , , , ,-128.749,-37.408,18.71
 13:50:31.654,eb:33:2e:f9:57:b5, 2015-01-01 00:14:40.705,-0.06,0.657,2.588,143.494,84.412,7.996, , , , , , ,-127.793,-37.557,18.292
 13:50:31.654,eb:33:2e:f9:57:b5, 2015-01-01 00:14:40.705,-1.106,0.165,1.866,147.4,89.233,3.54, , , , , , ,-126.771,-37.826,17.814
 13:50:31.655,eb:33:2e:f9:57:b5, 2015-01-01 00:14:40.705,-1.725,-0.242,0.683,152.71,39.978,12.39, , , , , , ,-125.81,-37.974,17.474
 13:50:31.656,eb:33:2e:f9:57:b5, 2015-01-01 00:14:40.705,-1.562,-0.721,0.961,158.997,-9.705,38.574, , , , , , ,-124.942,-37.892,17.095
 13:50:31.656,eb:33:2e:f9:57:b5, 2015-01-01 00:14:40.705,-0.213,-0.238,1.651,170.898,-49.011,60.974, , , , , , ,-124.107,-37.573,17.084
 13:50:31.656,eb:33:2e:f9:57:b5, 2015-01-01 00:14:40.705,0.662,0.275,2.384,184.875,-59.814,58.044, , , , , , ,-123.272,-37.161,17.177
 13:50:31.656,eb:33:2e:f9:57:b5, 2015-01-01 00:14:40.705,-0.026,-0.112,3.894,214.05,-22.888,46.753, , , , , , ,-122.305,-36.832,17.232
 13:50:31.659,eb:33:2e:f9:57:b5, 2015-01-01 00:14:40.705,-0.687,-0.667,4.37,273.621,-24.109,43.64, , , , , , ,-121.042,-36.59,16.952
 13:50:31.659,eb:33:2e:f9:57:b5, 2015-01-01 00:14:40.705,-0.445,-0.758,4.477,346.619,-57.434,41.809, , , , , , ,-119.52,-36.304,17.056
 13:50:31.659,eb:33:2e:f9:57:b5, 2015-01-01 00:14:40.705,0.002,-0.897,5.936,427.368,-68.481,42.847, , , , , , ,-117.691,-35.947,17.298
 13:50:31.659,eb:33:2e:f9:57:b5, 2015-01-01 00:14:40.705,0.489,-1.601,7.35,517.273,-46.021,37.231, , , , , , ,-115.411,-35.634,17.518
 13:50:31.659,eb:33:2e:f9:57:b5, 2015-01-01 00:14:40.705,1.227,-2.408,8.399,615.784,15.381,23.01, , , , , , ,-112.522,-35.486,17.249
 13:50:31.659,eb:33:2e:f9:57:b5, 2015-01-01 00:14:40.705,2.466,-2.664,8.604,714.294,79.529,-6.348, , , , , , ,-108.951,-35.552,16.919
 13:50:31.659,eb:33:2e:f9:57:b5, 2015-01-01 00:14:40.705,3.034,-2.663,8.779,811.584,136.597,-31.189, , , , , , ,-104.738,-35.804,16.293
 13:50:31.659,eb:33:2e:f9:57:b5, 2015-01-01 00:14:40.705,1.999,-2.407,10.392,918.884,241.089,-11.169, , , , , , ,-99.69,-36.129,15.172
 13:50:31.662,eb:33:2e:f9:57:b5, 2015-01-01 00:14:40.705,1.563,-3.19,14.402,1017.578,575.623,3.662, , , , , , ,-93.235,-36.392,12.283
 13:50:31.662,eb:33:2e:f9:57:b5, 2015-01-01 00:14:40.705,1.81,-1.551,13.266,1090.881,766.724,32.837, , , , , , ,-85.364,-36.2,7.965
 13:50:31.662,eb:33:2e:f9:57:b5, 2015-01-01 00:14:40.705,1.104,-1.202,11.213,1168.457,762.695,83.984, , , , , , ,-76.926,-35.327,3.224
 13:50:31.662,eb:33:2e:f9:57:b5, 2015-01-01 00:14:40.705,0.784,0.138,6.837,1171.631,594.116,88.379, , , , , , ,-68.851,-33.953,-0.533
 13:50:31.662,eb:33:2e:f9:57:b5, 2015-01-01 00:14:40.705,0.868,3.375,1.625,964.478,378.906,70.984, , , , , , ,-62.309,-32.646,-3.049
 13:50:31.662,eb:33:2e:f9:57:b5, 2015-01-01 00:14:40.705,1.292,-0.429,-0.802,688.11,235.596,140.076, , , , , , ,-57.728,-31.47,-4.191
 13:50:31.662,eb:33:2e:f9:57:b5, 2015-01-01 00:14:40.705,2.292,-1.393,-0.574,451.294,261.047,228.577, , , , , , ,-54.767,-30.059,-4.735
 13:50:31.662,eb:33:2e:f9:57:b5, 2015-01-01 00:14:40.705,-0.516,-1.56,3.912,488.953,399.719,335.388, , , , , , ,-52.262,-27.773,-5.235
 13:50:31.699,eb:33:2e:f9:57:b5, 2015-01-01 00:14:40.705,0.76,2.86,4.761,519.043,438.843,283.081, , , , , , ,-49.274,-25.192,-6.345
 13:50:31.699,eb:33:2e:f9:57:b5, 2015-01-01 00:14:40.705,1.237,4.558,4.649,419.128,304.016,275.513, , , , , , ,-46.774,-22.989,-6.795
 13:50:31.699,eb:33:2e:f9:57:b5, 2015-01-01 00:14:40.705,0.997,2.461,7.175,396.362,202.026,220.276, , , , , , ,-44.791,-21.275,-6.833
 13:50:31.699,eb:33:2e:f9:57:b5, 2015-01-01 00:14:40.705,1.115,1.734,5.975,404.602,112.915,173.767, , , , , , ,-42.858,-20.061,-6.608
 13:50:31.700,eb:33:2e:f9:57:b5, 2015-01-01 00:14:40.705,1.107,1.392,6.308,433.655,30.64,116.272, , , , , , ,-40.869,-19.363,-6.279
 13:50:31.700,eb:33:2e:f9:57:b5, 2015-01-01 00:14:40.705,1.063,1.118,7.696,483.704,-3.174,33.203, , , , , , ,-38.639,-19.122,-6.031
 13:50:31.700,eb:33:2e:f9:57:b5, 2015-01-01 00:14:40.705,1.213,0.744,8.923,537.476,-11.658,-48.889, , , , , , ,-36.041,-19.21,-6.059
 13:50:31.700,eb:33:2e:f9:57:b5, 2015-01-01 00:14:40.705,1.459,0.105,9.52,577.759,-2.991,-138.184, , , , , , ,-33.085,-19.528,-6.487
 13:50:31.721,eb:33:2e:f9:57:b5, 2015-01-01 00:14:40.705,1.566,-0.586,9.27,593.079,12.207,-224.121, , , , , , ,-29.839,-20.001,-7.366
 13:50:31.721,eb:33:2e:f9:57:b5, 2015-01-01 00:14:40.705,1.422,-1.031,8.54,572.449,30.029,-298.279, , , , , , ,-26.461,-20.533,-8.696
 13:50:31.721,eb:33:2e:f9:57:b5, 2015-01-01 00:14:40.705,1.219,-1.372,7.662,522.766,41.016,-358.154, , , , , , ,-23.132,-21.061,-10.41
 13:50:31.721,eb:33:2e:f9:57:b5, 2015-01-01 00:14:40.705,1.143,-1.768,6.902,460.449,38.818,-405.212, , , , , , ,-19.968,-21.583,-12.426
 13:50:31.721,eb:33:2e:f9:57:b5, 2015-01-01 00:14:40.705,1.132,-2.176,6.41,394.836,26.184,-440.918, , , , , , ,-17.029,-22.11,-14.661
 13:50:31.722,eb:33:2e:f9:57:b5, 2015-01-01 00:14:40.705,0.946,-2.581,6.196,329.773,17.212,-459.9, , , , , , ,-14.337,-22.626,-17.056
 13:50:31.722,eb:33:2e:f9:57:b5, 2015-01-01 00:14:40.705,0.68,-2.969,5.978,271.118,10.681,-458.069, , , , , , ,-11.92,-23.082,-19.506
 13:50:31.722,eb:33:2e:f9:57:b5, 2015-01-01 00:14:40.705,0.525,-3.31,5.866,223.755,9.094,-441.162, , , , , , ,-9.756,-23.461,-21.918
 13:50:31.767,eb:33:2e:f9:57:b5, 2015-01-01 00:14:40.705,0.455,-3.585,5.923,186.035,14.404,-408.813, , , , , , ,-7.833,-23.73,-24.208
 13:50:31.767,eb:33:2e:f9:57:b5, 2015-01-01 00:14:40.705,0.447,-3.816,5.951,155.396,30.701,-366.333, , , , , , ,-6.152,-23.846,-26.307
 13:50:31.767,eb:33:2e:f9:57:b5, 2015-01-01 00:14:40.705,0.468,-4.029,5.851,127.808,54.688,-316.711, , , , , , ,-4.708,-23.785,-28.163
 13:50:31.767,eb:33:2e:f9:57:b5, 2015-01-01 00:14:40.705,0.562,-4.203,5.589,101.013,84.229,-268.066, , , , , , ,-3.51,-23.527,-29.756
 13:50:31.767,eb:33:2e:f9:57:b5, 2015-01-01 00:14:40.705,0.548,-4.385,5.171,75.012,112.366,-220.337, , , , , , ,-2.554,-23.082,-31.091
 13:50:31.767,eb:33:2e:f9:57:b5, 2015-01-01 00:14:40.705,0.491,-4.564,4.571,49.011,126.709,-172.852, , , , , , ,-1.846,-22.505,-32.157
 13:50:31.767,eb:33:2e:f9:57:b5, 2015-01-01 00:14:40.705,0.585,-4.71,3.88,20.02,125.549,-127.075, , , , , , ,-1.379,-21.89,-32.959
 13:50:31.767,eb:33:2e:f9:57:b5, 2015-01-01 00:14:40.705,0.829,-4.813,3.183,-20.752,118.896,-79.224, , , , , , ,-1.192,-21.292,-33.503
 13:50:31.856,eb:33:2e:f9:57:b5, 2015-01-01 00:14:41.130,1.12,-5.177,1.441,-91.858,104.004,-13.916, , , , , , ,-1.406,-20.748,-33.739
 13:50:31.856,eb:33:2e:f9:57:b5, 2015-01-01 00:14:41.130,2.598,-5.662,-1.315,-209.106,82.886,62.134, , , , , , ,-2.252,-20.286,-33.591
 13:50:31.856,eb:33:2e:f9:57:b5, 2015-01-01 00:14:41.130,3.432,-5.715,-4.19,-402.893,85.754,126.831, , , , , , ,-4.043,-19.83,-33.041
 13:50:31.856,eb:33:2e:f9:57:b5, 2015-01-01 00:14:41.130,3.025,-5.136,-3.503,-511.841,55.969,119.873, , , , , , ,-6.619,-19.424,-32.415
 13:50:31.856,eb:33:2e:f9:57:b5, 2015-01-01 00:14:41.130,3.036,-4.174,-1.926,-623.962,-59.204,108.521, , , , , , ,-9.723,-19.314,-32.102
 13:50:31.856,eb:33:2e:f9:57:b5, 2015-01-01 00:14:41.130,3.615,-3.274,-1.316,-691.284,-150.513,92.651, , , , , , ,-13.266,-19.781,-31.459
 13:50:31.856,eb:33:2e:f9:57:b5, 2015-01-01 00:14:41.130,3.625,-2.681,-0.833,-743.835,-211.365,56.885, , , , , , ,-17.111,-20.599,-30.817
 13:50:31.856,eb:33:2e:f9:57:b5, 2015-01-01 00:14:41.130,3.336,-2.468,-0.286,-781.311,-257.263,14.526, , , , , , ,-21.154,-21.682,-30.24
 13:50:31.859,eb:33:2e:f9:57:b5, 2015-01-01 00:14:41.130,3.151,-2.431,0.415,-803.528,-301.147,-14.893, , , , , , ,-25.345,-22.956,-29.927
 13:50:31.859,eb:33:2e:f9:57:b5, 2015-01-01 00:14:41.130,2.785,-2.268,1.213,-820.007,-346.13,-40.833, , , , , , ,-29.691,-24.478,-29.246
 13:50:31.859,eb:33:2e:f9:57:b5, 2015-01-01 00:14:41.130,2.469,-1.92,2.069,-831.665,-373.291,-73.425, , , , , , ,-34.156,-26.175,-28.477
 13:50:31.859,eb:33:2e:f9:57:b5, 2015-01-01 00:14:41.130,2.192,-1.59,2.651,-845.52,-396.973,-102.234, , , , , , ,-38.754,-28.004,-27.598
 13:50:31.859,eb:33:2e:f9:57:b5, 2015-01-01 00:14:41.130,1.917,-1.281,3.039,-862.671,-429.016,-121.277, , , , , , ,-43.539,-29.932,-26.801
 13:50:31.859,eb:33:2e:f9:57:b5, 2015-01-01 00:14:41.130,1.654,-1.073,3.371,-879.272,-468.994,-129.333, , , , , , ,-48.62,-31.954,-25.417
 13:50:31.859,eb:33:2e:f9:57:b5, 2015-01-01 00:14:41.130,1.555,-0.96,3.924,-888.367,-506.836,-138.489, , , , , , ,-54.02,-34.025,-23.626
 13:50:31.860,eb:33:2e:f9:57:b5, 2015-01-01 00:14:41.130,1.608,-0.942,4.491,-887.268,-544.556,-150.818, , , , , , ,-59.744,-36.079,-21.396
 13:50:31.993,eb:33:2e:f9:57:b5, 2015-01-01 00:14:41.130,1.456,-0.857,4.981,-876.221,-572.998,-159.851, , , , , , ,-65.759,-38.057,-18.973
 13:50:31.993,eb:33:2e:f9:57:b5, 2015-01-01 00:14:41.130,1.183,-0.637,5.307,-856.506,-590.027,-167.358, , , , , , ,-72.048,-39.875,-15.859
 13:50:31.993,eb:33:2e:f9:57:b5, 2015-01-01 00:14:41.130,0.734,-0.367,5.327,-829.468,-600.952,-165.283, , , , , , ,-78.552,-41.44,-12.332
 13:50:31.993,eb:33:2e:f9:57:b5, 2015-01-01 00:14:41.130,0.389,-0.265,5.297,-794.128,-613.464,-157.776, , , , , , ,-85.21,-42.671,-8.427
 13:50:31.993,eb:33:2e:f9:57:b5, 2015-01-01 00:14:41.130,0.193,-0.266,5.231,-754.456,-625.305,-144.592, , , , , , ,-91.945,-43.5,-4.466
 13:50:31.993,eb:33:2e:f9:57:b5, 2015-01-01 00:14:41.130,0.195,-0.375,5.194,-718.079,-622.742,-131.531, , , , , , ,-98.641,-43.896,-0.082
 13:50:31.993,eb:33:2e:f9:57:b5, 2015-01-01 00:14:41.130,0.045,-0.58,4.898,-687.988,-618.286,-107.361, , , , , , ,-105.178,-43.824,4.296
 13:50:31.993,eb:33:2e:f9:57:b5, 2015-01-01 00:14:41.130,-0.102,-0.578,4.512,-667.603,-604.37,-84.534, , , , , , ,-111.451,-43.314,8.498
 13:50:31.995,eb:33:2e:f9:57:b5, 2015-01-01 00:14:41.130,-0.293,-0.483,4.094,-654.419,-598.938,-58.289, , , , , , ,-117.416,-42.407,12.156
 13:50:31.995,eb:33:2e:f9:57:b5, 2015-01-01 00:14:41.130,-0.325,-0.324,3.829,-647.644,-595.581,-36.072, , , , , , ,-123.058,-41.1,15.749
 13:50:31.995,eb:33:2e:f9:57:b5, 2015-01-01 00:14:41.130,-0.611,-0.268,3.69,-640.625,-603.516,-2.93, , , , , , ,-128.381,-39.402,19.001
 13:50:31.995,eb:33:2e:f9:57:b5, 2015-01-01 00:14:41.130,-0.753,-0.23,3.686,-630.798,-615.784,22.095, , , , , , ,-133.358,-37.37,21.901
 13:50:31.995,eb:33:2e:f9:57:b5, 2015-01-01 00:14:41.130,-1.04,-0.186,3.7,-616.333,-640.564,60.242, , , , , , ,-137.983,-34.975,24.181
 13:50:31.995,eb:33:2e:f9:57:b5, 2015-01-01 00:14:41.130,-1.206,-0.053,3.892,-599.67,-664.917,101.074, , , , , , ,-142.202,-32.195,26.318
 13:50:31.995,eb:33:2e:f9:57:b5, 2015-01-01 00:14:41.130,-1.219,0.176,4.256,-585.327,-676.147,139.404, , , , , , ,-146.025,-29.103,28.026
 13:50:31.995,eb:33:2e:f9:57:b5, 2015-01-01 00:14:41.130,-1.115,0.535,4.955,-577.393,-671.204,180.603, , , , , , ,-149.502,-25.829,29.273
 13:50:32.039,eb:33:2e:f9:57:b5, 2015-01-01 00:14:41.130,-1.097,1.052,5.881,-576.416,-653.015,228.943, , , , , , ,-152.721,-22.434,29.767
 13:50:32.039,eb:33:2e:f9:57:b5, 2015-01-01 00:14:41.130,-1.077,1.864,7.067,-582.764,-615.173,272.461, , , , , , ,-155.704,-19.039,30.009
 13:50:32.039,eb:33:2e:f9:57:b5, 2015-01-01 00:14:41.130,-1.089,2.966,8.357,-589.966,-558.655,306.702, , , , , , ,-158.571,-15.782,29.773
 13:50:32.039,eb:33:2e:f9:57:b5, 2015-01-01 00:14:41.130,-1.135,4.323,9.405,-590.637,-482.605,321.289, , , , , , ,-161.378,-12.821,29.152
 13:50:32.039,eb:33:2e:f9:57:b5, 2015-01-01 00:14:41.130,-1.132,5.789,10.019,-576.294,-401.123,317.688, , , , , , ,-164.152,-10.283,28.01
 13:50:32.039,eb:33:2e:f9:57:b5, 2015-01-01 00:14:41.130,-1.237,7.28,10.022,-540.71,-329.895,303.284, , , , , , ,-166.767,-8.168,26.944
 13:50:32.039,eb:33:2e:f9:57:b5, 2015-01-01 00:14:41.130,-1.542,8.812,9.736,-480.957,-282.227,274.231, , , , , , ,-169.167,-6.411,25.845
 13:50:32.039,eb:33:2e:f9:57:b5, 2015-01-01 00:14:41.130,-1.792,10.306,8.92,-366.577,-265.015,218.994, , , , , , ,-171.156,-4.883,24.868
 13:50:32.039,eb:33:2e:f9:57:b5, 2015-01-01 00:14:41.130,-1.696,10.872,7.931,-255.676,-264.16,156.311, , , , , , ,-172.65,-3.45,23.928
 13:50:32.039,eb:33:2e:f9:57:b5, 2015-01-01 00:14:41.130,-1.575,11.11,7.135,-155.029,-246.094,92.712, , , , , , ,-173.595,-2.109,23.489
 13:50:32.039,eb:33:2e:f9:57:b5, 2015-01-01 00:14:41.130,-1.329,11.611,6.601,-77.087,-201.66,21.729, , , , , , ,-174.128,-0.983,23.357
 13:50:32.040,eb:33:2e:f9:57:b5, 2015-01-01 00:14:41.130,-1.1,11.938,6.1,-21.423,-136.597,-55.237, , , , , , ,-174.337,-0.181,23.56
 13:50:32.040,eb:33:2e:f9:57:b5, 2015-01-01 00:14:41.130,-0.973,11.508,5.339,14.282,-66.223,-128.54, , , , , , ,-174.38,0.231,23.879
 13:50:32.040,eb:33:2e:f9:57:b5, 2015-01-01 00:14:41.130,-1.085,10.4,4.607,37.781,-4.089,-187.744, , , , , , ,-174.232,0.286,24.719
 13:50:32.040,eb:33:2e:f9:57:b5, 2015-01-01 00:14:41.130,-1.325,9.049,4.133,62.256,41.809,-229.919, , , , , , ,-173.969,0.055,25.774
 13:50:32.040,eb:33:2e:f9:57:b5, 2015-01-01 00:14:41.130,-1.543,7.81,4.187,97.595,68.115,-254.089, , , , , , ,-173.562,-0.368,26.966
 13:50:32.080,eb:33:2e:f9:57:b5, 2015-01-01 00:14:41.130,-1.614,6.658,4.392,142.578,82.825,-261.108, , , , , , ,-172.996,-0.906,27.971
 13:50:32.080,eb:33:2e:f9:57:b5, 2015-01-01 00:14:41.130,-1.53,5.52,4.379,188.171,89.05,-253.174, , , , , , ,-172.172,-1.5,29.191
 13:50:32.080,eb:33:2e:f9:57:b5, 2015-01-01 00:14:41.130,-2.261,4.318,4.083,231.75,94.971,-227.295, , , , , , ,-171.134,-2.137,30.311
 13:50:32.080,eb:33:2e:f9:57:b5, 2015-01-01 00:14:41.130,-2.292,2.417,5.3,489.99,315.735,-251.648, , , , , , ,-169.508,-3.12,31.174
 13:50:32.080,eb:33:2e:f9:57:b5, 2015-01-01 00:14:41.130,0.511,-3.404,7.97,991.455,250.854,-287.598, , , , , , ,-165.575,-5.85,32.157
 13:50:32.080,eb:33:2e:f9:57:b5, 2015-01-01 00:14:41.130,10.732,2.005,-1.612,1159.546,295.898,-860.535, , , , , , ,-160.351,-9.196,34.42
 13:50:32.080,eb:33:2e:f9:57:b5, 2015-01-01 00:14:41.130,6.254,6.987,8.273,677.734,1251.221,-700.562, , , , , , ,-156.412,-13.645,37.128
 13:50:32.080,eb:33:2e:f9:57:b5, 2015-01-01 00:14:41.130,-5.056,-1.587,4.447,513.367,1038.269,13.245, , , , , , ,-153.182,-20.149,35.87
 13:50:32.083,eb:33:2e:f9:57:b5, 2015-01-01 00:14:41.130,-6.504,-1.36,2.721,394.165,664.185,420.288, , , , , , ,-149.766,-22.593,32.086
 13:50:32.083,eb:33:2e:f9:57:b5, 2015-01-01 00:14:41.130,-5.777,-2.324,-0.116,354.492,599.854,204.468, , , , , , ,-146.706,-24.582,28.9
 13:50:32.083,eb:33:2e:f9:57:b5, 2015-01-01 00:14:41.130,-3.378,2.408,-3.241,277.71,247.498,101.807, , , , , , ,-144.19,-25.642,26.889
 13:50:32.083,eb:33:2e:f9:57:b5, 2015-01-01 00:14:41.130,-1.036,3.804,-1.257,143.494,177.429,-100.83, , , , , , ,-143.141,-26.625,26.51
 13:50:32.083,eb:33:2e:f9:57:b5, 2015-01-01 00:14:41.130,0.947,-0.471,0.436,135.986,68.848,-48.401, , , , , , ,-142.454,-27.208,26.252
 13:50:32.083,eb:33:2e:f9:57:b5, 2015-01-01 00:14:41.130,0.704,-0.54,1.913,119.69,98.816,94.666, , , , , , ,-141.625,-27.521,25.779
 13:50:32.083,eb:33:2e:f9:57:b5, 2015-01-01 00:14:41.130,1.109,0.867,1.085,112.793,150.391,141.113, , , , , , ,-140.537,-27.554,24.719
 13:50:32.083,eb:33:2e:f9:57:b5, 2015-01-01 00:14:41.130,-0.354,0.831,0.84,122.681,172.241,95.886, , , , , , ,-139.444,-27.872,23.604
 13:50:32.149,eb:33:2e:f9:57:b5, 2015-01-01 00:14:41.130,-1.429,0.554,1.024,121.216,140.198,53.589, , , , , , ,-138.428,-28.207,22.467
 13:50:32.149,eb:33:2e:f9:57:b5, 2015-01-01 00:14:41.130,-0.876,0.138,0.01,103.149,110.168,35.4, , , , , , ,-137.582,-28.559,21.835
 13:50:32.149,eb:33:2e:f9:57:b5, 2015-01-01 00:14:41.130,-0.082,0.032,0.242,99.792,68.298,41.077, , , , , , ,-136.846,-28.718,21.346
 13:50:32.149,eb:33:2e:f9:57:b5, 2015-01-01 00:14:41.130,-0.41,-0.024,1.333,106.934,73.486,32.654, , , , , , ,-136.132,-28.845,20.923
 13:50:32.149,eb:33:2e:f9:57:b5, 2015-01-01 00:14:41.130,-0.179,-0.413,1.946,130.188,70.618,33.447, , , , , , ,-135.341,-29.02,20.237
 13:50:32.149,eb:33:2e:f9:57:b5, 2015-01-01 00:14:41.130,0.234,0.277,1.458,138.611,54.199,57.373, , , , , , ,-134.445,-29.048,19.814
 13:50:32.149,eb:33:2e:f9:57:b5, 2015-01-01 00:14:41.130,-0.586,0.349,1.332,146.118,47.302,47.241, , , , , , ,-133.528,-29.031,19.38
 13:50:32.149,eb:33:2e:f9:57:b5, 2015-01-01 00:14:41.130,-1.955,-0.213,1.899,165.283,28.198,25.94, , , , , , ,-132.605,-29.048,19.1
 13:50:32.238,eb:33:2e:f9:57:b5, 2015-01-01 00:14:41.510,-1.342,-0.957,1.914,186.035,-14.526,52.917, , , , , , ,-131.655,-28.905,18.677
 13:50:32.238,eb:33:2e:f9:57:b5, 2015-01-01 00:14:41.510,0.326,-0.217,1.689,198.853,-59.387,71.045, , , , , , ,-130.649,-28.515,18.611
 13:50:32.238,eb:33:2e:f9:57:b5, 2015-01-01 00:14:41.510,0.852,0.21,2.373,214.844,-75.928,64.392, , , , , , ,-129.644,-28.015,18.688
 13:50:32.238,eb:33:2e:f9:57:b5, 2015-01-01 00:14:41.510,-0.138,-0.137,4.135,254.089,-61.462,56.519, , , , , , ,-128.507,-27.57,18.781
 13:50:32.238,eb:33:2e:f9:57:b5, 2015-01-01 00:14:41.510,-0.415,-0.606,5.056,323.547,-47.119,45.593, , , , , , ,-127.084,-27.219,18.578
 13:50:32.238,eb:33:2e:f9:57:b5, 2015-01-01 00:14:41.510,-0.042,-1.023,5.407,403.87,-53.345,34.546, , , , , , ,-125.277,-26.911,18.688
 13:50:32.238,eb:33:2e:f9:57:b5, 2015-01-01 00:14:41.510,0.554,-1.433,6.339,491.028,-41.504,24.963, , , , , , ,-123.058,-26.664,18.809
 13:50:32.238,eb:33:2e:f9:57:b5, 2015-01-01 00:14:41.510,0.692,-1.608,7.104,580.078,-18.616,8.728, , , , , , ,-120.377,-26.526,18.902
 13:50:32.240,eb:33:2e:f9:57:b5, 2015-01-01 00:14:41.510,1.334,-2.334,7.935,668.03,26.611,-8.423, , , , , , ,-117.213,-26.554,18.605
 13:50:32.240,eb:33:2e:f9:57:b5, 2015-01-01 00:14:41.510,2.488,-2.959,8.702,757.507,83.984,-24.048, , , , , , ,-113.483,-26.768,18.336
 13:50:32.240,eb:33:2e:f9:57:b5, 2015-01-01 00:14:41.510,3.158,-2.833,10.191,851.868,207.703,-31.311, , , , , , ,-109.094,-27.18,17.617
 13:50:32.240,eb:33:2e:f9:57:b5, 2015-01-01 00:14:41.510,3.328,-2.838,12.085,938.538,430.481,-16.052, , , , , , ,-103.744,-27.746,15.826
 13:50:32.240,eb:33:2e:f9:57:b5, 2015-01-01 00:14:41.510,3.205,-2.081,12.543,991.577,682.495,-5.859, , , , , , ,-97.361,-28.317,12.305
 13:50:32.240,eb:33:2e:f9:57:b5, 2015-01-01 00:14:41.510,1.964,-1.486,11.887,1041.748,823.303,35.095, , , , , , ,-90.165,-28.488,7.888
 13:50:32.240,eb:33:2e:f9:57:b5, 2015-01-01 00:14:41.510,1.624,-0.729,9.538,1166.687,779.114,73.73, , , , , , ,-82.425,-27.949,3.285
 13:50:32.240,eb:33:2e:f9:57:b5, 2015-01-01 00:14:41.510,1.632,-0.748,5.152,1197.998,536.438,100.891, , , , , , ,-74.789,-26.878,-0.225
 13:50:32.262,eb:33:2e:f9:57:b5, 2015-01-01 00:14:41.510,1.686,3.216,0.382,1001.587,248.779,61.218, , , , , , ,-68.516,-25.966,-2.324
 13:50:32.262,eb:33:2e:f9:57:b5, 2015-01-01 00:14:41.510,1.959,3.701,-3.349,718.689,41.382,37.659, , , , , , ,-64.204,-25.494,-2.67
 13:50:32.262,eb:33:2e:f9:57:b5, 2015-01-01 00:14:41.510,1.765,-0.858,0.842,480.713,72.388,120.667, , , , , , ,-61.364,-25.054,-2.62
 13:50:32.262,eb:33:2e:f9:57:b5, 2015-01-01 00:14:41.510,-1.276,-2.834,5.834,530.151,327.576,254.944, , , , , , ,-58.744,-23.577,-3.164
 13:50:32.262,eb:33:2e:f9:57:b5, 2015-01-01 00:14:41.510,0.262,3.106,4.934,581.177,422.302,200.928, , , , , , ,-55.388,-21.544,-4.653
 13:50:32.262,eb:33:2e:f9:57:b5, 2015-01-01 00:14:41.510,1.058,4.819,5.521,463.257,311.89,205.017, , , , , , ,-52.487,-19.698,-5.581
 13:50:32.262,eb:33:2e:f9:57:b5, 2015-01-01 00:14:41.510,0.747,2.571,7.142,426.27,217.285,161.011, , , , , , ,-50.191,-18.199,-6.037
 13:50:32.262,eb:33:2e:f9:57:b5, 2015-01-01 00:14:41.510,1.132,1.739,5.106,417.297,132.507,128.54, , , , , , ,-48.038,-17.111,-6.174
 13:50:32.328,eb:33:2e:f9:57:b5, 2015-01-01 00:14:41.510,1.19,1.572,5.56,421.509,52.795,81.604, , , , , , ,-45.961,-16.458,-6.141
 13:50:32.328,eb:33:2e:f9:57:b5, 2015-01-01 00:14:41.510,1.076,1.331,6.8,457.52,12.451,10.986, , , , , , ,-43.77,-16.227,-6.081
 13:50:32.328,eb:33:2e:f9:57:b5, 2015-01-01 00:14:41.510,1.178,0.99,8.027,508.118,-10.376,-61.951, , , , , , ,-41.298,-16.337,-6.196
 13:50:32.328,eb:33:2e:f9:57:b5, 2015-01-01 00:14:41.510,1.465,0.446,8.752,552.856,-23.315,-141.357, , , , , , ,-38.513,-16.765,-6.575
 13:50:32.328,eb:33:2e:f9:57:b5, 2015-01-01 00:14:41.510,1.484,-0.248,8.676,576.538,-22.034,-215.332, , , , , , ,-35.453,-17.419,-7.284
 13:50:32.328,eb:33:2e:f9:57:b5, 2015-01-01 00:14:41.510,1.271,-0.789,8.168,565.43,-10.193,-278.931, , , , , , ,-32.267,-18.193,-8.35
 13:50:32.328,eb:33:2e:f9:57:b5, 2015-01-01 00:14:41.510,1.002,-1.19,7.521,524.78,1.282,-330.444, , , , , , ,-29.103,-18.995,-9.75
 13:50:32.328,eb:33:2e:f9:57:b5, 2015-01-01 00:14:41.510,0.867,-1.582,6.939,468.384,4.15,-369.019, , , , , , ,-26.087,-19.797,-11.426
 13:50:32.375,eb:33:2e:f9:57:b5, 2015-01-01 00:14:41.510,0.82,-1.996,6.603,405.579,4.883,-395.63, , , , , , ,-23.28,-20.583,-13.31
 13:50:32.375,eb:33:2e:f9:57:b5, 2015-01-01 00:14:41.510,0.671,-2.396,6.478,342.834,10.01,-408.081, , , , , , ,-20.72,-21.302,-15.331
 13:50:32.375,eb:33:2e:f9:57:b5, 2015-01-01 00:14:41.510,0.477,-2.733,6.386,286.621,20.203,-407.227, , , , , , ,-18.402,-21.912,-17.43
 13:50:32.375,eb:33:2e:f9:57:b5, 2015-01-01 00:14:41.510,0.316,-3.014,6.39,241.333,35.156,-394.592, , , , , , ,-16.315,-22.374,-19.545
 13:50:32.375,eb:33:2e:f9:57:b5, 2015-01-01 00:14:41.510,0.244,-3.242,6.418,205.627,54.26,-371.521, , , , , , ,-14.431,-22.654,-21.599
 13:50:32.375,eb:33:2e:f9:57:b5, 2015-01-01 00:14:41.510,0.237,-3.46,6.34,176.27,77.576,-340.515, , , , , , ,-12.739,-22.742,-23.549
 13:50:32.375,eb:33:2e:f9:57:b5, 2015-01-01 00:14:41.510,0.345,-3.753,6.053,144.592,111.328,-298.828, , , , , , ,-11.261,-22.593,-25.34
 13:50:32.375,eb:33:2e:f9:57:b5, 2015-01-01 00:14:41.510,0.473,-3.963,5.669,118.53,139.282,-262.329, , , , , , ,-10.003,-22.214,-26.944
 13:50:32.419,eb:33:2e:f9:57:b5, 2015-01-01 00:14:41.510,0.47,-4.142,5.173,92.773,160.034,-226.379, , , , , , ,-8.959,-21.66,-28.361
 13:50:32.419,eb:33:2e:f9:57:b5, 2015-01-01 00:14:41.510,0.444,-4.276,4.547,68.481,164.307,-193.298, , , , , , ,-8.119,-21,-29.586
 13:50:32.419,eb:33:2e:f9:57:b5, 2015-01-01 00:14:41.510,0.368,-4.434,3.848,45.776,149.414,-159.729, , , , , , ,-7.482,-20.347,-30.613
 13:50:32.419,eb:33:2e:f9:57:b5, 2015-01-01 00:14:41.510,0.583,-4.569,3.195,16.174,127.808,-124.146, , , , , , ,-7.053,-19.753,-31.443
 13:50:32.419,eb:33:2e:f9:57:b5, 2015-01-01 00:14:41.510,0.613,-4.749,2.469,-33.02,106.995,-83.862, , , , , , ,-6.91,-19.144,-32.382
 13:50:32.419,eb:33:2e:f9:57:b5, 2015-01-01 00:14:41.510,1.21,-5.257,0.463,-119.873,90.637,-24.841, , , , , , ,-7.213,-18.688,-32.706
 13:50:32.419,eb:33:2e:f9:57:b5, 2015-01-01 00:14:41.510,2.48,-5.768,-2.391,-257.263,75.562,49.316, , , , , , ,-8.218,-18.281,-32.657
 13:50:32.419,eb:33:2e:f9:57:b5, 2015-01-01 00:14:41.510,3.144,-5.615,-3.94,-424.133,81.177,78.918, , , , , , ,-10.102,-17.831,-32.349
 13:50:32.755,eb:33:2e:f9:57:b5, 2015-01-01 00:14:41.510,2.509,-4.833,-2.631,-556.213,40.405,56.213, , , , , , ,-12.722,-17.386,-32.388
 13:50:32.755,eb:33:2e:f9:57:b5, 2015-01-01 00:14:41.510,2.671,-3.944,-1.529,-648.438,-36.438,36.926, , , , , , ,-15.864,-17.347,-32.162
 13:50:32.755,eb:33:2e:f9:57:b5, 2015-01-01 00:14:41.510,3.104,-3.183,-1.063,-714.6,-120.422,28.015, , , , , , ,-19.402,-17.726,-31.855
 13:50:32.755,eb:33:2e:f9:57:b5, 2015-01-01 00:14:41.510,3.293,-2.616,-0.543,-767.883,-173.035,-5.493, , , , , , ,-23.242,-18.424,-31.52
 13:50:32.755,eb:33:2e:f9:57:b5, 2015-01-01 00:14:41.510,3.018,-2.416,-0.034,-806.702,-217.224,-41.077, , , , , , ,-27.301,-19.341,-31.509
 13:50:32.755,eb:33:2e:f9:57:b5, 2015-01-01 00:14:41.510,2.756,-2.39,0.572,-832.458,-263.062,-68.665, , , , , , ,-31.542,-20.55,-31.141
 13:50:32.756,eb:33:2e:f9:57:b5, 2015-01-01 00:14:41.510,2.582,-2.282,1.292,-849.609,-305.054,-89.539, , , , , , ,-35.936,-21.978,-30.641
 13:50:32.756,eb:33:2e:f9:57:b5, 2015-01-01 00:14:41.510,2.593,-1.943,2.109,-864.746,-331.299,-114.929, , , , , , ,-40.474,-23.566,-30.009
 13:50:32.792,eb:33:2e:f9:57:b5, 2015-01-01 00:14:41.510,2.347,-1.549,2.775,-880.92,-352.112,-137.573, , , , , , ,-45.148,-25.241,-29.559
 13:50:32.792,eb:33:2e:f9:57:b5, 2015-01-01 00:14:41.510,2.04,-1.19,3.212,-894.958,-375.61,-155.701, , , , , , ,-50.015,-27.021,-28.619
 13:50:32.792,eb:33:2e:f9:57:b5, 2015-01-01 00:14:41.510,1.868,-0.982,3.556,-899.719,-412.72,-168.518, , , , , , ,-55.074,-28.878,-27.405
 13:50:32.792,eb:33:2e:f9:57:b5, 2015-01-01 00:14:41.510,1.846,-0.919,4.056,-894.531,-453.064,-178.772, , , , , , ,-60.359,-30.784,-25.812
 13:50:32.792,eb:33:2e:f9:57:b5, 2015-01-01 00:14:41.510,1.855,-0.883,4.6,-879.517,-486.145,-187.256, , , , , , ,-65.825,-32.673,-24.12
 13:50:32.792,eb:33:2e:f9:57:b5, 2015-01-01 00:14:41.510,1.828,-0.766,5.068,-856.628,-506.592,-195.984, , , , , , ,-71.466,-34.481,-21.753
 13:50:32.793,eb:33:2e:f9:57:b5, 2015-01-01 00:14:41.510,1.706,-0.607,5.22,-826.843,-520.813,-198.059, , , , , , ,-77.234,-36.123,-19.039
 13:50:32.793,eb:33:2e:f9:57:b5, 2015-01-01 00:14:41.510,1.356,-0.438,5.226,-792.542,-534.912,-202.026, , , , , , ,-83.09,-37.562,-15.996
 13:50:32.793,eb:33:2e:f9:57:b5, 2015-01-01 00:14:41.510,1.149,-0.377,4.845,-757.446,-557.495,-194.519, , , , , , ,-89.033,-38.754,-12.903
 13:50:32.793,eb:33:2e:f9:57:b5, 2015-01-01 00:14:41.510,0.955,-0.398,4.562,-728.333,-579.651,-182.19, , , , , , ,-95.087,-39.584,-9.179
 13:50:32.793,eb:33:2e:f9:57:b5, 2015-01-01 00:14:41.510,0.877,-0.576,4.349,-706.055,-598.816,-165.588, , , , , , ,-101.201,-40.023,-5.213
 13:50:32.793,eb:33:2e:f9:57:b5, 2015-01-01 00:14:41.510,0.644,-0.768,4.044,-693.115,-613.281,-141.785, , , , , , ,-107.32,-40.007,-1.121
 13:50:32.793,eb:33:2e:f9:57:b5, 2015-01-01 00:14:41.510,0.438,-0.898,3.585,-686.523,-626.709,-112.427, , , , , , ,-113.373,-39.523,2.653
 13:50:32.793,eb:33:2e:f9:57:b5, 2015-01-01 00:14:41.510,0.397,-0.956,3.241,-678.894,-646.851,-76.416, , , , , , ,-119.268,-38.524,6.597
 13:50:32.793,eb:33:2e:f9:57:b5, 2015-01-01 00:14:41.510,0.311,-0.9,3.255,-675.415,-672.852,-31.616, , , , , , ,-124.931,-36.974,10.311
 13:50:32.793,eb:33:2e:f9:57:b5, 2015-01-01 00:14:41.510,0.092,-0.804,3.573,-674.133,-697.998,15.076, , , , , , ,-130.287,-34.893,13.689
 13:50:32.824,eb:33:2e:f9:57:b5, 2015-01-01 00:14:41.510,-0.142,-0.7,3.875,-669.922,-724.487,64.941, , , , , , ,-135.313,-32.322,16.37
 13:50:32.824,eb:33:2e:f9:57:b5, 2015-01-01 00:14:41.510,-0.266,-0.424,4.266,-658.264,-747.253,129.089, , , , , , ,-139.894,-29.257,18.831
 13:50:32.824,eb:33:2e:f9:57:b5, 2015-01-01 00:14:41.510,-0.337,-0.013,4.671,-640.747,-754.333,184.814, , , , , , ,-144.014,-25.812,20.726
 13:50:32.824,eb:33:2e:f9:57:b5, 2015-01-01 00:14:41.510,-0.316,0.679,5.272,-615.295,-751.648,238.708, , , , , , ,-147.684,-22.077,22.05
 13:50:32.824,eb:33:2e:f9:57:b5, 2015-01-01 00:14:41.510,-0.232,1.623,6.136,-585.388,-742.981,288.94, , , , , , ,-150.996,-18.204,22.571
 13:50:32.824,eb:33:2e:f9:57:b5, 2015-01-01 00:14:41.510,-0.229,2.854,7.542,-558.105,-722.9,333.679, , , , , , ,-153.924,-14.222,22.868
 13:50:32.824,eb:33:2e:f9:57:b5, 2015-01-01 00:14:41.510,-0.409,4.295,9.203,-535.156,-677.917,367.615, , , , , , ,-156.616,-10.305,22.714
 13:50:32.824,eb:33:2e:f9:57:b5, 2015-01-01 00:14:41.510,-0.586,5.864,10.432,-515.442,-599.182,378.845, , , , , , ,-159.148,-6.663,22.154
 13:50:32.846,eb:33:2e:f9:57:b5, 2015-01-01 00:14:41.510,-0.663,7.333,10.73,-493.774,-508.24,373.108, , , , , , ,-161.653,-3.483,21.022
 13:50:32.846,eb:33:2e:f9:57:b5, 2015-01-01 00:14:41.510,-0.638,8.8,10.448,-466.858,-417.664,346.008, , , , , , ,-164.004,-0.797,19.979
 13:50:32.846,eb:33:2e:f9:57:b5, 2015-01-01 00:14:41.510,-0.963,10.189,9.973,-413.696,-355.53,304.749, , , , , , ,-166.196,1.434,18.907
 13:50:32.847,eb:33:2e:f9:57:b5, 2015-01-01 00:14:41.510,-1.418,11.556,9.122,-330.811,-334.045,242.432, , , , , , ,-168.069,3.389,17.974
 13:50:32.847,eb:33:2e:f9:57:b5, 2015-01-01 00:14:41.510,-1.597,12.315,8.032,-221.741,-336.182,160.095, , , , , , ,-169.525,5.213,17.089
 13:50:32.847,eb:33:2e:f9:57:b5, 2015-01-01 00:14:41.510,-1.547,12.616,7.163,-114.441,-323.486,69.031, , , , , , ,-170.332,6.932,16.859
 13:50:32.847,eb:33:2e:f9:57:b5, 2015-01-01 00:14:41.510,-1.455,12.946,6.499,-33.386,-284.302,-24.536, , , , , , ,-170.618,8.432,17.045
 13:50:32.848,eb:33:2e:f9:57:b5, 2015-01-01 00:14:41.510,-1.415,12.997,5.915,18.066,-221.069,-119.568, , , , , , ,-170.524,9.591,17.655
 13:50:32.848,eb:33:2e:f9:57:b5, 2015-01-01 00:14:41.510,0.958,12.183,5.347,45.41,-139.893,-207.397, , , , , , ,-170.255,10.294,18.408
 13:50:32.848,eb:33:2e:f9:57:b5, 2015-01-01 00:14:41.510,1.999,-2.469,8.005,686.584,71.167,9.216, , , , , , ,-116.334,-23.719,14.057
 13:50:32.848,eb:33:2e:f9:57:b5, 2015-01-01 00:14:41.510,3.001,-2.7,8.136,769.653,109.253,-22.095, , , , , , ,-112.456,-23.961,13.596
 13:50:32.848,eb:33:2e:f9:57:b5, 2015-01-01 00:14:41.510,2.684,-2.334,9.284,866.699,184.57,-37.292, , , , , , ,-108.029,-24.39,12.898
 13:50:32.848,eb:33:2e:f9:57:b5, 2015-01-01 00:14:41.510,2.379,-2.543,12.543,947.876,399.475,-30.64, , , , , , ,-102.805,-24.944,11.008
 13:50:32.848,eb:33:2e:f9:57:b5, 2015-01-01 00:14:41.510,1.737,-3.028,13.345,1005.554,658.691,-1.77, , , , , , ,-96.575,-25.488,7.927
 13:50:32.849,eb:33:2e:f9:57:b5, 2015-01-01 00:14:41.510,1.639,-0.457,12.074,1064.026,765.625,17.212, , , , , , ,-89.632,-25.604,3.895
 13:50:32.849,eb:33:2e:f9:57:b5, 2015-01-01 00:14:41.510,1.065,-0.277,9.425,1092.163,702.576,41.199, , , , , , ,-82.441,-25.214,-0.225
 13:50:32.851,eb:33:2e:f9:57:b5, 2015-01-01 00:14:41.510,1.16,1.822,4.409,969.299,519.47,30.823, , , , , , ,-75.932,-24.5,-3.757
 13:50:32.851,eb:33:2e:f9:57:b5, 2015-01-01 00:14:41.510,1.707,2.633,-0.305,692.444,368.652,37.292, , , , , , ,-70.999,-23.752,-5.949
 13:50:32.851,eb:33:2e:f9:57:b5, 2015-01-01 00:14:41.510,1.31,0.2,-2.853,421.57,271.545,109.253, , , , , , ,-67.824,-22.874,-7.377
 13:50:32.851,eb:33:2e:f9:57:b5, 2015-01-01 00:14:41.510,0.466,-3.121,0.314,323.792,328.918,254.456, , , , , , ,-65.72,-21.434,-8.47
 13:50:32.851,eb:33:2e:f9:57:b5, 2015-01-01 00:14:41.510,-0.366,0.902,3.71,445.557,408.081,275.696, , , , , , ,-63.32,-19.33,-10.025
 13:50:32.851,eb:33:2e:f9:57:b5, 2015-01-01 00:14:41.510,0.372,4.453,3.521,444.031,291.321,271.423, , , , , , ,-60.727,-17.309,-11.003
 13:50:32.851,eb:33:2e:f9:57:b5, 2015-01-01 00:14:41.510,0.461,4.249,5.569,399.475,175.354,249.878, , , , , , ,-58.59,-15.628,-11.283
 13:50:32.851,eb:33:2e:f9:57:b5, 2015-01-01 00:14:41.510,0.826,1.962,5.928,422.729,100.098,231.873, , , , , , ,-56.547,-14.282,-11.179
 13:50:32.851,eb:33:2e:f9:57:b5, 2015-01-01 00:14:41.510,1.372,1.709,5.776,430.847,72.754,190.674, , , , , , ,-54.476,-13.2,-11.277
 13:50:32.851,eb:33:2e:f9:57:b5, 2015-01-01 00:14:41.510,1.536,1.183,6.92,453.613,80.627,144.287, , , , , , ,-52.3,-12.316,-11.091
 13:50:32.852,eb:33:2e:f9:57:b5, 2015-01-01 00:14:41.510,1.411,0.463,7.868,498.108,90.637,86.609, , , , , , ,-49.905,-11.607,-11.091
 13:50:32.852,eb:33:2e:f9:57:b5, 2015-01-01 00:14:41.510,1.667,-0.497,7.827,550.537,71.289,18.433, , , , , , ,-47.225,-11.168,-11.245
 13:50:32.852,eb:33:2e:f9:57:b5, 2015-01-01 00:14:41.510,1.906,-1.126,7.252,583.801,42.542,-55.908, , , , , , ,-44.297,-11.052,-11.904
 13:50:32.852,eb:33:2e:f9:57:b5, 2015-01-01 00:14:41.510,1.889,-1.471,6.437,582.153,14.709,-125.732, , , , , , ,-41.281,-11.294,-12.36
 13:50:32.852,eb:33:2e:f9:57:b5, 2015-01-01 00:14:41.510,1.58,-1.791,5.823,553.162,-11.292,-189.575, , , , , , ,-38.32,-11.821,-13.008
 13:50:32.852,eb:33:2e:f9:57:b5, 2015-01-01 00:14:41.510,1.446,-2.155,5.29,493.774,-42.114,-262.878, , , , , , ,-35.535,-12.64,-13.876
 13:50:32.936,eb:33:2e:f9:57:b5, 2015-01-01 00:14:41.510,1.367,-2.46,4.967,433.716,-63.965,-311.951, , , , , , ,-32.986,-13.651,-15.337
 13:50:32.936,eb:33:2e:f9:57:b5, 2015-01-01 00:14:41.510,1.267,-2.745,4.766,372.925,-79.346,-350.403, , , , , , ,-30.685,-14.848,-16.606
 13:50:32.936,eb:33:2e:f9:57:b5, 2015-01-01 00:14:41.510,1.059,-2.97,4.589,314.819,-87.585,-376.038, , , , , , ,-28.614,-16.128,-18.051
 13:50:32.936,eb:33:2e:f9:57:b5, 2015-01-01 00:14:41.510,0.835,-3.155,4.48,263,-90.759,-387.878, , , , , , ,-26.746,-17.413,-19.605
 13:50:32.936,eb:33:2e:f9:57:b5, 2015-01-01 00:14:41.510,0.542,-3.32,4.554,218.567,-87.708,-386.719, , , , , , ,-25.049,-18.605,-21.616
 13:50:32.936,eb:33:2e:f9:57:b5, 2015-01-01 00:14:41.510,0.255,-3.425,4.615,180.237,-81.543,-374.268, , , , , , ,-23.533,-19.77,-23.269
 13:50:32.936,eb:33:2e:f9:57:b5, 2015-01-01 00:14:41.510,-0.022,-3.477,4.604,145.203,-73.425,-349.976, , , , , , ,-22.176,-20.825,-24.879
 13:50:32.936,eb:33:2e:f9:57:b5, 2015-01-01 00:14:41.510,-0.216,-3.487,4.643,111.572,-62.012,-316.284, , , , , , ,-21,-21.742,-26.4
 13:50:32.958,eb:33:2e:f9:57:b5, 2015-01-01 00:14:42.270,-0.43,-3.502,4.708,78.186,-45.654,-274.048, , , , , , ,-20.017,-22.418,-28.147
 13:50:32.958,eb:33:2e:f9:57:b5, 2015-01-01 00:14:42.270,-0.534,-3.522,4.688,44.006,-24.475,-228.333, , , , , , ,-19.265,-22.989,-29.35
 13:50:32.958,eb:33:2e:f9:57:b5, 2015-01-01 00:14:42.270,-0.438,-3.561,4.566,7.324,0.061,-179.81, , , , , , ,-18.754,-23.362,-30.355
 13:50:32.958,eb:33:2e:f9:57:b5, 2015-01-01 00:14:42.270,-0.266,-3.592,4.352,-32.898,30.64,-133.789, , , , , , ,-18.512,-23.516,-31.174
 13:50:32.958,eb:33:2e:f9:57:b5, 2015-01-01 00:14:42.270,-0.171,-3.63,4.022,-75.134,60.608,-93.689, , , , , , ,-18.539,-23.373,-32.184
 13:50:32.958,eb:33:2e:f9:57:b5, 2015-01-01 00:14:42.270,-0.24,-3.704,3.528,-114.685,78.247,-60.303, , , , , , ,-18.836,-23.148,-32.69
 13:50:32.958,eb:33:2e:f9:57:b5, 2015-01-01 00:14:42.270,-0.271,-3.885,2.906,-148.132,74.829,-28.259, , , , , , ,-19.374,-22.846,-33.041
 13:50:32.958,eb:33:2e:f9:57:b5, 2015-01-01 00:14:42.270,-0.222,-4.089,2.242,-181.274,54.382,3.479, , , , , , ,-20.149,-22.56,-33.206
 13:50:32.981,eb:33:2e:f9:57:b5, 2015-01-01 00:14:42.270,-0.012,-4.301,1.411,-226.807,35.522,38.086, , , , , , ,-21.193,-22.247,-33.519
 13:50:32.981,eb:33:2e:f9:57:b5, 2015-01-01 00:14:42.270,0.392,-4.533,0.575,-291.382,28.503,78.918, , , , , , ,-22.61,-21.989,-33.267
 13:50:32.981,eb:33:2e:f9:57:b5, 2015-01-01 00:14:42.270,1,-4.552,-0.117,-373.84,30.945,113.22, , , , , , ,-24.467,-21.649,-32.838
 13:50:32.981,eb:33:2e:f9:57:b5, 2015-01-01 00:14:42.270,1.515,-4.219,-0.272,-465.027,32.227,116.394, , , , , , ,-26.79,-21.253,-32.338
 13:50:32.981,eb:33:2e:f9:57:b5, 2015-01-01 00:14:42.270,1.718,-3.583,-0.021,-551.331,26.367,91.248, , , , , , ,-29.515,-20.83,-32.272
 13:50:32.981,eb:33:2e:f9:57:b5, 2015-01-01 00:14:42.270,1.838,-2.944,0.154,-626.648,4.456,59.021, , , , , , ,-32.607,-20.583,-31.981
 13:50:32.981,eb:33:2e:f9:57:b5, 2015-01-01 00:14:42.270,2.092,-2.321,0.304,-690.43,-28.381,21.484, , , , , , ,-36.008,-20.539,-31.772
 13:50:32.981,eb:33:2e:f9:57:b5, 2015-01-01 00:14:42.270,2.284,-1.798,0.579,-744.263,-58.899,-26.733, , , , , , ,-39.672,-20.742,-31.646
 13:50:33.364,eb:33:2e:f9:57:b5, 2015-01-01 00:14:42.270,2.314,-1.47,0.866,-787.903,-92.163,-77.576, , , , , , ,-43.533,-21.209,-31.926
 13:50:33.364,eb:33:2e:f9:57:b5, 2015-01-01 00:14:42.270,2.178,-1.29,1.167,-820.74,-128.54,-123.962, , , , , , ,-47.587,-21.984,-31.888
 13:50:33.364,eb:33:2e:f9:57:b5, 2015-01-01 00:14:42.270,1.961,-1.132,1.584,-843.445,-165.466,-165.955, , , , , , ,-51.801,-23.044,-31.789
 13:50:33.364,eb:33:2e:f9:57:b5, 2015-01-01 00:14:42.270,1.601,-1.001,2.065,-860.291,-208.069,-191.406, , , , , , ,-56.179,-24.34,-31.531
 13:50:33.364,eb:33:2e:f9:57:b5, 2015-01-01 00:14:42.270,1.33,-0.851,2.667,-867.981,-253.723,-210.449, , , , , , ,-60.716,-25.818,-31.333
 13:50:33.364,eb:33:2e:f9:57:b5, 2015-01-01 00:14:42.270,1.075,-0.749,3.357,-867.31,-304.321,-217.468, , , , , , ,-65.446,-27.422,-30.465
 13:50:33.364,eb:33:2e:f9:57:b5, 2015-01-01 00:14:42.270,0.867,-0.661,4.108,-860.657,-350.708,-219.604, , , , , , ,-70.373,-29.059,-29.18
 13:50:33.364,eb:33:2e:f9:57:b5, 2015-01-01 00:14:42.270,0.682,-0.637,4.747,-850.525,-384.216,-213.806, , , , , , ,-75.482,-30.641,-27.499
 13:50:33.386,eb:33:2e:f9:57:b5, 2015-01-01 00:14:42.270,0.532,-0.579,5.209,-840.942,-397.217,-202.82, , , , , , ,-80.744,-32.069,-25.796
 13:50:33.386,eb:33:2e:f9:57:b5, 2015-01-01 00:14:42.270,0.522,-0.568,5.481,-828.979,-395.569,-184.204, , , , , , ,-86.111,-33.25,-23.588
 13:50:33.386,eb:33:2e:f9:57:b5, 2015-01-01 00:14:42.270,0.634,-0.435,5.715,-814.758,-382.507,-168.457, , , , , , ,-91.494,-34.167,-21.275
 13:50:33.386,eb:33:2e:f9:57:b5, 2015-01-01 00:14:42.270,0.812,-0.148,5.463,-795.532,-372.253,-156.616, , , , , , ,-96.844,-34.827,-18.935
 13:50:33.386,eb:33:2e:f9:57:b5, 2015-01-01 00:14:42.270,0.991,0.063,4.932,-776.917,-378.113,-150.818, , , , , , ,-102.156,-35.294,-16.809
 13:50:33.386,eb:33:2e:f9:57:b5, 2015-01-01 00:14:42.270,1.157,0.172,4.355,-755.615,-398.254,-143.494, , , , , , ,-107.446,-35.508,-14.271
 13:50:33.386,eb:33:2e:f9:57:b5, 2015-01-01 00:14:42.270,1.418,0.235,3.935,-733.582,-424.316,-145.02, , , , , , ,-112.72,-35.475,-11.585
 13:50:33.386,eb:33:2e:f9:57:b5, 2015-01-01 00:14:42.270,1.582,0.285,3.561,-708.74,-458.923,-148.071, , , , , , ,-117.96,-35.178,-8.74
 13:50:33.408,eb:33:2e:f9:57:b5, 2015-01-01 00:14:42.270,1.6,0.446,3.157,-682.861,-498.413,-155.457, , , , , , ,-123.168,-34.634,-6.015
 13:50:33.408,eb:33:2e:f9:57:b5, 2015-01-01 00:14:42.270,1.313,0.572,2.643,-653.564,-558.35,-153.992, , , , , , ,-128.265,-33.701,-2.856
 13:50:33.408,eb:33:2e:f9:57:b5, 2015-01-01 00:14:42.270,1.093,0.569,2.295,-625.977,-634.949,-144.226, , , , , , ,-133.253,-32.3,0.445
 13:50:33.408,eb:33:2e:f9:57:b5, 2015-01-01 00:14:42.270,0.837,0.335,2.417,-602.966,-716.309,-117.981, , , , , , ,-138.049,-30.306,3.779
 13:50:33.408,eb:33:2e:f9:57:b5, 2015-01-01 00:14:42.270,0.414,-0.045,3.072,-583.374,-788.33,-78.43, , , , , , ,-142.597,-27.708,6.702
 13:50:33.408,eb:33:2e:f9:57:b5, 2015-01-01 00:14:42.270,-0.087,-0.341,3.946,-559.998,-856.934,-26.855, , , , , , ,-146.722,-24.461,9.591
 13:50:33.408,eb:33:2e:f9:57:b5, 2015-01-01 00:14:42.270,-0.453,-0.31,5.106,-530.579,-904.419,37.72, , , , , , ,-150.381,-20.643,12.047
 13:50:33.408,eb:33:2e:f9:57:b5, 2015-01-01 00:14:42.270,-0.6,0.169,6.458,-503.235,-909.485,106.873, , , , , , ,-153.556,-16.441,13.936
 13:50:33.411,eb:33:2e:f9:57:b5, 2015-01-01 00:14:42.270,-0.738,1.072,7.595,-480.713,-875.183,176.575, , , , , , ,-156.374,-12.101,14.908
 13:50:33.411,eb:33:2e:f9:57:b5, 2015-01-01 00:14:42.270,-0.958,2.273,8.368,-464.294,-812.988,242.371, , , , , , ,-158.84,-7.817,15.518
 13:50:33.411,eb:33:2e:f9:57:b5, 2015-01-01 00:14:42.270,-1.195,3.781,9.018,-449.707,-733.826,293.457, , , , , , ,-161.12,-3.746,15.54
 13:50:33.411,eb:33:2e:f9:57:b5, 2015-01-01 00:14:42.270,-1.462,5.518,9.565,-424.072,-660.889,325.439, , , , , , ,-163.29,0.011,15.095
 13:50:33.411,eb:33:2e:f9:57:b5, 2015-01-01 00:14:42.270,-1.598,7.441,9.884,-378.906,-597.046,323.914, , , , , , ,-165.394,3.433,14.079
 13:50:33.411,eb:33:2e:f9:57:b5, 2015-01-01 00:14:42.270,-1.781,9.25,9.763,-315.491,-550.354,298.828, , , , , , ,-167.179,6.559,13.239
 13:50:33.411,eb:33:2e:f9:57:b5, 2015-01-01 00:14:42.270,-2.126,10.923,9.555,-238.22,-517.517,252.991, , , , , , ,-168.635,9.432,12.448
 13:50:33.412,eb:33:2e:f9:57:b5, 2015-01-01 00:14:42.270,-2.389,12.435,9.268,-154.968,-479.919,178.65, , , , , , ,-169.684,12.068,11.871
 13:50:33.415,eb:33:2e:f9:57:b5, 2015-01-01 00:14:42.270,-2.447,13.403,8.608,-80.078,-426.758,83.13, , , , , , ,-170.387,14.392,11.365
 13:50:33.415,eb:33:2e:f9:57:b5, 2015-01-01 00:14:42.270,-3.256,13.605,9,185.303,-202.271,-94.788, , , , , , ,-170.2,16.062,11.64
 13:50:33.415,eb:33:2e:f9:57:b5, 2015-01-01 00:14:42.270,-3.974,10.271,7.135,356.506,-221.68,-267.7, , , , , , ,-168.437,16.891,12.816
 13:50:33.415,eb:33:2e:f9:57:b5, 2015-01-01 00:14:42.270,-0.638,9.661,4.478,615.845,-255.798,-419.373, , , , , , ,-165.229,17.468,14.804
 13:50:33.415,eb:33:2e:f9:57:b5, 2015-01-01 00:14:42.270,-2.565,10.218,12.07,815.735,173.035,-625.549, , , , , , ,-160.752,16.018,17.501
 13:50:33.415,eb:33:2e:f9:57:b5, 2015-01-01 00:14:42.270,2.758,13.182,9.362,845.703,1073.303,-971.619, , , , , , ,-155.632,12.189,20.226
 13:50:33.415,eb:33:2e:f9:57:b5, 2015-01-01 00:14:42.270,5.56,14.65,11.805,629.883,1562.683,-1223.694, , , , , , ,-151.694,3.109,22.143
 13:50:33.415,eb:33:2e:f9:57:b5, 2015-01-01 00:14:42.270,1.184,3.062,7.23,527.588,1357.483,-652.832, , , , , , ,-148.909,-5.68,22.346
 13:50:33.415,eb:33:2e:f9:57:b5, 2015-01-01 00:14:42.270,1.084,-4.753,6.012,409.058,903.687,-157.043, , , , , , ,-146.36,-11.003,20.572
 13:50:33.415,eb:33:2e:f9:57:b5, 2015-01-01 00:14:42.270,1.347,2.407,8.772,1076.294,589.6,-64.758, , , , , , ,-86.605,-24.796,-5.944
 13:50:33.415,eb:33:2e:f9:57:b5, 2015-01-01 00:14:42.270,1.282,1.284,2.515,844.421,437.5,-69.763, , , , , , ,-80.689,-24.857,-8.657
 13:50:33.415,eb:33:2e:f9:57:b5, 2015-01-01 00:14:42.270,0.872,4.32,-0.393,531.982,436.218,-8.423, , , , , , ,-76.47,-24.609,-10.948
 13:50:33.415,eb:33:2e:f9:57:b5, 2015-01-01 00:14:42.270,2.008,-1.642,0.276,370.239,441.284,132.935, , , , , , ,-73.521,-23.681,-13.453
 13:50:33.415,eb:33:2e:f9:57:b5, 2015-01-01 00:14:42.270,-0.061,1.361,2.054,498.352,483.582,167.786, , , , , , ,-70.499,-22.11,-15.612
 13:50:33.415,eb:33:2e:f9:57:b5, 2015-01-01 00:14:42.270,0.637,5.252,2.442,535.278,343.872,148.804, , , , , , ,-67.159,-20.66,-17.435
 13:50:33.415,eb:33:2e:f9:57:b5, 2015-01-01 00:14:42.270,0.807,5.372,3.635,486.45,137.756,118.164, , , , , , ,-64.374,-19.627,-18.166
 13:50:33.417,eb:33:2e:f9:57:b5, 2015-01-01 00:14:42.270,0.397,2.367,4.93,499.817,11.658,111.206, , , , , , ,-61.902,-19.017,-18.572
 13:50:33.417,eb:33:2e:f9:57:b5, 2015-01-01 00:14:42.270,0.333,1.998,4.941,489.685,-53.589,88.196, , , , , , ,-59.562,-18.671,-18.171
 13:50:33.417,eb:33:2e:f9:57:b5, 2015-01-01 00:14:42.270,0.35,1.959,6.553,497.375,-42.236,57.678, , , , , , ,-57.233,-18.501,-17.754
 13:50:33.417,eb:33:2e:f9:57:b5, 2015-01-01 00:14:42.270,0.558,2.049,8.777,524.414,4.578,21.179, , , , , , ,-54.728,-18.397,-17.584
 13:50:33.417,eb:33:2e:f9:57:b5, 2015-01-01 00:14:42.270,0.639,1.849,10.51,567.078,69.824,-25.696, , , , , , ,-51.916,-18.276,-18.16
 13:50:33.417,eb:33:2e:f9:57:b5, 2015-01-01 00:14:42.270,0.887,1.026,10.491,608.154,132.263,-75.928, , , , , , ,-48.752,-18.149,-18.787
 13:50:33.417,eb:33:2e:f9:57:b5, 2015-01-01 00:14:42.270,1.07,0.262,9.268,626.099,177.917,-117.554, , , , , , ,-45.341,-17.968,-19.77
 13:50:33.417,eb:33:2e:f9:57:b5, 2015-01-01 00:14:42.270,1.223,-0.207,8.191,616.699,206.116,-154.48, , , , , , ,-41.847,-17.737,-21.017
 13:50:33.453,eb:33:2e:f9:57:b5, 2015-01-01 00:14:42.270,1.416,-0.429,7.536,591.125,215.515,-192.322, , , , , , ,-38.397,-17.457,-22.83
 13:50:33.453,eb:33:2e:f9:57:b5, 2015-01-01 00:14:42.270,1.535,-0.542,7.142,556.824,208.679,-228.76, , , , , , ,-35.074,-17.249,-24.395
 13:50:33.453,eb:33:2e:f9:57:b5, 2015-01-01 00:14:42.270,1.558,-0.718,6.836,518.311,194.275,-261.902, , , , , , ,-31.91,-17.1,-26.065
 13:50:33.453,eb:33:2e:f9:57:b5, 2015-01-01 00:14:42.270,1.487,-1.03,6.621,480.042,177.795,-287.537, , , , , , ,-28.927,-17.007,-27.806
 13:50:33.453,eb:33:2e:f9:57:b5, 2015-01-01 00:14:42.270,1.279,-1.377,6.545,445.74,162.292,-304.626, , , , , , ,-26.093,-16.88,-29.982
 13:50:33.453,eb:33:2e:f9:57:b5, 2015-01-01 00:14:42.270,0.974,-1.692,6.5,417.786,146.729,-309.57, , , , , , ,-23.428,-16.831,-31.783
 13:50:33.453,eb:33:2e:f9:57:b5, 2015-01-01 00:14:42.270,0.655,-1.989,6.54,395.752,130.615,-303.406, , , , , , ,-20.901,-16.776,-33.536
 13:50:33.453,eb:33:2e:f9:57:b5, 2015-01-01 00:14:42.270,0.468,-2.261,6.521,376.404,121.216,-290.527, , , , , , ,-18.495,-16.694,-35.211
 13:50:33.498,eb:33:2e:f9:57:b5, 2015-01-01 00:14:42.270,0.317,-2.569,6.644,360.352,120.117,-268.311, , , , , , ,-16.21,-16.43,-37.167
 13:50:33.498,eb:33:2e:f9:57:b5, 2015-01-01 00:14:42.270,0.199,-2.909,6.742,345.703,129.822,-239.38, , , , , , ,-14.046,-16.15,-38.606
 13:50:33.498,eb:33:2e:f9:57:b5, 2015-01-01 00:14:42.270,0.137,-3.232,6.67,331.238,146.851,-202.393, , , , , , ,-12.014,-15.721,-39.869
 13:50:33.498,eb:33:2e:f9:57:b5, 2015-01-01 00:14:42.270,0.181,-3.545,6.53,315.308,170.471,-162.292, , , , , , ,-10.118,-15.101,-40.941
 13:50:33.498,eb:33:2e:f9:57:b5, 2015-01-01 00:14:42.270,0.251,-3.806,6.326,296.631,197.449,-121.643, , , , , , ,-8.377,-14.15,-42.171
 13:50:33.498,eb:33:2e:f9:57:b5, 2015-01-01 00:14:42.270,0.361,-4.013,5.965,275.635,222.717,-82.581, , , , , , ,-6.806,-13.162,-42.819
 13:50:33.498,eb:33:2e:f9:57:b5, 2015-01-01 00:14:42.270,0.285,-4.188,5.596,252.563,238.586,-44.922, , , , , , ,-5.4,-12.03,-43.248
 13:50:33.498,eb:33:2e:f9:57:b5, 2015-01-01 00:14:42.270,0.121,-4.371,5.006,227.966,232.544,-10.376, , , , , , ,-4.169,-10.86,-43.473
 13:50:33.544,eb:33:2e:f9:57:b5, 2015-01-01 00:14:42.875,0.013,-4.569,4.457,202.209,208.801,20.447, , , , , , ,-3.098,-9.597,-43.874
 13:50:33.544,eb:33:2e:f9:57:b5, 2015-01-01 00:14:42.875,0.074,-4.762,3.975,169.739,182.068,52.917, , , , , , ,-2.203,-8.63,-43.715
 13:50:33.544,eb:33:2e:f9:57:b5, 2015-01-01 00:14:42.875,0.391,-4.884,3.477,120.483,177.307,87.036, , , , , , ,-1.544,-7.734,-43.38
 13:50:33.544,eb:33:2e:f9:57:b5, 2015-01-01 00:14:42.875,0.59,-5.146,2.846,50.171,173.706,118.713, , , , , , ,-1.203,-6.833,-42.858
 13:50:33.544,eb:33:2e:f9:57:b5, 2015-01-01 00:14:42.875,1.544,-5.922,0.049,-61.829,164.368,176.27, , , , , , ,-1.335,-5.812,-42.468
 13:50:33.544,eb:33:2e:f9:57:b5, 2015-01-01 00:14:42.875,3.258,-6.806,-3.9,-240.295,177.124,239.99, , , , , , ,-2.252,-4.955,-41.413
 13:50:33.544,eb:33:2e:f9:57:b5, 2015-01-01 00:14:42.875,3.909,-7.098,-5.223,-431.458,206.421,237.244, , , , , , ,-4.136,-3.895,-40.226
 13:50:33.544,eb:33:2e:f9:57:b5, 2015-01-01 00:14:42.875,3.581,-6.553,-2.972,-566.711,146.973,153.564, , , , , , ,-6.773,-2.928,-39.37
 13:50:33.589,eb:33:2e:f9:57:b5, 2015-01-01 00:14:42.875,3.773,-5.27,-2.454,-665.222,59.204,88.684, , , , , , ,-9.915,-2.274,-39.232
 13:50:33.589,eb:33:2e:f9:57:b5, 2015-01-01 00:14:42.875,4.105,-4.349,-2.228,-739.197,-10.437,34.058, , , , , , ,-13.48,-2.137,-38.969
 13:50:33.589,eb:33:2e:f9:57:b5, 2015-01-01 00:14:42.875,4.291,-4.09,-1.247,-787.537,-71.838,-39.49, , , , , , ,-17.336,-2.379,-38.952
 13:50:33.589,eb:33:2e:f9:57:b5, 2015-01-01 00:14:42.875,4.086,-4.018,-0.263,-817.505,-127.38,-112.976, , , , , , ,-21.357,-3.021,-39.172
 13:50:33.589,eb:33:2e:f9:57:b5, 2015-01-01 00:14:42.875,3.72,-3.764,0.71,-844.238,-179.199,-195.984, , , , , , ,-25.477,-4.016,-39.946
 13:50:33.589,eb:33:2e:f9:57:b5, 2015-01-01 00:14:42.875,3.243,-3.527,1.416,-866.943,-217.102,-255.981, , , , , , ,-29.718,-5.449,-40.512
 13:50:33.589,eb:33:2e:f9:57:b5, 2015-01-01 00:14:42.875,2.752,-3.387,2.016,-893.372,-262.451,-304.81, , , , , , ,-34.069,-7.24,-41.089
 13:50:33.589,eb:33:2e:f9:57:b5, 2015-01-01 00:14:42.875,2.293,-3.322,2.562,-926.514,-309.204,-338.318, , , , , , ,-38.568,-9.377,-41.55
 13:50:33.633,eb:33:2e:f9:57:b5, 2015-01-01 00:14:42.875,1.952,-3.312,3.037,-965.454,-366.516,-352.295, , , , , , ,-43.259,-11.799,-42.083
 13:50:33.633,eb:33:2e:f9:57:b5, 2015-01-01 00:14:42.875,1.734,-3.271,3.551,-1010.681,-418.945,-348.389, , , , , , ,-48.268,-14.442,-41.874
 13:50:33.633,eb:33:2e:f9:57:b5, 2015-01-01 00:14:42.875,1.674,-3.177,4.269,-1053.284,-462.646,-334.351, , , , , , ,-53.641,-17.166,-41.193
 13:50:33.633,eb:33:2e:f9:57:b5, 2015-01-01 00:14:42.875,1.254,-2.849,5.458,-1079.773,-505.493,-313.354, , , , , , ,-59.381,-19.852,-39.985
 13:50:33.633,eb:33:2e:f9:57:b5, 2015-01-01 00:14:42.875,0.825,-2.454,7.162,-1072.632,-567.139,-299.316, , , , , , ,-65.424,-22.467,-38.491
 13:50:33.633,eb:33:2e:f9:57:b5, 2015-01-01 00:14:42.875,0.568,-1.921,8.59,-1036.682,-610.535,-283.02, , , , , , ,-71.675,-24.901,-36.041
 13:50:33.633,eb:33:2e:f9:57:b5, 2015-01-01 00:14:42.875,0.587,-1.146,9.478,-986.206,-608.459,-275.635, , , , , , ,-77.975,-27.048,-33.162
 13:50:33.633,eb:33:2e:f9:57:b5, 2015-01-01 00:14:42.875,0.483,-0.58,9.511,-927.246,-590.21,-257.812, , , , , , ,-84.183,-28.823,-30.059
 13:50:33.655,eb:33:2e:f9:57:b5, 2015-01-01 00:14:42.875,0.596,-0.357,8.499,-876.892,-573.547,-240.784, , , , , , ,-90.275,-30.234,-27.12
 13:50:33.655,eb:33:2e:f9:57:b5, 2015-01-01 00:14:42.875,0.525,-0.283,7.236,-839.6,-563.232,-213.196, , , , , , ,-96.262,-31.19,-23.752
 13:50:33.655,eb:33:2e:f9:57:b5, 2015-01-01 00:14:42.875,0.477,-0.259,6.302,-808.167,-564.941,-186.523, , , , , , ,-102.162,-31.712,-20.314
 13:50:33.655,eb:33:2e:f9:57:b5, 2015-01-01 00:14:42.875,0.541,-0.248,5.655,-778.015,-574.707,-166.931, , , , , , ,-107.957,-31.816,-16.809
 13:50:33.655,eb:33:2e:f9:57:b5, 2015-01-01 00:14:42.875,0.663,-0.309,5.039,-747.62,-593.75,-147.217, , , , , , ,-113.637,-31.531,-13.574
 13:50:33.655,eb:33:2e:f9:57:b5, 2015-01-01 00:14:42.875,0.671,-0.277,4.483,-718.689,-620.605,-128.235, , , , , , ,-119.125,-30.784,-10.036
 13:50:33.655,eb:33:2e:f9:57:b5, 2015-01-01 00:14:42.875,0.482,-0.19,4.014,-692.261,-660.95,-105.774, , , , , , ,-124.404,-29.581,-6.52
 13:50:33.655,eb:33:2e:f9:57:b5, 2015-01-01 00:14:42.875,0.188,-0.196,3.694,-666.199,-717.041,-75.806, , , , , , ,-129.452,-27.845,-3.06
 13:50:33.859,eb:33:2e:f9:57:b5, 2015-01-01 00:14:42.875,-0.05,-0.337,3.754,-641.663,-780.579,-39.978, , , , , , ,-134.264,-25.565,-0.005
 13:50:33.859,eb:33:2e:f9:57:b5, 2015-01-01 00:14:42.875,-0.158,-0.521,4.21,-619.568,-837.952,7.69, , , , , , ,-138.686,-22.648,3.109
 13:50:33.859,eb:33:2e:f9:57:b5, 2015-01-01 00:14:42.875,-0.311,-0.516,5.028,-600.342,-876.038,65.369, , , , , , ,-142.707,-19.177,5.861
 13:50:33.859,eb:33:2e:f9:57:b5, 2015-01-01 00:14:42.875,-0.407,-0.232,5.958,-587.036,-882.507,125.183, , , , , , ,-146.338,-15.287,8.108
 13:50:33.859,eb:33:2e:f9:57:b5, 2015-01-01 00:14:42.875,-0.423,0.353,6.953,-578.979,-859.924,186.768, , , , , , ,-149.705,-11.195,9.465
 13:50:33.859,eb:33:2e:f9:57:b5, 2015-01-01 00:14:42.875,-0.419,1.278,8.165,-576.599,-810.486,244.385, , , , , , ,-152.759,-7.02,10.508
 13:50:33.859,eb:33:2e:f9:57:b5, 2015-01-01 00:14:42.875,-0.435,2.534,9.418,-578.43,-733.704,290.894, , , , , , ,-155.687,-2.977,10.948
 13:50:33.859,eb:33:2e:f9:57:b5, 2015-01-01 00:14:42.875,-0.651,4.108,10.389,-576.904,-639.16,319.763, , , , , , ,-158.577,0.736,10.838
 13:50:33.904,eb:33:2e:f9:57:b5, 2015-01-01 00:14:42.875,-0.782,5.968,10.899,-563.965,-546.631,320.496, , , , , , ,-161.565,3.994,10.003
 13:50:33.904,eb:33:2e:f9:57:b5, 2015-01-01 00:14:42.875,-0.911,7.919,10.79,-532.288,-462.891,296.814, , , , , , ,-164.372,6.812,9.25
 13:50:33.904,eb:33:2e:f9:57:b5, 2015-01-01 00:14:42.875,-1.205,9.807,10.362,-476.685,-414.368,249.512, , , , , , ,-166.987,9.234,8.465
 13:50:33.904,eb:33:2e:f9:57:b5, 2015-01-01 00:14:42.875,-1.726,11.543,9.804,-384.705,-404.541,179.871, , , , , , ,-169.217,11.431,7.85
 13:50:33.904,eb:33:2e:f9:57:b5, 2015-01-01 00:14:42.875,-2.155,12.683,9.125,-267.639,-420.776,91.492, , , , , , ,-170.991,13.568,7.262
 13:50:33.904,eb:33:2e:f9:57:b5, 2015-01-01 00:14:42.875,-2.364,12.857,8.593,-149.353,-426.88,-6.775, , , , , , ,-171.931,15.705,7.421
 13:50:33.904,eb:33:2e:f9:57:b5, 2015-01-01 00:14:42.875,-2.49,12.829,8.285,-60.852,-387.634,-106.018, , , , , , ,-172.211,17.682,8.058
 13:50:33.906,eb:33:2e:f9:57:b5, 2015-01-01 00:14:42.875,-2.526,12.955,7.946,-15.93,-297.913,-207.214, , , , , , ,-172.007,19.237,9.174
 13:50:33.910,eb:33:2e:f9:57:b5, 2015-01-01 00:14:42.875,-2.5,12.334,7.075,-4.883,-151.978,-320.618, , , , , , ,-171.672,20.089,10.426
 13:50:33.910,eb:33:2e:f9:57:b5, 2015-01-01 00:14:42.875,-2.589,10.797,6.094,-10.437,-32.715,-391.846, , , , , , ,-171.024,20.204,12.415
 13:50:33.910,eb:33:2e:f9:57:b5, 2015-01-01 00:14:42.875,-2.954,8.889,5.331,-10.742,68.298,-430.908, , , , , , ,-170.338,19.72,14.584
 13:50:33.910,eb:33:2e:f9:57:b5, 2015-01-01 00:14:42.875,-3.333,6.997,4.74,9.277,132.507,-443.115, , , , , , ,-169.618,18.792,16.776
 13:50:33.910,eb:33:2e:f9:57:b5, 2015-01-01 00:14:42.875,-3.69,5.014,3.837,51.941,153.931,-420.532, , , , , , ,-168.937,17.639,18.506
 13:50:33.910,eb:33:2e:f9:57:b5, 2015-01-01 00:14:42.875,-2.979,2.794,2.815,145.569,171.448,-374.146, , , , , , ,-167.926,16.485,20.352
 13:50:33.910,eb:33:2e:f9:57:b5, 2015-01-01 00:14:42.875,-5.633,0.977,11.324,747.925,605.713,-369.69, , , , , , ,-165.004,13.48,22.143
 13:50:33.910,eb:33:2e:f9:57:b5, 2015-01-01 00:14:42.875,8.188,2.708,0.964,991.394,837.341,-907.532, , , , , , ,-159.582,9.481,23.983
 13:50:33.911,eb:33:2e:f9:57:b5, 2015-01-01 00:14:42.875,11.038,8.763,6.815,626.831,-213.135,-1226.074, , , , , , ,-154.243,8.635,30.081
 13:50:33.911,eb:33:2e:f9:57:b5, 2015-01-01 00:14:42.875,-3.941,8.065,-1.263,101.013,1037.781,-571.716, , , , , , ,-152.908,3.219,32.168
 13:50:33.911,eb:33:2e:f9:57:b5, 2015-01-01 00:14:42.875,-11.024,-7.795,0.57,137.39,719.482,400.024, , , , , , ,-152.276,-0.176,29.916
 13:50:33.911,eb:33:2e:f9:57:b5, 2015-01-01 00:14:42.875,-5.856,-2.557,-0.204,147.4,829.529,198.914, , , , , , ,-151.408,-2.845,26.466
 13:50:33.911,eb:33:2e:f9:57:b5, 2015-01-01 00:14:42.875,-8.07,1.811,-3.401,135.681,440.369,135.132, , , , , , ,-150.595,-5.164,23.923
 13:50:33.911,eb:33:2e:f9:57:b5, 2015-01-01 00:14:42.875,-3.173,2.5,-2.82,95.886,186.096,-22.278, , , , , , ,-150.007,-6.372,23.093
 13:50:33.911,eb:33:2e:f9:57:b5, 2015-01-01 00:14:42.875,0.245,-2.447,-0.171,127.93,82.581,38.635, , , , , , ,-149.425,-6.85,22.879
 13:50:33.911,eb:33:2e:f9:57:b5, 2015-01-01 00:14:42.875,0.924,-0.953,1.276,141.174,40.344,133.423, , , , , , ,-148.672,-6.833,22.286
 13:50:33.914,eb:33:2e:f9:57:b5, 2015-01-01 00:14:42.875,1.761,0.529,1.223,141.602,80.688,150.024, , , , , , ,-147.964,-6.74,21.11
 13:50:33.914,eb:33:2e:f9:57:b5, 2015-01-01 00:14:42.875,0.388,1.197,1.667,144.592,87.463,82.52, , , , , , ,-147.145,-6.746,20.402
 13:50:33.914,eb:33:2e:f9:57:b5, 2015-01-01 00:14:42.875,-1.275,1.418,0.876,122.803,97.412,36.499, , , , , , ,-146.431,-7.042,19.94
 13:50:33.915,eb:33:2e:f9:57:b5, 2015-01-01 00:14:42.875,-0.46,-0.412,0.389,111.877,68.359,63.171, , , , , , ,-145.8,-7.224,19.479
 13:50:33.915,eb:33:2e:f9:57:b5, 2015-01-01 00:14:42.875,-0.693,0.389,0.232,109.131,41.138,39.307, , , , , , ,-145.289,-7.328,18.776
 13:50:33.915,eb:33:2e:f9:57:b5, 2015-01-01 00:14:42.875,-0.265,-0.061,0.727,114.197,11.353,36.987, , , , , , ,-144.701,-7.322,18.561
 13:50:33.915,eb:33:2e:f9:57:b5, 2015-01-01 00:14:42.875,1.066,0,1.363,112.488,17.517,50.049, , , , , , ,-144.102,-7.234,18.342
 13:50:33.915,eb:33:2e:f9:57:b5, 2015-01-01 00:14:42.875,0.506,0.579,2.282,114.014,61.523,35.034, , , , , , ,-143.509,-7.284,18.045
 13:50:33.927,eb:33:2e:f9:57:b5, 2015-01-01 00:14:42.875,-1.143,0.017,2.218,127.258,75.867,29.236, , , , , , ,-142.949,-7.531,17.342
 13:50:33.927,eb:33:2e:f9:57:b5, 2015-01-01 00:14:42.875,-2.074,-0.287,0.583,141.602,18.86,43.091, , , , , , ,-142.229,-7.597,17.067
 13:50:33.927,eb:33:2e:f9:57:b5, 2015-01-01 00:14:42.875,-1.709,-0.883,0.808,143.372,-27.039,73.73, , , , , , ,-141.487,-7.372,16.859
 13:50:33.927,eb:33:2e:f9:57:b5, 2015-01-01 00:14:42.875,-0.662,-0.573,1.384,160.217,-76.416,95.337, , , , , , ,-140.702,-6.883,16.688
 13:50:33.927,eb:33:2e:f9:57:b5, 2015-01-01 00:14:42.875,0.33,0.122,2.018,178.711,-106.506,96.252, , , , , , ,-139.927,-6.224,16.287
 13:50:33.927,eb:33:2e:f9:57:b5, 2015-01-01 00:14:42.875,0.694,-0.125,3.174,201.843,-93.689,97.473, , , , , , ,-138.966,-5.526,16.238
 13:50:33.927,eb:33:2e:f9:57:b5, 2015-01-01 00:14:42.875,0.171,-0.253,4.088,258.057,-101.868,82.153, , , , , , ,-137.802,-4.872,16.221
 13:50:33.927,eb:33:2e:f9:57:b5, 2015-01-01 00:14:42.875,0.285,-0.668,5.095,335.571,-114.014,63.965, , , , , , ,-136.291,-4.219,16.342
 13:50:33.949,eb:33:2e:f9:57:b5, 2015-01-01 00:14:42.875,0.969,-0.845,6.244,418.579,-91.187,44.983, , , , , , ,-134.473,-3.686,16.166
 13:50:33.949,eb:33:2e:f9:57:b5, 2015-01-01 00:14:42.875,1.492,-1.532,7.724,500.488,-26.733,26.611, , , , , , ,-132.138,-3.378,16.254
 13:50:33.949,eb:33:2e:f9:57:b5, 2015-01-01 00:14:42.875,2.498,-2.044,8.592,610.413,81.421,-9.155, , , , , , ,-129.298,-3.455,16.1
 13:50:33.950,eb:33:2e:f9:57:b5, 2015-01-01 00:14:42.875,3.6,-2.147,8.607,690.369,172.974,-40.283, , , , , , ,-125.975,-3.994,15.639
 13:50:33.950,eb:33:2e:f9:57:b5, 2015-01-01 00:14:42.875,4.355,-1.991,9.041,760.132,292.786,-61.462, , , , , , ,-122.322,-4.922,14.431
 13:50:33.950,eb:33:2e:f9:57:b5, 2015-01-01 00:14:42.875,3.779,-1.891,9.581,841.797,454.224,-60.669, , , , , , ,-118.12,-6.158,12.903
 13:50:33.950,eb:33:2e:f9:57:b5, 2015-01-01 00:14:42.875,2.736,-1.833,9.694,873.596,626.709,-42.786, , , , , , ,-113.505,-7.619,10.432
 13:50:33.950,eb:33:2e:f9:57:b5, 2015-01-01 00:14:42.875,1.809,-0.174,8.873,887.39,686.584,-65.552, , , , , , ,-108.644,-9.058,7.377
 13:50:33.993,eb:33:2e:f9:57:b5, 2015-01-01 00:14:42.875,0.775,2.915,6.405,918.701,579.895,-85.51, , , , , , ,-103.678,-10.289,4.076
 13:50:33.993,eb:33:2e:f9:57:b5, 2015-01-01 00:14:42.875,-0.498,2.238,5.291,902.893,470.459,-74.036, , , , , , ,-98.624,-11.239,1.533
 13:50:33.993,eb:33:2e:f9:57:b5, 2015-01-01 00:14:42.875,-0.285,3.721,1.845,761.292,315.613,-60.974, , , , , , ,-94.098,-11.761,-0.308
 13:50:33.993,eb:33:2e:f9:57:b5, 2015-01-01 00:14:42.875,0.519,3.431,-0.109,543.579,224.548,-18.066, , , , , , ,-90.676,-11.992,-1.588
 13:50:33.993,eb:33:2e:f9:57:b5, 2015-01-01 00:14:42.875,-0.223,0.706,1.056,394.47,242.493,73.12, , , , , , ,-88.264,-11.843,-3.137
 13:50:33.993,eb:33:2e:f9:57:b5, 2015-01-01 00:14:42.875,-1.357,0.414,4.814,434.814,382.324,162.903, , , , , , ,-85.924,-11.118,-4.818
 13:50:33.993,eb:33:2e:f9:57:b5, 2015-01-01 00:14:42.875,-0.239,4.047,5.613,510.315,403.87,141.785, , , , , , ,-83.106,-10.129,-6.801
 13:50:33.993,eb:33:2e:f9:57:b5, 2015-01-01 00:14:42.875,0.422,4.851,6.538,483.337,306.519,127.869, , , , , , ,-80.343,-9.24,-8.438
 13:50:34.039,eb:33:2e:f9:57:b5, 2015-01-01 00:14:43.365,0.417,2.659,6.888,487.976,243.225,113.037, , , , , , ,-77.761,-8.448,-10.063
 13:50:34.039,eb:33:2e:f9:57:b5, 2015-01-01 00:14:43.365,0.896,1.953,5.947,497.009,205.139,91.309, , , , , , ,-75.157,-7.69,-11.008
 13:50:34.039,eb:33:2e:f9:57:b5, 2015-01-01 00:14:43.365,0.961,1.89,6.762,517.822,183.105,56.213, , , , , , ,-72.515,-7.086,-11.827
 13:50:34.039,eb:33:2e:f9:57:b5, 2015-01-01 00:14:43.365,0.988,1.946,8.051,558.289,187.439,0.061, , , , , , ,-69.708,-6.674,-12.673
 13:50:34.039,eb:33:2e:f9:57:b5, 2015-01-01 00:14:43.365,1.351,1.909,8.723,600.83,188.354,-66.345, , , , , , ,-66.687,-6.52,-14.03
 13:50:34.039,eb:33:2e:f9:57:b5, 2015-01-01 00:14:43.365,1.607,1.645,8.729,628.906,185.364,-132.385, , , , , , ,-63.468,-6.608,-15.106
 13:50:34.039,eb:33:2e:f9:57:b5, 2015-01-01 00:14:43.365,1.686,1.178,8.262,632.874,188.904,-195.19, , , , , , ,-60.15,-6.921,-16.342
 13:50:34.039,eb:33:2e:f9:57:b5, 2015-01-01 00:14:43.365,1.688,0.616,7.796,613.281,190.918,-249.084, , , , , , ,-56.86,-7.394,-17.765
 13:50:34.106,eb:33:2e:f9:57:b5, 2015-01-01 00:14:43.365,1.677,0.023,7.505,580.017,191.284,-290.344, , , , , , ,-53.674,-7.965,-19.748
 13:50:34.106,eb:33:2e:f9:57:b5, 2015-01-01 00:14:43.365,1.67,-0.518,7.304,541.626,191.895,-318.604, , , , , , ,-50.641,-8.591,-21.473
 13:50:34.106,eb:33:2e:f9:57:b5, 2015-01-01 00:14:43.365,1.539,-1.033,7.131,502.502,193.604,-332.275, , , , , , ,-47.769,-9.207,-23.297
 13:50:34.106,eb:33:2e:f9:57:b5, 2015-01-01 00:14:43.365,1.351,-1.516,6.934,467.102,194.946,-332.214, , , , , , ,-45.055,-9.739,-25.175
 13:50:34.106,eb:33:2e:f9:57:b5, 2015-01-01 00:14:43.365,1.153,-1.913,6.798,437.561,198.486,-321.411, , , , , , ,-42.468,-10.113,-27.466
 13:50:34.106,eb:33:2e:f9:57:b5, 2015-01-01 00:14:43.365,1.002,-2.251,6.764,415.222,201.477,-302.185, , , , , , ,-40.018,-10.388,-29.317
 13:50:34.106,eb:33:2e:f9:57:b5, 2015-01-01 00:14:43.365,0.837,-2.583,6.715,397.827,202.82,-272.095, , , , , , ,-37.672,-10.497,-31.091
 13:50:34.107,eb:33:2e:f9:57:b5, 2015-01-01 00:14:43.365,0.694,-2.858,6.668,383.301,206.726,-235.962, , , , , , ,-35.431,-10.421,-32.739
 13:50:34.107,eb:33:2e:f9:57:b5, 2015-01-01 00:14:43.365,0.655,-3.082,6.555,368.042,216.431,-196.472, , , , , , ,-33.272,-10.074,-34.623
 13:50:34.107,eb:33:2e:f9:57:b5, 2015-01-01 00:14:43.365,0.667,-3.289,6.412,351.257,227.844,-150.146, , , , , , ,-31.256,-9.58,-35.958
 13:50:34.107,eb:33:2e:f9:57:b5, 2015-01-01 00:14:43.365,0.803,-3.456,6.327,331.97,247.253,-104.492, , , , , , ,-29.372,-8.86,-37.106
 13:50:34.108,eb:33:2e:f9:57:b5, 2015-01-01 00:14:43.365,0.973,-3.631,6.198,310.364,271.79,-60.974, , , , , , ,-27.631,-7.899,-38.084
 13:50:34.108,eb:33:2e:f9:57:b5, 2015-01-01 00:14:43.365,1.182,-3.776,5.893,288.452,295.227,-20.203, , , , , , ,-26.021,-6.608,-39.276
 13:50:34.108,eb:33:2e:f9:57:b5, 2015-01-01 00:14:43.365,1.517,-3.856,5.558,267.334,310.669,13.672, , , , , , ,-24.576,-5.229,-39.93
 13:50:34.108,eb:33:2e:f9:57:b5, 2015-01-01 00:14:43.365,1.687,-3.818,5.16,242.92,315.002,42.847, , , , , , ,-23.275,-3.724,-40.424
 13:50:34.108,eb:33:2e:f9:57:b5, 2015-01-01 00:14:43.365,1.596,-3.75,4.79,225.342,302.307,57.739, , , , , , ,-22.094,-2.203,-40.776
 13:50:34.151,eb:33:2e:f9:57:b5, 2015-01-01 00:14:43.365,1.349,-3.701,4.166,208.801,272.522,64.514, , , , , , ,-20.989,-0.659,-41.385
 13:50:34.151,eb:33:2e:f9:57:b5, 2015-01-01 00:14:43.365,1.308,-3.802,3.561,190.552,230.286,66.406, , , , , , ,-19.995,0.61,-41.506
 13:50:34.151,eb:33:2e:f9:57:b5, 2015-01-01 00:14:43.365,1.64,-3.985,2.99,160.645,192.505,74.341, , , , , , ,-19.127,1.697,-41.523
 13:50:34.151,eb:33:2e:f9:57:b5, 2015-01-01 00:14:43.365,2.125,-4.369,1.784,100.769,167.603,85.388, , , , , , ,-18.484,2.653,-41.424
 13:50:34.151,eb:33:2e:f9:57:b5, 2015-01-01 00:14:43.365,3.373,-5.28,-1.339,-16.724,149.719,107.849, , , , , , ,-18.265,3.658,-41.561
 13:50:34.151,eb:33:2e:f9:57:b5, 2015-01-01 00:14:43.365,4.215,-6.01,-5.244,-194.092,160.034,108.032, , , , , , ,-18.847,4.581,-41.281
 13:50:34.151,eb:33:2e:f9:57:b5, 2015-01-01 00:14:43.365,3.165,-6.518,-5.021,-351.868,103.577,69.702, , , , , , ,-20.292,5.361,-41.094
 13:50:34.151,eb:33:2e:f9:57:b5, 2015-01-01 00:14:43.365,3.232,-6.281,-3.183,-466.003,-3.357,27.161, , , , , , ,-22.39,5.614,-40.968
 13:50:34.196,eb:33:2e:f9:57:b5, 2015-01-01 00:14:43.365,3.768,-5.582,-2.279,-569.702,-65.613,-2.136, , , , , , ,-24.994,5.504,-41.182
 13:50:34.196,eb:33:2e:f9:57:b5, 2015-01-01 00:14:43.365,3.939,-5.404,-1.668,-664.551,-87.891,-49.561, , , , , , ,-28.13,5.081,-41.138
 13:50:34.196,eb:33:2e:f9:57:b5, 2015-01-01 00:14:43.365,3.905,-5.501,-1.214,-739.746,-108.215,-94.299, , , , , , ,-31.696,4.455,-41.226
 13:50:34.196,eb:33:2e:f9:57:b5, 2015-01-01 00:14:43.365,3.796,-5.325,-0.561,-793.091,-137.451,-135.803, , , , , , ,-35.568,3.604,-41.369
 13:50:34.196,eb:33:2e:f9:57:b5, 2015-01-01 00:14:43.365,3.698,-4.821,0.307,-826.233,-172.18,-176.697, , , , , , ,-39.628,2.521,-41.891
 13:50:34.196,eb:33:2e:f9:57:b5, 2015-01-01 00:14:43.365,3.33,-4.296,1.157,-846.252,-220.276,-214.783, , , , , , ,-43.83,1.11,-41.962
 13:50:34.196,eb:33:2e:f9:57:b5, 2015-01-01 00:14:43.365,2.981,-3.827,1.907,-864.746,-269.836,-253.235, , , , , , ,-48.12,-0.61,-41.896
 13:50:34.196,eb:33:2e:f9:57:b5, 2015-01-01 00:14:43.365,2.521,-3.519,2.388,-883.728,-327.942,-278.137, , , , , , ,-52.509,-2.62,-41.583
 13:50:34.556,eb:33:2e:f9:57:b5, 2015-01-01 00:14:43.365,2.097,-3.281,2.871,-908.325,-386.902,-289.307, , , , , , ,-57.025,-4.834,-41.281
 13:50:34.556,eb:33:2e:f9:57:b5, 2015-01-01 00:14:43.365,2.008,-3.129,3.462,-939.087,-437.622,-291.992, , , , , , ,-61.765,-7.152,-40.221
 13:50:34.556,eb:33:2e:f9:57:b5, 2015-01-01 00:14:43.365,1.854,-2.98,4.17,-970.276,-481.812,-285.156, , , , , , ,-66.775,-9.459,-38.738
 13:50:34.557,eb:33:2e:f9:57:b5, 2015-01-01 00:14:43.365,1.574,-2.692,5.214,-994.446,-519.165,-278.076, , , , , , ,-72.054,-11.662,-36.843
 13:50:34.557,eb:33:2e:f9:57:b5, 2015-01-01 00:14:43.365,1.021,-2.422,6.467,-996.948,-569.519,-265.259, , , , , , ,-77.552,-13.722,-34.849
 13:50:34.557,eb:33:2e:f9:57:b5, 2015-01-01 00:14:43.365,0.591,-2.067,7.657,-980.164,-602.722,-251.221, , , , , , ,-83.199,-15.485,-32.058
 13:50:34.557,eb:33:2e:f9:57:b5, 2015-01-01 00:14:43.365,0.357,-1.644,8.335,-950.623,-611.45,-231.079, , , , , , ,-88.879,-16.891,-28.976
 13:50:34.557,eb:33:2e:f9:57:b5, 2015-01-01 00:14:43.365,0.457,-1.288,8.689,-912.964,-589.355,-212.585, , , , , , ,-94.471,-17.902,-25.796
 13:50:34.578,eb:33:2e:f9:57:b5, 2015-01-01 00:14:43.365,0.519,-1.081,8.396,-874.268,-553.284,-194.275, , , , , , ,-99.915,-18.6,-23.044
 13:50:34.578,eb:33:2e:f9:57:b5, 2015-01-01 00:14:43.365,0.513,-1.029,7.479,-836.853,-531.006,-174.438, , , , , , ,-105.134,-18.913,-20.061
 13:50:34.578,eb:33:2e:f9:57:b5, 2015-01-01 00:14:43.365,0.381,-1.058,6.281,-801.392,-534.729,-143.677, , , , , , ,-110.154,-18.847,-17.133
 13:50:34.578,eb:33:2e:f9:57:b5, 2015-01-01 00:14:43.365,0.483,-0.991,5.601,-770.325,-540.405,-124.512, , , , , , ,-114.994,-18.424,-14.249
 13:50:34.578,eb:33:2e:f9:57:b5, 2015-01-01 00:14:43.365,0.502,-1.033,5.064,-740.601,-565.186,-105.469, , , , , , ,-119.691,-17.704,-11.711
 13:50:34.578,eb:33:2e:f9:57:b5, 2015-01-01 00:14:43.365,0.618,-1.124,4.475,-715.637,-599.792,-89.172, , , , , , ,-124.162,-16.562,-8.849
 13:50:34.578,eb:33:2e:f9:57:b5, 2015-01-01 00:14:43.365,0.626,-1.274,3.893,-695.496,-648.56,-65.308, , , , , , ,-128.458,-15.007,-5.988
 13:50:34.578,eb:33:2e:f9:57:b5, 2015-01-01 00:14:43.365,0.465,-1.431,3.603,-679.199,-712.341,-32.471, , , , , , ,-132.572,-12.958,-3.148
 13:50:34.646,eb:33:2e:f9:57:b5, 2015-01-01 00:14:43.365,0.363,-1.611,3.788,-666.809,-776.611,7.69, , , , , , ,-136.588,-10.404,-0.709
 13:50:34.646,eb:33:2e:f9:57:b5, 2015-01-01 00:14:43.365,0.173,-1.824,4.577,-653.87,-845.154,74.219, , , , , , ,-140.279,-7.202,1.857
 13:50:34.646,eb:33:2e:f9:57:b5, 2015-01-01 00:14:43.365,0.052,-1.7,5.7,-645.691,-863.647,130.981, , , , , , ,-143.734,-3.477,4.087
 13:50:34.646,eb:33:2e:f9:57:b5, 2015-01-01 00:14:43.365,0.107,-1.269,6.913,-637.817,-853.516,191.528, , , , , , ,-146.986,0.522,5.845
 13:50:34.646,eb:33:2e:f9:57:b5, 2015-01-01 00:14:43.365,0.009,-0.524,8.138,-633.24,-811.707,254.456, , , , , , ,-150.266,4.62,6.674
 13:50:34.647,eb:33:2e:f9:57:b5, 2015-01-01 00:14:43.365,-0.045,0.537,9.112,-635.62,-732.91,298.95, , , , , , ,-153.375,8.652,7.245
 13:50:34.647,eb:33:2e:f9:57:b5, 2015-01-01 00:14:43.365,-0.146,1.799,9.739,-639.526,-649.475,340.027, , , , , , ,-156.572,12.426,7.218
 13:50:34.647,eb:33:2e:f9:57:b5, 2015-01-01 00:14:43.365,-0.37,3.356,10.311,-637.939,-568.726,370.667, , , , , , ,-159.911,15.892,6.641
 13:50:34.648,eb:33:2e:f9:57:b5, 2015-01-01 00:14:43.365,-0.563,5.152,10.926,-624.146,-488.708,377.686, , , , , , ,-163.614,18.924,5.257
 13:50:34.648,eb:33:2e:f9:57:b5, 2015-01-01 00:14:43.365,-0.734,7.062,11.133,-592.224,-415.222,364.441, , , , , , ,-167.102,21.533,3.944
 13:50:34.648,eb:33:2e:f9:57:b5, 2015-01-01 00:14:43.365,-0.955,8.983,10.971,-538.391,-365.173,330.322, , , , , , ,-170.464,23.741,2.516
 13:50:34.648,eb:33:2e:f9:57:b5, 2015-01-01 00:14:43.365,-1.36,10.783,10.621,-460.693,-341.248,279.846, , , , , , ,-173.513,25.675,1.143
 13:50:34.648,eb:33:2e:f9:57:b5, 2015-01-01 00:14:43.365,-1.73,12.159,9.908,-354.248,-346.191,214.233, , , , , , ,-176.27,27.548,-0.324
 13:50:34.648,eb:33:2e:f9:57:b5, 2015-01-01 00:14:43.365,-1.516,12.856,9.104,-241.028,-334.717,122.925, , , , , , ,-178.088,29.301,-1.148
 13:50:34.648,eb:33:2e:f9:57:b5, 2015-01-01 00:14:43.365,-1.208,13.255,8.281,-150.391,-279.48,21.729, , , , , , ,-179.165,30.828,-1.461
 13:50:34.648,eb:33:2e:f9:57:b5, 2015-01-01 00:14:43.365,-0.98,13.874,7.104,-95.154,-198.425,-82.581, , , , , , ,-179.604,31.987,-1.208
 13:50:34.648,eb:33:2e:f9:57:b5, 2015-01-01 00:14:43.365,2.621,13.941,5.829,-64.819,-113.464,-190.674, , , , , , ,-179.78,32.816,-0.637
 13:50:34.648,eb:33:2e:f9:57:b5, 2015-01-01 00:14:43.365,2.199,2.856,6.998,944.824,399.231,-109.253, , , , , , ,-105.848,1.609,-6.817
 13:50:34.648,eb:33:2e:f9:57:b5, 2015-01-01 00:14:43.365,0.616,2.339,6.227,893.738,274.17,-118.53, , , , , , ,-101.272,0.604,-8.295
 13:50:34.648,eb:33:2e:f9:57:b5, 2015-01-01 00:14:43.365,0.838,2.674,1.667,730.286,129.333,-127.197, , , , , , ,-97.262,-0.165,-9.102
 13:50:34.648,eb:33:2e:f9:57:b5, 2015-01-01 00:14:43.365,0.038,2.177,-0.951,524.353,23.254,-94.971, , , , , , ,-94.252,-0.807,-9.745
 13:50:34.648,eb:33:2e:f9:57:b5, 2015-01-01 00:14:43.365,-0.509,-0.653,2.204,363.525,106.812,-12.695, , , , , , ,-92.164,-1.143,-10.025
 13:50:34.648,eb:33:2e:f9:57:b5, 2015-01-01 00:14:43.365,-1.928,-1.894,5.809,433.228,317.139,154.724, , , , , , ,-90.214,-0.67,-11.206
 13:50:34.649,eb:33:2e:f9:57:b5, 2015-01-01 00:14:43.365,-0.888,2.116,5.382,526.123,407.288,207.336, , , , , , ,-87.704,0.319,-13.074
 13:50:34.651,eb:33:2e:f9:57:b5, 2015-01-01 00:14:43.365,0.297,3.895,6.412,475.281,353.821,230.713, , , , , , ,-85.254,1.472,-15.282
 13:50:34.651,eb:33:2e:f9:57:b5, 2015-01-01 00:14:43.365,0.343,2.244,6.879,460.632,304.199,235.046, , , , , , ,-83.013,2.802,-16.771
 13:50:34.651,eb:33:2e:f9:57:b5, 2015-01-01 00:14:43.365,1.103,1.647,5.5,466.248,265.076,214.722, , , , , , ,-80.755,4.125,-17.996
 13:50:34.651,eb:33:2e:f9:57:b5, 2015-01-01 00:14:43.365,1.226,2.033,5.972,479.98,243.347,170.105, , , , , , ,-78.481,5.273,-19.067
 13:50:34.651,eb:33:2e:f9:57:b5, 2015-01-01 00:14:43.365,1.066,2.298,7.178,517.944,229.553,108.948, , , , , , ,-76.086,6.136,-20.479
 13:50:34.651,eb:33:2e:f9:57:b5, 2015-01-01 00:14:43.365,1.177,2.645,7.866,567.2,195.19,26.611, , , , , , ,-73.455,6.707,-21.418
 13:50:34.651,eb:33:2e:f9:57:b5, 2015-01-01 00:14:43.365,1.121,2.598,8.156,610.413,157.471,-64.575, , , , , , ,-70.587,6.839,-22.291
 13:50:34.651,eb:33:2e:f9:57:b5, 2015-01-01 00:14:43.365,0.971,1.964,7.973,631.042,132.08,-154.724, , , , , , ,-67.566,6.531,-23.17
 13:50:34.714,eb:33:2e:f9:57:b5, 2015-01-01 00:14:43.365,0.92,0.923,7.814,617.676,117.859,-244.812, , , , , , ,-64.534,5.806,-24.565
 13:50:34.714,eb:33:2e:f9:57:b5, 2015-01-01 00:14:43.365,0.893,0.127,7.891,585.266,122.07,-301.331, , , , , , ,-61.65,4.828,-25.735
 13:50:34.714,eb:33:2e:f9:57:b5, 2015-01-01 00:14:43.365,0.902,-0.505,7.956,543.701,138.367,-348.572, , , , , , ,-58.947,3.719,-27.125
 13:50:34.714,eb:33:2e:f9:57:b5, 2015-01-01 00:14:43.365,0.833,-1.056,7.868,498.901,160.217,-377.808, , , , , , ,-56.448,2.565,-28.751
 13:50:34.714,eb:33:2e:f9:57:b5, 2015-01-01 00:14:43.365,0.776,-1.556,7.675,457.275,179.871,-392.761, , , , , , ,-54.124,1.483,-30.959
 13:50:34.714,eb:33:2e:f9:57:b5, 2015-01-01 00:14:43.365,0.724,-2.052,7.358,420.471,196.655,-395.508, , , , , , ,-51.982,0.472,-32.91
 13:50:34.714,eb:33:2e:f9:57:b5, 2015-01-01 00:14:43.365,0.604,-2.502,6.976,389.16,207.947,-385.193, , , , , , ,-49.977,-0.396,-34.926
 13:50:34.714,eb:33:2e:f9:57:b5, 2015-01-01 00:14:43.365,0.486,-2.868,6.616,362.183,213.806,-364.258, , , , , , ,-48.087,-1.11,-36.958
 13:50:34.736,eb:33:2e:f9:57:b5, 2015-01-01 00:14:44.015,0.419,-3.178,6.338,339.539,215.271,-334.656, , , , , , ,-46.274,-1.609,-39.304
 13:50:34.736,eb:33:2e:f9:57:b5, 2015-01-01 00:14:44.015,0.38,-3.465,6.16,319.58,216.309,-299.316, , , , , , ,-44.577,-1.972,-41.177
 13:50:34.736,eb:33:2e:f9:57:b5, 2015-01-01 00:14:44.015,0.451,-3.754,5.949,298.95,220.52,-259.644, , , , , , ,-42.979,-2.137,-42.929
 13:50:34.736,eb:33:2e:f9:57:b5, 2015-01-01 00:14:44.015,0.539,-4.05,5.711,277.039,229.37,-215.088, , , , , , ,-41.484,-2.087,-44.55
 13:50:34.736,eb:33:2e:f9:57:b5, 2015-01-01 00:14:44.015,0.557,-4.312,5.441,252.502,239.258,-171.204, , , , , , ,-40.095,-1.741,-46.406
 13:50:34.736,eb:33:2e:f9:57:b5, 2015-01-01 00:14:44.015,0.564,-4.575,4.947,225.342,242.432,-127.441, , , , , , ,-38.881,-1.274,-47.736
 13:50:34.736,eb:33:2e:f9:57:b5, 2015-01-01 00:14:44.015,0.782,-4.799,4.407,194.092,241.943,-85.876, , , , , , ,-37.82,-0.643,-48.884
 13:50:34.736,eb:33:2e:f9:57:b5, 2015-01-01 00:14:44.015,0.965,-4.96,3.804,148.743,250.549,-45.837, , , , , , ,-36.974,0.143,-49.878
 13:50:34.759,eb:33:2e:f9:57:b5, 2015-01-01 00:14:44.015,1.303,-5.353,1.948,73.059,252.93,16.968, , , , , , ,-36.425,1.192,-51.026
 13:50:34.759,eb:33:2e:f9:57:b5, 2015-01-01 00:14:44.015,2.855,-6.117,-1.303,-54.138,251.343,101.868, , , , , , ,-36.431,2.401,-51.509
 13:50:34.759,eb:33:2e:f9:57:b5, 2015-01-01 00:14:44.015,4.321,-6.576,-4.302,-222.351,265.442,178.101, , , , , , ,-37.216,3.9,-51.68
 13:50:34.759,eb:33:2e:f9:57:b5, 2015-01-01 00:14:44.015,4.025,-6.474,-3.682,-354.37,217.285,162.476, , , , , , ,-38.749,5.405,-51.74
 13:50:34.759,eb:33:2e:f9:57:b5, 2015-01-01 00:14:44.015,4.07,-5.957,-2.959,-445.618,98.022,134.277, , , , , , ,-40.77,6.482,-52.02
 13:50:34.759,eb:33:2e:f9:57:b5, 2015-01-01 00:14:44.015,4.787,-5.022,-3.058,-524.78,-8.423,130.31, , , , , , ,-43.187,7.042,-51.619
 13:50:34.759,eb:33:2e:f9:57:b5, 2015-01-01 00:14:44.015,5.187,-4.516,-2.483,-594.238,-73.059,88.684, , , , , , ,-45.956,7.245,-51.059
 13:50:34.759,eb:33:2e:f9:57:b5, 2015-01-01 00:14:44.015,5.171,-4.441,-1.892,-648.499,-120.056,34.546, , , , , , ,-49.026,7.108,-50.488
 13:50:34.780,eb:33:2e:f9:57:b5, 2015-01-01 00:14:44.015,5.051,-4.443,-1.413,-686.829,-162.964,-15.625, , , , , , ,-52.295,6.68,-50.262
 13:50:34.780,eb:33:2e:f9:57:b5, 2015-01-01 00:14:44.015,4.848,-4.308,-0.79,-711.67,-207.397,-63.782, , , , , , ,-55.734,5.944,-49.62
 13:50:34.780,eb:33:2e:f9:57:b5, 2015-01-01 00:14:44.015,4.548,-4.007,-0.094,-727.356,-256.042,-116.089, , , , , , ,-59.271,4.911,-48.873
 13:50:34.780,eb:33:2e:f9:57:b5, 2015-01-01 00:14:44.015,3.999,-3.686,0.551,-738.403,-313.843,-167.419, , , , , , ,-62.875,3.565,-47.961
 13:50:34.780,eb:33:2e:f9:57:b5, 2015-01-01 00:14:44.015,3.343,-3.386,1.157,-754.639,-367.737,-216.003, , , , , , ,-66.533,1.917,-47.175
 13:50:34.780,eb:33:2e:f9:57:b5, 2015-01-01 00:14:44.015,2.854,-3.184,1.775,-779.419,-416.809,-248.169, , , , , , ,-70.356,0.082,-45.769
 13:50:34.780,eb:33:2e:f9:57:b5, 2015-01-01 00:14:44.015,2.509,-3.057,2.44,-813.11,-462.463,-269.409, , , , , , ,-74.377,-1.824,-44.039
 13:50:34.781,eb:33:2e:f9:57:b5, 2015-01-01 00:14:44.015,2.077,-3.027,3.159,-851.746,-498.047,-282.715, , , , , , ,-78.657,-3.746,-42.006
 13:50:35.164,eb:33:2e:f9:57:b5, 2015-01-01 00:14:44.015,1.848,-3.088,3.732,-890.808,-525.574,-289.917, , , , , , ,-83.21,-5.62,-40.045
 13:50:35.164,eb:33:2e:f9:57:b5, 2015-01-01 00:14:44.015,1.51,-3.174,4.178,-922.18,-549.438,-281.494, , , , , , ,-88.055,-7.251,-37.441
 13:50:35.164,eb:33:2e:f9:57:b5, 2015-01-01 00:14:44.015,1.107,-3.087,4.815,-940.613,-565.491,-265.381, , , , , , ,-93.12,-8.591,-34.618
 13:50:35.164,eb:33:2e:f9:57:b5, 2015-01-01 00:14:44.015,0.715,-2.971,6.01,-929.321,-598.755,-231.689, , , , , , ,-98.295,-9.52,-31.547
 13:50:35.164,eb:33:2e:f9:57:b5, 2015-01-01 00:14:44.015,0.291,-2.746,7.053,-893.311,-628.479,-206.238, , , , , , ,-103.42,-10.074,-28.608
 13:50:35.164,eb:33:2e:f9:57:b5, 2015-01-01 00:14:44.015,0.326,-2.367,7.506,-847.9,-623.657,-189.575, , , , , , ,-108.342,-10.162,-25.269
 13:50:35.164,eb:33:2e:f9:57:b5, 2015-01-01 00:14:44.015,0.21,-2.307,7.107,-800.171,-617.737,-159.79, , , , , , ,-113.005,-9.877,-22.017
 13:50:35.164,eb:33:2e:f9:57:b5, 2015-01-01 00:14:44.015,0.333,-2.362,6.386,-762.085,-607.178,-121.399, , , , , , ,-117.4,-9.201,-18.924
 13:50:35.185,eb:33:2e:f9:57:b5, 2015-01-01 00:14:44.015,0.377,-2.293,5.818,-736.572,-583.923,-77.942, , , , , , ,-121.63,-8.229,-16.392
 13:50:35.185,eb:33:2e:f9:57:b5, 2015-01-01 00:14:44.015,0.499,-2.123,5.42,-717.59,-556.763,-42.358, , , , , , ,-125.59,-6.899,-13.859
 13:50:35.185,eb:33:2e:f9:57:b5, 2015-01-01 00:14:44.015,0.605,-1.88,4.952,-704.102,-544.617,-16.113, , , , , , ,-129.38,-5.328,-11.591
 13:50:35.185,eb:33:2e:f9:57:b5, 2015-01-01 00:14:44.015,0.572,-1.607,4.396,-693.359,-550.598,2.319, , , , , , ,-133.028,-3.554,-9.514
 13:50:35.185,eb:33:2e:f9:57:b5, 2015-01-01 00:14:44.015,0.623,-1.189,3.919,-685.73,-573.792,15.564, , , , , , ,-136.675,-1.599,-7.894
 13:50:35.185,eb:33:2e:f9:57:b5, 2015-01-01 00:14:44.015,0.511,-0.989,3.772,-676.392,-620.483,41.809, , , , , , ,-140.087,0.764,-6.01
 13:50:35.185,eb:33:2e:f9:57:b5, 2015-01-01 00:14:44.015,0.37,-0.879,3.929,-670.227,-674.194,66.833, , , , , , ,-143.383,3.499,-4.208
 13:50:35.185,eb:33:2e:f9:57:b5, 2015-01-01 00:14:44.015,0.19,-0.752,4.403,-665.039,-721.619,94.788, , , , , , ,-146.574,6.625,-2.521
 13:50:35.208,eb:33:2e:f9:57:b5, 2015-01-01 00:14:44.015,0.236,-0.501,5.083,-659.851,-751.892,125.305, , , , , , ,-149.886,9.954,-1.39
 13:50:35.208,eb:33:2e:f9:57:b5, 2015-01-01 00:14:44.015,0.124,-0.147,5.813,-652.466,-773.743,168.03, , , , , , ,-152.919,13.7,-0.192
 13:50:35.209,eb:33:2e:f9:57:b5, 2015-01-01 00:14:44.015,0.014,0.399,6.667,-644.592,-765.259,208.679, , , , , , ,-155.94,17.573,0.632
 13:50:35.209,eb:33:2e:f9:57:b5, 2015-01-01 00:14:44.015,0.139,1.167,7.712,-634.888,-727.844,247.375, , , , , , ,-159.011,21.467,1.005
 13:50:35.209,eb:33:2e:f9:57:b5, 2015-01-01 00:14:44.015,0,2.09,8.749,-620.422,-674.561,290.344, , , , , , ,-162.614,25.137,0.445
 13:50:35.209,eb:33:2e:f9:57:b5, 2015-01-01 00:14:44.015,-0.014,3.311,9.935,-603.76,-591.736,314.148, , , , , , ,-165.987,28.564,-0.253
 13:50:35.209,eb:33:2e:f9:57:b5, 2015-01-01 00:14:44.015,-0.046,4.68,10.654,-579.407,-500.854,319.763, , , , , , ,-169.508,31.542,-1.395
 13:50:35.210,eb:33:2e:f9:57:b5, 2015-01-01 00:14:44.015,-0.041,6.06,10.661,-545.044,-411.743,307.068, , , , , , ,-173.084,33.975,-2.829
 13:50:35.212,eb:33:2e:f9:57:b5, 2015-01-01 00:14:44.015,0.117,7.384,10.156,-500.183,-345.825,276.062, , , , , , ,-176.94,36.14,-4.675
 13:50:35.212,eb:33:2e:f9:57:b5, 2015-01-01 00:14:44.015,-0.021,8.644,9.538,-429.688,-317.078,234.68, , , , , , ,179.841,37.804,-6.202
 13:50:35.212,eb:33:2e:f9:57:b5, 2015-01-01 00:14:44.015,-0.467,10.046,8.908,-340.515,-330.322,179.504, , , , , , ,177.111,39.386,-7.548
 13:50:35.212,eb:33:2e:f9:57:b5, 2015-01-01 00:14:44.015,-0.868,11.224,8.017,-234.741,-368.042,106.995, , , , , , ,175.04,41.094,-8.602
 13:50:35.212,eb:33:2e:f9:57:b5, 2015-01-01 00:14:44.015,-1.062,11.83,7.196,-131.409,-392.334,25.757, , , , , , ,173.732,43.028,-9.278
 13:50:35.212,eb:33:2e:f9:57:b5, 2015-01-01 00:14:44.015,-1.215,12.035,6.812,-51.636,-371.277,-54.26, , , , , , ,173.227,44.945,-9.426
 13:50:35.212,eb:33:2e:f9:57:b5, 2015-01-01 00:14:44.015,-1.339,12.083,6.538,-4.028,-303.467,-136.414, , , , , , ,173.458,46.67,-8.965
 13:50:35.212,eb:33:2e:f9:57:b5, 2015-01-01 00:14:44.015,-1.431,11.53,6.076,17.639,-202.454,-212.219, , , , , , ,174.359,47.983,-7.811
 13:50:35.212,eb:33:2e:f9:57:b5, 2015-01-01 00:14:44.015,-1.465,10.405,5.395,23.499,-94.116,-270.813, , , , , , ,175.798,48.735,-6.021
 13:50:35.212,eb:33:2e:f9:57:b5, 2015-01-01 00:14:44.015,-1.821,9.131,5.078,30.518,3.967,-306.091, , , , , , ,177.605,48.983,-3.801
 13:50:35.212,eb:33:2e:f9:57:b5, 2015-01-01 00:14:44.015,-2.212,7.844,4.881,60.669,60.791,-321.411, , , , , , ,179.654,48.807,-1.39
 13:50:35.212,eb:33:2e:f9:57:b5, 2015-01-01 00:14:44.015,-3.026,6.274,4.374,111.023,82.275,-325.439, , , , , , ,-178.039,48.4,1.071
 13:50:35.213,eb:33:2e:f9:57:b5, 2015-01-01 00:14:44.015,-4.796,4.88,5.901,454.285,439.575,-393.433, , , , , , ,-176.122,47.747,2.631
 13:50:35.213,eb:33:2e:f9:57:b5, 2015-01-01 00:14:44.015,-1.274,-0.2,9.792,1011.414,304.932,-450.745, , , , , , ,-170.2,45.242,5.306
 13:50:35.213,eb:33:2e:f9:57:b5, 2015-01-01 00:14:44.015,10.95,1.564,3.287,1055.176,264.648,-1131.348, , , , , , ,-161.202,41.94,10.311
 13:50:35.213,eb:33:2e:f9:57:b5, 2015-01-01 00:14:44.015,7.799,9.242,10.349,640.259,1158.752,-590.271, , , , , , ,-154.94,37.82,13.552
 13:50:35.213,eb:33:2e:f9:57:b5, 2015-01-01 00:14:44.015,-0.157,1.311,6.336,342.407,1289.856,-295.105, , , , , , ,-153.666,30.355,12.019
 13:50:35.213,eb:33:2e:f9:57:b5, 2015-01-01 00:14:44.015,-0.218,2.361,6.375,790.527,489.502,-28.259, , , , , , ,-111.248,13.398,-12.431
 13:50:35.213,eb:33:2e:f9:57:b5, 2015-01-01 00:14:44.015,0.719,2.784,1.613,606.934,394.714,-40.222, , , , , , ,-108.243,12.475,-14.469
 13:50:35.213,eb:33:2e:f9:57:b5, 2015-01-01 00:14:44.015,2.031,4.355,-1.67,411.438,306.641,4.15, , , , , , ,-106.155,11.964,-16.078
 13:50:35.213,eb:33:2e:f9:57:b5, 2015-01-01 00:14:44.015,0.845,1.928,1.175,332.642,288.94,64.819, , , , , , ,-104.782,11.585,-17.957
 13:50:35.213,eb:33:2e:f9:57:b5, 2015-01-01 00:14:44.015,-1.064,2.854,5.338,454.163,336.121,100.83, , , , , , ,-103.162,11.618,-19.671
 13:50:35.213,eb:33:2e:f9:57:b5, 2015-01-01 00:14:44.015,-0.305,5.314,6.273,570.679,285.95,79.59, , , , , , ,-100.833,11.722,-21.357
 13:50:35.213,eb:33:2e:f9:57:b5, 2015-01-01 00:14:44.015,0.383,5.111,6.482,564.88,190.002,49.622, , , , , , ,-98.207,11.832,-22.538
 13:50:35.231,eb:33:2e:f9:57:b5, 2015-01-01 00:14:44.015,0.342,2.174,6.267,542.725,132.324,55.725, , , , , , ,-95.63,11.86,-23.736
 13:50:35.231,eb:33:2e:f9:57:b5, 2015-01-01 00:14:44.015,0.353,1.5,5.429,515.137,118.164,65.308, , , , , , ,-93.137,12.123,-24.368
 13:50:35.231,eb:33:2e:f9:57:b5, 2015-01-01 00:14:44.015,0.385,1.499,6.822,508.789,142.029,61.34, , , , , , ,-90.731,12.426,-25.054
 13:50:35.231,eb:33:2e:f9:57:b5, 2015-01-01 00:14:44.015,0.444,1.864,8.762,533.691,161.926,30.762, , , , , , ,-88.303,12.656,-25.851
 13:50:35.231,eb:33:2e:f9:57:b5, 2015-01-01 00:14:44.015,0.726,1.946,9.892,580.994,165.588,-17.151, , , , , , ,-85.677,12.623,-27.081
 13:50:35.231,eb:33:2e:f9:57:b5, 2015-01-01 00:14:44.015,0.948,1.63,9.849,623.718,168.64,-72.51, , , , , , ,-82.826,12.458,-27.955
 13:50:35.231,eb:33:2e:f9:57:b5, 2015-01-01 00:14:44.015,0.999,1.082,9.371,643.677,176.697,-124.451, , , , , , ,-79.843,12.074,-28.916
 13:50:35.231,eb:33:2e:f9:57:b5, 2015-01-01 00:14:44.015,1.093,0.566,9.137,641.052,184.937,-173.34, , , , , , ,-76.844,11.503,-29.982
 13:50:35.345,eb:33:2e:f9:57:b5, 2015-01-01 00:14:44.015,1.251,0.132,9.169,625.061,193.848,-218.689, , , , , , ,-73.894,10.717,-31.558
 13:50:35.345,eb:33:2e:f9:57:b5, 2015-01-01 00:14:44.015,1.399,-0.314,9.155,600.83,205.261,-258.179, , , , , , ,-71.076,9.86,-32.904
 13:50:35.345,eb:33:2e:f9:57:b5, 2015-01-01 00:14:44.015,1.465,-0.871,8.932,570.618,218.567,-287.109, , , , , , ,-68.406,8.932,-34.404
 13:50:35.345,eb:33:2e:f9:57:b5, 2015-01-01 00:14:44.015,1.438,-1.438,8.542,538.269,228.027,-301.453, , , , , , ,-65.891,7.998,-36.035
 13:50:35.345,eb:33:2e:f9:57:b5, 2015-01-01 00:14:44.015,1.313,-1.915,8.158,507.202,232.788,-304.565, , , , , , ,-63.484,7.114,-38.117
 13:50:35.345,eb:33:2e:f9:57:b5, 2015-01-01 00:14:44.015,1.195,-2.316,7.855,481.628,232.666,-300.415, , , , , , ,-61.232,6.317,-39.858
 13:50:35.345,eb:33:2e:f9:57:b5, 2015-01-01 00:14:44.015,1.024,-2.681,7.646,462.158,225.708,-287.476, , , , , , ,-59.062,5.614,-41.594
 13:50:35.345,eb:33:2e:f9:57:b5, 2015-01-01 00:14:44.015,0.91,-3.008,7.501,446.289,216.064,-267.151, , , , , , ,-56.959,5.026,-43.27
 13:50:35.347,eb:33:2e:f9:57:b5, 2015-01-01 00:14:44.015,0.894,-3.334,7.382,431.946,208.618,-239.563, , , , , , ,-54.866,4.609,-45.214
 13:50:35.347,eb:33:2e:f9:57:b5, 2015-01-01 00:14:44.015,0.942,-3.663,7.318,417.419,206.726,-207.214, , , , , , ,-52.861,4.323,-46.708
 13:50:35.347,eb:33:2e:f9:57:b5, 2015-01-01 00:14:44.015,1.077,-4.019,7.176,401.123,214.661,-173.523, , , , , , ,-50.927,4.241,-48.12
 13:50:35.347,eb:33:2e:f9:57:b5, 2015-01-01 00:14:44.015,1.309,-4.35,6.832,382.385,229.98,-139.221, , , , , , ,-49.076,4.373,-49.466
 13:50:35.347,eb:33:2e:f9:57:b5, 2015-01-01 00:14:44.015,1.551,-4.592,6.446,361.145,251.77,-106.079, , , , , , ,-47.296,4.79,-51.136
 13:50:35.347,eb:33:2e:f9:57:b5, 2015-01-01 00:14:44.015,1.763,-4.747,5.993,338.44,273.01,-74.768, , , , , , ,-45.67,5.389,-52.399
 13:50:35.347,eb:33:2e:f9:57:b5, 2015-01-01 00:14:44.015,1.855,-4.855,5.374,315.979,284.729,-43.152, , , , , , ,-44.165,6.185,-53.591
 13:50:35.347,eb:33:2e:f9:57:b5, 2015-01-01 00:14:44.015,1.832,-4.942,4.687,292.297,283.691,-17.578, , , , , , ,-42.781,7.125,-54.679
 13:50:35.347,eb:33:2e:f9:57:b5, 2015-01-01 00:14:44.015,1.914,-5.047,3.843,265.32,264.282,5.615, , , , , , ,-41.484,8.201,-55.97
 13:50:35.348,eb:33:2e:f9:57:b5, 2015-01-01 00:14:44.015,2.382,-5.171,2.988,224.67,229.858,24.597, , , , , , ,-40.386,9.19,-56.717
 13:50:35.348,eb:33:2e:f9:57:b5, 2015-01-01 00:14:44.015,3.389,-5.595,0.135,146.667,199.463,67.139, , , , , , ,-39.556,10.151,-57.211
 13:50:35.348,eb:33:2e:f9:57:b5, 2015-01-01 00:14:44.015,4.82,-6.67,-4.155,-0.732,177.429,100.342, , , , , , ,-39.276,11.118,-57.442
 13:50:35.348,eb:33:2e:f9:57:b5, 2015-01-01 00:14:44.015,4.238,-7.624,-6.959,-178.04,148.987,110.962, , , , , , ,-39.809,12.195,-57.892
 13:50:35.348,eb:33:2e:f9:57:b5, 2015-01-01 00:14:44.015,3.975,-7.751,-4.785,-319.885,-21.423,86.426, , , , , , ,-41.1,12.717,-57.7
 13:50:35.348,eb:33:2e:f9:57:b5, 2015-01-01 00:14:44.015,4.538,-7.332,-3.531,-412.781,-139.954,84.534, , , , , , ,-42.83,12.634,-57.041
 13:50:35.348,eb:33:2e:f9:57:b5, 2015-01-01 00:14:44.015,4.66,-7.47,-2.805,-508.606,-186.707,66.162, , , , , , ,-44.995,12.272,-56.151
 13:50:35.389,eb:33:2e:f9:57:b5, 2015-01-01 00:14:44.015,4.349,-7.682,-2.123,-594.666,-210.022,43.64, , , , , , ,-47.565,11.81,-55.58
 13:50:35.389,eb:33:2e:f9:57:b5, 2015-01-01 00:14:44.015,4.218,-7.532,-1.384,-662.659,-233.398,26.245, , , , , , ,-50.554,11.206,-54.602
 13:50:35.389,eb:33:2e:f9:57:b5, 2015-01-01 00:14:44.015,4.125,-6.949,-0.562,-716.736,-254.822,3.113, , , , , , ,-53.839,10.503,-53.569
 13:50:35.389,eb:33:2e:f9:57:b5, 2015-01-01 00:14:44.015,3.81,-6.132,0.241,-761.963,-282.41,-31.25, , , , , , ,-57.371,9.668,-52.487
 13:50:35.389,eb:33:2e:f9:57:b5, 2015-01-01 00:14:44.015,3.331,-5.271,0.958,-801.392,-320.862,-72.327, , , , , , ,-61.068,8.652,-51.663
 13:50:35.389,eb:33:2e:f9:57:b5, 2015-01-01 00:14:44.015,2.879,-4.567,1.688,-843.384,-364.807,-109.497, , , , , , ,-65.012,7.443,-50.323
 13:50:35.389,eb:33:2e:f9:57:b5, 2015-01-01 00:14:44.015,2.571,-4.064,2.527,-886.475,-402.954,-143.494, , , , , , ,-69.175,6.086,-48.774
 13:50:35.389,eb:33:2e:f9:57:b5, 2015-01-01 00:14:44.015,2.35,-3.77,3.393,-931.335,-435.181,-168.64, , , , , , ,-73.581,4.647,-47.027
 13:50:35.637,eb:33:2e:f9:57:b5, 2015-01-01 00:14:44.750,2.263,-3.57,4.252,-977.051,-452.698,-193.726, , , , , , ,-78.201,3.181,-45.434
 13:50:35.637,eb:33:2e:f9:57:b5, 2015-01-01 00:14:44.750,2.129,-3.476,4.985,-1016.602,-467.102,-210.693, , , , , , ,-83.117,1.791,-43.325
 13:50:35.637,eb:33:2e:f9:57:b5, 2015-01-01 00:14:44.750,1.792,-3.255,5.878,-1045.898,-480.652,-222.29, , , , , , ,-88.253,0.527,-41.034
 13:50:35.637,eb:33:2e:f9:57:b5, 2015-01-01 00:14:44.750,1.112,-2.867,7.051,-1051.147,-503.235,-225.586, , , , , , ,-93.51,-0.56,-38.562
 13:50:35.637,eb:33:2e:f9:57:b5, 2015-01-01 00:14:44.750,0.64,-2.489,8.291,-1026.123,-532.043,-227.661, , , , , , ,-98.74,-1.489,-36.194
 13:50:35.637,eb:33:2e:f9:57:b5, 2015-01-01 00:14:44.750,0.359,-1.986,9.074,-982.849,-540.222,-223.694, , , , , , ,-103.837,-2.065,-33.333
 13:50:35.637,eb:33:2e:f9:57:b5, 2015-01-01 00:14:44.750,0.39,-1.602,9.337,-932.068,-513.977,-219.177, , , , , , ,-108.71,-2.39,-30.487
 13:50:35.637,eb:33:2e:f9:57:b5, 2015-01-01 00:14:44.750,0.678,-1.583,8.878,-882.935,-471.619,-214.478, , , , , , ,-113.335,-2.527,-27.817
 13:50:35.637,eb:33:2e:f9:57:b5, 2015-01-01 00:14:44.750,0.877,-1.661,7.691,-844.36,-443.848,-202.148, , , , , , ,-117.784,-2.587,-25.631
 13:50:35.637,eb:33:2e:f9:57:b5, 2015-01-01 00:14:44.750,0.861,-1.473,6.592,-812.561,-430.298,-187.683, , , , , , ,-122.014,-2.351,-23.269
 13:50:35.637,eb:33:2e:f9:57:b5, 2015-01-01 00:14:44.750,0.869,-1.381,5.769,-781.677,-450.012,-168.701, , , , , , ,-126.068,-1.851,-20.951
 13:50:35.637,eb:33:2e:f9:57:b5, 2015-01-01 00:14:44.750,1.022,-1.37,5.359,-757.629,-481.14,-156.067, , , , , , ,-129.963,-1.044,-18.611
 13:50:35.637,eb:33:2e:f9:57:b5, 2015-01-01 00:14:44.750,1.153,-1.442,5.04,-738.525,-529.236,-140.991, , , , , , ,-133.819,-0.022,-16.529
 13:50:35.637,eb:33:2e:f9:57:b5, 2015-01-01 00:14:44.750,1.283,-1.653,4.5,-723.938,-602.173,-114.197, , , , , , ,-137.428,1.582,-14.079
 13:50:35.637,eb:33:2e:f9:57:b5, 2015-01-01 00:14:44.750,1.177,-1.859,4.338,-717.407,-674.805,-78.125, , , , , , ,-140.916,3.713,-11.618
 13:50:35.637,eb:33:2e:f9:57:b5, 2015-01-01 00:14:44.750,1.072,-2.112,4.76,-710.449,-749.39,-27.466, , , , , , ,-144.278,6.422,-9.229
 13:50:35.640,eb:33:2e:f9:57:b5, 2015-01-01 00:14:44.750,1.002,-2.266,5.79,-702.881,-811.157,38.33, , , , , , ,-147.673,9.608,-7.355
 13:50:35.641,eb:33:2e:f9:57:b5, 2015-01-01 00:14:44.750,0.897,-2.229,7.141,-694.214,-842.285,113.831, , , , , , ,-150.804,13.398,-5.548
 13:50:35.641,eb:33:2e:f9:57:b5, 2015-01-01 00:14:44.750,0.85,-1.885,8.319,-683.838,-841.125,191.04, , , , , , ,-153.907,17.501,-4.257
 13:50:35.641,eb:33:2e:f9:57:b5, 2015-01-01 00:14:44.750,0.894,-1.272,9.286,-671.57,-803.223,257.08, , , , , , ,-157.061,21.714,-3.571
 13:50:35.641,eb:33:2e:f9:57:b5, 2015-01-01 00:14:44.750,0.969,-0.375,10.016,-653.442,-753.357,319.763, , , , , , ,-160.829,25.686,-3.939
 13:50:35.641,eb:33:2e:f9:57:b5, 2015-01-01 00:14:44.750,1.026,0.805,10.459,-631.409,-704.651,373.901, , , , , , ,-164.355,29.663,-4.62
 13:50:35.641,eb:33:2e:f9:57:b5, 2015-01-01 00:14:44.750,1.033,2.243,10.905,-606.873,-661.072,412.231, , , , , , ,-168.135,33.431,-5.938
 13:50:35.641,eb:33:2e:f9:57:b5, 2015-01-01 00:14:44.750,0.96,3.816,11.357,-578.735,-618.286,433.167, , , , , , ,-172.183,36.925,-7.844
 13:50:35.681,eb:33:2e:f9:57:b5, 2015-01-01 00:14:44.750,0.647,5.907,11.812,-537.537,-559.509,432.007, , , , , , ,-176.567,40.188,-10.316
 13:50:35.681,eb:33:2e:f9:57:b5, 2015-01-01 00:14:44.750,-0.002,7.753,11.745,-489.624,-519.104,410.767, , , , , , ,179.066,42.902,-13.046
 13:50:35.681,eb:33:2e:f9:57:b5, 2015-01-01 00:14:44.750,-0.983,9.58,11.171,-417.542,-508.728,375.061, , , , , , ,174.787,45.346,-15.958
 13:50:35.681,eb:33:2e:f9:57:b5, 2015-01-01 00:14:44.750,-1.709,10.955,10.442,-311.34,-522.705,322.205, , , , , , ,170.859,47.697,-18.913
 13:50:35.681,eb:33:2e:f9:57:b5, 2015-01-01 00:14:44.750,-1.85,11.683,9.935,-198.181,-503.235,248.108, , , , , , ,167.454,49.839,-21.687
 13:50:35.681,eb:33:2e:f9:57:b5, 2015-01-01 00:14:44.750,-1.437,12.35,9.29,-113.464,-413.574,153.503, , , , , , ,164.916,51.823,-24.027
 13:50:35.681,eb:33:2e:f9:57:b5, 2015-01-01 00:14:44.750,-0.941,13.119,8.059,-74.646,-273.254,49.377, , , , , , ,163.317,53.295,-25.499
 13:50:35.681,eb:33:2e:f9:57:b5, 2015-01-01 00:14:44.750,-0.524,13.235,6.27,-69.763,-126.404,-63.599, , , , , , ,162.724,54.201,-25.801
 13:50:35.685,eb:33:2e:f9:57:b5, 2015-01-01 00:14:44.750,-0.712,12.435,4.429,-78.247,-19.47,-157.654, , , , , , ,162.949,54.52,-24.884
 13:50:35.685,eb:33:2e:f9:57:b5, 2015-01-01 00:14:44.750,-3.132,11.299,3.716,22.949,85.999,-242.31, , , , , , ,164.097,54.668,-23.143
 13:50:35.685,eb:33:2e:f9:57:b5, 2015-01-01 00:14:44.750,-4.228,10.744,13.151,416.321,170.349,-406.494, , , , , , ,168.382,53.998,-19.688
 13:50:35.685,eb:33:2e:f9:57:b5, 2015-01-01 00:14:44.750,-2.33,11.669,0.232,748.169,340.881,-772.339, , , , , , ,175.089,54.13,-15.057
 13:50:35.685,eb:33:2e:f9:57:b5, 2015-01-01 00:14:44.750,-0.3,6.11,6.074,1067.322,295.715,-797.18, , , , , , ,-175.435,52.278,-8.74
 13:50:35.685,eb:33:2e:f9:57:b5, 2015-01-01 00:14:44.750,6.416,12.434,11.897,852.844,1427.124,-1008.118, , , , , , ,-166.08,46.5,-2.972
 13:50:35.685,eb:33:2e:f9:57:b5, 2015-01-01 00:14:44.750,8.599,9.716,9.282,561.34,1643.982,-966.37, , , , , , ,-160.466,37.403,0.291
 13:50:35.685,eb:33:2e:f9:57:b5, 2015-01-01 00:14:44.750,-1.055,-2.606,9.381,346.069,1159.18,-404.236, , , , , , ,-157.819,29.691,1.143
 13:50:35.687,eb:33:2e:f9:57:b5, 2015-01-01 00:14:44.750,-1.63,-1.331,1.764,286.133,724.426,233.887, , , , , , ,-157.648,25.686,-1.274
 13:50:35.687,eb:33:2e:f9:57:b5, 2015-01-01 00:14:44.750,-0.702,0.107,-0.557,89.05,105.835,58.044, , , , , , ,-155.358,16.315,-10.388
 13:50:35.687,eb:33:2e:f9:57:b5, 2015-01-01 00:14:44.750,-0.757,-0.078,1.028,92.346,95.825,28.503, , , , , , ,-155.023,15.947,-10.805
 13:50:35.687,eb:33:2e:f9:57:b5, 2015-01-01 00:14:44.750,-0.525,-0.024,0.695,94.299,63.171,23.193, , , , , , ,-154.627,15.656,-11.074
 13:50:35.687,eb:33:2e:f9:57:b5, 2015-01-01 00:14:44.750,0.308,-0.292,1.431,100.891,53.772,38.513, , , , , , ,-154.457,15.419,-11.613
 13:50:35.688,eb:33:2e:f9:57:b5, 2015-01-01 00:14:44.750,0.662,0.23,1.517,109.009,55.115,26.855, , , , , , ,-154.001,15.249,-11.882
 13:50:35.688,eb:33:2e:f9:57:b5, 2015-01-01 00:14:44.750,-0.167,0.392,2.028,116.15,83.74,14.465, , , , , , ,-153.501,14.969,-12.129
 13:50:35.688,eb:33:2e:f9:57:b5, 2015-01-01 00:14:44.750,-0.539,0.008,1.994,123.779,100.769,11.414, , , , , , ,-152.968,14.562,-12.415
 13:50:35.793,eb:33:2e:f9:57:b5, 2015-01-01 00:14:44.750,-1.316,0.012,0.789,126.465,63.599,16.479, , , , , , ,-152.644,14.161,-12.931
 13:50:35.793,eb:33:2e:f9:57:b5, 2015-01-01 00:14:44.750,-1.428,-0.322,0.592,125.732,24.475,28.931, , , , , , ,-152.056,14.035,-13.123
 13:50:35.793,eb:33:2e:f9:57:b5, 2015-01-01 00:14:44.750,-0.495,-0.553,1.124,133.85,-12.329,56.335, , , , , , ,-151.463,14.134,-13.343
 13:50:35.793,eb:33:2e:f9:57:b5, 2015-01-01 00:14:44.750,0.261,0.076,2.041,158.264,-41.138,51.88, , , , , , ,-150.765,14.403,-13.519
 13:50:35.793,eb:33:2e:f9:57:b5, 2015-01-01 00:14:44.750,0.607,0.246,2.584,176.453,-33.142,29.236, , , , , , ,-150.167,14.573,-13.859
 13:50:35.793,eb:33:2e:f9:57:b5, 2015-01-01 00:14:44.750,0.197,0.06,2.985,195.862,-13.977,21.912, , , , , , ,-149.249,14.722,-13.914
 13:50:35.793,eb:33:2e:f9:57:b5, 2015-01-01 00:14:44.750,-0.684,-0.112,3.549,240.784,-21.118,11.719, , , , , , ,-148.151,14.815,-13.936
 13:50:35.793,eb:33:2e:f9:57:b5, 2015-01-01 00:14:44.750,-0.798,-0.6,3.884,296.204,-31.738,13.367, , , , , , ,-146.772,14.969,-13.909
 13:50:35.796,eb:33:2e:f9:57:b5, 2015-01-01 00:14:44.750,-0.217,-1.01,4.246,350.647,-33.875,25.208, , , , , , ,-145.355,15.046,-14.183
 13:50:35.796,eb:33:2e:f9:57:b5, 2015-01-01 00:14:44.750,0.318,-1.017,4.828,411.011,-29.907,21.118, , , , , , ,-143.427,15.238,-14.194
 13:50:35.796,eb:33:2e:f9:57:b5, 2015-01-01 00:14:44.750,0.4,-1.053,5.34,477.295,-20.63,6.775, , , , , , ,-141.163,15.381,-14.167
 13:50:35.796,eb:33:2e:f9:57:b5, 2015-01-01 00:14:44.750,0.646,-1.49,5.641,549.255,-6.287,-11.902, , , , , , ,-138.549,15.414,-14.101
 13:50:35.796,eb:33:2e:f9:57:b5, 2015-01-01 00:14:44.750,1.669,-1.77,6.338,625.061,40.649,-32.104, , , , , , ,-135.758,15.123,-14.387
 13:50:35.796,eb:33:2e:f9:57:b5, 2015-01-01 00:14:44.750,2.415,-2.172,7.535,696.35,120.117,-36.56, , , , , , ,-132.468,14.694,-14.584
 13:50:35.796,eb:33:2e:f9:57:b5, 2015-01-01 00:14:44.750,1.964,-1.951,8.6,762.085,207.336,-35.217, , , , , , ,-128.919,14.008,-15.139
 13:50:35.796,eb:33:2e:f9:57:b5, 2015-01-01 00:14:44.750,1.155,-0.908,8.993,807.495,313.354,-38.513, , , , , , ,-125.184,13.041,-16.133
 13:50:35.797,eb:33:2e:f9:57:b5, 2015-01-01 00:14:44.750,0.786,-0.237,8.098,801.27,352.661,-46.265, , , , , , ,-121.547,11.755,-17.825
 13:50:35.797,eb:33:2e:f9:57:b5, 2015-01-01 00:14:44.750,0.764,2.538,6.336,759.216,305.847,-60.669, , , , , , ,-117.9,10.745,-19.138
 13:50:35.797,eb:33:2e:f9:57:b5, 2015-01-01 00:14:44.750,-0.085,3.531,4.885,637.39,287.048,-86.487, , , , , , ,-114.653,9.728,-20.297
 13:50:35.797,eb:33:2e:f9:57:b5, 2015-01-01 00:14:44.750,0.969,2.717,1.787,483.704,216.736,-69.763, , , , , , ,-112.072,8.893,-21.286
 13:50:35.797,eb:33:2e:f9:57:b5, 2015-01-01 00:14:44.750,0.906,2.04,0.313,338.379,166.87,-13.123, , , , , , ,-110.275,8.245,-22.429
 13:50:35.797,eb:33:2e:f9:57:b5, 2015-01-01 00:14:44.750,0.25,1.532,1.598,291.931,187.073,53.04, , , , , , ,-108.913,8.047,-23.302
 13:50:35.797,eb:33:2e:f9:57:b5, 2015-01-01 00:14:44.750,-0.519,2.481,4.65,390.503,215.393,85.51, , , , , , ,-107.336,8.124,-24.412
 13:50:35.797,eb:33:2e:f9:57:b5, 2015-01-01 00:14:44.750,-0.184,3.515,6.028,467.102,195.801,96.558, , , , , , ,-105.282,8.267,-25.549
 13:50:35.839,eb:33:2e:f9:57:b5, 2015-01-01 00:14:44.750,0.647,3.769,6.152,468.262,171.021,83.13, , , , , , ,-103.101,8.355,-26.895
 13:50:35.839,eb:33:2e:f9:57:b5, 2015-01-01 00:14:44.750,0.818,1.764,6.136,473.572,147.583,89.417, , , , , , ,-100.876,8.608,-27.762
 13:50:35.839,eb:33:2e:f9:57:b5, 2015-01-01 00:14:44.750,0.962,1.107,5.163,476.074,141.724,84.839, , , , , , ,-98.619,8.915,-28.553
 13:50:35.839,eb:33:2e:f9:57:b5, 2015-01-01 00:14:44.750,1.062,1.045,5.209,479.126,138.55,72.876, , , , , , ,-96.35,9.218,-29.306
 13:50:35.839,eb:33:2e:f9:57:b5, 2015-01-01 00:14:44.750,1.114,1.167,6.149,492.859,131.409,41.992, , , , , , ,-94.037,9.316,-30.383
 13:50:35.839,eb:33:2e:f9:57:b5, 2015-01-01 00:14:44.750,1.201,1.218,6.896,517.883,119.69,-4.333, , , , , , ,-91.604,9.36,-31.014
 13:50:35.839,eb:33:2e:f9:57:b5, 2015-01-01 00:14:44.750,1.286,1.012,7.102,541.626,114.136,-57.739, , , , , , ,-89.033,9.179,-31.602
 13:50:35.839,eb:33:2e:f9:57:b5, 2015-01-01 00:14:44.750,1.333,0.606,6.957,550.964,119.934,-108.765, , , , , , ,-86.385,8.756,-32.212
 13:50:35.930,eb:33:2e:f9:57:b5, 2015-01-01 00:14:45.195,1.368,0.152,6.842,541.992,134.277,-155.09, , , , , , ,-83.732,8.053,-33.289
 13:50:35.930,eb:33:2e:f9:57:b5, 2015-01-01 00:14:45.195,1.428,-0.266,6.799,520.081,153.809,-196.289, , , , , , ,-81.194,7.256,-34.135
 13:50:35.930,eb:33:2e:f9:57:b5, 2015-01-01 00:14:45.195,1.519,-0.633,6.735,490.54,177.063,-231.567, , , , , , ,-78.799,6.328,-35.156
 13:50:35.930,eb:33:2e:f9:57:b5, 2015-01-01 00:14:45.195,1.585,-0.979,6.614,456.177,202.515,-259.583, , , , , , ,-76.575,5.317,-36.37
 13:50:35.930,eb:33:2e:f9:57:b5, 2015-01-01 00:14:45.195,1.591,-1.322,6.37,420.837,224.365,-279.541, , , , , , ,-74.471,4.235,-38.128
 13:50:35.930,eb:33:2e:f9:57:b5, 2015-01-01 00:14:45.195,1.579,-1.658,6.109,389.526,238.403,-291.809, , , , , , ,-72.565,3.186,-39.661
 13:50:35.930,eb:33:2e:f9:57:b5, 2015-01-01 00:14:45.195,1.521,-1.951,5.873,363.831,245.789,-297.607, , , , , , ,-70.768,2.164,-41.281
 13:50:35.930,eb:33:2e:f9:57:b5, 2015-01-01 00:14:45.195,1.399,-2.213,5.591,340.576,247.803,-298.035, , , , , , ,-69.071,1.187,-42.962
 13:50:35.930,eb:33:2e:f9:57:b5, 2015-01-01 00:14:45.195,1.243,-2.425,5.309,328.552,238.098,-289.978, , , , , , ,-67.379,0.275,-45
 13:50:35.930,eb:33:2e:f9:57:b5, 2015-01-01 00:14:45.195,1.019,-2.622,5.045,321.167,221.375,-275.696, , , , , , ,-65.753,-0.56,-46.609
 13:50:35.930,eb:33:2e:f9:57:b5, 2015-01-01 00:14:45.195,0.818,-2.838,4.881,318.97,198.608,-253.845, , , , , , ,-64.133,-1.313,-48.109
 13:50:35.930,eb:33:2e:f9:57:b5, 2015-01-01 00:14:45.195,0.692,-3.086,4.928,321.167,176.88,-226.318, , , , , , ,-62.496,-1.961,-49.471
 13:50:35.930,eb:33:2e:f9:57:b5, 2015-01-01 00:14:45.195,0.626,-3.381,5.107,324.646,163.147,-194.458, , , , , , ,-60.776,-2.444,-51.064
 13:50:35.930,eb:33:2e:f9:57:b5, 2015-01-01 00:14:45.195,0.647,-3.68,5.214,325.928,163.635,-160.706, , , , , , ,-59.095,-2.791,-52.207
 13:50:35.930,eb:33:2e:f9:57:b5, 2015-01-01 00:14:45.195,0.733,-4.007,5.188,323.425,176.575,-123.047, , , , , , ,-57.415,-2.933,-53.295
 13:50:35.931,eb:33:2e:f9:57:b5, 2015-01-01 00:14:45.195,0.841,-4.277,5.039,315.857,199.463,-84.106, , , , , , ,-55.761,-2.829,-54.366
 13:50:35.951,eb:33:2e:f9:57:b5, 2015-01-01 00:14:45.195,0.891,-4.455,4.747,301.88,226.135,-46.082, , , , , , ,-54.119,-2.406,-55.783
 13:50:35.951,eb:33:2e:f9:57:b5, 2015-01-01 00:14:45.195,0.783,-4.564,4.285,281.433,246.155,-7.446, , , , , , ,-52.63,-1.785,-56.816
 13:50:35.951,eb:33:2e:f9:57:b5, 2015-01-01 00:14:45.195,0.773,-4.639,3.686,254.883,250.793,27.283, , , , , , ,-51.279,-0.967,-57.761
 13:50:35.951,eb:33:2e:f9:57:b5, 2015-01-01 00:14:45.195,0.843,-4.746,2.858,214.294,236.328,57.129, , , , , , ,-50.109,-0.011,-58.557
 13:50:35.951,eb:33:2e:f9:57:b5, 2015-01-01 00:14:45.195,1.112,-5.05,0.871,143.921,223.022,106.812, , , , , , ,-49.18,1.115,-59.507
 13:50:35.951,eb:33:2e:f9:57:b5, 2015-01-01 00:14:45.195,1.854,-5.599,-1.722,27.954,210.51,162.903, , , , , , ,-48.801,2.34,-59.859
 13:50:35.951,eb:33:2e:f9:57:b5, 2015-01-01 00:14:45.195,2.815,-6.062,-4.073,-122.253,214.172,207.825, , , , , , ,-49.12,3.774,-60.024
 13:50:35.951,eb:33:2e:f9:57:b5, 2015-01-01 00:14:45.195,2.532,-5.83,-3.233,-243.469,177.246,196.472, , , , , , ,-50.12,5.197,-60.112
 13:50:35.996,eb:33:2e:f9:57:b5, 2015-01-01 00:14:45.195,2.592,-5.24,-2.116,-324.951,100.037,159.973, , , , , , ,-51.531,6.334,-60.425
 13:50:35.996,eb:33:2e:f9:57:b5, 2015-01-01 00:14:45.195,3.102,-4.687,-2.226,-392.944,29.358,133.484, , , , , , ,-53.333,7.07,-60.205
 13:50:35.996,eb:33:2e:f9:57:b5, 2015-01-01 00:14:45.195,3.47,-4.371,-2.389,-461.365,-6.531,93.262, , , , , , ,-55.47,7.537,-59.897
 13:50:35.996,eb:33:2e:f9:57:b5, 2015-01-01 00:14:45.195,3.527,-4.23,-2.088,-522.705,-25.146,36.804, , , , , , ,-57.931,7.74,-59.656
 13:50:35.996,eb:33:2e:f9:57:b5, 2015-01-01 00:14:45.195,3.511,-4.047,-1.554,-573.181,-38.635,-22.766, , , , , , ,-60.623,7.679,-59.854
 13:50:35.996,eb:33:2e:f9:57:b5, 2015-01-01 00:14:45.195,3.609,-3.724,-1.078,-617.065,-44.495,-83.313, , , , , , ,-63.616,7.311,-59.804
 13:50:35.996,eb:33:2e:f9:57:b5, 2015-01-01 00:14:45.195,3.583,-3.426,-0.663,-654.236,-52.368,-144.409, , , , , , ,-66.819,6.669,-59.832
 13:50:35.996,eb:33:2e:f9:57:b5, 2015-01-01 00:14:45.195,3.379,-3.257,-0.342,-685.059,-77.881,-206.726, , , , , , ,-70.192,5.696,-59.859
 13:50:36.446,eb:33:2e:f9:57:b5, 2015-01-01 00:14:45.195,3.066,-3.144,-0.15,-712.524,-128.235,-253.784, , , , , , ,-73.636,4.395,-60.051
 13:50:36.446,eb:33:2e:f9:57:b5, 2015-01-01 00:14:45.195,2.693,-3.048,0.188,-740.173,-192.322,-284.851, , , , , , ,-77.25,2.867,-59.584
 13:50:36.446,eb:33:2e:f9:57:b5, 2015-01-01 00:14:45.195,2.292,-2.982,0.877,-768.738,-257.141,-306.458, , , , , , ,-81.008,1.187,-58.727
 13:50:36.446,eb:33:2e:f9:57:b5, 2015-01-01 00:14:45.195,1.909,-2.921,1.752,-796.997,-317.627,-314.087, , , , , , ,-84.93,-0.538,-57.453
 13:50:36.446,eb:33:2e:f9:57:b5, 2015-01-01 00:14:45.195,1.587,-2.949,2.536,-825.5,-370.422,-307.8, , , , , , ,-89.006,-2.236,-56.102
 13:50:36.446,eb:33:2e:f9:57:b5, 2015-01-01 00:14:45.195,1.37,-3,3.21,-853.882,-412.598,-289.551, , , , , , ,-93.323,-3.686,-54.091
 13:50:36.446,eb:33:2e:f9:57:b5, 2015-01-01 00:14:45.195,1.339,-2.985,3.939,-880.188,-447.266,-255.615, , , , , , ,-97.844,-4.828,-51.806
 13:50:36.446,eb:33:2e:f9:57:b5, 2015-01-01 00:14:45.195,1.082,-2.701,4.909,-896.545,-470.642,-217.468, , , , , , ,-102.524,-5.554,-49.312
 13:50:36.446,eb:33:2e:f9:57:b5, 2015-01-01 00:14:45.195,0.732,-2.168,6.063,-895.325,-482.788,-193.176, , , , , , ,-107.287,-6.015,-47.01
 13:50:36.446,eb:33:2e:f9:57:b5, 2015-01-01 00:14:45.195,0.559,-1.562,7.046,-870.483,-491.272,-174.194, , , , , , ,-111.973,-6.042,-44.39
 13:50:36.446,eb:33:2e:f9:57:b5, 2015-01-01 00:14:45.195,0.409,-0.74,7.505,-818.665,-487.366,-157.349, , , , , , ,-116.45,-5.795,-41.808
 13:50:36.446,eb:33:2e:f9:57:b5, 2015-01-01 00:14:45.195,0.527,-0.218,7.214,-765.32,-482.422,-148.743, , , , , , ,-120.63,-5.301,-39.309
 13:50:36.446,eb:33:2e:f9:57:b5, 2015-01-01 00:14:45.195,0.681,-0.025,6.501,-709.167,-485.474,-142.334, , , , , , ,-124.563,-4.708,-37.112
 13:50:36.447,eb:33:2e:f9:57:b5, 2015-01-01 00:14:45.195,0.665,-0.066,5.491,-659.241,-498.108,-130.92, , , , , , ,-128.134,-3.796,-34.717
 13:50:36.447,eb:33:2e:f9:57:b5, 2015-01-01 00:14:45.195,0.629,-0.175,4.703,-618.958,-517.395,-119.873, , , , , , ,-131.44,-2.642,-32.36
 13:50:36.447,eb:33:2e:f9:57:b5, 2015-01-01 00:14:45.195,0.562,-0.347,4.261,-584.839,-541.687,-108.459, , , , , , ,-134.511,-1.247,-30.031
 13:50:36.491,eb:33:2e:f9:57:b5, 2015-01-01 00:14:45.195,0.489,-0.55,4.052,-556.458,-570.74,-98.022, , , , , , ,-137.483,0.324,-27.938
 13:50:36.491,eb:33:2e:f9:57:b5, 2015-01-01 00:14:45.195,0.343,-0.772,3.818,-535.522,-604.614,-86.548, , , , , , ,-140.147,2.247,-25.648
 13:50:36.491,eb:33:2e:f9:57:b5, 2015-01-01 00:14:45.195,0.141,-1.067,3.521,-523.193,-643.799,-67.81, , , , , , ,-142.657,4.466,-23.384
 13:50:36.491,eb:33:2e:f9:57:b5, 2015-01-01 00:14:45.195,-0.043,-1.44,3.401,-520.752,-682.251,-38.269, , , , , , ,-145.042,7.009,-21.204
 13:50:36.491,eb:33:2e:f9:57:b5, 2015-01-01 00:14:45.195,-0.249,-1.881,3.592,-525.635,-717.834,7.996, , , , , , ,-147.546,9.816,-19.402
 13:50:36.491,eb:33:2e:f9:57:b5, 2015-01-01 00:14:45.195,-0.464,-2.231,4.147,-537.354,-730.103,63.66, , , , , , ,-149.865,13.024,-17.65
 13:50:36.491,eb:33:2e:f9:57:b5, 2015-01-01 00:14:45.195,-0.499,-2.392,4.803,-554.932,-710.327,121.521, , , , , , ,-152.26,16.414,-16.293
 13:50:36.491,eb:33:2e:f9:57:b5, 2015-01-01 00:14:45.195,-0.535,-2.332,5.284,-573.792,-681.519,189.575, , , , , , ,-154.825,19.88,-15.436
 13:50:36.496,eb:33:2e:f9:57:b5, 2015-01-01 00:14:45.195,-0.363,-1.872,5.787,-593.14,-639.587,247.07, , , , , , ,-157.989,23.313,-15.359
 13:50:36.496,eb:33:2e:f9:57:b5, 2015-01-01 00:14:45.195,-0.172,-1.128,6.325,-609.375,-601.685,295.532, , , , , , ,-161.109,26.675,-15.595
 13:50:36.496,eb:33:2e:f9:57:b5, 2015-01-01 00:14:45.195,0.083,-0.149,6.973,-621.46,-564.209,331.482, , , , , , ,-164.553,29.91,-16.353
 13:50:36.496,eb:33:2e:f9:57:b5, 2015-01-01 00:14:45.195,0.264,0.956,7.571,-627.258,-530.334,353.821, , , , , , ,-168.322,32.953,-17.573
 13:50:36.496,eb:33:2e:f9:57:b5, 2015-01-01 00:14:45.195,0.361,2.15,8.047,-625.854,-488.159,364.014, , , , , , ,-172.546,35.854,-19.319
 13:50:36.496,eb:33:2e:f9:57:b5, 2015-01-01 00:14:45.195,0.449,3.379,8.469,-613.892,-440.186,359.741, , , , , , ,-176.847,38.309,-21.313
 13:50:36.496,eb:33:2e:f9:57:b5, 2015-01-01 00:14:45.195,0.369,4.666,8.736,-588.989,-392.395,345.337, , , , , , ,178.731,40.402,-23.544
 13:50:36.496,eb:33:2e:f9:57:b5, 2015-01-01 00:14:45.195,0.31,6.025,8.769,-549.377,-344.788,317.139, , , , , , ,174.359,42.116,-25.878
 13:50:36.496,eb:33:2e:f9:57:b5, 2015-01-01 00:14:45.195,0.166,7.188,8.494,-495.361,-309.326,281.982, , , , , , ,170.206,43.429,-28.125
 13:50:36.496,eb:33:2e:f9:57:b5, 2015-01-01 00:14:45.195,-0.025,8.089,7.989,-416.931,-294.373,238.464, , , , , , ,166.448,44.632,-30.289
 13:50:36.496,eb:33:2e:f9:57:b5, 2015-01-01 00:14:45.195,-0.131,8.609,7.4,-327.576,-296.631,186.218, , , , , , ,163.235,45.786,-32.261
 13:50:36.496,eb:33:2e:f9:57:b5, 2015-01-01 00:14:45.195,-0.188,8.925,6.79,-240.234,-302.246,129.028, , , , , , ,160.615,46.978,-33.986
 13:50:36.496,eb:33:2e:f9:57:b5, 2015-01-01 00:14:45.195,-0.247,9.385,6.358,-169.006,-292.664,64.026, , , , , , ,158.566,48.115,-35.299
 13:50:36.496,eb:33:2e:f9:57:b5, 2015-01-01 00:14:45.195,-0.337,9.894,5.89,-118.347,-262.573,-7.629, , , , , , ,157.176,49.356,-36.238
 13:50:36.496,eb:33:2e:f9:57:b5, 2015-01-01 00:14:45.195,-0.452,10.017,5.178,-86.548,-218.323,-81.787, , , , , , ,156.418,50.548,-36.59
 13:50:36.497,eb:33:2e:f9:57:b5, 2015-01-01 00:14:45.195,-0.691,9.545,4.443,-68.359,-167.847,-149.109, , , , , , ,156.281,51.658,-36.288
 13:50:36.499,eb:33:2e:f9:57:b5, 2015-01-01 00:14:45.195,0.262,8.668,3.933,-53.711,-118.286,-200.562, , , , , , ,156.665,52.548,-35.294
 13:50:36.499,eb:33:2e:f9:57:b5, 2015-01-01 00:14:45.195,0.49,0.342,0.73,393.494,153.687,-19.958, , , , , , ,-100.97,8.069,-34.283
 13:50:36.499,eb:33:2e:f9:57:b5, 2015-01-01 00:14:45.195,0.869,-1.393,1.51,337.097,224.304,50.72, , , , , , ,-99.349,7.993,-35.25
 13:50:36.499,eb:33:2e:f9:57:b5, 2015-01-01 00:14:45.195,0.454,-0.644,2.24,398.56,297.852,93.689, , , , , , ,-97.701,8.212,-36.667
 13:50:36.499,eb:33:2e:f9:57:b5, 2015-01-01 00:14:45.195,0.235,1.566,1.931,419.128,296.875,78.43, , , , , , ,-95.817,8.333,-38.6
 13:50:36.500,eb:33:2e:f9:57:b5, 2015-01-01 00:14:45.195,0.415,3.346,1.312,350.22,230.469,64.636, , , , , , ,-94.114,8.569,-39.924
 13:50:36.500,eb:33:2e:f9:57:b5, 2015-01-01 00:14:45.195,0.732,2.576,2.739,315.857,177.856,48.157, , , , , , ,-92.642,8.778,-40.946
 13:50:36.500,eb:33:2e:f9:57:b5, 2015-01-01 00:14:45.195,1.187,2.009,3.101,306.641,134.827,23.132, , , , , , ,-91.208,8.926,-41.715
 13:50:36.513,eb:33:2e:f9:57:b5, 2015-01-01 00:14:45.195,1.204,1.848,3.547,295.776,111.206,-4.333, , , , , , ,-89.769,8.849,-42.665
 13:50:36.513,eb:33:2e:f9:57:b5, 2015-01-01 00:14:45.195,1.167,1.57,4.262,301.331,109.314,-39.307, , , , , , ,-88.363,8.734,-43.22
 13:50:36.513,eb:33:2e:f9:57:b5, 2015-01-01 00:14:45.195,1.177,1.324,5.022,325.745,112.671,-79.895, , , , , , ,-86.874,8.438,-43.797
 13:50:36.513,eb:33:2e:f9:57:b5, 2015-01-01 00:14:45.195,1.23,1.164,5.508,355.896,110.413,-123.352, , , , , , ,-85.243,7.949,-44.401
 13:50:36.513,eb:33:2e:f9:57:b5, 2015-01-01 00:14:45.195,1.245,0.911,5.632,382.568,102.478,-167.725, , , , , , ,-83.408,7.18,-45.352
 13:50:36.513,eb:33:2e:f9:57:b5, 2015-01-01 00:14:45.195,1.154,0.478,5.385,398.926,91.736,-208.435, , , , , , ,-81.513,6.29,-45.961
 13:50:36.513,eb:33:2e:f9:57:b5, 2015-01-01 00:14:45.195,1.059,-0.085,5.125,403.32,76.05,-246.399, , , , , , ,-79.563,5.213,-46.566
 13:50:36.513,eb:33:2e:f9:57:b5, 2015-01-01 00:14:45.195,0.986,-0.562,4.868,393.677,58.167,-278.809, , , , , , ,-77.613,3.972,-47.153
 13:50:36.607,eb:33:2e:f9:57:b5, 2015-01-01 00:14:45.195,0.947,-0.909,4.646,371.399,43.64,-305.481, , , , , , ,-75.679,2.571,-48.082
 13:50:36.607,eb:33:2e:f9:57:b5, 2015-01-01 00:14:45.195,0.903,-1.229,4.489,340.82,33.813,-325.928, , , , , , ,-73.932,1.082,-48.686
 13:50:36.607,eb:33:2e:f9:57:b5, 2015-01-01 00:14:45.195,0.836,-1.527,4.362,304.749,32.104,-343.14, , , , , , ,-72.339,-0.478,-49.329
 13:50:36.608,eb:33:2e:f9:57:b5, 2015-01-01 00:14:45.195,0.743,-1.802,4.168,266.174,35.339,-353.638, , , , , , ,-70.911,-2.087,-50.043
 13:50:36.608,eb:33:2e:f9:57:b5, 2015-01-01 00:14:45.195,0.587,-2.042,3.972,228.271,39.795,-355.835, , , , , , ,-69.587,-3.686,-51.185
 13:50:36.608,eb:33:2e:f9:57:b5, 2015-01-01 00:14:45.195,0.42,-2.235,3.759,193.115,43.579,-349.121, , , , , , ,-68.483,-5.262,-52.015
 13:50:36.608,eb:33:2e:f9:57:b5, 2015-01-01 00:14:45.195,0.298,-2.356,3.582,161.194,48.828,-333.191, , , , , , ,-67.527,-6.751,-52.872
 13:50:36.608,eb:33:2e:f9:57:b5, 2015-01-01 00:14:45.195,0.201,-2.439,3.554,134.827,56.03,-309.509, , , , , , ,-66.687,-8.119,-53.745
 13:50:36.608,eb:33:2e:f9:57:b5, 2015-01-01 00:14:45.195,0.102,-2.528,3.682,114.258,66.223,-282.166, , , , , , ,-65.869,-9.305,-54.992
 13:50:36.608,eb:33:2e:f9:57:b5, 2015-01-01 00:14:45.195,-0.077,-2.634,3.802,98.022,76.66,-250.793, , , , , , ,-65.193,-10.355,-55.882
 13:50:36.608,eb:33:2e:f9:57:b5, 2015-01-01 00:14:45.195,-0.332,-2.725,3.755,82.458,83.435,-215.332, , , , , , ,-64.583,-11.228,-56.755
 13:50:36.608,eb:33:2e:f9:57:b5, 2015-01-01 00:14:45.195,-0.572,-2.812,3.517,63.843,82.825,-172.729, , , , , , ,-64.061,-11.904,-57.563
 13:50:36.608,eb:33:2e:f9:57:b5, 2015-01-01 00:14:45.195,-0.595,-2.916,3.176,30.945,79.773,-113.281, , , , , , ,-63.611,-12.299,-58.612
 13:50:36.608,eb:33:2e:f9:57:b5, 2015-01-01 00:14:45.195,-0.463,-3.02,2.93,-7.996,84.656,-62.317, , , , , , ,-63.446,-12.491,-59.178
 13:50:36.609,eb:33:2e:f9:57:b5, 2015-01-01 00:14:45.195,-0.338,-3.151,2.623,-58.228,99.304,-9.888, , , , , , ,-63.528,-12.42,-59.678
 13:50:36.609,eb:33:2e:f9:57:b5, 2015-01-01 00:14:45.195,-0.059,-3.339,2.085,-120.422,120.667,43.64, , , , , , ,-63.902,-12.074,-60.139
 13:50:36.650,eb:33:2e:f9:57:b5, 2015-01-01 00:14:45.910,0.417,-3.409,1.382,-193.42,140.93,98.083, , , , , , ,-64.556,-11.404,-60.936
 13:50:36.650,eb:33:2e:f9:57:b5, 2015-01-01 00:14:45.910,0.921,-3.266,0.795,-273.438,153.748,145.142, , , , , , ,-65.682,-10.514,-61.353
 13:50:36.650,eb:33:2e:f9:57:b5, 2015-01-01 00:14:45.910,1.327,-2.944,0.372,-353.027,158.02,174.805, , , , , , ,-67.22,-9.448,-61.754
 13:50:36.650,eb:33:2e:f9:57:b5, 2015-01-01 00:14:45.910,1.554,-2.503,0.125,-424.194,143.555,185.669, , , , , , ,-69.148,-8.317,-62.117
 13:50:36.650,eb:33:2e:f9:57:b5, 2015-01-01 00:14:45.910,1.738,-1.998,-0.109,-483.276,110.535,180.603, , , , , , ,-71.351,-7.229,-62.726
 13:50:36.650,eb:33:2e:f9:57:b5, 2015-01-01 00:14:45.910,2.067,-1.51,-0.336,-530.64,62.5,167.603, , , , , , ,-73.894,-6.279,-62.858
 13:50:36.650,eb:33:2e:f9:57:b5, 2015-01-01 00:14:45.910,2.426,-1.041,-0.325,-568.237,10.986,142.7, , , , , , ,-76.668,-5.493,-62.82
 13:50:36.650,eb:33:2e:f9:57:b5, 2015-01-01 00:14:45.910,2.688,-0.566,-0.123,-597.778,-31.982,96.252, , , , , , ,-79.618,-4.938,-62.617
 13:50:36.716,eb:33:2e:f9:57:b5, 2015-01-01 00:14:45.910,2.651,-0.174,0.084,-619.385,-68.054,40.955, , , , , , ,-82.65,-4.686,-62.606
 13:50:36.716,eb:33:2e:f9:57:b5, 2015-01-01 00:14:45.910,2.534,0.106,0.217,-632.751,-106.14,-14.526, , , , , , ,-85.831,-4.697,-62.155
 13:50:36.718,eb:33:2e:f9:57:b5, 2015-01-01 00:14:45.910,2.417,0.298,0.399,-638.916,-146.118,-67.871, , , , , , ,-89.066,-4.96,-61.512
 13:50:36.718,eb:33:2e:f9:57:b5, 2015-01-01 00:14:45.910,2.272,0.415,0.638,-641.663,-184.57,-117.554, , , , , , ,-92.351,-5.438,-60.65
 13:50:36.718,eb:33:2e:f9:57:b5, 2015-01-01 00:14:45.910,2.028,0.461,0.944,-644.714,-218.323,-160.95, , , , , , ,-95.647,-6.147,-59.848
 13:50:36.718,eb:33:2e:f9:57:b5, 2015-01-01 00:14:45.910,1.711,0.388,1.264,-649.17,-246.399,-197.998, , , , , , ,-99.031,-6.905,-58.552
 13:50:36.718,eb:33:2e:f9:57:b5, 2015-01-01 00:14:45.910,1.396,0.208,1.519,-655.029,-272.949,-223.267, , , , , , ,-102.486,-7.718,-57.052
 13:50:36.718,eb:33:2e:f9:57:b5, 2015-01-01 00:14:45.910,1.083,0.032,1.71,-662.415,-298.462,-233.948, , , , , , ,-106.024,-8.476,-55.355
 13:50:37.120,eb:33:2e:f9:57:b5, 2015-01-01 00:14:45.910,0.869,-0.115,1.904,-670.105,-321.35,-234.558, , , , , , ,-109.649,-9.19,-53.723
 13:50:37.120,eb:33:2e:f9:57:b5, 2015-01-01 00:14:45.910,0.714,-0.208,2.171,-675.354,-342.224,-227.661, , , , , , ,-113.346,-9.651,-51.724
 13:50:37.120,eb:33:2e:f9:57:b5, 2015-01-01 00:14:45.910,0.599,-0.226,2.455,-676.453,-361.084,-214.661, , , , , , ,-117.087,-9.893,-49.625
 13:50:37.120,eb:33:2e:f9:57:b5, 2015-01-01 00:14:45.910,0.599,-0.208,2.69,-672.791,-378.54,-198.669, , , , , , ,-120.828,-9.893,-47.466
 13:50:37.120,eb:33:2e:f9:57:b5, 2015-01-01 00:14:45.910,0.553,-0.154,2.922,-663.086,-394.226,-181.58, , , , , , ,-124.585,-9.717,-45.494
 13:50:37.120,eb:33:2e:f9:57:b5, 2015-01-01 00:14:45.910,0.53,-0.092,3.029,-648.438,-409.607,-165.466, , , , , , ,-128.216,-9.212,-43.336
 13:50:37.120,eb:33:2e:f9:57:b5, 2015-01-01 00:14:45.910,0.465,-0.046,2.986,-631.653,-425.964,-143.677, , , , , , ,-131.732,-8.448,-41.21
 13:50:37.120,eb:33:2e:f9:57:b5, 2015-01-01 00:14:45.910,0.362,-0.033,2.914,-614.197,-440.491,-120.3, , , , , , ,-135.126,-7.432,-39.166
 13:50:37.166,eb:33:2e:f9:57:b5, 2015-01-01 00:14:45.910,0.257,-0.093,2.751,-594.177,-457.092,-95.581, , , , , , ,-138.466,-6.218,-37.386
 13:50:37.166,eb:33:2e:f9:57:b5, 2015-01-01 00:14:45.910,0.258,-0.206,2.507,-570.862,-479.736,-69.58, , , , , , ,-141.537,-4.675,-35.563
 13:50:37.166,eb:33:2e:f9:57:b5, 2015-01-01 00:14:45.910,0.311,-0.239,2.342,-547.241,-504.028,-47.302, , , , , , ,-144.437,-2.873,-33.849
 13:50:37.166,eb:33:2e:f9:57:b5, 2015-01-01 00:14:45.910,0.325,-0.201,2.268,-526.55,-530.09,-27.832, , , , , , ,-147.162,-0.818,-32.245
 13:50:37.166,eb:33:2e:f9:57:b5, 2015-01-01 00:14:45.910,0.272,-0.161,2.314,-511.841,-548.95,-13.55, , , , , , ,-149.87,1.39,-30.888
 13:50:37.166,eb:33:2e:f9:57:b5, 2015-01-01 00:14:45.910,0.164,-0.202,2.462,-503.54,-564.575,3.052, , , , , , ,-152.342,3.818,-29.52
 13:50:37.166,eb:33:2e:f9:57:b5, 2015-01-01 00:14:45.910,-0.159,-0.302,2.71,-500.916,-573.486,25.024, , , , , , ,-154.742,6.411,-28.317
 13:50:37.167,eb:33:2e:f9:57:b5, 2015-01-01 00:14:45.910,-0.438,-0.463,2.969,-502.136,-573.364,52.612, , , , , , ,-157.115,9.113,-27.323
 13:50:37.169,eb:33:2e:f9:57:b5, 2015-01-01 00:14:45.910,-0.624,-0.541,3.149,-503.845,-571.655,79.834, , , , , , ,-159.659,11.898,-26.686
 13:50:37.169,eb:33:2e:f9:57:b5, 2015-01-01 00:14:45.910,-0.643,-0.423,3.396,-506.897,-561.34,107.178, , , , , , ,-162.076,14.733,-26.208
 13:50:37.169,eb:33:2e:f9:57:b5, 2015-01-01 00:14:45.910,-0.688,-0.118,3.626,-510.803,-549.255,136.169, , , , , , ,-164.564,17.567,-25.994
 13:50:37.169,eb:33:2e:f9:57:b5, 2015-01-01 00:14:45.910,-0.584,0.38,3.896,-516.113,-530.151,155.884, , , , , , ,-167.157,20.352,-26.06
 13:50:37.169,eb:33:2e:f9:57:b5, 2015-01-01 00:14:45.910,-0.514,0.866,4.087,-519.531,-513.611,175.171, , , , , , ,-170.041,23.137,-26.477
 13:50:37.169,eb:33:2e:f9:57:b5, 2015-01-01 00:14:45.910,-0.544,1.364,4.227,-520.386,-503.967,192.749, , , , , , ,-172.892,25.785,-27.076
 13:50:37.169,eb:33:2e:f9:57:b5, 2015-01-01 00:14:45.910,-0.493,1.896,4.349,-518.311,-497.986,201.477, , , , , , ,-175.869,28.372,-27.911
 13:50:37.170,eb:33:2e:f9:57:b5, 2015-01-01 00:14:45.910,-0.506,2.426,4.666,-510.559,-493.103,208.618, , , , , , ,-178.962,30.888,-28.965
 13:50:37.211,eb:33:2e:f9:57:b5, 2015-01-01 00:14:45.910,-0.45,2.988,5.141,-496.521,-484.924,208.435, , , , , , ,177.841,33.333,-30.229
 13:50:37.211,eb:33:2e:f9:57:b5, 2015-01-01 00:14:45.910,-0.581,3.645,5.686,-474.487,-469.727,210.205, , , , , , ,174.595,35.645,-31.69
 13:50:37.211,eb:33:2e:f9:57:b5, 2015-01-01 00:14:45.910,-0.688,4.517,6.271,-443.604,-441.65,199.219, , , , , , ,171.348,37.771,-33.3
 13:50:37.211,eb:33:2e:f9:57:b5, 2015-01-01 00:14:45.910,-0.928,5.479,6.708,-402.161,-405.823,185.852, , , , , , ,168.195,39.672,-34.98
 13:50:37.211,eb:33:2e:f9:57:b5, 2015-01-01 00:14:45.910,-1.084,6.47,6.843,-351.99,-363.037,161.743, , , , , , ,165.251,41.254,-36.601
 13:50:37.211,eb:33:2e:f9:57:b5, 2015-01-01 00:14:45.910,-1.16,7.267,6.637,-295.105,-320.435,130.188, , , , , , ,162.62,42.676,-38.156
 13:50:37.212,eb:33:2e:f9:57:b5, 2015-01-01 00:14:45.910,-1.083,7.874,6.216,-238.77,-274.841,90.759, , , , , , ,160.4,43.896,-39.485
 13:50:37.212,eb:33:2e:f9:57:b5, 2015-01-01 00:14:45.910,-0.968,8.345,5.728,-186.096,-223.999,46.448, , , , , , ,158.648,44.929,-40.507
 13:50:37.215,eb:33:2e:f9:57:b5, 2015-01-01 00:14:45.910,-0.812,8.758,5.264,-138.916,-169.617,-4.089, , , , , , ,157.396,45.676,-41.039
 13:50:37.215,eb:33:2e:f9:57:b5, 2015-01-01 00:14:45.910,-0.676,8.998,4.741,-96.924,-116.76,-58.472, , , , , , ,156.731,46.384,-41.177
 13:50:37.215,eb:33:2e:f9:57:b5, 2015-01-01 00:14:45.910,-0.633,8.892,4.124,-57.983,-72.998,-111.389, , , , , , ,156.616,46.972,-40.831
 13:50:37.215,eb:33:2e:f9:57:b5, 2015-01-01 00:14:45.910,-0.723,8.388,3.465,-21.118,-43.945,-158.325, , , , , , ,157.022,47.499,-40.034
 13:50:37.216,eb:33:2e:f9:57:b5, 2015-01-01 00:14:45.910,-0.919,7.586,2.937,15.686,-30.273,-192.261, , , , , , ,157.835,47.889,-38.809
 13:50:37.216,eb:33:2e:f9:57:b5, 2015-01-01 00:14:45.910,-1.09,6.701,2.855,54.016,-21.423,-214.661, , , , , , ,159.049,48.384,-37.436
 13:50:37.216,eb:33:2e:f9:57:b5, 2015-01-01 00:14:45.910,-1.234,5.844,2.997,92.163,-12.268,-226.074, , , , , , ,160.593,48.845,-35.898
 13:50:37.216,eb:33:2e:f9:57:b5, 2015-01-01 00:14:45.910,-1.34,4.999,2.988,127.686,-2.869,-227.539, , , , , , ,162.394,49.235,-34.266
 13:50:37.216,eb:33:2e:f9:57:b5, 2015-01-01 00:14:45.910,0.714,4.117,2.668,160.645,-0.305,-218.628, , , , , , ,164.339,49.427,-32.552
 13:50:37.216,eb:33:2e:f9:57:b5, 2015-01-01 00:14:45.910,0.872,-0.812,1.118,374.817,235.901,117.126, , , , , , ,-101.624,8.531,-46.719
 13:50:37.216,eb:33:2e:f9:57:b5, 2015-01-01 00:14:45.910,0.208,-0.885,2.514,437.195,297.18,190.063, , , , , , ,-99.866,9.108,-48.235
 13:50:37.216,eb:33:2e:f9:57:b5, 2015-01-01 00:14:45.910,-0.351,2.086,3.273,530.457,301.025,173.34, , , , , , ,-97.635,9.778,-49.933
 13:50:37.216,eb:33:2e:f9:57:b5, 2015-01-01 00:14:45.910,-0.266,4.98,2.829,489.441,196.838,125.244, , , , , , ,-95.262,10.217,-51.531
 13:50:37.216,eb:33:2e:f9:57:b5, 2015-01-01 00:14:45.910,0.003,3.922,3.893,444.275,125.977,98.816, , , , , , ,-93.115,10.701,-52.339
 13:50:37.217,eb:33:2e:f9:57:b5, 2015-01-01 00:14:45.910,0.483,2.341,4.022,409.302,94.482,81.116, , , , , , ,-91.093,11.129,-52.883
 13:50:37.218,eb:33:2e:f9:57:b5, 2015-01-01 00:14:45.910,0.423,1.826,4.7,366.089,96.863,57.861, , , , , , ,-89.275,11.459,-53.366
 13:50:37.234,eb:33:2e:f9:57:b5, 2015-01-01 00:14:45.910,0.222,1.615,5.798,352.173,118.225,25.391, , , , , , ,-87.55,11.574,-54.245
 13:50:37.234,eb:33:2e:f9:57:b5, 2015-01-01 00:14:45.910,0.176,1.517,6.763,374.207,121.216,-12.878, , , , , , ,-85.858,11.624,-54.866
 13:50:37.234,eb:33:2e:f9:57:b5, 2015-01-01 00:14:45.910,0.355,1.256,7.185,416.87,103.516,-55.359, , , , , , ,-83.979,11.481,-55.453
 13:50:37.234,eb:33:2e:f9:57:b5, 2015-01-01 00:14:45.910,0.495,0.728,7.145,458.679,79.285,-98.145, , , , , , ,-81.865,11.135,-55.953
 13:50:37.234,eb:33:2e:f9:57:b5, 2015-01-01 00:14:45.910,0.514,0.107,6.657,484.192,58.411,-135.559, , , , , , ,-79.497,10.53,-56.717
 13:50:37.234,eb:33:2e:f9:57:b5, 2015-01-01 00:14:45.910,0.492,-0.346,6.3,487.854,44.8,-172.058, , , , , , ,-77.13,9.811,-57.129
 13:50:37.234,eb:33:2e:f9:57:b5, 2015-01-01 00:14:45.910,0.491,-0.585,5.974,470.398,35.278,-204.59, , , , , , ,-74.8,8.926,-57.552
 13:50:37.234,eb:33:2e:f9:57:b5, 2015-01-01 00:14:45.910,0.531,-0.751,5.721,436.279,30.212,-232.666, , , , , , ,-72.614,7.905,-58.024
 13:50:37.323,eb:33:2e:f9:57:b5, 2015-01-01 00:14:45.910,0.583,-0.964,5.493,391.052,30.762,-255.188, , , , , , ,-70.549,6.773,-58.903
 13:50:37.323,eb:33:2e:f9:57:b5, 2015-01-01 00:14:45.910,0.658,-1.256,5.229,340.027,37.17,-272.522, , , , , , ,-68.813,5.587,-59.529
 13:50:37.323,eb:33:2e:f9:57:b5, 2015-01-01 00:14:45.910,0.709,-1.589,4.919,289.49,45.288,-282.959, , , , , , ,-67.33,4.367,-60.249
 13:50:37.323,eb:33:2e:f9:57:b5, 2015-01-01 00:14:45.910,0.654,-1.899,4.566,242.004,53.589,-287.842, , , , , , ,-66.077,3.153,-61.051
 13:50:37.323,eb:33:2e:f9:57:b5, 2015-01-01 00:14:45.910,0.393,-2.143,4.213,200.684,54.871,-285.706, , , , , , ,-64.946,1.989,-62.243
 13:50:37.323,eb:33:2e:f9:57:b5, 2015-01-01 00:14:45.910,0.01,-2.347,3.789,166.687,41.809,-274.841, , , , , , ,-64.067,0.824,-63.067
 13:50:37.323,eb:33:2e:f9:57:b5, 2015-01-01 00:14:45.910,-0.191,-2.568,3.444,140.015,13.855,-252.991, , , , , , ,-63.32,-0.286,-63.765
 13:50:37.323,eb:33:2e:f9:57:b5, 2015-01-01 00:14:45.910,-0.181,-2.767,3.314,116.577,-13.489,-225.769, , , , , , ,-62.682,-1.351,-64.286
 13:50:37.325,eb:33:2e:f9:57:b5, 2015-01-01 00:14:45.910,-0.037,-2.986,3.382,92.712,-25.757,-198.914, , , , , , ,-62.067,-2.285,-65.023
 13:50:37.326,eb:33:2e:f9:57:b5, 2015-01-01 00:14:45.910,0.078,-3.187,3.411,63.538,-13.367,-173.706, , , , , , ,-61.672,-3.148,-65.369
 13:50:37.326,eb:33:2e:f9:57:b5, 2015-01-01 00:14:45.910,0.215,-3.29,3.194,26.978,17.334,-147.217, , , , , , ,-61.436,-3.834,-65.764
 13:50:37.326,eb:33:2e:f9:57:b5, 2015-01-01 00:14:45.910,0.399,-3.264,2.846,-16.174,56.213,-117.798, , , , , , ,-61.392,-4.307,-66.253
 13:50:37.326,eb:33:2e:f9:57:b5, 2015-01-01 00:14:45.910,0.559,-3.176,2.455,-65.552,95.154,-88.928, , , , , , ,-61.485,-4.499,-67.192
 13:50:37.326,eb:33:2e:f9:57:b5, 2015-01-01 00:14:45.910,0.848,-3.142,1.812,-124.268,119.263,-68.848, , , , , , ,-61.93,-4.57,-67.868
 13:50:37.326,eb:33:2e:f9:57:b5, 2015-01-01 00:14:45.910,1.467,-3.214,-0.082,-198.181,130.31,-34.912, , , , , , ,-62.71,-4.493,-68.549
 13:50:37.326,eb:33:2e:f9:57:b5, 2015-01-01 00:14:45.910,2.391,-3.156,-2.334,-299.438,129.272,-13.733, , , , , , ,-63.946,-4.301,-69.175
 13:50:37.326,eb:33:2e:f9:57:b5, 2015-01-01 00:14:45.910,2.468,-2.893,-4.186,-414.185,119.873,-10.01, , , , , , ,-65.665,-4.032,-70.098
 13:50:37.326,eb:33:2e:f9:57:b5, 2015-01-01 00:14:45.910,1.893,-2.477,-3.583,-509.888,42.48,-37.781, , , , , , ,-68.005,-3.994,-70.527
 13:50:37.326,eb:33:2e:f9:57:b5, 2015-01-01 00:14:45.910,1.853,-2.15,-2.578,-551.025,-65.43,-52.246, , , , , , ,-70.692,-4.252,-70.51
 13:50:37.326,eb:33:2e:f9:57:b5, 2015-01-01 00:14:45.910,2.086,-1.728,-1.722,-575.317,-162.964,-68.481, , , , , , ,-73.564,-4.735,-70.005
 13:50:37.327,eb:33:2e:f9:57:b5, 2015-01-01 00:14:45.910,2.072,-1.46,-1.031,-596.069,-225.281,-93.689, , , , , , ,-76.509,-5.394,-69.434
 13:50:37.327,eb:33:2e:f9:57:b5, 2015-01-01 00:14:45.910,1.905,-1.573,-0.564,-616.76,-267.395,-112.366, , , , , , ,-79.662,-6.169,-68.307
 13:50:37.327,eb:33:2e:f9:57:b5, 2015-01-01 00:14:45.910,1.744,-1.745,-0.129,-637.634,-297.363,-125.549, , , , , , ,-82.963,-6.987,-66.973
 13:50:37.327,eb:33:2e:f9:57:b5, 2015-01-01 00:14:45.910,1.587,-1.76,0.368,-657.898,-316.772,-135.925, , , , , , ,-86.407,-7.784,-65.479
 13:50:37.863,eb:33:2e:f9:57:b5, 2015-01-01 00:14:45.910,1.359,-1.673,0.881,-678.101,-327.454,-145.142, , , , , , ,-89.929,-8.575,-64.155
 13:50:37.863,eb:33:2e:f9:57:b5, 2015-01-01 00:14:45.910,1.148,-1.589,1.307,-699.097,-331.726,-151.855, , , , , , ,-93.642,-9.272,-62.463
 13:50:37.863,eb:33:2e:f9:57:b5, 2015-01-01 00:14:45.910,1.006,-1.528,1.641,-720.337,-335.266,-152.283, , , , , , ,-97.498,-9.866,-60.699
 13:50:37.863,eb:33:2e:f9:57:b5, 2015-01-01 00:14:45.910,0.979,-1.412,1.937,-738.77,-340.271,-150.452, , , , , , ,-101.475,-10.333,-58.881
 13:50:37.863,eb:33:2e:f9:57:b5, 2015-01-01 00:14:45.910,1.009,-1.167,2.252,-753.784,-343.079,-149.536, , , , , , ,-105.535,-10.723,-57.261
 13:50:37.863,eb:33:2e:f9:57:b5, 2015-01-01 00:14:45.910,0.973,-0.745,2.653,-762.573,-343.018,-154.663, , , , , , ,-109.688,-10.931,-55.36
 13:50:37.864,eb:33:2e:f9:57:b5, 2015-01-01 00:14:45.910,0.819,-0.342,3.06,-759.338,-350.647,-161.987, , , , , , ,-113.868,-11.025,-53.421
 13:50:37.864,eb:33:2e:f9:57:b5, 2015-01-01 00:14:45.910,0.693,-0.031,3.374,-740.784,-370.605,-174.255, , , , , , ,-118.004,-10.992,-51.389
 13:50:37.908,eb:33:2e:f9:57:b5, 2015-01-01 00:14:46.715,0.612,0.236,3.52,-710.754,-398.987,-189.148, , , , , , ,-122.08,-10.898,-49.389
 13:50:37.908,eb:33:2e:f9:57:b5, 2015-01-01 00:14:46.715,0.491,0.336,3.427,-677.185,-431.519,-195.801, , , , , , ,-125.958,-10.53,-47.076
 13:50:37.908,eb:33:2e:f9:57:b5, 2015-01-01 00:14:46.715,0.423,0.286,3.157,-647.4,-459.656,-196.655, , , , , , ,-129.683,-9.937,-44.665
 13:50:37.908,eb:33:2e:f9:57:b5, 2015-01-01 00:14:46.715,0.341,-0.032,2.925,-621.582,-482.849,-190.308, , , , , , ,-133.248,-9.086,-42.215
 13:50:37.908,eb:33:2e:f9:57:b5, 2015-01-01 00:14:46.715,0.265,-0.378,2.767,-599.304,-500.244,-177.49, , , , , , ,-136.725,-8.058,-39.946
 13:50:37.908,eb:33:2e:f9:57:b5, 2015-01-01 00:14:46.715,0.149,-0.639,2.693,-580.872,-514.038,-155.579, , , , , , ,-139.96,-6.702,-37.623
 13:50:37.908,eb:33:2e:f9:57:b5, 2015-01-01 00:14:46.715,0.059,-0.825,2.761,-566.772,-518.982,-131.287, , , , , , ,-143.047,-5.12,-35.447
 13:50:37.908,eb:33:2e:f9:57:b5, 2015-01-01 00:14:46.715,-0.03,-0.981,2.897,-555.542,-515.869,-102.783, , , , , , ,-145.992,-3.345,-33.475
 13:50:37.911,eb:33:2e:f9:57:b5, 2015-01-01 00:14:46.715,-0.166,-1.11,3.06,-546.692,-505.554,-73.181, , , , , , ,-148.931,-1.472,-31.871
 13:50:37.911,eb:33:2e:f9:57:b5, 2015-01-01 00:14:46.715,-0.268,-1.205,3.104,-539.307,-494.934,-40.955, , , , , , ,-151.655,0.555,-30.399
 13:50:37.911,eb:33:2e:f9:57:b5, 2015-01-01 00:14:46.715,-0.361,-1.205,3.1,-533.264,-486.511,-6.47, , , , , , ,-154.297,2.692,-29.191
 13:50:37.911,eb:33:2e:f9:57:b5, 2015-01-01 00:14:46.715,-0.342,-1.078,3.106,-528.87,-480.652,25.208, , , , , , ,-156.89,4.911,-28.251
 13:50:37.911,eb:33:2e:f9:57:b5, 2015-01-01 00:14:46.715,-0.339,-0.906,3.135,-525.757,-481.201,56.702, , , , , , ,-159.604,7.213,-27.664
 13:50:37.911,eb:33:2e:f9:57:b5, 2015-01-01 00:14:46.715,-0.298,-0.715,3.241,-524.048,-486.694,84.106, , , , , , ,-162.164,9.619,-27.213
 13:50:37.911,eb:33:2e:f9:57:b5, 2015-01-01 00:14:46.715,-0.222,-0.548,3.383,-523.438,-496.46,106.14, , , , , , ,-164.74,12.112,-26.977
 13:50:37.911,eb:33:2e:f9:57:b5, 2015-01-01 00:14:46.715,-0.205,-0.379,3.533,-523.926,-514.282,127.502, , , , , , ,-167.349,14.716,-26.944
 13:50:37.911,eb:33:2e:f9:57:b5, 2015-01-01 00:14:46.715,-0.164,-0.095,3.708,-526.184,-535.095,144.531, , , , , , ,-170.189,17.474,-27.191
 13:50:37.911,eb:33:2e:f9:57:b5, 2015-01-01 00:14:46.715,-0.089,0.31,3.94,-529.968,-556.03,159.912, , , , , , ,-172.952,20.292,-27.57
 13:50:37.911,eb:33:2e:f9:57:b5, 2015-01-01 00:14:46.715,-0.137,0.788,4.301,-534.241,-575.256,180.481, , , , , , ,-175.847,23.203,-28.191
 13:50:37.911,eb:33:2e:f9:57:b5, 2015-01-01 00:14:46.715,-0.127,1.31,4.874,-538.818,-581.604,195.19, , , , , , ,-178.907,26.136,-29.086
 13:50:37.911,eb:33:2e:f9:57:b5, 2015-01-01 00:14:46.715,-0.256,1.902,5.687,-537.598,-575.439,220.032, , , , , , ,177.786,29.07,-30.333
 13:50:37.911,eb:33:2e:f9:57:b5, 2015-01-01 00:14:46.715,-0.398,2.495,6.4,-528.687,-555.908,235.352, , , , , , ,174.337,31.805,-31.882
 13:50:37.912,eb:33:2e:f9:57:b5, 2015-01-01 00:14:46.715,-0.593,3.312,7.022,-507.996,-525.574,245.544, , , , , , ,170.739,34.321,-33.734
 13:50:37.912,eb:33:2e:f9:57:b5, 2015-01-01 00:14:46.715,-0.903,4.35,7.448,-472.168,-485.596,248.779, , , , , , ,167.086,36.546,-35.815
 13:50:37.914,eb:33:2e:f9:57:b5, 2015-01-01 00:14:46.715,-1.368,5.47,7.589,-418.518,-446.594,244.873, , , , , , ,163.526,38.43,-38.029
 13:50:37.914,eb:33:2e:f9:57:b5, 2015-01-01 00:14:46.715,-1.526,6.44,7.27,-347.229,-416.321,223.083, , , , , , ,160.192,40.1,-40.32
 13:50:37.914,eb:33:2e:f9:57:b5, 2015-01-01 00:14:46.715,-1.454,7.039,6.792,-269.348,-386.536,190.674, , , , , , ,157.242,41.589,-42.539
 13:50:37.914,eb:33:2e:f9:57:b5, 2015-01-01 00:14:46.715,-1.162,7.609,6.239,-201.111,-344.543,144.531, , , , , , ,154.753,42.913,-44.544
 13:50:37.914,eb:33:2e:f9:57:b5, 2015-01-01 00:14:46.715,-0.86,8.273,5.658,-149.719,-289.429,90.637, , , , , , ,152.77,43.973,-46.11
 13:50:37.914,eb:33:2e:f9:57:b5, 2015-01-01 00:14:46.715,-0.582,8.709,5.022,-117.249,-221.924,25.818, , , , , , ,151.326,44.956,-47.247
 13:50:37.914,eb:33:2e:f9:57:b5, 2015-01-01 00:14:46.715,-0.329,8.381,3.968,-95.642,-152.344,-44.739, , , , , , ,150.436,45.78,-47.774
 13:50:37.914,eb:33:2e:f9:57:b5, 2015-01-01 00:14:46.715,-0.663,7.873,2.896,-81.604,-98.694,-107.117, , , , , , ,150.079,46.5,-47.664
 13:50:37.914,eb:33:2e:f9:57:b5, 2015-01-01 00:14:46.715,0.961,7.514,2.145,-62.317,-88.379,-153.198, , , , , , ,150.09,47.126,-47.043
 13:50:37.914,eb:33:2e:f9:57:b5, 2015-01-01 00:14:46.715,0.839,0.788,2.757,230.347,29.541,-89.233, , , , , , ,-98.047,7.718,-51.79
 13:50:37.914,eb:33:2e:f9:57:b5, 2015-01-01 00:14:46.715,0.815,0.684,3.399,258.667,10.254,-117.432, , , , , , ,-96.812,7.174,-51.812
 13:50:37.914,eb:33:2e:f9:57:b5, 2015-01-01 00:14:46.715,0.808,0.501,3.826,287.781,-4.395,-145.63, , , , , , ,-95.422,6.509,-51.74
 13:50:37.914,eb:33:2e:f9:57:b5, 2015-01-01 00:14:46.715,0.761,0.218,3.969,311.462,-11.902,-172.424, , , , , , ,-93.845,5.603,-51.921
 13:50:37.914,eb:33:2e:f9:57:b5, 2015-01-01 00:14:46.715,0.716,-0.11,3.887,324.768,-14.587,-195.312, , , , , , ,-92.236,4.675,-51.806
 13:50:37.914,eb:33:2e:f9:57:b5, 2015-01-01 00:14:46.715,0.721,-0.413,3.734,326.721,-13.55,-213.745, , , , , , ,-90.593,3.642,-51.707
 13:50:37.914,eb:33:2e:f9:57:b5, 2015-01-01 00:14:46.715,0.739,-0.646,3.631,318.97,-8.911,-228.882, , , , , , ,-88.973,2.527,-51.658
 13:50:37.931,eb:33:2e:f9:57:b5, 2015-01-01 00:14:46.715,0.715,-0.841,3.535,303.65,-2.136,-241.272, , , , , , ,-87.358,1.28,-51.982
 13:50:37.931,eb:33:2e:f9:57:b5, 2015-01-01 00:14:46.715,0.667,-1.017,3.399,283.569,4.395,-250.977, , , , , , ,-85.897,0.044,-52.064
 13:50:37.931,eb:33:2e:f9:57:b5, 2015-01-01 00:14:46.715,0.637,-1.163,3.229,260.193,8.911,-257.446, , , , , , ,-84.545,-1.219,-52.207
 13:50:37.931,eb:33:2e:f9:57:b5, 2015-01-01 00:14:46.715,0.61,-1.264,3.042,234.192,12.146,-259.766, , , , , , ,-83.315,-2.505,-52.399
 13:50:37.931,eb:33:2e:f9:57:b5, 2015-01-01 00:14:46.715,0.585,-1.326,2.878,206.909,15.564,-258.728, , , , , , ,-82.123,-3.812,-52.971
 13:50:37.931,eb:33:2e:f9:57:b5, 2015-01-01 00:14:46.715,0.559,-1.369,2.728,179.321,19.47,-254.395, , , , , , ,-81.151,-5.07,-53.245
 13:50:37.931,eb:33:2e:f9:57:b5, 2015-01-01 00:14:46.715,0.534,-1.397,2.623,152.344,24.353,-247.498, , , , , , ,-80.305,-6.29,-53.558
 13:50:37.931,eb:33:2e:f9:57:b5, 2015-01-01 00:14:46.715,0.515,-1.411,2.561,127.014,29.968,-238.281, , , , , , ,-79.574,-7.46,-53.91
 13:50:38.043,eb:33:2e:f9:57:b5, 2015-01-01 00:14:46.715,0.496,-1.422,2.54,103.76,37.415,-226.746, , , , , , ,-78.86,-8.569,-54.646
 13:50:38.043,eb:33:2e:f9:57:b5, 2015-01-01 00:14:46.715,0.457,-1.433,2.556,83.008,46.936,-213.379, , , , , , ,-78.333,-9.597,-55.08
 13:50:38.043,eb:33:2e:f9:57:b5, 2015-01-01 00:14:46.715,0.365,-1.433,2.561,63.904,56.213,-198.242, , , , , , ,-77.893,-10.547,-55.558
 13:50:38.043,eb:33:2e:f9:57:b5, 2015-01-01 00:14:46.715,0.192,-1.42,2.483,45.898,61.768,-181.702, , , , , , ,-77.531,-11.404,-56.058
 13:50:38.043,eb:33:2e:f9:57:b5, 2015-01-01 00:14:46.715,-0.081,-1.421,2.323,29.114,58.899,-162.964, , , , , , ,-77.146,-12.162,-56.904
 13:50:38.043,eb:33:2e:f9:57:b5, 2015-01-01 00:14:46.715,-0.358,-1.464,2.109,13.123,44.8,-139.099, , , , , , ,-76.959,-12.832,-57.332
 13:50:38.043,eb:33:2e:f9:57:b5, 2015-01-01 00:14:46.715,-0.474,-1.54,1.943,-3.662,24.597,-107.605, , , , , , ,-76.871,-13.381,-57.64
 13:50:38.043,eb:33:2e:f9:57:b5, 2015-01-01 00:14:46.715,-0.412,-1.608,1.968,-23.254,8.24,-72.693, , , , , , ,-76.91,-13.788,-57.81
 13:50:38.674,eb:33:2e:f9:57:b5, 2015-01-01 00:14:46.715,-0.319,-1.674,2.12,-47.119,5.127,-39.307, , , , , , ,-76.965,-14.024,-58.255
 13:50:38.674,eb:33:2e:f9:57:b5, 2015-01-01 00:14:46.715,-0.269,-1.774,2.219,-75.562,18.066,-8.789, , , , , , ,-77.267,-14.112,-58.337
 13:50:38.674,eb:33:2e:f9:57:b5, 2015-01-01 00:14:46.715,-0.177,-1.907,2.156,-108.826,43.213,22.888, , , , , , ,-77.706,-14.03,-58.491
 13:50:38.674,eb:33:2e:f9:57:b5, 2015-01-01 00:14:46.715,-0.012,-1.979,1.995,-146.545,74.28,56.946, , , , , , ,-78.294,-13.755,-58.755
 13:50:38.674,eb:33:2e:f9:57:b5, 2015-01-01 00:14:46.715,0.189,-1.925,1.814,-189.27,107.361,87.219, , , , , , ,-78.964,-13.282,-59.496
 13:50:38.674,eb:33:2e:f9:57:b5, 2015-01-01 00:14:46.715,0.388,-1.732,1.581,-235.107,135.132,109.436, , , , , , ,-79.926,-12.673,-60.029
 13:50:38.674,eb:33:2e:f9:57:b5, 2015-01-01 00:14:46.715,0.538,-1.397,1.194,-292.358,155.762,123.413, , , , , , ,-81.129,-11.964,-60.677
 13:50:38.674,eb:33:2e:f9:57:b5, 2015-01-01 00:14:46.715,0.733,-1.093,0.777,-339.844,159.424,128.479, , , , , , ,-82.59,-11.228,-61.392
 13:50:38.677,eb:33:2e:f9:57:b5, 2015-01-01 00:14:46.715,1.053,-0.753,0.359,-387.207,152.771,123.718, , , , , , ,-84.216,-10.514,-62.413
 13:50:38.677,eb:33:2e:f9:57:b5, 2015-01-01 00:14:46.715,1.406,-0.387,0.028,-432.922,140.869,110.657, , , , , , ,-86.166,-9.871,-63.105
 13:50:38.677,eb:33:2e:f9:57:b5, 2015-01-01 00:14:46.715,1.775,-0.028,-0.134,-473.755,125,83.923, , , , , , ,-88.347,-9.366,-63.748
 13:50:38.677,eb:33:2e:f9:57:b5, 2015-01-01 00:14:46.715,2.053,0.304,-0.186,-505.798,100.952,43.64, , , , , , ,-90.725,-9.058,-64.314
 13:50:38.677,eb:33:2e:f9:57:b5, 2015-01-01 00:14:46.715,2.112,0.61,-0.258,-527.161,62.927,-5.92, , , , , , ,-93.203,-9.036,-64.979
 13:50:38.677,eb:33:2e:f9:57:b5, 2015-01-01 00:14:46.715,2.081,0.82,-0.446,-538.452,8.972,-55.298, , , , , , ,-95.856,-9.229,-65.127
 13:50:38.678,eb:33:2e:f9:57:b5, 2015-01-01 00:14:46.715,2.065,0.901,-0.618,-542.542,-55.42,-98.816, , , , , , ,-98.591,-9.613,-64.929
 13:50:38.678,eb:33:2e:f9:57:b5, 2015-01-01 00:14:46.715,2.045,0.868,-0.559,-543.091,-120.422,-135.62, , , , , , ,-101.409,-10.129,-64.347
 13:50:38.678,eb:33:2e:f9:57:b5, 2015-01-01 00:14:46.715,1.936,0.734,-0.25,-541.016,-178.162,-167.053, , , , , , ,-104.26,-10.761,-63.616
 13:50:38.678,eb:33:2e:f9:57:b5, 2015-01-01 00:14:46.715,1.72,0.516,0.186,-537.415,-226.013,-191.162, , , , , , ,-107.199,-11.354,-62.347
 13:50:38.678,eb:33:2e:f9:57:b5, 2015-01-01 00:14:46.715,1.429,0.266,0.622,-533.02,-262.756,-206.299, , , , , , ,-110.182,-11.909,-60.815
 13:50:38.678,eb:33:2e:f9:57:b5, 2015-01-01 00:14:46.715,1.128,0.017,1.009,-528.564,-289.978,-210.754, , , , , , ,-113.198,-12.365,-59.09
 13:50:38.678,eb:33:2e:f9:57:b5, 2015-01-01 00:14:46.715,0.868,-0.201,1.378,-524.719,-307.8,-207.092, , , , , , ,-116.235,-12.75,-57.426
 13:50:38.678,eb:33:2e:f9:57:b5, 2015-01-01 00:14:46.715,0.637,-0.363,1.693,-521.423,-320.129,-196.167, , , , , , ,-119.273,-12.909,-55.514
 13:50:38.678,eb:33:2e:f9:57:b5, 2015-01-01 00:14:46.715,0.418,-0.46,1.946,-518.799,-329.102,-180.603, , , , , , ,-122.3,-12.876,-53.591
 13:50:38.678,eb:33:2e:f9:57:b5, 2015-01-01 00:14:46.715,0.242,-0.505,2.109,-517.029,-337.585,-160.889, , , , , , ,-125.31,-12.656,-51.685
 13:50:39.416,eb:33:2e:f9:57:b5, 2015-01-01 00:14:46.715,0.165,-0.517,2.199,-516.052,-345.886,-137.451, , , , , , ,-128.331,-12.283,-49.988
 13:50:39.416,eb:33:2e:f9:57:b5, 2015-01-01 00:14:46.715,0.162,-0.509,2.299,-515.686,-351.929,-114.014, , , , , , ,-131.281,-11.64,-48.208
 13:50:39.416,eb:33:2e:f9:57:b5, 2015-01-01 00:14:46.715,0.19,-0.495,2.365,-514.099,-358.337,-92.59, , , , , , ,-134.182,-10.805,-46.527
 13:50:39.416,eb:33:2e:f9:57:b5, 2015-01-01 00:14:46.715,0.251,-0.462,2.36,-510.437,-368.591,-73.364, , , , , , ,-137.027,-9.789,-44.94
 13:50:39.416,eb:33:2e:f9:57:b5, 2015-01-01 00:14:46.715,0.349,-0.388,2.341,-505.188,-379.211,-58.533, , , , , , ,-139.883,-8.652,-43.544
 13:50:39.416,eb:33:2e:f9:57:b5, 2015-01-01 00:14:46.715,0.415,-0.315,2.394,-497.681,-388.794,-48.523, , , , , , ,-142.586,-7.311,-42.122
 13:50:39.416,eb:33:2e:f9:57:b5, 2015-01-01 00:14:46.715,0.432,-0.257,2.483,-488.22,-397.4,-43.823, , , , , , ,-145.201,-5.856,-40.77
 13:50:39.416,eb:33:2e:f9:57:b5, 2015-01-01 00:14:46.715,0.415,-0.232,2.546,-477.844,-406.433,-42.48, , , , , , ,-147.728,-4.296,-39.474
 13:50:41.983,eb:33:2e:f9:57:b5, 2015-01-01 00:14:46.715,0.679,-0.252,2.555,-467.834,-416.87,-41.443, , , , , , ,-150.271,-2.675,-38.309
 13:50:41.983,eb:33:2e:f9:57:b5, 2015-01-01 00:14:46.715,0.623,-0.606,2.253,170.166,-64.331,-251.343, , , , , , ,-94.444,-3.433,-56.673
 13:50:41.983,eb:33:2e:f9:57:b5, 2015-01-01 00:14:46.715,0.576,-0.686,2.202,155.09,-65.002,-260.742, , , , , , ,-93.664,-4.691,-56.255
 13:50:41.983,eb:33:2e:f9:57:b5, 2015-01-01 00:14:46.715,0.53,-0.782,2.2,138.428,-61.89,-266.296, , , , , , ,-92.977,-5.993,-55.86
 13:50:41.983,eb:33:2e:f9:57:b5, 2015-01-01 00:14:46.715,0.468,-0.897,2.23,120.789,-55.664,-267.944, , , , , , ,-92.307,-7.366,-55.794
 13:50:41.983,eb:33:2e:f9:57:b5, 2015-01-01 00:14:46.715,0.354,-1.017,2.252,102.295,-47.729,-265.076, , , , , , ,-91.802,-8.69,-55.486
 13:50:41.983,eb:33:2e:f9:57:b5, 2015-01-01 00:14:46.715,0.138,-1.135,2.24,83.191,-41.443,-256.897, , , , , , ,-91.39,-9.987,-55.228
 13:50:41.983,eb:33:2e:f9:57:b5, 2015-01-01 00:14:46.715,-0.193,-1.246,2.188,64.575,-41.87,-244.019, , , , , , ,-91.071,-11.228,-54.992
 13:50:43.783,eb:33:2e:f9:57:b5, 2015-01-01 00:14:46.715,-0.522,-1.372,2.111,46.753,-50.781,-222.595, , , , , , ,-90.764,-12.415,-55.047
 13:50:43.784,eb:33:2e:f9:57:b5, 2015-01-01 00:14:46.715,-0.7,-1.487,2.112,29.236,-62.622,-190.125, , , , , , ,-90.654,-13.431,-54.734
 13:50:43.784,eb:33:2e:f9:57:b5, 2015-01-01 00:14:46.715,-0.695,-1.578,2.357,5.615,-66.895,-142.639, , , , , , ,-90.659,-14.244,-54.382
 13:50:43.784,eb:33:2e:f9:57:b5, 2015-01-01 00:14:46.715,-0.688,-1.663,2.673,-16.663,-52.673,-104.309, , , , , , ,-90.775,-14.837,-54.069
 13:50:43.784,eb:33:2e:f9:57:b5, 2015-01-01 00:14:46.715,-0.692,-1.816,2.813,-43.518,-21.729,-65.674, , , , , , ,-90.89,-15.266,-54.201
 13:50:43.784,eb:33:2e:f9:57:b5, 2015-01-01 00:14:46.715,-0.575,-1.984,2.647,-76.721,19.958,-22.705, , , , , , ,-91.203,-15.463,-54.212
 13:50:43.784,eb:33:2e:f9:57:b5, 2015-01-01 00:14:46.715,-0.312,-2.056,2.265,-117.798,66.772,22.766, , , , , , ,-91.637,-15.447,-54.459
 13:50:43.784,eb:33:2e:f9:57:b5, 2015-01-01 00:14:46.715,-0.096,-1.955,1.862,-163.94,108.337,63.049, , , , , , ,-92.236,-15.227,-54.948
 13:50:46.566,eb:33:2e:f9:57:b5, 2015-01-01 00:14:46.715,0.017,-1.76,1.488,-209.595,136.414,93.75, , , , , , ,-92.933,-14.87,-55.926
 13:50:46.566,eb:33:2e:f9:57:b5, 2015-01-01 00:14:46.715,0.124,-1.564,1.127,-251.343,145.935,116.821, , , , , , ,-93.911,-14.376,-56.7
 13:50:46.566,eb:33:2e:f9:57:b5, 2015-01-01 00:14:46.715,0.303,-1.37,0.77,-288.33,137.878,133.667, , , , , , ,-95.092,-13.799,-57.486
 13:50:46.566,eb:33:2e:f9:57:b5, 2015-01-01 00:14:46.715,0.547,-1.157,0.431,-321.289,115.173,142.639, , , , , , ,-96.465,-13.167,-58.2
 13:50:46.566,eb:33:2e:f9:57:b5, 2015-01-01 00:14:46.715,0.811,-0.914,0.101,-351.44,85.938,143.066, , , , , , ,-97.971,-12.557,-59.052
 13:50:46.566,eb:33:2e:f9:57:b5, 2015-01-01 00:14:46.715,1.039,-0.68,-0.156,-379.272,53.223,135.254, , , , , , ,-99.717,-11.92,-59.496
 13:50:46.566,eb:33:2e:f9:57:b5, 2015-01-01 00:14:46.715,1.171,-0.462,-0.3,-403.931,19.043,119.507, , , , , , ,-101.629,-11.332,-59.782
 13:50:46.566,eb:33:2e:f9:57:b5, 2015-01-01 00:14:46.715,1.22,-0.266,-0.311,-423.767,-15.991,96.497, , , , , , ,-103.689,-10.811,-59.886
 13:50:37.215,eb:33:2e:f9:57:b5, 2015-01-01 00:14:45.910,-0.676,8.998,4.741,-96.924,-116.76,-58.472, , , , , , ,156.731,46.384,-41.177
 13:50:37.215,eb:33:2e:f9:57:b5, 2015-01-01 00:14:45.910,-0.633,8.892,4.124,-57.983,-72.998,-111.389, , , , , , ,156.616,46.972,-40.831
 13:50:37.215,eb:33:2e:f9:57:b5, 2015-01-01 00:14:45.910,-0.723,8.388,3.465,-21.118,-43.945,-158.325, , , , , , ,157.022,47.499,-40.034
 13:50:37.216,eb:33:2e:f9:57:b5, 2015-01-01 00:14:45.910,-0.919,7.586,2.937,15.686,-30.273,-192.261, , , , , , ,157.835,47.889,-38.809
 13:50:37.216,eb:33:2e:f9:57:b5, 2015-01-01 00:14:45.910,-1.09,6.701,2.855,54.016,-21.423,-214.661, , , , , , ,159.049,48.384,-37.436
 13:50:37.216,eb:33:2e:f9:57:b5, 2015-01-01 00:14:45.910,-1.234,5.844,2.997,92.163,-12.268,-226.074, , , , , , ,160.593,48.845,-35.898
 13:50:37.216,eb:33:2e:f9:57:b5, 2015-01-01 00:14:45.910,-1.34,4.999,2.988,127.686,-2.869,-227.539, , , , , , ,162.394,49.235,-34.266
 13:50:37.216,eb:33:2e:f9:57:b5, 2015-01-01 00:14:45.910,0.714,4.117,2.668,160.645,-0.305,-218.628, , , , , , ,164.339,49.427,-32.552
 13:50:37.216,eb:33:2e:f9:57:b5, 2015-01-01 00:14:45.910,0.872,-0.812,1.118,374.817,235.901,117.126, , , , , , ,-101.624,8.531,-46.719
 13:50:37.216,eb:33:2e:f9:57:b5, 2015-01-01 00:14:45.910,0.208,-0.885,2.514,437.195,297.18,190.063, , , , , , ,-99.866,9.108,-48.235
 13:50:37.216,eb:33:2e:f9:57:b5, 2015-01-01 00:14:45.910,-0.351,2.086,3.273,530.457,301.025,173.34, , , , , , ,-97.635,9.778,-49.933
 13:50:37.216,eb:33:2e:f9:57:b5, 2015-01-01 00:14:45.910,-0.266,4.98,2.829,489.441,196.838,125.244, , , , , , ,-95.262,10.217,-51.531
 13:50:37.216,eb:33:2e:f9:57:b5, 2015-01-01 00:14:45.910,0.003,3.922,3.893,444.275,125.977,98.816, , , , , , ,-93.115,10.701,-52.339
 13:50:37.217,eb:33:2e:f9:57:b5, 2015-01-01 00:14:45.910,0.483,2.341,4.022,409.302,94.482,81.116, , , , , , ,-91.093,11.129,-52.883
 13:50:37.218,eb:33:2e:f9:57:b5, 2015-01-01 00:14:45.910,0.423,1.826,4.7,366.089,96.863,57.861, , , , , , ,-89.275,11.459,-53.366
 13:50:37.234,eb:33:2e:f9:57:b5, 2015-01-01 00:14:45.910,0.222,1.615,5.798,352.173,118.225,25.391, , , , , , ,-87.55,11.574,-54.245
 13:50:37.234,eb:33:2e:f9:57:b5, 2015-01-01 00:14:45.910,0.176,1.517,6.763,374.207,121.216,-12.878, , , , , , ,-85.858,11.624,-54.866
 13:50:37.234,eb:33:2e:f9:57:b5, 2015-01-01 00:14:45.910,0.355,1.256,7.185,416.87,103.516,-55.359, , , , , , ,-83.979,11.481,-55.453
 13:50:37.234,eb:33:2e:f9:57:b5, 2015-01-01 00:14:45.910,0.495,0.728,7.145,458.679,79.285,-98.145, , , , , , ,-81.865,11.135,-55.953
 13:50:37.234,eb:33:2e:f9:57:b5, 2015-01-01 00:14:45.910,0.514,0.107,6.657,484.192,58.411,-135.559, , , , , , ,-79.497,10.53,-56.717
 13:50:37.234,eb:33:2e:f9:57:b5, 2015-01-01 00:14:45.910,0.492,-0.346,6.3,487.854,44.8,-172.058, , , , , , ,-77.13,9.811,-57.129
 13:50:37.234,eb:33:2e:f9:57:b5, 2015-01-01 00:14:45.910,0.491,-0.585,5.974,470.398,35.278,-204.59, , , , , , ,-74.8,8.926,-57.552
 13:50:37.234,eb:33:2e:f9:57:b5, 2015-01-01 00:14:45.910,0.531,-0.751,5.721,436.279,30.212,-232.666, , , , , , ,-72.614,7.905,-58.024
 13:50:37.323,eb:33:2e:f9:57:b5, 2015-01-01 00:14:45.910,0.583,-0.964,5.493,391.052,30.762,-255.188, , , , , , ,-70.549,6.773,-58.903
 13:50:37.323,eb:33:2e:f9:57:b5, 2015-01-01 00:14:45.910,0.658,-1.256,5.229,340.027,37.17,-272.522, , , , , , ,-68.813,5.587,-59.529
 13:50:37.323,eb:33:2e:f9:57:b5, 2015-01-01 00:14:45.910,0.709,-1.589,4.919,289.49,45.288,-282.959, , , , , , ,-67.33,4.367,-60.249
 13:50:37.323,eb:33:2e:f9:57:b5, 2015-01-01 00:14:45.910,0.654,-1.899,4.566,242.004,53.589,-287.842, , , , , , ,-66.077,3.153,-61.051
 13:50:37.323,eb:33:2e:f9:57:b5, 2015-01-01 00:14:45.910,0.393,-2.143,4.213,200.684,54.871,-285.706, , , , , , ,-64.946,1.989,-62.243
 13:50:37.323,eb:33:2e:f9:57:b5, 2015-01-01 00:14:45.910,0.01,-2.347,3.789,166.687,41.809,-274.841, , , , , , ,-64.067,0.824,-63.067
 13:50:37.323,eb:33:2e:f9:57:b5, 2015-01-01 00:14:45.910,-0.191,-2.568,3.444,140.015,13.855,-252.991, , , , , , ,-63.32,-0.286,-63.765
 13:50:37.323,eb:33:2e:f9:57:b5, 2015-01-01 00:14:45.910,-0.181,-2.767,3.314,116.577,-13.489,-225.769, , , , , , ,-62.682,-1.351,-64.286
 13:50:37.325,eb:33:2e:f9:57:b5, 2015-01-01 00:14:45.910,-0.037,-2.986,3.382,92.712,-25.757,-198.914, , , , , , ,-62.067,-2.285,-65.023
 13:50:37.326,eb:33:2e:f9:57:b5, 2015-01-01 00:14:45.910,0.078,-3.187,3.411,63.538,-13.367,-173.706, , , , , , ,-61.672,-3.148,-65.369
 13:50:37.326,eb:33:2e:f9:57:b5, 2015-01-01 00:14:45.910,0.215,-3.29,3.194,26.978,17.334,-147.217, , , , , , ,-61.436,-3.834,-65.764
 13:50:37.326,eb:33:2e:f9:57:b5, 2015-01-01 00:14:45.910,0.399,-3.264,2.846,-16.174,56.213,-117.798, , , , , , ,-61.392,-4.307,-66.253
 13:50:37.326,eb:33:2e:f9:57:b5, 2015-01-01 00:14:45.910,0.559,-3.176,2.455,-65.552,95.154,-88.928, , , , , , ,-61.485,-4.499,-67.192
 13:50:37.326,eb:33:2e:f9:57:b5, 2015-01-01 00:14:45.910,0.848,-3.142,1.812,-124.268,119.263,-68.848, , , , , , ,-61.93,-4.57,-67.868
 13:50:37.326,eb:33:2e:f9:57:b5, 2015-01-01 00:14:45.910,1.467,-3.214,-0.082,-198.181,130.31,-34.912, , , , , , ,-62.71,-4.493,-68.549
 13:50:37.326,eb:33:2e:f9:57:b5, 2015-01-01 00:14:45.910,2.391,-3.156,-2.334,-299.438,129.272,-13.733, , , , , , ,-63.946,-4.301,-69.175
 13:50:37.326,eb:33:2e:f9:57:b5, 2015-01-01 00:14:45.910,2.468,-2.893,-4.186,-414.185,119.873,-10.01, , , , , , ,-65.665,-4.032,-70.098
 13:50:37.326,eb:33:2e:f9:57:b5, 2015-01-01 00:14:45.910,1.893,-2.477,-3.583,-509.888,42.48,-37.781, , , , , , ,-68.005,-3.994,-70.527
 13:50:37.326,eb:33:2e:f9:57:b5, 2015-01-01 00:14:45.910,1.853,-2.15,-2.578,-551.025,-65.43,-52.246, , , , , , ,-70.692,-4.252,-70.51
 13:50:37.326,eb:33:2e:f9:57:b5, 2015-01-01 00:14:45.910,2.086,-1.728,-1.722,-575.317,-162.964,-68.481, , , , , , ,-73.564,-4.735,-70.005
 13:50:37.327,eb:33:2e:f9:57:b5, 2015-01-01 00:14:45.910,2.072,-1.46,-1.031,-596.069,-225.281,-93.689, , , , , , ,-76.509,-5.394,-69.434
 13:50:37.327,eb:33:2e:f9:57:b5, 2015-01-01 00:14:45.910,1.905,-1.573,-0.564,-616.76,-267.395,-112.366, , , , , , ,-79.662,-6.169,-68.307
 13:50:37.327,eb:33:2e:f9:57:b5, 2015-01-01 00:14:45.910,1.744,-1.745,-0.129,-637.634,-297.363,-125.549, , , , , , ,-82.963,-6.987,-66.973
 13:50:37.327,eb:33:2e:f9:57:b5, 2015-01-01 00:14:45.910,1.587,-1.76,0.368,-657.898,-316.772,-135.925, , , , , , ,-86.407,-7.784,-65.479
 13:50:37.863,eb:33:2e:f9:57:b5, 2015-01-01 00:14:45.910,1.359,-1.673,0.881,-678.101,-327.454,-145.142, , , , , , ,-89.929,-8.575,-64.155
 13:50:37.863,eb:33:2e:f9:57:b5, 2015-01-01 00:14:45.910,1.148,-1.589,1.307,-699.097,-331.726,-151.855, , , , , , ,-93.642,-9.272,-62.463
 13:50:37.863,eb:33:2e:f9:57:b5, 2015-01-01 00:14:45.910,1.006,-1.528,1.641,-720.337,-335.266,-152.283, , , , , , ,-97.498,-9.866,-60.699
 13:50:37.863,eb:33:2e:f9:57:b5, 2015-01-01 00:14:45.910,0.979,-1.412,1.937,-738.77,-340.271,-150.452, , , , , , ,-101.475,-10.333,-58.881
 13:50:37.863,eb:33:2e:f9:57:b5, 2015-01-01 00:14:45.910,1.009,-1.167,2.252,-753.784,-343.079,-149.536, , , , , , ,-105.535,-10.723,-57.261
 13:50:37.863,eb:33:2e:f9:57:b5, 2015-01-01 00:14:45.910,0.973,-0.745,2.653,-762.573,-343.018,-154.663, , , , , , ,-109.688,-10.931,-55.36
 13:50:37.864,eb:33:2e:f9:57:b5, 2015-01-01 00:14:45.910,0.819,-0.342,3.06,-759.338,-350.647,-161.987, , , , , , ,-113.868,-11.025,-53.421
 13:50:37.864,eb:33:2e:f9:57:b5, 2015-01-01 00:14:45.910,0.693,-0.031,3.374,-740.784,-370.605,-174.255, , , , , , ,-118.004,-10.992,-51.389
 13:50:37.908,eb:33:2e:f9:57:b5, 2015-01-01 00:14:46.715,0.612,0.236,3.52,-710.754,-398.987,-189.148, , , , , , ,-122.08,-10.898,-49.389
 13:50:37.908,eb:33:2e:f9:57:b5, 2015-01-01 00:14:46.715,0.491,0.336,3.427,-677.185,-431.519,-195.801, , , , , , ,-125.958,-10.53,-47.076
 13:50:37.908,eb:33:2e:f9:57:b5, 2015-01-01 00:14:46.715,0.423,0.286,3.157,-647.4,-459.656,-196.655, , , , , , ,-129.683,-9.937,-44.665
 13:50:37.908,eb:33:2e:f9:57:b5, 2015-01-01 00:14:46.715,0.341,-0.032,2.925,-621.582,-482.849,-190.308, , , , , , ,-133.248,-9.086,-42.215
 13:50:37.908,eb:33:2e:f9:57:b5, 2015-01-01 00:14:46.715,0.265,-0.378,2.767,-599.304,-500.244,-177.49, , , , , , ,-136.725,-8.058,-39.946
 13:50:37.908,eb:33:2e:f9:57:b5, 2015-01-01 00:14:46.715,0.149,-0.639,2.693,-580.872,-514.038,-155.579, , , , , , ,-139.96,-6.702,-37.623
 13:50:37.908,eb:33:2e:f9:57:b5, 2015-01-01 00:14:46.715,0.059,-0.825,2.761,-566.772,-518.982,-131.287, , , , , , ,-143.047,-5.12,-35.447
 13:50:37.908,eb:33:2e:f9:57:b5, 2015-01-01 00:14:46.715,-0.03,-0.981,2.897,-555.542,-515.869,-102.783, , , , , , ,-145.992,-3.345,-33.475
 13:50:37.911,eb:33:2e:f9:57:b5, 2015-01-01 00:14:46.715,-0.166,-1.11,3.06,-546.692,-505.554,-73.181, , , , , , ,-148.931,-1.472,-31.871
 13:50:37.911,eb:33:2e:f9:57:b5, 2015-01-01 00:14:46.715,-0.268,-1.205,3.104,-539.307,-494.934,-40.955, , , , , , ,-151.655,0.555,-30.399
 13:50:37.911,eb:33:2e:f9:57:b5, 2015-01-01 00:14:46.715,-0.361,-1.205,3.1,-533.264,-486.511,-6.47, , , , , , ,-154.297,2.692,-29.191
 13:50:37.911,eb:33:2e:f9:57:b5, 2015-01-01 00:14:46.715,-0.342,-1.078,3.106,-528.87,-480.652,25.208, , , , , , ,-156.89,4.911,-28.251
 13:50:37.911,eb:33:2e:f9:57:b5, 2015-01-01 00:14:46.715,-0.339,-0.906,3.135,-525.757,-481.201,56.702, , , , , , ,-159.604,7.213,-27.664
 13:50:37.911,eb:33:2e:f9:57:b5, 2015-01-01 00:14:46.715,-0.298,-0.715,3.241,-524.048,-486.694,84.106, , , , , , ,-162.164,9.619,-27.213
 13:50:37.911,eb:33:2e:f9:57:b5, 2015-01-01 00:14:46.715,-0.222,-0.548,3.383,-523.438,-496.46,106.14, , , , , , ,-164.74,12.112,-26.977
 13:50:37.911,eb:33:2e:f9:57:b5, 2015-01-01 00:14:46.715,-0.205,-0.379,3.533,-523.926,-514.282,127.502, , , , , , ,-167.349,14.716,-26.944
 13:50:37.911,eb:33:2e:f9:57:b5, 2015-01-01 00:14:46.715,-0.164,-0.095,3.708,-526.184,-535.095,144.531, , , , , , ,-170.189,17.474,-27.191
 13:50:37.911,eb:33:2e:f9:57:b5, 2015-01-01 00:14:46.715,-0.089,0.31,3.94,-529.968,-556.03,159.912, , , , , , ,-172.952,20.292,-27.57
 13:50:37.911,eb:33:2e:f9:57:b5, 2015-01-01 00:14:46.715,-0.137,0.788,4.301,-534.241,-575.256,180.481, , , , , , ,-175.847,23.203,-28.191
 13:50:37.911,eb:33:2e:f9:57:b5, 2015-01-01 00:14:46.715,-0.127,1.31,4.874,-538.818,-581.604,195.19, , , , , , ,-178.907,26.136,-29.086
 13:50:37.911,eb:33:2e:f9:57:b5, 2015-01-01 00:14:46.715,-0.256,1.902,5.687,-537.598,-575.439,220.032, , , , , , ,177.786,29.07,-30.333
 13:50:37.911,eb:33:2e:f9:57:b5, 2015-01-01 00:14:46.715,-0.398,2.495,6.4,-528.687,-555.908,235.352, , , , , , ,174.337,31.805,-31.882
 13:50:37.912,eb:33:2e:f9:57:b5, 2015-01-01 00:14:46.715,-0.593,3.312,7.022,-507.996,-525.574,245.544, , , , , , ,170.739,34.321,-33.734
 13:50:37.912,eb:33:2e:f9:57:b5, 2015-01-01 00:14:46.715,-0.903,4.35,7.448,-472.168,-485.596,248.779, , , , , , ,167.086,36.546,-35.815
 13:50:37.914,eb:33:2e:f9:57:b5, 2015-01-01 00:14:46.715,-1.368,5.47,7.589,-418.518,-446.594,244.873, , , , , , ,163.526,38.43,-38.029
 13:50:37.914,eb:33:2e:f9:57:b5, 2015-01-01 00:14:46.715,-1.526,6.44,7.27,-347.229,-416.321,223.083, , , , , , ,160.192,40.1,-40.32
 13:50:37.914,eb:33:2e:f9:57:b5, 2015-01-01 00:14:46.715,-1.454,7.039,6.792,-269.348,-386.536,190.674, , , , , , ,157.242,41.589,-42.539
 13:50:37.914,eb:33:2e:f9:57:b5, 2015-01-01 00:14:46.715,-1.162,7.609,6.239,-201.111,-344.543,144.531, , , , , , ,154.753,42.913,-44.544
 13:50:37.914,eb:33:2e:f9:57:b5, 2015-01-01 00:14:46.715,-0.86,8.273,5.658,-149.719,-289.429,90.637, , , , , , ,152.77,43.973,-46.11
 13:50:37.914,eb:33:2e:f9:57:b5, 2015-01-01 00:14:46.715,-0.582,8.709,5.022,-117.249,-221.924,25.818, , , , , , ,151.326,44.956,-47.247
 13:50:37.914,eb:33:2e:f9:57:b5, 2015-01-01 00:14:46.715,-0.329,8.381,3.968,-95.642,-152.344,-44.739, , , , , , ,150.436,45.78,-47.774
 13:50:37.914,eb:33:2e:f9:57:b5, 2015-01-01 00:14:46.715,-0.663,7.873,2.896,-81.604,-98.694,-107.117, , , , , , ,150.079,46.5,-47.664
 13:50:37.914,eb:33:2e:f9:57:b5, 2015-01-01 00:14:46.715,0.961,7.514,2.145,-62.317,-88.379,-153.198, , , , , , ,150.09,47.126,-47.043
 13:50:37.914,eb:33:2e:f9:57:b5, 2015-01-01 00:14:46.715,0.839,0.788,2.757,230.347,29.541,-89.233, , , , , , ,-98.047,7.718,-51.79
 13:50:37.914,eb:33:2e:f9:57:b5, 2015-01-01 00:14:46.715,0.815,0.684,3.399,258.667,10.254,-117.432, , , , , , ,-96.812,7.174,-51.812
 13:50:37.914,eb:33:2e:f9:57:b5, 2015-01-01 00:14:46.715,0.808,0.501,3.826,287.781,-4.395,-145.63, , , , , , ,-95.422,6.509,-51.74
 13:50:37.914,eb:33:2e:f9:57:b5, 2015-01-01 00:14:46.715,0.761,0.218,3.969,311.462,-11.902,-172.424, , , , , , ,-93.845,5.603,-51.921
 13:50:37.914,eb:33:2e:f9:57:b5, 2015-01-01 00:14:46.715,0.716,-0.11,3.887,324.768,-14.587,-195.312, , , , , , ,-92.236,4.675,-51.806
 13:50:37.914,eb:33:2e:f9:57:b5, 2015-01-01 00:14:46.715,0.721,-0.413,3.734,326.721,-13.55,-213.745, , , , , , ,-90.593,3.642,-51.707
 13:50:37.914,eb:33:2e:f9:57:b5, 2015-01-01 00:14:46.715,0.739,-0.646,3.631,318.97,-8.911,-228.882, , , , , , ,-88.973,2.527,-51.658
 13:50:37.931,eb:33:2e:f9:57:b5, 2015-01-01 00:14:46.715,0.715,-0.841,3.535,303.65,-2.136,-241.272, , , , , , ,-87.358,1.28,-51.982
 13:50:37.931,eb:33:2e:f9:57:b5, 2015-01-01 00:14:46.715,0.667,-1.017,3.399,283.569,4.395,-250.977, , , , , , ,-85.897,0.044,-52.064
 13:50:37.931,eb:33:2e:f9:57:b5, 2015-01-01 00:14:46.715,0.637,-1.163,3.229,260.193,8.911,-257.446, , , , , , ,-84.545,-1.219,-52.207
 13:50:37.931,eb:33:2e:f9:57:b5, 2015-01-01 00:14:46.715,0.61,-1.264,3.042,234.192,12.146,-259.766, , , , , , ,-83.315,-2.505,-52.399
 13:50:37.931,eb:33:2e:f9:57:b5, 2015-01-01 00:14:46.715,0.585,-1.326,2.878,206.909,15.564,-258.728, , , , , , ,-82.123,-3.812,-52.971
 13:50:37.931,eb:33:2e:f9:57:b5, 2015-01-01 00:14:46.715,0.559,-1.369,2.728,179.321,19.47,-254.395, , , , , , ,-81.151,-5.07,-53.245
 13:50:37.931,eb:33:2e:f9:57:b5, 2015-01-01 00:14:46.715,0.534,-1.397,2.623,152.344,24.353,-247.498, , , , , , ,-80.305,-6.29,-53.558
 13:50:37.931,eb:33:2e:f9:57:b5, 2015-01-01 00:14:46.715,0.515,-1.411,2.561,127.014,29.968,-238.281, , , , , , ,-79.574,-7.46,-53.91
 13:50:38.043,eb:33:2e:f9:57:b5, 2015-01-01 00:14:46.715,0.496,-1.422,2.54,103.76,37.415,-226.746, , , , , , ,-78.86,-8.569,-54.646
 13:50:38.043,eb:33:2e:f9:57:b5, 2015-01-01 00:14:46.715,0.457,-1.433,2.556,83.008,46.936,-213.379, , , , , , ,-78.333,-9.597,-55.08
 13:50:38.043,eb:33:2e:f9:57:b5, 2015-01-01 00:14:46.715,0.365,-1.433,2.561,63.904,56.213,-198.242, , , , , , ,-77.893,-10.547,-55.558
 13:50:38.043,eb:33:2e:f9:57:b5, 2015-01-01 00:14:46.715,0.192,-1.42,2.483,45.898,61.768,-181.702, , , , , , ,-77.531,-11.404,-56.058
 13:50:38.043,eb:33:2e:f9:57:b5, 2015-01-01 00:14:46.715,-0.081,-1.421,2.323,29.114,58.899,-162.964, , , , , , ,-77.146,-12.162,-56.904
 13:50:38.043,eb:33:2e:f9:57:b5, 2015-01-01 00:14:46.715,-0.358,-1.464,2.109,13.123,44.8,-139.099, , , , , , ,-76.959,-12.832,-57.332
 13:50:38.043,eb:33:2e:f9:57:b5, 2015-01-01 00:14:46.715,-0.474,-1.54,1.943,-3.662,24.597,-107.605, , , , , , ,-76.871,-13.381,-57.64
 13:50:38.043,eb:33:2e:f9:57:b5, 2015-01-01 00:14:46.715,-0.412,-1.608,1.968,-23.254,8.24,-72.693, , , , , , ,-76.91,-13.788,-57.81
 13:50:38.674,eb:33:2e:f9:57:b5, 2015-01-01 00:14:46.715,-0.319,-1.674,2.12,-47.119,5.127,-39.307, , , , , , ,-76.965,-14.024,-58.255
 13:50:38.674,eb:33:2e:f9:57:b5, 2015-01-01 00:14:46.715,-0.269,-1.774,2.219,-75.562,18.066,-8.789, , , , , , ,-77.267,-14.112,-58.337
 13:50:38.674,eb:33:2e:f9:57:b5, 2015-01-01 00:14:46.715,-0.177,-1.907,2.156,-108.826,43.213,22.888, , , , , , ,-77.706,-14.03,-58.491
 13:50:38.674,eb:33:2e:f9:57:b5, 2015-01-01 00:14:46.715,-0.012,-1.979,1.995,-146.545,74.28,56.946, , , , , , ,-78.294,-13.755,-58.755
 13:50:38.674,eb:33:2e:f9:57:b5, 2015-01-01 00:14:46.715,0.189,-1.925,1.814,-189.27,107.361,87.219, , , , , , ,-78.964,-13.282,-59.496
 13:50:38.674,eb:33:2e:f9:57:b5, 2015-01-01 00:14:46.715,0.388,-1.732,1.581,-235.107,135.132,109.436, , , , , , ,-79.926,-12.673,-60.029
 13:50:38.674,eb:33:2e:f9:57:b5, 2015-01-01 00:14:46.715,0.538,-1.397,1.194,-292.358,155.762,123.413, , , , , , ,-81.129,-11.964,-60.677
 13:50:38.674,eb:33:2e:f9:57:b5, 2015-01-01 00:14:46.715,0.733,-1.093,0.777,-339.844,159.424,128.479, , , , , , ,-82.59,-11.228,-61.392
 13:50:38.677,eb:33:2e:f9:57:b5, 2015-01-01 00:14:46.715,1.053,-0.753,0.359,-387.207,152.771,123.718, , , , , , ,-84.216,-10.514,-62.413
 13:50:38.677,eb:33:2e:f9:57:b5, 2015-01-01 00:14:46.715,1.406,-0.387,0.028,-432.922,140.869,110.657, , , , , , ,-86.166,-9.871,-63.105
 13:50:38.677,eb:33:2e:f9:57:b5, 2015-01-01 00:14:46.715,1.775,-0.028,-0.134,-473.755,125,83.923, , , , , , ,-88.347,-9.366,-63.748
 13:50:38.677,eb:33:2e:f9:57:b5, 2015-01-01 00:14:46.715,2.053,0.304,-0.186,-505.798,100.952,43.64, , , , , , ,-90.725,-9.058,-64.314
 13:50:38.677,eb:33:2e:f9:57:b5, 2015-01-01 00:14:46.715,2.112,0.61,-0.258,-527.161,62.927,-5.92, , , , , , ,-93.203,-9.036,-64.979
 13:50:38.677,eb:33:2e:f9:57:b5, 2015-01-01 00:14:46.715,2.081,0.82,-0.446,-538.452,8.972,-55.298, , , , , , ,-95.856,-9.229,-65.127
 13:50:38.678,eb:33:2e:f9:57:b5, 2015-01-01 00:14:46.715,2.065,0.901,-0.618,-542.542,-55.42,-98.816, , , , , , ,-98.591,-9.613,-64.929
 13:50:38.678,eb:33:2e:f9:57:b5, 2015-01-01 00:14:46.715,2.045,0.868,-0.559,-543.091,-120.422,-135.62, , , , , , ,-101.409,-10.129,-64.347
 13:50:38.678,eb:33:2e:f9:57:b5, 2015-01-01 00:14:46.715,1.936,0.734,-0.25,-541.016,-178.162,-167.053, , , , , , ,-104.26,-10.761,-63.616
 13:50:38.678,eb:33:2e:f9:57:b5, 2015-01-01 00:14:46.715,1.72,0.516,0.186,-537.415,-226.013,-191.162, , , , , , ,-107.199,-11.354,-62.347
 13:50:38.678,eb:33:2e:f9:57:b5, 2015-01-01 00:14:46.715,1.429,0.266,0.622,-533.02,-262.756,-206.299, , , , , , ,-110.182,-11.909,-60.815
 13:50:38.678,eb:33:2e:f9:57:b5, 2015-01-01 00:14:46.715,1.128,0.017,1.009,-528.564,-289.978,-210.754, , , , , , ,-113.198,-12.365,-59.09
 13:50:38.678,eb:33:2e:f9:57:b5, 2015-01-01 00:14:46.715,0.868,-0.201,1.378,-524.719,-307.8,-207.092, , , , , , ,-116.235,-12.75,-57.426
 13:50:38.678,eb:33:2e:f9:57:b5, 2015-01-01 00:14:46.715,0.637,-0.363,1.693,-521.423,-320.129,-196.167, , , , , , ,-119.273,-12.909,-55.514
 13:50:38.678,eb:33:2e:f9:57:b5, 2015-01-01 00:14:46.715,0.418,-0.46,1.946,-518.799,-329.102,-180.603, , , , , , ,-122.3,-12.876,-53.591
 13:50:38.678,eb:33:2e:f9:57:b5, 2015-01-01 00:14:46.715,0.242,-0.505,2.109,-517.029,-337.585,-160.889, , , , , , ,-125.31,-12.656,-51.685
 13:50:39.416,eb:33:2e:f9:57:b5, 2015-01-01 00:14:46.715,0.165,-0.517,2.199,-516.052,-345.886,-137.451, , , , , , ,-128.331,-12.283,-49.988
 13:50:39.416,eb:33:2e:f9:57:b5, 2015-01-01 00:14:46.715,0.162,-0.509,2.299,-515.686,-351.929,-114.014, , , , , , ,-131.281,-11.64,-48.208
 13:50:39.416,eb:33:2e:f9:57:b5, 2015-01-01 00:14:46.715,0.19,-0.495,2.365,-514.099,-358.337,-92.59, , , , , , ,-134.182,-10.805,-46.527
 13:50:39.416,eb:33:2e:f9:57:b5, 2015-01-01 00:14:46.715,0.251,-0.462,2.36,-510.437,-368.591,-73.364, , , , , , ,-137.027,-9.789,-44.94
 13:50:39.416,eb:33:2e:f9:57:b5, 2015-01-01 00:14:46.715,0.349,-0.388,2.341,-505.188,-379.211,-58.533, , , , , , ,-139.883,-8.652,-43.544
 13:50:39.416,eb:33:2e:f9:57:b5, 2015-01-01 00:14:46.715,0.415,-0.315,2.394,-497.681,-388.794,-48.523, , , , , , ,-142.586,-7.311,-42.122
 13:50:39.416,eb:33:2e:f9:57:b5, 2015-01-01 00:14:46.715,0.432,-0.257,2.483,-488.22,-397.4,-43.823, , , , , , ,-145.201,-5.856,-40.77
 13:50:39.416,eb:33:2e:f9:57:b5, 2015-01-01 00:14:46.715,0.415,-0.232,2.546,-477.844,-406.433,-42.48, , , , , , ,-147.728,-4.296,-39.474
 13:50:41.983,eb:33:2e:f9:57:b5, 2015-01-01 00:14:46.715,0.679,-0.252,2.555,-467.834,-416.87,-41.443, , , , , , ,-150.271,-2.675,-38.309
 13:50:41.983,eb:33:2e:f9:57:b5, 2015-01-01 00:14:46.715,0.623,-0.606,2.253,170.166,-64.331,-251.343, , , , , , ,-94.444,-3.433,-56.673
 13:50:41.983,eb:33:2e:f9:57:b5, 2015-01-01 00:14:46.715,0.576,-0.686,2.202,155.09,-65.002,-260.742, , , , , , ,-93.664,-4.691,-56.255
 13:50:41.983,eb:33:2e:f9:57:b5, 2015-01-01 00:14:46.715,0.53,-0.782,2.2,138.428,-61.89,-266.296, , , , , , ,-92.977,-5.993,-55.86
 13:50:41.983,eb:33:2e:f9:57:b5, 2015-01-01 00:14:46.715,0.468,-0.897,2.23,120.789,-55.664,-267.944, , , , , , ,-92.307,-7.366,-55.794
 13:50:41.983,eb:33:2e:f9:57:b5, 2015-01-01 00:14:46.715,0.354,-1.017,2.252,102.295,-47.729,-265.076, , , , , , ,-91.802,-8.69,-55.486
 13:50:41.983,eb:33:2e:f9:57:b5, 2015-01-01 00:14:46.715,0.138,-1.135,2.24,83.191,-41.443,-256.897, , , , , , ,-91.39,-9.987,-55.228
 13:50:41.983,eb:33:2e:f9:57:b5, 2015-01-01 00:14:46.715,-0.193,-1.246,2.188,64.575,-41.87,-244.019, , , , , , ,-91.071,-11.228,-54.992
 13:50:43.783,eb:33:2e:f9:57:b5, 2015-01-01 00:14:46.715,-0.522,-1.372,2.111,46.753,-50.781,-222.595, , , , , , ,-90.764,-12.415,-55.047
 13:50:43.784,eb:33:2e:f9:57:b5, 2015-01-01 00:14:46.715,-0.7,-1.487,2.112,29.236,-62.622,-190.125, , , , , , ,-90.654,-13.431,-54.734
 13:50:43.784,eb:33:2e:f9:57:b5, 2015-01-01 00:14:46.715,-0.695,-1.578,2.357,5.615,-66.895,-142.639, , , , , , ,-90.659,-14.244,-54.382
 13:50:43.784,eb:33:2e:f9:57:b5, 2015-01-01 00:14:46.715,-0.688,-1.663,2.673,-16.663,-52.673,-104.309, , , , , , ,-90.775,-14.837,-54.069
 13:50:43.784,eb:33:2e:f9:57:b5, 2015-01-01 00:14:46.715,-0.692,-1.816,2.813,-43.518,-21.729,-65.674, , , , , , ,-90.89,-15.266,-54.201
 13:50:43.784,eb:33:2e:f9:57:b5, 2015-01-01 00:14:46.715,-0.575,-1.984,2.647,-76.721,19.958,-22.705, , , , , , ,-91.203,-15.463,-54.212
 13:50:43.784,eb:33:2e:f9:57:b5, 2015-01-01 00:14:46.715,-0.312,-2.056,2.265,-117.798,66.772,22.766, , , , , , ,-91.637,-15.447,-54.459
 13:50:43.784,eb:33:2e:f9:57:b5, 2015-01-01 00:14:46.715,-0.096,-1.955,1.862,-163.94,108.337,63.049, , , , , , ,-92.236,-15.227,-54.948
 13:50:46.566,eb:33:2e:f9:57:b5, 2015-01-01 00:14:46.715,0.017,-1.76,1.488,-209.595,136.414,93.75, , , , , , ,-92.933,-14.87,-55.926
 13:50:46.566,eb:33:2e:f9:57:b5, 2015-01-01 00:14:46.715,0.124,-1.564,1.127,-251.343,145.935,116.821, , , , , , ,-93.911,-14.376,-56.7
 13:50:46.566,eb:33:2e:f9:57:b5, 2015-01-01 00:14:46.715,0.303,-1.37,0.77,-288.33,137.878,133.667, , , , , , ,-95.092,-13.799,-57.486
 13:50:46.566,eb:33:2e:f9:57:b5, 2015-01-01 00:14:46.715,0.547,-1.157,0.431,-321.289,115.173,142.639, , , , , , ,-96.465,-13.167,-58.2
 13:50:46.566,eb:33:2e:f9:57:b5, 2015-01-01 00:14:46.715,0.811,-0.914,0.101,-351.44,85.938,143.066, , , , , , ,-97.971,-12.557,-59.052
 13:50:46.566,eb:33:2e:f9:57:b5, 2015-01-01 00:14:46.715,1.039,-0.68,-0.156,-379.272,53.223,135.254, , , , , , ,-99.717,-11.92,-59.496
 13:50:46.566,eb:33:2e:f9:57:b5, 2015-01-01 00:14:46.715,1.171,-0.462,-0.3,-403.931,19.043,119.507, , , , , , ,-101.629,-11.332,-59.782
 13:50:46.566,eb:33:2e:f9:57:b5, 2015-01-01 00:14:46.715,1.22,-0.266,-0.311,-423.767,-15.991,96.497, , , , , , ,-103.689,-10.811,-59.886
