Time,Device name,Chip Time(),Acceleration X(g),Acceleration Y(g),Acceleration Z(g),Angular velocity X(°/s),Angular velocity Y(°/s),Angular velocity Z(°/s),Angle X(°),Angle Y(°),Angle Z(°),Magnetic field X(ʯt),Magnetic field Y(ʯt),Magnetic field Z(ʯt),Temperature(℃),Quaternions 0(),Quaternions 1(),Quaternions 2(),Quaternions 3()
 13:48:22.199,eb:33:2e:f9:57:b5, 2085-97-48 00:45:00:1990,0.014,-0.002,0.959,-21.606,-13.184,12.634,5.175,4.109,-140.883,-48.2,-55.8,-20.487,29.49,0.31888,0.0397,-0.03296,-0.94635
 13:48:22.200,eb:33:2e:f9:57:b5, 2085-97-07 00:152:00:2025,-0.004,0.048,0.983,-22.766,-13.428,9.033,4.955,3.966,-140.79,-48.2,-55.8,-20.487,29.49,0.31888,0.0397,-0.03296,-0.94635
 13:48:22.200,eb:33:2e:f9:57:b5, 2085-97-234 255:251:00:2026,-0.019,0.099,0.989,-23.132,-13.733,4.883,4.73,3.829,-140.735,-48.2,-55.8,-20.487,29.49,0.31888,0.0397,-0.03296,-0.94635
 13:48:22.200,eb:33:2e:f9:57:b5, 2085-97-205 255:94:01:2040,-0.03,0.147,0.992,-23.193,-14.404,0.427,4.499,3.686,-140.724,-48.2,-55.8,-20.487,29.49,0.31888,0.0397,-0.03296,-0.94635
 13:48:22.227,eb:33:2e:f9:57:b5, 2085-97-187 255:186:01:2082,-0.038,0.193,1.004,-21.973,-14.587,-4.333,4.268,3.543,-140.757,-46.2,-57.3,-26.307,29.49,0.31888,0.0397,-0.03296,-0.94635
 13:48:22.227,eb:33:2e:f9:57:b5, 2085-97-171 255:253:01:2103,-0.048,0.234,1.025,-19.104,-13.794,-9.46,4.059,3.406,-140.839,-46.2,-57.3,-26.307,29.49,0.31888,0.0397,-0.03296,-0.94635
 13:48:22.227,eb:33:2e:f9:57:b5, 2085-97-144 255:16:02:2061,-0.058,0.257,1.018,-15.93,-12.39,-14.16,3.878,3.285,-140.971,-46.2,-57.3,-26.307,29.49,0.31888,0.0397,-0.03296,-0.94635
 13:48:22.227,eb:33:2e:f9:57:b5, 2085-97-129 255:00:02:2058,-0.065,0.255,1.003,-13.428,-11.414,-17.273,3.719,3.175,-141.141,-46.2,-57.3,-26.307,29.49,0.31888,0.0397,-0.03296,-0.94635
 13:48:22.257,eb:33:2e:f9:57:b5, 2085-97-118 255:231:01:2058,-0.071,0.244,1.006,-10.498,-9.766,-18.494,3.593,3.082,-141.328,-46.2,-57.3,-26.307,29.49,0.31888,0.0397,-0.03296,-0.94635
 13:48:22.257,eb:33:2e:f9:57:b5, 2085-97-106 255:197:01:2033,-0.075,0.23,0.999,-6.104,-8.057,-17.944,3.499,3.005,-141.52,-46.2,-57.3,-26.307,29.49,0.31888,0.0397,-0.03296,-0.94635
 13:48:22.257,eb:33:2e:f9:57:b5, 2085-97-102 255:143:01:2035,-0.072,0.209,0.992,-0.732,-6.531,-15.686,3.455,2.944,-141.691,-46.2,-57.3,-26.307,29.49,0.31888,0.0397,-0.03296,-0.94635
 13:48:22.257,eb:33:2e:f9:57:b5, 2085-97-115 255:102:01:2013,-0.064,0.184,0.993,5.005,-4.272,-11.414,3.477,2.9,-141.828,-46.2,-57.3,-26.307,29.49,0.31888,0.0397,-0.03296,-0.94635
 13:48:22.346,eb:33:2e:f9:57:b5, 2085-97-137 255:71:01:1948,-0.048,0.166,0.966,9.888,-2.991,-6.775,3.549,2.873,-141.921,-46.2,-57.3,-26.307,29.49,0.32648,0.03394,-0.02017,-0.94434
 13:48:22.346,eb:33:2e:f9:57:b5, 2085-97-188 255:70:01:1960,-0.02,0.156,0.946,15.747,-2.502,-2.197,3.675,2.845,-141.965,-46.2,-57.3,-26.307,29.49,0.32648,0.03394,-0.02017,-0.94434
 13:48:22.346,eb:33:2e:f9:57:b5, 2085-97-254 255:92:01:2016,0.019,0.165,0.966,26.123,-0.061,0.916,3.884,2.834,-141.971,-46.2,-57.3,-26.307,29.49,0.32648,0.03394,-0.02017,-0.94434
 13:48:22.346,eb:33:2e:f9:57:b5, 2085-97-60 00:135:01:2102,-0.113,0.178,1.011,46.692,3.418,1.282,4.252,2.851,-141.96,-46.2,-57.3,-26.307,29.49,0.32648,0.03394,-0.02017,-0.94434
 13:48:22.349,eb:33:2e:f9:57:b5, 2085-97-92 252:215:01:1417,-0.123,0.539,1.061,51.636,3.54,-9.216,4.823,2.889,-141.965,-46.2,-57.3,-26.307,29.49,0.32648,0.03394,-0.02017,-0.94434
 13:48:22.349,eb:33:2e:f9:57:b5, 2085-97-67 00:227:00:2041,-0.151,-0.124,0.886,-31.86,-6.165,-3.845,4.708,2.911,-142.031,-46.2,-57.3,-26.307,29.49,0.32648,0.03394,-0.02017,-0.94434
 13:48:22.349,eb:33:2e:f9:57:b5, 2085-97-136 254:60:00:1753,-0.297,0.233,0.797,0.061,-24.597,-22.4,4.57,2.829,-142.191,-46.2,-57.3,-26.307,29.49,0.32648,0.03394,-0.02017,-0.94434
 13:48:22.349,eb:33:2e:f9:57:b5, 2085-97-120 253:175:254:2075,-0.12,-0.165,0.963,-17.944,-18.982,-7.385,4.482,2.587,-142.383,-46.2,-57.3,-26.307,29.49,0.32648,0.03394,-0.02017,-0.94434
 13:48:22.408,eb:33:2e:f9:57:b5, 2085-97-35 00:158:01:1750,-0.015,0.047,0.971,-24.292,-14.282,4.456,4.257,2.444,-142.377,-46.2,-57.3,-26.307,29.49,0.32648,0.03394,-0.02017,-0.94434
 13:48:22.408,eb:33:2e:f9:57:b5, 2085-97-169 255:198:00:1891,-0.044,0.184,0.792,-24.475,-26.245,-2.319,4.016,2.241,-142.388,-46.2,-57.3,-26.307,29.49,0.32648,0.03394,-0.02017,-0.94434
 13:48:22.408,eb:33:2e:f9:57:b5, 2085-97-163 255:25:00:2261,-0.018,0.021,1.08,-29.602,-24.414,-0.061,3.741,1.972,-142.427,-46.2,-57.3,-26.307,29.49,0.32648,0.03394,-0.02017,-0.94434
 13:48:22.408,eb:33:2e:f9:57:b5, 2085-97-252 255:230:00:1990,-0.011,0.066,1.019,-31.433,-20.935,1.709,3.428,1.758,-142.421,-46.2,-57.3,-26.307,29.49,0.32648,0.03394,-0.02017,-0.94434
 13:48:22.436,eb:33:2e:f9:57:b5, 2085-97-201 255:39:00:2204,-0.032,0.081,1.041,-34.912,-21.179,-1.038,3.098,1.538,-142.438,-46.2,-57.3,-26.307,29.49,0.32648,0.03394,-0.02017,-0.94434
 13:48:22.436,eb:33:2e:f9:57:b5, 2085-97-01 255:05:00:2269,-0.09,0.026,1.037,-35.034,-17.517,-0.488,2.747,1.351,-142.454,-46.2,-57.3,-26.307,29.49,0.32648,0.03394,-0.02017,-0.94434
 13:48:22.436,eb:33:2e:f9:57:b5, 2085-97-149 00:138:255:2651,-0.033,-0.272,1.597,-6.531,-33.875,-6.653,2.538,1.044,-142.52,-46.2,-57.3,-26.307,29.49,0.32648,0.03394,-0.02017,-0.94434
 13:48:22.436,eb:33:2e:f9:57:b5, 2085-97-215 00:47:00:2523,0.099,0.013,1.018,-0.977,-27.832,-5.493,2.51,0.791,-142.592,-46.2,-57.3,-26.307,29.49,0.32648,0.03394,-0.02017,-0.94434
 13:48:22.467,eb:33:2e:f9:57:b5, 2085-97-106 00:135:00:2214,0.069,0.075,1.125,1.343,-14.404,-5.554,2.521,0.593,-142.652,-46.2,-57.3,-26.307,29.49,0.32648,0.03394,-0.02017,-0.94434
 13:48:22.467,eb:33:2e:f9:57:b5, 2085-97-71 00:94:00:2167,0.034,0.06,1.1,1.221,-8.667,-4.944,2.532,0.478,-142.712,-46.2,-57.3,-26.307,29.49,0.32648,0.03394,-0.02017,-0.94434
 13:48:22.467,eb:33:2e:f9:57:b5, 2085-97-52 00:82:00:2144,0.021,0.04,1.061,1.526,-5.615,-3.418,2.549,0.412,-142.756,-46.2,-57.3,-26.307,29.49,0.32648,0.03394,-0.02017,-0.94434
 13:48:22.467,eb:33:2e:f9:57:b5, 2085-97-39 00:110:00:2096,0.01,0.048,1.034,1.831,-4.089,-2.258,2.565,0.363,-142.784,-46.2,-57.3,-26.307,29.49,0.32648,0.03394,-0.02017,-0.94434
 13:48:22.498,eb:33:2e:f9:57:b5, 2085-97-03 00:92:00:2060,-0.01,0.055,1.01,1.282,-2.869,-1.77,2.582,0.33,-142.811,-49.2,-55.8,-24.707,29.49,0.32648,0.03394,-0.02017,-0.94434
 13:48:22.498,eb:33:2e:f9:57:b5, 2085-97-220 255:70:00:2025,-0.014,0.039,0.993,1.526,-2.93,-1.465,2.593,0.308,-142.828,-49.2,-55.8,-24.707,29.49,0.32648,0.03394,-0.02017,-0.94434
 13:48:22.498,eb:33:2e:f9:57:b5, 2085-97-245 255:88:00:2032,0,0.038,0.989,2.197,-4.028,-1.404,2.615,0.269,-142.844,-49.2,-55.8,-24.707,29.49,0.32648,0.03394,-0.02017,-0.94434
 13:48:22.498,eb:33:2e:f9:57:b5, 2085-97-06 00:102:00:2036,0.001,0.048,0.994,2.197,-4.028,-1.404,2.637,0.231,-142.861,-49.2,-55.8,-24.707,29.49,0.32648,0.03394,-0.02017,-0.94434
 13:48:22.557,eb:33:2e:f9:57:b5, 2085-97-01 00:102:00:2025,0.001,0.049,0.99,2.136,-3.54,-1.465,2.659,0.192,-142.877,-49.2,-55.8,-24.707,29.49,0.32648,0.03394,-0.02017,-0.94434
 13:48:22.557,eb:33:2e:f9:57:b5, 2085-97-248 255:97:00:2009,-0.012,0.05,0.986,2.197,-3.174,-1.892,2.681,0.159,-142.899,-49.2,-55.8,-24.707,29.49,0.32648,0.03394,-0.02017,-0.94434
 13:48:22.557,eb:33:2e:f9:57:b5, 2085-97-236 255:85:00:2014,-0.002,0.041,0.979,2.625,-3.357,-2.319,2.703,0.132,-142.921,-49.2,-55.8,-24.707,29.49,0.32648,0.03394,-0.02017,-0.94434
 13:48:22.557,eb:33:2e:f9:57:b5, 2085-97-12 00:110:00:2029,0.004,0.047,0.984,2.991,-3.662,-2.502,2.736,0.093,-142.949,-49.2,-55.8,-24.707,29.49,0.32648,0.03394,-0.02017,-0.94434
 13:48:22.616,eb:33:2e:f9:57:b5, 2085-97-16 00:121:00:2022,-0.004,0.056,0.986,2.563,-3.174,-2.625,2.763,0.066,-142.976,-49.2,-55.8,-24.707,29.49,0.3179,0.0087,-0.02185,-0.94778
 13:48:22.616,eb:33:2e:f9:57:b5, 2085-97-241 255:97:00:2003,0,0.053,0.981,2.319,-2.808,-3.174,2.785,0.038,-143.009,-49.2,-55.8,-24.707,29.49,0.3179,0.0087,-0.02185,-0.94778
 13:48:22.616,eb:33:2e:f9:57:b5, 2085-97-18 00:109:00:2038,0.008,0.05,0.989,2.502,-3.296,-3.357,2.812,0.005,-143.042,-49.2,-55.8,-24.707,29.49,0.3179,0.0087,-0.02185,-0.94778
 13:48:22.616,eb:33:2e:f9:57:b5, 2085-97-09 00:96:00:2040,0.012,0.052,0.997,2.93,-3.113,-3.662,2.84,-0.016,-143.08,-49.2,-55.8,-24.707,29.49,0.3179,0.0087,-0.02185,-0.94778
 13:48:22.618,eb:33:2e:f9:57:b5, 2085-97-29 00:103:00:2065,0.021,0.048,1.003,3.967,-3.418,-3.967,2.873,-0.049,-143.119,-49.2,-55.8,-24.707,29.49,0.3179,0.0087,-0.02185,-0.94778
 13:48:22.618,eb:33:2e:f9:57:b5, 2085-97-36 00:113:00:2071,0.013,0.057,1.014,4.395,-3.296,-3.601,2.917,-0.082,-143.163,-49.2,-55.8,-24.707,29.49,0.3179,0.0087,-0.02185,-0.94778
 13:48:22.618,eb:33:2e:f9:57:b5, 2085-97-40 00:108:00:2087,0.021,0.051,1.012,4.395,-3.174,-2.869,2.961,-0.11,-143.196,-49.2,-55.8,-24.707,29.49,0.3179,0.0087,-0.02185,-0.94778
 13:48:22.618,eb:33:2e:f9:57:b5, 2085-97-56 00:124:00:2103,0.029,0.054,1.024,3.906,-2.197,-1.953,3.005,-0.137,-143.223,-49.2,-55.8,-24.707,29.49,0.3179,0.0087,-0.02185,-0.94778
 13:48:22.676,eb:33:2e:f9:57:b5, 2085-97-44 00:122:00:2098,0.016,0.062,1.028,2.991,-0.854,-0.916,3.038,-0.148,-143.24,-49.2,-55.8,-24.707,29.49,0.3179,0.0087,-0.02185,-0.94778
 13:48:22.676,eb:33:2e:f9:57:b5, 2085-97-28 00:113:00:2091,0.021,0.057,1.021,2.38,0.061,0,3.065,-0.154,-143.245,-49.2,-55.8,-24.707,29.49,0.3179,0.0087,-0.02185,-0.94778
 13:48:22.676,eb:33:2e:f9:57:b5, 2085-97-52 00:121:00:2106,0.025,0.056,1.026,1.892,0.916,0.61,3.087,-0.148,-143.24,-49.2,-55.8,-24.707,29.49,0.3179,0.0087,-0.02185,-0.94778
 13:48:22.677,eb:33:2e:f9:57:b5, 2085-97-38 00:125:00:2086,0.007,0.062,1.025,1.16,2.502,1.038,3.104,-0.132,-143.234,-49.2,-55.8,-24.707,29.49,0.3179,0.0087,-0.02185,-0.94778
 13:48:22.736,eb:33:2e:f9:57:b5, 2085-97-17 00:104:00:2069,0.017,0.055,1.009,0.793,3.296,1.343,3.109,-0.099,-143.218,-49.2,-55.8,-24.707,29.49,0.3179,0.0087,-0.02185,-0.94778
 13:48:22.736,eb:33:2e:f9:57:b5, 2085-97-43 00:122:00:2076,0.01,0.053,1.015,0.61,3.845,1.953,3.12,-0.066,-143.201,-49.2,-55.8,-24.707,29.49,0.3179,0.0087,-0.02185,-0.94778
 13:48:22.736,eb:33:2e:f9:57:b5, 2085-97-00 00:124:00:2027,-0.002,0.061,1.001,0,4.517,2.441,3.12,-0.022,-143.179,-49.2,-55.8,-24.707,29.49,0.3179,0.0087,-0.02185,-0.94778
 13:48:22.736,eb:33:2e:f9:57:b5, 2085-97-04 00:126:00:2029,0.007,0.061,0.986,-0.122,3.967,2.258,3.12,0.016,-143.152,-49.2,-55.8,-24.707,29.49,0.3179,0.0087,-0.02185,-0.94778
 13:48:22.738,eb:33:2e:f9:57:b5, 2085-97-12 00:130:00:2033,0,0.062,0.996,-0.183,3.723,2.014,3.12,0.049,-143.13,-49.2,-55.8,-24.707,29.49,0.3179,0.0087,-0.02185,-0.94778
 13:48:22.738,eb:33:2e:f9:57:b5, 2085-97-248 255:115:00:2019,-0.002,0.06,0.989,-0.305,3.479,1.709,3.12,0.088,-143.108,-49.2,-55.8,-24.707,29.49,0.3179,0.0087,-0.02185,-0.94778
 13:48:22.738,eb:33:2e:f9:57:b5, 2085-97-02 00:120:00:2027,0.004,0.055,0.988,-0.305,2.93,1.648,3.115,0.121,-143.091,-49.2,-55.8,-24.707,29.49,0.3179,0.0087,-0.02185,-0.94778
 13:48:22.738,eb:33:2e:f9:57:b5, 2085-97-00 00:115:00:2028,0,0.062,0.991,-0.549,2.93,1.465,3.109,0.148,-143.075,-49.2,-55.8,-24.707,29.49,0.3179,0.0087,-0.02185,-0.94778
 13:48:22.798,eb:33:2e:f9:57:b5, 2085-97-06 00:120:00:2028,0.002,0.054,0.99,-0.61,2.563,1.526,3.104,0.176,-143.058,-49.2,-55.8,-24.707,29.49,0.3179,0.0087,-0.02185,-0.94778
 13:48:22.798,eb:33:2e:f9:57:b5, 2085-97-251 255:127:00:2019,-0.008,0.062,0.988,-0.977,2.625,1.465,3.098,0.203,-143.042,-49.2,-55.8,-24.707,29.49,0.3179,0.0087,-0.02185,-0.94778
 13:48:22.798,eb:33:2e:f9:57:b5, 2085-97-244 255:117:00:2018,-0.001,0.057,0.982,-1.404,2.136,1.221,3.087,0.225,-143.031,-49.2,-55.8,-24.707,29.49,0.3179,0.0087,-0.02185,-0.94778
 13:48:22.798,eb:33:2e:f9:57:b5, 2085-97-255 255:124:00:2023,0,0.06,0.99,-1.709,1.892,1.038,3.071,0.247,-143.02,-49.2,-55.8,-24.707,29.49,0.3179,0.0087,-0.02185,-0.94778
 13:48:22.827,eb:33:2e:f9:57:b5, 2085-113-58 00:44:227:-8385,-0.013,0.062,0.985,-2.197,1.892,0.793,3.049,0.264,-143.009,-49.2,-55.9,-24.113,29.49,0.3179,0.0087,-0.02185,-0.94778
 13:48:22.827,eb:33:2e:f9:57:b5, 2085-97-208 255:89:00:2002,-0.021,0.052,0.979,-2.258,1.526,0.671,3.038,0.269,-143.004,-49.2,-55.9,-24.113,29.49,0.3179,0.0087,-0.02185,-0.94778
 13:48:22.827,eb:33:2e:f9:57:b5, 2085-97-237 255:102:00:2032,-0.001,0.046,0.981,-1.709,0.122,0.549,3.021,0.28,-142.998,-49.2,-55.9,-24.113,29.49,0.3179,0.0087,-0.02185,-0.94778
 13:48:22.828,eb:33:2e:f9:57:b5, 2085-97-253 255:100:00:2054,0.004,0.051,1,-1.465,-0.122,0.366,3.005,0.28,-142.993,-49.2,-55.9,-24.113,29.49,0.3179,0.0087,-0.02185,-0.94778
 13:48:22.887,eb:33:2e:f9:57:b5, 2085-97-08 00:118:00:2055,0.002,0.056,1.003,-1.343,0,0.305,2.988,0.28,-142.993,-49.2,-55.9,-24.113,29.49,0.3179,0.0087,-0.02185,-0.94778
 13:48:22.887,eb:33:2e:f9:57:b5, 2085-97-04 00:114:00:2050,0.001,0.056,1.002,-1.343,0.183,0.183,2.977,0.28,-142.993,-49.2,-55.9,-24.113,29.49,0.3179,0.0087,-0.02185,-0.94778
 13:48:22.887,eb:33:2e:f9:57:b5, 2085-97-01 00:113:00:2048,0.003,0.056,1,-1.465,0.244,0.061,2.961,0.28,-142.987,-49.2,-55.9,-24.113,29.49,0.3179,0.0087,-0.02185,-0.94778
 13:48:22.887,eb:33:2e:f9:57:b5, 2085-97-13 00:121:00:2056,0.009,0.057,1.002,-1.526,0.305,0,2.95,0.286,-142.987,-49.2,-55.9,-24.113,29.49,0.3179,0.0087,-0.02185,-0.94778
 13:48:22.918,eb:33:2e:f9:57:b5, 2085-97-19 00:119:00:2061,0.008,0.06,1.006,-1.892,0.854,-0.061,2.933,0.291,-142.993,-49.2,-55.9,-24.113,29.49,0.31717,0.01056,-0.02368,-0.94797
 13:48:22.918,eb:33:2e:f9:57:b5, 2085-97-05 00:111:00:2054,0,0.057,1.007,-2.075,1.465,-0.061,2.911,0.302,-142.993,-49.2,-55.9,-24.113,29.49,0.31717,0.01056,-0.02368,-0.94797
 13:48:22.918,eb:33:2e:f9:57:b5, 2085-97-253 255:107:00:2043,-0.002,0.053,1,-2.136,1.709,0,2.889,0.324,-142.993,-49.2,-55.9,-24.113,29.49,0.31717,0.01056,-0.02368,-0.94797
 13:48:22.918,eb:33:2e:f9:57:b5, 2085-97-240 255:98:00:2031,-0.012,0.052,0.995,-2.136,1.648,-0.061,2.867,0.341,-142.993,-49.2,-55.9,-24.113,29.49,0.31717,0.01056,-0.02368,-0.94797
 13:48:22.946,eb:33:2e:f9:57:b5, 2085-97-235 255:98:00:2024,-0.01,0.046,0.988,-2.075,1.16,0.061,2.845,0.352,-142.993,-49.2,-55.9,-24.113,29.49,0.31717,0.01056,-0.02368,-0.94797
 13:48:22.946,eb:33:2e:f9:57:b5, 2085-97-238 255:100:00:2021,-0.009,0.049,0.987,-2.075,0.732,0.122,2.829,0.363,-142.993,-49.2,-55.9,-24.113,29.49,0.31717,0.01056,-0.02368,-0.94797
 13:48:22.946,eb:33:2e:f9:57:b5, 2085-97-235 255:95:00:2016,-0.014,0.046,0.987,-2.014,0.488,0.183,2.807,0.368,-142.993,-49.2,-55.9,-24.113,29.49,0.31717,0.01056,-0.02368,-0.94797
 13:48:22.946,eb:33:2e:f9:57:b5, 2085-97-230 255:97:00:2013,-0.009,0.046,0.981,-1.831,0,0.183,2.785,0.374,-142.993,-49.2,-55.9,-24.113,29.49,0.31717,0.01056,-0.02368,-0.94797
 13:48:22.976,eb:33:2e:f9:57:b5, 2085-97-243 255:105:00:2021,-0.002,0.049,0.985,-1.709,-0.427,0.122,2.769,0.368,-142.987,-49.2,-55.9,-24.113,29.49,0.31717,0.01056,-0.02368,-0.94797
 13:48:22.976,eb:33:2e:f9:57:b5, 2085-97-00 00:106:00:2033,0.001,0.052,0.989,-1.77,-0.427,-0.061,2.752,0.368,-142.993,-49.2,-55.9,-24.113,29.49,0.31717,0.01056,-0.02368,-0.94797
 13:48:22.976,eb:33:2e:f9:57:b5, 2085-97-04 00:102:00:2039,0,0.05,0.994,-1.709,-0.244,-0.244,2.736,0.363,-142.993,-49.2,-55.9,-24.113,29.49,0.31717,0.01056,-0.02368,-0.94797
 13:48:22.976,eb:33:2e:f9:57:b5, 2085-97-03 00:102:00:2041,0,0.048,0.996,-1.648,0.061,-0.305,2.719,0.363,-142.998,-49.2,-55.9,-24.113,29.49,0.31717,0.01056,-0.02368,-0.94797
 13:48:23.037,eb:33:2e:f9:57:b5, 2085-97-253 255:98:00:2037,-0.004,0.049,0.996,-1.587,0.244,-0.427,2.703,0.363,-143.004,-49.2,-55.9,-24.113,29.49,0.31717,0.01056,-0.02368,-0.94797
 13:48:23.037,eb:33:2e:f9:57:b5, 2085-97-251 255:98:00:2040,-0.001,0.047,0.994,-1.404,0.305,-0.549,2.686,0.368,-143.009,-49.2,-55.9,-24.113,29.49,0.31717,0.01056,-0.02368,-0.94797
 13:48:23.037,eb:33:2e:f9:57:b5, 2085-97-255 255:96:00:2042,-0.001,0.048,0.996,-1.16,0.305,-0.549,2.675,0.374,-143.015,-49.2,-55.9,-24.113,29.49,0.31717,0.01056,-0.02368,-0.94797
 13:48:23.037,eb:33:2e:f9:57:b5, 2085-97-255 255:93:00:2046,0,0.047,0.997,-0.977,0.549,-0.61,2.664,0.379,-143.02,-49.2,-55.9,-24.113,29.49,0.31717,0.01056,-0.02368,-0.94797
 13:48:23.067,eb:33:2e:f9:57:b5, 2085-97-01 00:94:00:2050,0,0.044,1,-0.61,0.732,-0.671,2.653,0.385,-143.031,-49.2,-55.9,-24.113,29.49,0.31717,0.01056,-0.02368,-0.94797
 13:48:23.067,eb:33:2e:f9:57:b5, 2085-97-254 255:96:00:2049,0,0.047,1,-0.366,0.977,-0.488,2.653,0.396,-143.036,-49.2,-55.9,-24.113,29.49,0.31717,0.01056,-0.02368,-0.94797
 13:48:23.067,eb:33:2e:f9:57:b5, 2085-97-00 00:98:00:2049,0,0.048,1,-0.183,1.099,-0.549,2.648,0.406,-143.042,-49.2,-55.9,-24.113,29.49,0.31717,0.01056,-0.02368,-0.94797
 13:48:23.067,eb:33:2e:f9:57:b5, 2085-97-247 255:94:00:2045,-0.005,0.047,1,-0.122,1.282,-0.488,2.648,0.417,-143.047,-49.2,-55.9,-24.113,29.49,0.31717,0.01056,-0.02368,-0.94797
 13:48:23.098,eb:33:2e:f9:57:b5, 2085-97-246 255:90:00:2045,-0.003,0.044,0.998,0.061,1.16,-0.366,2.648,0.434,-143.053,-49.2,-55.9,-24.113,29.49,0.31717,0.01056,-0.02368,-0.94797
 13:48:23.098,eb:33:2e:f9:57:b5, 2085-97-248 255:95:00:2044,-0.004,0.046,1,0.183,1.16,-0.183,2.648,0.445,-143.053,-49.2,-55.9,-24.113,29.49,0.31717,0.01056,-0.02368,-0.94797
 13:48:23.098,eb:33:2e:f9:57:b5, 2085-97-248 255:93:00:2042,-0.005,0.045,0.998,0.244,1.038,-0.061,2.653,0.456,-143.058,-49.2,-55.9,-24.113,29.49,0.31717,0.01056,-0.02368,-0.94797
 13:48:23.098,eb:33:2e:f9:57:b5, 2085-97-243 255:95:00:2041,-0.006,0.046,0.997,0.427,1.099,0.061,2.653,0.467,-143.058,-49.2,-55.9,-24.113,29.49,0.31717,0.01056,-0.02368,-0.94797
 13:48:23.159,eb:33:2e:f9:57:b5, 2085-97-248 255:98:00:2042,-0.003,0.047,0.995,0.488,0.916,0.183,2.659,0.478,-143.058,-48.5,-58,-24.16,29.49,0.31717,0.01056,-0.02368,-0.94797
 13:48:23.159,eb:33:2e:f9:57:b5, 2085-97-250 255:104:00:2039,-0.004,0.049,0.997,0.427,0.977,0.122,2.664,0.489,-143.053,-48.5,-58,-24.16,29.49,0.31717,0.01056,-0.02368,-0.94797
 13:48:23.159,eb:33:2e:f9:57:b5, 2085-97-242 255:101:00:2028,-0.008,0.05,0.993,0.366,1.16,0.061,2.67,0.5,-143.053,-48.5,-58,-24.16,29.49,0.31717,0.01056,-0.02368,-0.94797
 13:48:23.159,eb:33:2e:f9:57:b5, 2085-97-238 255:96:00:2029,-0.009,0.048,0.991,0.305,1.038,-0.061,2.675,0.511,-143.053,-48.5,-58,-24.16,29.49,0.31717,0.01056,-0.02368,-0.94797
 13:48:23.187,eb:33:2e:f9:57:b5, 2085-97-242 255:100:00:2034,-0.007,0.046,0.991,0.305,0.671,-0.061,2.681,0.522,-143.053,-48.5,-58,-24.16,29.49,0.31662,0.01178,-0.02072,-0.94821
 13:48:23.187,eb:33:2e:f9:57:b5, 2085-97-240 255:97:00:2035,-0.005,0.049,0.993,0.244,0.732,-0.061,2.681,0.527,-143.058,-48.5,-58,-24.16,29.49,0.31662,0.01178,-0.02072,-0.94821
 13:48:23.187,eb:33:2e:f9:57:b5, 2085-97-247 255:96:00:2042,-0.006,0.047,0.997,0.305,0.61,-0.061,2.686,0.538,-143.058,-48.5,-58,-24.16,29.49,0.31662,0.01178,-0.02072,-0.94821
 13:48:23.187,eb:33:2e:f9:57:b5, 2085-97-239 255:96:00:2034,-0.011,0.047,0.994,0.366,0.61,0,2.686,0.544,-143.058,-48.5,-58,-24.16,29.49,0.31662,0.01178,-0.02072,-0.94821
 13:48:23.248,eb:33:2e:f9:57:b5, 2085-97-229 255:98:00:2021,-0.013,0.048,0.99,0.366,0.427,0,2.692,0.549,-143.058,-48.5,-58,-24.16,29.49,0.31662,0.01178,-0.02072,-0.94821
 13:48:23.248,eb:33:2e:f9:57:b5, 2085-97-233 255:97:00:2025,-0.009,0.047,0.987,0.305,0,-0.122,2.697,0.549,-143.058,-48.5,-58,-24.16,29.49,0.31662,0.01178,-0.02072,-0.94821
 13:48:23.248,eb:33:2e:f9:57:b5, 2085-97-238 255:101:00:2029,-0.009,0.048,0.991,0.244,-0.244,-0.122,2.703,0.549,-143.064,-48.5,-58,-24.16,29.49,0.31662,0.01178,-0.02072,-0.94821
 13:48:23.248,eb:33:2e:f9:57:b5, 2085-97-231 255:102:00:2022,-0.012,0.05,0.99,0.061,-0.427,-0.244,2.703,0.544,-143.069,-48.5,-58,-24.16,29.49,0.31662,0.01178,-0.02072,-0.94821
 13:48:23.277,eb:33:2e:f9:57:b5, 2085-97-240 255:105:00:2030,-0.005,0.049,0.989,0,-0.854,-0.122,2.703,0.538,-143.069,-48.5,-58,-24.16,29.49,0.31662,0.01178,-0.02072,-0.94821
 13:48:23.277,eb:33:2e:f9:57:b5, 2085-97-250 255:99:00:2042,-0.003,0.05,0.996,-0.122,-0.854,-0.244,2.703,0.533,-143.075,-48.5,-58,-24.16,29.49,0.31662,0.01178,-0.02072,-0.94821
 13:48:23.277,eb:33:2e:f9:57:b5, 2085-97-251 255:98:00:2045,-0.002,0.047,0.999,-0.061,-0.732,-0.183,2.703,0.522,-143.075,-48.5,-58,-24.16,29.49,0.31662,0.01178,-0.02072,-0.94821
 13:48:23.277,eb:33:2e:f9:57:b5, 2085-97-248 255:101:00:2040,-0.006,0.049,0.998,0,-0.549,-0.122,2.703,0.516,-143.08,-48.5,-58,-24.16,29.49,0.31662,0.01178,-0.02072,-0.94821
 13:48:23.307,eb:33:2e:f9:57:b5, 2085-97-244 255:98:00:2037,-0.008,0.049,0.994,0,-0.488,-0.122,2.697,0.511,-143.086,-48.5,-58,-24.16,29.49,0.31662,0.01178,-0.02072,-0.94821
 13:48:23.307,eb:33:2e:f9:57:b5, 2085-97-241 255:98:00:2037,-0.002,0.047,0.995,-0.061,-0.549,-0.183,2.697,0.505,-143.086,-48.5,-58,-24.16,29.49,0.31662,0.01178,-0.02072,-0.94821
 13:48:23.307,eb:33:2e:f9:57:b5, 2085-97-253 255:102:00:2049,0,0.05,0.999,0.061,-0.488,-0.244,2.703,0.5,-143.091,-48.5,-58,-24.16,29.49,0.31662,0.01178,-0.02072,-0.94821
 13:48:23.307,eb:33:2e:f9:57:b5, 2085-97-251 255:96:00:2048,-0.005,0.048,1.001,0.061,-0.183,-0.305,2.703,0.5,-143.097,-48.5,-58,-24.16,29.49,0.31662,0.01178,-0.02072,-0.94821
 13:48:23.368,eb:33:2e:f9:57:b5, 2085-97-247 255:97:00:2043,-0.004,0.047,0.999,0.122,-0.122,-0.244,2.703,0.5,-143.097,-48.5,-58,-24.16,29.49,0.31662,0.01178,-0.02072,-0.94821
 13:48:23.368,eb:33:2e:f9:57:b5, 2085-97-248 255:101:00:2043,-0.004,0.049,0.998,0.183,-0.122,-0.244,2.703,0.494,-143.102,-48.5,-58,-24.16,29.49,0.31662,0.01178,-0.02072,-0.94821
 13:48:23.368,eb:33:2e:f9:57:b5, 2085-97-252 255:100:00:2049,-0.001,0.048,0.999,0.183,-0.061,-0.244,2.708,0.494,-143.108,-48.5,-58,-24.16,29.49,0.31662,0.01178,-0.02072,-0.94821
 13:48:23.368,eb:33:2e:f9:57:b5, 2085-97-253 255:100:00:2045,0,0.049,1,0.183,0.183,-0.183,2.708,0.5,-143.108,-48.5,-58,-24.16,29.49,0.31662,0.01178,-0.02072,-0.94821
 13:48:23.397,eb:33:2e:f9:57:b5, 2085-97-253 255:102:00:2041,-0.002,0.049,0.998,0.244,0.427,-0.244,2.714,0.5,-143.113,-48.5,-58,-24.16,29.49,0.31662,0.01178,-0.02072,-0.94821
 13:48:23.397,eb:33:2e:f9:57:b5, 2085-97-246 255:100:00:2034,-0.008,0.05,0.996,0.183,0.671,-0.305,2.714,0.505,-143.113,-48.5,-58,-24.16,29.49,0.31662,0.01178,-0.02072,-0.94821
 13:48:23.397,eb:33:2e:f9:57:b5, 2085-97-238 255:97:00:2029,-0.009,0.047,0.992,0.244,0.549,-0.366,2.719,0.516,-143.119,-48.5,-58,-24.16,29.49,0.31662,0.01178,-0.02072,-0.94821
 13:48:23.397,eb:33:2e:f9:57:b5, 2085-97-237 255:99:00:2029,-0.007,0.048,0.99,0.305,0.244,-0.488,2.719,0.522,-143.124,-48.5,-58,-24.16,29.49,0.31662,0.01178,-0.02072,-0.94821
 13:48:23.397,eb:33:2e:f9:57:b5, 2085-113-58 00:13:228:-8520,-0.005,0.047,0.993,0.305,0.122,-0.427,2.725,0.522,-143.13,-48.5,-58,-24.16,29.49,0.31662,0.01178,-0.02072,-0.94821
 13:48:23.428,eb:33:2e:f9:57:b5, 2085-97-242 255:97:00:2038,-0.005,0.048,0.995,0.244,0.061,-0.366,2.725,0.522,-143.13,-47.7,-56.8,-24.513,29.49,0.31662,0.01178,-0.02072,-0.94821
 13:48:23.428,eb:33:2e:f9:57:b5, 2085-97-245 255:101:00:2040,-0.005,0.049,0.996,0.183,0.122,-0.305,2.73,0.522,-143.135,-47.7,-56.8,-24.513,29.49,0.31662,0.01178,-0.02072,-0.94821
 13:48:23.428,eb:33:2e:f9:57:b5, 2085-97-245 255:102:00:2038,-0.007,0.05,0.996,0.122,0.183,-0.244,2.73,0.527,-143.141,-47.7,-56.8,-24.513,29.49,0.31662,0.01178,-0.02072,-0.94821
 13:48:23.428,eb:33:2e:f9:57:b5, 2085-97-239 255:97:00:2033,-0.007,0.048,0.994,0.122,0.122,-0.183,2.73,0.527,-143.146,-47.7,-56.8,-24.513,29.49,0.31662,0.01178,-0.02072,-0.94821
 13:48:23.487,eb:33:2e:f9:57:b5, 2085-97-241 255:100:00:2035,-0.007,0.049,0.993,0,0,-0.183,2.736,0.533,-143.146,-47.7,-56.8,-24.513,29.49,0.31662,0.01178,-0.02072,-0.94821
 13:48:23.487,eb:33:2e:f9:57:b5, 2085-97-241 255:99:00:2035,-0.007,0.048,0.994,0,-0.061,-0.061,2.736,0.533,-143.146,-47.7,-56.8,-24.513,29.49,0.31662,0.01178,-0.02072,-0.94821
 13:48:23.487,eb:33:2e:f9:57:b5, 2085-97-240 255:99:00:2036,-0.008,0.048,0.995,-0.122,-0.244,0,2.736,0.527,-143.152,-47.7,-56.8,-24.513,29.49,0.31662,0.01178,-0.02072,-0.94821
 13:48:23.487,eb:33:2e:f9:57:b5, 2085-97-239 255:102:00:2034,-0.009,0.05,0.993,-0.244,-0.427,0,2.73,0.527,-143.152,-47.7,-56.8,-24.513,29.49,0.31662,0.01178,-0.02072,-0.94821
 13:48:23.516,eb:33:2e:f9:57:b5, 2085-97-238 255:98:00:2033,-0.01,0.05,0.992,-0.305,-0.61,0,2.73,0.522,-143.152,-47.7,-56.8,-24.513,29.49,0.31583,0.01193,-0.02118,-0.94846
 13:48:23.516,eb:33:2e:f9:57:b5, 2085-97-238 255:97:00:2031,-0.007,0.046,0.992,-0.244,-0.671,0.061,2.725,0.516,-143.152,-47.7,-56.8,-24.513,29.49,0.31583,0.01193,-0.02118,-0.94846
 13:48:23.516,eb:33:2e:f9:57:b5, 2085-97-242 255:99:00:2037,-0.004,0.048,0.993,-0.183,-0.916,0.122,2.725,0.505,-143.152,-47.7,-56.8,-24.513,29.49,0.31583,0.01193,-0.02118,-0.94846
 13:48:23.516,eb:33:2e:f9:57:b5, 2085-97-246 255:100:00:2038,-0.006,0.05,0.996,-0.183,-0.977,0.061,2.719,0.494,-143.152,-47.7,-56.8,-24.513,29.49,0.31583,0.01193,-0.02118,-0.94846
 13:48:23.547,eb:33:2e:f9:57:b5, 2085-97-244 255:100:00:2039,-0.002,0.048,0.995,-0.183,-0.977,0.061,2.719,0.489,-143.152,-47.7,-56.8,-24.513,29.49,0.31583,0.01193,-0.02118,-0.94846
 13:48:23.547,eb:33:2e:f9:57:b5, 2085-97-253 255:104:00:2044,-0.003,0.05,0.998,-0.183,-0.916,0,2.719,0.478,-143.152,-47.7,-56.8,-24.513,29.49,0.31583,0.01193,-0.02118,-0.94846
 13:48:23.547,eb:33:2e:f9:57:b5, 2085-97-246 255:101:00:2036,-0.006,0.051,0.996,-0.427,-0.732,0,2.714,0.467,-143.152,-47.7,-56.8,-24.513,29.49,0.31583,0.01193,-0.02118,-0.94846
 13:48:23.547,eb:33:2e:f9:57:b5, 2085-97-246 255:99:00:2040,0,0.048,0.995,-0.488,-0.671,0.061,2.708,0.461,-143.157,-47.7,-56.8,-24.513,29.49,0.31583,0.01193,-0.02118,-0.94846
 13:48:23.607,eb:33:2e:f9:57:b5, 2085-97-252 255:104:00:2045,-0.001,0.051,1,-0.549,-0.61,0.061,2.703,0.456,-143.157,-47.7,-56.8,-24.513,29.49,0.31583,0.01193,-0.02118,-0.94846
 13:48:23.607,eb:33:2e:f9:57:b5, 2085-97-251 255:101:00:2043,-0.002,0.05,0.998,-0.671,-0.427,0.122,2.697,0.45,-143.157,-47.7,-56.8,-24.513,29.49,0.31583,0.01193,-0.02118,-0.94846
 13:48:23.607,eb:33:2e:f9:57:b5, 2085-97-251 255:102:00:2043,-0.002,0.049,0.998,-0.732,-0.366,0.061,2.692,0.445,-143.157,-47.7,-56.8,-24.513,29.49,0.31583,0.01193,-0.02118,-0.94846
 13:48:23.607,eb:33:2e:f9:57:b5, 2085-97-00 00:100:00:2045,0,0.049,0.997,-0.732,-0.183,0,2.686,0.439,-143.157,-47.7,-56.8,-24.513,29.49,0.31583,0.01193,-0.02118,-0.94846
 13:48:23.668,eb:33:2e:f9:57:b5, 2085-97-00 00:104:00:2048,0.001,0.05,0.999,-0.671,0.122,0,2.675,0.439,-143.157,-47.7,-56.8,-24.513,29.49,0.31583,0.01193,-0.02118,-0.94846
 13:48:23.668,eb:33:2e:f9:57:b5, 2085-97-01 00:99:00:2048,0,0.051,1.001,-0.61,0.61,-0.244,2.67,0.445,-143.157,-47.7,-56.8,-24.513,29.49,0.31583,0.01193,-0.02118,-0.94846
 13:48:23.668,eb:33:2e:f9:57:b5, 2085-97-01 00:99:00:2051,0,0.046,1.001,-0.427,0.793,-0.244,2.664,0.456,-143.163,-47.7,-56.8,-24.513,29.49,0.31583,0.01193,-0.02118,-0.94846
 13:48:23.668,eb:33:2e:f9:57:b5, 2085-97-253 255:94:00:2047,-0.004,0.048,1,-0.305,1.038,-0.366,2.664,0.461,-143.168,-47.7,-56.8,-24.513,29.49,0.31583,0.01193,-0.02118,-0.94846
 13:48:23.668,eb:33:2e:f9:57:b5, 2085-97-247 255:95:00:2042,-0.005,0.045,0.998,0,0.977,-0.244,2.659,0.472,-143.168,-47.7,-56.8,-24.513,29.49,0.31583,0.01193,-0.02118,-0.94846
 13:48:23.669,eb:33:2e:f9:57:b5, 2085-97-245 255:95:00:2041,-0.003,0.046,0.996,0.122,0.854,-0.122,2.659,0.483,-143.174,-47.7,-56.8,-24.513,29.49,0.31583,0.01193,-0.02118,-0.94846
 13:48:23.669,eb:33:2e:f9:57:b5, 2085-97-246 255:95:00:2041,-0.005,0.047,0.998,0.183,0.671,-0.183,2.664,0.494,-143.174,-47.7,-56.8,-24.513,29.49,0.31583,0.01193,-0.02118,-0.94846
 13:48:23.669,eb:33:2e:f9:57:b5, 2085-97-244 255:94:00:2039,-0.006,0.046,0.996,0.244,0.671,-0.061,2.664,0.5,-143.179,-47.7,-56.8,-24.513,29.49,0.31583,0.01193,-0.02118,-0.94846
 13:48:23.728,eb:33:2e:f9:57:b5, 2085-97-240 255:95:00:2032,-0.009,0.047,0.995,0.366,0.488,-0.061,2.67,0.505,-143.179,-47.7,-56.8,-24.513,29.49,0.31583,0.01193,-0.02118,-0.94846
 13:48:23.728,eb:33:2e:f9:57:b5, 2085-97-238 255:100:00:2029,-0.008,0.047,0.992,0.366,0.244,-0.061,2.675,0.511,-143.179,-47.7,-56.8,-24.513,29.49,0.31583,0.01193,-0.02118,-0.94846
 13:48:23.728,eb:33:2e:f9:57:b5, 2085-97-237 255:99:00:2028,-0.008,0.05,0.99,0.244,0,-0.122,2.675,0.516,-143.179,-47.7,-56.8,-24.513,29.49,0.31583,0.01193,-0.02118,-0.94846
 13:48:23.728,eb:33:2e:f9:57:b5, 2085-97-243 255:100:00:2035,-0.005,0.048,0.991,0.122,-0.061,-0.183,2.681,0.516,-143.185,-47.7,-56.8,-24.513,29.49,0.31583,0.01193,-0.02118,-0.94846
 13:48:23.758,eb:33:2e:f9:57:b5, 2085-97-245 255:100:00:2036,-0.004,0.049,0.995,0,-0.122,-0.061,2.681,0.511,-143.185,-49.4,-56.6,-20.533,29.49,0.31583,0.01193,-0.02118,-0.94846
 13:48:23.758,eb:33:2e:f9:57:b5, 2085-97-245 255:102:00:2035,-0.006,0.049,0.995,0,0,-0.183,2.681,0.511,-143.19,-49.4,-56.6,-20.533,29.49,0.31583,0.01193,-0.02118,-0.94846
 13:48:23.758,eb:33:2e:f9:57:b5, 2085-97-240 255:98:00:2034,-0.008,0.05,0.992,-0.122,0,-0.122,2.681,0.511,-143.19,-49.4,-56.6,-20.533,29.49,0.31583,0.01193,-0.02118,-0.94846
 13:48:23.758,eb:33:2e:f9:57:b5, 2085-97-242 255:98:00:2035,-0.008,0.048,0.994,-0.122,-0.061,-0.061,2.681,0.511,-143.196,-49.4,-56.6,-20.533,29.49,0.31583,0.01193,-0.02118,-0.94846
 13:48:23.818,eb:33:2e:f9:57:b5, 2085-97-240 255:99:00:2033,-0.006,0.049,0.993,-0.244,-0.122,-0.061,2.675,0.511,-143.196,-49.4,-56.6,-20.533,29.49,0.31583,0.01193,-0.02118,-0.94846
 13:48:23.818,eb:33:2e:f9:57:b5, 2085-97-239 255:95:00:2032,-0.007,0.047,0.992,-0.366,-0.244,-0.122,2.675,0.511,-143.196,-49.4,-56.6,-20.533,29.49,0.31583,0.01193,-0.02118,-0.94846
 13:48:23.818,eb:33:2e:f9:57:b5, 2085-97-239 255:98:00:2035,-0.007,0.046,0.994,-0.305,-0.366,-0.122,2.67,0.505,-143.201,-49.4,-56.6,-20.533,29.49,0.31583,0.01193,-0.02118,-0.94846
 13:48:23.818,eb:33:2e:f9:57:b5, 2085-97-241 255:98:00:2037,-0.006,0.048,0.994,-0.427,-0.488,-0.183,2.664,0.5,-143.207,-49.4,-56.6,-20.533,29.49,0.31583,0.01193,-0.02118,-0.94846
 13:48:23.848,eb:33:2e:f9:57:b5, 2085-97-246 255:101:00:2040,-0.003,0.048,0.995,-0.427,-0.61,-0.183,2.664,0.5,-143.196,-49.4,-56.6,-20.533,29.49,0.3154,0.01154,-0.02069,-0.94861
 13:48:23.848,eb:33:2e:f9:57:b5, 2085-97-253 255:98:00:2045,0,0.048,0.998,-0.488,-0.488,-0.305,2.692,0.406,-143.196,-49.4,-56.6,-20.533,29.49,0.3154,0.01154,-0.02069,-0.94861
 13:48:23.848,eb:33:2e:f9:57:b5, 2085-97-05 00:99:00:2053,0.002,0.049,1.002,-0.427,-0.305,-0.305,2.692,0.406,-143.19,-49.4,-56.6,-20.533,29.49,0.3154,0.01154,-0.02069,-0.94861
 13:48:23.848,eb:33:2e:f9:57:b5, 2085-97-249 255:97:00:2046,-0.001,0.049,1.002,-0.427,0,-0.305,2.692,0.401,-143.19,-49.4,-56.6,-20.533,29.49,0.3154,0.01154,-0.02069,-0.94861
 13:48:23.877,eb:33:2e:f9:57:b5, 2085-97-252 255:96:00:2048,-0.001,0.047,1,-0.305,0.061,-0.305,2.692,0.401,-143.179,-49.4,-56.6,-20.533,29.49,0.3154,0.01154,-0.02069,-0.94861
 13:48:23.877,eb:33:2e:f9:57:b5, 2085-97-254 255:97:00:2049,-0.004,0.046,1,-0.244,0.305,-0.305,2.692,0.401,-143.179,-49.4,-56.6,-20.533,29.49,0.3154,0.01154,-0.02069,-0.94861
 13:48:23.877,eb:33:2e:f9:57:b5, 2085-97-250 255:98:00:2046,-0.003,0.046,0.998,-0.183,0.427,-0.183,2.692,0.401,-143.168,-49.4,-56.6,-20.533,29.49,0.3154,0.01154,-0.02069,-0.94861
 13:48:23.877,eb:33:2e:f9:57:b5, 2085-97-248 255:97:00:2041,-0.007,0.047,0.998,-0.122,0.366,-0.244,2.692,0.401,-143.168,-49.4,-56.6,-20.533,29.49,0.3154,0.01154,-0.02069,-0.94861
 13:48:23.906,eb:33:2e:f9:57:b5, 2085-97-237 255:94:00:2031,-0.011,0.046,0.993,-0.122,0.244,-0.122,2.692,0.396,-143.163,-49.4,-56.6,-20.533,29.49,0.3154,0.01154,-0.02069,-0.94861
 13:48:23.906,eb:33:2e:f9:57:b5, 2085-97-237 255:90:00:2033,-0.007,0.045,0.991,0,0,-0.061,2.692,0.396,-143.163,-49.4,-56.6,-20.533,29.49,0.3154,0.01154,-0.02069,-0.94861
 13:48:23.906,eb:33:2e:f9:57:b5, 2085-97-242 255:95:00:2037,-0.007,0.045,0.994,0.061,-0.305,-0.061,2.692,0.396,-143.152,-49.4,-56.6,-20.533,29.49,0.3154,0.01154,-0.02069,-0.94861
 13:48:23.906,eb:33:2e:f9:57:b5, 2085-97-238 255:96:00:2033,-0.009,0.046,0.994,0.061,-0.427,0,2.692,0.396,-143.152,-49.4,-56.6,-20.533,29.49,0.3154,0.01154,-0.02069,-0.94861
 13:48:23.968,eb:33:2e:f9:57:b5, 2085-97-240 255:99:00:2032,-0.005,0.047,0.992,0,-0.671,0,2.692,0.396,-143.141,-49.4,-56.6,-20.533,29.49,0.3154,0.01154,-0.02069,-0.94861
 13:48:23.968,eb:33:2e:f9:57:b5, 2085-97-250 255:95:00:2043,-0.002,0.049,0.995,-0.183,-0.61,0,2.692,0.396,-143.141,-49.4,-56.6,-20.533,29.49,0.3154,0.01154,-0.02069,-0.94861
 13:48:23.968,eb:33:2e:f9:57:b5, 2085-97-248 255:96:00:2042,-0.005,0.045,0.999,0,-0.488,0,2.692,0.396,-143.13,-49.4,-56.6,-20.533,29.49,0.3154,0.01154,-0.02069,-0.94861
 13:48:23.968,eb:33:2e:f9:57:b5, 2085-97-244 255:100:00:2034,-0.006,0.048,0.995,-0.061,-0.366,0,2.692,0.396,-143.13,-49.4,-56.6,-20.533,29.49,0.3154,0.01154,-0.02069,-0.94861
 13:48:23.998,eb:33:2e:f9:57:b5, 2085-97-244 255:96:00:2034,-0.007,0.048,0.993,-0.244,-0.366,-0.061,2.692,0.396,-143.124,-49.4,-56.6,-20.533,29.49,0.3154,0.01154,-0.02069,-0.94861
 13:48:23.998,eb:33:2e:f9:57:b5, 2085-97-243 255:97:00:2033,-0.006,0.046,0.993,-0.183,-0.427,-0.061,2.692,0.396,-143.124,-49.4,-56.6,-20.533,29.49,0.3154,0.01154,-0.02069,-0.94861
 13:48:23.998,eb:33:2e:f9:57:b5, 2085-97-244 255:98:00:2032,-0.007,0.049,0.994,-0.427,-0.488,-0.122,2.692,0.396,-143.113,-49.4,-56.6,-20.533,29.49,0.3154,0.01154,-0.02069,-0.94861
 13:48:23.998,eb:33:2e:f9:57:b5, 2085-97-243 255:95:00:2033,-0.009,0.046,0.993,-0.488,-0.61,-0.122,2.692,0.396,-143.113,-49.4,-56.6,-20.533,29.49,0.3154,0.01154,-0.02069,-0.94861
 13:48:24.028,eb:33:2e:f9:57:b5, 2085-97-244 255:97:00:2033,-0.006,0.046,0.991,-0.488,-0.793,-0.061,2.692,0.396,-143.108,-49.4,-56.6,-20.533,29.49,0.3154,0.01154,-0.02069,-0.94861
 13:48:24.028,eb:33:2e:f9:57:b5, 2085-97-246 255:100:00:2033,-0.007,0.047,0.993,-0.671,-0.916,0,2.692,0.396,-143.108,-49.4,-56.6,-20.533,29.49,0.3154,0.01154,-0.02069,-0.94861
 13:48:24.028,eb:33:2e:f9:57:b5, 2085-113-58 00:28:228:-8625,-0.008,0.048,0.992,-0.854,-1.099,-0.122,2.692,0.396,-143.097,-49.4,-56.6,-20.533,29.49,0.3154,0.01154,-0.02069,-0.94861
 13:48:24.028,eb:33:2e:f9:57:b5, 2085-97-244 255:101:00:2027,-0.008,0.048,0.991,-0.977,-1.221,-0.183,2.692,0.396,-143.097,-49.4,-56.6,-20.533,29.49,0.3154,0.01154,-0.02069,-0.94861
 13:48:24.087,eb:33:2e:f9:57:b5, 2085-97-240 255:99:00:2024,-0.006,0.05,0.988,-1.221,-1.648,-0.427,2.692,0.396,-143.097,-47.6,-57.5,-23.333,29.49,0.3154,0.01154,-0.02069,-0.94861
 13:48:24.087,eb:33:2e:f9:57:b5, 2085-97-252 255:95:00:2037,0,0.049,0.99,-1.282,-2.014,-0.732,2.692,0.396,-143.097,-47.6,-57.5,-23.333,29.49,0.3154,0.01154,-0.02069,-0.94861
 13:48:24.087,eb:33:2e:f9:57:b5, 2085-97-03 00:91:00:2048,0.001,0.044,0.997,-1.099,-1.953,-0.854,2.692,0.396,-143.097,-47.6,-57.5,-23.333,29.49,0.3154,0.01154,-0.02069,-0.94861
 13:48:24.087,eb:33:2e:f9:57:b5, 2085-97-04 00:91:00:2053,0.001,0.045,1,-0.916,-1.709,-0.732,2.692,0.396,-143.097,-47.6,-57.5,-23.333,29.49,0.3154,0.01154,-0.02069,-0.94861
 13:48:24.117,eb:33:2e:f9:57:b5, 2085-97-06 00:84:00:2059,0.002,0.042,1.004,-0.488,-1.343,-0.732,2.692,0.396,-143.097,-47.6,-57.5,-23.333,29.49,0.31628,0.01068,-0.02118,-0.9483
 13:48:24.117,eb:33:2e:f9:57:b5, 2085-97-00 00:92:00:2049,-0.002,0.043,1.003,-0.305,-0.977,-0.427,2.692,0.396,-143.097,-47.6,-57.5,-23.333,29.49,0.31628,0.01068,-0.02118,-0.9483
 13:48:24.117,eb:33:2e:f9:57:b5, 2085-97-253 255:92:00:2046,0,0.044,0.999,-0.183,-0.916,-0.305,2.692,0.396,-143.097,-47.6,-57.5,-23.333,29.49,0.31628,0.01068,-0.02118,-0.9483
 13:48:24.117,eb:33:2e:f9:57:b5, 2085-97-255 255:95:00:2040,-0.002,0.045,0.998,-0.244,-0.793,-0.305,2.692,0.39,-143.097,-47.6,-57.5,-23.333,29.49,0.31628,0.01068,-0.02118,-0.9483
 13:48:24.147,eb:33:2e:f9:57:b5, 2085-97-250 255:92:00:2038,-0.001,0.045,0.995,-0.244,-0.854,-0.305,2.692,0.39,-143.097,-47.6,-57.5,-23.333,29.49,0.31628,0.01068,-0.02118,-0.9483
 13:48:24.147,eb:33:2e:f9:57:b5, 2085-97-255 255:94:00:2040,-0.001,0.046,0.996,-0.244,-0.916,-0.366,2.692,0.39,-143.097,-47.6,-57.5,-23.333,29.49,0.31628,0.01068,-0.02118,-0.9483
 13:48:24.147,eb:33:2e:f9:57:b5, 2085-97-253 255:99:00:2036,-0.003,0.047,0.996,-0.366,-0.854,-0.427,2.692,0.39,-143.097,-47.6,-57.5,-23.333,29.49,0.31628,0.01068,-0.02118,-0.9483
 13:48:24.147,eb:33:2e:f9:57:b5, 2085-97-244 255:95:00:2028,-0.005,0.047,0.991,-0.488,-1.038,-0.61,2.692,0.39,-143.097,-47.6,-57.5,-23.333,29.49,0.31628,0.01068,-0.02118,-0.9483
 13:48:24.209,eb:33:2e:f9:57:b5, 2085-97-247 255:99:00:2030,-0.002,0.047,0.991,-0.732,-1.526,-0.793,2.692,0.39,-143.097,-47.6,-57.5,-23.333,29.49,0.31628,0.01068,-0.02118,-0.9483
 13:48:24.209,eb:33:2e:f9:57:b5, 2085-97-252 255:94:00:2036,0.006,0.048,0.991,-0.916,-1.892,-0.916,2.692,0.39,-143.097,-47.6,-57.5,-23.333,29.49,0.31628,0.01068,-0.02118,-0.9483
 13:48:24.209,eb:33:2e:f9:57:b5, 2085-97-26 00:66:00:2076,0.007,0.041,1.003,-0.488,-1.526,-0.977,2.692,0.39,-143.097,-47.6,-57.5,-23.333,29.49,0.31628,0.01068,-0.02118,-0.9483
 13:48:24.209,eb:33:2e:f9:57:b5, 2085-97-13 00:92:00:2064,0.005,0.032,1.011,0.244,-0.793,-0.061,2.692,0.39,-143.097,-47.6,-57.5,-23.333,29.49,0.31628,0.01068,-0.02118,-0.9483
 13:48:24.237,eb:33:2e:f9:57:b5, 2085-97-05 00:88:00:2055,0.001,0.048,1.004,0.122,0,0.244,2.692,0.39,-143.097,-47.6,-57.5,-23.333,29.49,0.31628,0.01068,-0.02118,-0.9483
 13:48:24.237,eb:33:2e:f9:57:b5, 2085-97-00 00:92:00:2047,0,0.041,1.001,0.366,0.244,0.427,2.692,0.39,-143.097,-47.6,-57.5,-23.333,29.49,0.31628,0.01068,-0.02118,-0.9483
 13:48:24.237,eb:33:2e:f9:57:b5, 2085-97-254 255:94:00:2040,0,0.047,0.997,0.305,0.427,0.549,2.692,0.39,-143.097,-47.6,-57.5,-23.333,29.49,0.31628,0.01068,-0.02118,-0.9483
 13:48:24.237,eb:33:2e:f9:57:b5, 2085-97-254 255:95:00:2036,-0.003,0.046,0.995,0.183,0.488,0.488,2.692,0.39,-143.097,-47.6,-57.5,-23.333,29.49,0.31628,0.01068,-0.02118,-0.9483
 13:48:24.296,eb:33:2e:f9:57:b5, 2085-97-244 255:95:00:2029,-0.006,0.046,0.992,0.061,0.488,0.427,2.692,0.39,-143.097,-47.6,-57.5,-23.333,29.49,0.31628,0.01068,-0.02118,-0.9483
 13:48:24.296,eb:33:2e:f9:57:b5, 2085-97-248 255:93:00:2029,-0.002,0.045,0.99,0,0.244,0.305,2.692,0.39,-143.097,-47.6,-57.5,-23.333,29.49,0.31628,0.01068,-0.02118,-0.9483
 13:48:24.296,eb:33:2e:f9:57:b5, 2085-97-251 255:94:00:2033,-0.001,0.046,0.992,0,0,0.305,2.692,0.39,-143.097,-47.6,-57.5,-23.333,29.49,0.31628,0.01068,-0.02118,-0.9483
 13:48:24.296,eb:33:2e:f9:57:b5, 2085-97-255 255:92:00:2037,0,0.045,0.994,-0.122,-0.061,0.183,2.692,0.39,-143.097,-47.6,-57.5,-23.333,29.49,0.31628,0.01068,-0.02118,-0.9483
 13:48:24.327,eb:33:2e:f9:57:b5, 2085-97-255 255:93:00:2038,0,0.046,0.996,-0.244,-0.061,0.183,2.692,0.39,-143.097,-47.6,-57.5,-23.333,29.49,0.31628,0.01068,-0.02118,-0.9483
 13:48:24.327,eb:33:2e:f9:57:b5, 2085-97-00 00:92:00:2039,0,0.045,0.996,-0.244,-0.061,0.244,2.686,0.39,-143.097,-47.6,-57.5,-23.333,29.49,0.31628,0.01068,-0.02118,-0.9483
 13:48:24.327,eb:33:2e:f9:57:b5, 2085-97-01 00:94:00:2041,0.001,0.045,0.996,-0.183,-0.122,0.183,2.686,0.39,-143.097,-47.6,-57.5,-23.333,29.49,0.31628,0.01068,-0.02118,-0.9483
 13:48:24.327,eb:33:2e:f9:57:b5, 2085-97-01 00:94:00:2041,0,0.046,0.998,-0.183,0,0.122,2.686,0.39,-143.097,-47.6,-57.5,-23.333,29.49,0.31628,0.01068,-0.02118,-0.9483
 13:48:24.358,eb:33:2e:f9:57:b5, 2085-97-255 255:94:00:2039,0,0.046,0.997,-0.244,0,0.122,2.686,0.39,-143.097,-48.6,-56.6,-24.12,29.49,0.31628,0.01068,-0.02118,-0.9483
 13:48:24.358,eb:33:2e:f9:57:b5, 2085-97-00 00:93:00:2041,0,0.045,0.996,-0.305,0,0.122,2.686,0.385,-143.097,-48.6,-56.6,-24.12,29.49,0.31628,0.01068,-0.02118,-0.9483
 13:48:24.358,eb:33:2e:f9:57:b5, 2085-97-00 00:90:00:2043,0,0.044,0.998,-0.244,0,0.061,2.686,0.385,-143.097,-48.6,-56.6,-24.12,29.49,0.31628,0.01068,-0.02118,-0.9483
 13:48:24.358,eb:33:2e:f9:57:b5, 2085-97-253 255:93:00:2036,-0.003,0.045,0.997,-0.305,0.061,0.061,2.686,0.385,-143.097,-48.6,-56.6,-24.12,29.49,0.31628,0.01068,-0.02118,-0.9483
 13:48:24.387,eb:33:2e:f9:57:b5, 2085-97-246 255:89:00:2031,-0.004,0.044,0.992,-0.183,0,0,2.686,0.385,-143.097,-48.6,-56.6,-24.12,29.49,0.31628,0.01068,-0.02118,-0.9483
 13:48:24.387,eb:33:2e:f9:57:b5, 2085-97-01 00:90:00:2039,0.001,0.043,0.993,-0.122,-0.305,0,2.686,0.385,-143.097,-48.6,-56.6,-24.12,29.49,0.31628,0.01068,-0.02118,-0.9483
 13:48:24.387,eb:33:2e:f9:57:b5, 2085-97-254 255:91:00:2036,-0.004,0.044,0.995,-0.122,-0.244,0,2.686,0.385,-143.097,-48.6,-56.6,-24.12,29.49,0.31628,0.01068,-0.02118,-0.9483
 13:48:24.387,eb:33:2e:f9:57:b5, 2085-97-246 255:88:00:2033,-0.005,0.044,0.993,-0.183,-0.427,-0.061,2.686,0.385,-143.097,-48.6,-56.6,-24.12,29.49,0.31628,0.01068,-0.02118,-0.9483
 13:48:24.446,eb:33:2e:f9:57:b5, 2085-97-252 255:94:00:2025,-0.004,0.044,0.993,-0.244,-0.671,-0.061,2.686,0.385,-143.097,-48.6,-56.6,-24.12,29.49,0.31628,0.01062,-0.02118,-0.9483
 13:48:24.446,eb:33:2e:f9:57:b5, 2085-97-245 255:91:00:2027,-0.006,0.046,0.99,-0.244,-0.916,-0.183,2.686,0.385,-143.097,-48.6,-56.6,-24.12,29.49,0.31628,0.01062,-0.02118,-0.9483
 13:48:24.446,eb:33:2e:f9:57:b5, 2085-97-246 255:91:00:2028,-0.006,0.044,0.988,-0.305,-1.404,-0.244,2.686,0.385,-143.097,-48.6,-56.6,-24.12,29.49,0.31628,0.01062,-0.02118,-0.9483
 13:48:24.446,eb:33:2e:f9:57:b5, 2085-97-246 255:96:00:2025,-0.006,0.045,0.99,-0.427,-1.831,-0.427,2.686,0.385,-143.097,-48.6,-56.6,-24.12,29.49,0.31628,0.01062,-0.02118,-0.9483
 13:48:24.477,eb:33:2e:f9:57:b5, 2085-97-244 255:94:00:2027,-0.002,0.047,0.989,-0.671,-2.319,-0.61,2.686,0.385,-143.097,-48.6,-56.6,-24.12,29.49,0.31628,0.01062,-0.02118,-0.9483
 13:48:24.477,eb:33:2e:f9:57:b5, 2085-97-00 00:93:00:2035,0.003,0.045,0.992,-0.671,-2.747,-0.854,2.686,0.379,-143.097,-48.6,-56.6,-24.12,29.49,0.31628,0.01062,-0.02118,-0.9483
 13:48:24.477,eb:33:2e:f9:57:b5, 2085-97-08 00:90:00:2045,0.003,0.045,0.996,-0.671,-2.93,-1.038,2.681,0.352,-143.108,-48.6,-56.6,-24.12,29.49,0.31628,0.01062,-0.02118,-0.9483
 13:48:24.477,eb:33:2e:f9:57:b5, 2085-97-09 00:86:00:2047,0.004,0.042,0.999,-0.61,-2.747,-1.038,2.675,0.324,-143.124,-48.6,-56.6,-24.12,29.49,0.31628,0.01062,-0.02118,-0.9483
 13:48:24.507,eb:33:2e:f9:57:b5, 2085-97-14 00:86:00:2052,0.006,0.042,1,-0.488,-2.625,-0.977,2.67,0.297,-143.135,-48.6,-56.6,-24.12,29.49,0.31628,0.01062,-0.02118,-0.9483
 13:48:24.507,eb:33:2e:f9:57:b5, 2085-97-11 00:85:00:2046,0.005,0.041,1,-0.305,-2.258,-0.732,2.664,0.275,-143.146,-48.6,-56.6,-24.12,29.49,0.31628,0.01062,-0.02118,-0.9483
 13:48:24.507,eb:33:2e:f9:57:b5, 2085-97-11 00:90:00:2047,0.006,0.043,0.999,-0.244,-2.075,-0.549,2.659,0.253,-143.157,-48.6,-56.6,-24.12,29.49,0.31628,0.01062,-0.02118,-0.9483
 13:48:24.507,eb:33:2e:f9:57:b5, 2085-97-14 00:89:00:2045,0.007,0.044,0.999,-0.244,-1.892,-0.488,2.659,0.236,-143.163,-48.6,-56.6,-24.12,29.49,0.31628,0.01062,-0.02118,-0.9483
 13:48:24.567,eb:33:2e:f9:57:b5, 2085-97-11 00:88:00:2045,0.005,0.043,1,-0.183,-1.526,-0.305,2.659,0.22,-143.168,-48.6,-56.6,-24.12,29.49,0.31628,0.01062,-0.02118,-0.9483
 13:48:24.567,eb:33:2e:f9:57:b5, 2085-97-09 00:87:00:2039,0.005,0.043,0.998,-0.183,-1.404,-0.305,2.653,0.203,-143.174,-48.6,-56.6,-24.12,29.49,0.31628,0.01062,-0.02118,-0.9483
 13:48:24.567,eb:33:2e:f9:57:b5, 2085-97-10 00:89:00:2042,0.006,0.044,0.997,-0.061,-1.282,-0.305,2.653,0.192,-143.179,-48.6,-56.6,-24.12,29.49,0.31628,0.01062,-0.02118,-0.9483
 13:48:24.567,eb:33:2e:f9:57:b5, 2085-97-13 00:88:00:2045,0.006,0.044,0.998,-0.183,-1.16,-0.366,2.653,0.181,-143.185,-48.6,-56.6,-24.12,29.49,0.31628,0.01062,-0.02118,-0.9483
 13:48:24.597,eb:33:2e:f9:57:b5, 2085-97-09 00:88:00:2043,0.003,0.043,0.999,-0.183,-0.854,-0.183,2.648,0.17,-143.185,-48.6,-56.6,-24.12,29.49,0.31628,0.01062,-0.02118,-0.9483
 13:48:24.597,eb:33:2e:f9:57:b5, 2085-97-11 00:87:00:2044,0.006,0.042,0.997,-0.183,-0.854,0,2.648,0.165,-143.19,-48.6,-56.6,-24.12,29.49,0.31628,0.01062,-0.02118,-0.9483
 13:48:24.598,eb:33:2e:f9:57:b5, 2085-97-10 00:89:00:2039,0.004,0.042,0.998,-0.122,-0.732,0,2.648,0.154,-143.19,-48.6,-56.6,-24.12,29.49,0.31628,0.01062,-0.02118,-0.9483
 13:48:24.598,eb:33:2e:f9:57:b5, 2085-97-10 00:87:00:2038,0.005,0.044,0.995,-0.122,-0.732,0,2.648,0.148,-143.19,-48.6,-56.6,-24.12,29.49,0.31628,0.01062,-0.02118,-0.9483
 13:48:24.628,eb:33:2e:f9:57:b5, 2085-97-10 00:90:00:2039,0.005,0.043,0.996,-0.061,-0.671,0.061,2.642,0.143,-143.19,-48.7,-56.3,-24.113,29.49,0.31628,0.01062,-0.02118,-0.9483
 13:48:24.628,eb:33:2e:f9:57:b5, 2085-97-06 00:88:00:2032,0.004,0.044,0.994,0,-0.61,0,2.642,0.137,-143.19,-48.7,-56.3,-24.113,29.49,0.31628,0.01062,-0.02118,-0.9483
 13:48:24.628,eb:33:2e:f9:57:b5, 2085-97-11 00:88:00:2039,0.006,0.042,0.994,0,-0.732,-0.122,2.642,0.126,-143.196,-48.7,-56.3,-24.113,29.49,0.31628,0.01062,-0.02118,-0.9483
 13:48:24.628,eb:33:2e:f9:57:b5, 2085-97-13 00:90:00:2043,0.007,0.044,0.997,0,-0.671,-0.122,2.642,0.121,-143.196,-48.7,-56.3,-24.113,29.49,0.31628,0.01062,-0.02118,-0.9483
 13:48:24.717,eb:33:2e:f9:57:b5, 2085-97-13 00:89:00:2041,0.006,0.043,0.999,0,-0.488,0,2.642,0.115,-143.201,-48.7,-56.3,-24.113,29.49,0.31628,0.01062,-0.02118,-0.9483
 13:48:24.717,eb:33:2e:f9:57:b5, 2085-97-13 00:89:00:2043,0.007,0.044,0.997,0,-0.427,0,2.642,0.11,-143.201,-48.7,-56.3,-24.113,29.49,0.31628,0.01062,-0.02118,-0.9483
 13:48:24.717,eb:33:2e:f9:57:b5, 2085-97-12 00:92:00:2041,0.003,0.044,0.997,0,-0.305,0,2.642,0.11,-143.201,-48.7,-56.3,-24.113,29.49,0.31628,0.01062,-0.02118,-0.9483
 13:48:24.717,eb:33:2e:f9:57:b5, 2085-97-10 00:87:00:2036,0.005,0.043,0.995,0,-0.244,0,2.642,0.104,-143.201,-48.7,-56.3,-24.113,29.49,0.31628,0.01062,-0.02118,-0.9483
 13:48:24.719,eb:33:2e:f9:57:b5, 2085-97-07 00:84:00:2035,0.005,0.043,0.993,0,-0.244,0,2.642,0.104,-143.201,-48.7,-56.3,-24.113,29.49,0.31628,0.01062,-0.02118,-0.9483
 13:48:24.719,eb:33:2e:f9:57:b5, 2085-97-09 00:87:00:2039,0.005,0.042,0.995,0.122,-0.427,-0.122,2.642,0.099,-143.201,-48.7,-56.3,-24.113,29.49,0.31628,0.01062,-0.02118,-0.9483
 13:48:24.719,eb:33:2e:f9:57:b5, 2085-97-13 00:91:00:2040,0.005,0.043,0.996,0.122,-0.427,-0.061,2.642,0.099,-143.201,-48.7,-56.3,-24.113,29.49,0.31628,0.01062,-0.02118,-0.9483
 13:48:24.719,eb:33:2e:f9:57:b5, 2085-97-14 00:90:00:2045,0.008,0.044,0.997,0.122,-0.366,-0.061,2.642,0.099,-143.201,-48.7,-56.3,-24.113,29.49,0.31549,0.00821,-0.02158,-0.94861
 13:48:24.777,eb:33:2e:f9:57:b5, 2085-97-15 00:88:00:2044,0.006,0.043,1,0.183,-0.122,0,2.642,0.099,-143.201,-48.7,-56.3,-24.113,29.49,0.31549,0.00821,-0.02158,-0.94861
 13:48:24.778,eb:33:2e:f9:57:b5, 2085-97-11 00:92:00:2038,0.003,0.043,0.997,0.183,0.061,0,2.642,0.093,-143.201,-48.7,-56.3,-24.113,29.49,0.31549,0.00821,-0.02158,-0.94861
 13:48:24.778,eb:33:2e:f9:57:b5, 2085-97-06 00:90:00:2033,0.004,0.044,0.993,0.122,0.061,0,2.642,0.093,-143.201,-48.7,-56.3,-24.113,29.49,0.31549,0.00821,-0.02158,-0.94861
 13:48:24.778,eb:33:2e:f9:57:b5, 2085-97-10 00:88:00:2037,0.006,0.043,0.994,0.061,0,-0.061,2.637,0.088,-143.201,-48.7,-56.3,-24.113,29.49,0.31549,0.00821,-0.02158,-0.94861
 13:48:24.807,eb:33:2e:f9:57:b5, 2085-97-13 00:92:00:2041,0.006,0.043,0.996,0,-0.061,-0.122,2.637,0.088,-143.201,-48.7,-56.3,-24.113,29.49,0.31549,0.00821,-0.02158,-0.94861
 13:48:24.807,eb:33:2e:f9:57:b5, 2085-97-10 00:91:00:2037,0.005,0.044,0.996,0,0,-0.061,2.637,0.088,-143.201,-48.7,-56.3,-24.113,29.49,0.31549,0.00821,-0.02158,-0.94861
 13:48:24.807,eb:33:2e:f9:57:b5, 2085-97-12 00:91:00:2036,0.006,0.044,0.994,0,0,-0.122,2.637,0.088,-143.201,-48.7,-56.3,-24.113,29.49,0.31549,0.00821,-0.02158,-0.94861
 13:48:24.807,eb:33:2e:f9:57:b5, 2085-97-13 00:91:00:2039,0.007,0.044,0.995,0.061,0,-0.122,2.637,0.082,-143.201,-48.7,-56.3,-24.113,29.49,0.31549,0.00821,-0.02158,-0.94861
 13:48:24.837,eb:33:2e:f9:57:b5, 2085-97-08 00:90:00:2038,0.002,0.045,0.996,0,0,-0.122,2.637,0.082,-143.201,-48.7,-56.3,-24.113,29.49,0.31549,0.00821,-0.02158,-0.94861
 13:48:24.837,eb:33:2e:f9:57:b5, 2085-97-07 00:89:00:2035,0.004,0.043,0.993,0,0,-0.122,2.637,0.082,-143.201,-48.7,-56.3,-24.113,29.49,0.31549,0.00821,-0.02158,-0.94861
 13:48:24.837,eb:33:2e:f9:57:b5, 2085-97-12 00:89:00:2039,0.006,0.043,0.995,0,-0.122,-0.061,2.637,0.082,-143.201,-48.7,-56.3,-24.113,29.49,0.31549,0.00821,-0.02158,-0.94861
 13:48:24.837,eb:33:2e:f9:57:b5, 2085-97-08 00:89:00:2040,0.005,0.044,0.996,-0.061,-0.122,0,2.637,0.077,-143.201,-48.7,-56.3,-24.113,29.49,0.31549,0.00821,-0.02158,-0.94861
 13:48:24.897,eb:33:2e:f9:57:b5, 2085-97-11 00:88:00:2042,0.006,0.043,0.997,-0.061,-0.183,0,2.637,0.077,-143.201,-48.7,-56.3,-24.113,29.49,0.31549,0.00821,-0.02158,-0.94861
 13:48:24.897,eb:33:2e:f9:57:b5, 2085-97-14 00:91:00:2040,0.006,0.044,0.996,-0.061,-0.061,0.061,2.637,0.077,-143.201,-48.7,-56.3,-24.113,29.49,0.31549,0.00821,-0.02158,-0.94861
 13:48:24.897,eb:33:2e:f9:57:b5, 2085-97-11 00:91:00:2036,0.006,0.045,0.995,-0.122,-0.061,0.061,2.637,0.077,-143.201,-48.7,-56.3,-24.113,29.49,0.31549,0.00821,-0.02158,-0.94861
 13:48:24.897,eb:33:2e:f9:57:b5, 2085-97-07 00:90:00:2034,0.003,0.045,0.995,-0.183,0,0.061,2.637,0.071,-143.201,-48.7,-56.3,-24.113,29.49,0.31549,0.00821,-0.02158,-0.94861
 13:48:24.928,eb:33:2e:f9:57:b5, 2085-97-15 00:91:00:2038,0.007,0.043,0.993,-0.183,-0.122,0.061,2.637,0.071,-143.201,-48.7,-56.3,-24.113,29.49,0.31549,0.00821,-0.02158,-0.94861
 13:48:24.928,eb:33:2e:f9:57:b5, 2085-97-10 00:90:00:2037,0.005,0.044,0.995,-0.244,0,0,2.631,0.071,-143.201,-48.7,-56.3,-24.113,29.49,0.31549,0.00821,-0.02158,-0.94861
 13:48:24.928,eb:33:2e:f9:57:b5, 2085-97-14 00:89:00:2040,0.006,0.044,0.995,-0.244,0,0,2.631,0.071,-143.201,-48.7,-56.3,-24.113,29.49,0.31549,0.00821,-0.02158,-0.94861
 13:48:24.928,eb:33:2e:f9:57:b5, 2085-97-09 00:91:00:2037,0.004,0.044,0.995,-0.305,0,0.122,2.631,0.071,-143.201,-48.7,-56.3,-24.113,29.49,0.31549,0.00821,-0.02158,-0.94861
 13:48:24.928,eb:33:2e:f9:57:b5, 2085-113-58 00:149:227:-8160,0.003,0.043,0.994,-0.244,-0.061,0.061,2.631,0.071,-143.201,-48.7,-56.3,-24.113,29.49,0.31549,0.00821,-0.02158,-0.94861
 13:48:24.959,eb:33:2e:f9:57:b5, 2085-97-11 00:86:00:2039,0.006,0.042,0.993,-0.244,-0.183,0,2.631,0.071,-143.201,-48.5,-54.4,-23.053,29.49,0.31549,0.00821,-0.02158,-0.94861
 13:48:24.959,eb:33:2e:f9:57:b5, 2085-97-14 00:87:00:2041,0.007,0.042,0.998,-0.183,-0.183,0,2.631,0.066,-143.201,-48.5,-54.4,-23.053,29.49,0.31549,0.00821,-0.02158,-0.94861
 13:48:24.959,eb:33:2e:f9:57:b5, 2085-97-13 00:85:00:2043,0.007,0.042,0.998,-0.183,-0.183,0,2.631,0.066,-143.201,-48.5,-54.4,-23.053,29.49,0.31549,0.00821,-0.02158,-0.94861
 13:48:24.959,eb:33:2e:f9:57:b5, 2085-97-14 00:87:00:2041,0.007,0.042,0.997,-0.061,-0.183,0,2.631,0.066,-143.201,-48.5,-54.4,-23.053,29.49,0.31549,0.00821,-0.02158,-0.94861
 13:48:25.018,eb:33:2e:f9:57:b5, 2085-97-15 00:89:00:2042,0.006,0.043,0.996,-0.061,-0.122,0,2.631,0.066,-143.201,-48.5,-54.4,-23.053,29.49,0.31549,0.00821,-0.02158,-0.94861
 13:48:25.018,eb:33:2e:f9:57:b5, 2085-97-11 00:90:00:2038,0.004,0.044,0.996,0,0,0,2.631,0.06,-143.201,-48.5,-54.4,-23.053,29.49,0.31549,0.00821,-0.02158,-0.94861
 13:48:25.018,eb:33:2e:f9:57:b5, 2085-97-08 00:89:00:2035,0.005,0.043,0.995,0,0,-0.061,2.631,0.06,-143.201,-48.5,-54.4,-23.053,29.49,0.31549,0.00821,-0.02158,-0.94861
 13:48:25.018,eb:33:2e:f9:57:b5, 2085-97-13 00:89:00:2042,0.006,0.043,0.996,0,0,-0.244,2.631,0.06,-143.201,-48.5,-54.4,-23.053,29.49,0.31549,0.00821,-0.02158,-0.94861
 13:48:25.047,eb:33:2e:f9:57:b5, 2085-97-10 00:87:00:2041,0.006,0.042,0.998,0,0,-0.183,2.631,0.06,-143.201,-48.5,-54.4,-23.053,29.49,0.31546,0.00778,-0.02161,-0.94861
 13:48:25.047,eb:33:2e:f9:57:b5, 2085-97-10 00:89:00:2040,0.005,0.044,0.997,0,0.061,-0.122,2.631,0.055,-143.201,-48.5,-54.4,-23.053,29.49,0.31546,0.00778,-0.02161,-0.94861
 13:48:25.047,eb:33:2e:f9:57:b5, 2085-97-13 00:87:00:2041,0.007,0.042,0.995,-0.061,0,0,2.631,0.055,-143.201,-48.5,-54.4,-23.053,29.49,0.31546,0.00778,-0.02161,-0.94861
 13:48:25.047,eb:33:2e:f9:57:b5, 2085-97-12 00:91:00:2036,0.003,0.044,0.997,-0.183,0.122,0.061,2.631,0.055,-143.201,-48.5,-54.4,-23.053,29.49,0.31546,0.00778,-0.02161,-0.94861
 13:48:25.077,eb:33:2e:f9:57:b5, 2085-97-06 00:88:00:2035,0.005,0.043,0.994,-0.183,0,0,2.631,0.055,-143.201,-48.5,-54.4,-23.053,29.49,0.31546,0.00778,-0.02161,-0.94861
 13:48:25.077,eb:33:2e:f9:57:b5, 2085-97-14 00:88:00:2039,0.006,0.042,0.994,-0.122,-0.061,0,2.626,0.055,-143.201,-48.5,-54.4,-23.053,29.49,0.31546,0.00778,-0.02161,-0.94861
 13:48:25.077,eb:33:2e:f9:57:b5, 2085-97-12 00:86:00:2039,0.005,0.043,0.996,-0.122,-0.061,0.122,2.626,0.055,-143.201,-48.5,-54.4,-23.053,29.49,0.31546,0.00778,-0.02161,-0.94861
 13:48:25.077,eb:33:2e:f9:57:b5, 2085-97-13 00:86:00:2041,0.007,0.042,0.995,-0.122,-0.122,0.122,2.626,0.049,-143.201,-48.5,-54.4,-23.053,29.49,0.31546,0.00778,-0.02161,-0.94861
 13:48:25.138,eb:33:2e:f9:57:b5, 2085-97-10 00:87:00:2041,0.005,0.042,0.997,-0.061,-0.061,0.061,2.626,0.049,-143.201,-48.5,-54.4,-23.053,29.49,0.31546,0.00778,-0.02161,-0.94861
 13:48:25.138,eb:33:2e:f9:57:b5, 2085-97-13 00:87:00:2042,0.01,0.042,0.996,0,-0.122,0.061,2.626,0.049,-143.207,-48.5,-54.4,-23.053,29.49,0.31546,0.00778,-0.02161,-0.94861
 13:48:25.138,eb:33:2e:f9:57:b5, 2085-97-23 00:80:00:2049,0.012,0.042,0.999,0.244,0.061,0.061,2.626,0.049,-143.207,-48.5,-54.4,-23.053,29.49,0.31546,0.00778,-0.02161,-0.94861
 13:48:25.138,eb:33:2e:f9:57:b5, 2085-97-19 00:84:00:2049,0.007,0.038,1.002,0.61,0.427,0.244,2.626,0.044,-143.207,-48.5,-54.4,-23.053,29.49,0.31546,0.00778,-0.02161,-0.94861
 13:48:25.167,eb:33:2e:f9:57:b5, 2085-97-08 00:95:00:2038,0.002,0.046,0.998,0.549,0.671,0.244,2.626,0.044,-143.207,-48.5,-54.4,-23.053,29.49,0.31546,0.00778,-0.02161,-0.94861
 13:48:25.167,eb:33:2e:f9:57:b5, 2085-97-05 00:88:00:2031,0.004,0.044,0.993,0.488,0.488,0.183,2.626,0.044,-143.207,-48.5,-54.4,-23.053,29.49,0.31546,0.00778,-0.02161,-0.94861
 13:48:25.167,eb:33:2e:f9:57:b5, 2085-97-13 00:90:00:2038,0.007,0.043,0.993,0.366,0.305,0.061,2.626,0.044,-143.207,-48.5,-54.4,-23.053,29.49,0.31546,0.00778,-0.02161,-0.94861
 13:48:25.167,eb:33:2e:f9:57:b5, 2085-97-11 00:89:00:2035,0.005,0.045,0.996,0.366,0.305,0,2.626,0.044,-143.207,-48.5,-54.4,-23.053,29.49,0.31546,0.00778,-0.02161,-0.94861
 13:48:25.227,eb:33:2e:f9:57:b5, 2085-97-07 00:90:00:2039,0.006,0.044,0.995,0.305,0.244,0.061,2.626,0.044,-143.207,-48.5,-54.4,-23.053,29.49,0.31546,0.00778,-0.02161,-0.94861
 13:48:25.227,eb:33:2e:f9:57:b5, 2085-97-14 00:88:00:2042,0.005,0.044,0.997,0.366,0.366,0,2.626,0.038,-143.207,-48.5,-54.4,-23.053,29.49,0.31546,0.00778,-0.02161,-0.94861
 13:48:25.227,eb:33:2e:f9:57:b5, 2085-97-10 00:90:00:2039,0.005,0.043,0.997,0.366,0.427,0.122,2.626,0.038,-143.207,-48.5,-54.4,-23.053,29.49,0.31546,0.00778,-0.02161,-0.94861
 13:48:25.227,eb:33:2e:f9:57:b5, 2085-97-12 00:89:00:2040,0.006,0.044,0.996,0.305,0.488,0.122,2.626,0.038,-143.207,-48.5,-54.4,-23.053,29.49,0.31546,0.00778,-0.02161,-0.94861
 13:48:25.286,eb:33:2e:f9:57:b5, 2085-97-11 00:91:00:2039,0.005,0.044,0.997,0.305,0.488,0.183,2.626,0.038,-143.207,-48.5,-54.4,-23.053,29.49,0.31546,0.00778,-0.02161,-0.94861
 13:48:25.286,eb:33:2e:f9:57:b5, 2085-97-05 00:90:00:2035,0.001,0.045,0.995,0.244,0.549,0.244,2.62,0.038,-143.207,-48.5,-54.4,-23.053,29.49,0.31546,0.00778,-0.02161,-0.94861
 13:48:25.286,eb:33:2e:f9:57:b5, 2085-97-03 00:91:00:2032,0.002,0.044,0.992,0.183,0.366,0.122,2.62,0.038,-143.207,-48.5,-54.4,-23.053,29.49,0.31546,0.00778,-0.02161,-0.94861
 13:48:25.286,eb:33:2e:f9:57:b5, 2085-97-05 00:91:00:2031,0.004,0.044,0.992,0.061,0.183,0.122,2.62,0.033,-143.207,-48.5,-54.4,-23.053,29.49,0.31546,0.00778,-0.02161,-0.94861
 13:48:25.289,eb:33:2e:f9:57:b5, 2085-97-05 00:90:00:2035,0.003,0.045,0.993,0,0.122,0.061,2.62,0.033,-143.207,-48.5,-54.4,-23.053,29.49,0.31546,0.00778,-0.02161,-0.94861
 13:48:25.289,eb:33:2e:f9:57:b5, 2085-97-08 00:90:00:2037,0.004,0.044,0.993,0,0,0.061,2.62,0.033,-143.207,-48.5,-54.4,-23.053,29.49,0.31546,0.00778,-0.02161,-0.94861
 13:48:25.289,eb:33:2e:f9:57:b5, 2085-97-10 00:87:00:2038,0.005,0.042,0.994,0,-0.061,0,2.62,0.033,-143.207,-48.5,-54.4,-23.053,29.49,0.31546,0.00778,-0.02161,-0.94861
 13:48:25.289,eb:33:2e:f9:57:b5, 2085-97-07 00:89:00:2035,0.003,0.043,0.996,-0.061,0,0.061,2.62,0.027,-143.207,-48.4,-56.6,-24.12,29.49,0.31546,0.00778,-0.02161,-0.94861
 13:48:25.347,eb:33:2e:f9:57:b5, 2085-97-07 00:90:00:2038,0.003,0.043,0.994,-0.061,-0.122,0.122,2.62,0.027,-143.207,-48.4,-56.6,-24.12,29.49,0.31546,0.00778,-0.02161,-0.94861
 13:48:25.347,eb:33:2e:f9:57:b5, 2085-97-07 00:91:00:2036,0.002,0.044,0.994,-0.122,-0.122,0.061,2.62,0.027,-143.207,-48.4,-56.6,-24.12,29.49,0.31546,0.00778,-0.02161,-0.94861
 13:48:25.347,eb:33:2e:f9:57:b5, 2085-97-06 00:94:00:2044,0.01,0.044,0.995,-0.305,-0.061,0.061,2.62,0.027,-143.207,-48.4,-56.6,-24.12,29.49,0.31546,0.00778,-0.02161,-0.94861
 13:48:25.347,eb:33:2e:f9:57:b5, 2085-97-245 255:84:00:2021,0,0.048,0.994,-0.488,0.244,0.061,2.62,0.027,-143.207,-48.4,-56.6,-24.12,29.49,0.31546,0.00778,-0.02161,-0.94861
 13:48:25.377,eb:33:2e:f9:57:b5, 2085-97-05 00:90:00:2033,0.004,0.043,0.991,-0.549,-0.183,0,2.62,0.027,-143.207,-48.4,-56.6,-24.12,29.49,0.31546,0.00778,-0.02161,-0.94861
 13:48:25.377,eb:33:2e:f9:57:b5, 2085-97-13 00:88:00:2040,0.002,0.044,0.994,-0.61,-0.244,0,2.62,0.022,-143.207,-48.4,-56.6,-24.12,29.49,0.31546,0.00778,-0.02161,-0.94861
 13:48:25.377,eb:33:2e:f9:57:b5, 2085-97-07 00:81:00:2040,0.007,0.041,0.995,-0.427,-0.122,0,2.62,0.022,-143.207,-48.4,-56.6,-24.12,29.49,0.31546,0.00778,-0.02161,-0.94861
 13:48:25.377,eb:33:2e:f9:57:b5, 2085-97-18 00:92:00:2047,0.009,0.042,1,-0.305,-0.122,0.061,2.62,0.022,-143.207,-48.4,-56.6,-24.12,29.49,0.31546,0.00778,-0.02161,-0.94861
 13:48:25.408,eb:33:2e:f9:57:b5, 2085-97-21 00:86:00:2052,0.009,0.043,1,-0.183,0.183,0.122,2.62,0.022,-143.207,-48.4,-56.6,-24.12,29.49,0.31546,0.00739,-0.02161,-0.94861
 13:48:25.408,eb:33:2e:f9:57:b5, 2085-97-24 00:90:00:2056,0.009,0.039,1.003,0,0.549,0.305,2.62,0.022,-143.207,-48.4,-56.6,-24.12,29.49,0.31546,0.00739,-0.02161,-0.94861
 13:48:25.408,eb:33:2e:f9:57:b5, 2085-97-13 00:93:00:2042,0.004,0.046,1,0,0.916,0.305,2.62,0.022,-143.207,-48.4,-56.6,-24.12,29.49,0.31546,0.00739,-0.02161,-0.94861
 13:48:25.408,eb:33:2e:f9:57:b5, 2085-97-08 00:89:00:2040,0.004,0.044,0.995,0,0.854,0.305,2.615,0.016,-143.207,-48.4,-56.6,-24.12,29.49,0.31546,0.00739,-0.02161,-0.94861
 13:48:25.437,eb:33:2e:f9:57:b5, 2085-97-18 00:91:00:2045,0.005,0.042,0.995,0.061,0.61,0.244,2.615,0.016,-143.207,-48.4,-56.6,-24.12,29.49,0.31546,0.00739,-0.02161,-0.94861
 13:48:25.437,eb:33:2e:f9:57:b5, 2085-97-10 00:86:00:2041,0.005,0.042,0.996,0.061,0.732,0.183,2.615,0.016,-143.207,-48.4,-56.6,-24.12,29.49,0.31546,0.00739,-0.02161,-0.94861
 13:48:25.437,eb:33:2e:f9:57:b5, 2085-97-11 00:84:00:2046,0.006,0.042,0.998,0.305,0.61,0.183,2.615,0.016,-143.207,-48.4,-56.6,-24.12,29.49,0.31546,0.00739,-0.02161,-0.94861
 13:48:25.437,eb:33:2e:f9:57:b5, 2085-97-16 00:88:00:2046,0.007,0.042,0.999,0.427,0.61,0.244,2.615,0.016,-143.207,-48.4,-56.6,-24.12,29.49,0.31546,0.00739,-0.02161,-0.94861
 13:48:25.557,eb:33:2e:f9:57:b5, 2085-97-10 00:88:00:2041,0.003,0.043,0.999,0.488,0.854,0.366,2.615,0.016,-143.207,-48.4,-56.6,-24.12,29.49,0.31546,0.00739,-0.02161,-0.94861
 13:48:25.557,eb:33:2e:f9:57:b5, 2085-97-07 00:91:00:2035,0.001,0.044,0.995,0.488,0.854,0.305,2.615,0.011,-143.207,-48.4,-56.6,-24.12,29.49,0.31546,0.00739,-0.02161,-0.94861
 13:48:25.557,eb:33:2e:f9:57:b5, 2085-97-02 00:90:00:2032,0.001,0.045,0.992,0.427,0.793,0.183,2.615,0.011,-143.207,-48.4,-56.6,-24.12,29.49,0.31546,0.00739,-0.02161,-0.94861
 13:48:25.557,eb:33:2e:f9:57:b5, 2085-97-04 00:88:00:2034,0.005,0.044,0.993,0.427,0.549,0.183,2.615,0.011,-143.207,-48.4,-56.6,-24.12,29.49,0.31546,0.00739,-0.02161,-0.94861
 13:48:25.559,eb:33:2e:f9:57:b5, 2085-97-11 00:89:00:2045,0.004,0.044,0.998,0.427,0.671,0.122,2.615,0.011,-143.207,-48.4,-56.6,-24.12,29.49,0.31546,0.00739,-0.02161,-0.94861
 13:48:25.559,eb:33:2e:f9:57:b5, 2085-97-02 00:94:00:2036,0,0.044,0.996,0.366,0.732,0.183,2.615,0.011,-143.207,-48.4,-56.6,-24.12,29.49,0.31546,0.00739,-0.02161,-0.94861
 13:48:25.559,eb:33:2e:f9:57:b5, 2085-97-00 00:90:00:2033,0.001,0.045,0.992,0.244,0.671,0.183,2.615,0.011,-143.207,-48.4,-56.6,-24.12,29.49,0.31546,0.00739,-0.02161,-0.94861
 13:48:25.559,eb:33:2e:f9:57:b5, 2085-97-08 00:92:00:2039,0.001,0.044,0.994,0.183,0.427,0.122,2.615,0.005,-143.207,-48.4,-56.6,-24.12,29.49,0.31546,0.00739,-0.02161,-0.94861
 13:48:25.559,eb:33:2e:f9:57:b5, 2085-97-00 00:89:00:2037,0,0.044,0.995,0.183,0.427,0.122,2.615,0.005,-143.207,-48.4,-56.6,-24.12,29.49,0.31546,0.00739,-0.02161,-0.94861
 13:48:25.559,eb:33:2e:f9:57:b5, 2085-97-03 00:90:00:2039,0.004,0.043,0.994,0.122,0.244,0.244,2.615,0.005,-143.207,-48.4,-56.6,-24.12,29.49,0.31546,0.00739,-0.02161,-0.94861
 13:48:25.559,eb:33:2e:f9:57:b5, 2085-97-07 00:89:00:2043,0.002,0.043,0.997,0.183,0.366,0.244,2.615,0.005,-143.207,-48.4,-56.6,-24.12,29.49,0.31546,0.00739,-0.02161,-0.94861
 13:48:25.559,eb:33:2e:f9:57:b5, 2085-97-03 00:90:00:2038,0.002,0.043,0.996,0.183,0.366,0.366,2.615,0.005,-143.207,-48.4,-56.6,-24.12,29.49,0.31546,0.00739,-0.02161,-0.94861
 13:48:25.618,eb:33:2e:f9:57:b5, 2085-97-00 00:91:00:2036,0.001,0.045,0.994,0.183,0.244,0.305,2.615,0.005,-143.207,-48.4,-56.6,-24.12,29.49,0.31546,0.00739,-0.02161,-0.94861
 13:48:25.619,eb:33:2e:f9:57:b5, 2085-97-06 00:93:00:2039,0.004,0.045,0.995,0.061,0.122,0.305,2.615,0.005,-143.207,-48.4,-56.6,-24.12,29.49,0.31546,0.00739,-0.02161,-0.94861
 13:48:25.619,eb:33:2e:f9:57:b5, 2085-97-05 00:93:00:2040,0.002,0.045,0.996,0,0.244,0.244,2.615,0.005,-143.207,-48.4,-56.6,-24.12,29.49,0.31546,0.00739,-0.02161,-0.94861
 13:48:25.619,eb:33:2e:f9:57:b5, 2085-97-05 00:92:00:2040,0.001,0.044,0.995,0,0.183,0.183,2.609,0,-143.207,-48.4,-56.6,-24.12,29.49,0.31546,0.00739,-0.02161,-0.94861
 13:48:25.648,eb:33:2e:f9:57:b5, 2085-97-04 00:91:00:2037,0.002,0.044,0.994,0,0.183,0.244,2.609,0,-143.207,-49.6,-55.9,-23.72,29.49,0.31546,0.00739,-0.02161,-0.94861
 13:48:25.648,eb:33:2e:f9:57:b5, 2085-97-06 00:93:00:2036,0.003,0.045,0.994,-0.061,0.122,0.122,2.609,0,-143.207,-49.6,-55.9,-23.72,29.49,0.31546,0.00739,-0.02161,-0.94861
 13:48:25.648,eb:33:2e:f9:57:b5, 2085-97-02 00:93:00:2033,0.001,0.046,0.994,-0.122,0.244,0.061,2.609,0,-143.207,-49.6,-55.9,-23.72,29.49,0.31546,0.00739,-0.02161,-0.94861
 13:48:25.648,eb:33:2e:f9:57:b5, 2085-97-06 00:88:00:2040,0.003,0.044,0.994,-0.061,0.244,0,2.609,0,-143.207,-49.6,-55.9,-23.72,29.49,0.31546,0.00739,-0.02161,-0.94861
 13:48:25.677,eb:33:2e:f9:57:b5, 2085-97-07 00:90:00:2040,0.003,0.042,0.997,0.061,0.305,0,2.609,0,-143.207,-49.6,-55.9,-23.72,29.49,0.31546,0.00739,-0.02161,-0.94861
 13:48:25.677,eb:33:2e:f9:57:b5, 2085-97-07 00:89:00:2042,0.001,0.044,0.996,0.122,0.244,0,2.609,0,-143.207,-49.6,-55.9,-23.72,29.49,0.31546,0.00739,-0.02161,-0.94861
 13:48:25.677,eb:33:2e:f9:57:b5, 2085-113-81 00:98:40:235,0,0.044,0.997,0.122,0.305,0,2.609,0,-143.207,-49.6,-55.9,-23.72,29.49,0.31546,0.00739,-0.02161,-0.94861
 13:48:25.677,eb:33:2e:f9:57:b5, 2085-97-00 00:94:00:2037,0,0.044,0.995,0.122,0.183,0.061,2.609,0,-143.207,-49.6,-55.9,-23.72,29.49,0.31546,0.00739,-0.02161,-0.94861
 13:48:25.766,eb:33:2e:f9:57:b5, 2085-97-00 00:91:00:2033,0,0.045,0.994,0,0.183,0,2.609,0,-143.207,-49.6,-55.9,-23.72,29.49,0.31549,0.00717,-0.02161,-0.94861
 13:48:25.766,eb:33:2e:f9:57:b5, 2085-97-03 00:90:00:2034,0.001,0.045,0.992,0.061,0,-0.122,2.609,0,-143.207,-49.6,-55.9,-23.72,29.49,0.31549,0.00717,-0.02161,-0.94861
 13:48:25.766,eb:33:2e:f9:57:b5, 2085-97-03 00:88:00:2039,0.004,0.043,0.995,0,-0.061,-0.183,2.609,0,-143.207,-49.6,-55.9,-23.72,29.49,0.31549,0.00717,-0.02161,-0.94861
 13:48:25.766,eb:33:2e:f9:57:b5, 2085-97-05 00:91:00:2042,0,0.043,0.997,0.061,-0.061,-0.244,2.609,0,-143.207,-49.6,-55.9,-23.72,29.49,0.31549,0.00717,-0.02161,-0.94861
 13:48:25.798,eb:33:2e:f9:57:b5, 2085-97-02 00:93:00:2037,0.001,0.045,0.995,0.122,-0.122,-0.183,2.609,0,-143.207,-49.6,-55.9,-23.72,29.49,0.31549,0.00717,-0.02161,-0.94861
 13:48:25.798,eb:33:2e:f9:57:b5, 2085-97-05 00:90:00:2041,0.005,0.045,0.995,0.061,-0.183,-0.244,2.604,-0.022,-143.207,-49.6,-55.9,-23.72,29.49,0.31549,0.00717,-0.02161,-0.94861
 13:48:25.798,eb:33:2e:f9:57:b5, 2085-97-10 00:90:00:2047,0.003,0.045,0.999,0.061,-0.183,-0.244,2.604,-0.022,-143.201,-49.6,-55.9,-23.72,29.49,0.31549,0.00717,-0.02161,-0.94861
 13:48:25.798,eb:33:2e:f9:57:b5, 2085-97-03 00:92:00:2037,0,0.044,0.997,0.061,-0.122,-0.122,2.604,-0.022,-143.201,-49.6,-55.9,-23.72,29.49,0.31549,0.00717,-0.02161,-0.94861
 13:48:25.828,eb:33:2e:f9:57:b5, 2085-97-00 00:90:00:2039,0,0.044,0.995,0.122,-0.183,-0.122,2.598,-0.022,-143.19,-49.6,-55.9,-23.72,29.49,0.31549,0.00717,-0.02161,-0.94861
 13:48:25.828,eb:33:2e:f9:57:b5, 2085-97-05 00:89:00:2042,0.002,0.042,0.996,0.183,-0.122,-0.183,2.598,-0.022,-143.19,-49.6,-55.9,-23.72,29.49,0.31549,0.00717,-0.02161,-0.94861
 13:48:25.828,eb:33:2e:f9:57:b5, 2085-97-03 00:91:00:2040,0.001,0.045,0.996,0.183,-0.122,0,2.598,-0.022,-143.185,-49.6,-55.9,-23.72,29.49,0.31549,0.00717,-0.02161,-0.94861
 13:48:25.828,eb:33:2e:f9:57:b5, 2085-97-02 00:91:00:2035,-0.001,0.045,0.996,0.183,0,0,2.598,-0.027,-143.185,-49.6,-55.9,-23.72,29.49,0.31549,0.00717,-0.02161,-0.94861
 13:48:25.859,eb:33:2e:f9:57:b5, 2085-97-250 255:88:00:2031,0.006,0.044,0.991,0.305,-0.122,-0.061,2.598,-0.027,-143.179,-49.6,-55.9,-23.72,29.49,0.31549,0.00717,-0.02161,-0.94861
 13:48:25.859,eb:33:2e:f9:57:b5, 2085-97-11 00:95:00:2044,0.003,0.047,0.998,0.244,-0.122,-0.122,2.598,-0.027,-143.179,-49.6,-55.9,-23.72,29.49,0.31549,0.00717,-0.02161,-0.94861
 13:48:25.859,eb:33:2e:f9:57:b5, 2085-97-00 00:92:00:2037,0.001,0.046,0.996,0.122,0,-0.122,2.598,-0.027,-143.174,-49.6,-55.9,-23.72,29.49,0.31549,0.00717,-0.02161,-0.94861
 13:48:25.859,eb:33:2e:f9:57:b5, 2085-97-07 00:94:00:2039,0.003,0.045,0.994,0.122,-0.061,-0.061,2.598,-0.027,-143.174,-49.6,-55.9,-23.72,29.49,0.31549,0.00717,-0.02161,-0.94861
 13:48:25.887,eb:33:2e:f9:57:b5, 2085-97-00 00:92:00:2036,0,0.046,0.996,0,0.061,-0.122,2.598,-0.027,-143.163,-49.6,-55.9,-23.72,29.49,0.31549,0.00717,-0.02161,-0.94861
 13:48:25.887,eb:33:2e:f9:57:b5, 2085-97-00 00:92:00:2034,0.001,0.044,0.993,0,-0.061,-0.122,2.598,-0.027,-143.163,-49.6,-55.9,-23.72,29.49,0.31549,0.00717,-0.02161,-0.94861
 13:48:25.887,eb:33:2e:f9:57:b5, 2085-97-02 00:91:00:2039,0.003,0.044,0.994,0,-0.183,-0.122,2.598,-0.027,-143.157,-49.6,-55.9,-23.72,29.49,0.31549,0.00717,-0.02161,-0.94861
 13:48:25.887,eb:33:2e:f9:57:b5, 2085-97-06 00:87:00:2043,0.001,0.044,0.998,0,0,-0.061,2.598,-0.027,-143.157,-49.6,-55.9,-23.72,29.49,0.31549,0.00717,-0.02161,-0.94861
 13:48:25.918,eb:33:2e:f9:57:b5, 2085-97-00 00:91:00:2039,0.001,0.043,0.996,0.122,-0.061,0,2.598,-0.027,-143.152,-49.5,-54.7,-23.68,29.49,0.31549,0.00717,-0.02161,-0.94861
 13:48:25.918,eb:33:2e:f9:57:b5, 2085-97-03 00:92:00:2040,0.001,0.044,0.996,0.122,0,0.061,2.598,-0.027,-143.152,-49.5,-54.7,-23.68,29.49,0.31549,0.00717,-0.02161,-0.94861
 13:48:25.918,eb:33:2e:f9:57:b5, 2085-97-06 00:94:00:2038,0.003,0.045,0.995,0.061,-0.061,0.061,2.598,-0.027,-143.146,-49.5,-54.7,-23.68,29.49,0.31549,0.00717,-0.02161,-0.94861
 13:48:25.918,eb:33:2e:f9:57:b5, 2085-97-04 00:93:00:2040,0.001,0.045,0.996,0,0,0,2.598,-0.027,-143.146,-49.5,-54.7,-23.68,29.49,0.31549,0.00717,-0.02161,-0.94861
 13:48:25.977,eb:33:2e:f9:57:b5, 2085-97-01 00:93:00:2035,0.001,0.045,0.994,0.061,0,0,2.598,-0.027,-143.141,-49.5,-54.7,-23.68,29.49,0.31549,0.00717,-0.02161,-0.94861
 13:48:25.977,eb:33:2e:f9:57:b5, 2085-97-06 00:91:00:2039,0.006,0.045,0.994,0,-0.061,-0.061,2.598,-0.033,-143.141,-49.5,-54.7,-23.68,29.49,0.31549,0.00717,-0.02161,-0.94861
 13:48:25.977,eb:33:2e:f9:57:b5, 2085-97-10 00:92:00:2046,0.001,0.045,0.999,0.061,-0.122,-0.061,2.598,-0.033,-143.13,-49.5,-54.7,-23.68,29.49,0.31549,0.00717,-0.02161,-0.94861
 13:48:25.977,eb:33:2e:f9:57:b5, 2085-97-00 00:93:00:2032,0,0.044,0.995,0,-0.061,-0.122,2.598,-0.033,-143.13,-49.5,-54.7,-23.68,29.49,0.31549,0.00717,-0.02161,-0.94861
 13:48:26.006,eb:33:2e:f9:57:b5, 2085-97-03 00:92:00:2036,0.002,0.046,0.992,0,-0.244,-0.061,2.598,-0.033,-143.124,-49.5,-54.7,-23.68,29.49,0.31604,0.00687,-0.02161,-0.94843
 13:48:26.006,eb:33:2e:f9:57:b5, 2085-97-05 00:93:00:2039,0.002,0.045,0.996,0,-0.305,-0.122,2.598,-0.033,-143.124,-49.5,-54.7,-23.68,29.49,0.31604,0.00687,-0.02161,-0.94843
 13:48:26.006,eb:33:2e:f9:57:b5, 2085-97-08 00:90:00:2040,0.004,0.046,0.995,0,-0.305,-0.122,2.598,-0.033,-143.119,-49.5,-54.7,-23.68,29.49,0.31604,0.00687,-0.02161,-0.94843
 13:48:26.006,eb:33:2e:f9:57:b5, 2085-97-11 00:90:00:2046,0.003,0.042,0.998,0.122,-0.183,-0.122,2.598,-0.033,-143.119,-49.5,-54.7,-23.68,29.49,0.31604,0.00687,-0.02161,-0.94843
 13:48:26.066,eb:33:2e:f9:57:b5, 2085-97-03 00:94:00:2038,0,0.046,0.997,0.122,0,0,2.598,-0.033,-143.113,-49.5,-54.7,-23.68,29.49,0.31604,0.00687,-0.02161,-0.94843
 13:48:26.068,eb:33:2e:f9:57:b5, 2085-97-02 00:93:00:2037,0.003,0.044,0.995,0.061,0,0,2.598,-0.033,-143.113,-49.5,-54.7,-23.68,29.49,0.31604,0.00687,-0.02161,-0.94843
 13:48:26.068,eb:33:2e:f9:57:b5, 2085-97-07 00:97:00:2039,0.001,0.047,0.996,0,-0.061,0,2.598,-0.033,-143.108,-49.5,-54.7,-23.68,29.49,0.31604,0.00687,-0.02161,-0.94843
 13:48:26.068,eb:33:2e:f9:57:b5, 2085-97-01 00:94:00:2035,0.002,0.046,0.995,-0.122,0,-0.061,2.598,-0.033,-143.108,-49.5,-54.7,-23.68,29.49,0.31604,0.00687,-0.02161,-0.94843
 13:48:26.097,eb:33:2e:f9:57:b5, 2085-97-05 00:93:00:2038,0.001,0.045,0.995,-0.122,0,-0.061,2.598,-0.033,-143.097,-49.5,-54.7,-23.68,29.49,0.31604,0.00687,-0.02161,-0.94843
 13:48:26.097,eb:33:2e:f9:57:b5, 2085-97-01 00:92:00:2036,0,0.045,0.995,-0.122,0,-0.122,2.598,-0.038,-143.097,-49.5,-54.7,-23.68,29.49,0.31604,0.00687,-0.02161,-0.94843
 13:48:26.097,eb:33:2e:f9:57:b5, 2085-97-01 00:94:00:2038,0,0.045,0.995,-0.183,0,-0.122,2.593,-0.038,-143.091,-49.5,-54.7,-23.68,29.49,0.31604,0.00687,-0.02161,-0.94843
 13:48:26.097,eb:33:2e:f9:57:b5, 2085-97-04 00:91:00:2039,0.001,0.045,0.995,-0.244,-0.122,-0.122,2.598,-0.038,-143.091,-49.5,-54.7,-23.68,29.49,0.31604,0.00687,-0.02161,-0.94843
 13:48:26.127,eb:33:2e:f9:57:b5, 2085-97-03 00:92:00:2036,0.002,0.044,0.995,-0.183,-0.122,-0.122,2.593,-0.038,-143.086,-49.5,-54.7,-23.68,29.49,0.31604,0.00687,-0.02161,-0.94843
 13:48:26.127,eb:33:2e:f9:57:b5, 2085-97-06 00:87:00:2043,0.003,0.043,0.996,-0.183,-0.061,-0.122,2.593,-0.038,-143.086,-49.5,-54.7,-23.68,29.49,0.31604,0.00687,-0.02161,-0.94843
 13:48:26.128,eb:33:2e:f9:57:b5, 2085-97-04 00:92:00:2041,0.001,0.043,0.999,0,0,0,2.593,-0.038,-143.08,-49.5,-54.7,-23.68,29.49,0.31604,0.00687,-0.02161,-0.94843
 13:48:26.128,eb:33:2e:f9:57:b5, 2085-97-00 00:88:00:2034,0.001,0.044,0.995,-0.061,0.061,0,2.593,-0.038,-143.08,-49.5,-54.7,-23.68,29.49,0.31604,0.00687,-0.02161,-0.94843
 13:48:26.187,eb:33:2e:f9:57:b5, 2085-97-08 00:89:00:2043,0.003,0.043,0.995,0,0,0,2.593,-0.038,-143.075,-49.5,-54.7,-23.68,29.49,0.31604,0.00687,-0.02161,-0.94843
 13:48:26.187,eb:33:2e:f9:57:b5, 2085-97-05 00:91:00:2038,0.001,0.044,0.997,0.061,0,0,2.593,-0.038,-143.075,-49.5,-54.7,-23.68,29.49,0.31604,0.00687,-0.02161,-0.94843
 13:48:26.187,eb:33:2e:f9:57:b5, 2085-97-01 00:92:00:2034,0,0.044,0.994,0.061,0,0.061,2.593,-0.038,-143.069,-49.5,-54.7,-23.68,29.49,0.31604,0.00687,-0.02161,-0.94843
 13:48:26.187,eb:33:2e:f9:57:b5, 2085-97-04 00:96:00:2037,0.003,0.045,0.995,0,-0.061,0,2.593,-0.038,-143.069,-49.5,-54.7,-23.68,29.49,0.31604,0.00687,-0.02161,-0.94843
 13:48:26.187,eb:33:2e:f9:57:b5, 2085-97-07 00:95:00:2041,0.002,0.046,0.996,0,0,0,2.593,-0.038,-143.058,-49.5,-54.7,-23.68,29.49,0.31604,0.00687,-0.02161,-0.94843
 13:48:26.218,eb:33:2e:f9:57:b5, 2085-113-58 00:119:227:-8370,0,0.046,0.995,0,0,-0.061,2.593,-0.038,-143.058,-48.7,-55.8,-24.1,29.49,0.31604,0.00687,-0.02161,-0.94843
 13:48:26.218,eb:33:2e:f9:57:b5, 2085-97-02 00:92:00:2036,0.002,0.045,0.994,-0.061,0.061,-0.122,2.593,-0.038,-143.058,-48.7,-55.8,-24.1,29.49,0.31604,0.00687,-0.02161,-0.94843
 13:48:26.218,eb:33:2e:f9:57:b5, 2085-97-06 00:93:00:2039,0.001,0.045,0.995,-0.061,-0.061,-0.122,2.593,-0.038,-143.053,-48.7,-55.8,-24.1,29.49,0.31604,0.00687,-0.02161,-0.94843
 13:48:26.218,eb:33:2e:f9:57:b5, 2085-97-01 00:90:00:2035,0.001,0.045,0.995,0,-0.061,-0.244,2.593,-0.038,-143.053,-48.7,-55.8,-24.1,29.49,0.31604,0.00687,-0.02161,-0.94843
 13:48:26.248,eb:33:2e:f9:57:b5, 2085-97-03 00:88:00:2040,0.001,0.043,0.995,0,-0.183,-0.183,2.593,-0.044,-143.047,-48.7,-55.8,-24.1,29.49,0.31604,0.00687,-0.02161,-0.94843
 13:48:26.248,eb:33:2e:f9:57:b5, 2085-97-04 00:92:00:2039,0.003,0.044,0.996,0,-0.183,-0.061,2.593,-0.044,-143.047,-48.7,-55.8,-24.1,29.49,0.31604,0.00687,-0.02161,-0.94843
 13:48:26.248,eb:33:2e:f9:57:b5, 2085-97-04 00:90:00:2041,0.001,0.044,0.996,0.061,-0.183,-0.061,2.593,-0.044,-143.042,-48.7,-55.8,-24.1,29.49,0.31604,0.00687,-0.02161,-0.94843
 13:48:26.248,eb:33:2e:f9:57:b5, 2085-97-05 00:93:00:2040,0.001,0.044,0.996,0.183,-0.244,0,2.593,-0.044,-143.042,-48.7,-55.8,-24.1,29.49,0.31604,0.00687,-0.02161,-0.94843
 13:48:26.306,eb:33:2e:f9:57:b5, 2085-97-03 00:92:00:2036,0,0.045,0.995,0.122,-0.122,0,2.593,-0.044,-143.036,-48.7,-55.8,-24.1,29.49,0.31683,0.00677,-0.02158,-0.94815
 13:48:26.306,eb:33:2e:f9:57:b5, 2085-97-02 00:94:00:2035,0.001,0.045,0.993,0.122,-0.183,0,2.593,-0.044,-143.036,-48.7,-55.8,-24.1,29.49,0.31683,0.00677,-0.02158,-0.94815
 13:48:26.306,eb:33:2e:f9:57:b5, 2085-97-03 00:93:00:2034,0,0.046,0.994,0.061,-0.183,0,2.593,-0.044,-143.031,-48.7,-55.8,-24.1,29.49,0.31683,0.00677,-0.02158,-0.94815
 13:48:26.306,eb:33:2e:f9:57:b5, 2085-97-01 00:92:00:2035,0,0.045,0.993,0,-0.244,-0.061,2.593,-0.044,-143.031,-48.7,-55.8,-24.1,29.49,0.31683,0.00677,-0.02158,-0.94815
 13:48:26.338,eb:33:2e:f9:57:b5, 2085-97-02 00:92:00:2039,0.002,0.044,0.994,0,-0.427,-0.061,2.593,-0.044,-143.026,-48.7,-55.8,-24.1,29.49,0.31683,0.00677,-0.02158,-0.94815
 13:48:26.338,eb:33:2e:f9:57:b5, 2085-97-07 00:91:00:2039,0.003,0.045,0.996,0,-0.488,-0.122,2.593,-0.044,-143.026,-48.7,-55.8,-24.1,29.49,0.31683,0.00677,-0.02158,-0.94815
 13:48:26.338,eb:33:2e:f9:57:b5, 2085-97-03 00:95:00:2037,0.001,0.045,0.996,0,-0.488,0,2.593,-0.044,-143.015,-48.7,-55.8,-24.1,29.49,0.31683,0.00677,-0.02158,-0.94815
 13:48:26.338,eb:33:2e:f9:57:b5, 2085-97-05 00:89:00:2040,0.004,0.044,0.995,0,-0.549,-0.061,2.593,-0.044,-143.015,-48.7,-55.8,-24.1,29.49,0.31683,0.00677,-0.02158,-0.94815
 13:48:26.366,eb:33:2e:f9:57:b5, 2085-97-06 00:95:00:2040,0.002,0.045,0.997,0,-0.549,-0.061,2.593,-0.044,-143.009,-48.7,-55.8,-24.1,29.49,0.31683,0.00677,-0.02158,-0.94815
 13:48:26.366,eb:33:2e:f9:57:b5, 2085-97-01 00:93:00:2033,0.001,0.047,0.995,0,-0.427,-0.061,2.593,-0.044,-143.009,-48.7,-55.8,-24.1,29.49,0.31683,0.00677,-0.02158,-0.94815
 13:48:26.366,eb:33:2e:f9:57:b5, 2085-97-03 00:94:00:2038,0.003,0.045,0.994,-0.061,-0.549,-0.183,2.593,-0.044,-143.004,-48.7,-55.8,-24.1,29.49,0.31683,0.00677,-0.02158,-0.94815
 13:48:26.366,eb:33:2e:f9:57:b5, 2085-97-06 00:95:00:2037,0,0.046,0.995,-0.122,-0.61,-0.183,2.593,-0.044,-143.004,-48.7,-55.8,-24.1,29.49,0.31683,0.00677,-0.02158,-0.94815
 13:48:26.427,eb:33:2e:f9:57:b5, 2085-97-02 00:94:00:2037,0.001,0.045,0.995,-0.305,-0.61,-0.183,2.593,-0.049,-142.998,-48.7,-55.8,-24.1,29.49,0.31683,0.00677,-0.02158,-0.94815
 13:48:26.427,eb:33:2e:f9:57:b5, 2085-97-05 00:93:00:2037,0.003,0.045,0.994,-0.427,-0.793,-0.244,2.593,-0.049,-142.998,-48.7,-55.8,-24.1,29.49,0.31683,0.00677,-0.02158,-0.94815
 13:48:26.427,eb:33:2e:f9:57:b5, 2085-97-07 00:94:00:2036,0.003,0.046,0.994,-0.488,-0.916,-0.305,2.593,-0.049,-142.993,-48.7,-55.8,-24.1,29.49,0.31683,0.00677,-0.02158,-0.94815
 13:48:26.427,eb:33:2e:f9:57:b5, 2085-97-07 00:90:00:2038,0.005,0.043,0.996,-0.488,-0.916,-0.366,2.593,-0.049,-142.993,-48.7,-55.8,-24.1,29.49,0.31683,0.00677,-0.02158,-0.94815
 13:48:26.488,eb:33:2e:f9:57:b5, 2085-97-12 00:89:00:2042,0.006,0.044,0.996,-0.488,-0.916,-0.305,2.593,-0.049,-142.987,-48.7,-55.8,-24.1,29.49,0.31683,0.00677,-0.02158,-0.94815
 13:48:26.488,eb:33:2e:f9:57:b5, 2085-97-11 00:89:00:2043,0.003,0.043,0.998,-0.366,-0.854,-0.244,2.593,-0.049,-142.987,-48.7,-55.8,-24.1,29.49,0.31683,0.00677,-0.02158,-0.94815
 13:48:26.488,eb:33:2e:f9:57:b5, 2085-97-06 00:87:00:2039,0.004,0.042,0.996,-0.244,-0.732,-0.122,2.593,-0.049,-142.982,-48.7,-55.8,-24.1,29.49,0.31683,0.00677,-0.02158,-0.94815
 13:48:26.488,eb:33:2e:f9:57:b5, 2085-97-14 00:92:00:2043,0.004,0.044,0.996,-0.122,-0.732,-0.122,2.593,-0.049,-142.982,-48.7,-55.8,-24.1,29.49,0.31683,0.00677,-0.02158,-0.94815
 13:48:26.490,eb:33:2e:f9:57:b5, 2085-97-08 00:90:00:2040,0.003,0.043,0.996,-0.061,-0.671,-0.122,2.593,-0.049,-142.976,-48,-55.6,-23.88,29.49,0.31683,0.00677,-0.02158,-0.94815
 13:48:26.490,eb:33:2e:f9:57:b5, 2085-97-09 00:89:00:2042,0.007,0.044,0.996,-0.061,-0.61,-0.183,2.587,-0.049,-142.976,-48,-55.6,-23.88,29.49,0.31683,0.00677,-0.02158,-0.94815
 13:48:26.490,eb:33:2e:f9:57:b5, 2085-97-14 00:92:00:2043,0.007,0.044,0.998,-0.061,-0.488,-0.122,2.587,-0.049,-142.965,-48,-55.6,-23.88,29.49,0.31683,0.00677,-0.02158,-0.94815
 13:48:26.490,eb:33:2e:f9:57:b5, 2085-97-11 00:93:00:2042,0.003,0.045,0.998,-0.061,-0.305,-0.061,2.587,-0.055,-142.965,-48,-55.6,-23.88,29.49,0.31683,0.00677,-0.02158,-0.94815
 13:48:26.547,eb:33:2e:f9:57:b5, 2085-97-08 00:92:00:2039,0.005,0.044,0.996,-0.122,-0.305,0,2.587,-0.055,-142.96,-48,-55.6,-23.88,29.49,0.31683,0.00677,-0.02158,-0.94815
 13:48:26.547,eb:33:2e:f9:57:b5, 2085-97-13 00:91:00:2042,0.006,0.044,0.996,-0.122,-0.183,-0.122,2.587,-0.055,-142.96,-48,-55.6,-23.88,29.49,0.31683,0.00677,-0.02158,-0.94815
 13:48:26.547,eb:33:2e:f9:57:b5, 2085-97-10 00:91:00:2040,0.003,0.044,0.997,-0.122,-0.061,-0.061,2.587,-0.055,-142.954,-48,-55.6,-23.88,29.49,0.31683,0.00677,-0.02158,-0.94815
 13:48:26.547,eb:33:2e:f9:57:b5, 2085-97-05 00:91:00:2037,0.003,0.045,0.995,-0.183,0,-0.122,2.587,-0.055,-142.954,-48,-55.6,-23.88,29.49,0.31683,0.00677,-0.02158,-0.94815
 13:48:26.578,eb:33:2e:f9:57:b5, 2085-97-08 00:91:00:2038,0.004,0.045,0.995,-0.183,-0.061,-0.122,2.587,-0.055,-142.949,-48,-55.6,-23.88,29.49,0.3176,0.00665,-0.02158,-0.94791
 13:48:26.578,eb:33:2e:f9:57:b5, 2085-97-09 00:90:00:2038,0.003,0.045,0.996,-0.183,0,-0.061,2.587,-0.06,-142.949,-48,-55.6,-23.88,29.49,0.3176,0.00665,-0.02158,-0.94791
 13:48:26.578,eb:33:2e:f9:57:b5, 2085-97-06 00:88:00:2039,0.003,0.042,0.996,-0.183,-0.061,-0.061,2.587,-0.06,-142.943,-48,-55.6,-23.88,29.49,0.3176,0.00665,-0.02158,-0.94791
 13:48:26.578,eb:33:2e:f9:57:b5, 2085-97-08 00:88:00:2037,0.002,0.043,0.996,-0.122,-0.122,0,2.587,-0.06,-142.943,-48,-55.6,-23.88,29.49,0.3176,0.00665,-0.02158,-0.94791
 13:48:26.607,eb:33:2e:f9:57:b5, 2085-97-06 00:89:00:2037,0.004,0.043,0.994,-0.061,-0.183,0,2.587,-0.06,-142.938,-48,-55.6,-23.88,29.49,0.3176,0.00665,-0.02158,-0.94791
 13:48:26.607,eb:33:2e:f9:57:b5, 2085-97-09 00:91:00:2039,0.004,0.044,0.996,-0.061,-0.244,0,2.587,-0.06,-142.938,-48,-55.6,-23.88,29.49,0.3176,0.00665,-0.02158,-0.94791
 13:48:26.607,eb:33:2e:f9:57:b5, 2085-97-06 00:90:00:2034,0.003,0.044,0.995,-0.061,-0.244,0,2.587,-0.06,-142.932,-48,-55.6,-23.88,29.49,0.3176,0.00665,-0.02158,-0.94791
 13:48:26.607,eb:33:2e:f9:57:b5, 2085-97-05 00:89:00:2037,0.003,0.043,0.995,0,-0.305,0,2.587,-0.06,-142.932,-48,-55.6,-23.88,29.49,0.3176,0.00665,-0.02158,-0.94791
 13:48:26.666,eb:33:2e:f9:57:b5, 2085-97-08 00:89:00:2038,0.006,0.043,0.995,0,-0.366,0,2.587,-0.06,-142.927,-48,-55.6,-23.88,29.49,0.3176,0.00665,-0.02158,-0.94791
 13:48:26.666,eb:33:2e:f9:57:b5, 2085-97-10 00:88:00:2043,0.004,0.043,0.996,0,-0.366,0,2.587,-0.06,-142.927,-48,-55.6,-23.88,29.49,0.3176,0.00665,-0.02158,-0.94791
 13:48:26.666,eb:33:2e:f9:57:b5, 2085-97-13 00:92:00:2043,0.004,0.043,0.996,0.061,-0.366,0,2.587,-0.066,-142.921,-48,-55.6,-23.88,29.49,0.3176,0.00665,-0.02158,-0.94791
 13:48:26.667,eb:33:2e:f9:57:b5, 2085-97-09 00:89:00:2040,0.006,0.043,0.995,0.061,-0.305,0,2.587,-0.066,-142.921,-48,-55.6,-23.88,29.49,0.3176,0.00665,-0.02158,-0.94791
 13:48:26.697,eb:33:2e:f9:57:b5, 2085-97-11 00:91:00:2040,0.005,0.045,0.996,0,-0.244,0,2.587,-0.066,-142.916,-48,-55.6,-23.88,29.49,0.3176,0.00665,-0.02158,-0.94791
 13:48:26.697,eb:33:2e:f9:57:b5, 2085-97-10 00:90:00:2039,0.006,0.044,0.996,0.061,-0.122,-0.061,2.587,-0.066,-142.916,-48,-55.6,-23.88,29.49,0.3176,0.00665,-0.02158,-0.94791
 13:48:26.697,eb:33:2e:f9:57:b5, 2085-97-12 00:92:00:2040,0.004,0.045,0.997,0.061,0,-0.061,2.587,-0.066,-142.91,-48,-55.6,-23.88,29.49,0.3176,0.00665,-0.02158,-0.94791
 13:48:26.697,eb:33:2e:f9:57:b5, 2085-97-12 00:87:00:2040,0.006,0.044,0.994,0,0,-0.061,2.582,-0.066,-142.91,-48,-55.6,-23.88,29.49,0.3176,0.00665,-0.02158,-0.94791
 13:48:26.757,eb:33:2e:f9:57:b5, 2085-97-14 00:90:00:2043,0.007,0.042,0.998,0.061,0,-0.061,2.582,-0.066,-142.905,-48,-55.6,-23.88,29.49,0.3176,0.00665,-0.02158,-0.94791
 13:48:26.757,eb:33:2e:f9:57:b5, 2085-97-10 00:92:00:2043,0.003,0.045,0.999,0.122,0.061,0,2.582,-0.071,-142.905,-48,-55.6,-23.88,29.49,0.3176,0.00665,-0.02158,-0.94791
 13:48:26.757,eb:33:2e:f9:57:b5, 2085-97-07 00:90:00:2040,0.004,0.043,0.997,0.061,0.183,0,2.582,-0.071,-142.899,-48,-55.6,-23.88,29.49,0.3176,0.00665,-0.02158,-0.94791
 13:48:26.757,eb:33:2e:f9:57:b5, 2085-97-08 00:91:00:2039,0.005,0.043,0.996,0.061,0.122,0.061,2.582,-0.071,-142.899,-48,-55.6,-23.88,29.49,0.3176,0.00665,-0.02158,-0.94791
 13:48:26.788,eb:33:2e:f9:57:b5, 2085-97-09 00:91:00:2039,0.003,0.044,0.995,0,0.061,0.122,2.582,-0.071,-142.888,-48,-55.6,-23.88,29.49,0.3176,0.00665,-0.02158,-0.94791
 13:48:26.788,eb:33:2e:f9:57:b5, 2085-97-05 00:88:00:2037,0.005,0.043,0.996,-0.061,0,0.183,2.582,-0.071,-142.888,-48,-55.6,-23.88,29.49,0.3176,0.00665,-0.02158,-0.94791
 13:48:26.788,eb:33:2e:f9:57:b5, 2085-97-12 00:89:00:2041,0.007,0.042,0.996,0,-0.061,0.244,2.582,-0.071,-142.883,-48,-55.6,-23.88,29.49,0.3176,0.00665,-0.02158,-0.94791
 13:48:26.788,eb:33:2e:f9:57:b5, 2085-97-10 00:90:00:2035,0.002,0.044,0.996,0.061,-0.061,0.305,2.582,-0.071,-142.883,-48,-55.6,-23.88,29.49,0.3176,0.00665,-0.02158,-0.94791
 13:48:26.817,eb:33:2e:f9:57:b5, 2085-97-07 00:87:00:2034,0.005,0.043,0.992,0.122,-0.122,0.305,2.582,-0.071,-142.877,-48.5,-56.5,-21.313,29.49,0.3176,0.00665,-0.02158,-0.94791
 13:48:26.817,eb:33:2e:f9:57:b5, 2085-97-12 00:90:00:2039,0.006,0.043,0.994,0.305,-0.183,0.244,2.582,-0.077,-142.877,-48.5,-56.5,-21.313,29.49,0.3176,0.00665,-0.02158,-0.94791
 13:48:26.817,eb:33:2e:f9:57:b5, 2085-97-09 00:91:00:2038,0.002,0.044,0.996,0.427,-0.122,0.183,2.582,-0.077,-142.872,-48.5,-56.5,-21.313,29.49,0.3176,0.00665,-0.02158,-0.94791
 13:48:26.817,eb:33:2e:f9:57:b5, 2085-97-02 00:89:00:2033,0.003,0.044,0.993,0.366,-0.244,0.122,2.582,-0.077,-142.872,-48.5,-56.5,-21.313,29.49,0.3176,0.00665,-0.02158,-0.94791
 13:48:26.847,eb:33:2e:f9:57:b5, 2085-97-08 00:93:00:2037,0.004,0.044,0.994,0.366,-0.366,0.061,2.582,-0.077,-142.866,-48.5,-56.5,-21.313,29.49,0.3176,0.00665,-0.02158,-0.94791
 13:48:26.847,eb:33:2e:f9:57:b5, 2085-97-10 00:92:00:2039,0.004,0.045,0.995,0.244,-0.305,0.122,2.582,-0.077,-142.866,-48.5,-56.5,-21.313,29.49,0.3176,0.00665,-0.02158,-0.94791
 13:48:26.847,eb:33:2e:f9:57:b5, 2085-113-81 00:191:40:213,0.005,0.045,0.995,0.244,-0.366,0.122,2.582,-0.077,-142.861,-48.5,-56.5,-21.313,29.49,0.3176,0.00665,-0.02158,-0.94791
 13:48:26.847,eb:33:2e:f9:57:b5, 2085-97-09 00:91:00:2039,0.005,0.045,0.995,0.183,-0.305,0.122,2.582,-0.077,-142.861,-48.5,-56.5,-21.313,29.49,0.3176,0.00665,-0.02158,-0.94791
 13:48:26.908,eb:33:2e:f9:57:b5, 2085-97-12 00:91:00:2043,0.006,0.044,0.996,0.122,-0.366,0.122,2.582,-0.077,-142.855,-48.5,-56.5,-21.313,29.49,0.31833,0.0065,-0.02158,-0.94766
 13:48:26.908,eb:33:2e:f9:57:b5, 2085-97-14 00:93:00:2040,0.006,0.046,0.997,0.061,-0.305,0.244,2.582,-0.082,-142.855,-48.5,-56.5,-21.313,29.49,0.31833,0.0065,-0.02158,-0.94766
 13:48:26.908,eb:33:2e:f9:57:b5, 2085-97-12 00:90:00:2042,0.005,0.045,0.997,0.122,-0.122,0.183,2.582,-0.082,-142.85,-48.5,-56.5,-21.313,29.49,0.31833,0.0065,-0.02158,-0.94766
 13:48:26.908,eb:33:2e:f9:57:b5, 2085-97-13 00:90:00:2041,0.007,0.043,0.996,0.183,-0.122,0.244,2.582,-0.082,-142.85,-48.5,-56.5,-21.313,29.49,0.31833,0.0065,-0.02158,-0.94766
 13:48:26.937,eb:33:2e:f9:57:b5, 2085-97-13 00:87:00:2041,0.008,0.043,0.997,0.244,0,0.305,2.582,-0.082,-142.844,-48.5,-56.5,-21.313,29.49,0.31833,0.0065,-0.02158,-0.94766
 13:48:26.937,eb:33:2e:f9:57:b5, 2085-97-17 00:94:00:2047,0.007,0.043,0.999,0.305,0,0.549,2.582,-0.082,-142.844,-48.5,-56.5,-21.313,29.49,0.31833,0.0065,-0.02158,-0.94766
 13:48:26.937,eb:33:2e:f9:57:b5, 2085-97-11 00:93:00:2042,0.005,0.047,0.998,0.183,0.366,0.488,2.582,-0.082,-142.839,-48.5,-56.5,-21.313,29.49,0.31833,0.0065,-0.02158,-0.94766
 13:48:26.937,eb:33:2e:f9:57:b5, 2085-97-05 00:92:00:2037,0.002,0.046,0.997,0.183,0.488,0.488,2.582,-0.088,-142.839,-48.5,-56.5,-21.313,29.49,0.31833,0.0065,-0.02158,-0.94766
 13:48:26.967,eb:33:2e:f9:57:b5, 2085-97-04 00:89:00:2035,0.005,0.044,0.992,0.244,0.244,0.427,2.576,-0.088,-142.833,-48.5,-56.5,-21.313,29.49,0.31833,0.0065,-0.02158,-0.94766
 13:48:26.967,eb:33:2e:f9:57:b5, 2085-97-11 00:94:00:2040,0.004,0.045,0.997,0.244,0.183,0.488,2.576,-0.088,-142.833,-48.5,-56.5,-21.313,29.49,0.31833,0.0065,-0.02158,-0.94766
 13:48:26.967,eb:33:2e:f9:57:b5, 2085-97-09 00:92:00:2036,0.004,0.046,0.995,0.122,0.183,0.488,2.576,-0.088,-142.828,-48.5,-56.5,-21.313,29.49,0.31833,0.0065,-0.02158,-0.94766
 13:48:26.967,eb:33:2e:f9:57:b5, 2085-97-09 00:94:00:2035,0.005,0.045,0.994,0.122,0.122,0.488,2.576,-0.088,-142.828,-48.5,-56.5,-21.313,29.49,0.31833,0.0065,-0.02158,-0.94766
 13:48:27.027,eb:33:2e:f9:57:b5, 2085-97-09 00:95:00:2038,0.005,0.045,0.994,0.061,0,0.366,2.576,-0.088,-142.822,-48.5,-56.5,-21.313,29.49,0.31833,0.0065,-0.02158,-0.94766
 13:48:27.027,eb:33:2e:f9:57:b5, 2085-97-07 00:94:00:2034,0.006,0.047,0.994,0,0.061,0.305,2.576,-0.088,-142.822,-48.5,-56.5,-21.313,29.49,0.31833,0.0065,-0.02158,-0.94766
 13:48:27.027,eb:33:2e:f9:57:b5, 2085-97-15 00:91:00:2039,0.006,0.045,0.995,0.061,0.122,0.183,2.576,-0.088,-142.817,-48.5,-56.5,-21.313,29.49,0.31833,0.0065,-0.02158,-0.94766
 13:48:27.027,eb:33:2e:f9:57:b5, 2085-97-11 00:94:00:2037,0.004,0.045,0.995,0,0.244,0.122,2.576,-0.093,-142.817,-48.5,-56.5,-21.313,29.49,0.31833,0.0065,-0.02158,-0.94766
 13:48:27.058,eb:33:2e:f9:57:b5, 2085-97-10 00:93:00:2038,0.005,0.045,0.994,0,0.244,0.061,2.576,-0.093,-142.811,-48.5,-56.5,-21.313,29.49,0.31833,0.0065,-0.02158,-0.94766
 13:48:27.058,eb:33:2e:f9:57:b5, 2085-97-07 00:91:00:2035,0.003,0.045,0.995,0,0.244,0,2.576,-0.093,-142.811,-48.5,-56.5,-21.313,29.49,0.31833,0.0065,-0.02158,-0.94766
 13:48:27.058,eb:33:2e:f9:57:b5, 2085-97-04 00:91:00:2036,0.002,0.045,0.994,0,0.183,0,2.576,-0.093,-142.806,-48.5,-56.5,-21.313,29.49,0.31833,0.0065,-0.02158,-0.94766
 13:48:27.058,eb:33:2e:f9:57:b5, 2085-97-08 00:92:00:2041,0.005,0.045,0.996,0,0,0,2.576,-0.093,-142.806,-48.5,-56.5,-21.313,29.49,0.31833,0.0065,-0.02158,-0.94766
 13:48:27.118,eb:33:2e:f9:57:b5, 2085-97-08 00:90:00:2038,0.003,0.045,0.996,0,0,0,2.576,-0.093,-142.8,-47.6,-55.4,-24.467,29.49,0.31833,0.0065,-0.02158,-0.94766
 13:48:27.118,eb:33:2e:f9:57:b5, 2085-97-09 00:90:00:2038,0.003,0.045,0.995,0,0,0.061,2.576,-0.093,-142.8,-47.6,-55.4,-24.467,29.49,0.31833,0.0065,-0.02158,-0.94766
 13:48:27.118,eb:33:2e:f9:57:b5, 2085-97-09 00:93:00:2040,0.004,0.044,0.994,0,-0.122,0.122,2.576,-0.093,-142.795,-47.6,-55.4,-24.467,29.49,0.31833,0.0065,-0.02158,-0.94766
 13:48:27.118,eb:33:2e:f9:57:b5, 2085-97-12 00:92:00:2044,0.006,0.044,0.996,0,-0.122,0.061,2.576,-0.093,-142.795,-47.6,-55.4,-24.467,29.49,0.31833,0.0065,-0.02158,-0.94766
 13:48:27.147,eb:33:2e:f9:57:b5, 2085-97-10 00:90:00:2042,0.004,0.045,0.998,0.061,0.061,0.061,2.576,-0.093,-142.789,-47.6,-55.4,-24.467,29.49,0.31833,0.0065,-0.02158,-0.94766
 13:48:27.147,eb:33:2e:f9:57:b5, 2085-97-12 00:94:00:2042,0.006,0.045,0.997,0.183,0,0.061,2.576,-0.099,-142.789,-47.6,-55.4,-24.467,29.49,0.31833,0.0065,-0.02158,-0.94766
 13:48:27.147,eb:33:2e:f9:57:b5, 2085-97-11 00:93:00:2041,0.005,0.046,0.997,0.122,0.061,0.061,2.576,-0.099,-142.784,-47.6,-55.4,-24.467,29.49,0.31833,0.0065,-0.02158,-0.94766
 13:48:27.147,eb:33:2e:f9:57:b5, 2085-97-12 00:96:00:2038,0.004,0.045,0.996,0.061,0.122,0.122,2.576,-0.099,-142.784,-47.6,-55.4,-24.467,29.49,0.31833,0.0065,-0.02158,-0.94766
 13:48:27.178,eb:33:2e:f9:57:b5, 2085-97-11 00:94:00:2039,0.004,0.046,0.994,0,0.183,0.061,2.576,-0.099,-142.778,-47.6,-55.4,-24.467,29.49,0.31894,0.00635,-0.02161,-0.94745
 13:48:27.178,eb:33:2e:f9:57:b5, 2085-97-11 00:95:00:2038,0.004,0.044,0.994,0,0.122,0,2.576,-0.099,-142.778,-47.6,-55.4,-24.467,29.49,0.31894,0.00635,-0.02161,-0.94745
 13:48:27.178,eb:33:2e:f9:57:b5, 2085-97-08 00:92:00:2036,0.002,0.045,0.995,0.061,0.122,0,2.576,-0.099,-142.773,-47.6,-55.4,-24.467,29.49,0.31894,0.00635,-0.02161,-0.94745
 13:48:27.178,eb:33:2e:f9:57:b5, 2085-97-07 00:92:00:2038,0.004,0.044,0.994,0,0.061,-0.122,2.576,-0.099,-142.773,-47.6,-55.4,-24.467,29.49,0.31894,0.00635,-0.02161,-0.94745
 13:48:27.207,eb:33:2e:f9:57:b5, 2085-97-08 00:94:00:2039,0.004,0.045,0.996,0,0.061,-0.183,2.576,-0.099,-142.767,-47.6,-55.4,-24.467,29.49,0.31894,0.00635,-0.02161,-0.94745
 13:48:27.207,eb:33:2e:f9:57:b5, 2085-97-07 00:92:00:2036,0.003,0.046,0.996,0,0.061,-0.122,2.576,-0.104,-142.767,-47.6,-55.4,-24.467,29.49,0.31894,0.00635,-0.02161,-0.94745
 13:48:27.207,eb:33:2e:f9:57:b5, 2085-97-05 00:92:00:2035,0.003,0.045,0.994,0,0,-0.183,2.576,-0.104,-142.762,-47.6,-55.4,-24.467,29.49,0.31894,0.00635,-0.02161,-0.94745
 13:48:27.207,eb:33:2e:f9:57:b5, 2085-97-12 00:91:00:2040,0.005,0.045,0.995,0,-0.061,-0.244,2.576,-0.104,-142.762,-47.6,-55.4,-24.467,29.49,0.31894,0.00635,-0.02161,-0.94745
 13:48:27.267,eb:33:2e:f9:57:b5, 2085-97-13 00:91:00:2043,0.005,0.044,0.997,0.061,0,-0.183,2.576,-0.104,-142.756,-47.6,-55.4,-24.467,29.49,0.31894,0.00635,-0.02161,-0.94745
 13:48:27.267,eb:33:2e:f9:57:b5, 2085-97-09 00:91:00:2042,0.004,0.045,0.997,0.122,0.122,-0.061,2.576,-0.104,-142.756,-47.6,-55.4,-24.467,29.49,0.31894,0.00635,-0.02161,-0.94745
 13:48:27.267,eb:33:2e:f9:57:b5, 2085-97-06 00:89:00:2041,0.003,0.043,0.995,0.122,0.122,0,2.576,-0.104,-142.751,-47.6,-55.4,-24.467,29.49,0.31894,0.00635,-0.02161,-0.94745
 13:48:27.267,eb:33:2e:f9:57:b5, 2085-97-08 00:91:00:2039,0.004,0.044,0.997,0.244,0.122,0.122,2.576,-0.104,-142.751,-47.6,-55.4,-24.467,29.49,0.31894,0.00635,-0.02161,-0.94745
 13:48:27.327,eb:33:2e:f9:57:b5, 2085-97-08 00:90:00:2040,0.004,0.044,0.997,0.244,0.122,0.183,2.576,-0.104,-142.745,-47.6,-55.4,-24.467,29.49,0.31894,0.00635,-0.02161,-0.94745
 13:48:27.328,eb:33:2e:f9:57:b5, 2085-97-09 00:94:00:2039,0.004,0.046,0.997,0.244,0.061,0.244,2.576,-0.104,-142.745,-47.6,-55.4,-24.467,29.49,0.31894,0.00635,-0.02161,-0.94745
 13:48:27.328,eb:33:2e:f9:57:b5, 2085-97-08 00:95:00:2038,0.004,0.046,0.997,0.183,0.061,0.244,2.576,-0.104,-142.74,-47.6,-55.4,-24.467,29.49,0.31894,0.00635,-0.02161,-0.94745
 13:48:27.328,eb:33:2e:f9:57:b5, 2085-97-07 00:94:00:2035,0.003,0.046,0.995,0.061,0.122,0.244,2.576,-0.11,-142.74,-47.6,-55.4,-24.467,29.49,0.31894,0.00635,-0.02161,-0.94745
 13:48:27.328,eb:33:2e:f9:57:b5, 2085-97-14 00:94:00:2035,0.002,0.046,0.995,0.061,0.122,0.244,2.576,-0.11,-142.734,-47.6,-55.4,-24.467,29.49,0.31894,0.00635,-0.02161,-0.94745
 13:48:27.328,eb:33:2e:f9:57:b5, 2085-97-12 00:96:00:2040,0.003,0.044,0.996,0.061,0.061,0.244,2.576,-0.11,-142.734,-47.6,-55.4,-24.467,29.49,0.31894,0.00635,-0.02161,-0.94745
 13:48:27.328,eb:33:2e:f9:57:b5, 2085-97-06 00:93:00:2040,0.003,0.045,0.996,0,0.122,0.244,2.576,-0.11,-142.729,-47.6,-55.4,-24.467,29.49,0.31894,0.00635,-0.02161,-0.94745
 13:48:27.330,eb:33:2e:f9:57:b5, 2085-97-07 00:90:00:2040,0.006,0.045,0.995,0,0.122,0.244,2.576,-0.11,-142.729,-47.6,-55.4,-24.467,29.49,0.31894,0.00635,-0.02161,-0.94745
 13:48:27.387,eb:33:2e:f9:57:b5, 2085-97-09 00:97:00:2043,0.003,0.045,0.999,0,0.244,0.305,2.576,-0.11,-142.723,-47.6,-55.4,-24.467,29.49,0.31894,0.00635,-0.02161,-0.94745
 13:48:27.387,eb:33:2e:f9:57:b5, 2085-97-03 00:92:00:2038,0,0.047,0.995,0,0.305,0.366,2.576,-0.11,-142.723,-47.6,-55.4,-24.467,29.49,0.31894,0.00635,-0.02161,-0.94745
 13:48:27.387,eb:33:2e:f9:57:b5, 2085-97-03 00:93:00:2034,0.002,0.045,0.993,-0.061,0.122,0.305,2.576,-0.11,-142.718,-47.6,-55.4,-24.467,29.49,0.31894,0.00635,-0.02161,-0.94745
 13:48:27.387,eb:33:2e:f9:57:b5, 2085-97-04 00:93:00:2033,0.002,0.046,0.993,0,0,0.244,2.576,-0.11,-142.718,-47.6,-55.4,-24.467,29.49,0.31894,0.00635,-0.02161,-0.94745
 13:48:27.418,eb:33:2e:f9:57:b5, 2085-97-05 00:91:00:2036,0.004,0.045,0.993,-0.061,0,0.244,2.576,-0.11,-142.712,-48.2,-56.1,-23.093,29.49,0.31894,0.00635,-0.02161,-0.94745
 13:48:27.418,eb:33:2e:f9:57:b5, 2085-97-08 00:95:00:2040,0.003,0.045,0.995,0,-0.061,0.183,2.576,-0.11,-142.712,-48.2,-56.1,-23.093,29.49,0.31894,0.00635,-0.02161,-0.94745
 13:48:27.418,eb:33:2e:f9:57:b5, 2085-97-09 00:94:00:2038,0.006,0.046,0.994,-0.122,0,0.122,2.576,-0.11,-142.707,-48.2,-56.1,-23.093,29.49,0.31894,0.00635,-0.02161,-0.94745
 13:48:27.418,eb:33:2e:f9:57:b5, 2085-97-14 00:93:00:2042,0.001,0.047,0.997,0,0,0.061,2.576,-0.115,-142.707,-48.2,-56.1,-23.093,29.49,0.31894,0.00635,-0.02161,-0.94745
 13:48:27.478,eb:33:2e:f9:57:b5, 2085-97-07 00:95:00:2038,0.005,0.044,0.993,0,0,0.061,2.576,-0.115,-142.701,-48.2,-56.1,-23.093,29.49,0.31894,0.00635,-0.02161,-0.94745
 13:48:27.478,eb:33:2e:f9:57:b5, 2085-97-08 00:95:00:2040,0.004,0.046,0.997,0,0,0.061,2.576,-0.115,-142.701,-48.2,-56.1,-23.093,29.49,0.31894,0.00635,-0.02161,-0.94745
 13:48:27.478,eb:33:2e:f9:57:b5, 2085-97-07 00:93:00:2040,0.001,0.046,0.998,0,0,0.122,2.576,-0.115,-142.696,-48.2,-56.1,-23.093,29.49,0.31894,0.00635,-0.02161,-0.94745
 13:48:27.478,eb:33:2e:f9:57:b5, 2085-97-04 00:93:00:2036,0.003,0.045,0.994,-0.061,0.061,0.061,2.576,-0.115,-142.696,-48.2,-56.1,-23.093,29.49,0.31894,0.00635,-0.02161,-0.94745
 13:48:27.506,eb:33:2e:f9:57:b5, 2085-97-07 00:93:00:2037,0.003,0.045,0.996,-0.061,0,0.061,2.576,-0.115,-142.69,-48.2,-56.1,-23.093,29.49,0.3197,0.00623,-0.02164,-0.9472
 13:48:27.506,eb:33:2e:f9:57:b5, 2085-97-04 00:94:00:2036,0.002,0.047,0.995,-0.061,-0.061,0.061,2.576,-0.115,-142.69,-48.2,-56.1,-23.093,29.49,0.3197,0.00623,-0.02164,-0.9472
 13:48:27.506,eb:33:2e:f9:57:b5, 2085-97-08 00:91:00:2037,0.004,0.044,0.995,-0.061,-0.061,0.061,2.576,-0.115,-142.685,-48.2,-56.1,-23.093,29.49,0.3197,0.00623,-0.02164,-0.9472
 13:48:27.506,eb:33:2e:f9:57:b5, 2085-97-04 00:93:00:2035,0.002,0.046,0.995,0,0,0,2.576,-0.115,-142.685,-48.2,-56.1,-23.093,29.49,0.3197,0.00623,-0.02164,-0.9472
 13:48:27.567,eb:33:2e:f9:57:b5, 2085-97-06 00:91:00:2038,0.005,0.044,0.994,0,-0.122,0,2.576,-0.115,-142.679,-48.2,-56.1,-23.093,29.49,0.3197,0.00623,-0.02164,-0.9472
 13:48:27.567,eb:33:2e:f9:57:b5, 2085-97-07 00:93:00:2039,0.003,0.045,0.995,0,0,0,2.576,-0.115,-142.679,-48.2,-56.1,-23.093,29.49,0.3197,0.00623,-0.02164,-0.9472
 13:48:27.567,eb:33:2e:f9:57:b5, 2085-97-06 00:89:00:2038,0.004,0.045,0.996,0,0,0,2.576,-0.115,-142.674,-48.2,-56.1,-23.093,29.49,0.3197,0.00623,-0.02164,-0.9472
 13:48:27.567,eb:33:2e:f9:57:b5, 2085-97-10 00:91:00:2041,0.003,0.044,0.996,0.061,0,0.061,2.576,-0.115,-142.674,-48.2,-56.1,-23.093,29.49,0.3197,0.00623,-0.02164,-0.9472
 13:48:27.570,eb:33:2e:f9:57:b5, 2085-97-04 00:92:00:2039,0.003,0.046,0.996,0.122,0,0,2.576,-0.115,-142.668,-48.2,-56.1,-23.093,29.49,0.3197,0.00623,-0.02164,-0.9472
 13:48:27.570,eb:33:2e:f9:57:b5, 2085-97-05 00:93:00:2040,0.002,0.045,0.996,0.061,-0.061,0.061,2.576,-0.115,-142.668,-48.2,-56.1,-23.093,29.49,0.3197,0.00623,-0.02164,-0.9472
 13:48:27.570,eb:33:2e:f9:57:b5, 2085-97-05 00:91:00:2040,0.002,0.045,0.996,0.122,-0.061,0.061,2.576,-0.121,-142.663,-48.2,-56.1,-23.093,29.49,0.3197,0.00623,-0.02164,-0.9472
 13:48:27.570,eb:33:2e:f9:57:b5, 2085-97-07 00:94:00:2038,0.003,0.045,0.995,0,-0.183,0.061,2.576,-0.121,-142.663,-48.2,-56.1,-23.093,29.49,0.3197,0.00623,-0.02164,-0.9472
 13:48:27.627,eb:33:2e:f9:57:b5, 2085-97-07 00:93:00:2038,0.003,0.046,0.994,0,-0.183,0.061,2.576,-0.121,-142.663,-48.2,-56.1,-23.093,29.49,0.3197,0.00623,-0.02164,-0.9472
 13:48:27.627,eb:33:2e:f9:57:b5, 2085-97-08 00:95:00:2037,0.003,0.045,0.994,0,-0.183,0,2.576,-0.121,-142.663,-48.2,-56.1,-23.093,29.49,0.3197,0.00623,-0.02164,-0.9472
 13:48:27.628,eb:33:2e:f9:57:b5, 2085-97-08 00:93:00:2038,0.005,0.046,0.995,0,-0.183,0,2.576,-0.121,-142.657,-48.2,-56.1,-23.093,29.49,0.3197,0.00623,-0.02164,-0.9472
 13:48:27.628,eb:33:2e:f9:57:b5, 2085-97-11 00:94:00:2042,0.004,0.046,0.997,0,-0.122,0,2.576,-0.121,-142.657,-48.2,-56.1,-23.093,29.49,0.3197,0.00623,-0.02164,-0.9472
 13:48:27.657,eb:33:2e:f9:57:b5, 2085-97-10 00:91:00:2042,0.005,0.046,0.998,0,0,-0.061,2.576,-0.121,-142.652,-48.2,-56.1,-23.093,29.49,0.3197,0.00623,-0.02164,-0.9472
 13:48:27.657,eb:33:2e:f9:57:b5, 2085-97-08 00:95:00:2041,0.002,0.044,0.997,0.061,0,0,2.576,-0.121,-142.652,-48.2,-56.1,-23.093,29.49,0.3197,0.00623,-0.02164,-0.9472
 13:48:27.657,eb:33:2e:f9:57:b5, 2085-97-04 00:94:00:2038,0.002,0.046,0.996,0.061,0,0,2.576,-0.121,-142.646,-48.2,-56.1,-23.093,29.49,0.3197,0.00623,-0.02164,-0.9472
 13:48:27.657,eb:33:2e:f9:57:b5, 2085-97-06 00:92:00:2039,0.004,0.045,0.995,0.122,0,0,2.576,-0.121,-142.646,-48.2,-56.1,-23.093,29.49,0.3197,0.00623,-0.02164,-0.9472
 13:48:27.718,eb:33:2e:f9:57:b5, 2085-97-06 00:93:00:2037,0.002,0.045,0.995,0.122,-0.061,-0.061,2.576,-0.121,-142.641,-48.2,-56.1,-23.093,29.49,0.3197,0.00623,-0.02164,-0.9472
 13:48:27.719,eb:33:2e:f9:57:b5, 2085-97-06 00:91:00:2039,0.005,0.045,0.994,0.122,-0.122,-0.122,2.576,-0.121,-142.641,-48.2,-56.1,-23.093,29.49,0.3197,0.00623,-0.02164,-0.9472
 13:48:27.719,eb:33:2e:f9:57:b5, 2085-113-58 00:195:226:-8610,0.005,0.046,0.998,0.122,-0.122,-0.061,2.576,-0.121,-142.635,-48.2,-56.1,-23.093,29.49,0.3197,0.00623,-0.02164,-0.9472
 13:48:27.719,eb:33:2e:f9:57:b5, 2085-97-08 00:95:00:2040,0.003,0.046,0.997,0.061,-0.061,-0.122,2.576,-0.121,-142.635,-48.2,-56.1,-23.093,29.49,0.3197,0.00623,-0.02164,-0.9472
 13:48:27.719,eb:33:2e:f9:57:b5, 2085-97-06 00:94:00:2040,0.005,0.045,0.996,0.122,-0.061,-0.122,2.576,-0.121,-142.635,-48.2,-56.1,-23.093,29.49,0.3197,0.00623,-0.02164,-0.9472
 13:48:27.747,eb:33:2e:f9:57:b5, 2085-97-11 00:95:00:2041,0.005,0.046,0.997,0,-0.061,-0.061,2.576,-0.126,-142.63,-49.9,-57.4,-21.567,29.49,0.3197,0.00623,-0.02164,-0.9472
 13:48:27.747,eb:33:2e:f9:57:b5, 2085-97-09 00:89:00:2042,0.005,0.045,0.997,0,0,-0.061,2.576,-0.126,-142.63,-49.9,-57.4,-21.567,29.49,0.3197,0.00623,-0.02164,-0.9472
 13:48:27.747,eb:33:2e:f9:57:b5, 2085-97-11 00:94:00:2042,0.005,0.043,0.998,0.183,0,0,2.576,-0.126,-142.625,-49.9,-57.4,-21.567,29.49,0.3197,0.00623,-0.02164,-0.9472
 13:48:27.747,eb:33:2e:f9:57:b5, 2085-97-08 00:93:00:2039,0.003,0.046,0.996,0.183,0.061,0.061,2.576,-0.126,-142.625,-49.9,-57.4,-21.567,29.49,0.3197,0.00623,-0.02164,-0.9472
 13:48:27.778,eb:33:2e:f9:57:b5, 2085-97-07 00:92:00:2040,0.005,0.045,0.996,0.183,0.122,0.061,2.576,-0.126,-142.619,-49.9,-57.4,-21.567,29.49,0.3197,0.00623,-0.02164,-0.9472
 13:48:27.778,eb:33:2e:f9:57:b5, 2085-97-08 00:96:00:2041,0.003,0.046,0.997,0.244,0.122,0.122,2.576,-0.126,-142.619,-49.9,-57.4,-21.567,29.49,0.3197,0.00623,-0.02164,-0.9472
 13:48:27.778,eb:33:2e:f9:57:b5, 2085-97-09 00:92:00:2040,0.005,0.045,0.995,0.183,0.183,0.183,2.576,-0.126,-142.614,-49.9,-57.4,-21.567,29.49,0.3197,0.00623,-0.02164,-0.9472
 13:48:27.778,eb:33:2e:f9:57:b5, 2085-97-10 00:95:00:2039,0.002,0.046,0.996,0.122,0.183,0.244,2.576,-0.126,-142.614,-49.9,-57.4,-21.567,29.49,0.3197,0.00623,-0.02164,-0.9472
 13:48:27.837,eb:33:2e:f9:57:b5, 2085-97-04 00:93:00:2037,0.003,0.046,0.995,0,0.244,0.183,2.576,-0.126,-142.608,-49.9,-57.4,-21.567,29.49,0.3204,0.00613,-0.02167,-0.94696
 13:48:27.837,eb:33:2e:f9:57:b5, 2085-97-06 00:92:00:2040,0.003,0.046,0.996,0,0.183,0.244,2.576,-0.126,-142.608,-49.9,-57.4,-21.567,29.49,0.3204,0.00613,-0.02167,-0.94696
 13:48:27.837,eb:33:2e:f9:57:b5, 2085-97-05 00:96:00:2036,0.002,0.046,0.996,0,0.244,0.183,2.576,-0.126,-142.603,-49.9,-57.4,-21.567,29.49,0.3204,0.00613,-0.02167,-0.94696
 13:48:27.837,eb:33:2e:f9:57:b5, 2085-97-02 00:93:00:2037,0.003,0.046,0.994,0,0.183,0.183,2.576,-0.126,-142.603,-49.9,-57.4,-21.567,29.49,0.3204,0.00613,-0.02167,-0.94696
 13:48:27.867,eb:33:2e:f9:57:b5, 2085-97-04 00:94:00:2039,0.001,0.045,0.996,0.061,0.122,0.122,2.576,-0.126,-142.597,-49.9,-57.4,-21.567,29.49,0.3204,0.00613,-0.02167,-0.94696
 13:48:27.867,eb:33:2e:f9:57:b5, 2085-97-12 00:92:00:2045,0.006,0.045,0.996,0.122,0.061,0.183,2.576,-0.132,-142.597,-49.9,-57.4,-21.567,29.49,0.3204,0.00613,-0.02167,-0.94696
 13:48:27.867,eb:33:2e:f9:57:b5, 2085-97-08 00:93:00:2042,0.003,0.044,0.999,0.122,0.305,0.366,2.576,-0.132,-142.592,-49.9,-57.4,-21.567,29.49,0.3204,0.00613,-0.02167,-0.94696
 13:48:27.867,eb:33:2e:f9:57:b5, 2085-97-05 00:92:00:2040,0.006,0.045,0.996,0.183,0.305,0.427,2.576,-0.132,-142.592,-49.9,-57.4,-21.567,29.49,0.3204,0.00613,-0.02167,-0.94696
 13:48:27.897,eb:33:2e:f9:57:b5, 2085-97-11 00:97:00:2041,0.002,0.046,0.998,0.183,0.305,0.488,2.576,-0.132,-142.592,-49.9,-57.4,-21.567,29.49,0.3204,0.00613,-0.02167,-0.94696
 13:48:27.897,eb:33:2e:f9:57:b5, 2085-97-07 00:97:00:2039,0.004,0.046,0.996,0.183,0.366,0.488,2.576,-0.132,-142.592,-49.9,-57.4,-21.567,29.49,0.3204,0.00613,-0.02167,-0.94696
 13:48:27.897,eb:33:2e:f9:57:b5, 2085-97-07 00:95:00:2038,0.002,0.047,0.995,0.061,0.366,0.488,2.576,-0.132,-142.586,-49.9,-57.4,-21.567,29.49,0.3204,0.00613,-0.02167,-0.94696
 13:48:27.897,eb:33:2e:f9:57:b5, 2085-97-02 00:95:00:2036,0.001,0.047,0.994,0.061,0.427,0.427,2.582,-0.132,-142.586,-49.9,-57.4,-21.567,29.49,0.3204,0.00613,-0.02167,-0.94696
 13:48:27.958,eb:33:2e:f9:57:b5, 2085-97-05 00:96:00:2038,0.002,0.046,0.994,0.061,0.244,0.427,2.576,-0.132,-142.581,-49.9,-57.4,-21.567,29.49,0.3204,0.00613,-0.02167,-0.94696
 13:48:27.958,eb:33:2e:f9:57:b5, 2085-97-05 00:96:00:2035,0.001,0.047,0.995,0.061,0.183,0.366,2.582,-0.132,-142.581,-49.9,-57.4,-21.567,29.49,0.3204,0.00613,-0.02167,-0.94696
 13:48:27.958,eb:33:2e:f9:57:b5, 2085-97-01 00:94:00:2035,0.001,0.046,0.993,0,0.122,0.244,2.582,-0.132,-142.575,-49.9,-57.4,-21.567,29.49,0.3204,0.00613,-0.02167,-0.94696
 13:48:27.958,eb:33:2e:f9:57:b5, 2085-97-02 00:94:00:2037,0.002,0.046,0.994,0.061,0,0.122,2.582,-0.132,-142.575,-49.9,-57.4,-21.567,29.49,0.3204,0.00613,-0.02167,-0.94696
 13:48:27.988,eb:33:2e:f9:57:b5, 2085-97-08 00:95:00:2037,0.004,0.046,0.995,0.061,-0.061,0.122,2.582,-0.132,-142.57,-49.9,-57.4,-21.567,29.49,0.3204,0.00613,-0.02167,-0.94696
 13:48:27.988,eb:33:2e:f9:57:b5, 2085-97-06 00:96:00:2037,0.003,0.047,0.995,0,0,0,2.582,-0.132,-142.57,-49.9,-57.4,-21.567,29.49,0.3204,0.00613,-0.02167,-0.94696
 13:48:27.988,eb:33:2e:f9:57:b5, 2085-97-04 00:97:00:2038,0.002,0.048,0.995,-0.061,0,0,2.582,-0.132,-142.564,-49.9,-57.4,-21.567,29.49,0.3204,0.00613,-0.02167,-0.94696
 13:48:27.988,eb:33:2e:f9:57:b5, 2085-97-06 00:96:00:2037,0.003,0.046,0.995,0,0,0,2.582,-0.132,-142.564,-49.9,-57.4,-21.567,29.49,0.3204,0.00613,-0.02167,-0.94696
 13:48:28.048,eb:33:2e:f9:57:b5, 2085-97-06 00:93:00:2041,0.003,0.047,0.997,0,0.061,-0.122,2.582,-0.132,-142.559,-49.4,-55.8,-23.107,29.49,0.3204,0.00613,-0.02167,-0.94696
 13:48:28.048,eb:33:2e:f9:57:b5, 2085-97-06 00:95:00:2041,0.004,0.046,0.998,-0.061,0.183,-0.061,2.582,-0.132,-142.559,-49.4,-55.8,-23.107,29.49,0.3204,0.00613,-0.02167,-0.94696
 13:48:28.048,eb:33:2e:f9:57:b5, 2085-97-07 00:96:00:2041,0.002,0.047,0.997,-0.122,0.183,0,2.582,-0.132,-142.553,-49.4,-55.8,-23.107,29.49,0.3204,0.00613,-0.02167,-0.94696
 13:48:28.048,eb:33:2e:f9:57:b5, 2085-97-02 00:96:00:2037,0.001,0.046,0.996,-0.122,0.244,-0.061,2.582,-0.132,-142.553,-49.4,-55.8,-23.107,29.49,0.3204,0.00613,-0.02167,-0.94696
 13:48:28.078,eb:33:2e:f9:57:b5, 2085-97-03 00:94:00:2038,0.003,0.046,0.994,-0.122,0.183,-0.061,2.582,-0.132,-142.548,-49.4,-55.8,-23.107,29.49,0.3204,0.00613,-0.02167,-0.94696
 13:48:28.078,eb:33:2e:f9:57:b5, 2085-97-04 00:95:00:2036,0.001,0.046,0.995,-0.061,0.061,-0.122,2.582,-0.132,-142.548,-49.4,-55.8,-23.107,29.49,0.3204,0.00613,-0.02167,-0.94696
 13:48:28.078,eb:33:2e:f9:57:b5, 2085-97-03 00:92:00:2035,0.002,0.046,0.994,0,0,-0.122,2.582,-0.132,-142.542,-49.4,-55.8,-23.107,29.49,0.3204,0.00613,-0.02167,-0.94696
 13:48:28.078,eb:33:2e:f9:57:b5, 2085-97-04 00:95:00:2039,0.002,0.045,0.995,-0.061,-0.061,-0.061,2.582,-0.132,-142.542,-49.4,-55.8,-23.107,29.49,0.3204,0.00613,-0.02167,-0.94696
 13:48:28.108,eb:33:2e:f9:57:b5, 2085-97-05 00:91:00:2041,0.002,0.045,0.996,-0.061,0,-0.061,2.582,-0.137,-142.542,-49.4,-55.8,-23.107,29.49,0.32098,0.0061,-0.02173,-0.94678
 13:48:28.108,eb:33:2e:f9:57:b5, 2085-97-05 00:96:00:2040,0.002,0.046,0.997,0,0,0,2.582,-0.137,-142.542,-49.4,-55.8,-23.107,29.49,0.32098,0.0061,-0.02173,-0.94678
 13:48:28.108,eb:33:2e:f9:57:b5, 2085-97-03 00:95:00:2038,0.002,0.046,0.995,0,0,0,2.582,-0.137,-142.537,-49.4,-55.8,-23.107,29.49,0.32098,0.0061,-0.02173,-0.94678
 13:48:28.108,eb:33:2e:f9:57:b5, 2085-97-09 00:93:00:2043,0.005,0.045,0.996,0,-0.061,-0.061,2.582,-0.137,-142.537,-49.4,-55.8,-23.107,29.49,0.32098,0.0061,-0.02173,-0.94678
 13:48:28.137,eb:33:2e:f9:57:b5, 2085-97-08 00:95:00:2040,0.003,0.046,0.998,0,0.061,0,2.582,-0.137,-142.531,-49.4,-55.8,-23.107,29.49,0.32098,0.0061,-0.02173,-0.94678
 13:48:28.137,eb:33:2e:f9:57:b5, 2085-97-05 00:94:00:2039,0.002,0.046,0.996,0,0.061,0,2.582,-0.137,-142.531,-49.4,-55.8,-23.107,29.49,0.32098,0.0061,-0.02173,-0.94678
 13:48:28.137,eb:33:2e:f9:57:b5, 2085-97-05 00:95:00:2039,0.001,0.046,0.997,0,0,0,2.582,-0.137,-142.526,-49.4,-55.8,-23.107,29.49,0.32098,0.0061,-0.02173,-0.94678
 13:48:28.137,eb:33:2e:f9:57:b5, 2085-97-05 00:94:00:2039,0.002,0.046,0.995,0,0,0,2.582,-0.137,-142.526,-49.4,-55.8,-23.107,29.49,0.32098,0.0061,-0.02173,-0.94678
 13:48:28.227,eb:33:2e:f9:57:b5, 2085-97-03 00:94:00:2038,0.001,0.045,0.995,0,0,0.061,2.582,-0.137,-142.52,-49.4,-55.8,-23.107,29.49,0.32098,0.0061,-0.02173,-0.94678
 13:48:28.227,eb:33:2e:f9:57:b5, 2085-97-04 00:94:00:2038,0.002,0.046,0.995,0,0,0,2.582,-0.137,-142.52,-49.4,-55.8,-23.107,29.49,0.32098,0.0061,-0.02173,-0.94678
 13:48:28.227,eb:33:2e:f9:57:b5, 2085-97-06 00:93:00:2039,0.003,0.046,0.995,0,-0.061,0,2.582,-0.137,-142.515,-49.4,-55.8,-23.107,29.49,0.32098,0.0061,-0.02173,-0.94678
 13:48:28.227,eb:33:2e:f9:57:b5, 2085-97-08 00:92:00:2043,0.002,0.044,0.998,0.061,0,0.122,2.582,-0.137,-142.515,-49.4,-55.8,-23.107,29.49,0.32098,0.0061,-0.02173,-0.94678
 13:48:28.231,eb:33:2e:f9:57:b5, 2085-97-00 00:94:00:2037,0,0.046,0.996,0,0,0.122,2.582,-0.137,-142.509,-49.4,-55.8,-23.107,29.49,0.32098,0.0061,-0.02173,-0.94678
 13:48:28.231,eb:33:2e:f9:57:b5, 2085-97-01 00:92:00:2038,0.002,0.045,0.995,0,-0.122,0.122,2.582,-0.137,-142.509,-49.4,-55.8,-23.107,29.49,0.32098,0.0061,-0.02173,-0.94678
 13:48:28.231,eb:33:2e:f9:57:b5, 2085-97-03 00:93:00:2037,0.002,0.045,0.995,0.061,-0.183,0.122,2.582,-0.137,-142.504,-49.4,-55.8,-23.107,29.49,0.32098,0.0061,-0.02173,-0.94678
 13:48:28.231,eb:33:2e:f9:57:b5, 2085-97-04 00:93:00:2039,0.002,0.045,0.995,0.061,-0.183,0.183,2.582,-0.137,-142.504,-49.4,-55.8,-23.107,29.49,0.32098,0.0061,-0.02173,-0.94678
 13:48:28.258,eb:33:2e:f9:57:b5, 2085-97-04 00:95:00:2038,0.001,0.046,0.996,0,-0.122,0.244,2.582,-0.137,-142.498,-49.4,-55.8,-23.107,29.49,0.32098,0.0061,-0.02173,-0.94678
 13:48:28.258,eb:33:2e:f9:57:b5, 2085-97-04 00:94:00:2039,0.003,0.046,0.995,0.061,-0.122,0.244,2.582,-0.137,-142.498,-49.4,-55.8,-23.107,29.49,0.32098,0.0061,-0.02173,-0.94678
 13:48:28.258,eb:33:2e:f9:57:b5, 2085-97-05 00:96:00:2036,0.003,0.046,0.996,0.061,-0.122,0.244,2.582,-0.137,-142.498,-49.4,-55.8,-23.107,29.49,0.32098,0.0061,-0.02173,-0.94678
 13:48:28.258,eb:33:2e:f9:57:b5, 2085-97-04 00:95:00:2037,0.001,0.048,0.994,0,-0.061,0.122,2.582,-0.137,-142.498,-49.4,-55.8,-23.107,29.49,0.32098,0.0061,-0.02173,-0.94678
 13:48:28.317,eb:33:2e:f9:57:b5, 2085-97-05 00:94:00:2039,0.003,0.047,0.995,-0.061,-0.061,0.061,2.582,-0.137,-142.493,-49.4,-55.8,-23.107,29.49,0.32098,0.0061,-0.02173,-0.94678
 13:48:28.317,eb:33:2e:f9:57:b5, 2085-113-58 00:89:227:-8355,0.003,0.046,0.997,0,-0.061,0.061,2.582,-0.137,-142.493,-49.4,-55.8,-23.107,29.49,0.32098,0.0061,-0.02173,-0.94678
 13:48:28.317,eb:33:2e:f9:57:b5, 2085-97-06 00:95:00:2040,0.003,0.046,0.996,0,-0.122,0.061,2.582,-0.137,-142.487,-49.4,-55.8,-23.107,29.49,0.32098,0.0061,-0.02173,-0.94678
 13:48:28.317,eb:33:2e:f9:57:b5, 2085-97-05 00:93:00:2039,0.003,0.045,0.996,0,-0.061,0,2.582,-0.137,-142.487,-49.4,-55.8,-23.107,29.49,0.32098,0.0061,-0.02173,-0.94678
 13:48:28.348,eb:33:2e:f9:57:b5, 2085-97-06 00:94:00:2038,0.002,0.047,0.995,-0.061,0,0,2.582,-0.137,-142.482,-48.9,-55.7,-23.7,29.49,0.32098,0.0061,-0.02173,-0.94678
 13:48:28.348,eb:33:2e:f9:57:b5, 2085-97-06 00:93:00:2039,0.002,0.045,0.995,0,0,0.061,2.582,-0.137,-142.482,-48.9,-55.7,-23.7,29.49,0.32098,0.0061,-0.02173,-0.94678
 13:48:28.348,eb:33:2e:f9:57:b5, 2085-97-04 00:96:00:2038,0.002,0.046,0.995,0,0,0,2.582,-0.137,-142.476,-48.9,-55.7,-23.7,29.49,0.32098,0.0061,-0.02173,-0.94678
 13:48:28.348,eb:33:2e:f9:57:b5, 2085-97-01 00:95:00:2035,0.001,0.047,0.994,0,-0.061,0,2.587,-0.137,-142.476,-48.9,-55.7,-23.7,29.49,0.32098,0.0061,-0.02173,-0.94678
 13:48:28.377,eb:33:2e:f9:57:b5, 2085-97-06 00:96:00:2038,0.004,0.046,0.994,0,-0.122,0,2.582,-0.137,-142.471,-48.9,-55.7,-23.7,29.49,0.32098,0.0061,-0.02173,-0.94678
 13:48:28.377,eb:33:2e:f9:57:b5, 2085-97-08 00:96:00:2039,0.001,0.047,0.995,0,-0.122,-0.061,2.587,-0.137,-142.471,-48.9,-55.7,-23.7,29.49,0.32098,0.0061,-0.02173,-0.94678
 13:48:28.377,eb:33:2e:f9:57:b5, 2085-97-03 00:95:00:2032,0.001,0.046,0.994,-0.061,-0.122,-0.061,2.587,-0.137,-142.465,-48.9,-55.7,-23.7,29.49,0.32098,0.0061,-0.02173,-0.94678
 13:48:28.377,eb:33:2e:f9:57:b5, 2085-97-06 00:94:00:2036,0.003,0.046,0.993,-0.061,-0.183,-0.061,2.587,-0.137,-142.465,-48.9,-55.7,-23.7,29.49,0.32098,0.0061,-0.02173,-0.94678
 13:48:28.437,eb:33:2e:f9:57:b5, 2085-97-08 00:95:00:2042,0.004,0.046,0.996,0,-0.183,-0.122,2.587,-0.137,-142.465,-48.9,-55.7,-23.7,29.49,0.32159,0.00607,-0.02176,-0.94656
 13:48:28.437,eb:33:2e:f9:57:b5, 2085-97-08 00:94:00:2042,0.003,0.046,0.998,0,-0.183,-0.061,2.587,-0.137,-142.465,-48.9,-55.7,-23.7,29.49,0.32159,0.00607,-0.02176,-0.94656
 13:48:28.437,eb:33:2e:f9:57:b5, 2085-97-04 00:96:00:2040,0.001,0.045,0.996,0,-0.122,0,2.587,-0.137,-142.46,-48.9,-55.7,-23.7,29.49,0.32159,0.00607,-0.02176,-0.94656
 13:48:28.437,eb:33:2e:f9:57:b5, 2085-97-04 00:93:00:2039,0.004,0.047,0.995,-0.061,-0.122,0,2.587,-0.137,-142.46,-48.9,-55.7,-23.7,29.49,0.32159,0.00607,-0.02176,-0.94656
 13:48:28.497,eb:33:2e:f9:57:b5, 2085-97-08 00:97:00:2041,0.003,0.046,0.996,-0.061,-0.122,0,2.587,-0.137,-142.454,-48.9,-55.7,-23.7,29.49,0.32159,0.00607,-0.02176,-0.94656
 13:48:28.497,eb:33:2e:f9:57:b5, 2085-97-04 00:94:00:2036,0.001,0.046,0.996,-0.061,-0.061,0,2.587,-0.143,-142.454,-48.9,-55.7,-23.7,29.49,0.32159,0.00607,-0.02176,-0.94656
 13:48:28.497,eb:33:2e:f9:57:b5, 2085-97-02 00:93:00:2035,0.001,0.045,0.994,-0.122,-0.183,0,2.587,-0.143,-142.449,-48.9,-55.7,-23.7,29.49,0.32159,0.00607,-0.02176,-0.94656
 13:48:28.497,eb:33:2e:f9:57:b5, 2085-97-07 00:94:00:2037,0.003,0.046,0.994,-0.122,-0.183,0,2.587,-0.143,-142.449,-48.9,-55.7,-23.7,29.49,0.32159,0.00607,-0.02176,-0.94656
 13:48:28.500,eb:33:2e:f9:57:b5, 2085-97-07 00:94:00:2040,0.004,0.046,0.995,-0.122,-0.183,0,2.587,-0.143,-142.443,-48.9,-55.7,-23.7,29.49,0.32159,0.00607,-0.02176,-0.94656
 13:48:28.500,eb:33:2e:f9:57:b5, 2085-97-07 00:94:00:2041,0.004,0.046,0.996,-0.122,-0.183,0,2.587,-0.143,-142.443,-48.9,-55.7,-23.7,29.49,0.32159,0.00607,-0.02176,-0.94656
 13:48:28.500,eb:33:2e:f9:57:b5, 2085-97-05 00:92:00:2040,0.004,0.045,0.996,-0.122,-0.122,0,2.587,-0.143,-142.438,-48.9,-55.7,-23.7,29.49,0.32159,0.00607,-0.02176,-0.94656
 13:48:28.500,eb:33:2e:f9:57:b5, 2085-97-10 00:93:00:2043,0.004,0.045,0.997,-0.061,-0.122,0,2.587,-0.143,-142.438,-48.9,-55.7,-23.7,29.49,0.32159,0.00607,-0.02176,-0.94656
 13:48:28.557,eb:33:2e:f9:57:b5, 2085-97-04 00:91:00:2039,0.002,0.045,0.998,-0.061,-0.061,0.061,2.587,-0.143,-142.432,-48.9,-55.7,-23.7,29.49,0.32159,0.00607,-0.02176,-0.94656
 13:48:28.557,eb:33:2e:f9:57:b5, 2085-97-06 00:95:00:2039,0.004,0.046,0.996,0,-0.061,0,2.587,-0.143,-142.432,-48.9,-55.7,-23.7,29.49,0.32159,0.00607,-0.02176,-0.94656
 13:48:28.557,eb:33:2e:f9:57:b5, 2085-97-07 00:94:00:2041,0.003,0.046,0.996,0,0,0,2.587,-0.143,-142.432,-48.9,-55.7,-23.7,29.49,0.32159,0.00607,-0.02176,-0.94656
 13:48:28.557,eb:33:2e:f9:57:b5, 2085-97-06 00:93:00:2042,0.004,0.046,0.997,0,0,0.061,2.587,-0.143,-142.432,-48.9,-55.7,-23.7,29.49,0.32159,0.00607,-0.02176,-0.94656
 13:48:28.587,eb:33:2e:f9:57:b5, 2085-97-08 00:94:00:2041,0.003,0.045,0.997,0,0,0.061,2.587,-0.143,-142.427,-48.9,-55.7,-23.7,29.49,0.32159,0.00607,-0.02176,-0.94656
 13:48:28.587,eb:33:2e:f9:57:b5, 2085-97-04 00:95:00:2037,0.002,0.047,0.996,0,0.061,0.061,2.587,-0.143,-142.427,-48.9,-55.7,-23.7,29.49,0.32159,0.00607,-0.02176,-0.94656
 13:48:28.587,eb:33:2e:f9:57:b5, 2085-97-05 00:95:00:2038,0.002,0.045,0.995,0,0,0,2.587,-0.143,-142.421,-48.9,-55.7,-23.7,29.49,0.32159,0.00607,-0.02176,-0.94656
 13:48:28.587,eb:33:2e:f9:57:b5, 2085-97-07 00:94:00:2038,0.002,0.046,0.994,0,0.061,0.061,2.587,-0.143,-142.421,-48.9,-55.7,-23.7,29.49,0.32159,0.00607,-0.02176,-0.94656
 13:48:28.617,eb:33:2e:f9:57:b5, 2085-97-06 00:96:00:2038,0.003,0.046,0.995,0,0.061,0.061,2.587,-0.143,-142.416,-49.1,-56.9,-22.94,29.49,0.32159,0.00607,-0.02176,-0.94656
 13:48:28.617,eb:33:2e:f9:57:b5, 2085-97-09 00:95:00:2039,0.003,0.046,0.996,0,0,0.061,2.587,-0.143,-142.416,-49.1,-56.9,-22.94,29.49,0.32159,0.00607,-0.02176,-0.94656
 13:48:28.617,eb:33:2e:f9:57:b5, 2085-97-03 00:94:00:2038,0.002,0.046,0.995,0,0.061,0.061,2.587,-0.143,-142.41,-49.1,-56.9,-22.94,29.49,0.32159,0.00607,-0.02176,-0.94656
 13:48:28.617,eb:33:2e:f9:57:b5, 2085-97-02 00:93:00:2036,0.001,0.045,0.995,0,0.061,0,2.587,-0.143,-142.41,-49.1,-56.9,-22.94,29.49,0.32159,0.00607,-0.02176,-0.94656
 13:48:28.708,eb:33:2e:f9:57:b5, 2085-97-04 00:92:00:2038,0.002,0.044,0.994,0,0,0.061,2.587,-0.143,-142.405,-49.1,-56.9,-22.94,29.49,0.32159,0.00607,-0.02176,-0.94656
 13:48:28.708,eb:33:2e:f9:57:b5, 2085-97-09 00:92:00:2043,0.004,0.045,0.997,0.061,0,0,2.587,-0.143,-142.405,-49.1,-56.9,-22.94,29.49,0.32159,0.00607,-0.02176,-0.94656
 13:48:28.708,eb:33:2e:f9:57:b5, 2085-97-08 00:95:00:2041,0.004,0.046,0.997,0.061,0,0.061,2.587,-0.143,-142.405,-49.1,-56.9,-22.94,29.49,0.32159,0.00607,-0.02176,-0.94656
 13:48:28.708,eb:33:2e:f9:57:b5, 2085-97-06 00:94:00:2039,0.002,0.045,0.996,0,0.061,0.122,2.587,-0.143,-142.405,-49.1,-56.9,-22.94,29.49,0.32159,0.00607,-0.02176,-0.94656
 13:48:28.710,eb:33:2e:f9:57:b5, 2085-97-04 00:96:00:2038,0.002,0.046,0.995,0,0.122,0.061,2.587,-0.143,-142.399,-49.1,-56.9,-22.94,29.49,0.32211,0.00604,-0.02179,-0.94638
 13:48:28.710,eb:33:2e:f9:57:b5, 2085-97-05 00:93:00:2039,0.002,0.046,0.996,0,0.122,0,2.587,-0.143,-142.399,-49.1,-56.9,-22.94,29.49,0.32211,0.00604,-0.02179,-0.94638
 13:48:28.710,eb:33:2e:f9:57:b5, 2085-97-04 00:93:00:2037,0.002,0.046,0.995,0,0.061,0.061,2.587,-0.143,-142.394,-49.1,-56.9,-22.94,29.49,0.32211,0.00604,-0.02179,-0.94638
 13:48:28.710,eb:33:2e:f9:57:b5, 2085-97-03 00:97:00:2037,0.002,0.046,0.995,0,0,0.061,2.587,-0.143,-142.394,-49.1,-56.9,-22.94,29.49,0.32211,0.00604,-0.02179,-0.94638
 13:48:28.737,eb:33:2e:f9:57:b5, 2085-97-06 00:93:00:2040,0.002,0.047,0.995,-0.061,0,0,2.587,-0.148,-142.388,-49.1,-56.9,-22.94,29.49,0.32211,0.00604,-0.02179,-0.94638
 13:48:28.737,eb:33:2e:f9:57:b5, 2085-97-04 00:92:00:2039,0.002,0.044,0.996,-0.061,0.061,0,2.587,-0.148,-142.388,-49.1,-56.9,-22.94,29.49,0.32211,0.00604,-0.02179,-0.94638
 13:48:28.737,eb:33:2e:f9:57:b5, 2085-97-04 00:92:00:2039,0,0.044,0.996,0,0.061,0.061,2.587,-0.148,-142.383,-49.1,-56.9,-22.94,29.49,0.32211,0.00604,-0.02179,-0.94638
 13:48:28.737,eb:33:2e:f9:57:b5, 2085-97-00 00:96:00:2034,0,0.046,0.995,0,0,0.061,2.587,-0.148,-142.383,-49.1,-56.9,-22.94,29.49,0.32211,0.00604,-0.02179,-0.94638
 13:48:28.797,eb:33:2e:f9:57:b5, 2085-97-02 00:94:00:2034,0.001,0.046,0.993,0,-0.061,0,2.587,-0.148,-142.383,-49.1,-56.9,-22.94,29.49,0.32211,0.00604,-0.02179,-0.94638
 13:48:28.797,eb:33:2e:f9:57:b5, 2085-97-02 00:96:00:2034,0.001,0.046,0.994,0,-0.061,0,2.587,-0.148,-142.383,-49.1,-56.9,-22.94,29.49,0.32211,0.00604,-0.02179,-0.94638
 13:48:28.797,eb:33:2e:f9:57:b5, 2085-97-05 00:94:00:2038,0.004,0.046,0.994,0,-0.183,-0.122,2.587,-0.148,-142.377,-49.1,-56.9,-22.94,29.49,0.32211,0.00604,-0.02179,-0.94638
 13:48:28.797,eb:33:2e:f9:57:b5, 2085-97-09 00:96:00:2041,0.004,0.046,0.996,0,-0.183,-0.061,2.587,-0.148,-142.377,-49.1,-56.9,-22.94,29.49,0.32211,0.00604,-0.02179,-0.94638
 13:48:28.828,eb:33:2e:f9:57:b5, 2085-97-07 00:93:00:2037,0.004,0.047,0.996,-0.061,-0.122,-0.122,2.587,-0.148,-142.372,-49.1,-56.9,-22.94,29.49,0.32211,0.00604,-0.02179,-0.94638
 13:48:28.828,eb:33:2e:f9:57:b5, 2085-97-05 00:94:00:2040,0.002,0.046,0.997,0,0,-0.122,2.587,-0.148,-142.372,-49.1,-56.9,-22.94,29.49,0.32211,0.00604,-0.02179,-0.94638
 13:48:28.828,eb:33:2e:f9:57:b5, 2085-97-06 00:90:00:2042,0.004,0.045,0.997,0,-0.061,-0.122,2.587,-0.148,-142.366,-49.1,-56.9,-22.94,29.49,0.32211,0.00604,-0.02179,-0.94638
 13:48:28.829,eb:33:2e:f9:57:b5, 2085-97-07 00:91:00:2042,0.001,0.045,0.997,0,-0.061,-0.122,2.587,-0.148,-142.366,-49.1,-56.9,-22.94,29.49,0.32211,0.00604,-0.02179,-0.94638
 13:48:28.858,eb:33:2e:f9:57:b5, 2085-97-04 00:92:00:2040,0.003,0.045,0.997,0,-0.061,0,2.587,-0.148,-142.361,-49.1,-56.9,-22.94,29.49,0.32211,0.00604,-0.02179,-0.94638
 13:48:28.858,eb:33:2e:f9:57:b5, 2085-97-04 00:94:00:2039,0.001,0.046,0.996,0,-0.122,0,2.587,-0.148,-142.361,-49.1,-56.9,-22.94,29.49,0.32211,0.00604,-0.02179,-0.94638
 13:48:28.858,eb:33:2e:f9:57:b5, 2085-97-05 00:93:00:2041,0.003,0.044,0.995,0,-0.122,0,2.587,-0.148,-142.355,-49.1,-56.9,-22.94,29.49,0.32211,0.00604,-0.02179,-0.94638
 13:48:28.858,eb:33:2e:f9:57:b5, 2085-97-08 00:95:00:2041,0.002,0.047,0.997,0.061,-0.061,0.061,2.587,-0.148,-142.355,-49.1,-56.9,-22.94,29.49,0.32211,0.00604,-0.02179,-0.94638
 13:48:28.918,eb:33:2e:f9:57:b5, 2085-97-00 00:92:00:2037,0.005,0.045,0.996,0,-0.061,0.061,2.587,-0.148,-142.355,-49.1,-56.9,-22.94,29.49,0.32211,0.00604,-0.02179,-0.94638
 13:48:28.918,eb:33:2e:f9:57:b5, 2085-97-17 00:97:00:2048,0.004,0.048,0.997,0,-0.122,0.061,2.587,-0.148,-142.355,-49.1,-56.9,-22.94,29.49,0.32211,0.00604,-0.02179,-0.94638
 13:48:28.918,eb:33:2e:f9:57:b5, 2085-97-00 00:92:00:2034,0.002,0.045,0.996,-0.061,0.122,0.061,2.587,-0.148,-142.35,-49.1,-56.9,-22.94,29.49,0.32211,0.00604,-0.02179,-0.94638
 13:48:28.918,eb:33:2e:f9:57:b5, 2085-97-07 00:95:00:2039,0.003,0.046,0.995,-0.061,0,0,2.587,-0.148,-142.35,-49.1,-56.9,-22.94,29.49,0.32211,0.00604,-0.02179,-0.94638
 13:48:28.978,eb:33:2e:f9:57:b5, 2085-97-07 00:91:00:2041,0.003,0.044,0.997,0,0.061,0,2.587,-0.148,-142.344,-49.9,-57.8,-25.973,29.49,0.32211,0.00604,-0.02179,-0.94638
 13:48:28.978,eb:33:2e:f9:57:b5, 2085-97-04 00:93:00:2039,0.001,0.046,0.998,0,0.061,0,2.587,-0.148,-142.344,-49.9,-57.8,-25.973,29.49,0.32211,0.00604,-0.02179,-0.94638
 13:48:28.978,eb:33:2e:f9:57:b5, 2085-97-04 00:94:00:2037,0.002,0.045,0.995,0,0,0.122,2.587,-0.148,-142.339,-49.9,-57.8,-25.973,29.49,0.32211,0.00604,-0.02179,-0.94638
 13:48:28.978,eb:33:2e:f9:57:b5, 2085-97-06 00:94:00:2039,0.002,0.045,0.995,0,0.061,0.122,2.587,-0.148,-142.339,-49.9,-57.8,-25.973,29.49,0.32211,0.00604,-0.02179,-0.94638
 13:48:29.007,eb:33:2e:f9:57:b5, 2085-97-04 00:94:00:2040,0.003,0.045,0.996,0,0.122,0.122,2.587,-0.148,-142.333,-49.9,-57.8,-25.973,29.49,0.32211,0.00604,-0.02179,-0.94638
 13:48:29.007,eb:33:2e:f9:57:b5, 2085-97-06 00:97:00:2038,0.002,0.047,0.996,0,0.122,0.061,2.587,-0.148,-142.333,-49.9,-57.8,-25.973,29.49,0.32211,0.00604,-0.02179,-0.94638
 13:48:29.007,eb:33:2e:f9:57:b5, 2085-97-04 00:93:00:2039,0.002,0.046,0.995,-0.061,0.183,0.061,2.587,-0.148,-142.333,-49.9,-57.8,-25.973,29.49,0.32211,0.00604,-0.02179,-0.94638
 13:48:29.007,eb:33:2e:f9:57:b5, 2085-97-07 00:93:00:2041,0.003,0.045,0.996,0,0.122,0,2.587,-0.148,-142.333,-49.9,-57.8,-25.973,29.49,0.32211,0.00604,-0.02179,-0.94638
 13:48:29.007,eb:33:2e:f9:57:b5, 2085-97-05 00:89:00:2041,0.004,0.045,0.997,0,0.244,0.061,2.587,-0.148,-142.328,-49.9,-57.8,-25.973,29.49,0.32211,0.00604,-0.02179,-0.94638
 13:48:29.037,eb:33:2e:f9:57:b5, 2085-113-81 00:80:41:198,0.004,0.045,0.998,0.061,0.366,0.183,2.587,-0.148,-142.328,-49.9,-57.8,-25.973,29.49,0.32275,0.00604,-0.02182,-0.94617
 13:48:29.037,eb:33:2e:f9:57:b5, 2085-97-06 00:93:00:2043,0.001,0.045,0.999,0,0.488,0.244,2.587,-0.148,-142.328,-49.9,-57.8,-25.973,29.49,0.32275,0.00604,-0.02182,-0.94617
 13:48:29.037,eb:33:2e:f9:57:b5, 2085-97-05 00:94:00:2040,0.003,0.045,0.996,0.122,0.488,0.305,2.587,-0.148,-142.322,-49.9,-57.8,-25.973,29.49,0.32275,0.00604,-0.02182,-0.94617
 13:48:29.037,eb:33:2e:f9:57:b5, 2085-97-04 00:95:00:2040,0.001,0.044,0.997,0.122,0.549,0.244,2.587,-0.148,-142.322,-49.9,-57.8,-25.973,29.49,0.32275,0.00604,-0.02182,-0.94617
 13:48:29.067,eb:33:2e:f9:57:b5, 2085-97-00 00:95:00:2034,0,0.048,0.995,0,0.61,0.305,2.587,-0.148,-142.317,-49.9,-57.8,-25.973,29.49,0.32275,0.00604,-0.02182,-0.94617
 13:48:29.067,eb:33:2e:f9:57:b5, 2085-97-03 00:94:00:2037,0.002,0.046,0.994,0.061,0.488,0.183,2.587,-0.148,-142.317,-49.9,-57.8,-25.973,29.49,0.32275,0.00604,-0.02182,-0.94617
 13:48:29.067,eb:33:2e:f9:57:b5, 2085-97-02 00:95:00:2035,0,0.045,0.995,0.061,0.427,0.122,2.587,-0.148,-142.317,-49.9,-57.8,-25.973,29.49,0.32275,0.00604,-0.02182,-0.94617
 13:48:29.067,eb:33:2e:f9:57:b5, 2085-97-00 00:94:00:2034,0,0.046,0.994,0,0.366,0.061,2.587,-0.148,-142.317,-49.9,-57.8,-25.973,29.49,0.32275,0.00604,-0.02182,-0.94617
 13:48:29.127,eb:33:2e:f9:57:b5, 2085-97-00 00:90:00:2038,0.002,0.045,0.994,0,0.305,0,2.587,-0.148,-142.311,-49.9,-57.8,-25.973,29.49,0.32275,0.00604,-0.02182,-0.94617
 13:48:29.127,eb:33:2e:f9:57:b5, 2085-97-08 00:95:00:2044,0.003,0.046,0.996,0.061,0.244,0.122,2.587,-0.148,-142.311,-49.9,-57.8,-25.973,29.49,0.32275,0.00604,-0.02182,-0.94617
 13:48:29.127,eb:33:2e:f9:57:b5, 2085-97-04 00:93:00:2040,0.001,0.046,0.998,0,0.366,0.122,2.587,-0.148,-142.306,-49.9,-57.8,-25.973,29.49,0.32275,0.00604,-0.02182,-0.94617
 13:48:29.127,eb:33:2e:f9:57:b5, 2085-97-255 255:91:00:2037,0,0.045,0.996,0,0.305,0.244,2.587,-0.148,-142.306,-49.9,-57.8,-25.973,29.49,0.32275,0.00604,-0.02182,-0.94617
 13:48:29.157,eb:33:2e:f9:57:b5, 2085-97-00 00:94:00:2035,0.001,0.045,0.993,0.061,0.183,0.183,2.587,-0.148,-142.3,-49.9,-57.8,-25.973,29.49,0.32275,0.00604,-0.02182,-0.94617
 13:48:29.157,eb:33:2e:f9:57:b5, 2085-97-01 00:95:00:2037,0,0.046,0.995,0,0.061,0.183,2.587,-0.148,-142.3,-49.9,-57.8,-25.973,29.49,0.32275,0.00604,-0.02182,-0.94617
 13:48:29.157,eb:33:2e:f9:57:b5, 2085-97-01 00:96:00:2034,0,0.047,0.994,0,0,0.122,2.587,-0.148,-142.295,-49.9,-57.8,-25.973,29.49,0.32275,0.00604,-0.02182,-0.94617
 13:48:29.157,eb:33:2e:f9:57:b5, 2085-97-00 00:95:00:2036,0,0.047,0.994,0,-0.061,0.122,2.587,-0.148,-142.295,-49.9,-57.8,-25.973,29.49,0.32275,0.00604,-0.02182,-0.94617
 13:48:29.188,eb:33:2e:f9:57:b5, 2085-97-02 00:96:00:2036,0.003,0.046,0.993,0,-0.122,0.061,2.587,-0.148,-142.295,-49.9,-57.8,-25.973,29.49,0.32275,0.00604,-0.02182,-0.94617
 13:48:29.188,eb:33:2e:f9:57:b5, 2085-97-06 00:94:00:2041,0.002,0.046,0.997,0,0,0,2.593,-0.148,-142.295,-49.9,-57.8,-25.973,29.49,0.32275,0.00604,-0.02182,-0.94617
 13:48:29.188,eb:33:2e:f9:57:b5, 2085-97-02 00:95:00:2037,0,0.046,0.997,0,0,0,2.587,-0.148,-142.289,-49.9,-57.8,-25.973,29.49,0.32275,0.00604,-0.02182,-0.94617
 13:48:29.188,eb:33:2e:f9:57:b5, 2085-97-00 00:92:00:2037,0.001,0.045,0.994,-0.122,-0.061,0,2.593,-0.148,-142.289,-49.9,-57.8,-25.973,29.49,0.32275,0.00604,-0.02182,-0.94617
 13:48:29.248,eb:33:2e:f9:57:b5, 2085-97-02 00:93:00:2039,0,0.046,0.996,0,-0.061,0,2.593,-0.148,-142.284,-49.9,-57.8,-25.973,29.49,0.32275,0.00604,-0.02182,-0.94617
 13:48:29.248,eb:33:2e:f9:57:b5, 2085-97-02 00:94:00:2039,0.001,0.045,0.995,0,-0.061,-0.061,2.593,-0.148,-142.284,-49.9,-57.8,-25.973,29.49,0.32275,0.00604,-0.02182,-0.94617
 13:48:29.248,eb:33:2e:f9:57:b5, 2085-97-02 00:93:00:2038,0,0.045,0.996,0,-0.061,0,2.593,-0.148,-142.278,-49.9,-57.8,-25.973,29.49,0.32275,0.00604,-0.02182,-0.94617
 13:48:29.248,eb:33:2e:f9:57:b5, 2085-97-05 00:93:00:2041,0.002,0.046,0.995,0,-0.122,0,2.593,-0.148,-142.278,-49.9,-57.8,-25.973,29.49,0.32275,0.00604,-0.02182,-0.94617
 13:48:29.277,eb:33:2e:f9:57:b5, 2085-97-02 00:94:00:2039,0.001,0.046,0.997,-0.061,-0.122,0,2.593,-0.148,-142.273,-49.3,-56.8,-25.54,29.49,0.32275,0.00604,-0.02182,-0.94617
 13:48:29.277,eb:33:2e:f9:57:b5, 2085-97-04 00:94:00:2044,0.001,0.045,0.996,0,-0.061,0.061,2.593,-0.148,-142.273,-49.3,-56.8,-25.54,29.49,0.32275,0.00604,-0.02182,-0.94617
 13:48:29.277,eb:33:2e:f9:57:b5, 2085-97-03 00:93:00:2038,0.001,0.046,0.996,0,-0.061,0.122,2.593,-0.148,-142.273,-49.3,-56.8,-25.54,29.49,0.32275,0.00604,-0.02182,-0.94617
 13:48:29.277,eb:33:2e:f9:57:b5, 2085-97-02 00:92:00:2039,0,0.045,0.996,0,-0.122,0.061,2.593,-0.148,-142.273,-49.3,-56.8,-25.54,29.49,0.32275,0.00604,-0.02182,-0.94617
 13:48:29.309,eb:33:2e:f9:57:b5, 2085-97-01 00:94:00:2036,0.001,0.045,0.995,0,-0.122,0.061,2.593,-0.148,-142.267,-49.3,-56.8,-25.54,29.49,0.32275,0.00604,-0.02182,-0.94617
 13:48:29.309,eb:33:2e:f9:57:b5, 2085-97-02 00:95:00:2036,0.001,0.047,0.994,0,-0.183,0.061,2.593,-0.148,-142.267,-49.3,-56.8,-25.54,29.49,0.32275,0.00604,-0.02182,-0.94617
 13:48:29.309,eb:33:2e:f9:57:b5, 2085-97-02 00:95:00:2034,0.001,0.046,0.994,0,-0.244,0.061,2.593,-0.148,-142.262,-49.3,-56.8,-25.54,29.49,0.32275,0.00604,-0.02182,-0.94617
 13:48:29.309,eb:33:2e:f9:57:b5, 2085-97-01 00:96:00:2036,0.001,0.046,0.994,0,-0.244,0,2.593,-0.148,-142.262,-49.3,-56.8,-25.54,29.49,0.32275,0.00604,-0.02182,-0.94617
 13:48:29.367,eb:33:2e:f9:57:b5, 2085-97-03 00:94:00:2039,0.001,0.046,0.996,0,-0.183,0,2.593,-0.148,-142.256,-49.3,-56.8,-25.54,29.49,0.3233,0.00607,-0.02182,-0.94598
 13:48:29.367,eb:33:2e:f9:57:b5, 2085-97-00 00:96:00:2039,0.001,0.047,0.996,-0.061,-0.183,0,2.593,-0.148,-142.256,-49.3,-56.8,-25.54,29.49,0.3233,0.00607,-0.02182,-0.94598
 13:48:29.367,eb:33:2e:f9:57:b5, 2085-97-02 00:93:00:2039,0.002,0.047,0.996,-0.061,-0.244,-0.061,2.593,-0.148,-142.256,-49.3,-56.8,-25.54,29.49,0.3233,0.00607,-0.02182,-0.94598
 13:48:29.367,eb:33:2e:f9:57:b5, 2085-97-07 00:92:00:2042,0.003,0.046,0.997,0,-0.305,0,2.593,-0.148,-142.256,-49.3,-56.8,-25.54,29.49,0.3233,0.00607,-0.02182,-0.94598
 13:48:29.397,eb:33:2e:f9:57:b5, 2085-97-06 00:93:00:2041,0.001,0.045,0.998,0,-0.244,0,2.593,-0.148,-142.251,-49.3,-56.8,-25.54,29.49,0.3233,0.00607,-0.02182,-0.94598
 13:48:29.397,eb:33:2e:f9:57:b5, 2085-97-02 00:95:00:2039,0.002,0.047,0.996,0,-0.244,0,2.593,-0.148,-142.251,-49.3,-56.8,-25.54,29.49,0.3233,0.00607,-0.02182,-0.94598
 13:48:29.397,eb:33:2e:f9:57:b5, 2085-97-03 00:93:00:2039,0.002,0.046,0.995,0,-0.244,0,2.593,-0.148,-142.245,-49.3,-56.8,-25.54,29.49,0.3233,0.00607,-0.02182,-0.94598
 13:48:29.397,eb:33:2e:f9:57:b5, 2085-97-01 00:93:00:2041,0.001,0.046,0.997,0,-0.244,0,2.593,-0.148,-142.245,-49.3,-56.8,-25.54,29.49,0.3233,0.00607,-0.02182,-0.94598
 13:48:29.428,eb:33:2e:f9:57:b5, 2085-97-03 00:94:00:2042,0.002,0.046,0.997,0,-0.305,0.061,2.593,-0.148,-142.24,-49.3,-56.8,-25.54,29.49,0.3233,0.00607,-0.02182,-0.94598
 13:48:29.428,eb:33:2e:f9:57:b5, 2085-97-05 00:95:00:2041,0.002,0.046,0.997,0,-0.305,0.122,2.593,-0.148,-142.24,-49.3,-56.8,-25.54,29.49,0.3233,0.00607,-0.02182,-0.94598
 13:48:29.428,eb:33:2e:f9:57:b5, 2085-97-06 00:93:00:2040,0.003,0.046,0.996,0,-0.244,0.061,2.593,-0.148,-142.24,-49.3,-56.8,-25.54,29.49,0.3233,0.00607,-0.02182,-0.94598
 13:48:29.428,eb:33:2e:f9:57:b5, 2085-97-05 00:95:00:2040,0.003,0.046,0.996,-0.061,-0.244,0.122,2.593,-0.148,-142.24,-49.3,-56.8,-25.54,29.49,0.3233,0.00607,-0.02182,-0.94598
 13:48:29.489,eb:33:2e:f9:57:b5, 2085-97-06 00:94:00:2040,0.003,0.047,0.996,-0.061,-0.183,0,2.593,-0.148,-142.234,-49.3,-56.8,-25.54,29.49,0.3233,0.00607,-0.02182,-0.94598
 13:48:29.489,eb:33:2e:f9:57:b5, 2085-97-06 00:94:00:2042,0.002,0.046,0.996,-0.061,-0.061,0,2.593,-0.148,-142.234,-49.3,-56.8,-25.54,29.49,0.3233,0.00607,-0.02182,-0.94598
 13:48:29.489,eb:33:2e:f9:57:b5, 2085-97-04 00:95:00:2037,0.001,0.046,0.996,-0.122,-0.061,0,2.593,-0.148,-142.229,-49.3,-56.8,-25.54,29.49,0.3233,0.00607,-0.02182,-0.94598
 13:48:29.489,eb:33:2e:f9:57:b5, 2085-97-03 00:95:00:2038,0.001,0.047,0.995,-0.183,-0.122,0,2.593,-0.148,-142.229,-49.3,-56.8,-25.54,29.49,0.3233,0.00607,-0.02182,-0.94598
 13:48:29.518,eb:33:2e:f9:57:b5, 2085-97-03 00:93:00:2039,0.003,0.046,0.995,-0.122,-0.061,0,2.593,-0.148,-142.224,-49.3,-56.8,-25.54,29.49,0.3233,0.00607,-0.02182,-0.94598
 13:48:29.518,eb:33:2e:f9:57:b5, 2085-97-08 00:93:00:2040,0.002,0.046,0.996,-0.122,-0.122,0,2.593,-0.148,-142.224,-49.3,-56.8,-25.54,29.49,0.3233,0.00607,-0.02182,-0.94598
 13:48:29.518,eb:33:2e:f9:57:b5, 2085-97-04 00:91:00:2038,0.003,0.045,0.996,-0.122,-0.122,0,2.593,-0.148,-142.224,-49.3,-56.8,-25.54,29.49,0.3233,0.00607,-0.02182,-0.94598
 13:48:29.519,eb:33:2e:f9:57:b5, 2085-97-06 00:93:00:2040,0.003,0.045,0.997,-0.061,0,0.122,2.593,-0.148,-142.224,-49.3,-56.8,-25.54,29.49,0.3233,0.00607,-0.02182,-0.94598
 13:48:29.547,eb:33:2e:f9:57:b5, 2085-97-04 00:93:00:2040,0.001,0.045,0.998,0,0.061,0.061,2.593,-0.148,-142.218,-48.4,-56.9,-25.927,29.49,0.3233,0.00607,-0.02182,-0.94598
 13:48:29.547,eb:33:2e:f9:57:b5, 2085-97-02 00:93:00:2038,0.001,0.046,0.995,0,0,0,2.593,-0.148,-142.218,-48.4,-56.9,-25.927,29.49,0.3233,0.00607,-0.02182,-0.94598
 13:48:29.547,eb:33:2e:f9:57:b5, 2085-97-03 00:92:00:2038,0.001,0.044,0.995,0,0,0.061,2.593,-0.148,-142.213,-48.4,-56.9,-25.927,29.49,0.3233,0.00607,-0.02182,-0.94598
 13:48:29.547,eb:33:2e:f9:57:b5, 2085-97-00 00:94:00:2035,0,0.046,0.995,0,0,0,2.593,-0.148,-142.213,-48.4,-56.9,-25.927,29.49,0.3233,0.00607,-0.02182,-0.94598
 13:48:29.607,eb:33:2e:f9:57:b5, 2085-97-03 00:94:00:2037,0.002,0.045,0.994,0,-0.122,0.061,2.593,-0.148,-142.207,-48.4,-56.9,-25.927,29.49,0.3233,0.00607,-0.02182,-0.94598
 13:48:29.607,eb:33:2e:f9:57:b5, 2085-97-04 00:95:00:2038,0.001,0.046,0.996,0,-0.122,0,2.593,-0.148,-142.207,-48.4,-56.9,-25.927,29.49,0.3233,0.00607,-0.02182,-0.94598
 13:48:29.607,eb:33:2e:f9:57:b5, 2085-97-03 00:95:00:2038,0.002,0.047,0.996,-0.122,-0.061,0,2.593,-0.148,-142.207,-48.4,-56.9,-25.927,29.49,0.3233,0.00607,-0.02182,-0.94598
 13:48:29.607,eb:33:2e:f9:57:b5, 2085-97-06 00:96:00:2040,0.005,0.046,0.994,-0.122,-0.122,-0.061,2.593,-0.148,-142.207,-48.4,-56.9,-25.927,29.49,0.3233,0.00607,-0.02182,-0.94598
 13:48:29.638,eb:33:2e:f9:57:b5, 2085-97-04 00:91:00:2040,0,0.048,0.998,-0.122,0,-0.122,2.593,-0.148,-142.202,-48.4,-56.9,-25.927,29.49,0.32379,0.00607,-0.02185,-0.9458
 13:48:29.638,eb:33:2e:f9:57:b5, 2085-97-02 00:92:00:2038,0.004,0.044,0.995,-0.061,-0.061,0,2.593,-0.148,-142.202,-48.4,-56.9,-25.927,29.49,0.32379,0.00607,-0.02185,-0.9458
 13:48:29.638,eb:33:2e:f9:57:b5, 2085-97-08 00:94:00:2040,0.002,0.046,0.996,-0.061,-0.061,0,2.593,-0.148,-142.196,-48.4,-56.9,-25.927,29.49,0.32379,0.00607,-0.02185,-0.9458
 13:48:29.638,eb:33:2e:f9:57:b5, 2085-97-00 00:92:00:2034,0,0.046,0.996,-0.122,-0.061,0,2.593,-0.148,-142.196,-48.4,-56.9,-25.927,29.49,0.32379,0.00607,-0.02185,-0.9458
 13:48:29.727,eb:33:2e:f9:57:b5, 2085-97-04 00:93:00:2039,0.002,0.044,0.994,-0.061,-0.244,0,2.593,-0.148,-142.191,-48.4,-56.9,-25.927,29.49,0.32379,0.00607,-0.02185,-0.9458
 13:48:29.727,eb:33:2e:f9:57:b5, 2085-97-04 00:93:00:2038,0.002,0.046,0.996,-0.061,-0.244,0,2.593,-0.148,-142.191,-48.4,-56.9,-25.927,29.49,0.32379,0.00607,-0.02185,-0.9458
 13:48:29.727,eb:33:2e:f9:57:b5, 2085-97-06 00:95:00:2041,0.003,0.046,0.996,-0.061,-0.244,-0.061,2.593,-0.148,-142.191,-48.4,-56.9,-25.927,29.49,0.32379,0.00607,-0.02185,-0.9458
 13:48:29.727,eb:33:2e:f9:57:b5, 2085-97-07 00:92:00:2041,0.003,0.046,0.997,0,-0.183,0.061,2.593,-0.148,-142.191,-48.4,-56.9,-25.927,29.49,0.32379,0.00607,-0.02185,-0.9458
 13:48:29.729,eb:33:2e:f9:57:b5, 2085-97-08 00:94:00:2042,0.003,0.046,0.997,0,-0.122,0,2.593,-0.148,-142.185,-48.4,-56.9,-25.927,29.49,0.32379,0.00607,-0.02185,-0.9458
 13:48:29.729,eb:33:2e:f9:57:b5, 2085-97-05 00:96:00:2039,0.002,0.047,0.997,0,0,0,2.593,-0.148,-142.185,-48.4,-56.9,-25.927,29.49,0.32379,0.00607,-0.02185,-0.9458
 13:48:29.729,eb:33:2e:f9:57:b5, 2085-97-04 00:92:00:2036,0.002,0.046,0.994,-0.061,0,0,2.593,-0.148,-142.18,-48.4,-56.9,-25.927,29.49,0.32379,0.00607,-0.02185,-0.9458
 13:48:29.729,eb:33:2e:f9:57:b5, 2085-97-03 00:93:00:2038,0.001,0.045,0.995,0,0,0,2.593,-0.148,-142.18,-48.4,-56.9,-25.927,29.49,0.32379,0.00607,-0.02185,-0.9458
 13:48:29.758,eb:33:2e:f9:57:b5, 2085-97-02 00:93:00:2037,0.001,0.045,0.994,-0.061,-0.122,0,2.593,-0.148,-142.174,-48.4,-56.9,-25.927,29.49,0.32379,0.00607,-0.02185,-0.9458
 13:48:29.758,eb:33:2e:f9:57:b5, 2085-97-03 00:93:00:2036,0.001,0.045,0.995,0,-0.183,0,2.593,-0.148,-142.174,-48.4,-56.9,-25.927,29.49,0.32379,0.00607,-0.02185,-0.9458
 13:48:29.758,eb:33:2e:f9:57:b5, 2085-97-05 00:93:00:2040,0.002,0.046,0.996,-0.061,-0.244,0,2.593,-0.148,-142.174,-48.4,-56.9,-25.927,29.49,0.32379,0.00607,-0.02185,-0.9458
 13:48:29.758,eb:33:2e:f9:57:b5, 2085-97-06 00:92:00:2038,0.003,0.046,0.995,0,-0.244,-0.122,2.593,-0.148,-142.174,-48.4,-56.9,-25.927,29.49,0.32379,0.00607,-0.02185,-0.9458
 13:48:29.789,eb:33:2e:f9:57:b5, 2085-97-02 00:94:00:2037,0.001,0.045,0.996,-0.061,-0.183,-0.122,2.593,-0.148,-142.169,-48.4,-56.9,-25.927,29.49,0.32379,0.00607,-0.02185,-0.9458
 13:48:29.789,eb:33:2e:f9:57:b5, 2085-97-07 00:93:00:2042,0.003,0.045,0.996,0,-0.305,-0.122,2.593,-0.148,-142.169,-48.4,-56.9,-25.927,29.49,0.32379,0.00607,-0.02185,-0.9458
 13:48:29.789,eb:33:2e:f9:57:b5, 2085-97-03 00:95:00:2036,0.001,0.047,0.997,-0.061,-0.244,-0.061,2.593,-0.148,-142.163,-48.4,-56.9,-25.927,29.49,0.32379,0.00607,-0.02185,-0.9458
 13:48:29.789,eb:33:2e:f9:57:b5, 2085-97-02 00:93:00:2037,0.002,0.046,0.995,-0.122,-0.366,-0.061,2.593,-0.148,-142.163,-48.4,-56.9,-25.927,29.49,0.32379,0.00607,-0.02185,-0.9458
 13:48:29.848,eb:33:2e:f9:57:b5, 2085-97-10 00:91:00:2043,0.003,0.046,0.995,-0.183,-0.427,-0.061,2.593,-0.148,-142.158,-48.4,-56.9,-25.927,29.49,0.32379,0.00607,-0.02185,-0.9458
 13:48:29.848,eb:33:2e:f9:57:b5, 2085-113-58 00:89:227:-8355,0.004,0.044,0.997,0,-0.366,-0.061,2.593,-0.148,-142.158,-48.4,-56.9,-25.927,29.49,0.32379,0.00607,-0.02185,-0.9458
 13:48:29.848,eb:33:2e:f9:57:b5, 2085-97-07 00:93:00:2043,0.002,0.045,0.998,-0.122,-0.366,0,2.593,-0.148,-142.158,-48.4,-56.9,-25.927,29.49,0.32379,0.00607,-0.02185,-0.9458
 13:48:29.848,eb:33:2e:f9:57:b5, 2085-97-06 00:92:00:2038,0.003,0.044,0.996,-0.061,-0.305,0,2.593,-0.148,-142.158,-48.4,-56.9,-25.927,29.49,0.32379,0.00607,-0.02185,-0.9458
 13:48:29.877,eb:33:2e:f9:57:b5, 2085-97-05 00:94:00:2039,0.002,0.045,0.996,-0.061,-0.305,0,2.593,-0.148,-142.152,-48.9,-55.7,-29.1,29.49,0.32379,0.00607,-0.02185,-0.9458
 13:48:29.877,eb:33:2e:f9:57:b5, 2085-97-06 00:89:00:2041,0.003,0.043,0.996,-0.061,-0.305,0,2.593,-0.148,-142.152,-48.9,-55.7,-29.1,29.49,0.32379,0.00607,-0.02185,-0.9458
 13:48:29.877,eb:33:2e:f9:57:b5, 2085-97-08 00:93:00:2042,0.004,0.045,0.997,0,-0.244,0,2.593,-0.148,-142.147,-48.9,-55.7,-29.1,29.49,0.32379,0.00607,-0.02185,-0.9458
 13:48:29.877,eb:33:2e:f9:57:b5, 2085-97-04 00:92:00:2037,0.001,0.045,0.997,0,-0.061,0,2.593,-0.148,-142.147,-48.9,-55.7,-29.1,29.49,0.32379,0.00607,-0.02185,-0.9458
 13:48:29.907,eb:33:2e:f9:57:b5, 2085-97-06 00:95:00:2040,0.004,0.045,0.994,0,-0.183,0.061,2.593,-0.148,-142.147,-48.9,-55.7,-29.1,29.49,0.32379,0.00607,-0.02185,-0.9458
 13:48:29.907,eb:33:2e:f9:57:b5, 2085-97-07 00:94:00:2040,0.002,0.046,0.997,0,-0.061,0.061,2.593,-0.148,-142.147,-48.9,-55.7,-29.1,29.49,0.32379,0.00607,-0.02185,-0.9458
 13:48:29.907,eb:33:2e:f9:57:b5, 2085-97-04 00:94:00:2037,0.002,0.046,0.995,0,-0.122,0.061,2.593,-0.148,-142.141,-48.9,-55.7,-29.1,29.49,0.32379,0.00607,-0.02185,-0.9458
 13:48:29.907,eb:33:2e:f9:57:b5, 2085-97-04 00:94:00:2036,0.002,0.046,0.995,0,-0.183,0,2.593,-0.148,-142.141,-48.9,-55.7,-29.1,29.49,0.32379,0.00607,-0.02185,-0.9458
 13:48:29.967,eb:33:2e:f9:57:b5, 2085-97-04 00:91:00:2037,0.002,0.046,0.994,0,-0.183,0,2.593,-0.148,-142.136,-48.9,-55.7,-29.1,29.49,0.32431,0.00607,-0.02185,-0.94562
 13:48:29.967,eb:33:2e:f9:57:b5, 2085-97-07 00:90:00:2039,0.003,0.044,0.996,0,-0.305,0,2.593,-0.148,-142.136,-48.9,-55.7,-29.1,29.49,0.32431,0.00607,-0.02185,-0.94562
 13:48:29.967,eb:33:2e:f9:57:b5, 2085-97-07 00:91:00:2040,0.003,0.044,0.996,0,-0.183,0.061,2.593,-0.148,-142.13,-48.9,-55.7,-29.1,29.49,0.32431,0.00607,-0.02185,-0.94562
 13:48:29.967,eb:33:2e:f9:57:b5, 2085-97-05 00:91:00:2041,0.002,0.045,0.996,0.122,-0.244,0.061,2.593,-0.148,-142.13,-48.9,-55.7,-29.1,29.49,0.32431,0.00607,-0.02185,-0.94562
 13:48:29.997,eb:33:2e:f9:57:b5, 2085-97-08 00:93:00:2041,0.004,0.044,0.996,0.122,-0.366,0.122,2.593,-0.154,-142.13,-48.9,-55.7,-29.1,29.49,0.32431,0.00607,-0.02185,-0.94562
 13:48:29.997,eb:33:2e:f9:57:b5, 2085-97-07 00:93:00:2040,0.003,0.046,0.997,0.122,-0.183,0.122,2.593,-0.154,-142.13,-48.9,-55.7,-29.1,29.49,0.32431,0.00607,-0.02185,-0.94562
 13:48:29.997,eb:33:2e:f9:57:b5, 2085-97-10 00:92:00:2042,0.005,0.045,0.996,0.122,-0.183,0.183,2.593,-0.154,-142.125,-48.9,-55.7,-29.1,29.49,0.32431,0.00607,-0.02185,-0.94562
 13:48:29.997,eb:33:2e:f9:57:b5, 2085-97-13 00:99:00:2042,0.003,0.046,0.997,0.122,-0.061,0.183,2.593,-0.154,-142.125,-48.9,-55.7,-29.1,29.49,0.32431,0.00607,-0.02185,-0.94562
 13:48:30.027,eb:33:2e:f9:57:b5, 2085-97-06 00:95:00:2035,0.001,0.046,0.995,0.061,0,0.122,2.593,-0.154,-142.119,-48.9,-55.7,-29.1,29.49,0.32431,0.00607,-0.02185,-0.94562
 13:48:30.027,eb:33:2e:f9:57:b5, 2085-97-01 00:93:00:2034,0.003,0.046,0.993,0.061,0,0.061,2.593,-0.154,-142.119,-48.9,-55.7,-29.1,29.49,0.32431,0.00607,-0.02185,-0.94562
 13:48:30.027,eb:33:2e:f9:57:b5, 2085-97-09 00:94:00:2038,0.002,0.046,0.996,0,-0.122,0,2.593,-0.154,-142.119,-48.9,-55.7,-29.1,29.49,0.32431,0.00607,-0.02185,-0.94562
 13:48:30.027,eb:33:2e:f9:57:b5, 2085-97-03 00:94:00:2038,0.002,0.046,0.995,0,-0.061,0,2.593,-0.154,-142.119,-48.9,-55.7,-29.1,29.49,0.32431,0.00607,-0.02185,-0.94562
 13:48:30.087,eb:33:2e:f9:57:b5, 2085-97-07 00:91:00:2041,0.004,0.045,0.995,0,-0.122,0,2.593,-0.154,-142.114,-48.9,-55.7,-29.1,29.49,0.32431,0.00607,-0.02185,-0.94562
 13:48:30.087,eb:33:2e:f9:57:b5, 2085-97-07 00:94:00:2040,0.002,0.045,0.997,0.061,-0.122,0.061,2.593,-0.154,-142.114,-48.9,-55.7,-29.1,29.49,0.32431,0.00607,-0.02185,-0.94562
 13:48:30.088,eb:33:2e:f9:57:b5, 2085-97-04 00:91:00:2039,0.002,0.044,0.995,0.122,-0.122,0.122,2.593,-0.154,-142.108,-48.9,-55.7,-29.1,29.49,0.32431,0.00607,-0.02185,-0.94562
 13:48:30.088,eb:33:2e:f9:57:b5, 2085-97-05 00:93:00:2037,0.003,0.045,0.995,0.122,-0.122,0.122,2.593,-0.154,-142.108,-48.9,-55.7,-29.1,29.49,0.32431,0.00607,-0.02185,-0.94562
 13:48:30.117,eb:33:2e:f9:57:b5, 2085-97-06 00:94:00:2037,0.002,0.045,0.996,0.122,-0.122,0.122,2.593,-0.154,-142.108,-48.9,-55.7,-29.1,29.49,0.32431,0.00607,-0.02185,-0.94562
 13:48:30.117,eb:33:2e:f9:57:b5, 2085-97-04 00:93:00:2036,0.003,0.046,0.994,0.122,-0.183,0.122,2.593,-0.154,-142.108,-48.9,-55.7,-29.1,29.49,0.32431,0.00607,-0.02185,-0.94562
 13:48:30.117,eb:33:2e:f9:57:b5, 2085-97-08 00:92:00:2038,0.004,0.046,0.995,0.061,-0.244,0.061,2.593,-0.154,-142.103,-48.9,-55.7,-29.1,29.49,0.32431,0.00607,-0.02185,-0.94562
 13:48:30.117,eb:33:2e:f9:57:b5, 2085-97-11 00:94:00:2040,0.005,0.045,0.996,0.061,-0.183,0.122,2.593,-0.154,-142.103,-48.9,-55.7,-29.1,29.49,0.32431,0.00607,-0.02185,-0.94562
 13:48:30.148,eb:33:2e:f9:57:b5, 2085-97-07 00:92:00:2038,0.005,0.045,0.995,0,0,0.061,2.593,-0.154,-142.097,-47.8,-57.4,-23.34,29.49,0.32431,0.00607,-0.02185,-0.94562
 13:48:30.148,eb:33:2e:f9:57:b5, 2085-97-08 00:93:00:2039,0.003,0.045,0.996,0.061,0,0.122,2.593,-0.154,-142.097,-47.8,-57.4,-23.34,29.49,0.32431,0.00607,-0.02185,-0.94562
 13:48:30.148,eb:33:2e:f9:57:b5, 2085-97-08 00:94:00:2043,0.004,0.045,0.996,0.061,0,0.122,2.593,-0.154,-142.092,-47.8,-57.4,-23.34,29.49,0.32431,0.00607,-0.02185,-0.94562
 13:48:30.148,eb:33:2e:f9:57:b5, 2085-97-06 00:95:00:2041,0.003,0.047,0.997,0,0.061,0.122,2.593,-0.154,-142.092,-47.8,-57.4,-23.34,29.49,0.32431,0.00607,-0.02185,-0.94562
 13:48:30.237,eb:33:2e:f9:57:b5, 2085-97-07 00:94:00:2039,0.003,0.045,0.996,0,0.061,0.122,2.593,-0.154,-142.092,-47.8,-57.4,-23.34,29.49,0.32431,0.00607,-0.02185,-0.94562
 13:48:30.237,eb:33:2e:f9:57:b5, 2085-97-06 00:95:00:2040,0.003,0.046,0.995,0.061,0.061,0.122,2.593,-0.154,-142.092,-47.8,-57.4,-23.34,29.49,0.32431,0.00607,-0.02185,-0.94562
 13:48:30.237,eb:33:2e:f9:57:b5, 2085-97-07 00:93:00:2041,0.004,0.046,0.997,0.061,0.122,0.183,2.593,-0.154,-142.086,-47.8,-57.4,-23.34,29.49,0.32431,0.00607,-0.02185,-0.94562
 13:48:30.237,eb:33:2e:f9:57:b5, 2085-97-06 00:95:00:2040,0.003,0.045,0.997,0,0.244,0.244,2.593,-0.154,-142.086,-47.8,-57.4,-23.34,29.49,0.32431,0.00607,-0.02185,-0.94562
 13:48:30.269,eb:33:2e:f9:57:b5, 2085-97-05 00:94:00:2036,0.003,0.046,0.995,0,0.183,0.244,2.593,-0.154,-142.081,-47.8,-57.4,-23.34,29.49,0.32471,0.00604,-0.02185,-0.9455
 13:48:30.269,eb:33:2e:f9:57:b5, 2085-97-08 00:94:00:2040,0.004,0.045,0.996,0.061,0.122,0.183,2.593,-0.159,-142.081,-47.8,-57.4,-23.34,29.49,0.32471,0.00604,-0.02185,-0.9455
 13:48:30.269,eb:33:2e:f9:57:b5, 2085-97-08 00:93:00:2039,0.004,0.046,0.996,0.122,0.244,0.122,2.593,-0.159,-142.081,-47.8,-57.4,-23.34,29.49,0.32471,0.00604,-0.02185,-0.9455
 13:48:30.269,eb:33:2e:f9:57:b5, 2085-97-05 00:95:00:2035,0.002,0.046,0.996,0.061,0.244,0.183,2.593,-0.159,-142.081,-47.8,-57.4,-23.34,29.49,0.32471,0.00604,-0.02185,-0.9455
 13:48:30.271,eb:33:2e:f9:57:b5, 2085-97-06 00:95:00:2039,0.004,0.047,0.994,0.061,0.244,0.122,2.593,-0.159,-142.075,-47.8,-57.4,-23.34,29.49,0.32471,0.00604,-0.02185,-0.9455
 13:48:30.271,eb:33:2e:f9:57:b5, 2085-97-07 00:94:00:2040,0.003,0.046,0.997,0,0.244,0.122,2.593,-0.159,-142.075,-47.8,-57.4,-23.34,29.49,0.32471,0.00604,-0.02185,-0.9455
 13:48:30.271,eb:33:2e:f9:57:b5, 2085-97-04 00:92:00:2038,0.002,0.045,0.996,0,0.244,0.122,2.593,-0.159,-142.07,-47.8,-57.4,-23.34,29.49,0.32471,0.00604,-0.02185,-0.9455
 13:48:30.271,eb:33:2e:f9:57:b5, 2085-97-09 00:92:00:2042,0.004,0.044,0.996,0.122,0.183,0.061,2.593,-0.159,-142.07,-47.8,-57.4,-23.34,29.49,0.32471,0.00604,-0.02185,-0.9455
 13:48:30.327,eb:33:2e:f9:57:b5, 2085-97-07 00:93:00:2043,0.002,0.045,0.999,0.122,0.305,0.183,2.593,-0.159,-142.07,-47.8,-57.4,-23.34,29.49,0.32471,0.00604,-0.02185,-0.9455
 13:48:30.327,eb:33:2e:f9:57:b5, 2085-97-03 00:90:00:2041,0.002,0.044,0.996,0.122,0.427,0.183,2.593,-0.159,-142.07,-47.8,-57.4,-23.34,29.49,0.32471,0.00604,-0.02185,-0.9455
 13:48:30.327,eb:33:2e:f9:57:b5, 2085-97-09 00:94:00:2043,0.004,0.045,0.996,0.244,0.366,0.244,2.593,-0.159,-142.064,-47.8,-57.4,-23.34,29.49,0.32471,0.00604,-0.02185,-0.9455
 13:48:30.327,eb:33:2e:f9:57:b5, 2085-97-07 00:95:00:2042,0.004,0.046,0.998,0.244,0.366,0.305,2.593,-0.159,-142.064,-47.8,-57.4,-23.34,29.49,0.32471,0.00604,-0.02185,-0.9455
 13:48:30.358,eb:33:2e:f9:57:b5, 2085-97-08 00:93:00:2041,0.004,0.046,0.997,0.244,0.488,0.305,2.593,-0.159,-142.059,-47.8,-57.4,-23.34,29.49,0.32471,0.00604,-0.02185,-0.9455
 13:48:30.358,eb:33:2e:f9:57:b5, 2085-97-05 00:95:00:2040,0.002,0.046,0.997,0.244,0.549,0.366,2.593,-0.159,-142.059,-47.8,-57.4,-23.34,29.49,0.32471,0.00604,-0.02185,-0.9455
 13:48:30.358,eb:33:2e:f9:57:b5, 2085-97-05 00:94:00:2039,0.003,0.046,0.995,0.244,0.549,0.366,2.593,-0.159,-142.059,-47.8,-57.4,-23.34,29.49,0.32471,0.00604,-0.02185,-0.9455
 13:48:30.358,eb:33:2e:f9:57:b5, 2085-97-03 00:97:00:2037,-0.001,0.047,0.996,0.183,0.61,0.366,2.593,-0.159,-142.059,-47.8,-57.4,-23.34,29.49,0.32471,0.00604,-0.02185,-0.9455
 13:48:30.417,eb:33:2e:f9:57:b5, 2085-97-01 00:95:00:2033,0.001,0.046,0.992,0.183,0.488,0.305,2.593,-0.159,-142.053,-47.8,-57.4,-23.34,29.49,0.32471,0.00604,-0.02185,-0.9455
 13:48:30.417,eb:33:2e:f9:57:b5, 2085-97-03 00:97:00:2037,0.001,0.046,0.994,0.122,0.366,0.305,2.593,-0.159,-142.053,-47.8,-57.4,-23.34,29.49,0.32471,0.00604,-0.02185,-0.9455
 13:48:30.417,eb:33:2e:f9:57:b5, 2085-97-02 00:97:00:2037,0.002,0.047,0.995,0.061,0.305,0.183,2.593,-0.159,-142.048,-47.8,-57.4,-23.34,29.49,0.32471,0.00604,-0.02185,-0.9455
 13:48:30.417,eb:33:2e:f9:57:b5, 2085-97-04 00:96:00:2039,0.002,0.047,0.995,0.061,0.305,0.183,2.593,-0.159,-142.048,-47.8,-57.4,-23.34,29.49,0.32471,0.00604,-0.02185,-0.9455
 13:48:30.447,eb:33:2e:f9:57:b5, 2085-97-02 00:96:00:2039,0.002,0.047,0.996,0,0.305,0.122,2.593,-0.159,-142.048,-47.8,-57.4,-23.34,29.49,0.32471,0.00604,-0.02185,-0.9455
 13:48:30.447,eb:33:2e:f9:57:b5, 2085-97-06 00:95:00:2041,0.002,0.046,0.997,0,0.305,0.183,2.598,-0.159,-142.048,-47.8,-57.4,-23.34,29.49,0.32471,0.00604,-0.02185,-0.9455
 13:48:30.447,eb:33:2e:f9:57:b5, 2085-97-01 00:95:00:2040,0.001,0.046,0.997,0,0.366,0.183,2.593,-0.159,-142.042,-47.8,-57.4,-23.34,29.49,0.32471,0.00604,-0.02185,-0.9455
 13:48:30.447,eb:33:2e:f9:57:b5, 2085-97-04 00:92:00:2041,0.002,0.046,0.996,0.061,0.366,0.183,2.598,-0.159,-142.042,-47.8,-57.4,-23.34,29.49,0.32471,0.00604,-0.02185,-0.9455
 13:48:30.447,eb:33:2e:f9:57:b5, 2085-113-58 00:44:227:-8400,0.003,0.044,0.997,0.122,0.427,0.244,2.598,-0.159,-142.037,-47.8,-57.4,-23.34,29.49,0.32471,0.00604,-0.02185,-0.9455
 13:48:30.477,eb:33:2e:f9:57:b5, 2085-97-02 00:92:00:2039,0,0.044,0.997,0.122,0.488,0.305,2.598,-0.159,-142.037,-49.2,-56,-20.913,29.49,0.32471,0.00604,-0.02185,-0.9455
 13:48:30.477,eb:33:2e:f9:57:b5, 2085-97-02 00:93:00:2039,0.002,0.045,0.996,0.244,0.305,0.366,2.598,-0.159,-142.037,-49.2,-56,-20.913,29.49,0.32471,0.00604,-0.02185,-0.9455
 13:48:30.477,eb:33:2e:f9:57:b5, 2085-97-03 00:95:00:2040,0,0.047,0.997,0.305,0.305,0.488,2.598,-0.159,-142.037,-49.2,-56,-20.913,29.49,0.32471,0.00604,-0.02185,-0.9455
 13:48:30.478,eb:33:2e:f9:57:b5, 2085-97-00 00:96:00:2035,0,0.046,0.994,0.244,0.366,0.488,2.598,-0.159,-142.037,-49.2,-56,-20.913,29.49,0.32471,0.00604,-0.02185,-0.9455
 13:48:30.538,eb:33:2e:f9:57:b5, 2085-97-02 00:96:00:2037,0.002,0.047,0.994,0.244,0.244,0.366,2.598,-0.159,-142.031,-49.2,-56,-20.913,29.49,0.32471,0.00604,-0.02185,-0.9455
 13:48:30.538,eb:33:2e:f9:57:b5, 2085-97-05 00:99:00:2039,0.002,0.048,0.995,0.183,0.244,0.244,2.598,-0.159,-142.031,-49.2,-56,-20.913,29.49,0.32471,0.00604,-0.02185,-0.9455
 13:48:30.538,eb:33:2e:f9:57:b5, 2085-97-02 00:94:00:2037,0.001,0.047,0.996,0.183,0.305,0.183,2.598,-0.159,-142.026,-49.2,-56,-20.913,29.49,0.32471,0.00604,-0.02185,-0.9455
 13:48:30.538,eb:33:2e:f9:57:b5, 2085-97-07 00:97:00:2040,0.001,0.045,0.996,0.183,0.244,0.244,2.598,-0.159,-142.026,-49.2,-56,-20.913,29.49,0.32471,0.00604,-0.02185,-0.9455
 13:48:30.567,eb:33:2e:f9:57:b5, 2085-97-03 00:94:00:2040,0.003,0.045,0.996,0.183,0.244,0.244,2.598,-0.159,-142.026,-49.2,-56,-20.913,29.49,0.32526,0.00601,-0.02188,-0.94531
 13:48:30.567,eb:33:2e:f9:57:b5, 2085-97-04 00:99:00:2041,0,0.048,0.997,0.122,0.305,0.305,2.598,-0.159,-142.026,-49.2,-56,-20.913,29.49,0.32526,0.00601,-0.02188,-0.94531
 13:48:30.567,eb:33:2e:f9:57:b5, 2085-97-252 255:98:00:2031,-0.001,0.048,0.995,0,0.427,0.244,2.598,-0.159,-142.02,-49.2,-56,-20.913,29.49,0.32526,0.00601,-0.02188,-0.94531
 13:48:30.567,eb:33:2e:f9:57:b5, 2085-97-250 255:97:00:2028,-0.001,0.047,0.99,0,0.183,0.183,2.598,-0.159,-142.02,-49.2,-56,-20.913,29.49,0.32526,0.00601,-0.02188,-0.94531
 13:48:30.598,eb:33:2e:f9:57:b5, 2085-97-254 255:96:00:2032,-0.001,0.046,0.992,0,0,0,2.598,-0.159,-142.015,-49.2,-56,-20.913,29.49,0.32526,0.00601,-0.02188,-0.94531
 13:48:30.598,eb:33:2e:f9:57:b5, 2085-97-254 255:98:00:2035,0,0.047,0.993,-0.122,-0.061,0,2.598,-0.159,-142.015,-49.2,-56,-20.913,29.49,0.32526,0.00601,-0.02188,-0.94531
 13:48:30.598,eb:33:2e:f9:57:b5, 2085-97-01 00:96:00:2037,0.001,0.046,0.994,-0.183,-0.183,-0.061,2.598,-0.159,-142.015,-49.2,-56,-20.913,29.49,0.32526,0.00601,-0.02188,-0.94531
 13:48:30.598,eb:33:2e:f9:57:b5, 2085-97-02 00:94:00:2040,0.001,0.046,0.996,-0.183,-0.183,0,2.598,-0.159,-142.015,-49.2,-56,-20.913,29.49,0.32526,0.00601,-0.02188,-0.94531
 13:48:30.658,eb:33:2e:f9:57:b5, 2085-97-04 00:95:00:2043,0.002,0.045,0.996,-0.122,-0.183,0.061,2.598,-0.159,-142.009,-49.2,-56,-20.913,29.49,0.32526,0.00601,-0.02188,-0.94531
 13:48:30.658,eb:33:2e:f9:57:b5, 2085-97-03 00:97:00:2042,0,0.047,0.998,-0.061,-0.061,0.061,2.598,-0.159,-142.009,-49.2,-56,-20.913,29.49,0.32526,0.00601,-0.02188,-0.94531
 13:48:30.659,eb:33:2e:f9:57:b5, 2085-97-01 00:95:00:2038,0,0.046,0.996,-0.061,0,0.122,2.598,-0.159,-142.004,-49.2,-56,-20.913,29.49,0.32526,0.00601,-0.02188,-0.94531
 13:48:30.659,eb:33:2e:f9:57:b5, 2085-97-01 00:96:00:2038,0,0.047,0.995,0,-0.061,0.061,2.598,-0.154,-142.004,-49.2,-56,-20.913,29.49,0.32526,0.00601,-0.02188,-0.94531
 13:48:30.687,eb:33:2e:f9:57:b5, 2085-97-00 00:96:00:2036,0,0.046,0.995,-0.061,-0.061,0,2.598,-0.154,-142.004,-49.2,-56,-20.913,29.49,0.32526,0.00601,-0.02188,-0.94531
 13:48:30.687,eb:33:2e:f9:57:b5, 2085-97-02 00:98:00:2036,0.001,0.048,0.994,-0.122,-0.122,0,2.598,-0.154,-142.004,-49.2,-56,-20.913,29.49,0.32526,0.00601,-0.02188,-0.94531
 13:48:30.687,eb:33:2e:f9:57:b5, 2085-97-02 00:94:00:2038,0.001,0.048,0.995,-0.183,-0.061,0,2.598,-0.154,-141.998,-49.2,-56,-20.913,29.49,0.32526,0.00601,-0.02188,-0.94531
 13:48:30.687,eb:33:2e:f9:57:b5, 2085-97-03 00:95:00:2041,0.003,0.046,0.996,-0.183,-0.122,-0.061,2.598,-0.154,-141.998,-49.2,-56,-20.913,29.49,0.32526,0.00601,-0.02188,-0.94531
 13:48:30.719,eb:33:2e:f9:57:b5, 2085-97-05 00:94:00:2041,0.001,0.046,0.997,-0.061,0,0,2.598,-0.154,-141.993,-49.2,-56,-20.913,29.49,0.32526,0.00601,-0.02188,-0.94531
 13:48:30.719,eb:33:2e:f9:57:b5, 2085-97-02 00:95:00:2041,0.001,0.045,0.997,-0.122,0,0,2.598,-0.154,-141.993,-49.2,-56,-20.913,29.49,0.32526,0.00601,-0.02188,-0.94531
 13:48:30.719,eb:33:2e:f9:57:b5, 2085-97-01 00:95:00:2038,0,0.047,0.997,-0.122,0,0,2.598,-0.154,-141.993,-49.2,-56,-20.913,29.49,0.32526,0.00601,-0.02188,-0.94531
 13:48:30.719,eb:33:2e:f9:57:b5, 2085-97-00 00:95:00:2038,0,0.045,0.994,-0.061,0,0,2.598,-0.154,-141.993,-49.2,-56,-20.913,29.49,0.32526,0.00601,-0.02188,-0.94531
 13:48:30.777,eb:33:2e:f9:57:b5, 2085-97-03 00:93:00:2040,0.001,0.045,0.997,0,0,0,2.598,-0.154,-141.987,-49.2,-56,-20.913,29.49,0.32526,0.00601,-0.02188,-0.94531
 13:48:30.777,eb:33:2e:f9:57:b5, 2085-97-02 00:95:00:2040,0,0.046,0.996,0,0,0,2.604,-0.154,-141.987,-49.2,-56,-20.913,29.49,0.32526,0.00601,-0.02188,-0.94531
 13:48:30.777,eb:33:2e:f9:57:b5, 2085-97-00 00:97:00:2037,0,0.045,0.996,0,-0.061,0.061,2.604,-0.154,-141.982,-49.2,-56,-20.913,29.49,0.32526,0.00601,-0.02188,-0.94531
 13:48:30.777,eb:33:2e:f9:57:b5, 2085-97-255 255:97:00:2034,0,0.047,0.993,0,-0.122,0,2.604,-0.154,-141.982,-49.2,-56,-20.913,29.49,0.32526,0.00601,-0.02188,-0.94531
 13:48:30.807,eb:33:2e:f9:57:b5, 2085-97-00 00:97:00:2036,0.001,0.046,0.995,-0.061,-0.183,0,2.604,-0.154,-141.982,-49.4,-56.5,-22.727,29.49,0.32526,0.00601,-0.02188,-0.94531
 13:48:30.807,eb:33:2e:f9:57:b5, 2085-97-03 00:98:00:2037,0.001,0.048,0.995,-0.061,-0.244,0,2.604,-0.154,-141.982,-49.4,-56.5,-22.727,29.49,0.32526,0.00601,-0.02188,-0.94531
 13:48:30.807,eb:33:2e:f9:57:b5, 2085-97-02 00:94:00:2039,0.001,0.046,0.996,-0.122,-0.244,-0.061,2.604,-0.154,-141.976,-49.4,-56.5,-22.727,29.49,0.32526,0.00601,-0.02188,-0.94531
 13:48:30.807,eb:33:2e:f9:57:b5, 2085-97-05 00:94:00:2041,0.002,0.045,0.996,-0.061,-0.183,0,2.604,-0.154,-141.976,-49.4,-56.5,-22.727,29.49,0.32526,0.00601,-0.02188,-0.94531
 13:48:30.838,eb:33:2e:f9:57:b5, 2085-97-07 00:96:00:2044,0.002,0.047,0.997,-0.061,-0.183,0,2.604,-0.154,-141.971,-49.4,-56.5,-22.727,29.49,0.32526,0.00601,-0.02188,-0.94531
 13:48:30.838,eb:33:2e:f9:57:b5, 2085-97-03 00:93:00:2041,0,0.046,0.997,0,-0.061,0,2.604,-0.154,-141.971,-49.4,-56.5,-22.727,29.49,0.32526,0.00601,-0.02188,-0.94531
 13:48:30.838,eb:33:2e:f9:57:b5, 2085-97-00 00:96:00:2038,0,0.045,0.996,0,-0.122,0,2.604,-0.154,-141.971,-49.4,-56.5,-22.727,29.49,0.32526,0.00601,-0.02188,-0.94531
 13:48:30.838,eb:33:2e:f9:57:b5, 2085-97-255 255:95:00:2035,0,0.046,0.994,0,-0.183,0.061,2.604,-0.154,-141.971,-49.4,-56.5,-22.727,29.49,0.32526,0.00601,-0.02188,-0.94531
 13:48:30.898,eb:33:2e:f9:57:b5, 2085-97-00 00:95:00:2035,0,0.046,0.993,0,-0.244,0,2.604,-0.154,-141.965,-49.4,-56.5,-22.727,29.49,0.32571,0.0061,-0.02191,-0.94513
 13:48:30.898,eb:33:2e:f9:57:b5, 2085-97-00 00:94:00:2035,0,0.046,0.994,-0.061,-0.305,0,2.604,-0.154,-141.965,-49.4,-56.5,-22.727,29.49,0.32571,0.0061,-0.02191,-0.94513
 13:48:30.898,eb:33:2e:f9:57:b5, 2085-97-04 00:97:00:2037,0.001,0.046,0.994,-0.061,-0.366,-0.061,2.604,-0.154,-141.96,-49.4,-56.5,-22.727,29.49,0.32571,0.0061,-0.02191,-0.94513
 13:48:30.898,eb:33:2e:f9:57:b5, 2085-97-07 00:94:00:2043,0.003,0.045,0.996,-0.061,-0.427,-0.061,2.604,-0.154,-141.96,-49.4,-56.5,-22.727,29.49,0.32571,0.0061,-0.02191,-0.94513
 13:48:30.957,eb:33:2e:f9:57:b5, 2085-97-05 00:96:00:2041,0.003,0.046,0.997,-0.122,-0.366,0,2.604,-0.154,-141.96,-49.4,-56.5,-22.727,29.49,0.32571,0.0061,-0.02191,-0.94513
 13:48:30.957,eb:33:2e:f9:57:b5, 2085-97-06 00:92:00:2041,0.002,0.047,0.997,-0.122,-0.122,0,2.604,-0.154,-141.96,-49.4,-56.5,-22.727,29.49,0.32571,0.0061,-0.02191,-0.94513
 13:48:30.957,eb:33:2e:f9:57:b5, 2085-97-00 00:95:00:2035,0,0.046,0.996,-0.061,-0.122,-0.061,2.604,-0.154,-141.954,-49.4,-56.5,-22.727,29.49,0.32571,0.0061,-0.02191,-0.94513
 13:48:30.957,eb:33:2e:f9:57:b5, 2085-97-02 00:94:00:2037,0.001,0.046,0.994,-0.061,-0.244,0,2.604,-0.154,-141.954,-49.4,-56.5,-22.727,29.49,0.32571,0.0061,-0.02191,-0.94513
 13:48:30.960,eb:33:2e:f9:57:b5, 2085-97-01 00:95:00:2038,0,0.046,0.995,-0.061,-0.183,0,2.604,-0.154,-141.949,-49.4,-56.5,-22.727,29.49,0.32571,0.0061,-0.02191,-0.94513
 13:48:30.960,eb:33:2e:f9:57:b5, 2085-97-03 00:93:00:2040,0.001,0.045,0.995,0,-0.244,-0.061,2.604,-0.154,-141.949,-49.4,-56.5,-22.727,29.49,0.32571,0.0061,-0.02191,-0.94513
 13:48:30.960,eb:33:2e:f9:57:b5, 2085-97-02 00:93:00:2038,0.002,0.046,0.996,-0.061,-0.244,0,2.604,-0.154,-141.949,-49.4,-56.5,-22.727,29.49,0.32571,0.0061,-0.02191,-0.94513
 13:48:30.960,eb:33:2e:f9:57:b5, 2085-97-05 00:94:00:2039,0.002,0.046,0.996,-0.061,-0.244,0,2.604,-0.148,-141.949,-49.4,-56.5,-22.727,29.49,0.32571,0.0061,-0.02191,-0.94513
 13:48:31.017,eb:33:2e:f9:57:b5, 2085-97-06 00:95:00:2040,0.002,0.046,0.996,-0.061,-0.244,0,2.604,-0.148,-141.943,-49.4,-56.5,-22.727,29.49,0.32571,0.0061,-0.02191,-0.94513
 13:48:31.017,eb:33:2e:f9:57:b5, 2085-97-03 00:94:00:2040,0.002,0.046,0.996,-0.061,-0.183,0,2.604,-0.148,-141.943,-49.4,-56.5,-22.727,29.49,0.32571,0.0061,-0.02191,-0.94513
 13:48:31.017,eb:33:2e:f9:57:b5, 2085-97-02 00:96:00:2040,0,0.047,0.996,0,-0.183,0,2.604,-0.148,-141.938,-49.4,-56.5,-22.727,29.49,0.32571,0.0061,-0.02191,-0.94513
 13:48:31.017,eb:33:2e:f9:57:b5, 2085-97-04 00:94:00:2038,0.001,0.046,0.995,0,-0.244,0,2.604,-0.148,-141.938,-49.4,-56.5,-22.727,29.49,0.32571,0.0061,-0.02191,-0.94513
 13:48:31.049,eb:33:2e:f9:57:b5, 2085-97-03 00:93:00:2042,0.001,0.046,0.995,-0.061,-0.061,-0.122,2.604,-0.148,-141.938,-49.4,-56.5,-22.727,29.49,0.32571,0.0061,-0.02191,-0.94513
 13:48:31.049,eb:33:2e:f9:57:b5, 2085-97-02 00:97:00:2037,0,0.048,0.996,-0.122,-0.183,-0.061,2.604,-0.148,-141.938,-49.4,-56.5,-22.727,29.49,0.32571,0.0061,-0.02191,-0.94513
 13:48:31.049,eb:33:2e:f9:57:b5, 2085-97-00 00:94:00:2040,0.001,0.045,0.994,-0.061,-0.244,-0.122,2.604,-0.148,-141.932,-49.4,-56.5,-22.727,29.49,0.32571,0.0061,-0.02191,-0.94513
 13:48:31.049,eb:33:2e:f9:57:b5, 2085-97-03 00:92:00:2040,0.002,0.046,0.996,-0.061,-0.244,-0.061,2.604,-0.148,-141.932,-49.4,-56.5,-22.727,29.49,0.32571,0.0061,-0.02191,-0.94513
 13:48:31.077,eb:33:2e:f9:57:b5, 2085-97-05 00:94:00:2039,0.001,0.045,0.997,0,-0.183,-0.061,2.604,-0.148,-141.927,-48.7,-56.1,-22.707,29.49,0.32571,0.0061,-0.02191,-0.94513
 13:48:31.077,eb:33:2e:f9:57:b5, 2085-97-02 00:95:00:2038,0.001,0.046,0.996,0,-0.183,-0.061,2.604,-0.148,-141.927,-48.7,-56.1,-22.707,29.49,0.32571,0.0061,-0.02191,-0.94513
 13:48:31.077,eb:33:2e:f9:57:b5, 2085-97-04 00:93:00:2039,0.002,0.047,0.996,-0.061,-0.122,-0.061,2.604,-0.148,-141.927,-48.7,-56.1,-22.707,29.49,0.32571,0.0061,-0.02191,-0.94513
 13:48:31.077,eb:33:2e:f9:57:b5, 2085-97-04 00:96:00:2041,0.001,0.046,0.997,-0.061,-0.183,-0.061,2.604,-0.148,-141.927,-48.7,-56.1,-22.707,29.49,0.32571,0.0061,-0.02191,-0.94513
 13:48:31.167,eb:33:2e:f9:57:b5, 2085-97-01 00:94:00:2037,0.001,0.046,0.996,-0.061,-0.183,-0.122,2.604,-0.148,-141.921,-48.7,-56.1,-22.707,29.49,0.32571,0.0061,-0.02191,-0.94513
 13:48:31.167,eb:33:2e:f9:57:b5, 2085-113-81 00:190:41:201,0.001,0.046,0.996,-0.061,-0.244,-0.061,2.604,-0.148,-141.921,-48.7,-56.1,-22.707,29.49,0.32571,0.0061,-0.02191,-0.94513
 13:48:31.167,eb:33:2e:f9:57:b5, 2085-97-03 00:93:00:2041,0.003,0.045,0.996,-0.122,-0.244,-0.061,2.604,-0.148,-141.921,-48.7,-56.1,-22.707,29.49,0.32571,0.0061,-0.02191,-0.94513
 13:48:31.167,eb:33:2e:f9:57:b5, 2085-97-04 00:95:00:2040,0.002,0.047,0.997,-0.122,-0.244,-0.061,2.604,-0.148,-141.921,-48.7,-56.1,-22.707,29.49,0.32571,0.0061,-0.02191,-0.94513
 13:48:31.169,eb:33:2e:f9:57:b5, 2085-97-05 00:94:00:2041,0.002,0.046,0.996,-0.183,-0.305,-0.061,2.604,-0.148,-141.916,-48.7,-56.1,-22.707,29.49,0.32611,0.00613,-0.02194,-0.94501
 13:48:31.169,eb:33:2e:f9:57:b5, 2085-97-02 00:93:00:2039,0.002,0.046,0.997,-0.183,-0.122,0,2.604,-0.148,-141.916,-48.7,-56.1,-22.707,29.49,0.32611,0.00613,-0.02194,-0.94501
 13:48:31.169,eb:33:2e:f9:57:b5, 2085-97-06 00:94:00:2039,0.002,0.046,0.995,-0.122,-0.122,0,2.604,-0.148,-141.91,-48.7,-56.1,-22.707,29.49,0.32611,0.00613,-0.02194,-0.94501
 13:48:31.169,eb:33:2e:f9:57:b5, 2085-97-05 00:95:00:2038,0.002,0.046,0.996,-0.061,-0.122,-0.061,2.604,-0.148,-141.91,-48.7,-56.1,-22.707,29.49,0.32611,0.00613,-0.02194,-0.94501
 13:48:31.198,eb:33:2e:f9:57:b5, 2085-97-03 00:92:00:2039,0.001,0.045,0.995,-0.061,-0.122,-0.183,2.604,-0.148,-141.91,-48.7,-56.1,-22.707,29.49,0.32611,0.00613,-0.02194,-0.94501
 13:48:31.198,eb:33:2e:f9:57:b5, 2085-97-03 00:91:00:2039,0.002,0.044,0.996,0,-0.122,-0.122,2.604,-0.148,-141.91,-48.7,-56.1,-22.707,29.49,0.32611,0.00613,-0.02194,-0.94501
 13:48:31.198,eb:33:2e:f9:57:b5, 2085-97-05 00:91:00:2041,0.003,0.044,0.996,0,-0.122,-0.061,2.604,-0.148,-141.905,-48.7,-56.1,-22.707,29.49,0.32611,0.00613,-0.02194,-0.94501
 13:48:31.198,eb:33:2e:f9:57:b5, 2085-97-04 00:94:00:2041,0.002,0.045,0.997,0,-0.061,0,2.604,-0.148,-141.905,-48.7,-56.1,-22.707,29.49,0.32611,0.00613,-0.02194,-0.94501
 13:48:31.259,eb:33:2e:f9:57:b5, 2085-97-01 00:91:00:2036,0.002,0.046,0.995,0,0,0.061,2.604,-0.148,-141.899,-48.7,-56.1,-22.707,29.49,0.32611,0.00613,-0.02194,-0.94501
 13:48:31.259,eb:33:2e:f9:57:b5, 2085-97-08 00:96:00:2041,0.004,0.045,0.996,0,-0.122,0.061,2.604,-0.148,-141.899,-48.7,-56.1,-22.707,29.49,0.32611,0.00613,-0.02194,-0.94501
 13:48:31.259,eb:33:2e:f9:57:b5, 2085-97-07 00:95:00:2041,0.003,0.046,0.997,-0.122,0,0.061,2.604,-0.148,-141.899,-48.7,-56.1,-22.707,29.49,0.32611,0.00613,-0.02194,-0.94501
 13:48:31.259,eb:33:2e:f9:57:b5, 2085-97-08 00:94:00:2040,0.002,0.046,0.997,-0.061,0.061,0.061,2.604,-0.148,-141.899,-48.7,-56.1,-22.707,29.49,0.32611,0.00613,-0.02194,-0.94501
 13:48:31.288,eb:33:2e:f9:57:b5, 2085-97-05 00:90:00:2040,0.002,0.044,0.996,0,0.061,0.061,2.604,-0.148,-141.894,-48.7,-56.1,-22.707,29.49,0.32611,0.00613,-0.02194,-0.94501
 13:48:31.288,eb:33:2e:f9:57:b5, 2085-97-04 00:91:00:2041,0.001,0.045,0.997,0.061,0,0,2.604,-0.148,-141.894,-48.7,-56.1,-22.707,29.49,0.32611,0.00613,-0.02194,-0.94501
 13:48:31.288,eb:33:2e:f9:57:b5, 2085-97-04 00:92:00:2038,0.001,0.044,0.995,0.061,0,0.183,2.604,-0.148,-141.894,-48.7,-56.1,-22.707,29.49,0.32611,0.00613,-0.02194,-0.94501
 13:48:31.288,eb:33:2e:f9:57:b5, 2085-97-00 00:94:00:2033,0,0.046,0.994,0.061,0,0.183,2.604,-0.148,-141.894,-48.7,-56.1,-22.707,29.49,0.32611,0.00613,-0.02194,-0.94501
 13:48:31.317,eb:33:2e:f9:57:b5, 2085-97-02 00:94:00:2037,0.002,0.046,0.993,0.061,-0.122,0.122,2.604,-0.148,-141.888,-48.7,-56.1,-22.707,29.49,0.32611,0.00613,-0.02194,-0.94501
 13:48:31.317,eb:33:2e:f9:57:b5, 2085-97-02 00:94:00:2036,0,0.047,0.995,0.061,-0.122,0.061,2.604,-0.148,-141.888,-48.7,-56.1,-22.707,29.49,0.32611,0.00613,-0.02194,-0.94501
 13:48:31.317,eb:33:2e:f9:57:b5, 2085-97-04 00:95:00:2038,0.003,0.046,0.994,0,-0.122,0,2.604,-0.148,-141.883,-48.7,-56.1,-22.707,29.49,0.32611,0.00613,-0.02194,-0.94501
 13:48:31.317,eb:33:2e:f9:57:b5, 2085-97-07 00:95:00:2040,0.004,0.047,0.996,0,-0.122,0,2.604,-0.148,-141.883,-48.7,-56.1,-22.707,29.49,0.32611,0.00613,-0.02194,-0.94501
 13:48:31.379,eb:33:2e:f9:57:b5, 2085-97-07 00:92:00:2040,0.003,0.046,0.996,0,-0.061,0,2.604,-0.148,-141.883,-48.7,-56.1,-22.707,29.49,0.32611,0.00613,-0.02194,-0.94501
 13:48:31.379,eb:33:2e:f9:57:b5, 2085-97-07 00:93:00:2040,0.002,0.045,0.997,0,0,0,2.604,-0.148,-141.883,-48.7,-56.1,-22.707,29.49,0.32611,0.00613,-0.02194,-0.94501
 13:48:31.379,eb:33:2e:f9:57:b5, 2085-97-05 00:92:00:2039,0.001,0.045,0.996,0.061,0,0,2.604,-0.148,-141.877,-48.7,-56.1,-22.707,29.49,0.32611,0.00613,-0.02194,-0.94501
 13:48:31.379,eb:33:2e:f9:57:b5, 2085-97-01 00:94:00:2037,0.001,0.045,0.995,0,0,0.061,2.604,-0.148,-141.877,-48.7,-56.1,-22.707,29.49,0.32611,0.00613,-0.02194,-0.94501
 13:48:31.408,eb:33:2e:f9:57:b5, 2085-97-04 00:93:00:2038,0.002,0.046,0.995,0.061,-0.122,0,2.604,-0.148,-141.877,-47.7,-55.8,-23.68,29.49,0.32611,0.00613,-0.02194,-0.94501
 13:48:31.408,eb:33:2e:f9:57:b5, 2085-97-06 00:93:00:2038,0.002,0.044,0.994,0.122,-0.122,0.061,2.604,-0.148,-141.877,-47.7,-55.8,-23.68,29.49,0.32611,0.00613,-0.02194,-0.94501
 13:48:31.408,eb:33:2e:f9:57:b5, 2085-97-04 00:95:00:2039,0.002,0.046,0.995,0.061,-0.122,0,2.604,-0.148,-141.872,-47.7,-55.8,-23.68,29.49,0.32611,0.00613,-0.02194,-0.94501
 13:48:31.408,eb:33:2e:f9:57:b5, 2085-97-04 00:94:00:2039,0.002,0.046,0.996,0.061,-0.122,0.061,2.604,-0.148,-141.872,-47.7,-55.8,-23.68,29.49,0.32611,0.00613,-0.02194,-0.94501
 13:48:31.439,eb:33:2e:f9:57:b5, 2085-97-05 00:97:00:2039,0.003,0.046,0.996,0,-0.244,0.061,2.604,-0.148,-141.866,-47.7,-55.8,-23.68,29.49,0.32611,0.00613,-0.02194,-0.94501
 13:48:31.439,eb:33:2e:f9:57:b5, 2085-97-08 00:94:00:2041,0.004,0.046,0.997,0,-0.122,0,2.604,-0.148,-141.866,-47.7,-55.8,-23.68,29.49,0.32611,0.00613,-0.02194,-0.94501
 13:48:31.439,eb:33:2e:f9:57:b5, 2085-97-04 00:95:00:2040,0.001,0.046,0.997,0,-0.061,0,2.604,-0.148,-141.866,-47.7,-55.8,-23.68,29.49,0.32611,0.00613,-0.02194,-0.94501
 13:48:31.439,eb:33:2e:f9:57:b5, 2085-97-01 00:95:00:2037,0.002,0.047,0.995,0,-0.061,0,2.604,-0.148,-141.866,-47.7,-55.8,-23.68,29.49,0.32611,0.00613,-0.02194,-0.94501
 13:48:31.498,eb:33:2e:f9:57:b5, 2085-97-08 00:93:00:2041,0.003,0.045,0.996,0,-0.122,0,2.604,-0.148,-141.861,-47.7,-55.8,-23.68,29.49,0.32657,0.00616,-0.02194,-0.94485
 13:48:31.498,eb:33:2e:f9:57:b5, 2085-97-06 00:94:00:2039,0.002,0.046,0.996,0,-0.061,0,2.604,-0.148,-141.861,-47.7,-55.8,-23.68,29.49,0.32657,0.00616,-0.02194,-0.94485
 13:48:31.498,eb:33:2e:f9:57:b5, 2085-97-02 00:91:00:2037,0.001,0.045,0.996,-0.061,0,0,2.604,-0.154,-141.861,-47.7,-55.8,-23.68,29.49,0.32657,0.00616,-0.02194,-0.94485
 13:48:31.498,eb:33:2e:f9:57:b5, 2085-97-04 00:94:00:2040,0.003,0.046,0.995,0,-0.122,0,2.604,-0.148,-141.861,-47.7,-55.8,-23.68,29.49,0.32657,0.00616,-0.02194,-0.94485
 13:48:31.528,eb:33:2e:f9:57:b5, 2085-97-08 00:94:00:2041,0.004,0.045,0.997,0,-0.061,0,2.604,-0.154,-141.855,-47.7,-55.8,-23.68,29.49,0.32657,0.00616,-0.02194,-0.94485
 13:48:31.528,eb:33:2e:f9:57:b5, 2085-97-06 00:94:00:2039,0.002,0.046,0.996,0,0,0,2.604,-0.154,-141.855,-47.7,-55.8,-23.68,29.49,0.32657,0.00616,-0.02194,-0.94485
 13:48:31.528,eb:33:2e:f9:57:b5, 2085-97-04 00:94:00:2036,0.001,0.045,0.996,0,0,0,2.604,-0.154,-141.85,-47.7,-55.8,-23.68,29.49,0.32657,0.00616,-0.02194,-0.94485
 13:48:31.528,eb:33:2e:f9:57:b5, 2085-97-04 00:92:00:2041,0.002,0.045,0.995,0,0,0,2.604,-0.154,-141.85,-47.7,-55.8,-23.68,29.49,0.32657,0.00616,-0.02194,-0.94485
 13:48:31.556,eb:33:2e:f9:57:b5, 2085-97-04 00:95:00:2040,0.001,0.046,0.997,0,0,0,2.604,-0.154,-141.85,-47.7,-55.8,-23.68,29.49,0.32657,0.00616,-0.02194,-0.94485
 13:48:31.556,eb:33:2e:f9:57:b5, 2085-97-02 00:94:00:2037,0.002,0.046,0.995,0,0,0,2.604,-0.154,-141.85,-47.7,-55.8,-23.68,29.49,0.32657,0.00616,-0.02194,-0.94485
 13:48:31.556,eb:33:2e:f9:57:b5, 2085-97-03 00:94:00:2040,0.002,0.045,0.996,0,-0.061,0,2.604,-0.154,-141.844,-47.7,-55.8,-23.68,29.49,0.32657,0.00616,-0.02194,-0.94485
 13:48:31.556,eb:33:2e:f9:57:b5, 2085-97-02 00:92:00:2037,0.002,0.045,0.996,-0.061,-0.122,0,2.604,-0.154,-141.844,-47.7,-55.8,-23.68,29.49,0.32657,0.00616,-0.02194,-0.94485
 13:48:31.617,eb:33:2e:f9:57:b5, 2085-97-05 00:94:00:2038,0.002,0.046,0.995,-0.061,-0.122,0,2.604,-0.154,-141.844,-47.7,-55.8,-23.68,29.49,0.32657,0.00616,-0.02194,-0.94485
 13:48:31.617,eb:33:2e:f9:57:b5, 2085-97-05 00:94:00:2038,0.002,0.046,0.996,-0.061,-0.122,0,2.604,-0.154,-141.844,-47.7,-55.8,-23.68,29.49,0.32657,0.00616,-0.02194,-0.94485
 13:48:31.617,eb:33:2e:f9:57:b5, 2085-97-05 00:93:00:2038,0.003,0.045,0.995,0,-0.122,-0.061,2.604,-0.154,-141.839,-47.7,-55.8,-23.68,29.49,0.32657,0.00616,-0.02194,-0.94485
 13:48:31.617,eb:33:2e:f9:57:b5, 2085-97-03 00:94:00:2038,0.002,0.046,0.996,-0.061,-0.122,-0.061,2.609,-0.154,-141.839,-47.7,-55.8,-23.68,29.49,0.32657,0.00616,-0.02194,-0.94485
 13:48:31.647,eb:33:2e:f9:57:b5, 2085-97-05 00:94:00:2040,0.002,0.046,0.996,-0.061,-0.061,-0.061,2.604,-0.154,-141.833,-47.7,-55.8,-23.68,29.49,0.32657,0.00616,-0.02194,-0.94485
 13:48:31.647,eb:33:2e:f9:57:b5, 2085-97-03 00:94:00:2040,0.002,0.045,0.996,-0.122,-0.122,-0.061,2.609,-0.154,-141.833,-47.7,-55.8,-23.68,29.49,0.32657,0.00616,-0.02194,-0.94485
 13:48:31.647,eb:33:2e:f9:57:b5, 2085-97-04 00:92:00:2039,0.003,0.047,0.997,-0.061,0,0,2.604,-0.154,-141.833,-47.7,-55.8,-23.68,29.49,0.32657,0.00616,-0.02194,-0.94485
 13:48:31.647,eb:33:2e:f9:57:b5, 2085-97-07 00:91:00:2040,0.003,0.045,0.997,-0.122,-0.061,0,2.609,-0.154,-141.833,-47.7,-55.8,-23.68,29.49,0.32657,0.00616,-0.02194,-0.94485
 13:48:31.678,eb:33:2e:f9:57:b5, 2085-97-06 00:94:00:2036,0.002,0.045,0.995,0,-0.061,0,2.604,-0.154,-141.828,-48.7,-55.8,-24.1,29.49,0.32657,0.00616,-0.02194,-0.94485
 13:48:31.678,eb:33:2e:f9:57:b5, 2085-97-00 00:95:00:2034,0,0.046,0.994,-0.061,-0.122,0,2.609,-0.154,-141.828,-48.7,-55.8,-24.1,29.49,0.32657,0.00616,-0.02194,-0.94485
 13:48:31.678,eb:33:2e:f9:57:b5, 2085-97-02 00:95:00:2035,0.002,0.046,0.993,-0.061,-0.183,-0.122,2.604,-0.154,-141.828,-48.7,-55.8,-24.1,29.49,0.32657,0.00616,-0.02194,-0.94485
 13:48:31.678,eb:33:2e:f9:57:b5, 2085-97-04 00:94:00:2039,0.003,0.045,0.995,0,-0.183,-0.122,2.609,-0.154,-141.828,-48.7,-55.8,-24.1,29.49,0.32657,0.00616,-0.02194,-0.94485
 13:48:31.737,eb:33:2e:f9:57:b5, 2085-97-06 00:93:00:2040,0.003,0.046,0.996,-0.061,-0.183,-0.122,2.609,-0.154,-141.823,-48.7,-55.8,-24.1,29.49,0.32657,0.00616,-0.02194,-0.94485
 13:48:31.737,eb:33:2e:f9:57:b5, 2085-97-07 00:93:00:2042,0.004,0.045,0.997,-0.061,-0.183,-0.061,2.609,-0.154,-141.823,-48.7,-55.8,-24.1,29.49,0.32657,0.00616,-0.02194,-0.94485
 13:48:31.737,eb:33:2e:f9:57:b5, 2085-97-07 00:92:00:2040,0.004,0.045,0.998,-0.061,-0.122,0,2.609,-0.154,-141.817,-48.7,-55.8,-24.1,29.49,0.32657,0.00616,-0.02194,-0.94485
 13:48:31.737,eb:33:2e:f9:57:b5, 2085-97-06 00:95:00:2041,0.003,0.045,0.997,-0.061,-0.122,0,2.609,-0.154,-141.817,-48.7,-55.8,-24.1,29.49,0.32657,0.00616,-0.02194,-0.94485
 13:48:31.769,eb:33:2e:f9:57:b5, 2085-97-04 00:96:00:2039,0.001,0.047,0.996,-0.122,0,0,2.609,-0.154,-141.817,-48.7,-55.8,-24.1,29.49,0.32693,0.00616,-0.02194,-0.94473
 13:48:31.769,eb:33:2e:f9:57:b5, 2085-97-03 00:95:00:2040,0.004,0.046,0.995,-0.061,-0.061,0,2.609,-0.154,-141.817,-48.7,-55.8,-24.1,29.49,0.32693,0.00616,-0.02194,-0.94473
 13:48:31.769,eb:33:2e:f9:57:b5, 2085-97-05 00:93:00:2037,0.002,0.046,0.995,-0.061,0,0,2.609,-0.154,-141.812,-48.7,-55.8,-24.1,29.49,0.32693,0.00616,-0.02194,-0.94473
 13:48:31.769,eb:33:2e:f9:57:b5, 2085-97-07 00:90:00:2043,0.004,0.044,0.996,-0.061,0,0,2.609,-0.154,-141.812,-48.7,-55.8,-24.1,29.49,0.32693,0.00616,-0.02194,-0.94473
 13:48:31.827,eb:33:2e:f9:57:b5, 2085-97-08 00:90:00:2042,0.003,0.044,0.997,0,0,0,2.609,-0.154,-141.812,-48.7,-55.8,-24.1,29.49,0.32693,0.00616,-0.02194,-0.94473
 13:48:31.827,eb:33:2e:f9:57:b5, 2085-97-06 00:94:00:2039,0.001,0.044,0.997,0,0,0.122,2.609,-0.154,-141.812,-48.7,-55.8,-24.1,29.49,0.32693,0.00616,-0.02194,-0.94473
 13:48:31.828,eb:33:2e:f9:57:b5, 2085-97-01 00:92:00:2038,0.002,0.046,0.995,0,0,0.061,2.609,-0.154,-141.806,-48.7,-55.8,-24.1,29.49,0.32693,0.00616,-0.02194,-0.94473
 13:48:31.828,eb:33:2e:f9:57:b5, 2085-97-05 00:93:00:2038,0.002,0.045,0.996,0,0,0.061,2.609,-0.154,-141.806,-48.7,-55.8,-24.1,29.49,0.32693,0.00616,-0.02194,-0.94473
 13:48:31.858,eb:33:2e:f9:57:b5, 2085-97-04 00:95:00:2037,0.001,0.046,0.994,0,0,0.061,2.609,-0.154,-141.801,-48.7,-55.8,-24.1,29.49,0.32693,0.00616,-0.02194,-0.94473
 13:48:31.858,eb:33:2e:f9:57:b5, 2085-97-11 00:94:00:2043,0.002,0.045,0.996,-0.061,-0.061,0.061,2.609,-0.154,-141.801,-48.7,-55.8,-24.1,29.49,0.32693,0.00616,-0.02194,-0.94473
 13:48:31.858,eb:33:2e:f9:57:b5, 2085-97-03 00:92:00:2039,0.003,0.045,0.996,0,0.061,0,2.609,-0.154,-141.801,-48.7,-55.8,-24.1,29.49,0.32693,0.00616,-0.02194,-0.94473
 13:48:31.858,eb:33:2e:f9:57:b5, 2085-97-07 00:92:00:2041,0.004,0.046,0.996,0,0,0.061,2.609,-0.154,-141.801,-48.7,-55.8,-24.1,29.49,0.32693,0.00616,-0.02194,-0.94473
 13:48:31.887,eb:33:2e:f9:57:b5, 2085-97-07 00:93:00:2037,0.002,0.046,0.997,0,0.061,0,2.604,-0.154,-141.795,-48.7,-55.8,-24.1,29.49,0.32693,0.00616,-0.02194,-0.94473
 13:48:31.887,eb:33:2e:f9:57:b5, 2085-97-05 00:89:00:2039,0.003,0.044,0.995,0,0,0,2.609,-0.154,-141.795,-48.7,-55.8,-24.1,29.49,0.32693,0.00616,-0.02194,-0.94473
 13:48:31.887,eb:33:2e:f9:57:b5, 2085-97-08 00:95:00:2041,0.003,0.045,0.997,0,0.061,0.061,2.604,-0.154,-141.795,-48.7,-55.8,-24.1,29.49,0.32693,0.00616,-0.02194,-0.94473
 13:48:31.887,eb:33:2e:f9:57:b5, 2085-97-04 00:89:00:2038,0.003,0.045,0.996,0,0.122,0,2.604,-0.154,-141.795,-48.7,-55.8,-24.1,29.49,0.32693,0.00616,-0.02194,-0.94473
 13:48:32.008,eb:33:2e:f9:57:b5, 2085-97-05 00:95:00:2041,0.002,0.045,0.996,0.061,0.122,0,2.604,-0.154,-141.79,-48.7,-55.8,-24.1,29.49,0.32693,0.00616,-0.02194,-0.94473
 13:48:32.008,eb:33:2e:f9:57:b5, 2085-97-03 00:91:00:2039,0.003,0.045,0.996,0,0.122,0,2.604,-0.154,-141.79,-48.7,-55.8,-24.1,29.49,0.32693,0.00616,-0.02194,-0.94473
 13:48:32.008,eb:33:2e:f9:57:b5, 2085-97-08 00:91:00:2042,0.003,0.044,0.996,0.122,0.061,0,2.604,-0.154,-141.79,-48.7,-55.8,-24.1,29.49,0.32693,0.00616,-0.02194,-0.94473
 13:48:32.008,eb:33:2e:f9:57:b5, 2085-97-02 00:93:00:2037,0,0.046,0.997,0.061,0.122,0.061,2.604,-0.154,-141.79,-48.7,-55.8,-24.1,29.49,0.32693,0.00616,-0.02194,-0.94473
 13:48:32.008,eb:33:2e:f9:57:b5, 2085-97-03 00:93:00:2037,0.002,0.045,0.994,0,0.122,0.061,2.604,-0.154,-141.784,-48.7,-55.8,-24.1,29.49,0.32693,0.00616,-0.02194,-0.94473
 13:48:32.008,eb:33:2e:f9:57:b5, 2085-113-58 00:225:226:-8385,0.003,0.046,0.995,0,0.122,0.061,2.604,-0.154,-141.784,-48.7,-55.8,-24.1,29.49,0.32693,0.00616,-0.02194,-0.94473
 13:48:32.008,eb:33:2e:f9:57:b5, 2085-97-06 00:94:00:2041,0.002,0.045,0.996,0,0.122,0,2.604,-0.154,-141.784,-48.7,-55.8,-24.1,29.49,0.32693,0.00616,-0.02194,-0.94473
 13:48:32.009,eb:33:2e:f9:57:b5, 2085-97-04 00:92:00:2037,0.003,0.046,0.995,0,0.244,0,2.604,-0.154,-141.779,-48.7,-55.8,-24.1,29.49,0.32693,0.00616,-0.02194,-0.94473
 13:48:32.009,eb:33:2e:f9:57:b5, 2085-97-06 00:90:00:2040,0.002,0.045,0.996,0,0.183,0,2.604,-0.154,-141.779,-48.7,-55.8,-24.1,29.49,0.32693,0.00616,-0.02194,-0.94473
 13:48:32.011,eb:33:2e:f9:57:b5, 2085-97-03 00:93:00:2039,0.001,0.045,0.997,0.061,0.122,0.061,2.604,-0.154,-141.779,-48.7,-55.8,-24.1,29.49,0.32693,0.00616,-0.02194,-0.94473
 13:48:32.011,eb:33:2e:f9:57:b5, 2085-97-02 00:91:00:2037,0.001,0.045,0.996,0,0.122,0.061,2.604,-0.154,-141.779,-48.7,-55.8,-24.1,29.49,0.32693,0.00616,-0.02194,-0.94473
 13:48:32.011,eb:33:2e:f9:57:b5, 2085-97-02 00:95:00:2037,0.001,0.046,0.995,0,0.061,0.061,2.604,-0.154,-141.773,-49.7,-55.9,-23.92,29.49,0.32693,0.00616,-0.02194,-0.94473
 13:48:32.011,eb:33:2e:f9:57:b5, 2085-97-02 00:96:00:2037,0.001,0.047,0.995,0,0.061,0.061,2.604,-0.154,-141.773,-49.7,-55.9,-23.92,29.49,0.32693,0.00616,-0.02194,-0.94473
 13:48:32.068,eb:33:2e:f9:57:b5, 2085-97-05 00:93:00:2040,0.003,0.046,0.995,0,0,0.061,2.604,-0.154,-141.773,-49.7,-55.9,-23.92,29.49,0.32693,0.00616,-0.02194,-0.94473
 13:48:32.068,eb:33:2e:f9:57:b5, 2085-97-04 00:94:00:2038,0,0.045,0.996,0,0.061,0.061,2.604,-0.154,-141.773,-49.7,-55.9,-23.92,29.49,0.32693,0.00616,-0.02194,-0.94473
 13:48:32.068,eb:33:2e:f9:57:b5, 2085-97-03 00:91:00:2038,0.003,0.045,0.994,0,0,0.061,2.604,-0.154,-141.768,-49.7,-55.9,-23.92,29.49,0.32693,0.00616,-0.02194,-0.94473
 13:48:32.068,eb:33:2e:f9:57:b5, 2085-97-05 00:94:00:2040,0.001,0.044,0.996,0.061,0,0.061,2.604,-0.154,-141.768,-49.7,-55.9,-23.92,29.49,0.32693,0.00616,-0.02194,-0.94473
 13:48:32.097,eb:33:2e:f9:57:b5, 2085-97-01 00:95:00:2035,0.001,0.046,0.994,0.061,0,0.061,2.604,-0.154,-141.768,-49.7,-55.9,-23.92,29.49,0.32739,0.00613,-0.02194,-0.94455
 13:48:32.097,eb:33:2e:f9:57:b5, 2085-97-04 00:95:00:2039,0.002,0.046,0.994,0,0,0.122,2.604,-0.154,-141.768,-49.7,-55.9,-23.92,29.49,0.32739,0.00613,-0.02194,-0.94455
 13:48:32.097,eb:33:2e:f9:57:b5, 2085-97-05 00:93:00:2038,0.003,0.047,0.996,0,0,0,2.604,-0.154,-141.762,-49.7,-55.9,-23.92,29.49,0.32739,0.00613,-0.02194,-0.94455
 13:48:32.097,eb:33:2e:f9:57:b5, 2085-97-06 00:94:00:2041,0.003,0.045,0.995,0,0,0.061,2.604,-0.154,-141.762,-49.7,-55.9,-23.92,29.49,0.32739,0.00613,-0.02194,-0.94455
 13:48:32.129,eb:33:2e:f9:57:b5, 2085-97-05 00:93:00:2041,0.002,0.046,0.997,0,0.061,0.061,2.604,-0.154,-141.757,-49.7,-55.9,-23.92,29.49,0.32739,0.00613,-0.02194,-0.94455
 13:48:32.129,eb:33:2e:f9:57:b5, 2085-97-05 00:90:00:2041,0.002,0.044,0.997,0.061,0.061,0.122,2.604,-0.154,-141.757,-49.7,-55.9,-23.92,29.49,0.32739,0.00613,-0.02194,-0.94455
 13:48:32.129,eb:33:2e:f9:57:b5, 2085-97-07 00:94:00:2042,0.003,0.046,0.997,0.061,0.061,0.244,2.604,-0.154,-141.757,-49.7,-55.9,-23.92,29.49,0.32739,0.00613,-0.02194,-0.94455
 13:48:32.129,eb:33:2e:f9:57:b5, 2085-97-02 00:93:00:2037,0,0.045,0.996,0.061,0.183,0.244,2.604,-0.154,-141.757,-49.7,-55.9,-23.92,29.49,0.32739,0.00613,-0.02194,-0.94455
 13:48:32.218,eb:33:2e:f9:57:b5, 2085-97-00 00:93:00:2034,0,0.045,0.994,0,0.122,0.244,2.604,-0.154,-141.751,-49.7,-55.9,-23.92,29.49,0.32739,0.00613,-0.02194,-0.94455
 13:48:32.226,eb:33:2e:f9:57:b5, 2085-97-00 00:94:00:2035,0,0.045,0.993,0,0,0.061,2.604,-0.154,-141.751,-49.7,-55.9,-23.92,29.49,0.32739,0.00613,-0.02194,-0.94455
 13:48:32.226,eb:33:2e:f9:57:b5, 2085-97-03 00:92:00:2038,0.003,0.045,0.994,0,0,0.061,2.604,-0.154,-141.751,-49.7,-55.9,-23.92,29.49,0.32739,0.00613,-0.02194,-0.94455
 13:48:32.226,eb:33:2e:f9:57:b5, 2085-97-04 00:93:00:2038,0,0.046,0.996,0.061,0,0.122,2.604,-0.154,-141.751,-49.7,-55.9,-23.92,29.49,0.32739,0.00613,-0.02194,-0.94455
 13:48:32.227,eb:33:2e:f9:57:b5, 2085-97-02 00:94:00:2038,0.003,0.045,0.995,0,-0.061,0.061,2.604,-0.154,-141.746,-49.7,-55.9,-23.92,29.49,0.32739,0.00613,-0.02194,-0.94455
 13:48:32.227,eb:33:2e:f9:57:b5, 2085-97-08 00:93:00:2041,0.002,0.046,0.997,0.061,0,0.061,2.604,-0.154,-141.746,-49.7,-55.9,-23.92,29.49,0.32739,0.00613,-0.02194,-0.94455
 13:48:32.227,eb:33:2e:f9:57:b5, 2085-97-02 00:95:00:2041,0.001,0.045,0.997,0.061,0,0,2.604,-0.154,-141.746,-49.7,-55.9,-23.92,29.49,0.32739,0.00613,-0.02194,-0.94455
 13:48:32.227,eb:33:2e:f9:57:b5, 2085-97-04 00:96:00:2039,0.001,0.046,0.996,0.061,0,0,2.604,-0.154,-141.746,-49.7,-55.9,-23.92,29.49,0.32739,0.00613,-0.02194,-0.94455
 13:48:32.247,eb:33:2e:f9:57:b5, 2085-97-04 00:94:00:2039,0.001,0.046,0.996,0,0.061,0,2.604,-0.154,-141.74,-49.7,-55.9,-23.92,29.22,0.32739,0.00613,-0.02194,-0.94455
 13:48:32.247,eb:33:2e:f9:57:b5, 2085-97-04 00:93:00:2040,0.001,0.046,0.996,0,0.061,0,2.604,-0.154,-141.74,-49.7,-55.9,-23.92,29.22,0.32739,0.00613,-0.02194,-0.94455
 13:48:32.247,eb:33:2e:f9:57:b5, 2085-97-00 00:93:00:2038,0.001,0.045,0.997,-0.061,0.122,0.061,2.604,-0.154,-141.74,-49.7,-55.9,-23.92,29.22,0.32739,0.00613,-0.02194,-0.94455
 13:48:32.247,eb:33:2e:f9:57:b5, 2085-97-01 00:90:00:2038,0.001,0.044,0.996,0,0.061,0.061,2.604,-0.154,-141.74,-49.7,-55.9,-23.92,29.22,0.32739,0.00613,-0.02194,-0.94455
 13:48:32.307,eb:33:2e:f9:57:b5, 2085-97-03 00:92:00:2040,0.001,0.044,0.996,0,0,0.183,2.604,-0.154,-141.735,-49.7,-55.9,-23.92,29.22,0.32739,0.00613,-0.02194,-0.94455
 13:48:32.307,eb:33:2e:f9:57:b5, 2085-97-01 00:94:00:2038,0.002,0.045,0.996,0.061,0,0.183,2.604,-0.154,-141.735,-49.7,-55.9,-23.92,29.22,0.32739,0.00613,-0.02194,-0.94455
 13:48:32.307,eb:33:2e:f9:57:b5, 2085-97-07 00:94:00:2043,0.002,0.046,0.996,0.122,0,0.183,2.604,-0.154,-141.729,-49.7,-55.9,-23.92,29.22,0.32739,0.00613,-0.02194,-0.94455
 13:48:32.307,eb:33:2e:f9:57:b5, 2085-97-03 00:94:00:2039,0.002,0.046,0.996,0.061,0,0.183,2.604,-0.154,-141.729,-49.7,-55.9,-23.92,29.22,0.32739,0.00613,-0.02194,-0.94455
 13:48:32.337,eb:33:2e:f9:57:b5, 2085-97-04 00:94:00:2039,0,0.045,0.995,0.183,0,0.122,2.604,-0.154,-141.729,-49.7,-55.9,-23.92,29.22,0.32739,0.00613,-0.02194,-0.94455
 13:48:32.337,eb:33:2e:f9:57:b5, 2085-97-03 00:96:00:2036,0.003,0.046,0.995,0.061,0,0.183,2.604,-0.154,-141.729,-49.7,-55.9,-23.92,29.22,0.32739,0.00613,-0.02194,-0.94455
 13:48:32.337,eb:33:2e:f9:57:b5, 2085-97-05 00:94:00:2039,0.002,0.047,0.995,0.122,0,0.122,2.604,-0.154,-141.724,-49.7,-55.9,-23.92,29.22,0.32739,0.00613,-0.02194,-0.94455
 13:48:32.337,eb:33:2e:f9:57:b5, 2085-97-05 00:94:00:2039,0.002,0.046,0.995,0.122,0,0.122,2.604,-0.154,-141.724,-49.7,-55.9,-23.92,29.22,0.32739,0.00613,-0.02194,-0.94455
 13:48:32.367,eb:33:2e:f9:57:b5, 2085-97-04 00:96:00:2038,0.001,0.046,0.996,0.061,0.061,0.061,2.604,-0.154,-141.724,-49.7,-55.9,-23.92,29.22,0.32739,0.00613,-0.02194,-0.94455
 13:48:32.367,eb:33:2e:f9:57:b5, 2085-97-03 00:91:00:2037,0.001,0.046,0.994,0.061,0.122,0.061,2.604,-0.154,-141.724,-49.7,-55.9,-23.92,29.22,0.32739,0.00613,-0.02194,-0.94455
 13:48:32.367,eb:33:2e:f9:57:b5, 2085-97-05 00:94:00:2041,0.002,0.044,0.996,0.061,0,0.122,2.604,-0.154,-141.718,-49.7,-55.9,-23.92,29.22,0.32739,0.00613,-0.02194,-0.94455
 13:48:32.367,eb:33:2e:f9:57:b5, 2085-97-01 00:95:00:2039,0,0.047,0.997,0.061,0.122,0.122,2.604,-0.154,-141.718,-49.7,-55.9,-23.92,29.22,0.32739,0.00613,-0.02194,-0.94455
 13:48:32.427,eb:33:2e:f9:57:b5, 2085-97-01 00:93:00:2039,0.002,0.046,0.994,0.061,0,0.183,2.604,-0.154,-141.718,-49.7,-55.9,-23.92,29.22,0.32739,0.00613,-0.02194,-0.94455
 13:48:32.427,eb:33:2e:f9:57:b5, 2085-97-03 00:96:00:2039,0.001,0.046,0.997,0.122,0,0.244,2.604,-0.154,-141.718,-49.7,-55.9,-23.92,29.22,0.32739,0.00613,-0.02194,-0.94455
 13:48:32.427,eb:33:2e:f9:57:b5, 2085-97-00 00:95:00:2035,0.001,0.047,0.995,0,0,0.183,2.604,-0.154,-141.713,-49.7,-55.9,-23.92,29.22,0.32739,0.00613,-0.02194,-0.94455
 13:48:32.427,eb:33:2e:f9:57:b5, 2085-97-04 00:92:00:2038,0.002,0.047,0.994,0,0,0.061,2.609,-0.154,-141.713,-49.7,-55.9,-23.92,29.22,0.32739,0.00613,-0.02194,-0.94455
 13:48:32.457,eb:33:2e:f9:57:b5, 2085-97-06 00:93:00:2038,0.001,0.045,0.996,0,0,0.122,2.609,-0.154,-141.713,-49.4,-56.3,-21.72,29.22,0.32739,0.00613,-0.02194,-0.94455
 13:48:32.457,eb:33:2e:f9:57:b5, 2085-97-00 00:95:00:2037,0.001,0.046,0.995,0.061,0,0.061,2.609,-0.154,-141.713,-49.4,-56.3,-21.72,29.22,0.32739,0.00613,-0.02194,-0.94455
 13:48:32.457,eb:33:2e:f9:57:b5, 2085-97-03 00:97:00:2040,0.002,0.046,0.995,0.061,-0.061,0.061,2.609,-0.154,-141.707,-49.4,-56.3,-21.72,29.22,0.32739,0.00613,-0.02194,-0.94455
 13:48:32.457,eb:33:2e:f9:57:b5, 2085-97-04 00:95:00:2039,0.001,0.047,0.996,0,0,0,2.609,-0.154,-141.707,-49.4,-56.3,-21.72,29.22,0.32739,0.00613,-0.02194,-0.94455
 13:48:32.489,eb:33:2e:f9:57:b5, 2085-97-05 00:97:00:2039,0.001,0.047,0.995,0,0,0.061,2.609,-0.154,-141.702,-49.4,-56.3,-21.72,29.22,0.32739,0.00613,-0.02194,-0.94455
 13:48:32.489,eb:33:2e:f9:57:b5, 2085-97-01 00:92:00:2036,0.001,0.046,0.995,0,-0.061,0.061,2.609,-0.154,-141.702,-49.4,-56.3,-21.72,29.22,0.32739,0.00613,-0.02194,-0.94455
 13:48:32.489,eb:33:2e:f9:57:b5, 2085-113-81 00:250:41:202,0.001,0.045,0.996,0,0,0,2.609,-0.154,-141.702,-49.4,-56.3,-21.72,29.22,0.32739,0.00613,-0.02194,-0.94455
 13:48:32.489,eb:33:2e:f9:57:b5, 2085-97-04 00:94:00:2040,0.001,0.046,0.995,0,0,0,2.609,-0.154,-141.702,-49.4,-56.3,-21.72,29.22,0.32739,0.00613,-0.02194,-0.94455
 13:48:32.548,eb:33:2e:f9:57:b5, 2085-97-00 00:94:00:2036,0,0.046,0.995,0,0,0.061,2.609,-0.154,-141.696,-49.4,-56.3,-21.72,29.22,0.32794,0.00616,-0.02194,-0.94437
 13:48:32.548,eb:33:2e:f9:57:b5, 2085-97-00 00:95:00:2037,0.001,0.047,0.994,-0.122,-0.061,0,2.609,-0.154,-141.696,-49.4,-56.3,-21.72,29.22,0.32794,0.00616,-0.02194,-0.94437
 13:48:32.548,eb:33:2e:f9:57:b5, 2085-97-03 00:95:00:2039,0.002,0.046,0.995,-0.122,-0.061,0.061,2.609,-0.154,-141.696,-49.4,-56.3,-21.72,29.22,0.32794,0.00616,-0.02194,-0.94437
 13:48:32.548,eb:33:2e:f9:57:b5, 2085-97-06 00:94:00:2043,0.002,0.046,0.996,-0.061,-0.061,0,2.609,-0.154,-141.696,-49.4,-56.3,-21.72,29.22,0.32794,0.00616,-0.02194,-0.94437
 13:48:32.577,eb:33:2e:f9:57:b5, 2085-97-01 00:94:00:2039,0,0.045,0.997,-0.061,0,0,2.609,-0.154,-141.691,-49.4,-56.3,-21.72,29.22,0.32794,0.00616,-0.02194,-0.94437
 13:48:32.577,eb:33:2e:f9:57:b5, 2085-97-02 00:95:00:2039,0.002,0.045,0.995,0,-0.061,0,2.609,-0.154,-141.691,-49.4,-56.3,-21.72,29.22,0.32794,0.00616,-0.02194,-0.94437
 13:48:32.577,eb:33:2e:f9:57:b5, 2085-97-07 00:96:00:2041,0,0.047,0.996,0,0,0,2.609,-0.154,-141.691,-49.4,-56.3,-21.72,29.22,0.32794,0.00616,-0.02194,-0.94437
 13:48:32.577,eb:33:2e:f9:57:b5, 2085-97-255 255:94:00:2034,0,0.045,0.994,-0.061,-0.061,0,2.609,-0.154,-141.691,-49.4,-56.3,-21.72,29.22,0.32794,0.00616,-0.02194,-0.94437
 13:48:32.637,eb:33:2e:f9:57:b5, 2085-97-01 00:94:00:2036,0,0.047,0.995,-0.122,-0.183,0,2.609,-0.154,-141.685,-49.4,-56.3,-21.72,29.22,0.32794,0.00616,-0.02194,-0.94437
 13:48:32.637,eb:33:2e:f9:57:b5, 2085-97-01 00:93:00:2037,0.001,0.046,0.994,-0.183,-0.183,-0.061,2.609,-0.154,-141.685,-49.4,-56.3,-21.72,29.22,0.32794,0.00616,-0.02194,-0.94437
 13:48:32.637,eb:33:2e:f9:57:b5, 2085-97-03 00:91:00:2041,0.002,0.045,0.996,-0.061,-0.183,0,2.609,-0.154,-141.685,-49.4,-56.3,-21.72,29.22,0.32794,0.00616,-0.02194,-0.94437
 13:48:32.637,eb:33:2e:f9:57:b5, 2085-97-04 00:94:00:2040,0.001,0.045,0.996,-0.122,-0.122,0,2.609,-0.154,-141.685,-49.4,-56.3,-21.72,29.22,0.32794,0.00616,-0.02194,-0.94437
 13:48:32.668,eb:33:2e:f9:57:b5, 2085-97-00 00:93:00:2035,0.001,0.046,0.996,-0.061,-0.122,0,2.609,-0.154,-141.68,-49.4,-56.3,-21.72,29.22,0.32794,0.00616,-0.02194,-0.94437
 13:48:32.668,eb:33:2e:f9:57:b5, 2085-97-05 00:95:00:2040,0,0.046,0.995,-0.061,-0.244,-0.061,2.609,-0.148,-141.68,-49.4,-56.3,-21.72,29.22,0.32794,0.00616,-0.02194,-0.94437
 13:48:32.668,eb:33:2e:f9:57:b5, 2085-97-01 00:94:00:2037,0.002,0.046,0.995,-0.061,-0.183,0,2.609,-0.148,-141.68,-49.4,-56.3,-21.72,29.22,0.32794,0.00616,-0.02194,-0.94437
 13:48:32.668,eb:33:2e:f9:57:b5, 2085-97-01 00:96:00:2037,0.001,0.046,0.995,0,-0.305,-0.122,2.609,-0.148,-141.68,-49.4,-56.3,-21.72,29.22,0.32794,0.00616,-0.02194,-0.94437
 13:48:32.698,eb:33:2e:f9:57:b5, 2085-97-03 00:95:00:2039,0.002,0.047,0.995,0,-0.305,-0.183,2.609,-0.148,-141.674,-49.4,-56.3,-21.72,29.22,0.32794,0.00616,-0.02194,-0.94437
 13:48:32.698,eb:33:2e:f9:57:b5, 2085-97-01 00:95:00:2039,0.002,0.046,0.997,0,-0.244,-0.061,2.609,-0.148,-141.674,-49.4,-56.3,-21.72,29.22,0.32794,0.00616,-0.02194,-0.94437
 13:48:32.698,eb:33:2e:f9:57:b5, 2085-97-04 00:95:00:2044,0.002,0.046,0.997,-0.061,-0.305,-0.061,2.609,-0.148,-141.669,-49.4,-56.3,-21.72,29.22,0.32794,0.00616,-0.02194,-0.94437
 13:48:32.698,eb:33:2e:f9:57:b5, 2085-97-03 00:94:00:2041,0.003,0.046,0.997,-0.061,-0.244,0,2.609,-0.148,-141.669,-49.4,-56.3,-21.72,29.22,0.32794,0.00616,-0.02194,-0.94437
 13:48:32.727,eb:33:2e:f9:57:b5, 2085-97-09 00:92:00:2043,0.003,0.045,0.998,-0.122,-0.183,0,2.609,-0.148,-141.669,-49,-56.9,-22.533,29.22,0.32794,0.00616,-0.02194,-0.94437
 13:48:32.727,eb:33:2e:f9:57:b5, 2085-97-02 00:95:00:2038,0,0.046,0.997,-0.061,-0.061,0,2.609,-0.148,-141.669,-49,-56.9,-22.533,29.22,0.32794,0.00616,-0.02194,-0.94437
 13:48:32.727,eb:33:2e:f9:57:b5, 2085-97-03 00:92:00:2038,0.002,0.045,0.994,-0.061,-0.061,0,2.609,-0.148,-141.663,-49,-56.9,-22.533,29.22,0.32794,0.00616,-0.02194,-0.94437
 13:48:32.727,eb:33:2e:f9:57:b5, 2085-97-05 00:93:00:2040,0.002,0.045,0.996,0,-0.122,0,2.609,-0.148,-141.663,-49,-56.9,-22.533,29.22,0.32794,0.00616,-0.02194,-0.94437
 13:48:32.848,eb:33:2e:f9:57:b5, 2085-97-03 00:93:00:2039,0.001,0.046,0.996,0,-0.061,0,2.609,-0.148,-141.663,-49,-56.9,-22.533,29.22,0.32794,0.00616,-0.02194,-0.94437
 13:48:32.848,eb:33:2e:f9:57:b5, 2085-97-03 00:93:00:2039,0.002,0.045,0.996,0,-0.183,0,2.609,-0.148,-141.663,-49,-56.9,-22.533,29.22,0.32794,0.00616,-0.02194,-0.94437
 13:48:32.848,eb:33:2e:f9:57:b5, 2085-97-04 00:93:00:2039,0.002,0.045,0.997,-0.061,-0.122,0.061,2.609,-0.148,-141.658,-49,-56.9,-22.533,29.22,0.32794,0.00616,-0.02194,-0.94437
 13:48:32.848,eb:33:2e:f9:57:b5, 2085-97-02 00:94:00:2036,0,0.046,0.996,0,-0.122,0.061,2.609,-0.148,-141.658,-49,-56.9,-22.533,29.22,0.32794,0.00616,-0.02194,-0.94437
 13:48:32.848,eb:33:2e:f9:57:b5, 2085-97-04 00:92:00:2038,0,0.045,0.994,-0.061,-0.183,0,2.609,-0.148,-141.658,-49,-56.9,-22.533,29.22,0.32794,0.00616,-0.02194,-0.94437
 13:48:32.848,eb:33:2e:f9:57:b5, 2085-97-01 00:95:00:2036,0.002,0.045,0.995,-0.061,-0.183,0,2.609,-0.148,-141.658,-49,-56.9,-22.533,29.22,0.32794,0.00616,-0.02194,-0.94437
 13:48:32.848,eb:33:2e:f9:57:b5, 2085-97-06 00:94:00:2039,0.002,0.046,0.995,0,-0.244,-0.061,2.609,-0.148,-141.652,-49,-56.9,-22.533,29.22,0.32794,0.00616,-0.02194,-0.94437
 13:48:32.848,eb:33:2e:f9:57:b5, 2085-97-05 00:93:00:2038,0.002,0.046,0.995,-0.061,-0.244,0,2.609,-0.148,-141.652,-49,-56.9,-22.533,29.22,0.32794,0.00616,-0.02194,-0.94437
 13:48:32.850,eb:33:2e:f9:57:b5, 2085-97-04 00:94:00:2039,0.004,0.045,0.996,-0.122,-0.244,-0.061,2.609,-0.148,-141.652,-49,-56.9,-22.533,29.22,0.32825,0.0062,-0.02194,-0.94427
 13:48:32.850,eb:33:2e:f9:57:b5, 2085-97-09 00:90:00:2043,0.003,0.046,0.998,-0.061,-0.183,-0.061,2.609,-0.148,-141.652,-49,-56.9,-22.533,29.22,0.32825,0.0062,-0.02194,-0.94427
 13:48:32.850,eb:33:2e:f9:57:b5, 2085-97-05 00:93:00:2041,0.001,0.045,0.997,-0.061,-0.061,0,2.609,-0.148,-141.647,-49,-56.9,-22.533,29.22,0.32825,0.0062,-0.02194,-0.94427
 13:48:32.850,eb:33:2e:f9:57:b5, 2085-97-03 00:92:00:2038,0.001,0.045,0.996,0,-0.122,0,2.609,-0.148,-141.647,-49,-56.9,-22.533,29.22,0.32825,0.0062,-0.02194,-0.94427
 13:48:32.907,eb:33:2e:f9:57:b5, 2085-97-04 00:94:00:2038,0.001,0.045,0.995,0,-0.122,0.061,2.609,-0.148,-141.647,-49,-56.9,-22.533,29.22,0.32825,0.0062,-0.02194,-0.94427
 13:48:32.908,eb:33:2e:f9:57:b5, 2085-97-01 00:91:00:2036,0.001,0.046,0.995,0,-0.183,0.061,2.609,-0.148,-141.647,-49,-56.9,-22.533,29.22,0.32825,0.0062,-0.02194,-0.94427
 13:48:32.908,eb:33:2e:f9:57:b5, 2085-97-02 00:94:00:2038,0.001,0.046,0.995,0,-0.244,0,2.609,-0.148,-141.641,-49,-56.9,-22.533,29.22,0.32825,0.0062,-0.02194,-0.94427
 13:48:32.908,eb:33:2e:f9:57:b5, 2085-97-01 00:91:00:2037,0.003,0.045,0.994,0,-0.244,0,2.609,-0.148,-141.641,-49,-56.9,-22.533,29.22,0.32825,0.0062,-0.02194,-0.94427
 13:48:32.937,eb:33:2e:f9:57:b5, 2085-97-06 00:93:00:2040,0.002,0.045,0.996,0,-0.305,0,2.609,-0.148,-141.641,-49,-56.9,-22.533,29.22,0.32825,0.0062,-0.02194,-0.94427
 13:48:32.937,eb:33:2e:f9:57:b5, 2085-97-04 00:95:00:2038,0.002,0.046,0.996,0,-0.305,0,2.609,-0.148,-141.641,-49,-56.9,-22.533,29.22,0.32825,0.0062,-0.02194,-0.94427
 13:48:32.937,eb:33:2e:f9:57:b5, 2085-97-04 00:94:00:2038,0.001,0.046,0.995,-0.061,-0.366,0,2.609,-0.148,-141.636,-49,-56.9,-22.533,29.22,0.32825,0.0062,-0.02194,-0.94427
 13:48:32.938,eb:33:2e:f9:57:b5, 2085-97-05 00:93:00:2040,0.003,0.046,0.995,-0.122,-0.305,-0.061,2.609,-0.148,-141.636,-49,-56.9,-22.533,29.22,0.32825,0.0062,-0.02194,-0.94427
 13:48:32.967,eb:33:2e:f9:57:b5, 2085-97-08 00:93:00:2039,0.003,0.045,0.995,-0.122,-0.244,-0.061,2.609,-0.148,-141.636,-49,-56.9,-22.533,29.22,0.32825,0.0062,-0.02194,-0.94427
 13:48:32.967,eb:33:2e:f9:57:b5, 2085-97-03 00:90:00:2037,0.002,0.045,0.996,-0.061,-0.183,-0.061,2.609,-0.148,-141.636,-49,-56.9,-22.533,29.22,0.32825,0.0062,-0.02194,-0.94427
 13:48:32.967,eb:33:2e:f9:57:b5, 2085-97-03 00:91:00:2038,0.004,0.046,0.996,-0.061,-0.305,-0.061,2.609,-0.148,-141.63,-49,-56.9,-22.533,29.22,0.32825,0.0062,-0.02194,-0.94427
 13:48:32.968,eb:33:2e:f9:57:b5, 2085-97-08 00:92:00:2042,0.003,0.045,0.998,0.061,-0.183,0,2.609,-0.148,-141.63,-49,-56.9,-22.533,29.22,0.32825,0.0062,-0.02194,-0.94427
 13:48:33.028,eb:33:2e:f9:57:b5, 2085-97-06 00:92:00:2039,0.002,0.045,0.996,-0.061,-0.122,0,2.609,-0.148,-141.63,-49,-56.9,-22.533,29.22,0.32825,0.0062,-0.02194,-0.94427
 13:48:33.028,eb:33:2e:f9:57:b5, 2085-97-07 00:97:00:2039,0.002,0.045,0.995,-0.061,-0.183,0,2.609,-0.148,-141.63,-49,-56.9,-22.533,29.22,0.32825,0.0062,-0.02194,-0.94427
 13:48:33.028,eb:33:2e:f9:57:b5, 2085-97-02 00:93:00:2037,0.002,0.046,0.995,-0.122,-0.122,-0.061,2.609,-0.148,-141.625,-49,-56.9,-22.533,29.22,0.32825,0.0062,-0.02194,-0.94427
 13:48:33.028,eb:33:2e:f9:57:b5, 2085-97-06 00:92:00:2039,0.003,0.044,0.995,-0.122,-0.305,-0.122,2.609,-0.148,-141.625,-49,-56.9,-22.533,29.22,0.32825,0.0062,-0.02194,-0.94427
 13:48:33.057,eb:33:2e:f9:57:b5, 2085-97-09 00:93:00:2039,0.003,0.045,0.996,-0.061,-0.305,-0.061,2.609,-0.148,-141.625,-49,-56.9,-22.533,29.22,0.32825,0.0062,-0.02194,-0.94427
 13:48:33.057,eb:33:2e:f9:57:b5, 2085-97-05 00:94:00:2039,0.003,0.045,0.995,-0.122,-0.244,0,2.609,-0.148,-141.625,-49,-56.9,-22.533,29.22,0.32825,0.0062,-0.02194,-0.94427
 13:48:33.057,eb:33:2e:f9:57:b5, 2085-97-06 00:94:00:2037,0.002,0.046,0.995,-0.183,-0.305,-0.061,2.609,-0.148,-141.619,-49,-56.9,-22.533,29.22,0.32825,0.0062,-0.02194,-0.94427
 13:48:33.057,eb:33:2e:f9:57:b5, 2085-97-04 00:93:00:2037,0.004,0.046,0.994,-0.122,-0.305,-0.122,2.609,-0.148,-141.619,-49,-56.9,-22.533,29.22,0.32825,0.0062,-0.02194,-0.94427
 13:48:33.088,eb:33:2e:f9:57:b5, 2085-97-08 00:89:00:2041,0.004,0.045,0.996,-0.122,-0.305,-0.122,2.609,-0.148,-141.614,-48.2,-56.3,-23.3,29.22,0.32825,0.0062,-0.02194,-0.94427
 13:48:33.088,eb:33:2e:f9:57:b5, 2085-97-09 00:93:00:2042,0.003,0.045,0.998,-0.061,-0.244,-0.122,2.609,-0.148,-141.614,-48.2,-56.3,-23.3,29.22,0.32825,0.0062,-0.02194,-0.94427
 13:48:33.088,eb:33:2e:f9:57:b5, 2085-97-09 00:92:00:2044,0.004,0.044,0.997,-0.061,-0.183,-0.061,2.609,-0.154,-141.614,-48.2,-56.3,-23.3,29.22,0.32825,0.0062,-0.02194,-0.94427
 13:48:33.088,eb:33:2e:f9:57:b5, 2085-97-07 00:93:00:2042,0.003,0.045,0.998,-0.061,-0.061,0,2.609,-0.154,-141.614,-48.2,-56.3,-23.3,29.22,0.32825,0.0062,-0.02194,-0.94427
 13:48:33.147,eb:33:2e:f9:57:b5, 2085-97-04 00:91:00:2035,0.001,0.044,0.996,-0.061,-0.061,-0.061,2.609,-0.154,-141.608,-48.2,-56.3,-23.3,29.22,0.32825,0.0062,-0.02194,-0.94427
 13:48:33.147,eb:33:2e:f9:57:b5, 2085-97-06 00:92:00:2038,0.003,0.044,0.994,0,-0.183,0,2.609,-0.154,-141.608,-48.2,-56.3,-23.3,29.22,0.32825,0.0062,-0.02194,-0.94427
 13:48:33.147,eb:33:2e:f9:57:b5, 2085-97-05 00:93:00:2038,0.001,0.045,0.996,0,-0.183,0,2.609,-0.154,-141.608,-48.2,-56.3,-23.3,29.22,0.32825,0.0062,-0.02194,-0.94427
 13:48:33.147,eb:33:2e:f9:57:b5, 2085-97-04 00:93:00:2037,0.003,0.045,0.996,0,-0.244,0.061,2.609,-0.154,-141.608,-48.2,-56.3,-23.3,29.22,0.32825,0.0062,-0.02194,-0.94427
 13:48:33.206,eb:33:2e:f9:57:b5, 2085-97-05 00:95:00:2038,0.002,0.045,0.995,-0.061,-0.305,0,2.609,-0.154,-141.603,-48.2,-56.3,-23.3,29.22,0.32867,0.0062,-0.02194,-0.94412
 13:48:33.206,eb:33:2e:f9:57:b5, 2085-97-05 00:94:00:2037,0.003,0.045,0.995,-0.061,-0.305,0,2.609,-0.154,-141.603,-48.2,-56.3,-23.3,29.22,0.32867,0.0062,-0.02194,-0.94412
 13:48:33.206,eb:33:2e:f9:57:b5, 2085-97-09 00:94:00:2042,0.004,0.046,0.996,-0.183,-0.244,-0.061,2.609,-0.154,-141.603,-48.2,-56.3,-23.3,29.22,0.32867,0.0062,-0.02194,-0.94412
 13:48:33.206,eb:33:2e:f9:57:b5, 2085-97-06 00:92:00:2040,0.003,0.045,0.997,-0.122,-0.183,-0.061,2.609,-0.154,-141.603,-48.2,-56.3,-23.3,29.22,0.32867,0.0062,-0.02194,-0.94412
 13:48:33.237,eb:33:2e:f9:57:b5, 2085-97-05 00:92:00:2041,0.003,0.044,0.996,-0.061,-0.244,-0.061,2.609,-0.154,-141.597,-48.2,-56.3,-23.3,29.22,0.32867,0.0062,-0.02194,-0.94412
 13:48:33.237,eb:33:2e:f9:57:b5, 2085-97-06 00:91:00:2038,0.002,0.044,0.997,-0.061,-0.122,-0.061,2.609,-0.154,-141.597,-48.2,-56.3,-23.3,29.22,0.32867,0.0062,-0.02194,-0.94412
 13:48:33.237,eb:33:2e:f9:57:b5, 2085-97-04 00:89:00:2037,0.004,0.044,0.995,0,-0.122,0,2.609,-0.154,-141.597,-48.2,-56.3,-23.3,29.22,0.32867,0.0062,-0.02194,-0.94412
 13:48:33.237,eb:33:2e:f9:57:b5, 2085-97-11 00:92:00:2044,0.005,0.043,0.997,0.061,-0.244,0,2.609,-0.154,-141.597,-48.2,-56.3,-23.3,29.22,0.32867,0.0062,-0.02194,-0.94412
 13:48:33.267,eb:33:2e:f9:57:b5, 2085-97-08 00:93:00:2041,0.003,0.045,0.998,0,-0.122,0,2.609,-0.154,-141.592,-48.2,-56.3,-23.3,29.22,0.32867,0.0062,-0.02194,-0.94412
 13:48:33.267,eb:33:2e:f9:57:b5, 2085-97-06 00:92:00:2038,0.003,0.045,0.996,0.061,-0.122,0,2.609,-0.154,-141.592,-48.2,-56.3,-23.3,29.22,0.32867,0.0062,-0.02194,-0.94412
 13:48:33.267,eb:33:2e:f9:57:b5, 2085-97-05 00:96:00:2035,0.003,0.046,0.994,0,-0.122,0,2.609,-0.154,-141.592,-48.2,-56.3,-23.3,29.22,0.32867,0.0062,-0.02194,-0.94412
 13:48:33.267,eb:33:2e:f9:57:b5, 2085-97-09 00:92:00:2040,0.003,0.045,0.995,0,-0.122,0,2.609,-0.154,-141.592,-48.2,-56.3,-23.3,29.22,0.32867,0.0062,-0.02194,-0.94412
 13:48:33.298,eb:33:2e:f9:57:b5, 2085-97-07 00:93:00:2040,0.004,0.045,0.997,0,-0.122,0,2.609,-0.154,-141.586,-48.2,-56.3,-23.3,29.22,0.32867,0.0062,-0.02194,-0.94412
 13:48:33.298,eb:33:2e:f9:57:b5, 2085-97-07 00:92:00:2038,0.002,0.045,0.996,0,-0.061,-0.122,2.609,-0.154,-141.586,-48.2,-56.3,-23.3,29.22,0.32867,0.0062,-0.02194,-0.94412
 13:48:33.298,eb:33:2e:f9:57:b5, 2085-97-07 00:92:00:2040,0.004,0.044,0.995,0,-0.183,-0.061,2.609,-0.154,-141.586,-48.2,-56.3,-23.3,29.22,0.32867,0.0062,-0.02194,-0.94412
 13:48:33.298,eb:33:2e:f9:57:b5, 2085-97-07 00:92:00:2041,0.003,0.045,0.998,0,-0.122,0,2.609,-0.154,-141.586,-48.2,-56.3,-23.3,29.22,0.32867,0.0062,-0.02194,-0.94412
 13:48:33.359,eb:33:2e:f9:57:b5, 2085-97-04 00:91:00:2037,0.003,0.045,0.996,-0.061,-0.061,0,2.609,-0.154,-141.581,-48.2,-56.3,-23.3,29.22,0.32867,0.0062,-0.02194,-0.94412
 13:48:33.359,eb:33:2e:f9:57:b5, 2085-97-07 00:91:00:2041,0.004,0.044,0.996,-0.061,-0.122,0.061,2.609,-0.154,-141.581,-48.2,-56.3,-23.3,29.22,0.32867,0.0062,-0.02194,-0.94412
 13:48:33.359,eb:33:2e:f9:57:b5, 2085-97-07 00:90:00:2042,0.004,0.044,0.997,0,-0.061,0,2.609,-0.154,-141.581,-48.2,-56.3,-23.3,29.22,0.32867,0.0062,-0.02194,-0.94412
 13:48:33.359,eb:33:2e:f9:57:b5, 2085-97-09 00:90:00:2044,0.005,0.044,0.998,0.061,-0.061,0.061,2.604,-0.154,-141.581,-48.2,-56.3,-23.3,29.22,0.32867,0.0062,-0.02194,-0.94412
 13:48:33.388,eb:33:2e:f9:57:b5, 2085-97-10 00:92:00:2041,0.004,0.046,0.998,0.122,0.061,0.122,2.604,-0.154,-141.575,-48.2,-56.3,-23.3,29.22,0.32867,0.0062,-0.02194,-0.94412
 13:48:33.388,eb:33:2e:f9:57:b5, 2085-97-07 00:93:00:2040,0.003,0.045,0.998,0.183,0.122,0.122,2.604,-0.154,-141.575,-48.2,-56.3,-23.3,29.22,0.32867,0.0062,-0.02194,-0.94412
 13:48:33.388,eb:33:2e:f9:57:b5, 2085-97-06 00:91:00:2037,0.003,0.044,0.995,0.122,0.122,0.122,2.604,-0.159,-141.575,-48.2,-56.3,-23.3,29.22,0.32867,0.0062,-0.02194,-0.94412
 13:48:33.389,eb:33:2e:f9:57:b5, 2085-97-07 00:94:00:2036,0.002,0.045,0.995,0.122,0.061,0.122,2.604,-0.159,-141.575,-48.2,-56.3,-23.3,29.22,0.32867,0.0062,-0.02194,-0.94412
 13:48:33.389,eb:33:2e:f9:57:b5, 2085-113-58 00:194:227:-8295,0.003,0.046,0.993,0,0.061,0.061,2.604,-0.159,-141.575,-48.2,-56.3,-23.3,29.22,0.32867,0.0062,-0.02194,-0.94412
 13:48:33.418,eb:33:2e:f9:57:b5, 2085-97-06 00:93:00:2035,0.003,0.046,0.993,0.061,0.061,0.061,2.604,-0.159,-141.575,-48.2,-55.3,-22.873,29.22,0.32867,0.0062,-0.02194,-0.94412
 13:48:33.418,eb:33:2e:f9:57:b5, 2085-97-04 00:94:00:2037,0.002,0.046,0.995,0,0.061,0,2.604,-0.159,-141.575,-48.2,-55.3,-22.873,29.22,0.32867,0.0062,-0.02194,-0.94412
 13:48:33.418,eb:33:2e:f9:57:b5, 2085-97-06 00:93:00:2039,0.003,0.045,0.995,0,0,0,2.604,-0.159,-141.57,-48.2,-55.3,-22.873,29.22,0.32867,0.0062,-0.02194,-0.94412
 13:48:33.418,eb:33:2e:f9:57:b5, 2085-97-10 00:90:00:2045,0.004,0.044,0.997,0.061,0,0,2.604,-0.159,-141.57,-48.2,-55.3,-22.873,29.22,0.32867,0.0062,-0.02194,-0.94412
 13:48:33.477,eb:33:2e:f9:57:b5, 2085-97-06 00:93:00:2040,0.002,0.046,0.998,0.122,0.122,0.061,2.604,-0.159,-141.57,-48.2,-55.3,-22.873,29.22,0.32867,0.0062,-0.02194,-0.94412
 13:48:33.477,eb:33:2e:f9:57:b5, 2085-97-05 00:91:00:2039,0.003,0.045,0.995,0,0.061,0.061,2.604,-0.159,-141.57,-48.2,-55.3,-22.873,29.22,0.32867,0.0062,-0.02194,-0.94412
 13:48:33.477,eb:33:2e:f9:57:b5, 2085-97-08 00:89:00:2042,0.004,0.043,0.997,0.183,0.061,0.061,2.604,-0.159,-141.564,-48.2,-55.3,-22.873,29.22,0.32867,0.0062,-0.02194,-0.94412
 13:48:33.477,eb:33:2e:f9:57:b5, 2085-97-10 00:92:00:2042,0.004,0.044,0.997,0.183,0.183,0.183,2.604,-0.159,-141.564,-48.2,-55.3,-22.873,29.22,0.32867,0.0062,-0.02194,-0.94412
 13:48:33.507,eb:33:2e:f9:57:b5, 2085-97-08 00:91:00:2040,0.002,0.044,0.998,0.183,0.244,0.183,2.604,-0.159,-141.564,-48.2,-55.3,-22.873,29.22,0.32907,0.00616,-0.02194,-0.94397
 13:48:33.507,eb:33:2e:f9:57:b5, 2085-97-08 00:93:00:2041,0.005,0.044,0.996,0.244,0.183,0.244,2.604,-0.159,-141.564,-48.2,-55.3,-22.873,29.22,0.32907,0.00616,-0.02194,-0.94397
 13:48:33.507,eb:33:2e:f9:57:b5, 2085-97-10 00:95:00:2042,0.003,0.045,0.998,0.244,0.305,0.244,2.604,-0.159,-141.559,-48.2,-55.3,-22.873,29.22,0.32907,0.00616,-0.02194,-0.94397
 13:48:33.507,eb:33:2e:f9:57:b5, 2085-97-03 00:95:00:2035,0.001,0.045,0.996,0.122,0.366,0.305,2.604,-0.159,-141.559,-48.2,-55.3,-22.873,29.22,0.32907,0.00616,-0.02194,-0.94397
 13:48:33.568,eb:33:2e:f9:57:b5, 2085-97-03 00:95:00:2035,0.002,0.046,0.993,0.122,0.305,0.244,2.604,-0.159,-141.559,-48.2,-55.3,-22.873,29.22,0.32907,0.00616,-0.02194,-0.94397
 13:48:33.568,eb:33:2e:f9:57:b5, 2085-97-05 00:93:00:2039,0.003,0.046,0.994,0.122,0.244,0.183,2.604,-0.159,-141.559,-48.2,-55.3,-22.873,29.22,0.32907,0.00616,-0.02194,-0.94397
 13:48:33.568,eb:33:2e:f9:57:b5, 2085-97-05 00:92:00:2034,0.002,0.046,0.994,0.061,0.183,0.122,2.604,-0.159,-141.553,-48.2,-55.3,-22.873,29.22,0.32907,0.00616,-0.02194,-0.94397
 13:48:33.569,eb:33:2e:f9:57:b5, 2085-97-03 00:94:00:2036,0.002,0.046,0.994,0.061,0.122,0.061,2.604,-0.159,-141.553,-48.2,-55.3,-22.873,29.22,0.32907,0.00616,-0.02194,-0.94397
 13:48:33.598,eb:33:2e:f9:57:b5, 2085-97-07 00:93:00:2037,0.002,0.046,0.995,0.061,0.061,0.061,2.604,-0.159,-141.553,-48.2,-55.3,-22.873,29.22,0.32907,0.00616,-0.02194,-0.94397
 13:48:33.598,eb:33:2e:f9:57:b5, 2085-97-06 00:94:00:2039,0.004,0.046,0.996,0,0.061,0.061,2.604,-0.159,-141.553,-48.2,-55.3,-22.873,29.22,0.32907,0.00616,-0.02194,-0.94397
 13:48:33.598,eb:33:2e:f9:57:b5, 2085-97-08 00:91:00:2040,0.004,0.045,0.996,0,0.122,0.061,2.604,-0.159,-141.548,-48.2,-55.3,-22.873,29.22,0.32907,0.00616,-0.02194,-0.94397
 13:48:33.598,eb:33:2e:f9:57:b5, 2085-97-06 00:95:00:2038,0.002,0.045,0.996,0.061,0.244,0.061,2.604,-0.159,-141.548,-48.2,-55.3,-22.873,29.22,0.32907,0.00616,-0.02194,-0.94397
 13:48:33.627,eb:33:2e:f9:57:b5, 2085-97-04 00:93:00:2039,0.002,0.046,0.995,0,0.244,0.061,2.604,-0.159,-141.548,-48.2,-55.3,-22.873,29.22,0.32907,0.00616,-0.02194,-0.94397
 13:48:33.627,eb:33:2e:f9:57:b5, 2085-97-08 00:91:00:2041,0.003,0.045,0.995,0,0.183,0.061,2.604,-0.159,-141.548,-48.2,-55.3,-22.873,29.22,0.32907,0.00616,-0.02194,-0.94397
 13:48:33.627,eb:33:2e:f9:57:b5, 2085-97-05 00:92:00:2038,0.001,0.045,0.997,0,0.183,0.061,2.604,-0.159,-141.542,-48.2,-55.3,-22.873,29.22,0.32907,0.00616,-0.02194,-0.94397
 13:48:33.627,eb:33:2e:f9:57:b5, 2085-97-00 00:91:00:2035,0.001,0.044,0.995,0.061,0.122,0.061,2.604,-0.159,-141.542,-48.2,-55.3,-22.873,29.22,0.32907,0.00616,-0.02194,-0.94397
 13:48:33.688,eb:33:2e:f9:57:b5, 2085-97-05 00:93:00:2040,0.002,0.044,0.996,0.061,0.061,0.183,2.604,-0.159,-141.542,-48.2,-55.3,-22.873,29.22,0.32907,0.00616,-0.02194,-0.94397
 13:48:33.688,eb:33:2e:f9:57:b5, 2085-97-03 00:93:00:2037,0.001,0.047,0.996,0,0.061,0.122,2.604,-0.159,-141.542,-48.2,-55.3,-22.873,29.22,0.32907,0.00616,-0.02194,-0.94397
 13:48:33.688,eb:33:2e:f9:57:b5, 2085-97-04 00:92:00:2036,0.003,0.045,0.994,0,0,0.122,2.604,-0.159,-141.537,-48.2,-55.3,-22.873,29.22,0.32907,0.00616,-0.02194,-0.94397
 13:48:33.688,eb:33:2e:f9:57:b5, 2085-97-08 00:92:00:2040,0.003,0.045,0.995,0,0.061,0.183,2.604,-0.159,-141.537,-48.2,-55.3,-22.873,29.22,0.32907,0.00616,-0.02194,-0.94397
 13:48:33.717,eb:33:2e:f9:57:b5, 2085-97-06 00:95:00:2041,0.002,0.046,0.997,0,0.122,0.122,2.604,-0.159,-141.537,-48.2,-55.3,-22.873,29.22,0.32907,0.00616,-0.02194,-0.94397
 13:48:33.717,eb:33:2e:f9:57:b5, 2085-97-08 00:95:00:2040,0.003,0.045,0.995,0,0.122,0.122,2.604,-0.159,-141.537,-48.2,-55.3,-22.873,29.22,0.32907,0.00616,-0.02194,-0.94397
 13:48:33.717,eb:33:2e:f9:57:b5, 2085-97-04 00:94:00:2038,0.001,0.046,0.996,0,0.183,0.061,2.604,-0.159,-141.531,-48.2,-55.3,-22.873,29.22,0.32907,0.00616,-0.02194,-0.94397
 13:48:33.717,eb:33:2e:f9:57:b5, 2085-97-04 00:93:00:2036,0.002,0.045,0.995,0,0.122,0.061,2.604,-0.159,-141.531,-48.2,-55.3,-22.873,29.22,0.32907,0.00616,-0.02194,-0.94397
 13:48:33.748,eb:33:2e:f9:57:b5, 2085-97-01 00:93:00:2037,0.001,0.046,0.995,-0.061,0.122,0.061,2.604,-0.159,-141.531,-47.7,-56.5,-24.1,29.22,0.32907,0.00616,-0.02194,-0.94397
 13:48:33.748,eb:33:2e:f9:57:b5, 2085-97-05 00:91:00:2038,0.002,0.045,0.996,-0.061,0.061,0.061,2.604,-0.159,-141.531,-47.7,-56.5,-24.1,29.22,0.32907,0.00616,-0.02194,-0.94397
 13:48:33.748,eb:33:2e:f9:57:b5, 2085-97-05 00:93:00:2038,0.002,0.046,0.995,0,0.061,0,2.604,-0.159,-141.526,-47.7,-56.5,-24.1,29.22,0.32907,0.00616,-0.02194,-0.94397
 13:48:33.748,eb:33:2e:f9:57:b5, 2085-97-05 00:93:00:2040,0.001,0.045,0.996,0,0,0.061,2.604,-0.159,-141.526,-47.7,-56.5,-24.1,29.22,0.32907,0.00616,-0.02194,-0.94397
 13:48:33.777,eb:33:2e:f9:57:b5, 2085-97-03 00:93:00:2039,0.003,0.045,0.996,0,0.061,0.061,2.604,-0.159,-141.526,-47.7,-56.5,-24.1,29.22,0.32907,0.00616,-0.02194,-0.94397
 13:48:33.777,eb:33:2e:f9:57:b5, 2085-97-06 00:93:00:2041,0.003,0.046,0.996,0.061,0.061,0.061,2.604,-0.159,-141.526,-47.7,-56.5,-24.1,29.22,0.32907,0.00616,-0.02194,-0.94397
 13:48:33.777,eb:33:2e:f9:57:b5, 2085-97-02 00:94:00:2038,0.001,0.045,0.996,0,0.061,0.122,2.604,-0.159,-141.52,-47.7,-56.5,-24.1,29.22,0.32907,0.00616,-0.02194,-0.94397
 13:48:33.777,eb:33:2e:f9:57:b5, 2085-97-03 00:93:00:2036,0,0.046,0.995,0,0,0.061,2.604,-0.159,-141.52,-47.7,-56.5,-24.1,29.22,0.32907,0.00616,-0.02194,-0.94397
 13:48:33.837,eb:33:2e:f9:57:b5, 2085-97-04 00:93:00:2037,0.002,0.045,0.994,0,0,0,2.604,-0.159,-141.52,-47.7,-56.5,-24.1,29.22,0.32941,0.00613,-0.02194,-0.94385
 13:48:33.837,eb:33:2e:f9:57:b5, 2085-97-06 00:93:00:2040,0.002,0.046,0.996,0,0,0,2.604,-0.159,-141.52,-47.7,-56.5,-24.1,29.22,0.32941,0.00613,-0.02194,-0.94385
 13:48:33.837,eb:33:2e:f9:57:b5, 2085-97-02 00:94:00:2038,0.001,0.046,0.996,0,0.061,0,2.604,-0.159,-141.515,-47.7,-56.5,-24.1,29.22,0.32941,0.00613,-0.02194,-0.94385
 13:48:33.837,eb:33:2e:f9:57:b5, 2085-97-03 00:96:00:2038,0.002,0.046,0.996,0,0.122,0,2.604,-0.159,-141.515,-47.7,-56.5,-24.1,29.22,0.32941,0.00613,-0.02194,-0.94385
 13:48:33.867,eb:33:2e:f9:57:b5, 2085-97-05 00:92:00:2041,0.001,0.046,0.997,0,0.061,0,2.604,-0.159,-141.515,-47.7,-56.5,-24.1,29.22,0.32941,0.00613,-0.02194,-0.94385
 13:48:33.867,eb:33:2e:f9:57:b5, 2085-97-02 00:94:00:2037,0.001,0.045,0.996,0,0.061,0,2.604,-0.159,-141.515,-47.7,-56.5,-24.1,29.22,0.32941,0.00613,-0.02194,-0.94385
 13:48:33.867,eb:33:2e:f9:57:b5, 2085-97-02 00:91:00:2038,0.003,0.045,0.995,0,0.061,0,2.604,-0.159,-141.509,-47.7,-56.5,-24.1,29.22,0.32941,0.00613,-0.02194,-0.94385
 13:48:33.867,eb:33:2e:f9:57:b5, 2085-97-05 00:92:00:2038,0,0.045,0.995,0,0,0,2.604,-0.159,-141.509,-47.7,-56.5,-24.1,29.22,0.32941,0.00613,-0.02194,-0.94385
 13:48:33.927,eb:33:2e:f9:57:b5, 2085-97-01 00:90:00:2039,0.002,0.045,0.995,0.061,0,0,2.604,-0.159,-141.509,-47.7,-56.5,-24.1,29.22,0.32941,0.00613,-0.02194,-0.94385
 13:48:33.927,eb:33:2e:f9:57:b5, 2085-97-08 00:94:00:2044,0.003,0.044,0.997,0.183,0,0.061,2.604,-0.159,-141.509,-47.7,-56.5,-24.1,29.22,0.32941,0.00613,-0.02194,-0.94385
 13:48:33.927,eb:33:2e:f9:57:b5, 2085-97-05 00:94:00:2041,0.002,0.046,0.998,0.122,0.061,0.122,2.604,-0.159,-141.504,-47.7,-56.5,-24.1,29.22,0.32941,0.00613,-0.02194,-0.94385
 13:48:33.928,eb:33:2e:f9:57:b5, 2085-97-04 00:92:00:2041,0.002,0.045,0.997,0.061,0.061,0.122,2.604,-0.159,-141.504,-47.7,-56.5,-24.1,29.22,0.32941,0.00613,-0.02194,-0.94385
 13:48:33.958,eb:33:2e:f9:57:b5, 2085-97-04 00:96:00:2038,0.001,0.045,0.996,0.061,0.122,0.183,2.604,-0.159,-141.504,-47.7,-56.5,-24.1,29.22,0.32941,0.00613,-0.02194,-0.94385
 13:48:33.958,eb:33:2e:f9:57:b5, 2085-97-03 00:94:00:2037,0.002,0.047,0.995,0,0.122,0.122,2.604,-0.159,-141.504,-47.7,-56.5,-24.1,29.22,0.32941,0.00613,-0.02194,-0.94385
 13:48:33.958,eb:33:2e:f9:57:b5, 2085-97-04 00:93:00:2038,0.001,0.046,0.996,0.061,0.122,0.122,2.604,-0.159,-141.498,-47.7,-56.5,-24.1,29.22,0.32941,0.00613,-0.02194,-0.94385
 13:48:33.958,eb:33:2e:f9:57:b5, 2085-97-04 00:95:00:2038,0.003,0.046,0.995,0,0.122,0.122,2.604,-0.159,-141.498,-47.7,-56.5,-24.1,29.22,0.32941,0.00613,-0.02194,-0.94385
 13:48:33.988,eb:33:2e:f9:57:b5, 2085-97-03 00:92:00:2037,0.001,0.045,0.996,0.122,0.183,0.122,2.604,-0.159,-141.498,-47.7,-56.5,-24.1,29.22,0.32941,0.00613,-0.02194,-0.94385
 13:48:33.988,eb:33:2e:f9:57:b5, 2085-97-02 00:94:00:2036,0,0.045,0.996,0.122,0.183,0.122,2.604,-0.159,-141.498,-47.7,-56.5,-24.1,29.22,0.32941,0.00613,-0.02194,-0.94385
 13:48:33.988,eb:33:2e:f9:57:b5, 2085-97-05 00:94:00:2039,0,0.045,0.995,0.122,0.061,0.061,2.604,-0.159,-141.498,-47.7,-56.5,-24.1,29.22,0.32941,0.00613,-0.02194,-0.94385
 13:48:33.988,eb:33:2e:f9:57:b5, 2085-113-58 00:44:227:-8370,0,0.045,0.995,0.061,0.061,0.122,2.604,-0.159,-141.498,-47.7,-56.5,-24.1,29.22,0.32941,0.00613,-0.02194,-0.94385
 13:48:34.018,eb:33:2e:f9:57:b5, 2085-97-01 00:96:00:2037,0,0.046,0.995,0.061,0.061,0.061,2.604,-0.159,-141.493,-49.2,-55.8,-22.507,29.22,0.32941,0.00613,-0.02194,-0.94385
 13:48:34.018,eb:33:2e:f9:57:b5, 2085-97-03 00:97:00:2039,0.001,0.047,0.994,0,0.061,0,2.604,-0.159,-141.493,-49.2,-55.8,-22.507,29.22,0.32941,0.00613,-0.02194,-0.94385
 13:48:34.018,eb:33:2e:f9:57:b5, 2085-97-05 00:93:00:2040,0.002,0.046,0.996,0,0,0,2.604,-0.159,-141.493,-49.2,-55.8,-22.507,29.22,0.32941,0.00613,-0.02194,-0.94385
 13:48:34.018,eb:33:2e:f9:57:b5, 2085-97-04 00:92:00:2041,0.002,0.046,0.996,0,0.122,0,2.604,-0.159,-141.493,-49.2,-55.8,-22.507,29.22,0.32941,0.00613,-0.02194,-0.94385
 13:48:34.108,eb:33:2e:f9:57:b5, 2085-97-07 00:92:00:2043,0.003,0.044,0.997,0.122,0.122,0.061,2.604,-0.159,-141.487,-49.2,-55.8,-22.507,29.22,0.32941,0.00613,-0.02194,-0.94385
 13:48:34.108,eb:33:2e:f9:57:b5, 2085-97-06 00:92:00:2040,0,0.045,0.998,0.122,0.183,0.183,2.604,-0.159,-141.487,-49.2,-55.8,-22.507,29.22,0.32941,0.00613,-0.02194,-0.94385
 13:48:34.108,eb:33:2e:f9:57:b5, 2085-97-02 00:94:00:2039,0,0.046,0.996,0.122,0.244,0.183,2.604,-0.159,-141.487,-49.2,-55.8,-22.507,29.22,0.32941,0.00613,-0.02194,-0.94385
 13:48:34.108,eb:33:2e:f9:57:b5, 2085-97-02 00:95:00:2039,0.001,0.045,0.995,0.122,0.244,0.183,2.604,-0.159,-141.487,-49.2,-55.8,-22.507,29.22,0.32941,0.00613,-0.02194,-0.94385
 13:48:34.110,eb:33:2e:f9:57:b5, 2085-97-04 00:94:00:2038,0,0.046,0.995,0.122,0.244,0.183,2.604,-0.159,-141.482,-49.2,-55.8,-22.507,29.22,0.32968,0.00616,-0.02194,-0.94376
 13:48:34.110,eb:33:2e:f9:57:b5, 2085-97-01 00:98:00:2035,0.002,0.045,0.995,0.183,0.183,0.061,2.604,-0.159,-141.482,-49.2,-55.8,-22.507,29.22,0.32968,0.00616,-0.02194,-0.94376
 13:48:34.110,eb:33:2e:f9:57:b5, 2085-97-04 00:94:00:2036,0.001,0.047,0.997,0.122,0.183,0.122,2.604,-0.159,-141.482,-49.2,-55.8,-22.507,29.22,0.32968,0.00616,-0.02194,-0.94376
 13:48:34.110,eb:33:2e:f9:57:b5, 2085-97-04 00:96:00:2042,0.002,0.046,0.995,0.061,0.122,0.122,2.604,-0.159,-141.482,-49.2,-55.8,-22.507,29.22,0.32968,0.00616,-0.02194,-0.94376
 13:48:34.137,eb:33:2e:f9:57:b5, 2085-97-02 00:94:00:2039,0.001,0.047,0.997,0.061,0.244,0.061,2.604,-0.159,-141.476,-49.2,-55.8,-22.507,29.22,0.32968,0.00616,-0.02194,-0.94376
 13:48:34.137,eb:33:2e:f9:57:b5, 2085-97-03 00:95:00:2041,0.001,0.046,0.997,0.061,0.305,0.061,2.604,-0.159,-141.476,-49.2,-55.8,-22.507,29.22,0.32968,0.00616,-0.02194,-0.94376
 13:48:34.137,eb:33:2e:f9:57:b5, 2085-97-01 00:96:00:2039,0,0.047,0.996,0,0.305,0.183,2.604,-0.159,-141.476,-49.2,-55.8,-22.507,29.22,0.32968,0.00616,-0.02194,-0.94376
 13:48:34.137,eb:33:2e:f9:57:b5, 2085-97-00 00:96:00:2037,0,0.047,0.995,0,0.244,0.122,2.604,-0.159,-141.476,-49.2,-55.8,-22.507,29.22,0.32968,0.00616,-0.02194,-0.94376
 13:48:34.197,eb:33:2e:f9:57:b5, 2085-97-255 255:93:00:2037,0.001,0.047,0.995,0,0.183,0.122,2.604,-0.159,-141.471,-49.2,-55.8,-22.507,29.22,0.32968,0.00616,-0.02194,-0.94376
 13:48:34.197,eb:33:2e:f9:57:b5, 2085-97-05 00:94:00:2043,0.003,0.046,0.996,0.061,0.122,0.122,2.604,-0.159,-141.471,-49.2,-55.8,-22.507,29.22,0.32968,0.00616,-0.02194,-0.94376
 13:48:34.197,eb:33:2e:f9:57:b5, 2085-97-03 00:94:00:2039,0.001,0.046,0.998,0,0.183,0.122,2.604,-0.159,-141.471,-49.2,-55.8,-22.507,29.22,0.32968,0.00616,-0.02194,-0.94376
 13:48:34.197,eb:33:2e:f9:57:b5, 2085-97-00 00:93:00:2038,0.001,0.046,0.996,0.061,0.244,0.183,2.609,-0.159,-141.471,-49.2,-55.8,-22.507,29.22,0.32968,0.00616,-0.02194,-0.94376
 13:48:34.228,eb:33:2e:f9:57:b5, 2085-97-02 00:96:00:2038,0,0.046,0.995,0.061,0.244,0.122,2.609,-0.159,-141.465,-49.2,-55.8,-22.507,29.22,0.32968,0.00616,-0.02194,-0.94376
 13:48:34.228,eb:33:2e:f9:57:b5, 2085-97-254 255:93:00:2035,0.001,0.046,0.995,0.061,0.244,0.061,2.609,-0.159,-141.465,-49.2,-55.8,-22.507,29.22,0.32968,0.00616,-0.02194,-0.94376
 13:48:34.228,eb:33:2e:f9:57:b5, 2085-97-00 00:94:00:2037,0,0.046,0.995,0.122,0.183,0.061,2.609,-0.159,-141.465,-49.2,-55.8,-22.507,29.22,0.32968,0.00616,-0.02194,-0.94376
 13:48:34.228,eb:33:2e:f9:57:b5, 2085-97-00 00:96:00:2038,0,0.046,0.996,0.183,0.183,0.122,2.609,-0.159,-141.465,-49.2,-55.8,-22.507,29.22,0.32968,0.00616,-0.02194,-0.94376
 13:48:34.257,eb:33:2e:f9:57:b5, 2085-97-00 00:96:00:2036,0,0.047,0.996,0.061,0.122,0.061,2.609,-0.159,-141.46,-49.2,-55.8,-22.507,29.22,0.32968,0.00616,-0.02194,-0.94376
 13:48:34.257,eb:33:2e:f9:57:b5, 2085-97-00 00:95:00:2038,0.002,0.046,0.995,0.061,0.122,0.061,2.609,-0.154,-141.46,-49.2,-55.8,-22.507,29.22,0.32968,0.00616,-0.02194,-0.94376
 13:48:34.257,eb:33:2e:f9:57:b5, 2085-97-05 00:96:00:2042,0.001,0.047,0.997,0,0.183,0.122,2.609,-0.154,-141.46,-49.2,-55.8,-22.507,29.22,0.32968,0.00616,-0.02194,-0.94376
 13:48:34.257,eb:33:2e:f9:57:b5, 2085-97-00 00:96:00:2039,0,0.046,0.996,0.061,0.244,0.061,2.609,-0.154,-141.46,-49.2,-55.8,-22.507,29.22,0.32968,0.00616,-0.02194,-0.94376
 13:48:34.317,eb:33:2e:f9:57:b5, 2085-97-03 00:97:00:2042,0,0.047,0.996,0.061,0.244,0.122,2.609,-0.154,-141.46,-49.2,-55.8,-22.507,29.22,0.32968,0.00616,-0.02194,-0.94376
 13:48:34.317,eb:33:2e:f9:57:b5, 2085-97-01 00:95:00:2041,-0.001,0.047,0.997,0,0.305,0.122,2.609,-0.154,-141.46,-49.2,-55.8,-22.507,29.22,0.32968,0.00616,-0.02194,-0.94376
 13:48:34.317,eb:33:2e:f9:57:b5, 2085-97-252 255:91:00:2033,0,0.045,0.994,0.061,0.305,0.183,2.609,-0.154,-141.454,-49.2,-55.8,-22.507,29.22,0.32968,0.00616,-0.02194,-0.94376
 13:48:34.317,eb:33:2e:f9:57:b5, 2085-97-02 00:96:00:2038,0,0.045,0.994,0.122,0.122,0.183,2.609,-0.154,-141.454,-49.2,-55.8,-22.507,29.22,0.32968,0.00616,-0.02194,-0.94376
 13:48:34.347,eb:33:2e:f9:57:b5, 2085-97-254 255:98:00:2031,-0.002,0.046,0.993,0.122,0.122,0.122,2.609,-0.154,-141.454,-47.6,-56.4,-23.9,29.22,0.32968,0.00616,-0.02194,-0.94376
 13:48:34.347,eb:33:2e:f9:57:b5, 2085-97-252 255:96:00:2029,-0.003,0.047,0.991,0.061,0,0,2.609,-0.154,-141.454,-47.6,-56.4,-23.9,29.22,0.32968,0.00616,-0.02194,-0.94376
 13:48:34.347,eb:33:2e:f9:57:b5, 2085-97-255 255:94:00:2037,0,0.046,0.993,0,-0.061,0,2.609,-0.154,-141.449,-47.6,-56.4,-23.9,29.22,0.32968,0.00616,-0.02194,-0.94376
 13:48:34.347,eb:33:2e:f9:57:b5, 2085-97-02 00:96:00:2042,0.001,0.046,0.996,0.061,-0.061,-0.061,2.609,-0.154,-141.449,-47.6,-56.4,-23.9,29.22,0.32968,0.00616,-0.02194,-0.94376
 13:48:34.378,eb:33:2e:f9:57:b5, 2085-97-02 00:95:00:2042,0.001,0.046,0.998,0,0,0,2.609,-0.154,-141.449,-47.6,-56.4,-23.9,29.22,0.32968,0.00616,-0.02194,-0.94376
 13:48:34.378,eb:33:2e:f9:57:b5, 2085-97-03 00:96:00:2044,0.001,0.046,0.998,0,0,0,2.609,-0.154,-141.449,-47.6,-56.4,-23.9,29.22,0.32968,0.00616,-0.02194,-0.94376
 13:48:34.378,eb:33:2e:f9:57:b5, 2085-97-00 00:94:00:2041,0.001,0.047,0.997,0,0.061,0,2.609,-0.154,-141.443,-47.6,-56.4,-23.9,29.22,0.32968,0.00616,-0.02194,-0.94376
 13:48:34.378,eb:33:2e:f9:57:b5, 2085-97-03 00:92:00:2046,0.001,0.045,0.999,0,0.061,0.061,2.609,-0.154,-141.443,-47.6,-56.4,-23.9,29.22,0.32968,0.00616,-0.02194,-0.94376
 13:48:34.439,eb:33:2e:f9:57:b5, 2085-97-254 255:93:00:2038,0,0.046,0.999,0,0.122,0.061,2.609,-0.154,-141.443,-47.6,-56.4,-23.9,29.22,0.33005,0.00623,-0.02194,-0.94363
 13:48:34.439,eb:33:2e:f9:57:b5, 2085-97-00 00:95:00:2038,0,0.047,0.995,0,0.061,0.122,2.609,-0.148,-141.443,-47.6,-56.4,-23.9,29.22,0.33005,0.00623,-0.02194,-0.94363
 13:48:34.439,eb:33:2e:f9:57:b5, 2085-97-253 255:94:00:2037,-0.001,0.045,0.995,0,0.122,0.061,2.609,-0.154,-141.438,-47.6,-56.4,-23.9,29.22,0.33005,0.00623,-0.02194,-0.94363
 13:48:34.439,eb:33:2e:f9:57:b5, 2085-97-254 255:96:00:2035,0,0.046,0.994,0,0,0.122,2.609,-0.148,-141.438,-47.6,-56.4,-23.9,29.22,0.33005,0.00623,-0.02194,-0.94363
 13:48:34.468,eb:33:2e:f9:57:b5, 2085-97-00 00:94:00:2038,0,0.046,0.995,0,0,0.122,2.609,-0.148,-141.438,-47.6,-56.4,-23.9,29.22,0.33005,0.00623,-0.02194,-0.94363
 13:48:34.469,eb:33:2e:f9:57:b5, 2085-97-254 255:95:00:2034,0,0.047,0.994,0,0,0.061,2.609,-0.148,-141.438,-47.6,-56.4,-23.9,29.22,0.33005,0.00623,-0.02194,-0.94363
 13:48:34.469,eb:33:2e:f9:57:b5, 2085-97-01 00:93:00:2039,0.001,0.046,0.994,0,-0.061,0.061,2.609,-0.148,-141.432,-47.6,-56.4,-23.9,29.22,0.33005,0.00623,-0.02194,-0.94363
 13:48:34.469,eb:33:2e:f9:57:b5, 2085-97-03 00:96:00:2042,0.001,0.046,0.997,0,0,0,2.609,-0.148,-141.432,-47.6,-56.4,-23.9,29.22,0.33005,0.00623,-0.02194,-0.94363
 13:48:34.498,eb:33:2e:f9:57:b5, 2085-97-252 255:94:00:2035,-0.001,0.047,0.996,0,0,0.061,2.609,-0.148,-141.432,-47.6,-56.4,-23.9,29.22,0.33005,0.00623,-0.02194,-0.94363
 13:48:34.498,eb:33:2e:f9:57:b5, 2085-97-00 00:98:00:2038,0,0.047,0.995,-0.061,0,0,2.609,-0.148,-141.432,-47.6,-56.4,-23.9,29.22,0.33005,0.00623,-0.02194,-0.94363
 13:48:34.498,eb:33:2e:f9:57:b5, 2085-97-254 255:96:00:2036,0,0.048,0.995,-0.122,0,0,2.609,-0.148,-141.427,-47.6,-56.4,-23.9,29.22,0.33005,0.00623,-0.02194,-0.94363
 13:48:34.498,eb:33:2e:f9:57:b5, 2085-97-00 00:94:00:2037,-0.001,0.046,0.995,-0.122,-0.061,0,2.609,-0.148,-141.427,-47.6,-56.4,-23.9,29.22,0.33005,0.00623,-0.02194,-0.94363
 13:48:34.558,eb:33:2e:f9:57:b5, 2085-97-255 255:94:00:2035,0,0.045,0.993,-0.122,-0.122,0,2.609,-0.148,-141.427,-47.6,-56.4,-23.9,29.22,0.33005,0.00623,-0.02194,-0.94363
 13:48:34.558,eb:33:2e:f9:57:b5, 2085-97-00 00:93:00:2039,0,0.047,0.996,-0.122,-0.122,0.061,2.609,-0.148,-141.427,-47.6,-56.4,-23.9,29.22,0.33005,0.00623,-0.02194,-0.94363
 13:48:34.558,eb:33:2e:f9:57:b5, 2085-97-00 00:95:00:2038,0,0.046,0.995,-0.122,-0.244,0,2.609,-0.148,-141.422,-47.6,-56.4,-23.9,29.22,0.33005,0.00623,-0.02194,-0.94363
 13:48:34.558,eb:33:2e:f9:57:b5, 2085-97-00 00:94:00:2041,0.001,0.046,0.995,-0.122,-0.244,0,2.609,-0.148,-141.422,-47.6,-56.4,-23.9,29.22,0.33005,0.00623,-0.02194,-0.94363
 13:48:34.588,eb:33:2e:f9:57:b5, 2085-97-02 00:96:00:2041,0.001,0.046,0.997,-0.061,-0.183,0,2.609,-0.148,-141.422,-47.6,-56.4,-23.9,29.22,0.33005,0.00623,-0.02194,-0.94363
 13:48:34.588,eb:33:2e:f9:57:b5, 2085-97-01 00:95:00:2041,0.002,0.046,0.996,-0.122,-0.122,0.061,2.615,-0.143,-141.422,-47.6,-56.4,-23.9,29.22,0.33005,0.00623,-0.02194,-0.94363
 13:48:34.588,eb:33:2e:f9:57:b5, 2085-97-05 00:94:00:2044,0,0.047,0.997,-0.061,-0.122,0.061,2.609,-0.143,-141.422,-47.6,-56.4,-23.9,29.22,0.33005,0.00623,-0.02194,-0.94363
 13:48:34.588,eb:33:2e:f9:57:b5, 2085-97-00 00:93:00:2040,0,0.044,0.997,-0.122,0,0.061,2.615,-0.143,-141.422,-47.6,-56.4,-23.9,29.22,0.33005,0.00623,-0.02194,-0.94363
 13:48:34.648,eb:33:2e:f9:57:b5, 2085-97-02 00:96:00:2041,0.001,0.046,0.996,-0.122,0,0.122,2.615,-0.143,-141.416,-48.9,-57,-21.94,29.22,0.33005,0.00623,-0.02194,-0.94363
 13:48:34.648,eb:33:2e:f9:57:b5, 2085-97-255 255:96:00:2038,-0.001,0.047,0.997,-0.061,0,0.122,2.615,-0.143,-141.416,-48.9,-57,-21.94,29.22,0.33005,0.00623,-0.02194,-0.94363
 13:48:34.648,eb:33:2e:f9:57:b5, 2085-97-00 00:96:00:2041,0,0.046,0.996,-0.122,-0.061,0.183,2.615,-0.143,-141.416,-48.9,-57,-21.94,29.22,0.33005,0.00623,-0.02194,-0.94363
 13:48:34.648,eb:33:2e:f9:57:b5, 2085-97-00 00:92:00:2038,0,0.047,0.996,-0.122,0,0.183,2.615,-0.143,-141.416,-48.9,-57,-21.94,29.22,0.33005,0.00623,-0.02194,-0.94363
 13:48:34.648,eb:33:2e:f9:57:b5, 2085-97-01 00:95:00:2041,0.001,0.046,0.996,-0.122,0,0.183,2.615,-0.143,-141.411,-48.9,-57,-21.94,29.22,0.33005,0.00623,-0.02194,-0.94363
 13:48:34.678,eb:33:2e:f9:57:b5, 2085-113-81 00:72:42:207,0,0.045,0.997,-0.061,0,0.183,2.615,-0.143,-141.411,-48.9,-57,-21.94,29.22,0.33032,0.00632,-0.02194,-0.94354
 13:48:34.678,eb:33:2e:f9:57:b5, 2085-97-255 255:94:00:2039,0,0.045,0.996,-0.122,0,0.122,2.615,-0.143,-141.411,-48.9,-57,-21.94,29.22,0.33032,0.00632,-0.02194,-0.94354
 13:48:34.678,eb:33:2e:f9:57:b5, 2085-97-00 00:94:00:2039,-0.001,0.046,0.995,0,-0.061,0.183,2.615,-0.143,-141.411,-48.9,-57,-21.94,29.22,0.33032,0.00632,-0.02194,-0.94354
 13:48:34.678,eb:33:2e:f9:57:b5, 2085-97-00 00:94:00:2036,0,0.046,0.996,-0.061,-0.061,0.183,2.615,-0.143,-141.411,-48.9,-57,-21.94,29.22,0.33032,0.00632,-0.02194,-0.94354
 13:48:34.707,eb:33:2e:f9:57:b5, 2085-97-254 255:93:00:2036,-0.001,0.046,0.994,0,-0.122,0.183,2.615,-0.143,-141.405,-48.9,-57,-21.94,29.22,0.33032,0.00632,-0.02194,-0.94354
 13:48:34.707,eb:33:2e:f9:57:b5, 2085-97-00 00:93:00:2039,0,0.045,0.994,0,-0.183,0.061,2.615,-0.143,-141.405,-48.9,-57,-21.94,29.22,0.33032,0.00632,-0.02194,-0.94354
 13:48:34.707,eb:33:2e:f9:57:b5, 2085-97-00 00:94:00:2034,0,0.046,0.995,0,-0.122,0,2.615,-0.143,-141.405,-48.9,-57,-21.94,29.22,0.33032,0.00632,-0.02194,-0.94354
 13:48:34.707,eb:33:2e:f9:57:b5, 2085-97-255 255:95:00:2036,0,0.046,0.994,0,-0.244,0,2.615,-0.143,-141.405,-48.9,-57,-21.94,29.22,0.33032,0.00632,-0.02194,-0.94354
 13:48:34.767,eb:33:2e:f9:57:b5, 2085-97-01 00:96:00:2041,-0.001,0.046,0.996,-0.061,-0.305,0,2.615,-0.143,-141.4,-48.9,-57,-21.94,29.22,0.33032,0.00632,-0.02194,-0.94354
 13:48:34.767,eb:33:2e:f9:57:b5, 2085-97-255 255:95:00:2037,0,0.046,0.995,0,-0.244,0,2.615,-0.143,-141.4,-48.9,-57,-21.94,29.22,0.33032,0.00632,-0.02194,-0.94354
 13:48:34.767,eb:33:2e:f9:57:b5, 2085-97-02 00:97:00:2039,0,0.046,0.996,0,-0.305,0,2.615,-0.143,-141.4,-48.9,-57,-21.94,29.22,0.33032,0.00632,-0.02194,-0.94354
 13:48:34.767,eb:33:2e:f9:57:b5, 2085-97-00 00:94:00:2038,0,0.046,0.995,0,-0.305,0,2.615,-0.137,-141.4,-48.9,-57,-21.94,29.22,0.33032,0.00632,-0.02194,-0.94354
 13:48:34.827,eb:33:2e:f9:57:b5, 2085-97-04 00:93:00:2041,0.002,0.046,0.996,0,-0.305,0,2.615,-0.137,-141.4,-48.9,-57,-21.94,29.22,0.33032,0.00632,-0.02194,-0.94354
 13:48:34.827,eb:33:2e:f9:57:b5, 2085-97-01 00:92:00:2041,0,0.046,0.997,0,-0.244,0,2.615,-0.137,-141.394,-48.9,-57,-21.94,29.22,0.33032,0.00632,-0.02194,-0.94354
 13:48:34.827,eb:33:2e:f9:57:b5, 2085-97-02 00:92:00:2044,0.002,0.045,0.997,0,-0.244,0,2.615,-0.137,-141.394,-48.9,-57,-21.94,29.22,0.33032,0.00632,-0.02194,-0.94354
 13:48:34.827,eb:33:2e:f9:57:b5, 2085-97-03 00:94:00:2044,0,0.046,0.999,0,-0.122,0,2.615,-0.137,-141.394,-48.9,-57,-21.94,29.22,0.33032,0.00632,-0.02194,-0.94354
 13:48:34.829,eb:33:2e:f9:57:b5, 2085-97-00 00:93:00:2040,0.001,0.046,0.997,0.061,-0.061,0,2.615,-0.137,-141.394,-48.9,-57,-21.94,29.22,0.33032,0.00632,-0.02194,-0.94354
 13:48:34.829,eb:33:2e:f9:57:b5, 2085-97-02 00:96:00:2038,0,0.047,0.996,0.061,-0.122,0,2.615,-0.137,-141.394,-48.9,-57,-21.94,29.22,0.33032,0.00632,-0.02194,-0.94354
 13:48:34.829,eb:33:2e:f9:57:b5, 2085-97-255 255:94:00:2037,0,0.046,0.994,0,-0.122,0,2.615,-0.137,-141.389,-48.9,-57,-21.94,29.22,0.33032,0.00632,-0.02194,-0.94354
 13:48:34.829,eb:33:2e:f9:57:b5, 2085-97-02 00:94:00:2038,0,0.046,0.995,0.061,-0.122,0,2.615,-0.137,-141.389,-48.9,-57,-21.94,29.22,0.33032,0.00632,-0.02194,-0.94354
 13:48:34.888,eb:33:2e:f9:57:b5, 2085-97-02 00:92:00:2042,0,0.046,0.996,0.122,-0.122,0,2.615,-0.137,-141.389,-48.9,-57,-21.94,29.22,0.33032,0.00632,-0.02194,-0.94354
 13:48:34.888,eb:33:2e:f9:57:b5, 2085-97-00 00:96:00:2037,0,0.046,0.996,0.061,-0.061,0,2.615,-0.137,-141.389,-48.9,-57,-21.94,29.22,0.33032,0.00632,-0.02194,-0.94354
 13:48:34.888,eb:33:2e:f9:57:b5, 2085-97-01 00:94:00:2040,0,0.046,0.995,0.061,-0.122,0,2.615,-0.137,-141.383,-48.9,-57,-21.94,29.22,0.33032,0.00632,-0.02194,-0.94354
 13:48:34.888,eb:33:2e:f9:57:b5, 2085-97-01 00:93:00:2041,0,0.046,0.996,0.122,-0.122,0,2.615,-0.137,-141.383,-48.9,-57,-21.94,29.22,0.33032,0.00632,-0.02194,-0.94354
 13:48:34.947,eb:33:2e:f9:57:b5, 2085-97-01 00:93:00:2038,0.001,0.046,0.997,0.122,-0.183,0,2.615,-0.137,-141.383,-47.7,-55.9,-21.687,29.22,0.33032,0.00632,-0.02194,-0.94354
 13:48:34.947,eb:33:2e:f9:57:b5, 2085-97-00 00:94:00:2039,0,0.046,0.996,0.061,-0.122,0,2.615,-0.137,-141.383,-47.7,-55.9,-21.687,29.22,0.33032,0.00632,-0.02194,-0.94354
 13:48:34.947,eb:33:2e:f9:57:b5, 2085-97-01 00:94:00:2040,0,0.046,0.995,0.122,-0.183,0,2.615,-0.137,-141.378,-47.7,-55.9,-21.687,29.22,0.33032,0.00632,-0.02194,-0.94354
 13:48:34.947,eb:33:2e:f9:57:b5, 2085-97-02 00:94:00:2040,0.001,0.045,0.996,0.061,-0.183,0,2.615,-0.137,-141.378,-47.7,-55.9,-21.687,29.22,0.33032,0.00632,-0.02194,-0.94354
 13:48:34.950,eb:33:2e:f9:57:b5, 2085-97-02 00:95:00:2041,0,0.045,0.997,0.122,-0.122,0.061,2.615,-0.137,-141.378,-47.7,-55.9,-21.687,29.22,0.33032,0.00632,-0.02194,-0.94354
 13:48:34.950,eb:33:2e:f9:57:b5, 2085-97-01 00:94:00:2040,0.001,0.046,0.996,0.122,-0.122,0.061,2.615,-0.137,-141.378,-47.7,-55.9,-21.687,29.22,0.33032,0.00632,-0.02194,-0.94354
 13:48:34.950,eb:33:2e:f9:57:b5, 2085-97-02 00:94:00:2040,0.001,0.046,0.997,0.061,-0.061,0,2.615,-0.137,-141.378,-47.7,-55.9,-21.687,29.22,0.33032,0.00632,-0.02194,-0.94354
 13:48:34.950,eb:33:2e:f9:57:b5, 2085-97-03 00:94:00:2041,0.001,0.046,0.996,0.122,-0.061,0.061,2.615,-0.132,-141.378,-47.7,-55.9,-21.687,29.22,0.33032,0.00632,-0.02194,-0.94354
 13:48:35.037,eb:33:2e:f9:57:b5, 2085-97-02 00:94:00:2039,0,0.046,0.997,0.122,0,0.122,2.615,-0.137,-141.372,-47.7,-55.9,-21.687,29.22,0.33063,0.00641,-0.02194,-0.94345
 13:48:35.037,eb:33:2e:f9:57:b5, 2085-97-00 00:96:00:2039,0,0.046,0.996,0.061,0.061,0.061,2.615,-0.132,-141.372,-47.7,-55.9,-21.687,29.22,0.33063,0.00641,-0.02194,-0.94345
 13:48:35.037,eb:33:2e:f9:57:b5, 2085-97-00 00:95:00:2038,0.001,0.046,0.996,0,0,0.183,2.615,-0.132,-141.372,-47.7,-55.9,-21.687,29.22,0.33063,0.00641,-0.02194,-0.94345
 13:48:35.037,eb:33:2e:f9:57:b5, 2085-97-00 00:93:00:2038,0,0.046,0.995,0,0,0.122,2.615,-0.132,-141.372,-47.7,-55.9,-21.687,29.22,0.33063,0.00641,-0.02194,-0.94345
 13:48:35.039,eb:33:2e:f9:57:b5, 2085-97-02 00:96:00:2038,0,0.045,0.995,0.122,-0.061,0.183,2.615,-0.132,-141.367,-47.7,-55.9,-21.687,29.22,0.33063,0.00641,-0.02194,-0.94345
 13:48:35.039,eb:33:2e:f9:57:b5, 2085-97-02 00:97:00:2037,0,0.048,0.995,0.061,0,0.122,2.615,-0.132,-141.367,-47.7,-55.9,-21.687,29.22,0.33063,0.00641,-0.02194,-0.94345
 13:48:35.039,eb:33:2e:f9:57:b5, 2085-97-00 00:95:00:2036,0,0.047,0.995,0,-0.061,0.061,2.615,-0.132,-141.367,-47.7,-55.9,-21.687,29.22,0.33063,0.00641,-0.02194,-0.94345
 13:48:35.039,eb:33:2e:f9:57:b5, 2085-97-01 00:95:00:2039,0.001,0.045,0.994,0,-0.122,0.061,2.615,-0.132,-141.367,-47.7,-55.9,-21.687,29.22,0.33063,0.00641,-0.02194,-0.94345
 13:48:35.068,eb:33:2e:f9:57:b5, 2085-97-01 00:96:00:2038,0,0.047,0.997,0,-0.122,0,2.615,-0.132,-141.361,-47.7,-55.9,-21.687,29.22,0.33063,0.00641,-0.02194,-0.94345
 13:48:35.068,eb:33:2e:f9:57:b5, 2085-97-02 00:95:00:2039,0.001,0.047,0.995,0,-0.122,0,2.615,-0.132,-141.361,-47.7,-55.9,-21.687,29.22,0.33063,0.00641,-0.02194,-0.94345
 13:48:35.068,eb:33:2e:f9:57:b5, 2085-97-03 00:96:00:2039,0.001,0.046,0.996,-0.061,-0.122,0.061,2.615,-0.132,-141.361,-47.7,-55.9,-21.687,29.22,0.33063,0.00641,-0.02194,-0.94345
 13:48:35.068,eb:33:2e:f9:57:b5, 2085-97-01 00:97:00:2037,0.001,0.048,0.995,-0.061,-0.122,0.061,2.615,-0.132,-141.361,-47.7,-55.9,-21.687,29.22,0.33063,0.00641,-0.02194,-0.94345
 13:48:35.127,eb:33:2e:f9:57:b5, 2085-97-03 00:91:00:2041,0.001,0.046,0.995,0,-0.122,0,2.615,-0.132,-141.361,-47.7,-55.9,-21.687,29.22,0.33063,0.00641,-0.02194,-0.94345
 13:48:35.127,eb:33:2e:f9:57:b5, 2085-97-02 00:95:00:2041,0.001,0.045,0.997,-0.061,-0.061,0.061,2.615,-0.132,-141.356,-47.7,-55.9,-21.687,29.22,0.33063,0.00641,-0.02194,-0.94345
 13:48:35.127,eb:33:2e:f9:57:b5, 2085-97-00 00:93:00:2040,0,0.046,0.997,0,0,0,2.615,-0.132,-141.356,-47.7,-55.9,-21.687,29.22,0.33063,0.00641,-0.02194,-0.94345
 13:48:35.127,eb:33:2e:f9:57:b5, 2085-97-02 00:95:00:2041,0,0.045,0.997,0,-0.122,0,2.615,-0.132,-141.356,-47.7,-55.9,-21.687,29.22,0.33063,0.00641,-0.02194,-0.94345
 13:48:35.158,eb:33:2e:f9:57:b5, 2085-97-01 00:95:00:2039,0,0.046,0.996,0,-0.061,0.061,2.615,-0.132,-141.356,-47.7,-55.9,-21.687,29.22,0.33063,0.00641,-0.02194,-0.94345
 13:48:35.158,eb:33:2e:f9:57:b5, 2085-97-00 00:95:00:2037,0,0.047,0.996,0,-0.061,0.061,2.615,-0.132,-141.356,-47.7,-55.9,-21.687,29.22,0.33063,0.00641,-0.02194,-0.94345
 13:48:35.158,eb:33:2e:f9:57:b5, 2085-97-02 00:98:00:2037,0.001,0.046,0.995,0,0,0,2.615,-0.132,-141.35,-47.7,-55.9,-21.687,29.22,0.33063,0.00641,-0.02194,-0.94345
 13:48:35.158,eb:33:2e:f9:57:b5, 2085-97-03 00:96:00:2040,0,0.046,0.995,0,-0.061,0,2.615,-0.132,-141.35,-47.7,-55.9,-21.687,29.22,0.33063,0.00641,-0.02194,-0.94345
 13:48:35.187,eb:33:2e:f9:57:b5, 2085-97-03 00:95:00:2038,0.001,0.046,0.996,-0.061,-0.061,0,2.615,-0.132,-141.35,-48.9,-56.3,-26.313,29.22,0.33063,0.00641,-0.02194,-0.94345
 13:48:35.187,eb:33:2e:f9:57:b5, 2085-97-02 00:96:00:2038,0,0.046,0.996,-0.061,-0.061,0,2.615,-0.132,-141.35,-48.9,-56.3,-26.313,29.22,0.33063,0.00641,-0.02194,-0.94345
 13:48:35.187,eb:33:2e:f9:57:b5, 2085-97-01 00:97:00:2038,0,0.046,0.996,-0.061,-0.122,0,2.615,-0.132,-141.345,-48.9,-56.3,-26.313,29.22,0.33063,0.00641,-0.02194,-0.94345
 13:48:35.187,eb:33:2e:f9:57:b5, 2085-97-00 00:95:00:2038,0,0.046,0.995,-0.061,-0.122,0,2.615,-0.132,-141.345,-48.9,-56.3,-26.313,29.22,0.33063,0.00641,-0.02194,-0.94345
 13:48:35.247,eb:33:2e:f9:57:b5, 2085-97-00 00:96:00:2038,0,0.045,0.995,-0.061,-0.122,-0.061,2.615,-0.132,-141.345,-48.9,-56.3,-26.313,29.22,0.33063,0.00641,-0.02194,-0.94345
 13:48:35.247,eb:33:2e:f9:57:b5, 2085-97-02 00:96:00:2039,0.001,0.046,0.995,0,-0.122,-0.061,2.615,-0.132,-141.345,-48.9,-56.3,-26.313,29.22,0.33063,0.00641,-0.02194,-0.94345
 13:48:35.247,eb:33:2e:f9:57:b5, 2085-97-04 00:93:00:2042,0.002,0.045,0.996,0,-0.122,-0.061,2.615,-0.132,-141.339,-48.9,-56.3,-26.313,29.22,0.33063,0.00641,-0.02194,-0.94345
 13:48:35.247,eb:33:2e:f9:57:b5, 2085-97-04 00:96:00:2041,0.002,0.047,0.997,0,-0.061,-0.061,2.615,-0.132,-141.339,-48.9,-56.3,-26.313,29.22,0.33063,0.00641,-0.02194,-0.94345
 13:48:35.277,eb:33:2e:f9:57:b5, 2085-97-00 00:91:00:2041,0,0.046,0.996,0,-0.061,-0.061,2.615,-0.132,-141.339,-48.9,-56.3,-26.313,29.22,0.33087,0.00647,-0.02194,-0.94333
 13:48:35.277,eb:33:2e:f9:57:b5, 2085-97-00 00:94:00:2038,0.001,0.045,0.996,0,-0.122,0,2.62,-0.132,-141.339,-48.9,-56.3,-26.313,29.22,0.33087,0.00647,-0.02194,-0.94333
 13:48:35.277,eb:33:2e:f9:57:b5, 2085-97-05 00:97:00:2041,0.001,0.046,0.996,0,-0.183,0,2.615,-0.132,-141.339,-48.9,-56.3,-26.313,29.22,0.33087,0.00647,-0.02194,-0.94333
 13:48:35.277,eb:33:2e:f9:57:b5, 2085-97-02 00:94:00:2040,0.001,0.046,0.996,0,-0.122,-0.061,2.62,-0.126,-141.339,-48.9,-56.3,-26.313,29.22,0.33087,0.00647,-0.02194,-0.94333
 13:48:35.308,eb:33:2e:f9:57:b5, 2085-97-02 00:96:00:2040,0.001,0.046,0.996,0,0,0,2.62,-0.126,-141.334,-48.9,-56.3,-26.313,29.22,0.33087,0.00647,-0.02194,-0.94333
 13:48:35.308,eb:33:2e:f9:57:b5, 2085-97-03 00:96:00:2041,0.002,0.046,0.997,0,-0.061,0,2.62,-0.126,-141.334,-48.9,-56.3,-26.313,29.22,0.33087,0.00647,-0.02194,-0.94333
 13:48:35.308,eb:33:2e:f9:57:b5, 2085-97-07 00:94:00:2041,0.003,0.046,0.997,0,0,0,2.62,-0.126,-141.334,-48.9,-56.3,-26.313,29.22,0.33087,0.00647,-0.02194,-0.94333
 13:48:35.308,eb:33:2e:f9:57:b5, 2085-97-04 00:96:00:2041,0,0.047,0.997,0,0.122,0,2.62,-0.126,-141.334,-48.9,-56.3,-26.313,29.22,0.33087,0.00647,-0.02194,-0.94333
 13:48:35.368,eb:33:2e:f9:57:b5, 2085-97-01 00:92:00:2038,0.001,0.045,0.995,0,0.122,0,2.62,-0.126,-141.328,-48.9,-56.3,-26.313,29.22,0.33087,0.00647,-0.02194,-0.94333
 13:48:35.368,eb:33:2e:f9:57:b5, 2085-97-02 00:94:00:2039,0.002,0.045,0.995,0,0.061,0,2.62,-0.126,-141.328,-48.9,-56.3,-26.313,29.22,0.33087,0.00647,-0.02194,-0.94333
 13:48:35.368,eb:33:2e:f9:57:b5, 2085-97-02 00:93:00:2040,0,0.046,0.997,0,0.122,0,2.62,-0.126,-141.328,-48.9,-56.3,-26.313,29.22,0.33087,0.00647,-0.02194,-0.94333
 13:48:35.369,eb:33:2e:f9:57:b5, 2085-97-01 00:94:00:2038,0,0.045,0.996,0.061,0.122,0,2.62,-0.126,-141.328,-48.9,-56.3,-26.313,29.22,0.33087,0.00647,-0.02194,-0.94333
 13:48:35.398,eb:33:2e:f9:57:b5, 2085-97-00 00:94:00:2037,0,0.046,0.996,0.061,0.122,0.061,2.62,-0.126,-141.328,-48.9,-56.3,-26.313,29.22,0.33087,0.00647,-0.02194,-0.94333
 13:48:35.398,eb:33:2e:f9:57:b5, 2085-97-00 00:95:00:2037,0,0.045,0.995,0.061,0,0.061,2.62,-0.126,-141.328,-48.9,-56.3,-26.313,29.22,0.33087,0.00647,-0.02194,-0.94333
 13:48:35.398,eb:33:2e:f9:57:b5, 2085-97-03 00:95:00:2037,0.001,0.046,0.995,0,0,0.061,2.62,-0.126,-141.323,-48.9,-56.3,-26.313,29.22,0.33087,0.00647,-0.02194,-0.94333
 13:48:35.398,eb:33:2e:f9:57:b5, 2085-97-02 00:96:00:2039,0.001,0.046,0.996,0,0.061,0,2.62,-0.126,-141.323,-48.9,-56.3,-26.313,29.22,0.33087,0.00647,-0.02194,-0.94333
 13:48:35.428,eb:33:2e:f9:57:b5, 2085-97-02 00:95:00:2038,0,0.047,0.995,0,0.061,0,2.62,-0.126,-141.323,-48.9,-56.3,-26.313,29.22,0.33087,0.00647,-0.02194,-0.94333
 13:48:35.428,eb:33:2e:f9:57:b5, 2085-97-02 00:96:00:2038,0.001,0.047,0.995,0,0.061,-0.061,2.62,-0.126,-141.323,-48.9,-56.3,-26.313,29.22,0.33087,0.00647,-0.02194,-0.94333
 13:48:35.428,eb:33:2e:f9:57:b5, 2085-97-03 00:94:00:2041,0.001,0.046,0.996,0,0.061,-0.061,2.62,-0.126,-141.317,-48.9,-56.3,-26.313,29.22,0.33087,0.00647,-0.02194,-0.94333
 13:48:35.428,eb:33:2e:f9:57:b5, 2085-97-02 00:95:00:2040,0,0.046,0.997,0,0.122,-0.061,2.62,-0.126,-141.317,-48.9,-56.3,-26.313,29.22,0.33087,0.00647,-0.02194,-0.94333
 13:48:35.487,eb:33:2e:f9:57:b5, 2085-97-02 00:94:00:2038,0.002,0.046,0.995,0.061,0.122,0,2.62,-0.126,-141.317,-48.9,-56.3,-26.313,29.22,0.33087,0.00647,-0.02194,-0.94333
 13:48:35.487,eb:33:2e:f9:57:b5, 2085-113-58 00:43:228:-8250,0.003,0.047,0.997,0.122,0.183,-0.122,2.62,-0.126,-141.317,-48.9,-56.3,-26.313,29.22,0.33087,0.00647,-0.02194,-0.94333
 13:48:35.487,eb:33:2e:f9:57:b5, 2085-97-04 00:96:00:2040,0,0.046,0.998,0.061,0.244,-0.122,2.62,-0.126,-141.312,-48.9,-56.3,-26.313,29.22,0.33087,0.00647,-0.02194,-0.94333
 13:48:35.487,eb:33:2e:f9:57:b5, 2085-97-00 00:96:00:2037,0,0.047,0.996,0.061,0.244,-0.061,2.62,-0.126,-141.312,-48.9,-56.3,-26.313,29.22,0.33087,0.00647,-0.02194,-0.94333
 13:48:35.518,eb:33:2e:f9:57:b5, 2085-97-02 00:98:00:2038,0.001,0.048,0.994,0,0.244,-0.122,2.62,-0.126,-141.312,-47.5,-55,-23.653,29.22,0.33087,0.00647,-0.02194,-0.94333
 13:48:35.518,eb:33:2e:f9:57:b5, 2085-97-251 255:91:00:2034,-0.001,0.047,0.994,0.061,0.305,-0.305,2.62,-0.126,-141.312,-47.5,-55,-23.653,29.22,0.33087,0.00647,-0.02194,-0.94333
 13:48:35.518,eb:33:2e:f9:57:b5, 2085-97-252 255:92:00:2033,0.002,0.046,0.994,0.061,0.122,-0.427,2.62,-0.126,-141.312,-47.5,-55,-23.653,29.22,0.33087,0.00647,-0.02194,-0.94333
 13:48:35.518,eb:33:2e:f9:57:b5, 2085-97-08 00:99:00:2042,0.002,0.049,0.996,0.061,0.122,-0.427,2.62,-0.126,-141.312,-47.5,-55,-23.653,29.22,0.33087,0.00647,-0.02194,-0.94333
 13:48:35.577,eb:33:2e:f9:57:b5, 2085-97-01 00:92:00:2041,0,0.046,0.997,0.061,0.244,-0.549,2.62,-0.126,-141.306,-47.5,-55,-23.653,29.22,0.33087,0.00647,-0.02194,-0.94333
 13:48:35.577,eb:33:2e:f9:57:b5, 2085-97-02 00:93:00:2042,0.001,0.045,0.996,0.122,0.183,-0.61,2.62,-0.126,-141.306,-47.5,-55,-23.653,29.22,0.33087,0.00647,-0.02194,-0.94333
 13:48:35.577,eb:33:2e:f9:57:b5, 2085-97-01 00:92:00:2040,0,0.046,0.997,0.183,0.244,-0.61,2.62,-0.126,-141.306,-47.5,-55,-23.653,29.22,0.33087,0.00647,-0.02194,-0.94333
 13:48:35.577,eb:33:2e:f9:57:b5, 2085-97-255 255:99:00:2037,0,0.047,0.996,0.244,0.305,-0.61,2.62,-0.126,-141.306,-47.5,-55,-23.653,29.22,0.33087,0.00647,-0.02194,-0.94333
 13:48:35.607,eb:33:2e:f9:57:b5, 2085-97-253 255:93:00:2036,0,0.047,0.994,0.183,0.305,-0.61,2.62,-0.126,-141.301,-47.5,-55,-23.653,29.22,0.33118,0.0065,-0.02194,-0.94324
 13:48:35.608,eb:33:2e:f9:57:b5, 2085-97-01 00:98:00:2037,0,0.047,0.994,0.183,0.122,-0.61,2.62,-0.126,-141.301,-47.5,-55,-23.653,29.22,0.33118,0.0065,-0.02194,-0.94324
 13:48:35.608,eb:33:2e:f9:57:b5, 2085-97-255 255:94:00:2036,0,0.046,0.995,0.122,0.183,-0.671,2.62,-0.126,-141.301,-47.5,-55,-23.653,29.22,0.33118,0.0065,-0.02194,-0.94324
 13:48:35.608,eb:33:2e:f9:57:b5, 2085-97-255 255:96:00:2038,0.001,0.047,0.994,0.122,0.122,-0.61,2.62,-0.126,-141.301,-47.5,-55,-23.653,29.22,0.33118,0.0065,-0.02194,-0.94324
 13:48:35.667,eb:33:2e:f9:57:b5, 2085-97-04 00:93:00:2042,0,0.047,0.996,0.122,0.122,-0.671,2.62,-0.126,-141.301,-47.5,-55,-23.653,29.22,0.33118,0.0065,-0.02194,-0.94324
 13:48:35.667,eb:33:2e:f9:57:b5, 2085-97-255 255:95:00:2037,0,0.046,0.997,0.183,0.305,-0.549,2.62,-0.126,-141.301,-47.5,-55,-23.653,29.22,0.33118,0.0065,-0.02194,-0.94324
 13:48:35.667,eb:33:2e:f9:57:b5, 2085-97-253 255:94:00:2035,-0.001,0.048,0.994,0.122,0.244,-0.61,2.62,-0.126,-141.295,-47.5,-55,-23.653,29.22,0.33118,0.0065,-0.02194,-0.94324
 13:48:35.667,eb:33:2e:f9:57:b5, 2085-97-254 255:97:00:2036,-0.002,0.048,0.993,0.061,0.122,-0.549,2.62,-0.121,-141.295,-47.5,-55,-23.653,29.22,0.33118,0.0065,-0.02194,-0.94324
 13:48:35.669,eb:33:2e:f9:57:b5, 2085-97-255 255:95:00:2037,0,0.047,0.994,0.061,0,-0.61,2.62,-0.126,-141.295,-47.5,-55,-23.653,29.22,0.33118,0.0065,-0.02194,-0.94324
 13:48:35.669,eb:33:2e:f9:57:b5, 2085-97-254 255:96:00:2040,0,0.046,0.995,0.061,0,-0.549,2.62,-0.121,-141.295,-47.5,-55,-23.653,29.22,0.33118,0.0065,-0.02194,-0.94324
 13:48:35.669,eb:33:2e:f9:57:b5, 2085-97-02 00:96:00:2047,0.001,0.047,0.998,0.061,0,-0.427,2.62,-0.121,-141.29,-47.5,-55,-23.653,29.22,0.33118,0.0065,-0.02194,-0.94324
 13:48:35.669,eb:33:2e:f9:57:b5, 2085-97-01 00:95:00:2043,0,0.047,0.999,0.061,0.122,-0.305,2.62,-0.121,-141.29,-47.5,-55,-23.653,29.22,0.33118,0.0065,-0.02194,-0.94324
 13:48:35.727,eb:33:2e:f9:57:b5, 2085-97-00 00:93:00:2042,0.001,0.046,0.997,0.061,0.122,-0.244,2.62,-0.121,-141.29,-47.5,-55,-23.653,29.22,0.33118,0.0065,-0.02194,-0.94324
 13:48:35.727,eb:33:2e:f9:57:b5, 2085-97-02 00:95:00:2046,0,0.046,0.999,0.061,0.183,-0.061,2.62,-0.121,-141.29,-47.5,-55,-23.653,29.22,0.33118,0.0065,-0.02194,-0.94324
 13:48:35.727,eb:33:2e:f9:57:b5, 2085-97-255 255:94:00:2040,-0.001,0.047,0.998,0,0.244,0,2.62,-0.121,-141.284,-47.5,-55,-23.653,29.22,0.33118,0.0065,-0.02194,-0.94324
 13:48:35.727,eb:33:2e:f9:57:b5, 2085-97-254 255:95:00:2039,-0.001,0.046,0.996,0,0.183,0.183,2.62,-0.121,-141.284,-47.5,-55,-23.653,29.22,0.33118,0.0065,-0.02194,-0.94324
 13:48:35.757,eb:33:2e:f9:57:b5, 2085-97-251 255:96:00:2035,-0.002,0.047,0.995,0,0.122,0.122,2.62,-0.121,-141.284,-47.5,-55,-23.653,29.22,0.33118,0.0065,-0.02194,-0.94324
 13:48:35.757,eb:33:2e:f9:57:b5, 2085-97-253 255:94:00:2036,-0.002,0.048,0.994,0,0,0.061,2.62,-0.121,-141.284,-47.5,-55,-23.653,29.22,0.33118,0.0065,-0.02194,-0.94324
 13:48:35.757,eb:33:2e:f9:57:b5, 2085-97-00 00:94:00:2041,0,0.046,0.995,0,-0.061,0.122,2.62,-0.121,-141.284,-47.5,-55,-23.653,29.22,0.33118,0.0065,-0.02194,-0.94324
 13:48:35.757,eb:33:2e:f9:57:b5, 2085-97-254 255:93:00:2040,-0.001,0.046,0.996,0.061,-0.122,0.244,2.62,-0.121,-141.284,-47.5,-55,-23.653,29.22,0.33118,0.0065,-0.02194,-0.94324
 13:48:35.790,eb:33:2e:f9:57:b5, 2085-97-255 255:96:00:2043,0,0.046,0.997,0.061,-0.122,0.366,2.62,-0.121,-141.279,-47.5,-55,-23.653,29.22,0.33118,0.0065,-0.02194,-0.94324
 13:48:35.790,eb:33:2e:f9:57:b5, 2085-97-01 00:96:00:2039,0,0.047,0.997,0,-0.183,0.488,2.62,-0.121,-141.279,-47.5,-55,-23.653,29.22,0.33118,0.0065,-0.02194,-0.94324
 13:48:35.790,eb:33:2e:f9:57:b5, 2085-97-00 00:96:00:2039,-0.001,0.047,0.997,0,-0.061,0.427,2.62,-0.121,-141.279,-47.5,-55,-23.653,29.22,0.33118,0.0065,-0.02194,-0.94324
 13:48:35.790,eb:33:2e:f9:57:b5, 2085-97-254 255:95:00:2037,0,0.046,0.995,0,-0.061,0.549,2.626,-0.115,-141.279,-47.5,-55,-23.653,29.22,0.33118,0.0065,-0.02194,-0.94324
 13:48:35.849,eb:33:2e:f9:57:b5, 2085-97-254 255:97:00:2039,-0.001,0.047,0.996,0,-0.061,0.549,2.626,-0.115,-141.273,-49.7,-55.9,-23.92,29.22,0.33118,0.0065,-0.02194,-0.94324
 13:48:35.849,eb:33:2e:f9:57:b5, 2085-97-00 00:94:00:2039,0,0.046,0.995,0,-0.122,0.549,2.626,-0.115,-141.273,-49.7,-55.9,-23.92,29.22,0.33118,0.0065,-0.02194,-0.94324
 13:48:35.849,eb:33:2e:f9:57:b5, 2085-97-255 255:96:00:2037,0.001,0.046,0.996,-0.061,-0.122,0.549,2.626,-0.115,-141.273,-49.7,-55.9,-23.92,29.22,0.33118,0.0065,-0.02194,-0.94324
 13:48:35.849,eb:33:2e:f9:57:b5, 2085-97-251 255:95:00:2038,0,0.047,0.996,0,-0.122,0.549,2.626,-0.115,-141.273,-49.7,-55.9,-23.92,29.22,0.33118,0.0065,-0.02194,-0.94324
 13:48:35.878,eb:33:2e:f9:57:b5, 2085-97-00 00:94:00:2042,0,0.047,0.998,0,-0.183,0.61,2.626,-0.115,-141.273,-49.7,-55.9,-23.92,29.22,0.33145,0.00659,-0.02194,-0.94315
 13:48:35.878,eb:33:2e:f9:57:b5, 2085-97-02 00:95:00:2042,0,0.046,0.999,0,-0.122,0.793,2.626,-0.115,-141.273,-49.7,-55.9,-23.92,29.22,0.33145,0.00659,-0.02194,-0.94315
 13:48:35.878,eb:33:2e:f9:57:b5, 2085-97-255 255:97:00:2040,0,0.046,0.995,0,-0.183,0.854,2.626,-0.115,-141.268,-49.7,-55.9,-23.92,29.22,0.33145,0.00659,-0.02194,-0.94315
 13:48:35.878,eb:33:2e:f9:57:b5, 2085-97-00 00:95:00:2042,0.001,0.046,0.996,0,-0.061,0.793,2.626,-0.115,-141.268,-49.7,-55.9,-23.92,29.22,0.33145,0.00659,-0.02194,-0.94315
 13:48:35.907,eb:33:2e:f9:57:b5, 2085-97-00 00:94:00:2040,0.002,0.047,0.998,0,0,0.854,2.626,-0.115,-141.268,-49.7,-55.9,-23.92,29.22,0.33145,0.00659,-0.02194,-0.94315
 13:48:35.907,eb:33:2e:f9:57:b5, 2085-97-03 00:98:00:2039,0,0.049,0.997,0,0,0.854,2.626,-0.115,-141.268,-49.7,-55.9,-23.92,29.22,0.33145,0.00659,-0.02194,-0.94315
 13:48:35.908,eb:33:2e:f9:57:b5, 2085-97-252 255:96:00:2035,-0.003,0.048,0.995,0,0,0.854,2.626,-0.115,-141.262,-49.7,-55.9,-23.92,29.22,0.33145,0.00659,-0.02194,-0.94315
 13:48:35.908,eb:33:2e:f9:57:b5, 2085-97-255 255:98:00:2035,0,0.046,0.993,0,0,0.793,2.626,-0.115,-141.262,-49.7,-55.9,-23.92,29.22,0.33145,0.00659,-0.02194,-0.94315
 13:48:35.968,eb:33:2e:f9:57:b5, 2085-97-01 00:99:00:2039,0.001,0.047,0.995,-0.061,-0.061,0.793,2.626,-0.115,-141.262,-49.7,-55.9,-23.92,29.22,0.33145,0.00659,-0.02194,-0.94315
 13:48:35.968,eb:33:2e:f9:57:b5, 2085-97-255 255:96:00:2036,0,0.048,0.996,-0.061,0,0.671,2.626,-0.115,-141.262,-49.7,-55.9,-23.92,29.22,0.33145,0.00659,-0.02194,-0.94315
 13:48:35.968,eb:33:2e:f9:57:b5, 2085-97-255 255:95:00:2036,-0.002,0.047,0.994,-0.061,0,0.61,2.626,-0.115,-141.262,-49.7,-55.9,-23.92,29.22,0.33145,0.00659,-0.02194,-0.94315
 13:48:35.968,eb:33:2e:f9:57:b5, 2085-97-00 00:96:00:2040,0,0.046,0.994,0,-0.122,0.549,2.626,-0.11,-141.262,-49.7,-55.9,-23.92,29.22,0.33145,0.00659,-0.02194,-0.94315
 13:48:35.997,eb:33:2e:f9:57:b5, 2085-97-255 255:93:00:2038,0,0.046,0.997,0.061,-0.122,0.671,2.626,-0.11,-141.257,-49.7,-55.9,-23.92,29.22,0.33145,0.00659,-0.02194,-0.94315
 13:48:35.997,eb:33:2e:f9:57:b5, 2085-97-02 00:95:00:2042,0,0.046,0.997,0,-0.061,0.671,2.626,-0.11,-141.257,-49.7,-55.9,-23.92,29.22,0.33145,0.00659,-0.02194,-0.94315
 13:48:35.997,eb:33:2e:f9:57:b5, 2085-97-00 00:95:00:2040,0,0.045,0.996,0.061,0,0.793,2.626,-0.11,-141.257,-49.7,-55.9,-23.92,29.22,0.33145,0.00659,-0.02194,-0.94315
 13:48:35.997,eb:33:2e:f9:57:b5, 2085-97-01 00:98:00:2039,0,0.046,0.996,0.122,-0.122,0.793,2.626,-0.11,-141.257,-49.7,-55.9,-23.92,29.22,0.33145,0.00659,-0.02194,-0.94315
 13:48:36.058,eb:33:2e:f9:57:b5, 2085-97-02 00:97:00:2040,0.002,0.046,0.997,0.122,-0.061,0.854,2.626,-0.11,-141.251,-49.7,-55.9,-23.92,29.22,0.33145,0.00659,-0.02194,-0.94315
 13:48:36.058,eb:33:2e:f9:57:b5, 2085-97-00 00:96:00:2041,0,0.048,0.998,0.061,0,0.854,2.626,-0.11,-141.251,-49.7,-55.9,-23.92,29.22,0.33145,0.00659,-0.02194,-0.94315
 13:48:36.058,eb:33:2e:f9:57:b5, 2085-97-00 00:97:00:2039,0,0.047,0.996,0.061,0,0.916,2.626,-0.11,-141.251,-49.7,-55.9,-23.92,29.22,0.33145,0.00659,-0.02194,-0.94315
 13:48:36.058,eb:33:2e:f9:57:b5, 2085-97-00 00:99:00:2036,-0.001,0.047,0.995,0,0,0.916,2.626,-0.11,-141.251,-49.7,-55.9,-23.92,29.22,0.33145,0.00659,-0.02194,-0.94315
 13:48:36.058,eb:33:2e:f9:57:b5, 2085-97-252 255:96:00:2030,-0.003,0.047,0.993,0,0,0.854,2.626,-0.11,-141.251,-49.7,-55.9,-23.92,29.22,0.33145,0.00659,-0.02194,-0.94315
 13:48:36.088,eb:33:2e:f9:57:b5, 2085-113-58 00:134:227:-8340,-0.003,0.046,0.991,0,-0.061,0.732,2.626,-0.11,-141.251,-48.6,-55.6,-22.687,29.22,0.33145,0.00659,-0.02194,-0.94315
 13:48:36.088,eb:33:2e:f9:57:b5, 2085-97-251 255:93:00:2034,-0.001,0.044,0.993,0.061,-0.183,0.732,2.626,-0.11,-141.251,-48.6,-55.6,-22.687,29.22,0.33145,0.00659,-0.02194,-0.94315
 13:48:36.088,eb:33:2e:f9:57:b5, 2085-97-02 00:98:00:2037,-0.001,0.047,0.993,0.061,-0.305,0.671,2.626,-0.11,-141.246,-48.6,-55.6,-22.687,29.22,0.33145,0.00659,-0.02194,-0.94315
 13:48:36.088,eb:33:2e:f9:57:b5, 2085-97-252 255:96:00:2036,0,0.046,0.994,0.122,-0.244,0.61,2.626,-0.11,-141.246,-48.6,-55.6,-22.687,29.22,0.33145,0.00659,-0.02194,-0.94315
 13:48:36.119,eb:33:2e:f9:57:b5, 2085-97-00 00:96:00:2041,0,0.046,0.995,0.122,-0.305,0.61,2.626,-0.11,-141.246,-48.6,-55.6,-22.687,29.22,0.33145,0.00659,-0.02194,-0.94315
 13:48:36.119,eb:33:2e:f9:57:b5, 2085-97-02 00:97:00:2044,0,0.047,0.997,0.122,-0.366,0.549,2.626,-0.11,-141.246,-48.6,-55.6,-22.687,29.22,0.33145,0.00659,-0.02194,-0.94315
 13:48:36.119,eb:33:2e:f9:57:b5, 2085-97-00 00:97:00:2040,0,0.047,0.997,0.183,-0.305,0.61,2.626,-0.11,-141.24,-48.6,-55.6,-22.687,29.22,0.33145,0.00659,-0.02194,-0.94315
 13:48:36.119,eb:33:2e:f9:57:b5, 2085-97-00 00:100:00:2039,0,0.047,0.996,0.183,-0.305,0.671,2.626,-0.11,-141.24,-48.6,-55.6,-22.687,29.22,0.33145,0.00659,-0.02194,-0.94315
 13:48:36.177,eb:33:2e:f9:57:b5, 2085-97-00 00:96:00:2037,-0.001,0.048,0.995,0.183,-0.183,0.549,2.626,-0.11,-141.24,-48.6,-55.6,-22.687,29.22,0.3317,0.00668,-0.02197,-0.94305
 13:48:36.177,eb:33:2e:f9:57:b5, 2085-97-252 255:96:00:2035,0,0.046,0.993,0.183,-0.366,0.488,2.631,-0.104,-141.24,-48.6,-55.6,-22.687,29.22,0.3317,0.00668,-0.02197,-0.94305
 13:48:36.177,eb:33:2e:f9:57:b5, 2085-97-00 00:96:00:2036,0,0.046,0.994,0.244,-0.427,0.549,2.631,-0.104,-141.24,-48.6,-55.6,-22.687,29.22,0.3317,0.00668,-0.02197,-0.94305
 13:48:36.177,eb:33:2e:f9:57:b5, 2085-97-02 00:98:00:2040,0.002,0.048,0.996,0.183,-0.488,0.427,2.631,-0.104,-141.24,-48.6,-55.6,-22.687,29.22,0.3317,0.00668,-0.02197,-0.94305
 13:48:36.207,eb:33:2e:f9:57:b5, 2085-97-06 00:100:00:2043,0.003,0.048,0.997,0.122,-0.305,0.488,2.631,-0.104,-141.235,-48.6,-55.6,-22.687,29.22,0.3317,0.00668,-0.02197,-0.94305
 13:48:36.207,eb:33:2e:f9:57:b5, 2085-97-05 00:100:00:2041,0.001,0.049,0.997,0.061,-0.183,0.427,2.631,-0.104,-141.235,-48.6,-55.6,-22.687,29.22,0.3317,0.00668,-0.02197,-0.94305
 13:48:36.207,eb:33:2e:f9:57:b5, 2085-97-01 00:99:00:2038,0,0.048,0.996,0,-0.061,0.366,2.631,-0.104,-141.235,-48.6,-55.6,-22.687,29.22,0.3317,0.00668,-0.02197,-0.94305
 13:48:36.207,eb:33:2e:f9:57:b5, 2085-97-00 00:97:00:2035,0,0.048,0.994,0,0,0.244,2.631,-0.104,-141.235,-48.6,-55.6,-22.687,29.22,0.3317,0.00668,-0.02197,-0.94305
 13:48:36.238,eb:33:2e:f9:57:b5, 2085-97-254 255:96:00:2035,-0.001,0.047,0.993,-0.061,-0.061,0.183,2.631,-0.104,-141.229,-48.6,-55.6,-22.687,29.22,0.3317,0.00668,-0.02197,-0.94305
 13:48:36.238,eb:33:2e:f9:57:b5, 2085-97-255 255:98:00:2036,0,0.047,0.993,0,-0.183,0.183,2.631,-0.104,-141.229,-48.6,-55.6,-22.687,29.22,0.3317,0.00668,-0.02197,-0.94305
 13:48:36.238,eb:33:2e:f9:57:b5, 2085-97-00 00:97:00:2038,0,0.047,0.996,0,-0.183,0.122,2.631,-0.104,-141.229,-48.6,-55.6,-22.687,29.22,0.3317,0.00668,-0.02197,-0.94305
 13:48:36.238,eb:33:2e:f9:57:b5, 2085-97-01 00:94:00:2042,0,0.047,0.996,0.061,-0.244,0.122,2.631,-0.104,-141.229,-48.6,-55.6,-22.687,29.22,0.3317,0.00668,-0.02197,-0.94305
 13:48:36.297,eb:33:2e:f9:57:b5, 2085-97-03 00:97:00:2042,0.001,0.046,0.998,0,-0.183,0.183,2.631,-0.104,-141.229,-48.6,-55.6,-22.687,29.22,0.3317,0.00668,-0.02197,-0.94305
 13:48:36.297,eb:33:2e:f9:57:b5, 2085-97-02 00:98:00:2039,0.001,0.048,0.996,0,-0.061,0.122,2.631,-0.104,-141.229,-48.6,-55.6,-22.687,29.22,0.3317,0.00668,-0.02197,-0.94305
 13:48:36.297,eb:33:2e:f9:57:b5, 2085-97-06 00:98:00:2047,0.003,0.048,0.997,0,-0.061,0.122,2.631,-0.104,-141.224,-48.6,-55.6,-22.687,29.22,0.3317,0.00668,-0.02197,-0.94305
 13:48:36.297,eb:33:2e:f9:57:b5, 2085-97-05 00:99:00:2044,0.002,0.048,1,0,0.061,0.122,2.631,-0.104,-141.224,-48.6,-55.6,-22.687,29.22,0.3317,0.00668,-0.02197,-0.94305
 13:48:36.329,eb:33:2e:f9:57:b5, 2085-97-02 00:98:00:2042,0,0.049,0.998,0,0.244,0.061,2.631,-0.104,-141.224,-48.6,-55.6,-22.687,29.22,0.3317,0.00668,-0.02197,-0.94305
 13:48:36.329,eb:33:2e:f9:57:b5, 2085-97-00 00:96:00:2035,0,0.048,0.995,0,0.244,0,2.631,-0.104,-141.224,-48.6,-55.6,-22.687,29.22,0.3317,0.00668,-0.02197,-0.94305
 13:48:36.329,eb:33:2e:f9:57:b5, 2085-97-03 00:100:00:2039,0,0.047,0.994,0,0.183,0,2.631,-0.104,-141.218,-48.6,-55.6,-22.687,29.22,0.3317,0.00668,-0.02197,-0.94305
 13:48:36.329,eb:33:2e:f9:57:b5, 2085-97-255 255:95:00:2035,0,0.047,0.994,0,0.183,-0.061,2.631,-0.104,-141.218,-48.6,-55.6,-22.687,29.22,0.3317,0.00668,-0.02197,-0.94305
 13:48:36.358,eb:33:2e:f9:57:b5, 2085-97-02 00:98:00:2044,0.001,0.046,0.995,0,0.122,0,2.631,-0.104,-141.218,-48.1,-55.5,-23.48,29.22,0.3317,0.00668,-0.02197,-0.94305
 13:48:36.358,eb:33:2e:f9:57:b5, 2085-97-02 00:97:00:2042,0,0.048,0.997,-0.122,0.183,0.061,2.631,-0.104,-141.218,-48.1,-55.5,-23.48,29.22,0.3317,0.00668,-0.02197,-0.94305
 13:48:36.358,eb:33:2e:f9:57:b5, 2085-97-02 00:96:00:2042,0.002,0.047,0.997,-0.122,0.244,0.061,2.631,-0.104,-141.218,-48.1,-55.5,-23.48,29.22,0.3317,0.00668,-0.02197,-0.94305
 13:48:36.358,eb:33:2e:f9:57:b5, 2085-97-01 00:100:00:2042,0,0.047,0.997,-0.061,0.244,0.061,2.637,-0.104,-141.218,-48.1,-55.5,-23.48,29.22,0.3317,0.00668,-0.02197,-0.94305
 13:48:36.419,eb:33:2e:f9:57:b5, 2085-97-255 255:95:00:2038,-0.001,0.047,0.995,-0.122,0.366,0.122,2.637,-0.104,-141.213,-48.1,-55.5,-23.48,29.22,0.3317,0.00668,-0.02197,-0.94305
 13:48:36.419,eb:33:2e:f9:57:b5, 2085-97-00 00:98:00:2039,0.002,0.046,0.996,-0.061,0.305,0.183,2.637,-0.104,-141.213,-48.1,-55.5,-23.48,29.22,0.3317,0.00668,-0.02197,-0.94305
 13:48:36.419,eb:33:2e:f9:57:b5, 2085-97-00 00:96:00:2040,-0.002,0.049,0.997,-0.122,0.366,0.122,2.637,-0.104,-141.213,-48.1,-55.5,-23.48,29.22,0.3317,0.00668,-0.02197,-0.94305
 13:48:36.419,eb:33:2e:f9:57:b5, 2085-97-253 255:98:00:2034,0,0.047,0.994,-0.122,0.305,0.061,2.637,-0.104,-141.213,-48.1,-55.5,-23.48,29.22,0.3317,0.00668,-0.02197,-0.94305
 13:48:36.447,eb:33:2e:f9:57:b5, 2085-97-03 00:98:00:2038,0,0.048,0.995,-0.183,0.305,0,2.637,-0.104,-141.207,-48.1,-55.5,-23.48,29.22,0.33194,0.00674,-0.022,-0.94296
 13:48:36.447,eb:33:2e:f9:57:b5, 2085-97-254 255:98:00:2034,-0.001,0.047,0.994,-0.244,0.366,0,2.637,-0.104,-141.207,-48.1,-55.5,-23.48,29.22,0.33194,0.00674,-0.022,-0.94296
 13:48:36.447,eb:33:2e:f9:57:b5, 2085-97-253 255:97:00:2032,-0.004,0.047,0.994,-0.305,0.305,-0.122,2.637,-0.104,-141.207,-48.1,-55.5,-23.48,29.22,0.33194,0.00674,-0.022,-0.94296
 13:48:36.447,eb:33:2e:f9:57:b5, 2085-97-250 255:97:00:2032,-0.002,0.047,0.991,-0.366,0.183,-0.122,2.637,-0.104,-141.207,-48.1,-55.5,-23.48,29.22,0.33194,0.00674,-0.022,-0.94296
 13:48:36.478,eb:33:2e:f9:57:b5, 2085-97-253 255:97:00:2034,-0.001,0.047,0.993,-0.366,0.061,-0.183,2.637,-0.104,-141.207,-48.1,-55.5,-23.48,29.22,0.33194,0.00674,-0.022,-0.94296
 13:48:36.478,eb:33:2e:f9:57:b5, 2085-97-254 255:94:00:2035,0,0.046,0.994,-0.488,0,-0.122,2.637,-0.099,-141.207,-48.1,-55.5,-23.48,29.22,0.33194,0.00674,-0.022,-0.94296
 13:48:36.478,eb:33:2e:f9:57:b5, 2085-97-255 255:95:00:2039,0,0.047,0.995,-0.549,0,-0.183,2.637,-0.099,-141.202,-48.1,-55.5,-23.48,29.22,0.33194,0.00674,-0.022,-0.94296
 13:48:36.479,eb:33:2e:f9:57:b5, 2085-97-255 255:94:00:2040,0,0.045,0.996,-0.549,0,-0.122,2.637,-0.099,-141.202,-48.1,-55.5,-23.48,29.22,0.33194,0.00674,-0.022,-0.94296
 13:48:36.538,eb:33:2e:f9:57:b5, 2085-97-255 255:96:00:2040,0,0.047,0.996,-0.549,0,-0.122,2.637,-0.099,-141.202,-48.1,-55.5,-23.48,29.22,0.33194,0.00674,-0.022,-0.94296
 13:48:36.538,eb:33:2e:f9:57:b5, 2085-97-253 255:97:00:2035,-0.002,0.047,0.996,-0.671,0,-0.183,2.637,-0.099,-141.202,-48.1,-55.5,-23.48,29.22,0.33194,0.00674,-0.022,-0.94296
 13:48:36.538,eb:33:2e:f9:57:b5, 2085-97-249 255:95:00:2034,-0.002,0.047,0.993,-0.671,-0.122,-0.183,2.637,-0.099,-141.196,-48.1,-55.5,-23.48,29.22,0.33194,0.00674,-0.022,-0.94296
 13:48:36.538,eb:33:2e:f9:57:b5, 2085-97-253 255:93:00:2034,0,0.046,0.992,-0.671,-0.244,-0.244,2.637,-0.099,-141.196,-48.1,-55.5,-23.48,29.22,0.33194,0.00674,-0.022,-0.94296
 13:48:36.569,eb:33:2e:f9:57:b5, 2085-97-254 255:94:00:2036,-0.002,0.048,0.995,-0.671,-0.366,-0.427,2.637,-0.099,-141.196,-48.1,-55.5,-23.48,29.22,0.33194,0.00674,-0.022,-0.94296
 13:48:36.569,eb:33:2e:f9:57:b5, 2085-97-01 00:90:00:2043,0.001,0.044,0.995,-0.61,-0.427,-0.305,2.637,-0.099,-141.196,-48.1,-55.5,-23.48,29.22,0.33194,0.00674,-0.022,-0.94296
 13:48:36.569,eb:33:2e:f9:57:b5, 2085-97-02 00:96:00:2043,0,0.045,0.999,-0.488,-0.244,-0.366,2.637,-0.099,-141.196,-48.1,-55.5,-23.48,29.22,0.33194,0.00674,-0.022,-0.94296
 13:48:36.569,eb:33:2e:f9:57:b5, 2085-97-251 255:90:00:2037,-0.001,0.044,0.996,-0.488,-0.244,-0.366,2.637,-0.099,-141.196,-48.1,-55.5,-23.48,29.22,0.33194,0.00674,-0.022,-0.94296
 13:48:36.597,eb:33:2e:f9:57:b5, 2085-97-01 00:94:00:2041,-0.002,0.045,0.994,-0.488,-0.488,-0.366,2.637,-0.099,-141.191,-48.1,-55.5,-23.48,29.22,0.33194,0.00674,-0.022,-0.94296
 13:48:36.597,eb:33:2e:f9:57:b5, 2085-97-255 255:95:00:2037,-0.001,0.044,0.994,-0.488,-0.427,-0.366,2.637,-0.099,-141.191,-48.1,-55.5,-23.48,29.22,0.33194,0.00674,-0.022,-0.94296
 13:48:36.597,eb:33:2e:f9:57:b5, 2085-97-252 255:96:00:2035,-0.003,0.047,0.994,-0.488,-0.488,-0.427,2.637,-0.099,-141.191,-48.1,-55.5,-23.48,29.22,0.33194,0.00674,-0.022,-0.94296
 13:48:36.597,eb:33:2e:f9:57:b5, 2085-97-252 255:91:00:2032,-0.001,0.045,0.99,-0.61,-0.732,-0.488,2.637,-0.093,-141.191,-48.1,-55.5,-23.48,29.22,0.33194,0.00674,-0.022,-0.94296
 13:48:36.657,eb:33:2e:f9:57:b5, 2085-97-252 255:97:00:2034,0,0.046,0.994,-0.671,-0.977,-0.488,2.637,-0.093,-141.191,-48.1,-55.5,-23.48,29.22,0.33194,0.00674,-0.022,-0.94296
 13:48:36.657,eb:33:2e:f9:57:b5, 2085-97-03 00:94:00:2037,-0.001,0.046,0.994,-0.793,-1.099,-0.549,2.637,-0.093,-141.185,-48.1,-55.5,-23.48,29.22,0.33194,0.00674,-0.022,-0.94296
 13:48:36.657,eb:33:2e:f9:57:b5, 2085-97-254 255:96:00:2031,-0.001,0.047,0.993,-0.916,-1.16,-0.549,2.637,-0.093,-141.185,-48.1,-55.5,-23.48,29.22,0.33194,0.00674,-0.022,-0.94296
 13:48:36.657,eb:33:2e:f9:57:b5, 2085-97-02 00:88:00:2038,0.001,0.044,0.993,-0.854,-1.282,-0.732,2.637,-0.093,-141.185,-48.1,-55.5,-23.48,29.22,0.33194,0.00674,-0.022,-0.94296
 13:48:36.688,eb:33:2e:f9:57:b5, 2085-97-06 00:80:00:2047,0.002,0.04,0.997,-0.488,-1.221,-0.61,2.637,-0.093,-141.185,-48.9,-56.3,-23.713,29.22,0.33194,0.00674,-0.022,-0.94296
 13:48:36.688,eb:33:2e:f9:57:b5, 2085-97-12 00:92:00:2051,0.005,0.04,1,-0.183,-1.16,-0.305,2.637,-0.093,-141.185,-48.9,-56.3,-23.713,29.22,0.33194,0.00674,-0.022,-0.94296
 13:48:36.688,eb:33:2e:f9:57:b5, 2085-97-06 00:89:00:2048,0.002,0.045,1.002,-0.122,-0.671,-0.366,2.637,-0.093,-141.18,-48.9,-56.3,-23.713,29.22,0.33194,0.00674,-0.022,-0.94296
 13:48:36.688,eb:33:2e:f9:57:b5, 2085-97-05 00:93:00:2043,0.001,0.043,1,-0.122,-0.488,-0.183,2.637,-0.093,-141.18,-48.9,-56.3,-23.713,29.22,0.33194,0.00674,-0.022,-0.94296
 13:48:36.718,eb:33:2e:f9:57:b5, 2085-97-01 00:94:00:2039,0.002,0.046,0.997,-0.183,-0.488,-0.183,2.637,-0.093,-141.18,-48.9,-56.3,-23.713,29.22,0.33194,0.00674,-0.022,-0.94296
 13:48:36.718,eb:33:2e:f9:57:b5, 2085-97-05 00:93:00:2040,0.002,0.046,0.996,-0.244,-0.427,-0.244,2.637,-0.093,-141.18,-48.9,-56.3,-23.713,29.22,0.33194,0.00674,-0.022,-0.94296
 13:48:36.718,eb:33:2e:f9:57:b5, 2085-113-81 00:134:42:224,0,0.046,0.994,-0.244,-0.366,-0.366,2.637,-0.093,-141.18,-48.9,-56.3,-23.713,29.22,0.33194,0.00674,-0.022,-0.94296
 13:48:36.718,eb:33:2e:f9:57:b5, 2085-97-249 255:87:00:2027,-0.003,0.045,0.992,-0.244,-0.366,-0.488,2.637,-0.093,-141.18,-48.9,-56.3,-23.713,29.22,0.33194,0.00674,-0.022,-0.94296
 13:48:36.778,eb:33:2e:f9:57:b5, 2085-97-01 00:92:00:2036,0.001,0.043,0.991,-0.122,-0.732,-0.61,2.637,-0.093,-141.174,-48.9,-56.3,-23.713,29.22,0.33221,0.00684,-0.02197,-0.94287
 13:48:36.778,eb:33:2e:f9:57:b5, 2085-97-255 255:93:00:2035,-0.001,0.044,0.994,-0.061,-0.793,-0.732,2.637,-0.093,-141.174,-48.9,-56.3,-23.713,29.22,0.33221,0.00684,-0.02197,-0.94287
 13:48:36.778,eb:33:2e:f9:57:b5, 2085-97-04 00:93:00:2040,0.003,0.045,0.993,-0.183,-1.038,-0.793,2.637,-0.093,-141.174,-48.9,-56.3,-23.713,29.22,0.33221,0.00684,-0.02197,-0.94287
 13:48:36.778,eb:33:2e:f9:57:b5, 2085-97-03 00:93:00:2037,0.001,0.046,0.995,-0.305,-1.099,-0.916,2.637,-0.093,-141.174,-48.9,-56.3,-23.713,29.22,0.33221,0.00684,-0.02197,-0.94287
 13:48:36.807,eb:33:2e:f9:57:b5, 2085-97-01 00:93:00:2032,0.001,0.046,0.994,-0.366,-1.221,-0.977,2.637,-0.093,-141.174,-48.9,-56.3,-23.713,29.22,0.33221,0.00684,-0.02197,-0.94287
 13:48:36.807,eb:33:2e:f9:57:b5, 2085-97-03 00:92:00:2034,0.002,0.046,0.991,-0.427,-1.526,-1.099,2.637,-0.093,-141.174,-48.9,-56.3,-23.713,29.22,0.33221,0.00684,-0.02197,-0.94287
 13:48:36.807,eb:33:2e:f9:57:b5, 2085-97-07 00:91:00:2040,0.005,0.045,0.995,-0.488,-1.587,-1.16,2.637,-0.093,-141.169,-48.9,-56.3,-23.713,29.22,0.33221,0.00684,-0.02197,-0.94287
 13:48:36.807,eb:33:2e:f9:57:b5, 2085-97-08 00:84:00:2043,0.006,0.043,0.997,-0.366,-1.526,-1.16,2.637,-0.093,-141.169,-48.9,-56.3,-23.713,29.22,0.33221,0.00684,-0.02197,-0.94287
 13:48:36.839,eb:33:2e:f9:57:b5, 2085-97-14 00:90:00:2047,0.005,0.042,1,-0.244,-1.343,-0.977,2.637,-0.093,-141.169,-48.9,-56.3,-23.713,29.22,0.33221,0.00684,-0.02197,-0.94287
 13:48:36.839,eb:33:2e:f9:57:b5, 2085-97-10 00:87:00:2046,0.003,0.043,1,-0.244,-1.16,-0.732,2.631,-0.093,-141.169,-48.9,-56.3,-23.713,29.22,0.33221,0.00684,-0.02197,-0.94287
 13:48:36.839,eb:33:2e:f9:57:b5, 2085-97-06 00:88:00:2041,0.004,0.042,0.998,-0.183,-1.038,-0.549,2.631,-0.093,-141.163,-48.9,-56.3,-23.713,29.22,0.33221,0.00684,-0.02197,-0.94287
 13:48:36.839,eb:33:2e:f9:57:b5, 2085-97-10 00:90:00:2041,0.005,0.044,0.997,-0.183,-1.038,-0.427,2.631,-0.093,-141.163,-48.9,-56.3,-23.713,29.22,0.33221,0.00684,-0.02197,-0.94287
 13:48:36.897,eb:33:2e:f9:57:b5, 2085-97-11 00:89:00:2043,0.005,0.044,0.998,-0.244,-0.977,-0.366,2.631,-0.093,-141.163,-48.9,-56.3,-23.713,29.22,0.33221,0.00684,-0.02197,-0.94287
 13:48:36.897,eb:33:2e:f9:57:b5, 2085-97-10 00:89:00:2044,0.006,0.043,0.998,-0.183,-0.854,-0.244,2.631,-0.093,-141.163,-48.9,-56.3,-23.713,29.22,0.33221,0.00684,-0.02197,-0.94287
 13:48:36.897,eb:33:2e:f9:57:b5, 2085-97-14 00:90:00:2047,0.006,0.044,1,-0.183,-0.732,-0.183,2.631,-0.093,-141.163,-48.9,-56.3,-23.713,29.22,0.33221,0.00684,-0.02197,-0.94287
 13:48:36.897,eb:33:2e:f9:57:b5, 2085-97-09 00:90:00:2040,0.004,0.044,0.998,-0.244,-0.549,-0.122,2.631,-0.099,-141.163,-48.9,-56.3,-23.713,29.22,0.33221,0.00684,-0.02197,-0.94287
 13:48:36.928,eb:33:2e:f9:57:b5, 2085-97-07 00:90:00:2038,0.004,0.043,0.995,-0.183,-0.549,-0.183,2.631,-0.099,-141.158,-48.9,-56.3,-23.713,29.22,0.33221,0.00684,-0.02197,-0.94287
 13:48:36.928,eb:33:2e:f9:57:b5, 2085-97-07 00:87:00:2037,0.004,0.044,0.995,-0.183,-0.488,-0.305,2.631,-0.099,-141.158,-48.9,-56.3,-23.713,29.22,0.33221,0.00684,-0.02197,-0.94287
 13:48:36.928,eb:33:2e:f9:57:b5, 2085-97-08 00:88:00:2037,0.003,0.042,0.994,-0.183,-0.549,-0.244,2.631,-0.099,-141.158,-48.9,-56.3,-23.713,29.22,0.33221,0.00684,-0.02197,-0.94287
 13:48:36.928,eb:33:2e:f9:57:b5, 2085-97-08 00:87:00:2039,0.003,0.042,0.995,-0.061,-0.61,-0.305,2.631,-0.099,-141.158,-48.9,-56.3,-23.713,29.22,0.33221,0.00684,-0.02197,-0.94287
 13:48:36.958,eb:33:2e:f9:57:b5, 2085-97-09 00:87:00:2040,0.005,0.042,0.995,-0.061,-0.61,-0.305,2.631,-0.099,-141.158,-49.7,-55.9,-22.12,29.22,0.33221,0.00684,-0.02197,-0.94287
 13:48:36.958,eb:33:2e:f9:57:b5, 2085-97-10 00:88:00:2040,0.006,0.043,0.997,0,-0.61,-0.244,2.631,-0.099,-141.158,-49.7,-55.9,-22.12,29.22,0.33221,0.00684,-0.02197,-0.94287
 13:48:36.958,eb:33:2e:f9:57:b5, 2085-97-09 00:89:00:2040,0.003,0.043,0.996,0,-0.61,-0.061,2.631,-0.099,-141.152,-49.7,-55.9,-22.12,29.22,0.33221,0.00684,-0.02197,-0.94287
 13:48:36.958,eb:33:2e:f9:57:b5, 2085-97-12 00:88:00:2039,0.005,0.042,0.996,-0.061,-0.549,0,2.626,-0.099,-141.152,-49.7,-55.9,-22.12,29.22,0.33221,0.00684,-0.02197,-0.94287
 13:48:37.047,eb:33:2e:f9:57:b5, 2085-97-09 00:87:00:2040,0.007,0.043,0.996,-0.061,-0.488,0,2.626,-0.099,-141.152,-49.7,-55.9,-22.12,29.22,0.33221,0.00684,-0.02197,-0.94287
 13:48:37.047,eb:33:2e:f9:57:b5, 2085-97-12 00:89:00:2040,0.005,0.044,0.997,-0.122,-0.427,0,2.626,-0.104,-141.152,-49.7,-55.9,-22.12,29.22,0.33221,0.00684,-0.02197,-0.94287
 13:48:37.047,eb:33:2e:f9:57:b5, 2085-97-06 00:87:00:2037,0.004,0.042,0.996,-0.061,-0.427,0,2.626,-0.104,-141.152,-49.7,-55.9,-22.12,29.22,0.33221,0.00684,-0.02197,-0.94287
 13:48:37.047,eb:33:2e:f9:57:b5, 2085-97-14 00:89:00:2042,0.008,0.042,0.995,0,-0.549,0.061,2.626,-0.104,-141.152,-49.7,-55.9,-22.12,29.22,0.33221,0.00684,-0.02197,-0.94287
 13:48:37.049,eb:33:2e:f9:57:b5, 2085-97-15 00:89:00:2044,0.006,0.043,0.998,0,-0.488,0,2.626,-0.104,-141.147,-49.7,-55.9,-22.12,29.22,0.33243,0.00674,-0.02194,-0.94278
 13:48:37.049,eb:33:2e:f9:57:b5, 2085-97-13 00:90:00:2041,0.007,0.043,0.997,0,-0.366,0,2.626,-0.104,-141.147,-49.7,-55.9,-22.12,29.22,0.33243,0.00674,-0.02194,-0.94278
 13:48:37.049,eb:33:2e:f9:57:b5, 2085-97-14 00:88:00:2042,0.006,0.043,0.997,0,-0.305,0.061,2.626,-0.104,-141.147,-49.7,-55.9,-22.12,29.22,0.33243,0.00674,-0.02194,-0.94278
 13:48:37.049,eb:33:2e:f9:57:b5, 2085-97-11 00:90:00:2039,0.007,0.044,0.997,0,-0.244,0.061,2.626,-0.104,-141.147,-49.7,-55.9,-22.12,29.22,0.33243,0.00674,-0.02194,-0.94278
 13:48:37.077,eb:33:2e:f9:57:b5, 2085-97-16 00:90:00:2042,0.007,0.044,0.996,0,-0.244,0,2.626,-0.104,-141.147,-49.7,-55.9,-22.12,29.22,0.33243,0.00674,-0.02194,-0.94278
 13:48:37.077,eb:33:2e:f9:57:b5, 2085-97-09 00:88:00:2037,0.004,0.044,0.996,0,-0.122,0.061,2.626,-0.11,-141.147,-49.7,-55.9,-22.12,29.22,0.33243,0.00674,-0.02194,-0.94278
 13:48:37.077,eb:33:2e:f9:57:b5, 2085-97-10 00:90:00:2040,0.006,0.043,0.996,0,-0.183,0,2.626,-0.11,-141.141,-49.7,-55.9,-22.12,29.22,0.33243,0.00674,-0.02194,-0.94278
 13:48:37.077,eb:33:2e:f9:57:b5, 2085-97-15 00:88:00:2042,0.007,0.043,0.996,0,-0.122,0,2.626,-0.11,-141.141,-49.7,-55.9,-22.12,29.22,0.33243,0.00674,-0.02194,-0.94278
 13:48:37.168,eb:33:2e:f9:57:b5, 2085-97-13 00:90:00:2041,0.005,0.043,0.997,0,-0.122,0.061,2.626,-0.11,-141.141,-49.7,-55.9,-22.12,29.22,0.33243,0.00674,-0.02194,-0.94278
 13:48:37.168,eb:33:2e:f9:57:b5, 2085-97-11 00:89:00:2036,0.006,0.043,0.996,0,0,0,2.62,-0.11,-141.141,-49.7,-55.9,-22.12,29.22,0.33243,0.00674,-0.02194,-0.94278
 13:48:37.168,eb:33:2e:f9:57:b5, 2085-97-13 00:88:00:2040,0.006,0.043,0.995,-0.061,-0.061,0.122,2.62,-0.11,-141.141,-49.7,-55.9,-22.12,29.22,0.33243,0.00674,-0.02194,-0.94278
 13:48:37.168,eb:33:2e:f9:57:b5, 2085-97-06 00:89:00:2036,0.002,0.044,0.995,-0.061,-0.061,0.122,2.62,-0.11,-141.141,-49.7,-55.9,-22.12,29.22,0.33243,0.00674,-0.02194,-0.94278
 13:48:37.168,eb:33:2e:f9:57:b5, 2085-97-11 00:89:00:2037,0.005,0.043,0.993,-0.061,-0.122,0.061,2.62,-0.11,-141.136,-49.7,-55.9,-22.12,29.22,0.33243,0.00674,-0.02194,-0.94278
 13:48:37.168,eb:33:2e:f9:57:b5, 2085-97-11 00:89:00:2037,0.004,0.044,0.995,-0.061,-0.183,0,2.62,-0.115,-141.136,-49.7,-55.9,-22.12,29.22,0.33243,0.00674,-0.02194,-0.94278
 13:48:37.169,eb:33:2e:f9:57:b5, 2085-97-09 00:87:00:2038,0.005,0.044,0.994,0,-0.183,0,2.62,-0.115,-141.136,-49.7,-55.9,-22.12,29.22,0.33243,0.00674,-0.02194,-0.94278
 13:48:37.169,eb:33:2e:f9:57:b5, 2085-97-16 00:89:00:2040,0.008,0.042,0.995,0,-0.244,0,2.62,-0.115,-141.136,-49.7,-55.9,-22.12,29.22,0.33243,0.00674,-0.02194,-0.94278
 13:48:37.197,eb:33:2e:f9:57:b5, 2085-97-13 00:91:00:2038,0.003,0.044,0.996,0,-0.183,0,2.62,-0.115,-141.136,-49.7,-55.9,-22.12,29.22,0.33243,0.00674,-0.02194,-0.94278
 13:48:37.197,eb:33:2e:f9:57:b5, 2085-97-10 00:88:00:2037,0.008,0.043,0.994,0,-0.244,0,2.62,-0.115,-141.136,-49.7,-55.9,-22.12,29.22,0.33243,0.00674,-0.02194,-0.94278
 13:48:37.197,eb:33:2e:f9:57:b5, 2085-97-13 00:92:00:2041,0.006,0.044,0.997,0,-0.122,-0.061,2.62,-0.115,-141.13,-49.7,-55.9,-22.12,29.22,0.33243,0.00674,-0.02194,-0.94278
 13:48:37.198,eb:33:2e:f9:57:b5, 2085-97-11 00:88:00:2037,0.006,0.044,0.995,-0.061,-0.122,-0.122,2.62,-0.115,-141.13,-49.7,-55.9,-22.12,29.22,0.33243,0.00674,-0.02194,-0.94278
 13:48:37.259,eb:33:2e:f9:57:b5, 2085-97-16 00:87:00:2041,0.008,0.042,0.996,0,-0.183,-0.122,2.62,-0.115,-141.13,-49.7,-55.9,-22.12,29.22,0.33243,0.00674,-0.02194,-0.94278
 13:48:37.259,eb:33:2e:f9:57:b5, 2085-97-12 00:89:00:2039,0.005,0.043,0.998,0,-0.122,0,2.62,-0.121,-141.13,-49.7,-55.9,-22.12,29.22,0.33243,0.00674,-0.02194,-0.94278
 13:48:37.259,eb:33:2e:f9:57:b5, 2085-97-12 00:88:00:2039,0.007,0.042,0.995,0,-0.244,0,2.62,-0.121,-141.13,-49.7,-55.9,-22.12,29.22,0.33243,0.00674,-0.02194,-0.94278
 13:48:37.259,eb:33:2e:f9:57:b5, 2085-97-12 00:90:00:2039,0.006,0.043,0.996,0,-0.244,0,2.62,-0.121,-141.13,-49.7,-55.9,-22.12,29.22,0.33243,0.00674,-0.02194,-0.94278
 13:48:37.289,eb:33:2e:f9:57:b5, 2085-97-12 00:90:00:2039,0.004,0.044,0.995,-0.061,-0.244,0.061,2.62,-0.121,-141.125,-48.2,-57,-23.127,29.22,0.33243,0.00674,-0.02194,-0.94278
 13:48:37.289,eb:33:2e:f9:57:b5, 2085-97-09 00:87:00:2037,0.004,0.043,0.996,-0.122,-0.122,0.061,2.615,-0.121,-141.125,-48.2,-57,-23.127,29.22,0.33243,0.00674,-0.02194,-0.94278
 13:48:37.289,eb:33:2e:f9:57:b5, 2085-97-13 00:85:00:2041,0.008,0.042,0.995,-0.061,-0.305,0.061,2.615,-0.121,-141.125,-48.2,-57,-23.127,29.22,0.33243,0.00674,-0.02194,-0.94278
 13:48:37.289,eb:33:2e:f9:57:b5, 2085-97-17 00:88:00:2044,0.01,0.042,0.997,0,-0.305,0.183,2.615,-0.121,-141.125,-48.2,-57,-23.127,29.22,0.33243,0.00674,-0.02194,-0.94278
 13:48:37.319,eb:33:2e:f9:57:b5, 2085-97-14 00:88:00:2040,0.006,0.043,0.999,-0.061,-0.122,0.244,2.615,-0.121,-141.125,-48.2,-57,-23.127,29.22,0.33243,0.00674,-0.02194,-0.94278
 13:48:37.319,eb:33:2e:f9:57:b5, 2085-97-15 00:90:00:2042,0.007,0.044,0.996,-0.061,-0.122,0.244,2.615,-0.126,-141.125,-48.2,-57,-23.127,29.22,0.33243,0.00674,-0.02194,-0.94278
 13:48:37.319,eb:33:2e:f9:57:b5, 2085-97-12 00:88:00:2038,0.004,0.044,0.997,-0.122,0,0.244,2.615,-0.126,-141.119,-48.2,-57,-23.127,29.22,0.33243,0.00674,-0.02194,-0.94278
 13:48:37.319,eb:33:2e:f9:57:b5, 2085-97-06 00:89:00:2032,0.005,0.043,0.994,-0.122,-0.061,0.244,2.615,-0.126,-141.119,-48.2,-57,-23.127,29.22,0.33243,0.00674,-0.02194,-0.94278
 13:48:37.407,eb:33:2e:f9:57:b5, 2085-97-12 00:86:00:2039,0.006,0.043,0.994,-0.061,-0.244,0.183,2.615,-0.126,-141.119,-48.2,-57,-23.127,29.22,0.3327,0.00653,-0.02188,-0.94272
 13:48:37.407,eb:33:2e:f9:57:b5, 2085-97-12 00:90:00:2036,0.006,0.042,0.994,0,-0.305,0.183,2.615,-0.126,-141.119,-48.2,-57,-23.127,29.22,0.3327,0.00653,-0.02188,-0.94272
 13:48:37.407,eb:33:2e:f9:57:b5, 2085-97-10 00:90:00:2036,0.005,0.044,0.994,0,-0.183,0.122,2.615,-0.126,-141.119,-48.2,-57,-23.127,29.22,0.3327,0.00653,-0.02188,-0.94272
 13:48:37.407,eb:33:2e:f9:57:b5, 2085-97-14 00:86:00:2037,0.008,0.043,0.996,-0.061,-0.305,0.061,2.615,-0.126,-141.119,-48.2,-57,-23.127,29.22,0.3327,0.00653,-0.02188,-0.94272
 13:48:37.409,eb:33:2e:f9:57:b5, 2085-97-14 00:86:00:2040,0.005,0.042,0.996,0,-0.244,0.061,2.615,-0.126,-141.114,-48.2,-57,-23.127,29.22,0.3327,0.00653,-0.02188,-0.94272
 13:48:37.409,eb:33:2e:f9:57:b5, 2085-97-15 00:87:00:2040,0.009,0.042,0.995,0,-0.366,0.061,2.615,-0.132,-141.114,-48.2,-57,-23.127,29.22,0.3327,0.00653,-0.02188,-0.94272
 13:48:37.409,eb:33:2e:f9:57:b5, 2085-97-14 00:89:00:2040,0.008,0.044,0.997,0,-0.244,0.061,2.615,-0.132,-141.114,-48.2,-57,-23.127,29.22,0.3327,0.00653,-0.02188,-0.94272
 13:48:37.409,eb:33:2e:f9:57:b5, 2085-97-14 00:88:00:2041,0.006,0.043,0.996,0,-0.244,0.122,2.609,-0.132,-141.114,-48.2,-57,-23.127,29.22,0.3327,0.00653,-0.02188,-0.94272
 13:48:37.469,eb:33:2e:f9:57:b5, 2085-97-16 00:90:00:2039,0.006,0.044,0.996,0,-0.122,0.122,2.609,-0.132,-141.114,-48.2,-57,-23.127,29.22,0.3327,0.00653,-0.02188,-0.94272
 13:48:37.469,eb:33:2e:f9:57:b5, 2085-97-14 00:90:00:2042,0.007,0.043,0.995,0,-0.122,0.122,2.609,-0.132,-141.114,-48.2,-57,-23.127,29.22,0.3327,0.00653,-0.02188,-0.94272
 13:48:37.469,eb:33:2e:f9:57:b5, 2085-97-15 00:89:00:2042,0.006,0.043,0.998,0,-0.061,0.122,2.609,-0.132,-141.108,-48.2,-57,-23.127,29.22,0.3327,0.00653,-0.02188,-0.94272
 13:48:37.469,eb:33:2e:f9:57:b5, 2085-97-08 00:86:00:2037,0.003,0.044,0.995,-0.061,-0.061,0.183,2.609,-0.132,-141.108,-48.2,-57,-23.127,29.22,0.3327,0.00653,-0.02188,-0.94272
 13:48:37.497,eb:33:2e:f9:57:b5, 2085-97-14 00:88:00:2038,0.008,0.042,0.993,0.061,-0.183,0.183,2.609,-0.137,-141.108,-48.2,-57,-23.127,29.22,0.3327,0.00653,-0.02188,-0.94272
 13:48:37.497,eb:33:2e:f9:57:b5, 2085-97-17 00:88:00:2043,0.009,0.042,0.997,0.061,-0.244,0.183,2.609,-0.137,-141.108,-48.2,-57,-23.127,29.22,0.3327,0.00653,-0.02188,-0.94272
 13:48:37.497,eb:33:2e:f9:57:b5, 2085-97-15 00:89:00:2041,0.007,0.042,0.998,0,-0.061,0.244,2.609,-0.137,-141.108,-48.2,-57,-23.127,29.22,0.3327,0.00653,-0.02188,-0.94272
 13:48:37.497,eb:33:2e:f9:57:b5, 2085-97-15 00:91:00:2040,0.008,0.044,0.996,0,0,0.305,2.609,-0.137,-141.108,-48.2,-57,-23.127,29.22,0.3327,0.00653,-0.02188,-0.94272
 13:48:37.529,eb:33:2e:f9:57:b5, 2085-97-17 00:89:00:2042,0.007,0.043,0.997,0,0,0.244,2.609,-0.137,-141.103,-48.2,-57,-23.127,29.22,0.3327,0.00653,-0.02188,-0.94272
 13:48:37.529,eb:33:2e:f9:57:b5, 2085-97-15 00:90:00:2039,0.005,0.044,0.996,0,0,0.305,2.609,-0.137,-141.108,-48.2,-57,-23.127,29.22,0.3327,0.00653,-0.02188,-0.94272
 13:48:37.529,eb:33:2e:f9:57:b5, 2085-97-12 00:87:00:2035,0.005,0.043,0.994,-0.061,0,0.244,2.609,-0.137,-141.103,-48.2,-57,-23.127,29.22,0.3327,0.00653,-0.02188,-0.94272
 13:48:37.529,eb:33:2e:f9:57:b5, 2085-113-58 00:149:227:-8475,0.008,0.042,0.994,0,-0.061,0.305,2.609,-0.143,-141.103,-48.2,-57,-23.127,29.22,0.3327,0.00653,-0.02188,-0.94272
 13:48:37.529,eb:33:2e:f9:57:b5, 2085-97-13 00:88:00:2041,0.007,0.042,0.997,0,-0.061,0.305,2.609,-0.143,-141.103,-48.2,-57,-23.127,29.22,0.3327,0.00653,-0.02188,-0.94272
 13:48:37.589,eb:33:2e:f9:57:b5, 2085-97-15 00:87:00:2038,0.005,0.043,0.994,0,0,0.244,2.609,-0.143,-141.103,-48.5,-56.5,-23.513,29.22,0.3327,0.00653,-0.02188,-0.94272
 13:48:37.589,eb:33:2e:f9:57:b5, 2085-97-10 00:86:00:2037,0.005,0.042,0.996,0.122,0,0.366,2.604,-0.143,-141.103,-48.5,-56.5,-23.513,29.22,0.3327,0.00653,-0.02188,-0.94272
 13:48:37.589,eb:33:2e:f9:57:b5, 2085-97-15 00:85:00:2040,0.01,0.041,0.995,0.122,-0.061,0.427,2.604,-0.143,-141.103,-48.5,-56.5,-23.513,29.22,0.3327,0.00653,-0.02188,-0.94272
 13:48:37.589,eb:33:2e:f9:57:b5, 2085-97-22 00:85:00:2051,0.01,0.042,0.999,0.244,0.061,0.427,2.604,-0.143,-141.103,-48.5,-56.5,-23.513,29.22,0.3327,0.00653,-0.02188,-0.94272
 13:48:37.619,eb:33:2e:f9:57:b5, 2085-97-15 00:87:00:2045,0.006,0.042,1.001,0.366,0.427,0.549,2.604,-0.143,-141.097,-48.5,-56.5,-23.513,29.22,0.33289,0.00635,-0.02185,-0.94263
 13:48:37.619,eb:33:2e:f9:57:b5, 2085-97-13 00:90:00:2041,0.007,0.044,0.997,0.366,0.488,0.671,2.604,-0.148,-141.097,-48.5,-56.5,-23.513,29.22,0.33289,0.00635,-0.02185,-0.94263
 13:48:37.619,eb:33:2e:f9:57:b5, 2085-97-13 00:90:00:2041,0.008,0.044,0.997,0.305,0.488,0.732,2.604,-0.148,-141.097,-48.5,-56.5,-23.513,29.22,0.33289,0.00635,-0.02185,-0.94263
 13:48:37.619,eb:33:2e:f9:57:b5, 2085-97-13 00:91:00:2039,0.006,0.044,0.998,0.183,0.549,0.671,2.604,-0.148,-141.097,-48.5,-56.5,-23.513,29.22,0.33289,0.00635,-0.02185,-0.94263
 13:48:37.649,eb:33:2e:f9:57:b5, 2085-97-13 00:90:00:2036,0.005,0.044,0.995,0.183,0.488,0.671,2.604,-0.148,-141.097,-48.5,-56.5,-23.513,29.22,0.33289,0.00635,-0.02185,-0.94263
 13:48:37.649,eb:33:2e:f9:57:b5, 2085-97-09 00:89:00:2036,0.006,0.044,0.994,0.061,0.366,0.61,2.604,-0.148,-141.097,-48.5,-56.5,-23.513,29.22,0.33289,0.00635,-0.02185,-0.94263
 13:48:37.649,eb:33:2e:f9:57:b5, 2085-97-16 00:88:00:2041,0.008,0.042,0.996,0.122,0.244,0.549,2.604,-0.148,-141.092,-48.5,-56.5,-23.513,29.22,0.33289,0.00635,-0.02185,-0.94263
 13:48:37.649,eb:33:2e:f9:57:b5, 2085-97-11 00:91:00:2036,0.004,0.044,0.997,0.061,0.366,0.671,2.604,-0.148,-141.092,-48.5,-56.5,-23.513,29.22,0.33289,0.00635,-0.02185,-0.94263
 13:48:37.707,eb:33:2e:f9:57:b5, 2085-97-07 00:88:00:2035,0.005,0.044,0.994,0.061,0.183,0.61,2.604,-0.148,-141.092,-48.5,-56.5,-23.513,29.22,0.33289,0.00635,-0.02185,-0.94263
 13:48:37.707,eb:33:2e:f9:57:b5, 2085-97-13 00:87:00:2040,0.007,0.043,0.994,0,0.122,0.549,2.604,-0.154,-141.092,-48.5,-56.5,-23.513,29.22,0.33289,0.00635,-0.02185,-0.94263
 13:48:37.707,eb:33:2e:f9:57:b5, 2085-97-10 00:86:00:2040,0.006,0.042,0.997,0.122,0.122,0.61,2.604,-0.154,-141.092,-48.5,-56.5,-23.513,29.22,0.33289,0.00635,-0.02185,-0.94263
 13:48:37.707,eb:33:2e:f9:57:b5, 2085-97-15 00:91:00:2041,0.006,0.043,0.997,0.183,0.061,0.671,2.598,-0.154,-141.092,-48.5,-56.5,-23.513,29.22,0.33289,0.00635,-0.02185,-0.94263
 13:48:37.739,eb:33:2e:f9:57:b5, 2085-97-10 00:90:00:2036,0.006,0.042,0.995,0.122,0.122,0.732,2.598,-0.154,-141.086,-48.5,-56.5,-23.513,29.22,0.33289,0.00635,-0.02185,-0.94263
 13:48:37.739,eb:33:2e:f9:57:b5, 2085-97-11 00:90:00:2037,0.004,0.045,0.994,0.061,0.183,0.671,2.598,-0.154,-141.086,-48.5,-56.5,-23.513,29.22,0.33289,0.00635,-0.02185,-0.94263
 13:48:37.739,eb:33:2e:f9:57:b5, 2085-97-12 00:91:00:2038,0.006,0.044,0.995,0,0.122,0.61,2.598,-0.154,-141.086,-48.5,-56.5,-23.513,29.22,0.33289,0.00635,-0.02185,-0.94263
 13:48:37.739,eb:33:2e:f9:57:b5, 2085-97-11 00:90:00:2038,0.007,0.044,0.995,0,0.122,0.61,2.598,-0.154,-141.086,-48.5,-56.5,-23.513,29.22,0.33289,0.00635,-0.02185,-0.94263
 13:48:37.770,eb:33:2e:f9:57:b5, 2085-97-16 00:91:00:2042,0.009,0.044,0.996,0,0.061,0.549,2.598,-0.154,-141.086,-48.5,-56.5,-23.513,29.22,0.33289,0.00635,-0.02185,-0.94263
 13:48:37.770,eb:33:2e:f9:57:b5, 2085-97-15 00:92:00:2041,0.004,0.045,0.997,0,0.183,0.61,2.598,-0.159,-141.086,-48.5,-56.5,-23.513,29.22,0.33289,0.00635,-0.02185,-0.94263
 13:48:37.771,eb:33:2e:f9:57:b5, 2085-97-09 00:92:00:2035,0.004,0.044,0.994,-0.061,0.244,0.549,2.598,-0.159,-141.081,-48.5,-56.5,-23.513,29.22,0.33289,0.00635,-0.02185,-0.94263
 13:48:37.771,eb:33:2e:f9:57:b5, 2085-97-11 00:91:00:2035,0.005,0.044,0.994,-0.122,0.122,0.427,2.598,-0.159,-141.081,-48.5,-56.5,-23.513,29.22,0.33289,0.00635,-0.02185,-0.94263
 13:48:37.828,eb:33:2e:f9:57:b5, 2085-97-12 00:89:00:2040,0.006,0.043,0.995,-0.122,0.061,0.305,2.598,-0.159,-141.081,-48.5,-56.5,-23.513,29.22,0.33289,0.00635,-0.02185,-0.94263
 13:48:37.828,eb:33:2e:f9:57:b5, 2085-97-12 00:85:00:2040,0.007,0.042,0.996,-0.061,0.183,0.183,2.598,-0.159,-141.081,-48.5,-56.5,-23.513,29.22,0.33289,0.00635,-0.02185,-0.94263
 13:48:37.828,eb:33:2e:f9:57:b5, 2085-97-14 00:90:00:2038,0.005,0.042,0.996,0,0.244,0.183,2.598,-0.159,-141.081,-48.5,-56.5,-23.513,29.22,0.33289,0.00635,-0.02185,-0.94263
 13:48:37.828,eb:33:2e:f9:57:b5, 2085-97-08 00:91:00:2033,0.003,0.046,0.994,0,0.244,0.183,2.598,-0.159,-141.081,-48.5,-56.5,-23.513,29.22,0.33289,0.00635,-0.02185,-0.94263
 13:48:37.857,eb:33:2e:f9:57:b5, 2085-97-08 00:90:00:2034,0.004,0.044,0.992,0,0.122,0.061,2.598,-0.159,-141.075,-48.6,-56.1,-23.3,29.22,0.33289,0.00635,-0.02185,-0.94263
 13:48:37.857,eb:33:2e:f9:57:b5, 2085-97-08 00:92:00:2033,0.004,0.044,0.993,0,0.061,-0.061,2.598,-0.159,-141.075,-48.6,-56.1,-23.3,29.22,0.33289,0.00635,-0.02185,-0.94263
 13:48:37.857,eb:33:2e:f9:57:b5, 2085-97-08 00:93:00:2033,0.004,0.045,0.993,0,0,-0.244,2.598,-0.159,-141.075,-48.6,-56.1,-23.3,29.22,0.33289,0.00635,-0.02185,-0.94263
 13:48:37.857,eb:33:2e:f9:57:b5, 2085-97-11 00:87:00:2037,0.005,0.044,0.992,0,-0.122,-0.366,2.598,-0.159,-141.075,-48.6,-56.1,-23.3,29.22,0.33289,0.00635,-0.02185,-0.94263
 13:48:37.890,eb:33:2e:f9:57:b5, 2085-97-14 00:86:00:2042,0.008,0.041,0.996,0.061,-0.183,-0.366,2.598,-0.165,-141.075,-48.6,-56.1,-23.3,29.22,0.33289,0.00635,-0.02185,-0.94263
 13:48:37.890,eb:33:2e:f9:57:b5, 2085-97-14 00:90:00:2039,0.006,0.043,0.998,0.183,-0.122,-0.366,2.598,-0.165,-141.075,-48.6,-56.1,-23.3,29.22,0.33289,0.00635,-0.02185,-0.94263
 13:48:37.890,eb:33:2e:f9:57:b5, 2085-97-10 00:89:00:2036,0.007,0.044,0.995,0.183,-0.061,-0.549,2.598,-0.165,-141.075,-48.6,-56.1,-23.3,29.22,0.33289,0.00635,-0.02185,-0.94263
 13:48:37.890,eb:33:2e:f9:57:b5, 2085-97-13 00:90:00:2043,0.007,0.044,0.997,0.183,-0.061,-0.549,2.598,-0.165,-141.075,-48.6,-56.1,-23.3,29.22,0.33289,0.00635,-0.02185,-0.94263
 13:48:37.947,eb:33:2e:f9:57:b5, 2085-97-16 00:90:00:2045,0.007,0.044,0.998,0.061,0,-0.427,2.598,-0.165,-141.07,-48.6,-56.1,-23.3,29.22,0.3331,0.00616,-0.02185,-0.94257
 13:48:37.947,eb:33:2e:f9:57:b5, 2085-97-13 00:87:00:2044,0.006,0.043,0.999,0.061,0,-0.305,2.598,-0.165,-141.07,-48.6,-56.1,-23.3,29.22,0.3331,0.00616,-0.02185,-0.94257
 13:48:37.947,eb:33:2e:f9:57:b5, 2085-97-09 00:85:00:2042,0.006,0.042,0.998,0.122,0.122,-0.122,2.598,-0.165,-141.07,-48.6,-56.1,-23.3,29.22,0.3331,0.00616,-0.02185,-0.94257
 13:48:37.948,eb:33:2e:f9:57:b5, 2085-97-14 00:85:00:2052,0.007,0.042,1,0.122,0.061,0,2.593,-0.165,-141.07,-48.6,-56.1,-23.3,29.22,0.3331,0.00616,-0.02185,-0.94257
 13:48:37.978,eb:33:2e:f9:57:b5, 2085-97-08 00:85:00:2042,0.003,0.042,1,0.122,0.122,0.305,2.593,-0.165,-141.07,-48.6,-56.1,-23.3,29.22,0.3331,0.00616,-0.02185,-0.94257
 13:48:37.978,eb:33:2e:f9:57:b5, 2085-97-08 00:90:00:2038,0.004,0.042,0.995,0.183,0,0.427,2.593,-0.165,-141.07,-48.6,-56.1,-23.3,29.22,0.3331,0.00616,-0.02185,-0.94257
 13:48:37.978,eb:33:2e:f9:57:b5, 2085-97-09 00:93:00:2035,0.005,0.044,0.994,0.122,-0.061,0.488,2.593,-0.165,-141.064,-48.6,-56.1,-23.3,29.22,0.3331,0.00616,-0.02185,-0.94257
 13:48:37.978,eb:33:2e:f9:57:b5, 2085-97-13 00:91:00:2039,0.006,0.045,0.994,0,-0.061,0.488,2.593,-0.17,-141.064,-48.6,-56.1,-23.3,29.22,0.3331,0.00616,-0.02185,-0.94257
 13:48:38.008,eb:33:2e:f9:57:b5, 2085-97-13 00:88:00:2040,0.006,0.043,0.996,0,0,0.61,2.593,-0.17,-141.064,-48.6,-56.1,-23.3,29.22,0.3331,0.00616,-0.02185,-0.94257
 13:48:38.008,eb:33:2e:f9:57:b5, 2085-97-11 00:91:00:2038,0.006,0.043,0.995,0,0,0.671,2.593,-0.17,-141.064,-48.6,-56.1,-23.3,29.22,0.3331,0.00616,-0.02185,-0.94257
 13:48:38.008,eb:33:2e:f9:57:b5, 2085-97-14 00:91:00:2040,0.007,0.044,0.995,-0.061,0,0.61,2.593,-0.17,-141.064,-48.6,-56.1,-23.3,29.22,0.3331,0.00616,-0.02185,-0.94257
 13:48:38.008,eb:33:2e:f9:57:b5, 2085-97-13 00:92:00:2039,0.006,0.045,0.996,-0.122,0,0.61,2.593,-0.17,-141.064,-48.6,-56.1,-23.3,29.22,0.3331,0.00616,-0.02185,-0.94257
 13:48:38.069,eb:33:2e:f9:57:b5, 2085-97-11 00:92:00:2036,0.006,0.045,0.995,-0.183,0,0.61,2.593,-0.17,-141.059,-48.6,-56.1,-23.3,29.22,0.3331,0.00616,-0.02185,-0.94257
 13:48:38.069,eb:33:2e:f9:57:b5, 2085-97-08 00:90:00:2034,0.004,0.045,0.995,-0.244,0.122,0.488,2.593,-0.17,-141.059,-48.6,-56.1,-23.3,29.22,0.3331,0.00616,-0.02185,-0.94257
 13:48:38.069,eb:33:2e:f9:57:b5, 2085-97-06 00:90:00:2032,0.004,0.045,0.994,-0.366,0.061,0.427,2.593,-0.17,-141.059,-48.6,-56.1,-23.3,29.22,0.3331,0.00616,-0.02185,-0.94257
 13:48:38.069,eb:33:2e:f9:57:b5, 2085-97-12 00:91:00:2038,0.006,0.043,0.993,-0.366,0,0.366,2.593,-0.17,-141.059,-48.6,-56.1,-23.3,29.22,0.3331,0.00616,-0.02185,-0.94257
 13:48:38.099,eb:33:2e:f9:57:b5, 2085-97-11 00:89:00:2037,0.004,0.043,0.995,-0.305,0,0.244,2.593,-0.17,-141.059,-48.6,-56.1,-23.3,29.22,0.3331,0.00616,-0.02185,-0.94257
 13:48:38.099,eb:33:2e:f9:57:b5, 2085-97-13 00:88:00:2041,0.006,0.043,0.995,-0.244,-0.061,0.183,2.593,-0.176,-141.059,-48.6,-56.1,-23.3,29.22,0.3331,0.00616,-0.02185,-0.94257
 13:48:38.099,eb:33:2e:f9:57:b5, 2085-97-15 00:87:00:2041,0.005,0.042,0.997,-0.122,0,0.183,2.593,-0.176,-141.053,-48.6,-56.1,-23.3,29.22,0.3331,0.00616,-0.02185,-0.94257
 13:48:38.099,eb:33:2e:f9:57:b5, 2085-97-13 00:87:00:2040,0.006,0.042,0.996,-0.122,0.122,0.183,2.593,-0.176,-141.053,-48.6,-56.1,-23.3,29.22,0.3331,0.00616,-0.02185,-0.94257
 13:48:38.129,eb:33:2e:f9:57:b5, 2085-97-16 00:92:00:2042,0.006,0.044,0.997,0,0.122,0.122,2.593,-0.176,-141.053,-47.7,-55.6,-23.073,29.22,0.3331,0.00616,-0.02185,-0.94257
 13:48:38.129,eb:33:2e:f9:57:b5, 2085-97-10 00:89:00:2038,0.004,0.044,0.996,-0.061,0.305,0,2.593,-0.176,-141.053,-47.7,-55.6,-23.073,29.22,0.3331,0.00616,-0.02185,-0.94257
 13:48:38.129,eb:33:2e:f9:57:b5, 2085-97-12 00:92:00:2041,0.005,0.043,0.995,-0.061,0.183,0.061,2.593,-0.176,-141.053,-47.7,-55.6,-23.073,29.22,0.3331,0.00616,-0.02185,-0.94257
 13:48:38.130,eb:33:2e:f9:57:b5, 2085-97-11 00:91:00:2037,0.004,0.044,0.995,-0.061,0.305,0,2.593,-0.176,-141.053,-47.7,-55.6,-23.073,29.22,0.3331,0.00616,-0.02185,-0.94257
 13:48:38.188,eb:33:2e:f9:57:b5, 2085-97-10 00:91:00:2035,0.004,0.043,0.995,-0.061,0.244,-0.122,2.587,-0.176,-141.053,-47.7,-55.6,-23.073,29.22,0.3331,0.00616,-0.02185,-0.94257
 13:48:38.188,eb:33:2e:f9:57:b5, 2085-113-81 00:169:42:198,0.005,0.043,0.993,0,0.244,-0.183,2.587,-0.176,-141.053,-47.7,-55.6,-23.073,29.22,0.3331,0.00616,-0.02185,-0.94257
 13:48:38.188,eb:33:2e:f9:57:b5, 2085-97-11 00:89:00:2040,0.006,0.042,0.996,0,0.122,-0.244,2.587,-0.176,-141.048,-47.7,-55.6,-23.073,29.22,0.3331,0.00616,-0.02185,-0.94257
 13:48:38.188,eb:33:2e:f9:57:b5, 2085-97-10 00:87:00:2040,0.005,0.043,0.997,0,0.183,-0.244,2.587,-0.176,-141.048,-47.7,-55.6,-23.073,29.22,0.3331,0.00616,-0.02185,-0.94257
 13:48:38.220,eb:33:2e:f9:57:b5, 2085-97-13 00:88:00:2042,0.006,0.042,0.997,0,0.061,-0.244,2.587,-0.176,-141.048,-47.7,-55.6,-23.073,29.22,0.33328,0.00604,-0.02182,-0.9425
 13:48:38.220,eb:33:2e:f9:57:b5, 2085-97-10 00:85:00:2042,0.005,0.044,0.997,0,0.244,-0.244,2.587,-0.181,-141.048,-47.7,-55.6,-23.073,29.22,0.33328,0.00604,-0.02182,-0.9425
 13:48:38.220,eb:33:2e:f9:57:b5, 2085-97-14 00:84:00:2046,0.009,0.041,0.998,0.183,0.305,-0.183,2.587,-0.181,-141.048,-47.7,-55.6,-23.073,29.22,0.33328,0.00604,-0.02182,-0.9425
 13:48:38.220,eb:33:2e:f9:57:b5, 2085-97-16 00:87:00:2049,0.006,0.042,1.001,0.244,0.488,-0.061,2.587,-0.181,-141.048,-47.7,-55.6,-23.073,29.22,0.33328,0.00604,-0.02182,-0.9425
 13:48:38.247,eb:33:2e:f9:57:b5, 2085-97-10 00:91:00:2041,0.005,0.042,0.998,0.305,0.671,0,2.587,-0.181,-141.042,-47.7,-55.6,-23.073,29.22,0.33328,0.00604,-0.02182,-0.9425
 13:48:38.247,eb:33:2e:f9:57:b5, 2085-97-10 00:89:00:2040,0.004,0.044,0.997,0.244,0.732,0.061,2.587,-0.181,-141.042,-47.7,-55.6,-23.073,29.22,0.33328,0.00604,-0.02182,-0.9425
 13:48:38.247,eb:33:2e:f9:57:b5, 2085-97-07 00:90:00:2038,0.003,0.043,0.996,0.244,0.793,0,2.587,-0.181,-141.042,-47.7,-55.6,-23.073,29.22,0.33328,0.00604,-0.02182,-0.9425
 13:48:38.247,eb:33:2e:f9:57:b5, 2085-97-07 00:88:00:2038,0.006,0.043,0.995,0.244,0.793,0,2.587,-0.181,-141.042,-47.7,-55.6,-23.073,29.22,0.33328,0.00604,-0.02182,-0.9425
 13:48:38.307,eb:33:2e:f9:57:b5, 2085-97-09 00:90:00:2039,0.003,0.044,0.996,0.244,0.793,0.061,2.587,-0.181,-141.042,-47.7,-55.6,-23.073,29.22,0.33328,0.00604,-0.02182,-0.9425
 13:48:38.307,eb:33:2e:f9:57:b5, 2085-97-03 00:87:00:2037,0.003,0.043,0.994,0.244,0.793,0.122,2.587,-0.181,-141.042,-47.7,-55.6,-23.073,29.22,0.33328,0.00604,-0.02182,-0.9425
 13:48:38.307,eb:33:2e:f9:57:b5, 2085-97-10 00:92:00:2040,0.004,0.043,0.995,0.183,0.732,0.122,2.587,-0.181,-141.037,-47.7,-55.6,-23.073,29.22,0.33328,0.00604,-0.02182,-0.9425
 13:48:38.307,eb:33:2e:f9:57:b5, 2085-97-11 00:91:00:2039,0.002,0.043,0.996,0.183,0.732,0.122,2.587,-0.181,-141.037,-47.7,-55.6,-23.073,29.22,0.33328,0.00604,-0.02182,-0.9425
 13:48:38.338,eb:33:2e:f9:57:b5, 2085-97-04 00:87:00:2036,0.002,0.042,0.994,0.244,0.854,0.061,2.587,-0.181,-141.037,-47.7,-55.6,-23.073,29.22,0.33328,0.00604,-0.02182,-0.9425
 13:48:38.338,eb:33:2e:f9:57:b5, 2085-97-07 00:91:00:2036,0.003,0.043,0.996,0.366,0.732,0.061,2.587,-0.181,-141.037,-47.7,-55.6,-23.073,29.22,0.33328,0.00604,-0.02182,-0.9425
 13:48:38.338,eb:33:2e:f9:57:b5, 2085-97-04 00:89:00:2037,0.005,0.044,0.995,0.366,0.854,0.061,2.587,-0.181,-141.037,-47.7,-55.6,-23.073,29.22,0.33328,0.00604,-0.02182,-0.9425
 13:48:38.338,eb:33:2e:f9:57:b5, 2085-97-06 00:90:00:2039,0.003,0.043,0.997,0.427,0.854,0.061,2.587,-0.181,-141.037,-47.7,-55.6,-23.073,29.22,0.33328,0.00604,-0.02182,-0.9425
 13:48:38.367,eb:33:2e:f9:57:b5, 2085-97-01 00:91:00:2033,0.001,0.044,0.996,0.305,0.916,0.061,2.582,-0.187,-141.031,-47.7,-55.6,-23.073,29.22,0.33328,0.00604,-0.02182,-0.9425
 13:48:38.367,eb:33:2e:f9:57:b5, 2085-97-06 00:91:00:2038,0.005,0.044,0.994,0.366,0.671,0.061,2.582,-0.187,-141.031,-47.7,-55.6,-23.073,29.22,0.33328,0.00604,-0.02182,-0.9425
 13:48:38.367,eb:33:2e:f9:57:b5, 2085-97-04 00:90:00:2040,0,0.045,0.997,0.244,0.732,0.061,2.582,-0.187,-141.031,-47.7,-55.6,-23.073,29.22,0.33328,0.00604,-0.02182,-0.9425
 13:48:38.367,eb:33:2e:f9:57:b5, 2085-97-01 00:90:00:2036,0.003,0.044,0.995,0.305,0.61,0.061,2.582,-0.187,-141.031,-47.7,-55.6,-23.073,29.22,0.33328,0.00604,-0.02182,-0.9425
 13:48:38.428,eb:33:2e:f9:57:b5, 2085-97-04 00:90:00:2037,0.003,0.044,0.995,0.366,0.549,0.061,2.582,-0.187,-141.031,-47.7,-55.6,-23.073,29.22,0.33328,0.00604,-0.02182,-0.9425
 13:48:38.428,eb:33:2e:f9:57:b5, 2085-97-06 00:91:00:2038,0.001,0.045,0.997,0.305,0.61,0,2.582,-0.187,-141.031,-47.7,-55.6,-23.073,29.22,0.33328,0.00604,-0.02182,-0.9425
 13:48:38.428,eb:33:2e:f9:57:b5, 2085-97-03 00:92:00:2040,0.004,0.045,0.995,0.244,0.61,0,2.582,-0.187,-141.031,-47.7,-55.6,-23.073,29.22,0.33328,0.00604,-0.02182,-0.9425
 13:48:38.428,eb:33:2e:f9:57:b5, 2085-97-09 00:91:00:2043,0.004,0.046,0.999,0.244,0.61,-0.061,2.582,-0.187,-141.031,-47.7,-55.6,-23.073,29.22,0.33328,0.00604,-0.02182,-0.9425
 13:48:38.459,eb:33:2e:f9:57:b5, 2085-97-05 00:92:00:2040,0.003,0.045,0.998,0.244,0.732,0,2.582,-0.187,-141.026,-48.6,-56.2,-23.307,29.22,0.33328,0.00604,-0.02182,-0.9425
 13:48:38.459,eb:33:2e:f9:57:b5, 2085-97-09 00:91:00:2042,0.003,0.045,0.996,0.244,0.732,0,2.582,-0.187,-141.026,-48.6,-56.2,-23.307,29.22,0.33328,0.00604,-0.02182,-0.9425
 13:48:38.459,eb:33:2e:f9:57:b5, 2085-97-07 00:92:00:2041,0,0.045,0.997,0.305,0.854,0,2.582,-0.187,-141.026,-48.6,-56.2,-23.307,29.22,0.33328,0.00604,-0.02182,-0.9425
 13:48:38.459,eb:33:2e:f9:57:b5, 2085-97-00 00:92:00:2037,0,0.043,0.995,0.305,0.854,0,2.582,-0.187,-141.026,-48.6,-56.2,-23.307,29.22,0.33328,0.00604,-0.02182,-0.9425
 13:48:38.518,eb:33:2e:f9:57:b5, 2085-97-00 00:94:00:2037,0,0.045,0.995,0.305,0.793,0,2.582,-0.187,-141.026,-48.6,-56.2,-23.307,29.22,0.33328,0.00604,-0.02182,-0.9425
 13:48:38.518,eb:33:2e:f9:57:b5, 2085-97-251 255:88:00:2035,0.001,0.045,0.993,0.305,0.61,0,2.582,-0.181,-141.026,-48.6,-56.2,-23.307,29.22,0.33328,0.00604,-0.02182,-0.9425
 13:48:38.518,eb:33:2e:f9:57:b5, 2085-97-03 00:95:00:2039,0.002,0.045,0.996,0.244,0.488,0,2.582,-0.181,-141.021,-48.6,-56.2,-23.307,29.22,0.33328,0.00604,-0.02182,-0.9425
 13:48:38.518,eb:33:2e:f9:57:b5, 2085-97-01 00:92:00:2038,0,0.046,0.996,0.122,0.549,0,2.582,-0.181,-141.021,-48.6,-56.2,-23.307,29.22,0.33328,0.00604,-0.02182,-0.9425
 13:48:38.547,eb:33:2e:f9:57:b5, 2085-97-01 00:96:00:2036,0.001,0.047,0.994,0.061,0.549,-0.061,2.582,-0.181,-141.021,-48.6,-56.2,-23.307,29.22,0.33353,0.00598,-0.02179,-0.94241
 13:48:38.547,eb:33:2e:f9:57:b5, 2085-97-03 00:90:00:2044,0.005,0.044,0.995,0.061,0.61,-0.122,2.582,-0.181,-141.021,-48.6,-56.2,-23.307,29.22,0.33353,0.00598,-0.02179,-0.94241
 13:48:38.547,eb:33:2e:f9:57:b5, 2085-97-11 00:92:00:2050,0.002,0.045,1.001,0.122,0.732,0,2.582,-0.181,-141.021,-48.6,-56.2,-23.307,29.22,0.33353,0.00598,-0.02179,-0.94241
 13:48:38.547,eb:33:2e:f9:57:b5, 2085-97-00 00:90:00:2042,0,0.043,0.999,0.183,0.977,0.061,2.582,-0.181,-141.021,-48.6,-56.2,-23.307,29.22,0.33353,0.00598,-0.02179,-0.94241
 13:48:38.577,eb:33:2e:f9:57:b5, 2085-97-255 255:92:00:2040,0,0.045,0.997,0.122,0.977,0.061,2.582,-0.181,-141.015,-48.6,-56.2,-23.307,29.22,0.33353,0.00598,-0.02179,-0.94241
 13:48:38.577,eb:33:2e:f9:57:b5, 2085-97-254 255:94:00:2037,-0.001,0.045,0.992,0.183,0.854,0.122,2.582,-0.181,-141.015,-48.6,-56.2,-23.307,29.22,0.33353,0.00598,-0.02179,-0.94241
 13:48:38.577,eb:33:2e:f9:57:b5, 2085-97-254 255:95:00:2033,0,0.045,0.994,0,0.793,0.122,2.582,-0.181,-141.015,-48.6,-56.2,-23.307,29.22,0.33353,0.00598,-0.02179,-0.94241
 13:48:38.578,eb:33:2e:f9:57:b5, 2085-97-254 255:94:00:2034,-0.002,0.047,0.993,-0.061,0.732,0.061,2.582,-0.181,-141.015,-48.6,-56.2,-23.307,29.22,0.33353,0.00598,-0.02179,-0.94241
 13:48:38.609,eb:33:2e:f9:57:b5, 2085-97-254 255:92:00:2035,0,0.046,0.993,-0.061,0.793,0,2.582,-0.181,-141.015,-48.6,-56.2,-23.307,29.22,0.33353,0.00598,-0.02179,-0.94241
 13:48:38.609,eb:33:2e:f9:57:b5, 2085-97-00 00:93:00:2039,-0.002,0.045,0.995,-0.183,0.732,0,2.582,-0.181,-141.015,-48.6,-56.2,-23.307,29.22,0.33353,0.00598,-0.02179,-0.94241
 13:48:38.609,eb:33:2e:f9:57:b5, 2085-97-254 255:91:00:2039,-0.001,0.044,0.996,-0.122,0.671,-0.061,2.582,-0.181,-141.01,-48.6,-56.2,-23.307,29.22,0.33353,0.00598,-0.02179,-0.94241
 13:48:38.609,eb:33:2e:f9:57:b5, 2085-97-255 255:91:00:2041,0,0.044,0.996,-0.122,0.732,-0.061,2.582,-0.181,-141.01,-48.6,-56.2,-23.307,29.22,0.33353,0.00598,-0.02179,-0.94241
 13:48:38.669,eb:33:2e:f9:57:b5, 2085-97-00 00:92:00:2040,-0.001,0.044,0.996,-0.061,0.732,0,2.582,-0.181,-141.01,-48.6,-56.2,-23.307,29.22,0.33353,0.00598,-0.02179,-0.94241
 13:48:38.669,eb:33:2e:f9:57:b5, 2085-97-252 255:92:00:2036,-0.001,0.044,0.995,-0.122,0.671,0,2.582,-0.176,-141.01,-48.6,-56.2,-23.307,29.22,0.33353,0.00598,-0.02179,-0.94241
 13:48:38.669,eb:33:2e:f9:57:b5, 2085-97-254 255:92:00:2037,0,0.045,0.995,-0.122,0.61,-0.122,2.582,-0.176,-141.01,-48.6,-56.2,-23.307,29.22,0.33353,0.00598,-0.02179,-0.94241
 13:48:38.669,eb:33:2e:f9:57:b5, 2085-97-251 255:92:00:2036,-0.001,0.046,0.995,-0.122,0.732,-0.183,2.582,-0.176,-141.01,-48.6,-56.2,-23.307,29.22,0.33353,0.00598,-0.02179,-0.94241
 13:48:38.697,eb:33:2e:f9:57:b5, 2085-97-252 255:89:00:2038,-0.002,0.046,0.994,-0.122,0.671,-0.244,2.582,-0.176,-141.004,-48.6,-56.2,-23.307,29.22,0.33353,0.00598,-0.02179,-0.94241
 13:48:38.697,eb:33:2e:f9:57:b5, 2085-97-255 255:93:00:2039,-0.001,0.043,0.995,-0.061,0.61,-0.305,2.582,-0.176,-141.004,-48.6,-56.2,-23.307,29.22,0.33353,0.00598,-0.02179,-0.94241
 13:48:38.697,eb:33:2e:f9:57:b5, 2085-97-254 255:93:00:2041,-0.001,0.044,0.996,-0.061,0.61,-0.244,2.582,-0.176,-141.004,-48.6,-56.2,-23.307,29.22,0.33353,0.00598,-0.02179,-0.94241
 13:48:38.697,eb:33:2e:f9:57:b5, 2085-97-254 255:91:00:2041,0,0.044,0.997,-0.061,0.671,-0.183,2.582,-0.176,-141.004,-48.6,-56.2,-23.307,29.22,0.33353,0.00598,-0.02179,-0.94241
 13:48:38.729,eb:33:2e:f9:57:b5, 2085-97-252 255:90:00:2038,-0.003,0.046,0.997,-0.061,0.671,-0.244,2.582,-0.176,-141.004,-48.6,-56.2,-23.307,29.22,0.33353,0.00598,-0.02179,-0.94241
 13:48:38.729,eb:33:2e:f9:57:b5, 2085-97-251 255:91:00:2039,-0.003,0.045,0.996,-0.061,0.671,-0.183,2.582,-0.17,-141.004,-48.6,-56.2,-23.307,29.22,0.33353,0.00598,-0.02179,-0.94241
 13:48:38.729,eb:33:2e:f9:57:b5, 2085-97-251 255:92:00:2037,-0.002,0.044,0.995,-0.122,0.61,-0.183,2.582,-0.17,-140.999,-48.6,-56.2,-23.307,29.22,0.33353,0.00598,-0.02179,-0.94241
 13:48:38.729,eb:33:2e:f9:57:b5, 2085-97-253 255:95:00:2037,-0.001,0.045,0.995,-0.061,0.549,-0.244,2.582,-0.17,-140.999,-48.6,-56.2,-23.307,29.22,0.33353,0.00598,-0.02179,-0.94241
 13:48:38.789,eb:33:2e:f9:57:b5, 2085-97-249 255:89:00:2037,-0.004,0.047,0.995,-0.122,0.671,-0.244,2.582,-0.17,-140.999,-49.8,-55.9,-22.32,29.22,0.33353,0.00598,-0.02179,-0.94241
 13:48:38.789,eb:33:2e:f9:57:b5, 2085-97-248 255:88:00:2037,-0.003,0.043,0.994,0,0.427,-0.305,2.582,-0.17,-140.999,-49.8,-55.9,-22.32,29.22,0.33353,0.00598,-0.02179,-0.94241
 13:48:38.789,eb:33:2e:f9:57:b5, 2085-97-248 255:93:00:2036,-0.003,0.045,0.994,0,0.366,-0.366,2.582,-0.17,-140.999,-49.8,-55.9,-22.32,29.22,0.33353,0.00598,-0.02179,-0.94241
 13:48:38.789,eb:33:2e:f9:57:b5, 2085-97-248 255:89:00:2036,-0.003,0.045,0.995,0,0.305,-0.305,2.582,-0.17,-140.999,-49.8,-55.9,-22.32,29.22,0.33353,0.00598,-0.02179,-0.94241
 13:48:38.818,eb:33:2e:f9:57:b5, 2085-97-253 255:90:00:2044,-0.001,0.043,0.995,0,0.122,-0.244,2.582,-0.17,-140.993,-49.8,-55.9,-22.32,29.22,0.33374,0.0061,-0.02176,-0.94235
 13:48:38.818,eb:33:2e:f9:57:b5, 2085-97-255 255:93:00:2044,-0.001,0.045,0.998,0,0.244,-0.305,2.582,-0.165,-140.993,-49.8,-55.9,-22.32,29.22,0.33374,0.0061,-0.02176,-0.94235
 13:48:38.818,eb:33:2e:f9:57:b5, 2085-97-00 00:95:00:2043,-0.001,0.045,0.997,-0.061,0.366,-0.244,2.582,-0.165,-140.993,-49.8,-55.9,-22.32,29.22,0.33374,0.0061,-0.02176,-0.94235
 13:48:38.819,eb:33:2e:f9:57:b5, 2085-97-251 255:92:00:2038,-0.003,0.046,0.996,-0.061,0.427,-0.183,2.582,-0.165,-140.993,-49.8,-55.9,-22.32,29.22,0.33374,0.0061,-0.02176,-0.94235
 13:48:38.907,eb:33:2e:f9:57:b5, 2085-97-247 255:94:00:2034,-0.005,0.047,0.994,-0.061,0.366,-0.366,2.582,-0.165,-140.993,-49.8,-55.9,-22.32,29.22,0.33374,0.0061,-0.02176,-0.94235
 13:48:38.907,eb:33:2e:f9:57:b5, 2085-97-248 255:91:00:2037,-0.003,0.045,0.993,-0.061,0.244,-0.366,2.582,-0.165,-140.993,-49.8,-55.9,-22.32,29.22,0.33374,0.0061,-0.02176,-0.94235
 13:48:38.907,eb:33:2e:f9:57:b5, 2085-97-245 255:91:00:2037,-0.002,0.044,0.995,-0.061,0.122,-0.366,2.582,-0.165,-140.993,-49.8,-55.9,-22.32,29.22,0.33374,0.0061,-0.02176,-0.94235
 13:48:38.907,eb:33:2e:f9:57:b5, 2085-97-250 255:90:00:2040,0,0.046,0.997,-0.061,0.061,-0.366,2.582,-0.159,-140.988,-49.8,-55.9,-22.32,29.22,0.33374,0.0061,-0.02176,-0.94235
 13:48:38.909,eb:33:2e:f9:57:b5, 2085-97-252 255:89:00:2042,-0.002,0.044,0.998,-0.122,0.183,-0.305,2.582,-0.159,-140.988,-49.8,-55.9,-22.32,29.22,0.33374,0.0061,-0.02176,-0.94235
 13:48:38.909,eb:33:2e:f9:57:b5, 2085-97-250 255:88:00:2040,-0.003,0.044,0.997,0,0.244,-0.244,2.582,-0.159,-140.988,-49.8,-55.9,-22.32,29.22,0.33374,0.0061,-0.02176,-0.94235
 13:48:38.909,eb:33:2e:f9:57:b5, 2085-97-248 255:86:00:2041,-0.003,0.042,0.997,0.061,0.183,-0.183,2.582,-0.159,-140.988,-49.8,-55.9,-22.32,29.22,0.33374,0.0061,-0.02176,-0.94235
 13:48:38.909,eb:33:2e:f9:57:b5, 2085-97-250 255:92:00:2039,-0.004,0.043,0.997,0.122,0.122,-0.183,2.582,-0.159,-140.988,-49.8,-55.9,-22.32,29.22,0.33374,0.0061,-0.02176,-0.94235
 13:48:38.937,eb:33:2e:f9:57:b5, 2085-97-247 255:91:00:2038,-0.003,0.045,0.995,0.244,0.061,-0.061,2.582,-0.159,-140.988,-49.8,-55.9,-22.32,29.22,0.33374,0.0061,-0.02176,-0.94235
 13:48:38.937,eb:33:2e:f9:57:b5, 2085-97-247 255:90:00:2040,-0.004,0.044,0.995,0.183,0,-0.061,2.582,-0.154,-140.988,-49.8,-55.9,-22.32,29.22,0.33374,0.0061,-0.02176,-0.94235
 13:48:38.937,eb:33:2e:f9:57:b5, 2085-97-246 255:90:00:2041,-0.004,0.043,0.995,0.244,-0.061,0,2.582,-0.154,-140.982,-49.8,-55.9,-22.32,29.22,0.33374,0.0061,-0.02176,-0.94235
 13:48:38.937,eb:33:2e:f9:57:b5, 2085-97-250 255:92:00:2042,-0.002,0.045,0.996,0.305,-0.061,0,2.582,-0.154,-140.982,-49.8,-55.9,-22.32,29.22,0.33374,0.0061,-0.02176,-0.94235
 13:48:39.029,eb:33:2e:f9:57:b5, 2085-97-251 255:91:00:2041,-0.002,0.045,0.997,0.305,-0.122,0,2.582,-0.154,-140.982,-49.8,-55.9,-22.32,29.22,0.33374,0.0061,-0.02176,-0.94235
 13:48:39.029,eb:33:2e:f9:57:b5, 2085-97-251 255:94:00:2042,-0.001,0.045,0.996,0.305,-0.061,0,2.582,-0.154,-140.982,-49.8,-55.9,-22.32,29.22,0.33374,0.0061,-0.02176,-0.94235
 13:48:39.029,eb:33:2e:f9:57:b5, 2085-97-250 255:92:00:2040,-0.003,0.045,0.998,0.244,0,0,2.582,-0.154,-140.982,-49.8,-55.9,-22.32,29.22,0.33374,0.0061,-0.02176,-0.94235
 13:48:39.029,eb:33:2e:f9:57:b5, 2085-97-00 00:96:00:2045,-0.001,0.044,0.998,0.305,0,0.061,2.582,-0.148,-140.982,-49.8,-55.9,-22.32,29.22,0.33374,0.0061,-0.02176,-0.94235
 13:48:39.029,eb:33:2e:f9:57:b5, 2085-97-254 255:97:00:2042,-0.003,0.046,0.999,0.244,0.183,0,2.582,-0.148,-140.977,-49.8,-55.9,-22.32,29.22,0.33374,0.0061,-0.02176,-0.94235
 13:48:39.029,eb:33:2e:f9:57:b5, 2085-113-58 00:44:227:-8460,-0.006,0.046,0.995,0.183,0.244,0,2.582,-0.148,-140.977,-49.8,-55.9,-22.32,29.22,0.33374,0.0061,-0.02176,-0.94235
 13:48:39.029,eb:33:2e:f9:57:b5, 2085-97-244 255:94:00:2036,-0.004,0.045,0.994,0.183,0.244,0,2.582,-0.148,-140.977,-49.8,-55.9,-22.32,29.22,0.33374,0.0061,-0.02176,-0.94235
 13:48:39.029,eb:33:2e:f9:57:b5, 2085-97-247 255:95:00:2035,-0.005,0.046,0.994,0.183,0.122,0,2.582,-0.148,-140.977,-49.8,-55.9,-22.32,29.22,0.33374,0.0061,-0.02176,-0.94235
 13:48:39.029,eb:33:2e:f9:57:b5, 2085-97-246 255:90:00:2038,-0.002,0.045,0.994,0.183,0.061,0,2.582,-0.148,-140.977,-49.8,-55.9,-22.32,29.22,0.33374,0.0061,-0.02176,-0.94235
 13:48:39.057,eb:33:2e:f9:57:b5, 2085-97-250 255:94:00:2040,-0.003,0.047,0.996,0.183,0.061,0,2.582,-0.148,-140.977,-49.2,-56.4,-21.127,29.22,0.33374,0.0061,-0.02176,-0.94235
 13:48:39.057,eb:33:2e:f9:57:b5, 2085-97-248 255:90:00:2039,-0.003,0.045,0.997,0.122,0.183,0,2.582,-0.143,-140.977,-49.2,-56.4,-21.127,29.22,0.33374,0.0061,-0.02176,-0.94235
 13:48:39.057,eb:33:2e:f9:57:b5, 2085-97-250 255:92:00:2039,-0.004,0.045,0.995,0.122,0.122,0,2.582,-0.143,-140.971,-49.2,-56.4,-21.127,29.22,0.33374,0.0061,-0.02176,-0.94235
 13:48:39.057,eb:33:2e:f9:57:b5, 2085-97-249 255:96:00:2036,-0.003,0.046,0.995,0.061,0.061,0.061,2.582,-0.143,-140.971,-49.2,-56.4,-21.127,29.22,0.33374,0.0061,-0.02176,-0.94235
 13:48:39.118,eb:33:2e:f9:57:b5, 2085-97-249 255:95:00:2035,-0.004,0.047,0.994,0.061,0.122,0,2.582,-0.143,-140.971,-49.2,-56.4,-21.127,29.22,0.33374,0.0061,-0.02176,-0.94235
 13:48:39.118,eb:33:2e:f9:57:b5, 2085-97-247 255:92:00:2037,-0.004,0.045,0.995,0,0.183,-0.061,2.582,-0.143,-140.971,-49.2,-56.4,-21.127,29.22,0.33374,0.0061,-0.02176,-0.94235
 13:48:39.118,eb:33:2e:f9:57:b5, 2085-97-245 255:94:00:2036,-0.004,0.046,0.995,0,0.122,-0.061,2.582,-0.143,-140.971,-49.2,-56.4,-21.127,29.22,0.33374,0.0061,-0.02176,-0.94235
 13:48:39.118,eb:33:2e:f9:57:b5, 2085-97-246 255:90:00:2034,-0.006,0.045,0.994,0,0.061,0,2.582,-0.137,-140.971,-49.2,-56.4,-21.127,29.22,0.33374,0.0061,-0.02176,-0.94235
 13:48:39.148,eb:33:2e:f9:57:b5, 2085-97-243 255:93:00:2032,-0.007,0.044,0.994,0,0,-0.061,2.582,-0.137,-140.966,-49.2,-56.4,-21.127,29.22,0.33395,0.00635,-0.02167,-0.94226
 13:48:39.148,eb:33:2e:f9:57:b5, 2085-97-243 255:93:00:2030,-0.005,0.045,0.991,-0.061,-0.183,0,2.582,-0.137,-140.966,-49.2,-56.4,-21.127,29.22,0.33395,0.00635,-0.02167,-0.94226
 13:48:39.148,eb:33:2e:f9:57:b5, 2085-97-245 255:93:00:2035,-0.004,0.045,0.993,-0.122,-0.305,0,2.582,-0.137,-140.966,-49.2,-56.4,-21.127,29.22,0.33395,0.00635,-0.02167,-0.94226
 13:48:39.148,eb:33:2e:f9:57:b5, 2085-97-249 255:95:00:2039,-0.003,0.046,0.995,-0.183,-0.427,0,2.582,-0.132,-140.966,-49.2,-56.4,-21.127,29.22,0.33395,0.00635,-0.02167,-0.94226
 13:48:39.177,eb:33:2e:f9:57:b5, 2085-97-249 255:95:00:2039,-0.004,0.046,0.996,-0.183,-0.427,-0.061,2.582,-0.132,-140.966,-49.2,-56.4,-21.127,29.22,0.33395,0.00635,-0.02167,-0.94226
 13:48:39.177,eb:33:2e:f9:57:b5, 2085-97-247 255:93:00:2037,-0.006,0.046,0.995,-0.244,-0.427,-0.122,2.582,-0.132,-140.966,-49.2,-56.4,-21.127,29.22,0.33395,0.00635,-0.02167,-0.94226
 13:48:39.177,eb:33:2e:f9:57:b5, 2085-97-246 255:93:00:2037,-0.004,0.044,0.995,-0.122,-0.61,-0.061,2.582,-0.132,-140.96,-49.2,-56.4,-21.127,29.22,0.33395,0.00635,-0.02167,-0.94226
 13:48:39.178,eb:33:2e:f9:57:b5, 2085-97-247 255:92:00:2038,-0.004,0.045,0.995,-0.122,-0.732,-0.061,2.582,-0.132,-140.96,-49.2,-56.4,-21.127,29.22,0.33395,0.00635,-0.02167,-0.94226
 13:48:39.237,eb:33:2e:f9:57:b5, 2085-97-249 255:93:00:2040,-0.002,0.043,0.995,-0.061,-0.732,-0.061,2.582,-0.132,-140.96,-49.2,-56.4,-21.127,29.22,0.33395,0.00635,-0.02167,-0.94226
 13:48:39.237,eb:33:2e:f9:57:b5, 2085-97-247 255:94:00:2038,-0.004,0.047,0.996,-0.122,-0.732,-0.061,2.582,-0.126,-140.96,-49.2,-56.4,-21.127,29.22,0.33395,0.00635,-0.02167,-0.94226
 13:48:39.237,eb:33:2e:f9:57:b5, 2085-97-249 255:94:00:2039,-0.002,0.045,0.995,-0.122,-0.854,-0.122,2.582,-0.126,-140.96,-49.2,-56.4,-21.127,29.22,0.33395,0.00635,-0.02167,-0.94226
 13:48:39.237,eb:33:2e:f9:57:b5, 2085-97-251 255:89:00:2045,-0.002,0.044,0.999,-0.061,-0.793,-0.122,2.582,-0.126,-140.96,-49.2,-56.4,-21.127,29.22,0.33395,0.00635,-0.02167,-0.94226
 13:48:39.269,eb:33:2e:f9:57:b5, 2085-97-01 00:95:00:2047,0,0.045,0.998,0,-0.854,-0.061,2.582,-0.126,-140.955,-49.2,-56.4,-21.127,29.22,0.33395,0.00635,-0.02167,-0.94226
 13:48:39.269,eb:33:2e:f9:57:b5, 2085-97-253 255:88:00:2043,0,0.046,0.999,-0.061,-0.61,-0.061,2.582,-0.121,-140.955,-49.2,-56.4,-21.127,29.22,0.33395,0.00635,-0.02167,-0.94226
 13:48:39.269,eb:33:2e:f9:57:b5, 2085-97-00 00:89:00:2049,0,0.043,1,0.122,-0.488,0,2.582,-0.121,-140.955,-49.2,-56.4,-21.127,29.22,0.33395,0.00635,-0.02167,-0.94226
 13:48:39.269,eb:33:2e:f9:57:b5, 2085-97-254 255:94:00:2041,-0.001,0.045,0.999,0.122,-0.305,0,2.582,-0.121,-140.955,-49.2,-56.4,-21.127,29.22,0.33395,0.00635,-0.02167,-0.94226
 13:48:39.298,eb:33:2e:f9:57:b5, 2085-97-251 255:92:00:2040,-0.002,0.045,0.996,0.122,-0.183,0,2.582,-0.121,-140.955,-49.2,-56.4,-21.127,29.22,0.33395,0.00635,-0.02167,-0.94226
 13:48:39.298,eb:33:2e:f9:57:b5, 2085-97-253 255:92:00:2041,0,0.044,0.997,0.183,-0.122,0,2.582,-0.121,-140.955,-49.2,-56.4,-21.127,29.22,0.33395,0.00635,-0.02167,-0.94226
 13:48:39.298,eb:33:2e:f9:57:b5, 2085-97-00 00:95:00:2046,-0.001,0.045,0.998,0.183,-0.183,0,2.582,-0.121,-140.949,-49.2,-56.4,-21.127,29.22,0.33395,0.00635,-0.02167,-0.94226
 13:48:39.298,eb:33:2e:f9:57:b5, 2085-97-254 255:96:00:2042,0,0.046,0.998,0.122,0,0,2.582,-0.121,-140.949,-49.2,-56.4,-21.127,29.22,0.33395,0.00635,-0.02167,-0.94226
 13:48:39.358,eb:33:2e:f9:57:b5, 2085-97-01 00:97:00:2042,0,0.046,0.997,0.122,0.061,0,2.582,-0.121,-140.949,-49.2,-56.4,-21.127,29.22,0.33395,0.00635,-0.02167,-0.94226
 13:48:39.358,eb:33:2e:f9:57:b5, 2085-97-252 255:92:00:2037,-0.002,0.046,0.995,0.061,0.122,0,2.582,-0.121,-140.949,-49.2,-56.4,-21.127,29.22,0.33395,0.00635,-0.02167,-0.94226
 13:48:39.358,eb:33:2e:f9:57:b5, 2085-97-249 255:91:00:2037,-0.004,0.045,0.995,0.122,0.122,0,2.582,-0.121,-140.949,-49.2,-56.4,-21.127,29.22,0.33395,0.00635,-0.02167,-0.94226
 13:48:39.358,eb:33:2e:f9:57:b5, 2085-97-250 255:91:00:2038,-0.003,0.044,0.994,0.183,0.061,0,2.582,-0.115,-140.949,-49.2,-56.4,-21.127,29.22,0.33395,0.00635,-0.02167,-0.94226
 13:48:39.388,eb:33:2e:f9:57:b5, 2085-97-252 255:89:00:2041,-0.001,0.044,0.996,0.244,0,0,2.582,-0.115,-140.949,-48.9,-56.8,-23.133,29.22,0.33395,0.00635,-0.02167,-0.94226
 13:48:39.388,eb:33:2e:f9:57:b5, 2085-97-00 00:94:00:2045,0,0.044,0.998,0.244,0,0.122,2.582,-0.115,-140.949,-48.9,-56.8,-23.133,29.22,0.33395,0.00635,-0.02167,-0.94226
 13:48:39.388,eb:33:2e:f9:57:b5, 2085-97-254 255:94:00:2044,0.003,0.046,0.996,0.244,0.244,0.183,2.582,-0.115,-140.944,-48.9,-56.8,-23.133,29.22,0.33395,0.00635,-0.02167,-0.94226
 13:48:39.388,eb:33:2e:f9:57:b5, 2085-97-04 00:96:00:2050,0,0.046,1,0.244,0.61,0.061,2.582,-0.115,-140.944,-48.9,-56.8,-23.133,29.22,0.33395,0.00635,-0.02167,-0.94226
 13:48:39.419,eb:33:2e:f9:57:b5, 2085-97-248 255:91:00:2037,-0.006,0.047,0.999,0.244,0.854,0,2.582,-0.115,-140.944,-48.9,-56.8,-23.133,29.22,0.33395,0.00635,-0.02167,-0.94226
 13:48:39.419,eb:33:2e:f9:57:b5, 2085-97-241 255:87:00:2038,-0.005,0.043,0.994,0.427,0.732,0,2.582,-0.115,-140.944,-48.9,-56.8,-23.133,29.22,0.33395,0.00635,-0.02167,-0.94226
 13:48:39.419,eb:33:2e:f9:57:b5, 2085-97-249 255:93:00:2041,-0.003,0.043,0.996,0.488,0.427,0.183,2.582,-0.115,-140.944,-48.9,-56.8,-23.133,29.22,0.33395,0.00635,-0.02167,-0.94226
 13:48:39.419,eb:33:2e:f9:57:b5, 2085-97-248 255:94:00:2036,-0.003,0.045,0.996,0.427,0.427,0.244,2.582,-0.115,-140.944,-48.9,-56.8,-23.133,29.22,0.33395,0.00635,-0.02167,-0.94226
 13:48:39.508,eb:33:2e:f9:57:b5, 2085-97-250 255:95:00:2038,-0.002,0.046,0.995,0.366,0.427,0.305,2.582,-0.115,-140.938,-48.9,-56.8,-23.133,29.22,0.33417,0.00659,-0.02161,-0.9422
 13:48:39.508,eb:33:2e:f9:57:b5, 2085-97-252 255:97:00:2042,-0.004,0.045,0.997,0.427,0.427,0.244,2.582,-0.11,-140.938,-48.9,-56.8,-23.133,29.22,0.33417,0.00659,-0.02161,-0.9422
 13:48:39.508,eb:33:2e:f9:57:b5, 2085-97-246 255:94:00:2039,-0.005,0.046,0.996,0.366,0.488,0.305,2.582,-0.11,-140.938,-48.9,-56.8,-23.133,29.22,0.33417,0.00659,-0.02161,-0.9422
 13:48:39.508,eb:33:2e:f9:57:b5, 2085-97-248 255:96:00:2038,-0.004,0.047,0.995,0.305,0.427,0.305,2.582,-0.11,-140.938,-48.9,-56.8,-23.133,29.22,0.33417,0.00659,-0.02161,-0.9422
 13:48:39.511,eb:33:2e:f9:57:b5, 2085-97-249 255:95:00:2037,-0.004,0.047,0.995,0.244,0.427,0.305,2.582,-0.11,-140.938,-48.9,-56.8,-23.133,29.22,0.33417,0.00659,-0.02161,-0.9422
 13:48:39.511,eb:33:2e:f9:57:b5, 2085-97-247 255:95:00:2034,-0.005,0.047,0.995,0.122,0.366,0.244,2.587,-0.11,-140.938,-48.9,-56.8,-23.133,29.22,0.33417,0.00659,-0.02161,-0.9422
 13:48:39.511,eb:33:2e:f9:57:b5, 2085-97-248 255:95:00:2039,-0.003,0.047,0.994,0.122,0.305,0.244,2.587,-0.11,-140.933,-48.9,-56.8,-23.133,29.22,0.33417,0.00659,-0.02161,-0.9422
 13:48:39.512,eb:33:2e:f9:57:b5, 2085-97-251 255:97:00:2039,-0.001,0.048,0.996,0.061,0.305,0.183,2.587,-0.104,-140.933,-48.9,-56.8,-23.133,29.22,0.33417,0.00659,-0.02161,-0.9422
 13:48:39.538,eb:33:2e:f9:57:b5, 2085-97-252 255:95:00:2041,-0.004,0.048,0.997,0.061,0.427,0.061,2.587,-0.104,-140.933,-48.9,-56.8,-23.133,29.22,0.33417,0.00659,-0.02161,-0.9422
 13:48:39.538,eb:33:2e:f9:57:b5, 2085-97-246 255:94:00:2037,-0.004,0.045,0.995,0.061,0.488,0.122,2.587,-0.104,-140.933,-48.9,-56.8,-23.133,29.22,0.33417,0.00659,-0.02161,-0.9422
 13:48:39.538,eb:33:2e:f9:57:b5, 2085-97-247 255:97:00:2034,-0.007,0.046,0.995,0.061,0.488,0.061,2.587,-0.104,-140.933,-48.9,-56.8,-23.133,29.22,0.33417,0.00659,-0.02161,-0.9422
 13:48:39.538,eb:33:2e:f9:57:b5, 2085-97-246 255:96:00:2035,-0.003,0.047,0.996,0.122,0.427,0,2.587,-0.104,-140.933,-48.9,-56.8,-23.133,29.22,0.33417,0.00659,-0.02161,-0.9422
 13:48:39.599,eb:33:2e:f9:57:b5, 2085-97-245 255:93:00:2033,-0.008,0.045,0.996,0.244,0.366,0,2.587,-0.104,-140.927,-48.9,-56.8,-23.133,29.22,0.33417,0.00659,-0.02161,-0.9422
 13:48:39.599,eb:33:2e:f9:57:b5, 2085-97-242 255:93:00:2039,-0.002,0.045,0.993,0.305,0.183,0.122,2.587,-0.099,-140.927,-48.9,-56.8,-23.133,29.22,0.33417,0.00659,-0.02161,-0.9422
 13:48:39.599,eb:33:2e:f9:57:b5, 2085-97-251 255:96:00:2042,-0.005,0.047,0.998,0.244,0.122,0.183,2.587,-0.099,-140.927,-48.9,-56.8,-23.133,29.22,0.33417,0.00659,-0.02161,-0.9422
 13:48:39.599,eb:33:2e:f9:57:b5, 2085-97-243 255:93:00:2037,-0.005,0.046,0.995,0.183,0.183,0.244,2.587,-0.099,-140.927,-48.9,-56.8,-23.133,29.22,0.33417,0.00659,-0.02161,-0.9422
 13:48:39.629,eb:33:2e:f9:57:b5, 2085-97-247 255:95:00:2041,-0.004,0.046,0.996,0.244,0,0.244,2.587,-0.099,-140.927,-48.9,-56.8,-23.133,29.22,0.33417,0.00659,-0.02161,-0.9422
 13:48:39.629,eb:33:2e:f9:57:b5, 2085-97-245 255:95:00:2040,-0.005,0.047,0.997,0.122,0.122,0.183,2.587,-0.099,-140.927,-48.9,-56.8,-23.133,29.22,0.33417,0.00659,-0.02161,-0.9422
 13:48:39.629,eb:33:2e:f9:57:b5, 2085-97-244 255:94:00:2038,-0.004,0.046,0.995,0.305,0.061,0.244,2.587,-0.099,-140.927,-48.9,-56.8,-23.133,29.22,0.33417,0.00659,-0.02161,-0.9422
 13:48:39.629,eb:33:2e:f9:57:b5, 2085-113-58 00:210:226:-8370,-0.006,0.046,0.995,0.305,0,0.305,2.587,-0.093,-140.922,-48.9,-56.8,-23.133,29.22,0.33417,0.00659,-0.02161,-0.9422
 13:48:39.659,eb:33:2e:f9:57:b5, 2085-97-245 255:94:00:2037,-0.004,0.045,0.994,0.366,0,0.366,2.587,-0.093,-140.922,-49.8,-55.8,-23.713,29.22,0.33417,0.00659,-0.02161,-0.9422
 13:48:39.659,eb:33:2e:f9:57:b5, 2085-97-248 255:96:00:2040,-0.004,0.047,0.996,0.366,-0.061,0.366,2.587,-0.093,-140.922,-49.8,-55.8,-23.713,29.22,0.33417,0.00659,-0.02161,-0.9422
 13:48:39.659,eb:33:2e:f9:57:b5, 2085-97-244 255:96:00:2038,-0.006,0.047,0.995,0.427,0,0.305,2.587,-0.093,-140.922,-49.8,-55.8,-23.713,29.22,0.33417,0.00659,-0.02161,-0.9422
 13:48:39.659,eb:33:2e:f9:57:b5, 2085-97-246 255:100:00:2035,-0.005,0.047,0.994,0.366,0,0.366,2.587,-0.088,-140.922,-49.8,-55.8,-23.713,29.22,0.33417,0.00659,-0.02161,-0.9422
 13:48:39.717,eb:33:2e:f9:57:b5, 2085-97-245 255:96:00:2038,-0.005,0.048,0.995,0.244,0,0.244,2.587,-0.088,-140.922,-49.8,-55.8,-23.713,29.22,0.33417,0.00659,-0.02161,-0.9422
 13:48:39.717,eb:33:2e:f9:57:b5, 2085-97-248 255:96:00:2038,-0.003,0.047,0.995,0.305,0,0.122,2.587,-0.088,-140.922,-49.8,-55.8,-23.713,29.22,0.33417,0.00659,-0.02161,-0.9422
 13:48:39.717,eb:33:2e:f9:57:b5, 2085-97-249 255:100:00:2042,-0.003,0.048,0.997,0.244,0,0.061,2.587,-0.088,-140.916,-49.8,-55.8,-23.713,29.22,0.33417,0.00659,-0.02161,-0.9422
 13:48:39.717,eb:33:2e:f9:57:b5, 2085-97-250 255:99:00:2043,-0.003,0.049,0.998,0.183,0.122,0.122,2.587,-0.088,-140.916,-49.8,-55.8,-23.713,29.22,0.33417,0.00659,-0.02161,-0.9422
 13:48:39.748,eb:33:2e:f9:57:b5, 2085-97-244 255:97:00:2041,-0.004,0.046,0.998,0.183,0.244,0.061,2.587,-0.088,-140.916,-49.8,-55.8,-23.713,29.22,0.33435,0.00681,-0.02158,-0.94211
 13:48:39.748,eb:33:2e:f9:57:b5, 2085-97-247 255:94:00:2040,-0.005,0.047,0.996,0.244,0.183,0.061,2.593,-0.082,-140.916,-49.8,-55.8,-23.713,29.22,0.33435,0.00681,-0.02158,-0.94211
 13:48:39.748,eb:33:2e:f9:57:b5, 2085-97-243 255:94:00:2037,-0.006,0.047,0.997,0.122,0.061,0.244,2.593,-0.082,-140.916,-49.8,-55.8,-23.713,29.22,0.33435,0.00681,-0.02158,-0.94211
 13:48:39.748,eb:33:2e:f9:57:b5, 2085-97-245 255:98:00:2036,-0.005,0.046,0.994,0.183,0.061,0.183,2.593,-0.082,-140.916,-49.8,-55.8,-23.713,29.22,0.33435,0.00681,-0.02158,-0.94211
 13:48:39.807,eb:33:2e:f9:57:b5, 2085-97-247 255:98:00:2037,-0.005,0.046,0.994,0.183,0,0.122,2.593,-0.082,-140.911,-49.8,-55.8,-23.713,29.22,0.33435,0.00681,-0.02158,-0.94211
 13:48:39.807,eb:33:2e:f9:57:b5, 2085-97-243 255:95:00:2037,-0.006,0.049,0.994,0.244,0,0,2.593,-0.082,-140.911,-49.8,-55.8,-23.713,29.22,0.33435,0.00681,-0.02158,-0.94211
 13:48:39.807,eb:33:2e:f9:57:b5, 2085-97-248 255:97:00:2040,-0.002,0.045,0.995,0.305,-0.122,0.183,2.593,-0.082,-140.911,-49.8,-55.8,-23.713,29.22,0.33435,0.00681,-0.02158,-0.94211
 13:48:39.807,eb:33:2e:f9:57:b5, 2085-97-251 255:100:00:2040,-0.003,0.049,0.997,0.244,0,0.061,2.593,-0.077,-140.911,-49.8,-55.8,-23.713,29.22,0.33435,0.00681,-0.02158,-0.94211
 13:48:39.837,eb:33:2e:f9:57:b5, 2085-97-248 255:96:00:2040,-0.005,0.048,0.997,0.305,0.061,0,2.593,-0.077,-140.911,-49.8,-55.8,-23.713,29.22,0.33435,0.00681,-0.02158,-0.94211
 13:48:39.837,eb:33:2e:f9:57:b5, 2085-97-246 255:98:00:2036,-0.006,0.047,0.995,0.244,0.061,0,2.593,-0.077,-140.911,-49.8,-55.8,-23.713,29.22,0.33435,0.00681,-0.02158,-0.94211
 13:48:39.837,eb:33:2e:f9:57:b5, 2085-97-243 255:99:00:2035,-0.006,0.047,0.994,0.244,0,0,2.593,-0.077,-140.905,-49.8,-55.8,-23.713,29.22,0.33435,0.00681,-0.02158,-0.94211
 13:48:39.837,eb:33:2e:f9:57:b5, 2085-97-247 255:98:00:2039,-0.002,0.047,0.994,0.183,-0.061,0,2.593,-0.077,-140.905,-49.8,-55.8,-23.713,29.22,0.33435,0.00681,-0.02158,-0.94211
 13:48:39.868,eb:33:2e:f9:57:b5, 2085-97-251 255:97:00:2042,-0.003,0.048,0.996,0.183,0,0.061,2.593,-0.077,-140.905,-49.8,-55.8,-23.713,29.22,0.33435,0.00681,-0.02158,-0.94211
 13:48:39.869,eb:33:2e:f9:57:b5, 2085-97-249 255:103:00:2039,-0.004,0.049,0.996,0.183,0,0.061,2.593,-0.071,-140.905,-49.8,-55.8,-23.713,29.22,0.33435,0.00681,-0.02158,-0.94211
 13:48:39.869,eb:33:2e:f9:57:b5, 2085-97-246 255:100:00:2039,-0.004,0.05,0.996,0.061,0.061,0.061,2.593,-0.071,-140.905,-49.8,-55.8,-23.713,29.22,0.33435,0.00681,-0.02158,-0.94211
 13:48:39.869,eb:33:2e:f9:57:b5, 2085-97-245 255:97:00:2036,-0.005,0.048,0.995,0,0.061,0,2.598,-0.071,-140.905,-49.8,-55.8,-23.713,29.22,0.33435,0.00681,-0.02158,-0.94211
 13:48:39.898,eb:33:2e:f9:57:b5, 2085-97-247 255:97:00:2038,-0.005,0.047,0.996,0.061,0,0,2.598,-0.071,-140.9,-49.8,-55.8,-23.713,29.22,0.33435,0.00681,-0.02158,-0.94211
 13:48:39.898,eb:33:2e:f9:57:b5, 2085-97-245 255:95:00:2038,-0.006,0.048,0.995,0.122,0,0,2.598,-0.071,-140.9,-49.8,-55.8,-23.713,29.22,0.33435,0.00681,-0.02158,-0.94211
 13:48:39.898,eb:33:2e:f9:57:b5, 2085-97-247 255:97:00:2041,-0.004,0.046,0.996,0.183,0,0,2.598,-0.071,-140.9,-49.8,-55.8,-23.713,29.22,0.33435,0.00681,-0.02158,-0.94211
 13:48:39.898,eb:33:2e:f9:57:b5, 2085-97-247 255:97:00:2041,-0.006,0.047,0.997,0.183,-0.061,0,2.598,-0.066,-140.9,-49.8,-55.8,-23.713,29.22,0.33435,0.00681,-0.02158,-0.94211
 13:48:39.987,eb:33:2e:f9:57:b5, 2085-97-247 255:98:00:2040,-0.004,0.048,0.996,0.122,-0.061,0.061,2.598,-0.066,-140.9,-49.8,-55.8,-23.713,29.22,0.33435,0.00681,-0.02158,-0.94211
 13:48:39.987,eb:33:2e:f9:57:b5, 2085-97-249 255:100:00:2042,-0.004,0.048,0.996,0.183,0,0.061,2.598,-0.066,-140.9,-49.8,-55.8,-23.713,29.22,0.33435,0.00681,-0.02158,-0.94211
 13:48:39.987,eb:33:2e:f9:57:b5, 2085-97-247 255:101:00:2040,-0.004,0.049,0.996,0.061,0,0,2.598,-0.066,-140.894,-49.8,-55.8,-23.713,29.22,0.33435,0.00681,-0.02158,-0.94211
 13:48:39.987,eb:33:2e:f9:57:b5, 2085-97-251 255:101:00:2043,-0.003,0.048,0.995,0.061,0.061,0,2.598,-0.066,-140.894,-49.8,-55.8,-23.713,29.22,0.33435,0.00681,-0.02158,-0.94211
 13:48:39.990,eb:33:2e:f9:57:b5, 2085-97-245 255:97:00:2037,-0.006,0.048,0.997,0,0.183,0,2.598,-0.066,-140.894,-47,-56.4,-24.493,29.22,0.33435,0.00681,-0.02158,-0.94211
 13:48:39.991,eb:33:2e:f9:57:b5, 2085-97-243 255:98:00:2034,-0.005,0.048,0.994,0,0.122,0,2.598,-0.06,-140.894,-47,-56.4,-24.493,29.22,0.33435,0.00681,-0.02158,-0.94211
 13:48:39.991,eb:33:2e:f9:57:b5, 2085-97-245 255:97:00:2034,-0.007,0.048,0.993,-0.061,0.061,0,2.598,-0.06,-140.894,-47,-56.4,-24.493,29.22,0.33435,0.00681,-0.02158,-0.94211
 13:48:39.991,eb:33:2e:f9:57:b5, 2085-97-243 255:100:00:2033,-0.006,0.049,0.993,-0.061,-0.061,-0.061,2.604,-0.06,-140.894,-47,-56.4,-24.493,29.22,0.33435,0.00681,-0.02158,-0.94211
 13:48:40.018,eb:33:2e:f9:57:b5, 2085-97-244 255:97:00:2036,-0.004,0.047,0.994,-0.061,-0.183,-0.122,2.598,-0.06,-140.894,-47,-56.4,-24.493,29.22,0.33435,0.00681,-0.02158,-0.94211
 13:48:40.018,eb:33:2e:f9:57:b5, 2085-97-248 255:99:00:2037,-0.003,0.047,0.995,0,-0.244,-0.122,2.604,-0.06,-140.889,-47,-56.4,-24.493,29.22,0.33435,0.00681,-0.02158,-0.94211
 13:48:40.018,eb:33:2e:f9:57:b5, 2085-97-246 255:99:00:2039,-0.004,0.048,0.996,-0.061,-0.183,-0.122,2.604,-0.06,-140.889,-47,-56.4,-24.493,29.22,0.33435,0.00681,-0.02158,-0.94211
 13:48:40.018,eb:33:2e:f9:57:b5, 2085-97-247 255:97:00:2039,-0.004,0.048,0.995,-0.061,-0.183,-0.122,2.604,-0.055,-140.889,-47,-56.4,-24.493,29.22,0.33435,0.00681,-0.02158,-0.94211
 13:48:40.077,eb:33:2e:f9:57:b5, 2085-97-248 255:99:00:2043,-0.004,0.049,0.996,-0.061,-0.122,-0.183,2.604,-0.055,-140.889,-47,-56.4,-24.493,29.22,0.33435,0.00681,-0.02158,-0.94211
 13:48:40.077,eb:33:2e:f9:57:b5, 2085-97-245 255:95:00:2043,-0.004,0.047,0.999,-0.061,-0.061,-0.183,2.604,-0.055,-140.889,-47,-56.4,-24.493,29.22,0.33435,0.00681,-0.02158,-0.94211
 13:48:40.077,eb:33:2e:f9:57:b5, 2085-97-250 255:100:00:2041,-0.003,0.047,0.997,0,-0.061,-0.061,2.604,-0.055,-140.889,-47,-56.4,-24.493,29.22,0.33435,0.00681,-0.02158,-0.94211
 13:48:40.077,eb:33:2e:f9:57:b5, 2085-97-247 255:100:00:2041,-0.004,0.049,0.998,-0.061,0,-0.061,2.604,-0.055,-140.889,-47,-56.4,-24.493,29.22,0.33435,0.00681,-0.02158,-0.94211
 13:48:40.107,eb:33:2e:f9:57:b5, 2085-97-247 255:100:00:2042,-0.004,0.048,0.996,-0.061,0,0,2.604,-0.055,-140.883,-47,-56.4,-24.493,29.22,0.33459,0.00714,-0.02158,-0.94202
 13:48:40.107,eb:33:2e:f9:57:b5, 2085-97-247 255:99:00:2038,-0.005,0.049,0.997,-0.122,0.061,-0.061,2.604,-0.049,-140.883,-47,-56.4,-24.493,29.22,0.33459,0.00714,-0.02158,-0.94202
 13:48:40.107,eb:33:2e:f9:57:b5, 2085-97-245 255:98:00:2036,-0.004,0.047,0.994,-0.183,0.122,-0.061,2.604,-0.049,-140.883,-47,-56.4,-24.493,29.22,0.33459,0.00714,-0.02158,-0.94202
 13:48:40.107,eb:33:2e:f9:57:b5, 2085-97-244 255:96:00:2038,-0.007,0.048,0.996,-0.244,0.061,0,2.604,-0.049,-140.883,-47,-56.4,-24.493,29.22,0.33459,0.00714,-0.02158,-0.94202
 13:48:40.167,eb:33:2e:f9:57:b5, 2085-97-244 255:98:00:2038,-0.005,0.047,0.995,-0.183,0,0,2.604,-0.049,-140.883,-47,-56.4,-24.493,29.22,0.33459,0.00714,-0.02158,-0.94202
 13:48:40.167,eb:33:2e:f9:57:b5, 2085-97-244 255:97:00:2038,-0.005,0.047,0.996,-0.183,-0.061,0,2.609,-0.049,-140.883,-47,-56.4,-24.493,29.22,0.33459,0.00714,-0.02158,-0.94202
 13:48:40.167,eb:33:2e:f9:57:b5, 2085-97-245 255:97:00:2038,-0.005,0.047,0.995,-0.183,-0.061,0,2.609,-0.049,-140.878,-47,-56.4,-24.493,29.22,0.33459,0.00714,-0.02158,-0.94202
 13:48:40.167,eb:33:2e:f9:57:b5, 2085-97-244 255:95:00:2039,-0.005,0.047,0.996,-0.183,-0.122,0,2.609,-0.044,-140.878,-47,-56.4,-24.493,29.22,0.33459,0.00714,-0.02158,-0.94202
 13:48:40.197,eb:33:2e:f9:57:b5, 2085-97-247 255:98:00:2036,-0.005,0.047,0.995,-0.183,-0.183,0,2.609,-0.044,-140.878,-47,-56.4,-24.493,29.22,0.33459,0.00714,-0.02158,-0.94202
 13:48:40.197,eb:33:2e:f9:57:b5, 2085-97-243 255:95:00:2037,-0.006,0.047,0.994,-0.244,-0.122,0,2.609,-0.044,-140.878,-47,-56.4,-24.493,29.22,0.33459,0.00714,-0.02158,-0.94202
 13:48:40.197,eb:33:2e:f9:57:b5, 2085-97-246 255:99:00:2037,-0.004,0.048,0.994,-0.366,-0.183,0,2.609,-0.044,-140.878,-47,-56.4,-24.493,29.22,0.33459,0.00714,-0.02158,-0.94202
 13:48:40.197,eb:33:2e:f9:57:b5, 2085-97-246 255:95:00:2040,-0.004,0.047,0.996,-0.366,-0.183,0,2.609,-0.044,-140.878,-47,-56.4,-24.493,29.22,0.33459,0.00714,-0.02158,-0.94202
 13:48:40.227,eb:33:2e:f9:57:b5, 2085-97-248 255:97:00:2042,-0.004,0.047,0.997,-0.366,-0.183,0,2.609,-0.044,-140.872,-47,-56.4,-24.493,29.22,0.33459,0.00714,-0.02158,-0.94202
 13:48:40.227,eb:33:2e:f9:57:b5, 2085-97-249 255:95:00:2043,-0.003,0.047,0.996,-0.366,-0.183,0,2.609,-0.038,-140.872,-47,-56.4,-24.493,29.22,0.33459,0.00714,-0.02158,-0.94202
 13:48:40.227,eb:33:2e:f9:57:b5, 2085-97-249 255:98:00:2042,-0.003,0.048,0.998,-0.305,-0.122,0,2.609,-0.038,-140.872,-47,-56.4,-24.493,29.22,0.33459,0.00714,-0.02158,-0.94202
 13:48:40.227,eb:33:2e:f9:57:b5, 2085-97-250 255:95:00:2043,-0.001,0.047,0.998,-0.244,0,0,2.609,-0.038,-140.872,-47,-56.4,-24.493,29.22,0.33459,0.00714,-0.02158,-0.94202
 13:48:40.288,eb:33:2e:f9:57:b5, 2085-97-252 255:96:00:2046,-0.001,0.047,0.999,-0.183,0.122,-0.061,2.609,-0.038,-140.872,-47,-56.4,-24.493,29.22,0.33459,0.00714,-0.02158,-0.94202
 13:48:40.288,eb:33:2e:f9:57:b5, 2085-97-249 255:96:00:2043,-0.004,0.047,1,-0.183,0.305,-0.061,2.609,-0.038,-140.872,-47,-56.4,-24.493,29.22,0.33459,0.00714,-0.02158,-0.94202
 13:48:40.288,eb:33:2e:f9:57:b5, 2085-97-248 255:96:00:2043,-0.005,0.046,0.998,-0.122,0.427,-0.061,2.609,-0.038,-140.872,-47,-56.4,-24.493,29.22,0.33459,0.00714,-0.02158,-0.94202
 13:48:40.288,eb:33:2e:f9:57:b5, 2085-97-246 255:95:00:2040,-0.007,0.046,0.996,-0.122,0.366,0,2.609,-0.033,-140.872,-47,-56.4,-24.493,29.22,0.33459,0.00714,-0.02158,-0.94202
 13:48:40.288,eb:33:2e:f9:57:b5, 2085-97-245 255:96:00:2039,-0.005,0.046,0.995,-0.061,0.244,0,2.609,-0.033,-140.867,-47,-56.4,-24.493,29.22,0.33459,0.00714,-0.02158,-0.94202
 13:48:40.349,eb:33:2e:f9:57:b5, 2085-113-58 00:209:227:-8595,-0.005,0.047,0.996,-0.061,0.305,0,2.609,-0.033,-140.867,-48.1,-57.3,-22.733,29.22,0.33459,0.00714,-0.02158,-0.94202
 13:48:40.349,eb:33:2e:f9:57:b5, 2085-97-245 255:93:00:2041,-0.006,0.046,0.996,-0.061,0.244,0,2.609,-0.033,-140.867,-48.1,-57.3,-22.733,29.22,0.33459,0.00714,-0.02158,-0.94202
 13:48:40.349,eb:33:2e:f9:57:b5, 2085-97-245 255:93:00:2041,-0.004,0.044,0.997,0,0.122,0.244,2.609,-0.033,-140.867,-48.1,-57.3,-22.733,29.22,0.33459,0.00714,-0.02158,-0.94202
 13:48:40.349,eb:33:2e:f9:57:b5, 2085-97-245 255:95:00:2042,-0.004,0.047,0.997,0.061,0.061,0.305,2.615,-0.033,-140.867,-48.1,-57.3,-22.733,29.22,0.33459,0.00714,-0.02158,-0.94202
 13:48:40.377,eb:33:2e:f9:57:b5, 2085-97-247 255:96:00:2040,-0.005,0.046,0.998,0.183,0.122,0.305,2.609,-0.033,-140.867,-48.1,-57.3,-22.733,29.22,0.33459,0.00714,-0.02158,-0.94202
 13:48:40.378,eb:33:2e:f9:57:b5, 2085-97-244 255:95:00:2041,-0.005,0.046,0.997,0.244,0.061,0.244,2.615,-0.033,-140.867,-48.1,-57.3,-22.733,29.22,0.33459,0.00714,-0.02158,-0.94202
 13:48:40.378,eb:33:2e:f9:57:b5, 2085-97-245 255:96:00:2040,-0.004,0.046,0.997,0.305,0,0.244,2.615,-0.033,-140.861,-48.1,-57.3,-22.733,29.22,0.33459,0.00714,-0.02158,-0.94202
 13:48:40.378,eb:33:2e:f9:57:b5, 2085-97-248 255:99:00:2041,-0.003,0.048,0.996,0.305,0.061,0.305,2.615,-0.027,-140.861,-48.1,-57.3,-22.733,29.22,0.33459,0.00714,-0.02158,-0.94202
 13:48:40.408,eb:33:2e:f9:57:b5, 2085-97-248 255:99:00:2041,-0.006,0.048,0.997,0.305,0.122,0.183,2.615,-0.027,-140.861,-48.1,-57.3,-22.733,29.22,0.33481,0.00735,-0.02158,-0.94196
 13:48:40.408,eb:33:2e:f9:57:b5, 2085-97-242 255:94:00:2037,-0.006,0.047,0.995,0.366,0.061,0.305,2.615,-0.027,-140.861,-48.1,-57.3,-22.733,29.22,0.33481,0.00735,-0.02158,-0.94196
 13:48:40.408,eb:33:2e:f9:57:b5, 2085-97-245 255:98:00:2037,-0.006,0.047,0.994,0.366,0,0.366,2.615,-0.027,-140.861,-48.1,-57.3,-22.733,29.22,0.33481,0.00735,-0.02158,-0.94196
 13:48:40.408,eb:33:2e:f9:57:b5, 2085-97-242 255:95:00:2038,-0.006,0.047,0.995,0.244,0,0.427,2.615,-0.027,-140.861,-48.1,-57.3,-22.733,29.22,0.33481,0.00735,-0.02158,-0.94196
 13:48:40.438,eb:33:2e:f9:57:b5, 2085-97-246 255:96:00:2040,-0.004,0.047,0.996,0.305,0,0.366,2.615,-0.027,-140.856,-48.1,-57.3,-22.733,29.22,0.33481,0.00735,-0.02158,-0.94196
 13:48:40.438,eb:33:2e:f9:57:b5, 2085-97-244 255:95:00:2038,-0.007,0.048,0.995,0.305,-0.061,0.427,2.615,-0.022,-140.856,-48.1,-57.3,-22.733,29.22,0.33481,0.00735,-0.02158,-0.94196
 13:48:40.438,eb:33:2e:f9:57:b5, 2085-97-241 255:96:00:2036,-0.006,0.046,0.994,0.305,-0.183,0.488,2.615,-0.022,-140.856,-48.1,-57.3,-22.733,29.22,0.33481,0.00735,-0.02158,-0.94196
 13:48:40.438,eb:33:2e:f9:57:b5, 2085-97-245 255:98:00:2038,-0.004,0.047,0.995,0.244,-0.244,0.549,2.615,-0.022,-140.856,-48.1,-57.3,-22.733,29.22,0.33481,0.00735,-0.02158,-0.94196
 13:48:40.469,eb:33:2e:f9:57:b5, 2085-97-248 255:100:00:2041,-0.005,0.048,0.996,0.305,-0.244,0.488,2.615,-0.022,-140.856,-48.1,-57.3,-22.733,29.22,0.33481,0.00735,-0.02158,-0.94196
 13:48:40.469,eb:33:2e:f9:57:b5, 2085-97-246 255:97:00:2041,-0.004,0.048,0.997,0.305,-0.183,0.549,2.615,-0.022,-140.856,-48.1,-57.3,-22.733,29.22,0.33481,0.00735,-0.02158,-0.94196
 13:48:40.469,eb:33:2e:f9:57:b5, 2085-97-247 255:98:00:2041,-0.004,0.047,0.997,0.305,-0.122,0.549,2.615,-0.022,-140.856,-48.1,-57.3,-22.733,29.22,0.33481,0.00735,-0.02158,-0.94196
 13:48:40.469,eb:33:2e:f9:57:b5, 2085-97-248 255:100:00:2040,-0.004,0.049,0.996,0.305,-0.061,0.549,2.615,-0.016,-140.856,-48.1,-57.3,-22.733,29.22,0.33481,0.00735,-0.02158,-0.94196
 13:48:40.528,eb:33:2e:f9:57:b5, 2085-97-249 255:100:00:2039,-0.004,0.048,0.997,0.244,0,0.549,2.615,-0.016,-140.85,-48.1,-57.3,-22.733,29.22,0.33481,0.00735,-0.02158,-0.94196
 13:48:40.528,eb:33:2e:f9:57:b5, 2085-97-244 255:101:00:2037,-0.005,0.05,0.995,0.183,0.061,0.488,2.615,-0.016,-140.85,-48.1,-57.3,-22.733,29.22,0.33481,0.00735,-0.02158,-0.94196
 13:48:40.528,eb:33:2e:f9:57:b5, 2085-97-247 255:102:00:2039,-0.005,0.049,0.995,0.183,0.122,0.488,2.615,-0.016,-140.85,-48.1,-57.3,-22.733,29.22,0.33481,0.00735,-0.02158,-0.94196
 13:48:40.528,eb:33:2e:f9:57:b5, 2085-97-247 255:102:00:2040,-0.004,0.049,0.996,0.122,0.061,0.427,2.615,-0.016,-140.85,-48.1,-57.3,-22.733,29.22,0.33481,0.00735,-0.02158,-0.94196
 13:48:40.587,eb:33:2e:f9:57:b5, 2085-97-246 255:99:00:2039,-0.005,0.049,0.996,0.183,0.122,0.305,2.615,-0.016,-140.85,-48.1,-57.3,-22.733,29.22,0.33481,0.00735,-0.02158,-0.94196
 13:48:40.587,eb:33:2e:f9:57:b5, 2085-97-246 255:96:00:2042,-0.003,0.047,0.996,0.183,0.183,0.305,2.62,-0.011,-140.85,-48.1,-57.3,-22.733,29.22,0.33481,0.00735,-0.02158,-0.94196
 13:48:40.587,eb:33:2e:f9:57:b5, 2085-97-251 255:99:00:2046,-0.005,0.048,0.998,0.244,0.183,0.305,2.62,-0.011,-140.845,-48.1,-57.3,-22.733,29.22,0.33481,0.00735,-0.02158,-0.94196
 13:48:40.587,eb:33:2e:f9:57:b5, 2085-97-243 255:96:00:2043,-0.006,0.047,0.998,0.183,0.366,0.244,2.62,-0.011,-140.845,-48.1,-57.3,-22.733,29.22,0.33481,0.00735,-0.02158,-0.94196
 13:48:40.591,eb:33:2e:f9:57:b5, 2085-97-248 255:99:00:2044,-0.004,0.046,0.998,0.244,0.305,0.488,2.62,-0.011,-140.845,-48.1,-57.3,-22.733,29.22,0.33481,0.00735,-0.02158,-0.94196
 13:48:40.591,eb:33:2e:f9:57:b5, 2085-97-248 255:99:00:2042,-0.003,0.049,0.997,0.183,0.305,0.488,2.62,-0.011,-140.845,-48.1,-57.3,-22.733,29.22,0.33481,0.00735,-0.02158,-0.94196
 13:48:40.591,eb:33:2e:f9:57:b5, 2085-97-246 255:98:00:2037,-0.006,0.048,0.997,0.244,0.366,0.549,2.62,-0.011,-140.845,-48.1,-57.3,-22.733,29.22,0.33481,0.00735,-0.02158,-0.94196
 13:48:40.591,eb:33:2e:f9:57:b5, 2085-97-241 255:95:00:2042,-0.003,0.048,0.992,0.366,0.305,0.427,2.62,-0.005,-140.845,-48.1,-57.3,-22.733,29.22,0.33481,0.00735,-0.02158,-0.94196
 13:48:40.648,eb:33:2e:f9:57:b5, 2085-97-249 255:96:00:2046,-0.002,0.051,0.994,0.366,0.305,0.366,2.62,-0.011,-140.839,-46.1,-56.3,-24.073,29.22,0.33481,0.00735,-0.02158,-0.94196
 13:48:40.648,eb:33:2e:f9:57:b5, 2085-97-250 255:103:00:2044,-0.002,0.049,0.999,0.305,0.488,0.488,2.62,-0.005,-140.839,-46.1,-56.3,-24.073,29.22,0.33481,0.00735,-0.02158,-0.94196
 13:48:40.648,eb:33:2e:f9:57:b5, 2085-97-247 255:103:00:2039,-0.004,0.051,0.998,0.244,0.732,0.488,2.62,-0.005,-140.839,-46.1,-56.3,-24.073,29.22,0.33481,0.00735,-0.02158,-0.94196
 13:48:40.648,eb:33:2e:f9:57:b5, 2085-97-247 255:102:00:2039,-0.006,0.05,0.997,0.183,0.793,0.488,2.62,-0.005,-140.839,-46.1,-56.3,-24.073,29.22,0.33481,0.00735,-0.02158,-0.94196
 13:48:40.679,eb:33:2e:f9:57:b5, 2085-97-246 255:101:00:2044,-0.003,0.049,0.997,0.183,0.854,0.366,2.62,-0.005,-140.839,-46.1,-56.3,-24.073,29.22,0.33499,0.0076,-0.02161,-0.94189
 13:48:40.679,eb:33:2e:f9:57:b5, 2085-97-248 255:101:00:2040,-0.006,0.05,0.999,0.183,1.038,0.366,2.626,-0.005,-140.839,-46.1,-56.3,-24.073,29.22,0.33499,0.0076,-0.02161,-0.94189
 13:48:40.679,eb:33:2e:f9:57:b5, 2085-97-240 255:98:00:2035,-0.009,0.048,0.995,0.183,1.038,0.305,2.626,-0.005,-140.839,-46.1,-56.3,-24.073,29.22,0.33499,0.0076,-0.02161,-0.94189
 13:48:40.679,eb:33:2e:f9:57:b5, 2085-97-235 255:99:00:2034,-0.009,0.048,0.992,0.183,0.854,0.427,2.626,0,-140.839,-46.1,-56.3,-24.073,29.22,0.33499,0.0076,-0.02161,-0.94189
 13:48:40.708,eb:33:2e:f9:57:b5, 2085-97-239 255:101:00:2034,-0.009,0.049,0.993,0.122,0.732,0.366,2.626,0,-140.834,-46.1,-56.3,-24.073,29.22,0.33499,0.0076,-0.02161,-0.94189
 13:48:40.708,eb:33:2e:f9:57:b5, 2085-97-240 255:103:00:2031,-0.01,0.05,0.992,0.122,0.61,0.366,2.626,0,-140.834,-46.1,-56.3,-24.073,29.22,0.33499,0.0076,-0.02161,-0.94189
 13:48:40.708,eb:33:2e:f9:57:b5, 2085-97-234 255:99:00:2029,-0.009,0.049,0.993,0.122,0.549,0.305,2.626,0,-140.834,-46.1,-56.3,-24.073,29.22,0.33499,0.0076,-0.02161,-0.94189
 13:48:40.708,eb:33:2e:f9:57:b5, 2085-97-237 255:98:00:2035,-0.008,0.049,0.992,0.122,0.244,0.183,2.626,0,-140.834,-46.1,-56.3,-24.073,29.22,0.33499,0.0076,-0.02161,-0.94189
 13:48:40.798,eb:33:2e:f9:57:b5, 2085-97-242 255:102:00:2037,-0.006,0.048,0.994,0.061,0.122,0.061,2.626,0,-140.834,-46.1,-56.3,-24.073,29.22,0.33499,0.0076,-0.02161,-0.94189
 13:48:40.798,eb:33:2e:f9:57:b5, 2085-97-241 255:103:00:2037,-0.008,0.051,0.996,0,0.244,0.061,2.626,0,-140.834,-46.1,-56.3,-24.073,29.22,0.33499,0.0076,-0.02161,-0.94189
 13:48:40.798,eb:33:2e:f9:57:b5, 2085-97-241 255:102:00:2038,-0.007,0.05,0.995,0.061,0.244,0,2.626,0,-140.828,-46.1,-56.3,-24.073,29.22,0.33499,0.0076,-0.02161,-0.94189
 13:48:40.798,eb:33:2e:f9:57:b5, 2085-97-240 255:100:00:2038,-0.008,0.05,0.995,0,0.244,-0.061,2.631,0,-140.828,-46.1,-56.3,-24.073,29.22,0.33499,0.0076,-0.02161,-0.94189
 13:48:40.827,eb:33:2e:f9:57:b5, 2085-97-242 255:104:00:2038,-0.005,0.05,0.994,0,0.183,-0.061,2.631,0,-140.828,-46.1,-56.3,-24.073,29.22,0.33499,0.0076,-0.02161,-0.94189
 13:48:40.827,eb:33:2e:f9:57:b5, 2085-97-246 255:101:00:2043,-0.007,0.05,0.997,0,0.183,-0.183,2.631,0.005,-140.828,-46.1,-56.3,-24.073,29.22,0.33499,0.0076,-0.02161,-0.94189
 13:48:40.827,eb:33:2e:f9:57:b5, 2085-97-242 255:103:00:2038,-0.009,0.049,0.996,0,0.366,-0.183,2.631,0.005,-140.828,-46.1,-56.3,-24.073,29.22,0.33499,0.0076,-0.02161,-0.94189
 13:48:40.827,eb:33:2e:f9:57:b5, 2085-97-234 255:98:00:2035,-0.009,0.049,0.995,-0.061,0.305,-0.183,2.631,0.005,-140.828,-46.1,-56.3,-24.073,29.22,0.33499,0.0076,-0.02161,-0.94189
 13:48:40.857,eb:33:2e:f9:57:b5, 2085-97-236 255:98:00:2037,-0.009,0.048,0.994,0,0.122,-0.183,2.631,0.005,-140.823,-46.1,-56.3,-24.073,29.22,0.33499,0.0076,-0.02161,-0.94189
 13:48:40.857,eb:33:2e:f9:57:b5, 2085-97-238 255:100:00:2038,-0.008,0.048,0.995,0,0.061,-0.061,2.631,0.011,-140.823,-46.1,-56.3,-24.073,29.22,0.33499,0.0076,-0.02161,-0.94189
 13:48:40.857,eb:33:2e:f9:57:b5, 2085-97-239 255:100:00:2038,-0.008,0.049,0.996,0,0,-0.061,2.631,0.011,-140.823,-46.1,-56.3,-24.073,29.22,0.33499,0.0076,-0.02161,-0.94189
 13:48:40.857,eb:33:2e:f9:57:b5, 2085-97-238 255:101:00:2035,-0.009,0.049,0.995,0,0,-0.061,2.637,0.011,-140.823,-46.1,-56.3,-24.073,29.22,0.33499,0.0076,-0.02161,-0.94189
 13:48:40.888,eb:33:2e:f9:57:b5, 2085-97-238 255:103:00:2035,-0.008,0.051,0.994,0,0,-0.061,2.631,0.011,-140.823,-46.1,-56.3,-24.073,29.22,0.33499,0.0076,-0.02161,-0.94189
 13:48:40.888,eb:33:2e:f9:57:b5, 2085-97-239 255:100:00:2036,-0.008,0.05,0.994,0,-0.061,-0.122,2.637,0.016,-140.823,-46.1,-56.3,-24.073,29.22,0.33499,0.0076,-0.02161,-0.94189
 13:48:40.888,eb:33:2e:f9:57:b5, 2085-97-242 255:101:00:2041,-0.006,0.049,0.996,0,-0.122,-0.122,2.637,0.016,-140.817,-46.1,-56.3,-24.073,29.22,0.33499,0.0076,-0.02161,-0.94189
 13:48:40.888,eb:33:2e:f9:57:b5, 2085-97-242 255:100:00:2040,-0.008,0.049,0.998,-0.061,-0.061,-0.122,2.637,0.016,-140.817,-46.1,-56.3,-24.073,29.22,0.33499,0.0076,-0.02161,-0.94189
 13:48:40.918,eb:33:2e:f9:57:b5, 2085-97-239 255:98:00:2038,-0.009,0.048,0.996,0,0,-0.061,2.637,0.016,-140.817,-47.5,-57,-18.92,29.22,0.33499,0.0076,-0.02161,-0.94189
 13:48:40.918,eb:33:2e:f9:57:b5, 2085-97-239 255:101:00:2039,-0.007,0.048,0.996,-0.061,-0.183,0,2.637,0.016,-140.817,-47.5,-57,-18.92,29.22,0.33499,0.0076,-0.02161,-0.94189
 13:48:40.918,eb:33:2e:f9:57:b5, 2085-97-240 255:100:00:2037,-0.008,0.049,0.995,-0.061,-0.183,-0.061,2.637,0.016,-140.817,-47.5,-57,-18.92,29.22,0.33499,0.0076,-0.02161,-0.94189
 13:48:40.918,eb:33:2e:f9:57:b5, 2085-97-241 255:99:00:2040,-0.007,0.048,0.995,0,-0.244,0,2.637,0.022,-140.817,-47.5,-57,-18.92,29.22,0.33499,0.0076,-0.02161,-0.94189
 13:48:40.948,eb:33:2e:f9:57:b5, 2085-97-240 255:100:00:2040,-0.008,0.049,0.996,0,-0.183,0,2.637,0.022,-140.817,-47.5,-57,-18.92,29.22,0.33499,0.0076,-0.02161,-0.94189
 13:48:40.948,eb:33:2e:f9:57:b5, 2085-97-242 255:101:00:2040,-0.006,0.049,0.996,0,-0.183,0.061,2.637,0.022,-140.817,-47.5,-57,-18.92,29.22,0.33499,0.0076,-0.02161,-0.94189
 13:48:40.948,eb:33:2e:f9:57:b5, 2085-113-81 00:232:42:260,-0.006,0.049,0.998,-0.061,-0.122,0.061,2.637,0.022,-140.812,-47.5,-57,-18.92,29.22,0.33499,0.0076,-0.02161,-0.94189
 13:48:40.949,eb:33:2e:f9:57:b5, 2085-97-241 255:101:00:2038,-0.009,0.049,0.997,-0.061,-0.122,0,2.642,0.027,-140.812,-47.5,-57,-18.92,29.22,0.33499,0.0076,-0.02161,-0.94189
 13:48:41.007,eb:33:2e:f9:57:b5, 2085-97-239 255:98:00:2036,-0.008,0.048,0.995,-0.122,-0.122,0,2.642,0.027,-140.812,-47.5,-57,-18.92,29.22,0.33521,0.00793,-0.02164,-0.9418
 13:48:41.007,eb:33:2e:f9:57:b5, 2085-97-237 255:101:00:2034,-0.008,0.049,0.995,-0.061,-0.183,0,2.642,0.027,-140.812,-47.5,-57,-18.92,29.22,0.33521,0.00793,-0.02164,-0.9418
 13:48:41.007,eb:33:2e:f9:57:b5, 2085-97-239 255:101:00:2034,-0.008,0.049,0.994,-0.061,-0.183,0,2.642,0.027,-140.812,-47.5,-57,-18.92,29.22,0.33521,0.00793,-0.02164,-0.9418
 13:48:41.007,eb:33:2e:f9:57:b5, 2085-97-239 255:100:00:2035,-0.007,0.048,0.994,-0.122,-0.305,0,2.642,0.033,-140.812,-47.5,-57,-18.92,29.22,0.33521,0.00793,-0.02164,-0.9418
 13:48:41.037,eb:33:2e:f9:57:b5, 2085-97-243 255:102:00:2038,-0.008,0.05,0.994,-0.244,-0.366,0,2.642,0.033,-140.806,-47.5,-57,-18.92,29.22,0.33521,0.00793,-0.02164,-0.9418
 13:48:41.037,eb:33:2e:f9:57:b5, 2085-97-239 255:98:00:2036,-0.008,0.048,0.995,-0.183,-0.366,0,2.642,0.033,-140.806,-47.5,-57,-18.92,29.22,0.33521,0.00793,-0.02164,-0.9418
 13:48:41.037,eb:33:2e:f9:57:b5, 2085-97-242 255:101:00:2037,-0.006,0.049,0.994,-0.183,-0.427,-0.122,2.642,0.033,-140.806,-47.5,-57,-18.92,29.22,0.33521,0.00793,-0.02164,-0.9418
 13:48:41.037,eb:33:2e:f9:57:b5, 2085-97-243 255:101:00:2039,-0.006,0.049,0.995,-0.244,-0.427,-0.061,2.642,0.033,-140.806,-47.5,-57,-18.92,29.22,0.33521,0.00793,-0.02164,-0.9418
 13:48:41.068,eb:33:2e:f9:57:b5, 2085-97-242 255:101:00:2041,-0.006,0.049,0.997,-0.244,-0.366,-0.061,2.642,0.033,-140.806,-47.5,-57,-18.92,29.22,0.33521,0.00793,-0.02164,-0.9418
 13:48:41.068,eb:33:2e:f9:57:b5, 2085-97-245 255:100:00:2043,-0.006,0.049,0.997,-0.305,-0.305,-0.061,2.642,0.038,-140.806,-47.5,-57,-18.92,29.22,0.33521,0.00793,-0.02164,-0.9418
 13:48:41.068,eb:33:2e:f9:57:b5, 2085-97-242 255:97:00:2041,-0.007,0.048,0.996,-0.305,-0.305,0,2.642,0.038,-140.801,-47.5,-57,-18.92,29.22,0.33521,0.00793,-0.02164,-0.9418
 13:48:41.068,eb:33:2e:f9:57:b5, 2085-97-242 255:96:00:2042,-0.006,0.048,0.997,-0.244,-0.305,0.061,2.648,0.038,-140.801,-47.5,-57,-18.92,29.22,0.33521,0.00793,-0.02164,-0.9418
 13:48:41.129,eb:33:2e:f9:57:b5, 2085-97-245 255:100:00:2042,-0.006,0.048,0.998,-0.305,-0.244,0.122,2.648,0.038,-140.801,-47.5,-57,-18.92,29.22,0.33521,0.00793,-0.02164,-0.9418
 13:48:41.129,eb:33:2e:f9:57:b5, 2085-97-244 255:101:00:2041,-0.008,0.048,0.997,-0.244,-0.183,0.122,2.648,0.038,-140.801,-47.5,-57,-18.92,29.22,0.33521,0.00793,-0.02164,-0.9418
 13:48:41.129,eb:33:2e:f9:57:b5, 2085-97-241 255:96:00:2040,-0.006,0.048,0.996,-0.244,-0.183,0.061,2.648,0.038,-140.801,-47.5,-57,-18.92,29.22,0.33521,0.00793,-0.02164,-0.9418
 13:48:41.129,eb:33:2e:f9:57:b5, 2085-97-244 255:101:00:2042,-0.005,0.047,0.997,-0.122,-0.183,0.122,2.648,0.044,-140.801,-47.5,-57,-18.92,29.22,0.33521,0.00793,-0.02164,-0.9418
 13:48:41.159,eb:33:2e:f9:57:b5, 2085-97-247 255:100:00:2043,-0.005,0.05,0.997,-0.183,-0.122,0.061,2.648,0.044,-140.801,-47.5,-57,-18.92,29.22,0.33521,0.00793,-0.02164,-0.9418
 13:48:41.159,eb:33:2e:f9:57:b5, 2085-97-245 255:98:00:2043,-0.006,0.048,0.998,-0.122,0,0.061,2.648,0.044,-140.801,-47.5,-57,-18.92,29.22,0.33521,0.00793,-0.02164,-0.9418
 13:48:41.159,eb:33:2e:f9:57:b5, 2085-97-244 255:100:00:2042,-0.006,0.049,0.997,-0.061,0.061,0,2.648,0.044,-140.795,-47.5,-57,-18.92,29.22,0.33521,0.00793,-0.02164,-0.9418
 13:48:41.159,eb:33:2e:f9:57:b5, 2085-97-242 255:99:00:2039,-0.007,0.048,0.996,-0.061,0.122,0,2.648,0.044,-140.795,-47.5,-57,-18.92,29.22,0.33521,0.00793,-0.02164,-0.9418
 13:48:41.188,eb:33:2e:f9:57:b5, 2085-97-242 255:99:00:2037,-0.007,0.049,0.995,-0.061,0.122,0,2.648,0.044,-140.795,-47.7,-55.6,-22.273,29.22,0.33521,0.00793,-0.02164,-0.9418
 13:48:41.188,eb:33:2e:f9:57:b5, 2085-97-239 255:99:00:2035,-0.009,0.048,0.994,-0.061,0.122,0,2.648,0.049,-140.795,-47.7,-55.6,-22.273,29.22,0.33521,0.00793,-0.02164,-0.9418
 13:48:41.188,eb:33:2e:f9:57:b5, 2085-97-239 255:100:00:2030,-0.009,0.048,0.992,0,0.061,-0.061,2.648,0.049,-140.795,-47.7,-55.6,-22.273,29.22,0.33521,0.00793,-0.02164,-0.9418
 13:48:41.188,eb:33:2e:f9:57:b5, 2085-97-238 255:98:00:2031,-0.008,0.049,0.992,-0.122,-0.061,-0.183,2.648,0.049,-140.795,-47.7,-55.6,-22.273,29.22,0.33521,0.00793,-0.02164,-0.9418
 13:48:41.249,eb:33:2e:f9:57:b5, 2085-97-238 255:97:00:2032,-0.008,0.049,0.992,-0.122,-0.122,-0.244,2.648,0.049,-140.79,-47.7,-55.6,-22.273,29.22,0.33521,0.00793,-0.02164,-0.9418
 13:48:41.249,eb:33:2e:f9:57:b5, 2085-97-238 255:97:00:2036,-0.008,0.047,0.993,-0.061,-0.305,-0.305,2.653,0.055,-140.79,-47.7,-55.6,-22.273,29.22,0.33521,0.00793,-0.02164,-0.9418
 13:48:41.249,eb:33:2e:f9:57:b5, 2085-97-241 255:99:00:2038,-0.007,0.047,0.994,-0.122,-0.488,-0.244,2.653,0.049,-140.79,-47.7,-55.6,-22.273,29.22,0.33521,0.00793,-0.02164,-0.9418
 13:48:41.249,eb:33:2e:f9:57:b5, 2085-97-243 255:99:00:2041,-0.006,0.048,0.996,-0.061,-0.61,-0.183,2.653,0.055,-140.79,-47.7,-55.6,-22.273,29.22,0.33521,0.00793,-0.02164,-0.9418
 13:48:41.278,eb:33:2e:f9:57:b5, 2085-97-245 255:98:00:2043,-0.005,0.048,0.998,-0.122,-0.549,-0.122,2.653,0.055,-140.79,-47.7,-55.6,-22.273,29.22,0.33536,0.00821,-0.02164,-0.94174
 13:48:41.278,eb:33:2e:f9:57:b5, 2085-97-246 255:97:00:2044,-0.004,0.049,0.998,-0.183,-0.427,-0.061,2.653,0.055,-140.79,-47.7,-55.6,-22.273,29.22,0.33536,0.00821,-0.02164,-0.94174
 13:48:41.278,eb:33:2e:f9:57:b5, 2085-97-248 255:97:00:2046,-0.004,0.047,0.999,-0.183,-0.305,0,2.653,0.055,-140.784,-47.7,-55.6,-22.273,29.22,0.33536,0.00821,-0.02164,-0.94174
 13:48:41.278,eb:33:2e:f9:57:b5, 2085-97-247 255:99:00:2046,-0.005,0.048,1,-0.122,-0.183,0,2.653,0.06,-140.784,-47.7,-55.6,-22.273,29.22,0.33536,0.00821,-0.02164,-0.94174
 13:48:41.308,eb:33:2e:f9:57:b5, 2085-97-243 255:95:00:2042,-0.005,0.048,0.999,-0.061,-0.122,0,2.653,0.06,-140.784,-47.7,-55.6,-22.273,29.22,0.33536,0.00821,-0.02164,-0.94174
 13:48:41.308,eb:33:2e:f9:57:b5, 2085-97-246 255:97:00:2041,-0.007,0.048,0.998,0,-0.061,0.061,2.653,0.06,-140.784,-47.7,-55.6,-22.273,29.22,0.33536,0.00821,-0.02164,-0.94174
 13:48:41.308,eb:33:2e:f9:57:b5, 2085-97-244 255:97:00:2042,-0.005,0.048,0.997,0,-0.061,0.122,2.653,0.06,-140.784,-47.7,-55.6,-22.273,29.22,0.33536,0.00821,-0.02164,-0.94174
 13:48:41.308,eb:33:2e:f9:57:b5, 2085-97-247 255:100:00:2043,-0.004,0.048,0.997,0,0,0.061,2.653,0.06,-140.784,-47.7,-55.6,-22.273,29.22,0.33536,0.00821,-0.02164,-0.94174
 13:48:41.368,eb:33:2e:f9:57:b5, 2085-97-247 255:98:00:2044,-0.005,0.049,0.998,0,0.061,0.122,2.653,0.06,-140.784,-47.7,-55.6,-22.273,29.22,0.33536,0.00821,-0.02164,-0.94174
 13:48:41.368,eb:33:2e:f9:57:b5, 2085-97-245 255:102:00:2042,-0.006,0.049,0.998,0,0.305,0.122,2.653,0.06,-140.784,-47.7,-55.6,-22.273,29.22,0.33536,0.00821,-0.02164,-0.94174
 13:48:41.368,eb:33:2e:f9:57:b5, 2085-97-244 255:96:00:2042,-0.005,0.048,0.997,0,0.305,0.061,2.653,0.06,-140.779,-47.7,-55.6,-22.273,29.22,0.33536,0.00821,-0.02164,-0.94174
 13:48:41.368,eb:33:2e:f9:57:b5, 2085-97-246 255:99:00:2042,-0.007,0.047,0.998,0,0.305,0.061,2.653,0.066,-140.779,-47.7,-55.6,-22.273,29.22,0.33536,0.00821,-0.02164,-0.94174
 13:48:41.397,eb:33:2e:f9:57:b5, 2085-97-240 255:98:00:2036,-0.008,0.047,0.995,0.061,0.366,0.061,2.653,0.066,-140.779,-47.7,-55.6,-22.273,29.22,0.33536,0.00821,-0.02164,-0.94174
 13:48:41.397,eb:33:2e:f9:57:b5, 2085-97-240 255:96:00:2037,-0.007,0.047,0.994,0.061,0.244,0.061,2.653,0.066,-140.779,-47.7,-55.6,-22.273,29.22,0.33536,0.00821,-0.02164,-0.94174
 13:48:41.397,eb:33:2e:f9:57:b5, 2085-97-242 255:98:00:2040,-0.005,0.047,0.996,0.061,0.244,0.061,2.653,0.066,-140.779,-47.7,-55.6,-22.273,29.22,0.33536,0.00821,-0.02164,-0.94174
 13:48:41.397,eb:33:2e:f9:57:b5, 2085-97-241 255:99:00:2037,-0.008,0.049,0.995,0.061,0.366,0.061,2.653,0.066,-140.779,-47.7,-55.6,-22.273,29.22,0.33536,0.00821,-0.02164,-0.94174
 13:48:41.460,eb:33:2e:f9:57:b5, 2085-97-242 255:100:00:2038,-0.005,0.049,0.995,0.122,0.305,0.061,2.653,0.066,-140.773,-47.7,-55.6,-22.273,29.22,0.33536,0.00821,-0.02164,-0.94174
 13:48:41.460,eb:33:2e:f9:57:b5, 2085-97-246 255:102:00:2039,-0.005,0.05,0.996,0,0.366,0,2.659,0.066,-140.773,-47.7,-55.6,-22.273,29.22,0.33536,0.00821,-0.02164,-0.94174
 13:48:41.460,eb:33:2e:f9:57:b5, 2085-97-246 255:100:00:2041,-0.005,0.048,0.997,0,0.488,0,2.659,0.066,-140.773,-47.7,-55.6,-22.273,29.22,0.33536,0.00821,-0.02164,-0.94174
 13:48:41.460,eb:33:2e:f9:57:b5, 2085-97-244 255:99:00:2041,-0.008,0.049,0.997,0.061,0.61,-0.122,2.659,0.071,-140.773,-47.7,-55.6,-22.273,29.22,0.33536,0.00821,-0.02164,-0.94174
 13:48:41.488,eb:33:2e:f9:57:b5, 2085-97-239 255:96:00:2035,-0.007,0.047,0.994,0.061,0.671,-0.183,2.659,0.071,-140.773,-47.7,-55.6,-22.273,29.22,0.33536,0.00821,-0.02164,-0.94174
 13:48:41.488,eb:33:2e:f9:57:b5, 2085-97-238 255:98:00:2036,-0.011,0.047,0.995,0.122,0.549,-0.244,2.659,0.071,-140.773,-47.7,-55.6,-22.273,29.22,0.33536,0.00821,-0.02164,-0.94174
 13:48:41.488,eb:33:2e:f9:57:b5, 2085-97-242 255:103:00:2039,-0.007,0.047,0.993,0.061,0.427,-0.122,2.659,0.071,-140.773,-47.7,-55.6,-22.273,29.22,0.33536,0.00821,-0.02164,-0.94174
 13:48:41.488,eb:33:2e:f9:57:b5, 2085-97-241 255:100:00:2039,-0.01,0.049,0.995,0,0.427,-0.122,2.659,0.071,-140.773,-47.7,-55.6,-22.273,29.22,0.33536,0.00821,-0.02164,-0.94174
 13:48:41.519,eb:33:2e:f9:57:b5, 2085-97-236 255:98:00:2035,-0.008,0.047,0.996,0.061,0.366,-0.122,2.659,0.071,-140.768,-48.2,-58,-22.153,29.22,0.33536,0.00821,-0.02164,-0.94174
 13:48:41.519,eb:33:2e:f9:57:b5, 2085-97-241 255:101:00:2038,-0.005,0.048,0.994,0.122,0.244,-0.183,2.659,0.077,-140.768,-48.2,-58,-22.153,29.22,0.33536,0.00821,-0.02164,-0.94174
 13:48:41.519,eb:33:2e:f9:57:b5, 2085-97-243 255:96:00:2043,-0.007,0.049,0.998,0.061,0.305,-0.183,2.659,0.077,-140.768,-48.2,-58,-22.153,29.22,0.33536,0.00821,-0.02164,-0.94174
 13:48:41.519,eb:33:2e:f9:57:b5, 2085-97-239 255:98:00:2041,-0.007,0.048,0.997,0.122,0.366,-0.122,2.659,0.077,-140.768,-48.2,-58,-22.153,29.22,0.33536,0.00821,-0.02164,-0.94174
 13:48:41.549,eb:33:2e:f9:57:b5, 2085-97-239 255:98:00:2040,-0.007,0.049,0.998,0.122,0.366,0,2.659,0.077,-140.768,-48.2,-58,-22.153,29.22,0.33536,0.00821,-0.02164,-0.94174
 13:48:41.549,eb:33:2e:f9:57:b5, 2085-97-240 255:101:00:2040,-0.007,0.05,0.996,0.122,0.366,0,2.659,0.077,-140.768,-48.2,-58,-22.153,29.22,0.33536,0.00821,-0.02164,-0.94174
 13:48:41.549,eb:33:2e:f9:57:b5, 2085-97-242 255:101:00:2038,-0.007,0.05,0.997,0.122,0.488,-0.122,2.659,0.077,-140.762,-48.2,-58,-22.153,29.22,0.33536,0.00821,-0.02164,-0.94174
 13:48:41.549,eb:33:2e:f9:57:b5, 2085-97-241 255:99:00:2040,-0.007,0.049,0.996,0.122,0.488,-0.122,2.659,0.082,-140.762,-48.2,-58,-22.153,29.22,0.33536,0.00821,-0.02164,-0.94174
 13:48:41.638,eb:33:2e:f9:57:b5, 2085-97-239 255:100:00:2038,-0.009,0.049,0.996,0,0.549,-0.244,2.659,0.082,-140.762,-48.2,-58,-22.153,29.22,0.33557,0.00845,-0.02164,-0.94168
 13:48:41.638,eb:33:2e:f9:57:b5, 2085-97-242 255:101:00:2040,-0.008,0.049,0.994,0.061,0.61,-0.183,2.664,0.082,-140.762,-48.2,-58,-22.153,29.22,0.33557,0.00845,-0.02164,-0.94168
 13:48:41.638,eb:33:2e:f9:57:b5, 2085-97-240 255:102:00:2040,-0.008,0.05,0.997,0,0.61,-0.244,2.664,0.082,-140.762,-48.2,-58,-22.153,29.22,0.33557,0.00845,-0.02164,-0.94168
 13:48:41.639,eb:33:2e:f9:57:b5, 2085-97-240 255:100:00:2038,-0.009,0.049,0.995,0,0.671,-0.305,2.664,0.082,-140.762,-48.2,-58,-22.153,29.22,0.33557,0.00845,-0.02164,-0.94168
 13:48:41.640,eb:33:2e:f9:57:b5, 2085-97-239 255:98:00:2040,-0.009,0.048,0.995,-0.061,0.732,-0.244,2.664,0.082,-140.762,-48.2,-58,-22.153,29.22,0.33557,0.00845,-0.02164,-0.94168
 13:48:41.640,eb:33:2e:f9:57:b5, 2085-97-236 255:96:00:2037,-0.011,0.047,0.995,0,0.61,-0.183,2.664,0.088,-140.762,-48.2,-58,-22.153,29.22,0.33557,0.00845,-0.02164,-0.94168
 13:48:41.640,eb:33:2e:f9:57:b5, 2085-97-236 255:97:00:2038,-0.009,0.047,0.995,0,0.488,-0.122,2.664,0.088,-140.757,-48.2,-58,-22.153,29.22,0.33557,0.00845,-0.02164,-0.94168
 13:48:41.640,eb:33:2e:f9:57:b5, 2085-97-238 255:97:00:2043,-0.008,0.047,0.997,0,0.427,0,2.664,0.088,-140.757,-48.2,-58,-22.153,29.22,0.33557,0.00845,-0.02164,-0.94168
 13:48:41.699,eb:33:2e:f9:57:b5, 2085-97-238 255:96:00:2042,-0.009,0.048,0.998,0,0.488,0.061,2.664,0.088,-140.757,-48.2,-58,-22.153,29.22,0.33557,0.00845,-0.02164,-0.94168
 13:48:41.699,eb:33:2e:f9:57:b5, 2085-97-232 255:97:00:2038,-0.01,0.048,0.995,0.061,0.427,0.061,2.664,0.093,-140.757,-48.2,-58,-22.153,29.22,0.33557,0.00845,-0.02164,-0.94168
 13:48:41.699,eb:33:2e:f9:57:b5, 2085-97-235 255:98:00:2037,-0.009,0.048,0.995,0.183,0.366,0.061,2.664,0.093,-140.757,-48.2,-58,-22.153,29.22,0.33557,0.00845,-0.02164,-0.94168
 13:48:41.699,eb:33:2e:f9:57:b5, 2085-97-241 255:99:00:2042,-0.008,0.048,0.997,0.244,0.427,0,2.664,0.093,-140.757,-48.2,-58,-22.153,29.22,0.33557,0.00845,-0.02164,-0.94168
 13:48:41.728,eb:33:2e:f9:57:b5, 2085-97-238 255:101:00:2040,-0.009,0.05,0.997,0.244,0.488,0,2.664,0.093,-140.751,-48.2,-58,-22.153,29.22,0.33557,0.00845,-0.02164,-0.94168
 13:48:41.728,eb:33:2e:f9:57:b5, 2085-97-237 255:101:00:2038,-0.01,0.049,0.997,0.183,0.61,0,2.664,0.099,-140.751,-48.2,-58,-22.153,29.22,0.33557,0.00845,-0.02164,-0.94168
 13:48:41.728,eb:33:2e:f9:57:b5, 2085-97-234 255:100:00:2035,-0.01,0.049,0.995,0.183,0.61,0,2.664,0.093,-140.751,-48.2,-58,-22.153,29.22,0.33557,0.00845,-0.02164,-0.94168
 13:48:41.728,eb:33:2e:f9:57:b5, 2085-97-237 255:101:00:2035,-0.011,0.049,0.993,0.244,0.61,-0.122,2.664,0.099,-140.751,-48.2,-58,-22.153,29.22,0.33557,0.00845,-0.02164,-0.94168
 13:48:41.758,eb:33:2e:f9:57:b5, 2085-97-233 255:101:00:2031,-0.014,0.049,0.992,0.183,0.488,-0.305,2.664,0.099,-140.751,-48.2,-58,-22.153,29.22,0.33557,0.00845,-0.02164,-0.94168
 13:48:41.758,eb:33:2e:f9:57:b5, 2085-97-226 255:100:00:2027,-0.013,0.048,0.991,0.244,0.305,-0.366,2.664,0.099,-140.751,-48.2,-58,-22.153,29.22,0.33557,0.00845,-0.02164,-0.94168
 13:48:41.758,eb:33:2e:f9:57:b5, 2085-97-232 255:99:00:2030,-0.012,0.048,0.99,0.183,0.122,-0.366,2.664,0.099,-140.751,-48.2,-58,-22.153,29.22,0.33557,0.00845,-0.02164,-0.94168
 13:48:41.759,eb:33:2e:f9:57:b5, 2085-113-58 00:27:229:-8550,-0.013,0.048,0.991,0.183,0,-0.366,2.67,0.104,-140.751,-48.2,-58,-22.153,29.22,0.33557,0.00845,-0.02164,-0.94168
 13:48:41.759,eb:33:2e:f9:57:b5, 2085-97-232 255:98:00:2038,-0.01,0.047,0.993,0.122,-0.061,-0.305,2.67,0.104,-140.751,-48.2,-58,-22.153,29.22,0.33557,0.00845,-0.02164,-0.94168
 13:48:41.819,eb:33:2e:f9:57:b5, 2085-97-236 255:99:00:2041,-0.01,0.048,0.997,0.122,-0.122,-0.244,2.67,0.104,-140.746,-45.9,-57,-22.693,29.22,0.33557,0.00845,-0.02164,-0.94168
 13:48:41.819,eb:33:2e:f9:57:b5, 2085-97-239 255:98:00:2044,-0.008,0.047,0.997,0.061,-0.183,-0.122,2.67,0.11,-140.746,-45.9,-57,-22.693,29.22,0.33557,0.00845,-0.02164,-0.94168
 13:48:41.819,eb:33:2e:f9:57:b5, 2085-97-236 255:99:00:2041,-0.008,0.05,0.998,0.061,-0.061,-0.122,2.67,0.104,-140.746,-45.9,-57,-22.693,29.22,0.33557,0.00845,-0.02164,-0.94168
 13:48:41.819,eb:33:2e:f9:57:b5, 2085-97-236 255:98:00:2044,-0.01,0.048,0.998,0,0,0,2.67,0.11,-140.746,-45.9,-57,-22.693,29.22,0.33557,0.00845,-0.02164,-0.94168
 13:48:41.850,eb:33:2e:f9:57:b5, 2085-97-239 255:103:00:2042,-0.01,0.048,0.998,0.061,-0.061,0.061,2.67,0.11,-140.746,-45.9,-57,-22.693,29.22,0.33575,0.00876,-0.02161,-0.94162
 13:48:41.850,eb:33:2e:f9:57:b5, 2085-97-233 255:99:00:2036,-0.011,0.049,0.996,0.061,0,0.061,2.67,0.11,-140.746,-45.9,-57,-22.693,29.22,0.33575,0.00876,-0.02161,-0.94162
 13:48:41.850,eb:33:2e:f9:57:b5, 2085-97-235 255:100:00:2038,-0.009,0.048,0.995,0.122,-0.122,0.061,2.67,0.11,-140.74,-45.9,-57,-22.693,29.22,0.33575,0.00876,-0.02161,-0.94162
 13:48:41.850,eb:33:2e:f9:57:b5, 2085-97-240 255:101:00:2047,-0.008,0.049,0.998,0.122,0,0,2.67,0.115,-140.74,-45.9,-57,-22.693,29.22,0.33575,0.00876,-0.02161,-0.94162
 13:48:41.878,eb:33:2e:f9:57:b5, 2085-97-238 255:100:00:2047,-0.009,0.049,1,0.122,0.122,0,2.67,0.115,-140.74,-45.9,-57,-22.693,29.22,0.33575,0.00876,-0.02161,-0.94162
 13:48:41.878,eb:33:2e:f9:57:b5, 2085-97-236 255:101:00:2041,-0.01,0.049,0.998,0.122,0.305,0.061,2.67,0.115,-140.74,-45.9,-57,-22.693,29.22,0.33575,0.00876,-0.02161,-0.94162
 13:48:41.878,eb:33:2e:f9:57:b5, 2085-97-234 255:100:00:2039,-0.011,0.049,0.995,0.122,0.305,0.061,2.67,0.115,-140.74,-45.9,-57,-22.693,29.22,0.33575,0.00876,-0.02161,-0.94162
 13:48:41.878,eb:33:2e:f9:57:b5, 2085-97-235 255:99:00:2039,-0.01,0.049,0.995,0.122,0.305,0.061,2.67,0.121,-140.74,-45.9,-57,-22.693,29.22,0.33575,0.00876,-0.02161,-0.94162
 13:48:41.937,eb:33:2e:f9:57:b5, 2085-97-231 255:103:00:2031,-0.012,0.047,0.996,0.183,0.305,0.122,2.67,0.121,-140.74,-45.9,-57,-22.693,29.22,0.33575,0.00876,-0.02161,-0.94162
 13:48:41.937,eb:33:2e:f9:57:b5, 2085-97-228 255:101:00:2025,-0.012,0.051,0.991,0.122,0.244,0.061,2.67,0.121,-140.735,-45.9,-57,-22.693,29.22,0.33575,0.00876,-0.02161,-0.94162
 13:48:41.937,eb:33:2e:f9:57:b5, 2085-97-229 255:98:00:2026,-0.012,0.05,0.989,0,0.061,0,2.67,0.121,-140.735,-45.9,-57,-22.693,29.22,0.33575,0.00876,-0.02161,-0.94162
 13:48:41.937,eb:33:2e:f9:57:b5, 2085-97-231 255:98:00:2028,-0.013,0.048,0.991,0,-0.122,0,2.675,0.126,-140.735,-45.9,-57,-22.693,29.22,0.33575,0.00876,-0.02161,-0.94162
 13:48:41.968,eb:33:2e:f9:57:b5, 2085-97-230 255:99:00:2034,-0.011,0.047,0.991,0,-0.366,0,2.675,0.126,-140.735,-45.9,-57,-22.693,29.22,0.33575,0.00876,-0.02161,-0.94162
 13:48:41.968,eb:33:2e:f9:57:b5, 2085-97-239 255:100:00:2047,-0.005,0.048,0.996,0.122,-0.488,0,2.675,0.126,-140.735,-45.9,-57,-22.693,29.22,0.33575,0.00876,-0.02161,-0.94162
 13:48:41.968,eb:33:2e:f9:57:b5, 2085-97-248 255:97:00:2064,-0.006,0.047,1.004,0.244,-0.244,0.061,2.675,0.126,-140.735,-45.9,-57,-22.693,29.22,0.33575,0.00876,-0.02161,-0.94162
 13:48:41.968,eb:33:2e:f9:57:b5, 2085-97-241 255:98:00:2055,-0.007,0.048,1.005,0.427,0.122,0.244,2.675,0.132,-140.735,-45.9,-57,-22.693,29.22,0.33575,0.00876,-0.02161,-0.94162
 13:48:42.000,eb:33:2e:f9:57:b5, 2085-97-248 255:102:00:2060,-0.004,0.048,1.005,0.488,0.366,0.366,2.675,0.132,-140.729,-45.9,-57,-22.693,29.22,0.33575,0.00876,-0.02161,-0.94162
 13:48:42.000,eb:33:2e:f9:57:b5, 2085-97-245 255:102:00:2059,-0.006,0.051,1.006,0.61,0.732,0.427,2.675,0.132,-140.729,-45.9,-57,-22.693,29.22,0.33575,0.00876,-0.02161,-0.94162
 13:48:42.000,eb:33:2e:f9:57:b5, 2085-97-242 255:101:00:2053,-0.006,0.049,1.004,0.671,1.099,0.488,2.675,0.132,-140.729,-45.9,-57,-22.693,29.22,0.33575,0.00876,-0.02161,-0.94162
 13:48:42.000,eb:33:2e:f9:57:b5, 2085-97-243 255:106:00:2053,-0.006,0.05,1.002,0.671,1.343,0.488,2.675,0.132,-140.729,-45.9,-57,-22.693,29.22,0.33575,0.00876,-0.02161,-0.94162
 13:48:42.058,eb:33:2e:f9:57:b5, 2085-97-247 255:109:00:2053,-0.01,0.051,1,0.671,1.526,0.549,2.675,0.132,-140.729,-45.9,-57,-22.693,29.22,0.33575,0.00876,-0.02161,-0.94162
 13:48:42.058,eb:33:2e:f9:57:b5, 2085-97-242 255:105:00:2051,-0.012,0.052,0.997,0.549,1.831,0.549,2.675,0.132,-140.729,-45.9,-57,-22.693,29.22,0.33575,0.00876,-0.02161,-0.94162
 13:48:42.058,eb:33:2e:f9:57:b5, 2085-97-231 255:103:00:2037,-0.019,0.051,0.993,0.61,1.953,0.549,2.675,0.132,-140.729,-45.9,-57,-22.693,29.22,0.33575,0.00876,-0.02161,-0.94162
 13:48:42.058,eb:33:2e:f9:57:b5, 2085-97-224 255:98:00:2030,-0.015,0.048,0.987,0.549,1.709,0.671,2.675,0.132,-140.729,-45.9,-57,-22.693,29.22,0.33575,0.00876,-0.02161,-0.94162
 13:48:42.089,eb:33:2e:f9:57:b5, 2085-97-227 255:101:00:2032,-0.014,0.05,0.989,0.61,1.343,0.61,2.675,0.132,-140.729,-49,-56.6,-22.527,29.22,0.33575,0.00876,-0.02161,-0.94162
 13:48:42.089,eb:33:2e:f9:57:b5, 2085-97-231 255:106:00:2034,-0.014,0.05,0.993,0.61,1.343,0.671,2.675,0.132,-140.729,-49,-56.6,-22.527,29.22,0.33575,0.00876,-0.02161,-0.94162
 13:48:42.089,eb:33:2e:f9:57:b5, 2085-97-230 255:106:00:2034,-0.015,0.05,0.992,0.549,1.343,0.549,2.675,0.132,-140.729,-49,-56.6,-22.527,29.22,0.33575,0.00876,-0.02161,-0.94162
 13:48:42.089,eb:33:2e:f9:57:b5, 2085-97-225 255:106:00:2030,-0.015,0.052,0.993,0.488,1.343,0.366,2.675,0.137,-140.729,-49,-56.6,-22.527,29.22,0.33575,0.00876,-0.02161,-0.94162
 13:48:42.118,eb:33:2e:f9:57:b5, 2085-97-223 255:104:00:2029,-0.015,0.05,0.994,0.427,1.282,0.244,2.675,0.137,-140.729,-49,-56.6,-22.527,29.22,0.33575,0.00876,-0.02161,-0.94162
 13:48:42.118,eb:33:2e:f9:57:b5, 2085-97-221 255:102:00:2031,-0.016,0.05,0.994,0.427,1.221,0.183,2.675,0.137,-140.729,-49,-56.6,-22.527,29.22,0.33575,0.00876,-0.02161,-0.94162
 13:48:42.118,eb:33:2e:f9:57:b5, 2085-97-222 255:103:00:2033,-0.013,0.05,0.994,0.366,1.038,0.122,2.675,0.137,-140.729,-49,-56.6,-22.527,29.22,0.33575,0.00876,-0.02161,-0.94162
 13:48:42.120,eb:33:2e:f9:57:b5, 2085-97-232 255:105:00:2042,-0.014,0.052,0.996,0.305,0.854,0.183,2.675,0.137,-140.729,-49,-56.6,-22.527,29.22,0.33575,0.00876,-0.02161,-0.94162
 13:48:42.178,eb:33:2e:f9:57:b5, 2085-97-225 255:104:00:2037,-0.015,0.05,0.998,0.244,0.916,0.183,2.675,0.137,-140.729,-49,-56.6,-22.527,29.22,0.33588,0.00897,-0.02161,-0.94156
 13:48:42.178,eb:33:2e:f9:57:b5, 2085-97-228 255:105:00:2041,-0.014,0.05,0.995,0.244,0.793,0.244,2.675,0.137,-140.729,-49,-56.6,-22.527,29.22,0.33588,0.00897,-0.02161,-0.94156
 13:48:42.178,eb:33:2e:f9:57:b5, 2085-97-227 255:106:00:2042,-0.014,0.051,0.998,0.122,0.793,0.305,2.675,0.137,-140.729,-49,-56.6,-22.527,29.22,0.33588,0.00897,-0.02161,-0.94156
 13:48:42.180,eb:33:2e:f9:57:b5, 2085-97-229 255:106:00:2041,-0.012,0.051,0.997,0.061,0.793,0.305,2.675,0.137,-140.729,-49,-56.6,-22.527,29.22,0.33588,0.00897,-0.02161,-0.94156
 13:48:42.208,eb:33:2e:f9:57:b5, 2085-97-230 255:104:00:2046,-0.012,0.051,0.998,0.122,0.977,0.366,2.675,0.137,-140.729,-49,-56.6,-22.527,29.22,0.33588,0.00897,-0.02161,-0.94156
 13:48:42.208,eb:33:2e:f9:57:b5, 2085-97-232 255:105:00:2048,-0.014,0.051,1.001,0.122,1.16,0.488,2.675,0.137,-140.729,-49,-56.6,-22.527,29.22,0.33588,0.00897,-0.02161,-0.94156
 13:48:42.208,eb:33:2e:f9:57:b5, 2085-97-228 255:106:00:2042,-0.013,0.05,1,0.122,1.282,0.61,2.675,0.137,-140.729,-49,-56.6,-22.527,29.22,0.33588,0.00897,-0.02161,-0.94156
 13:48:42.208,eb:33:2e:f9:57:b5, 2085-97-224 255:106:00:2039,-0.014,0.051,1,0.061,1.404,0.549,2.675,0.137,-140.729,-49,-56.6,-22.527,29.22,0.33588,0.00897,-0.02161,-0.94156
 13:48:42.238,eb:33:2e:f9:57:b5, 2085-97-225 255:108:00:2040,-0.012,0.052,0.999,0.122,1.343,0.61,2.675,0.137,-140.729,-49,-56.6,-22.527,29.22,0.33588,0.00897,-0.02161,-0.94156
 13:48:42.238,eb:33:2e:f9:57:b5, 2085-97-227 255:105:00:2040,-0.016,0.053,0.999,0.122,1.648,0.488,2.675,0.137,-140.729,-49,-56.6,-22.527,29.22,0.33588,0.00897,-0.02161,-0.94156
 13:48:42.238,eb:33:2e:f9:57:b5, 2085-97-223 255:107:00:2033,-0.016,0.052,0.995,0.183,1.526,0.488,2.675,0.137,-140.729,-49,-56.6,-22.527,29.22,0.33588,0.00897,-0.02161,-0.94156
 13:48:42.238,eb:33:2e:f9:57:b5, 2085-97-221 255:106:00:2031,-0.017,0.053,0.994,0.244,1.648,0.183,2.681,0.143,-140.729,-49,-56.6,-22.527,29.22,0.33588,0.00897,-0.02161,-0.94156
 13:48:42.298,eb:33:2e:f9:57:b5, 2085-97-216 255:103:00:2026,-0.02,0.051,0.993,0.244,1.526,0.122,2.681,0.143,-140.729,-49,-56.6,-22.527,29.22,0.33588,0.00897,-0.02161,-0.94156
 13:48:42.298,eb:33:2e:f9:57:b5, 2085-97-211 255:105:00:2023,-0.021,0.052,0.99,0.305,1.343,0,2.681,0.143,-140.729,-49,-56.6,-22.527,29.22,0.33588,0.00897,-0.02161,-0.94156
 13:48:42.298,eb:33:2e:f9:57:b5, 2085-97-213 255:107:00:2020,-0.024,0.051,0.988,0.305,0.977,-0.183,2.681,0.143,-140.729,-49,-56.6,-22.527,29.22,0.33588,0.00897,-0.02161,-0.94156
 13:48:42.298,eb:33:2e:f9:57:b5, 2085-97-206 255:104:00:2018,-0.024,0.051,0.983,0.244,0.488,-0.305,2.681,0.143,-140.729,-49,-56.6,-22.527,29.22,0.33588,0.00897,-0.02161,-0.94156
 13:48:42.329,eb:33:2e:f9:57:b5, 2085-97-205 255:108:00:2010,-0.027,0.051,0.984,0.122,0.122,-0.366,2.681,0.143,-140.729,-49,-56.6,-22.527,29.22,0.33588,0.00897,-0.02161,-0.94156
 13:48:42.330,eb:33:2e:f9:57:b5, 2085-97-208 255:103:00:2023,-0.022,0.051,0.982,0,-0.488,-0.488,2.681,0.143,-140.729,-49,-56.6,-22.527,29.22,0.33588,0.00897,-0.02161,-0.94156
 13:48:42.330,eb:33:2e:f9:57:b5, 2085-97-215 255:100:00:2032,-0.018,0.049,0.99,0.061,-0.977,-0.61,2.681,0.143,-140.729,-49,-56.6,-22.527,29.22,0.33588,0.00897,-0.02161,-0.94156
 13:48:42.330,eb:33:2e:f9:57:b5, 2085-97-219 255:103:00:2039,-0.018,0.049,0.996,0.122,-1.099,-0.488,2.681,0.148,-140.729,-49,-56.6,-22.527,29.22,0.33588,0.00897,-0.02161,-0.94156
 13:48:42.357,eb:33:2e:f9:57:b5, 2085-97-224 255:105:00:2047,-0.015,0.051,0.997,0.122,-1.16,-0.366,2.681,0.148,-140.729,-49.4,-57.1,-25.147,29.22,0.33588,0.00897,-0.02161,-0.94156
 13:48:42.357,eb:33:2e:f9:57:b5, 2085-97-228 255:105:00:2054,-0.014,0.051,1,0.122,-1.038,-0.305,2.681,0.148,-140.729,-49.4,-57.1,-25.147,29.22,0.33588,0.00897,-0.02161,-0.94156
 13:48:42.357,eb:33:2e:f9:57:b5, 2085-97-230 255:106:00:2057,-0.01,0.051,1.003,0.122,-0.732,-0.122,2.681,0.148,-140.729,-49.4,-57.1,-25.147,29.22,0.33588,0.00897,-0.02161,-0.94156
 13:48:42.357,eb:33:2e:f9:57:b5, 2085-97-235 255:106:00:2063,-0.012,0.052,1.008,0.244,-0.305,-0.061,2.681,0.154,-140.729,-49.4,-57.1,-25.147,29.22,0.33588,0.00897,-0.02161,-0.94156
 13:48:42.419,eb:33:2e:f9:57:b5, 2085-97-230 255:107:00:2057,-0.016,0.051,1.006,0.244,0.122,0.061,2.681,0.154,-140.729,-49.4,-57.1,-25.147,29.22,0.33588,0.00897,-0.02161,-0.94156
 13:48:42.419,eb:33:2e:f9:57:b5, 2085-113-81 00:254:42:300,-0.015,0.051,1.001,0.305,0.366,0.244,2.681,0.154,-140.729,-49.4,-57.1,-25.147,29.22,0.33588,0.00897,-0.02161,-0.94156
 13:48:42.419,eb:33:2e:f9:57:b5, 2085-97-226 255:106:00:2049,-0.015,0.051,1.001,0.244,0.427,0.305,2.681,0.154,-140.729,-49.4,-57.1,-25.147,29.22,0.33588,0.00897,-0.02161,-0.94156
 13:48:42.419,eb:33:2e:f9:57:b5, 2085-97-220 255:105:00:2043,-0.015,0.052,1,0.366,0.61,0.305,2.686,0.159,-140.729,-49.4,-57.1,-25.147,29.22,0.33588,0.00897,-0.02161,-0.94156
 13:48:42.478,eb:33:2e:f9:57:b5, 2085-97-230 255:111:00:2045,-0.012,0.052,1,0.305,0.671,0.427,2.686,0.159,-140.729,-49.4,-57.1,-25.147,29.22,0.33588,0.00916,-0.02161,-0.94156
 13:48:42.478,eb:33:2e:f9:57:b5, 2085-97-223 255:109:00:2039,-0.015,0.054,1,0.183,1.16,0.366,2.686,0.159,-140.729,-49.4,-57.1,-25.147,29.22,0.33588,0.00916,-0.02161,-0.94156
 13:48:42.478,eb:33:2e:f9:57:b5, 2085-97-220 255:107:00:2040,-0.014,0.053,0.998,0.122,1.282,0.366,2.686,0.159,-140.729,-49.4,-57.1,-25.147,29.22,0.33588,0.00916,-0.02161,-0.94156
 13:48:42.478,eb:33:2e:f9:57:b5, 2085-97-226 255:109:00:2038,-0.018,0.054,0.997,0.122,1.343,0.366,2.686,0.159,-140.729,-49.4,-57.1,-25.147,29.22,0.33588,0.00916,-0.02161,-0.94156
 13:48:42.481,eb:33:2e:f9:57:b5, 2085-97-212 255:105:00:2028,-0.024,0.053,0.993,0,1.404,0.244,2.686,0.159,-140.729,-49.4,-57.1,-25.147,29.22,0.33588,0.00916,-0.02161,-0.94156
 13:48:42.481,eb:33:2e:f9:57:b5, 2085-97-210 255:104:00:2026,-0.021,0.051,0.988,0.061,1.038,0.305,2.686,0.165,-140.729,-49.4,-57.1,-25.147,29.22,0.33588,0.00916,-0.02161,-0.94156
 13:48:42.481,eb:33:2e:f9:57:b5, 2085-97-213 255:107:00:2027,-0.022,0.052,0.989,0,0.671,0.183,2.686,0.165,-140.729,-49.4,-57.1,-25.147,29.22,0.33588,0.00916,-0.02161,-0.94156
 13:48:42.481,eb:33:2e:f9:57:b5, 2085-97-208 255:105:00:2021,-0.02,0.051,0.988,-0.122,0.366,0.183,2.686,0.17,-140.729,-49.4,-57.1,-25.147,29.22,0.33588,0.00916,-0.02161,-0.94156
 13:48:42.539,eb:33:2e:f9:57:b5, 2085-97-216 255:107:00:2030,-0.02,0.053,0.991,-0.061,0.122,0.061,2.686,0.17,-140.729,-49.4,-57.1,-25.147,29.22,0.33588,0.00916,-0.02161,-0.94156
 13:48:42.539,eb:33:2e:f9:57:b5, 2085-97-213 255:106:00:2029,-0.021,0.053,0.991,-0.183,-0.061,0,2.692,0.17,-140.729,-49.4,-57.1,-25.147,29.22,0.33588,0.00916,-0.02161,-0.94156
 13:48:42.539,eb:33:2e:f9:57:b5, 2085-97-214 255:106:00:2028,-0.021,0.052,0.991,-0.244,-0.183,0,2.692,0.17,-140.729,-49.4,-57.1,-25.147,29.22,0.33588,0.00916,-0.02161,-0.94156
 13:48:42.539,eb:33:2e:f9:57:b5, 2085-97-214 255:105:00:2034,-0.02,0.052,0.992,-0.244,-0.366,-0.061,2.692,0.176,-140.724,-49.4,-57.1,-25.147,29.22,0.33588,0.00916,-0.02161,-0.94156
 13:48:42.568,eb:33:2e:f9:57:b5, 2085-97-215 255:105:00:2034,-0.019,0.051,0.994,-0.183,-0.488,-0.061,2.692,0.176,-140.724,-49.4,-57.1,-25.147,29.22,0.33588,0.00916,-0.02161,-0.94156
 13:48:42.568,eb:33:2e:f9:57:b5, 2085-97-219 255:106:00:2036,-0.018,0.051,0.993,-0.183,-0.671,0,2.692,0.176,-140.724,-49.4,-57.1,-25.147,29.22,0.33588,0.00916,-0.02161,-0.94156
 13:48:42.568,eb:33:2e:f9:57:b5, 2085-97-220 255:104:00:2039,-0.018,0.051,0.995,-0.122,-0.671,-0.061,2.692,0.176,-140.724,-49.4,-57.1,-25.147,29.22,0.33588,0.00916,-0.02161,-0.94156
 13:48:42.568,eb:33:2e:f9:57:b5, 2085-97-217 255:102:00:2043,-0.02,0.052,0.996,-0.122,-0.671,0,2.692,0.181,-140.724,-49.4,-57.1,-25.147,29.22,0.33588,0.00916,-0.02161,-0.94156
 13:48:42.598,eb:33:2e:f9:57:b5, 2085-97-219 255:105:00:2041,-0.017,0.049,0.997,-0.122,-0.732,0,2.692,0.181,-140.724,-49.4,-57.1,-25.147,29.22,0.33588,0.00916,-0.02161,-0.94156
 13:48:42.598,eb:33:2e:f9:57:b5, 2085-97-223 255:106:00:2045,-0.017,0.052,0.996,-0.061,-0.671,0,2.692,0.187,-140.724,-49.4,-57.1,-25.147,29.22,0.33588,0.00916,-0.02161,-0.94156
 13:48:42.598,eb:33:2e:f9:57:b5, 2085-97-226 255:106:00:2047,-0.015,0.051,0.998,0,-0.61,0.061,2.692,0.187,-140.724,-49.4,-57.1,-25.147,29.22,0.33588,0.00916,-0.02161,-0.94156
 13:48:42.598,eb:33:2e:f9:57:b5, 2085-97-227 255:106:00:2049,-0.015,0.052,1,0,-0.366,0.061,2.697,0.187,-140.724,-49.4,-57.1,-25.147,29.22,0.33588,0.00916,-0.02161,-0.94156
 13:48:42.688,eb:33:2e:f9:57:b5, 2085-97-225 255:106:00:2048,-0.016,0.051,1,0,-0.061,0.122,2.697,0.187,-140.724,-49.4,-57.1,-25.147,29.22,0.33588,0.00916,-0.02161,-0.94156
 13:48:42.688,eb:33:2e:f9:57:b5, 2085-97-221 255:106:00:2043,-0.017,0.053,0.999,0,0,0.122,2.697,0.192,-140.724,-49.4,-57.1,-25.147,29.22,0.33588,0.00916,-0.02161,-0.94156
 13:48:42.688,eb:33:2e:f9:57:b5, 2085-97-218 255:106:00:2036,-0.018,0.052,0.995,0,0.061,0.061,2.697,0.192,-140.724,-49.4,-57.1,-25.147,29.22,0.33588,0.00916,-0.02161,-0.94156
 13:48:42.688,eb:33:2e:f9:57:b5, 2085-97-222 255:107:00:2041,-0.016,0.052,0.995,0,0,0.122,2.697,0.198,-140.724,-49.4,-57.1,-25.147,29.22,0.33588,0.00916,-0.02161,-0.94156
 13:48:42.691,eb:33:2e:f9:57:b5, 2085-97-220 255:106:00:2038,-0.019,0.052,0.995,0,0,0.183,2.697,0.198,-140.724,-47.9,-57.7,-25.347,29.22,0.33588,0.00916,-0.02161,-0.94156
 13:48:42.691,eb:33:2e:f9:57:b5, 2085-97-219 255:106:00:2035,-0.019,0.052,0.994,-0.061,0,0.183,2.697,0.198,-140.724,-47.9,-57.7,-25.347,29.22,0.33588,0.00916,-0.02161,-0.94156
 13:48:42.691,eb:33:2e:f9:57:b5, 2085-97-221 255:107:00:2036,-0.017,0.052,0.994,-0.122,0,0.061,2.697,0.198,-140.724,-47.9,-57.7,-25.347,29.22,0.33588,0.00916,-0.02161,-0.94156
 13:48:42.691,eb:33:2e:f9:57:b5, 2085-97-223 255:105:00:2040,-0.016,0.052,0.995,-0.122,0,0,2.703,0.203,-140.724,-47.9,-57.7,-25.347,29.22,0.33588,0.00916,-0.02161,-0.94156
 13:48:42.717,eb:33:2e:f9:57:b5, 2085-97-219 255:105:00:2038,-0.019,0.052,0.997,-0.122,0.061,0,2.703,0.203,-140.724,-47.9,-57.7,-25.347,29.22,0.33588,0.00916,-0.02161,-0.94156
 13:48:42.717,eb:33:2e:f9:57:b5, 2085-97-218 255:101:00:2039,-0.019,0.051,0.995,-0.122,0,0,2.703,0.209,-140.724,-47.9,-57.7,-25.347,29.22,0.33588,0.00916,-0.02161,-0.94156
 13:48:42.717,eb:33:2e:f9:57:b5, 2085-97-219 255:103:00:2037,-0.017,0.049,0.995,-0.061,-0.061,0.183,2.703,0.209,-140.724,-47.9,-57.7,-25.347,29.22,0.33588,0.00916,-0.02161,-0.94156
 13:48:42.717,eb:33:2e:f9:57:b5, 2085-97-220 255:104:00:2041,-0.017,0.05,0.997,0,-0.183,0.183,2.703,0.214,-140.724,-47.9,-57.7,-25.347,29.22,0.33588,0.00916,-0.02161,-0.94156
 13:48:42.778,eb:33:2e:f9:57:b5, 2085-97-221 255:105:00:2043,-0.015,0.051,0.996,0.061,-0.122,0.244,2.703,0.214,-140.724,-47.9,-57.7,-25.347,29.22,0.33588,0.00916,-0.02161,-0.94156
 13:48:42.778,eb:33:2e:f9:57:b5, 2085-97-225 255:105:00:2048,-0.015,0.051,0.999,0.122,-0.061,0.244,2.703,0.214,-140.724,-47.9,-57.7,-25.347,29.22,0.33588,0.00916,-0.02161,-0.94156
 13:48:42.778,eb:33:2e:f9:57:b5, 2085-97-226 255:107:00:2047,-0.015,0.051,1,0.305,0,0.244,2.703,0.214,-140.724,-47.9,-57.7,-25.347,29.22,0.33588,0.00916,-0.02161,-0.94156
 13:48:42.778,eb:33:2e:f9:57:b5, 2085-97-222 255:105:00:2043,-0.017,0.052,0.998,0.305,0.244,0.244,2.708,0.22,-140.724,-47.9,-57.7,-25.347,29.22,0.33588,0.00916,-0.02161,-0.94156
 13:48:42.808,eb:33:2e:f9:57:b5, 2085-97-221 255:103:00:2043,-0.015,0.052,0.997,0.366,0.305,0.244,2.708,0.22,-140.724,-47.9,-57.7,-25.347,29.22,0.33591,0.0097,-0.02161,-0.94156
 13:48:42.808,eb:33:2e:f9:57:b5, 2085-97-225 255:107:00:2041,-0.016,0.052,0.997,0.427,0.427,0.366,2.708,0.225,-140.724,-47.9,-57.7,-25.347,29.22,0.33591,0.0097,-0.02161,-0.94156
 13:48:42.808,eb:33:2e:f9:57:b5, 2085-97-223 255:106:00:2043,-0.017,0.051,0.999,0.366,0.488,0.305,2.708,0.225,-140.724,-47.9,-57.7,-25.347,29.22,0.33591,0.0097,-0.02161,-0.94156
 13:48:42.808,eb:33:2e:f9:57:b5, 2085-97-220 255:109:00:2038,-0.017,0.052,0.995,0.305,0.549,0.366,2.708,0.225,-140.724,-47.9,-57.7,-25.347,29.22,0.33591,0.0097,-0.02161,-0.94156
 13:48:42.839,eb:33:2e:f9:57:b5, 2085-97-224 255:108:00:2047,-0.014,0.053,0.998,0.305,0.61,0.305,2.708,0.225,-140.724,-47.9,-57.7,-25.347,29.22,0.33591,0.0097,-0.02161,-0.94156
 13:48:42.839,eb:33:2e:f9:57:b5, 2085-97-227 255:111:00:2046,-0.016,0.054,1,0.366,0.854,0.244,2.708,0.231,-140.724,-47.9,-57.7,-25.347,29.22,0.33591,0.0097,-0.02161,-0.94156
 13:48:42.840,eb:33:2e:f9:57:b5, 2085-97-221 255:109:00:2041,-0.018,0.054,0.998,0.305,1.099,0.244,2.708,0.231,-140.724,-47.9,-57.7,-25.347,29.22,0.33591,0.0097,-0.02161,-0.94156
 13:48:42.840,eb:33:2e:f9:57:b5, 2085-97-222 255:110:00:2039,-0.018,0.052,0.996,0.305,1.099,0.183,2.714,0.236,-140.724,-47.9,-57.7,-25.347,29.22,0.33591,0.0097,-0.02161,-0.94156
 13:48:42.928,eb:33:2e:f9:57:b5, 2085-97-219 255:107:00:2039,-0.018,0.052,0.994,0.305,1.221,0.183,2.714,0.236,-140.724,-47.9,-57.7,-25.347,29.22,0.33591,0.0097,-0.02161,-0.94156
 13:48:42.928,eb:33:2e:f9:57:b5, 2085-97-219 255:105:00:2041,-0.021,0.052,0.995,0.366,1.282,0.122,2.714,0.242,-140.724,-47.9,-57.7,-25.347,29.22,0.33591,0.0097,-0.02161,-0.94156
 13:48:42.928,eb:33:2e:f9:57:b5, 2085-97-213 255:105:00:2032,-0.019,0.052,0.991,0.366,1.221,0,2.714,0.242,-140.724,-47.9,-57.7,-25.347,29.22,0.33591,0.0097,-0.02161,-0.94156
 13:48:42.928,eb:33:2e:f9:57:b5, 2085-97-216 255:105:00:2038,-0.02,0.052,0.996,0.366,1.099,0.061,2.714,0.242,-140.724,-47.9,-57.7,-25.347,29.22,0.33591,0.0097,-0.02161,-0.94156
 13:48:42.930,eb:33:2e:f9:57:b5, 2085-97-211 255:107:00:2032,-0.021,0.052,0.995,0.366,1.16,0.061,2.714,0.242,-140.724,-47.9,-57.7,-25.347,29.22,0.33591,0.0097,-0.02161,-0.94156
 13:48:42.930,eb:33:2e:f9:57:b5, 2085-97-212 255:104:00:2036,-0.022,0.053,0.995,0.244,0.977,0.061,2.714,0.247,-140.724,-47.9,-57.7,-25.347,29.22,0.33591,0.0097,-0.02161,-0.94156
 13:48:42.930,eb:33:2e:f9:57:b5, 2085-97-216 255:105:00:2047,-0.019,0.052,0.994,0.244,0.854,0.183,2.714,0.247,-140.724,-47.9,-57.7,-25.347,29.22,0.33591,0.0097,-0.02161,-0.94156
 13:48:42.930,eb:33:2e:f9:57:b5, 2085-97-220 255:108:00:2047,-0.02,0.053,0.998,0.305,0.793,0.305,2.719,0.253,-140.718,-47.9,-57.7,-25.347,29.22,0.33591,0.0097,-0.02161,-0.94156
 13:48:42.957,eb:33:2e:f9:57:b5, 2085-97-216 255:107:00:2046,-0.017,0.052,1,0.366,1.038,0.305,2.719,0.253,-140.718,-47.9,-57.7,-25.347,29.22,0.33591,0.0097,-0.02161,-0.94156
 13:48:42.957,eb:33:2e:f9:57:b5, 2085-97-215 255:107:00:2039,-0.021,0.054,1,0.305,1.221,0.366,2.719,0.253,-140.718,-47.9,-57.7,-25.347,29.22,0.33591,0.0097,-0.02161,-0.94156
 13:48:42.957,eb:33:2e:f9:57:b5, 2085-97-212 255:106:00:2039,-0.021,0.052,0.996,0.366,1.221,0.366,2.719,0.253,-140.718,-47.9,-57.7,-25.347,29.22,0.33591,0.0097,-0.02161,-0.94156
 13:48:42.957,eb:33:2e:f9:57:b5, 2085-97-213 255:108:00:2041,-0.019,0.053,0.996,0.427,1.221,0.305,2.719,0.258,-140.718,-47.9,-57.7,-25.347,29.22,0.33591,0.0097,-0.02161,-0.94156
 13:48:43.019,eb:33:2e:f9:57:b5, 2085-97-219 255:113:00:2043,-0.022,0.054,0.998,0.427,1.221,0.305,2.719,0.258,-140.718,-47.9,-57.7,-25.347,29.22,0.33591,0.0097,-0.02161,-0.94156
 13:48:43.019,eb:33:2e:f9:57:b5, 2085-97-214 255:111:00:2039,-0.024,0.052,0.995,0.366,1.343,0.366,2.725,0.264,-140.718,-47.9,-57.7,-25.347,29.22,0.33591,0.0097,-0.02161,-0.94156
 13:48:43.019,eb:33:2e:f9:57:b5, 2085-97-216 255:109:00:2041,-0.021,0.053,0.992,0.305,1.282,0.305,2.725,0.264,-140.718,-47.9,-57.7,-25.347,29.22,0.33591,0.0097,-0.02161,-0.94156
 13:48:43.019,eb:33:2e:f9:57:b5, 2085-97-214 255:109:00:2037,-0.021,0.053,0.996,0.366,1.404,0.244,2.725,0.269,-140.718,-47.9,-57.7,-25.347,29.22,0.33591,0.0097,-0.02161,-0.94156
 13:48:43.048,eb:33:2e:f9:57:b5, 2085-97-211 255:108:00:2032,-0.021,0.052,0.997,0.427,1.343,0.244,2.725,0.269,-140.718,-48.5,-56.1,-20.9,29.22,0.33591,0.0097,-0.02161,-0.94156
 13:48:43.048,eb:33:2e:f9:57:b5, 2085-97-204 255:112:00:2022,-0.027,0.056,0.993,0.366,1.343,0.244,2.725,0.269,-140.718,-48.5,-56.1,-20.9,29.22,0.33591,0.0097,-0.02161,-0.94156
 13:48:43.048,eb:33:2e:f9:57:b5, 2085-97-196 255:110:00:2008,-0.034,0.055,0.983,0.183,0.977,0,2.725,0.269,-140.718,-48.5,-56.1,-20.9,29.22,0.33591,0.0097,-0.02161,-0.94156
 13:48:43.048,eb:33:2e:f9:57:b5, 2085-97-187 255:111:00:1992,-0.035,0.053,0.973,0.061,0.183,0,2.725,0.275,-140.718,-48.5,-56.1,-20.9,29.22,0.33591,0.0097,-0.02161,-0.94156
 13:48:43.108,eb:33:2e:f9:57:b5, 2085-97-183 255:112:00:1981,-0.036,0.056,0.967,-0.183,-0.732,-0.183,2.725,0.275,-140.718,-48.5,-56.1,-20.9,29.22,0.33591,0.0097,-0.02161,-0.94156
 13:48:43.108,eb:33:2e:f9:57:b5, 2085-97-186 255:109:00:1993,-0.033,0.053,0.969,-0.61,-1.892,-0.244,2.73,0.28,-140.718,-48.5,-56.1,-20.9,29.22,0.33591,0.0097,-0.02161,-0.94156
 13:48:43.108,eb:33:2e:f9:57:b5, 2085-97-196 255:108:00:2015,-0.025,0.053,0.979,-0.977,-2.991,-0.183,2.725,0.275,-140.718,-48.5,-56.1,-20.9,29.22,0.33591,0.0097,-0.02161,-0.94156
 13:48:43.108,eb:33:2e:f9:57:b5, 2085-97-206 255:93:00:2055,-0.02,0.051,0.995,-0.977,-3.479,-0.122,2.714,0.242,-140.724,-48.5,-56.1,-20.9,29.22,0.33591,0.0097,-0.02161,-0.94156
 13:48:43.139,eb:33:2e:f9:57:b5, 2085-97-223 255:102:00:2072,-0.011,0.049,1.005,-0.671,-3.479,0.061,2.708,0.203,-140.724,-48.5,-56.1,-20.9,29.22,0.33591,0.01013,-0.02161,-0.94153
 13:48:43.139,eb:33:2e:f9:57:b5, 2085-97-237 255:106:00:2084,-0.007,0.052,1.015,-0.488,-2.747,0.366,2.703,0.17,-140.724,-48.5,-56.1,-20.9,29.22,0.33591,0.01013,-0.02161,-0.94153
 13:48:43.139,eb:33:2e:f9:57:b5, 2085-97-243 255:109:00:2089,-0.005,0.052,1.019,-0.244,-1.831,0.488,2.697,0.148,-140.724,-48.5,-56.1,-20.9,29.22,0.33591,0.01013,-0.02161,-0.94153
 13:48:43.139,eb:33:2e:f9:57:b5, 2085-97-247 255:113:00:2089,-0.003,0.054,1.021,0,-0.671,0.488,2.697,0.137,-140.718,-48.5,-56.1,-20.9,29.22,0.33591,0.01013,-0.02161,-0.94153
 13:48:43.168,eb:33:2e:f9:57:b5, 2085-97-249 255:114:00:2088,-0.005,0.056,1.021,0.183,0.488,0.427,2.697,0.132,-140.713,-48.5,-56.1,-20.9,29.22,0.33591,0.01013,-0.02161,-0.94153
 13:48:43.168,eb:33:2e:f9:57:b5, 2085-97-242 255:115:00:2079,-0.009,0.055,1.019,0.305,1.77,0.305,2.697,0.143,-140.707,-48.5,-56.1,-20.9,29.22,0.33591,0.01013,-0.02161,-0.94153
 13:48:43.168,eb:33:2e:f9:57:b5, 2085-97-226 255:114:00:2053,-0.02,0.057,1.01,0.427,2.808,0.122,2.703,0.17,-140.707,-48.5,-56.1,-20.9,29.22,0.33591,0.01013,-0.02161,-0.94153
 13:48:43.168,eb:33:2e:f9:57:b5, 2085-97-205 255:107:00:2020,-0.031,0.054,0.996,0.427,3.113,0,2.708,0.198,-140.702,-48.5,-56.1,-20.9,29.22,0.33591,0.01013,-0.02161,-0.94153
 13:48:43.227,eb:33:2e:f9:57:b5, 2085-97-191 255:108:00:2000,-0.035,0.05,0.98,0.488,2.319,0,2.714,0.225,-140.702,-48.5,-56.1,-20.9,29.22,0.33591,0.01013,-0.02161,-0.94153
 13:48:43.227,eb:33:2e:f9:57:b5, 2085-97-193 255:108:00:2005,-0.029,0.052,0.974,0.305,1.282,0,2.714,0.242,-140.702,-48.5,-56.1,-20.9,29.22,0.33591,0.01013,-0.02161,-0.94153
 13:48:43.227,eb:33:2e:f9:57:b5, 2085-97-202 255:113:00:2005,-0.027,0.055,0.977,0.061,0.61,0,2.719,0.253,-140.702,-48.5,-56.1,-20.9,29.22,0.33591,0.01013,-0.02161,-0.94153
 13:48:43.227,eb:33:2e:f9:57:b5, 2085-97-196 255:107:00:2014,-0.029,0.054,0.983,0,0.122,-0.183,2.719,0.253,-140.702,-48.5,-56.1,-20.9,29.22,0.33591,0.01013,-0.02161,-0.94153
 13:48:43.258,eb:33:2e:f9:57:b5, 2085-97-198 255:108:00:2015,-0.03,0.054,0.98,-0.244,-0.427,-0.183,2.714,0.253,-140.707,-48.5,-56.1,-20.9,29.22,0.33591,0.01013,-0.02161,-0.94153
 13:48:43.258,eb:33:2e:f9:57:b5, 2085-97-196 255:109:00:2009,-0.03,0.052,0.981,-0.366,-0.977,-0.122,2.714,0.247,-140.707,-48.5,-56.1,-20.9,29.22,0.33591,0.01013,-0.02161,-0.94153
 13:48:43.258,eb:33:2e:f9:57:b5, 2085-97-196 255:107:00:2014,-0.026,0.052,0.982,-0.549,-1.587,-0.061,2.708,0.231,-140.713,-48.5,-56.1,-20.9,29.22,0.33591,0.01013,-0.02161,-0.94153
 13:48:43.258,eb:33:2e:f9:57:b5, 2085-97-204 255:107:00:2023,-0.024,0.053,0.985,-0.61,-2.197,-0.061,2.703,0.214,-140.713,-48.5,-56.1,-20.9,29.22,0.33591,0.01013,-0.02161,-0.94153
 13:48:43.318,eb:33:2e:f9:57:b5, 2085-97-209 255:105:00:2033,-0.021,0.052,0.99,-0.732,-2.563,-0.122,2.692,0.187,-140.718,-48.5,-56.1,-20.9,29.22,0.33591,0.01013,-0.02161,-0.94153
 13:48:43.318,eb:33:2e:f9:57:b5, 2085-97-217 255:107:00:2044,-0.019,0.051,0.995,-0.793,-2.686,-0.061,2.686,0.159,-140.718,-48.5,-56.1,-20.9,29.22,0.33591,0.01013,-0.02161,-0.94153
 13:48:43.318,eb:33:2e:f9:57:b5, 2085-97-216 255:106:00:2046,-0.018,0.052,1,-0.793,-2.502,0,2.675,0.132,-140.724,-48.5,-56.1,-20.9,29.22,0.33591,0.01013,-0.02161,-0.94153
 13:48:43.318,eb:33:2e:f9:57:b5, 2085-97-216 255:103:00:2044,-0.018,0.053,0.999,-0.793,-2.38,0,2.67,0.11,-140.724,-48.5,-56.1,-20.9,29.22,0.33591,0.01013,-0.02161,-0.94153
 13:48:43.348,eb:33:2e:f9:57:b5, 2085-97-223 255:102:00:2056,-0.014,0.051,1,-0.671,-2.319,0.122,2.659,0.082,-140.724,-48.5,-56.1,-20.9,29.22,0.33591,0.01013,-0.02161,-0.94153
 13:48:43.348,eb:33:2e:f9:57:b5, 2085-97-230 255:103:00:2064,-0.013,0.05,1.006,-0.61,-2.075,0.244,2.653,0.06,-140.724,-48.5,-56.1,-20.9,29.22,0.33591,0.01013,-0.02161,-0.94153
 13:48:43.348,eb:33:2e:f9:57:b5, 2085-113-58 00:149:227:-8415,-0.012,0.051,1.009,-0.488,-1.526,0.488,2.648,0.044,-140.718,-48.5,-56.1,-20.9,29.22,0.33591,0.01013,-0.02161,-0.94153
 13:48:43.348,eb:33:2e:f9:57:b5, 2085-97-233 255:105:00:2064,-0.01,0.051,1.008,-0.366,-1.343,0.488,2.642,0.033,-140.718,-48.5,-56.1,-20.9,29.22,0.33591,0.01013,-0.02161,-0.94153
 13:48:43.348,eb:33:2e:f9:57:b5, 2085-97-233 255:107:00:2058,-0.013,0.052,1.008,-0.244,-0.732,0.671,2.642,0.022,-140.713,-48.5,-56.1,-20.9,29.22,0.33591,0.01013,-0.02161,-0.94153
 13:48:43.377,eb:33:2e:f9:57:b5, 2085-97-228 255:107:00:2051,-0.014,0.052,1.003,-0.183,-0.305,0.671,2.637,0.016,-140.707,-48.5,-56.1,-23.7,29.22,0.33591,0.01013,-0.02161,-0.94153
 13:48:43.377,eb:33:2e:f9:57:b5, 2085-97-228 255:107:00:2048,-0.014,0.053,1,-0.061,-0.061,0.671,2.637,0.016,-140.702,-48.5,-56.1,-23.7,29.22,0.33591,0.01013,-0.02161,-0.94153
 13:48:43.377,eb:33:2e:f9:57:b5, 2085-97-225 255:111:00:2040,-0.016,0.054,0.998,-0.122,0.122,0.488,2.637,0.016,-140.696,-48.5,-56.1,-23.7,29.22,0.33591,0.01013,-0.02161,-0.94153
 13:48:43.377,eb:33:2e:f9:57:b5, 2085-97-219 255:109:00:2029,-0.02,0.054,0.995,-0.183,0.366,0.366,2.637,0.016,-140.691,-48.5,-56.1,-23.7,29.22,0.33591,0.01013,-0.02161,-0.94153
 13:48:43.408,eb:33:2e:f9:57:b5, 2085-97-216 255:108:00:2025,-0.021,0.053,0.99,-0.244,0.122,0.305,2.637,0.016,-140.691,-48.5,-56.1,-23.7,29.22,0.33591,0.01013,-0.02161,-0.94153
 13:48:43.408,eb:33:2e:f9:57:b5, 2085-97-212 255:111:00:2018,-0.024,0.054,0.987,-0.427,-0.061,0.183,2.642,0.033,-140.691,-48.5,-56.1,-23.7,29.22,0.33591,0.01013,-0.02161,-0.94153
 13:48:43.408,eb:33:2e:f9:57:b5, 2085-97-205 255:108:00:2010,-0.024,0.053,0.982,-0.671,-0.427,0.061,2.642,0.033,-140.691,-48.5,-56.1,-23.7,29.22,0.33591,0.01013,-0.02161,-0.94153
 13:48:43.408,eb:33:2e:f9:57:b5, 2085-97-209 255:111:00:2011,-0.02,0.054,0.982,-0.793,-0.916,-0.122,2.642,0.044,-140.691,-48.5,-56.1,-23.7,29.22,0.33591,0.01013,-0.02161,-0.94153
 13:48:43.467,eb:33:2e:f9:57:b5, 2085-97-215 255:110:00:2024,-0.02,0.055,0.985,-0.854,-1.282,-0.488,2.642,0.044,-140.691,-48.5,-56.1,-23.7,29.22,0.33621,0.00812,-0.02161,-0.94147
 13:48:43.467,eb:33:2e:f9:57:b5, 2085-97-215 255:106:00:2025,-0.021,0.053,0.99,-0.854,-1.404,-0.732,2.648,0.055,-140.691,-48.5,-56.1,-23.7,29.22,0.33621,0.00812,-0.02161,-0.94147
 13:48:43.467,eb:33:2e:f9:57:b5, 2085-97-213 255:104:00:2024,-0.022,0.05,0.993,-0.793,-1.648,-0.793,2.648,0.055,-140.691,-48.5,-56.1,-23.7,29.22,0.33621,0.00812,-0.02161,-0.94147
 13:48:43.467,eb:33:2e:f9:57:b5, 2085-97-208 255:97:00:2031,-0.02,0.049,0.99,-0.732,-1.953,-0.916,2.653,0.066,-140.691,-48.5,-56.1,-23.7,29.22,0.33621,0.00812,-0.02161,-0.94147
 13:48:43.498,eb:33:2e:f9:57:b5, 2085-97-223 255:98:00:2047,-0.015,0.047,0.996,-0.488,-2.319,-0.854,2.653,0.066,-140.691,-48.5,-56.1,-23.7,29.22,0.33621,0.00812,-0.02161,-0.94147
 13:48:43.498,eb:33:2e:f9:57:b5, 2085-97-228 255:98:00:2055,-0.012,0.048,1.002,-0.427,-2.136,-0.671,2.653,0.077,-140.691,-48.5,-56.1,-23.7,29.22,0.33621,0.00812,-0.02161,-0.94147
 13:48:43.498,eb:33:2e:f9:57:b5, 2085-97-229 255:99:00:2052,-0.013,0.05,1.002,-0.427,-1.953,-0.488,2.653,0.077,-140.691,-48.5,-56.1,-23.7,29.22,0.33621,0.00812,-0.02161,-0.94147
 13:48:43.498,eb:33:2e:f9:57:b5, 2085-97-231 255:103:00:2051,-0.012,0.05,1,-0.366,-1.77,-0.305,2.659,0.082,-140.691,-48.5,-56.1,-23.7,29.22,0.33621,0.00812,-0.02161,-0.94147
 13:48:43.528,eb:33:2e:f9:57:b5, 2085-97-233 255:103:00:2051,-0.014,0.051,1.001,-0.305,-1.526,-0.244,2.659,0.082,-140.691,-48.5,-56.1,-23.7,29.22,0.33621,0.00812,-0.02161,-0.94147
 13:48:43.528,eb:33:2e:f9:57:b5, 2085-97-230 255:101:00:2047,-0.013,0.048,1,-0.183,-1.282,-0.244,2.664,0.093,-140.685,-48.5,-56.1,-23.7,29.22,0.33621,0.00812,-0.02161,-0.94147
 13:48:43.528,eb:33:2e:f9:57:b5, 2085-97-236 255:104:00:2053,-0.01,0.049,1,-0.061,-1.221,-0.122,2.664,0.093,-140.685,-48.5,-56.1,-23.7,29.22,0.33621,0.00812,-0.02161,-0.94147
 13:48:43.528,eb:33:2e:f9:57:b5, 2085-97-234 255:103:00:2051,-0.009,0.05,1.002,-0.061,-0.916,-0.061,2.664,0.099,-140.685,-48.5,-56.1,-23.7,29.22,0.33621,0.00812,-0.02161,-0.94147
 13:48:43.589,eb:33:2e:f9:57:b5, 2085-97-234 255:104:00:2049,-0.011,0.052,1.001,0,-0.61,-0.061,2.664,0.099,-140.685,-48.5,-56.1,-23.7,29.22,0.33621,0.00812,-0.02161,-0.94147
 13:48:43.589,eb:33:2e:f9:57:b5, 2085-97-228 255:101:00:2044,-0.013,0.05,1,0,-0.366,-0.061,2.664,0.11,-140.685,-48.5,-56.1,-23.7,29.22,0.33621,0.00812,-0.02161,-0.94147
 13:48:43.589,eb:33:2e:f9:57:b5, 2085-97-234 255:105:00:2048,-0.01,0.05,0.999,0.061,-0.305,-0.061,2.664,0.11,-140.685,-48.5,-56.1,-23.7,29.22,0.33621,0.00812,-0.02161,-0.94147
 13:48:43.589,eb:33:2e:f9:57:b5, 2085-97-234 255:106:00:2048,-0.013,0.052,1.001,0.122,-0.061,0,2.67,0.115,-140.685,-48.5,-56.1,-23.7,29.22,0.33621,0.00812,-0.02161,-0.94147
 13:48:43.619,eb:33:2e:f9:57:b5, 2085-97-228 255:102:00:2043,-0.013,0.05,0.999,0.122,0.183,0,2.67,0.115,-140.685,-48.5,-56.1,-23.7,29.22,0.33621,0.00812,-0.02161,-0.94147
 13:48:43.619,eb:33:2e:f9:57:b5, 2085-97-239 255:110:00:2050,-0.009,0.052,0.998,0.183,0.244,0,2.67,0.121,-140.685,-48.5,-56.1,-23.7,29.22,0.33621,0.00812,-0.02161,-0.94147
 13:48:43.619,eb:33:2e:f9:57:b5, 2085-97-232 255:107:00:2042,-0.015,0.054,1,0,0.732,0,2.67,0.121,-140.685,-48.5,-56.1,-23.7,29.22,0.33621,0.00812,-0.02161,-0.94147
 13:48:43.619,eb:33:2e:f9:57:b5, 2085-97-225 255:105:00:2033,-0.016,0.051,0.995,-0.061,0.793,-0.122,2.675,0.126,-140.685,-48.5,-56.1,-23.7,29.22,0.33621,0.00812,-0.02161,-0.94147
 13:48:43.648,eb:33:2e:f9:57:b5, 2085-97-225 255:105:00:2036,-0.015,0.052,0.994,-0.061,0.793,-0.122,2.675,0.126,-140.685,-49,-56.7,-22.727,29.22,0.33621,0.00812,-0.02161,-0.94147
 13:48:43.648,eb:33:2e:f9:57:b5, 2085-97-224 255:105:00:2033,-0.018,0.051,0.993,-0.183,0.793,-0.183,2.675,0.132,-140.685,-49,-56.7,-22.727,29.22,0.33621,0.00812,-0.02161,-0.94147
 13:48:43.648,eb:33:2e:f9:57:b5, 2085-97-220 255:101:00:2032,-0.017,0.05,0.993,-0.183,0.61,-0.244,2.675,0.132,-140.685,-49,-56.7,-22.727,29.22,0.33621,0.00812,-0.02161,-0.94147
 13:48:43.648,eb:33:2e:f9:57:b5, 2085-97-219 255:103:00:2033,-0.018,0.05,0.993,-0.183,0.427,-0.244,2.675,0.137,-140.685,-49,-56.7,-22.727,29.22,0.33621,0.00812,-0.02161,-0.94147
 13:48:43.707,eb:33:2e:f9:57:b5, 2085-97-220 255:102:00:2035,-0.018,0.05,0.993,-0.183,0.244,-0.244,2.675,0.137,-140.685,-49,-56.7,-22.727,29.22,0.33621,0.00812,-0.02161,-0.94147
 13:48:43.707,eb:33:2e:f9:57:b5, 2085-97-221 255:100:00:2035,-0.017,0.049,0.994,-0.122,0.061,-0.183,2.681,0.143,-140.685,-49,-56.7,-22.727,29.22,0.33621,0.00812,-0.02161,-0.94147
 13:48:43.707,eb:33:2e:f9:57:b5, 2085-97-222 255:103:00:2037,-0.016,0.05,0.994,-0.122,0,-0.061,2.681,0.143,-140.685,-49,-56.7,-22.727,29.22,0.33621,0.00812,-0.02161,-0.94147
 13:48:43.707,eb:33:2e:f9:57:b5, 2085-97-224 255:104:00:2038,-0.015,0.051,0.995,-0.183,0,0,2.681,0.148,-140.685,-49,-56.7,-22.727,29.22,0.33621,0.00812,-0.02161,-0.94147
 13:48:43.738,eb:33:2e:f9:57:b5, 2085-97-226 255:101:00:2039,-0.014,0.05,0.996,-0.244,0,0,2.681,0.148,-140.685,-49,-56.7,-22.727,29.22,0.33624,0.00906,-0.02158,-0.94144
 13:48:43.738,eb:33:2e:f9:57:b5, 2085-97-224 255:100:00:2041,-0.016,0.049,0.997,-0.244,0.061,0,2.681,0.154,-140.685,-49,-56.7,-22.727,29.22,0.33624,0.00906,-0.02158,-0.94144
 13:48:43.738,eb:33:2e:f9:57:b5, 2085-97-225 255:102:00:2040,-0.014,0.05,0.996,-0.244,0,0.122,2.681,0.154,-140.685,-49,-56.7,-22.727,29.22,0.33624,0.00906,-0.02158,-0.94144
 13:48:43.738,eb:33:2e:f9:57:b5, 2085-97-227 255:100:00:2041,-0.014,0.049,0.998,-0.244,0.061,0.183,2.686,0.159,-140.685,-49,-56.7,-22.727,29.22,0.33624,0.00906,-0.02158,-0.94144
 13:48:43.767,eb:33:2e:f9:57:b5, 2085-97-226 255:101:00:2042,-0.016,0.049,0.998,-0.183,0.122,0.305,2.686,0.159,-140.685,-49,-56.7,-22.727,29.22,0.33624,0.00906,-0.02158,-0.94144
 13:48:43.767,eb:33:2e:f9:57:b5, 2085-97-223 255:100:00:2040,-0.017,0.048,0.997,-0.061,0.122,0.244,2.686,0.165,-140.685,-49,-56.7,-22.727,29.22,0.33624,0.00906,-0.02158,-0.94144
 13:48:43.767,eb:33:2e:f9:57:b5, 2085-97-223 255:100:00:2039,-0.015,0.048,0.995,0,0,0.366,2.686,0.165,-140.685,-49,-56.7,-22.727,29.22,0.33624,0.00906,-0.02158,-0.94144
 13:48:43.767,eb:33:2e:f9:57:b5, 2085-97-227 255:103:00:2040,-0.015,0.05,0.996,0,-0.122,0.305,2.686,0.17,-140.685,-49,-56.7,-22.727,29.22,0.33624,0.00906,-0.02158,-0.94144
 13:48:43.857,eb:33:2e:f9:57:b5, 2085-97-226 255:104:00:2040,-0.015,0.05,0.996,0.061,0,0.305,2.686,0.17,-140.685,-49,-56.7,-22.727,29.22,0.33624,0.00906,-0.02158,-0.94144
 13:48:43.857,eb:33:2e:f9:57:b5, 2085-97-226 255:105:00:2038,-0.016,0.051,0.995,0.061,0,0.305,2.686,0.176,-140.685,-49,-56.7,-22.727,29.22,0.33624,0.00906,-0.02158,-0.94144
 13:48:43.857,eb:33:2e:f9:57:b5, 2085-97-223 255:104:00:2037,-0.016,0.051,0.995,0,0,0.244,2.686,0.176,-140.685,-49,-56.7,-22.727,29.22,0.33624,0.00906,-0.02158,-0.94144
 13:48:43.857,eb:33:2e:f9:57:b5, 2085-97-224 255:104:00:2035,-0.016,0.05,0.994,0,0,0.244,2.692,0.176,-140.685,-49,-56.7,-22.727,29.22,0.33624,0.00906,-0.02158,-0.94144
 13:48:43.860,eb:33:2e:f9:57:b5, 2085-97-222 255:101:00:2035,-0.016,0.051,0.993,-0.061,0,0.244,2.692,0.176,-140.685,-49,-56.7,-22.727,29.22,0.33624,0.00906,-0.02158,-0.94144
 13:48:43.860,eb:33:2e:f9:57:b5, 2085-97-227 255:105:00:2041,-0.014,0.05,0.995,-0.061,-0.122,0.183,2.692,0.181,-140.685,-49,-56.7,-22.727,29.22,0.33624,0.00906,-0.02158,-0.94144
 13:48:43.860,eb:33:2e:f9:57:b5, 2085-97-227 255:103:00:2045,-0.015,0.05,0.998,0,0,0.122,2.692,0.181,-140.685,-49,-56.7,-22.727,29.22,0.33624,0.00906,-0.02158,-0.94144
 13:48:43.860,eb:33:2e:f9:57:b5, 2085-97-226 255:101:00:2045,-0.013,0.049,0.998,0.061,0,0.183,2.692,0.187,-140.68,-49,-56.7,-22.727,29.22,0.33624,0.00906,-0.02158,-0.94144
 13:48:43.888,eb:33:2e:f9:57:b5, 2085-97-229 255:107:00:2043,-0.013,0.051,0.998,0.122,0.122,0.122,2.692,0.187,-140.68,-49,-56.7,-22.727,29.22,0.33624,0.00906,-0.02158,-0.94144
 13:48:43.888,eb:33:2e:f9:57:b5, 2085-97-226 255:104:00:2039,-0.015,0.051,0.996,0.122,0.305,0.061,2.692,0.192,-140.68,-49,-56.7,-22.727,29.22,0.33624,0.00906,-0.02158,-0.94144
 13:48:43.888,eb:33:2e:f9:57:b5, 2085-97-225 255:104:00:2038,-0.018,0.051,0.995,0.122,0.427,0,2.692,0.192,-140.68,-49,-56.7,-22.727,29.22,0.33624,0.00906,-0.02158,-0.94144
 13:48:43.888,eb:33:2e:f9:57:b5, 2085-97-219 255:99:00:2036,-0.018,0.049,0.994,0.061,0.366,0,2.697,0.198,-140.68,-49,-56.7,-22.727,29.22,0.33624,0.00906,-0.02158,-0.94144
 13:48:43.948,eb:33:2e:f9:57:b5, 2085-97-225 255:103:00:2037,-0.016,0.049,0.995,0.183,0.183,0.061,2.697,0.198,-140.68,-49,-56.7,-22.727,29.22,0.33624,0.00906,-0.02158,-0.94144
 13:48:43.948,eb:33:2e:f9:57:b5, 2085-113-58 00:165:226:-8550,-0.016,0.05,0.994,0.061,0.122,0.061,2.697,0.198,-140.68,-49,-56.7,-22.727,29.22,0.33624,0.00906,-0.02158,-0.94144
 13:48:43.948,eb:33:2e:f9:57:b5, 2085-97-220 255:101:00:2034,-0.019,0.05,0.994,0.061,0.122,0.061,2.697,0.198,-140.68,-49,-56.7,-22.727,29.22,0.33624,0.00906,-0.02158,-0.94144
 13:48:43.948,eb:33:2e:f9:57:b5, 2085-97-219 255:101:00:2033,-0.017,0.049,0.993,0.122,-0.061,0.122,2.697,0.203,-140.68,-49,-56.7,-22.727,29.22,0.33624,0.00906,-0.02158,-0.94144
 13:48:43.979,eb:33:2e:f9:57:b5, 2085-97-222 255:103:00:2035,-0.017,0.05,0.993,0.122,-0.183,0.061,2.697,0.203,-140.68,-50.1,-57,-21.36,29.22,0.33624,0.00906,-0.02158,-0.94144
 13:48:43.979,eb:33:2e:f9:57:b5, 2085-97-224 255:104:00:2036,-0.015,0.051,0.993,0,-0.244,0.061,2.697,0.209,-140.68,-50.1,-57,-21.36,29.22,0.33624,0.00906,-0.02158,-0.94144
 13:48:43.979,eb:33:2e:f9:57:b5, 2085-97-228 255:106:00:2040,-0.013,0.05,0.995,0,-0.244,0.061,2.697,0.209,-140.68,-50.1,-57,-21.36,29.22,0.33624,0.00906,-0.02158,-0.94144
 13:48:43.979,eb:33:2e:f9:57:b5, 2085-97-229 255:105:00:2042,-0.015,0.051,0.997,0,-0.122,0.061,2.703,0.214,-140.68,-50.1,-57,-21.36,29.22,0.33624,0.00906,-0.02158,-0.94144
 13:48:44.008,eb:33:2e:f9:57:b5, 2085-97-224 255:105:00:2040,-0.016,0.051,0.996,0,0,0,2.703,0.214,-140.68,-50.1,-57,-21.36,29.22,0.33624,0.00906,-0.02158,-0.94144
 13:48:44.008,eb:33:2e:f9:57:b5, 2085-97-222 255:104:00:2036,-0.016,0.051,0.995,0,0,0,2.703,0.214,-140.68,-50.1,-57,-21.36,29.22,0.33624,0.00906,-0.02158,-0.94144
 13:48:44.008,eb:33:2e:f9:57:b5, 2085-97-223 255:103:00:2039,-0.016,0.05,0.995,-0.061,0,0,2.703,0.214,-140.68,-50.1,-57,-21.36,29.22,0.33624,0.00906,-0.02158,-0.94144
 13:48:44.008,eb:33:2e:f9:57:b5, 2085-97-225 255:104:00:2040,-0.014,0.05,0.996,0,-0.122,0,2.703,0.22,-140.68,-50.1,-57,-21.36,29.22,0.33624,0.00906,-0.02158,-0.94144
 13:48:44.067,eb:33:2e:f9:57:b5, 2085-97-227 255:103:00:2042,-0.015,0.051,0.997,0,0,0.061,2.703,0.22,-140.68,-50.1,-57,-21.36,29.22,0.33624,0.0097,-0.02158,-0.94144
 13:48:44.067,eb:33:2e:f9:57:b5, 2085-97-228 255:106:00:2043,-0.013,0.05,0.997,0.061,0,0,2.703,0.225,-140.68,-50.1,-57,-21.36,29.22,0.33624,0.0097,-0.02158,-0.94144
 13:48:44.067,eb:33:2e:f9:57:b5, 2085-97-227 255:103:00:2043,-0.018,0.051,0.998,0,0.122,0,2.703,0.225,-140.68,-50.1,-57,-21.36,29.22,0.33624,0.0097,-0.02158,-0.94144
 13:48:44.067,eb:33:2e:f9:57:b5, 2085-97-222 255:101:00:2038,-0.017,0.049,0.996,0,0.122,0,2.708,0.225,-140.68,-50.1,-57,-21.36,29.22,0.33624,0.0097,-0.02158,-0.94144
 13:48:44.102,eb:33:2e:f9:57:b5, 2085-97-224 255:102:00:2040,-0.016,0.05,0.996,0.061,0.061,0,2.708,0.225,-140.68,-50.1,-57,-21.36,29.22,0.33624,0.0097,-0.02158,-0.94144
 13:48:44.102,eb:33:2e:f9:57:b5, 2085-97-223 255:103:00:2033,-0.018,0.05,0.994,0,0,0,2.708,0.231,-140.68,-50.1,-57,-21.36,29.22,0.33624,0.0097,-0.02158,-0.94144
 13:48:44.102,eb:33:2e:f9:57:b5, 2085-97-222 255:103:00:2037,-0.016,0.05,0.993,0,0,0.061,2.708,0.231,-140.68,-50.1,-57,-21.36,29.22,0.33624,0.0097,-0.02158,-0.94144
 13:48:44.102,eb:33:2e:f9:57:b5, 2085-97-223 255:105:00:2034,-0.017,0.05,0.994,0,-0.122,0.061,2.708,0.236,-140.68,-50.1,-57,-21.36,29.22,0.33624,0.0097,-0.02158,-0.94144
 13:48:44.127,eb:33:2e:f9:57:b5, 2085-97-221 255:102:00:2033,-0.017,0.051,0.992,0,-0.244,0,2.708,0.236,-140.68,-50.1,-57,-21.36,29.22,0.33624,0.0097,-0.02158,-0.94144
 13:48:44.127,eb:33:2e:f9:57:b5, 2085-97-221 255:102:00:2034,-0.017,0.05,0.993,-0.122,-0.366,0,2.708,0.236,-140.68,-50.1,-57,-21.36,29.22,0.33624,0.0097,-0.02158,-0.94144
 13:48:44.127,eb:33:2e:f9:57:b5, 2085-97-223 255:102:00:2037,-0.015,0.05,0.994,-0.183,-0.488,0,2.708,0.236,-140.68,-50.1,-57,-21.36,29.22,0.33624,0.0097,-0.02158,-0.94144
 13:48:44.127,eb:33:2e:f9:57:b5, 2085-97-226 255:101:00:2041,-0.014,0.05,0.996,-0.183,-0.488,0,2.708,0.242,-140.68,-50.1,-57,-21.36,29.22,0.33624,0.0097,-0.02158,-0.94144
 13:48:44.188,eb:33:2e:f9:57:b5, 2085-97-224 255:99:00:2042,-0.017,0.05,0.997,-0.122,-0.427,0,2.708,0.242,-140.68,-50.1,-57,-21.36,29.22,0.33624,0.0097,-0.02158,-0.94144
 13:48:44.188,eb:33:2e:f9:57:b5, 2085-97-223 255:100:00:2038,-0.016,0.049,0.996,-0.122,-0.488,0,2.714,0.247,-140.68,-50.1,-57,-21.36,29.22,0.33624,0.0097,-0.02158,-0.94144
 13:48:44.188,eb:33:2e:f9:57:b5, 2085-97-224 255:104:00:2040,-0.015,0.05,0.995,0,-0.549,0.061,2.714,0.247,-140.68,-50.1,-57,-21.36,29.22,0.33624,0.0097,-0.02158,-0.94144
 13:48:44.188,eb:33:2e:f9:57:b5, 2085-97-228 255:103:00:2043,-0.013,0.05,0.997,-0.061,-0.488,0,2.714,0.253,-140.68,-50.1,-57,-21.36,29.22,0.33624,0.0097,-0.02158,-0.94144
 13:48:44.218,eb:33:2e:f9:57:b5, 2085-97-230 255:103:00:2043,-0.015,0.051,0.998,-0.122,-0.427,0,2.714,0.253,-140.68,-50.1,-57,-21.36,29.22,0.33624,0.0097,-0.02158,-0.94144
 13:48:44.218,eb:33:2e:f9:57:b5, 2085-97-229 255:103:00:2041,-0.013,0.05,0.997,-0.061,-0.305,0.061,2.714,0.253,-140.68,-50.1,-57,-21.36,29.22,0.33624,0.0097,-0.02158,-0.94144
 13:48:44.218,eb:33:2e:f9:57:b5, 2085-97-227 255:101:00:2039,-0.015,0.05,0.997,0,-0.244,0,2.714,0.253,-140.68,-50.1,-57,-21.36,29.22,0.33624,0.0097,-0.02158,-0.94144
 13:48:44.218,eb:33:2e:f9:57:b5, 2085-97-226 255:103:00:2038,-0.014,0.05,0.995,0,-0.244,0,2.714,0.258,-140.68,-50.1,-57,-21.36,29.22,0.33624,0.0097,-0.02158,-0.94144
 13:48:44.248,eb:33:2e:f9:57:b5, 2085-97-228 255:104:00:2038,-0.015,0.051,0.995,-0.061,-0.183,0,2.714,0.258,-140.68,-47.6,-56.2,-23.093,29.22,0.33624,0.0097,-0.02158,-0.94144
 13:48:44.248,eb:33:2e:f9:57:b5, 2085-97-224 255:101:00:2040,-0.015,0.05,0.996,-0.122,-0.183,-0.061,2.714,0.258,-140.68,-47.6,-56.2,-23.093,29.22,0.33624,0.0097,-0.02158,-0.94144
 13:48:44.248,eb:33:2e:f9:57:b5, 2085-97-226 255:101:00:2039,-0.014,0.049,0.996,0,-0.183,0,2.714,0.258,-140.68,-47.6,-56.2,-23.093,29.22,0.33624,0.0097,-0.02158,-0.94144
 13:48:44.248,eb:33:2e:f9:57:b5, 2085-97-226 255:101:00:2041,-0.015,0.049,0.996,0,-0.183,0,2.719,0.264,-140.68,-47.6,-56.2,-23.093,29.22,0.33624,0.0097,-0.02158,-0.94144
 13:48:44.308,eb:33:2e:f9:57:b5, 2085-97-224 255:102:00:2038,-0.015,0.048,0.996,0,-0.244,0,2.719,0.264,-140.68,-47.6,-56.2,-23.093,29.22,0.33624,0.0097,-0.02158,-0.94144
 13:48:44.308,eb:33:2e:f9:57:b5, 2085-97-226 255:103:00:2039,-0.014,0.05,0.995,0,-0.305,0.061,2.719,0.269,-140.674,-47.6,-56.2,-23.093,29.22,0.33624,0.0097,-0.02158,-0.94144
 13:48:44.308,eb:33:2e:f9:57:b5, 2085-97-230 255:103:00:2039,-0.014,0.05,0.996,0,-0.183,0,2.719,0.269,-140.674,-47.6,-56.2,-23.093,29.22,0.33624,0.0097,-0.02158,-0.94144
 13:48:44.308,eb:33:2e:f9:57:b5, 2085-97-226 255:102:00:2037,-0.015,0.05,0.995,-0.061,-0.244,0,2.719,0.269,-140.674,-47.6,-56.2,-23.093,29.22,0.33624,0.0097,-0.02158,-0.94144
 13:48:44.339,eb:33:2e:f9:57:b5, 2085-97-228 255:101:00:2039,-0.016,0.05,0.996,0,-0.244,0,2.719,0.269,-140.674,-47.6,-56.2,-23.093,29.22,0.33627,0.01019,-0.02155,-0.94141
 13:48:44.339,eb:33:2e:f9:57:b5, 2085-97-225 255:104:00:2038,-0.014,0.05,0.995,0,-0.244,0,2.719,0.275,-140.674,-47.6,-56.2,-23.093,29.22,0.33627,0.01019,-0.02155,-0.94141
 13:48:44.339,eb:33:2e:f9:57:b5, 2085-97-223 255:101:00:2038,-0.016,0.051,0.996,0,-0.244,0,2.719,0.275,-140.674,-47.6,-56.2,-23.093,29.22,0.33627,0.01019,-0.02155,-0.94141
 13:48:44.339,eb:33:2e:f9:57:b5, 2085-97-221 255:101:00:2034,-0.014,0.05,0.995,-0.122,-0.366,0,2.719,0.28,-140.674,-47.6,-56.2,-23.093,29.22,0.33627,0.01019,-0.02155,-0.94141
 13:48:44.399,eb:33:2e:f9:57:b5, 2085-97-227 255:102:00:2038,-0.013,0.05,0.996,-0.061,-0.488,0,2.719,0.28,-140.674,-47.6,-56.2,-23.093,29.22,0.33627,0.01019,-0.02155,-0.94141
 13:48:44.399,eb:33:2e:f9:57:b5, 2085-97-224 255:104:00:2033,-0.016,0.051,0.996,-0.061,-0.366,0,2.725,0.28,-140.674,-47.6,-56.2,-23.093,29.22,0.33627,0.01019,-0.02155,-0.94141
 13:48:44.399,eb:33:2e:f9:57:b5, 2085-97-225 255:103:00:2036,-0.015,0.049,0.993,-0.183,-0.549,0,2.725,0.28,-140.674,-47.6,-56.2,-23.093,29.22,0.33627,0.01019,-0.02155,-0.94141
 13:48:44.399,eb:33:2e:f9:57:b5, 2085-97-227 255:103:00:2037,-0.016,0.05,0.996,-0.183,-0.549,0,2.725,0.286,-140.674,-47.6,-56.2,-23.093,29.22,0.33627,0.01019,-0.02155,-0.94141
 13:48:44.427,eb:33:2e:f9:57:b5, 2085-97-226 255:103:00:2033,-0.016,0.049,0.993,-0.183,-0.671,0,2.725,0.286,-140.674,-47.6,-56.2,-23.093,29.22,0.33627,0.01019,-0.02155,-0.94141
 13:48:44.427,eb:33:2e:f9:57:b5, 2085-97-229 255:103:00:2039,-0.012,0.05,0.992,-0.183,-0.793,-0.061,2.725,0.291,-140.674,-47.6,-56.2,-23.093,29.22,0.33627,0.01019,-0.02155,-0.94141
 13:48:44.427,eb:33:2e:f9:57:b5, 2085-97-236 255:103:00:2047,-0.012,0.05,0.997,-0.305,-0.671,-0.061,2.725,0.291,-140.674,-47.6,-56.2,-23.093,29.22,0.33627,0.01019,-0.02155,-0.94141
 13:48:44.427,eb:33:2e:f9:57:b5, 2085-97-231 255:107:00:2039,-0.011,0.051,1,-0.366,-0.427,0,2.725,0.291,-140.674,-47.6,-56.2,-23.093,29.22,0.33627,0.01019,-0.02155,-0.94141
 13:48:44.459,eb:33:2e:f9:57:b5, 2085-97-229 255:101:00:2038,-0.015,0.05,1,-0.305,-0.122,-0.122,2.725,0.291,-140.674,-47.6,-56.2,-23.093,29.22,0.33627,0.01019,-0.02155,-0.94141
 13:48:44.459,eb:33:2e:f9:57:b5, 2085-97-227 255:102:00:2036,-0.014,0.049,0.995,-0.244,-0.305,-0.122,2.725,0.297,-140.674,-47.6,-56.2,-23.093,29.22,0.33627,0.01019,-0.02155,-0.94141
 13:48:44.459,eb:33:2e:f9:57:b5, 2085-97-226 255:100:00:2035,-0.014,0.05,0.995,-0.244,-0.305,-0.122,2.725,0.297,-140.674,-47.6,-56.2,-23.093,29.22,0.33627,0.01019,-0.02155,-0.94141
 13:48:44.459,eb:33:2e:f9:57:b5, 2085-97-224 255:97:00:2037,-0.015,0.048,0.995,-0.183,-0.488,-0.122,2.725,0.297,-140.674,-47.6,-56.2,-23.093,29.22,0.33627,0.01019,-0.02155,-0.94141
 13:48:44.518,eb:33:2e:f9:57:b5, 2085-97-233 255:104:00:2039,-0.013,0.047,0.998,-0.122,-0.61,0.061,2.725,0.297,-140.674,-47.6,-56.2,-23.093,29.22,0.33627,0.01019,-0.02155,-0.94141
 13:48:44.518,eb:33:2e:f9:57:b5, 2085-97-227 255:97:00:2040,-0.013,0.048,0.998,0,-0.488,0,2.73,0.302,-140.674,-47.6,-56.2,-23.093,29.22,0.33627,0.01019,-0.02155,-0.94141
 13:48:44.518,eb:33:2e:f9:57:b5, 2085-97-235 255:101:00:2045,-0.012,0.048,0.997,0,-0.549,0.061,2.73,0.302,-140.674,-47.6,-56.2,-23.093,29.22,0.33627,0.01019,-0.02155,-0.94141
 13:48:44.518,eb:33:2e:f9:57:b5, 2085-97-234 255:102:00:2046,-0.01,0.05,0.998,0,-0.366,0,2.73,0.302,-140.674,-47.6,-56.2,-23.093,29.22,0.33627,0.01019,-0.02155,-0.94141
 13:48:44.518,eb:33:2e:f9:57:b5, 2085-97-234 255:103:00:2043,-0.011,0.05,0.999,0,-0.183,0,2.73,0.302,-140.674,-47.6,-56.2,-23.093,29.22,0.33627,0.01019,-0.02155,-0.94141
 13:48:44.549,eb:33:2e:f9:57:b5, 2085-113-58 00:210:226:-8385,-0.011,0.051,0.998,0,0,0,2.73,0.308,-140.674,-49.8,-55.9,-22.32,29.22,0.33627,0.01019,-0.02155,-0.94141
 13:48:44.549,eb:33:2e:f9:57:b5, 2085-97-233 255:103:00:2044,-0.012,0.051,0.998,0,0,0,2.73,0.308,-140.674,-49.8,-55.9,-22.32,29.22,0.33627,0.01019,-0.02155,-0.94141
 13:48:44.549,eb:33:2e:f9:57:b5, 2085-97-231 255:104:00:2042,-0.013,0.051,0.998,0,0.061,0,2.73,0.308,-140.674,-49.8,-55.9,-22.32,29.22,0.33627,0.01019,-0.02155,-0.94141
 13:48:44.549,eb:33:2e:f9:57:b5, 2085-97-228 255:102:00:2038,-0.014,0.05,0.995,-0.061,0.183,-0.061,2.73,0.308,-140.674,-49.8,-55.9,-22.32,29.22,0.33627,0.01019,-0.02155,-0.94141
 13:48:44.578,eb:33:2e:f9:57:b5, 2085-97-225 255:102:00:2033,-0.016,0.05,0.994,0,0.122,-0.122,2.73,0.308,-140.674,-49.8,-55.9,-22.32,29.22,0.33627,0.01019,-0.02155,-0.94141
 13:48:44.578,eb:33:2e:f9:57:b5, 2085-97-222 255:101:00:2028,-0.015,0.05,0.991,0,0,-0.183,2.73,0.313,-140.674,-49.8,-55.9,-22.32,29.22,0.33627,0.01019,-0.02155,-0.94141
 13:48:44.578,eb:33:2e:f9:57:b5, 2085-97-224 255:101:00:2030,-0.016,0.05,0.991,-0.061,-0.122,-0.244,2.73,0.313,-140.674,-49.8,-55.9,-22.32,29.22,0.33627,0.01019,-0.02155,-0.94141
 13:48:44.578,eb:33:2e:f9:57:b5, 2085-97-221 255:96:00:2031,-0.017,0.049,0.992,-0.061,-0.366,-0.366,2.73,0.319,-140.674,-49.8,-55.9,-22.32,29.22,0.33627,0.01019,-0.02155,-0.94141
 13:48:44.638,eb:33:2e:f9:57:b5, 2085-97-225 255:102:00:2028,-0.013,0.048,0.992,0,-0.488,-0.305,2.73,0.319,-140.674,-49.8,-55.9,-22.32,29.22,0.33627,0.01062,-0.02151,-0.94141
 13:48:44.638,eb:33:2e:f9:57:b5, 2085-97-229 255:100:00:2036,-0.014,0.049,0.995,-0.061,-0.61,-0.427,2.736,0.319,-140.674,-49.8,-55.9,-22.32,29.22,0.33627,0.01062,-0.02151,-0.94141
 13:48:44.638,eb:33:2e:f9:57:b5, 2085-97-228 255:102:00:2036,-0.013,0.05,0.994,-0.061,-0.61,-0.427,2.736,0.319,-140.674,-49.8,-55.9,-22.32,29.22,0.33627,0.01062,-0.02151,-0.94141
 13:48:44.638,eb:33:2e:f9:57:b5, 2085-97-228 255:102:00:2037,-0.014,0.05,0.995,-0.061,-0.732,-0.488,2.747,0.368,-140.669,-49.8,-55.9,-22.32,29.22,0.33627,0.01062,-0.02151,-0.94141
 13:48:44.667,eb:33:2e:f9:57:b5, 2085-97-229 255:100:00:2037,-0.014,0.049,0.995,-0.122,-0.732,-0.488,2.747,0.368,-140.669,-49.8,-55.9,-22.32,29.22,0.33627,0.01062,-0.02151,-0.94141
 13:48:44.667,eb:33:2e:f9:57:b5, 2085-97-231 255:99:00:2040,-0.012,0.048,0.996,-0.122,-0.793,-0.366,2.747,0.374,-140.669,-49.8,-55.9,-22.32,29.22,0.33627,0.01062,-0.02151,-0.94141
 13:48:44.667,eb:33:2e:f9:57:b5, 2085-97-232 255:102:00:2042,-0.012,0.049,0.997,-0.122,-0.793,-0.305,2.747,0.368,-140.663,-49.8,-55.9,-22.32,29.22,0.33627,0.01062,-0.02151,-0.94141
 13:48:44.667,eb:33:2e:f9:57:b5, 2085-97-233 255:100:00:2048,-0.01,0.05,0.999,-0.183,-0.732,-0.305,2.747,0.374,-140.663,-49.8,-55.9,-22.32,29.22,0.33627,0.01062,-0.02151,-0.94141
 13:48:44.698,eb:33:2e:f9:57:b5, 2085-97-234 255:99:00:2047,-0.01,0.048,1,-0.183,-0.61,-0.061,2.747,0.374,-140.658,-49.8,-55.9,-22.32,29.22,0.33627,0.01062,-0.02151,-0.94141
 13:48:44.698,eb:33:2e:f9:57:b5, 2085-97-237 255:100:00:2046,-0.009,0.049,1,-0.183,-0.488,0,2.747,0.374,-140.658,-49.8,-55.9,-22.32,29.22,0.33627,0.01062,-0.02151,-0.94141
 13:48:44.698,eb:33:2e:f9:57:b5, 2085-97-237 255:99:00:2049,-0.011,0.048,0.999,-0.183,-0.366,0,2.747,0.374,-140.658,-49.8,-55.9,-22.32,29.22,0.33627,0.01062,-0.02151,-0.94141
 13:48:44.698,eb:33:2e:f9:57:b5, 2085-97-230 255:103:00:2035,-0.012,0.049,1.001,-0.244,-0.122,0.061,2.747,0.379,-140.658,-49.8,-55.9,-22.32,29.22,0.33627,0.01062,-0.02151,-0.94141
 13:48:44.759,eb:33:2e:f9:57:b5, 2085-97-231 255:97:00:2039,-0.012,0.048,0.998,-0.183,-0.183,0.122,2.747,0.379,-140.652,-49.8,-55.9,-22.32,29.22,0.33627,0.01062,-0.02151,-0.94141
 13:48:44.759,eb:33:2e:f9:57:b5, 2085-97-233 255:101:00:2040,-0.012,0.049,0.996,-0.122,-0.122,0.122,2.747,0.379,-140.652,-49.8,-55.9,-22.32,29.22,0.33627,0.01062,-0.02151,-0.94141
 13:48:44.759,eb:33:2e:f9:57:b5, 2085-97-230 255:100:00:2035,-0.014,0.049,0.995,-0.183,-0.061,0.122,2.747,0.379,-140.652,-49.8,-55.9,-22.32,29.22,0.33627,0.01062,-0.02151,-0.94141
 13:48:44.759,eb:33:2e:f9:57:b5, 2085-97-229 255:100:00:2034,-0.013,0.048,0.993,-0.183,-0.244,0.122,2.747,0.379,-140.652,-49.8,-55.9,-22.32,29.22,0.33627,0.01062,-0.02151,-0.94141
 13:48:44.789,eb:33:2e:f9:57:b5, 2085-97-231 255:101:00:2036,-0.012,0.048,0.993,-0.183,-0.244,0.061,2.747,0.379,-140.647,-49.8,-55.9,-22.32,29.22,0.33627,0.01062,-0.02151,-0.94141
 13:48:44.789,eb:33:2e:f9:57:b5, 2085-97-229 255:100:00:2033,-0.014,0.049,0.994,-0.183,-0.305,0,2.752,0.385,-140.647,-49.8,-55.9,-22.32,29.22,0.33627,0.01062,-0.02151,-0.94141
 13:48:44.789,eb:33:2e:f9:57:b5, 2085-97-228 255:99:00:2031,-0.014,0.048,0.993,-0.183,-0.488,0.061,2.747,0.385,-140.641,-49.8,-55.9,-22.32,29.22,0.33627,0.01062,-0.02151,-0.94141
 13:48:44.789,eb:33:2e:f9:57:b5, 2085-97-227 255:99:00:2032,-0.013,0.048,0.993,-0.244,-0.671,0,2.752,0.385,-140.641,-49.8,-55.9,-22.32,29.22,0.33627,0.01062,-0.02151,-0.94141
 13:48:44.818,eb:33:2e:f9:57:b5, 2085-97-232 255:100:00:2038,-0.015,0.05,0.993,-0.183,-0.732,-0.061,2.752,0.385,-140.641,-48.6,-56.1,-21.5,29.22,0.33627,0.01062,-0.02151,-0.94141
 13:48:44.818,eb:33:2e:f9:57:b5, 2085-97-230 255:100:00:2035,-0.012,0.048,0.993,-0.244,-0.854,0,2.752,0.385,-140.641,-48.6,-56.1,-21.5,29.22,0.33627,0.01062,-0.02151,-0.94141
 13:48:44.818,eb:33:2e:f9:57:b5, 2085-97-233 255:102:00:2036,-0.011,0.048,0.995,-0.244,-0.916,-0.061,2.752,0.385,-140.636,-48.6,-56.1,-21.5,29.22,0.33627,0.01062,-0.02151,-0.94141
 13:48:44.818,eb:33:2e:f9:57:b5, 2085-97-231 255:99:00:2037,-0.01,0.048,0.996,-0.244,-0.854,-0.061,2.752,0.39,-140.636,-48.6,-56.1,-21.5,29.22,0.33627,0.01062,-0.02151,-0.94141
 13:48:44.878,eb:33:2e:f9:57:b5, 2085-97-236 255:99:00:2040,-0.01,0.049,0.996,-0.244,-0.916,-0.122,2.752,0.39,-140.636,-48.6,-56.1,-21.5,29.22,0.33627,0.01062,-0.02151,-0.94141
 13:48:44.878,eb:33:2e:f9:57:b5, 2085-97-233 255:96:00:2038,-0.011,0.048,0.998,-0.244,-0.916,-0.061,2.752,0.39,-140.636,-48.6,-56.1,-21.5,29.22,0.33627,0.01062,-0.02151,-0.94141
 13:48:44.878,eb:33:2e:f9:57:b5, 2085-97-233 255:98:00:2039,-0.009,0.048,0.996,-0.183,-0.977,-0.061,2.752,0.39,-140.63,-48.6,-56.1,-21.5,29.22,0.33627,0.01062,-0.02151,-0.94141
 13:48:44.878,eb:33:2e:f9:57:b5, 2085-97-239 255:99:00:2042,-0.009,0.047,0.998,-0.183,-0.977,0,2.752,0.39,-140.63,-48.6,-56.1,-21.5,29.22,0.33627,0.01062,-0.02151,-0.94141
 13:48:44.909,eb:33:2e:f9:57:b5, 2085-97-238 255:100:00:2041,-0.009,0.048,0.997,-0.183,-0.854,0,2.752,0.39,-140.625,-48.6,-56.1,-21.5,29.22,0.33661,0.01129,-0.02145,-0.94128
 13:48:44.909,eb:33:2e:f9:57:b5, 2085-97-239 255:101:00:2039,-0.012,0.048,0.997,-0.183,-0.793,0.061,2.752,0.39,-140.625,-48.6,-56.1,-21.5,29.22,0.33661,0.01129,-0.02145,-0.94128
 13:48:44.909,eb:33:2e:f9:57:b5, 2085-97-233 255:94:00:2042,-0.005,0.045,0.996,-0.061,-0.854,0,2.752,0.39,-140.625,-48.6,-56.1,-21.5,29.22,0.33661,0.01129,-0.02145,-0.94128
 13:48:44.909,eb:33:2e:f9:57:b5, 2085-97-250 255:107:00:2050,-0.004,0.05,1,0,-0.793,0,2.752,0.396,-140.625,-48.6,-56.1,-21.5,29.22,0.33661,0.01129,-0.02145,-0.94128
 13:48:44.938,eb:33:2e:f9:57:b5, 2085-97-239 255:97:00:2046,-0.01,0.05,1,-0.122,-0.305,0,2.752,0.39,-140.62,-48.6,-56.1,-21.5,29.22,0.33661,0.01129,-0.02145,-0.94128
 13:48:44.938,eb:33:2e:f9:57:b5, 2085-97-237 255:99:00:2040,-0.009,0.048,0.996,0,-0.305,0.061,2.752,0.396,-140.62,-48.6,-56.1,-21.5,29.22,0.33661,0.01129,-0.02145,-0.94128
 13:48:44.938,eb:33:2e:f9:57:b5, 2085-97-238 255:99:00:2040,-0.01,0.048,0.996,0,-0.305,0,2.752,0.396,-140.62,-48.6,-56.1,-21.5,29.22,0.33661,0.01129,-0.02145,-0.94128
 13:48:44.938,eb:33:2e:f9:57:b5, 2085-97-234 255:95:00:2039,-0.011,0.047,0.996,0,-0.244,0,2.752,0.396,-140.62,-48.6,-56.1,-21.5,29.22,0.33661,0.01129,-0.02145,-0.94128
 13:48:44.998,eb:33:2e:f9:57:b5, 2085-97-234 255:98:00:2037,-0.011,0.048,0.995,0.061,-0.366,0,2.752,0.396,-140.614,-48.6,-56.1,-21.5,29.22,0.33661,0.01129,-0.02145,-0.94128
 13:48:44.998,eb:33:2e:f9:57:b5, 2085-97-233 255:97:00:2037,-0.011,0.047,0.995,0.061,-0.427,-0.061,2.752,0.396,-140.614,-48.6,-56.1,-21.5,29.22,0.33661,0.01129,-0.02145,-0.94128
 13:48:44.998,eb:33:2e:f9:57:b5, 2085-97-236 255:101:00:2037,-0.009,0.047,0.994,0.183,-0.488,0,2.752,0.396,-140.614,-48.6,-56.1,-21.5,29.22,0.33661,0.01129,-0.02145,-0.94128
 13:48:44.998,eb:33:2e:f9:57:b5, 2085-97-236 255:100:00:2041,-0.01,0.049,0.996,0.061,-0.549,-0.122,2.752,0.396,-140.614,-48.6,-56.1,-21.5,29.22,0.33661,0.01129,-0.02145,-0.94128
 13:48:45.028,eb:33:2e:f9:57:b5, 2085-97-237 255:100:00:2039,-0.009,0.049,0.996,0,-0.427,-0.122,2.752,0.396,-140.609,-48.6,-56.1,-21.5,29.22,0.33661,0.01129,-0.02145,-0.94128
 13:48:45.028,eb:33:2e:f9:57:b5, 2085-97-237 255:98:00:2039,-0.008,0.048,0.996,0,-0.427,-0.244,2.752,0.396,-140.609,-48.6,-56.1,-21.5,29.22,0.33661,0.01129,-0.02145,-0.94128
 13:48:45.028,eb:33:2e:f9:57:b5, 2085-97-237 255:98:00:2038,-0.009,0.049,0.996,0,-0.366,-0.122,2.752,0.396,-140.603,-48.6,-56.1,-21.5,29.22,0.33661,0.01129,-0.02145,-0.94128
 13:48:45.028,eb:33:2e:f9:57:b5, 2085-97-238 255:98:00:2039,-0.009,0.048,0.995,0.061,-0.366,-0.122,2.752,0.396,-140.603,-48.6,-56.1,-21.5,29.22,0.33661,0.01129,-0.02145,-0.94128
 13:48:45.058,eb:33:2e:f9:57:b5, 2085-97-234 255:97:00:2045,-0.007,0.048,0.997,0,-0.427,-0.183,2.752,0.396,-140.603,-48.6,-56.1,-21.5,29.22,0.33661,0.01129,-0.02145,-0.94128
 13:48:45.058,eb:33:2e:f9:57:b5, 2085-97-240 255:100:00:2043,-0.009,0.05,0.995,-0.061,-0.305,-0.122,2.752,0.396,-140.603,-48.6,-56.1,-21.5,29.22,0.33661,0.01129,-0.02145,-0.94128
 13:48:45.058,eb:33:2e:f9:57:b5, 2085-97-238 255:100:00:2038,-0.009,0.05,0.994,-0.122,-0.305,-0.061,2.752,0.396,-140.598,-48.6,-56.1,-21.5,29.22,0.33661,0.01129,-0.02145,-0.94128
 13:48:45.058,eb:33:2e:f9:57:b5, 2085-97-240 255:100:00:2041,-0.007,0.049,0.994,-0.122,-0.244,-0.183,2.752,0.396,-140.598,-48.6,-56.1,-21.5,29.22,0.33661,0.01129,-0.02145,-0.94128
 13:48:45.118,eb:33:2e:f9:57:b5, 2085-97-243 255:101:00:2044,-0.007,0.05,0.998,-0.183,-0.122,-0.183,2.752,0.396,-140.598,-48.6,-56.1,-21.5,29.22,0.33661,0.01129,-0.02145,-0.94128
 13:48:45.118,eb:33:2e:f9:57:b5, 2085-97-238 255:96:00:2040,-0.009,0.048,0.998,-0.305,0,-0.122,2.752,0.401,-140.598,-48.6,-56.1,-21.5,29.22,0.33661,0.01129,-0.02145,-0.94128
 13:48:45.118,eb:33:2e:f9:57:b5, 2085-97-239 255:100:00:2036,-0.011,0.048,0.996,-0.305,0,-0.122,2.752,0.401,-140.592,-48.6,-56.1,-21.5,29.22,0.33661,0.01129,-0.02145,-0.94128
 13:48:45.118,eb:33:2e:f9:57:b5, 2085-97-237 255:99:00:2037,-0.01,0.048,0.993,-0.427,-0.061,-0.122,2.752,0.401,-140.592,-48.6,-56.1,-21.5,29.22,0.33661,0.01129,-0.02145,-0.94128
 13:48:45.148,eb:33:2e:f9:57:b5, 2085-97-238 255:97:00:2042,-0.01,0.047,0.995,-0.427,-0.122,-0.183,2.752,0.401,-140.587,-48.9,-55.5,-22.693,29.22,0.33661,0.01129,-0.02145,-0.94128
 13:48:45.148,eb:33:2e:f9:57:b5, 2085-97-237 255:97:00:2038,-0.009,0.047,0.995,-0.488,-0.183,-0.061,2.752,0.401,-140.587,-48.9,-55.5,-22.693,29.22,0.33661,0.01129,-0.02145,-0.94128
 13:48:45.148,eb:33:2e:f9:57:b5, 2085-97-236 255:97:00:2039,-0.009,0.048,0.995,-0.427,-0.244,-0.122,2.752,0.401,-140.587,-48.9,-55.5,-22.693,29.22,0.33661,0.01129,-0.02145,-0.94128
 13:48:45.148,eb:33:2e:f9:57:b5, 2085-97-236 255:94:00:2041,-0.01,0.046,0.997,-0.366,-0.183,-0.122,2.752,0.401,-140.587,-48.9,-55.5,-22.693,29.22,0.33661,0.01129,-0.02145,-0.94128
 13:48:45.178,eb:33:2e:f9:57:b5, 2085-97-233 255:93:00:2037,-0.012,0.045,0.996,-0.305,-0.305,0,2.752,0.401,-140.581,-48.9,-55.5,-22.693,29.22,0.33661,0.01129,-0.02145,-0.94128
 13:48:45.178,eb:33:2e:f9:57:b5, 2085-97-233 255:96:00:2036,-0.011,0.045,0.994,-0.122,-0.549,0.061,2.752,0.401,-140.581,-48.9,-55.5,-22.693,29.22,0.33661,0.01129,-0.02145,-0.94128
 13:48:45.178,eb:33:2e:f9:57:b5, 2085-97-236 255:93:00:2039,-0.01,0.045,0.995,0,-0.671,0.061,2.752,0.401,-140.581,-48.9,-55.5,-22.693,29.22,0.33661,0.01129,-0.02145,-0.94128
 13:48:45.178,eb:33:2e:f9:57:b5, 2085-97-238 255:98:00:2039,-0.007,0.046,0.996,0,-0.732,0,2.752,0.401,-140.581,-48.9,-55.5,-22.693,29.22,0.33661,0.01129,-0.02145,-0.94128
 13:48:45.239,eb:33:2e:f9:57:b5, 2085-97-244 255:101:00:2042,-0.005,0.05,0.997,0,-0.732,0.061,2.752,0.401,-140.576,-48.9,-55.5,-22.693,29.22,0.33704,0.01141,-0.02142,-0.94113
 13:48:45.239,eb:33:2e:f9:57:b5, 2085-97-245 255:102:00:2043,-0.004,0.049,0.998,-0.061,-0.488,0,2.752,0.401,-140.576,-48.9,-55.5,-22.693,29.22,0.33704,0.01141,-0.02142,-0.94113
 13:48:45.239,eb:33:2e:f9:57:b5, 2085-97-245 255:103:00:2043,-0.005,0.05,0.998,-0.122,-0.244,0,2.752,0.401,-140.576,-48.9,-55.5,-22.693,29.22,0.33704,0.01141,-0.02142,-0.94113
 13:48:45.239,eb:33:2e:f9:57:b5, 2085-97-244 255:98:00:2044,-0.007,0.049,0.999,-0.183,0,-0.061,2.752,0.401,-140.576,-48.9,-55.5,-22.693,29.22,0.33704,0.01141,-0.02142,-0.94113
 13:48:45.267,eb:33:2e:f9:57:b5, 2085-97-240 255:96:00:2041,-0.007,0.047,0.998,-0.183,0.061,0,2.752,0.401,-140.57,-48.9,-55.5,-22.693,29.22,0.33704,0.01141,-0.02142,-0.94113
 13:48:45.267,eb:33:2e:f9:57:b5, 2085-97-241 255:97:00:2043,-0.006,0.047,0.998,-0.244,0.122,0,2.752,0.401,-140.57,-48.9,-55.5,-22.693,29.22,0.33704,0.01141,-0.02142,-0.94113
 13:48:45.267,eb:33:2e:f9:57:b5, 2085-97-243 255:96:00:2044,-0.007,0.047,0.998,-0.183,0.122,0.061,2.752,0.401,-140.565,-48.9,-55.5,-22.693,29.22,0.33704,0.01141,-0.02142,-0.94113
 13:48:45.267,eb:33:2e:f9:57:b5, 2085-97-240 255:95:00:2042,-0.005,0.047,0.998,-0.183,0.183,0.183,2.752,0.401,-140.565,-48.9,-55.5,-22.693,29.22,0.33704,0.01141,-0.02142,-0.94113
 13:48:45.299,eb:33:2e:f9:57:b5, 2085-97-238 255:97:00:2037,-0.01,0.049,0.997,-0.183,0.244,0.122,2.752,0.401,-140.565,-48.9,-55.5,-22.693,29.22,0.33704,0.01141,-0.02142,-0.94113
 13:48:45.299,eb:33:2e:f9:57:b5, 2085-97-233 255:93:00:2036,-0.011,0.046,0.995,-0.122,0.183,0.183,2.752,0.401,-140.565,-48.9,-55.5,-22.693,29.22,0.33704,0.01141,-0.02142,-0.94113
 13:48:45.299,eb:33:2e:f9:57:b5, 2085-97-237 255:94:00:2036,-0.009,0.045,0.994,0,0.061,0.183,2.752,0.401,-140.559,-48.9,-55.5,-22.693,29.22,0.33704,0.01141,-0.02142,-0.94113
 13:48:45.299,eb:33:2e:f9:57:b5, 2085-97-238 255:96:00:2038,-0.009,0.046,0.995,0,0,0.183,2.752,0.401,-140.559,-48.9,-55.5,-22.693,29.22,0.33704,0.01141,-0.02142,-0.94113
 13:48:45.359,eb:33:2e:f9:57:b5, 2085-97-238 255:97:00:2039,-0.01,0.046,0.995,0,0,0.244,2.747,0.401,-140.559,-48.9,-55.5,-22.693,29.22,0.33704,0.01141,-0.02142,-0.94113
 13:48:45.359,eb:33:2e:f9:57:b5, 2085-97-239 255:97:00:2038,-0.008,0.047,0.996,0.061,0,0.244,2.747,0.401,-140.559,-48.9,-55.5,-22.693,29.22,0.33704,0.01141,-0.02142,-0.94113
 13:48:45.359,eb:33:2e:f9:57:b5, 2085-97-242 255:100:00:2039,-0.007,0.048,0.995,0.061,0,0.244,2.747,0.401,-140.554,-48.9,-55.5,-22.693,29.22,0.33704,0.01141,-0.02142,-0.94113
 13:48:45.359,eb:33:2e:f9:57:b5, 2085-97-240 255:99:00:2040,-0.007,0.048,0.996,0.061,0.061,0.183,2.747,0.401,-140.554,-48.9,-55.5,-22.693,29.22,0.33704,0.01141,-0.02142,-0.94113
 13:48:45.388,eb:33:2e:f9:57:b5, 2085-97-244 255:99:00:2041,-0.007,0.049,0.996,0,0.122,0,2.747,0.401,-140.554,-48.9,-55.5,-22.693,29.22,0.33704,0.01141,-0.02142,-0.94113
 13:48:45.388,eb:33:2e:f9:57:b5, 2085-97-238 255:98:00:2038,-0.008,0.047,0.995,0,0.244,0,2.747,0.401,-140.554,-48.9,-55.5,-22.693,29.22,0.33704,0.01141,-0.02142,-0.94113
 13:48:45.389,eb:33:2e:f9:57:b5, 2085-97-238 255:98:00:2037,-0.01,0.048,0.995,0.061,0.244,0,2.747,0.401,-140.548,-48.9,-55.5,-22.693,29.22,0.33704,0.01141,-0.02142,-0.94113
 13:48:45.389,eb:33:2e:f9:57:b5, 2085-113-58 00:44:227:-8265,-0.01,0.047,0.994,0,0.183,0,2.747,0.401,-140.548,-48.9,-55.5,-22.693,29.22,0.33704,0.01141,-0.02142,-0.94113
 13:48:45.448,eb:33:2e:f9:57:b5, 2085-97-235 255:98:00:2035,-0.01,0.047,0.994,0,0.122,0,2.747,0.401,-140.548,-49.2,-55.1,-22.487,29.22,0.33704,0.01141,-0.02142,-0.94113
 13:48:45.448,eb:33:2e:f9:57:b5, 2085-97-238 255:99:00:2036,-0.009,0.048,0.994,0,0.061,-0.061,2.747,0.406,-140.548,-49.2,-55.1,-22.487,29.22,0.33704,0.01141,-0.02142,-0.94113
 13:48:45.448,eb:33:2e:f9:57:b5, 2085-97-238 255:96:00:2038,-0.009,0.047,0.995,0,0.122,-0.061,2.747,0.406,-140.543,-49.2,-55.1,-22.487,29.22,0.33704,0.01141,-0.02142,-0.94113
 13:48:45.448,eb:33:2e:f9:57:b5, 2085-97-236 255:95:00:2039,-0.008,0.046,0.996,0,0,-0.061,2.747,0.406,-140.543,-49.2,-55.1,-22.487,29.22,0.33704,0.01141,-0.02142,-0.94113
 13:48:45.508,eb:33:2e:f9:57:b5, 2085-97-240 255:98:00:2041,-0.008,0.047,0.996,0.061,0.061,0,2.747,0.406,-140.537,-49.2,-55.1,-22.487,29.22,0.33704,0.01141,-0.02142,-0.94113
 13:48:45.508,eb:33:2e:f9:57:b5, 2085-97-236 255:94:00:2039,-0.01,0.047,0.997,0,0,0,2.747,0.406,-140.537,-49.2,-55.1,-22.487,29.22,0.33704,0.01141,-0.02142,-0.94113
 13:48:45.508,eb:33:2e:f9:57:b5, 2085-97-239 255:98:00:2037,-0.008,0.047,0.996,0.122,0,0,2.747,0.406,-140.537,-49.2,-55.1,-22.487,29.22,0.33704,0.01141,-0.02142,-0.94113
 13:48:45.508,eb:33:2e:f9:57:b5, 2085-97-238 255:95:00:2037,-0.011,0.046,0.995,0.061,0,0,2.747,0.406,-140.537,-49.2,-55.1,-22.487,29.22,0.33704,0.01141,-0.02142,-0.94113
 13:48:45.511,eb:33:2e:f9:57:b5, 2085-97-233 255:95:00:2034,-0.011,0.046,0.994,0.122,-0.061,0,2.747,0.406,-140.532,-49.2,-55.1,-22.487,29.22,0.33737,0.01144,-0.02136,-0.94101
 13:48:45.511,eb:33:2e:f9:57:b5, 2085-97-237 255:98:00:2037,-0.009,0.047,0.994,0.122,-0.183,0,2.747,0.406,-140.532,-49.2,-55.1,-22.487,29.22,0.33737,0.01144,-0.02136,-0.94101
 13:48:45.511,eb:33:2e:f9:57:b5, 2085-97-240 255:99:00:2041,-0.007,0.048,0.996,0.122,-0.244,0.061,2.747,0.406,-140.532,-49.2,-55.1,-22.487,29.22,0.33737,0.01144,-0.02136,-0.94101
 13:48:45.511,eb:33:2e:f9:57:b5, 2085-97-243 255:99:00:2045,-0.007,0.048,0.998,0.061,-0.183,0.122,2.747,0.406,-140.532,-49.2,-55.1,-22.487,29.22,0.33737,0.01144,-0.02136,-0.94101
 13:48:45.538,eb:33:2e:f9:57:b5, 2085-97-241 255:97:00:2044,-0.008,0.047,0.999,0.061,0,0.122,2.747,0.406,-140.526,-49.2,-55.1,-22.487,29.22,0.33737,0.01144,-0.02136,-0.94101
 13:48:45.538,eb:33:2e:f9:57:b5, 2085-97-238 255:97:00:2042,-0.009,0.047,0.998,0.061,0,0.183,2.747,0.406,-140.526,-49.2,-55.1,-22.487,29.22,0.33737,0.01144,-0.02136,-0.94101
 13:48:45.538,eb:33:2e:f9:57:b5, 2085-97-239 255:97:00:2039,-0.01,0.047,0.997,0.061,0,0.122,2.747,0.406,-140.526,-49.2,-55.1,-22.487,29.22,0.33737,0.01144,-0.02136,-0.94101
 13:48:45.538,eb:33:2e:f9:57:b5, 2085-97-235 255:96:00:2034,-0.012,0.048,0.994,0.061,0,0.244,2.747,0.406,-140.526,-49.2,-55.1,-22.487,29.22,0.33737,0.01144,-0.02136,-0.94101
 13:48:45.597,eb:33:2e:f9:57:b5, 2085-97-233 255:96:00:2035,-0.011,0.047,0.994,0.061,-0.122,0.183,2.747,0.406,-140.521,-49.2,-55.1,-22.487,29.22,0.33737,0.01144,-0.02136,-0.94101
 13:48:45.597,eb:33:2e:f9:57:b5, 2085-97-238 255:99:00:2037,-0.007,0.048,0.994,0.061,-0.244,0.183,2.747,0.406,-140.521,-49.2,-55.1,-22.487,29.22,0.33737,0.01144,-0.02136,-0.94101
 13:48:45.597,eb:33:2e:f9:57:b5, 2085-97-236 255:97:00:2039,-0.009,0.049,0.997,0,-0.183,0.061,2.747,0.406,-140.521,-49.2,-55.1,-22.487,29.22,0.33737,0.01144,-0.02136,-0.94101
 13:48:45.597,eb:33:2e:f9:57:b5, 2085-97-237 255:96:00:2038,-0.007,0.047,0.995,0,-0.305,0.183,2.747,0.406,-140.521,-49.2,-55.1,-22.487,29.22,0.33737,0.01144,-0.02136,-0.94101
 13:48:45.627,eb:33:2e:f9:57:b5, 2085-97-242 255:100:00:2042,-0.007,0.048,0.997,0,-0.244,0.122,2.747,0.406,-140.515,-49.2,-55.1,-22.487,29.22,0.33737,0.01144,-0.02136,-0.94101
 13:48:45.627,eb:33:2e:f9:57:b5, 2085-97-239 255:98:00:2040,-0.009,0.048,0.997,0,-0.061,0.122,2.747,0.406,-140.515,-49.2,-55.1,-22.487,29.22,0.33737,0.01144,-0.02136,-0.94101
 13:48:45.627,eb:33:2e:f9:57:b5, 2085-97-241 255:98:00:2043,-0.008,0.048,0.996,0,-0.061,0.122,2.747,0.406,-140.515,-49.2,-55.1,-22.487,29.22,0.33737,0.01144,-0.02136,-0.94101
 13:48:45.628,eb:33:2e:f9:57:b5, 2085-97-240 255:97:00:2040,-0.008,0.048,0.997,0,0,0.061,2.747,0.412,-140.515,-49.2,-55.1,-22.487,29.22,0.33737,0.01144,-0.02136,-0.94101
 13:48:45.659,eb:33:2e:f9:57:b5, 2085-97-238 255:96:00:2039,-0.008,0.047,0.997,0,0,0,2.747,0.412,-140.51,-49.2,-55.1,-22.487,29.22,0.33737,0.01144,-0.02136,-0.94101
 13:48:45.659,eb:33:2e:f9:57:b5, 2085-97-239 255:99:00:2041,-0.008,0.047,0.996,0.061,-0.061,0.061,2.747,0.412,-140.51,-49.2,-55.1,-22.487,29.22,0.33737,0.01144,-0.02136,-0.94101
 13:48:45.659,eb:33:2e:f9:57:b5, 2085-97-239 255:97:00:2038,-0.009,0.047,0.995,0,0,0,2.747,0.412,-140.504,-49.2,-55.1,-22.487,29.22,0.33737,0.01144,-0.02136,-0.94101
 13:48:45.659,eb:33:2e:f9:57:b5, 2085-97-238 255:97:00:2035,-0.009,0.047,0.994,0.061,-0.061,0,2.747,0.412,-140.504,-49.2,-55.1,-22.487,29.22,0.33737,0.01144,-0.02136,-0.94101
 13:48:45.718,eb:33:2e:f9:57:b5, 2085-97-241 255:99:00:2041,-0.007,0.048,0.995,0.061,-0.061,0,2.747,0.412,-140.504,-49.2,-55.1,-22.487,29.22,0.33737,0.01144,-0.02136,-0.94101
 13:48:45.718,eb:33:2e:f9:57:b5, 2085-97-241 255:99:00:2041,-0.007,0.049,0.996,0,0,0,2.747,0.412,-140.504,-49.2,-55.1,-22.487,29.22,0.33737,0.01144,-0.02136,-0.94101
 13:48:45.718,eb:33:2e:f9:57:b5, 2085-97-242 255:100:00:2041,-0.007,0.049,0.997,0,0.122,0,2.747,0.412,-140.499,-49.2,-55.1,-22.487,29.22,0.33737,0.01144,-0.02136,-0.94101
 13:48:45.718,eb:33:2e:f9:57:b5, 2085-97-236 255:96:00:2039,-0.009,0.048,0.997,0,0.244,-0.061,2.747,0.412,-140.499,-49.2,-55.1,-22.487,29.22,0.33737,0.01144,-0.02136,-0.94101
 13:48:45.752,eb:33:2e:f9:57:b5, 2085-97-235 255:96:00:2039,-0.01,0.047,0.996,0,0.183,0,2.747,0.412,-140.499,-49.1,-57.7,-22.967,29.22,0.33737,0.01144,-0.02136,-0.94101
 13:48:45.752,eb:33:2e:f9:57:b5, 2085-97-234 255:97:00:2037,-0.01,0.046,0.996,0,0.061,0,2.747,0.412,-140.499,-49.1,-57.7,-22.967,29.22,0.33737,0.01144,-0.02136,-0.94101
 13:48:45.752,eb:33:2e:f9:57:b5, 2085-97-236 255:97:00:2041,-0.008,0.048,0.996,0,0,0,2.747,0.412,-140.493,-49.1,-57.7,-22.967,29.22,0.33737,0.01144,-0.02136,-0.94101
 13:48:45.752,eb:33:2e:f9:57:b5, 2085-97-240 255:99:00:2041,-0.009,0.047,0.996,0,0,0,2.747,0.412,-140.493,-49.1,-57.7,-22.967,29.22,0.33737,0.01144,-0.02136,-0.94101
 13:48:45.783,eb:33:2e:f9:57:b5, 2085-97-237 255:96:00:2041,-0.008,0.047,0.996,0,0.061,0.061,2.747,0.412,-140.493,-49.1,-57.7,-22.967,29.22,0.33737,0.01144,-0.02136,-0.94101
 13:48:45.783,eb:33:2e:f9:57:b5, 2085-97-238 255:98:00:2040,-0.01,0.048,0.996,0,0,0.122,2.747,0.412,-140.493,-49.1,-57.7,-22.967,29.22,0.33737,0.01144,-0.02136,-0.94101
 13:48:45.783,eb:33:2e:f9:57:b5, 2085-97-239 255:97:00:2042,-0.007,0.048,0.997,0,0.061,0.061,2.747,0.412,-140.488,-49.1,-57.7,-22.967,29.22,0.33737,0.01144,-0.02136,-0.94101
 13:48:45.783,eb:33:2e:f9:57:b5, 2085-97-240 255:97:00:2043,-0.009,0.047,0.997,0,0.122,0.061,2.747,0.412,-140.488,-49.1,-57.7,-22.967,29.22,0.33737,0.01144,-0.02136,-0.94101
 13:48:45.867,eb:33:2e:f9:57:b5, 2085-97-240 255:98:00:2041,-0.007,0.047,0.997,0.061,0.183,0.122,2.747,0.412,-140.488,-49.1,-57.7,-22.967,29.22,0.33777,0.01147,-0.02133,-0.94086
 13:48:45.867,eb:33:2e:f9:57:b5, 2085-97-239 255:98:00:2041,-0.008,0.048,0.997,0,0.244,0.061,2.747,0.412,-140.488,-49.1,-57.7,-22.967,29.22,0.33777,0.01147,-0.02133,-0.94086
 13:48:45.867,eb:33:2e:f9:57:b5, 2085-97-243 255:100:00:2044,-0.007,0.047,0.997,0.061,0.305,0.122,2.747,0.412,-140.482,-49.1,-57.7,-22.967,29.22,0.33777,0.01147,-0.02133,-0.94086
 13:48:45.867,eb:33:2e:f9:57:b5, 2085-97-238 255:98:00:2041,-0.009,0.049,0.998,0.061,0.488,0.122,2.747,0.412,-140.482,-49.1,-57.7,-22.967,29.22,0.33777,0.01147,-0.02133,-0.94086
 13:48:45.870,eb:33:2e:f9:57:b5, 2085-97-237 255:98:00:2039,-0.01,0.048,0.997,0.122,0.549,0.122,2.747,0.412,-140.482,-49.1,-57.7,-22.967,29.22,0.33777,0.01147,-0.02133,-0.94086
 13:48:45.870,eb:33:2e:f9:57:b5, 2085-97-238 255:99:00:2039,-0.009,0.048,0.996,0.122,0.488,0.183,2.747,0.412,-140.482,-49.1,-57.7,-22.967,29.22,0.33777,0.01147,-0.02133,-0.94086
 13:48:45.870,eb:33:2e:f9:57:b5, 2085-97-237 255:99:00:2040,-0.01,0.048,0.996,0.061,0.549,0.061,2.747,0.412,-140.477,-49.1,-57.7,-22.967,29.22,0.33777,0.01147,-0.02133,-0.94086
 13:48:45.870,eb:33:2e:f9:57:b5, 2085-97-238 255:101:00:2041,-0.009,0.047,0.995,0.122,0.488,0.122,2.747,0.412,-140.477,-49.1,-57.7,-22.967,29.22,0.33777,0.01147,-0.02133,-0.94086
 13:48:45.927,eb:33:2e:f9:57:b5, 2085-97-237 255:98:00:2038,-0.011,0.049,0.995,0.122,0.61,0,2.747,0.412,-140.477,-49.1,-57.7,-22.967,29.22,0.33777,0.01147,-0.02133,-0.94086
 13:48:45.927,eb:33:2e:f9:57:b5, 2085-97-237 255:97:00:2043,-0.009,0.047,0.996,0.183,0.549,0,2.747,0.412,-140.477,-49.1,-57.7,-22.967,29.22,0.33777,0.01147,-0.02133,-0.94086
 13:48:45.927,eb:33:2e:f9:57:b5, 2085-97-237 255:96:00:2041,-0.011,0.047,0.997,0.244,0.61,0,2.747,0.412,-140.471,-49.1,-57.7,-22.967,29.22,0.33777,0.01147,-0.02133,-0.94086
 13:48:45.927,eb:33:2e:f9:57:b5, 2085-97-234 255:99:00:2038,-0.011,0.047,0.995,0.183,0.549,0.061,2.747,0.412,-140.471,-49.1,-57.7,-22.967,29.22,0.33777,0.01147,-0.02133,-0.94086
 13:48:45.958,eb:33:2e:f9:57:b5, 2085-97-236 255:98:00:2038,-0.011,0.048,0.994,0.183,0.61,0,2.747,0.412,-140.471,-49.1,-57.7,-22.967,29.22,0.33777,0.01147,-0.02133,-0.94086
 13:48:45.958,eb:33:2e:f9:57:b5, 2085-97-233 255:96:00:2036,-0.012,0.048,0.994,0.183,0.61,0.061,2.747,0.417,-140.471,-49.1,-57.7,-22.967,29.22,0.33777,0.01147,-0.02133,-0.94086
 13:48:45.958,eb:33:2e:f9:57:b5, 2085-97-230 255:97:00:2032,-0.013,0.047,0.993,0.061,0.427,0.122,2.747,0.417,-140.466,-49.1,-57.7,-22.967,29.22,0.33777,0.01147,-0.02133,-0.94086
 13:48:45.958,eb:33:2e:f9:57:b5, 2085-97-230 255:98:00:2034,-0.012,0.048,0.993,0.061,0.305,0.061,2.747,0.417,-140.466,-49.1,-57.7,-22.967,29.22,0.33777,0.01147,-0.02133,-0.94086
 13:48:45.988,eb:33:2e:f9:57:b5, 2085-97-231 255:99:00:2033,-0.012,0.047,0.993,0,0.183,0.061,2.747,0.417,-140.466,-49.1,-57.7,-22.967,29.22,0.33777,0.01147,-0.02133,-0.94086
 13:48:45.988,eb:33:2e:f9:57:b5, 2085-97-231 255:97:00:2035,-0.011,0.048,0.993,0,0.122,0.122,2.747,0.417,-140.466,-49.1,-57.7,-22.967,29.22,0.33777,0.01147,-0.02133,-0.94086
 13:48:45.988,eb:33:2e:f9:57:b5, 2085-97-234 255:101:00:2039,-0.011,0.048,0.995,0,0.061,0.061,2.747,0.417,-140.46,-49.1,-57.7,-22.967,29.22,0.33777,0.01147,-0.02133,-0.94086
 13:48:45.988,eb:33:2e:f9:57:b5, 2085-113-58 00:164:227:-8490,-0.01,0.049,0.996,0,0.122,0.061,2.747,0.417,-140.46,-49.1,-57.7,-22.967,29.22,0.33777,0.01147,-0.02133,-0.94086
 13:48:45.988,eb:33:2e:f9:57:b5, 2085-97-239 255:101:00:2039,-0.01,0.049,0.997,-0.061,0.183,0.061,2.747,0.417,-140.46,-49.1,-57.7,-22.967,29.22,0.33777,0.01147,-0.02133,-0.94086
 13:48:46.050,eb:33:2e:f9:57:b5, 2085-97-232 255:99:00:2037,-0.011,0.049,0.994,-0.183,0.183,0.061,2.747,0.417,-140.455,-48.4,-56.6,-24.92,29.22,0.33777,0.01147,-0.02133,-0.94086
 13:48:46.050,eb:33:2e:f9:57:b5, 2085-97-237 255:103:00:2038,-0.013,0.049,0.995,-0.183,0.122,0,2.747,0.417,-140.455,-48.4,-56.6,-24.92,29.22,0.33777,0.01147,-0.02133,-0.94086
 13:48:46.050,eb:33:2e:f9:57:b5, 2085-97-228 255:96:00:2033,-0.014,0.048,0.993,-0.244,0.122,0,2.747,0.417,-140.455,-48.4,-56.6,-24.92,29.22,0.33777,0.01147,-0.02133,-0.94086
 13:48:46.050,eb:33:2e:f9:57:b5, 2085-97-232 255:96:00:2038,-0.01,0.046,0.993,-0.183,0,0,2.747,0.423,-140.455,-48.4,-56.6,-24.92,29.22,0.33777,0.01147,-0.02133,-0.94086
 13:48:46.078,eb:33:2e:f9:57:b5, 2085-97-235 255:97:00:2042,-0.011,0.047,0.996,-0.244,-0.122,0,2.747,0.423,-140.449,-48.4,-56.6,-24.92,29.22,0.33807,0.0116,-0.0213,-0.94073
 13:48:46.078,eb:33:2e:f9:57:b5, 2085-97-234 255:97:00:2042,-0.009,0.048,0.997,-0.183,-0.061,0,2.747,0.423,-140.449,-48.4,-56.6,-24.92,29.22,0.33807,0.0116,-0.0213,-0.94073
 13:48:46.078,eb:33:2e:f9:57:b5, 2085-97-238 255:96:00:2045,-0.009,0.047,0.998,-0.183,-0.061,0,2.747,0.423,-140.449,-48.4,-56.6,-24.92,29.22,0.33807,0.0116,-0.0213,-0.94073
 13:48:46.078,eb:33:2e:f9:57:b5, 2085-97-237 255:98:00:2043,-0.01,0.047,0.999,-0.061,0.061,0.061,2.747,0.423,-140.449,-48.4,-56.6,-24.92,29.22,0.33807,0.0116,-0.0213,-0.94073
 13:48:46.109,eb:33:2e:f9:57:b5, 2085-97-233 255:96:00:2041,-0.011,0.048,0.996,-0.061,0.122,0.061,2.747,0.423,-140.444,-48.4,-56.6,-24.92,29.22,0.33807,0.0116,-0.0213,-0.94073
 13:48:46.109,eb:33:2e:f9:57:b5, 2085-97-233 255:99:00:2038,-0.012,0.047,0.997,0,0.122,0.122,2.747,0.423,-140.444,-48.4,-56.6,-24.92,29.22,0.33807,0.0116,-0.0213,-0.94073
 13:48:46.109,eb:33:2e:f9:57:b5, 2085-97-232 255:97:00:2037,-0.011,0.047,0.994,0,0.061,0.061,2.747,0.423,-140.444,-48.4,-56.6,-24.92,29.22,0.33807,0.0116,-0.0213,-0.94073
 13:48:46.110,eb:33:2e:f9:57:b5, 2085-97-234 255:97:00:2040,-0.008,0.048,0.995,0,0,0.061,2.747,0.423,-140.444,-48.4,-56.6,-24.92,29.22,0.33807,0.0116,-0.0213,-0.94073
 13:48:46.169,eb:33:2e:f9:57:b5, 2085-97-239 255:101:00:2041,-0.008,0.047,0.997,0.061,0,0.061,2.747,0.423,-140.438,-48.4,-56.6,-24.92,29.22,0.33807,0.0116,-0.0213,-0.94073
 13:48:46.169,eb:33:2e:f9:57:b5, 2085-97-238 255:101:00:2041,-0.009,0.05,0.997,0,0.122,0,2.747,0.428,-140.438,-48.4,-56.6,-24.92,29.22,0.33807,0.0116,-0.0213,-0.94073
 13:48:46.169,eb:33:2e:f9:57:b5, 2085-97-237 255:98:00:2040,-0.01,0.049,0.997,0,0.244,0,2.747,0.428,-140.438,-48.4,-56.6,-24.92,29.22,0.33807,0.0116,-0.0213,-0.94073
 13:48:46.169,eb:33:2e:f9:57:b5, 2085-97-235 255:101:00:2038,-0.011,0.048,0.996,0,0.305,0,2.747,0.428,-140.438,-48.4,-56.6,-24.92,29.22,0.33807,0.0116,-0.0213,-0.94073
 13:48:46.198,eb:33:2e:f9:57:b5, 2085-97-233 255:99:00:2039,-0.012,0.049,0.996,0,0.366,-0.061,2.747,0.428,-140.433,-48.4,-56.6,-24.92,29.22,0.33807,0.0116,-0.0213,-0.94073
 13:48:46.198,eb:33:2e:f9:57:b5, 2085-97-233 255:99:00:2038,-0.011,0.047,0.995,0,0.244,-0.061,2.747,0.428,-140.433,-48.4,-56.6,-24.92,29.22,0.33807,0.0116,-0.0213,-0.94073
 13:48:46.198,eb:33:2e:f9:57:b5, 2085-97-233 255:98:00:2038,-0.012,0.047,0.994,0.061,0.244,-0.122,2.747,0.428,-140.433,-48.4,-56.6,-24.92,29.22,0.33807,0.0116,-0.0213,-0.94073
 13:48:46.198,eb:33:2e:f9:57:b5, 2085-97-232 255:97:00:2039,-0.012,0.048,0.995,0.061,0.183,0,2.747,0.428,-140.433,-48.4,-56.6,-24.92,29.22,0.33807,0.0116,-0.0213,-0.94073
 13:48:46.228,eb:33:2e:f9:57:b5, 2085-97-231 255:98:00:2037,-0.013,0.047,0.995,0.061,0.122,-0.061,2.747,0.428,-140.427,-48.4,-56.6,-24.92,29.22,0.33807,0.0116,-0.0213,-0.94073
 13:48:46.228,eb:33:2e:f9:57:b5, 2085-97-229 255:98:00:2034,-0.013,0.048,0.994,0.061,0.061,-0.061,2.747,0.428,-140.427,-48.4,-56.6,-24.92,29.22,0.33807,0.0116,-0.0213,-0.94073
 13:48:46.228,eb:33:2e:f9:57:b5, 2085-97-231 255:98:00:2036,-0.011,0.048,0.994,0.061,0,0,2.747,0.428,-140.427,-48.4,-56.6,-24.92,29.22,0.33807,0.0116,-0.0213,-0.94073
 13:48:46.228,eb:33:2e:f9:57:b5, 2085-97-232 255:101:00:2036,-0.011,0.047,0.995,0,-0.061,-0.061,2.747,0.428,-140.427,-48.4,-56.6,-24.92,29.22,0.33807,0.0116,-0.0213,-0.94073
 13:48:46.289,eb:33:2e:f9:57:b5, 2085-97-234 255:100:00:2037,-0.011,0.049,0.994,0,-0.061,-0.061,2.747,0.428,-140.422,-48.4,-56.6,-24.92,29.22,0.33807,0.0116,-0.0213,-0.94073
 13:48:46.289,eb:33:2e:f9:57:b5, 2085-97-234 255:99:00:2039,-0.01,0.048,0.995,0,0,-0.122,2.747,0.434,-140.422,-48.4,-56.6,-24.92,29.22,0.33807,0.0116,-0.0213,-0.94073
 13:48:46.289,eb:33:2e:f9:57:b5, 2085-97-234 255:98:00:2038,-0.012,0.048,0.995,0,0,-0.122,2.747,0.434,-140.422,-48.4,-56.6,-24.92,29.22,0.33807,0.0116,-0.0213,-0.94073
 13:48:46.289,eb:33:2e:f9:57:b5, 2085-97-232 255:98:00:2040,-0.011,0.047,0.996,0,0,-0.183,2.747,0.434,-140.422,-48.4,-56.6,-24.92,29.22,0.33807,0.0116,-0.0213,-0.94073
 13:48:46.318,eb:33:2e:f9:57:b5, 2085-97-235 255:99:00:2039,-0.012,0.049,0.996,0,0,-0.244,2.747,0.434,-140.416,-47.7,-56.3,-23.893,29.22,0.33807,0.0116,-0.0213,-0.94073
 13:48:46.318,eb:33:2e:f9:57:b5, 2085-97-233 255:99:00:2039,-0.011,0.048,0.995,0,0,-0.122,2.747,0.434,-140.416,-47.7,-56.3,-23.893,29.22,0.33807,0.0116,-0.0213,-0.94073
 13:48:46.318,eb:33:2e:f9:57:b5, 2085-97-234 255:99:00:2043,-0.01,0.048,0.997,0,0,-0.122,2.747,0.434,-140.416,-47.7,-56.3,-23.893,29.22,0.33807,0.0116,-0.0213,-0.94073
 13:48:46.318,eb:33:2e:f9:57:b5, 2085-97-234 255:99:00:2042,-0.013,0.048,0.998,0,0,-0.061,2.747,0.434,-140.416,-47.7,-56.3,-23.893,29.22,0.33807,0.0116,-0.0213,-0.94073
 13:48:46.350,eb:33:2e:f9:57:b5, 2085-97-229 255:96:00:2038,-0.013,0.047,0.997,0,0,-0.061,2.747,0.434,-140.411,-47.7,-56.3,-23.893,29.22,0.33807,0.0116,-0.0213,-0.94073
 13:48:46.350,eb:33:2e:f9:57:b5, 2085-97-230 255:97:00:2037,-0.013,0.047,0.995,0,-0.061,0,2.747,0.434,-140.411,-47.7,-56.3,-23.893,29.22,0.33807,0.0116,-0.0213,-0.94073
 13:48:46.350,eb:33:2e:f9:57:b5, 2085-97-231 255:96:00:2035,-0.013,0.048,0.994,0,-0.122,0,2.747,0.434,-140.411,-47.7,-56.3,-23.893,29.22,0.33807,0.0116,-0.0213,-0.94073
 13:48:46.350,eb:33:2e:f9:57:b5, 2085-97-231 255:98:00:2037,-0.012,0.047,0.995,0.122,-0.244,0,2.747,0.439,-140.411,-47.7,-56.3,-23.893,29.22,0.33807,0.0116,-0.0213,-0.94073
 13:48:46.407,eb:33:2e:f9:57:b5, 2085-97-231 255:95:00:2040,-0.011,0.047,0.995,0.122,-0.366,0,2.747,0.439,-140.405,-47.7,-56.3,-23.893,29.22,0.33844,0.01172,-0.02124,-0.94061
 13:48:46.407,eb:33:2e:f9:57:b5, 2085-97-233 255:97:00:2042,-0.01,0.047,0.996,0.122,-0.427,0,2.747,0.439,-140.405,-47.7,-56.3,-23.893,29.22,0.33844,0.01172,-0.02124,-0.94061
 13:48:46.407,eb:33:2e:f9:57:b5, 2085-97-235 255:100:00:2042,-0.01,0.048,0.998,0.183,-0.427,0,2.747,0.439,-140.405,-47.7,-56.3,-23.893,29.22,0.33844,0.01172,-0.02124,-0.94061
 13:48:46.407,eb:33:2e:f9:57:b5, 2085-97-234 255:98:00:2040,-0.011,0.048,0.997,0.122,-0.305,0,2.747,0.439,-140.405,-47.7,-56.3,-23.893,29.22,0.33844,0.01172,-0.02124,-0.94061
 13:48:46.438,eb:33:2e:f9:57:b5, 2085-97-233 255:98:00:2041,-0.011,0.047,0.996,0.183,-0.305,0,2.747,0.439,-140.4,-47.7,-56.3,-23.893,29.22,0.33844,0.01172,-0.02124,-0.94061
 13:48:46.438,eb:33:2e:f9:57:b5, 2085-97-233 255:96:00:2042,-0.011,0.047,0.997,0.244,-0.366,0.122,2.747,0.439,-140.4,-47.7,-56.3,-23.893,29.22,0.33844,0.01172,-0.02124,-0.94061
 13:48:46.438,eb:33:2e:f9:57:b5, 2085-97-235 255:99:00:2043,-0.01,0.048,0.998,0.244,-0.305,0.122,2.747,0.439,-140.4,-47.7,-56.3,-23.893,29.22,0.33844,0.01172,-0.02124,-0.94061
 13:48:46.439,eb:33:2e:f9:57:b5, 2085-97-235 255:98:00:2043,-0.011,0.048,0.998,0.183,-0.244,0.244,2.747,0.445,-140.4,-47.7,-56.3,-23.893,29.22,0.33844,0.01172,-0.02124,-0.94061
 13:48:46.469,eb:33:2e:f9:57:b5, 2085-97-236 255:99:00:2045,-0.009,0.047,0.998,0.183,-0.183,0.244,2.747,0.445,-140.394,-47.7,-56.3,-23.893,29.22,0.33844,0.01172,-0.02124,-0.94061
 13:48:46.469,eb:33:2e:f9:57:b5, 2085-97-240 255:101:00:2047,-0.008,0.049,0.999,0.183,-0.122,0.305,2.747,0.445,-140.394,-47.7,-56.3,-23.893,29.22,0.33844,0.01172,-0.02124,-0.94061
 13:48:46.469,eb:33:2e:f9:57:b5, 2085-97-238 255:99:00:2045,-0.009,0.049,0.999,0.122,0.061,0.366,2.747,0.445,-140.394,-47.7,-56.3,-23.893,29.22,0.33844,0.01172,-0.02124,-0.94061
 13:48:46.470,eb:33:2e:f9:57:b5, 2085-97-237 255:101:00:2042,-0.01,0.048,0.999,0.183,0.183,0.427,2.747,0.445,-140.394,-47.7,-56.3,-23.893,29.22,0.33844,0.01172,-0.02124,-0.94061
 13:48:46.528,eb:33:2e:f9:57:b5, 2085-97-229 255:99:00:2034,-0.014,0.049,0.995,0.122,0.244,0.427,2.747,0.445,-140.389,-47.7,-56.3,-23.893,29.22,0.33844,0.01172,-0.02124,-0.94061
 13:48:46.528,eb:33:2e:f9:57:b5, 2085-97-229 255:99:00:2031,-0.014,0.048,0.991,0.122,0.122,0.366,2.747,0.445,-140.389,-47.7,-56.3,-23.893,29.22,0.33844,0.01172,-0.02124,-0.94061
 13:48:46.528,eb:33:2e:f9:57:b5, 2085-97-227 255:96:00:2030,-0.013,0.047,0.991,0.061,0,0.366,2.747,0.445,-140.389,-47.7,-56.3,-23.893,29.22,0.33844,0.01172,-0.02124,-0.94061
 13:48:46.528,eb:33:2e:f9:57:b5, 2085-97-229 255:100:00:2031,-0.014,0.048,0.991,0.122,-0.183,0.305,2.747,0.445,-140.389,-47.7,-56.3,-23.893,29.22,0.33844,0.01172,-0.02124,-0.94061
 13:48:46.559,eb:33:2e:f9:57:b5, 2085-97-229 255:99:00:2029,-0.012,0.049,0.991,0,-0.366,0.305,2.747,0.445,-140.383,-47.7,-56.3,-23.893,29.22,0.33844,0.01172,-0.02124,-0.94061
 13:48:46.559,eb:33:2e:f9:57:b5, 2085-97-232 255:101:00:2032,-0.012,0.049,0.992,0,-0.488,0.244,2.747,0.445,-140.383,-47.7,-56.3,-23.893,29.22,0.33844,0.01172,-0.02124,-0.94061
 13:48:46.559,eb:33:2e:f9:57:b5, 2085-97-231 255:99:00:2032,-0.011,0.049,0.994,-0.061,-0.61,0.122,2.747,0.445,-140.383,-47.7,-56.3,-23.893,29.22,0.33844,0.01172,-0.02124,-0.94061
 13:48:46.559,eb:33:2e:f9:57:b5, 2085-97-234 255:99:00:2038,-0.01,0.048,0.994,-0.061,-0.732,0.061,2.747,0.45,-140.383,-47.7,-56.3,-23.893,29.22,0.33844,0.01172,-0.02124,-0.94061
 13:48:46.589,eb:33:2e:f9:57:b5, 2085-97-239 255:101:00:2041,-0.008,0.049,0.996,-0.122,-0.732,0.061,2.747,0.45,-140.378,-46.5,-57.1,-26.3,29.22,0.33844,0.01172,-0.02124,-0.94061
 13:48:46.589,eb:33:2e:f9:57:b5, 2085-97-237 255:101:00:2039,-0.011,0.05,0.997,-0.244,-0.549,0,2.747,0.45,-140.378,-46.5,-57.1,-26.3,29.22,0.33844,0.01172,-0.02124,-0.94061
 13:48:46.589,eb:33:2e:f9:57:b5, 2085-97-234 255:100:00:2038,-0.009,0.05,0.995,-0.305,-0.549,0,2.747,0.45,-140.378,-46.5,-57.1,-26.3,29.22,0.33844,0.01172,-0.02124,-0.94061
 13:48:46.589,eb:33:2e:f9:57:b5, 2085-97-235 255:99:00:2036,-0.011,0.048,0.995,-0.366,-0.549,0,2.747,0.45,-140.378,-46.5,-57.1,-26.3,29.22,0.33844,0.01172,-0.02124,-0.94061
 13:48:46.648,eb:33:2e:f9:57:b5, 2085-97-235 255:100:00:2038,-0.009,0.048,0.993,-0.427,-0.61,-0.061,2.747,0.45,-140.372,-46.5,-57.1,-26.3,29.22,0.33844,0.01172,-0.02124,-0.94061
 13:48:46.648,eb:33:2e:f9:57:b5, 2085-113-81 00:91:43:388,-0.008,0.049,0.997,-0.488,-0.549,-0.061,2.747,0.45,-140.372,-46.5,-57.1,-26.3,29.22,0.33844,0.01172,-0.02124,-0.94061
 13:48:46.648,eb:33:2e:f9:57:b5, 2085-97-237 255:99:00:2042,-0.009,0.048,0.997,-0.488,-0.488,-0.061,2.747,0.45,-140.372,-46.5,-57.1,-26.3,29.22,0.33844,0.01172,-0.02124,-0.94061
 13:48:46.648,eb:33:2e:f9:57:b5, 2085-97-237 255:99:00:2039,-0.011,0.049,0.997,-0.488,-0.427,0,2.747,0.45,-140.372,-46.5,-57.1,-26.3,29.22,0.33844,0.01172,-0.02124,-0.94061
 13:48:46.679,eb:33:2e:f9:57:b5, 2085-97-233 255:96:00:2040,-0.008,0.047,0.995,-0.488,-0.488,0,2.747,0.45,-140.367,-46.5,-57.1,-26.3,29.22,0.33871,0.01184,-0.02121,-0.94052
 13:48:46.679,eb:33:2e:f9:57:b5, 2085-97-241 255:98:00:2043,-0.008,0.048,0.997,-0.488,-0.488,0,2.747,0.45,-140.367,-46.5,-57.1,-26.3,29.22,0.33871,0.01184,-0.02121,-0.94052
 13:48:46.679,eb:33:2e:f9:57:b5, 2085-97-234 255:96:00:2040,-0.009,0.048,0.998,-0.488,-0.305,0,2.747,0.45,-140.367,-46.5,-57.1,-26.3,29.22,0.33871,0.01184,-0.02121,-0.94052
 13:48:46.679,eb:33:2e:f9:57:b5, 2085-97-237 255:97:00:2043,-0.008,0.048,0.997,-0.488,-0.305,0,2.747,0.456,-140.367,-46.5,-57.1,-26.3,29.22,0.33871,0.01184,-0.02121,-0.94052
 13:48:46.708,eb:33:2e:f9:57:b5, 2085-97-237 255:98:00:2041,-0.01,0.048,0.998,-0.488,-0.183,0,2.747,0.45,-140.361,-46.5,-57.1,-26.3,29.22,0.33871,0.01184,-0.02121,-0.94052
 13:48:46.708,eb:33:2e:f9:57:b5, 2085-97-233 255:98:00:2034,-0.011,0.047,0.995,-0.549,-0.183,0,2.747,0.456,-140.361,-46.5,-57.1,-26.3,29.22,0.33871,0.01184,-0.02121,-0.94052
 13:48:46.708,eb:33:2e:f9:57:b5, 2085-97-234 255:100:00:2034,-0.011,0.048,0.993,-0.549,-0.244,0,2.747,0.456,-140.361,-46.5,-57.1,-26.3,29.22,0.33871,0.01184,-0.02121,-0.94052
 13:48:46.709,eb:33:2e:f9:57:b5, 2085-97-234 255:97:00:2034,-0.011,0.048,0.993,-0.61,-0.366,-0.061,2.747,0.456,-140.361,-46.5,-57.1,-26.3,29.22,0.33871,0.01184,-0.02121,-0.94052
 13:48:46.769,eb:33:2e:f9:57:b5, 2085-97-234 255:98:00:2034,-0.011,0.047,0.994,-0.61,-0.366,-0.183,2.747,0.456,-140.356,-46.5,-57.1,-26.3,29.22,0.33871,0.01184,-0.02121,-0.94052
 13:48:46.769,eb:33:2e:f9:57:b5, 2085-97-235 255:97:00:2035,-0.01,0.048,0.994,-0.671,-0.549,-0.244,2.747,0.456,-140.356,-46.5,-57.1,-26.3,29.22,0.33871,0.01184,-0.02121,-0.94052
 13:48:46.769,eb:33:2e:f9:57:b5, 2085-97-235 255:95:00:2036,-0.01,0.047,0.994,-0.671,-0.549,-0.244,2.747,0.456,-140.356,-46.5,-57.1,-26.3,29.22,0.33871,0.01184,-0.02121,-0.94052
 13:48:46.769,eb:33:2e:f9:57:b5, 2085-97-233 255:94:00:2034,-0.011,0.046,0.994,-0.61,-0.549,-0.244,2.747,0.456,-140.356,-46.5,-57.1,-26.3,29.22,0.33871,0.01184,-0.02121,-0.94052
 13:48:46.828,eb:33:2e:f9:57:b5, 2085-97-235 255:96:00:2038,-0.009,0.046,0.995,-0.61,-0.671,-0.244,2.747,0.456,-140.35,-46.5,-57.1,-26.3,29.22,0.33871,0.01184,-0.02121,-0.94052
 13:48:46.828,eb:33:2e:f9:57:b5, 2085-97-241 255:97:00:2042,-0.008,0.047,0.997,-0.671,-0.732,-0.305,2.747,0.456,-140.35,-46.5,-57.1,-26.3,29.22,0.33871,0.01184,-0.02121,-0.94052
 13:48:46.828,eb:33:2e:f9:57:b5, 2085-97-241 255:92:00:2049,-0.005,0.045,0.998,-0.488,-0.671,-0.244,2.747,0.456,-140.35,-46.5,-57.1,-26.3,29.22,0.33871,0.01184,-0.02121,-0.94052
 13:48:46.829,eb:33:2e:f9:57:b5, 2085-97-247 255:94:00:2051,-0.008,0.046,1.001,-0.366,-0.549,-0.183,2.747,0.456,-140.35,-46.5,-57.1,-26.3,29.22,0.33871,0.01184,-0.02121,-0.94052
 13:48:46.858,eb:33:2e:f9:57:b5, 2085-97-238 255:93:00:2042,-0.007,0.046,0.999,-0.305,-0.305,-0.061,2.747,0.456,-140.345,-46.5,-57.1,-26.3,29.22,0.33871,0.01184,-0.02121,-0.94052
 13:48:46.858,eb:33:2e:f9:57:b5, 2085-97-243 255:93:00:2044,-0.007,0.046,0.998,-0.244,-0.305,0,2.747,0.456,-140.345,-46.5,-57.1,-26.3,29.22,0.33871,0.01184,-0.02121,-0.94052
 13:48:46.858,eb:33:2e:f9:57:b5, 2085-97-242 255:94:00:2043,-0.006,0.046,0.997,-0.244,-0.183,0,2.747,0.456,-140.345,-46.5,-57.1,-26.3,29.22,0.33871,0.01184,-0.02121,-0.94052
 13:48:46.858,eb:33:2e:f9:57:b5, 2085-97-243 255:97:00:2043,-0.007,0.047,0.997,-0.244,-0.122,0,2.747,0.456,-140.345,-46.5,-57.1,-26.3,29.22,0.33871,0.01184,-0.02121,-0.94052
 13:48:46.889,eb:33:2e:f9:57:b5, 2085-97-243 255:96:00:2042,-0.007,0.046,0.997,-0.183,0,0,2.747,0.456,-140.339,-46.5,-57.1,-26.3,29.22,0.33871,0.01184,-0.02121,-0.94052
 13:48:46.889,eb:33:2e:f9:57:b5, 2085-97-241 255:94:00:2042,-0.008,0.046,0.998,-0.244,0,0,2.747,0.456,-140.339,-46.5,-57.1,-26.3,29.22,0.33871,0.01184,-0.02121,-0.94052
 13:48:46.889,eb:33:2e:f9:57:b5, 2085-113-58 00:58:228:-8565,-0.008,0.046,0.996,-0.305,0,0,2.747,0.456,-140.339,-46.5,-57.1,-26.3,29.22,0.33871,0.01184,-0.02121,-0.94052
 13:48:46.889,eb:33:2e:f9:57:b5, 2085-97-238 255:92:00:2039,-0.008,0.046,0.997,-0.305,0,0,2.747,0.456,-140.339,-46.5,-57.1,-26.3,29.22,0.33871,0.01184,-0.02121,-0.94052
 13:48:46.889,eb:33:2e:f9:57:b5, 2085-97-237 255:90:00:2037,-0.009,0.044,0.996,-0.183,-0.061,0.061,2.741,0.456,-140.339,-46.5,-57.1,-26.3,29.22,0.33871,0.01184,-0.02121,-0.94052
 13:48:46.919,eb:33:2e:f9:57:b5, 2085-97-238 255:91:00:2040,-0.008,0.044,0.996,-0.122,-0.183,0.122,2.741,0.456,-140.334,-47.4,-57.1,-21.32,29.22,0.33871,0.01184,-0.02121,-0.94052
 13:48:46.919,eb:33:2e:f9:57:b5, 2085-97-238 255:93:00:2041,-0.008,0.046,0.996,-0.061,-0.183,0.183,2.741,0.456,-140.334,-47.4,-57.1,-21.32,29.22,0.33871,0.01184,-0.02121,-0.94052
 13:48:46.919,eb:33:2e:f9:57:b5, 2085-97-241 255:94:00:2042,-0.007,0.045,0.997,-0.061,-0.244,0.244,2.741,0.456,-140.334,-47.4,-57.1,-21.32,29.22,0.33871,0.01184,-0.02121,-0.94052
 13:48:46.919,eb:33:2e:f9:57:b5, 2085-97-242 255:97:00:2042,-0.006,0.046,0.998,0,-0.183,0.122,2.741,0.456,-140.334,-47.4,-57.1,-21.32,29.22,0.33871,0.01184,-0.02121,-0.94052
 13:48:46.948,eb:33:2e:f9:57:b5, 2085-97-244 255:96:00:2044,-0.006,0.047,0.998,-0.061,0,0.122,2.741,0.456,-140.328,-47.4,-57.1,-21.32,29.22,0.33871,0.01184,-0.02121,-0.94052
 13:48:46.948,eb:33:2e:f9:57:b5, 2085-97-243 255:94:00:2042,-0.008,0.046,0.999,0,0.061,0.061,2.741,0.456,-140.328,-47.4,-57.1,-21.32,29.22,0.33871,0.01184,-0.02121,-0.94052
 13:48:46.948,eb:33:2e:f9:57:b5, 2085-113-81 00:103:43:389,-0.008,0.047,0.997,0,0.061,0.122,2.741,0.456,-140.328,-47.4,-57.1,-21.32,29.22,0.33871,0.01184,-0.02121,-0.94052
 13:48:46.948,eb:33:2e:f9:57:b5, 2085-97-239 255:94:00:2041,-0.009,0.045,0.997,0,0.122,0.122,2.741,0.456,-140.328,-47.4,-57.1,-21.32,29.22,0.33871,0.01184,-0.02121,-0.94052
 13:48:47.008,eb:33:2e:f9:57:b5, 2085-97-238 255:92:00:2040,-0.008,0.045,0.996,0.061,0.061,0.122,2.741,0.456,-140.328,-47.4,-57.1,-21.32,29.22,0.33908,0.01187,-0.02115,-0.9404
 13:48:47.008,eb:33:2e:f9:57:b5, 2085-97-240 255:94:00:2040,-0.009,0.046,0.996,0.061,0.122,0.061,2.741,0.456,-140.328,-47.4,-57.1,-21.32,29.22,0.33908,0.01187,-0.02115,-0.9404
 13:48:47.008,eb:33:2e:f9:57:b5, 2085-97-234 255:93:00:2034,-0.011,0.045,0.996,0.122,0.122,0.122,2.741,0.456,-140.323,-47.4,-57.1,-21.32,29.22,0.33908,0.01187,-0.02115,-0.9404
 13:48:47.008,eb:33:2e:f9:57:b5, 2085-97-236 255:94:00:2035,-0.008,0.045,0.993,0.061,0,0.122,2.741,0.456,-140.323,-47.4,-57.1,-21.32,29.22,0.33908,0.01187,-0.02115,-0.9404
 13:48:47.038,eb:33:2e:f9:57:b5, 2085-97-241 255:97:00:2040,-0.008,0.047,0.995,0.061,-0.061,0.122,2.741,0.456,-140.323,-47.4,-57.1,-21.32,29.22,0.33908,0.01187,-0.02115,-0.9404
 13:48:47.038,eb:33:2e:f9:57:b5, 2085-97-238 255:96:00:2038,-0.009,0.046,0.996,0.061,0.061,0.061,2.741,0.456,-140.323,-47.4,-57.1,-21.32,29.22,0.33908,0.01187,-0.02115,-0.9404
 13:48:47.038,eb:33:2e:f9:57:b5, 2085-97-239 255:97:00:2037,-0.007,0.046,0.994,0.061,0,0,2.741,0.456,-140.317,-47.4,-57.1,-21.32,29.22,0.33908,0.01187,-0.02115,-0.9404
 13:48:47.038,eb:33:2e:f9:57:b5, 2085-97-240 255:96:00:2037,-0.009,0.046,0.995,0,0,0,2.736,0.456,-140.317,-47.4,-57.1,-21.32,29.22,0.33908,0.01187,-0.02115,-0.9404
 13:48:47.068,eb:33:2e:f9:57:b5, 2085-97-236 255:96:00:2036,-0.01,0.046,0.995,0,0,-0.061,2.736,0.456,-140.317,-47.4,-57.1,-21.32,29.22,0.33908,0.01187,-0.02115,-0.9404
 13:48:47.068,eb:33:2e:f9:57:b5, 2085-97-237 255:94:00:2036,-0.01,0.046,0.994,-0.061,-0.061,0,2.736,0.456,-140.317,-47.4,-57.1,-21.32,29.22,0.33908,0.01187,-0.02115,-0.9404
 13:48:47.068,eb:33:2e:f9:57:b5, 2085-97-238 255:94:00:2037,-0.008,0.046,0.995,-0.122,-0.061,-0.061,2.736,0.456,-140.312,-47.4,-57.1,-21.32,29.22,0.33908,0.01187,-0.02115,-0.9404
 13:48:47.068,eb:33:2e:f9:57:b5, 2085-97-237 255:95:00:2038,-0.011,0.046,0.995,-0.061,-0.061,-0.061,2.736,0.456,-140.312,-47.4,-57.1,-21.32,29.22,0.33908,0.01187,-0.02115,-0.9404
 13:48:47.128,eb:33:2e:f9:57:b5, 2085-97-240 255:96:00:2037,-0.007,0.045,0.994,-0.122,-0.122,-0.061,2.736,0.456,-140.312,-47.4,-57.1,-21.32,29.22,0.33908,0.01187,-0.02115,-0.9404
 13:48:47.128,eb:33:2e:f9:57:b5, 2085-97-239 255:96:00:2038,-0.01,0.047,0.995,-0.122,-0.061,-0.183,2.736,0.456,-140.312,-47.4,-57.1,-21.32,29.22,0.33908,0.01187,-0.02115,-0.9404
 13:48:47.128,eb:33:2e:f9:57:b5, 2085-97-233 255:91:00:2035,-0.011,0.046,0.994,-0.183,-0.061,-0.305,2.736,0.456,-140.306,-47.4,-57.1,-21.32,29.22,0.33908,0.01187,-0.02115,-0.9404
 13:48:47.128,eb:33:2e:f9:57:b5, 2085-97-239 255:94:00:2039,-0.009,0.045,0.994,-0.183,-0.183,-0.244,2.736,0.456,-140.306,-47.4,-57.1,-21.32,29.22,0.33908,0.01187,-0.02115,-0.9404
 13:48:47.159,eb:33:2e:f9:57:b5, 2085-97-238 255:95:00:2038,-0.009,0.046,0.997,-0.183,-0.122,-0.305,2.736,0.456,-140.306,-47.4,-57.1,-21.32,29.22,0.33908,0.01187,-0.02115,-0.9404
 13:48:47.159,eb:33:2e:f9:57:b5, 2085-97-235 255:93:00:2037,-0.009,0.046,0.995,-0.244,-0.122,-0.244,2.736,0.456,-140.306,-47.4,-57.1,-21.32,29.22,0.33908,0.01187,-0.02115,-0.9404
 13:48:47.159,eb:33:2e:f9:57:b5, 2085-97-239 255:93:00:2041,-0.008,0.044,0.996,-0.183,-0.183,-0.305,2.736,0.456,-140.301,-47.4,-57.1,-21.32,29.22,0.33908,0.01187,-0.02115,-0.9404
 13:48:47.160,eb:33:2e:f9:57:b5, 2085-97-238 255:93:00:2040,-0.008,0.045,0.996,-0.183,-0.244,-0.244,2.736,0.456,-140.301,-47.4,-57.1,-21.32,29.22,0.33908,0.01187,-0.02115,-0.9404
 13:48:47.188,eb:33:2e:f9:57:b5, 2085-97-238 255:92:00:2041,-0.008,0.045,0.996,-0.122,-0.244,-0.183,2.736,0.456,-140.301,-48.2,-56.4,-23.707,29.22,0.33908,0.01187,-0.02115,-0.9404
 13:48:47.188,eb:33:2e:f9:57:b5, 2085-97-240 255:93:00:2042,-0.007,0.045,0.997,-0.183,-0.244,-0.122,2.736,0.456,-140.301,-48.2,-56.4,-23.707,29.22,0.33908,0.01187,-0.02115,-0.9404
 13:48:47.188,eb:33:2e:f9:57:b5, 2085-97-242 255:92:00:2042,-0.007,0.046,0.999,-0.122,-0.244,-0.122,2.736,0.456,-140.295,-48.2,-56.4,-23.707,29.22,0.33908,0.01187,-0.02115,-0.9404
 13:48:47.188,eb:33:2e:f9:57:b5, 2085-97-241 255:93:00:2045,-0.007,0.046,0.996,-0.183,-0.122,-0.061,2.736,0.456,-140.295,-48.2,-56.4,-23.707,29.22,0.33908,0.01187,-0.02115,-0.9404
 13:48:47.248,eb:33:2e:f9:57:b5, 2085-97-233 255:88:00:2034,-0.01,0.045,0.994,-0.244,-0.061,0,2.736,0.456,-140.295,-48.2,-56.4,-23.707,29.22,0.33908,0.01187,-0.02115,-0.9404
 13:48:47.248,eb:33:2e:f9:57:b5, 2085-97-237 255:91:00:2037,-0.009,0.044,0.994,-0.122,-0.244,0,2.736,0.456,-140.295,-48.2,-56.4,-23.707,29.22,0.33908,0.01187,-0.02115,-0.9404
 13:48:47.248,eb:33:2e:f9:57:b5, 2085-97-238 255:93:00:2039,-0.008,0.045,0.996,-0.122,-0.244,-0.061,2.736,0.456,-140.295,-48.2,-56.4,-23.707,29.22,0.33908,0.01187,-0.02115,-0.9404
 13:48:47.248,eb:33:2e:f9:57:b5, 2085-97-242 255:92:00:2043,-0.007,0.045,0.995,-0.183,-0.305,0,2.73,0.456,-140.295,-48.2,-56.4,-23.707,29.22,0.33908,0.01187,-0.02115,-0.9404
 13:48:47.278,eb:33:2e:f9:57:b5, 2085-97-239 255:91:00:2038,-0.009,0.046,0.995,-0.122,-0.183,0,2.73,0.456,-140.29,-48.2,-56.4,-23.707,29.22,0.33936,0.01187,-0.02109,-0.94031
 13:48:47.278,eb:33:2e:f9:57:b5, 2085-97-241 255:93:00:2042,-0.006,0.044,0.996,-0.061,-0.244,-0.061,2.73,0.456,-140.29,-48.2,-56.4,-23.707,29.22,0.33936,0.01187,-0.02109,-0.94031
 13:48:47.278,eb:33:2e:f9:57:b5, 2085-97-241 255:93:00:2043,-0.007,0.046,0.998,0,-0.183,-0.122,2.73,0.456,-140.29,-48.2,-56.4,-23.707,29.22,0.33936,0.01187,-0.02109,-0.94031
 13:48:47.278,eb:33:2e:f9:57:b5, 2085-97-242 255:92:00:2042,-0.007,0.045,0.997,0.061,-0.122,-0.122,2.73,0.456,-140.29,-48.2,-56.4,-23.707,29.22,0.33936,0.01187,-0.02109,-0.94031
 13:48:47.368,eb:33:2e:f9:57:b5, 2085-97-241 255:93:00:2042,-0.007,0.045,0.998,0.061,-0.061,-0.122,2.73,0.456,-140.284,-48.2,-56.4,-23.707,29.22,0.33936,0.01187,-0.02109,-0.94031
 13:48:47.368,eb:33:2e:f9:57:b5, 2085-97-238 255:93:00:2041,-0.009,0.046,0.998,0.061,-0.061,-0.061,2.73,0.456,-140.284,-48.2,-56.4,-23.707,29.22,0.33936,0.01187,-0.02109,-0.94031
 13:48:47.368,eb:33:2e:f9:57:b5, 2085-97-238 255:92:00:2039,-0.008,0.045,0.997,0.061,-0.122,0,2.73,0.456,-140.284,-48.2,-56.4,-23.707,29.22,0.33936,0.01187,-0.02109,-0.94031
 13:48:47.368,eb:33:2e:f9:57:b5, 2085-97-241 255:94:00:2040,-0.007,0.045,0.996,0,-0.122,0,2.73,0.456,-140.284,-48.2,-56.4,-23.707,29.22,0.33936,0.01187,-0.02109,-0.94031
 13:48:47.371,eb:33:2e:f9:57:b5, 2085-97-243 255:96:00:2043,-0.007,0.046,0.998,0,-0.061,0.061,2.73,0.456,-140.279,-48.2,-56.4,-23.707,29.22,0.33936,0.01187,-0.02109,-0.94031
 13:48:47.371,eb:33:2e:f9:57:b5, 2085-97-241 255:94:00:2039,-0.007,0.046,0.996,0,0,0,2.73,0.456,-140.279,-48.2,-56.4,-23.707,29.22,0.33936,0.01187,-0.02109,-0.94031
 13:48:47.371,eb:33:2e:f9:57:b5, 2085-97-239 255:95:00:2037,-0.008,0.046,0.995,-0.061,0.061,0,2.73,0.456,-140.279,-48.2,-56.4,-23.707,29.22,0.33936,0.01187,-0.02109,-0.94031
 13:48:47.371,eb:33:2e:f9:57:b5, 2085-97-239 255:94:00:2037,-0.008,0.046,0.995,0,0,0,2.73,0.456,-140.279,-48.2,-56.4,-23.707,29.22,0.33936,0.01187,-0.02109,-0.94031
 13:48:47.398,eb:33:2e:f9:57:b5, 2085-97-240 255:92:00:2040,-0.008,0.046,0.995,-0.122,0.061,0,2.73,0.456,-140.273,-48.2,-56.4,-23.707,29.22,0.33936,0.01187,-0.02109,-0.94031
 13:48:47.398,eb:33:2e:f9:57:b5, 2085-97-243 255:91:00:2045,-0.007,0.045,0.998,-0.061,0,0,2.725,0.456,-140.273,-48.2,-56.4,-23.707,29.22,0.33936,0.01187,-0.02109,-0.94031
 13:48:47.398,eb:33:2e:f9:57:b5, 2085-97-238 255:93:00:2040,-0.012,0.046,0.996,-0.061,0.061,0.061,2.725,0.456,-140.273,-48.2,-56.4,-23.707,29.22,0.33936,0.01187,-0.02109,-0.94031
 13:48:47.398,eb:33:2e:f9:57:b5, 2085-97-234 255:91:00:2034,-0.011,0.043,0.994,0,0,0.061,2.725,0.456,-140.273,-48.2,-56.4,-23.707,29.22,0.33936,0.01187,-0.02109,-0.94031
 13:48:47.458,eb:33:2e:f9:57:b5, 2085-97-236 255:92:00:2037,-0.008,0.045,0.994,0,-0.122,0,2.725,0.456,-140.273,-48.2,-56.4,-23.707,29.22,0.33936,0.01187,-0.02109,-0.94031
 13:48:47.458,eb:33:2e:f9:57:b5, 2085-97-238 255:93:00:2040,-0.008,0.045,0.996,0,-0.183,0.061,2.725,0.456,-140.273,-48.2,-56.4,-23.707,29.22,0.33936,0.01187,-0.02109,-0.94031
 13:48:47.458,eb:33:2e:f9:57:b5, 2085-113-64 00:100:11:000,-0.008,0.046,0.995,0,-0.305,0.061,2.725,0.456,-140.268,-48.2,-56.4,-23.707,29.22,0.33936,0.01187,-0.02109,-0.94031
 13:48:47.458,eb:33:2e:f9:57:b5, 2085-97-242 255:95:00:2040,-0.006,0.046,0.995,0,-0.305,0.061,2.725,0.456,-140.268,-48.2,-56.4,-23.707,29.22,0.33936,0.01187,-0.02109,-0.94031
 13:48:47.459,eb:33:2e:f9:57:b5, 2085-97-242 255:95:00:2042,-0.007,0.047,0.997,0.061,-0.122,0,2.725,0.456,-140.268,-48.2,-56.4,-23.707,29.22,0.33936,0.01187,-0.02109,-0.94031
 13:48:47.488,eb:33:2e:f9:57:b5, 2085-97-242 255:96:00:2041,-0.008,0.046,0.997,0,-0.122,-0.061,2.725,0.456,-140.268,-48.2,-56.4,-23.707,29.16,0.33936,0.01187,-0.02109,-0.94031
 13:48:47.488,eb:33:2e:f9:57:b5, 2085-97-239 255:92:00:2041,-0.008,0.045,0.997,0,-0.122,-0.122,2.725,0.456,-140.268,-48.2,-56.4,-23.707,29.16,0.33936,0.01187,-0.02109,-0.94031
 13:48:47.488,eb:33:2e:f9:57:b5, 2085-97-239 255:92:00:2039,-0.008,0.045,0.996,0,-0.122,-0.122,2.725,0.456,-140.262,-48.2,-56.4,-23.707,29.16,0.33936,0.01187,-0.02109,-0.94031
 13:48:47.488,eb:33:2e:f9:57:b5, 2085-97-238 255:94:00:2037,-0.009,0.045,0.995,0,-0.122,-0.061,2.725,0.456,-140.262,-48.2,-56.4,-23.707,29.16,0.33936,0.01187,-0.02109,-0.94031
 13:48:47.519,eb:33:2e:f9:57:b5, 2085-97-238 255:91:00:2037,-0.009,0.045,0.993,0.061,-0.183,-0.122,2.725,0.456,-140.262,-48.2,-56.4,-23.707,29.16,0.33936,0.01187,-0.02109,-0.94031
 13:48:47.519,eb:33:2e:f9:57:b5, 2085-97-237 255:91:00:2038,-0.008,0.044,0.995,0.061,-0.305,0,2.725,0.456,-140.262,-48.2,-56.4,-23.707,29.16,0.33936,0.01187,-0.02109,-0.94031
 13:48:47.519,eb:33:2e:f9:57:b5, 2085-97-238 255:91:00:2040,-0.008,0.045,0.996,0.122,-0.366,0,2.725,0.456,-140.257,-48.2,-56.4,-23.707,29.16,0.33936,0.01187,-0.02109,-0.94031
 13:48:47.519,eb:33:2e:f9:57:b5, 2085-97-239 255:92:00:2039,-0.009,0.046,0.996,0,-0.366,0.061,2.725,0.456,-140.257,-48.2,-56.4,-23.707,29.16,0.33936,0.01187,-0.02109,-0.94031
 13:48:47.578,eb:33:2e:f9:57:b5, 2085-97-240 255:95:00:2041,-0.008,0.046,0.996,0,-0.488,0.183,2.725,0.456,-140.257,-48.2,-56.4,-23.707,29.16,0.33936,0.01187,-0.02109,-0.94031
 13:48:47.578,eb:33:2e:f9:57:b5, 2085-97-243 255:95:00:2042,-0.005,0.045,0.997,-0.061,-0.488,0.183,2.719,0.456,-140.257,-48.2,-56.4,-23.707,29.16,0.33936,0.01187,-0.02109,-0.94031
 13:48:47.578,eb:33:2e:f9:57:b5, 2085-97-245 255:95:00:2041,-0.006,0.046,0.998,-0.122,-0.305,0.183,2.719,0.456,-140.257,-48.2,-56.4,-23.707,29.16,0.33936,0.01187,-0.02109,-0.94031
 13:48:47.578,eb:33:2e:f9:57:b5, 2085-97-244 255:95:00:2042,-0.005,0.046,0.995,-0.183,-0.244,0.183,2.719,0.456,-140.257,-48.2,-56.4,-23.707,29.16,0.33936,0.01187,-0.02109,-0.94031
 13:48:47.608,eb:33:2e:f9:57:b5, 2085-97-243 255:93:00:2040,-0.008,0.047,0.997,-0.183,-0.183,0.122,2.719,0.456,-140.251,-48.2,-56.4,-23.707,29.16,0.33936,0.01187,-0.02109,-0.94031
 13:48:47.608,eb:33:2e:f9:57:b5, 2085-97-239 255:93:00:2038,-0.006,0.045,0.996,-0.305,-0.122,0.183,2.719,0.456,-140.251,-48.2,-56.4,-23.707,29.16,0.33936,0.01187,-0.02109,-0.94031
 13:48:47.608,eb:33:2e:f9:57:b5, 2085-97-246 255:93:00:2043,-0.007,0.046,0.997,-0.244,-0.183,0.183,2.719,0.456,-140.251,-48.2,-56.4,-23.707,29.16,0.33936,0.01187,-0.02109,-0.94031
 13:48:47.608,eb:33:2e:f9:57:b5, 2085-97-241 255:92:00:2040,-0.007,0.045,0.996,-0.244,-0.122,0.183,2.719,0.456,-140.251,-48.2,-56.4,-23.707,29.16,0.33936,0.01187,-0.02109,-0.94031
 13:48:47.639,eb:33:2e:f9:57:b5, 2085-97-243 255:92:00:2042,-0.008,0.045,0.997,-0.244,-0.183,0.305,2.719,0.456,-140.246,-48.2,-56.4,-23.707,29.16,0.33936,0.01187,-0.02109,-0.94031
 13:48:47.639,eb:33:2e:f9:57:b5, 2085-97-241 255:91:00:2041,-0.008,0.044,0.996,-0.244,-0.183,0.366,2.719,0.456,-140.246,-48.2,-56.4,-23.707,29.16,0.33936,0.01187,-0.02109,-0.94031
 13:48:47.639,eb:33:2e:f9:57:b5, 2085-97-242 255:94:00:2038,-0.007,0.045,0.995,-0.183,-0.244,0.366,2.719,0.456,-140.246,-48.2,-56.4,-23.707,29.16,0.33936,0.01187,-0.02109,-0.94031
 13:48:47.641,eb:33:2e:f9:57:b5, 2085-97-242 255:95:00:2039,-0.006,0.045,0.996,-0.183,-0.244,0.366,2.719,0.456,-140.246,-48.2,-56.4,-23.707,29.16,0.33936,0.01187,-0.02109,-0.94031
 13:48:47.699,eb:33:2e:f9:57:b5, 2085-97-243 255:91:00:2040,-0.007,0.045,0.996,-0.122,-0.244,0.366,2.719,0.456,-140.24,-48.2,-56.4,-23.707,29.16,0.33936,0.01187,-0.02109,-0.94031
 13:48:47.699,eb:33:2e:f9:57:b5, 2085-97-242 255:90:00:2041,-0.006,0.045,0.997,-0.183,-0.122,0.305,2.719,0.456,-140.24,-48.2,-56.4,-23.707,29.16,0.33936,0.01187,-0.02109,-0.94031
 13:48:47.699,eb:33:2e:f9:57:b5, 2085-97-242 255:93:00:2040,-0.006,0.045,0.997,-0.122,-0.122,0.305,2.719,0.456,-140.24,-48.2,-56.4,-23.707,29.16,0.33936,0.01187,-0.02109,-0.94031
 13:48:47.699,eb:33:2e:f9:57:b5, 2085-97-243 255:92:00:2038,-0.006,0.045,0.996,-0.122,-0.122,0.244,2.719,0.456,-140.24,-48.2,-56.4,-23.707,29.16,0.33936,0.01187,-0.02109,-0.94031
 13:48:47.729,eb:33:2e:f9:57:b5, 2085-97-244 255:94:00:2041,-0.006,0.045,0.996,-0.122,-0.061,0.183,2.719,0.456,-140.24,-49.8,-55.8,-23.313,29.16,0.33936,0.01187,-0.02109,-0.94031
 13:48:47.729,eb:33:2e:f9:57:b5, 2085-97-244 255:93:00:2041,-0.005,0.045,0.997,-0.183,-0.061,0.244,2.714,0.456,-140.24,-49.8,-55.8,-23.313,29.16,0.33936,0.01187,-0.02109,-0.94031
 13:48:47.729,eb:33:2e:f9:57:b5, 2085-97-244 255:93:00:2041,-0.007,0.045,0.997,-0.122,0,0.183,2.714,0.456,-140.235,-49.8,-55.8,-23.313,29.16,0.33936,0.01187,-0.02109,-0.94031
 13:48:47.729,eb:33:2e:f9:57:b5, 2085-97-240 255:92:00:2035,-0.008,0.045,0.996,-0.122,0,0.183,2.714,0.456,-140.235,-49.8,-55.8,-23.313,29.16,0.33936,0.01187,-0.02109,-0.94031
 13:48:47.758,eb:33:2e:f9:57:b5, 2085-97-239 255:93:00:2033,-0.008,0.045,0.994,-0.122,0,0.061,2.714,0.456,-140.235,-49.8,-55.8,-23.313,29.16,0.33936,0.01187,-0.02109,-0.94031
 13:48:47.758,eb:33:2e:f9:57:b5, 2085-97-239 255:93:00:2033,-0.008,0.045,0.993,-0.122,0,0,2.714,0.456,-140.235,-49.8,-55.8,-23.313,29.16,0.33936,0.01187,-0.02109,-0.94031
 13:48:47.758,eb:33:2e:f9:57:b5, 2085-97-242 255:92:00:2037,-0.007,0.045,0.994,-0.122,-0.122,-0.061,2.714,0.456,-140.229,-49.8,-55.8,-23.313,29.16,0.33936,0.01187,-0.02109,-0.94031
 13:48:47.758,eb:33:2e:f9:57:b5, 2085-97-244 255:93:00:2043,-0.005,0.045,0.997,-0.122,-0.122,-0.061,2.714,0.456,-140.229,-49.8,-55.8,-23.313,29.16,0.33936,0.01187,-0.02109,-0.94031
 13:48:47.818,eb:33:2e:f9:57:b5, 2085-97-245 255:93:00:2042,-0.006,0.045,0.997,-0.122,-0.061,-0.061,2.714,0.45,-140.229,-49.8,-55.8,-23.313,29.16,0.3399,0.01178,-0.02094,-0.94009
 13:48:47.818,eb:33:2e:f9:57:b5, 2085-97-242 255:93:00:2041,-0.006,0.045,0.997,-0.122,0,-0.061,2.714,0.45,-140.229,-49.8,-55.8,-23.313,29.16,0.3399,0.01178,-0.02094,-0.94009
 13:48:47.818,eb:33:2e:f9:57:b5, 2085-97-240 255:92:00:2039,-0.009,0.045,0.996,-0.122,0,-0.122,2.714,0.45,-140.224,-49.8,-55.8,-23.313,29.16,0.3399,0.01178,-0.02094,-0.94009
 13:48:47.818,eb:33:2e:f9:57:b5, 2085-97-238 255:89:00:2038,-0.008,0.044,0.995,-0.122,-0.061,-0.061,2.714,0.45,-140.224,-49.8,-55.8,-23.313,29.16,0.3399,0.01178,-0.02094,-0.94009
 13:48:47.848,eb:33:2e:f9:57:b5, 2085-97-241 255:89:00:2040,-0.007,0.044,0.996,-0.061,-0.122,-0.061,2.714,0.45,-140.224,-49.8,-55.8,-23.313,29.16,0.3399,0.01178,-0.02094,-0.94009
 13:48:47.848,eb:33:2e:f9:57:b5, 2085-97-243 255:90:00:2039,-0.008,0.043,0.995,-0.061,-0.122,-0.122,2.714,0.45,-140.224,-49.8,-55.8,-23.313,29.16,0.3399,0.01178,-0.02094,-0.94009
 13:48:47.848,eb:33:2e:f9:57:b5, 2085-97-239 255:91:00:2036,-0.008,0.043,0.995,0,-0.183,-0.183,2.714,0.45,-140.224,-49.8,-55.8,-23.313,29.16,0.3399,0.01178,-0.02094,-0.94009
 13:48:47.849,eb:33:2e:f9:57:b5, 2085-97-239 255:90:00:2035,-0.007,0.045,0.993,0,-0.366,-0.122,2.714,0.45,-140.224,-49.8,-55.8,-23.313,29.16,0.3399,0.01178,-0.02094,-0.94009
 13:48:47.879,eb:33:2e:f9:57:b5, 2085-97-242 255:91:00:2037,-0.007,0.044,0.994,-0.061,-0.427,-0.122,2.708,0.45,-140.219,-49.8,-55.8,-23.313,29.16,0.3399,0.01178,-0.02094,-0.94009
 13:48:47.879,eb:33:2e:f9:57:b5, 2085-97-243 255:92:00:2039,-0.006,0.044,0.995,-0.061,-0.366,-0.122,2.708,0.45,-140.219,-49.8,-55.8,-23.313,29.16,0.3399,0.01178,-0.02094,-0.94009
 13:48:47.879,eb:33:2e:f9:57:b5, 2085-97-245 255:89:00:2045,-0.005,0.044,0.997,-0.061,-0.427,-0.122,2.708,0.45,-140.219,-49.8,-55.8,-23.313,29.16,0.3399,0.01178,-0.02094,-0.94009
 13:48:47.879,eb:33:2e:f9:57:b5, 2085-97-245 255:91:00:2045,-0.005,0.043,0.999,-0.122,-0.366,-0.061,2.708,0.45,-140.219,-49.8,-55.8,-23.313,29.16,0.3399,0.01178,-0.02094,-0.94009
 13:48:47.939,eb:33:2e:f9:57:b5, 2085-97-248 255:93:00:2048,-0.005,0.045,0.999,-0.183,-0.305,0,2.708,0.45,-140.213,-49.8,-55.8,-23.313,29.16,0.3399,0.01178,-0.02094,-0.94009
 13:48:47.939,eb:33:2e:f9:57:b5, 2085-97-245 255:92:00:2042,-0.006,0.044,0.998,-0.122,-0.122,0.122,2.708,0.45,-140.213,-49.8,-55.8,-23.313,29.16,0.3399,0.01178,-0.02094,-0.94009
 13:48:47.939,eb:33:2e:f9:57:b5, 2085-97-244 255:92:00:2038,-0.007,0.044,0.996,-0.122,-0.061,0.122,2.708,0.45,-140.213,-49.8,-55.8,-23.313,29.16,0.3399,0.01178,-0.02094,-0.94009
 13:48:47.939,eb:33:2e:f9:57:b5, 2085-97-241 255:91:00:2038,-0.006,0.044,0.995,-0.122,0,0.122,2.708,0.45,-140.213,-49.8,-55.8,-23.313,29.16,0.3399,0.01178,-0.02094,-0.94009
 13:48:47.968,eb:33:2e:f9:57:b5, 2085-97-243 255:93:00:2038,-0.007,0.044,0.996,-0.122,-0.122,0.122,2.708,0.45,-140.213,-49.8,-55.8,-23.313,29.16,0.3399,0.01178,-0.02094,-0.94009
 13:48:47.968,eb:33:2e:f9:57:b5, 2085-97-239 255:90:00:2039,-0.007,0.044,0.995,-0.122,-0.061,0.061,2.708,0.45,-140.213,-49.8,-55.8,-23.313,29.16,0.3399,0.01178,-0.02094,-0.94009
 13:48:47.968,eb:33:2e:f9:57:b5, 2085-97-245 255:90:00:2043,-0.004,0.043,0.997,-0.183,-0.122,0.061,2.708,0.45,-140.208,-49.8,-55.8,-23.313,29.16,0.3399,0.01178,-0.02094,-0.94009
 13:48:47.968,eb:33:2e:f9:57:b5, 2085-97-244 255:93:00:2040,-0.006,0.045,0.998,-0.183,-0.122,0,2.703,0.45,-140.208,-49.8,-55.8,-23.313,29.16,0.3399,0.01178,-0.02094,-0.94009
 13:48:47.999,eb:33:2e:f9:57:b5, 2085-97-241 255:90:00:2038,-0.007,0.044,0.995,-0.183,-0.061,0,2.703,0.45,-140.208,-49.5,-56.5,-21.133,29.16,0.3399,0.01178,-0.02094,-0.94009
 13:48:47.999,eb:33:2e:f9:57:b5, 2085-97-242 255:87:00:2042,-0.005,0.042,0.996,-0.061,-0.061,0.061,2.703,0.45,-140.208,-49.5,-56.5,-21.133,29.16,0.3399,0.01178,-0.02094,-0.94009
 13:48:47.999,eb:33:2e:f9:57:b5, 2085-97-245 255:91:00:2042,-0.007,0.044,0.998,0,0,0.122,2.703,0.45,-140.202,-49.5,-56.5,-21.133,29.16,0.3399,0.01178,-0.02094,-0.94009
 13:48:47.999,eb:33:2e:f9:57:b5, 2085-97-238 255:90:00:2034,-0.008,0.044,0.995,0,-0.061,0.122,2.703,0.45,-140.202,-49.5,-56.5,-21.133,29.16,0.3399,0.01178,-0.02094,-0.94009
 13:48:48.089,eb:33:2e:f9:57:b5, 2085-97-242 255:92:00:2036,-0.006,0.044,0.994,0,-0.183,0.061,2.703,0.45,-140.202,-49.5,-56.5,-21.133,29.16,0.3399,0.01178,-0.02094,-0.94009
 13:48:48.089,eb:33:2e:f9:57:b5, 2085-113-81 00:137:43:384,-0.007,0.043,0.996,0.061,-0.122,0,2.703,0.45,-140.202,-49.5,-56.5,-21.133,29.16,0.3399,0.01178,-0.02094,-0.94009
 13:48:48.089,eb:33:2e:f9:57:b5, 2085-97-242 255:90:00:2038,-0.006,0.043,0.996,0,-0.183,0,2.703,0.445,-140.202,-49.5,-56.5,-21.133,29.16,0.3399,0.01178,-0.02094,-0.94009
 13:48:48.089,eb:33:2e:f9:57:b5, 2085-97-244 255:92:00:2040,-0.007,0.045,0.995,0.061,-0.244,0,2.703,0.445,-140.202,-49.5,-56.5,-21.133,29.16,0.3399,0.01178,-0.02094,-0.94009
 13:48:48.091,eb:33:2e:f9:57:b5, 2085-97-241 255:90:00:2041,-0.005,0.043,0.997,0,-0.244,0,2.703,0.445,-140.197,-49.5,-56.5,-21.133,29.16,0.3399,0.01178,-0.02094,-0.94009
 13:48:48.091,eb:33:2e:f9:57:b5, 2085-97-248 255:94:00:2046,-0.003,0.045,0.998,0.061,-0.244,0,2.703,0.445,-140.197,-49.5,-56.5,-21.133,29.16,0.3399,0.01178,-0.02094,-0.94009
 13:48:48.091,eb:33:2e:f9:57:b5, 2085-97-248 255:93:00:2046,-0.005,0.045,0.999,0,-0.061,0,2.703,0.445,-140.197,-49.5,-56.5,-21.133,29.16,0.3399,0.01178,-0.02094,-0.94009
 13:48:48.091,eb:33:2e:f9:57:b5, 2085-97-246 255:91:00:2048,-0.004,0.044,0.999,0.061,0,0.061,2.697,0.445,-140.197,-49.5,-56.5,-21.133,29.16,0.34012,0.01172,-0.02084,-0.94003
 13:48:48.117,eb:33:2e:f9:57:b5, 2085-97-247 255:92:00:2044,-0.005,0.045,1,0.061,0.122,0.061,2.697,0.445,-140.191,-49.5,-56.5,-21.133,29.16,0.34012,0.01172,-0.02084,-0.94003
 13:48:48.117,eb:33:2e:f9:57:b5, 2085-97-242 255:90:00:2039,-0.007,0.044,0.996,0.122,0.122,0.122,2.697,0.445,-140.191,-49.5,-56.5,-21.133,29.16,0.34012,0.01172,-0.02084,-0.94003
 13:48:48.117,eb:33:2e:f9:57:b5, 2085-97-243 255:90:00:2039,-0.007,0.043,0.996,0.183,0.122,0.122,2.697,0.445,-140.191,-49.5,-56.5,-21.133,29.16,0.34012,0.01172,-0.02084,-0.94003
 13:48:48.117,eb:33:2e:f9:57:b5, 2085-97-240 255:91:00:2037,-0.009,0.044,0.996,0.244,0.122,0.122,2.697,0.445,-140.191,-49.5,-56.5,-21.133,29.16,0.34012,0.01172,-0.02084,-0.94003
 13:48:48.179,eb:33:2e:f9:57:b5, 2085-97-236 255:88:00:2032,-0.01,0.044,0.993,0.244,0.061,0.122,2.697,0.445,-140.191,-49.5,-56.5,-21.133,29.16,0.34012,0.01172,-0.02084,-0.94003
 13:48:48.179,eb:33:2e:f9:57:b5, 2085-97-238 255:89:00:2035,-0.007,0.042,0.993,0.305,-0.122,0.122,2.697,0.445,-140.191,-49.5,-56.5,-21.133,29.16,0.34012,0.01172,-0.02084,-0.94003
 13:48:48.179,eb:33:2e:f9:57:b5, 2085-97-245 255:93:00:2038,-0.006,0.045,0.994,0.305,-0.122,0.061,2.697,0.445,-140.186,-49.5,-56.5,-21.133,29.16,0.34012,0.01172,-0.02084,-0.94003
 13:48:48.179,eb:33:2e:f9:57:b5, 2085-97-242 255:93:00:2037,-0.007,0.046,0.996,0.183,-0.122,0.061,2.697,0.445,-140.186,-49.5,-56.5,-21.133,29.16,0.34012,0.01172,-0.02084,-0.94003
 13:48:48.208,eb:33:2e:f9:57:b5, 2085-97-242 255:91:00:2038,-0.006,0.044,0.994,0.183,-0.122,0,2.697,0.445,-140.186,-49.5,-56.5,-21.133,29.16,0.34012,0.01172,-0.02084,-0.94003
 13:48:48.208,eb:33:2e:f9:57:b5, 2085-97-244 255:93:00:2041,-0.006,0.045,0.996,0.183,-0.183,0,2.697,0.445,-140.186,-49.5,-56.5,-21.133,29.16,0.34012,0.01172,-0.02084,-0.94003
 13:48:48.209,eb:33:2e:f9:57:b5, 2085-97-246 255:95:00:2042,-0.005,0.046,0.996,0.122,-0.122,0,2.697,0.445,-140.18,-49.5,-56.5,-21.133,29.16,0.34012,0.01172,-0.02084,-0.94003
 13:48:48.209,eb:33:2e:f9:57:b5, 2085-97-243 255:92:00:2042,-0.005,0.046,0.997,0.061,0,0,2.697,0.445,-140.18,-49.5,-56.5,-21.133,29.16,0.34012,0.01172,-0.02084,-0.94003
 13:48:48.238,eb:33:2e:f9:57:b5, 2085-97-242 255:90:00:2040,-0.006,0.045,0.997,0.122,0,0,2.697,0.445,-140.18,-49.5,-56.5,-21.133,29.16,0.34012,0.01172,-0.02084,-0.94003
 13:48:48.238,eb:33:2e:f9:57:b5, 2085-97-244 255:93:00:2038,-0.006,0.045,0.996,0.122,0,0.061,2.692,0.445,-140.18,-49.5,-56.5,-21.133,29.16,0.34012,0.01172,-0.02084,-0.94003
 13:48:48.238,eb:33:2e:f9:57:b5, 2085-97-243 255:92:00:2040,-0.007,0.045,0.996,0.122,0,0.061,2.692,0.445,-140.18,-49.5,-56.5,-21.133,29.16,0.34012,0.01172,-0.02084,-0.94003
 13:48:48.238,eb:33:2e:f9:57:b5, 2085-97-242 255:93:00:2038,-0.007,0.046,0.995,0.122,0,0,2.692,0.439,-140.18,-49.5,-56.5,-21.133,29.16,0.34012,0.01172,-0.02084,-0.94003
 13:48:48.298,eb:33:2e:f9:57:b5, 2085-97-242 255:93:00:2039,-0.005,0.045,0.996,0.061,0,0,2.692,0.439,-140.175,-49.5,-56.5,-21.133,29.16,0.34012,0.01172,-0.02084,-0.94003
 13:48:48.298,eb:33:2e:f9:57:b5, 2085-97-244 255:95:00:2040,-0.006,0.045,0.996,0,0,0,2.692,0.439,-140.175,-49.5,-56.5,-21.133,29.16,0.34012,0.01172,-0.02084,-0.94003
 13:48:48.298,eb:33:2e:f9:57:b5, 2085-97-242 255:93:00:2037,-0.007,0.046,0.995,0,0,0,2.692,0.439,-140.175,-49.5,-56.5,-21.133,29.16,0.34012,0.01172,-0.02084,-0.94003
 13:48:48.298,eb:33:2e:f9:57:b5, 2085-97-243 255:90:00:2040,-0.006,0.045,0.996,-0.061,0,0,2.692,0.439,-140.175,-49.5,-56.5,-21.133,29.16,0.34012,0.01172,-0.02084,-0.94003
 13:48:48.328,eb:33:2e:f9:57:b5, 2085-97-242 255:91:00:2038,-0.006,0.044,0.996,0,0,-0.061,2.692,0.439,-140.169,-46.9,-56.3,-23.68,29.16,0.34012,0.01172,-0.02084,-0.94003
 13:48:48.328,eb:33:2e:f9:57:b5, 2085-97-244 255:93:00:2040,-0.006,0.045,0.997,-0.061,0,0,2.692,0.439,-140.169,-46.9,-56.3,-23.68,29.16,0.34012,0.01172,-0.02084,-0.94003
 13:48:48.328,eb:33:2e:f9:57:b5, 2085-97-239 255:92:00:2035,-0.009,0.045,0.996,0,0,0,2.692,0.439,-140.169,-46.9,-56.3,-23.68,29.16,0.34012,0.01172,-0.02084,-0.94003
 13:48:48.328,eb:33:2e:f9:57:b5, 2085-97-235 255:89:00:2030,-0.009,0.044,0.991,0,-0.061,0,2.692,0.439,-140.169,-46.9,-56.3,-23.68,29.16,0.34012,0.01172,-0.02084,-0.94003
 13:48:48.359,eb:33:2e:f9:57:b5, 2085-97-241 255:93:00:2036,-0.006,0.045,0.992,0,-0.366,0,2.692,0.439,-140.169,-46.9,-56.3,-23.68,29.16,0.34012,0.01172,-0.02084,-0.94003
 13:48:48.359,eb:33:2e:f9:57:b5, 2085-97-246 255:92:00:2042,-0.005,0.045,0.995,0,-0.366,0,2.692,0.439,-140.169,-46.9,-56.3,-23.68,29.16,0.34012,0.01172,-0.02084,-0.94003
 13:48:48.359,eb:33:2e:f9:57:b5, 2085-97-248 255:93:00:2046,-0.004,0.045,0.999,0,-0.305,0,2.692,0.439,-140.164,-46.9,-56.3,-23.68,29.16,0.34012,0.01172,-0.02084,-0.94003
 13:48:48.359,eb:33:2e:f9:57:b5, 2085-97-250 255:95:00:2049,-0.003,0.045,1,-0.061,-0.122,0,2.692,0.439,-140.164,-46.9,-56.3,-23.68,29.16,0.34012,0.01172,-0.02084,-0.94003
 13:48:48.418,eb:33:2e:f9:57:b5, 2085-97-249 255:93:00:2047,-0.004,0.046,1,-0.122,0.061,0.061,2.692,0.439,-140.164,-46.9,-56.3,-23.68,29.16,0.34045,0.01163,-0.02075,-0.93991
 13:48:48.418,eb:33:2e:f9:57:b5, 2085-97-246 255:91:00:2045,-0.006,0.045,0.999,-0.122,0.183,0.061,2.692,0.439,-140.164,-46.9,-56.3,-23.68,29.16,0.34045,0.01163,-0.02075,-0.93991
 13:48:48.418,eb:33:2e:f9:57:b5, 2085-97-241 255:89:00:2039,-0.009,0.044,0.998,0,0.244,0.122,2.692,0.439,-140.158,-46.9,-56.3,-23.68,29.16,0.34045,0.01163,-0.02075,-0.93991
 13:48:48.418,eb:33:2e:f9:57:b5, 2085-97-237 255:90:00:2032,-0.009,0.044,0.994,-0.061,0.183,0.061,2.686,0.439,-140.158,-46.9,-56.3,-23.68,29.16,0.34045,0.01163,-0.02075,-0.93991
 13:48:48.448,eb:33:2e:f9:57:b5, 2085-97-238 255:91:00:2032,-0.008,0.045,0.992,0,0.061,0.122,2.686,0.439,-140.158,-46.9,-56.3,-23.68,29.16,0.34045,0.01163,-0.02075,-0.93991
 13:48:48.448,eb:33:2e:f9:57:b5, 2085-97-241 255:90:00:2035,-0.006,0.044,0.993,-0.061,0,0.061,2.686,0.439,-140.158,-46.9,-56.3,-23.68,29.16,0.34045,0.01163,-0.02075,-0.93991
 13:48:48.448,eb:33:2e:f9:57:b5, 2085-97-242 255:94:00:2039,-0.006,0.045,0.996,-0.122,0,0,2.686,0.439,-140.158,-46.9,-56.3,-23.68,29.16,0.34045,0.01163,-0.02075,-0.93991
 13:48:48.448,eb:33:2e:f9:57:b5, 2085-97-241 255:94:00:2040,-0.006,0.045,0.996,-0.183,0,0,2.686,0.439,-140.158,-46.9,-56.3,-23.68,29.16,0.34045,0.01163,-0.02075,-0.93991
 13:48:48.479,eb:33:2e:f9:57:b5, 2085-97-244 255:92:00:2039,-0.006,0.045,0.996,-0.183,0,0,2.686,0.439,-140.153,-46.9,-56.3,-23.68,29.16,0.34045,0.01163,-0.02075,-0.93991
 13:48:48.479,eb:33:2e:f9:57:b5, 2085-97-240 255:90:00:2038,-0.008,0.045,0.996,-0.183,0,0,2.686,0.439,-140.153,-46.9,-56.3,-23.68,29.16,0.34045,0.01163,-0.02075,-0.93991
 13:48:48.479,eb:33:2e:f9:57:b5, 2085-97-241 255:92:00:2037,-0.008,0.044,0.994,-0.122,-0.122,0,2.686,0.439,-140.153,-46.9,-56.3,-23.68,29.16,0.34045,0.01163,-0.02075,-0.93991
 13:48:48.479,eb:33:2e:f9:57:b5, 2085-97-240 255:91:00:2038,-0.007,0.044,0.995,-0.122,-0.122,0,2.686,0.439,-140.153,-46.9,-56.3,-23.68,29.16,0.34045,0.01163,-0.02075,-0.93991
 13:48:48.569,eb:33:2e:f9:57:b5, 2085-97-243 255:91:00:2040,-0.005,0.044,0.995,-0.122,-0.122,-0.061,2.686,0.439,-140.147,-46.9,-56.3,-23.68,29.16,0.34045,0.01163,-0.02075,-0.93991
 13:48:48.569,eb:33:2e:f9:57:b5, 2085-97-247 255:89:00:2044,-0.004,0.044,0.998,-0.061,-0.122,-0.122,2.686,0.439,-140.147,-46.9,-56.3,-23.68,29.16,0.34045,0.01163,-0.02075,-0.93991
 13:48:48.569,eb:33:2e:f9:57:b5, 2085-97-248 255:92:00:2045,-0.004,0.044,0.999,-0.061,0,-0.061,2.686,0.434,-140.147,-46.9,-56.3,-23.68,29.16,0.34045,0.01163,-0.02075,-0.93991
 13:48:48.569,eb:33:2e:f9:57:b5, 2085-97-246 255:92:00:2045,-0.006,0.045,0.999,-0.061,0,0,2.686,0.434,-140.147,-46.9,-56.3,-23.68,29.16,0.34045,0.01163,-0.02075,-0.93991
 13:48:48.571,eb:33:2e:f9:57:b5, 2085-97-243 255:89:00:2043,-0.008,0.044,0.997,-0.061,0.122,0,2.686,0.434,-140.147,-46.9,-56.3,-23.68,29.16,0.34045,0.01163,-0.02075,-0.93991
 13:48:48.571,eb:33:2e:f9:57:b5, 2085-97-241 255:90:00:2041,-0.007,0.044,0.998,0,0.122,0,2.686,0.434,-140.147,-46.9,-56.3,-23.68,29.16,0.34045,0.01163,-0.02075,-0.93991
 13:48:48.571,eb:33:2e:f9:57:b5, 2085-97-242 255:91:00:2039,-0.007,0.044,0.996,0,0.122,0,2.686,0.434,-140.142,-46.9,-56.3,-23.68,29.16,0.34045,0.01163,-0.02075,-0.93991
 13:48:48.571,eb:33:2e:f9:57:b5, 2085-97-242 255:92:00:2037,-0.008,0.044,0.995,-0.061,0,0.061,2.681,0.434,-140.142,-46.9,-56.3,-23.68,29.16,0.34045,0.01163,-0.02075,-0.93991
 13:48:48.598,eb:33:2e:f9:57:b5, 2085-97-239 255:89:00:2034,-0.008,0.044,0.994,0,0,0.061,2.681,0.434,-140.142,-48.8,-57,-21.74,29.16,0.34045,0.01163,-0.02075,-0.93991
 13:48:48.598,eb:33:2e:f9:57:b5, 2085-97-236 255:90:00:2035,-0.009,0.043,0.994,0,-0.061,0,2.681,0.434,-140.142,-48.8,-57,-21.74,29.16,0.34045,0.01163,-0.02075,-0.93991
 13:48:48.598,eb:33:2e:f9:57:b5, 2085-97-238 255:90:00:2034,-0.008,0.044,0.994,0,-0.122,0,2.681,0.434,-140.142,-48.8,-57,-21.74,29.16,0.34045,0.01163,-0.02075,-0.93991
 13:48:48.598,eb:33:2e:f9:57:b5, 2085-97-242 255:92:00:2037,-0.006,0.044,0.994,0,-0.244,0,2.681,0.434,-140.142,-48.8,-57,-21.74,29.16,0.34045,0.01163,-0.02075,-0.93991
 13:48:48.658,eb:33:2e:f9:57:b5, 2085-97-243 255:93:00:2041,-0.007,0.045,0.996,-0.061,-0.183,0,2.681,0.434,-140.136,-48.8,-57,-21.74,29.16,0.34045,0.01163,-0.02075,-0.93991
 13:48:48.658,eb:33:2e:f9:57:b5, 2085-97-243 255:90:00:2042,-0.005,0.044,0.998,0,-0.183,0,2.681,0.434,-140.136,-48.8,-57,-21.74,29.16,0.34045,0.01163,-0.02075,-0.93991
 13:48:48.658,eb:33:2e:f9:57:b5, 2085-97-243 255:93:00:2039,-0.008,0.045,0.997,0,-0.061,0,2.681,0.434,-140.136,-48.8,-57,-21.74,29.16,0.34045,0.01163,-0.02075,-0.93991
 13:48:48.658,eb:33:2e:f9:57:b5, 2085-97-240 255:89:00:2039,-0.006,0.044,0.996,0,-0.122,0,2.681,0.434,-140.136,-48.8,-57,-21.74,29.16,0.34045,0.01163,-0.02075,-0.93991
 13:48:48.690,eb:33:2e:f9:57:b5, 2085-97-245 255:91:00:2041,-0.006,0.043,0.997,0,-0.122,0,2.681,0.434,-140.131,-48.8,-57,-21.74,29.16,0.34067,0.01157,-0.02069,-0.93982
 13:48:48.690,eb:33:2e:f9:57:b5, 2085-97-242 255:90:00:2040,-0.006,0.043,0.996,0,-0.183,0,2.681,0.434,-140.131,-48.8,-57,-21.74,29.16,0.34067,0.01157,-0.02069,-0.93982
 13:48:48.690,eb:33:2e:f9:57:b5, 2085-97-244 255:91:00:2043,-0.006,0.045,0.998,0,-0.122,0,2.681,0.434,-140.131,-48.8,-57,-21.74,29.16,0.34067,0.01157,-0.02069,-0.93982
 13:48:48.690,eb:33:2e:f9:57:b5, 2085-97-246 255:91:00:2044,-0.005,0.043,0.997,0.061,-0.061,0.061,2.681,0.434,-140.131,-48.8,-57,-21.74,29.16,0.34067,0.01157,-0.02069,-0.93982
 13:48:48.748,eb:33:2e:f9:57:b5, 2085-97-244 255:90:00:2042,-0.007,0.044,0.998,0.061,0,0.061,2.681,0.434,-140.131,-48.8,-57,-21.74,29.16,0.34067,0.01157,-0.02069,-0.93982
 13:48:48.748,eb:33:2e:f9:57:b5, 2085-97-241 255:91:00:2039,-0.006,0.043,0.995,0.061,0,0.122,2.675,0.434,-140.131,-48.8,-57,-21.74,29.16,0.34067,0.01157,-0.02069,-0.93982
 13:48:48.748,eb:33:2e:f9:57:b5, 2085-97-245 255:91:00:2041,-0.006,0.045,0.997,0,0,0.122,2.675,0.434,-140.125,-48.8,-57,-21.74,29.16,0.34067,0.01157,-0.02069,-0.93982
 13:48:48.748,eb:33:2e:f9:57:b5, 2085-97-243 255:90:00:2038,-0.007,0.044,0.997,0.061,0,0.122,2.675,0.434,-140.125,-48.8,-57,-21.74,29.16,0.34067,0.01157,-0.02069,-0.93982
 13:48:48.868,eb:33:2e:f9:57:b5, 2085-97-243 255:92:00:2040,-0.006,0.044,0.996,0.061,-0.061,0.122,2.675,0.434,-140.125,-48.8,-57,-21.74,29.16,0.34067,0.01157,-0.02069,-0.93982
 13:48:48.868,eb:33:2e:f9:57:b5, 2085-97-243 255:92:00:2041,-0.006,0.045,0.996,0,-0.061,0.061,2.675,0.434,-140.125,-48.8,-57,-21.74,29.16,0.34067,0.01157,-0.02069,-0.93982
 13:48:48.868,eb:33:2e:f9:57:b5, 2085-97-246 255:90:00:2041,-0.006,0.043,0.996,0.061,0,0.061,2.675,0.434,-140.125,-48.8,-57,-21.74,29.16,0.34067,0.01157,-0.02069,-0.93982
 13:48:48.868,eb:33:2e:f9:57:b5, 2085-97-244 255:91:00:2041,-0.006,0.044,0.996,0.061,0,0.122,2.675,0.434,-140.125,-48.8,-57,-21.74,29.16,0.34067,0.01157,-0.02069,-0.93982
 13:48:48.871,eb:33:2e:f9:57:b5, 2085-97-244 255:94:00:2043,-0.005,0.045,0.998,0.061,0.061,0.122,2.675,0.434,-140.12,-48.8,-57,-21.74,29.16,0.34067,0.01157,-0.02069,-0.93982
 13:48:48.871,eb:33:2e:f9:57:b5, 2085-97-243 255:93:00:2040,-0.007,0.045,0.997,0.061,0.122,0.122,2.675,0.434,-140.12,-48.8,-57,-21.74,29.16,0.34067,0.01157,-0.02069,-0.93982
 13:48:48.871,eb:33:2e:f9:57:b5, 2085-97-243 255:92:00:2039,-0.007,0.045,0.995,0.061,0.122,0.122,2.675,0.434,-140.12,-48.8,-57,-21.74,29.16,0.34067,0.01157,-0.02069,-0.93982
 13:48:48.871,eb:33:2e:f9:57:b5, 2085-97-242 255:92:00:2039,-0.006,0.045,0.996,0.061,0.183,0,2.675,0.428,-140.12,-48.8,-57,-21.74,29.16,0.34067,0.01157,-0.02069,-0.93982
 13:48:48.871,eb:33:2e:f9:57:b5, 2085-97-243 255:91:00:2036,-0.007,0.044,0.995,0.061,0.244,0,2.675,0.428,-140.114,-48.8,-57,-21.74,29.16,0.34067,0.01157,-0.02069,-0.93982
 13:48:48.871,eb:33:2e:f9:57:b5, 2085-97-240 255:92:00:2035,-0.007,0.044,0.994,0.061,0.183,-0.061,2.675,0.428,-140.114,-48.8,-57,-21.74,29.16,0.34067,0.01157,-0.02069,-0.93982
 13:48:48.871,eb:33:2e:f9:57:b5, 2085-97-241 255:92:00:2036,-0.006,0.044,0.994,0.061,0.122,-0.061,2.675,0.428,-140.114,-48.8,-57,-21.74,29.16,0.34067,0.01157,-0.02069,-0.93982
 13:48:48.872,eb:33:2e:f9:57:b5, 2085-97-242 255:91:00:2039,-0.008,0.045,0.995,0.122,0.061,-0.122,2.675,0.428,-140.114,-48.8,-57,-21.74,29.16,0.34067,0.01157,-0.02069,-0.93982
 13:48:48.929,eb:33:2e:f9:57:b5, 2085-97-239 255:87:00:2037,-0.008,0.044,0.995,0.061,0.122,-0.122,2.67,0.428,-140.114,-48.8,-57,-21.74,29.16,0.34067,0.01157,-0.02069,-0.93982
 13:48:48.929,eb:33:2e:f9:57:b5, 2085-97-244 255:92:00:2041,-0.003,0.043,0.995,0.061,0,0,2.67,0.428,-140.114,-48.8,-57,-21.74,29.16,0.34067,0.01157,-0.02069,-0.93982
 13:48:48.929,eb:33:2e:f9:57:b5, 2085-97-246 255:93:00:2045,-0.008,0.045,0.999,0.122,0.061,-0.061,2.67,0.428,-140.109,-48.8,-57,-21.74,29.16,0.34067,0.01157,-0.02069,-0.93982
 13:48:48.930,eb:33:2e:f9:57:b5, 2085-97-237 255:90:00:2036,-0.006,0.044,0.996,0.061,0.061,0,2.67,0.428,-140.109,-48.8,-57,-21.74,29.16,0.34067,0.01157,-0.02069,-0.93982
 13:48:48.930,eb:33:2e:f9:57:b5, 2085-113-58 00:59:227:-8175,-0.006,0.045,0.996,0.061,0,0,2.67,0.428,-140.109,-48.8,-57,-21.74,29.16,0.34067,0.01157,-0.02069,-0.93982
 13:48:48.932,eb:33:2e:f9:57:b5, 2085-97-244 255:90:00:2042,-0.006,0.044,0.996,0.061,0.061,0,2.67,0.428,-140.109,-48.8,-57,-21.74,29.16,0.34067,0.01157,-0.02069,-0.93982
 13:48:48.932,eb:33:2e:f9:57:b5, 2085-97-241 255:93:00:2039,-0.008,0.045,0.996,0.061,0.122,0,2.67,0.428,-140.109,-48.8,-57,-21.74,29.16,0.34067,0.01157,-0.02069,-0.93982
 13:48:48.932,eb:33:2e:f9:57:b5, 2085-97-240 255:92:00:2036,-0.008,0.045,0.994,0.061,0.061,0,2.67,0.428,-140.109,-48.8,-57,-21.74,29.16,0.34067,0.01157,-0.02069,-0.93982
 13:48:48.932,eb:33:2e:f9:57:b5, 2085-97-241 255:93:00:2037,-0.008,0.045,0.995,0,0,0,2.67,0.428,-140.109,-48.8,-57,-21.74,29.16,0.34067,0.01157,-0.02069,-0.93982
 13:48:48.989,eb:33:2e:f9:57:b5, 2085-97-241 255:91:00:2038,-0.007,0.044,0.995,0,0,-0.061,2.67,0.428,-140.103,-49.1,-54.5,-24.467,29.16,0.34067,0.01157,-0.02069,-0.93982
 13:48:48.989,eb:33:2e:f9:57:b5, 2085-97-244 255:93:00:2040,-0.006,0.045,0.996,0,0,-0.122,2.67,0.428,-140.103,-49.1,-54.5,-24.467,29.16,0.34067,0.01157,-0.02069,-0.93982
 13:48:48.989,eb:33:2e:f9:57:b5, 2085-97-242 255:90:00:2041,-0.007,0.045,0.997,0,0,-0.061,2.67,0.428,-140.103,-49.1,-54.5,-24.467,29.16,0.34067,0.01157,-0.02069,-0.93982
 13:48:48.989,eb:33:2e:f9:57:b5, 2085-97-242 255:91:00:2040,-0.007,0.044,0.997,-0.061,0,-0.061,2.67,0.428,-140.103,-49.1,-54.5,-24.467,29.16,0.34067,0.01157,-0.02069,-0.93982
 13:48:49.018,eb:33:2e:f9:57:b5, 2085-97-241 255:91:00:2038,-0.008,0.045,0.996,-0.061,0,0,2.67,0.428,-140.098,-49.1,-54.5,-24.467,29.16,0.34097,0.01147,-0.0206,-0.93973
 13:48:49.018,eb:33:2e:f9:57:b5, 2085-97-240 255:92:00:2037,-0.007,0.045,0.996,-0.061,0,0,2.67,0.428,-140.098,-49.1,-54.5,-24.467,29.16,0.34097,0.01147,-0.0206,-0.93973
 13:48:49.018,eb:33:2e:f9:57:b5, 2085-97-242 255:92:00:2039,-0.006,0.045,0.996,-0.122,0,0,2.67,0.428,-140.098,-49.1,-54.5,-24.467,29.16,0.34097,0.01147,-0.0206,-0.93973
 13:48:49.018,eb:33:2e:f9:57:b5, 2085-97-242 255:91:00:2038,-0.006,0.045,0.995,-0.183,0,0,2.67,0.428,-140.098,-49.1,-54.5,-24.467,29.16,0.34097,0.01147,-0.0206,-0.93973
 13:48:49.048,eb:33:2e:f9:57:b5, 2085-97-242 255:92:00:2040,-0.007,0.044,0.996,-0.061,0,0,2.67,0.428,-140.098,-49.1,-54.5,-24.467,29.16,0.34097,0.01147,-0.0206,-0.93973
 13:48:49.048,eb:33:2e:f9:57:b5, 2085-97-242 255:91:00:2038,-0.008,0.045,0.996,-0.183,0,0,2.67,0.428,-140.098,-49.1,-54.5,-24.467,29.16,0.34097,0.01147,-0.0206,-0.93973
 13:48:49.048,eb:33:2e:f9:57:b5, 2085-97-240 255:90:00:2039,-0.007,0.044,0.995,-0.122,0,0,2.67,0.428,-140.092,-49.1,-54.5,-24.467,29.16,0.34097,0.01147,-0.0206,-0.93973
 13:48:49.048,eb:33:2e:f9:57:b5, 2085-97-242 255:91:00:2039,-0.007,0.044,0.996,-0.183,-0.122,0.061,2.664,0.428,-140.092,-49.1,-54.5,-24.467,29.16,0.34097,0.01147,-0.0206,-0.93973
 13:48:49.109,eb:33:2e:f9:57:b5, 2085-97-242 255:90:00:2039,-0.007,0.044,0.996,-0.122,-0.061,0,2.664,0.428,-140.092,-49.1,-54.5,-24.467,29.16,0.34097,0.01147,-0.0206,-0.93973
 13:48:49.109,eb:33:2e:f9:57:b5, 2085-97-243 255:90:00:2042,-0.006,0.043,0.996,-0.122,-0.122,0,2.664,0.428,-140.092,-49.1,-54.5,-24.467,29.16,0.34097,0.01147,-0.0206,-0.93973
 13:48:49.109,eb:33:2e:f9:57:b5, 2085-97-244 255:91:00:2040,-0.007,0.045,0.997,-0.061,-0.122,0.061,2.664,0.428,-140.092,-49.1,-54.5,-24.467,29.16,0.34097,0.01147,-0.0206,-0.93973
 13:48:49.109,eb:33:2e:f9:57:b5, 2085-97-242 255:92:00:2040,-0.007,0.043,0.996,-0.122,0,0.061,2.664,0.428,-140.092,-49.1,-54.5,-24.467,29.16,0.34097,0.01147,-0.0206,-0.93973
 13:48:49.167,eb:33:2e:f9:57:b5, 2085-97-243 255:91:00:2038,-0.007,0.044,0.996,-0.122,-0.061,0.061,2.664,0.428,-140.087,-49.1,-54.5,-24.467,29.16,0.34097,0.01147,-0.0206,-0.93973
 13:48:49.168,eb:33:2e:f9:57:b5, 2085-97-241 255:91:00:2038,-0.007,0.045,0.994,-0.122,-0.183,0,2.664,0.428,-140.087,-49.1,-54.5,-24.467,29.16,0.34097,0.01147,-0.0206,-0.93973
 13:48:49.168,eb:33:2e:f9:57:b5, 2085-97-241 255:93:00:2039,-0.007,0.044,0.996,-0.122,-0.122,0.122,2.664,0.428,-140.087,-49.1,-54.5,-24.467,29.16,0.34097,0.01147,-0.0206,-0.93973
 13:48:49.168,eb:33:2e:f9:57:b5, 2085-97-241 255:91:00:2036,-0.007,0.045,0.995,-0.061,-0.122,0.061,2.664,0.428,-140.087,-49.1,-54.5,-24.467,29.16,0.34097,0.01147,-0.0206,-0.93973
 13:48:49.170,eb:33:2e:f9:57:b5, 2085-97-242 255:91:00:2039,-0.006,0.045,0.995,-0.061,-0.183,0,2.664,0.428,-140.081,-49.1,-54.5,-24.467,29.16,0.34097,0.01147,-0.0206,-0.93973
 13:48:49.170,eb:33:2e:f9:57:b5, 2085-97-243 255:90:00:2042,-0.007,0.045,0.997,-0.122,-0.183,0,2.664,0.428,-140.087,-49.1,-54.5,-24.467,29.16,0.34097,0.01147,-0.0206,-0.93973
 13:48:49.170,eb:33:2e:f9:57:b5, 2085-97-244 255:89:00:2041,-0.005,0.044,0.996,-0.061,-0.183,0.122,2.664,0.428,-140.081,-49.1,-54.5,-24.467,29.16,0.34097,0.01147,-0.0206,-0.93973
 13:48:49.170,eb:33:2e:f9:57:b5, 2085-97-245 255:91:00:2043,-0.006,0.044,0.997,-0.061,-0.183,0,2.664,0.428,-140.081,-49.1,-54.5,-24.467,29.16,0.34097,0.01147,-0.0206,-0.93973
 13:48:49.257,eb:33:2e:f9:57:b5, 2085-97-243 255:92:00:2041,-0.007,0.044,0.997,-0.061,-0.061,0.061,2.664,0.428,-140.081,-49.1,-54.5,-24.467,29.16,0.34097,0.01147,-0.0206,-0.93973
 13:48:49.257,eb:33:2e:f9:57:b5, 2085-97-243 255:90:00:2042,-0.006,0.044,0.996,0,-0.061,0.122,2.664,0.428,-140.081,-49.1,-54.5,-24.467,29.16,0.34097,0.01147,-0.0206,-0.93973
 13:48:49.257,eb:33:2e:f9:57:b5, 2085-97-244 255:91:00:2041,-0.006,0.044,0.996,0,-0.061,0.122,2.664,0.428,-140.076,-49.1,-54.5,-24.467,29.16,0.34097,0.01147,-0.0206,-0.93973
 13:48:49.257,eb:33:2e:f9:57:b5, 2085-97-243 255:92:00:2038,-0.006,0.045,0.996,0,0,0.061,2.664,0.428,-140.076,-49.1,-54.5,-24.467,29.16,0.34097,0.01147,-0.0206,-0.93973
 13:48:49.260,eb:33:2e:f9:57:b5, 2085-97-243 255:90:00:2040,-0.006,0.044,0.995,0.061,0,0.122,2.664,0.428,-140.076,-49.1,-54.5,-24.467,29.16,0.34097,0.01147,-0.0206,-0.93973
 13:48:49.260,eb:33:2e:f9:57:b5, 2085-97-243 255:93:00:2040,-0.006,0.044,0.995,0,0,0.061,2.659,0.428,-140.076,-49.1,-54.5,-24.467,29.16,0.34097,0.01147,-0.0206,-0.93973
 13:48:49.260,eb:33:2e:f9:57:b5, 2085-97-240 255:90:00:2039,-0.008,0.044,0.996,0,0.061,0.061,2.659,0.423,-140.076,-48.5,-55.8,-23.493,29.16,0.34097,0.01147,-0.0206,-0.93973
 13:48:49.260,eb:33:2e:f9:57:b5, 2085-97-241 255:91:00:2037,-0.008,0.044,0.996,0,0,0,2.659,0.423,-140.076,-48.5,-55.8,-23.493,29.16,0.34097,0.01147,-0.0206,-0.93973
 13:48:49.319,eb:33:2e:f9:57:b5, 2085-97-238 255:89:00:2037,-0.008,0.044,0.995,0,-0.061,0,2.659,0.423,-140.07,-48.5,-55.8,-23.493,29.16,0.34097,0.01147,-0.0206,-0.93973
 13:48:49.319,eb:33:2e:f9:57:b5, 2085-97-242 255:93:00:2036,-0.006,0.044,0.995,0,-0.122,0,2.659,0.423,-140.07,-48.5,-55.8,-23.493,29.16,0.34097,0.01147,-0.0206,-0.93973
 13:48:49.319,eb:33:2e:f9:57:b5, 2085-97-243 255:91:00:2038,-0.006,0.044,0.995,0,-0.183,0,2.659,0.423,-140.07,-48.5,-55.8,-23.493,29.16,0.34097,0.01147,-0.0206,-0.93973
 13:48:49.319,eb:33:2e:f9:57:b5, 2085-97-243 255:91:00:2039,-0.006,0.044,0.996,0,-0.122,0,2.659,0.423,-140.07,-48.5,-55.8,-23.493,29.16,0.34097,0.01147,-0.0206,-0.93973
 13:48:49.348,eb:33:2e:f9:57:b5, 2085-97-242 255:90:00:2040,-0.006,0.044,0.996,0,-0.183,0,2.659,0.423,-140.07,-48.5,-55.8,-23.493,29.16,0.34097,0.01147,-0.0206,-0.93973
 13:48:49.348,eb:33:2e:f9:57:b5, 2085-97-245 255:92:00:2043,-0.005,0.045,0.997,-0.061,-0.122,0,2.659,0.423,-140.07,-48.5,-55.8,-23.493,29.16,0.34097,0.01147,-0.0206,-0.93973
 13:48:49.348,eb:33:2e:f9:57:b5, 2085-97-243 255:90:00:2042,-0.005,0.044,0.998,0,-0.122,0,2.659,0.423,-140.065,-48.5,-55.8,-23.493,29.16,0.34097,0.01147,-0.0206,-0.93973
 13:48:49.348,eb:33:2e:f9:57:b5, 2085-97-244 255:91:00:2040,-0.006,0.044,0.997,0,-0.061,0,2.659,0.423,-140.065,-48.5,-55.8,-23.493,29.16,0.34097,0.01147,-0.0206,-0.93973
 13:48:49.379,eb:33:2e:f9:57:b5, 2085-97-242 255:90:00:2037,-0.006,0.043,0.995,0,-0.061,0,2.659,0.423,-140.065,-48.5,-55.8,-23.493,29.16,0.34125,0.01141,-0.02054,-0.93964
 13:48:49.379,eb:33:2e:f9:57:b5, 2085-97-244 255:92:00:2040,-0.006,0.044,0.995,0,-0.122,0,2.659,0.423,-140.065,-48.5,-55.8,-23.493,29.16,0.34125,0.01141,-0.02054,-0.93964
 13:48:49.379,eb:33:2e:f9:57:b5, 2085-97-243 255:89:00:2040,-0.006,0.045,0.995,0,-0.061,0,2.659,0.423,-140.065,-48.5,-55.8,-23.493,29.16,0.34125,0.01141,-0.02054,-0.93964
 13:48:49.379,eb:33:2e:f9:57:b5, 2085-97-243 255:90:00:2040,-0.006,0.044,0.996,0,-0.061,0,2.659,0.423,-140.065,-48.5,-55.8,-23.493,29.16,0.34125,0.01141,-0.02054,-0.93964
 13:48:49.409,eb:33:2e:f9:57:b5, 2085-97-243 255:92:00:2040,-0.007,0.044,0.996,0,0,0,2.659,0.423,-140.059,-48.5,-55.8,-23.493,29.16,0.34125,0.01141,-0.02054,-0.93964
 13:48:49.409,eb:33:2e:f9:57:b5, 2085-97-243 255:88:00:2039,-0.007,0.044,0.996,0,0,0,2.653,0.423,-140.059,-48.5,-55.8,-23.493,29.16,0.34125,0.01141,-0.02054,-0.93964
 13:48:49.409,eb:33:2e:f9:57:b5, 2085-97-243 255:91:00:2039,-0.006,0.043,0.996,0,-0.122,0,2.653,0.423,-140.059,-48.5,-55.8,-23.493,29.16,0.34125,0.01141,-0.02054,-0.93964
 13:48:49.409,eb:33:2e:f9:57:b5, 2085-97-242 255:90:00:2041,-0.006,0.045,0.997,0,0,0,2.653,0.423,-140.059,-48.5,-55.8,-23.493,29.16,0.34125,0.01141,-0.02054,-0.93964
 13:48:49.469,eb:33:2e:f9:57:b5, 2085-97-241 255:91:00:2039,-0.007,0.043,0.997,0,-0.061,0.061,2.653,0.423,-140.059,-48.5,-55.8,-23.493,29.16,0.34125,0.01141,-0.02054,-0.93964
 13:48:49.469,eb:33:2e:f9:57:b5, 2085-97-243 255:90:00:2039,-0.007,0.044,0.995,0,-0.061,0.061,2.653,0.423,-140.059,-48.5,-55.8,-23.493,29.16,0.34125,0.01141,-0.02054,-0.93964
 13:48:49.469,eb:33:2e:f9:57:b5, 2085-97-242 255:90:00:2040,-0.006,0.044,0.996,0.061,-0.061,0.061,2.653,0.423,-140.054,-48.5,-55.8,-23.493,29.16,0.34125,0.01141,-0.02054,-0.93964
 13:48:49.469,eb:33:2e:f9:57:b5, 2085-97-242 255:89:00:2040,-0.007,0.044,0.997,0.061,-0.061,0,2.653,0.423,-140.054,-48.5,-55.8,-23.493,29.16,0.34125,0.01141,-0.02054,-0.93964
 13:48:49.498,eb:33:2e:f9:57:b5, 2085-97-243 255:91:00:2039,-0.006,0.044,0.996,0.061,0,0.061,2.653,0.423,-140.054,-48.5,-55.8,-23.493,29.16,0.34125,0.01141,-0.02054,-0.93964
 13:48:49.498,eb:33:2e:f9:57:b5, 2085-97-243 255:93:00:2041,-0.006,0.044,0.996,0,-0.061,0.061,2.653,0.423,-140.054,-48.5,-55.8,-23.493,29.16,0.34125,0.01141,-0.02054,-0.93964
 13:48:49.498,eb:33:2e:f9:57:b5, 2085-97-244 255:91:00:2042,-0.006,0.045,0.997,0.061,0,0.061,2.653,0.423,-140.048,-48.5,-55.8,-23.493,29.16,0.34125,0.01141,-0.02054,-0.93964
 13:48:49.498,eb:33:2e:f9:57:b5, 2085-97-245 255:90:00:2043,-0.005,0.045,0.997,0,0,0.061,2.653,0.423,-140.048,-48.5,-55.8,-23.493,29.16,0.34125,0.01141,-0.02054,-0.93964
 13:48:49.528,eb:33:2e:f9:57:b5, 2085-97-245 255:91:00:2041,-0.005,0.044,0.998,0,0.061,0,2.653,0.423,-140.048,-48.5,-55.8,-23.493,29.16,0.34125,0.01141,-0.02054,-0.93964
 13:48:49.528,eb:33:2e:f9:57:b5, 2085-97-244 255:93:00:2041,-0.008,0.045,0.998,0.061,0.183,0,2.653,0.423,-140.048,-48.5,-55.8,-23.493,29.16,0.34125,0.01141,-0.02054,-0.93964
 13:48:49.528,eb:33:2e:f9:57:b5, 2085-97-240 255:89:00:2039,-0.006,0.043,0.996,0.061,0.183,0,2.653,0.423,-140.048,-48.5,-55.8,-23.493,29.16,0.34125,0.01141,-0.02054,-0.93964
 13:48:49.528,eb:33:2e:f9:57:b5, 2085-97-246 255:93:00:2040,-0.005,0.044,0.996,0.122,0.122,0,2.653,0.423,-140.048,-48.5,-55.8,-23.493,29.16,0.34125,0.01141,-0.02054,-0.93964
 13:48:49.588,eb:33:2e:f9:57:b5, 2085-97-240 255:89:00:2039,-0.007,0.045,0.997,0.122,0.244,-0.061,2.653,0.423,-140.043,-48.5,-55.8,-23.493,29.16,0.34125,0.01141,-0.02054,-0.93964
 13:48:49.588,eb:33:2e:f9:57:b5, 2085-113-58 00:149:227:-8445,-0.006,0.044,0.995,0.183,0.122,0,2.653,0.423,-140.043,-48.5,-55.8,-23.493,29.16,0.34125,0.01141,-0.02054,-0.93964
 13:48:49.588,eb:33:2e:f9:57:b5, 2085-97-242 255:90:00:2038,-0.006,0.044,0.996,0.122,0.183,0,2.653,0.423,-140.043,-48.5,-55.8,-23.493,29.16,0.34125,0.01141,-0.02054,-0.93964
 13:48:49.588,eb:33:2e:f9:57:b5, 2085-97-244 255:89:00:2041,-0.006,0.044,0.997,0.244,0.061,0.061,2.648,0.423,-140.043,-48.5,-55.8,-23.493,29.16,0.34125,0.01141,-0.02054,-0.93964
 13:48:49.618,eb:33:2e:f9:57:b5, 2085-97-241 255:93:00:2039,-0.007,0.044,0.997,0.183,0.122,0.061,2.648,0.417,-140.043,-48.5,-56.3,-23.107,29.16,0.34125,0.01141,-0.02054,-0.93964
 13:48:49.618,eb:33:2e:f9:57:b5, 2085-97-242 255:91:00:2040,-0.005,0.045,0.995,0.244,0.122,0.061,2.648,0.417,-140.043,-48.5,-56.3,-23.107,29.16,0.34125,0.01141,-0.02054,-0.93964
 13:48:49.618,eb:33:2e:f9:57:b5, 2085-97-245 255:93:00:2041,-0.006,0.045,0.996,0.183,0.244,0,2.648,0.417,-140.037,-48.5,-56.3,-23.107,29.16,0.34125,0.01141,-0.02054,-0.93964
 13:48:49.618,eb:33:2e:f9:57:b5, 2085-97-243 255:92:00:2040,-0.007,0.045,0.996,0.183,0.305,0.061,2.648,0.417,-140.037,-48.5,-56.3,-23.107,29.16,0.34125,0.01141,-0.02054,-0.93964
 13:48:49.679,eb:33:2e:f9:57:b5, 2085-97-242 255:94:00:2041,-0.007,0.045,0.996,0.183,0.305,0,2.648,0.417,-140.037,-48.5,-56.3,-23.107,29.16,0.34125,0.01141,-0.02054,-0.93964
 13:48:49.679,eb:33:2e:f9:57:b5, 2085-97-239 255:91:00:2038,-0.009,0.045,0.996,0.183,0.305,0,2.648,0.417,-140.037,-48.5,-56.3,-23.107,29.16,0.34125,0.01141,-0.02054,-0.93964
 13:48:49.679,eb:33:2e:f9:57:b5, 2085-97-240 255:92:00:2036,-0.006,0.044,0.995,0.122,0.244,0,2.648,0.417,-140.037,-48.5,-56.3,-23.107,29.16,0.34125,0.01141,-0.02054,-0.93964
 13:48:49.679,eb:33:2e:f9:57:b5, 2085-97-243 255:92:00:2040,-0.006,0.045,0.995,0.122,0.244,0,2.648,0.417,-140.037,-48.5,-56.3,-23.107,29.16,0.34125,0.01141,-0.02054,-0.93964
 13:48:49.737,eb:33:2e:f9:57:b5, 2085-97-242 255:92:00:2040,-0.007,0.044,0.996,0.122,0.305,0,2.648,0.417,-140.032,-48.5,-56.3,-23.107,29.16,0.34149,0.01135,-0.02048,-0.93954
 13:48:49.737,eb:33:2e:f9:57:b5, 2085-97-240 255:93:00:2040,-0.008,0.044,0.996,0.183,0.305,0,2.648,0.417,-140.032,-48.5,-56.3,-23.107,29.16,0.34149,0.01135,-0.02048,-0.93954
 13:48:49.737,eb:33:2e:f9:57:b5, 2085-97-237 255:90:00:2038,-0.009,0.044,0.996,0.122,0.305,0,2.648,0.417,-140.032,-48.5,-56.3,-23.107,29.16,0.34149,0.01135,-0.02048,-0.93954
 13:48:49.738,eb:33:2e:f9:57:b5, 2085-97-238 255:91:00:2037,-0.008,0.044,0.995,0.244,0.183,0,2.648,0.417,-140.032,-48.5,-56.3,-23.107,29.16,0.34149,0.01135,-0.02048,-0.93954
 13:48:49.740,eb:33:2e:f9:57:b5, 2085-97-238 255:92:00:2039,-0.008,0.044,0.995,0.183,0.244,0.061,2.648,0.417,-140.032,-48.5,-56.3,-23.107,29.16,0.34149,0.01135,-0.02048,-0.93954
 13:48:49.740,eb:33:2e:f9:57:b5, 2085-97-242 255:92:00:2043,-0.007,0.045,0.998,0.183,0.183,0,2.648,0.417,-140.032,-48.5,-56.3,-23.107,29.16,0.34149,0.01135,-0.02048,-0.93954
 13:48:49.740,eb:33:2e:f9:57:b5, 2085-97-239 255:91:00:2038,-0.009,0.045,0.997,0.244,0.244,0,2.648,0.417,-140.026,-48.5,-56.3,-23.107,29.16,0.34149,0.01135,-0.02048,-0.93954
 13:48:49.740,eb:33:2e:f9:57:b5, 2085-97-238 255:94:00:2037,-0.008,0.045,0.994,0.183,0.183,0.061,2.648,0.417,-140.026,-48.5,-56.3,-23.107,29.16,0.34149,0.01135,-0.02048,-0.93954
 13:48:49.798,eb:33:2e:f9:57:b5, 2085-97-239 255:93:00:2038,-0.008,0.044,0.995,0.122,0.122,0,2.648,0.417,-140.026,-48.5,-56.3,-23.107,29.16,0.34149,0.01135,-0.02048,-0.93954
 13:48:49.798,eb:33:2e:f9:57:b5, 2085-97-240 255:94:00:2039,-0.007,0.045,0.996,0.122,0,0.061,2.648,0.417,-140.026,-48.5,-56.3,-23.107,29.16,0.34149,0.01135,-0.02048,-0.93954
 13:48:49.798,eb:33:2e:f9:57:b5, 2085-97-239 255:93:00:2037,-0.008,0.045,0.995,0.122,0,0,2.648,0.417,-140.026,-48.5,-56.3,-23.107,29.16,0.34149,0.01135,-0.02048,-0.93954
 13:48:49.798,eb:33:2e:f9:57:b5, 2085-97-237 255:93:00:2036,-0.008,0.045,0.995,0.061,0,0.061,2.648,0.417,-140.026,-48.5,-56.3,-23.107,29.16,0.34149,0.01135,-0.02048,-0.93954
 13:48:49.857,eb:33:2e:f9:57:b5, 2085-97-241 255:85:00:2045,-0.007,0.047,0.99,0.061,-0.183,0,2.648,0.417,-140.021,-48.5,-56.3,-23.107,29.16,0.34149,0.01135,-0.02048,-0.93954
 13:48:49.857,eb:33:2e:f9:57:b5, 2085-97-244 255:96:00:2045,-0.007,0.043,0.999,0.183,-0.061,0.061,2.648,0.417,-140.021,-48.5,-56.3,-23.107,29.16,0.34149,0.01135,-0.02048,-0.93954
 13:48:49.857,eb:33:2e:f9:57:b5, 2085-97-242 255:93:00:2042,-0.007,0.047,0.997,0.122,0,0,2.648,0.417,-140.021,-48.5,-56.3,-23.107,29.16,0.34149,0.01135,-0.02048,-0.93954
 13:48:49.857,eb:33:2e:f9:57:b5, 2085-97-242 255:95:00:2041,-0.007,0.045,0.997,0.183,0.061,0.061,2.642,0.417,-140.021,-48.5,-56.3,-23.107,29.16,0.34149,0.01135,-0.02048,-0.93954
 13:48:49.888,eb:33:2e:f9:57:b5, 2085-97-238 255:94:00:2038,-0.01,0.047,0.996,0.061,0.122,0.061,2.642,0.417,-140.021,-48.5,-56.3,-23.107,29.16,0.34149,0.01135,-0.02048,-0.93954
 13:48:49.888,eb:33:2e:f9:57:b5, 2085-97-236 255:91:00:2036,-0.01,0.045,0.994,0.061,0.061,0.061,2.642,0.417,-140.021,-48.5,-56.3,-23.107,29.16,0.34149,0.01135,-0.02048,-0.93954
 13:48:49.888,eb:33:2e:f9:57:b5, 2085-97-238 255:92:00:2038,-0.008,0.045,0.996,0.061,0,0,2.642,0.417,-140.015,-48.5,-56.3,-23.107,29.16,0.34149,0.01135,-0.02048,-0.93954
 13:48:49.888,eb:33:2e:f9:57:b5, 2085-97-240 255:93:00:2037,-0.009,0.045,0.995,0.061,0,0,2.642,0.423,-140.015,-48.5,-56.3,-23.107,29.16,0.34149,0.01135,-0.02048,-0.93954
 13:48:49.889,eb:33:2e:f9:57:b5, 2085-97-237 255:93:00:2037,-0.009,0.045,0.994,0,0,0,2.642,0.423,-140.015,-48.5,-56.3,-23.107,29.16,0.34149,0.01135,-0.02048,-0.93954
 13:48:49.889,eb:33:2e:f9:57:b5, 2085-97-239 255:93:00:2039,-0.008,0.045,0.994,0.061,-0.122,0,2.642,0.423,-140.015,-48.5,-56.3,-23.107,29.16,0.34149,0.01135,-0.02048,-0.93954
 13:48:49.889,eb:33:2e:f9:57:b5, 2085-97-242 255:94:00:2041,-0.008,0.046,0.997,0,-0.061,0,2.642,0.423,-140.015,-48.5,-56.3,-23.107,29.16,0.34149,0.01135,-0.02048,-0.93954
 13:48:49.889,eb:33:2e:f9:57:b5, 2085-97-239 255:92:00:2040,-0.009,0.045,0.997,0.061,0,0,2.642,0.423,-140.015,-48.5,-56.3,-23.107,29.16,0.34149,0.01135,-0.02048,-0.93954
 13:48:49.948,eb:33:2e:f9:57:b5, 2085-97-241 255:94:00:2040,-0.007,0.045,0.997,0.122,-0.061,0,2.642,0.423,-140.01,-48.5,-56.3,-23.107,29.16,0.34149,0.01135,-0.02048,-0.93954
 13:48:49.948,eb:33:2e:f9:57:b5, 2085-97-244 255:93:00:2043,-0.006,0.045,0.997,0.061,-0.061,0,2.642,0.423,-140.01,-48.5,-56.3,-23.107,29.16,0.34149,0.01135,-0.02048,-0.93954
 13:48:49.948,eb:33:2e:f9:57:b5, 2085-97-241 255:92:00:2043,-0.006,0.044,0.998,0.122,0,0.061,2.642,0.423,-140.01,-48.5,-56.3,-23.107,29.16,0.34149,0.01135,-0.02048,-0.93954
 13:48:49.948,eb:33:2e:f9:57:b5, 2085-97-242 255:95:00:2043,-0.008,0.046,0.998,0.122,0.061,0.061,2.642,0.423,-140.01,-48.5,-56.3,-23.107,29.16,0.34149,0.01135,-0.02048,-0.93954
 13:48:49.978,eb:33:2e:f9:57:b5, 2085-97-240 255:94:00:2038,-0.008,0.045,0.997,0.061,0.122,0.122,2.642,0.423,-140.01,-49.4,-55.4,-24.293,29.16,0.34149,0.01135,-0.02048,-0.93954
 13:48:49.978,eb:33:2e:f9:57:b5, 2085-97-239 255:92:00:2038,-0.007,0.046,0.995,0.183,0.061,0.061,2.642,0.423,-140.01,-49.4,-55.4,-24.293,29.16,0.34149,0.01135,-0.02048,-0.93954
 13:48:49.978,eb:33:2e:f9:57:b5, 2085-97-239 255:95:00:2043,-0.009,0.046,0.995,0.244,0.122,0.061,2.642,0.423,-140.004,-49.4,-55.4,-24.293,29.16,0.34149,0.01135,-0.02048,-0.93954
 13:48:49.978,eb:33:2e:f9:57:b5, 2085-97-241 255:94:00:2041,-0.008,0.045,0.995,0.244,0,0.061,2.642,0.423,-140.004,-49.4,-55.4,-24.293,29.16,0.34149,0.01135,-0.02048,-0.93954
 13:48:50.008,eb:33:2e:f9:57:b5, 2085-97-240 255:94:00:2039,-0.005,0.045,0.996,0.183,0.061,0.061,2.642,0.423,-140.004,-49.4,-55.4,-24.293,29.16,0.34149,0.01135,-0.02048,-0.93954
 13:48:50.008,eb:33:2e:f9:57:b5, 2085-97-235 255:90:00:2038,-0.012,0.048,0.997,0.183,0.122,0,2.642,0.423,-140.004,-49.4,-55.4,-24.293,29.16,0.34149,0.01135,-0.02048,-0.93954
 13:48:50.008,eb:33:2e:f9:57:b5, 2085-97-232 255:92:00:2032,-0.007,0.045,0.993,0.183,0.122,0.122,2.642,0.423,-140.004,-49.4,-55.4,-24.293,29.16,0.34149,0.01135,-0.02048,-0.93954
 13:48:50.008,eb:33:2e:f9:57:b5, 2085-97-244 255:96:00:2042,-0.006,0.047,0.995,0.122,0,0.122,2.642,0.423,-140.004,-49.4,-55.4,-24.293,29.16,0.34149,0.01135,-0.02048,-0.93954
 13:48:50.068,eb:33:2e:f9:57:b5, 2085-97-239 255:95:00:2039,-0.009,0.046,0.997,0.122,0.061,0.061,2.642,0.423,-139.999,-49.4,-55.4,-24.293,29.16,0.3418,0.01135,-0.02042,-0.93942
 13:48:50.068,eb:33:2e:f9:57:b5, 2085-97-240 255:95:00:2040,-0.007,0.046,0.996,0.183,0,0.061,2.642,0.423,-139.999,-49.4,-55.4,-24.293,29.16,0.3418,0.01135,-0.02042,-0.93942
 13:48:50.068,eb:33:2e:f9:57:b5, 2085-97-241 255:96:00:2038,-0.009,0.047,0.996,0.183,0.061,0.061,2.642,0.423,-139.999,-49.4,-55.4,-24.293,29.16,0.3418,0.01135,-0.02042,-0.93942
 13:48:50.068,eb:33:2e:f9:57:b5, 2085-97-237 255:94:00:2038,-0.009,0.046,0.995,0.122,0.061,0.061,2.642,0.423,-139.999,-49.4,-55.4,-24.293,29.16,0.3418,0.01135,-0.02042,-0.93942
 13:48:50.098,eb:33:2e:f9:57:b5, 2085-97-235 255:92:00:2035,-0.01,0.045,0.995,0.122,0,0.122,2.642,0.423,-139.999,-49.4,-55.4,-24.293,29.16,0.3418,0.01135,-0.02042,-0.93942
 13:48:50.098,eb:33:2e:f9:57:b5, 2085-97-235 255:94:00:2035,-0.009,0.046,0.994,0.061,-0.061,0.061,2.642,0.423,-139.999,-49.4,-55.4,-24.293,29.16,0.3418,0.01135,-0.02042,-0.93942
 13:48:50.098,eb:33:2e:f9:57:b5, 2085-97-239 255:95:00:2038,-0.009,0.046,0.995,0,-0.122,0.061,2.642,0.423,-139.993,-49.4,-55.4,-24.293,29.16,0.3418,0.01135,-0.02042,-0.93942
 13:48:50.098,eb:33:2e:f9:57:b5, 2085-97-240 255:96:00:2036,-0.008,0.047,0.994,0,-0.244,0.061,2.642,0.423,-139.993,-49.4,-55.4,-24.293,29.16,0.3418,0.01135,-0.02042,-0.93942
 13:48:50.158,eb:33:2e:f9:57:b5, 2085-97-240 255:97:00:2037,-0.007,0.046,0.994,0,-0.305,0.061,2.642,0.423,-139.993,-49.4,-55.4,-24.293,29.16,0.3418,0.01135,-0.02042,-0.93942
 13:48:50.158,eb:33:2e:f9:57:b5, 2085-97-242 255:96:00:2038,-0.006,0.047,0.995,-0.061,-0.183,0,2.642,0.423,-139.993,-49.4,-55.4,-24.293,29.16,0.3418,0.01135,-0.02042,-0.93942
 13:48:50.158,eb:33:2e:f9:57:b5, 2085-97-243 255:93:00:2043,-0.007,0.046,0.997,-0.061,-0.183,0,2.642,0.423,-139.988,-49.4,-55.4,-24.293,29.16,0.3418,0.01135,-0.02042,-0.93942
 13:48:50.158,eb:33:2e:f9:57:b5, 2085-97-240 255:95:00:2041,-0.008,0.045,0.997,0,-0.122,0,2.642,0.423,-139.988,-49.4,-55.4,-24.293,29.16,0.3418,0.01135,-0.02042,-0.93942
 13:48:50.219,eb:33:2e:f9:57:b5, 2085-97-239 255:91:00:2042,-0.006,0.046,0.997,0.061,-0.122,0,2.642,0.423,-139.988,-49.4,-55.4,-24.293,29.16,0.3418,0.01135,-0.02042,-0.93942
 13:48:50.219,eb:33:2e:f9:57:b5, 2085-97-243 255:92:00:2044,-0.006,0.045,0.998,0.122,0,0,2.642,0.423,-139.988,-49.4,-55.4,-24.293,29.16,0.3418,0.01135,-0.02042,-0.93942
 13:48:50.219,eb:33:2e:f9:57:b5, 2085-97-241 255:94:00:2041,-0.007,0.045,0.998,0.183,0,0.061,2.642,0.423,-139.988,-49.4,-55.4,-24.293,29.16,0.3418,0.01135,-0.02042,-0.93942
 13:48:50.219,eb:33:2e:f9:57:b5, 2085-97-239 255:94:00:2039,-0.008,0.046,0.996,0.183,0,0.061,2.642,0.423,-139.988,-49.4,-55.4,-24.293,29.16,0.3418,0.01135,-0.02042,-0.93942
 13:48:50.222,eb:33:2e:f9:57:b5, 2085-97-239 255:95:00:2040,-0.008,0.046,0.996,0.244,0,0.122,2.642,0.423,-139.982,-49.4,-55.4,-24.293,29.16,0.3418,0.01135,-0.02042,-0.93942
 13:48:50.222,eb:33:2e:f9:57:b5, 2085-97-242 255:96:00:2042,-0.007,0.046,0.996,0.244,0,0.061,2.642,0.423,-139.982,-49.4,-55.4,-24.293,29.16,0.3418,0.01135,-0.02042,-0.93942
 13:48:50.222,eb:33:2e:f9:57:b5, 2085-97-239 255:95:00:2038,-0.007,0.046,0.996,0.183,0.122,0.061,2.642,0.423,-139.982,-49.4,-55.4,-24.293,29.16,0.3418,0.01135,-0.02042,-0.93942
 13:48:50.222,eb:33:2e:f9:57:b5, 2085-113-58 00:88:228:-8520,-0.007,0.046,0.997,0.183,0.061,0.122,2.642,0.423,-139.982,-49.4,-55.4,-24.293,29.16,0.3418,0.01135,-0.02042,-0.93942
 13:48:50.222,eb:33:2e:f9:57:b5, 2085-97-243 255:95:00:2041,-0.007,0.046,0.997,0.183,0.183,0.061,2.642,0.423,-139.982,-49.4,-55.4,-24.293,29.16,0.3418,0.01135,-0.02042,-0.93942
 13:48:50.278,eb:33:2e:f9:57:b5, 2085-97-240 255:93:00:2040,-0.009,0.046,0.997,0.183,0.244,0.122,2.642,0.423,-139.982,-47.2,-56.8,-22.107,29.16,0.3418,0.01135,-0.02042,-0.93942
 13:48:50.278,eb:33:2e:f9:57:b5, 2085-97-239 255:95:00:2040,-0.009,0.046,0.996,0.244,0.183,0.061,2.642,0.423,-139.982,-47.2,-56.8,-22.107,29.16,0.3418,0.01135,-0.02042,-0.93942
 13:48:50.278,eb:33:2e:f9:57:b5, 2085-97-232 255:93:00:2040,-0.008,0.047,0.994,0.305,0.122,0.061,2.642,0.423,-139.977,-47.2,-56.8,-22.107,29.16,0.3418,0.01135,-0.02042,-0.93942
 13:48:50.278,eb:33:2e:f9:57:b5, 2085-97-245 255:97:00:2042,-0.008,0.047,0.996,0.305,0,0,2.642,0.423,-139.977,-47.2,-56.8,-22.107,29.16,0.3418,0.01135,-0.02042,-0.93942
 13:48:50.308,eb:33:2e:f9:57:b5, 2085-97-235 255:94:00:2033,-0.011,0.047,0.995,0.305,0.183,0.061,2.642,0.423,-139.977,-47.2,-56.8,-22.107,29.16,0.34198,0.01138,-0.02042,-0.93936
 13:48:50.308,eb:33:2e:f9:57:b5, 2085-97-238 255:97:00:2039,-0.006,0.047,0.996,0.244,0.061,0.061,2.642,0.423,-139.977,-47.2,-56.8,-22.107,29.16,0.34198,0.01138,-0.02042,-0.93936
 13:48:50.308,eb:33:2e:f9:57:b5, 2085-97-241 255:96:00:2040,-0.009,0.047,0.997,0.183,0.122,0.122,2.642,0.423,-139.977,-47.2,-56.8,-22.107,29.16,0.34198,0.01138,-0.02042,-0.93936
 13:48:50.308,eb:33:2e:f9:57:b5, 2085-97-238 255:95:00:2036,-0.009,0.046,0.995,0.122,0.183,0.061,2.642,0.423,-139.977,-47.2,-56.8,-22.107,29.16,0.34198,0.01138,-0.02042,-0.93936
 13:48:50.367,eb:33:2e:f9:57:b5, 2085-97-238 255:96:00:2036,-0.008,0.046,0.995,0.122,0,0.061,2.642,0.423,-139.971,-47.2,-56.8,-22.107,29.16,0.34198,0.01138,-0.02042,-0.93936
 13:48:50.367,eb:33:2e:f9:57:b5, 2085-97-237 255:97:00:2039,-0.009,0.047,0.994,0.061,0.061,0.122,2.642,0.423,-139.971,-47.2,-56.8,-22.107,29.16,0.34198,0.01138,-0.02042,-0.93936
 13:48:50.367,eb:33:2e:f9:57:b5, 2085-97-240 255:97:00:2041,-0.008,0.047,0.995,0.061,0,0,2.642,0.423,-139.971,-47.2,-56.8,-22.107,29.16,0.34198,0.01138,-0.02042,-0.93936
 13:48:50.368,eb:33:2e:f9:57:b5, 2085-97-239 255:94:00:2040,-0.008,0.046,0.995,0.061,0.061,0.061,2.642,0.423,-139.971,-47.2,-56.8,-22.107,29.16,0.34198,0.01138,-0.02042,-0.93936
 13:48:50.399,eb:33:2e:f9:57:b5, 2085-97-239 255:94:00:2039,-0.008,0.046,0.996,0.061,0.122,0.061,2.642,0.423,-139.971,-47.2,-56.8,-22.107,29.16,0.34198,0.01138,-0.02042,-0.93936
 13:48:50.399,eb:33:2e:f9:57:b5, 2085-97-239 255:95:00:2039,-0.009,0.046,0.996,0,0.061,0.061,2.642,0.423,-139.971,-47.2,-56.8,-22.107,29.16,0.34198,0.01138,-0.02042,-0.93936
 13:48:50.399,eb:33:2e:f9:57:b5, 2085-97-238 255:95:00:2037,-0.01,0.046,0.995,0,0.061,0.061,2.642,0.423,-139.966,-47.2,-56.8,-22.107,29.16,0.34198,0.01138,-0.02042,-0.93936
 13:48:50.399,eb:33:2e:f9:57:b5, 2085-97-237 255:96:00:2037,-0.009,0.046,0.995,0.061,0,0,2.642,0.423,-139.966,-47.2,-56.8,-22.107,29.16,0.34198,0.01138,-0.02042,-0.93936
 13:48:50.429,eb:33:2e:f9:57:b5, 2085-97-237 255:96:00:2036,-0.009,0.047,0.995,0,0,0.061,2.642,0.423,-139.966,-47.2,-56.8,-22.107,29.16,0.34198,0.01138,-0.02042,-0.93936
 13:48:50.429,eb:33:2e:f9:57:b5, 2085-97-239 255:98:00:2037,-0.01,0.047,0.996,0,0,0,2.642,0.423,-139.966,-47.2,-56.8,-22.107,29.16,0.34198,0.01138,-0.02042,-0.93936
 13:48:50.429,eb:33:2e:f9:57:b5, 2085-97-237 255:96:00:2036,-0.009,0.046,0.995,0,0,0,2.642,0.423,-139.966,-47.2,-56.8,-22.107,29.16,0.34198,0.01138,-0.02042,-0.93936
 13:48:50.429,eb:33:2e:f9:57:b5, 2085-97-237 255:95:00:2039,-0.009,0.045,0.995,0,0,0,2.642,0.428,-139.966,-47.2,-56.8,-22.107,29.16,0.34198,0.01138,-0.02042,-0.93936
 13:48:50.488,eb:33:2e:f9:57:b5, 2085-97-239 255:95:00:2040,-0.008,0.046,0.996,0,-0.061,0.061,2.642,0.423,-139.96,-47.2,-56.8,-22.107,29.16,0.34198,0.01138,-0.02042,-0.93936
 13:48:50.488,eb:33:2e:f9:57:b5, 2085-97-239 255:96:00:2041,-0.008,0.047,0.997,0,-0.061,0.061,2.642,0.428,-139.96,-47.2,-56.8,-22.107,29.16,0.34198,0.01138,-0.02042,-0.93936
 13:48:50.488,eb:33:2e:f9:57:b5, 2085-97-240 255:96:00:2043,-0.008,0.047,0.998,0.061,0,0,2.642,0.428,-139.96,-47.2,-56.8,-22.107,29.16,0.34198,0.01138,-0.02042,-0.93936
 13:48:50.488,eb:33:2e:f9:57:b5, 2085-97-240 255:96:00:2042,-0.008,0.047,0.996,0,0,0.061,2.642,0.428,-139.96,-47.2,-56.8,-22.107,29.16,0.34198,0.01138,-0.02042,-0.93936
 13:48:50.549,eb:33:2e:f9:57:b5, 2085-97-237 255:95:00:2040,-0.009,0.046,0.997,0.183,0.061,0.061,2.642,0.428,-139.96,-47.2,-56.8,-22.107,29.16,0.34198,0.01138,-0.02042,-0.93936
 13:48:50.549,eb:33:2e:f9:57:b5, 2085-97-239 255:95:00:2039,-0.008,0.047,0.997,0.183,0.061,0.122,2.642,0.428,-139.96,-47.2,-56.8,-22.107,29.16,0.34198,0.01138,-0.02042,-0.93936
 13:48:50.549,eb:33:2e:f9:57:b5, 2085-97-241 255:96:00:2038,-0.007,0.047,0.995,0.122,0,0.122,2.642,0.428,-139.955,-47.2,-56.8,-22.107,29.16,0.34198,0.01138,-0.02042,-0.93936
 13:48:50.549,eb:33:2e:f9:57:b5, 2085-97-241 255:97:00:2041,-0.007,0.047,0.996,0.183,0,0.122,2.642,0.428,-139.955,-47.2,-56.8,-22.107,29.16,0.34198,0.01138,-0.02042,-0.93936
 13:48:50.549,eb:33:2e:f9:57:b5, 2085-97-240 255:96:00:2040,-0.009,0.047,0.997,0.122,0.122,0.061,2.642,0.428,-139.955,-47.2,-56.8,-22.107,29.16,0.34198,0.01138,-0.02042,-0.93936
 13:48:50.550,eb:33:2e:f9:57:b5, 2085-97-238 255:97:00:2040,-0.009,0.046,0.996,0.183,0.183,0.122,2.648,0.428,-139.955,-47.2,-56.8,-22.107,29.16,0.34198,0.01138,-0.02042,-0.93936
 13:48:50.550,eb:33:2e:f9:57:b5, 2085-97-238 255:95:00:2041,-0.009,0.047,0.996,0.183,0.183,0.061,2.648,0.428,-139.955,-47.2,-56.8,-22.107,29.16,0.34198,0.01138,-0.02042,-0.93936
 13:48:50.550,eb:33:2e:f9:57:b5, 2085-97-237 255:97:00:2035,-0.01,0.047,0.996,0.183,0.183,0.061,2.648,0.428,-139.955,-47.2,-56.8,-22.107,29.16,0.34198,0.01138,-0.02042,-0.93936
 13:48:50.578,eb:33:2e:f9:57:b5, 2085-97-239 255:96:00:2039,-0.007,0.046,0.997,0.183,0.122,0,2.648,0.428,-139.955,-49.7,-57.2,-23.96,29.16,0.34198,0.01138,-0.02042,-0.93936
 13:48:50.578,eb:33:2e:f9:57:b5, 2085-97-239 255:96:00:2041,-0.009,0.047,0.997,0.122,0.183,0.061,2.648,0.428,-139.955,-49.7,-57.2,-23.96,29.16,0.34198,0.01138,-0.02042,-0.93936
 13:48:50.578,eb:33:2e:f9:57:b5, 2085-97-238 255:97:00:2040,-0.009,0.047,0.995,0.122,0.183,0.061,2.648,0.428,-139.949,-49.7,-57.2,-23.96,29.16,0.34198,0.01138,-0.02042,-0.93936
 13:48:50.578,eb:33:2e:f9:57:b5, 2085-97-236 255:95:00:2045,-0.008,0.048,0.995,0.305,0.244,0,2.648,0.428,-139.949,-49.7,-57.2,-23.96,29.16,0.34198,0.01138,-0.02042,-0.93936
 13:48:50.638,eb:33:2e:f9:57:b5, 2085-97-247 255:99:00:2046,-0.006,0.047,0.996,0.244,0.244,0.061,2.648,0.428,-139.949,-49.7,-57.2,-23.96,29.16,0.34198,0.01138,-0.02042,-0.93936
 13:48:50.638,eb:33:2e:f9:57:b5, 2085-97-238 255:97:00:2041,-0.01,0.048,0.998,0.183,0.488,0.061,2.648,0.428,-139.949,-49.7,-57.2,-23.96,29.16,0.34198,0.01138,-0.02042,-0.93936
 13:48:50.638,eb:33:2e:f9:57:b5, 2085-97-234 255:93:00:2039,-0.011,0.045,0.996,0.244,0.488,0.061,2.648,0.428,-139.949,-49.7,-57.2,-23.96,29.16,0.34198,0.01138,-0.02042,-0.93936
 13:48:50.638,eb:33:2e:f9:57:b5, 2085-97-236 255:98:00:2038,-0.008,0.046,0.995,0.305,0.305,0.122,2.648,0.428,-139.949,-49.7,-57.2,-23.96,29.16,0.34198,0.01138,-0.02042,-0.93936
 13:48:50.670,eb:33:2e:f9:57:b5, 2085-97-237 255:95:00:2040,-0.009,0.047,0.996,0.305,0.366,0.122,2.648,0.428,-139.944,-49.7,-57.2,-23.96,29.16,0.34222,0.01144,-0.02042,-0.93927
 13:48:50.670,eb:33:2e:f9:57:b5, 2085-97-239 255:98:00:2039,-0.01,0.047,0.997,0.427,0.366,0.183,2.648,0.428,-139.944,-49.7,-57.2,-23.96,29.16,0.34222,0.01144,-0.02042,-0.93927
 13:48:50.670,eb:33:2e:f9:57:b5, 2085-97-236 255:96:00:2038,-0.009,0.047,0.996,0.366,0.366,0.183,2.648,0.428,-139.944,-49.7,-57.2,-23.96,29.16,0.34222,0.01144,-0.02042,-0.93927
 13:48:50.670,eb:33:2e:f9:57:b5, 2085-97-239 255:100:00:2043,-0.007,0.049,0.994,0.427,0.366,0.122,2.648,0.428,-139.944,-49.7,-57.2,-23.96,29.16,0.34222,0.01144,-0.02042,-0.93927
 13:48:50.700,eb:33:2e:f9:57:b5, 2085-97-240 255:97:00:2042,-0.009,0.048,0.998,0.427,0.549,0.122,2.648,0.428,-139.944,-49.7,-57.2,-23.96,29.16,0.34222,0.01144,-0.02042,-0.93927
 13:48:50.700,eb:33:2e:f9:57:b5, 2085-97-234 255:97:00:2039,-0.011,0.048,0.996,0.427,0.549,0.122,2.648,0.428,-139.944,-49.7,-57.2,-23.96,29.16,0.34222,0.01144,-0.02042,-0.93927
 13:48:50.700,eb:33:2e:f9:57:b5, 2085-97-236 255:98:00:2038,-0.009,0.046,0.995,0.427,0.488,0.122,2.648,0.428,-139.938,-49.7,-57.2,-23.96,29.16,0.34222,0.01144,-0.02042,-0.93927
 13:48:50.700,eb:33:2e:f9:57:b5, 2085-97-239 255:100:00:2043,-0.007,0.047,0.997,0.427,0.61,0.122,2.648,0.428,-139.938,-49.7,-57.2,-23.96,29.16,0.34222,0.01144,-0.02042,-0.93927
 13:48:50.758,eb:33:2e:f9:57:b5, 2085-97-238 255:100:00:2040,-0.011,0.049,0.998,0.488,0.671,0.122,2.648,0.428,-139.938,-49.7,-57.2,-23.96,29.16,0.34222,0.01144,-0.02042,-0.93927
 13:48:50.758,eb:33:2e:f9:57:b5, 2085-97-236 255:98:00:2040,-0.008,0.047,0.997,0.427,0.671,0.122,2.648,0.428,-139.938,-49.7,-57.2,-23.96,29.16,0.34222,0.01144,-0.02042,-0.93927
 13:48:50.758,eb:33:2e:f9:57:b5, 2085-97-238 255:100:00:2041,-0.01,0.049,0.997,0.366,0.793,0.122,2.648,0.428,-139.938,-49.7,-57.2,-23.96,29.16,0.34222,0.01144,-0.02042,-0.93927
 13:48:50.758,eb:33:2e:f9:57:b5, 2085-97-233 255:96:00:2041,-0.01,0.048,0.996,0.366,0.793,0.183,2.648,0.434,-139.938,-49.7,-57.2,-23.96,29.16,0.34222,0.01144,-0.02042,-0.93927
 13:48:50.788,eb:33:2e:f9:57:b5, 2085-97-236 255:99:00:2041,-0.01,0.048,0.997,0.488,0.793,0.183,2.648,0.434,-139.933,-49.7,-57.2,-23.96,29.16,0.34222,0.01144,-0.02042,-0.93927
 13:48:50.788,eb:33:2e:f9:57:b5, 2085-97-229 255:99:00:2037,-0.011,0.048,0.995,0.427,0.854,0.244,2.648,0.434,-139.933,-49.7,-57.2,-23.96,29.16,0.34222,0.01144,-0.02042,-0.93927
 13:48:50.788,eb:33:2e:f9:57:b5, 2085-97-232 255:99:00:2038,-0.013,0.049,0.995,0.366,0.793,0.244,2.648,0.434,-139.933,-49.7,-57.2,-23.96,29.16,0.34222,0.01144,-0.02042,-0.93927
 13:48:50.788,eb:33:2e:f9:57:b5, 2085-97-230 255:101:00:2035,-0.014,0.049,0.993,0.366,0.732,0.244,2.648,0.434,-139.933,-49.7,-57.2,-23.96,29.16,0.34222,0.01144,-0.02042,-0.93927
 13:48:50.819,eb:33:2e:f9:57:b5, 2085-97-230 255:99:00:2034,-0.012,0.048,0.993,0.366,0.61,0.244,2.648,0.434,-139.933,-49.7,-57.2,-23.96,29.16,0.34222,0.01144,-0.02042,-0.93927
 13:48:50.819,eb:33:2e:f9:57:b5, 2085-97-232 255:101:00:2036,-0.012,0.049,0.994,0.244,0.488,0.244,2.653,0.434,-139.933,-49.7,-57.2,-23.96,29.16,0.34222,0.01144,-0.02042,-0.93927
 13:48:50.819,eb:33:2e:f9:57:b5, 2085-97-228 255:100:00:2034,-0.013,0.05,0.994,0.183,0.427,0.183,2.653,0.434,-139.927,-49.7,-57.2,-23.96,29.16,0.34222,0.01144,-0.02042,-0.93927
 13:48:50.820,eb:33:2e:f9:57:b5, 2085-97-228 255:100:00:2035,-0.013,0.049,0.994,0.122,0.366,0.183,2.653,0.434,-139.927,-49.7,-57.2,-23.96,29.16,0.34222,0.01144,-0.02042,-0.93927
 13:48:50.878,eb:33:2e:f9:57:b5, 2085-97-229 255:100:00:2035,-0.013,0.049,0.993,0.122,0.244,0.183,2.653,0.434,-139.927,-49.7,-57.2,-23.96,29.16,0.34222,0.01144,-0.02042,-0.93927
 13:48:50.878,eb:33:2e:f9:57:b5, 2085-113-58 00:240:226:-8550,-0.013,0.049,0.992,0,0.122,0.122,2.653,0.439,-139.927,-49.7,-57.2,-23.96,29.16,0.34222,0.01144,-0.02042,-0.93927
 13:48:50.878,eb:33:2e:f9:57:b5, 2085-97-227 255:102:00:2033,-0.013,0.049,0.993,0,0,0.122,2.653,0.439,-139.927,-49.7,-57.2,-23.96,29.16,0.34222,0.01144,-0.02042,-0.93927
 13:48:50.878,eb:33:2e:f9:57:b5, 2085-97-227 255:102:00:2032,-0.013,0.05,0.993,0,0,0.122,2.653,0.439,-139.927,-49.7,-57.2,-23.96,29.16,0.34222,0.01144,-0.02042,-0.93927
 13:48:50.909,eb:33:2e:f9:57:b5, 2085-97-226 255:100:00:2033,-0.014,0.049,0.993,-0.061,-0.061,0,2.653,0.439,-139.922,-49.6,-57,-27.153,29.16,0.34222,0.01144,-0.02042,-0.93927
 13:48:50.909,eb:33:2e:f9:57:b5, 2085-97-231 255:100:00:2037,-0.012,0.048,0.994,-0.061,-0.183,0,2.653,0.439,-139.922,-49.6,-57,-27.153,29.16,0.34222,0.01144,-0.02042,-0.93927
 13:48:50.909,eb:33:2e:f9:57:b5, 2085-97-229 255:101:00:2037,-0.012,0.049,0.997,-0.061,-0.244,0.061,2.653,0.439,-139.922,-49.6,-57,-27.153,29.16,0.34222,0.01144,-0.02042,-0.93927
 13:48:50.909,eb:33:2e:f9:57:b5, 2085-97-229 255:99:00:2037,-0.011,0.049,0.996,-0.061,-0.244,0.061,2.653,0.445,-139.922,-49.6,-57,-27.153,29.16,0.34222,0.01144,-0.02042,-0.93927
 13:48:50.938,eb:33:2e:f9:57:b5, 2085-97-231 255:98:00:2039,-0.012,0.049,0.996,0,-0.244,0,2.653,0.439,-139.922,-49.6,-57,-27.153,29.16,0.34222,0.01144,-0.02042,-0.93927
 13:48:50.938,eb:33:2e:f9:57:b5, 2085-97-232 255:100:00:2037,-0.012,0.048,0.997,0,-0.305,0.061,2.659,0.445,-139.916,-49.6,-57,-27.153,29.16,0.34222,0.01144,-0.02042,-0.93927
 13:48:50.938,eb:33:2e:f9:57:b5, 2085-97-233 255:100:00:2042,-0.011,0.049,0.995,-0.061,-0.305,0.061,2.659,0.445,-139.916,-49.6,-57,-27.153,29.16,0.34222,0.01144,-0.02042,-0.93927
 13:48:50.938,eb:33:2e:f9:57:b5, 2085-97-238 255:97:00:2048,-0.011,0.047,0.999,0,-0.183,0.061,2.659,0.445,-139.916,-49.6,-57,-27.153,29.16,0.34222,0.01144,-0.02042,-0.93927
 13:48:50.998,eb:33:2e:f9:57:b5, 2085-97-238 255:104:00:2042,-0.013,0.051,0.995,0,-0.122,0.061,2.659,0.445,-139.916,-49.6,-57,-27.153,29.16,0.34247,0.0116,-0.02045,-0.93918
 13:48:50.998,eb:33:2e:f9:57:b5, 2085-97-230 255:98:00:2040,-0.012,0.047,0.995,-0.061,-0.061,0.061,2.659,0.445,-139.916,-49.6,-57,-27.153,29.16,0.34247,0.0116,-0.02045,-0.93918
 13:48:50.998,eb:33:2e:f9:57:b5, 2085-97-234 255:99:00:2037,-0.012,0.049,0.995,-0.061,-0.061,0.122,2.659,0.445,-139.916,-49.6,-57,-27.153,29.16,0.34247,0.0116,-0.02045,-0.93918
 13:48:50.998,eb:33:2e:f9:57:b5, 2085-97-228 255:100:00:2034,-0.014,0.048,0.994,-0.061,-0.122,0.122,2.659,0.445,-139.911,-49.6,-57,-27.153,29.16,0.34247,0.0116,-0.02045,-0.93918
 13:48:51.028,eb:33:2e:f9:57:b5, 2085-97-231 255:98:00:2037,-0.011,0.048,0.993,-0.122,-0.305,0.122,2.659,0.445,-139.911,-49.6,-57,-27.153,29.16,0.34247,0.0116,-0.02045,-0.93918
 13:48:51.028,eb:33:2e:f9:57:b5, 2085-97-235 255:101:00:2041,-0.01,0.049,0.995,-0.061,-0.244,0.061,2.659,0.45,-139.911,-49.6,-57,-27.153,29.16,0.34247,0.0116,-0.02045,-0.93918
 13:48:51.028,eb:33:2e:f9:57:b5, 2085-97-233 255:100:00:2040,-0.012,0.05,0.998,-0.061,-0.183,0.122,2.659,0.45,-139.911,-49.6,-57,-27.153,29.16,0.34247,0.0116,-0.02045,-0.93918
 13:48:51.028,eb:33:2e:f9:57:b5, 2085-97-232 255:100:00:2039,-0.012,0.048,0.997,-0.122,-0.183,0.061,2.659,0.45,-139.911,-49.6,-57,-27.153,29.16,0.34247,0.0116,-0.02045,-0.93918
 13:48:51.060,eb:33:2e:f9:57:b5, 2085-97-230 255:100:00:2037,-0.013,0.049,0.994,-0.122,-0.122,0,2.659,0.45,-139.911,-49.6,-57,-27.153,29.16,0.34247,0.0116,-0.02045,-0.93918
 13:48:51.061,eb:33:2e:f9:57:b5, 2085-97-229 255:98:00:2036,-0.012,0.049,0.995,-0.122,-0.183,0.061,2.659,0.45,-139.905,-49.6,-57,-27.153,29.16,0.34247,0.0116,-0.02045,-0.93918
 13:48:51.061,eb:33:2e:f9:57:b5, 2085-97-234 255:100:00:2037,-0.011,0.049,0.995,-0.183,-0.305,0,2.659,0.45,-139.905,-49.6,-57,-27.153,29.16,0.34247,0.0116,-0.02045,-0.93918
 13:48:51.061,eb:33:2e:f9:57:b5, 2085-97-234 255:100:00:2040,-0.01,0.049,0.995,-0.183,-0.244,-0.061,2.664,0.45,-139.905,-49.6,-57,-27.153,29.16,0.34247,0.0116,-0.02045,-0.93918
 13:48:51.119,eb:33:2e:f9:57:b5, 2085-97-233 255:99:00:2039,-0.01,0.049,0.997,-0.183,-0.244,-0.061,2.664,0.45,-139.905,-49.6,-57,-27.153,29.16,0.34247,0.0116,-0.02045,-0.93918
 13:48:51.119,eb:33:2e:f9:57:b5, 2085-97-234 255:99:00:2040,-0.01,0.049,0.996,-0.183,-0.183,-0.122,2.664,0.456,-139.905,-49.6,-57,-27.153,29.16,0.34247,0.0116,-0.02045,-0.93918
 13:48:51.119,eb:33:2e:f9:57:b5, 2085-97-234 255:99:00:2042,-0.012,0.048,0.997,-0.183,-0.122,-0.061,2.664,0.456,-139.905,-49.6,-57,-27.153,29.16,0.34247,0.0116,-0.02045,-0.93918
 13:48:51.119,eb:33:2e:f9:57:b5, 2085-97-233 255:97:00:2041,-0.012,0.047,0.996,-0.122,-0.183,0,2.664,0.456,-139.9,-49.6,-57,-27.153,29.16,0.34247,0.0116,-0.02045,-0.93918
 13:48:51.148,eb:33:2e:f9:57:b5, 2085-97-236 255:99:00:2043,-0.01,0.047,0.997,-0.122,-0.305,0,2.664,0.456,-139.9,-49.6,-57,-27.153,29.16,0.34247,0.0116,-0.02045,-0.93918
 13:48:51.148,eb:33:2e:f9:57:b5, 2085-97-234 255:98:00:2042,-0.01,0.048,0.998,-0.061,-0.183,0,2.664,0.456,-139.9,-49.6,-57,-27.153,29.16,0.34247,0.0116,-0.02045,-0.93918
 13:48:51.148,eb:33:2e:f9:57:b5, 2085-97-237 255:99:00:2042,-0.01,0.048,0.997,0,-0.122,0,2.664,0.456,-139.9,-49.6,-57,-27.153,29.16,0.34247,0.0116,-0.02045,-0.93918
 13:48:51.148,eb:33:2e:f9:57:b5, 2085-97-236 255:99:00:2041,-0.011,0.049,0.997,0,-0.061,0,2.664,0.456,-139.9,-49.6,-57,-27.153,29.16,0.34247,0.0116,-0.02045,-0.93918
 13:48:51.179,eb:33:2e:f9:57:b5, 2085-97-234 255:100:00:2039,-0.011,0.048,0.996,0,0,0,2.664,0.456,-139.9,-48.7,-55.8,-24.1,29.16,0.34247,0.0116,-0.02045,-0.93918
 13:48:51.179,eb:33:2e:f9:57:b5, 2085-97-236 255:99:00:2041,-0.01,0.05,0.996,-0.061,0,0,2.664,0.456,-139.9,-48.7,-55.8,-24.1,29.16,0.34247,0.0116,-0.02045,-0.93918
 13:48:51.179,eb:33:2e:f9:57:b5, 2085-97-236 255:99:00:2041,-0.01,0.048,0.997,0,0.061,0,2.664,0.456,-139.894,-48.7,-55.8,-24.1,29.16,0.34247,0.0116,-0.02045,-0.93918
 13:48:51.179,eb:33:2e:f9:57:b5, 2085-97-233 255:98:00:2038,-0.012,0.048,0.996,0,0.122,0,2.664,0.456,-139.894,-48.7,-55.8,-24.1,29.16,0.34247,0.0116,-0.02045,-0.93918
 13:48:51.238,eb:33:2e:f9:57:b5, 2085-97-232 255:97:00:2038,-0.012,0.047,0.996,-0.061,0.061,0,2.664,0.456,-139.894,-48.7,-55.8,-24.1,29.16,0.34247,0.0116,-0.02045,-0.93918
 13:48:51.238,eb:33:2e:f9:57:b5, 2085-97-232 255:98:00:2041,-0.011,0.047,0.996,0,0,0,2.664,0.461,-139.894,-48.7,-55.8,-24.1,29.16,0.34247,0.0116,-0.02045,-0.93918
 13:48:51.238,eb:33:2e:f9:57:b5, 2085-97-236 255:101:00:2040,-0.011,0.048,0.997,0,0,0.061,2.664,0.461,-139.894,-48.7,-55.8,-24.1,29.16,0.34247,0.0116,-0.02045,-0.93918
 13:48:51.238,eb:33:2e:f9:57:b5, 2085-97-235 255:100:00:2040,-0.012,0.048,0.996,0,0.061,0.061,2.664,0.461,-139.894,-48.7,-55.8,-24.1,29.16,0.34247,0.0116,-0.02045,-0.93918
 13:48:51.269,eb:33:2e:f9:57:b5, 2085-97-233 255:100:00:2037,-0.012,0.049,0.995,0,0,0,2.664,0.461,-139.889,-48.7,-55.8,-24.1,29.16,0.34265,0.01175,-0.02048,-0.93912
 13:48:51.269,eb:33:2e:f9:57:b5, 2085-97-231 255:100:00:2034,-0.012,0.048,0.995,0,0,0,2.67,0.461,-139.889,-48.7,-55.8,-24.1,29.16,0.34265,0.01175,-0.02048,-0.93912
 13:48:51.269,eb:33:2e:f9:57:b5, 2085-97-230 255:100:00:2034,-0.011,0.049,0.993,-0.061,0,0,2.67,0.461,-139.889,-48.7,-55.8,-24.1,29.16,0.34265,0.01175,-0.02048,-0.93912
 13:48:51.270,eb:33:2e:f9:57:b5, 2085-97-232 255:99:00:2038,-0.012,0.049,0.995,-0.122,0,0,2.67,0.461,-139.889,-48.7,-55.8,-24.1,29.16,0.34265,0.01175,-0.02048,-0.93912
 13:48:51.298,eb:33:2e:f9:57:b5, 2085-97-232 255:98:00:2036,-0.011,0.048,0.994,-0.061,-0.061,0,2.67,0.461,-139.889,-48.7,-55.8,-24.1,29.16,0.34265,0.01175,-0.02048,-0.93912
 13:48:51.298,eb:33:2e:f9:57:b5, 2085-97-231 255:98:00:2038,-0.012,0.048,0.995,-0.061,-0.122,0.061,2.67,0.461,-139.889,-48.7,-55.8,-24.1,29.16,0.34265,0.01175,-0.02048,-0.93912
 13:48:51.298,eb:33:2e:f9:57:b5, 2085-97-232 255:99:00:2036,-0.012,0.049,0.995,-0.061,-0.183,0,2.67,0.461,-139.883,-48.7,-55.8,-24.1,29.16,0.34265,0.01175,-0.02048,-0.93912
 13:48:51.298,eb:33:2e:f9:57:b5, 2085-97-234 255:101:00:2039,-0.011,0.048,0.995,-0.061,-0.183,0,2.67,0.461,-139.883,-48.7,-55.8,-24.1,29.16,0.34265,0.01175,-0.02048,-0.93912
 13:48:51.357,eb:33:2e:f9:57:b5, 2085-97-236 255:99:00:2042,-0.011,0.049,0.996,0,-0.183,0,2.67,0.461,-139.883,-48.7,-55.8,-24.1,29.16,0.34265,0.01175,-0.02048,-0.93912
 13:48:51.357,eb:33:2e:f9:57:b5, 2085-97-233 255:98:00:2042,-0.011,0.049,0.997,-0.061,-0.061,0,2.67,0.467,-139.883,-48.7,-55.8,-24.1,29.16,0.34265,0.01175,-0.02048,-0.93912
 13:48:51.357,eb:33:2e:f9:57:b5, 2085-97-233 255:99:00:2041,-0.011,0.048,0.996,0,-0.061,0,2.67,0.467,-139.883,-48.7,-55.8,-24.1,29.16,0.34265,0.01175,-0.02048,-0.93912
 13:48:51.358,eb:33:2e:f9:57:b5, 2085-97-233 255:99:00:2040,-0.012,0.048,0.996,-0.061,-0.061,0,2.67,0.467,-139.883,-48.7,-55.8,-24.1,29.16,0.34265,0.01175,-0.02048,-0.93912
 13:48:51.390,eb:33:2e:f9:57:b5, 2085-97-233 255:99:00:2040,-0.012,0.048,0.995,-0.122,0,0,2.67,0.467,-139.878,-48.7,-55.8,-24.1,29.16,0.34265,0.01175,-0.02048,-0.93912
 13:48:51.390,eb:33:2e:f9:57:b5, 2085-97-235 255:99:00:2041,-0.01,0.047,0.996,-0.061,-0.061,0,2.67,0.467,-139.878,-48.7,-55.8,-24.1,29.16,0.34265,0.01175,-0.02048,-0.93912
 13:48:51.390,eb:33:2e:f9:57:b5, 2085-97-233 255:98:00:2039,-0.012,0.048,0.997,-0.061,0,0,2.67,0.467,-139.878,-48.7,-55.8,-24.1,29.16,0.34265,0.01175,-0.02048,-0.93912
 13:48:51.390,eb:33:2e:f9:57:b5, 2085-97-232 255:96:00:2039,-0.012,0.048,0.995,-0.061,-0.122,0,2.67,0.467,-139.878,-48.7,-55.8,-24.1,29.16,0.34265,0.01175,-0.02048,-0.93912
 13:48:51.418,eb:33:2e:f9:57:b5, 2085-97-234 255:96:00:2039,-0.01,0.046,0.995,-0.061,-0.122,0,2.67,0.467,-139.878,-48.7,-55.8,-24.1,29.16,0.34265,0.01175,-0.02048,-0.93912
 13:48:51.419,eb:33:2e:f9:57:b5, 2085-97-233 255:98:00:2038,-0.011,0.048,0.996,-0.061,-0.122,0,2.67,0.467,-139.878,-48.7,-55.8,-24.1,29.16,0.34265,0.01175,-0.02048,-0.93912
 13:48:51.419,eb:33:2e:f9:57:b5, 2085-97-233 255:98:00:2038,-0.011,0.047,0.995,-0.061,-0.183,0.061,2.67,0.467,-139.872,-48.7,-55.8,-24.1,29.16,0.34265,0.01175,-0.02048,-0.93912
 13:48:51.419,eb:33:2e:f9:57:b5, 2085-97-234 255:98:00:2039,-0.011,0.048,0.995,0,-0.183,0,2.675,0.472,-139.872,-48.7,-55.8,-24.1,29.16,0.34265,0.01175,-0.02048,-0.93912
 13:48:51.479,eb:33:2e:f9:57:b5, 2085-97-232 255:98:00:2039,-0.011,0.048,0.996,0,-0.183,0,2.67,0.467,-139.872,-48.7,-55.8,-24.1,29.16,0.34265,0.01175,-0.02048,-0.93912
 13:48:51.479,eb:33:2e:f9:57:b5, 2085-97-235 255:99:00:2040,-0.01,0.048,0.996,0,-0.183,0.061,2.675,0.472,-139.872,-48.7,-55.8,-24.1,29.16,0.34265,0.01175,-0.02048,-0.93912
 13:48:51.479,eb:33:2e:f9:57:b5, 2085-97-234 255:100:00:2040,-0.011,0.049,0.996,-0.061,-0.183,0,2.675,0.472,-139.872,-48.7,-55.8,-24.1,29.16,0.34265,0.01175,-0.02048,-0.93912
 13:48:51.479,eb:33:2e:f9:57:b5, 2085-97-233 255:98:00:2038,-0.01,0.048,0.996,-0.061,-0.122,0,2.675,0.472,-139.872,-48.7,-55.8,-24.1,29.16,0.34265,0.01175,-0.02048,-0.93912
 13:48:51.510,eb:33:2e:f9:57:b5, 2085-97-235 255:97:00:2039,-0.01,0.048,0.997,-0.061,-0.122,0,2.675,0.472,-139.867,-47.9,-55.3,-22.673,29.16,0.34265,0.01175,-0.02048,-0.93912
 13:48:51.510,eb:33:2e:f9:57:b5, 2085-97-234 255:98:00:2040,-0.012,0.048,0.997,-0.061,-0.061,0,2.675,0.472,-139.867,-47.9,-55.3,-22.673,29.16,0.34265,0.01175,-0.02048,-0.93912
 13:48:51.510,eb:33:2e:f9:57:b5, 2085-97-234 255:98:00:2038,-0.011,0.048,0.996,-0.061,-0.061,0,2.675,0.472,-139.867,-47.9,-55.3,-22.673,29.16,0.34265,0.01175,-0.02048,-0.93912
 13:48:51.510,eb:33:2e:f9:57:b5, 2085-97-233 255:98:00:2039,-0.011,0.048,0.994,-0.122,-0.122,0,2.675,0.472,-139.867,-47.9,-55.3,-22.673,29.16,0.34265,0.01175,-0.02048,-0.93912
 13:48:51.569,eb:33:2e:f9:57:b5, 2085-97-236 255:98:00:2040,-0.01,0.048,0.996,-0.061,-0.122,0,2.675,0.472,-139.867,-47.9,-55.3,-22.673,29.16,0.34265,0.01175,-0.02048,-0.93912
 13:48:51.569,eb:33:2e:f9:57:b5, 2085-97-232 255:98:00:2039,-0.012,0.048,0.997,-0.061,-0.122,0,2.675,0.472,-139.867,-47.9,-55.3,-22.673,29.16,0.34265,0.01175,-0.02048,-0.93912
 13:48:51.569,eb:33:2e:f9:57:b5, 2085-97-233 255:98:00:2039,-0.011,0.048,0.996,-0.122,-0.122,0,2.675,0.472,-139.861,-47.9,-55.3,-22.673,29.16,0.34265,0.01175,-0.02048,-0.93912
 13:48:51.569,eb:33:2e:f9:57:b5, 2085-97-234 255:98:00:2036,-0.011,0.048,0.995,-0.061,-0.061,0,2.675,0.472,-139.861,-47.9,-55.3,-22.673,29.16,0.34265,0.01175,-0.02048,-0.93912
 13:48:51.599,eb:33:2e:f9:57:b5, 2085-97-233 255:95:00:2036,-0.012,0.048,0.995,-0.061,-0.061,0,2.675,0.472,-139.861,-47.9,-55.3,-22.673,29.16,0.3429,0.0119,-0.02051,-0.93903
 13:48:51.599,eb:33:2e:f9:57:b5, 2085-97-234 255:98:00:2039,-0.011,0.047,0.995,-0.061,-0.183,0,2.675,0.478,-139.861,-47.9,-55.3,-22.673,29.16,0.3429,0.0119,-0.02051,-0.93903
 13:48:51.599,eb:33:2e:f9:57:b5, 2085-97-236 255:97:00:2040,-0.01,0.048,0.995,-0.122,-0.244,0,2.675,0.478,-139.861,-47.9,-55.3,-22.673,29.16,0.3429,0.0119,-0.02051,-0.93903
 13:48:51.599,eb:33:2e:f9:57:b5, 2085-97-234 255:98:00:2042,-0.01,0.047,0.997,-0.061,-0.183,0,2.675,0.478,-139.861,-47.9,-55.3,-22.673,29.16,0.3429,0.0119,-0.02051,-0.93903
 13:48:51.628,eb:33:2e:f9:57:b5, 2085-97-236 255:99:00:2041,-0.01,0.048,0.997,-0.061,-0.183,0.061,2.675,0.478,-139.861,-47.9,-55.3,-22.673,29.16,0.3429,0.0119,-0.02051,-0.93903
 13:48:51.628,eb:33:2e:f9:57:b5, 2085-97-235 255:96:00:2041,-0.011,0.048,0.996,-0.061,-0.183,0.061,2.675,0.478,-139.861,-47.9,-55.3,-22.673,29.16,0.3429,0.0119,-0.02051,-0.93903
 13:48:51.628,eb:33:2e:f9:57:b5, 2085-97-233 255:98:00:2039,-0.011,0.047,0.995,-0.061,-0.183,0.061,2.675,0.478,-139.856,-47.9,-55.3,-22.673,29.16,0.3429,0.0119,-0.02051,-0.93903
 13:48:51.628,eb:33:2e:f9:57:b5, 2085-97-236 255:98:00:2040,-0.009,0.047,0.996,0,-0.244,0,2.675,0.478,-139.856,-47.9,-55.3,-22.673,29.16,0.3429,0.0119,-0.02051,-0.93903
 13:48:51.689,eb:33:2e:f9:57:b5, 2085-97-237 255:98:00:2038,-0.01,0.047,0.996,-0.061,-0.122,0,2.675,0.478,-139.856,-47.9,-55.3,-22.673,29.16,0.3429,0.0119,-0.02051,-0.93903
 13:48:51.689,eb:33:2e:f9:57:b5, 2085-97-235 255:100:00:2039,-0.01,0.048,0.995,-0.061,-0.183,0,2.675,0.478,-139.856,-47.9,-55.3,-22.673,29.16,0.3429,0.0119,-0.02051,-0.93903
 13:48:51.689,eb:33:2e:f9:57:b5, 2085-97-235 255:97:00:2040,-0.01,0.048,0.996,0,-0.122,0,2.675,0.478,-139.856,-47.9,-55.3,-22.673,29.16,0.3429,0.0119,-0.02051,-0.93903
 13:48:51.689,eb:33:2e:f9:57:b5, 2085-97-235 255:98:00:2037,-0.01,0.047,0.995,-0.061,-0.061,0,2.675,0.478,-139.856,-47.9,-55.3,-22.673,29.16,0.3429,0.0119,-0.02051,-0.93903
 13:48:51.748,eb:33:2e:f9:57:b5, 2085-97-233 255:97:00:2038,-0.011,0.047,0.995,-0.061,-0.122,0,2.675,0.478,-139.85,-47.9,-55.3,-22.673,29.16,0.3429,0.0119,-0.02051,-0.93903
 13:48:51.748,eb:33:2e:f9:57:b5, 2085-97-233 255:96:00:2036,-0.011,0.047,0.995,-0.122,-0.183,0,2.675,0.478,-139.85,-47.9,-55.3,-22.673,29.16,0.3429,0.0119,-0.02051,-0.93903
 13:48:51.748,eb:33:2e:f9:57:b5, 2085-97-235 255:100:00:2037,-0.011,0.048,0.995,-0.122,-0.244,0.061,2.675,0.478,-139.85,-47.9,-55.3,-22.673,29.16,0.3429,0.0119,-0.02051,-0.93903
 13:48:51.749,eb:33:2e:f9:57:b5, 2085-97-235 255:98:00:2038,-0.01,0.048,0.995,-0.122,-0.183,0,2.681,0.478,-139.85,-47.9,-55.3,-22.673,29.16,0.3429,0.0119,-0.02051,-0.93903
 13:48:51.750,eb:33:2e:f9:57:b5, 2085-97-234 255:98:00:2039,-0.011,0.048,0.995,-0.122,-0.244,0,2.681,0.478,-139.85,-47.9,-55.3,-22.673,29.16,0.3429,0.0119,-0.02051,-0.93903
 13:48:51.750,eb:33:2e:f9:57:b5, 2085-97-235 255:98:00:2039,-0.009,0.047,0.995,-0.122,-0.244,0,2.681,0.483,-139.85,-47.9,-55.3,-22.673,29.16,0.3429,0.0119,-0.02051,-0.93903
 13:48:51.750,eb:33:2e:f9:57:b5, 2085-97-235 255:96:00:2040,-0.01,0.048,0.996,-0.061,-0.244,0,2.681,0.483,-139.845,-47.9,-55.3,-22.673,29.16,0.3429,0.0119,-0.02051,-0.93903
 13:48:51.750,eb:33:2e:f9:57:b5, 2085-97-236 255:96:00:2039,-0.01,0.047,0.996,-0.061,-0.244,0,2.681,0.483,-139.845,-47.9,-55.3,-22.673,29.16,0.3429,0.0119,-0.02051,-0.93903
 13:48:51.809,eb:33:2e:f9:57:b5, 2085-97-237 255:98:00:2041,-0.009,0.047,0.997,-0.122,-0.244,0,2.681,0.483,-139.845,-47.9,-55.3,-22.673,29.16,0.3429,0.0119,-0.02051,-0.93903
 13:48:51.809,eb:33:2e:f9:57:b5, 2085-97-237 255:97:00:2040,-0.01,0.047,0.997,-0.061,-0.244,0,2.681,0.483,-139.845,-47.9,-55.3,-22.673,29.16,0.3429,0.0119,-0.02051,-0.93903
 13:48:51.809,eb:33:2e:f9:57:b5, 2085-97-235 255:99:00:2038,-0.01,0.048,0.996,-0.061,-0.183,0.061,2.681,0.483,-139.845,-47.9,-55.3,-22.673,29.16,0.3429,0.0119,-0.02051,-0.93903
 13:48:51.809,eb:33:2e:f9:57:b5, 2085-97-234 255:97:00:2039,-0.01,0.047,0.994,-0.061,-0.244,0.061,2.681,0.483,-139.845,-47.9,-55.3,-22.673,29.16,0.3429,0.0119,-0.02051,-0.93903
 13:48:51.839,eb:33:2e:f9:57:b5, 2085-97-234 255:97:00:2036,-0.009,0.047,0.995,-0.061,-0.305,0.122,2.681,0.483,-139.839,-47.2,-54.9,-24.047,29.16,0.3429,0.0119,-0.02051,-0.93903
 13:48:51.840,eb:33:2e:f9:57:b5, 2085-97-238 255:96:00:2038,-0.01,0.048,0.995,-0.061,-0.244,0.061,2.681,0.483,-139.839,-47.2,-54.9,-24.047,29.16,0.3429,0.0119,-0.02051,-0.93903
 13:48:51.840,eb:33:2e:f9:57:b5, 2085-97-237 255:98:00:2038,-0.01,0.047,0.996,-0.061,-0.305,0,2.681,0.483,-139.839,-47.2,-54.9,-24.047,29.16,0.3429,0.0119,-0.02051,-0.93903
 13:48:51.840,eb:33:2e:f9:57:b5, 2085-97-237 255:98:00:2039,-0.009,0.048,0.995,-0.061,-0.305,0.061,2.681,0.483,-139.839,-47.2,-54.9,-24.047,29.16,0.3429,0.0119,-0.02051,-0.93903
 13:48:51.898,eb:33:2e:f9:57:b5, 2085-97-237 255:95:00:2040,-0.009,0.048,0.996,-0.061,-0.244,0.061,2.681,0.483,-139.839,-47.2,-54.9,-24.047,29.16,0.3429,0.0119,-0.02051,-0.93903
 13:48:51.898,eb:33:2e:f9:57:b5, 2085-97-236 255:96:00:2040,-0.01,0.047,0.996,-0.061,-0.244,0.122,2.681,0.483,-139.839,-47.2,-54.9,-24.047,29.16,0.3429,0.0119,-0.02051,-0.93903
 13:48:51.898,eb:33:2e:f9:57:b5, 2085-97-234 255:97:00:2039,-0.01,0.047,0.995,-0.061,-0.305,0.183,2.681,0.483,-139.839,-47.2,-54.9,-24.047,29.16,0.3429,0.0119,-0.02051,-0.93903
 13:48:51.898,eb:33:2e:f9:57:b5, 2085-113-81 00:235:43:394,-0.01,0.048,0.997,-0.122,-0.305,0.183,2.681,0.483,-139.839,-47.2,-54.9,-24.047,29.16,0.3429,0.0119,-0.02051,-0.93903
 13:48:51.898,eb:33:2e:f9:57:b5, 2085-97-236 255:96:00:2041,-0.008,0.047,0.996,-0.122,-0.366,0.122,2.681,0.483,-139.839,-47.2,-54.9,-24.047,29.16,0.3429,0.0119,-0.02051,-0.93903
 13:48:51.928,eb:33:2e:f9:57:b5, 2085-97-237 255:97:00:2038,-0.01,0.047,0.996,-0.122,-0.305,0.183,2.681,0.483,-139.834,-47.2,-54.9,-24.047,29.16,0.34311,0.01202,-0.02051,-0.93893
 13:48:51.928,eb:33:2e:f9:57:b5, 2085-97-236 255:96:00:2036,-0.01,0.047,0.995,-0.183,-0.366,0.183,2.681,0.483,-139.834,-47.2,-54.9,-24.047,29.16,0.34311,0.01202,-0.02051,-0.93893
 13:48:51.928,eb:33:2e:f9:57:b5, 2085-97-235 255:97:00:2037,-0.01,0.047,0.995,-0.244,-0.488,0.122,2.681,0.483,-139.834,-47.2,-54.9,-24.047,29.16,0.34311,0.01202,-0.02051,-0.93893
 13:48:51.928,eb:33:2e:f9:57:b5, 2085-97-236 255:99:00:2038,-0.009,0.047,0.994,-0.244,-0.427,0.122,2.681,0.483,-139.834,-47.2,-54.9,-24.047,29.16,0.34311,0.01202,-0.02051,-0.93893
 13:48:51.959,eb:33:2e:f9:57:b5, 2085-97-240 255:97:00:2040,-0.009,0.048,0.995,-0.244,-0.427,0.122,2.681,0.483,-139.834,-47.2,-54.9,-24.047,29.16,0.34311,0.01202,-0.02051,-0.93893
 13:48:51.959,eb:33:2e:f9:57:b5, 2085-97-235 255:96:00:2034,-0.012,0.046,0.995,-0.305,-0.366,0.061,2.681,0.483,-139.834,-47.2,-54.9,-24.047,29.16,0.34311,0.01202,-0.02051,-0.93893
 13:48:51.959,eb:33:2e:f9:57:b5, 2085-97-232 255:95:00:2032,-0.01,0.047,0.993,-0.366,-0.488,0.061,2.681,0.483,-139.828,-47.2,-54.9,-24.047,29.16,0.34311,0.01202,-0.02051,-0.93893
 13:48:51.959,eb:33:2e:f9:57:b5, 2085-97-239 255:98:00:2037,-0.008,0.047,0.995,-0.427,-0.549,0,2.681,0.483,-139.828,-47.2,-54.9,-24.047,29.16,0.34311,0.01202,-0.02051,-0.93893
 13:48:51.989,eb:33:2e:f9:57:b5, 2085-97-237 255:94:00:2039,-0.009,0.047,0.996,-0.427,-0.488,0,2.681,0.483,-139.828,-47.2,-54.9,-24.047,29.16,0.34311,0.01202,-0.02051,-0.93893
 13:48:51.989,eb:33:2e:f9:57:b5, 2085-97-238 255:96:00:2039,-0.007,0.047,0.996,-0.427,-0.549,0,2.681,0.489,-139.828,-47.2,-54.9,-24.047,29.16,0.34311,0.01202,-0.02051,-0.93893
 13:48:51.989,eb:33:2e:f9:57:b5, 2085-97-238 255:93:00:2038,-0.009,0.046,0.997,-0.427,-0.488,0,2.681,0.483,-139.828,-47.2,-54.9,-24.047,29.16,0.34311,0.01202,-0.02051,-0.93893
 13:48:51.989,eb:33:2e:f9:57:b5, 2085-97-238 255:96:00:2040,-0.008,0.046,0.996,-0.305,-0.549,0,2.681,0.489,-139.828,-47.2,-54.9,-24.047,29.16,0.34311,0.01202,-0.02051,-0.93893
 13:48:52.048,eb:33:2e:f9:57:b5, 2085-97-239 255:96:00:2039,-0.008,0.047,0.995,-0.366,-0.549,0,2.681,0.489,-139.823,-47.2,-54.9,-24.047,29.16,0.34311,0.01202,-0.02051,-0.93893
 13:48:52.048,eb:33:2e:f9:57:b5, 2085-97-240 255:95:00:2039,-0.008,0.046,0.996,-0.366,-0.549,-0.061,2.681,0.489,-139.823,-47.2,-54.9,-24.047,29.16,0.34311,0.01202,-0.02051,-0.93893
 13:48:52.048,eb:33:2e:f9:57:b5, 2085-97-241 255:95:00:2039,-0.007,0.047,0.996,-0.366,-0.488,-0.061,2.681,0.489,-139.823,-47.2,-54.9,-24.047,29.16,0.34311,0.01202,-0.02051,-0.93893
 13:48:52.048,eb:33:2e:f9:57:b5, 2085-97-240 255:96:00:2039,-0.007,0.047,0.997,-0.366,-0.488,-0.061,2.681,0.489,-139.823,-47.2,-54.9,-24.047,29.16,0.34311,0.01202,-0.02051,-0.93893
 13:48:52.078,eb:33:2e:f9:57:b5, 2085-97-243 255:95:00:2043,-0.006,0.047,0.998,-0.366,-0.427,0,2.681,0.489,-139.823,-47.2,-54.9,-24.047,29.16,0.34311,0.01202,-0.02051,-0.93893
 13:48:52.078,eb:33:2e:f9:57:b5, 2085-97-240 255:92:00:2040,-0.008,0.046,0.998,-0.244,-0.305,-0.061,2.681,0.489,-139.823,-47.2,-54.9,-24.047,29.16,0.34311,0.01202,-0.02051,-0.93893
 13:48:52.078,eb:33:2e:f9:57:b5, 2085-97-236 255:91:00:2038,-0.006,0.045,0.995,-0.244,-0.366,0,2.681,0.489,-139.823,-47.2,-54.9,-24.047,29.16,0.34311,0.01202,-0.02051,-0.93893
 13:48:52.078,eb:33:2e:f9:57:b5, 2085-97-243 255:94:00:2043,-0.006,0.046,0.997,-0.244,-0.305,-0.061,2.681,0.489,-139.823,-47.2,-54.9,-24.047,29.16,0.34311,0.01202,-0.02051,-0.93893
 13:48:52.109,eb:33:2e:f9:57:b5, 2085-97-238 255:95:00:2039,-0.01,0.047,0.997,-0.244,-0.244,0,2.681,0.489,-139.818,-47.2,-54.9,-24.047,29.16,0.34311,0.01202,-0.02051,-0.93893
 13:48:52.109,eb:33:2e:f9:57:b5, 2085-97-239 255:93:00:2037,-0.008,0.046,0.994,-0.183,-0.244,0,2.681,0.483,-139.818,-47.2,-54.9,-24.047,29.16,0.34311,0.01202,-0.02051,-0.93893
 13:48:52.109,eb:33:2e:f9:57:b5, 2085-97-240 255:94:00:2036,-0.008,0.046,0.995,-0.122,-0.305,0,2.681,0.483,-139.818,-47.2,-54.9,-24.047,29.16,0.34311,0.01202,-0.02051,-0.93893
 13:48:52.109,eb:33:2e:f9:57:b5, 2085-97-241 255:93:00:2041,-0.007,0.046,0.996,-0.183,-0.366,0,2.681,0.483,-139.818,-47.2,-54.9,-24.047,29.16,0.34311,0.01202,-0.02051,-0.93893
 13:48:52.169,eb:33:2e:f9:57:b5, 2085-97-238 255:94:00:2038,-0.009,0.046,0.997,-0.183,-0.305,0,2.681,0.483,-139.818,-49.5,-57.2,-21.76,29.16,0.34311,0.01202,-0.02051,-0.93893
