Time,Device name,Chip Time(),Acceleration X(g),Acceleration Y(g),Acceleration Z(g),Angular velocity X(°/s),Angular velocity Y(°/s),Angular velocity Z(°/s),ShiftX(mm),ShiftY(mm),ShiftZ(mm),SpeedX(mm/s),SpeedY(mm/s),SpeedZ(mm/s),Angle X(°),Angle Y(°),Angle Z(°)
 13:10:12.894,eb:33:2e:f9:57:b5, 2015-01-01 00:54:44.720,-0.015,0.013,0.997,-0.061,0.366,-0.061, , , , , , ,0.857,0.56,-105.952
 13:10:12.895,eb:33:2e:f9:57:b5, 2015-01-01 00:54:44.720,-0.018,0.012,0.997,0,0.244,0, , , , , , ,0.857,0.56,-105.952
 13:10:12.895,eb:33:2e:f9:57:b5, 2015-01-01 00:54:44.720,-0.011,0.012,0.995,0,0,0, , , , , , ,0.857,0.56,-105.952
 13:10:12.895,eb:33:2e:f9:57:b5, 2015-01-01 00:54:44.720,-0.014,0.015,0.999,0,0.122,0, , , , , , ,0.857,0.56,-105.952
 13:10:12.895,eb:33:2e:f9:57:b5, 2015-01-01 00:54:44.720,-0.014,0.013,0.997,0,0.122,0, , , , , , ,0.857,0.56,-105.952
 13:10:12.895,eb:33:2e:f9:57:b5, 2015-01-01 00:54:44.720,-0.016,0.013,0.999,-0.061,0.122,0, , , , , , ,0.857,0.566,-105.952
 13:10:12.895,eb:33:2e:f9:57:b5, 2015-01-01 00:54:44.720,-0.018,0.013,0.998,0,0.061,0, , , , , , ,0.857,0.566,-105.952
 13:10:12.895,eb:33:2e:f9:57:b5, 2015-01-01 00:54:44.720,-0.016,0.012,0.999,0,0,0, , , , , , ,0.857,0.566,-105.952
 13:10:12.938,eb:33:2e:f9:57:b5, 2015-01-01 00:54:44.720,-0.016,0.012,0.999,0,-0.061,0, , , , , , ,0.857,0.566,-105.952
 13:10:12.938,eb:33:2e:f9:57:b5, 2015-01-01 00:54:44.720,-0.016,0.012,0.998,0,-0.061,0.061, , , , , , ,0.857,0.566,-105.952
 13:10:12.938,eb:33:2e:f9:57:b5, 2015-01-01 00:54:44.720,-0.017,0.012,0.997,0.061,-0.244,0, , , , , , ,0.857,0.566,-105.952
 13:10:12.938,eb:33:2e:f9:57:b5, 2015-01-01 00:54:44.720,-0.016,0.012,0.996,0.122,-0.366,0, , , , , , ,0.857,0.566,-105.952
 13:10:12.938,eb:33:2e:f9:57:b5, 2015-01-01 00:54:44.720,-0.015,0.013,0.996,0.183,-0.549,0.061, , , , , , ,0.857,0.566,-105.952
 13:10:12.938,eb:33:2e:f9:57:b5, 2015-01-01 00:54:44.720,-0.013,0.013,0.996,0.122,-0.61,0.061, , , , , , ,0.857,0.566,-105.952
 13:10:12.938,eb:33:2e:f9:57:b5, 2015-01-01 00:54:44.720,-0.012,0.013,0.996,0.122,-0.61,0.061, , , , , , ,0.857,0.566,-105.952
 13:10:12.938,eb:33:2e:f9:57:b5, 2015-01-01 00:54:44.720,-0.011,0.014,0.996,0.122,-0.549,0.122, , , , , , ,0.857,0.566,-105.952
 13:10:12.984,eb:33:2e:f9:57:b5, 2015-01-01 00:54:44.720,-0.011,0.014,0.996,0.061,-0.427,0.122, , , , , , ,0.857,0.566,-105.952
 13:10:12.984,eb:33:2e:f9:57:b5, 2015-01-01 00:54:44.720,-0.012,0.015,0.996,0.061,-0.305,0.122, , , , , , ,0.857,0.566,-105.952
 13:10:12.984,eb:33:2e:f9:57:b5, 2015-01-01 00:54:44.720,-0.012,0.016,0.994,0,-0.183,0.061, , , , , , ,0.857,0.566,-105.952
 13:10:12.984,eb:33:2e:f9:57:b5, 2015-01-01 00:54:44.720,-0.012,0.015,0.995,0,-0.122,0.183, , , , , , ,0.857,0.566,-105.952
 13:10:12.984,eb:33:2e:f9:57:b5, 2015-01-01 00:54:44.720,-0.013,0.014,0.996,-0.061,0,0.183, , , , , , ,0.857,0.566,-105.952
 13:10:12.984,eb:33:2e:f9:57:b5, 2015-01-01 00:54:44.720,-0.013,0.014,0.997,-0.122,0,0, , , , , , ,0.857,0.566,-105.952
 13:10:12.984,eb:33:2e:f9:57:b5, 2015-01-01 00:54:44.720,-0.013,0.014,0.999,-0.122,0.122,0, , , , , , ,0.857,0.566,-105.952
 13:10:12.984,eb:33:2e:f9:57:b5, 2015-01-01 00:54:44.720,-0.015,0.014,0.999,-0.183,0.183,0, , , , , , ,0.857,0.566,-105.952
 13:10:13.029,eb:33:2e:f9:57:b5, 2015-01-01 00:54:44.720,-0.016,0.013,0.998,-0.122,0.122,0, , , , , , ,0.857,0.566,-105.952
 13:10:13.029,eb:33:2e:f9:57:b5, 2015-01-01 00:54:44.720,-0.016,0.013,0.998,-0.061,0.061,0, , , , , , ,0.857,0.566,-105.952
 13:10:13.029,eb:33:2e:f9:57:b5, 2015-01-01 00:54:44.720,-0.015,0.013,0.997,-0.061,0,0, , , , , , ,0.857,0.566,-105.952
 13:10:13.029,eb:33:2e:f9:57:b5, 2015-01-01 00:54:44.720,-0.016,0.012,0.997,0,-0.183,0, , , , , , ,0.857,0.566,-105.952
 13:10:13.029,eb:33:2e:f9:57:b5, 2015-01-01 00:54:44.720,-0.016,0.012,0.998,0,-0.244,0, , , , , , ,0.857,0.566,-105.952
 13:10:13.029,eb:33:2e:f9:57:b5, 2015-01-01 00:54:44.720,-0.014,0.012,0.999,0.061,-0.366,0, , , , , , ,0.857,0.571,-105.952
 13:10:13.029,eb:33:2e:f9:57:b5, 2015-01-01 00:54:44.720,-0.014,0.012,0.999,0.061,-0.488,0.061, , , , , , ,0.857,0.571,-105.952
 13:10:13.029,eb:33:2e:f9:57:b5, 2015-01-01 00:54:44.720,-0.014,0.013,0.998,0.122,-0.549,0.122, , , , , , ,0.857,0.571,-105.952
 13:10:13.052,eb:33:2e:f9:57:b5, 2015-01-01 00:54:44.720,-0.014,0.012,0.998,0.244,-0.549,0.061, , , , , , ,0.857,0.571,-105.952
 13:10:13.052,eb:33:2e:f9:57:b5, 2015-01-01 00:54:44.720,-0.013,0.013,0.997,0.244,-0.61,0.061, , , , , , ,0.857,0.571,-105.952
 13:10:13.052,eb:33:2e:f9:57:b5, 2015-01-01 00:54:44.720,-0.012,0.014,0.998,0.244,-0.61,0.061, , , , , , ,0.857,0.571,-105.952
 13:10:13.052,eb:33:2e:f9:57:b5, 2015-01-01 00:54:44.720,-0.012,0.014,0.998,0.244,-0.488,0.122, , , , , , ,0.857,0.571,-105.952
 13:10:13.052,eb:33:2e:f9:57:b5, 2015-01-01 00:54:44.720,-0.012,0.014,0.998,0.183,-0.488,0.061, , , , , , ,0.857,0.571,-105.952
 13:10:13.052,eb:33:2e:f9:57:b5, 2015-01-01 00:54:44.720,-0.011,0.016,0.998,0.183,-0.305,0.061, , , , , , ,0.851,0.571,-105.952
 13:10:13.052,eb:33:2e:f9:57:b5, 2015-01-01 00:54:44.720,-0.011,0.015,0.997,0,-0.183,0.183, , , , , , ,0.851,0.571,-105.952
 13:10:13.052,eb:33:2e:f9:57:b5, 2015-01-01 00:54:44.720,-0.011,0.015,0.996,0,-0.061,0.122, , , , , , ,0.851,0.571,-105.952
 13:10:13.098,eb:33:2e:f9:57:b5, 2015-01-01 00:54:44.720,-0.011,0.015,0.995,0,0,0.122, , , , , , ,0.851,0.571,-105.952
 13:10:13.098,eb:33:2e:f9:57:b5, 2015-01-01 00:54:44.720,-0.011,0.015,0.996,0,0,0.122, , , , , , ,0.851,0.571,-105.952
 13:10:13.098,eb:33:2e:f9:57:b5, 2015-01-01 00:54:44.720,-0.012,0.015,0.995,-0.183,0.061,0.122, , , , , , ,0.851,0.571,-105.952
 13:10:13.098,eb:33:2e:f9:57:b5, 2015-01-01 00:54:44.720,-0.012,0.015,0.996,-0.183,0.183,0.183, , , , , , ,0.851,0.571,-105.952
 13:10:13.099,eb:33:2e:f9:57:b5, 2015-01-01 00:54:44.720,-0.012,0.015,0.996,-0.183,0.122,0.122, , , , , , ,0.851,0.571,-105.952
 13:10:13.099,eb:33:2e:f9:57:b5, 2015-01-01 00:54:44.720,-0.012,0.014,0.996,-0.244,0.122,0.122, , , , , , ,0.851,0.571,-105.952
 13:10:13.099,eb:33:2e:f9:57:b5, 2015-01-01 00:54:44.720,-0.013,0.014,0.996,-0.305,0.244,0.122, , , , , , ,0.851,0.571,-105.952
 13:10:13.099,eb:33:2e:f9:57:b5, 2015-01-01 00:54:44.720,-0.013,0.014,0.996,-0.305,0.183,0.122, , , , , , ,0.851,0.571,-105.952
 13:10:13.141,eb:33:2e:f9:57:b5, 2015-01-01 00:54:45.010,-0.015,0.014,0.997,-0.305,0.183,0.061, , , , , , ,0.851,0.571,-105.952
 13:10:13.141,eb:33:2e:f9:57:b5, 2015-01-01 00:54:45.010,-0.014,0.009,0.998,-0.122,0,0.122, , , , , , ,0.846,0.588,-105.952
 13:10:13.141,eb:33:2e:f9:57:b5, 2015-01-01 00:54:45.010,-0.016,0.013,1,0,0,0.061, , , , , , ,0.846,0.588,-105.952
 13:10:13.141,eb:33:2e:f9:57:b5, 2015-01-01 00:54:45.010,-0.015,0.014,0.998,-0.061,-0.061,0.061, , , , , , ,0.846,0.588,-105.952
 13:10:13.142,eb:33:2e:f9:57:b5, 2015-01-01 00:54:45.010,-0.014,0.012,0.997,0,-0.122,0, , , , , , ,0.846,0.588,-105.952
 13:10:13.142,eb:33:2e:f9:57:b5, 2015-01-01 00:54:45.010,-0.013,0.01,0.999,0.122,-0.244,0.122, , , , , , ,0.846,0.593,-105.952
 13:10:13.142,eb:33:2e:f9:57:b5, 2015-01-01 00:54:45.010,-0.015,0.013,1,0.183,-0.244,0.122, , , , , , ,0.846,0.593,-105.952
 13:10:13.142,eb:33:2e:f9:57:b5, 2015-01-01 00:54:45.010,-0.016,0.016,0.997,0.122,-0.183,0.061, , , , , , ,0.846,0.593,-105.952
 13:10:13.187,eb:33:2e:f9:57:b5, 2015-01-01 00:54:45.010,-0.013,0.012,0.998,0.183,-0.366,0.183, , , , , , ,0.846,0.593,-105.952
 13:10:13.187,eb:33:2e:f9:57:b5, 2015-01-01 00:54:45.010,-0.013,0.011,0.998,0.305,-0.427,0.183, , , , , , ,0.846,0.593,-105.952
 13:10:13.187,eb:33:2e:f9:57:b5, 2015-01-01 00:54:45.010,-0.012,0.013,0.999,0.305,-0.366,0.061, , , , , , ,0.846,0.593,-105.952
 13:10:13.187,eb:33:2e:f9:57:b5, 2015-01-01 00:54:45.010,-0.013,0.015,0.998,0.244,-0.305,0, , , , , , ,0.846,0.593,-105.952
 13:10:13.187,eb:33:2e:f9:57:b5, 2015-01-01 00:54:45.010,-0.012,0.012,0.999,0.244,-0.305,0.061, , , , , , ,0.846,0.593,-105.952
 13:10:13.187,eb:33:2e:f9:57:b5, 2015-01-01 00:54:45.010,-0.014,0.013,1,0.244,-0.244,0, , , , , , ,0.846,0.593,-105.952
 13:10:13.187,eb:33:2e:f9:57:b5, 2015-01-01 00:54:45.010,-0.013,0.014,0.998,0.305,-0.244,0, , , , , , ,0.846,0.593,-105.952
 13:10:13.187,eb:33:2e:f9:57:b5, 2015-01-01 00:54:45.010,-0.013,0.015,0.999,0.244,-0.061,0, , , , , , ,0.846,0.593,-105.952
 13:10:13.232,eb:33:2e:f9:57:b5, 2015-01-01 00:54:45.010,-0.012,0.013,0.998,0.183,-0.061,0, , , , , , ,0.846,0.593,-105.952
 13:10:13.232,eb:33:2e:f9:57:b5, 2015-01-01 00:54:45.010,-0.013,0.015,0.998,0.305,-0.061,0, , , , , , ,0.846,0.593,-105.952
 13:10:13.232,eb:33:2e:f9:57:b5, 2015-01-01 00:54:45.010,-0.014,0.015,0.998,0.244,-0.061,0, , , , , , ,0.846,0.593,-105.952
 13:10:13.232,eb:33:2e:f9:57:b5, 2015-01-01 00:54:45.010,-0.013,0.015,0.997,0.183,-0.061,0, , , , , , ,0.846,0.593,-105.952
 13:10:13.232,eb:33:2e:f9:57:b5, 2015-01-01 00:54:45.010,-0.013,0.015,0.997,0.183,-0.061,0, , , , , , ,0.846,0.593,-105.952
 13:10:13.232,eb:33:2e:f9:57:b5, 2015-01-01 00:54:45.010,-0.013,0.013,0.997,0.183,-0.061,0, , , , , , ,0.846,0.593,-105.952
 13:10:13.232,eb:33:2e:f9:57:b5, 2015-01-01 00:54:45.010,-0.013,0.013,0.997,0.183,0,-0.061, , , , , , ,0.846,0.593,-105.952
 13:10:13.232,eb:33:2e:f9:57:b5, 2015-01-01 00:54:45.010,-0.014,0.013,0.997,0.183,0,0, , , , , , ,0.846,0.593,-105.952
 13:10:13.253,eb:33:2e:f9:57:b5, 2015-01-01 00:54:45.010,-0.015,0.013,0.997,0.183,-0.061,0, , , , , , ,0.846,0.593,-105.952
 13:10:13.253,eb:33:2e:f9:57:b5, 2015-01-01 00:54:45.010,-0.014,0.013,0.997,0.244,-0.122,0, , , , , , ,0.846,0.599,-105.952
 13:10:13.253,eb:33:2e:f9:57:b5, 2015-01-01 00:54:45.010,-0.014,0.013,0.997,0.305,-0.183,0, , , , , , ,0.846,0.599,-105.952
 13:10:13.253,eb:33:2e:f9:57:b5, 2015-01-01 00:54:45.010,-0.013,0.013,0.998,0.366,-0.244,0, , , , , , ,0.846,0.599,-105.952
 13:10:13.253,eb:33:2e:f9:57:b5, 2015-01-01 00:54:45.010,-0.013,0.013,0.997,0.305,-0.305,0, , , , , , ,0.846,0.599,-105.952
 13:10:13.253,eb:33:2e:f9:57:b5, 2015-01-01 00:54:45.010,-0.013,0.013,0.998,0.305,-0.366,0, , , , , , ,0.84,0.599,-105.952
 13:10:13.253,eb:33:2e:f9:57:b5, 2015-01-01 00:54:45.010,-0.012,0.013,0.997,0.427,-0.488,0, , , , , , ,0.84,0.599,-105.952
 13:10:13.253,eb:33:2e:f9:57:b5, 2015-01-01 00:54:45.010,-0.012,0.013,0.997,0.427,-0.366,0, , , , , , ,0.84,0.599,-105.952
 13:10:13.299,eb:33:2e:f9:57:b5, 2015-01-01 00:54:45.010,-0.012,0.013,0.999,0.488,-0.305,0, , , , , , ,0.84,0.599,-105.952
 13:10:13.299,eb:33:2e:f9:57:b5, 2015-01-01 00:54:45.010,-0.012,0.013,0.997,0.488,-0.366,0, , , , , , ,0.84,0.599,-105.952
 13:10:13.299,eb:33:2e:f9:57:b5, 2015-01-01 00:54:45.010,-0.012,0.014,0.997,0.488,-0.366,0, , , , , , ,0.84,0.599,-105.952
 13:10:13.299,eb:33:2e:f9:57:b5, 2015-01-01 00:54:45.010,-0.011,0.014,0.996,0.366,-0.305,0.061, , , , , , ,0.84,0.599,-105.952
 13:10:13.299,eb:33:2e:f9:57:b5, 2015-01-01 00:54:45.010,-0.011,0.016,0.996,0.305,-0.122,0, , , , , , ,0.84,0.599,-105.952
 13:10:13.299,eb:33:2e:f9:57:b5, 2015-01-01 00:54:45.010,-0.01,0.014,0.994,0.244,-0.122,0, , , , , , ,0.84,0.599,-105.952
 13:10:13.299,eb:33:2e:f9:57:b5, 2015-01-01 00:54:45.010,-0.009,0.014,0.996,0.244,0,0.122, , , , , , ,0.84,0.599,-105.952
 13:10:13.299,eb:33:2e:f9:57:b5, 2015-01-01 00:54:45.010,-0.01,0.015,0.998,0.244,0.183,0.061, , , , , , ,0.84,0.599,-105.952
 13:10:13.345,eb:33:2e:f9:57:b5, 2015-01-01 00:54:45.010,-0.012,0.018,0.998,0.061,0.305,0, , , , , , ,0.84,0.599,-105.952
 13:10:13.345,eb:33:2e:f9:57:b5, 2015-01-01 00:54:45.010,-0.011,0.014,0.997,0,0.366,0.061, , , , , , ,0.84,0.599,-105.952
 13:10:13.345,eb:33:2e:f9:57:b5, 2015-01-01 00:54:45.010,-0.012,0.014,0.998,0.061,0.488,0.061, , , , , , ,0.84,0.599,-105.952
 13:10:13.345,eb:33:2e:f9:57:b5, 2015-01-01 00:54:45.010,-0.012,0.015,0.998,0,0.488,0.061, , , , , , ,0.84,0.599,-105.952
 13:10:13.345,eb:33:2e:f9:57:b5, 2015-01-01 00:54:45.010,-0.012,0.016,0.997,-0.061,0.61,0, , , , , , ,0.84,0.599,-105.952
 13:10:13.345,eb:33:2e:f9:57:b5, 2015-01-01 00:54:45.010,-0.011,0.013,0.998,0,0.549,0.061, , , , , , ,0.84,0.599,-105.952
 13:10:13.345,eb:33:2e:f9:57:b5, 2015-01-01 00:54:45.010,-0.014,0.013,0.998,0,0.549,0, , , , , , ,0.84,0.599,-105.952
 13:10:13.345,eb:33:2e:f9:57:b5, 2015-01-01 00:54:45.010,-0.016,0.017,0.995,-0.061,0.549,0, , , , , , ,0.84,0.599,-105.952
 13:10:13.390,eb:33:2e:f9:57:b5, 2015-01-01 00:54:45.010,-0.014,0.013,0.994,-0.061,0.427,0.061, , , , , , ,0.84,0.599,-105.952
 13:10:13.390,eb:33:2e:f9:57:b5, 2015-01-01 00:54:45.010,-0.014,0.013,0.994,-0.061,0.305,0.122, , , , , , ,0.84,0.599,-105.952
 13:10:13.390,eb:33:2e:f9:57:b5, 2015-01-01 00:54:45.010,-0.016,0.016,0.994,-0.061,0.122,0.061, , , , , , ,0.84,0.599,-105.952
 13:10:13.390,eb:33:2e:f9:57:b5, 2015-01-01 00:54:45.010,-0.013,0.012,0.994,-0.061,-0.061,0.183, , , , , , ,0.84,0.599,-105.952
 13:10:13.390,eb:33:2e:f9:57:b5, 2015-01-01 00:54:45.010,-0.016,0.014,0.996,-0.122,-0.061,0.122, , , , , , ,0.84,0.599,-105.952
 13:10:13.390,eb:33:2e:f9:57:b5, 2015-01-01 00:54:45.010,-0.015,0.013,0.994,0,-0.305,0.183, , , , , , ,0.84,0.604,-105.952
 13:10:13.390,eb:33:2e:f9:57:b5, 2015-01-01 00:54:45.010,-0.013,0.014,0.996,0,-0.488,0.244, , , , , , ,0.84,0.604,-105.952
 13:10:13.390,eb:33:2e:f9:57:b5, 2015-01-01 00:54:45.010,-0.014,0.016,0.997,-0.122,-0.427,0.244, , , , , , ,0.84,0.604,-105.952
 13:10:13.434,eb:33:2e:f9:57:b5, 2015-01-01 00:54:45.325,-0.012,0.013,0.996,-0.122,-0.549,0.305, , , , , , ,0.84,0.604,-105.952
 13:10:13.434,eb:33:2e:f9:57:b5, 2015-01-01 00:54:45.325,-0.013,0.016,0.999,-0.183,-0.427,0.244, , , , , , ,0.84,0.604,-105.952
 13:10:13.434,eb:33:2e:f9:57:b5, 2015-01-01 00:54:45.325,-0.012,0.014,0.997,-0.244,-0.427,0.305, , , , , , ,0.84,0.604,-105.952
 13:10:13.434,eb:33:2e:f9:57:b5, 2015-01-01 00:54:45.325,-0.012,0.014,0.999,-0.305,-0.427,0.366, , , , , , ,0.84,0.604,-105.952
 13:10:13.434,eb:33:2e:f9:57:b5, 2015-01-01 00:54:45.325,-0.012,0.015,0.997,-0.305,-0.366,0.244, , , , , , ,0.84,0.604,-105.952
 13:10:13.434,eb:33:2e:f9:57:b5, 2015-01-01 00:54:45.325,-0.012,0.015,0.997,-0.305,-0.366,0.244, , , , , , ,0.84,0.604,-105.952
 13:10:13.434,eb:33:2e:f9:57:b5, 2015-01-01 00:54:45.325,-0.01,0.013,0.999,-0.305,-0.305,0.305, , , , , , ,0.84,0.604,-105.952
 13:10:13.434,eb:33:2e:f9:57:b5, 2015-01-01 00:54:45.325,-0.011,0.013,0.999,-0.244,-0.244,0.244, , , , , , ,0.84,0.604,-105.952
 13:10:13.456,eb:33:2e:f9:57:b5, 2015-01-01 00:54:45.325,-0.011,0.015,0.999,-0.244,-0.122,0.244, , , , , , ,0.84,0.604,-105.952
 13:10:13.456,eb:33:2e:f9:57:b5, 2015-01-01 00:54:45.325,-0.009,0.012,0.999,-0.183,-0.061,0.244, , , , , , ,0.84,0.604,-105.952
 13:10:13.456,eb:33:2e:f9:57:b5, 2015-01-01 00:54:45.325,-0.011,0.012,1,-0.183,0.061,0.244, , , , , , ,0.84,0.604,-105.952
 13:10:13.456,eb:33:2e:f9:57:b5, 2015-01-01 00:54:45.325,-0.011,0.012,0.999,-0.122,0.061,0.244, , , , , , ,0.84,0.604,-105.952
 13:10:13.456,eb:33:2e:f9:57:b5, 2015-01-01 00:54:45.325,-0.013,0.014,0.998,-0.061,0.122,0.183, , , , , , ,0.84,0.604,-105.952
 13:10:13.456,eb:33:2e:f9:57:b5, 2015-01-01 00:54:45.325,-0.01,0.013,0.999,0,0.061,0.244, , , , , , ,0.84,0.604,-105.952
 13:10:13.456,eb:33:2e:f9:57:b5, 2015-01-01 00:54:45.325,-0.01,0.014,1.002,0.061,0.244,0.122, , , , , , ,0.84,0.604,-105.952
 13:10:13.456,eb:33:2e:f9:57:b5, 2015-01-01 00:54:45.325,-0.011,0.013,1.002,0.061,0.427,0.061, , , , , , ,0.84,0.604,-105.952
 13:10:13.501,eb:33:2e:f9:57:b5, 2015-01-01 00:54:45.325,-0.01,0.013,1.002,0.244,0.549,0.061, , , , , , ,0.84,0.604,-105.952
 13:10:13.501,eb:33:2e:f9:57:b5, 2015-01-01 00:54:45.325,-0.013,0.013,1,0.244,0.671,0, , , , , , ,0.84,0.604,-105.952
 13:10:13.501,eb:33:2e:f9:57:b5, 2015-01-01 00:54:45.325,-0.015,0.014,0.998,0.244,0.61,0, , , , , , ,0.84,0.604,-105.952
 13:10:13.501,eb:33:2e:f9:57:b5, 2015-01-01 00:54:45.325,-0.01,0.012,0.995,0.366,0.549,0, , , , , , ,0.84,0.604,-105.952
 13:10:13.501,eb:33:2e:f9:57:b5, 2015-01-01 00:54:45.325,-0.012,0.015,0.999,0.305,0.671,-0.061, , , , , , ,0.84,0.604,-105.952
 13:10:13.501,eb:33:2e:f9:57:b5, 2015-01-01 00:54:45.325,-0.016,0.016,0.997,0.305,0.671,-0.061, , , , , , ,0.84,0.604,-105.952
 13:10:13.501,eb:33:2e:f9:57:b5, 2015-01-01 00:54:45.325,-0.012,0.014,0.993,0.366,0.549,-0.061, , , , , , ,0.84,0.604,-105.952
 13:10:13.501,eb:33:2e:f9:57:b5, 2015-01-01 00:54:45.325,-0.012,0.014,0.996,0.366,0.549,-0.061, , , , , , ,0.84,0.604,-105.952
 13:10:13.546,eb:33:2e:f9:57:b5, 2015-01-01 00:54:45.325,-0.015,0.015,0.996,0.366,0.671,-0.122, , , , , , ,0.84,0.604,-105.952
 13:10:13.546,eb:33:2e:f9:57:b5, 2015-01-01 00:54:45.325,-0.015,0.018,0.993,0.305,0.549,-0.122, , , , , , ,0.84,0.604,-105.952
 13:10:13.546,eb:33:2e:f9:57:b5, 2015-01-01 00:54:45.325,-0.01,0.014,0.995,0.244,0.488,-0.122, , , , , , ,0.84,0.604,-105.952
 13:10:13.546,eb:33:2e:f9:57:b5, 2015-01-01 00:54:45.325,-0.009,0.015,0.996,0.183,0.488,-0.061, , , , , , ,0.84,0.604,-105.952
 13:10:13.546,eb:33:2e:f9:57:b5, 2015-01-01 00:54:45.325,-0.013,0.019,0.996,0.061,0.732,-0.061, , , , , , ,0.84,0.604,-105.952
 13:10:13.546,eb:33:2e:f9:57:b5, 2015-01-01 00:54:45.325,-0.014,0.014,0.996,0,0.793,-0.061, , , , , , ,0.84,0.604,-105.952
 13:10:13.546,eb:33:2e:f9:57:b5, 2015-01-01 00:54:45.325,-0.016,0.015,0.994,0,0.793,-0.061, , , , , , ,0.84,0.604,-105.952
 13:10:13.546,eb:33:2e:f9:57:b5, 2015-01-01 00:54:45.325,-0.015,0.015,0.993,-0.061,0.549,-0.122, , , , , , ,0.84,0.604,-105.952
 13:10:13.594,eb:33:2e:f9:57:b5, 2015-01-01 00:54:45.325,-0.013,0.015,0.994,-0.122,0.488,-0.122, , , , , , ,0.84,0.604,-105.952
 13:10:13.594,eb:33:2e:f9:57:b5, 2015-01-01 00:54:45.325,-0.012,0.014,0.998,-0.122,0.549,-0.061, , , , , , ,0.84,0.61,-105.952
 13:10:13.594,eb:33:2e:f9:57:b5, 2015-01-01 00:54:45.325,-0.016,0.015,0.998,-0.122,0.549,-0.122, , , , , , ,0.84,0.61,-105.952
 13:10:13.594,eb:33:2e:f9:57:b5, 2015-01-01 00:54:45.325,-0.015,0.014,0.995,-0.183,0.427,-0.122, , , , , , ,0.84,0.61,-105.952
 13:10:13.594,eb:33:2e:f9:57:b5, 2015-01-01 00:54:45.325,-0.014,0.014,0.995,-0.183,0.305,-0.122, , , , , , ,0.84,0.61,-105.952
 13:10:13.594,eb:33:2e:f9:57:b5, 2015-01-01 00:54:45.325,-0.014,0.014,0.996,-0.183,0.244,-0.122, , , , , , ,0.84,0.61,-105.952
 13:10:13.594,eb:33:2e:f9:57:b5, 2015-01-01 00:54:45.325,-0.015,0.013,0.997,-0.183,0.244,-0.122, , , , , , ,0.84,0.61,-105.952
 13:10:13.594,eb:33:2e:f9:57:b5, 2015-01-01 00:54:45.325,-0.015,0.013,0.998,-0.183,0.183,-0.183, , , , , , ,0.84,0.61,-105.952
 13:10:13.636,eb:33:2e:f9:57:b5, 2015-01-01 00:54:45.325,-0.013,0.013,0.997,-0.183,0.122,-0.183, , , , , , ,0.84,0.61,-105.952
 13:10:13.636,eb:33:2e:f9:57:b5, 2015-01-01 00:54:45.325,-0.014,0.014,0.998,-0.183,0.122,-0.183, , , , , , ,0.84,0.61,-105.952
 13:10:13.636,eb:33:2e:f9:57:b5, 2015-01-01 00:54:45.325,-0.014,0.014,0.999,-0.244,0.061,-0.183, , , , , , ,0.84,0.61,-105.952
 13:10:13.636,eb:33:2e:f9:57:b5, 2015-01-01 00:54:45.325,-0.014,0.014,0.999,-0.244,0.061,-0.122, , , , , , ,0.84,0.61,-105.952
 13:10:13.637,eb:33:2e:f9:57:b5, 2015-01-01 00:54:45.325,-0.014,0.015,0.998,-0.244,0.122,-0.122, , , , , , ,0.84,0.61,-105.952
 13:10:13.637,eb:33:2e:f9:57:b5, 2015-01-01 00:54:45.325,-0.014,0.015,0.998,-0.183,0.061,-0.183, , , , , , ,0.84,0.61,-105.952
 13:10:13.637,eb:33:2e:f9:57:b5, 2015-01-01 00:54:45.325,-0.013,0.014,0.998,-0.183,0.061,-0.183, , , , , , ,0.84,0.61,-105.952
 13:10:13.637,eb:33:2e:f9:57:b5, 2015-01-01 00:54:45.325,-0.013,0.014,0.997,-0.122,0,-0.183, , , , , , ,0.84,0.61,-105.952
 13:10:13.658,eb:33:2e:f9:57:b5, 2015-01-01 00:54:45.325,-0.014,0.014,0.997,-0.244,0,-0.183, , , , , , ,0.84,0.61,-105.952
 13:10:13.658,eb:33:2e:f9:57:b5, 2015-01-01 00:54:45.325,-0.016,0.013,0.997,-0.183,0.061,-0.183, , , , , , ,0.84,0.61,-105.952
 13:10:13.658,eb:33:2e:f9:57:b5, 2015-01-01 00:54:45.325,-0.015,0.012,0.996,-0.183,0,0, , , , , , ,0.84,0.61,-105.952
 13:10:13.658,eb:33:2e:f9:57:b5, 2015-01-01 00:54:45.325,-0.012,0.014,0.996,-0.183,-0.061,-0.183, , , , , , ,0.84,0.61,-105.952
 13:10:13.658,eb:33:2e:f9:57:b5, 2015-01-01 00:54:45.325,-0.012,0.014,0.998,-0.183,0,-0.183, , , , , , ,0.84,0.61,-105.952
 13:10:13.658,eb:33:2e:f9:57:b5, 2015-01-01 00:54:45.325,-0.014,0.013,0.999,-0.183,0,-0.122, , , , , , ,0.84,0.615,-105.952
 13:10:13.659,eb:33:2e:f9:57:b5, 2015-01-01 00:54:45.325,-0.015,0.013,0.997,-0.122,0,-0.122, , , , , , ,0.84,0.615,-105.952
 13:10:13.659,eb:33:2e:f9:57:b5, 2015-01-01 00:54:45.325,-0.015,0.013,0.997,-0.122,0,-0.122, , , , , , ,0.84,0.615,-105.952
 13:10:13.705,eb:33:2e:f9:57:b5, 2015-01-01 00:54:45.325,-0.013,0.012,0.995,-0.122,-0.061,-0.122, , , , , , ,0.84,0.615,-105.952
 13:10:13.705,eb:33:2e:f9:57:b5, 2015-01-01 00:54:45.325,-0.013,0.013,0.997,-0.122,0,-0.122, , , , , , ,0.84,0.615,-105.952
 13:10:13.705,eb:33:2e:f9:57:b5, 2015-01-01 00:54:45.325,-0.013,0.013,0.997,-0.061,0,-0.183, , , , , , ,0.84,0.615,-105.952
 13:10:13.705,eb:33:2e:f9:57:b5, 2015-01-01 00:54:45.325,-0.015,0.013,0.997,-0.061,0,-0.183, , , , , , ,0.84,0.615,-105.952
 13:10:13.705,eb:33:2e:f9:57:b5, 2015-01-01 00:54:45.325,-0.016,0.013,0.998,-0.061,0,-0.122, , , , , , ,0.84,0.615,-105.952
 13:10:13.705,eb:33:2e:f9:57:b5, 2015-01-01 00:54:45.325,-0.012,0.014,0.996,-0.122,-0.122,-0.122, , , , , , ,0.84,0.615,-105.952
 13:10:13.705,eb:33:2e:f9:57:b5, 2015-01-01 00:54:45.325,-0.011,0.015,0.998,-0.122,0,-0.183, , , , , , ,0.84,0.615,-105.952
 13:10:13.705,eb:33:2e:f9:57:b5, 2015-01-01 00:54:45.325,-0.013,0.013,1,-0.122,0,-0.122, , , , , , ,0.84,0.615,-105.958
 13:10:13.749,eb:33:2e:f9:57:b5, 2015-01-01 00:54:45.635,-0.014,0.014,0.998,-0.122,0.061,-0.183, , , , , , ,0.84,0.615,-105.958
 13:10:13.749,eb:33:2e:f9:57:b5, 2015-01-01 00:54:45.635,-0.014,0.014,0.997,-0.061,0.061,-0.183, , , , , , ,0.84,0.615,-105.958
 13:10:13.749,eb:33:2e:f9:57:b5, 2015-01-01 00:54:45.635,-0.013,0.013,0.997,-0.122,0.061,-0.183, , , , , , ,0.84,0.615,-105.958
 13:10:13.749,eb:33:2e:f9:57:b5, 2015-01-01 00:54:45.635,-0.01,0.015,0.999,-0.122,0.122,-0.244, , , , , , ,0.84,0.615,-105.958
 13:10:13.749,eb:33:2e:f9:57:b5, 2015-01-01 00:54:45.635,-0.011,0.015,1,-0.122,0.366,-0.244, , , , , , ,0.84,0.615,-105.958
 13:10:13.749,eb:33:2e:f9:57:b5, 2015-01-01 00:54:45.635,-0.013,0.013,1,-0.183,0.549,-0.244, , , , , , ,0.84,0.615,-105.958
 13:10:13.749,eb:33:2e:f9:57:b5, 2015-01-01 00:54:45.635,-0.015,0.012,0.998,-0.122,0.61,-0.183, , , , , , ,0.84,0.615,-105.958
 13:10:13.749,eb:33:2e:f9:57:b5, 2015-01-01 00:54:45.635,-0.017,0.013,0.997,-0.061,0.549,-0.183, , , , , , ,0.84,0.615,-105.958
 13:10:13.793,eb:33:2e:f9:57:b5, 2015-01-01 00:54:45.635,-0.014,0.014,0.994,-0.122,0.305,-0.183, , , , , , ,0.84,0.615,-105.958
 13:10:13.793,eb:33:2e:f9:57:b5, 2015-01-01 00:54:45.635,-0.01,0.013,0.996,-0.122,0.305,-0.183, , , , , , ,0.84,0.615,-105.958
 13:10:13.793,eb:33:2e:f9:57:b5, 2015-01-01 00:54:45.635,-0.012,0.017,1,-0.183,0.549,-0.183, , , , , , ,0.84,0.615,-105.958
 13:10:13.793,eb:33:2e:f9:57:b5, 2015-01-01 00:54:45.635,-0.016,0.014,0.998,-0.183,0.61,-0.061, , , , , , ,0.84,0.615,-105.958
 13:10:13.793,eb:33:2e:f9:57:b5, 2015-01-01 00:54:45.635,-0.014,0.012,0.998,-0.061,0.488,-0.061, , , , , , ,0.84,0.615,-105.958
 13:10:13.793,eb:33:2e:f9:57:b5, 2015-01-01 00:54:45.635,-0.017,0.016,0.997,-0.122,0.549,-0.122, , , , , , ,0.84,0.621,-105.958
 13:10:13.793,eb:33:2e:f9:57:b5, 2015-01-01 00:54:45.635,-0.012,0.011,0.995,-0.122,0.427,-0.122, , , , , , ,0.84,0.621,-105.958
 13:10:13.793,eb:33:2e:f9:57:b5, 2015-01-01 00:54:45.635,-0.018,0.016,0.999,-0.183,0.549,-0.122, , , , , , ,0.84,0.621,-105.958
 13:10:13.815,eb:33:2e:f9:57:b5, 2015-01-01 00:54:45.635,-0.015,0.009,0.996,-0.061,0.427,-0.122, , , , , , ,0.84,0.621,-105.958
 13:10:13.815,eb:33:2e:f9:57:b5, 2015-01-01 00:54:45.635,-0.017,0.015,0.997,-0.122,0.366,-0.183, , , , , , ,0.84,0.621,-105.958
 13:10:13.815,eb:33:2e:f9:57:b5, 2015-01-01 00:54:45.635,-0.013,0.01,0.996,0,0.122,0, , , , , , ,0.84,0.621,-105.958
 13:10:13.815,eb:33:2e:f9:57:b5, 2015-01-01 00:54:45.635,-0.014,0.013,0.998,-0.061,0.183,0, , , , , , ,0.84,0.621,-105.958
 13:10:13.815,eb:33:2e:f9:57:b5, 2015-01-01 00:54:45.635,-0.017,0.013,0.997,0,0.122,0, , , , , , ,0.84,0.621,-105.958
 13:10:13.816,eb:33:2e:f9:57:b5, 2015-01-01 00:54:45.635,-0.013,0.011,0.997,0,0.061,0, , , , , , ,0.84,0.621,-105.958
 13:10:13.816,eb:33:2e:f9:57:b5, 2015-01-01 00:54:45.635,-0.015,0.015,0.999,0,0.122,0, , , , , , ,0.84,0.621,-105.958
 13:10:13.816,eb:33:2e:f9:57:b5, 2015-01-01 00:54:45.635,-0.013,0.011,0.997,0.061,0,0.061, , , , , , ,0.84,0.621,-105.958
 13:10:13.862,eb:33:2e:f9:57:b5, 2015-01-01 00:54:45.635,-0.014,0.013,0.999,0.061,0.061,0.061, , , , , , ,0.84,0.621,-105.958
 13:10:13.862,eb:33:2e:f9:57:b5, 2015-01-01 00:54:45.635,-0.015,0.013,0.998,0.061,0.061,0, , , , , , ,0.835,0.621,-105.958
 13:10:13.862,eb:33:2e:f9:57:b5, 2015-01-01 00:54:45.635,-0.012,0.011,0.997,0.061,0,0.061, , , , , , ,0.835,0.621,-105.958
 13:10:13.862,eb:33:2e:f9:57:b5, 2015-01-01 00:54:45.635,-0.014,0.013,0.997,0.122,0.061,0, , , , , , ,0.835,0.621,-105.958
 13:10:13.862,eb:33:2e:f9:57:b5, 2015-01-01 00:54:45.635,-0.014,0.014,0.996,0.061,0,0, , , , , , ,0.835,0.621,-105.958
 13:10:13.862,eb:33:2e:f9:57:b5, 2015-01-01 00:54:45.635,-0.014,0.013,0.997,0,0,0.061, , , , , , ,0.835,0.621,-105.958
 13:10:13.862,eb:33:2e:f9:57:b5, 2015-01-01 00:54:45.635,-0.013,0.012,0.997,0.122,0,0.122, , , , , , ,0.835,0.621,-105.958
 13:10:13.862,eb:33:2e:f9:57:b5, 2015-01-01 00:54:45.635,-0.014,0.014,0.998,0.061,0,0.061, , , , , , ,0.835,0.621,-105.958
 13:10:13.907,eb:33:2e:f9:57:b5, 2015-01-01 00:54:45.635,-0.014,0.015,0.996,0,0.061,0.061, , , , , , ,0.835,0.621,-105.958
 13:10:13.907,eb:33:2e:f9:57:b5, 2015-01-01 00:54:45.635,-0.013,0.014,0.997,0,0.061,0.122, , , , , , ,0.835,0.626,-105.958
 13:10:13.907,eb:33:2e:f9:57:b5, 2015-01-01 00:54:45.635,-0.013,0.013,0.998,0,0.122,0.122, , , , , , ,0.835,0.626,-105.958
 13:10:13.907,eb:33:2e:f9:57:b5, 2015-01-01 00:54:45.635,-0.013,0.014,0.997,0.061,0.122,0.061, , , , , , ,0.835,0.626,-105.958
 13:10:13.907,eb:33:2e:f9:57:b5, 2015-01-01 00:54:45.635,-0.014,0.014,0.997,0.061,0.061,0, , , , , , ,0.835,0.626,-105.958
 13:10:13.907,eb:33:2e:f9:57:b5, 2015-01-01 00:54:45.635,-0.014,0.013,0.998,0.061,0.122,0.061, , , , , , ,0.835,0.626,-105.958
 13:10:13.907,eb:33:2e:f9:57:b5, 2015-01-01 00:54:45.635,-0.015,0.013,0.998,0.122,0.183,0.061, , , , , , ,0.835,0.626,-105.958
 13:10:13.907,eb:33:2e:f9:57:b5, 2015-01-01 00:54:45.635,-0.016,0.013,0.998,0.183,0.122,0.122, , , , , , ,0.835,0.626,-105.958
 13:10:13.953,eb:33:2e:f9:57:b5, 2015-01-01 00:54:45.635,-0.015,0.013,0.996,0.244,0.061,0.122, , , , , , ,0.835,0.626,-105.958
 13:10:13.953,eb:33:2e:f9:57:b5, 2015-01-01 00:54:45.635,-0.016,0.014,0.996,0.183,0.061,0.061, , , , , , ,0.835,0.626,-105.958
 13:10:13.953,eb:33:2e:f9:57:b5, 2015-01-01 00:54:45.635,-0.016,0.014,0.996,0.183,0,0.061, , , , , , ,0.835,0.626,-105.958
 13:10:13.953,eb:33:2e:f9:57:b5, 2015-01-01 00:54:45.635,-0.016,0.013,0.996,0.244,-0.061,0.122, , , , , , ,0.835,0.626,-105.958
 13:10:13.953,eb:33:2e:f9:57:b5, 2015-01-01 00:54:45.635,-0.015,0.014,0.997,0.183,-0.061,0.183, , , , , , ,0.835,0.626,-105.958
 13:10:13.953,eb:33:2e:f9:57:b5, 2015-01-01 00:54:45.635,-0.016,0.015,0.997,0.244,-0.122,0.122, , , , , , ,0.835,0.626,-105.958
 13:10:13.953,eb:33:2e:f9:57:b5, 2015-01-01 00:54:45.635,-0.015,0.013,0.995,0.183,-0.183,0.122, , , , , , ,0.835,0.626,-105.958
 13:10:13.953,eb:33:2e:f9:57:b5, 2015-01-01 00:54:45.635,-0.016,0.013,0.996,0.183,-0.244,0.122, , , , , , ,0.835,0.626,-105.958
 13:10:13.997,eb:33:2e:f9:57:b5, 2015-01-01 00:54:45.635,-0.013,0.012,0.996,0.244,-0.366,0.183, , , , , , ,0.835,0.626,-105.958
 13:10:13.997,eb:33:2e:f9:57:b5, 2015-01-01 00:54:45.635,-0.014,0.015,0.996,0.183,-0.366,0.183, , , , , , ,0.835,0.632,-105.958
 13:10:13.997,eb:33:2e:f9:57:b5, 2015-01-01 00:54:45.635,-0.014,0.014,0.997,0.122,-0.366,0.244, , , , , , ,0.835,0.632,-105.958
 13:10:13.997,eb:33:2e:f9:57:b5, 2015-01-01 00:54:45.635,-0.014,0.014,0.997,0.122,-0.427,0.244, , , , , , ,0.835,0.632,-105.958
 13:10:13.997,eb:33:2e:f9:57:b5, 2015-01-01 00:54:45.635,-0.014,0.014,0.997,0.122,-0.366,0.183, , , , , , ,0.835,0.632,-105.958
 13:10:13.997,eb:33:2e:f9:57:b5, 2015-01-01 00:54:45.635,-0.013,0.015,0.997,0.122,-0.366,0.244, , , , , , ,0.835,0.632,-105.958
 13:10:13.997,eb:33:2e:f9:57:b5, 2015-01-01 00:54:45.635,-0.014,0.014,0.997,0.061,-0.305,0.244, , , , , , ,0.835,0.632,-105.958
 13:10:13.997,eb:33:2e:f9:57:b5, 2015-01-01 00:54:45.635,-0.013,0.013,0.996,0,-0.244,0.244, , , , , , ,0.835,0.632,-105.958
 13:10:14.018,eb:33:2e:f9:57:b5, 2015-01-01 00:54:45.925,-0.014,0.014,0.997,0,-0.183,0.183, , , , , , ,0.835,0.632,-105.958
 13:10:14.018,eb:33:2e:f9:57:b5, 2015-01-01 00:54:45.925,-0.013,0.014,0.998,0,-0.122,0.183, , , , , , ,0.835,0.632,-105.958
 13:10:14.018,eb:33:2e:f9:57:b5, 2015-01-01 00:54:45.925,-0.012,0.014,0.998,0,-0.122,0.122, , , , , , ,0.835,0.632,-105.958
 13:10:14.018,eb:33:2e:f9:57:b5, 2015-01-01 00:54:45.925,-0.012,0.013,0.998,0,0,0.183, , , , , , ,0.835,0.632,-105.958
 13:10:14.018,eb:33:2e:f9:57:b5, 2015-01-01 00:54:45.925,-0.013,0.013,0.998,0,0,0.183, , , , , , ,0.835,0.632,-105.958
 13:10:14.018,eb:33:2e:f9:57:b5, 2015-01-01 00:54:45.925,-0.013,0.013,0.998,0,0.061,0.122, , , , , , ,0.835,0.632,-105.958
 13:10:14.018,eb:33:2e:f9:57:b5, 2015-01-01 00:54:45.925,-0.013,0.012,0.998,0.061,0,0.183, , , , , , ,0.835,0.632,-105.958
 13:10:14.018,eb:33:2e:f9:57:b5, 2015-01-01 00:54:45.925,-0.013,0.013,0.998,0.061,0.061,0.183, , , , , , ,0.835,0.632,-105.958
 13:10:14.064,eb:33:2e:f9:57:b5, 2015-01-01 00:54:45.925,-0.013,0.014,0.998,0.122,0.183,0.122, , , , , , ,0.835,0.632,-105.958
 13:10:14.064,eb:33:2e:f9:57:b5, 2015-01-01 00:54:45.925,-0.015,0.014,0.998,0.061,0.244,0.122, , , , , , ,0.835,0.632,-105.958
 13:10:14.064,eb:33:2e:f9:57:b5, 2015-01-01 00:54:45.925,-0.015,0.013,0.998,0.122,0.244,0.122, , , , , , ,0.835,0.632,-105.958
 13:10:14.064,eb:33:2e:f9:57:b5, 2015-01-01 00:54:45.925,-0.015,0.014,0.996,0.061,0.183,0.061, , , , , , ,0.835,0.632,-105.958
 13:10:14.064,eb:33:2e:f9:57:b5, 2015-01-01 00:54:45.925,-0.014,0.013,0.996,0.061,0.122,0.061, , , , , , ,0.835,0.632,-105.958
 13:10:14.064,eb:33:2e:f9:57:b5, 2015-01-01 00:54:45.925,-0.014,0.014,0.997,0.122,0.122,0.122, , , , , , ,0.835,0.632,-105.958
 13:10:14.064,eb:33:2e:f9:57:b5, 2015-01-01 00:54:45.925,-0.014,0.014,0.997,0.061,0.122,0.061, , , , , , ,0.835,0.632,-105.958
 13:10:14.064,eb:33:2e:f9:57:b5, 2015-01-01 00:54:45.925,-0.014,0.015,0.997,0.061,0.122,0.061, , , , , , ,0.835,0.632,-105.958
 13:10:14.110,eb:33:2e:f9:57:b5, 2015-01-01 00:54:45.925,-0.014,0.014,0.997,0.061,0.061,0.061, , , , , , ,0.835,0.632,-105.958
 13:10:14.110,eb:33:2e:f9:57:b5, 2015-01-01 00:54:45.925,-0.013,0.014,0.997,0.122,0.061,0.061, , , , , , ,0.835,0.637,-105.958
 13:10:14.110,eb:33:2e:f9:57:b5, 2015-01-01 00:54:45.925,-0.013,0.014,0.997,0.122,0.061,0.061, , , , , , ,0.835,0.637,-105.958
 13:10:14.110,eb:33:2e:f9:57:b5, 2015-01-01 00:54:45.925,-0.014,0.014,0.996,0.061,0.183,0.061, , , , , , ,0.835,0.637,-105.958
 13:10:14.111,eb:33:2e:f9:57:b5, 2015-01-01 00:54:45.925,-0.014,0.014,0.997,0.061,0.183,0.061, , , , , , ,0.835,0.637,-105.958
 13:10:14.111,eb:33:2e:f9:57:b5, 2015-01-01 00:54:45.925,-0.013,0.014,0.997,0.061,0.183,0, , , , , , ,0.835,0.637,-105.958
 13:10:14.111,eb:33:2e:f9:57:b5, 2015-01-01 00:54:45.925,-0.014,0.014,0.998,0.122,0.183,0, , , , , , ,0.835,0.637,-105.958
 13:10:14.111,eb:33:2e:f9:57:b5, 2015-01-01 00:54:45.925,-0.014,0.013,0.998,0.122,0.244,0.061, , , , , , ,0.835,0.637,-105.958
 13:10:14.154,eb:33:2e:f9:57:b5, 2015-01-01 00:54:45.925,-0.016,0.013,0.997,0.183,0.244,0, , , , , , ,0.835,0.637,-105.958
 13:10:14.154,eb:33:2e:f9:57:b5, 2015-01-01 00:54:45.925,-0.016,0.013,0.997,0.244,0.183,0.061, , , , , , ,0.835,0.637,-105.958
 13:10:14.154,eb:33:2e:f9:57:b5, 2015-01-01 00:54:45.925,-0.014,0.013,0.997,0.305,0.061,0.061, , , , , , ,0.835,0.637,-105.958
 13:10:14.154,eb:33:2e:f9:57:b5, 2015-01-01 00:54:45.925,-0.014,0.012,0.999,0.305,0.061,0.061, , , , , , ,0.835,0.637,-105.958
 13:10:14.154,eb:33:2e:f9:57:b5, 2015-01-01 00:54:45.925,-0.011,0.009,1,0.488,0,0.244, , , , , , ,0.835,0.637,-105.958
 13:10:14.154,eb:33:2e:f9:57:b5, 2015-01-01 00:54:45.925,-0.016,0.016,1,0.427,0.183,0.061, , , , , , ,0.835,0.637,-105.958
 13:10:14.154,eb:33:2e:f9:57:b5, 2015-01-01 00:54:45.925,-0.015,0.015,0.996,0.305,0.183,0, , , , , , ,0.835,0.637,-105.958
 13:10:14.154,eb:33:2e:f9:57:b5, 2015-01-01 00:54:45.925,-0.015,0.013,0.997,0.305,0.061,0.122, , , , , , ,0.835,0.637,-105.958
 13:10:14.199,eb:33:2e:f9:57:b5, 2015-01-01 00:54:45.925,-0.015,0.012,0.998,0.488,0,0.061, , , , , , ,0.835,0.637,-105.958
 13:10:14.199,eb:33:2e:f9:57:b5, 2015-01-01 00:54:45.925,-0.012,0.011,0.998,0.549,-0.061,0.122, , , , , , ,0.835,0.637,-105.958
 13:10:14.199,eb:33:2e:f9:57:b5, 2015-01-01 00:54:45.925,-0.015,0.017,0.998,0.488,0.061,0.061, , , , , , ,0.835,0.637,-105.958
 13:10:14.199,eb:33:2e:f9:57:b5, 2015-01-01 00:54:45.925,-0.014,0.015,0.997,0.366,0.122,0.061, , , , , , ,0.835,0.637,-105.958
 13:10:14.199,eb:33:2e:f9:57:b5, 2015-01-01 00:54:45.925,-0.015,0.014,0.996,0.366,0.061,0.061, , , , , , ,0.835,0.637,-105.958
 13:10:14.199,eb:33:2e:f9:57:b5, 2015-01-01 00:54:45.925,-0.015,0.013,0.996,0.427,0,0.183, , , , , , ,0.835,0.643,-105.958
 13:10:14.199,eb:33:2e:f9:57:b5, 2015-01-01 00:54:45.925,-0.013,0.012,0.997,0.427,0,0.183, , , , , , ,0.835,0.643,-105.958
 13:10:14.199,eb:33:2e:f9:57:b5, 2015-01-01 00:54:45.925,-0.015,0.017,0.998,0.366,0.122,0.122, , , , , , ,0.835,0.643,-105.958
 13:10:14.222,eb:33:2e:f9:57:b5, 2015-01-01 00:54:45.925,-0.014,0.015,0.996,0.366,0.122,0.122, , , , , , ,0.835,0.643,-105.958
 13:10:14.222,eb:33:2e:f9:57:b5, 2015-01-01 00:54:45.925,-0.016,0.014,0.996,0.305,0.061,0.061, , , , , , ,0.835,0.643,-105.958
 13:10:14.222,eb:33:2e:f9:57:b5, 2015-01-01 00:54:45.925,-0.013,0.012,0.996,0.366,0,0.061, , , , , , ,0.835,0.643,-105.958
 13:10:14.222,eb:33:2e:f9:57:b5, 2015-01-01 00:54:45.925,-0.014,0.017,0.996,0.305,0.061,0, , , , , , ,0.835,0.643,-105.958
 13:10:14.222,eb:33:2e:f9:57:b5, 2015-01-01 00:54:45.925,-0.013,0.015,0.996,0.244,0.183,0.061, , , , , , ,0.835,0.643,-105.958
 13:10:14.222,eb:33:2e:f9:57:b5, 2015-01-01 00:54:45.925,-0.015,0.014,0.997,0.183,0.244,0.061, , , , , , ,0.835,0.643,-105.958
 13:10:14.222,eb:33:2e:f9:57:b5, 2015-01-01 00:54:45.925,-0.014,0.013,0.996,0.244,0.183,0.061, , , , , , ,0.835,0.643,-105.958
 13:10:14.222,eb:33:2e:f9:57:b5, 2015-01-01 00:54:45.925,-0.015,0.016,0.996,0.183,0.244,0.061, , , , , , ,0.835,0.643,-105.958
 13:10:14.266,eb:33:2e:f9:57:b5, 2015-01-01 00:54:45.925,-0.014,0.015,0.995,0.122,0.122,0.061, , , , , , ,0.835,0.643,-105.958
 13:10:14.266,eb:33:2e:f9:57:b5, 2015-01-01 00:54:45.925,-0.015,0.015,0.997,0.061,0.183,0, , , , , , ,0.835,0.643,-105.958
 13:10:14.266,eb:33:2e:f9:57:b5, 2015-01-01 00:54:45.925,-0.016,0.015,0.996,0.122,0.061,0.061, , , , , , ,0.835,0.643,-105.958
 13:10:14.266,eb:33:2e:f9:57:b5, 2015-01-01 00:54:45.925,-0.015,0.015,0.996,0.061,0,0.061, , , , , , ,0.835,0.643,-105.958
 13:10:14.266,eb:33:2e:f9:57:b5, 2015-01-01 00:54:45.925,-0.015,0.015,0.996,0.061,0,0.061, , , , , , ,0.835,0.643,-105.958
 13:10:14.266,eb:33:2e:f9:57:b5, 2015-01-01 00:54:45.925,-0.016,0.014,0.996,0,-0.122,0, , , , , , ,0.835,0.643,-105.958
 13:10:14.266,eb:33:2e:f9:57:b5, 2015-01-01 00:54:45.925,-0.016,0.014,0.996,0.061,-0.122,0.061, , , , , , ,0.835,0.643,-105.958
 13:10:14.266,eb:33:2e:f9:57:b5, 2015-01-01 00:54:45.925,-0.015,0.014,0.996,0.122,-0.244,0.061, , , , , , ,0.835,0.643,-105.958
 13:10:14.312,eb:33:2e:f9:57:b5, 2015-01-01 00:54:45.925,-0.015,0.015,0.996,0.061,-0.305,0.122, , , , , , ,0.835,0.643,-105.958
 13:10:14.312,eb:33:2e:f9:57:b5, 2015-01-01 00:54:45.925,-0.013,0.015,0.997,0.061,-0.366,0.122, , , , , , ,0.835,0.648,-105.958
 13:10:14.313,eb:33:2e:f9:57:b5, 2015-01-01 00:54:45.925,-0.013,0.015,0.997,0,-0.366,0.122, , , , , , ,0.835,0.648,-105.958
 13:10:14.313,eb:33:2e:f9:57:b5, 2015-01-01 00:54:45.925,-0.012,0.015,0.997,0,-0.305,0.061, , , , , , ,0.835,0.648,-105.958
 13:10:14.313,eb:33:2e:f9:57:b5, 2015-01-01 00:54:45.925,-0.012,0.015,0.996,0,-0.244,0.061, , , , , , ,0.835,0.648,-105.958
 13:10:14.313,eb:33:2e:f9:57:b5, 2015-01-01 00:54:45.925,-0.012,0.015,0.997,-0.061,-0.122,0, , , , , , ,0.835,0.648,-105.958
 13:10:14.313,eb:33:2e:f9:57:b5, 2015-01-01 00:54:45.925,-0.013,0.016,0.997,-0.122,-0.122,0, , , , , , ,0.835,0.648,-105.958
 13:10:14.313,eb:33:2e:f9:57:b5, 2015-01-01 00:54:45.925,-0.013,0.016,0.996,-0.122,0,0, , , , , , ,0.835,0.648,-105.958
 13:10:14.356,eb:33:2e:f9:57:b5, 2015-01-01 00:54:46.240,-0.014,0.016,0.996,-0.183,0,0, , , , , , ,0.835,0.648,-105.958
 13:10:14.356,eb:33:2e:f9:57:b5, 2015-01-01 00:54:46.240,-0.014,0.014,0.997,-0.183,0.061,0, , , , , , ,0.835,0.648,-105.958
 13:10:14.356,eb:33:2e:f9:57:b5, 2015-01-01 00:54:46.240,-0.014,0.014,0.997,-0.183,0,-0.061, , , , , , ,0.835,0.648,-105.958
 13:10:14.356,eb:33:2e:f9:57:b5, 2015-01-01 00:54:46.240,-0.014,0.014,0.997,-0.183,0,-0.061, , , , , , ,0.835,0.648,-105.958
 13:10:14.356,eb:33:2e:f9:57:b5, 2015-01-01 00:54:46.240,-0.014,0.014,0.997,-0.122,0,0, , , , , , ,0.835,0.648,-105.958
 13:10:14.356,eb:33:2e:f9:57:b5, 2015-01-01 00:54:46.240,-0.015,0.014,0.997,-0.061,0,0, , , , , , ,0.835,0.648,-105.958
 13:10:14.356,eb:33:2e:f9:57:b5, 2015-01-01 00:54:46.240,-0.015,0.014,0.996,-0.061,0,0, , , , , , ,0.835,0.648,-105.958
 13:10:14.356,eb:33:2e:f9:57:b5, 2015-01-01 00:54:46.240,-0.014,0.014,0.997,-0.122,0,0, , , , , , ,0.835,0.648,-105.958
 13:10:14.401,eb:33:2e:f9:57:b5, 2015-01-01 00:54:46.240,-0.014,0.014,0.997,-0.122,0,0, , , , , , ,0.835,0.648,-105.958
 13:10:14.401,eb:33:2e:f9:57:b5, 2015-01-01 00:54:46.240,-0.014,0.015,0.996,-0.122,0,0, , , , , , ,0.835,0.648,-105.958
 13:10:14.401,eb:33:2e:f9:57:b5, 2015-01-01 00:54:46.240,-0.013,0.014,0.997,-0.122,-0.061,0, , , , , , ,0.835,0.648,-105.958
 13:10:14.401,eb:33:2e:f9:57:b5, 2015-01-01 00:54:46.240,-0.013,0.014,0.997,-0.122,0,-0.061, , , , , , ,0.835,0.648,-105.958
 13:10:14.401,eb:33:2e:f9:57:b5, 2015-01-01 00:54:46.240,-0.013,0.014,0.997,-0.122,0,-0.061, , , , , , ,0.835,0.648,-105.958
 13:10:14.401,eb:33:2e:f9:57:b5, 2015-01-01 00:54:46.240,-0.013,0.015,0.997,-0.122,0.061,0, , , , , , ,0.835,0.648,-105.958
 13:10:14.401,eb:33:2e:f9:57:b5, 2015-01-01 00:54:46.240,-0.014,0.014,0.998,-0.122,0.061,-0.061, , , , , , ,0.835,0.648,-105.958
 13:10:14.401,eb:33:2e:f9:57:b5, 2015-01-01 00:54:46.240,-0.014,0.014,0.998,-0.122,0.122,-0.061, , , , , , ,0.835,0.648,-105.958
 13:10:14.431,eb:33:2e:f9:57:b5, 2015-01-01 00:54:46.240,-0.013,0.014,0.999,-0.183,0.183,-0.061, , , , , , ,0.835,0.648,-105.958
 13:10:14.431,eb:33:2e:f9:57:b5, 2015-01-01 00:54:46.240,-0.014,0.015,0.998,-0.122,0.122,0, , , , , , ,0.835,0.648,-105.958
 13:10:14.431,eb:33:2e:f9:57:b5, 2015-01-01 00:54:46.240,-0.014,0.014,0.998,-0.122,0.183,0, , , , , , ,0.835,0.648,-105.958
 13:10:14.431,eb:33:2e:f9:57:b5, 2015-01-01 00:54:46.240,-0.014,0.014,0.997,-0.061,0.122,-0.061, , , , , , ,0.835,0.648,-105.958
 13:10:14.431,eb:33:2e:f9:57:b5, 2015-01-01 00:54:46.240,-0.014,0.013,0.998,-0.061,0.122,-0.061, , , , , , ,0.835,0.648,-105.958
 13:10:14.431,eb:33:2e:f9:57:b5, 2015-01-01 00:54:46.240,-0.015,0.013,0.998,0,0.122,-0.122, , , , , , ,0.835,0.654,-105.958
 13:10:14.431,eb:33:2e:f9:57:b5, 2015-01-01 00:54:46.240,-0.014,0.013,0.997,0,0.122,-0.061, , , , , , ,0.835,0.654,-105.958
 13:10:14.431,eb:33:2e:f9:57:b5, 2015-01-01 00:54:46.240,-0.014,0.013,0.997,0,0.061,-0.061, , , , , , ,0.835,0.654,-105.958
 13:10:14.474,eb:33:2e:f9:57:b5, 2015-01-01 00:54:46.240,-0.015,0.014,0.997,0,0.122,-0.122, , , , , , ,0.835,0.654,-105.958
 13:10:14.474,eb:33:2e:f9:57:b5, 2015-01-01 00:54:46.240,-0.015,0.014,0.997,0,0.061,-0.061, , , , , , ,0.835,0.654,-105.958
 13:10:14.474,eb:33:2e:f9:57:b5, 2015-01-01 00:54:46.240,-0.014,0.014,0.997,0,0,0, , , , , , ,0.835,0.654,-105.958
 13:10:14.474,eb:33:2e:f9:57:b5, 2015-01-01 00:54:46.240,-0.015,0.014,0.998,0,0,0, , , , , , ,0.835,0.654,-105.958
 13:10:14.474,eb:33:2e:f9:57:b5, 2015-01-01 00:54:46.240,-0.015,0.014,0.996,0,0,0, , , , , , ,0.835,0.654,-105.958
 13:10:14.474,eb:33:2e:f9:57:b5, 2015-01-01 00:54:46.240,-0.014,0.014,0.996,0,0,0, , , , , , ,0.835,0.654,-105.958
 13:10:14.474,eb:33:2e:f9:57:b5, 2015-01-01 00:54:46.240,-0.014,0.014,0.997,0,0,0, , , , , , ,0.835,0.654,-105.958
 13:10:14.474,eb:33:2e:f9:57:b5, 2015-01-01 00:54:46.240,-0.014,0.014,0.997,0,0,0, , , , , , ,0.835,0.654,-105.958
 13:10:14.519,eb:33:2e:f9:57:b5, 2015-01-01 00:54:46.240,-0.014,0.014,0.997,0,0,0, , , , , , ,0.835,0.654,-105.958
 13:10:14.519,eb:33:2e:f9:57:b5, 2015-01-01 00:54:46.240,-0.015,0.014,0.998,0,0,0, , , , , , ,0.835,0.654,-105.958
 13:10:14.519,eb:33:2e:f9:57:b5, 2015-01-01 00:54:46.240,-0.014,0.014,0.998,0,0.061,0, , , , , , ,0.835,0.654,-105.958
 13:10:14.519,eb:33:2e:f9:57:b5, 2015-01-01 00:54:46.240,-0.014,0.014,0.998,0,0.061,0, , , , , , ,0.835,0.654,-105.958
 13:10:14.519,eb:33:2e:f9:57:b5, 2015-01-01 00:54:46.240,-0.014,0.014,0.998,-0.061,0.061,0, , , , , , ,0.835,0.654,-105.958
 13:10:14.519,eb:33:2e:f9:57:b5, 2015-01-01 00:54:46.240,-0.014,0.014,0.998,0,0,0, , , , , , ,0.835,0.654,-105.958
 13:10:14.519,eb:33:2e:f9:57:b5, 2015-01-01 00:54:46.240,-0.014,0.014,0.997,0,0,0, , , , , , ,0.835,0.654,-105.958
 13:10:14.519,eb:33:2e:f9:57:b5, 2015-01-01 00:54:46.240,-0.015,0.014,0.997,0,0,0, , , , , , ,0.835,0.654,-105.958
 13:10:14.559,eb:33:2e:f9:57:b5, 2015-01-01 00:54:46.240,-0.015,0.013,0.996,0,0,0, , , , , , ,0.835,0.654,-105.958
 13:10:14.559,eb:33:2e:f9:57:b5, 2015-01-01 00:54:46.240,-0.015,0.013,0.997,0,0,0, , , , , , ,0.835,0.659,-105.958
 13:10:14.559,eb:33:2e:f9:57:b5, 2015-01-01 00:54:46.240,-0.015,0.014,0.997,0,-0.061,0, , , , , , ,0.835,0.659,-105.958
 13:10:14.559,eb:33:2e:f9:57:b5, 2015-01-01 00:54:46.240,-0.015,0.013,0.997,0,-0.061,0, , , , , , ,0.835,0.659,-105.958
 13:10:14.559,eb:33:2e:f9:57:b5, 2015-01-01 00:54:46.240,-0.015,0.013,0.998,0,-0.122,0.061, , , , , , ,0.835,0.659,-105.958
 13:10:14.559,eb:33:2e:f9:57:b5, 2015-01-01 00:54:46.240,-0.015,0.013,0.997,0,-0.122,0.061, , , , , , ,0.835,0.659,-105.958
 13:10:14.559,eb:33:2e:f9:57:b5, 2015-01-01 00:54:46.240,-0.015,0.013,0.997,0.122,-0.061,0.061, , , , , , ,0.835,0.659,-105.958
 13:10:14.559,eb:33:2e:f9:57:b5, 2015-01-01 00:54:46.240,-0.015,0.013,0.997,0.122,-0.122,0.061, , , , , , ,0.835,0.659,-105.958
 13:10:14.627,eb:33:2e:f9:57:b5, 2015-01-01 00:54:46.240,-0.015,0.014,0.996,0.122,-0.244,0.122, , , , , , ,0.835,0.659,-105.958
 13:10:14.627,eb:33:2e:f9:57:b5, 2015-01-01 00:54:46.240,-0.014,0.014,0.996,0.122,-0.244,0.122, , , , , , ,0.829,0.659,-105.958
 13:10:14.627,eb:33:2e:f9:57:b5, 2015-01-01 00:54:46.240,-0.014,0.014,0.997,0.183,-0.305,0.122, , , , , , ,0.829,0.659,-105.958
 13:10:14.627,eb:33:2e:f9:57:b5, 2015-01-01 00:54:46.240,-0.012,0.014,0.997,0.183,-0.305,0.122, , , , , , ,0.829,0.659,-105.958
 13:10:14.627,eb:33:2e:f9:57:b5, 2015-01-01 00:54:46.240,-0.012,0.013,0.998,0.183,-0.244,0.122, , , , , , ,0.829,0.659,-105.958
 13:10:14.627,eb:33:2e:f9:57:b5, 2015-01-01 00:54:46.240,-0.012,0.013,0.997,0.183,-0.183,0.122, , , , , , ,0.829,0.659,-105.958
 13:10:14.627,eb:33:2e:f9:57:b5, 2015-01-01 00:54:46.240,-0.013,0.014,0.999,0.244,-0.122,0.122, , , , , , ,0.829,0.659,-105.958
 13:10:14.628,eb:33:2e:f9:57:b5, 2015-01-01 00:54:46.240,-0.013,0.014,0.999,0.183,0,0.061, , , , , , ,0.829,0.659,-105.958
 13:10:14.630,eb:33:2e:f9:57:b5, 2015-01-01 00:54:46.240,-0.012,0.014,0.998,0.244,0.061,0.061, , , , , , ,0.829,0.659,-105.958
 13:10:14.630,eb:33:2e:f9:57:b5, 2015-01-01 00:54:46.240,-0.013,0.014,0.998,0.183,0.122,0.061, , , , , , ,0.829,0.659,-105.958
 13:10:14.630,eb:33:2e:f9:57:b5, 2015-01-01 00:54:46.240,-0.013,0.015,0.998,0.183,0.183,0.061, , , , , , ,0.829,0.659,-105.958
 13:10:14.630,eb:33:2e:f9:57:b5, 2015-01-01 00:54:46.240,-0.013,0.015,0.998,0.183,0.244,0.061, , , , , , ,0.829,0.659,-105.963
 13:10:14.630,eb:33:2e:f9:57:b5, 2015-01-01 00:54:46.240,-0.014,0.014,0.997,0.122,0.305,0, , , , , , ,0.829,0.659,-105.963
 13:10:14.630,eb:33:2e:f9:57:b5, 2015-01-01 00:54:46.240,-0.014,0.014,0.998,0.122,0.305,0, , , , , , ,0.829,0.659,-105.963
 13:10:14.630,eb:33:2e:f9:57:b5, 2015-01-01 00:54:46.240,-0.014,0.014,0.997,0.183,0.305,0, , , , , , ,0.829,0.659,-105.963
 13:10:14.630,eb:33:2e:f9:57:b5, 2015-01-01 00:54:46.240,-0.015,0.014,0.998,0.122,0.305,0, , , , , , ,0.829,0.659,-105.963
 13:10:14.673,eb:33:2e:f9:57:b5, 2015-01-01 00:54:46.240,-0.015,0.015,0.997,0.183,0.305,0, , , , , , ,0.829,0.659,-105.963
 13:10:14.673,eb:33:2e:f9:57:b5, 2015-01-01 00:54:46.240,-0.015,0.015,0.997,0.183,0.244,0.061, , , , , , ,0.829,0.659,-105.963
 13:10:14.673,eb:33:2e:f9:57:b5, 2015-01-01 00:54:46.240,-0.016,0.015,0.996,0.183,0.183,0, , , , , , ,0.829,0.659,-105.963
 13:10:14.673,eb:33:2e:f9:57:b5, 2015-01-01 00:54:46.240,-0.016,0.013,0.996,0.183,0.122,0, , , , , , ,0.829,0.659,-105.963
 13:10:14.674,eb:33:2e:f9:57:b5, 2015-01-01 00:54:46.240,-0.016,0.014,0.996,0.183,0,0, , , , , , ,0.829,0.659,-105.963
 13:10:14.674,eb:33:2e:f9:57:b5, 2015-01-01 00:54:46.240,-0.015,0.014,0.996,0.244,0,0, , , , , , ,0.829,0.665,-105.963
 13:10:14.674,eb:33:2e:f9:57:b5, 2015-01-01 00:54:46.240,-0.014,0.014,0.996,0.244,-0.061,0, , , , , , ,0.829,0.665,-105.963
 13:10:14.674,eb:33:2e:f9:57:b5, 2015-01-01 00:54:46.240,-0.014,0.015,0.997,0.183,-0.061,0, , , , , , ,0.829,0.665,-105.963
 13:10:14.716,eb:33:2e:f9:57:b5, 2015-01-01 00:54:46.595,-0.014,0.014,0.997,0.183,-0.061,0, , , , , , ,0.829,0.665,-105.963
 13:10:14.716,eb:33:2e:f9:57:b5, 2015-01-01 00:54:46.595,-0.013,0.014,0.997,0.183,-0.061,0.061, , , , , , ,0.829,0.665,-105.963
 13:10:14.716,eb:33:2e:f9:57:b5, 2015-01-01 00:54:46.595,-0.012,0.015,0.998,0.183,-0.061,0, , , , , , ,0.829,0.665,-105.963
 13:10:14.716,eb:33:2e:f9:57:b5, 2015-01-01 00:54:46.595,-0.012,0.016,0.999,0.244,0,0.061, , , , , , ,0.829,0.665,-105.963
 13:10:14.716,eb:33:2e:f9:57:b5, 2015-01-01 00:54:46.595,-0.013,0.015,0.998,0.244,0.122,0.061, , , , , , ,0.829,0.665,-105.963
 13:10:14.716,eb:33:2e:f9:57:b5, 2015-01-01 00:54:46.595,-0.013,0.016,0.997,0.122,0.183,0, , , , , , ,0.829,0.665,-105.963
 13:10:14.716,eb:33:2e:f9:57:b5, 2015-01-01 00:54:46.595,-0.013,0.016,0.997,0.122,0.244,0, , , , , , ,0.829,0.665,-105.963
 13:10:14.716,eb:33:2e:f9:57:b5, 2015-01-01 00:54:46.595,-0.013,0.015,0.997,0,0.305,-0.061, , , , , , ,0.829,0.665,-105.963
 13:10:14.761,eb:33:2e:f9:57:b5, 2015-01-01 00:54:46.595,-0.013,0.015,0.997,0,0.366,-0.061, , , , , , ,0.829,0.665,-105.963
 13:10:14.761,eb:33:2e:f9:57:b5, 2015-01-01 00:54:46.595,-0.013,0.015,0.997,0.061,0.488,-0.061, , , , , , ,0.829,0.665,-105.963
 13:10:14.761,eb:33:2e:f9:57:b5, 2015-01-01 00:54:46.595,-0.014,0.015,0.996,0,0.488,0, , , , , , ,0.829,0.665,-105.963
 13:10:14.761,eb:33:2e:f9:57:b5, 2015-01-01 00:54:46.595,-0.014,0.015,0.997,0,0.488,-0.061, , , , , , ,0.829,0.665,-105.963
 13:10:14.761,eb:33:2e:f9:57:b5, 2015-01-01 00:54:46.595,-0.015,0.014,0.997,0,0.427,0, , , , , , ,0.829,0.665,-105.963
 13:10:14.761,eb:33:2e:f9:57:b5, 2015-01-01 00:54:46.595,-0.015,0.015,0.997,-0.061,0.488,-0.061, , , , , , ,0.829,0.665,-105.963
 13:10:14.762,eb:33:2e:f9:57:b5, 2015-01-01 00:54:46.595,-0.015,0.015,0.997,0,0.427,-0.061, , , , , , ,0.829,0.665,-105.963
 13:10:14.762,eb:33:2e:f9:57:b5, 2015-01-01 00:54:46.595,-0.016,0.014,0.997,-0.061,0.366,0, , , , , , ,0.829,0.665,-105.963
 13:10:14.784,eb:33:2e:f9:57:b5, 2015-01-01 00:54:46.595,-0.016,0.014,0.997,0,0.305,-0.061, , , , , , ,0.829,0.665,-105.963
 13:10:14.784,eb:33:2e:f9:57:b5, 2015-01-01 00:54:46.595,-0.016,0.014,0.997,0,0.244,0, , , , , , ,0.829,0.665,-105.963
 13:10:14.784,eb:33:2e:f9:57:b5, 2015-01-01 00:54:46.595,-0.016,0.013,0.997,0,0.244,-0.061, , , , , , ,0.829,0.665,-105.963
 13:10:14.784,eb:33:2e:f9:57:b5, 2015-01-01 00:54:46.595,-0.015,0.014,0.996,0,0.061,0, , , , , , ,0.829,0.665,-105.963
 13:10:14.784,eb:33:2e:f9:57:b5, 2015-01-01 00:54:46.595,-0.016,0.014,0.996,0,0,0, , , , , , ,0.829,0.665,-105.963
 13:10:14.784,eb:33:2e:f9:57:b5, 2015-01-01 00:54:46.595,-0.015,0.014,0.996,0,0,0, , , , , , ,0.829,0.67,-105.963
 13:10:14.784,eb:33:2e:f9:57:b5, 2015-01-01 00:54:46.595,-0.016,0.014,0.997,0,-0.122,0, , , , , , ,0.829,0.67,-105.963
 13:10:14.784,eb:33:2e:f9:57:b5, 2015-01-01 00:54:46.595,-0.015,0.014,0.997,0.061,-0.183,0, , , , , , ,0.829,0.67,-105.963
 13:10:14.828,eb:33:2e:f9:57:b5, 2015-01-01 00:54:46.595,-0.014,0.013,0.997,0,-0.122,0, , , , , , ,0.829,0.67,-105.963
 13:10:14.828,eb:33:2e:f9:57:b5, 2015-01-01 00:54:46.595,-0.014,0.014,0.997,0,-0.122,0, , , , , , ,0.829,0.67,-105.963
 13:10:14.828,eb:33:2e:f9:57:b5, 2015-01-01 00:54:46.595,-0.014,0.014,0.998,0,-0.122,0, , , , , , ,0.829,0.67,-105.963
 13:10:14.828,eb:33:2e:f9:57:b5, 2015-01-01 00:54:46.595,-0.013,0.015,0.997,0,-0.061,0, , , , , , ,0.829,0.67,-105.963
 13:10:14.828,eb:33:2e:f9:57:b5, 2015-01-01 00:54:46.595,-0.014,0.015,0.998,0,0,0, , , , , , ,0.829,0.67,-105.963
 13:10:14.828,eb:33:2e:f9:57:b5, 2015-01-01 00:54:46.595,-0.013,0.015,0.998,0,0,0, , , , , , ,0.829,0.67,-105.963
 13:10:14.828,eb:33:2e:f9:57:b5, 2015-01-01 00:54:46.595,-0.014,0.015,0.999,0,0.122,0, , , , , , ,0.829,0.67,-105.963
 13:10:14.828,eb:33:2e:f9:57:b5, 2015-01-01 00:54:46.595,-0.013,0.015,0.998,-0.122,0.122,0, , , , , , ,0.829,0.67,-105.963
 13:10:14.874,eb:33:2e:f9:57:b5, 2015-01-01 00:54:46.595,-0.014,0.015,0.997,-0.061,0.183,-0.061, , , , , , ,0.829,0.67,-105.963
 13:10:14.874,eb:33:2e:f9:57:b5, 2015-01-01 00:54:46.595,-0.014,0.015,0.996,-0.122,0.183,0, , , , , , ,0.829,0.67,-105.963
 13:10:14.874,eb:33:2e:f9:57:b5, 2015-01-01 00:54:46.595,-0.013,0.014,0.996,-0.061,0.183,0, , , , , , ,0.829,0.67,-105.963
 13:10:14.874,eb:33:2e:f9:57:b5, 2015-01-01 00:54:46.595,-0.014,0.014,0.997,-0.061,0.183,0, , , , , , ,0.829,0.67,-105.963
 13:10:14.874,eb:33:2e:f9:57:b5, 2015-01-01 00:54:46.595,-0.014,0.014,0.998,-0.061,0.244,0, , , , , , ,0.829,0.67,-105.963
 13:10:14.874,eb:33:2e:f9:57:b5, 2015-01-01 00:54:46.595,-0.014,0.015,0.997,-0.122,0.244,0, , , , , , ,0.829,0.67,-105.963
 13:10:14.874,eb:33:2e:f9:57:b5, 2015-01-01 00:54:46.595,-0.015,0.015,0.996,-0.122,0.366,0, , , , , , ,0.829,0.67,-105.963
 13:10:14.874,eb:33:2e:f9:57:b5, 2015-01-01 00:54:46.595,-0.015,0.014,0.997,-0.122,0.305,0, , , , , , ,0.835,0.67,-105.963
 13:10:14.919,eb:33:2e:f9:57:b5, 2015-01-01 00:54:46.595,-0.016,0.014,0.997,-0.122,0.305,0, , , , , , ,0.835,0.67,-105.963
 13:10:14.919,eb:33:2e:f9:57:b5, 2015-01-01 00:54:46.595,-0.015,0.014,0.997,-0.061,0.244,0, , , , , , ,0.835,0.67,-105.963
 13:10:14.919,eb:33:2e:f9:57:b5, 2015-01-01 00:54:46.595,-0.016,0.014,0.998,0,0.244,0, , , , , , ,0.835,0.67,-105.963
 13:10:14.919,eb:33:2e:f9:57:b5, 2015-01-01 00:54:46.595,-0.016,0.014,0.998,-0.061,0.244,0, , , , , , ,0.835,0.67,-105.963
 13:10:14.919,eb:33:2e:f9:57:b5, 2015-01-01 00:54:46.595,-0.016,0.014,0.997,-0.061,0.183,0, , , , , , ,0.835,0.67,-105.963
 13:10:14.919,eb:33:2e:f9:57:b5, 2015-01-01 00:54:46.595,-0.015,0.014,0.997,0,0.061,0, , , , , , ,0.829,0.676,-105.963
 13:10:14.920,eb:33:2e:f9:57:b5, 2015-01-01 00:54:46.595,-0.016,0.013,0.997,0,0.061,0.061, , , , , , ,0.829,0.676,-105.963
 13:10:14.920,eb:33:2e:f9:57:b5, 2015-01-01 00:54:46.595,-0.015,0.014,0.997,0,0,0.061, , , , , , ,0.835,0.676,-105.963
 13:10:14.966,eb:33:2e:f9:57:b5, 2015-01-01 00:54:46.595,-0.016,0.014,0.997,0,0,0, , , , , , ,0.835,0.676,-105.963
 13:10:14.966,eb:33:2e:f9:57:b5, 2015-01-01 00:54:46.595,-0.014,0.014,0.997,0,0,0, , , , , , ,0.829,0.676,-105.963
 13:10:14.966,eb:33:2e:f9:57:b5, 2015-01-01 00:54:46.595,-0.014,0.014,0.998,0,0.061,0.061, , , , , , ,0.829,0.676,-105.963
 13:10:14.966,eb:33:2e:f9:57:b5, 2015-01-01 00:54:46.595,-0.015,0.015,0.998,0,0.061,0, , , , , , ,0.829,0.676,-105.963
 13:10:14.966,eb:33:2e:f9:57:b5, 2015-01-01 00:54:46.595,-0.016,0.015,0.998,0,0.183,0, , , , , , ,0.829,0.676,-105.963
 13:10:14.966,eb:33:2e:f9:57:b5, 2015-01-01 00:54:46.595,-0.016,0.015,0.996,0,0.061,0, , , , , , ,0.829,0.676,-105.963
 13:10:14.966,eb:33:2e:f9:57:b5, 2015-01-01 00:54:46.595,-0.015,0.015,0.996,0,0.061,0, , , , , , ,0.829,0.676,-105.963
 13:10:14.966,eb:33:2e:f9:57:b5, 2015-01-01 00:54:46.595,-0.015,0.016,0.997,0,0.061,0, , , , , , ,0.829,0.676,-105.963
 13:10:14.986,eb:33:2e:f9:57:b5, 2015-01-01 00:54:46.885,-0.015,0.015,0.996,-0.061,0.061,0, , , , , , ,0.829,0.676,-105.963
 13:10:14.986,eb:33:2e:f9:57:b5, 2015-01-01 00:54:46.885,-0.015,0.014,0.997,0,0,0.061, , , , , , ,0.829,0.676,-105.963
 13:10:14.986,eb:33:2e:f9:57:b5, 2015-01-01 00:54:46.885,-0.015,0.014,0.997,0,0,0, , , , , , ,0.829,0.676,-105.963
 13:10:14.986,eb:33:2e:f9:57:b5, 2015-01-01 00:54:46.885,-0.016,0.014,0.996,-0.061,0,0, , , , , , ,0.829,0.676,-105.963
 13:10:14.986,eb:33:2e:f9:57:b5, 2015-01-01 00:54:46.885,-0.017,0.014,0.994,0,0,0, , , , , , ,0.829,0.676,-105.963
 13:10:14.986,eb:33:2e:f9:57:b5, 2015-01-01 00:54:46.885,-0.016,0.014,0.995,-0.061,-0.122,0.061, , , , , , ,0.829,0.676,-105.963
 13:10:14.986,eb:33:2e:f9:57:b5, 2015-01-01 00:54:46.885,-0.015,0.013,0.995,0,-0.183,0, , , , , , ,0.829,0.676,-105.963
 13:10:14.986,eb:33:2e:f9:57:b5, 2015-01-01 00:54:46.885,-0.016,0.015,0.997,0,-0.122,0, , , , , , ,0.835,0.676,-105.963
 13:10:15.033,eb:33:2e:f9:57:b5, 2015-01-01 00:54:46.885,-0.014,0.014,0.997,-0.061,-0.122,0, , , , , , ,0.835,0.676,-105.963
 13:10:15.033,eb:33:2e:f9:57:b5, 2015-01-01 00:54:46.885,-0.014,0.014,0.997,0,-0.122,0, , , , , , ,0.829,0.681,-105.963
 13:10:15.033,eb:33:2e:f9:57:b5, 2015-01-01 00:54:46.885,-0.014,0.015,0.997,-0.061,-0.061,0, , , , , , ,0.829,0.681,-105.963
 13:10:15.034,eb:33:2e:f9:57:b5, 2015-01-01 00:54:46.885,-0.014,0.015,0.997,-0.061,0,0.061, , , , , , ,0.829,0.681,-105.963
 13:10:15.034,eb:33:2e:f9:57:b5, 2015-01-01 00:54:46.885,-0.014,0.014,0.997,-0.061,0,0, , , , , , ,0.829,0.681,-105.963
 13:10:15.034,eb:33:2e:f9:57:b5, 2015-01-01 00:54:46.885,-0.014,0.014,0.997,-0.122,0,0, , , , , , ,0.829,0.681,-105.963
 13:10:15.034,eb:33:2e:f9:57:b5, 2015-01-01 00:54:46.885,-0.014,0.014,0.997,-0.061,0,0, , , , , , ,0.829,0.681,-105.963
 13:10:15.034,eb:33:2e:f9:57:b5, 2015-01-01 00:54:46.885,-0.015,0.014,0.998,-0.061,0.061,0, , , , , , ,0.829,0.681,-105.963
 13:10:15.076,eb:33:2e:f9:57:b5, 2015-01-01 00:54:46.885,-0.015,0.014,0.997,0,0,0, , , , , , ,0.829,0.681,-105.963
 13:10:15.076,eb:33:2e:f9:57:b5, 2015-01-01 00:54:46.885,-0.015,0.014,0.997,-0.061,0,0, , , , , , ,0.829,0.681,-105.963
 13:10:15.076,eb:33:2e:f9:57:b5, 2015-01-01 00:54:46.885,-0.014,0.014,0.997,0,0,0, , , , , , ,0.829,0.681,-105.963
 13:10:15.076,eb:33:2e:f9:57:b5, 2015-01-01 00:54:46.885,-0.015,0.014,0.998,0,0,0, , , , , , ,0.829,0.681,-105.963
 13:10:15.076,eb:33:2e:f9:57:b5, 2015-01-01 00:54:46.885,-0.015,0.014,0.998,0,0,0, , , , , , ,0.829,0.681,-105.963
 13:10:15.076,eb:33:2e:f9:57:b5, 2015-01-01 00:54:46.885,-0.015,0.014,0.998,0,0.061,0, , , , , , ,0.829,0.681,-105.963
 13:10:15.076,eb:33:2e:f9:57:b5, 2015-01-01 00:54:46.885,-0.014,0.014,0.998,0,0,0, , , , , , ,0.829,0.681,-105.963
 13:10:15.076,eb:33:2e:f9:57:b5, 2015-01-01 00:54:46.885,-0.014,0.014,0.998,0,0.061,0, , , , , , ,0.829,0.681,-105.963
 13:10:15.122,eb:33:2e:f9:57:b5, 2015-01-01 00:54:46.885,-0.015,0.014,0.998,0,0.122,0, , , , , , ,0.829,0.681,-105.963
 13:10:15.122,eb:33:2e:f9:57:b5, 2015-01-01 00:54:46.885,-0.014,0.014,0.997,0,0.122,0.061, , , , , , ,0.829,0.681,-105.963
 13:10:15.122,eb:33:2e:f9:57:b5, 2015-01-01 00:54:46.885,-0.014,0.014,0.997,0,0.061,0, , , , , , ,0.829,0.681,-105.963
 13:10:15.122,eb:33:2e:f9:57:b5, 2015-01-01 00:54:46.885,-0.014,0.014,0.997,0,0.122,0, , , , , , ,0.829,0.681,-105.963
 13:10:15.122,eb:33:2e:f9:57:b5, 2015-01-01 00:54:46.885,-0.014,0.014,0.998,0,0.122,0, , , , , , ,0.829,0.681,-105.963
 13:10:15.122,eb:33:2e:f9:57:b5, 2015-01-01 00:54:46.885,-0.015,0.014,0.997,0,0.183,0, , , , , , ,0.829,0.681,-105.963
 13:10:15.122,eb:33:2e:f9:57:b5, 2015-01-01 00:54:46.885,-0.015,0.014,0.998,0,0.183,0, , , , , , ,0.829,0.681,-105.963
 13:10:15.122,eb:33:2e:f9:57:b5, 2015-01-01 00:54:46.885,-0.015,0.015,0.996,0,0.122,0, , , , , , ,0.829,0.681,-105.963
 13:10:15.167,eb:33:2e:f9:57:b5, 2015-01-01 00:54:46.885,-0.016,0.015,0.997,0,0.122,0, , , , , , ,0.829,0.681,-105.963
 13:10:15.167,eb:33:2e:f9:57:b5, 2015-01-01 00:54:46.885,-0.015,0.015,0.997,0,0.061,0, , , , , , ,0.829,0.687,-105.963
 13:10:15.167,eb:33:2e:f9:57:b5, 2015-01-01 00:54:46.885,-0.015,0.014,0.997,0,0.122,0, , , , , , ,0.829,0.687,-105.963
 13:10:15.167,eb:33:2e:f9:57:b5, 2015-01-01 00:54:46.885,-0.015,0.014,0.998,0,0.122,0, , , , , , ,0.829,0.687,-105.963
 13:10:15.167,eb:33:2e:f9:57:b5, 2015-01-01 00:54:46.885,-0.015,0.014,0.997,0,0.061,0, , , , , , ,0.829,0.687,-105.963
 13:10:15.167,eb:33:2e:f9:57:b5, 2015-01-01 00:54:46.885,-0.015,0.014,0.996,0,0.061,0, , , , , , ,0.829,0.687,-105.963
 13:10:15.167,eb:33:2e:f9:57:b5, 2015-01-01 00:54:46.885,-0.014,0.015,0.996,0,0.061,0, , , , , , ,0.829,0.687,-105.963
 13:10:15.167,eb:33:2e:f9:57:b5, 2015-01-01 00:54:46.885,-0.015,0.015,0.996,0,0,0, , , , , , ,0.829,0.687,-105.963
 13:10:15.189,eb:33:2e:f9:57:b5, 2015-01-01 00:54:46.885,-0.015,0.015,0.996,-0.061,0,0, , , , , , ,0.829,0.687,-105.963
 13:10:15.189,eb:33:2e:f9:57:b5, 2015-01-01 00:54:46.885,-0.015,0.015,0.997,0,0.061,0, , , , , , ,0.829,0.687,-105.963
 13:10:15.189,eb:33:2e:f9:57:b5, 2015-01-01 00:54:46.885,-0.014,0.014,0.997,0,0,0, , , , , , ,0.829,0.687,-105.963
 13:10:15.189,eb:33:2e:f9:57:b5, 2015-01-01 00:54:46.885,-0.014,0.015,0.996,-0.061,0.061,0, , , , , , ,0.829,0.687,-105.963
 13:10:15.189,eb:33:2e:f9:57:b5, 2015-01-01 00:54:46.885,-0.014,0.015,0.997,-0.061,0.061,0, , , , , , ,0.829,0.687,-105.963
 13:10:15.189,eb:33:2e:f9:57:b5, 2015-01-01 00:54:46.885,-0.014,0.015,0.997,-0.061,0.122,0, , , , , , ,0.829,0.687,-105.963
 13:10:15.189,eb:33:2e:f9:57:b5, 2015-01-01 00:54:46.885,-0.014,0.015,0.997,-0.122,0.122,0, , , , , , ,0.829,0.687,-105.963
 13:10:15.190,eb:33:2e:f9:57:b5, 2015-01-01 00:54:46.885,-0.015,0.015,0.997,-0.122,0.061,-0.061, , , , , , ,0.829,0.687,-105.963
 13:10:15.234,eb:33:2e:f9:57:b5, 2015-01-01 00:54:46.885,-0.015,0.013,0.997,-0.122,0.061,-0.061, , , , , , ,0.829,0.687,-105.963
 13:10:15.234,eb:33:2e:f9:57:b5, 2015-01-01 00:54:46.885,-0.015,0.014,0.997,-0.122,0.061,0, , , , , , ,0.829,0.687,-105.963
 13:10:15.234,eb:33:2e:f9:57:b5, 2015-01-01 00:54:46.885,-0.017,0.013,0.996,-0.122,0,0, , , , , , ,0.829,0.687,-105.963
 13:10:15.234,eb:33:2e:f9:57:b5, 2015-01-01 00:54:46.885,-0.016,0.014,0.996,-0.122,0,0, , , , , , ,0.829,0.687,-105.963
 13:10:15.234,eb:33:2e:f9:57:b5, 2015-01-01 00:54:46.885,-0.015,0.014,0.997,-0.122,0,0, , , , , , ,0.829,0.687,-105.963
 13:10:15.234,eb:33:2e:f9:57:b5, 2015-01-01 00:54:46.885,-0.015,0.013,0.997,-0.122,0,0, , , , , , ,0.829,0.687,-105.963
 13:10:15.234,eb:33:2e:f9:57:b5, 2015-01-01 00:54:46.885,-0.015,0.014,0.998,-0.061,0,0, , , , , , ,0.829,0.687,-105.963
 13:10:15.234,eb:33:2e:f9:57:b5, 2015-01-01 00:54:46.885,-0.015,0.013,0.997,0,-0.061,0, , , , , , ,0.829,0.687,-105.963
 13:10:15.280,eb:33:2e:f9:57:b5, 2015-01-01 00:54:46.885,-0.014,0.013,0.997,0,-0.061,0, , , , , , ,0.829,0.687,-105.963
 13:10:15.280,eb:33:2e:f9:57:b5, 2015-01-01 00:54:46.885,-0.015,0.013,0.998,-0.061,0,0, , , , , , ,0.829,0.692,-105.963
 13:10:15.280,eb:33:2e:f9:57:b5, 2015-01-01 00:54:46.885,-0.015,0.014,0.997,0,0,0, , , , , , ,0.829,0.692,-105.963
 13:10:15.280,eb:33:2e:f9:57:b5, 2015-01-01 00:54:46.885,-0.015,0.013,0.997,-0.061,0,0, , , , , , ,0.829,0.692,-105.963
 13:10:15.280,eb:33:2e:f9:57:b5, 2015-01-01 00:54:46.885,-0.014,0.014,0.998,0,-0.061,0, , , , , , ,0.829,0.692,-105.963
 13:10:15.280,eb:33:2e:f9:57:b5, 2015-01-01 00:54:46.885,-0.014,0.014,0.998,0,0,0, , , , , , ,0.829,0.692,-105.963
 13:10:15.280,eb:33:2e:f9:57:b5, 2015-01-01 00:54:46.885,-0.015,0.014,0.998,0,0,0, , , , , , ,0.829,0.692,-105.963
 13:10:15.280,eb:33:2e:f9:57:b5, 2015-01-01 00:54:46.885,-0.015,0.014,0.997,0,0,0, , , , , , ,0.829,0.692,-105.963
 13:10:15.325,eb:33:2e:f9:57:b5, 2015-01-01 00:54:47.200,-0.016,0.014,0.997,0,0,-0.061, , , , , , ,0.829,0.692,-105.963
 13:10:15.325,eb:33:2e:f9:57:b5, 2015-01-01 00:54:47.200,-0.015,0.013,0.997,0.061,-0.061,0, , , , , , ,0.829,0.692,-105.963
 13:10:15.325,eb:33:2e:f9:57:b5, 2015-01-01 00:54:47.200,-0.014,0.014,0.997,0.061,-0.061,0, , , , , , ,0.829,0.692,-105.963
 13:10:15.325,eb:33:2e:f9:57:b5, 2015-01-01 00:54:47.200,-0.014,0.014,0.998,0.061,-0.061,0, , , , , , ,0.829,0.692,-105.963
 13:10:15.325,eb:33:2e:f9:57:b5, 2015-01-01 00:54:47.200,-0.015,0.014,0.999,0.061,0,0, , , , , , ,0.829,0.692,-105.963
 13:10:15.325,eb:33:2e:f9:57:b5, 2015-01-01 00:54:47.200,-0.016,0.013,0.997,0.061,0,0, , , , , , ,0.829,0.692,-105.963
 13:10:15.325,eb:33:2e:f9:57:b5, 2015-01-01 00:54:47.200,-0.016,0.014,0.997,0.061,0,0, , , , , , ,0.829,0.692,-105.963
 13:10:15.325,eb:33:2e:f9:57:b5, 2015-01-01 00:54:47.200,-0.014,0.013,0.997,0.183,-0.061,0, , , , , , ,0.829,0.692,-105.963
 13:10:15.348,eb:33:2e:f9:57:b5, 2015-01-01 00:54:47.200,-0.015,0.014,0.998,0.122,-0.061,-0.061, , , , , , ,0.829,0.692,-105.963
 13:10:15.348,eb:33:2e:f9:57:b5, 2015-01-01 00:54:47.200,-0.014,0.014,0.998,0.183,0,0, , , , , , ,0.829,0.692,-105.963
 13:10:15.348,eb:33:2e:f9:57:b5, 2015-01-01 00:54:47.200,-0.014,0.014,0.998,0.183,0,-0.061, , , , , , ,0.829,0.692,-105.963
 13:10:15.348,eb:33:2e:f9:57:b5, 2015-01-01 00:54:47.200,-0.015,0.014,0.998,0.183,0.061,-0.061, , , , , , ,0.829,0.692,-105.963
 13:10:15.348,eb:33:2e:f9:57:b5, 2015-01-01 00:54:47.200,-0.014,0.014,0.998,0.183,0.061,0, , , , , , ,0.829,0.692,-105.963
 13:10:15.348,eb:33:2e:f9:57:b5, 2015-01-01 00:54:47.200,-0.014,0.014,0.997,0.183,0.061,0, , , , , , ,0.829,0.692,-105.963
 13:10:15.348,eb:33:2e:f9:57:b5, 2015-01-01 00:54:47.200,-0.013,0.014,0.997,0.122,0.122,0, , , , , , ,0.829,0.692,-105.963
 13:10:15.348,eb:33:2e:f9:57:b5, 2015-01-01 00:54:47.200,-0.013,0.014,0.997,0.183,0.122,0, , , , , , ,0.829,0.692,-105.963
 13:10:15.391,eb:33:2e:f9:57:b5, 2015-01-01 00:54:47.200,-0.014,0.015,0.997,0.183,0.183,-0.061, , , , , , ,0.829,0.692,-105.963
 13:10:15.391,eb:33:2e:f9:57:b5, 2015-01-01 00:54:47.200,-0.014,0.015,0.996,0.122,0.183,0, , , , , , ,0.829,0.698,-105.963
 13:10:15.391,eb:33:2e:f9:57:b5, 2015-01-01 00:54:47.200,-0.014,0.014,0.997,0.122,0.244,0, , , , , , ,0.829,0.698,-105.963
 13:10:15.391,eb:33:2e:f9:57:b5, 2015-01-01 00:54:47.200,-0.014,0.014,0.996,0.061,0.244,0, , , , , , ,0.829,0.698,-105.963
 13:10:15.391,eb:33:2e:f9:57:b5, 2015-01-01 00:54:47.200,-0.014,0.014,0.997,0.061,0.305,-0.061, , , , , , ,0.829,0.698,-105.963
 13:10:15.391,eb:33:2e:f9:57:b5, 2015-01-01 00:54:47.200,-0.015,0.014,0.996,0.061,0.244,0, , , , , , ,0.829,0.698,-105.963
 13:10:15.391,eb:33:2e:f9:57:b5, 2015-01-01 00:54:47.200,-0.016,0.014,0.996,0.061,0.305,0, , , , , , ,0.829,0.698,-105.963
 13:10:15.391,eb:33:2e:f9:57:b5, 2015-01-01 00:54:47.200,-0.016,0.015,0.997,0.061,0.244,0, , , , , , ,0.829,0.698,-105.963
 13:10:15.437,eb:33:2e:f9:57:b5, 2015-01-01 00:54:47.200,-0.017,0.014,0.997,0,0.183,0, , , , , , ,0.829,0.698,-105.963
 13:10:15.437,eb:33:2e:f9:57:b5, 2015-01-01 00:54:47.200,-0.016,0.014,0.996,0,0.122,0, , , , , , ,0.829,0.698,-105.963
 13:10:15.437,eb:33:2e:f9:57:b5, 2015-01-01 00:54:47.200,-0.015,0.014,0.996,0.061,0.122,0, , , , , , ,0.829,0.698,-105.963
 13:10:15.437,eb:33:2e:f9:57:b5, 2015-01-01 00:54:47.200,-0.015,0.014,0.996,0,0.061,-0.061, , , , , , ,0.829,0.698,-105.963
 13:10:15.437,eb:33:2e:f9:57:b5, 2015-01-01 00:54:47.200,-0.015,0.014,0.996,0.061,0.061,0, , , , , , ,0.829,0.698,-105.963
 13:10:15.437,eb:33:2e:f9:57:b5, 2015-01-01 00:54:47.200,-0.015,0.014,0.997,0,0,0, , , , , , ,0.829,0.698,-105.963
 13:10:15.437,eb:33:2e:f9:57:b5, 2015-01-01 00:54:47.200,-0.014,0.015,0.996,0,-0.061,0, , , , , , ,0.829,0.698,-105.963
 13:10:15.437,eb:33:2e:f9:57:b5, 2015-01-01 00:54:47.200,-0.015,0.015,0.997,0,-0.061,0, , , , , , ,0.829,0.698,-105.963
 13:10:15.482,eb:33:2e:f9:57:b5, 2015-01-01 00:54:47.200,-0.015,0.014,0.997,0,-0.122,0, , , , , , ,0.829,0.698,-105.963
 13:10:15.482,eb:33:2e:f9:57:b5, 2015-01-01 00:54:47.200,-0.014,0.015,0.998,0,0,0, , , , , , ,0.829,0.698,-105.963
 13:10:15.482,eb:33:2e:f9:57:b5, 2015-01-01 00:54:47.200,-0.014,0.014,0.998,0,0,0, , , , , , ,0.829,0.698,-105.963
 13:10:15.482,eb:33:2e:f9:57:b5, 2015-01-01 00:54:47.200,-0.014,0.014,0.999,0,0,0, , , , , , ,0.829,0.698,-105.963
 13:10:15.483,eb:33:2e:f9:57:b5, 2015-01-01 00:54:47.200,-0.015,0.014,0.998,0.061,0,0, , , , , , ,0.829,0.698,-105.963
 13:10:15.483,eb:33:2e:f9:57:b5, 2015-01-01 00:54:47.200,-0.015,0.014,0.998,0.122,0,0, , , , , , ,0.829,0.698,-105.963
 13:10:15.483,eb:33:2e:f9:57:b5, 2015-01-01 00:54:47.200,-0.015,0.014,0.998,0.122,0,0, , , , , , ,0.829,0.698,-105.963
 13:10:15.483,eb:33:2e:f9:57:b5, 2015-01-01 00:54:47.200,-0.015,0.014,0.998,0.061,0,0, , , , , , ,0.829,0.698,-105.963
 13:10:15.527,eb:33:2e:f9:57:b5, 2015-01-01 00:54:47.200,-0.015,0.014,0.997,0.061,0.061,0, , , , , , ,0.829,0.698,-105.963
 13:10:15.527,eb:33:2e:f9:57:b5, 2015-01-01 00:54:47.200,-0.015,0.014,0.997,0.061,0.061,0, , , , , , ,0.829,0.703,-105.963
 13:10:15.527,eb:33:2e:f9:57:b5, 2015-01-01 00:54:47.200,-0.015,0.013,0.997,0.061,0.122,0, , , , , , ,0.829,0.703,-105.963
 13:10:15.527,eb:33:2e:f9:57:b5, 2015-01-01 00:54:47.200,-0.015,0.015,0.996,0,0.183,0, , , , , , ,0.829,0.703,-105.963
 13:10:15.528,eb:33:2e:f9:57:b5, 2015-01-01 00:54:47.200,-0.015,0.015,0.997,0.061,0.183,0, , , , , , ,0.829,0.703,-105.963
 13:10:15.528,eb:33:2e:f9:57:b5, 2015-01-01 00:54:47.200,-0.015,0.015,0.997,0,0.122,0, , , , , , ,0.829,0.703,-105.963
 13:10:15.528,eb:33:2e:f9:57:b5, 2015-01-01 00:54:47.200,-0.015,0.013,0.996,0,0.122,0.061, , , , , , ,0.829,0.703,-105.963
 13:10:15.528,eb:33:2e:f9:57:b5, 2015-01-01 00:54:47.200,-0.016,0.014,0.997,0,0.122,0, , , , , , ,0.829,0.703,-105.963
 13:10:15.549,eb:33:2e:f9:57:b5, 2015-01-01 00:54:47.200,-0.016,0.014,0.997,0,0,0, , , , , , ,0.829,0.703,-105.963
 13:10:15.549,eb:33:2e:f9:57:b5, 2015-01-01 00:54:47.200,-0.016,0.014,0.997,0,0,0, , , , , , ,0.829,0.703,-105.963
 13:10:15.549,eb:33:2e:f9:57:b5, 2015-01-01 00:54:47.200,-0.016,0.014,0.997,0,0,0, , , , , , ,0.829,0.703,-105.963
 13:10:15.549,eb:33:2e:f9:57:b5, 2015-01-01 00:54:47.200,-0.015,0.014,0.997,0,0,0, , , , , , ,0.829,0.703,-105.963
 13:10:15.549,eb:33:2e:f9:57:b5, 2015-01-01 00:54:47.200,-0.015,0.013,0.996,0,0,0, , , , , , ,0.829,0.703,-105.963
 13:10:15.549,eb:33:2e:f9:57:b5, 2015-01-01 00:54:47.200,-0.015,0.014,0.996,0,-0.061,0, , , , , , ,0.829,0.703,-105.963
 13:10:15.549,eb:33:2e:f9:57:b5, 2015-01-01 00:54:47.200,-0.015,0.014,0.996,0.061,-0.122,0, , , , , , ,0.829,0.703,-105.963
 13:10:15.549,eb:33:2e:f9:57:b5, 2015-01-01 00:54:47.200,-0.015,0.014,0.997,0,-0.183,0, , , , , , ,0.829,0.703,-105.963
 13:10:15.594,eb:33:2e:f9:57:b5, 2015-01-01 00:54:47.200,-0.015,0.015,0.997,0,-0.122,0, , , , , , ,0.829,0.703,-105.963
 13:10:15.594,eb:33:2e:f9:57:b5, 2015-01-01 00:54:47.200,-0.014,0.014,0.997,0,-0.122,0, , , , , , ,0.829,0.703,-105.963
 13:10:15.594,eb:33:2e:f9:57:b5, 2015-01-01 00:54:47.200,-0.014,0.014,0.998,0,-0.061,0, , , , , , ,0.829,0.703,-105.963
 13:10:15.594,eb:33:2e:f9:57:b5, 2015-01-01 00:54:47.200,-0.013,0.015,0.998,0,-0.061,0, , , , , , ,0.829,0.703,-105.963
 13:10:15.594,eb:33:2e:f9:57:b5, 2015-01-01 00:54:47.200,-0.014,0.014,0.998,0.061,0,0, , , , , , ,0.829,0.703,-105.963
 13:10:15.594,eb:33:2e:f9:57:b5, 2015-01-01 00:54:47.200,-0.015,0.014,0.997,0,0.061,0, , , , , , ,0.829,0.703,-105.963
 13:10:15.594,eb:33:2e:f9:57:b5, 2015-01-01 00:54:47.200,-0.015,0.014,0.998,0,0.061,0, , , , , , ,0.829,0.703,-105.963
 13:10:15.594,eb:33:2e:f9:57:b5, 2015-01-01 00:54:47.200,-0.014,0.015,0.997,0,0.122,0, , , , , , ,0.829,0.703,-105.963
 13:10:15.638,eb:33:2e:f9:57:b5, 2015-01-01 00:54:47.490,-0.014,0.014,0.997,0,0.122,0, , , , , , ,0.829,0.703,-105.963
 13:10:15.638,eb:33:2e:f9:57:b5, 2015-01-01 00:54:47.490,-0.014,0.015,0.998,0,0.061,0, , , , , , ,0.829,0.709,-105.963
 13:10:15.638,eb:33:2e:f9:57:b5, 2015-01-01 00:54:47.490,-0.016,0.015,0.998,0,0.183,0, , , , , , ,0.829,0.709,-105.963
 13:10:15.638,eb:33:2e:f9:57:b5, 2015-01-01 00:54:47.490,-0.016,0.015,0.996,0,0.183,-0.061, , , , , , ,0.829,0.709,-105.963
 13:10:15.638,eb:33:2e:f9:57:b5, 2015-01-01 00:54:47.490,-0.015,0.015,0.997,0,0.122,0, , , , , , ,0.829,0.709,-105.963
 13:10:15.638,eb:33:2e:f9:57:b5, 2015-01-01 00:54:47.490,-0.016,0.014,0.996,0,0.122,0, , , , , , ,0.829,0.709,-105.963
 13:10:15.638,eb:33:2e:f9:57:b5, 2015-01-01 00:54:47.490,-0.015,0.014,0.997,-0.061,0.122,0.061, , , , , , ,0.829,0.709,-105.963
 13:10:15.638,eb:33:2e:f9:57:b5, 2015-01-01 00:54:47.490,-0.016,0.014,0.995,-0.061,0.061,0, , , , , , ,0.829,0.709,-105.963
 13:10:15.685,eb:33:2e:f9:57:b5, 2015-01-01 00:54:47.490,-0.016,0.015,0.996,-0.061,0,0, , , , , , ,0.829,0.709,-105.963
 13:10:15.685,eb:33:2e:f9:57:b5, 2015-01-01 00:54:47.490,-0.016,0.014,0.997,-0.061,0,0, , , , , , ,0.829,0.709,-105.963
 13:10:15.685,eb:33:2e:f9:57:b5, 2015-01-01 00:54:47.490,-0.015,0.014,0.996,-0.122,0,0, , , , , , ,0.829,0.709,-105.963
 13:10:15.685,eb:33:2e:f9:57:b5, 2015-01-01 00:54:47.490,-0.016,0.014,0.996,-0.122,-0.061,0, , , , , , ,0.829,0.709,-105.963
 13:10:15.685,eb:33:2e:f9:57:b5, 2015-01-01 00:54:47.490,-0.015,0.014,0.997,-0.122,-0.061,0, , , , , , ,0.829,0.709,-105.963
 13:10:15.685,eb:33:2e:f9:57:b5, 2015-01-01 00:54:47.490,-0.015,0.014,0.997,-0.061,-0.061,0, , , , , , ,0.829,0.709,-105.963
 13:10:15.685,eb:33:2e:f9:57:b5, 2015-01-01 00:54:47.490,-0.015,0.014,0.997,-0.122,-0.122,0, , , , , , ,0.829,0.709,-105.963
 13:10:15.685,eb:33:2e:f9:57:b5, 2015-01-01 00:54:47.490,-0.015,0.013,0.997,-0.122,-0.122,0, , , , , , ,0.829,0.709,-105.963
 13:10:15.729,eb:33:2e:f9:57:b5, 2015-01-01 00:54:47.490,-0.015,0.014,0.997,-0.122,-0.122,0, , , , , , ,0.829,0.709,-105.963
 13:10:15.729,eb:33:2e:f9:57:b5, 2015-01-01 00:54:47.490,-0.014,0.014,0.998,-0.122,-0.061,0, , , , , , ,0.829,0.709,-105.963
 13:10:15.729,eb:33:2e:f9:57:b5, 2015-01-01 00:54:47.490,-0.014,0.015,0.997,-0.061,-0.061,0, , , , , , ,0.829,0.709,-105.963
 13:10:15.729,eb:33:2e:f9:57:b5, 2015-01-01 00:54:47.490,-0.014,0.015,0.998,-0.122,-0.061,0, , , , , , ,0.829,0.709,-105.963
 13:10:15.729,eb:33:2e:f9:57:b5, 2015-01-01 00:54:47.490,-0.015,0.014,0.998,-0.061,-0.061,0, , , , , , ,0.829,0.709,-105.963
 13:10:15.729,eb:33:2e:f9:57:b5, 2015-01-01 00:54:47.490,-0.015,0.014,0.997,-0.061,0,0, , , , , , ,0.829,0.709,-105.963
 13:10:15.729,eb:33:2e:f9:57:b5, 2015-01-01 00:54:47.490,-0.015,0.014,0.997,-0.061,0,0, , , , , , ,0.829,0.709,-105.963
 13:10:15.729,eb:33:2e:f9:57:b5, 2015-01-01 00:54:47.490,-0.016,0.015,0.997,-0.061,0,0, , , , , , ,0.829,0.709,-105.963
 13:10:15.751,eb:33:2e:f9:57:b5, 2015-01-01 00:54:47.490,-0.016,0.014,0.997,-0.061,0,0, , , , , , ,0.829,0.709,-105.963
 13:10:15.751,eb:33:2e:f9:57:b5, 2015-01-01 00:54:47.490,-0.016,0.013,0.997,0,0,0, , , , , , ,0.829,0.714,-105.963
 13:10:15.751,eb:33:2e:f9:57:b5, 2015-01-01 00:54:47.490,-0.016,0.013,0.997,0,0,0, , , , , , ,0.829,0.714,-105.963
 13:10:15.751,eb:33:2e:f9:57:b5, 2015-01-01 00:54:47.490,-0.016,0.014,0.997,0,-0.061,0, , , , , , ,0.829,0.714,-105.963
 13:10:15.751,eb:33:2e:f9:57:b5, 2015-01-01 00:54:47.490,-0.015,0.014,0.997,0,0,0, , , , , , ,0.829,0.714,-105.963
 13:10:15.751,eb:33:2e:f9:57:b5, 2015-01-01 00:54:47.490,-0.014,0.015,0.997,0,0,0, , , , , , ,0.829,0.714,-105.963
 13:10:15.751,eb:33:2e:f9:57:b5, 2015-01-01 00:54:47.490,-0.014,0.014,0.998,-0.061,0,0, , , , , , ,0.829,0.714,-105.963
 13:10:15.751,eb:33:2e:f9:57:b5, 2015-01-01 00:54:47.490,-0.014,0.014,0.998,0,0,0, , , , , , ,0.829,0.714,-105.963
 13:10:15.819,eb:33:2e:f9:57:b5, 2015-01-01 00:54:47.490,-0.015,0.015,0.997,0,0,0, , , , , , ,0.829,0.714,-105.963
 13:10:15.819,eb:33:2e:f9:57:b5, 2015-01-01 00:54:47.490,-0.015,0.014,0.997,0.061,0.061,0, , , , , , ,0.829,0.714,-105.963
 13:10:15.819,eb:33:2e:f9:57:b5, 2015-01-01 00:54:47.490,-0.015,0.013,0.997,0.061,0.061,0, , , , , , ,0.829,0.714,-105.963
 13:10:15.819,eb:33:2e:f9:57:b5, 2015-01-01 00:54:47.490,-0.015,0.014,0.997,0.122,0,0, , , , , , ,0.829,0.714,-105.963
 13:10:15.819,eb:33:2e:f9:57:b5, 2015-01-01 00:54:47.490,-0.015,0.013,0.998,0.122,0,0, , , , , , ,0.829,0.714,-105.963
 13:10:15.819,eb:33:2e:f9:57:b5, 2015-01-01 00:54:47.490,-0.014,0.014,0.998,0.122,0,0.061, , , , , , ,0.829,0.714,-105.963
 13:10:15.819,eb:33:2e:f9:57:b5, 2015-01-01 00:54:47.490,-0.014,0.015,0.997,0.061,0,0, , , , , , ,0.829,0.714,-105.963
 13:10:15.819,eb:33:2e:f9:57:b5, 2015-01-01 00:54:47.490,-0.014,0.014,0.998,0.061,0.061,0, , , , , , ,0.829,0.714,-105.963
 13:10:15.885,eb:33:2e:f9:57:b5, 2015-01-01 00:54:47.490,-0.015,0.014,0.998,0,0.183,0, , , , , , ,0.829,0.714,-105.963
 13:10:15.885,eb:33:2e:f9:57:b5, 2015-01-01 00:54:47.490,-0.016,0.014,0.998,0,0.183,0, , , , , , ,0.829,0.714,-105.963
 13:10:15.885,eb:33:2e:f9:57:b5, 2015-01-01 00:54:47.490,-0.015,0.014,0.997,0,0.183,0, , , , , , ,0.829,0.714,-105.963
 13:10:15.885,eb:33:2e:f9:57:b5, 2015-01-01 00:54:47.490,-0.015,0.014,0.997,0,0.122,0, , , , , , ,0.829,0.714,-105.963
 13:10:15.885,eb:33:2e:f9:57:b5, 2015-01-01 00:54:47.490,-0.014,0.014,0.998,0,0.122,0, , , , , , ,0.829,0.714,-105.963
 13:10:15.885,eb:33:2e:f9:57:b5, 2015-01-01 00:54:47.490,-0.015,0.014,0.998,0,0.305,0, , , , , , ,0.829,0.714,-105.963
 13:10:15.885,eb:33:2e:f9:57:b5, 2015-01-01 00:54:47.490,-0.016,0.013,0.998,0,0.244,0, , , , , , ,0.829,0.714,-105.963
 13:10:15.885,eb:33:2e:f9:57:b5, 2015-01-01 00:54:47.490,-0.015,0.013,0.998,0,0.244,0, , , , , , ,0.829,0.714,-105.963
 13:10:15.953,eb:33:2e:f9:57:b5, 2015-01-01 00:54:47.490,-0.015,0.014,0.998,0.061,0.122,0, , , , , , ,0.829,0.714,-105.963
 13:10:15.953,eb:33:2e:f9:57:b5, 2015-01-01 00:54:47.490,-0.016,0.014,0.997,0.061,0.122,0.061, , , , , , ,0.829,0.714,-105.963
 13:10:15.953,eb:33:2e:f9:57:b5, 2015-01-01 00:54:47.490,-0.016,0.013,0.998,0.122,0.122,0.061, , , , , , ,0.829,0.714,-105.963
 13:10:15.953,eb:33:2e:f9:57:b5, 2015-01-01 00:54:47.490,-0.015,0.013,0.997,0.122,0.122,0, , , , , , ,0.829,0.714,-105.963
 13:10:15.953,eb:33:2e:f9:57:b5, 2015-01-01 00:54:47.490,-0.015,0.013,0.998,0.183,0,0, , , , , , ,0.829,0.714,-105.963
 13:10:15.953,eb:33:2e:f9:57:b5, 2015-01-01 00:54:47.490,-0.015,0.013,0.998,0.244,0,0.061, , , , , , ,0.829,0.72,-105.963
 13:10:15.953,eb:33:2e:f9:57:b5, 2015-01-01 00:54:47.490,-0.017,0.014,0.998,0.244,0,0.061, , , , , , ,0.829,0.72,-105.963
 13:10:15.953,eb:33:2e:f9:57:b5, 2015-01-01 00:54:47.490,-0.012,0.009,0.998,0.427,-0.122,0.122, , , , , , ,0.829,0.72,-105.963
 13:10:15.976,eb:33:2e:f9:57:b5, 2015-01-01 00:54:47.490,-0.013,0.017,1,0.366,0,0.061, , , , , , ,0.829,0.72,-105.963
 13:10:15.977,eb:33:2e:f9:57:b5, 2015-01-01 00:54:47.490,-0.015,0.016,0.998,0.305,0.061,0, , , , , , ,0.829,0.72,-105.963
 13:10:15.977,eb:33:2e:f9:57:b5, 2015-01-01 00:54:47.490,-0.017,0.013,0.998,0.305,0.122,0, , , , , , ,0.829,0.72,-105.963
 13:10:15.977,eb:33:2e:f9:57:b5, 2015-01-01 00:54:47.490,-0.015,0.009,0.997,0.488,0.061,0.061, , , , , , ,0.829,0.72,-105.963
 13:10:15.977,eb:33:2e:f9:57:b5, 2015-01-01 00:54:47.490,-0.017,0.021,0.996,0.305,0.183,-0.061, , , , , , ,0.829,0.72,-105.963
 13:10:15.977,eb:33:2e:f9:57:b5, 2015-01-01 00:54:47.490,-0.012,0.015,0.995,0.244,0.122,0, , , , , , ,0.829,0.72,-105.963
 13:10:15.977,eb:33:2e:f9:57:b5, 2015-01-01 00:54:47.490,-0.015,0.014,0.998,0.244,0.244,0, , , , , , ,0.829,0.72,-105.963
 13:10:15.978,eb:33:2e:f9:57:b5, 2015-01-01 00:54:47.490,-0.016,0.013,0.997,0.244,0.122,0.061, , , , , , ,0.829,0.72,-105.963
 13:10:15.980,eb:33:2e:f9:57:b5, 2015-01-01 00:54:47.490,-0.017,0.014,0.996,0.305,0.122,0, , , , , , ,0.829,0.72,-105.963
 13:10:15.980,eb:33:2e:f9:57:b5, 2015-01-01 00:54:47.490,-0.014,0.012,0.997,0.305,0,0.061, , , , , , ,0.829,0.72,-105.963
 13:10:15.980,eb:33:2e:f9:57:b5, 2015-01-01 00:54:47.490,-0.016,0.017,0.997,0.244,0.061,0, , , , , , ,0.829,0.72,-105.963
 13:10:15.980,eb:33:2e:f9:57:b5, 2015-01-01 00:54:47.490,-0.015,0.015,0.996,0.244,0.061,0, , , , , , ,0.829,0.72,-105.963
 13:10:15.980,eb:33:2e:f9:57:b5, 2015-01-01 00:54:47.490,-0.015,0.015,0.998,0.244,0.122,0.061, , , , , , ,0.829,0.72,-105.963
 13:10:15.980,eb:33:2e:f9:57:b5, 2015-01-01 00:54:47.490,-0.015,0.015,0.997,0.244,0.122,0, , , , , , ,0.829,0.72,-105.963
 13:10:15.980,eb:33:2e:f9:57:b5, 2015-01-01 00:54:47.490,-0.015,0.015,0.997,0.183,0.061,0, , , , , , ,0.829,0.72,-105.963
 13:10:15.980,eb:33:2e:f9:57:b5, 2015-01-01 00:54:47.490,-0.014,0.015,0.997,0.244,0.122,0, , , , , , ,0.829,0.72,-105.963
 13:10:16.000,eb:33:2e:f9:57:b5, 2015-01-01 00:54:47.490,-0.015,0.015,0.997,0.244,0.122,0, , , , , , ,0.829,0.72,-105.963
 13:10:16.000,eb:33:2e:f9:57:b5, 2015-01-01 00:54:47.490,-0.016,0.015,0.997,0.244,0.122,0, , , , , , ,0.829,0.72,-105.963
 13:10:16.000,eb:33:2e:f9:57:b5, 2015-01-01 00:54:47.490,-0.016,0.014,0.997,0.244,0.061,0, , , , , , ,0.829,0.72,-105.963
 13:10:16.000,eb:33:2e:f9:57:b5, 2015-01-01 00:54:47.490,-0.016,0.015,0.996,0.244,0.061,0, , , , , , ,0.829,0.72,-105.963
 13:10:16.000,eb:33:2e:f9:57:b5, 2015-01-01 00:54:47.490,-0.015,0.014,0.997,0.244,0.061,0.061, , , , , , ,0.829,0.72,-105.963
 13:10:16.000,eb:33:2e:f9:57:b5, 2015-01-01 00:54:47.490,-0.014,0.016,0.997,0.244,0.122,0, , , , , , ,0.829,0.725,-105.963
 13:10:16.000,eb:33:2e:f9:57:b5, 2015-01-01 00:54:47.490,-0.016,0.015,0.997,0.305,0.122,0.061, , , , , , ,0.829,0.725,-105.963
 13:10:16.001,eb:33:2e:f9:57:b5, 2015-01-01 00:54:47.490,-0.015,0.015,0.997,0.305,0.061,0.061, , , , , , ,0.829,0.725,-105.963
 13:10:16.044,eb:33:2e:f9:57:b5, 2015-01-01 00:54:47.915,-0.015,0.014,0.996,0.244,0.122,0, , , , , , ,0.829,0.725,-105.963
 13:10:16.044,eb:33:2e:f9:57:b5, 2015-01-01 00:54:47.915,-0.014,0.015,0.997,0.183,0.061,0, , , , , , ,0.829,0.725,-105.963
 13:10:16.044,eb:33:2e:f9:57:b5, 2015-01-01 00:54:47.915,-0.016,0.015,0.997,0.183,0.122,0.061, , , , , , ,0.829,0.725,-105.963
 13:10:16.044,eb:33:2e:f9:57:b5, 2015-01-01 00:54:47.915,-0.014,0.015,0.997,0.183,0.122,0.061, , , , , , ,0.829,0.725,-105.963
 13:10:16.044,eb:33:2e:f9:57:b5, 2015-01-01 00:54:47.915,-0.015,0.015,0.997,0.122,0.122,0, , , , , , ,0.829,0.725,-105.963
 13:10:16.044,eb:33:2e:f9:57:b5, 2015-01-01 00:54:47.915,-0.015,0.016,0.997,0.122,0.122,0.061, , , , , , ,0.829,0.725,-105.963
 13:10:16.044,eb:33:2e:f9:57:b5, 2015-01-01 00:54:47.915,-0.015,0.016,0.997,0.061,0.061,0, , , , , , ,0.829,0.725,-105.963
 13:10:16.044,eb:33:2e:f9:57:b5, 2015-01-01 00:54:47.915,-0.016,0.015,0.997,0.122,0.061,0, , , , , , ,0.829,0.725,-105.963
 13:10:16.089,eb:33:2e:f9:57:b5, 2015-01-01 00:54:47.915,-0.016,0.015,0.997,0.061,0.061,0, , , , , , ,0.829,0.725,-105.963
 13:10:16.089,eb:33:2e:f9:57:b5, 2015-01-01 00:54:47.915,-0.016,0.015,0.997,0,0.061,0, , , , , , ,0.829,0.725,-105.963
 13:10:16.089,eb:33:2e:f9:57:b5, 2015-01-01 00:54:47.915,-0.016,0.015,0.996,0,0.061,0, , , , , , ,0.829,0.725,-105.963
 13:10:16.089,eb:33:2e:f9:57:b5, 2015-01-01 00:54:47.915,-0.015,0.016,0.996,0.061,0,0, , , , , , ,0.829,0.725,-105.963
 13:10:16.089,eb:33:2e:f9:57:b5, 2015-01-01 00:54:47.915,-0.015,0.015,0.997,0,0,0, , , , , , ,0.829,0.725,-105.963
 13:10:16.089,eb:33:2e:f9:57:b5, 2015-01-01 00:54:47.915,-0.015,0.015,0.997,0,0,0, , , , , , ,0.829,0.725,-105.963
 13:10:16.090,eb:33:2e:f9:57:b5, 2015-01-01 00:54:47.915,-0.016,0.015,0.997,-0.061,0,0, , , , , , ,0.829,0.725,-105.963
 13:10:16.090,eb:33:2e:f9:57:b5, 2015-01-01 00:54:47.915,-0.016,0.015,0.997,-0.061,0,0, , , , , , ,0.829,0.725,-105.963
 13:10:16.112,eb:33:2e:f9:57:b5, 2015-01-01 00:54:47.915,-0.016,0.015,0.996,-0.061,0,0, , , , , , ,0.829,0.725,-105.963
 13:10:16.112,eb:33:2e:f9:57:b5, 2015-01-01 00:54:47.915,-0.015,0.016,0.996,-0.122,-0.061,0, , , , , , ,0.829,0.725,-105.963
 13:10:16.112,eb:33:2e:f9:57:b5, 2015-01-01 00:54:47.915,-0.015,0.015,0.996,-0.122,-0.122,0, , , , , , ,0.829,0.725,-105.963
 13:10:16.112,eb:33:2e:f9:57:b5, 2015-01-01 00:54:47.915,-0.015,0.015,0.997,-0.122,-0.122,0, , , , , , ,0.829,0.725,-105.963
 13:10:16.112,eb:33:2e:f9:57:b5, 2015-01-01 00:54:47.915,-0.015,0.015,0.998,-0.061,-0.122,0, , , , , , ,0.829,0.725,-105.963
 13:10:16.112,eb:33:2e:f9:57:b5, 2015-01-01 00:54:47.915,-0.015,0.015,0.998,-0.122,-0.122,0, , , , , , ,0.829,0.725,-105.963
 13:10:16.112,eb:33:2e:f9:57:b5, 2015-01-01 00:54:47.915,-0.015,0.015,0.997,-0.122,-0.122,0, , , , , , ,0.829,0.725,-105.963
 13:10:16.112,eb:33:2e:f9:57:b5, 2015-01-01 00:54:47.915,-0.015,0.015,0.997,-0.122,-0.061,0.061, , , , , , ,0.829,0.725,-105.963
 13:10:16.156,eb:33:2e:f9:57:b5, 2015-01-01 00:54:47.915,-0.015,0.015,0.997,-0.122,0,0, , , , , , ,0.829,0.725,-105.963
 13:10:16.156,eb:33:2e:f9:57:b5, 2015-01-01 00:54:47.915,-0.016,0.015,0.997,-0.122,-0.061,0, , , , , , ,0.829,0.731,-105.963
 13:10:16.156,eb:33:2e:f9:57:b5, 2015-01-01 00:54:47.915,-0.015,0.015,0.997,-0.183,-0.061,0, , , , , , ,0.829,0.731,-105.963
 13:10:16.156,eb:33:2e:f9:57:b5, 2015-01-01 00:54:47.915,-0.015,0.015,0.997,-0.122,-0.122,0, , , , , , ,0.829,0.731,-105.963
 13:10:16.156,eb:33:2e:f9:57:b5, 2015-01-01 00:54:47.915,-0.014,0.015,0.997,-0.122,-0.061,0, , , , , , ,0.829,0.731,-105.963
 13:10:16.157,eb:33:2e:f9:57:b5, 2015-01-01 00:54:47.915,-0.015,0.015,0.997,-0.122,0,0, , , , , , ,0.829,0.731,-105.963
 13:10:16.157,eb:33:2e:f9:57:b5, 2015-01-01 00:54:47.915,-0.015,0.015,0.997,-0.183,0,0, , , , , , ,0.829,0.731,-105.963
 13:10:16.157,eb:33:2e:f9:57:b5, 2015-01-01 00:54:47.915,-0.015,0.015,0.997,-0.183,0,0, , , , , , ,0.829,0.731,-105.963
 13:10:16.202,eb:33:2e:f9:57:b5, 2015-01-01 00:54:47.915,-0.014,0.014,0.997,-0.244,0,0.061, , , , , , ,0.829,0.731,-105.963
 13:10:16.202,eb:33:2e:f9:57:b5, 2015-01-01 00:54:47.915,-0.015,0.015,0.998,-0.183,0,0, , , , , , ,0.829,0.731,-105.963
 13:10:16.202,eb:33:2e:f9:57:b5, 2015-01-01 00:54:47.915,-0.015,0.015,0.997,-0.244,0,0, , , , , , ,0.829,0.731,-105.963
 13:10:16.202,eb:33:2e:f9:57:b5, 2015-01-01 00:54:47.915,-0.015,0.015,0.998,-0.183,0,0, , , , , , ,0.829,0.731,-105.963
 13:10:16.202,eb:33:2e:f9:57:b5, 2015-01-01 00:54:47.915,-0.015,0.015,0.998,-0.244,0,0, , , , , , ,0.829,0.731,-105.963
 13:10:16.202,eb:33:2e:f9:57:b5, 2015-01-01 00:54:47.915,-0.016,0.015,0.998,-0.183,0,0, , , , , , ,0.829,0.731,-105.963
 13:10:16.202,eb:33:2e:f9:57:b5, 2015-01-01 00:54:47.915,-0.017,0.014,0.997,-0.183,0,0, , , , , , ,0.829,0.731,-105.963
 13:10:16.202,eb:33:2e:f9:57:b5, 2015-01-01 00:54:47.915,-0.016,0.014,0.997,-0.183,-0.061,0.061, , , , , , ,0.829,0.731,-105.963
 13:10:16.247,eb:33:2e:f9:57:b5, 2015-01-01 00:54:47.915,-0.016,0.013,0.997,-0.183,-0.122,0.061, , , , , , ,0.829,0.731,-105.963
 13:10:16.247,eb:33:2e:f9:57:b5, 2015-01-01 00:54:47.915,-0.016,0.015,0.997,-0.244,-0.122,0.061, , , , , , ,0.829,0.731,-105.963
 13:10:16.247,eb:33:2e:f9:57:b5, 2015-01-01 00:54:47.915,-0.015,0.014,0.997,-0.244,-0.183,0, , , , , , ,0.829,0.731,-105.963
 13:10:16.247,eb:33:2e:f9:57:b5, 2015-01-01 00:54:47.915,-0.014,0.014,0.996,-0.183,-0.244,0, , , , , , ,0.829,0.731,-105.963
 13:10:16.247,eb:33:2e:f9:57:b5, 2015-01-01 00:54:47.915,-0.015,0.014,0.997,-0.183,-0.183,0, , , , , , ,0.829,0.731,-105.963
 13:10:16.247,eb:33:2e:f9:57:b5, 2015-01-01 00:54:47.915,-0.015,0.014,0.997,-0.183,-0.183,0.061, , , , , , ,0.829,0.731,-105.963
 13:10:16.247,eb:33:2e:f9:57:b5, 2015-01-01 00:54:47.915,-0.015,0.015,0.997,-0.244,-0.122,0.061, , , , , , ,0.829,0.731,-105.963
 13:10:16.247,eb:33:2e:f9:57:b5, 2015-01-01 00:54:47.915,-0.014,0.015,0.997,-0.305,-0.183,0, , , , , , ,0.829,0.731,-105.963
 13:10:16.293,eb:33:2e:f9:57:b5, 2015-01-01 00:54:47.915,-0.014,0.015,0.997,-0.366,-0.122,0, , , , , , ,0.829,0.731,-105.963
 13:10:16.293,eb:33:2e:f9:57:b5, 2015-01-01 00:54:47.915,-0.015,0.014,0.997,-0.366,-0.122,0, , , , , , ,0.829,0.736,-105.963
 13:10:16.293,eb:33:2e:f9:57:b5, 2015-01-01 00:54:47.915,-0.015,0.014,0.997,-0.366,-0.061,0, , , , , , ,0.829,0.736,-105.963
 13:10:16.293,eb:33:2e:f9:57:b5, 2015-01-01 00:54:47.915,-0.015,0.014,0.998,-0.366,-0.122,0, , , , , , ,0.829,0.736,-105.963
 13:10:16.293,eb:33:2e:f9:57:b5, 2015-01-01 00:54:47.915,-0.014,0.014,0.997,-0.305,-0.061,0, , , , , , ,0.829,0.736,-105.963
 13:10:16.293,eb:33:2e:f9:57:b5, 2015-01-01 00:54:47.915,-0.014,0.015,0.997,-0.366,0,0, , , , , , ,0.829,0.736,-105.963
 13:10:16.293,eb:33:2e:f9:57:b5, 2015-01-01 00:54:47.915,-0.015,0.014,0.996,-0.366,0,0, , , , , , ,0.829,0.736,-105.963
 13:10:16.293,eb:33:2e:f9:57:b5, 2015-01-01 00:54:47.915,-0.014,0.014,0.996,-0.305,0,0, , , , , , ,0.829,0.736,-105.963
 13:10:16.314,eb:33:2e:f9:57:b5, 2015-01-01 00:54:48.205,-0.015,0.013,0.997,-0.366,0,0, , , , , , ,0.829,0.736,-105.963
 13:10:16.314,eb:33:2e:f9:57:b5, 2015-01-01 00:54:48.205,-0.015,0.015,0.997,-0.366,0,0, , , , , , ,0.829,0.736,-105.963
 13:10:16.314,eb:33:2e:f9:57:b5, 2015-01-01 00:54:48.205,-0.015,0.014,0.996,-0.366,-0.061,0, , , , , , ,0.829,0.736,-105.963
 13:10:16.314,eb:33:2e:f9:57:b5, 2015-01-01 00:54:48.205,-0.016,0.013,0.997,-0.366,-0.183,0, , , , , , ,0.829,0.736,-105.963
 13:10:16.314,eb:33:2e:f9:57:b5, 2015-01-01 00:54:48.205,-0.015,0.014,0.997,-0.305,-0.244,0, , , , , , ,0.829,0.736,-105.963
 13:10:16.314,eb:33:2e:f9:57:b5, 2015-01-01 00:54:48.205,-0.014,0.013,0.997,-0.244,-0.305,0, , , , , , ,0.829,0.736,-105.963
 13:10:16.314,eb:33:2e:f9:57:b5, 2015-01-01 00:54:48.205,-0.015,0.013,0.997,-0.305,-0.305,0, , , , , , ,0.829,0.736,-105.963
 13:10:16.314,eb:33:2e:f9:57:b5, 2015-01-01 00:54:48.205,-0.014,0.013,0.997,-0.244,-0.244,0, , , , , , ,0.829,0.736,-105.963
 13:10:16.359,eb:33:2e:f9:57:b5, 2015-01-01 00:54:48.205,-0.014,0.013,0.997,-0.244,-0.244,0, , , , , , ,0.829,0.736,-105.963
 13:10:16.359,eb:33:2e:f9:57:b5, 2015-01-01 00:54:48.205,-0.013,0.014,0.998,-0.244,-0.244,-0.061, , , , , , ,0.829,0.736,-105.963
 13:10:16.359,eb:33:2e:f9:57:b5, 2015-01-01 00:54:48.205,-0.014,0.014,0.998,-0.244,-0.183,0, , , , , , ,0.829,0.736,-105.963
 13:10:16.359,eb:33:2e:f9:57:b5, 2015-01-01 00:54:48.205,-0.014,0.014,0.998,-0.244,-0.183,0, , , , , , ,0.829,0.736,-105.963
 13:10:16.359,eb:33:2e:f9:57:b5, 2015-01-01 00:54:48.205,-0.014,0.014,0.998,-0.244,-0.183,0, , , , , , ,0.829,0.736,-105.963
 13:10:16.359,eb:33:2e:f9:57:b5, 2015-01-01 00:54:48.205,-0.014,0.013,0.998,-0.183,-0.122,0, , , , , , ,0.829,0.736,-105.963
 13:10:16.359,eb:33:2e:f9:57:b5, 2015-01-01 00:54:48.205,-0.014,0.013,0.998,-0.122,-0.122,0, , , , , , ,0.829,0.736,-105.963
 13:10:16.360,eb:33:2e:f9:57:b5, 2015-01-01 00:54:48.205,-0.014,0.013,0.999,-0.122,-0.061,0, , , , , , ,0.829,0.736,-105.963
 13:10:16.426,eb:33:2e:f9:57:b5, 2015-01-01 00:54:48.205,-0.014,0.013,0.998,-0.122,-0.061,0, , , , , , ,0.829,0.736,-105.963
 13:10:16.426,eb:33:2e:f9:57:b5, 2015-01-01 00:54:48.205,-0.015,0.013,0.998,-0.122,-0.122,0, , , , , , ,0.829,0.736,-105.963
 13:10:16.426,eb:33:2e:f9:57:b5, 2015-01-01 00:54:48.205,-0.015,0.013,0.998,-0.061,-0.122,0, , , , , , ,0.829,0.736,-105.963
 13:10:16.426,eb:33:2e:f9:57:b5, 2015-01-01 00:54:48.205,-0.015,0.013,0.997,-0.061,-0.061,0, , , , , , ,0.829,0.736,-105.963
 13:10:16.426,eb:33:2e:f9:57:b5, 2015-01-01 00:54:48.205,-0.015,0.013,0.997,0,-0.061,0, , , , , , ,0.829,0.736,-105.963
 13:10:16.426,eb:33:2e:f9:57:b5, 2015-01-01 00:54:48.205,-0.014,0.013,0.997,0,-0.061,0, , , , , , ,0.829,0.736,-105.963
 13:10:16.426,eb:33:2e:f9:57:b5, 2015-01-01 00:54:48.205,-0.014,0.014,0.998,0,-0.061,-0.061, , , , , , ,0.829,0.736,-105.963
 13:10:16.426,eb:33:2e:f9:57:b5, 2015-01-01 00:54:48.205,-0.013,0.013,0.998,0,0,0, , , , , , ,0.829,0.736,-105.963
 13:10:16.450,eb:33:2e:f9:57:b5, 2015-01-01 00:54:48.205,-0.016,0.013,0.998,0,0,0, , , , , , ,0.829,0.736,-105.963
 13:10:16.450,eb:33:2e:f9:57:b5, 2015-01-01 00:54:48.205,-0.016,0.013,0.997,0,0,0, , , , , , ,0.829,0.736,-105.963
 13:10:16.450,eb:33:2e:f9:57:b5, 2015-01-01 00:54:48.205,-0.015,0.013,0.996,0,-0.061,0, , , , , , ,0.829,0.736,-105.963
 13:10:16.450,eb:33:2e:f9:57:b5, 2015-01-01 00:54:48.205,-0.014,0.014,0.997,0,-0.061,0, , , , , , ,0.829,0.736,-105.963
 13:10:16.450,eb:33:2e:f9:57:b5, 2015-01-01 00:54:48.205,-0.014,0.013,0.998,0.061,0,0, , , , , , ,0.829,0.736,-105.963
 13:10:16.450,eb:33:2e:f9:57:b5, 2015-01-01 00:54:48.205,-0.014,0.013,0.998,0.061,-0.061,0.061, , , , , , ,0.829,0.736,-105.963
 13:10:16.450,eb:33:2e:f9:57:b5, 2015-01-01 00:54:48.205,-0.015,0.014,0.998,0,0,0.061, , , , , , ,0.829,0.736,-105.963
 13:10:16.450,eb:33:2e:f9:57:b5, 2015-01-01 00:54:48.205,-0.014,0.014,0.997,0,-0.061,0, , , , , , ,0.829,0.736,-105.963
 13:10:16.494,eb:33:2e:f9:57:b5, 2015-01-01 00:54:48.205,-0.013,0.014,0.998,0,0,0, , , , , , ,0.829,0.736,-105.963
 13:10:16.494,eb:33:2e:f9:57:b5, 2015-01-01 00:54:48.205,-0.014,0.013,0.998,0,0,0, , , , , , ,0.829,0.742,-105.963
 13:10:16.494,eb:33:2e:f9:57:b5, 2015-01-01 00:54:48.205,-0.015,0.014,0.997,0,0,0, , , , , , ,0.829,0.742,-105.963
 13:10:16.494,eb:33:2e:f9:57:b5, 2015-01-01 00:54:48.205,-0.014,0.014,0.997,-0.061,0,0, , , , , , ,0.829,0.742,-105.963
 13:10:16.494,eb:33:2e:f9:57:b5, 2015-01-01 00:54:48.205,-0.014,0.014,0.997,0,0.061,0, , , , , , ,0.829,0.742,-105.963
 13:10:16.494,eb:33:2e:f9:57:b5, 2015-01-01 00:54:48.205,-0.014,0.014,0.997,0,0.122,0, , , , , , ,0.829,0.742,-105.963
 13:10:16.494,eb:33:2e:f9:57:b5, 2015-01-01 00:54:48.205,-0.015,0.014,0.998,0,0.122,0, , , , , , ,0.829,0.742,-105.963
 13:10:16.495,eb:33:2e:f9:57:b5, 2015-01-01 00:54:48.205,-0.015,0.013,0.997,-0.061,0.061,0, , , , , , ,0.829,0.742,-105.963
 13:10:16.517,eb:33:2e:f9:57:b5, 2015-01-01 00:54:48.205,-0.015,0.013,0.997,0,0.061,0, , , , , , ,0.829,0.742,-105.963
 13:10:16.517,eb:33:2e:f9:57:b5, 2015-01-01 00:54:48.205,-0.014,0.013,0.998,0,0.061,0.061, , , , , , ,0.829,0.742,-105.963
 13:10:16.517,eb:33:2e:f9:57:b5, 2015-01-01 00:54:48.205,-0.014,0.013,0.997,0,0.061,0.061, , , , , , ,0.829,0.742,-105.963
 13:10:16.517,eb:33:2e:f9:57:b5, 2015-01-01 00:54:48.205,-0.015,0.013,0.998,0,0,0.061, , , , , , ,0.829,0.742,-105.963
 13:10:16.517,eb:33:2e:f9:57:b5, 2015-01-01 00:54:48.205,-0.015,0.014,0.996,0,0,0, , , , , , ,0.829,0.742,-105.963
 13:10:16.517,eb:33:2e:f9:57:b5, 2015-01-01 00:54:48.205,-0.015,0.013,0.997,0,0,0, , , , , , ,0.829,0.742,-105.963
 13:10:16.517,eb:33:2e:f9:57:b5, 2015-01-01 00:54:48.205,-0.015,0.012,0.997,0,0,0, , , , , , ,0.829,0.742,-105.963
 13:10:16.517,eb:33:2e:f9:57:b5, 2015-01-01 00:54:48.205,-0.015,0.013,0.997,0,-0.061,0, , , , , , ,0.829,0.742,-105.963
 13:10:16.561,eb:33:2e:f9:57:b5, 2015-01-01 00:54:48.205,-0.015,0.013,0.998,0,-0.122,0, , , , , , ,0.829,0.742,-105.963
 13:10:16.561,eb:33:2e:f9:57:b5, 2015-01-01 00:54:48.205,-0.014,0.013,0.998,-0.061,0,0, , , , , , ,0.829,0.742,-105.969
 13:10:16.561,eb:33:2e:f9:57:b5, 2015-01-01 00:54:48.205,-0.014,0.012,0.997,-0.061,-0.061,0, , , , , , ,0.829,0.742,-105.969
 13:10:16.561,eb:33:2e:f9:57:b5, 2015-01-01 00:54:48.205,-0.014,0.013,0.998,0,-0.061,0.061, , , , , , ,0.829,0.742,-105.969
 13:10:16.561,eb:33:2e:f9:57:b5, 2015-01-01 00:54:48.205,-0.014,0.014,0.997,-0.061,-0.061,0, , , , , , ,0.829,0.742,-105.969
 13:10:16.561,eb:33:2e:f9:57:b5, 2015-01-01 00:54:48.205,-0.014,0.013,0.997,-0.061,0,0, , , , , , ,0.829,0.742,-105.969
 13:10:16.561,eb:33:2e:f9:57:b5, 2015-01-01 00:54:48.205,-0.014,0.013,0.998,0,0,0, , , , , , ,0.829,0.742,-105.969
 13:10:16.561,eb:33:2e:f9:57:b5, 2015-01-01 00:54:48.205,-0.014,0.013,0.998,-0.061,0,0, , , , , , ,0.829,0.742,-105.969
 13:10:16.606,eb:33:2e:f9:57:b5, 2015-01-01 00:54:48.205,-0.014,0.014,0.998,-0.122,0,0, , , , , , ,0.829,0.742,-105.969
 13:10:16.606,eb:33:2e:f9:57:b5, 2015-01-01 00:54:48.205,-0.015,0.014,0.998,-0.061,0.061,0, , , , , , ,0.829,0.742,-105.969
 13:10:16.606,eb:33:2e:f9:57:b5, 2015-01-01 00:54:48.205,-0.015,0.013,0.997,-0.061,0.061,0, , , , , , ,0.829,0.742,-105.969
 13:10:16.606,eb:33:2e:f9:57:b5, 2015-01-01 00:54:48.205,-0.014,0.014,0.996,-0.061,0,0, , , , , , ,0.829,0.742,-105.969
 13:10:16.606,eb:33:2e:f9:57:b5, 2015-01-01 00:54:48.205,-0.014,0.014,0.997,-0.061,0,0, , , , , , ,0.829,0.742,-105.969
 13:10:16.606,eb:33:2e:f9:57:b5, 2015-01-01 00:54:48.205,-0.015,0.013,0.997,-0.122,0,0, , , , , , ,0.829,0.742,-105.969
 13:10:16.606,eb:33:2e:f9:57:b5, 2015-01-01 00:54:48.205,-0.015,0.013,0.997,-0.061,0,0, , , , , , ,0.829,0.742,-105.969
 13:10:16.607,eb:33:2e:f9:57:b5, 2015-01-01 00:54:48.205,-0.014,0.013,0.997,0,0,0, , , , , , ,0.829,0.742,-105.969
 13:10:16.651,eb:33:2e:f9:57:b5, 2015-01-01 00:54:48.515,-0.014,0.013,0.998,0,0,0, , , , , , ,0.829,0.742,-105.969
 13:10:16.651,eb:33:2e:f9:57:b5, 2015-01-01 00:54:48.515,-0.014,0.013,0.997,0,0,0, , , , , , ,0.829,0.742,-105.969
 13:10:16.651,eb:33:2e:f9:57:b5, 2015-01-01 00:54:48.515,-0.014,0.013,0.998,0,0,-0.061, , , , , , ,0.829,0.742,-105.969
 13:10:16.651,eb:33:2e:f9:57:b5, 2015-01-01 00:54:48.515,-0.014,0.013,0.998,0,-0.061,0, , , , , , ,0.829,0.742,-105.969
 13:10:16.651,eb:33:2e:f9:57:b5, 2015-01-01 00:54:48.515,-0.014,0.012,0.998,0,-0.061,0, , , , , , ,0.829,0.742,-105.969
 13:10:16.651,eb:33:2e:f9:57:b5, 2015-01-01 00:54:48.515,-0.014,0.012,0.998,0,0,0, , , , , , ,0.829,0.742,-105.969
 13:10:16.651,eb:33:2e:f9:57:b5, 2015-01-01 00:54:48.515,-0.014,0.013,0.997,0,0,0, , , , , , ,0.829,0.742,-105.969
 13:10:16.651,eb:33:2e:f9:57:b5, 2015-01-01 00:54:48.515,-0.014,0.014,0.997,0,0,0, , , , , , ,0.829,0.742,-105.969
 13:10:16.697,eb:33:2e:f9:57:b5, 2015-01-01 00:54:48.515,-0.014,0.013,0.998,0,0,0, , , , , , ,0.829,0.742,-105.969
 13:10:16.697,eb:33:2e:f9:57:b5, 2015-01-01 00:54:48.515,-0.014,0.013,0.997,0,0,0, , , , , , ,0.829,0.742,-105.969
 13:10:16.697,eb:33:2e:f9:57:b5, 2015-01-01 00:54:48.515,-0.014,0.013,0.997,0,0,0, , , , , , ,0.829,0.742,-105.969
 13:10:16.697,eb:33:2e:f9:57:b5, 2015-01-01 00:54:48.515,-0.014,0.013,0.998,0,0,-0.061, , , , , , ,0.829,0.742,-105.969
 13:10:16.697,eb:33:2e:f9:57:b5, 2015-01-01 00:54:48.515,-0.015,0.013,0.997,0,0.061,0, , , , , , ,0.829,0.742,-105.969
 13:10:16.697,eb:33:2e:f9:57:b5, 2015-01-01 00:54:48.515,-0.015,0.013,0.997,0,0,0, , , , , , ,0.824,0.747,-105.969
 13:10:16.699,eb:33:2e:f9:57:b5, 2015-01-01 00:54:48.515,-0.014,0.014,0.997,0,0,0, , , , , , ,0.824,0.747,-105.969
 13:10:16.699,eb:33:2e:f9:57:b5, 2015-01-01 00:54:48.515,-0.014,0.013,0.998,0,0.061,0, , , , , , ,0.824,0.747,-105.969
 13:10:16.719,eb:33:2e:f9:57:b5, 2015-01-01 00:54:48.515,-0.014,0.013,0.998,0,0.061,0, , , , , , ,0.824,0.747,-105.969
 13:10:16.719,eb:33:2e:f9:57:b5, 2015-01-01 00:54:48.515,-0.015,0.013,0.997,0,0.061,0, , , , , , ,0.824,0.747,-105.969
 13:10:16.719,eb:33:2e:f9:57:b5, 2015-01-01 00:54:48.515,-0.014,0.013,0.998,0,0.061,0, , , , , , ,0.824,0.747,-105.969
 13:10:16.719,eb:33:2e:f9:57:b5, 2015-01-01 00:54:48.515,-0.015,0.013,0.998,0,0.061,0, , , , , , ,0.824,0.747,-105.969
 13:10:16.719,eb:33:2e:f9:57:b5, 2015-01-01 00:54:48.515,-0.014,0.013,0.997,0,0.061,0, , , , , , ,0.824,0.747,-105.969
 13:10:16.719,eb:33:2e:f9:57:b5, 2015-01-01 00:54:48.515,-0.014,0.013,0.997,0,0.061,0, , , , , , ,0.824,0.747,-105.969
 13:10:16.719,eb:33:2e:f9:57:b5, 2015-01-01 00:54:48.515,-0.014,0.013,0.997,0,0,0, , , , , , ,0.824,0.747,-105.969
 13:10:16.719,eb:33:2e:f9:57:b5, 2015-01-01 00:54:48.515,-0.014,0.014,0.998,0,0.061,0, , , , , , ,0.824,0.747,-105.969
 13:10:16.763,eb:33:2e:f9:57:b5, 2015-01-01 00:54:48.515,-0.013,0.013,0.997,0,0.061,0, , , , , , ,0.824,0.747,-105.969
 13:10:16.763,eb:33:2e:f9:57:b5, 2015-01-01 00:54:48.515,-0.014,0.014,0.998,0,0,0, , , , , , ,0.824,0.747,-105.969
 13:10:16.763,eb:33:2e:f9:57:b5, 2015-01-01 00:54:48.515,-0.014,0.013,0.998,0,0,0, , , , , , ,0.824,0.747,-105.969
 13:10:16.763,eb:33:2e:f9:57:b5, 2015-01-01 00:54:48.515,-0.014,0.014,0.998,0,0.061,0, , , , , , ,0.824,0.747,-105.969
 13:10:16.763,eb:33:2e:f9:57:b5, 2015-01-01 00:54:48.515,-0.015,0.013,0.997,0,0.122,0, , , , , , ,0.824,0.747,-105.969
 13:10:16.763,eb:33:2e:f9:57:b5, 2015-01-01 00:54:48.515,-0.014,0.013,0.996,0,0.061,0, , , , , , ,0.824,0.747,-105.969
 13:10:16.763,eb:33:2e:f9:57:b5, 2015-01-01 00:54:48.515,-0.014,0.013,0.997,0,0.061,0, , , , , , ,0.824,0.747,-105.969
 13:10:16.763,eb:33:2e:f9:57:b5, 2015-01-01 00:54:48.515,-0.014,0.014,0.997,-0.061,0,0, , , , , , ,0.824,0.747,-105.969
 13:10:16.810,eb:33:2e:f9:57:b5, 2015-01-01 00:54:48.515,-0.014,0.014,0.997,0,0,0, , , , , , ,0.824,0.747,-105.969
 13:10:16.810,eb:33:2e:f9:57:b5, 2015-01-01 00:54:48.515,-0.015,0.014,0.997,-0.061,0,0, , , , , , ,0.824,0.747,-105.969
 13:10:16.810,eb:33:2e:f9:57:b5, 2015-01-01 00:54:48.515,-0.014,0.013,0.997,-0.061,0,0, , , , , , ,0.824,0.747,-105.969
 13:10:16.810,eb:33:2e:f9:57:b5, 2015-01-01 00:54:48.515,-0.014,0.012,0.997,0,0,0, , , , , , ,0.824,0.747,-105.969
 13:10:16.810,eb:33:2e:f9:57:b5, 2015-01-01 00:54:48.515,-0.013,0.013,0.997,-0.061,-0.061,0, , , , , , ,0.824,0.747,-105.969
 13:10:16.810,eb:33:2e:f9:57:b5, 2015-01-01 00:54:48.515,-0.015,0.013,0.997,0,0,0, , , , , , ,0.824,0.747,-105.969
 13:10:16.810,eb:33:2e:f9:57:b5, 2015-01-01 00:54:48.515,-0.014,0.013,0.997,-0.061,-0.061,0, , , , , , ,0.824,0.747,-105.969
 13:10:16.810,eb:33:2e:f9:57:b5, 2015-01-01 00:54:48.515,-0.013,0.013,0.997,-0.061,-0.122,0, , , , , , ,0.824,0.747,-105.969
 13:10:16.854,eb:33:2e:f9:57:b5, 2015-01-01 00:54:48.515,-0.014,0.013,0.997,-0.061,-0.061,0, , , , , , ,0.824,0.747,-105.969
 13:10:16.854,eb:33:2e:f9:57:b5, 2015-01-01 00:54:48.515,-0.014,0.013,0.997,0,-0.122,0.061, , , , , , ,0.824,0.747,-105.969
 13:10:16.854,eb:33:2e:f9:57:b5, 2015-01-01 00:54:48.515,-0.015,0.014,0.997,-0.061,-0.122,0, , , , , , ,0.824,0.747,-105.969
 13:10:16.854,eb:33:2e:f9:57:b5, 2015-01-01 00:54:48.515,-0.015,0.014,0.997,-0.061,-0.122,0, , , , , , ,0.824,0.747,-105.969
 13:10:16.854,eb:33:2e:f9:57:b5, 2015-01-01 00:54:48.515,-0.014,0.014,0.997,-0.061,-0.061,0, , , , , , ,0.824,0.747,-105.969
 13:10:16.854,eb:33:2e:f9:57:b5, 2015-01-01 00:54:48.515,-0.014,0.013,0.997,-0.061,-0.122,0, , , , , , ,0.824,0.747,-105.969
 13:10:16.854,eb:33:2e:f9:57:b5, 2015-01-01 00:54:48.515,-0.014,0.013,0.997,-0.122,-0.122,0, , , , , , ,0.824,0.747,-105.969
 13:10:16.854,eb:33:2e:f9:57:b5, 2015-01-01 00:54:48.515,-0.014,0.013,0.998,-0.061,-0.061,0, , , , , , ,0.824,0.747,-105.969
 13:10:16.899,eb:33:2e:f9:57:b5, 2015-01-01 00:54:48.515,-0.013,0.014,0.997,-0.061,-0.061,0, , , , , , ,0.824,0.747,-105.969
 13:10:16.899,eb:33:2e:f9:57:b5, 2015-01-01 00:54:48.515,-0.013,0.014,0.997,-0.061,0,0, , , , , , ,0.824,0.747,-105.969
 13:10:16.899,eb:33:2e:f9:57:b5, 2015-01-01 00:54:48.515,-0.013,0.013,0.997,-0.061,0,0, , , , , , ,0.824,0.747,-105.969
 13:10:16.899,eb:33:2e:f9:57:b5, 2015-01-01 00:54:48.515,-0.013,0.013,0.997,-0.061,0,0, , , , , , ,0.824,0.747,-105.969
 13:10:16.899,eb:33:2e:f9:57:b5, 2015-01-01 00:54:48.515,-0.014,0.013,0.998,-0.122,0,0, , , , , , ,0.824,0.747,-105.969
 13:10:16.899,eb:33:2e:f9:57:b5, 2015-01-01 00:54:48.515,-0.015,0.013,0.998,-0.061,0,0, , , , , , ,0.824,0.747,-105.969
 13:10:16.899,eb:33:2e:f9:57:b5, 2015-01-01 00:54:48.515,-0.015,0.013,0.997,-0.061,0,0, , , , , , ,0.824,0.747,-105.969
 13:10:16.899,eb:33:2e:f9:57:b5, 2015-01-01 00:54:48.515,-0.014,0.013,0.997,-0.061,0,0, , , , , , ,0.824,0.747,-105.969
 13:10:16.921,eb:33:2e:f9:57:b5, 2015-01-01 00:54:48.515,-0.014,0.013,0.996,-0.061,0,0, , , , , , ,0.824,0.747,-105.969
 13:10:16.921,eb:33:2e:f9:57:b5, 2015-01-01 00:54:48.515,-0.014,0.013,0.997,-0.061,0,0, , , , , , ,0.824,0.747,-105.969
 13:10:16.921,eb:33:2e:f9:57:b5, 2015-01-01 00:54:48.515,-0.014,0.013,0.997,0,0,0, , , , , , ,0.824,0.747,-105.969
 13:10:16.921,eb:33:2e:f9:57:b5, 2015-01-01 00:54:48.515,-0.014,0.013,0.997,0,0,0, , , , , , ,0.824,0.747,-105.969
 13:10:16.921,eb:33:2e:f9:57:b5, 2015-01-01 00:54:48.515,-0.014,0.013,0.997,-0.061,0,-0.061, , , , , , ,0.824,0.747,-105.969
 13:10:16.921,eb:33:2e:f9:57:b5, 2015-01-01 00:54:48.515,-0.014,0.013,0.997,-0.122,0,0, , , , , , ,0.824,0.747,-105.969
 13:10:16.921,eb:33:2e:f9:57:b5, 2015-01-01 00:54:48.515,-0.014,0.012,0.997,0,0,0, , , , , , ,0.824,0.747,-105.969
 13:10:16.921,eb:33:2e:f9:57:b5, 2015-01-01 00:54:48.515,-0.014,0.013,0.997,-0.061,0,0, , , , , , ,0.824,0.747,-105.969
 13:10:16.966,eb:33:2e:f9:57:b5, 2015-01-01 00:54:48.810,-0.014,0.013,0.997,-0.061,0,0, , , , , , ,0.824,0.747,-105.969
 13:10:16.966,eb:33:2e:f9:57:b5, 2015-01-01 00:54:48.810,-0.014,0.013,0.997,-0.061,0,0, , , , , , ,0.824,0.753,-105.969
 13:10:16.966,eb:33:2e:f9:57:b5, 2015-01-01 00:54:48.810,-0.015,0.012,0.997,-0.122,0.061,-0.061, , , , , , ,0.824,0.753,-105.969
 13:10:16.966,eb:33:2e:f9:57:b5, 2015-01-01 00:54:48.810,-0.015,0.012,0.998,-0.061,0.061,-0.061, , , , , , ,0.824,0.753,-105.969
 13:10:16.966,eb:33:2e:f9:57:b5, 2015-01-01 00:54:48.810,-0.015,0.013,0.998,-0.061,0,0, , , , , , ,0.824,0.753,-105.969
 13:10:16.966,eb:33:2e:f9:57:b5, 2015-01-01 00:54:48.810,-0.014,0.013,0.998,-0.061,0.061,0, , , , , , ,0.824,0.753,-105.969
 13:10:16.966,eb:33:2e:f9:57:b5, 2015-01-01 00:54:48.810,-0.014,0.013,0.997,-0.061,0,0, , , , , , ,0.824,0.753,-105.969
 13:10:16.966,eb:33:2e:f9:57:b5, 2015-01-01 00:54:48.810,-0.013,0.013,0.998,0,0,0, , , , , , ,0.824,0.753,-105.969
 13:10:17.011,eb:33:2e:f9:57:b5, 2015-01-01 00:54:48.810,-0.014,0.012,0.998,0,0,0, , , , , , ,0.824,0.753,-105.969
 13:10:17.011,eb:33:2e:f9:57:b5, 2015-01-01 00:54:48.810,-0.014,0.012,0.998,0,0,0, , , , , , ,0.824,0.753,-105.969
 13:10:17.011,eb:33:2e:f9:57:b5, 2015-01-01 00:54:48.810,-0.015,0.012,0.997,0,-0.061,0, , , , , , ,0.824,0.753,-105.969
 13:10:17.011,eb:33:2e:f9:57:b5, 2015-01-01 00:54:48.810,-0.015,0.013,0.997,0,-0.061,0, , , , , , ,0.824,0.753,-105.969
 13:10:17.011,eb:33:2e:f9:57:b5, 2015-01-01 00:54:48.810,-0.014,0.012,0.997,-0.061,-0.061,0, , , , , , ,0.824,0.753,-105.969
 13:10:17.011,eb:33:2e:f9:57:b5, 2015-01-01 00:54:48.810,-0.014,0.013,0.998,0,-0.061,0, , , , , , ,0.818,0.753,-105.969
 13:10:17.011,eb:33:2e:f9:57:b5, 2015-01-01 00:54:48.810,-0.013,0.013,0.998,0,-0.061,0, , , , , , ,0.818,0.753,-105.969
 13:10:17.012,eb:33:2e:f9:57:b5, 2015-01-01 00:54:48.810,-0.014,0.013,0.997,0,0,0, , , , , , ,0.818,0.753,-105.969
 13:10:17.056,eb:33:2e:f9:57:b5, 2015-01-01 00:54:48.810,-0.014,0.013,0.997,0,0,0, , , , , , ,0.818,0.753,-105.969
 13:10:17.056,eb:33:2e:f9:57:b5, 2015-01-01 00:54:48.810,-0.014,0.013,0.997,0,0,0, , , , , , ,0.818,0.753,-105.969
 13:10:17.056,eb:33:2e:f9:57:b5, 2015-01-01 00:54:48.810,-0.013,0.013,0.997,-0.061,0,0, , , , , , ,0.818,0.753,-105.969
 13:10:17.056,eb:33:2e:f9:57:b5, 2015-01-01 00:54:48.810,-0.014,0.013,0.997,-0.061,0,-0.061, , , , , , ,0.818,0.753,-105.969
 13:10:17.056,eb:33:2e:f9:57:b5, 2015-01-01 00:54:48.810,-0.014,0.013,0.996,-0.061,0,-0.061, , , , , , ,0.818,0.753,-105.969
 13:10:17.056,eb:33:2e:f9:57:b5, 2015-01-01 00:54:48.810,-0.014,0.013,0.997,-0.061,0,0, , , , , , ,0.818,0.753,-105.969
 13:10:17.056,eb:33:2e:f9:57:b5, 2015-01-01 00:54:48.810,-0.014,0.013,0.996,-0.061,0,0, , , , , , ,0.818,0.753,-105.969
 13:10:17.056,eb:33:2e:f9:57:b5, 2015-01-01 00:54:48.810,-0.015,0.012,0.997,-0.122,0,0, , , , , , ,0.818,0.753,-105.969
 13:10:17.078,eb:33:2e:f9:57:b5, 2015-01-01 00:54:48.810,-0.014,0.013,0.997,-0.061,0,0, , , , , , ,0.818,0.753,-105.969
 13:10:17.078,eb:33:2e:f9:57:b5, 2015-01-01 00:54:48.810,-0.014,0.012,0.996,-0.122,-0.061,0, , , , , , ,0.818,0.753,-105.969
 13:10:17.078,eb:33:2e:f9:57:b5, 2015-01-01 00:54:48.810,-0.014,0.013,0.997,-0.122,-0.061,0, , , , , , ,0.818,0.753,-105.969
 13:10:17.078,eb:33:2e:f9:57:b5, 2015-01-01 00:54:48.810,-0.014,0.013,0.996,-0.183,-0.061,0, , , , , , ,0.818,0.753,-105.969
 13:10:17.078,eb:33:2e:f9:57:b5, 2015-01-01 00:54:48.810,-0.014,0.012,0.997,-0.122,-0.061,0, , , , , , ,0.818,0.753,-105.969
 13:10:17.078,eb:33:2e:f9:57:b5, 2015-01-01 00:54:48.810,-0.014,0.013,0.997,-0.122,-0.122,0, , , , , , ,0.818,0.753,-105.969
 13:10:17.078,eb:33:2e:f9:57:b5, 2015-01-01 00:54:48.810,-0.012,0.012,0.996,-0.122,-0.061,0, , , , , , ,0.818,0.753,-105.969
 13:10:17.078,eb:33:2e:f9:57:b5, 2015-01-01 00:54:48.810,-0.013,0.012,0.997,-0.122,-0.061,0, , , , , , ,0.818,0.753,-105.969
 13:10:17.124,eb:33:2e:f9:57:b5, 2015-01-01 00:54:48.810,-0.014,0.012,0.998,-0.122,0,0, , , , , , ,0.818,0.753,-105.969
 13:10:17.124,eb:33:2e:f9:57:b5, 2015-01-01 00:54:48.810,-0.014,0.012,0.997,-0.122,0,0, , , , , , ,0.818,0.753,-105.969
 13:10:17.124,eb:33:2e:f9:57:b5, 2015-01-01 00:54:48.810,-0.013,0.013,0.997,-0.183,0,0, , , , , , ,0.818,0.753,-105.969
 13:10:17.124,eb:33:2e:f9:57:b5, 2015-01-01 00:54:48.810,-0.013,0.012,0.998,-0.122,0,0, , , , , , ,0.818,0.753,-105.969
 13:10:17.124,eb:33:2e:f9:57:b5, 2015-01-01 00:54:48.810,-0.014,0.011,0.998,-0.122,0,0, , , , , , ,0.818,0.753,-105.969
 13:10:17.125,eb:33:2e:f9:57:b5, 2015-01-01 00:54:48.810,-0.014,0.012,0.998,-0.122,0,0, , , , , , ,0.818,0.753,-105.969
 13:10:17.125,eb:33:2e:f9:57:b5, 2015-01-01 00:54:48.810,-0.014,0.012,0.999,-0.061,-0.061,0.061, , , , , , ,0.818,0.753,-105.969
 13:10:17.125,eb:33:2e:f9:57:b5, 2015-01-01 00:54:48.810,-0.015,0.012,0.998,-0.061,-0.061,0.061, , , , , , ,0.818,0.753,-105.969
 13:10:17.169,eb:33:2e:f9:57:b5, 2015-01-01 00:54:48.810,-0.015,0.012,0.997,-0.122,0,0, , , , , , ,0.818,0.753,-105.969
 13:10:17.169,eb:33:2e:f9:57:b5, 2015-01-01 00:54:48.810,-0.014,0.012,0.997,-0.061,0,0, , , , , , ,0.818,0.753,-105.969
 13:10:17.169,eb:33:2e:f9:57:b5, 2015-01-01 00:54:48.810,-0.014,0.012,0.997,0,0,0, , , , , , ,0.818,0.753,-105.969
 13:10:17.169,eb:33:2e:f9:57:b5, 2015-01-01 00:54:48.810,-0.014,0.011,0.997,0,-0.061,0, , , , , , ,0.818,0.753,-105.969
 13:10:17.169,eb:33:2e:f9:57:b5, 2015-01-01 00:54:48.810,-0.014,0.011,0.997,0,-0.061,0, , , , , , ,0.818,0.753,-105.969
 13:10:17.169,eb:33:2e:f9:57:b5, 2015-01-01 00:54:48.810,-0.014,0.011,0.997,0,-0.061,0.061, , , , , , ,0.818,0.753,-105.969
 13:10:17.169,eb:33:2e:f9:57:b5, 2015-01-01 00:54:48.810,-0.014,0.011,0.998,0,-0.122,0.122, , , , , , ,0.818,0.753,-105.969
 13:10:17.169,eb:33:2e:f9:57:b5, 2015-01-01 00:54:48.810,-0.014,0.012,0.998,0,-0.061,0.061, , , , , , ,0.818,0.753,-105.969
 13:10:17.215,eb:33:2e:f9:57:b5, 2015-01-01 00:54:48.810,-0.014,0.012,0.997,-0.061,-0.122,0.122, , , , , , ,0.818,0.753,-105.969
 13:10:17.216,eb:33:2e:f9:57:b5, 2015-01-01 00:54:48.810,-0.014,0.012,0.997,0,-0.183,0.183, , , , , , ,0.818,0.753,-105.969
 13:10:17.216,eb:33:2e:f9:57:b5, 2015-01-01 00:54:48.810,-0.014,0.012,0.997,0,-0.183,0.183, , , , , , ,0.818,0.753,-105.969
 13:10:17.216,eb:33:2e:f9:57:b5, 2015-01-01 00:54:48.810,-0.014,0.012,0.997,0,-0.244,0.183, , , , , , ,0.818,0.753,-105.969
 13:10:17.216,eb:33:2e:f9:57:b5, 2015-01-01 00:54:48.810,-0.015,0.012,0.997,0,-0.183,0.183, , , , , , ,0.818,0.753,-105.969
 13:10:17.216,eb:33:2e:f9:57:b5, 2015-01-01 00:54:48.810,-0.015,0.012,0.997,0.061,-0.244,0.183, , , , , , ,0.818,0.753,-105.969
 13:10:17.216,eb:33:2e:f9:57:b5, 2015-01-01 00:54:48.810,-0.014,0.012,0.997,0.061,-0.305,0.122, , , , , , ,0.818,0.753,-105.969
 13:10:17.216,eb:33:2e:f9:57:b5, 2015-01-01 00:54:48.810,-0.014,0.012,0.997,0,-0.366,0.183, , , , , , ,0.818,0.753,-105.969
 13:10:17.259,eb:33:2e:f9:57:b5, 2015-01-01 00:54:49.120,-0.015,0.013,0.997,0,-0.366,0.183, , , , , , ,0.818,0.753,-105.969
 13:10:17.259,eb:33:2e:f9:57:b5, 2015-01-01 00:54:49.120,-0.015,0.012,0.998,0,-0.488,0.244, , , , , , ,0.813,0.753,-105.969
 13:10:17.259,eb:33:2e:f9:57:b5, 2015-01-01 00:54:49.120,-0.015,0.013,0.996,0,-0.488,0.183, , , , , , ,0.813,0.753,-105.969
 13:10:17.259,eb:33:2e:f9:57:b5, 2015-01-01 00:54:49.120,-0.014,0.012,0.997,0,-0.549,0.183, , , , , , ,0.813,0.753,-105.969
 13:10:17.259,eb:33:2e:f9:57:b5, 2015-01-01 00:54:49.120,-0.015,0.013,0.997,0,-0.61,0.244, , , , , , ,0.813,0.753,-105.969
 13:10:17.259,eb:33:2e:f9:57:b5, 2015-01-01 00:54:49.120,-0.014,0.012,0.997,0,-0.671,0.244, , , , , , ,0.813,0.753,-105.969
 13:10:17.259,eb:33:2e:f9:57:b5, 2015-01-01 00:54:49.120,-0.014,0.013,0.997,0,-0.61,0.183, , , , , , ,0.813,0.753,-105.969
 13:10:17.259,eb:33:2e:f9:57:b5, 2015-01-01 00:54:49.120,-0.013,0.012,0.997,0,-0.671,0.183, , , , , , ,0.813,0.753,-105.969
 13:10:17.282,eb:33:2e:f9:57:b5, 2015-01-01 00:54:49.120,-0.013,0.013,0.996,0,-0.732,0.183, , , , , , ,0.813,0.753,-105.969
 13:10:17.282,eb:33:2e:f9:57:b5, 2015-01-01 00:54:49.120,-0.012,0.013,0.997,-0.061,-0.732,0.122, , , , , , ,0.813,0.758,-105.969
 13:10:17.282,eb:33:2e:f9:57:b5, 2015-01-01 00:54:49.120,-0.011,0.012,0.997,-0.061,-0.671,0.183, , , , , , ,0.813,0.758,-105.969
 13:10:17.282,eb:33:2e:f9:57:b5, 2015-01-01 00:54:49.120,-0.011,0.014,0.997,-0.122,-0.549,0.183, , , , , , ,0.813,0.758,-105.969
 13:10:17.282,eb:33:2e:f9:57:b5, 2015-01-01 00:54:49.120,-0.012,0.014,0.996,-0.183,-0.488,0.183, , , , , , ,0.813,0.758,-105.969
 13:10:17.282,eb:33:2e:f9:57:b5, 2015-01-01 00:54:49.120,-0.013,0.013,0.996,-0.183,-0.488,0.183, , , , , , ,0.813,0.758,-105.974
 13:10:17.282,eb:33:2e:f9:57:b5, 2015-01-01 00:54:49.120,-0.013,0.014,0.996,-0.244,-0.427,0.183, , , , , , ,0.813,0.758,-105.974
 13:10:17.282,eb:33:2e:f9:57:b5, 2015-01-01 00:54:49.120,-0.013,0.013,0.996,-0.305,-0.366,0.183, , , , , , ,0.813,0.758,-105.974
 13:10:17.326,eb:33:2e:f9:57:b5, 2015-01-01 00:54:49.120,-0.013,0.013,0.996,-0.244,-0.366,0.122, , , , , , ,0.813,0.758,-105.974
 13:10:17.326,eb:33:2e:f9:57:b5, 2015-01-01 00:54:49.120,-0.013,0.013,0.997,-0.305,-0.366,0.061, , , , , , ,0.813,0.758,-105.974
 13:10:17.326,eb:33:2e:f9:57:b5, 2015-01-01 00:54:49.120,-0.012,0.013,0.997,-0.366,-0.366,0.061, , , , , , ,0.813,0.758,-105.974
 13:10:17.326,eb:33:2e:f9:57:b5, 2015-01-01 00:54:49.120,-0.012,0.013,0.996,-0.366,-0.305,0.061, , , , , , ,0.813,0.758,-105.974
 13:10:17.326,eb:33:2e:f9:57:b5, 2015-01-01 00:54:49.120,-0.013,0.012,0.997,-0.427,-0.305,0.061, , , , , , ,0.813,0.758,-105.974
 13:10:17.326,eb:33:2e:f9:57:b5, 2015-01-01 00:54:49.120,-0.011,0.012,0.997,-0.427,-0.366,0.122, , , , , , ,0.813,0.758,-105.974
 13:10:17.326,eb:33:2e:f9:57:b5, 2015-01-01 00:54:49.120,-0.013,0.012,0.997,-0.427,-0.366,0.122, , , , , , ,0.813,0.758,-105.974
 13:10:17.327,eb:33:2e:f9:57:b5, 2015-01-01 00:54:49.120,-0.012,0.012,0.996,-0.427,-0.366,0.061, , , , , , ,0.813,0.758,-105.974
 13:10:17.372,eb:33:2e:f9:57:b5, 2015-01-01 00:54:49.120,-0.012,0.012,0.996,-0.427,-0.366,0.061, , , , , , ,0.813,0.758,-105.974
 13:10:17.372,eb:33:2e:f9:57:b5, 2015-01-01 00:54:49.120,-0.012,0.012,0.997,-0.366,-0.366,0.061, , , , , , ,0.813,0.758,-105.974
 13:10:17.372,eb:33:2e:f9:57:b5, 2015-01-01 00:54:49.120,-0.011,0.012,0.998,-0.366,-0.427,0, , , , , , ,0.813,0.758,-105.974
 13:10:17.372,eb:33:2e:f9:57:b5, 2015-01-01 00:54:49.120,-0.011,0.012,0.997,-0.366,-0.305,0.061, , , , , , ,0.813,0.758,-105.974
 13:10:17.372,eb:33:2e:f9:57:b5, 2015-01-01 00:54:49.120,-0.01,0.011,0.997,-0.366,-0.305,0.122, , , , , , ,0.813,0.758,-105.974
 13:10:17.372,eb:33:2e:f9:57:b5, 2015-01-01 00:54:49.120,-0.012,0.011,0.999,-0.366,-0.122,0.061, , , , , , ,0.813,0.753,-105.974
 13:10:17.372,eb:33:2e:f9:57:b5, 2015-01-01 00:54:49.120,-0.007,0.013,0.997,-0.427,-0.122,0, , , , , , ,0.813,0.753,-105.974
 13:10:17.372,eb:33:2e:f9:57:b5, 2015-01-01 00:54:49.120,-0.006,0.015,1.002,-0.427,0.122,-0.122, , , , , , ,0.813,0.753,-105.974
 13:10:17.417,eb:33:2e:f9:57:b5, 2015-01-01 00:54:49.120,-0.016,0.012,1.002,-0.427,0.488,-0.122, , , , , , ,0.813,0.753,-105.974
 13:10:17.417,eb:33:2e:f9:57:b5, 2015-01-01 00:54:49.120,-0.021,0.008,0.996,-0.366,0.183,0.061, , , , , , ,0.813,0.753,-105.974
 13:10:17.417,eb:33:2e:f9:57:b5, 2015-01-01 00:54:49.120,-0.014,0.011,0.99,-0.305,-0.366,0.061, , , , , , ,0.813,0.753,-105.974
 13:10:17.417,eb:33:2e:f9:57:b5, 2015-01-01 00:54:49.120,-0.007,0.011,0.997,-0.244,-0.549,0, , , , , , ,0.813,0.753,-105.974
 13:10:17.417,eb:33:2e:f9:57:b5, 2015-01-01 00:54:49.120,-0.008,0.012,1.002,-0.305,-0.183,0, , , , , , ,0.813,0.753,-105.974
 13:10:17.417,eb:33:2e:f9:57:b5, 2015-01-01 00:54:49.120,-0.012,0.012,1.001,-0.305,0,0, , , , , , ,0.813,0.753,-105.974
 13:10:17.417,eb:33:2e:f9:57:b5, 2015-01-01 00:54:49.120,-0.012,0.011,0.999,-0.244,0.122,0, , , , , , ,0.813,0.753,-105.974
 13:10:17.417,eb:33:2e:f9:57:b5, 2015-01-01 00:54:49.120,-0.011,0.011,0.999,-0.183,0.122,-0.061, , , , , , ,0.813,0.753,-105.974
 13:10:17.462,eb:33:2e:f9:57:b5, 2015-01-01 00:54:49.120,-0.009,0.011,0.999,-0.244,0.305,-0.061, , , , , , ,0.813,0.753,-105.974
 13:10:17.462,eb:33:2e:f9:57:b5, 2015-01-01 00:54:49.120,-0.009,0.012,1,-0.244,0.427,-0.061, , , , , , ,0.807,0.753,-105.974
 13:10:17.462,eb:33:2e:f9:57:b5, 2015-01-01 00:54:49.120,-0.011,0.011,1,-0.183,0.61,-0.122, , , , , , ,0.807,0.753,-105.974
 13:10:17.462,eb:33:2e:f9:57:b5, 2015-01-01 00:54:49.120,-0.012,0.011,0.998,-0.061,0.671,-0.122, , , , , , ,0.807,0.753,-105.974
 13:10:17.462,eb:33:2e:f9:57:b5, 2015-01-01 00:54:49.120,-0.012,0.011,0.998,-0.061,0.61,-0.122, , , , , , ,0.807,0.753,-105.974
 13:10:17.462,eb:33:2e:f9:57:b5, 2015-01-01 00:54:49.120,-0.011,0.012,0.998,-0.061,0.732,-0.183, , , , , , ,0.807,0.753,-105.974
 13:10:17.462,eb:33:2e:f9:57:b5, 2015-01-01 00:54:49.120,-0.012,0.011,0.998,-0.122,0.793,-0.183, , , , , , ,0.807,0.753,-105.974
 13:10:17.462,eb:33:2e:f9:57:b5, 2015-01-01 00:54:49.120,-0.012,0.011,0.998,-0.122,0.854,-0.183, , , , , , ,0.807,0.753,-105.974
 13:10:17.484,eb:33:2e:f9:57:b5, 2015-01-01 00:54:49.120,-0.013,0.011,0.997,-0.122,0.854,-0.183, , , , , , ,0.807,0.753,-105.974
 13:10:17.484,eb:33:2e:f9:57:b5, 2015-01-01 00:54:49.120,-0.012,0.012,0.998,-0.061,0.854,-0.183, , , , , , ,0.807,0.753,-105.974
 13:10:17.484,eb:33:2e:f9:57:b5, 2015-01-01 00:54:49.120,-0.012,0.011,0.997,-0.061,0.854,-0.183, , , , , , ,0.807,0.753,-105.974
 13:10:17.484,eb:33:2e:f9:57:b5, 2015-01-01 00:54:49.120,-0.012,0.011,0.997,-0.122,0.854,-0.244, , , , , , ,0.807,0.753,-105.974
 13:10:17.484,eb:33:2e:f9:57:b5, 2015-01-01 00:54:49.120,-0.012,0.011,0.998,-0.122,0.916,-0.244, , , , , , ,0.807,0.753,-105.974
 13:10:17.484,eb:33:2e:f9:57:b5, 2015-01-01 00:54:49.120,-0.013,0.012,0.997,-0.061,0.916,-0.244, , , , , , ,0.807,0.753,-105.974
 13:10:17.484,eb:33:2e:f9:57:b5, 2015-01-01 00:54:49.120,-0.013,0.011,0.996,-0.122,0.916,-0.183, , , , , , ,0.807,0.753,-105.974
 13:10:17.486,eb:33:2e:f9:57:b5, 2015-01-01 00:54:49.120,-0.014,0.011,0.996,-0.122,0.854,-0.244, , , , , , ,0.807,0.753,-105.974
 13:10:17.529,eb:33:2e:f9:57:b5, 2015-01-01 00:54:49.120,-0.013,0.011,0.996,-0.061,0.793,-0.244, , , , , , ,0.807,0.753,-105.974
 13:10:17.529,eb:33:2e:f9:57:b5, 2015-01-01 00:54:49.120,-0.013,0.011,0.996,-0.122,0.671,-0.183, , , , , , ,0.807,0.753,-105.974
 13:10:17.529,eb:33:2e:f9:57:b5, 2015-01-01 00:54:49.120,-0.013,0.011,0.996,-0.061,0.732,-0.183, , , , , , ,0.807,0.753,-105.974
 13:10:17.529,eb:33:2e:f9:57:b5, 2015-01-01 00:54:49.120,-0.013,0.011,0.997,-0.061,0.793,-0.183, , , , , , ,0.807,0.753,-105.974
 13:10:17.529,eb:33:2e:f9:57:b5, 2015-01-01 00:54:49.120,-0.015,0.011,0.998,-0.122,0.732,-0.122, , , , , , ,0.807,0.753,-105.974
 13:10:17.529,eb:33:2e:f9:57:b5, 2015-01-01 00:54:49.120,-0.013,0.011,0.996,-0.122,0.671,-0.183, , , , , , ,0.807,0.753,-105.974
 13:10:17.529,eb:33:2e:f9:57:b5, 2015-01-01 00:54:49.120,-0.012,0.012,0.997,-0.122,0.671,-0.305, , , , , , ,0.807,0.753,-105.974
 13:10:17.529,eb:33:2e:f9:57:b5, 2015-01-01 00:54:49.120,-0.012,0.012,0.998,-0.061,0.732,-0.244, , , , , , ,0.807,0.753,-105.974
 13:10:17.575,eb:33:2e:f9:57:b5, 2015-01-01 00:54:49.410,-0.015,0.011,0.999,-0.061,0.854,-0.183, , , , , , ,0.807,0.753,-105.974
 13:10:17.575,eb:33:2e:f9:57:b5, 2015-01-01 00:54:49.410,-0.017,0.01,0.997,0,0.732,-0.122, , , , , , ,0.807,0.753,-105.974
 13:10:17.575,eb:33:2e:f9:57:b5, 2015-01-01 00:54:49.410,-0.013,0.011,0.996,0,0.61,-0.244, , , , , , ,0.807,0.753,-105.974
 13:10:17.575,eb:33:2e:f9:57:b5, 2015-01-01 00:54:49.410,-0.013,0.011,0.998,0,0.671,-0.183, , , , , , ,0.807,0.753,-105.974
 13:10:17.575,eb:33:2e:f9:57:b5, 2015-01-01 00:54:49.410,-0.015,0.01,0.998,0,0.671,-0.183, , , , , , ,0.807,0.753,-105.974
 13:10:17.575,eb:33:2e:f9:57:b5, 2015-01-01 00:54:49.410,-0.018,0.009,0.997,0.061,0.549,-0.183, , , , , , ,0.802,0.753,-105.974
 13:10:17.575,eb:33:2e:f9:57:b5, 2015-01-01 00:54:49.410,-0.017,0.01,0.995,0.122,0.244,-0.122, , , , , , ,0.802,0.753,-105.974
 13:10:17.575,eb:33:2e:f9:57:b5, 2015-01-01 00:54:49.410,-0.016,0.01,0.995,0.122,0.061,-0.122, , , , , , ,0.802,0.753,-105.974
 13:10:17.618,eb:33:2e:f9:57:b5, 2015-01-01 00:54:49.410,-0.016,0.009,0.995,0.183,0,-0.061, , , , , , ,0.802,0.753,-105.974
 13:10:17.618,eb:33:2e:f9:57:b5, 2015-01-01 00:54:49.410,-0.013,0.011,0.995,0.183,-0.244,-0.122, , , , , , ,0.802,0.753,-105.974
 13:10:17.618,eb:33:2e:f9:57:b5, 2015-01-01 00:54:49.410,-0.014,0.011,0.998,0.244,-0.122,-0.122, , , , , , ,0.802,0.753,-105.974
 13:10:17.618,eb:33:2e:f9:57:b5, 2015-01-01 00:54:49.410,-0.015,0.011,0.998,0.244,-0.122,-0.061, , , , , , ,0.802,0.753,-105.974
 13:10:17.618,eb:33:2e:f9:57:b5, 2015-01-01 00:54:49.410,-0.015,0.011,0.999,0.183,-0.061,-0.061, , , , , , ,0.802,0.753,-105.974
 13:10:17.618,eb:33:2e:f9:57:b5, 2015-01-01 00:54:49.410,-0.015,0.011,0.998,0.122,-0.122,-0.122, , , , , , ,0.802,0.753,-105.974
 13:10:17.618,eb:33:2e:f9:57:b5, 2015-01-01 00:54:49.410,-0.013,0.011,0.998,0.183,-0.061,-0.122, , , , , , ,0.802,0.753,-105.974
 13:10:17.618,eb:33:2e:f9:57:b5, 2015-01-01 00:54:49.410,-0.013,0.011,0.999,0.183,-0.061,-0.122, , , , , , ,0.802,0.753,-105.974
 13:10:17.664,eb:33:2e:f9:57:b5, 2015-01-01 00:54:49.410,-0.014,0.011,0.999,0.122,0,-0.122, , , , , , ,0.802,0.753,-105.974
 13:10:17.664,eb:33:2e:f9:57:b5, 2015-01-01 00:54:49.410,-0.014,0.011,0.997,0.061,0,-0.244, , , , , , ,0.802,0.753,-105.974
 13:10:17.664,eb:33:2e:f9:57:b5, 2015-01-01 00:54:49.410,-0.013,0.012,0.997,0.122,0,-0.183, , , , , , ,0.802,0.753,-105.974
 13:10:17.664,eb:33:2e:f9:57:b5, 2015-01-01 00:54:49.410,-0.013,0.012,0.998,0.122,0,-0.122, , , , , , ,0.802,0.753,-105.974
 13:10:17.664,eb:33:2e:f9:57:b5, 2015-01-01 00:54:49.410,-0.014,0.012,0.998,0.061,0.061,-0.183, , , , , , ,0.802,0.753,-105.974
 13:10:17.664,eb:33:2e:f9:57:b5, 2015-01-01 00:54:49.410,-0.015,0.011,0.998,0,0.122,-0.122, , , , , , ,0.802,0.753,-105.974
 13:10:17.664,eb:33:2e:f9:57:b5, 2015-01-01 00:54:49.410,-0.012,0.008,0.997,0.061,0.061,-0.061, , , , , , ,0.802,0.753,-105.974
 13:10:17.664,eb:33:2e:f9:57:b5, 2015-01-01 00:54:49.410,-0.015,0.014,0.999,0,0.122,-0.122, , , , , , ,0.802,0.753,-105.974
 13:10:17.687,eb:33:2e:f9:57:b5, 2015-01-01 00:54:49.410,-0.014,0.012,0.997,0,0.122,-0.122, , , , , , ,0.802,0.753,-105.974
 13:10:17.687,eb:33:2e:f9:57:b5, 2015-01-01 00:54:49.410,-0.015,0.011,0.997,-0.061,0.122,-0.122, , , , , , ,0.802,0.753,-105.974
 13:10:17.687,eb:33:2e:f9:57:b5, 2015-01-01 00:54:49.410,-0.015,0.011,0.998,-0.061,0.183,-0.122, , , , , , ,0.802,0.753,-105.974
 13:10:17.687,eb:33:2e:f9:57:b5, 2015-01-01 00:54:49.410,-0.015,0.01,0.997,0,0.061,-0.061, , , , , , ,0.802,0.753,-105.974
 13:10:17.687,eb:33:2e:f9:57:b5, 2015-01-01 00:54:49.410,-0.015,0.012,0.998,0,0.061,-0.061, , , , , , ,0.802,0.753,-105.974
 13:10:17.687,eb:33:2e:f9:57:b5, 2015-01-01 00:54:49.410,-0.015,0.011,0.996,0,0,-0.122, , , , , , ,0.797,0.753,-105.974
 13:10:17.687,eb:33:2e:f9:57:b5, 2015-01-01 00:54:49.410,-0.015,0.01,0.996,-0.061,0,-0.061, , , , , , ,0.797,0.753,-105.974
 13:10:17.687,eb:33:2e:f9:57:b5, 2015-01-01 00:54:49.410,-0.013,0.007,0.997,0.061,0,0, , , , , , ,0.797,0.753,-105.974
 13:10:17.732,eb:33:2e:f9:57:b5, 2015-01-01 00:54:49.410,-0.015,0.012,0.998,0,0,0, , , , , , ,0.797,0.753,-105.974
 13:10:17.732,eb:33:2e:f9:57:b5, 2015-01-01 00:54:49.410,-0.015,0.012,0.997,0,0.061,-0.061, , , , , , ,0.797,0.753,-105.98
 13:10:17.732,eb:33:2e:f9:57:b5, 2015-01-01 00:54:49.410,-0.016,0.011,0.997,0,0,0, , , , , , ,0.797,0.753,-105.98
 13:10:17.732,eb:33:2e:f9:57:b5, 2015-01-01 00:54:49.410,-0.012,0.005,0.997,0.122,-0.061,0, , , , , , ,0.797,0.753,-105.98
 13:10:17.732,eb:33:2e:f9:57:b5, 2015-01-01 00:54:49.410,-0.014,0.013,1,0.122,0,0, , , , , , ,0.797,0.753,-105.98
 13:10:17.732,eb:33:2e:f9:57:b5, 2015-01-01 00:54:49.410,-0.016,0.011,0.998,0.061,0.122,0, , , , , , ,0.797,0.758,-105.98
 13:10:17.732,eb:33:2e:f9:57:b5, 2015-01-01 00:54:49.410,-0.015,0.008,0.999,0.122,0.061,0.061, , , , , , ,0.797,0.758,-105.98
 13:10:17.732,eb:33:2e:f9:57:b5, 2015-01-01 00:54:49.410,-0.016,0.012,0.999,0.183,0,0, , , , , , ,0.797,0.758,-105.98
 13:10:17.777,eb:33:2e:f9:57:b5, 2015-01-01 00:54:49.410,-0.012,0.006,0.995,0.244,-0.122,0.122, , , , , , ,0.797,0.758,-105.98
 13:10:17.777,eb:33:2e:f9:57:b5, 2015-01-01 00:54:49.410,-0.014,0.012,0.998,0.183,0,0.061, , , , , , ,0.797,0.758,-105.98
 13:10:17.777,eb:33:2e:f9:57:b5, 2015-01-01 00:54:49.410,-0.014,0.01,0.998,0.305,0,0.061, , , , , , ,0.797,0.758,-105.98
 13:10:17.777,eb:33:2e:f9:57:b5, 2015-01-01 00:54:49.410,-0.013,0.012,1,0.305,0,0.122, , , , , , ,0.797,0.758,-105.98
 13:10:17.777,eb:33:2e:f9:57:b5, 2015-01-01 00:54:49.410,-0.015,0.014,0.999,0.244,0.122,0, , , , , , ,0.797,0.758,-105.98
 13:10:17.777,eb:33:2e:f9:57:b5, 2015-01-01 00:54:49.410,-0.011,0.01,0.998,0.305,0.061,0.061, , , , , , ,0.797,0.758,-105.98
 13:10:17.777,eb:33:2e:f9:57:b5, 2015-01-01 00:54:49.410,-0.016,0.014,1,0.366,0.305,0, , , , , , ,0.797,0.758,-105.98
 13:10:17.777,eb:33:2e:f9:57:b5, 2015-01-01 00:54:49.410,-0.014,0.011,0.998,0.366,0.305,0, , , , , , ,0.797,0.758,-105.98
 13:10:17.845,eb:33:2e:f9:57:b5, 2015-01-01 00:54:49.410,-0.016,0.015,0.998,0.305,0.366,0, , , , , , ,0.797,0.758,-105.98
 13:10:17.845,eb:33:2e:f9:57:b5, 2015-01-01 00:54:49.410,-0.014,0.011,0.996,0.427,0.183,0, , , , , , ,0.797,0.758,-105.98
 13:10:17.845,eb:33:2e:f9:57:b5, 2015-01-01 00:54:49.410,-0.016,0.013,0.997,0.366,0.305,0, , , , , , ,0.797,0.758,-105.98
 13:10:17.845,eb:33:2e:f9:57:b5, 2015-01-01 00:54:49.410,-0.014,0.011,0.998,0.366,0.183,0, , , , , , ,0.797,0.758,-105.98
 13:10:17.845,eb:33:2e:f9:57:b5, 2015-01-01 00:54:49.410,-0.017,0.014,0.998,0.366,0.244,0, , , , , , ,0.797,0.758,-105.98
 13:10:17.845,eb:33:2e:f9:57:b5, 2015-01-01 00:54:49.410,-0.013,0.011,0.997,0.366,0.244,0.061, , , , , , ,0.791,0.758,-105.98
 13:10:17.845,eb:33:2e:f9:57:b5, 2015-01-01 00:54:49.410,-0.016,0.014,0.998,0.305,0.366,0, , , , , , ,0.791,0.758,-105.98
 13:10:17.845,eb:33:2e:f9:57:b5, 2015-01-01 00:54:49.410,-0.012,0.011,0.996,0.427,0.305,0, , , , , , ,0.791,0.758,-105.98
 13:10:17.845,eb:33:2e:f9:57:b5, 2015-01-01 00:54:49.410,-0.016,0.014,0.998,0.366,0.366,0, , , , , , ,0.791,0.758,-105.98
 13:10:17.845,eb:33:2e:f9:57:b5, 2015-01-01 00:54:49.410,-0.012,0.007,0.995,0.427,0.183,0, , , , , , ,0.791,0.758,-105.98
 13:10:17.845,eb:33:2e:f9:57:b5, 2015-01-01 00:54:49.410,-0.016,0.012,0.996,0.366,0.244,0, , , , , , ,0.791,0.758,-105.98
 13:10:17.845,eb:33:2e:f9:57:b5, 2015-01-01 00:54:49.410,-0.016,0.01,0.996,0.366,0.122,0, , , , , , ,0.791,0.758,-105.98
 13:10:17.846,eb:33:2e:f9:57:b5, 2015-01-01 00:54:49.410,-0.013,0.008,0.996,0.366,0.061,0, , , , , , ,0.791,0.758,-105.98
 13:10:17.846,eb:33:2e:f9:57:b5, 2015-01-01 00:54:49.410,-0.015,0.013,0.997,0.427,0.122,0, , , , , , ,0.791,0.758,-105.98
 13:10:17.846,eb:33:2e:f9:57:b5, 2015-01-01 00:54:49.410,-0.014,0.013,0.995,0.427,0.061,0, , , , , , ,0.791,0.758,-105.98
 13:10:17.846,eb:33:2e:f9:57:b5, 2015-01-01 00:54:49.410,-0.012,0.01,0.997,0.427,0.061,0, , , , , , ,0.791,0.758,-105.98
 13:10:17.888,eb:33:2e:f9:57:b5, 2015-01-01 00:54:49.725,-0.013,0.013,0.998,0.366,0.122,0, , , , , , ,0.791,0.758,-105.98
 13:10:17.888,eb:33:2e:f9:57:b5, 2015-01-01 00:54:49.725,-0.014,0.013,0.997,0.366,0.183,0, , , , , , ,0.791,0.758,-105.98
 13:10:17.888,eb:33:2e:f9:57:b5, 2015-01-01 00:54:49.725,-0.012,0.012,0.997,0.427,0.122,0.061, , , , , , ,0.791,0.758,-105.98
 13:10:17.888,eb:33:2e:f9:57:b5, 2015-01-01 00:54:49.725,-0.013,0.013,0.998,0.488,0.183,0.061, , , , , , ,0.791,0.758,-105.98
 13:10:17.888,eb:33:2e:f9:57:b5, 2015-01-01 00:54:49.725,-0.013,0.013,0.997,0.427,0.183,-0.061, , , , , , ,0.791,0.758,-105.98
 13:10:17.888,eb:33:2e:f9:57:b5, 2015-01-01 00:54:49.725,-0.014,0.012,0.998,0.366,0.244,0, , , , , , ,0.791,0.758,-105.98
 13:10:17.888,eb:33:2e:f9:57:b5, 2015-01-01 00:54:49.725,-0.013,0.011,0.998,0.427,0.244,0, , , , , , ,0.791,0.758,-105.98
 13:10:17.888,eb:33:2e:f9:57:b5, 2015-01-01 00:54:49.725,-0.015,0.014,0.998,0.366,0.366,-0.061, , , , , , ,0.791,0.758,-105.98
 13:10:17.935,eb:33:2e:f9:57:b5, 2015-01-01 00:54:49.725,-0.013,0.014,0.995,0.305,0.305,-0.061, , , , , , ,0.791,0.758,-105.98
 13:10:17.935,eb:33:2e:f9:57:b5, 2015-01-01 00:54:49.725,-0.014,0.013,0.997,0.366,0.366,-0.061, , , , , , ,0.791,0.758,-105.98
 13:10:17.969,eb:33:2e:f9:57:b5, 2015-01-01 00:54:49.725,-0.014,0.013,0.996,0.305,0.366,-0.061, , , , , , ,0.791,0.758,-105.98
 13:10:17.969,eb:33:2e:f9:57:b5, 2015-01-01 00:54:49.725,-0.014,0.013,0.996,0.244,0.366,-0.061, , , , , , ,0.791,0.758,-105.98
 13:10:17.970,eb:33:2e:f9:57:b5, 2015-01-01 00:54:49.725,-0.015,0.013,0.996,0.244,0.366,-0.061, , , , , , ,0.791,0.758,-105.98
 13:10:17.970,eb:33:2e:f9:57:b5, 2015-01-01 00:54:49.725,-0.014,0.013,0.997,0.122,0.427,-0.061, , , , , , ,0.791,0.758,-105.98
 13:10:17.970,eb:33:2e:f9:57:b5, 2015-01-01 00:54:49.725,-0.014,0.013,0.996,0.122,0.427,-0.061, , , , , , ,0.791,0.758,-105.98
 13:10:17.970,eb:33:2e:f9:57:b5, 2015-01-01 00:54:49.725,-0.016,0.013,0.996,0.122,0.366,0, , , , , , ,0.791,0.758,-105.98
 13:10:17.980,eb:33:2e:f9:57:b5, 2015-01-01 00:54:49.725,-0.015,0.014,0.996,0.122,0.366,0, , , , , , ,0.791,0.758,-105.98
 13:10:17.980,eb:33:2e:f9:57:b5, 2015-01-01 00:54:49.725,-0.015,0.013,0.996,0.061,0.305,-0.061, , , , , , ,0.791,0.758,-105.98
 13:10:17.980,eb:33:2e:f9:57:b5, 2015-01-01 00:54:49.725,-0.015,0.013,0.997,0.061,0.427,-0.122, , , , , , ,0.791,0.758,-105.98
 13:10:17.980,eb:33:2e:f9:57:b5, 2015-01-01 00:54:49.725,-0.014,0.013,0.997,0.061,0.366,-0.183, , , , , , ,0.791,0.758,-105.98
 13:10:17.980,eb:33:2e:f9:57:b5, 2015-01-01 00:54:49.725,-0.014,0.013,0.996,0.061,0.366,-0.183, , , , , , ,0.791,0.758,-105.98
 13:10:17.980,eb:33:2e:f9:57:b5, 2015-01-01 00:54:49.725,-0.015,0.013,0.996,0.061,0.305,-0.122, , , , , , ,0.791,0.758,-105.98
 13:10:17.980,eb:33:2e:f9:57:b5, 2015-01-01 00:54:49.725,-0.015,0.013,0.996,0.061,0.305,-0.183, , , , , , ,0.791,0.758,-105.98
 13:10:17.980,eb:33:2e:f9:57:b5, 2015-01-01 00:54:49.725,-0.016,0.013,0.996,0,0.305,-0.122, , , , , , ,0.791,0.758,-105.98
 13:10:18.025,eb:33:2e:f9:57:b5, 2015-01-01 00:54:49.725,-0.016,0.013,0.995,0,0.183,-0.122, , , , , , ,0.791,0.758,-105.98
 13:10:18.025,eb:33:2e:f9:57:b5, 2015-01-01 00:54:49.725,-0.015,0.013,0.997,0,0.183,-0.122, , , , , , ,0.791,0.758,-105.98
 13:10:18.025,eb:33:2e:f9:57:b5, 2015-01-01 00:54:49.725,-0.016,0.012,0.997,0,0.183,-0.183, , , , , , ,0.791,0.758,-105.98
 13:10:18.025,eb:33:2e:f9:57:b5, 2015-01-01 00:54:49.725,-0.017,0.012,0.997,0,0.183,-0.122, , , , , , ,0.791,0.758,-105.98
 13:10:18.025,eb:33:2e:f9:57:b5, 2015-01-01 00:54:49.725,-0.017,0.012,0.997,0,0.061,-0.122, , , , , , ,0.791,0.758,-105.98
 13:10:18.025,eb:33:2e:f9:57:b5, 2015-01-01 00:54:49.725,-0.014,0.012,0.997,0,0.061,-0.061, , , , , , ,0.791,0.764,-105.98
 13:10:18.025,eb:33:2e:f9:57:b5, 2015-01-01 00:54:49.725,-0.017,0.012,0.998,0,0.061,-0.183, , , , , , ,0.791,0.764,-105.98
 13:10:18.025,eb:33:2e:f9:57:b5, 2015-01-01 00:54:49.725,-0.017,0.011,0.996,0,0,-0.122, , , , , , ,0.791,0.764,-105.98
 13:10:18.047,eb:33:2e:f9:57:b5, 2015-01-01 00:54:49.725,-0.017,0.012,0.997,0,0,-0.122, , , , , , ,0.791,0.764,-105.98
 13:10:18.047,eb:33:2e:f9:57:b5, 2015-01-01 00:54:49.725,-0.015,0.01,0.996,0.061,-0.183,-0.061, , , , , , ,0.791,0.764,-105.98
 13:10:18.047,eb:33:2e:f9:57:b5, 2015-01-01 00:54:49.725,-0.019,0.011,0.997,0.061,-0.244,-0.061, , , , , , ,0.791,0.764,-105.98
 13:10:18.047,eb:33:2e:f9:57:b5, 2015-01-01 00:54:49.725,-0.016,0.014,0.993,0.061,-0.488,-0.122, , , , , , ,0.791,0.764,-105.98
 13:10:18.047,eb:33:2e:f9:57:b5, 2015-01-01 00:54:49.725,-0.008,0.014,0.996,0,-0.488,-0.183, , , , , , ,0.791,0.764,-105.98
 13:10:18.048,eb:33:2e:f9:57:b5, 2015-01-01 00:54:49.725,-0.008,0.015,1.003,-0.061,0,-0.183, , , , , , ,0.791,0.764,-105.98
 13:10:18.048,eb:33:2e:f9:57:b5, 2015-01-01 00:54:49.725,-0.013,0.012,1.002,-0.061,0.366,-0.183, , , , , , ,0.791,0.764,-105.98
 13:10:18.048,eb:33:2e:f9:57:b5, 2015-01-01 00:54:49.725,-0.018,0.013,0.997,-0.061,0.427,-0.244, , , , , , ,0.791,0.764,-105.98
 13:10:18.115,eb:33:2e:f9:57:b5, 2015-01-01 00:54:49.725,-0.017,0.011,0.993,-0.061,0.305,-0.183, , , , , , ,0.791,0.764,-105.98
 13:10:18.115,eb:33:2e:f9:57:b5, 2015-01-01 00:54:49.725,-0.015,0.012,0.995,0,0.183,-0.244, , , , , , ,0.791,0.764,-105.98
 13:10:18.115,eb:33:2e:f9:57:b5, 2015-01-01 00:54:49.725,-0.016,0.01,0.996,0,0.183,-0.183, , , , , , ,0.791,0.764,-105.98
 13:10:18.115,eb:33:2e:f9:57:b5, 2015-01-01 00:54:49.725,-0.017,0.013,0.996,-0.061,0.183,-0.122, , , , , , ,0.791,0.764,-105.98
 13:10:18.115,eb:33:2e:f9:57:b5, 2015-01-01 00:54:49.725,-0.016,0.014,0.995,0,0,-0.244, , , , , , ,0.791,0.764,-105.98
 13:10:18.115,eb:33:2e:f9:57:b5, 2015-01-01 00:54:49.725,-0.014,0.009,0.997,-0.061,0.061,-0.122, , , , , , ,0.786,0.764,-105.98
 13:10:18.115,eb:33:2e:f9:57:b5, 2015-01-01 00:54:49.725,-0.019,0.014,1,-0.122,0.183,-0.122, , , , , , ,0.786,0.764,-105.98
 13:10:18.115,eb:33:2e:f9:57:b5, 2015-01-01 00:54:49.725,-0.017,0.011,0.995,-0.122,0,-0.061, , , , , , ,0.786,0.764,-105.98
 13:10:18.138,eb:33:2e:f9:57:b5, 2015-01-01 00:54:49.725,-0.016,0.012,0.997,-0.061,-0.061,-0.061, , , , , , ,0.786,0.764,-105.98
 13:10:18.138,eb:33:2e:f9:57:b5, 2015-01-01 00:54:49.725,-0.017,0.013,0.996,-0.061,-0.061,-0.183, , , , , , ,0.786,0.764,-105.98
 13:10:18.138,eb:33:2e:f9:57:b5, 2015-01-01 00:54:49.725,-0.013,0.01,0.996,-0.061,-0.183,-0.061, , , , , , ,0.786,0.764,-105.98
 13:10:18.138,eb:33:2e:f9:57:b5, 2015-01-01 00:54:49.725,-0.018,0.014,0.999,-0.061,0,-0.061, , , , , , ,0.786,0.764,-105.98
 13:10:18.138,eb:33:2e:f9:57:b5, 2015-01-01 00:54:49.725,-0.011,0.009,0.996,0,-0.183,0, , , , , , ,0.786,0.764,-105.98
 13:10:18.138,eb:33:2e:f9:57:b5, 2015-01-01 00:54:49.725,-0.016,0.015,1,-0.061,0.061,-0.122, , , , , , ,0.786,0.764,-105.98
 13:10:18.138,eb:33:2e:f9:57:b5, 2015-01-01 00:54:49.725,-0.014,0.01,0.998,0,0.061,-0.061, , , , , , ,0.786,0.764,-105.98
 13:10:18.139,eb:33:2e:f9:57:b5, 2015-01-01 00:54:49.725,-0.019,0.014,1,0,0.183,-0.122, , , , , , ,0.786,0.764,-105.98
 13:10:18.182,eb:33:2e:f9:57:b5, 2015-01-01 00:54:49.725,-0.015,0.009,0.995,0,0.122,-0.061, , , , , , ,0.786,0.764,-105.98
 13:10:18.182,eb:33:2e:f9:57:b5, 2015-01-01 00:54:49.725,-0.016,0.014,0.998,0,0.122,-0.122, , , , , , ,0.786,0.764,-105.98
 13:10:18.182,eb:33:2e:f9:57:b5, 2015-01-01 00:54:49.725,-0.015,0.01,0.996,0.122,0.061,-0.061, , , , , , ,0.786,0.764,-105.98
 13:10:18.182,eb:33:2e:f9:57:b5, 2015-01-01 00:54:49.725,-0.018,0.014,0.998,0.122,0.122,-0.122, , , , , , ,0.786,0.764,-105.98
 13:10:18.182,eb:33:2e:f9:57:b5, 2015-01-01 00:54:49.725,-0.012,0.008,0.997,0.183,0,-0.061, , , , , , ,0.786,0.764,-105.98
 13:10:18.182,eb:33:2e:f9:57:b5, 2015-01-01 00:54:49.725,-0.017,0.014,1.001,0.122,0.122,-0.061, , , , , , ,0.786,0.764,-105.98
 13:10:18.182,eb:33:2e:f9:57:b5, 2015-01-01 00:54:49.725,-0.014,0.009,0.997,0.244,0.061,0, , , , , , ,0.786,0.764,-105.98
 13:10:18.182,eb:33:2e:f9:57:b5, 2015-01-01 00:54:49.725,-0.018,0.015,0.999,0.183,0.122,-0.061, , , , , , ,0.786,0.764,-105.98
 13:10:18.226,eb:33:2e:f9:57:b5, 2015-01-01 00:54:50.060,-0.013,0.009,0.996,0.244,0,0, , , , , , ,0.786,0.764,-105.98
 13:10:18.226,eb:33:2e:f9:57:b5, 2015-01-01 00:54:50.060,-0.016,0.015,0.999,0.305,0.061,-0.061, , , , , , ,0.786,0.769,-105.98
 13:10:18.226,eb:33:2e:f9:57:b5, 2015-01-01 00:54:50.060,-0.013,0.009,0.996,0.366,0,0, , , , , , ,0.786,0.769,-105.98
 13:10:18.226,eb:33:2e:f9:57:b5, 2015-01-01 00:54:50.060,-0.016,0.014,0.999,0.366,0.122,0, , , , , , ,0.786,0.769,-105.98
 13:10:18.226,eb:33:2e:f9:57:b5, 2015-01-01 00:54:50.060,-0.013,0.01,0.997,0.427,0.061,0, , , , , , ,0.786,0.769,-105.98
 13:10:18.226,eb:33:2e:f9:57:b5, 2015-01-01 00:54:50.060,-0.014,0.013,0.998,0.366,0.061,0, , , , , , ,0.786,0.769,-105.98
 13:10:18.226,eb:33:2e:f9:57:b5, 2015-01-01 00:54:50.060,-0.014,0.011,0.997,0.427,0.061,0.061, , , , , , ,0.786,0.769,-105.98
 13:10:18.226,eb:33:2e:f9:57:b5, 2015-01-01 00:54:50.060,-0.015,0.014,0.999,0.366,0.122,0, , , , , , ,0.786,0.769,-105.98
 13:10:18.250,eb:33:2e:f9:57:b5, 2015-01-01 00:54:50.060,-0.016,0.014,0.997,0.366,0.122,0, , , , , , ,0.786,0.769,-105.98
 13:10:18.250,eb:33:2e:f9:57:b5, 2015-01-01 00:54:50.060,-0.014,0.013,0.999,0.366,0.061,0, , , , , , ,0.786,0.769,-105.98
 13:10:18.250,eb:33:2e:f9:57:b5, 2015-01-01 00:54:50.060,-0.015,0.013,0.998,0.427,0.183,0, , , , , , ,0.786,0.769,-105.98
 13:10:18.250,eb:33:2e:f9:57:b5, 2015-01-01 00:54:50.060,-0.014,0.013,0.998,0.427,0.122,0, , , , , , ,0.786,0.769,-105.98
 13:10:18.250,eb:33:2e:f9:57:b5, 2015-01-01 00:54:50.060,-0.014,0.011,0.997,0.488,0.183,0, , , , , , ,0.786,0.769,-105.98
 13:10:18.250,eb:33:2e:f9:57:b5, 2015-01-01 00:54:50.060,-0.015,0.013,0.996,0.366,0.183,-0.061, , , , , , ,0.786,0.769,-105.98
 13:10:18.250,eb:33:2e:f9:57:b5, 2015-01-01 00:54:50.060,-0.015,0.01,0.996,0.427,0.183,0, , , , , , ,0.786,0.769,-105.98
 13:10:18.250,eb:33:2e:f9:57:b5, 2015-01-01 00:54:50.060,-0.017,0.015,0.996,0.305,0.122,-0.061, , , , , , ,0.786,0.769,-105.98
 13:10:18.294,eb:33:2e:f9:57:b5, 2015-01-01 00:54:50.060,-0.015,0.013,0.994,0.366,0,0, , , , , , ,0.786,0.769,-105.98
 13:10:18.294,eb:33:2e:f9:57:b5, 2015-01-01 00:54:50.060,-0.018,0.015,0.997,0.366,0.061,-0.061, , , , , , ,0.786,0.769,-105.98
 13:10:18.294,eb:33:2e:f9:57:b5, 2015-01-01 00:54:50.060,-0.014,0.01,0.994,0.305,-0.061,0, , , , , , ,0.786,0.769,-105.98
 13:10:18.294,eb:33:2e:f9:57:b5, 2015-01-01 00:54:50.060,-0.016,0.016,0.997,0.244,0,-0.061, , , , , , ,0.786,0.769,-105.98
 13:10:18.294,eb:33:2e:f9:57:b5, 2015-01-01 00:54:50.060,-0.017,0.013,0.996,0.305,0,-0.061, , , , , , ,0.786,0.769,-105.98
 13:10:18.294,eb:33:2e:f9:57:b5, 2015-01-01 00:54:50.060,-0.016,0.012,0.997,0.366,-0.122,0, , , , , , ,0.786,0.769,-105.98
 13:10:18.294,eb:33:2e:f9:57:b5, 2015-01-01 00:54:50.060,-0.017,0.015,0.996,0.244,-0.183,0, , , , , , ,0.786,0.769,-105.98
 13:10:18.294,eb:33:2e:f9:57:b5, 2015-01-01 00:54:50.060,-0.015,0.014,0.995,0.244,-0.305,0, , , , , , ,0.786,0.769,-105.98
 13:10:18.339,eb:33:2e:f9:57:b5, 2015-01-01 00:54:50.060,-0.016,0.013,0.997,0.244,-0.244,0, , , , , , ,0.786,0.769,-105.98
 13:10:18.339,eb:33:2e:f9:57:b5, 2015-01-01 00:54:50.060,-0.016,0.013,0.997,0.183,-0.305,0, , , , , , ,0.786,0.769,-105.98
 13:10:18.339,eb:33:2e:f9:57:b5, 2015-01-01 00:54:50.060,-0.015,0.013,0.997,0.183,-0.366,0, , , , , , ,0.786,0.769,-105.98
 13:10:18.339,eb:33:2e:f9:57:b5, 2015-01-01 00:54:50.060,-0.016,0.012,0.997,0.244,-0.366,0, , , , , , ,0.786,0.769,-105.985
 13:10:18.339,eb:33:2e:f9:57:b5, 2015-01-01 00:54:50.060,-0.016,0.013,0.996,0.244,-0.427,0, , , , , , ,0.786,0.769,-105.985
 13:10:18.339,eb:33:2e:f9:57:b5, 2015-01-01 00:54:50.060,-0.015,0.013,0.997,0.244,-0.488,0.061, , , , , , ,0.786,0.769,-105.985
 13:10:18.339,eb:33:2e:f9:57:b5, 2015-01-01 00:54:50.060,-0.015,0.013,0.996,0.183,-0.61,0.061, , , , , , ,0.786,0.769,-105.985
 13:10:18.339,eb:33:2e:f9:57:b5, 2015-01-01 00:54:50.060,-0.014,0.013,0.997,0.244,-0.61,0.061, , , , , , ,0.786,0.769,-105.985
 13:10:18.407,eb:33:2e:f9:57:b5, 2015-01-01 00:54:50.060,-0.014,0.014,0.997,0.244,-0.549,0.061, , , , , , ,0.786,0.769,-105.985
 13:10:18.407,eb:33:2e:f9:57:b5, 2015-01-01 00:54:50.060,-0.014,0.014,0.997,0.183,-0.488,0.061, , , , , , ,0.786,0.775,-105.985
 13:10:18.407,eb:33:2e:f9:57:b5, 2015-01-01 00:54:50.060,-0.014,0.014,0.996,0.244,-0.488,0.122, , , , , , ,0.786,0.775,-105.985
 13:10:18.407,eb:33:2e:f9:57:b5, 2015-01-01 00:54:50.060,-0.015,0.015,0.997,0.183,-0.427,0.061, , , , , , ,0.786,0.775,-105.985
 13:10:18.407,eb:33:2e:f9:57:b5, 2015-01-01 00:54:50.060,-0.014,0.015,0.998,0.122,-0.427,0, , , , , , ,0.786,0.775,-105.985
 13:10:18.407,eb:33:2e:f9:57:b5, 2015-01-01 00:54:50.060,-0.014,0.014,0.997,0.122,-0.305,0, , , , , , ,0.786,0.775,-105.985
 13:10:18.407,eb:33:2e:f9:57:b5, 2015-01-01 00:54:50.060,-0.014,0.014,0.997,0.061,-0.244,0, , , , , , ,0.786,0.775,-105.985
 13:10:18.407,eb:33:2e:f9:57:b5, 2015-01-01 00:54:50.060,-0.015,0.015,0.997,0,-0.122,0, , , , , , ,0.786,0.775,-105.985
 13:10:18.429,eb:33:2e:f9:57:b5, 2015-01-01 00:54:50.060,-0.015,0.014,0.999,0,-0.061,0, , , , , , ,0.786,0.775,-105.985
 13:10:18.429,eb:33:2e:f9:57:b5, 2015-01-01 00:54:50.060,-0.015,0.013,0.998,0,-0.122,-0.061, , , , , , ,0.786,0.775,-105.985
 13:10:18.429,eb:33:2e:f9:57:b5, 2015-01-01 00:54:50.060,-0.014,0.014,0.997,0,-0.122,0, , , , , , ,0.786,0.775,-105.985
 13:10:18.429,eb:33:2e:f9:57:b5, 2015-01-01 00:54:50.060,-0.013,0.013,0.996,0,-0.061,0, , , , , , ,0.786,0.775,-105.985
 13:10:18.429,eb:33:2e:f9:57:b5, 2015-01-01 00:54:50.060,-0.013,0.014,0.997,-0.061,0,-0.061, , , , , , ,0.786,0.775,-105.985
 13:10:18.429,eb:33:2e:f9:57:b5, 2015-01-01 00:54:50.060,-0.013,0.014,0.997,-0.061,0,-0.061, , , , , , ,0.786,0.775,-105.985
 13:10:18.429,eb:33:2e:f9:57:b5, 2015-01-01 00:54:50.060,-0.013,0.014,0.997,-0.122,0.122,-0.061, , , , , , ,0.786,0.775,-105.985
 13:10:18.429,eb:33:2e:f9:57:b5, 2015-01-01 00:54:50.060,-0.014,0.013,0.998,-0.122,0.183,-0.122, , , , , , ,0.786,0.775,-105.985
 13:10:18.452,eb:33:2e:f9:57:b5, 2015-01-01 00:54:50.060,-0.014,0.014,0.998,-0.183,0.244,-0.061, , , , , , ,0.786,0.775,-105.985
 13:10:18.452,eb:33:2e:f9:57:b5, 2015-01-01 00:54:50.060,-0.015,0.014,0.997,-0.183,0.244,-0.061, , , , , , ,0.786,0.775,-105.985
 13:10:18.452,eb:33:2e:f9:57:b5, 2015-01-01 00:54:50.060,-0.016,0.013,0.997,-0.244,0.244,-0.061, , , , , , ,0.786,0.775,-105.985
 13:10:18.452,eb:33:2e:f9:57:b5, 2015-01-01 00:54:50.060,-0.016,0.013,0.997,-0.183,0.183,-0.122, , , , , , ,0.786,0.775,-105.985
 13:10:18.452,eb:33:2e:f9:57:b5, 2015-01-01 00:54:50.060,-0.016,0.013,0.997,-0.183,0.061,-0.122, , , , , , ,0.786,0.775,-105.985
 13:10:18.452,eb:33:2e:f9:57:b5, 2015-01-01 00:54:50.060,-0.015,0.012,0.998,-0.122,0.061,-0.122, , , , , , ,0.786,0.775,-105.985
 13:10:18.452,eb:33:2e:f9:57:b5, 2015-01-01 00:54:50.060,-0.014,0.012,0.998,-0.122,0,-0.122, , , , , , ,0.786,0.775,-105.985
 13:10:18.452,eb:33:2e:f9:57:b5, 2015-01-01 00:54:50.060,-0.015,0.012,0.998,-0.061,0,-0.061, , , , , , ,0.786,0.775,-105.985
 13:10:18.498,eb:33:2e:f9:57:b5, 2015-01-01 00:54:50.060,-0.014,0.013,0.997,0,0,-0.061, , , , , , ,0.786,0.775,-105.985
 13:10:18.498,eb:33:2e:f9:57:b5, 2015-01-01 00:54:50.060,-0.015,0.013,0.997,-0.061,0,-0.061, , , , , , ,0.786,0.775,-105.985
 13:10:18.498,eb:33:2e:f9:57:b5, 2015-01-01 00:54:50.060,-0.015,0.012,0.998,0,0,-0.061, , , , , , ,0.786,0.775,-105.985
 13:10:18.498,eb:33:2e:f9:57:b5, 2015-01-01 00:54:50.060,-0.015,0.012,0.997,0,0,-0.061, , , , , , ,0.786,0.775,-105.985
 13:10:18.499,eb:33:2e:f9:57:b5, 2015-01-01 00:54:50.060,-0.015,0.014,0.997,-0.061,0,-0.061, , , , , , ,0.786,0.775,-105.985
 13:10:18.499,eb:33:2e:f9:57:b5, 2015-01-01 00:54:50.060,-0.015,0.014,0.998,-0.061,0,0, , , , , , ,0.786,0.775,-105.985
 13:10:18.499,eb:33:2e:f9:57:b5, 2015-01-01 00:54:50.060,-0.015,0.013,0.998,-0.122,0.061,0, , , , , , ,0.786,0.775,-105.985
 13:10:18.499,eb:33:2e:f9:57:b5, 2015-01-01 00:54:50.060,-0.016,0.013,0.999,-0.122,0.061,0, , , , , , ,0.786,0.775,-105.985
 13:10:18.541,eb:33:2e:f9:57:b5, 2015-01-01 00:54:50.395,-0.015,0.013,0.998,-0.061,0,-0.122, , , , , , ,0.786,0.775,-105.985
 13:10:18.541,eb:33:2e:f9:57:b5, 2015-01-01 00:54:50.395,-0.016,0.013,0.997,-0.061,0,-0.061, , , , , , ,0.786,0.775,-105.985
 13:10:18.541,eb:33:2e:f9:57:b5, 2015-01-01 00:54:50.395,-0.016,0.014,0.997,-0.061,-0.061,-0.061, , , , , , ,0.786,0.775,-105.985
 13:10:18.541,eb:33:2e:f9:57:b5, 2015-01-01 00:54:50.395,-0.016,0.014,0.996,-0.061,-0.061,-0.061, , , , , , ,0.786,0.775,-105.985
 13:10:18.542,eb:33:2e:f9:57:b5, 2015-01-01 00:54:50.395,-0.015,0.013,0.996,-0.061,-0.061,-0.061, , , , , , ,0.786,0.775,-105.985
 13:10:18.542,eb:33:2e:f9:57:b5, 2015-01-01 00:54:50.395,-0.015,0.012,0.995,-0.061,-0.122,-0.061, , , , , , ,0.786,0.775,-105.985
 13:10:18.542,eb:33:2e:f9:57:b5, 2015-01-01 00:54:50.395,-0.014,0.013,0.995,-0.061,-0.122,0, , , , , , ,0.786,0.775,-105.985
 13:10:18.542,eb:33:2e:f9:57:b5, 2015-01-01 00:54:50.395,-0.017,0.014,0.998,-0.061,-0.122,0, , , , , , ,0.786,0.775,-105.985
 13:10:18.587,eb:33:2e:f9:57:b5, 2015-01-01 00:54:50.395,-0.017,0.012,0.998,0,-0.122,-0.061, , , , , , ,0.786,0.775,-105.985
 13:10:18.587,eb:33:2e:f9:57:b5, 2015-01-01 00:54:50.395,-0.017,0.011,0.999,0,-0.244,-0.061, , , , , , ,0.786,0.775,-105.985
 13:10:18.587,eb:33:2e:f9:57:b5, 2015-01-01 00:54:50.395,-0.018,0.012,0.999,0,-0.305,0, , , , , , ,0.786,0.775,-105.985
 13:10:18.587,eb:33:2e:f9:57:b5, 2015-01-01 00:54:50.395,-0.016,0.011,0.996,0.061,-0.488,0, , , , , , ,0.786,0.775,-105.985
 13:10:18.587,eb:33:2e:f9:57:b5, 2015-01-01 00:54:50.395,-0.016,0.013,0.997,0.122,-0.549,0, , , , , , ,0.786,0.775,-105.985
 13:10:18.587,eb:33:2e:f9:57:b5, 2015-01-01 00:54:50.395,-0.015,0.013,0.996,0.122,-0.61,0, , , , , , ,0.786,0.775,-105.985
 13:10:18.587,eb:33:2e:f9:57:b5, 2015-01-01 00:54:50.395,-0.011,0.014,0.997,0.061,-0.61,0, , , , , , ,0.786,0.775,-105.985
 13:10:18.587,eb:33:2e:f9:57:b5, 2015-01-01 00:54:50.395,-0.013,0.016,0.999,0,-0.427,0, , , , , , ,0.786,0.775,-105.985
 13:10:18.609,eb:33:2e:f9:57:b5, 2015-01-01 00:54:50.395,-0.015,0.013,0.997,0,-0.427,0, , , , , , ,0.786,0.775,-105.985
 13:10:18.609,eb:33:2e:f9:57:b5, 2015-01-01 00:54:50.395,-0.013,0.01,0.994,0.183,-0.549,0, , , , , , ,0.786,0.78,-105.985
 13:10:18.609,eb:33:2e:f9:57:b5, 2015-01-01 00:54:50.395,-0.015,0.014,0.995,0.122,-0.488,0, , , , , , ,0.786,0.78,-105.985
 13:10:18.609,eb:33:2e:f9:57:b5, 2015-01-01 00:54:50.395,-0.015,0.015,0.995,0.061,-0.427,-0.122, , , , , , ,0.786,0.78,-105.985
 13:10:18.609,eb:33:2e:f9:57:b5, 2015-01-01 00:54:50.395,-0.012,0.01,0.994,0.122,-0.549,0, , , , , , ,0.786,0.78,-105.985
 13:10:18.609,eb:33:2e:f9:57:b5, 2015-01-01 00:54:50.395,-0.014,0.016,0.996,0.061,-0.488,-0.061, , , , , , ,0.786,0.78,-105.985
 13:10:18.609,eb:33:2e:f9:57:b5, 2015-01-01 00:54:50.395,-0.014,0.014,0.995,0.061,-0.488,0, , , , , , ,0.786,0.78,-105.985
 13:10:18.609,eb:33:2e:f9:57:b5, 2015-01-01 00:54:50.395,-0.015,0.014,0.998,0,-0.427,0, , , , , , ,0.786,0.78,-105.985
 13:10:18.654,eb:33:2e:f9:57:b5, 2015-01-01 00:54:50.395,-0.015,0.014,0.995,0.061,-0.549,0, , , , , , ,0.786,0.78,-105.985
 13:10:18.654,eb:33:2e:f9:57:b5, 2015-01-01 00:54:50.395,-0.013,0.013,0.994,0.061,-0.671,0, , , , , , ,0.786,0.78,-105.985
 13:10:18.654,eb:33:2e:f9:57:b5, 2015-01-01 00:54:50.395,-0.013,0.013,0.997,0.061,-0.549,0, , , , , , ,0.786,0.78,-105.985
 13:10:18.654,eb:33:2e:f9:57:b5, 2015-01-01 00:54:50.395,-0.015,0.013,0.999,0.061,-0.488,0, , , , , , ,0.786,0.78,-105.985
 13:10:18.654,eb:33:2e:f9:57:b5, 2015-01-01 00:54:50.395,-0.013,0.013,0.998,0.061,-0.488,0, , , , , , ,0.786,0.78,-105.985
 13:10:18.654,eb:33:2e:f9:57:b5, 2015-01-01 00:54:50.395,-0.013,0.013,0.999,0.061,-0.488,0, , , , , , ,0.786,0.78,-105.985
 13:10:18.654,eb:33:2e:f9:57:b5, 2015-01-01 00:54:50.395,-0.013,0.012,0.999,0.061,-0.488,0, , , , , , ,0.786,0.78,-105.985
 13:10:18.654,eb:33:2e:f9:57:b5, 2015-01-01 00:54:50.395,-0.012,0.012,0.999,0.122,-0.366,0, , , , , , ,0.786,0.78,-105.985
 13:10:18.699,eb:33:2e:f9:57:b5, 2015-01-01 00:54:50.395,-0.012,0.012,1,0.183,-0.305,0, , , , , , ,0.786,0.78,-105.985
 13:10:18.699,eb:33:2e:f9:57:b5, 2015-01-01 00:54:50.395,-0.012,0.012,1,0.244,-0.183,0, , , , , , ,0.78,0.78,-105.985
 13:10:18.699,eb:33:2e:f9:57:b5, 2015-01-01 00:54:50.395,-0.013,0.013,1,0.183,-0.122,-0.061, , , , , , ,0.78,0.78,-105.985
 13:10:18.699,eb:33:2e:f9:57:b5, 2015-01-01 00:54:50.395,-0.013,0.013,1,0.244,0,-0.061, , , , , , ,0.786,0.78,-105.985
 13:10:18.699,eb:33:2e:f9:57:b5, 2015-01-01 00:54:50.395,-0.014,0.013,1,0.244,0,-0.061, , , , , , ,0.786,0.78,-105.985
 13:10:18.699,eb:33:2e:f9:57:b5, 2015-01-01 00:54:50.395,-0.014,0.013,0.999,0.244,0,-0.061, , , , , , ,0.78,0.78,-105.985
 13:10:18.699,eb:33:2e:f9:57:b5, 2015-01-01 00:54:50.395,-0.014,0.012,0.998,0.305,0,-0.061, , , , , , ,0.78,0.78,-105.985
 13:10:18.699,eb:33:2e:f9:57:b5, 2015-01-01 00:54:50.395,-0.015,0.013,0.998,0.244,0,-0.061, , , , , , ,0.78,0.78,-105.985
 13:10:18.744,eb:33:2e:f9:57:b5, 2015-01-01 00:54:50.395,-0.015,0.014,0.996,0.305,-0.061,-0.061, , , , , , ,0.78,0.78,-105.985
 13:10:18.744,eb:33:2e:f9:57:b5, 2015-01-01 00:54:50.395,-0.014,0.013,0.995,0.244,-0.122,-0.061, , , , , , ,0.78,0.78,-105.985
 13:10:18.744,eb:33:2e:f9:57:b5, 2015-01-01 00:54:50.395,-0.013,0.015,0.996,0.244,-0.122,-0.061, , , , , , ,0.78,0.78,-105.985
 13:10:18.744,eb:33:2e:f9:57:b5, 2015-01-01 00:54:50.395,-0.011,0.014,0.996,0.122,-0.061,-0.122, , , , , , ,0.78,0.78,-105.985
 13:10:18.744,eb:33:2e:f9:57:b5, 2015-01-01 00:54:50.395,-0.012,0.015,0.998,0.122,0.061,-0.061, , , , , , ,0.78,0.78,-105.985
 13:10:18.744,eb:33:2e:f9:57:b5, 2015-01-01 00:54:50.395,-0.014,0.015,0.998,0.061,0.122,-0.061, , , , , , ,0.78,0.78,-105.985
 13:10:18.744,eb:33:2e:f9:57:b5, 2015-01-01 00:54:50.395,-0.013,0.015,0.997,0,0.244,-0.061, , , , , , ,0.78,0.78,-105.985
 13:10:18.744,eb:33:2e:f9:57:b5, 2015-01-01 00:54:50.395,-0.013,0.015,0.997,0,0.244,-0.061, , , , , , ,0.78,0.78,-105.985
 13:10:18.790,eb:33:2e:f9:57:b5, 2015-01-01 00:54:50.395,-0.015,0.014,0.997,-0.061,0.244,-0.122, , , , , , ,0.78,0.78,-105.985
 13:10:18.790,eb:33:2e:f9:57:b5, 2015-01-01 00:54:50.395,-0.013,0.012,0.994,-0.061,0.183,-0.061, , , , , , ,0.78,0.78,-105.985
 13:10:18.790,eb:33:2e:f9:57:b5, 2015-01-01 00:54:50.395,-0.016,0.016,0.995,-0.122,0.183,-0.183, , , , , , ,0.78,0.78,-105.985
 13:10:18.790,eb:33:2e:f9:57:b5, 2015-01-01 00:54:50.395,-0.01,0.013,0.994,-0.122,0.061,-0.122, , , , , , ,0.78,0.78,-105.985
 13:10:18.790,eb:33:2e:f9:57:b5, 2015-01-01 00:54:50.395,-0.013,0.015,0.999,-0.122,0.366,-0.244, , , , , , ,0.78,0.78,-105.985
 13:10:18.790,eb:33:2e:f9:57:b5, 2015-01-01 00:54:50.395,-0.014,0.014,0.997,-0.183,0.244,-0.244, , , , , , ,0.78,0.78,-105.985
 13:10:18.790,eb:33:2e:f9:57:b5, 2015-01-01 00:54:50.395,-0.017,0.014,0.996,-0.183,0.183,-0.183, , , , , , ,0.78,0.78,-105.985
 13:10:18.790,eb:33:2e:f9:57:b5, 2015-01-01 00:54:50.395,-0.016,0.013,0.994,-0.122,0.061,-0.183, , , , , , ,0.786,0.78,-105.985
 13:10:18.834,eb:33:2e:f9:57:b5, 2015-01-01 00:54:50.685,-0.014,0.013,0.995,-0.122,0,-0.183, , , , , , ,0.786,0.78,-105.985
 13:10:18.834,eb:33:2e:f9:57:b5, 2015-01-01 00:54:50.685,-0.014,0.014,0.995,-0.183,0,-0.122, , , , , , ,0.786,0.78,-105.985
 13:10:18.834,eb:33:2e:f9:57:b5, 2015-01-01 00:54:50.685,-0.015,0.013,0.995,-0.244,-0.122,-0.122, , , , , , ,0.786,0.78,-105.985
 13:10:18.834,eb:33:2e:f9:57:b5, 2015-01-01 00:54:50.685,-0.013,0.013,0.995,-0.183,-0.122,-0.061, , , , , , ,0.786,0.78,-105.985
 13:10:18.834,eb:33:2e:f9:57:b5, 2015-01-01 00:54:50.685,-0.013,0.014,0.996,-0.244,-0.061,-0.061, , , , , , ,0.786,0.78,-105.985
 13:10:18.834,eb:33:2e:f9:57:b5, 2015-01-01 00:54:50.685,-0.013,0.014,0.998,-0.244,-0.061,-0.061, , , , , , ,0.786,0.78,-105.985
 13:10:18.834,eb:33:2e:f9:57:b5, 2015-01-01 00:54:50.685,-0.012,0.014,0.997,-0.305,0,0, , , , , , ,0.786,0.78,-105.985
 13:10:18.834,eb:33:2e:f9:57:b5, 2015-01-01 00:54:50.685,-0.012,0.013,0.998,-0.366,0,0, , , , , , ,0.786,0.78,-105.985
 13:10:18.856,eb:33:2e:f9:57:b5, 2015-01-01 00:54:50.685,-0.013,0.014,0.997,-0.366,0.061,0, , , , , , ,0.786,0.78,-105.985
 13:10:18.856,eb:33:2e:f9:57:b5, 2015-01-01 00:54:50.685,-0.012,0.013,0.997,-0.427,0.183,0, , , , , , ,0.786,0.78,-105.985
 13:10:18.856,eb:33:2e:f9:57:b5, 2015-01-01 00:54:50.685,-0.013,0.014,0.997,-0.549,0.183,0, , , , , , ,0.786,0.78,-105.985
 13:10:18.856,eb:33:2e:f9:57:b5, 2015-01-01 00:54:50.685,-0.013,0.014,0.997,-0.549,0.244,0, , , , , , ,0.786,0.78,-105.985
 13:10:18.856,eb:33:2e:f9:57:b5, 2015-01-01 00:54:50.685,-0.013,0.013,0.997,-0.549,0.244,0, , , , , , ,0.786,0.78,-105.985
 13:10:18.856,eb:33:2e:f9:57:b5, 2015-01-01 00:54:50.685,-0.014,0.013,0.997,-0.61,0.244,0, , , , , , ,0.786,0.78,-105.985
 13:10:18.856,eb:33:2e:f9:57:b5, 2015-01-01 00:54:50.685,-0.014,0.012,0.998,-0.549,0.244,0, , , , , , ,0.786,0.78,-105.985
 13:10:18.856,eb:33:2e:f9:57:b5, 2015-01-01 00:54:50.685,-0.014,0.013,0.999,-0.488,0.244,0, , , , , , ,0.786,0.78,-105.985
 13:10:18.900,eb:33:2e:f9:57:b5, 2015-01-01 00:54:50.685,-0.015,0.012,1,-0.427,0.183,0, , , , , , ,0.786,0.78,-105.985
 13:10:18.900,eb:33:2e:f9:57:b5, 2015-01-01 00:54:50.685,-0.015,0.012,1,-0.427,0.122,0, , , , , , ,0.786,0.78,-105.985
 13:10:18.900,eb:33:2e:f9:57:b5, 2015-01-01 00:54:50.685,-0.015,0.012,0.998,-0.305,0.122,0, , , , , , ,0.786,0.78,-105.985
 13:10:18.900,eb:33:2e:f9:57:b5, 2015-01-01 00:54:50.685,-0.015,0.011,0.998,-0.244,0,0, , , , , , ,0.786,0.78,-105.985
 13:10:18.900,eb:33:2e:f9:57:b5, 2015-01-01 00:54:50.685,-0.014,0.011,0.999,-0.183,0,0, , , , , , ,0.786,0.78,-105.985
 13:10:18.900,eb:33:2e:f9:57:b5, 2015-01-01 00:54:50.685,-0.015,0.012,0.998,-0.122,0,0, , , , , , ,0.78,0.78,-105.985
 13:10:18.900,eb:33:2e:f9:57:b5, 2015-01-01 00:54:50.685,-0.015,0.012,0.997,-0.122,-0.061,0, , , , , , ,0.78,0.78,-105.985
 13:10:18.900,eb:33:2e:f9:57:b5, 2015-01-01 00:54:50.685,-0.014,0.013,0.996,-0.122,-0.122,0, , , , , , ,0.78,0.78,-105.985
 13:10:18.946,eb:33:2e:f9:57:b5, 2015-01-01 00:54:50.685,-0.013,0.012,0.996,-0.122,-0.183,0, , , , , , ,0.78,0.78,-105.985
 13:10:18.946,eb:33:2e:f9:57:b5, 2015-01-01 00:54:50.685,-0.013,0.013,0.996,-0.122,-0.183,0, , , , , , ,0.78,0.78,-105.985
 13:10:18.946,eb:33:2e:f9:57:b5, 2015-01-01 00:54:50.685,-0.013,0.013,0.996,-0.183,-0.183,0, , , , , , ,0.78,0.78,-105.985
 13:10:18.946,eb:33:2e:f9:57:b5, 2015-01-01 00:54:50.685,-0.013,0.013,0.996,-0.183,-0.244,0, , , , , , ,0.78,0.78,-105.985
 13:10:18.946,eb:33:2e:f9:57:b5, 2015-01-01 00:54:50.685,-0.014,0.012,0.996,-0.183,-0.183,0, , , , , , ,0.78,0.78,-105.985
 13:10:18.946,eb:33:2e:f9:57:b5, 2015-01-01 00:54:50.685,-0.013,0.012,0.996,-0.183,-0.244,0, , , , , , ,0.78,0.78,-105.985
 13:10:18.946,eb:33:2e:f9:57:b5, 2015-01-01 00:54:50.685,-0.013,0.013,0.998,-0.183,-0.244,-0.122, , , , , , ,0.78,0.78,-105.985
 13:10:18.946,eb:33:2e:f9:57:b5, 2015-01-01 00:54:50.685,-0.013,0.013,0.998,-0.183,-0.122,0, , , , , , ,0.78,0.78,-105.985
 13:10:18.993,eb:33:2e:f9:57:b5, 2015-01-01 00:54:50.685,-0.013,0.013,0.998,-0.244,-0.122,-0.061, , , , , , ,0.78,0.78,-105.985
 13:10:18.993,eb:33:2e:f9:57:b5, 2015-01-01 00:54:50.685,-0.014,0.012,0.997,-0.305,-0.061,-0.061, , , , , , ,0.78,0.78,-105.985
 13:10:18.993,eb:33:2e:f9:57:b5, 2015-01-01 00:54:50.685,-0.013,0.014,0.996,-0.244,-0.122,-0.061, , , , , , ,0.78,0.78,-105.985
 13:10:18.993,eb:33:2e:f9:57:b5, 2015-01-01 00:54:50.685,-0.013,0.013,0.997,-0.305,-0.122,-0.061, , , , , , ,0.78,0.78,-105.985
 13:10:18.993,eb:33:2e:f9:57:b5, 2015-01-01 00:54:50.685,-0.013,0.013,0.996,-0.366,0,-0.061, , , , , , ,0.78,0.78,-105.985
 13:10:18.993,eb:33:2e:f9:57:b5, 2015-01-01 00:54:50.685,-0.013,0.013,0.996,-0.305,0,0, , , , , , ,0.78,0.78,-105.985
 13:10:18.993,eb:33:2e:f9:57:b5, 2015-01-01 00:54:50.685,-0.013,0.013,0.996,-0.305,-0.122,0, , , , , , ,0.78,0.78,-105.985
 13:10:18.993,eb:33:2e:f9:57:b5, 2015-01-01 00:54:50.685,-0.014,0.012,0.998,-0.244,-0.122,0, , , , , , ,0.78,0.78,-105.985
 13:10:19.016,eb:33:2e:f9:57:b5, 2015-01-01 00:54:50.685,-0.014,0.011,0.998,-0.244,-0.061,0, , , , , , ,0.78,0.78,-105.985
 13:10:19.016,eb:33:2e:f9:57:b5, 2015-01-01 00:54:50.685,-0.014,0.012,0.997,-0.244,-0.122,0, , , , , , ,0.78,0.78,-105.985
 13:10:19.016,eb:33:2e:f9:57:b5, 2015-01-01 00:54:50.685,-0.014,0.012,0.996,-0.244,-0.183,0, , , , , , ,0.78,0.78,-105.985
 13:10:19.016,eb:33:2e:f9:57:b5, 2015-01-01 00:54:50.685,-0.014,0.011,0.997,-0.183,-0.305,0, , , , , , ,0.78,0.78,-105.985
 13:10:19.016,eb:33:2e:f9:57:b5, 2015-01-01 00:54:50.685,-0.014,0.011,0.997,-0.122,-0.366,0.061, , , , , , ,0.78,0.78,-105.985
 13:10:19.016,eb:33:2e:f9:57:b5, 2015-01-01 00:54:50.685,-0.016,0.01,0.997,-0.122,-0.366,0.061, , , , , , ,0.78,0.78,-105.985
 13:10:19.016,eb:33:2e:f9:57:b5, 2015-01-01 00:54:50.685,-0.015,0.01,0.997,-0.061,-0.488,0.061, , , , , , ,0.78,0.78,-105.985
 13:10:19.016,eb:33:2e:f9:57:b5, 2015-01-01 00:54:50.685,-0.015,0.01,0.996,0,-0.671,0.061, , , , , , ,0.78,0.78,-105.985
 13:10:19.059,eb:33:2e:f9:57:b5, 2015-01-01 00:54:50.685,-0.014,0.011,0.996,0,-0.732,0.061, , , , , , ,0.78,0.78,-105.985
 13:10:19.059,eb:33:2e:f9:57:b5, 2015-01-01 00:54:50.685,-0.013,0.011,0.997,0,-0.793,0.061, , , , , , ,0.78,0.78,-105.985
 13:10:19.059,eb:33:2e:f9:57:b5, 2015-01-01 00:54:50.685,-0.013,0.012,0.997,0.061,-0.793,0.061, , , , , , ,0.78,0.78,-105.985
 13:10:19.059,eb:33:2e:f9:57:b5, 2015-01-01 00:54:50.685,-0.013,0.012,0.997,0,-0.793,0.061, , , , , , ,0.78,0.78,-105.985
 13:10:19.059,eb:33:2e:f9:57:b5, 2015-01-01 00:54:50.685,-0.012,0.011,0.997,0.061,-0.793,0, , , , , , ,0.78,0.78,-105.985
 13:10:19.059,eb:33:2e:f9:57:b5, 2015-01-01 00:54:50.685,-0.011,0.011,0.998,0.061,-0.793,0, , , , , , ,0.78,0.78,-105.985
 13:10:19.059,eb:33:2e:f9:57:b5, 2015-01-01 00:54:50.685,-0.011,0.012,0.998,0.061,-0.732,0.061, , , , , , ,0.78,0.78,-105.985
 13:10:19.059,eb:33:2e:f9:57:b5, 2015-01-01 00:54:50.685,-0.013,0.013,0.998,0.061,-0.671,0.122, , , , , , ,0.78,0.78,-105.985
 13:10:19.104,eb:33:2e:f9:57:b5, 2015-01-01 00:54:50.685,-0.012,0.012,0.996,0.061,-0.671,0.061, , , , , , ,0.78,0.78,-105.985
 13:10:19.104,eb:33:2e:f9:57:b5, 2015-01-01 00:54:50.685,-0.012,0.012,0.997,0,-0.671,0.061, , , , , , ,0.78,0.78,-105.985
 13:10:19.104,eb:33:2e:f9:57:b5, 2015-01-01 00:54:50.685,-0.011,0.012,0.998,0.061,-0.61,0.061, , , , , , ,0.78,0.78,-105.985
 13:10:19.104,eb:33:2e:f9:57:b5, 2015-01-01 00:54:50.685,-0.011,0.012,0.998,0.061,-0.488,0.061, , , , , , ,0.78,0.78,-105.985
 13:10:19.104,eb:33:2e:f9:57:b5, 2015-01-01 00:54:50.685,-0.012,0.013,0.998,0,-0.427,0.061, , , , , , ,0.78,0.78,-105.985
 13:10:19.104,eb:33:2e:f9:57:b5, 2015-01-01 00:54:50.685,-0.011,0.013,0.997,0,-0.366,0.061, , , , , , ,0.78,0.78,-105.985
 13:10:19.104,eb:33:2e:f9:57:b5, 2015-01-01 00:54:50.685,-0.01,0.012,0.998,0,-0.305,0, , , , , , ,0.78,0.78,-105.985
 13:10:19.104,eb:33:2e:f9:57:b5, 2015-01-01 00:54:50.685,-0.011,0.013,0.997,0,-0.183,0, , , , , , ,0.78,0.78,-105.985
 13:10:19.149,eb:33:2e:f9:57:b5, 2015-01-01 00:54:50.995,-0.011,0.012,0.998,-0.061,-0.122,0, , , , , , ,0.78,0.78,-105.985
 13:10:19.149,eb:33:2e:f9:57:b5, 2015-01-01 00:54:50.995,-0.01,0.013,0.997,-0.061,-0.061,0, , , , , , ,0.78,0.78,-105.985
 13:10:19.149,eb:33:2e:f9:57:b5, 2015-01-01 00:54:50.995,-0.011,0.013,0.997,0,0,0, , , , , , ,0.78,0.78,-105.985
 13:10:19.149,eb:33:2e:f9:57:b5, 2015-01-01 00:54:50.995,-0.01,0.012,0.997,-0.061,0,0, , , , , , ,0.78,0.78,-105.985
 13:10:19.149,eb:33:2e:f9:57:b5, 2015-01-01 00:54:50.995,-0.011,0.012,0.998,0,0.122,0, , , , , , ,0.78,0.78,-105.985
 13:10:19.149,eb:33:2e:f9:57:b5, 2015-01-01 00:54:50.995,-0.011,0.012,0.998,0,0.183,0, , , , , , ,0.78,0.78,-105.985
 13:10:19.149,eb:33:2e:f9:57:b5, 2015-01-01 00:54:50.995,-0.013,0.011,0.999,0,0.305,0.061, , , , , , ,0.78,0.78,-105.985
 13:10:19.149,eb:33:2e:f9:57:b5, 2015-01-01 00:54:50.995,-0.013,0.011,0.998,0,0.305,0, , , , , , ,0.78,0.78,-105.985
 13:10:19.194,eb:33:2e:f9:57:b5, 2015-01-01 00:54:50.995,-0.014,0.011,0.998,0,0.244,0.061, , , , , , ,0.78,0.78,-105.985
 13:10:19.194,eb:33:2e:f9:57:b5, 2015-01-01 00:54:50.995,-0.014,0.012,0.997,0,0.183,0, , , , , , ,0.78,0.78,-105.985
 13:10:19.194,eb:33:2e:f9:57:b5, 2015-01-01 00:54:50.995,-0.014,0.011,0.997,0,0.061,0, , , , , , ,0.78,0.78,-105.985
 13:10:19.194,eb:33:2e:f9:57:b5, 2015-01-01 00:54:50.995,-0.014,0.012,0.997,0,0,0, , , , , , ,0.78,0.78,-105.985
 13:10:19.194,eb:33:2e:f9:57:b5, 2015-01-01 00:54:50.995,-0.014,0.011,0.997,0,0,-0.061, , , , , , ,0.78,0.78,-105.985
 13:10:19.194,eb:33:2e:f9:57:b5, 2015-01-01 00:54:50.995,-0.014,0.012,0.997,0.061,-0.122,0, , , , , , ,0.78,0.78,-105.991
 13:10:19.194,eb:33:2e:f9:57:b5, 2015-01-01 00:54:50.995,-0.014,0.011,0.997,0.122,-0.183,0, , , , , , ,0.78,0.78,-105.991
 13:10:19.194,eb:33:2e:f9:57:b5, 2015-01-01 00:54:50.995,-0.012,0.012,0.997,0.061,-0.244,0, , , , , , ,0.78,0.78,-105.991
 13:10:19.216,eb:33:2e:f9:57:b5, 2015-01-01 00:54:50.995,-0.012,0.012,0.997,0.183,-0.305,0, , , , , , ,0.78,0.78,-105.991
 13:10:19.216,eb:33:2e:f9:57:b5, 2015-01-01 00:54:50.995,-0.012,0.013,0.997,0.122,-0.305,0, , , , , , ,0.775,0.78,-105.991
 13:10:19.216,eb:33:2e:f9:57:b5, 2015-01-01 00:54:50.995,-0.011,0.013,0.996,0.122,-0.366,0, , , , , , ,0.775,0.78,-105.991
 13:10:19.216,eb:33:2e:f9:57:b5, 2015-01-01 00:54:50.995,-0.01,0.012,0.998,0.122,-0.244,0, , , , , , ,0.775,0.78,-105.991
 13:10:19.216,eb:33:2e:f9:57:b5, 2015-01-01 00:54:50.995,-0.011,0.012,0.997,0.122,-0.244,0, , , , , , ,0.775,0.78,-105.991
 13:10:19.216,eb:33:2e:f9:57:b5, 2015-01-01 00:54:50.995,-0.011,0.012,0.996,0.061,-0.061,0, , , , , , ,0.775,0.775,-105.991
 13:10:19.217,eb:33:2e:f9:57:b5, 2015-01-01 00:54:50.995,-0.012,0.013,0.996,0.061,-0.122,0, , , , , , ,0.775,0.775,-105.991
 13:10:19.217,eb:33:2e:f9:57:b5, 2015-01-01 00:54:50.995,-0.012,0.013,0.996,0,-0.061,0, , , , , , ,0.775,0.775,-105.991
 13:10:19.261,eb:33:2e:f9:57:b5, 2015-01-01 00:54:50.995,-0.011,0.013,0.995,0,-0.061,0, , , , , , ,0.775,0.775,-105.991
 13:10:19.261,eb:33:2e:f9:57:b5, 2015-01-01 00:54:50.995,-0.01,0.013,0.996,0,0,0, , , , , , ,0.775,0.775,-105.991
 13:10:19.261,eb:33:2e:f9:57:b5, 2015-01-01 00:54:50.995,-0.012,0.013,0.997,-0.122,0,0, , , , , , ,0.775,0.775,-105.991
 13:10:19.261,eb:33:2e:f9:57:b5, 2015-01-01 00:54:50.995,-0.012,0.013,0.996,-0.061,0.061,0, , , , , , ,0.775,0.775,-105.991
 13:10:19.261,eb:33:2e:f9:57:b5, 2015-01-01 00:54:50.995,-0.012,0.013,0.996,-0.122,0.061,0, , , , , , ,0.775,0.775,-105.991
 13:10:19.261,eb:33:2e:f9:57:b5, 2015-01-01 00:54:50.995,-0.013,0.013,0.996,-0.122,0.061,0, , , , , , ,0.775,0.775,-105.991
 13:10:19.261,eb:33:2e:f9:57:b5, 2015-01-01 00:54:50.995,-0.012,0.012,0.997,-0.183,0.061,0, , , , , , ,0.775,0.775,-105.991
 13:10:19.261,eb:33:2e:f9:57:b5, 2015-01-01 00:54:50.995,-0.013,0.012,0.998,-0.183,0,0, , , , , , ,0.775,0.775,-105.991
 13:10:19.308,eb:33:2e:f9:57:b5, 2015-01-01 00:54:50.995,-0.013,0.012,0.997,-0.183,0,0, , , , , , ,0.775,0.775,-105.991
 13:10:19.308,eb:33:2e:f9:57:b5, 2015-01-01 00:54:50.995,-0.012,0.011,0.997,-0.183,0,0, , , , , , ,0.775,0.775,-105.991
 13:10:19.308,eb:33:2e:f9:57:b5, 2015-01-01 00:54:50.995,-0.013,0.011,0.997,-0.122,0,0, , , , , , ,0.775,0.775,-105.991
 13:10:19.308,eb:33:2e:f9:57:b5, 2015-01-01 00:54:50.995,-0.013,0.01,0.997,-0.122,-0.122,0, , , , , , ,0.775,0.775,-105.991
 13:10:19.308,eb:33:2e:f9:57:b5, 2015-01-01 00:54:50.995,-0.013,0.011,0.997,-0.061,-0.122,0, , , , , , ,0.775,0.775,-105.991
 13:10:19.308,eb:33:2e:f9:57:b5, 2015-01-01 00:54:50.995,-0.012,0.011,0.997,-0.061,-0.183,0, , , , , , ,0.775,0.775,-105.991
 13:10:19.308,eb:33:2e:f9:57:b5, 2015-01-01 00:54:50.995,-0.013,0.012,0.996,-0.061,-0.183,0.061, , , , , , ,0.775,0.775,-105.991
 13:10:19.308,eb:33:2e:f9:57:b5, 2015-01-01 00:54:50.995,-0.012,0.012,0.997,-0.061,-0.183,0, , , , , , ,0.775,0.775,-105.991
 13:10:19.352,eb:33:2e:f9:57:b5, 2015-01-01 00:54:50.995,-0.012,0.012,0.997,-0.122,-0.183,0.061, , , , , , ,0.775,0.775,-105.991
 13:10:19.352,eb:33:2e:f9:57:b5, 2015-01-01 00:54:50.995,-0.012,0.012,0.997,-0.122,-0.244,0.122, , , , , , ,0.775,0.775,-105.991
 13:10:19.352,eb:33:2e:f9:57:b5, 2015-01-01 00:54:50.995,-0.012,0.012,0.997,-0.122,-0.183,0.061, , , , , , ,0.775,0.775,-105.991
 13:10:19.352,eb:33:2e:f9:57:b5, 2015-01-01 00:54:50.995,-0.012,0.012,0.998,-0.122,-0.244,0.061, , , , , , ,0.775,0.775,-105.991
 13:10:19.352,eb:33:2e:f9:57:b5, 2015-01-01 00:54:50.995,-0.012,0.012,0.997,-0.122,-0.244,0, , , , , , ,0.775,0.775,-105.991
 13:10:19.352,eb:33:2e:f9:57:b5, 2015-01-01 00:54:50.995,-0.012,0.011,0.997,-0.122,-0.244,0.061, , , , , , ,0.775,0.775,-105.991
 13:10:19.352,eb:33:2e:f9:57:b5, 2015-01-01 00:54:50.995,-0.012,0.012,0.997,-0.061,-0.183,0.122, , , , , , ,0.775,0.775,-105.991
 13:10:19.352,eb:33:2e:f9:57:b5, 2015-01-01 00:54:50.995,-0.012,0.011,0.996,-0.122,-0.305,0.122, , , , , , ,0.775,0.775,-105.991
 13:10:19.398,eb:33:2e:f9:57:b5, 2015-01-01 00:54:50.995,-0.013,0.011,0.997,-0.061,-0.305,0.122, , , , , , ,0.775,0.775,-105.991
 13:10:19.398,eb:33:2e:f9:57:b5, 2015-01-01 00:54:50.995,-0.012,0.011,0.997,0,-0.305,0.183, , , , , , ,0.775,0.775,-105.991
 13:10:19.398,eb:33:2e:f9:57:b5, 2015-01-01 00:54:50.995,-0.011,0.012,0.998,0,-0.244,0.183, , , , , , ,0.775,0.775,-105.991
 13:10:19.398,eb:33:2e:f9:57:b5, 2015-01-01 00:54:50.995,-0.012,0.012,0.998,-0.061,-0.244,0.183, , , , , , ,0.775,0.775,-105.991
 13:10:19.398,eb:33:2e:f9:57:b5, 2015-01-01 00:54:50.995,-0.013,0.012,0.998,0,-0.183,0.183, , , , , , ,0.775,0.775,-105.991
 13:10:19.398,eb:33:2e:f9:57:b5, 2015-01-01 00:54:50.995,-0.012,0.012,0.997,-0.061,-0.183,0.183, , , , , , ,0.775,0.775,-105.991
 13:10:19.398,eb:33:2e:f9:57:b5, 2015-01-01 00:54:50.995,-0.012,0.011,0.998,0,-0.183,0.183, , , , , , ,0.775,0.775,-105.991
 13:10:19.398,eb:33:2e:f9:57:b5, 2015-01-01 00:54:50.995,-0.011,0.012,0.998,0,-0.244,0.183, , , , , , ,0.775,0.775,-105.991
 13:10:19.420,eb:33:2e:f9:57:b5, 2015-01-01 00:54:51.285,-0.012,0.011,0.999,0,-0.122,0.183, , , , , , ,0.775,0.775,-105.991
 13:10:19.420,eb:33:2e:f9:57:b5, 2015-01-01 00:54:51.285,-0.012,0.012,0.999,-0.061,-0.122,0.122, , , , , , ,0.775,0.775,-105.991
 13:10:19.420,eb:33:2e:f9:57:b5, 2015-01-01 00:54:51.285,-0.012,0.012,0.999,-0.061,-0.122,0.122, , , , , , ,0.775,0.775,-105.991
 13:10:19.420,eb:33:2e:f9:57:b5, 2015-01-01 00:54:51.285,-0.011,0.013,0.998,0,-0.122,0.122, , , , , , ,0.775,0.775,-105.991
 13:10:19.420,eb:33:2e:f9:57:b5, 2015-01-01 00:54:51.285,-0.011,0.012,0.998,-0.061,-0.061,0.122, , , , , , ,0.775,0.775,-105.991
 13:10:19.420,eb:33:2e:f9:57:b5, 2015-01-01 00:54:51.285,-0.011,0.011,0.999,-0.061,0,0.061, , , , , , ,0.775,0.775,-105.991
 13:10:19.420,eb:33:2e:f9:57:b5, 2015-01-01 00:54:51.285,-0.011,0.012,0.997,-0.061,0,0.061, , , , , , ,0.775,0.775,-105.991
 13:10:19.420,eb:33:2e:f9:57:b5, 2015-01-01 00:54:51.285,-0.011,0.012,0.997,-0.061,-0.061,0.061, , , , , , ,0.775,0.775,-105.991
 13:10:19.464,eb:33:2e:f9:57:b5, 2015-01-01 00:54:51.285,-0.011,0.011,0.996,-0.122,-0.061,0, , , , , , ,0.775,0.775,-105.991
 13:10:19.464,eb:33:2e:f9:57:b5, 2015-01-01 00:54:51.285,-0.011,0.012,0.997,-0.122,0,0.061, , , , , , ,0.775,0.775,-105.991
 13:10:19.464,eb:33:2e:f9:57:b5, 2015-01-01 00:54:51.285,-0.012,0.012,0.998,-0.061,0,0.061, , , , , , ,0.775,0.775,-105.991
 13:10:19.464,eb:33:2e:f9:57:b5, 2015-01-01 00:54:51.285,-0.012,0.011,0.998,-0.061,-0.061,0.122, , , , , , ,0.775,0.775,-105.991
 13:10:19.464,eb:33:2e:f9:57:b5, 2015-01-01 00:54:51.285,-0.011,0.011,0.998,-0.061,-0.061,0.122, , , , , , ,0.775,0.775,-105.991
 13:10:19.464,eb:33:2e:f9:57:b5, 2015-01-01 00:54:51.285,-0.011,0.011,0.998,0,-0.061,0.122, , , , , , ,0.769,0.769,-105.991
 13:10:19.464,eb:33:2e:f9:57:b5, 2015-01-01 00:54:51.285,-0.012,0.011,0.997,0,0,0.122, , , , , , ,0.769,0.769,-105.991
 13:10:19.464,eb:33:2e:f9:57:b5, 2015-01-01 00:54:51.285,-0.012,0.01,0.998,0,0,0.183, , , , , , ,0.769,0.769,-105.991
 13:10:19.509,eb:33:2e:f9:57:b5, 2015-01-01 00:54:51.285,-0.012,0.01,0.997,0,-0.061,0.122, , , , , , ,0.769,0.769,-105.991
 13:10:19.509,eb:33:2e:f9:57:b5, 2015-01-01 00:54:51.285,-0.012,0.011,0.997,0.061,0,0.183, , , , , , ,0.769,0.769,-105.991
 13:10:19.509,eb:33:2e:f9:57:b5, 2015-01-01 00:54:51.285,-0.012,0.011,0.997,0.061,-0.061,0.122, , , , , , ,0.769,0.769,-105.991
 13:10:19.509,eb:33:2e:f9:57:b5, 2015-01-01 00:54:51.285,-0.012,0.011,0.996,0.122,-0.122,0.183, , , , , , ,0.769,0.769,-105.991
 13:10:19.509,eb:33:2e:f9:57:b5, 2015-01-01 00:54:51.285,-0.01,0.011,0.996,0.122,-0.183,0.183, , , , , , ,0.769,0.769,-105.991
 13:10:19.509,eb:33:2e:f9:57:b5, 2015-01-01 00:54:51.285,-0.007,0.012,0.998,0.183,-0.183,0, , , , , , ,0.769,0.769,-105.991
 13:10:19.509,eb:33:2e:f9:57:b5, 2015-01-01 00:54:51.285,-0.013,0.011,1,0.122,0,0.061, , , , , , ,0.769,0.769,-105.991
 13:10:19.509,eb:33:2e:f9:57:b5, 2015-01-01 00:54:51.285,-0.016,0.01,0.995,0.122,-0.061,0.183, , , , , , ,0.769,0.769,-105.991
 13:10:19.553,eb:33:2e:f9:57:b5, 2015-01-01 00:54:51.285,-0.014,0.011,0.994,0.183,-0.366,0.183, , , , , , ,0.769,0.769,-105.991
 13:10:19.553,eb:33:2e:f9:57:b5, 2015-01-01 00:54:51.285,-0.01,0.011,0.995,0.244,-0.488,0.183, , , , , , ,0.769,0.769,-105.991
 13:10:19.553,eb:33:2e:f9:57:b5, 2015-01-01 00:54:51.285,-0.008,0.011,0.998,0.183,-0.427,0.122, , , , , , ,0.769,0.769,-105.991
 13:10:19.554,eb:33:2e:f9:57:b5, 2015-01-01 00:54:51.285,-0.008,0.012,0.999,0.183,-0.244,0.183, , , , , , ,0.769,0.769,-105.991
 13:10:19.554,eb:33:2e:f9:57:b5, 2015-01-01 00:54:51.285,-0.011,0.013,0.998,0.183,-0.183,0.122, , , , , , ,0.769,0.769,-105.991
 13:10:19.554,eb:33:2e:f9:57:b5, 2015-01-01 00:54:51.285,-0.012,0.012,0.997,0.122,-0.183,0.122, , , , , , ,0.769,0.769,-105.991
 13:10:19.554,eb:33:2e:f9:57:b5, 2015-01-01 00:54:51.285,-0.01,0.012,0.997,0.122,-0.183,0.061, , , , , , ,0.769,0.769,-105.991
 13:10:19.554,eb:33:2e:f9:57:b5, 2015-01-01 00:54:51.285,-0.01,0.012,0.998,0.061,-0.122,0.061, , , , , , ,0.769,0.769,-105.991
 13:10:19.577,eb:33:2e:f9:57:b5, 2015-01-01 00:54:51.285,-0.01,0.013,0.998,0,0,0.122, , , , , , ,0.769,0.769,-105.991
 13:10:19.577,eb:33:2e:f9:57:b5, 2015-01-01 00:54:51.285,-0.011,0.013,0.997,0.061,0,0.061, , , , , , ,0.769,0.769,-105.991
 13:10:19.577,eb:33:2e:f9:57:b5, 2015-01-01 00:54:51.285,-0.011,0.012,0.997,0.061,0,0.061, , , , , , ,0.769,0.769,-105.991
 13:10:19.577,eb:33:2e:f9:57:b5, 2015-01-01 00:54:51.285,-0.011,0.012,0.996,0,0,0.061, , , , , , ,0.769,0.769,-105.991
 13:10:19.577,eb:33:2e:f9:57:b5, 2015-01-01 00:54:51.285,-0.011,0.012,0.996,0,0,0, , , , , , ,0.769,0.769,-105.991
 13:10:19.577,eb:33:2e:f9:57:b5, 2015-01-01 00:54:51.285,-0.011,0.013,0.997,0,0,0, , , , , , ,0.769,0.769,-105.991
 13:10:19.577,eb:33:2e:f9:57:b5, 2015-01-01 00:54:51.285,-0.011,0.012,0.998,0,-0.061,0, , , , , , ,0.769,0.769,-105.991
 13:10:19.577,eb:33:2e:f9:57:b5, 2015-01-01 00:54:51.285,-0.011,0.012,0.997,0,-0.061,0, , , , , , ,0.769,0.769,-105.991
 13:10:19.645,eb:33:2e:f9:57:b5, 2015-01-01 00:54:51.285,-0.01,0.011,0.997,0,-0.122,0, , , , , , ,0.769,0.769,-105.991
 13:10:19.645,eb:33:2e:f9:57:b5, 2015-01-01 00:54:51.285,-0.011,0.011,0.997,0,-0.061,0.061, , , , , , ,0.769,0.769,-105.991
 13:10:19.645,eb:33:2e:f9:57:b5, 2015-01-01 00:54:51.285,-0.011,0.011,0.997,0.061,-0.122,0, , , , , , ,0.769,0.769,-105.991
 13:10:19.645,eb:33:2e:f9:57:b5, 2015-01-01 00:54:51.285,-0.011,0.012,0.998,0.061,-0.061,0, , , , , , ,0.769,0.769,-105.991
 13:10:19.646,eb:33:2e:f9:57:b5, 2015-01-01 00:54:51.285,-0.011,0.012,0.998,0.122,-0.122,0, , , , , , ,0.769,0.769,-105.991
 13:10:19.646,eb:33:2e:f9:57:b5, 2015-01-01 00:54:51.285,-0.011,0.012,0.997,0.122,-0.061,0.061, , , , , , ,0.769,0.769,-105.991
 13:10:19.646,eb:33:2e:f9:57:b5, 2015-01-01 00:54:51.285,-0.01,0.012,0.997,0.122,-0.122,0.061, , , , , , ,0.769,0.769,-105.991
 13:10:19.646,eb:33:2e:f9:57:b5, 2015-01-01 00:54:51.285,-0.01,0.012,0.997,0.122,-0.122,0.061, , , , , , ,0.769,0.769,-105.991
 13:10:19.668,eb:33:2e:f9:57:b5, 2015-01-01 00:54:51.285,-0.01,0.013,0.997,0.061,-0.122,0, , , , , , ,0.769,0.769,-105.991
 13:10:19.668,eb:33:2e:f9:57:b5, 2015-01-01 00:54:51.285,-0.01,0.014,0.997,0,-0.061,0, , , , , , ,0.769,0.764,-105.996
 13:10:19.668,eb:33:2e:f9:57:b5, 2015-01-01 00:54:51.285,-0.009,0.013,0.998,0,0,0.061, , , , , , ,0.769,0.764,-105.996
 13:10:19.668,eb:33:2e:f9:57:b5, 2015-01-01 00:54:51.285,-0.009,0.013,0.997,0,0.122,0, , , , , , ,0.769,0.764,-105.996
 13:10:19.668,eb:33:2e:f9:57:b5, 2015-01-01 00:54:51.285,-0.008,0.013,0.996,-0.061,0.183,0, , , , , , ,0.769,0.764,-105.996
 13:10:19.668,eb:33:2e:f9:57:b5, 2015-01-01 00:54:51.285,-0.009,0.013,0.996,-0.061,0.305,0, , , , , , ,0.769,0.764,-105.996
 13:10:19.668,eb:33:2e:f9:57:b5, 2015-01-01 00:54:51.285,-0.009,0.013,0.996,-0.122,0.427,0, , , , , , ,0.769,0.764,-105.996
 13:10:19.668,eb:33:2e:f9:57:b5, 2015-01-01 00:54:51.285,-0.009,0.013,0.996,-0.183,0.427,0, , , , , , ,0.769,0.764,-105.996
 13:10:19.711,eb:33:2e:f9:57:b5, 2015-01-01 00:54:51.285,-0.01,0.012,0.996,-0.183,0.549,0, , , , , , ,0.769,0.764,-105.996
 13:10:19.711,eb:33:2e:f9:57:b5, 2015-01-01 00:54:51.285,-0.011,0.011,0.997,-0.122,0.549,0, , , , , , ,0.769,0.764,-105.996
 13:10:19.711,eb:33:2e:f9:57:b5, 2015-01-01 00:54:51.285,-0.013,0.011,0.998,-0.183,0.61,0, , , , , , ,0.769,0.764,-105.996
 13:10:19.711,eb:33:2e:f9:57:b5, 2015-01-01 00:54:51.285,-0.013,0.011,0.998,-0.122,0.549,0.061, , , , , , ,0.769,0.764,-105.996
 13:10:19.711,eb:33:2e:f9:57:b5, 2015-01-01 00:54:51.285,-0.014,0.011,0.998,-0.122,0.488,0.061, , , , , , ,0.769,0.764,-105.996
 13:10:19.711,eb:33:2e:f9:57:b5, 2015-01-01 00:54:51.285,-0.014,0.01,0.999,-0.061,0.366,0, , , , , , ,0.769,0.764,-105.996
 13:10:19.711,eb:33:2e:f9:57:b5, 2015-01-01 00:54:51.285,-0.014,0.01,0.999,0,0.183,0.061, , , , , , ,0.769,0.764,-105.996
 13:10:19.711,eb:33:2e:f9:57:b5, 2015-01-01 00:54:51.285,-0.014,0.01,0.998,0,0.061,0.122, , , , , , ,0.769,0.764,-105.996
 13:10:19.757,eb:33:2e:f9:57:b5, 2015-01-01 00:54:51.285,-0.014,0.01,0.997,0.122,0,0.061, , , , , , ,0.769,0.764,-105.996
 13:10:19.757,eb:33:2e:f9:57:b5, 2015-01-01 00:54:51.285,-0.014,0.01,0.998,0.122,-0.183,0, , , , , , ,0.764,0.764,-105.996
 13:10:19.757,eb:33:2e:f9:57:b5, 2015-01-01 00:54:51.285,-0.012,0.01,0.998,0.183,-0.305,0.061, , , , , , ,0.764,0.764,-105.996
 13:10:19.757,eb:33:2e:f9:57:b5, 2015-01-01 00:54:51.285,-0.011,0.011,0.997,0.244,-0.305,0.061, , , , , , ,0.764,0.764,-105.996
 13:10:19.757,eb:33:2e:f9:57:b5, 2015-01-01 00:54:51.285,-0.011,0.011,0.997,0.244,-0.305,0.061, , , , , , ,0.764,0.764,-105.996
 13:10:19.757,eb:33:2e:f9:57:b5, 2015-01-01 00:54:51.285,-0.011,0.011,0.997,0.244,-0.366,0, , , , , , ,0.764,0.764,-105.996
 13:10:19.757,eb:33:2e:f9:57:b5, 2015-01-01 00:54:51.285,-0.01,0.012,0.996,0.244,-0.305,0, , , , , , ,0.764,0.764,-105.996
 13:10:19.757,eb:33:2e:f9:57:b5, 2015-01-01 00:54:51.285,-0.01,0.012,0.997,0.244,-0.183,0.061, , , , , , ,0.764,0.764,-105.996
 13:10:19.779,eb:33:2e:f9:57:b5, 2015-01-01 00:54:51.645,-0.009,0.013,0.996,0.183,-0.122,0.061, , , , , , ,0.764,0.764,-105.996
 13:10:19.779,eb:33:2e:f9:57:b5, 2015-01-01 00:54:51.645,-0.009,0.012,0.997,0.183,0,0.122, , , , , , ,0.764,0.764,-105.996
 13:10:19.779,eb:33:2e:f9:57:b5, 2015-01-01 00:54:51.645,-0.009,0.013,0.998,0.122,0.061,0.122, , , , , , ,0.764,0.764,-105.996
 13:10:19.779,eb:33:2e:f9:57:b5, 2015-01-01 00:54:51.645,-0.01,0.012,0.997,0.122,0.183,0.122, , , , , , ,0.764,0.764,-105.996
 13:10:19.779,eb:33:2e:f9:57:b5, 2015-01-01 00:54:51.645,-0.011,0.013,0.996,0.122,0.183,0.122, , , , , , ,0.764,0.764,-105.996
 13:10:19.779,eb:33:2e:f9:57:b5, 2015-01-01 00:54:51.645,-0.011,0.012,0.996,0.061,0.244,0.061, , , , , , ,0.764,0.764,-105.996
 13:10:19.779,eb:33:2e:f9:57:b5, 2015-01-01 00:54:51.645,-0.01,0.012,0.996,0.122,0.305,0, , , , , , ,0.764,0.764,-105.996
 13:10:19.779,eb:33:2e:f9:57:b5, 2015-01-01 00:54:51.645,-0.01,0.011,0.997,0.122,0.305,0.061, , , , , , ,0.764,0.764,-105.996
 13:10:19.825,eb:33:2e:f9:57:b5, 2015-01-01 00:54:51.645,-0.011,0.011,0.998,0.122,0.427,0.061, , , , , , ,0.764,0.764,-105.996
 13:10:19.825,eb:33:2e:f9:57:b5, 2015-01-01 00:54:51.645,-0.012,0.012,0.997,0.122,0.305,0, , , , , , ,0.764,0.758,-105.996
 13:10:19.825,eb:33:2e:f9:57:b5, 2015-01-01 00:54:51.645,-0.012,0.012,0.996,0.122,0.244,0.061, , , , , , ,0.764,0.758,-105.996
 13:10:19.825,eb:33:2e:f9:57:b5, 2015-01-01 00:54:51.645,-0.012,0.012,0.996,0.183,0.183,0.061, , , , , , ,0.764,0.758,-105.996
 13:10:19.825,eb:33:2e:f9:57:b5, 2015-01-01 00:54:51.645,-0.012,0.012,0.996,0.183,0.183,0.122, , , , , , ,0.764,0.758,-105.996
 13:10:19.826,eb:33:2e:f9:57:b5, 2015-01-01 00:54:51.645,-0.011,0.012,0.996,0.183,0.183,0.122, , , , , , ,0.764,0.758,-105.996
 13:10:19.826,eb:33:2e:f9:57:b5, 2015-01-01 00:54:51.645,-0.011,0.012,0.997,0.244,0.122,0.061, , , , , , ,0.764,0.758,-105.996
 13:10:19.828,eb:33:2e:f9:57:b5, 2015-01-01 00:54:51.645,-0.012,0.012,0.998,0.244,0.061,0.122, , , , , , ,0.764,0.758,-105.996
 13:10:19.869,eb:33:2e:f9:57:b5, 2015-01-01 00:54:51.645,-0.012,0.012,0.998,0.305,0.061,0.122, , , , , , ,0.764,0.758,-105.996
 13:10:19.869,eb:33:2e:f9:57:b5, 2015-01-01 00:54:51.645,-0.011,0.012,0.998,0.366,0.122,0.061, , , , , , ,0.764,0.758,-105.996
 13:10:19.869,eb:33:2e:f9:57:b5, 2015-01-01 00:54:51.645,-0.011,0.011,0.998,0.427,0.122,0.061, , , , , , ,0.764,0.758,-105.996
 13:10:19.869,eb:33:2e:f9:57:b5, 2015-01-01 00:54:51.645,-0.013,0.012,0.999,0.427,0.122,0, , , , , , ,0.764,0.758,-105.996
 13:10:19.869,eb:33:2e:f9:57:b5, 2015-01-01 00:54:51.645,-0.011,0.012,0.998,0.488,0.061,0, , , , , , ,0.764,0.758,-105.996
 13:10:19.869,eb:33:2e:f9:57:b5, 2015-01-01 00:54:51.645,-0.011,0.013,0.997,0.488,0.061,0.061, , , , , , ,0.764,0.758,-105.996
 13:10:19.869,eb:33:2e:f9:57:b5, 2015-01-01 00:54:51.645,-0.01,0.012,0.997,0.427,0.061,0, , , , , , ,0.764,0.758,-105.996
 13:10:19.869,eb:33:2e:f9:57:b5, 2015-01-01 00:54:51.645,-0.01,0.013,0.997,0.366,0.183,0, , , , , , ,0.764,0.758,-105.996
 13:10:19.916,eb:33:2e:f9:57:b5, 2015-01-01 00:54:51.645,-0.01,0.013,0.998,0.366,0.305,0, , , , , , ,0.764,0.758,-105.996
 13:10:19.916,eb:33:2e:f9:57:b5, 2015-01-01 00:54:51.645,-0.01,0.013,0.998,0.366,0.366,0, , , , , , ,0.764,0.758,-105.996
 13:10:19.916,eb:33:2e:f9:57:b5, 2015-01-01 00:54:51.645,-0.011,0.014,0.998,0.305,0.427,0, , , , , , ,0.764,0.758,-105.996
 13:10:19.916,eb:33:2e:f9:57:b5, 2015-01-01 00:54:51.645,-0.011,0.013,0.997,0.305,0.427,-0.061, , , , , , ,0.764,0.758,-105.996
 13:10:19.916,eb:33:2e:f9:57:b5, 2015-01-01 00:54:51.645,-0.012,0.012,0.998,0.305,0.488,0, , , , , , ,0.764,0.758,-105.996
 13:10:19.916,eb:33:2e:f9:57:b5, 2015-01-01 00:54:51.645,-0.012,0.012,0.999,0.305,0.549,-0.061, , , , , , ,0.764,0.758,-105.996
 13:10:19.916,eb:33:2e:f9:57:b5, 2015-01-01 00:54:51.645,-0.014,0.012,0.999,0.366,0.488,-0.122, , , , , , ,0.764,0.758,-105.996
 13:10:19.916,eb:33:2e:f9:57:b5, 2015-01-01 00:54:51.645,-0.015,0.013,0.998,0.366,0.366,-0.122, , , , , , ,0.764,0.758,-105.996
 13:10:19.961,eb:33:2e:f9:57:b5, 2015-01-01 00:54:51.645,-0.015,0.012,0.997,0.366,0.305,-0.061, , , , , , ,0.764,0.758,-105.996
 13:10:19.961,eb:33:2e:f9:57:b5, 2015-01-01 00:54:51.645,-0.015,0.011,0.996,0.427,0.122,-0.061, , , , , , ,0.764,0.758,-105.996
 13:10:19.961,eb:33:2e:f9:57:b5, 2015-01-01 00:54:51.645,-0.014,0.012,0.996,0.427,0,-0.122, , , , , , ,0.764,0.758,-105.996
 13:10:19.961,eb:33:2e:f9:57:b5, 2015-01-01 00:54:51.645,-0.013,0.012,0.996,0.427,0,-0.061, , , , , , ,0.764,0.758,-105.996
 13:10:19.961,eb:33:2e:f9:57:b5, 2015-01-01 00:54:51.645,-0.013,0.012,0.997,0.427,-0.122,-0.122, , , , , , ,0.764,0.758,-105.996
 13:10:19.961,eb:33:2e:f9:57:b5, 2015-01-01 00:54:51.645,-0.012,0.013,0.997,0.488,-0.183,-0.061, , , , , , ,0.764,0.758,-105.996
 13:10:19.961,eb:33:2e:f9:57:b5, 2015-01-01 00:54:51.645,-0.012,0.013,0.996,0.488,-0.244,-0.061, , , , , , ,0.764,0.758,-105.996
 13:10:19.962,eb:33:2e:f9:57:b5, 2015-01-01 00:54:51.645,-0.011,0.014,0.997,0.427,-0.244,-0.061, , , , , , ,0.764,0.758,-105.996
 13:10:19.981,eb:33:2e:f9:57:b5, 2015-01-01 00:54:51.645,-0.01,0.013,0.997,0.427,-0.305,-0.061, , , , , , ,0.764,0.758,-105.996
 13:10:19.981,eb:33:2e:f9:57:b5, 2015-01-01 00:54:51.645,-0.01,0.014,0.997,0.427,-0.244,0, , , , , , ,0.764,0.758,-105.996
 13:10:19.981,eb:33:2e:f9:57:b5, 2015-01-01 00:54:51.645,-0.011,0.014,0.997,0.366,-0.183,-0.061, , , , , , ,0.764,0.758,-105.996
 13:10:19.981,eb:33:2e:f9:57:b5, 2015-01-01 00:54:51.645,-0.01,0.014,0.997,0.366,-0.061,-0.061, , , , , , ,0.764,0.758,-105.996
 13:10:19.981,eb:33:2e:f9:57:b5, 2015-01-01 00:54:51.645,-0.01,0.014,0.998,0.366,0,-0.061, , , , , , ,0.764,0.758,-105.996
 13:10:19.981,eb:33:2e:f9:57:b5, 2015-01-01 00:54:51.645,-0.01,0.014,0.997,0.305,0,-0.061, , , , , , ,0.764,0.758,-105.996
 13:10:19.983,eb:33:2e:f9:57:b5, 2015-01-01 00:54:51.645,-0.01,0.014,0.997,0.244,0.122,0, , , , , , ,0.764,0.758,-105.996
 13:10:19.983,eb:33:2e:f9:57:b5, 2015-01-01 00:54:51.645,-0.01,0.014,0.997,0.183,0.122,0, , , , , , ,0.764,0.758,-105.996
 13:10:20.027,eb:33:2e:f9:57:b5, 2015-01-01 00:54:51.645,-0.011,0.014,0.997,0.183,0.305,0, , , , , , ,0.764,0.758,-105.996
 13:10:20.027,eb:33:2e:f9:57:b5, 2015-01-01 00:54:51.645,-0.012,0.014,0.996,0.183,0.366,0, , , , , , ,0.764,0.753,-105.996
 13:10:20.027,eb:33:2e:f9:57:b5, 2015-01-01 00:54:51.645,-0.012,0.014,0.997,0.183,0.305,0.061, , , , , , ,0.764,0.753,-105.996
 13:10:20.027,eb:33:2e:f9:57:b5, 2015-01-01 00:54:51.645,-0.012,0.014,0.996,0.122,0.244,0.061, , , , , , ,0.764,0.753,-105.996
 13:10:20.027,eb:33:2e:f9:57:b5, 2015-01-01 00:54:51.645,-0.014,0.013,0.996,0.122,0.305,0, , , , , , ,0.764,0.753,-105.996
 13:10:20.027,eb:33:2e:f9:57:b5, 2015-01-01 00:54:51.645,-0.012,0.013,0.995,0.122,0.244,0.061, , , , , , ,0.764,0.753,-105.996
 13:10:20.027,eb:33:2e:f9:57:b5, 2015-01-01 00:54:51.645,-0.012,0.013,0.995,0.122,0.122,0.122, , , , , , ,0.764,0.753,-105.996
 13:10:20.027,eb:33:2e:f9:57:b5, 2015-01-01 00:54:51.645,-0.012,0.013,0.996,0.061,0.061,0.122, , , , , , ,0.764,0.753,-105.996
 13:10:20.072,eb:33:2e:f9:57:b5, 2015-01-01 00:54:51.645,-0.011,0.013,0.997,0.061,0,0.122, , , , , , ,0.764,0.753,-105.996
 13:10:20.072,eb:33:2e:f9:57:b5, 2015-01-01 00:54:51.645,-0.012,0.013,0.997,0.183,0,0.183, , , , , , ,0.764,0.753,-105.996
 13:10:20.072,eb:33:2e:f9:57:b5, 2015-01-01 00:54:51.645,-0.012,0.013,0.998,0.122,0,0.183, , , , , , ,0.764,0.753,-105.996
 13:10:20.072,eb:33:2e:f9:57:b5, 2015-01-01 00:54:51.645,-0.013,0.012,0.998,0.061,-0.061,0.122, , , , , , ,0.764,0.753,-105.996
 13:10:20.072,eb:33:2e:f9:57:b5, 2015-01-01 00:54:51.645,-0.013,0.012,0.998,0.122,-0.061,0.122, , , , , , ,0.764,0.753,-105.996
 13:10:20.072,eb:33:2e:f9:57:b5, 2015-01-01 00:54:51.645,-0.012,0.013,0.997,0.183,-0.122,0.183, , , , , , ,0.764,0.753,-105.996
 13:10:20.072,eb:33:2e:f9:57:b5, 2015-01-01 00:54:51.645,-0.013,0.013,0.998,0.122,-0.244,0.244, , , , , , ,0.764,0.753,-105.996
 13:10:20.072,eb:33:2e:f9:57:b5, 2015-01-01 00:54:51.645,-0.012,0.013,0.997,0.183,-0.244,0.183, , , , , , ,0.764,0.753,-105.996
 13:10:20.116,eb:33:2e:f9:57:b5, 2015-01-01 00:54:51.960,-0.012,0.013,0.997,0.183,-0.244,0.183, , , , , , ,0.764,0.753,-105.996
 13:10:20.116,eb:33:2e:f9:57:b5, 2015-01-01 00:54:51.960,-0.012,0.014,0.997,0.183,-0.305,0.183, , , , , , ,0.764,0.753,-105.996
 13:10:20.116,eb:33:2e:f9:57:b5, 2015-01-01 00:54:51.960,-0.012,0.014,0.997,0.183,-0.305,0.183, , , , , , ,0.764,0.753,-105.996
 13:10:20.116,eb:33:2e:f9:57:b5, 2015-01-01 00:54:51.960,-0.011,0.015,0.997,0.061,-0.305,0.183, , , , , , ,0.764,0.753,-105.996
 13:10:20.116,eb:33:2e:f9:57:b5, 2015-01-01 00:54:51.960,-0.012,0.014,0.997,0.061,-0.244,0.183, , , , , , ,0.764,0.753,-105.996
 13:10:20.116,eb:33:2e:f9:57:b5, 2015-01-01 00:54:51.960,-0.011,0.013,0.997,0.061,-0.122,0.122, , , , , , ,0.764,0.753,-105.996
 13:10:20.116,eb:33:2e:f9:57:b5, 2015-01-01 00:54:51.960,-0.011,0.014,0.998,0,-0.122,0.183, , , , , , ,0.764,0.753,-105.996
 13:10:20.116,eb:33:2e:f9:57:b5, 2015-01-01 00:54:51.960,-0.011,0.013,0.998,0.061,-0.061,0.183, , , , , , ,0.764,0.753,-105.996
 13:10:20.161,eb:33:2e:f9:57:b5, 2015-01-01 00:54:51.960,-0.012,0.013,0.998,0.061,-0.061,0.244, , , , , , ,0.764,0.753,-105.996
 13:10:20.161,eb:33:2e:f9:57:b5, 2015-01-01 00:54:51.960,-0.012,0.013,0.999,0.061,-0.061,0.183, , , , , , ,0.764,0.753,-105.996
 13:10:20.161,eb:33:2e:f9:57:b5, 2015-01-01 00:54:51.960,-0.012,0.013,0.999,0.122,0,0.183, , , , , , ,0.764,0.753,-105.996
 13:10:20.161,eb:33:2e:f9:57:b5, 2015-01-01 00:54:51.960,-0.011,0.013,0.998,0.122,-0.061,0.183, , , , , , ,0.764,0.753,-105.996
 13:10:20.161,eb:33:2e:f9:57:b5, 2015-01-01 00:54:51.960,-0.011,0.013,0.998,0.183,-0.061,0.183, , , , , , ,0.764,0.753,-105.996
 13:10:20.162,eb:33:2e:f9:57:b5, 2015-01-01 00:54:51.960,-0.012,0.013,0.998,0.183,-0.061,0.183, , , , , , ,0.764,0.753,-105.996
 13:10:20.162,eb:33:2e:f9:57:b5, 2015-01-01 00:54:51.960,-0.012,0.013,0.998,0.183,-0.061,0.122, , , , , , ,0.764,0.753,-105.996
 13:10:20.162,eb:33:2e:f9:57:b5, 2015-01-01 00:54:51.960,-0.012,0.013,0.998,0.244,-0.183,0.183, , , , , , ,0.764,0.753,-105.996
 13:10:20.183,eb:33:2e:f9:57:b5, 2015-01-01 00:54:51.960,-0.011,0.013,0.997,0.244,-0.183,0.122, , , , , , ,0.764,0.753,-105.996
 13:10:20.183,eb:33:2e:f9:57:b5, 2015-01-01 00:54:51.960,-0.011,0.013,0.997,0.183,-0.183,0.122, , , , , , ,0.764,0.753,-105.996
 13:10:20.183,eb:33:2e:f9:57:b5, 2015-01-01 00:54:51.960,-0.011,0.014,0.997,0.244,-0.244,0.061, , , , , , ,0.764,0.753,-105.996
 13:10:20.183,eb:33:2e:f9:57:b5, 2015-01-01 00:54:51.960,-0.01,0.014,0.997,0.244,-0.244,0.122, , , , , , ,0.764,0.753,-105.996
 13:10:20.183,eb:33:2e:f9:57:b5, 2015-01-01 00:54:51.960,-0.011,0.014,0.997,0.244,-0.183,0.061, , , , , , ,0.764,0.753,-105.996
 13:10:20.183,eb:33:2e:f9:57:b5, 2015-01-01 00:54:51.960,-0.01,0.014,0.997,0.183,-0.122,0.061, , , , , , ,0.764,0.753,-105.996
 13:10:20.183,eb:33:2e:f9:57:b5, 2015-01-01 00:54:51.960,-0.01,0.014,0.997,0.122,-0.061,0.061, , , , , , ,0.764,0.753,-105.996
 13:10:20.183,eb:33:2e:f9:57:b5, 2015-01-01 00:54:51.960,-0.01,0.014,0.997,0.122,-0.061,0.061, , , , , , ,0.764,0.753,-105.996
 13:10:20.229,eb:33:2e:f9:57:b5, 2015-01-01 00:54:51.960,-0.009,0.016,0.996,0.122,0,0, , , , , , ,0.764,0.753,-105.996
 13:10:20.229,eb:33:2e:f9:57:b5, 2015-01-01 00:54:51.960,-0.01,0.016,0.996,0.061,0,0, , , , , , ,0.764,0.753,-105.996
 13:10:20.229,eb:33:2e:f9:57:b5, 2015-01-01 00:54:51.960,-0.01,0.015,0.996,0,0,0, , , , , , ,0.764,0.753,-105.996
 13:10:20.229,eb:33:2e:f9:57:b5, 2015-01-01 00:54:51.960,-0.011,0.014,0.996,0,0.122,0, , , , , , ,0.764,0.753,-105.996
 13:10:20.229,eb:33:2e:f9:57:b5, 2015-01-01 00:54:51.960,-0.01,0.015,0.996,0,0.183,0, , , , , , ,0.764,0.753,-105.996
 13:10:20.229,eb:33:2e:f9:57:b5, 2015-01-01 00:54:51.960,-0.011,0.014,0.997,0,0.183,0, , , , , , ,0.764,0.753,-105.996
 13:10:20.229,eb:33:2e:f9:57:b5, 2015-01-01 00:54:51.960,-0.01,0.014,0.997,0,0.244,0, , , , , , ,0.764,0.753,-105.996
 13:10:20.229,eb:33:2e:f9:57:b5, 2015-01-01 00:54:51.960,-0.011,0.014,0.997,-0.061,0.305,0, , , , , , ,0.764,0.753,-106.002
 13:10:20.274,eb:33:2e:f9:57:b5, 2015-01-01 00:54:51.960,-0.012,0.014,0.997,0,0.305,0, , , , , , ,0.764,0.753,-106.002
 13:10:20.274,eb:33:2e:f9:57:b5, 2015-01-01 00:54:51.960,-0.012,0.013,0.997,0,0.366,0, , , , , , ,0.764,0.747,-106.002
 13:10:20.274,eb:33:2e:f9:57:b5, 2015-01-01 00:54:51.960,-0.011,0.014,0.998,0,0.366,0, , , , , , ,0.764,0.747,-106.002
 13:10:20.274,eb:33:2e:f9:57:b5, 2015-01-01 00:54:51.960,-0.011,0.014,0.998,-0.061,0.366,0, , , , , , ,0.764,0.747,-106.002
 13:10:20.274,eb:33:2e:f9:57:b5, 2015-01-01 00:54:51.960,-0.011,0.014,0.998,-0.061,0.366,0, , , , , , ,0.764,0.747,-106.002
 13:10:20.274,eb:33:2e:f9:57:b5, 2015-01-01 00:54:51.960,-0.011,0.014,0.998,-0.122,0.366,-0.061, , , , , , ,0.764,0.747,-106.002
 13:10:20.274,eb:33:2e:f9:57:b5, 2015-01-01 00:54:51.960,-0.011,0.014,0.999,-0.122,0.366,-0.061, , , , , , ,0.764,0.747,-106.002
 13:10:20.274,eb:33:2e:f9:57:b5, 2015-01-01 00:54:51.960,-0.011,0.014,0.998,-0.122,0.305,0, , , , , , ,0.764,0.747,-106.002
 13:10:20.321,eb:33:2e:f9:57:b5, 2015-01-01 00:54:51.960,-0.011,0.014,0.997,-0.061,0.305,-0.061, , , , , , ,0.764,0.747,-106.002
 13:10:20.321,eb:33:2e:f9:57:b5, 2015-01-01 00:54:51.960,-0.011,0.013,0.997,-0.061,0.366,0, , , , , , ,0.764,0.747,-106.002
 13:10:20.321,eb:33:2e:f9:57:b5, 2015-01-01 00:54:51.960,-0.012,0.013,0.997,-0.061,0.305,0, , , , , , ,0.764,0.747,-106.002
 13:10:20.321,eb:33:2e:f9:57:b5, 2015-01-01 00:54:51.960,-0.011,0.013,0.997,-0.122,0.366,-0.061, , , , , , ,0.764,0.747,-106.002
 13:10:20.321,eb:33:2e:f9:57:b5, 2015-01-01 00:54:51.960,-0.011,0.013,0.997,-0.122,0.366,-0.061, , , , , , ,0.764,0.747,-106.002
 13:10:20.321,eb:33:2e:f9:57:b5, 2015-01-01 00:54:51.960,-0.012,0.014,0.998,-0.122,0.366,-0.061, , , , , , ,0.764,0.747,-106.002
 13:10:20.321,eb:33:2e:f9:57:b5, 2015-01-01 00:54:51.960,-0.012,0.014,0.997,-0.183,0.427,-0.061, , , , , , ,0.764,0.747,-106.002
 13:10:20.321,eb:33:2e:f9:57:b5, 2015-01-01 00:54:51.960,-0.013,0.014,0.997,-0.183,0.366,-0.061, , , , , , ,0.764,0.747,-106.002
 13:10:20.341,eb:33:2e:f9:57:b5, 2015-01-01 00:54:51.960,-0.013,0.013,0.997,-0.122,0.366,0, , , , , , ,0.764,0.747,-106.002
 13:10:20.341,eb:33:2e:f9:57:b5, 2015-01-01 00:54:51.960,-0.013,0.013,0.996,-0.122,0.305,0, , , , , , ,0.764,0.747,-106.002
 13:10:20.341,eb:33:2e:f9:57:b5, 2015-01-01 00:54:51.960,-0.012,0.013,0.997,-0.183,0.244,0, , , , , , ,0.764,0.747,-106.002
 13:10:20.341,eb:33:2e:f9:57:b5, 2015-01-01 00:54:51.960,-0.013,0.013,0.996,-0.122,0.244,0, , , , , , ,0.764,0.747,-106.002
 13:10:20.341,eb:33:2e:f9:57:b5, 2015-01-01 00:54:51.960,-0.013,0.012,0.997,-0.122,0.244,0, , , , , , ,0.764,0.747,-106.002
 13:10:20.341,eb:33:2e:f9:57:b5, 2015-01-01 00:54:51.960,-0.013,0.013,0.997,-0.183,0.122,-0.061, , , , , , ,0.764,0.747,-106.002
 13:10:20.341,eb:33:2e:f9:57:b5, 2015-01-01 00:54:51.960,-0.013,0.013,0.997,-0.183,0,0, , , , , , ,0.764,0.747,-106.002
 13:10:20.341,eb:33:2e:f9:57:b5, 2015-01-01 00:54:51.960,-0.013,0.013,0.996,-0.183,0,0, , , , , , ,0.764,0.747,-106.002
 13:10:20.387,eb:33:2e:f9:57:b5, 2015-01-01 00:54:51.960,-0.012,0.012,0.997,-0.183,0,0, , , , , , ,0.764,0.747,-106.002
 13:10:20.387,eb:33:2e:f9:57:b5, 2015-01-01 00:54:51.960,-0.012,0.012,0.998,-0.061,0,0, , , , , , ,0.764,0.747,-106.002
 13:10:20.387,eb:33:2e:f9:57:b5, 2015-01-01 00:54:51.960,-0.013,0.012,0.998,-0.061,0,0, , , , , , ,0.764,0.747,-106.002
 13:10:20.387,eb:33:2e:f9:57:b5, 2015-01-01 00:54:51.960,-0.012,0.013,0.997,-0.061,0,0, , , , , , ,0.764,0.747,-106.002
 13:10:20.387,eb:33:2e:f9:57:b5, 2015-01-01 00:54:51.960,-0.011,0.013,0.997,-0.061,0,-0.061, , , , , , ,0.764,0.747,-106.002
 13:10:20.387,eb:33:2e:f9:57:b5, 2015-01-01 00:54:51.960,-0.011,0.014,0.997,-0.061,0.061,-0.061, , , , , , ,0.764,0.747,-106.002
 13:10:20.387,eb:33:2e:f9:57:b5, 2015-01-01 00:54:51.960,-0.012,0.015,0.997,-0.122,0.061,-0.061, , , , , , ,0.764,0.747,-106.002
 13:10:20.387,eb:33:2e:f9:57:b5, 2015-01-01 00:54:51.960,-0.011,0.014,0.997,-0.061,0.183,0, , , , , , ,0.764,0.747,-106.002
 13:10:20.432,eb:33:2e:f9:57:b5, 2015-01-01 00:54:52.250,-0.011,0.014,0.996,-0.061,0.122,0, , , , , , ,0.764,0.747,-106.002
 13:10:20.432,eb:33:2e:f9:57:b5, 2015-01-01 00:54:52.250,-0.011,0.013,0.997,-0.061,0.183,0, , , , , , ,0.764,0.747,-106.002
 13:10:20.432,eb:33:2e:f9:57:b5, 2015-01-01 00:54:52.250,-0.012,0.014,0.997,-0.061,0.244,-0.061, , , , , , ,0.764,0.747,-106.002
 13:10:20.432,eb:33:2e:f9:57:b5, 2015-01-01 00:54:52.250,-0.013,0.013,0.997,-0.061,0.305,0, , , , , , ,0.764,0.747,-106.002
 13:10:20.432,eb:33:2e:f9:57:b5, 2015-01-01 00:54:52.250,-0.013,0.013,0.997,0,0.244,0, , , , , , ,0.764,0.747,-106.002
 13:10:20.432,eb:33:2e:f9:57:b5, 2015-01-01 00:54:52.250,-0.013,0.013,0.996,0,0.183,0, , , , , , ,0.764,0.747,-106.002
 13:10:20.432,eb:33:2e:f9:57:b5, 2015-01-01 00:54:52.250,-0.012,0.013,0.996,0,0.122,0, , , , , , ,0.764,0.747,-106.002
 13:10:20.432,eb:33:2e:f9:57:b5, 2015-01-01 00:54:52.250,-0.011,0.014,0.997,0,0.122,0, , , , , , ,0.764,0.747,-106.002
 13:10:20.476,eb:33:2e:f9:57:b5, 2015-01-01 00:54:52.250,-0.011,0.013,0.997,0,0.122,0, , , , , , ,0.764,0.747,-106.002
 13:10:20.476,eb:33:2e:f9:57:b5, 2015-01-01 00:54:52.250,-0.012,0.013,0.996,0,0.122,0, , , , , , ,0.764,0.747,-106.002
 13:10:20.476,eb:33:2e:f9:57:b5, 2015-01-01 00:54:52.250,-0.012,0.014,0.996,0,0.122,0, , , , , , ,0.764,0.747,-106.002
 13:10:20.476,eb:33:2e:f9:57:b5, 2015-01-01 00:54:52.250,-0.012,0.014,0.995,-0.061,0.183,0, , , , , , ,0.764,0.747,-106.002
 13:10:20.476,eb:33:2e:f9:57:b5, 2015-01-01 00:54:52.250,-0.012,0.014,0.996,-0.061,0.183,0, , , , , , ,0.764,0.747,-106.002
 13:10:20.476,eb:33:2e:f9:57:b5, 2015-01-01 00:54:52.250,-0.013,0.014,0.996,-0.122,0.122,0, , , , , , ,0.764,0.747,-106.002
 13:10:20.476,eb:33:2e:f9:57:b5, 2015-01-01 00:54:52.250,-0.013,0.013,0.998,-0.183,0.061,-0.061, , , , , , ,0.764,0.747,-106.002
 13:10:20.476,eb:33:2e:f9:57:b5, 2015-01-01 00:54:52.250,-0.014,0.013,0.998,-0.122,0.061,0, , , , , , ,0.764,0.747,-106.002
 13:10:20.522,eb:33:2e:f9:57:b5, 2015-01-01 00:54:52.250,-0.013,0.012,0.998,-0.122,0,-0.061, , , , , , ,0.764,0.747,-106.002
 13:10:20.522,eb:33:2e:f9:57:b5, 2015-01-01 00:54:52.250,-0.013,0.012,0.999,0,0,-0.061, , , , , , ,0.764,0.747,-106.002
 13:10:20.522,eb:33:2e:f9:57:b5, 2015-01-01 00:54:52.250,-0.013,0.011,0.999,0,-0.061,-0.122, , , , , , ,0.764,0.747,-106.002
 13:10:20.522,eb:33:2e:f9:57:b5, 2015-01-01 00:54:52.250,-0.013,0.011,0.999,0.061,-0.122,-0.061, , , , , , ,0.764,0.747,-106.002
 13:10:20.522,eb:33:2e:f9:57:b5, 2015-01-01 00:54:52.250,-0.014,0.012,0.998,0.122,-0.183,-0.122, , , , , , ,0.764,0.747,-106.002
 13:10:20.522,eb:33:2e:f9:57:b5, 2015-01-01 00:54:52.250,-0.013,0.012,0.998,0.183,-0.305,-0.183, , , , , , ,0.764,0.747,-106.002
 13:10:20.522,eb:33:2e:f9:57:b5, 2015-01-01 00:54:52.250,-0.012,0.013,0.998,0.244,-0.366,-0.183, , , , , , ,0.764,0.747,-106.002
 13:10:20.522,eb:33:2e:f9:57:b5, 2015-01-01 00:54:52.250,-0.012,0.013,0.998,0.244,-0.366,-0.183, , , , , , ,0.764,0.747,-106.002
 13:10:20.544,eb:33:2e:f9:57:b5, 2015-01-01 00:54:52.250,-0.012,0.013,0.996,0.305,-0.427,-0.183, , , , , , ,0.764,0.747,-106.002
 13:10:20.544,eb:33:2e:f9:57:b5, 2015-01-01 00:54:52.250,-0.011,0.013,0.997,0.244,-0.427,-0.122, , , , , , ,0.764,0.747,-106.002
 13:10:20.544,eb:33:2e:f9:57:b5, 2015-01-01 00:54:52.250,-0.011,0.013,0.997,0.183,-0.305,-0.183, , , , , , ,0.764,0.747,-106.002
 13:10:20.544,eb:33:2e:f9:57:b5, 2015-01-01 00:54:52.250,-0.011,0.014,0.997,0.183,-0.244,-0.122, , , , , , ,0.764,0.747,-106.002
 13:10:20.544,eb:33:2e:f9:57:b5, 2015-01-01 00:54:52.250,-0.011,0.014,0.997,0.122,-0.183,-0.122, , , , , , ,0.764,0.747,-106.002
 13:10:20.544,eb:33:2e:f9:57:b5, 2015-01-01 00:54:52.250,-0.011,0.014,0.997,0.061,-0.183,-0.122, , , , , , ,0.764,0.747,-106.002
 13:10:20.544,eb:33:2e:f9:57:b5, 2015-01-01 00:54:52.250,-0.011,0.014,0.997,0,-0.122,-0.122, , , , , , ,0.764,0.747,-106.002
 13:10:20.544,eb:33:2e:f9:57:b5, 2015-01-01 00:54:52.250,-0.011,0.014,0.997,0.061,-0.061,-0.122, , , , , , ,0.764,0.747,-106.002
 13:10:20.590,eb:33:2e:f9:57:b5, 2015-01-01 00:54:52.250,-0.011,0.014,0.996,0,0,-0.183, , , , , , ,0.764,0.747,-106.002
 13:10:20.590,eb:33:2e:f9:57:b5, 2015-01-01 00:54:52.250,-0.01,0.014,0.998,0,0,-0.183, , , , , , ,0.764,0.747,-106.002
 13:10:20.590,eb:33:2e:f9:57:b5, 2015-01-01 00:54:52.250,-0.011,0.014,0.998,-0.061,0.061,-0.061, , , , , , ,0.764,0.747,-106.002
 13:10:20.590,eb:33:2e:f9:57:b5, 2015-01-01 00:54:52.250,-0.011,0.013,0.998,-0.061,0.183,-0.122, , , , , , ,0.764,0.747,-106.002
 13:10:20.590,eb:33:2e:f9:57:b5, 2015-01-01 00:54:52.250,-0.01,0.014,0.998,-0.122,0.244,-0.122, , , , , , ,0.764,0.747,-106.002
 13:10:20.590,eb:33:2e:f9:57:b5, 2015-01-01 00:54:52.250,-0.01,0.012,0.998,-0.061,0.427,-0.061, , , , , , ,0.764,0.747,-106.002
 13:10:20.590,eb:33:2e:f9:57:b5, 2015-01-01 00:54:52.250,-0.011,0.013,0.997,-0.061,0.366,-0.061, , , , , , ,0.764,0.747,-106.002
 13:10:20.590,eb:33:2e:f9:57:b5, 2015-01-01 00:54:52.250,-0.011,0.013,0.997,-0.061,0.366,-0.061, , , , , , ,0.764,0.747,-106.002
 13:10:20.634,eb:33:2e:f9:57:b5, 2015-01-01 00:54:52.250,-0.011,0.013,0.998,-0.061,0.427,-0.061, , , , , , ,0.764,0.747,-106.002
 13:10:20.634,eb:33:2e:f9:57:b5, 2015-01-01 00:54:52.250,-0.01,0.013,0.997,0,0.427,0, , , , , , ,0.764,0.742,-106.002
 13:10:20.634,eb:33:2e:f9:57:b5, 2015-01-01 00:54:52.250,-0.012,0.012,0.997,0,0.488,-0.061, , , , , , ,0.764,0.742,-106.002
 13:10:20.634,eb:33:2e:f9:57:b5, 2015-01-01 00:54:52.250,-0.012,0.012,0.998,0,0.488,0, , , , , , ,0.764,0.742,-106.002
 13:10:20.634,eb:33:2e:f9:57:b5, 2015-01-01 00:54:52.250,-0.014,0.013,0.997,0,0.427,0, , , , , , ,0.764,0.742,-106.002
 13:10:20.634,eb:33:2e:f9:57:b5, 2015-01-01 00:54:52.250,-0.013,0.012,0.997,0,0.366,0, , , , , , ,0.764,0.742,-106.002
 13:10:20.634,eb:33:2e:f9:57:b5, 2015-01-01 00:54:52.250,-0.013,0.012,0.999,0,0.366,0, , , , , , ,0.764,0.742,-106.002
 13:10:20.634,eb:33:2e:f9:57:b5, 2015-01-01 00:54:52.250,-0.013,0.012,0.999,0.061,0.366,0, , , , , , ,0.764,0.742,-106.002
 13:10:20.681,eb:33:2e:f9:57:b5, 2015-01-01 00:54:52.250,-0.013,0.013,0.998,0.061,0.244,0, , , , , , ,0.764,0.742,-106.002
 13:10:20.681,eb:33:2e:f9:57:b5, 2015-01-01 00:54:52.250,-0.013,0.012,0.998,0.122,0.305,0.061, , , , , , ,0.764,0.742,-106.002
 13:10:20.681,eb:33:2e:f9:57:b5, 2015-01-01 00:54:52.250,-0.013,0.012,1,0.122,0.244,0.061, , , , , , ,0.764,0.742,-106.002
 13:10:20.681,eb:33:2e:f9:57:b5, 2015-01-01 00:54:52.250,-0.013,0.012,1,0.183,0.244,0.061, , , , , , ,0.764,0.742,-106.002
 13:10:20.681,eb:33:2e:f9:57:b5, 2015-01-01 00:54:52.250,-0.014,0.012,1,0.183,0.244,0.122, , , , , , ,0.764,0.742,-106.002
 13:10:20.681,eb:33:2e:f9:57:b5, 2015-01-01 00:54:52.250,-0.016,0.012,1,0.183,0.183,0.122, , , , , , ,0.764,0.742,-106.002
 13:10:20.681,eb:33:2e:f9:57:b5, 2015-01-01 00:54:52.250,-0.017,0.012,0.999,0.244,0.061,0.122, , , , , , ,0.764,0.742,-106.002
 13:10:20.681,eb:33:2e:f9:57:b5, 2015-01-01 00:54:52.250,-0.017,0.012,0.996,0.366,-0.061,0.122, , , , , , ,0.764,0.742,-106.002
 13:10:20.725,eb:33:2e:f9:57:b5, 2015-01-01 00:54:52.560,-0.015,0.012,0.995,0.305,-0.366,0.122, , , , , , ,0.764,0.742,-106.002
 13:10:20.725,eb:33:2e:f9:57:b5, 2015-01-01 00:54:52.560,-0.014,0.012,0.996,0.366,-0.488,0.183, , , , , , ,0.764,0.742,-106.002
 13:10:20.725,eb:33:2e:f9:57:b5, 2015-01-01 00:54:52.560,-0.013,0.014,0.996,0.305,-0.671,0.244, , , , , , ,0.764,0.742,-106.002
 13:10:20.725,eb:33:2e:f9:57:b5, 2015-01-01 00:54:52.560,-0.012,0.014,0.996,0.244,-0.671,0.244, , , , , , ,0.764,0.742,-106.002
 13:10:20.725,eb:33:2e:f9:57:b5, 2015-01-01 00:54:52.560,-0.012,0.014,0.996,0.183,-0.732,0.244, , , , , , ,0.764,0.742,-106.002
 13:10:20.725,eb:33:2e:f9:57:b5, 2015-01-01 00:54:52.560,-0.01,0.014,0.996,0.183,-0.671,0.244, , , , , , ,0.764,0.742,-106.002
 13:10:20.725,eb:33:2e:f9:57:b5, 2015-01-01 00:54:52.560,-0.01,0.015,0.995,0.122,-0.61,0.244, , , , , , ,0.764,0.742,-106.002
 13:10:20.725,eb:33:2e:f9:57:b5, 2015-01-01 00:54:52.560,-0.01,0.015,0.994,0.061,-0.488,0.305, , , , , , ,0.764,0.742,-106.002
 13:10:20.746,eb:33:2e:f9:57:b5, 2015-01-01 00:54:52.560,-0.009,0.016,0.993,0,-0.427,0.244, , , , , , ,0.764,0.742,-106.002
 13:10:20.746,eb:33:2e:f9:57:b5, 2015-01-01 00:54:52.560,-0.01,0.016,0.992,-0.122,-0.366,0.122, , , , , , ,0.764,0.742,-106.002
 13:10:20.746,eb:33:2e:f9:57:b5, 2015-01-01 00:54:52.560,-0.011,0.015,0.992,-0.244,-0.427,0.122, , , , , , ,0.764,0.742,-106.002
 13:10:20.746,eb:33:2e:f9:57:b5, 2015-01-01 00:54:52.560,-0.011,0.014,0.992,-0.244,-0.488,0.122, , , , , , ,0.764,0.742,-106.002
 13:10:20.746,eb:33:2e:f9:57:b5, 2015-01-01 00:54:52.560,-0.01,0.014,0.993,-0.305,-0.549,0.122, , , , , , ,0.764,0.742,-106.002
 13:10:20.746,eb:33:2e:f9:57:b5, 2015-01-01 00:54:52.560,-0.011,0.014,0.993,-0.305,-0.488,0.061, , , , , , ,0.764,0.742,-106.002
 13:10:20.746,eb:33:2e:f9:57:b5, 2015-01-01 00:54:52.560,-0.012,0.013,0.995,-0.366,-0.549,0.122, , , , , , ,0.764,0.742,-106.002
 13:10:20.746,eb:33:2e:f9:57:b5, 2015-01-01 00:54:52.560,-0.012,0.014,0.996,-0.366,-0.549,0.061, , , , , , ,0.764,0.742,-106.002
 13:10:20.792,eb:33:2e:f9:57:b5, 2015-01-01 00:54:52.560,-0.012,0.013,0.997,-0.366,-0.671,0.122, , , , , , ,0.764,0.742,-106.002
 13:10:20.792,eb:33:2e:f9:57:b5, 2015-01-01 00:54:52.560,-0.013,0.012,0.999,-0.305,-0.732,0.183, , , , , , ,0.764,0.742,-106.002
 13:10:20.792,eb:33:2e:f9:57:b5, 2015-01-01 00:54:52.560,-0.014,0.012,0.998,-0.305,-0.854,0.183, , , , , , ,0.764,0.742,-106.002
 13:10:20.792,eb:33:2e:f9:57:b5, 2015-01-01 00:54:52.560,-0.013,0.012,0.998,-0.244,-0.977,0.183, , , , , , ,0.764,0.742,-106.002
 13:10:20.792,eb:33:2e:f9:57:b5, 2015-01-01 00:54:52.560,-0.013,0.011,0.999,-0.183,-1.099,0.122, , , , , , ,0.764,0.742,-106.002
 13:10:20.792,eb:33:2e:f9:57:b5, 2015-01-01 00:54:52.560,-0.012,0.012,0.999,-0.183,-1.221,0.122, , , , , , ,0.764,0.742,-106.002
 13:10:20.792,eb:33:2e:f9:57:b5, 2015-01-01 00:54:52.560,-0.012,0.012,0.999,-0.183,-1.343,0.122, , , , , , ,0.764,0.742,-106.002
 13:10:20.792,eb:33:2e:f9:57:b5, 2015-01-01 00:54:52.560,-0.01,0.013,0.998,-0.183,-1.343,0.122, , , , , , ,0.764,0.742,-106.002
 13:10:20.837,eb:33:2e:f9:57:b5, 2015-01-01 00:54:52.560,-0.009,0.013,0.997,-0.122,-1.282,0.061, , , , , , ,0.764,0.742,-106.002
 13:10:20.837,eb:33:2e:f9:57:b5, 2015-01-01 00:54:52.560,-0.009,0.014,0.997,-0.122,-1.282,0.061, , , , , , ,0.764,0.742,-106.002
 13:10:20.837,eb:33:2e:f9:57:b5, 2015-01-01 00:54:52.560,-0.006,0.015,0.996,-0.244,-1.16,0.061, , , , , , ,0.764,0.742,-106.002
 13:10:20.837,eb:33:2e:f9:57:b5, 2015-01-01 00:54:52.560,-0.005,0.016,0.997,-0.427,-0.916,0.061, , , , , , ,0.764,0.742,-106.002
 13:10:20.837,eb:33:2e:f9:57:b5, 2015-01-01 00:54:52.560,-0.006,0.016,0.998,-0.488,-0.671,0.061, , , , , , ,0.764,0.742,-106.002
 13:10:20.837,eb:33:2e:f9:57:b5, 2015-01-01 00:54:52.560,-0.006,0.017,0.998,-0.61,-0.427,0, , , , , , ,0.764,0.742,-106.002
 13:10:20.838,eb:33:2e:f9:57:b5, 2015-01-01 00:54:52.560,-0.005,0.016,0.998,-0.732,-0.061,0, , , , , , ,0.764,0.742,-106.002
 13:10:20.838,eb:33:2e:f9:57:b5, 2015-01-01 00:54:52.560,-0.006,0.016,0.997,-0.916,0.183,-0.061, , , , , , ,0.764,0.742,-106.002
 13:10:20.882,eb:33:2e:f9:57:b5, 2015-01-01 00:54:52.560,-0.007,0.016,0.998,-0.977,0.427,-0.061, , , , , , ,0.764,0.742,-106.002
 13:10:20.882,eb:33:2e:f9:57:b5, 2015-01-01 00:54:52.560,-0.008,0.015,0.997,-1.038,0.61,-0.183, , , , , , ,0.764,0.742,-106.002
 13:10:20.882,eb:33:2e:f9:57:b5, 2015-01-01 00:54:52.560,-0.009,0.013,0.996,-1.099,0.793,-0.183, , , , , , ,0.764,0.742,-106.002
 13:10:20.882,eb:33:2e:f9:57:b5, 2015-01-01 00:54:52.560,-0.01,0.012,0.997,-1.099,0.793,-0.183, , , , , , ,0.764,0.742,-106.002
 13:10:20.882,eb:33:2e:f9:57:b5, 2015-01-01 00:54:52.560,-0.01,0.013,0.997,-1.038,0.854,-0.183, , , , , , ,0.764,0.742,-106.002
 13:10:20.882,eb:33:2e:f9:57:b5, 2015-01-01 00:54:52.560,-0.01,0.012,0.999,-1.099,0.854,-0.183, , , , , , ,0.764,0.736,-106.002
 13:10:20.882,eb:33:2e:f9:57:b5, 2015-01-01 00:54:52.560,-0.011,0.01,0.999,-1.038,0.916,-0.183, , , , , , ,0.764,0.736,-106.002
 13:10:20.882,eb:33:2e:f9:57:b5, 2015-01-01 00:54:52.560,-0.011,0.01,0.999,-0.854,0.916,-0.122, , , , , , ,0.764,0.736,-106.002
 13:10:20.927,eb:33:2e:f9:57:b5, 2015-01-01 00:54:52.560,-0.012,0.01,0.999,-0.854,0.916,-0.122, , , , , , ,0.764,0.736,-106.002
 13:10:20.927,eb:33:2e:f9:57:b5, 2015-01-01 00:54:52.560,-0.013,0.01,0.999,-0.732,0.793,-0.122, , , , , , ,0.764,0.736,-106.002
 13:10:20.927,eb:33:2e:f9:57:b5, 2015-01-01 00:54:52.560,-0.013,0.01,1,-0.61,0.793,-0.122, , , , , , ,0.764,0.736,-106.002
 13:10:20.927,eb:33:2e:f9:57:b5, 2015-01-01 00:54:52.560,-0.013,0.01,1,-0.427,0.671,-0.122, , , , , , ,0.764,0.736,-106.002
 13:10:20.927,eb:33:2e:f9:57:b5, 2015-01-01 00:54:52.560,-0.014,0.009,1.002,-0.305,0.61,-0.122, , , , , , ,0.764,0.736,-106.002
 13:10:20.927,eb:33:2e:f9:57:b5, 2015-01-01 00:54:52.560,-0.015,0.008,1.001,-0.183,0.427,-0.122, , , , , , ,0.764,0.736,-106.002
 13:10:20.927,eb:33:2e:f9:57:b5, 2015-01-01 00:54:52.560,-0.017,0.006,1.002,0.061,0.305,-0.061, , , , , , ,0.764,0.736,-106.002
 13:10:20.928,eb:33:2e:f9:57:b5, 2015-01-01 00:54:52.560,-0.013,0,1.002,0.488,0,-0.061, , , , , , ,0.764,0.736,-106.002
 13:10:20.950,eb:33:2e:f9:57:b5, 2015-01-01 00:54:52.560,-0.016,0.016,1.001,0.366,0,-0.183, , , , , , ,0.764,0.736,-106.002
 13:10:20.950,eb:33:2e:f9:57:b5, 2015-01-01 00:54:52.560,-0.012,0.01,1.001,0.427,-0.061,-0.244, , , , , , ,0.764,0.736,-106.002
 13:10:20.950,eb:33:2e:f9:57:b5, 2015-01-01 00:54:52.560,-0.014,0.006,1.004,0.732,-0.122,-0.061, , , , , , ,0.764,0.736,-106.002
 13:10:20.950,eb:33:2e:f9:57:b5, 2015-01-01 00:54:52.560,-0.012,0.006,1.004,0.977,-0.305,-0.061, , , , , , ,0.764,0.736,-106.002
 13:10:20.950,eb:33:2e:f9:57:b5, 2015-01-01 00:54:52.560,-0.013,0.013,0.999,1.038,-0.366,-0.244, , , , , , ,0.764,0.736,-106.002
 13:10:20.950,eb:33:2e:f9:57:b5, 2015-01-01 00:54:52.560,-0.01,0.01,0.995,1.099,-0.549,-0.183, , , , , , ,0.764,0.736,-106.002
 13:10:20.950,eb:33:2e:f9:57:b5, 2015-01-01 00:54:52.560,-0.01,0.011,1,1.16,-0.427,-0.122, , , , , , ,0.764,0.736,-106.002
 13:10:20.950,eb:33:2e:f9:57:b5, 2015-01-01 00:54:52.560,-0.01,0.014,0.996,1.099,-0.305,-0.244, , , , , , ,0.764,0.736,-106.002
 13:10:20.994,eb:33:2e:f9:57:b5, 2015-01-01 00:54:52.560,-0.009,0.013,0.992,1.038,-0.427,-0.244, , , , , , ,0.764,0.736,-106.002
 13:10:20.994,eb:33:2e:f9:57:b5, 2015-01-01 00:54:52.560,-0.003,0.013,0.994,0.977,-0.366,-0.244, , , , , , ,0.764,0.736,-106.002
 13:10:20.996,eb:33:2e:f9:57:b5, 2015-01-01 00:54:52.560,-0.003,0.018,0.996,0.793,0,-0.305, , , , , , ,0.764,0.736,-106.002
 13:10:20.996,eb:33:2e:f9:57:b5, 2015-01-01 00:54:52.560,-0.003,0.017,0.996,0.61,0.366,-0.244, , , , , , ,0.764,0.736,-106.002
 13:10:20.996,eb:33:2e:f9:57:b5, 2015-01-01 00:54:52.560,-0.005,0.017,0.996,0.427,0.793,-0.305, , , , , , ,0.764,0.736,-106.002
 13:10:20.996,eb:33:2e:f9:57:b5, 2015-01-01 00:54:52.560,-0.005,0.015,0.995,0.305,1.038,-0.305, , , , , , ,0.764,0.736,-106.002
 13:10:20.996,eb:33:2e:f9:57:b5, 2015-01-01 00:54:52.560,-0.006,0.018,0.995,0.061,1.343,-0.366, , , , , , ,0.764,0.736,-106.002
 13:10:20.996,eb:33:2e:f9:57:b5, 2015-01-01 00:54:52.560,-0.006,0.017,0.996,-0.061,1.648,-0.427, , , , , , ,0.764,0.736,-106.002
 13:10:21.039,eb:33:2e:f9:57:b5, 2015-01-01 00:54:52.850,-0.008,0.014,0.996,-0.122,1.831,-0.244, , , , , , ,0.764,0.736,-106.002
 13:10:21.039,eb:33:2e:f9:57:b5, 2015-01-01 00:54:52.850,-0.011,0.016,0.997,-0.305,2.075,-0.244, , , , , , ,0.764,0.736,-106.002
 13:10:21.039,eb:33:2e:f9:57:b5, 2015-01-01 00:54:52.850,-0.018,0.017,0.994,-0.488,2.075,-0.183, , , , , , ,0.764,0.736,-106.002
 13:10:21.039,eb:33:2e:f9:57:b5, 2015-01-01 00:54:52.850,-0.015,0.01,0.99,-0.549,1.648,-0.122, , , , , , ,0.764,0.736,-106.002
 13:10:21.039,eb:33:2e:f9:57:b5, 2015-01-01 00:54:52.850,-0.011,0.015,0.995,-0.549,1.526,-0.183, , , , , , ,0.764,0.736,-106.002
 13:10:21.039,eb:33:2e:f9:57:b5, 2015-01-01 00:54:52.850,-0.011,0.011,1.001,-0.549,1.587,-0.305, , , , , , ,0.764,0.736,-106.002
 13:10:21.039,eb:33:2e:f9:57:b5, 2015-01-01 00:54:52.850,-0.02,0.013,1,-0.488,1.648,-0.244, , , , , , ,0.764,0.736,-106.002
 13:10:21.039,eb:33:2e:f9:57:b5, 2015-01-01 00:54:52.850,-0.019,0.009,0.998,-0.305,1.282,-0.122, , , , , , ,0.764,0.736,-106.002
 13:10:21.084,eb:33:2e:f9:57:b5, 2015-01-01 00:54:52.850,-0.02,0.009,0.997,-0.122,0.854,-0.183, , , , , , ,0.764,0.736,-106.002
 13:10:21.084,eb:33:2e:f9:57:b5, 2015-01-01 00:54:52.850,-0.02,0.01,0.996,0,0.427,-0.183, , , , , , ,0.764,0.736,-106.002
 13:10:21.084,eb:33:2e:f9:57:b5, 2015-01-01 00:54:52.850,-0.017,0.007,0.999,0.061,0.122,0, , , , , , ,0.764,0.736,-106.002
 13:10:21.084,eb:33:2e:f9:57:b5, 2015-01-01 00:54:52.850,-0.017,0.009,1.001,0.244,0.061,-0.061, , , , , , ,0.764,0.736,-106.002
 13:10:21.084,eb:33:2e:f9:57:b5, 2015-01-01 00:54:52.850,-0.017,0.008,1.001,0.427,-0.122,-0.122, , , , , , ,0.764,0.736,-106.002
 13:10:21.084,eb:33:2e:f9:57:b5, 2015-01-01 00:54:52.850,-0.018,0.008,1.001,0.549,-0.305,0, , , , , , ,0.764,0.736,-106.002
 13:10:21.085,eb:33:2e:f9:57:b5, 2015-01-01 00:54:52.850,-0.018,0.009,0.998,0.61,-0.488,0.061, , , , , , ,0.764,0.736,-106.002
 13:10:21.085,eb:33:2e:f9:57:b5, 2015-01-01 00:54:52.850,-0.016,0.009,0.998,0.732,-0.793,0.061, , , , , , ,0.764,0.736,-106.002
 13:10:21.130,eb:33:2e:f9:57:b5, 2015-01-01 00:54:52.850,-0.015,0.009,0.997,0.854,-0.977,0.061, , , , , , ,0.764,0.736,-106.002
 13:10:21.130,eb:33:2e:f9:57:b5, 2015-01-01 00:54:52.850,-0.015,0.012,0.997,0.854,-1.099,0.061, , , , , , ,0.764,0.736,-106.002
 13:10:21.130,eb:33:2e:f9:57:b5, 2015-01-01 00:54:52.850,-0.014,0.013,0.995,0.916,-1.282,0.122, , , , , , ,0.764,0.736,-106.002
 13:10:21.130,eb:33:2e:f9:57:b5, 2015-01-01 00:54:52.850,-0.01,0.014,0.993,0.854,-1.465,0.122, , , , , , ,0.764,0.736,-106.002
 13:10:21.130,eb:33:2e:f9:57:b5, 2015-01-01 00:54:52.850,-0.008,0.014,0.995,0.854,-1.465,0.183, , , , , , ,0.764,0.736,-106.002
 13:10:21.130,eb:33:2e:f9:57:b5, 2015-01-01 00:54:52.850,-0.008,0.016,0.994,0.671,-1.221,0.122, , , , , , ,0.764,0.736,-106.002
 13:10:21.130,eb:33:2e:f9:57:b5, 2015-01-01 00:54:52.850,-0.004,0.015,0.992,0.61,-1.099,0.183, , , , , , ,0.764,0.736,-106.002
 13:10:21.130,eb:33:2e:f9:57:b5, 2015-01-01 00:54:52.850,-0.004,0.017,0.996,0.427,-0.793,0.183, , , , , , ,0.764,0.736,-106.002
 13:10:21.151,eb:33:2e:f9:57:b5, 2015-01-01 00:54:52.850,-0.006,0.018,0.994,0.305,-0.427,0.061, , , , , , ,0.764,0.736,-106.002
 13:10:21.151,eb:33:2e:f9:57:b5, 2015-01-01 00:54:52.850,-0.003,0.017,0.992,0.122,-0.244,0.122, , , , , , ,0.764,0.736,-106.002
 13:10:21.151,eb:33:2e:f9:57:b5, 2015-01-01 00:54:52.850,-0.003,0.017,0.995,0,0.122,0.122, , , , , , ,0.764,0.736,-106.002
 13:10:21.151,eb:33:2e:f9:57:b5, 2015-01-01 00:54:52.850,-0.004,0.017,0.994,-0.183,0.61,0.183, , , , , , ,0.764,0.736,-106.002
 13:10:21.151,eb:33:2e:f9:57:b5, 2015-01-01 00:54:52.850,-0.006,0.017,0.993,-0.366,0.977,0.122, , , , , , ,0.764,0.736,-106.002
 13:10:21.151,eb:33:2e:f9:57:b5, 2015-01-01 00:54:52.850,-0.007,0.017,0.993,-0.427,1.282,0.183, , , , , , ,0.764,0.736,-106.002
 13:10:21.151,eb:33:2e:f9:57:b5, 2015-01-01 00:54:52.850,-0.009,0.016,0.994,-0.549,1.465,0.122, , , , , , ,0.764,0.736,-106.002
 13:10:21.151,eb:33:2e:f9:57:b5, 2015-01-01 00:54:52.850,-0.01,0.015,0.994,-0.671,1.526,0.183, , , , , , ,0.764,0.736,-106.002
 13:10:21.197,eb:33:2e:f9:57:b5, 2015-01-01 00:54:52.850,-0.011,0.015,0.993,-0.732,1.587,0.122, , , , , , ,0.764,0.736,-106.002
 13:10:21.197,eb:33:2e:f9:57:b5, 2015-01-01 00:54:52.850,-0.012,0.014,0.995,-0.732,1.648,0.122, , , , , , ,0.764,0.736,-106.002
 13:10:21.197,eb:33:2e:f9:57:b5, 2015-01-01 00:54:52.850,-0.014,0.013,0.995,-0.732,1.526,0.122, , , , , , ,0.764,0.736,-106.002
 13:10:21.197,eb:33:2e:f9:57:b5, 2015-01-01 00:54:52.850,-0.018,0.015,0.996,-0.854,1.587,0.061, , , , , , ,0.764,0.736,-106.002
 13:10:21.197,eb:33:2e:f9:57:b5, 2015-01-01 00:54:52.850,-0.017,0.006,0.996,-0.549,1.221,0.183, , , , , , ,0.764,0.736,-106.002
 13:10:21.197,eb:33:2e:f9:57:b5, 2015-01-01 00:54:52.850,-0.018,0.008,0.999,-0.488,0.854,0.244, , , , , , ,0.764,0.736,-106.002
 13:10:21.197,eb:33:2e:f9:57:b5, 2015-01-01 00:54:52.850,-0.019,0.009,0.996,-0.305,0.61,0.183, , , , , , ,0.764,0.736,-106.002
 13:10:21.197,eb:33:2e:f9:57:b5, 2015-01-01 00:54:52.850,-0.013,0.005,1,-0.061,0.183,0.366, , , , , , ,0.764,0.736,-106.002
 13:10:21.241,eb:33:2e:f9:57:b5, 2015-01-01 00:54:52.850,-0.023,0.014,1.005,0,0.305,0.244, , , , , , ,0.764,0.736,-106.002
 13:10:21.241,eb:33:2e:f9:57:b5, 2015-01-01 00:54:52.850,-0.019,0.002,0.999,0.366,-0.305,0.427, , , , , , ,0.764,0.736,-106.002
 13:10:21.241,eb:33:2e:f9:57:b5, 2015-01-01 00:54:52.850,-0.021,0.012,1,0.549,-0.732,0.366, , , , , , ,0.764,0.736,-106.002
 13:10:21.241,eb:33:2e:f9:57:b5, 2015-01-01 00:54:52.850,-0.011,0.006,0.998,0.732,-1.282,0.366, , , , , , ,0.764,0.736,-106.002
 13:10:21.241,eb:33:2e:f9:57:b5, 2015-01-01 00:54:52.850,-0.013,0.013,1.003,0.854,-1.16,0.244, , , , , , ,0.764,0.736,-106.002
 13:10:21.241,eb:33:2e:f9:57:b5, 2015-01-01 00:54:52.850,-0.014,0.009,1,0.916,-1.16,0.427, , , , , , ,0.764,0.736,-106.002
 13:10:21.241,eb:33:2e:f9:57:b5, 2015-01-01 00:54:52.850,-0.016,0.01,1,1.038,-1.16,0.427, , , , , , ,0.764,0.736,-106.002
 13:10:21.241,eb:33:2e:f9:57:b5, 2015-01-01 00:54:52.850,-0.011,0.012,0.999,1.038,-1.282,0.305, , , , , , ,0.764,0.736,-106.002
 13:10:21.287,eb:33:2e:f9:57:b5, 2015-01-01 00:54:52.850,-0.005,0.012,1.001,1.099,-1.221,0.305, , , , , , ,0.764,0.736,-106.002
 13:10:21.287,eb:33:2e:f9:57:b5, 2015-01-01 00:54:52.850,-0.011,0.014,1.006,0.977,-0.671,0.366, , , , , , ,0.764,0.736,-106.002
 13:10:21.287,eb:33:2e:f9:57:b5, 2015-01-01 00:54:52.850,-0.011,0.012,1.002,1.038,-0.549,0.427, , , , , , ,0.764,0.736,-106.002
 13:10:21.287,eb:33:2e:f9:57:b5, 2015-01-01 00:54:52.850,-0.011,0.014,1.002,1.099,-0.427,0.305, , , , , , ,0.764,0.736,-106.002
 13:10:21.287,eb:33:2e:f9:57:b5, 2015-01-01 00:54:52.850,-0.008,0.012,1,1.099,-0.427,0.244, , , , , , ,0.764,0.736,-106.002
 13:10:21.287,eb:33:2e:f9:57:b5, 2015-01-01 00:54:52.850,-0.008,0.014,1,1.099,-0.244,0.244, , , , , , ,0.764,0.736,-106.002
 13:10:21.287,eb:33:2e:f9:57:b5, 2015-01-01 00:54:52.850,-0.008,0.015,1.001,1.038,0,0.244, , , , , , ,0.764,0.736,-106.002
 13:10:21.287,eb:33:2e:f9:57:b5, 2015-01-01 00:54:52.850,-0.01,0.013,0.999,1.038,0.183,0.183, , , , , , ,0.764,0.736,-106.002
 13:10:21.310,eb:33:2e:f9:57:b5, 2015-01-01 00:54:53.165,-0.009,0.014,0.996,0.916,0.305,0.183, , , , , , ,0.764,0.736,-106.002
 13:10:21.310,eb:33:2e:f9:57:b5, 2015-01-01 00:54:53.165,-0.01,0.018,0.995,0.854,0.427,0.183, , , , , , ,0.764,0.736,-106.002
 13:10:21.310,eb:33:2e:f9:57:b5, 2015-01-01 00:54:53.165,-0.011,0.016,0.995,0.732,0.61,0.122, , , , , , ,0.764,0.736,-106.002
 13:10:21.310,eb:33:2e:f9:57:b5, 2015-01-01 00:54:53.165,-0.01,0.015,0.994,0.732,0.61,0.122, , , , , , ,0.764,0.736,-106.002
 13:10:21.310,eb:33:2e:f9:57:b5, 2015-01-01 00:54:53.165,-0.009,0.016,0.994,0.61,0.671,0.061, , , , , , ,0.764,0.736,-106.002
 13:10:21.310,eb:33:2e:f9:57:b5, 2015-01-01 00:54:53.165,-0.012,0.017,0.994,0.427,0.732,0.122, , , , , , ,0.764,0.736,-106.002
 13:10:21.310,eb:33:2e:f9:57:b5, 2015-01-01 00:54:53.165,-0.012,0.016,0.993,0.427,0.732,0, , , , , , ,0.764,0.736,-106.002
 13:10:21.310,eb:33:2e:f9:57:b5, 2015-01-01 00:54:53.165,-0.01,0.017,0.991,0.366,0.671,0.061, , , , , , ,0.764,0.736,-106.002
 13:10:21.355,eb:33:2e:f9:57:b5, 2015-01-01 00:54:53.165,-0.011,0.017,0.992,0.244,0.732,0, , , , , , ,0.764,0.736,-106.002
 13:10:21.355,eb:33:2e:f9:57:b5, 2015-01-01 00:54:53.165,-0.013,0.017,0.994,0.061,0.793,0, , , , , , ,0.764,0.736,-106.002
 13:10:21.355,eb:33:2e:f9:57:b5, 2015-01-01 00:54:53.165,-0.014,0.015,0.994,0,0.732,-0.061, , , , , , ,0.764,0.736,-106.002
 13:10:21.355,eb:33:2e:f9:57:b5, 2015-01-01 00:54:53.165,-0.012,0.015,0.992,0,0.61,0, , , , , , ,0.764,0.736,-106.002
 13:10:21.355,eb:33:2e:f9:57:b5, 2015-01-01 00:54:53.165,-0.014,0.016,0.995,0,0.549,0, , , , , , ,0.764,0.736,-106.002
 13:10:21.355,eb:33:2e:f9:57:b5, 2015-01-01 00:54:53.165,-0.015,0.013,0.996,-0.061,0.549,0, , , , , , ,0.764,0.736,-106.002
 13:10:21.355,eb:33:2e:f9:57:b5, 2015-01-01 00:54:53.165,-0.015,0.013,0.996,-0.061,0.427,0, , , , , , ,0.764,0.736,-106.002
 13:10:21.355,eb:33:2e:f9:57:b5, 2015-01-01 00:54:53.165,-0.017,0.015,0.997,-0.061,0.305,0, , , , , , ,0.764,0.736,-106.002
 13:10:21.399,eb:33:2e:f9:57:b5, 2015-01-01 00:54:53.165,-0.015,0.012,0.996,0,0.061,0.061, , , , , , ,0.764,0.736,-106.002
 13:10:21.399,eb:33:2e:f9:57:b5, 2015-01-01 00:54:53.165,-0.016,0.015,0.995,0,-0.122,0, , , , , , ,0.764,0.736,-106.002
 13:10:21.399,eb:33:2e:f9:57:b5, 2015-01-01 00:54:53.165,-0.013,0.011,0.996,0,-0.366,0.061, , , , , , ,0.764,0.736,-106.002
 13:10:21.399,eb:33:2e:f9:57:b5, 2015-01-01 00:54:53.165,-0.015,0.013,0.996,-0.061,-0.427,0.061, , , , , , ,0.764,0.736,-106.002
 13:10:21.399,eb:33:2e:f9:57:b5, 2015-01-01 00:54:53.165,-0.015,0.015,0.998,-0.061,-0.61,0.061, , , , , , ,0.764,0.736,-106.002
 13:10:21.399,eb:33:2e:f9:57:b5, 2015-01-01 00:54:53.165,-0.012,0.013,0.999,0,-0.732,0.122, , , , , , ,0.764,0.736,-106.002
 13:10:21.399,eb:33:2e:f9:57:b5, 2015-01-01 00:54:53.165,-0.014,0.015,1,0,-0.671,0.122, , , , , , ,0.764,0.736,-106.002
 13:10:21.399,eb:33:2e:f9:57:b5, 2015-01-01 00:54:53.165,-0.013,0.012,0.999,0,-0.793,0.183, , , , , , ,0.764,0.736,-106.002
 13:10:21.444,eb:33:2e:f9:57:b5, 2015-01-01 00:54:53.165,-0.012,0.013,0.999,0.061,-0.854,0.183, , , , , , ,0.764,0.736,-106.002
 13:10:21.444,eb:33:2e:f9:57:b5, 2015-01-01 00:54:53.165,-0.014,0.017,0.999,0.061,-0.793,0.183, , , , , , ,0.764,0.736,-106.002
 13:10:21.444,eb:33:2e:f9:57:b5, 2015-01-01 00:54:53.165,-0.012,0.014,0.997,0.061,-0.854,0.244, , , , , , ,0.764,0.736,-106.002
 13:10:21.444,eb:33:2e:f9:57:b5, 2015-01-01 00:54:53.165,-0.012,0.015,0.997,0,-0.916,0.183, , , , , , ,0.764,0.736,-106.002
 13:10:21.444,eb:33:2e:f9:57:b5, 2015-01-01 00:54:53.165,-0.011,0.015,0.996,0.061,-0.916,0.183, , , , , , ,0.764,0.736,-106.002
 13:10:21.444,eb:33:2e:f9:57:b5, 2015-01-01 00:54:53.165,-0.011,0.016,0.996,-0.061,-0.854,0.183, , , , , , ,0.764,0.736,-106.002
 13:10:21.444,eb:33:2e:f9:57:b5, 2015-01-01 00:54:53.165,-0.011,0.015,0.996,-0.061,-0.854,0.183, , , , , , ,0.764,0.736,-106.002
 13:10:21.444,eb:33:2e:f9:57:b5, 2015-01-01 00:54:53.165,-0.01,0.015,0.996,-0.122,-0.854,0.183, , , , , , ,0.764,0.736,-106.002
 13:10:21.490,eb:33:2e:f9:57:b5, 2015-01-01 00:54:53.165,-0.011,0.016,0.995,-0.244,-0.732,0.183, , , , , , ,0.764,0.736,-106.002
 13:10:21.490,eb:33:2e:f9:57:b5, 2015-01-01 00:54:53.165,-0.009,0.016,0.994,-0.366,-0.671,0.183, , , , , , ,0.764,0.736,-106.002
 13:10:21.490,eb:33:2e:f9:57:b5, 2015-01-01 00:54:53.165,-0.009,0.017,0.995,-0.427,-0.549,0.244, , , , , , ,0.764,0.736,-106.002
 13:10:21.490,eb:33:2e:f9:57:b5, 2015-01-01 00:54:53.165,-0.008,0.016,0.995,-0.549,-0.427,0.183, , , , , , ,0.764,0.736,-106.002
 13:10:21.490,eb:33:2e:f9:57:b5, 2015-01-01 00:54:53.165,-0.008,0.017,0.996,-0.61,-0.183,0.122, , , , , , ,0.764,0.736,-106.002
 13:10:21.490,eb:33:2e:f9:57:b5, 2015-01-01 00:54:53.165,-0.008,0.016,0.996,-0.732,-0.061,0.183, , , , , , ,0.764,0.736,-106.002
 13:10:21.490,eb:33:2e:f9:57:b5, 2015-01-01 00:54:53.165,-0.01,0.016,0.996,-0.793,0,0.122, , , , , , ,0.764,0.736,-106.002
 13:10:21.490,eb:33:2e:f9:57:b5, 2015-01-01 00:54:53.165,-0.01,0.016,0.995,-0.916,0.061,0.122, , , , , , ,0.764,0.736,-106.002
 13:10:21.511,eb:33:2e:f9:57:b5, 2015-01-01 00:54:53.165,-0.011,0.015,0.995,-0.977,0.183,0.061, , , , , , ,0.764,0.736,-106.002
 13:10:21.512,eb:33:2e:f9:57:b5, 2015-01-01 00:54:53.165,-0.012,0.015,0.995,-1.038,0.061,0.122, , , , , , ,0.764,0.736,-106.002
 13:10:21.512,eb:33:2e:f9:57:b5, 2015-01-01 00:54:53.165,-0.011,0.015,0.995,-1.16,0.061,0, , , , , , ,0.764,0.736,-106.002
 13:10:21.512,eb:33:2e:f9:57:b5, 2015-01-01 00:54:53.165,-0.013,0.015,0.995,-1.221,0,0.061, , , , , , ,0.764,0.736,-106.002
 13:10:21.512,eb:33:2e:f9:57:b5, 2015-01-01 00:54:53.165,-0.012,0.014,0.993,-1.221,-0.183,0.061, , , , , , ,0.764,0.736,-106.002
 13:10:21.512,eb:33:2e:f9:57:b5, 2015-01-01 00:54:53.165,-0.012,0.014,0.994,-1.282,-0.244,0, , , , , , ,0.764,0.736,-106.002
 13:10:21.512,eb:33:2e:f9:57:b5, 2015-01-01 00:54:53.165,-0.012,0.013,0.995,-1.282,-0.366,0, , , , , , ,0.764,0.736,-106.002
 13:10:21.512,eb:33:2e:f9:57:b5, 2015-01-01 00:54:53.165,-0.013,0.013,0.994,-1.282,-0.488,0, , , , , , ,0.764,0.736,-106.002
 13:10:21.557,eb:33:2e:f9:57:b5, 2015-01-01 00:54:53.165,-0.013,0.012,0.995,-1.282,-0.61,0, , , , , , ,0.764,0.736,-106.002
 13:10:21.557,eb:33:2e:f9:57:b5, 2015-01-01 00:54:53.165,-0.012,0.012,0.995,-1.282,-0.793,-0.061, , , , , , ,0.764,0.731,-106.002
 13:10:21.557,eb:33:2e:f9:57:b5, 2015-01-01 00:54:53.165,-0.011,0.012,0.996,-1.282,-0.793,0, , , , , , ,0.764,0.731,-106.002
 13:10:21.557,eb:33:2e:f9:57:b5, 2015-01-01 00:54:53.165,-0.011,0.013,0.996,-1.221,-0.916,0, , , , , , ,0.764,0.731,-106.002
 13:10:21.557,eb:33:2e:f9:57:b5, 2015-01-01 00:54:53.165,-0.007,0.012,0.996,-1.282,-0.916,-0.061, , , , , , ,0.764,0.731,-106.002
 13:10:21.557,eb:33:2e:f9:57:b5, 2015-01-01 00:54:53.165,-0.004,0.015,1,-1.221,-0.732,-0.183, , , , , , ,0.764,0.731,-106.002
 13:10:21.557,eb:33:2e:f9:57:b5, 2015-01-01 00:54:53.165,-0.017,0.015,1.003,-1.282,-0.366,-0.244, , , , , , ,0.764,0.731,-106.002
 13:10:21.557,eb:33:2e:f9:57:b5, 2015-01-01 00:54:53.165,-0.016,0.008,0.991,-1.221,-0.732,0, , , , , , ,0.764,0.731,-106.002
 13:10:21.602,eb:33:2e:f9:57:b5, 2015-01-01 00:54:53.165,-0.015,0.012,0.992,-1.282,-1.16,0, , , , , , ,0.764,0.731,-106.002
 13:10:21.602,eb:33:2e:f9:57:b5, 2015-01-01 00:54:53.165,-0.007,0.012,0.995,-1.16,-1.465,-0.122, , , , , , ,0.764,0.731,-106.002
 13:10:21.602,eb:33:2e:f9:57:b5, 2015-01-01 00:54:53.165,-0.006,0.012,0.999,-1.221,-1.16,-0.122, , , , , , ,0.764,0.731,-106.002
 13:10:21.602,eb:33:2e:f9:57:b5, 2015-01-01 00:54:53.165,-0.003,0.012,1.001,-1.343,-0.977,-0.122, , , , , , ,0.764,0.731,-106.002
 13:10:21.602,eb:33:2e:f9:57:b5, 2015-01-01 00:54:53.165,-0.013,0.013,1.003,-1.282,-0.549,-0.244, , , , , , ,0.764,0.731,-106.002
 13:10:21.602,eb:33:2e:f9:57:b5, 2015-01-01 00:54:53.165,-0.012,0.009,0.994,-1.282,-0.732,-0.244, , , , , , ,0.764,0.731,-106.002
 13:10:21.602,eb:33:2e:f9:57:b5, 2015-01-01 00:54:53.165,-0.009,0.011,0.997,-1.282,-0.854,-0.244, , , , , , ,0.764,0.731,-106.002
 13:10:21.602,eb:33:2e:f9:57:b5, 2015-01-01 00:54:53.165,-0.006,0.012,0.999,-1.282,-0.732,-0.244, , , , , , ,0.764,0.731,-106.002
 13:10:21.646,eb:33:2e:f9:57:b5, 2015-01-01 00:54:53.475,-0.006,0.012,1,-1.343,-0.549,-0.305, , , , , , ,0.764,0.731,-106.002
 13:10:21.646,eb:33:2e:f9:57:b5, 2015-01-01 00:54:53.475,-0.007,0.011,1,-1.343,-0.244,-0.305, , , , , , ,0.764,0.731,-106.002
 13:10:21.646,eb:33:2e:f9:57:b5, 2015-01-01 00:54:53.475,-0.007,0.011,0.999,-1.343,-0.122,-0.305, , , , , , ,0.764,0.731,-106.002
 13:10:21.646,eb:33:2e:f9:57:b5, 2015-01-01 00:54:53.475,-0.008,0.01,0.999,-1.343,0,-0.305, , , , , , ,0.764,0.731,-106.002
 13:10:21.646,eb:33:2e:f9:57:b5, 2015-01-01 00:54:53.475,-0.009,0.01,0.999,-1.282,0,-0.366, , , , , , ,0.764,0.731,-106.002
 13:10:21.646,eb:33:2e:f9:57:b5, 2015-01-01 00:54:53.475,-0.009,0.01,1,-1.343,0.122,-0.427, , , , , , ,0.764,0.731,-106.002
 13:10:21.646,eb:33:2e:f9:57:b5, 2015-01-01 00:54:53.475,-0.01,0.01,1,-1.343,0.305,-0.366, , , , , , ,0.764,0.731,-106.002
 13:10:21.646,eb:33:2e:f9:57:b5, 2015-01-01 00:54:53.475,-0.009,0.009,1,-1.282,0.366,-0.427, , , , , , ,0.764,0.731,-106.002
 13:10:21.691,eb:33:2e:f9:57:b5, 2015-01-01 00:54:53.475,-0.01,0.008,0.999,-1.282,0.427,-0.427, , , , , , ,0.764,0.731,-106.002
 13:10:21.691,eb:33:2e:f9:57:b5, 2015-01-01 00:54:53.475,-0.011,0.009,0.998,-1.221,0.427,-0.427, , , , , , ,0.764,0.731,-106.002
 13:10:21.691,eb:33:2e:f9:57:b5, 2015-01-01 00:54:53.475,-0.011,0.009,0.997,-1.16,0.366,-0.366, , , , , , ,0.764,0.731,-106.002
 13:10:21.691,eb:33:2e:f9:57:b5, 2015-01-01 00:54:53.475,-0.01,0.008,0.999,-1.099,0.305,-0.366, , , , , , ,0.764,0.731,-106.002
 13:10:21.691,eb:33:2e:f9:57:b5, 2015-01-01 00:54:53.475,-0.01,0.007,1,-1.038,0.305,-0.366, , , , , , ,0.764,0.731,-106.002
 13:10:21.691,eb:33:2e:f9:57:b5, 2015-01-01 00:54:53.475,-0.011,0.007,1,-0.916,0.366,-0.305, , , , , , ,0.764,0.731,-106.002
 13:10:21.691,eb:33:2e:f9:57:b5, 2015-01-01 00:54:53.475,-0.012,0.008,1,-0.854,0.366,-0.244, , , , , , ,0.764,0.731,-106.002
 13:10:21.691,eb:33:2e:f9:57:b5, 2015-01-01 00:54:53.475,-0.012,0.008,0.998,-0.854,0.244,-0.244, , , , , , ,0.764,0.731,-106.002
 13:10:21.714,eb:33:2e:f9:57:b5, 2015-01-01 00:54:53.475,-0.012,0.007,0.998,-0.793,0.183,-0.244, , , , , , ,0.764,0.731,-106.002
 13:10:21.714,eb:33:2e:f9:57:b5, 2015-01-01 00:54:53.475,-0.011,0.007,0.999,-0.671,0.122,-0.305, , , , , , ,0.764,0.731,-106.002
 13:10:21.714,eb:33:2e:f9:57:b5, 2015-01-01 00:54:53.475,-0.011,0.007,0.999,-0.671,0.061,-0.305, , , , , , ,0.764,0.731,-106.002
 13:10:21.714,eb:33:2e:f9:57:b5, 2015-01-01 00:54:53.475,-0.011,0.008,0.999,-0.61,0,-0.244, , , , , , ,0.764,0.731,-106.002
 13:10:21.714,eb:33:2e:f9:57:b5, 2015-01-01 00:54:53.475,-0.012,0.007,0.999,-0.61,0,-0.244, , , , , , ,0.764,0.731,-106.002
 13:10:21.714,eb:33:2e:f9:57:b5, 2015-01-01 00:54:53.475,-0.012,0.007,0.998,-0.549,-0.061,-0.305, , , , , , ,0.764,0.731,-106.002
 13:10:21.714,eb:33:2e:f9:57:b5, 2015-01-01 00:54:53.475,-0.011,0.008,0.998,-0.488,-0.122,-0.305, , , , , , ,0.764,0.731,-106.002
 13:10:21.714,eb:33:2e:f9:57:b5, 2015-01-01 00:54:53.475,-0.01,0.008,0.999,-0.427,-0.183,-0.244, , , , , , ,0.764,0.731,-106.002
 13:10:21.759,eb:33:2e:f9:57:b5, 2015-01-01 00:54:53.475,-0.011,0.008,0.999,-0.366,-0.244,-0.305, , , , , , ,0.764,0.731,-106.002
 13:10:21.759,eb:33:2e:f9:57:b5, 2015-01-01 00:54:53.475,-0.011,0.008,0.999,-0.366,-0.244,-0.244, , , , , , ,0.764,0.731,-106.007
 13:10:21.759,eb:33:2e:f9:57:b5, 2015-01-01 00:54:53.475,-0.009,0.009,0.998,-0.244,-0.244,-0.183, , , , , , ,0.764,0.731,-106.007
 13:10:21.759,eb:33:2e:f9:57:b5, 2015-01-01 00:54:53.475,-0.01,0.009,0.998,-0.305,-0.183,-0.244, , , , , , ,0.764,0.731,-106.007
 13:10:21.759,eb:33:2e:f9:57:b5, 2015-01-01 00:54:53.475,-0.009,0.009,0.998,-0.305,-0.061,-0.305, , , , , , ,0.764,0.731,-106.007
 13:10:21.759,eb:33:2e:f9:57:b5, 2015-01-01 00:54:53.475,-0.009,0.008,0.998,-0.305,0,-0.244, , , , , , ,0.764,0.731,-106.007
 13:10:21.760,eb:33:2e:f9:57:b5, 2015-01-01 00:54:53.475,-0.008,0.009,0.999,-0.366,0.061,-0.244, , , , , , ,0.764,0.731,-106.007
 13:10:21.760,eb:33:2e:f9:57:b5, 2015-01-01 00:54:53.475,-0.008,0.008,0.999,-0.366,0.244,-0.244, , , , , , ,0.764,0.731,-106.007
 13:10:21.805,eb:33:2e:f9:57:b5, 2015-01-01 00:54:53.475,-0.01,0.009,1,-0.366,0.244,-0.244, , , , , , ,0.764,0.731,-106.007
 13:10:21.805,eb:33:2e:f9:57:b5, 2015-01-01 00:54:53.475,-0.011,0.009,1,-0.305,0.244,-0.244, , , , , , ,0.764,0.731,-106.007
 13:10:21.805,eb:33:2e:f9:57:b5, 2015-01-01 00:54:53.475,-0.014,0.007,1,-0.305,0.305,-0.183, , , , , , ,0.764,0.731,-106.007
 13:10:21.805,eb:33:2e:f9:57:b5, 2015-01-01 00:54:53.475,-0.011,0.007,0.997,-0.305,0.122,-0.183, , , , , , ,0.764,0.731,-106.007
 13:10:21.805,eb:33:2e:f9:57:b5, 2015-01-01 00:54:53.475,-0.011,0.008,0.999,-0.183,0,-0.305, , , , , , ,0.764,0.731,-106.007
 13:10:21.805,eb:33:2e:f9:57:b5, 2015-01-01 00:54:53.475,-0.013,0.006,0.999,-0.122,0,-0.366, , , , , , ,0.764,0.731,-106.007
 13:10:21.805,eb:33:2e:f9:57:b5, 2015-01-01 00:54:53.475,-0.014,0.007,0.998,-0.061,-0.122,-0.305, , , , , , ,0.764,0.731,-106.007
 13:10:21.805,eb:33:2e:f9:57:b5, 2015-01-01 00:54:53.475,-0.016,0.007,0.995,0,-0.305,-0.305, , , , , , ,0.764,0.731,-106.007
 13:10:21.850,eb:33:2e:f9:57:b5, 2015-01-01 00:54:53.475,-0.014,0.005,0.994,0,-0.671,-0.244, , , , , , ,0.764,0.731,-106.007
 13:10:21.850,eb:33:2e:f9:57:b5, 2015-01-01 00:54:53.475,-0.008,0.008,0.994,0.061,-0.977,-0.244, , , , , , ,0.758,0.725,-106.007
 13:10:21.850,eb:33:2e:f9:57:b5, 2015-01-01 00:54:53.475,-0.008,0.008,0.998,0.061,-0.854,-0.305, , , , , , ,0.758,0.725,-106.007
 13:10:21.850,eb:33:2e:f9:57:b5, 2015-01-01 00:54:53.475,-0.01,0.007,0.998,0.122,-0.732,-0.244, , , , , , ,0.758,0.725,-106.007
 13:10:21.850,eb:33:2e:f9:57:b5, 2015-01-01 00:54:53.475,-0.011,0.008,0.997,0.122,-0.793,-0.244, , , , , , ,0.758,0.725,-106.007
 13:10:21.850,eb:33:2e:f9:57:b5, 2015-01-01 00:54:53.475,-0.009,0.009,0.995,0.183,-0.854,-0.244, , , , , , ,0.758,0.725,-106.007
 13:10:21.850,eb:33:2e:f9:57:b5, 2015-01-01 00:54:53.475,-0.009,0.009,0.996,0.061,-0.854,-0.305, , , , , , ,0.758,0.725,-106.007
 13:10:21.850,eb:33:2e:f9:57:b5, 2015-01-01 00:54:53.475,-0.007,0.009,0.996,0,-0.793,-0.244, , , , , , ,0.758,0.725,-106.007
 13:10:21.895,eb:33:2e:f9:57:b5, 2015-01-01 00:54:53.475,-0.007,0.009,0.997,0,-0.732,-0.183, , , , , , ,0.758,0.725,-106.007
 13:10:21.895,eb:33:2e:f9:57:b5, 2015-01-01 00:54:53.475,-0.009,0.01,0.997,0,-0.61,-0.244, , , , , , ,0.758,0.725,-106.007
 13:10:21.895,eb:33:2e:f9:57:b5, 2015-01-01 00:54:53.475,-0.007,0.01,0.996,-0.122,-0.61,-0.244, , , , , , ,0.758,0.725,-106.007
 13:10:21.895,eb:33:2e:f9:57:b5, 2015-01-01 00:54:53.475,-0.006,0.009,0.996,-0.122,-0.488,-0.244, , , , , , ,0.758,0.725,-106.007
 13:10:21.895,eb:33:2e:f9:57:b5, 2015-01-01 00:54:53.475,-0.007,0.009,0.996,-0.183,-0.427,-0.244, , , , , , ,0.758,0.725,-106.007
 13:10:21.895,eb:33:2e:f9:57:b5, 2015-01-01 00:54:53.475,-0.007,0.009,0.996,-0.244,-0.305,-0.244, , , , , , ,0.758,0.725,-106.007
 13:10:21.895,eb:33:2e:f9:57:b5, 2015-01-01 00:54:53.475,-0.007,0.009,0.997,-0.366,-0.122,-0.244, , , , , , ,0.758,0.725,-106.007
 13:10:21.895,eb:33:2e:f9:57:b5, 2015-01-01 00:54:53.475,-0.007,0.009,0.996,-0.366,-0.122,-0.183, , , , , , ,0.758,0.725,-106.007
 13:10:21.917,eb:33:2e:f9:57:b5, 2015-01-01 00:54:53.765,-0.008,0.009,0.996,-0.427,-0.061,-0.183, , , , , , ,0.758,0.725,-106.007
 13:10:21.917,eb:33:2e:f9:57:b5, 2015-01-01 00:54:53.765,-0.008,0.008,0.997,-0.488,0,-0.122, , , , , , ,0.758,0.725,-106.007
 13:10:21.917,eb:33:2e:f9:57:b5, 2015-01-01 00:54:53.765,-0.008,0.008,0.997,-0.488,0,-0.122, , , , , , ,0.758,0.725,-106.007
 13:10:21.917,eb:33:2e:f9:57:b5, 2015-01-01 00:54:53.765,-0.008,0.007,0.998,-0.549,0.061,-0.122, , , , , , ,0.758,0.725,-106.007
 13:10:21.917,eb:33:2e:f9:57:b5, 2015-01-01 00:54:53.765,-0.01,0.007,0.998,-0.549,0.061,-0.122, , , , , , ,0.758,0.725,-106.007
 13:10:21.917,eb:33:2e:f9:57:b5, 2015-01-01 00:54:53.765,-0.01,0.007,0.998,-0.488,0.061,-0.122, , , , , , ,0.758,0.725,-106.007
 13:10:21.917,eb:33:2e:f9:57:b5, 2015-01-01 00:54:53.765,-0.011,0.007,0.998,-0.427,0,-0.122, , , , , , ,0.758,0.725,-106.007
 13:10:21.917,eb:33:2e:f9:57:b5, 2015-01-01 00:54:53.765,-0.011,0.007,0.998,-0.366,-0.061,-0.122, , , , , , ,0.758,0.725,-106.007
 13:10:21.961,eb:33:2e:f9:57:b5, 2015-01-01 00:54:53.765,-0.011,0.006,0.997,-0.305,-0.183,-0.122, , , , , , ,0.758,0.725,-106.007
 13:10:21.961,eb:33:2e:f9:57:b5, 2015-01-01 00:54:53.765,-0.012,0.007,0.997,-0.305,-0.366,-0.122, , , , , , ,0.758,0.725,-106.007
 13:10:21.961,eb:33:2e:f9:57:b5, 2015-01-01 00:54:53.765,-0.013,0.006,0.998,-0.244,-0.549,-0.122, , , , , , ,0.758,0.725,-106.007
 13:10:21.962,eb:33:2e:f9:57:b5, 2015-01-01 00:54:53.765,-0.01,0.004,0.997,-0.122,-0.793,-0.061, , , , , , ,0.758,0.725,-106.007
 13:10:21.962,eb:33:2e:f9:57:b5, 2015-01-01 00:54:53.765,-0.011,0.007,0.998,-0.061,-0.854,-0.122, , , , , , ,0.758,0.725,-106.007
 13:10:21.962,eb:33:2e:f9:57:b5, 2015-01-01 00:54:53.765,-0.012,0.007,0.997,-0.061,-0.916,-0.183, , , , , , ,0.753,0.725,-106.007
 13:10:21.962,eb:33:2e:f9:57:b5, 2015-01-01 00:54:53.765,-0.009,0.006,0.995,0,-1.099,-0.122, , , , , , ,0.753,0.725,-106.007
 13:10:21.962,eb:33:2e:f9:57:b5, 2015-01-01 00:54:53.765,-0.01,0.006,0.995,0,-1.099,-0.183, , , , , , ,0.753,0.725,-106.007
 13:10:22.006,eb:33:2e:f9:57:b5, 2015-01-01 00:54:53.765,-0.008,0.006,0.996,0,-1.221,-0.122, , , , , , ,0.753,0.725,-106.007
 13:10:22.006,eb:33:2e:f9:57:b5, 2015-01-01 00:54:53.765,-0.007,0.008,0.997,0,-1.16,-0.122, , , , , , ,0.753,0.725,-106.007
 13:10:22.006,eb:33:2e:f9:57:b5, 2015-01-01 00:54:53.765,-0.006,0.009,0.997,0,-1.038,-0.122, , , , , , ,0.753,0.725,-106.007
 13:10:22.006,eb:33:2e:f9:57:b5, 2015-01-01 00:54:53.765,-0.006,0.008,0.996,-0.061,-0.977,-0.122, , , , , , ,0.753,0.725,-106.007
 13:10:22.006,eb:33:2e:f9:57:b5, 2015-01-01 00:54:53.765,-0.006,0.009,0.996,-0.061,-0.854,-0.183, , , , , , ,0.753,0.725,-106.007
 13:10:22.006,eb:33:2e:f9:57:b5, 2015-01-01 00:54:53.765,-0.006,0.009,0.996,-0.122,-0.793,-0.122, , , , , , ,0.753,0.725,-106.007
 13:10:22.006,eb:33:2e:f9:57:b5, 2015-01-01 00:54:53.765,-0.005,0.009,0.997,-0.183,-0.549,-0.122, , , , , , ,0.753,0.725,-106.007
 13:10:22.006,eb:33:2e:f9:57:b5, 2015-01-01 00:54:53.765,-0.005,0.009,0.996,-0.244,-0.427,-0.061, , , , , , ,0.753,0.725,-106.007
 13:10:22.051,eb:33:2e:f9:57:b5, 2015-01-01 00:54:53.765,-0.006,0.008,0.997,-0.305,-0.366,-0.122, , , , , , ,0.753,0.725,-106.007
 13:10:22.051,eb:33:2e:f9:57:b5, 2015-01-01 00:54:53.765,-0.006,0.009,0.997,-0.366,-0.305,-0.061, , , , , , ,0.753,0.72,-106.007
 13:10:22.051,eb:33:2e:f9:57:b5, 2015-01-01 00:54:53.765,-0.006,0.008,0.996,-0.427,-0.183,-0.061, , , , , , ,0.753,0.72,-106.007
 13:10:22.051,eb:33:2e:f9:57:b5, 2015-01-01 00:54:53.765,-0.006,0.009,0.997,-0.366,-0.122,-0.061, , , , , , ,0.753,0.72,-106.007
 13:10:22.051,eb:33:2e:f9:57:b5, 2015-01-01 00:54:53.765,-0.008,0.008,0.998,-0.366,-0.061,-0.122, , , , , , ,0.753,0.72,-106.007
 13:10:22.051,eb:33:2e:f9:57:b5, 2015-01-01 00:54:53.765,-0.007,0.007,0.996,-0.366,-0.122,-0.122, , , , , , ,0.753,0.72,-106.007
 13:10:22.051,eb:33:2e:f9:57:b5, 2015-01-01 00:54:53.765,-0.008,0.007,0.997,-0.366,-0.061,-0.183, , , , , , ,0.753,0.72,-106.007
 13:10:22.051,eb:33:2e:f9:57:b5, 2015-01-01 00:54:53.765,-0.008,0.006,0.996,-0.305,-0.122,-0.122, , , , , , ,0.753,0.72,-106.007
 13:10:22.075,eb:33:2e:f9:57:b5, 2015-01-01 00:54:53.765,-0.008,0.006,0.997,-0.183,-0.183,-0.122, , , , , , ,0.753,0.72,-106.007
 13:10:22.075,eb:33:2e:f9:57:b5, 2015-01-01 00:54:53.765,-0.008,0.005,0.998,-0.122,-0.244,-0.061, , , , , , ,0.753,0.72,-106.007
 13:10:22.075,eb:33:2e:f9:57:b5, 2015-01-01 00:54:53.765,-0.008,0.005,0.998,-0.061,-0.305,-0.061, , , , , , ,0.753,0.72,-106.007
 13:10:22.075,eb:33:2e:f9:57:b5, 2015-01-01 00:54:53.765,-0.007,0.005,0.998,0,-0.244,-0.061, , , , , , ,0.753,0.72,-106.007
 13:10:22.075,eb:33:2e:f9:57:b5, 2015-01-01 00:54:53.765,-0.008,0.005,0.998,0,-0.305,0, , , , , , ,0.753,0.72,-106.007
 13:10:22.075,eb:33:2e:f9:57:b5, 2015-01-01 00:54:53.765,-0.007,0.006,0.998,0.061,-0.305,0, , , , , , ,0.747,0.72,-106.007
 13:10:22.075,eb:33:2e:f9:57:b5, 2015-01-01 00:54:53.765,-0.007,0.006,0.998,0.122,-0.305,0, , , , , , ,0.747,0.72,-106.007
 13:10:22.075,eb:33:2e:f9:57:b5, 2015-01-01 00:54:53.765,-0.007,0.006,0.999,0.061,-0.183,0, , , , , , ,0.747,0.72,-106.007
 13:10:22.120,eb:33:2e:f9:57:b5, 2015-01-01 00:54:53.765,-0.008,0.007,0.998,0.061,-0.122,0.061, , , , , , ,0.747,0.72,-106.007
 13:10:22.120,eb:33:2e:f9:57:b5, 2015-01-01 00:54:53.765,-0.007,0.007,0.998,0,-0.183,0.122, , , , , , ,0.747,0.72,-106.007
 13:10:22.120,eb:33:2e:f9:57:b5, 2015-01-01 00:54:53.765,-0.008,0.008,0.997,0.061,-0.183,0.061, , , , , , ,0.747,0.72,-106.007
 13:10:22.120,eb:33:2e:f9:57:b5, 2015-01-01 00:54:53.765,-0.009,0.007,0.998,0,-0.183,0.122, , , , , , ,0.747,0.72,-106.007
 13:10:22.120,eb:33:2e:f9:57:b5, 2015-01-01 00:54:53.765,-0.008,0.007,0.997,0,-0.244,0.122, , , , , , ,0.747,0.72,-106.007
 13:10:22.120,eb:33:2e:f9:57:b5, 2015-01-01 00:54:53.765,-0.009,0.007,0.997,0,-0.244,0.122, , , , , , ,0.747,0.72,-106.007
 13:10:22.120,eb:33:2e:f9:57:b5, 2015-01-01 00:54:53.765,-0.007,0.008,0.996,0,-0.244,0.122, , , , , , ,0.747,0.72,-106.007
 13:10:22.120,eb:33:2e:f9:57:b5, 2015-01-01 00:54:53.765,-0.007,0.007,0.997,0,-0.183,0.122, , , , , , ,0.747,0.72,-106.007
 13:10:22.165,eb:33:2e:f9:57:b5, 2015-01-01 00:54:53.765,-0.007,0.008,0.998,-0.061,-0.183,0.183, , , , , , ,0.747,0.72,-106.007
 13:10:22.165,eb:33:2e:f9:57:b5, 2015-01-01 00:54:53.765,-0.006,0.008,0.997,-0.061,-0.122,0.183, , , , , , ,0.747,0.714,-106.007
 13:10:22.165,eb:33:2e:f9:57:b5, 2015-01-01 00:54:53.765,-0.005,0.007,0.997,-0.122,0,0.122, , , , , , ,0.747,0.714,-106.007
 13:10:22.165,eb:33:2e:f9:57:b5, 2015-01-01 00:54:53.765,-0.005,0.008,0.997,-0.122,0.122,0.183, , , , , , ,0.747,0.714,-106.007
 13:10:22.165,eb:33:2e:f9:57:b5, 2015-01-01 00:54:53.765,-0.004,0.008,0.998,-0.122,0.305,0.183, , , , , , ,0.747,0.714,-106.007
 13:10:22.165,eb:33:2e:f9:57:b5, 2015-01-01 00:54:53.765,-0.004,0.007,0.999,-0.122,0.488,0.122, , , , , , ,0.747,0.714,-106.007
 13:10:22.165,eb:33:2e:f9:57:b5, 2015-01-01 00:54:53.765,-0.005,0.008,0.998,-0.183,0.732,0.122, , , , , , ,0.747,0.714,-106.007
 13:10:22.165,eb:33:2e:f9:57:b5, 2015-01-01 00:54:53.765,-0.005,0.009,0.997,-0.183,0.793,0.122, , , , , , ,0.747,0.714,-106.007
 13:10:22.209,eb:33:2e:f9:57:b5, 2015-01-01 00:54:53.765,-0.005,0.008,0.997,-0.183,0.916,0.183, , , , , , ,0.747,0.714,-106.007
 13:10:22.209,eb:33:2e:f9:57:b5, 2015-01-01 00:54:53.765,-0.005,0.008,0.996,-0.244,0.977,0.183, , , , , , ,0.742,0.714,-106.007
 13:10:22.210,eb:33:2e:f9:57:b5, 2015-01-01 00:54:53.765,-0.006,0.007,0.995,-0.244,1.099,0.183, , , , , , ,0.742,0.714,-106.007
 13:10:22.210,eb:33:2e:f9:57:b5, 2015-01-01 00:54:53.765,-0.007,0.007,0.995,-0.366,1.16,0.183, , , , , , ,0.742,0.714,-106.007
 13:10:22.210,eb:33:2e:f9:57:b5, 2015-01-01 00:54:53.765,-0.007,0.008,0.994,-0.366,1.16,0.183, , , , , , ,0.742,0.714,-106.007
 13:10:22.210,eb:33:2e:f9:57:b5, 2015-01-01 00:54:53.765,-0.007,0.008,0.995,-0.427,1.16,0.244, , , , , , ,0.742,0.714,-106.007
 13:10:22.210,eb:33:2e:f9:57:b5, 2015-01-01 00:54:53.765,-0.006,0.008,0.995,-0.549,1.282,0.183, , , , , , ,0.742,0.714,-106.007
 13:10:22.210,eb:33:2e:f9:57:b5, 2015-01-01 00:54:53.765,-0.006,0.008,0.996,-0.61,1.343,0.183, , , , , , ,0.742,0.714,-106.007
 13:10:22.256,eb:33:2e:f9:57:b5, 2015-01-01 00:54:54.080,-0.007,0.008,0.996,-0.732,1.465,0.183, , , , , , ,0.742,0.714,-106.007
 13:10:22.256,eb:33:2e:f9:57:b5, 2015-01-01 00:54:54.080,-0.006,0.007,0.997,-0.732,1.587,0.183, , , , , , ,0.742,0.714,-106.007
 13:10:22.256,eb:33:2e:f9:57:b5, 2015-01-01 00:54:54.080,-0.008,0.006,0.998,-0.793,1.648,0.183, , , , , , ,0.742,0.714,-106.007
 13:10:22.256,eb:33:2e:f9:57:b5, 2015-01-01 00:54:54.080,-0.009,0.008,0.998,-0.793,1.77,0.183, , , , , , ,0.742,0.714,-106.007
 13:10:22.256,eb:33:2e:f9:57:b5, 2015-01-01 00:54:54.080,-0.011,0.008,0.998,-0.854,1.831,0.244, , , , , , ,0.742,0.714,-106.007
 13:10:22.256,eb:33:2e:f9:57:b5, 2015-01-01 00:54:54.080,-0.011,0.008,0.997,-0.916,1.77,0.183, , , , , , ,0.742,0.714,-106.007
 13:10:22.256,eb:33:2e:f9:57:b5, 2015-01-01 00:54:54.080,-0.011,0.006,0.996,-0.916,1.709,0.122, , , , , , ,0.742,0.714,-106.007
 13:10:22.256,eb:33:2e:f9:57:b5, 2015-01-01 00:54:54.080,-0.011,0.005,0.995,-0.916,1.648,0.122, , , , , , ,0.742,0.714,-106.007
 13:10:22.276,eb:33:2e:f9:57:b5, 2015-01-01 00:54:54.080,-0.01,0.006,0.996,-0.916,1.526,0.122, , , , , , ,0.742,0.714,-106.007
 13:10:22.276,eb:33:2e:f9:57:b5, 2015-01-01 00:54:54.080,-0.009,0.006,0.997,-0.977,1.526,0.183, , , , , , ,0.736,0.709,-106.007
 13:10:22.276,eb:33:2e:f9:57:b5, 2015-01-01 00:54:54.080,-0.01,0.006,0.998,-0.977,1.526,0.183, , , , , , ,0.736,0.709,-106.007
 13:10:22.276,eb:33:2e:f9:57:b5, 2015-01-01 00:54:54.080,-0.01,0.005,0.997,-0.916,1.465,0.183, , , , , , ,0.736,0.709,-106.007
 13:10:22.276,eb:33:2e:f9:57:b5, 2015-01-01 00:54:54.080,-0.009,0.005,0.998,-0.916,1.465,0.122, , , , , , ,0.736,0.709,-106.007
 13:10:22.276,eb:33:2e:f9:57:b5, 2015-01-01 00:54:54.080,-0.008,0.006,1,-0.854,1.465,0, , , , , , ,0.736,0.709,-106.013
 13:10:22.276,eb:33:2e:f9:57:b5, 2015-01-01 00:54:54.080,-0.008,0.004,1,-0.916,1.648,0, , , , , , ,0.736,0.709,-106.013
 13:10:22.276,eb:33:2e:f9:57:b5, 2015-01-01 00:54:54.080,-0.009,0.004,1.001,-0.854,1.831,0.061, , , , , , ,0.736,0.709,-106.013
 13:10:22.322,eb:33:2e:f9:57:b5, 2015-01-01 00:54:54.080,-0.009,0.005,1.001,-0.854,1.953,0, , , , , , ,0.736,0.709,-106.013
 13:10:22.322,eb:33:2e:f9:57:b5, 2015-01-01 00:54:54.080,-0.01,0.005,1,-0.732,2.014,0, , , , , , ,0.736,0.709,-106.013
 13:10:22.322,eb:33:2e:f9:57:b5, 2015-01-01 00:54:54.080,-0.011,0.005,1,-0.671,2.136,-0.061, , , , , , ,0.736,0.709,-106.013
 13:10:22.322,eb:33:2e:f9:57:b5, 2015-01-01 00:54:54.080,-0.011,0.005,1,-0.61,2.197,-0.122, , , , , , ,0.736,0.709,-106.013
 13:10:22.322,eb:33:2e:f9:57:b5, 2015-01-01 00:54:54.080,-0.011,0.005,1,-0.61,2.197,-0.122, , , , , , ,0.736,0.709,-106.013
 13:10:22.322,eb:33:2e:f9:57:b5, 2015-01-01 00:54:54.080,-0.012,0.005,0.999,-0.488,2.258,-0.183, , , , , , ,0.736,0.709,-106.013
 13:10:22.322,eb:33:2e:f9:57:b5, 2015-01-01 00:54:54.080,-0.012,0.004,0.998,-0.427,2.258,-0.244, , , , , , ,0.736,0.709,-106.013
 13:10:22.322,eb:33:2e:f9:57:b5, 2015-01-01 00:54:54.080,-0.013,0.004,0.998,-0.366,2.197,-0.366, , , , , , ,0.736,0.709,-106.013
 13:10:22.366,eb:33:2e:f9:57:b5, 2015-01-01 00:54:54.080,-0.015,0.003,0.998,-0.305,2.075,-0.305, , , , , , ,0.736,0.709,-106.013
 13:10:22.366,eb:33:2e:f9:57:b5, 2015-01-01 00:54:54.080,-0.019,0.002,0.997,-0.183,1.953,-0.244, , , , , , ,0.731,0.709,-106.013
 13:10:22.366,eb:33:2e:f9:57:b5, 2015-01-01 00:54:54.080,-0.011,0.003,0.995,-0.061,1.465,-0.366, , , , , , ,0.731,0.709,-106.013
 13:10:22.366,eb:33:2e:f9:57:b5, 2015-01-01 00:54:54.080,-0.014,0.004,1,-0.061,1.587,-0.427, , , , , , ,0.731,0.709,-106.013
 13:10:22.366,eb:33:2e:f9:57:b5, 2015-01-01 00:54:54.080,-0.014,0.004,0.999,0,1.465,-0.488, , , , , , ,0.731,0.709,-106.013
 13:10:22.366,eb:33:2e:f9:57:b5, 2015-01-01 00:54:54.080,-0.014,0.003,0.998,0,1.343,-0.549, , , , , , ,0.731,0.703,-106.013
 13:10:22.366,eb:33:2e:f9:57:b5, 2015-01-01 00:54:54.080,-0.016,0.004,0.997,0.122,1.282,-0.61, , , , , , ,0.731,0.703,-106.013
 13:10:22.368,eb:33:2e:f9:57:b5, 2015-01-01 00:54:54.080,-0.015,0.003,0.995,0.244,0.977,-0.61, , , , , , ,0.731,0.703,-106.013
 13:10:22.413,eb:33:2e:f9:57:b5, 2015-01-01 00:54:54.080,-0.015,0.006,0.997,0.305,0.854,-0.671, , , , , , ,0.731,0.703,-106.013
 13:10:22.413,eb:33:2e:f9:57:b5, 2015-01-01 00:54:54.080,-0.015,0.006,0.998,0.305,0.732,-0.732, , , , , , ,0.731,0.703,-106.013
 13:10:22.413,eb:33:2e:f9:57:b5, 2015-01-01 00:54:54.080,-0.015,0.003,0.997,0.427,0.61,-0.732, , , , , , ,0.731,0.703,-106.013
 13:10:22.413,eb:33:2e:f9:57:b5, 2015-01-01 00:54:54.080,-0.017,0.004,0.996,0.366,0.488,-0.793, , , , , , ,0.731,0.703,-106.013
 13:10:22.413,eb:33:2e:f9:57:b5, 2015-01-01 00:54:54.080,-0.014,0.005,0.995,0.427,0.305,-0.732, , , , , , ,0.731,0.703,-106.013
 13:10:22.413,eb:33:2e:f9:57:b5, 2015-01-01 00:54:54.080,-0.015,0.005,0.996,0.427,0.183,-0.854, , , , , , ,0.731,0.703,-106.013
 13:10:22.413,eb:33:2e:f9:57:b5, 2015-01-01 00:54:54.080,-0.016,0.005,0.995,0.427,0.061,-0.854, , , , , , ,0.731,0.703,-106.013
 13:10:22.413,eb:33:2e:f9:57:b5, 2015-01-01 00:54:54.080,-0.014,0.005,0.994,0.488,0,-0.854, , , , , , ,0.731,0.703,-106.013
 13:10:22.457,eb:33:2e:f9:57:b5, 2015-01-01 00:54:54.080,-0.014,0.005,0.995,0.427,-0.122,-0.793, , , , , , ,0.731,0.703,-106.013
 13:10:22.457,eb:33:2e:f9:57:b5, 2015-01-01 00:54:54.080,-0.013,0.006,0.996,0.427,-0.122,-0.793, , , , , , ,0.725,0.703,-106.013
 13:10:22.457,eb:33:2e:f9:57:b5, 2015-01-01 00:54:54.080,-0.013,0.006,0.995,0.305,-0.122,-0.793, , , , , , ,0.725,0.703,-106.013
 13:10:22.457,eb:33:2e:f9:57:b5, 2015-01-01 00:54:54.080,-0.012,0.006,0.996,0.244,-0.061,-0.732, , , , , , ,0.725,0.703,-106.013
 13:10:22.457,eb:33:2e:f9:57:b5, 2015-01-01 00:54:54.080,-0.011,0.006,0.999,0.244,0,-0.671, , , , , , ,0.725,0.703,-106.013
 13:10:22.457,eb:33:2e:f9:57:b5, 2015-01-01 00:54:54.080,-0.013,0.005,1,0.244,0.061,-0.732, , , , , , ,0.725,0.703,-106.013
 13:10:22.457,eb:33:2e:f9:57:b5, 2015-01-01 00:54:54.080,-0.009,0.003,0.998,0.244,0,-0.61, , , , , , ,0.725,0.703,-106.013
 13:10:22.457,eb:33:2e:f9:57:b5, 2015-01-01 00:54:54.080,-0.014,0.007,1,0.244,0.244,-0.671, , , , , , ,0.725,0.703,-106.013
 13:10:22.483,eb:33:2e:f9:57:b5, 2015-01-01 00:54:54.080,-0.014,0.004,0.998,0.244,0.244,-0.671, , , , , , ,0.725,0.703,-106.013
 13:10:22.483,eb:33:2e:f9:57:b5, 2015-01-01 00:54:54.080,-0.011,0.005,0.998,0.244,0.122,-0.549, , , , , , ,0.725,0.703,-106.013
 13:10:22.483,eb:33:2e:f9:57:b5, 2015-01-01 00:54:54.080,-0.013,0.005,0.999,0.305,0.183,-0.549, , , , , , ,0.725,0.703,-106.013
 13:10:22.483,eb:33:2e:f9:57:b5, 2015-01-01 00:54:54.080,-0.014,0.002,0.999,0.427,0.244,-0.488, , , , , , ,0.725,0.703,-106.013
 13:10:22.483,eb:33:2e:f9:57:b5, 2015-01-01 00:54:54.080,-0.015,0.003,0.999,0.549,0.061,-0.366, , , , , , ,0.725,0.703,-106.013
 13:10:22.483,eb:33:2e:f9:57:b5, 2015-01-01 00:54:54.080,-0.013,0.004,0.998,0.488,0,-0.244, , , , , , ,0.72,0.703,-106.013
 13:10:22.483,eb:33:2e:f9:57:b5, 2015-01-01 00:54:54.080,-0.015,0.008,0.999,0.488,0.061,-0.366, , , , , , ,0.72,0.703,-106.013
 13:10:22.483,eb:33:2e:f9:57:b5, 2015-01-01 00:54:54.080,-0.017,0.006,0.999,0.488,0.061,-0.244, , , , , , ,0.72,0.703,-106.013
 13:10:22.524,eb:33:2e:f9:57:b5, 2015-01-01 00:54:54.080,-0.014,0.004,0.995,0.427,0,-0.244, , , , , , ,0.72,0.703,-106.013
 13:10:22.524,eb:33:2e:f9:57:b5, 2015-01-01 00:54:54.080,-0.014,0.007,0.998,0.488,-0.183,-0.244, , , , , , ,0.72,0.703,-106.013
 13:10:22.524,eb:33:2e:f9:57:b5, 2015-01-01 00:54:54.080,-0.014,0.004,0.997,0.488,-0.183,-0.244, , , , , , ,0.72,0.703,-106.013
 13:10:22.524,eb:33:2e:f9:57:b5, 2015-01-01 00:54:54.080,-0.015,0.005,0.999,0.427,-0.122,-0.244, , , , , , ,0.72,0.703,-106.013
 13:10:22.524,eb:33:2e:f9:57:b5, 2015-01-01 00:54:54.080,-0.014,0.001,0.996,0.488,-0.366,0, , , , , , ,0.72,0.703,-106.013
 13:10:22.524,eb:33:2e:f9:57:b5, 2015-01-01 00:54:54.080,-0.015,0.004,0.997,0.549,-0.549,-0.061, , , , , , ,0.72,0.703,-106.013
 13:10:22.524,eb:33:2e:f9:57:b5, 2015-01-01 00:54:54.080,-0.012,0.004,0.997,0.61,-0.61,-0.061, , , , , , ,0.72,0.703,-106.013
 13:10:22.524,eb:33:2e:f9:57:b5, 2015-01-01 00:54:54.080,-0.017,0.006,0.999,0.61,-0.61,0, , , , , , ,0.72,0.703,-106.013
 13:10:22.568,eb:33:2e:f9:57:b5, 2015-01-01 00:54:54.370,-0.017,0.004,0.996,0.671,-0.793,0, , , , , , ,0.72,0.703,-106.013
 13:10:22.568,eb:33:2e:f9:57:b5, 2015-01-01 00:54:54.370,-0.019,0.006,0.996,0.61,-0.977,0, , , , , , ,0.714,0.703,-106.013
 13:10:22.568,eb:33:2e:f9:57:b5, 2015-01-01 00:54:54.370,-0.012,0.002,0.995,0.732,-1.282,0.061, , , , , , ,0.714,0.703,-106.013
 13:10:22.568,eb:33:2e:f9:57:b5, 2015-01-01 00:54:54.370,-0.014,0.008,0.999,0.732,-1.16,0.061, , , , , , ,0.714,0.703,-106.013
 13:10:22.568,eb:33:2e:f9:57:b5, 2015-01-01 00:54:54.370,-0.014,0.005,0.997,0.732,-1.282,0.061, , , , , , ,0.714,0.703,-106.013
 13:10:22.568,eb:33:2e:f9:57:b5, 2015-01-01 00:54:54.370,-0.012,0.004,0.999,0.793,-1.343,0.183, , , , , , ,0.714,0.703,-106.013
 13:10:22.568,eb:33:2e:f9:57:b5, 2015-01-01 00:54:54.370,-0.014,0.006,0.999,0.854,-1.282,0.183, , , , , , ,0.714,0.703,-106.013
 13:10:22.568,eb:33:2e:f9:57:b5, 2015-01-01 00:54:54.370,-0.011,0.004,0.999,0.916,-1.343,0.183, , , , , , ,0.714,0.703,-106.013
 13:10:22.660,eb:33:2e:f9:57:b5, 2015-01-01 00:54:54.370,-0.012,0.004,1,1.099,-1.282,0.366, , , , , , ,0.714,0.703,-106.013
 13:10:22.660,eb:33:2e:f9:57:b5, 2015-01-01 00:54:54.370,-0.011,0.003,1,1.282,-1.282,0.488, , , , , , ,0.714,0.698,-106.013
 13:10:22.660,eb:33:2e:f9:57:b5, 2015-01-01 00:54:54.370,-0.014,0.008,0.998,1.282,-1.282,0.366, , , , , , ,0.714,0.698,-106.013
 13:10:22.660,eb:33:2e:f9:57:b5, 2015-01-01 00:54:54.370,-0.012,0.006,0.994,1.221,-1.404,0.427, , , , , , ,0.714,0.698,-106.013
 13:10:22.660,eb:33:2e:f9:57:b5, 2015-01-01 00:54:54.370,-0.011,0.005,0.996,1.282,-1.404,0.488, , , , , , ,0.714,0.698,-106.013
 13:10:22.660,eb:33:2e:f9:57:b5, 2015-01-01 00:54:54.370,-0.009,0.006,0.997,1.343,-1.465,0.488, , , , , , ,0.709,0.698,-106.013
 13:10:22.660,eb:33:2e:f9:57:b5, 2015-01-01 00:54:54.370,-0.01,0.008,0.997,1.282,-1.343,0.488, , , , , , ,0.709,0.698,-106.013
 13:10:22.660,eb:33:2e:f9:57:b5, 2015-01-01 00:54:54.370,-0.011,0.007,0.996,1.221,-1.343,0.549, , , , , , ,0.709,0.698,-106.013
 13:10:22.728,eb:33:2e:f9:57:b5, 2015-01-01 00:54:54.370,-0.009,0.008,0.995,1.16,-1.343,0.549, , , , , , ,0.709,0.698,-106.013
 13:10:22.728,eb:33:2e:f9:57:b5, 2015-01-01 00:54:54.370,-0.006,0.009,0.998,1.221,-1.16,0.488, , , , , , ,0.709,0.698,-106.013
 13:10:22.728,eb:33:2e:f9:57:b5, 2015-01-01 00:54:54.370,-0.01,0.009,0.999,1.16,-0.854,0.488, , , , , , ,0.709,0.698,-106.013
 13:10:22.728,eb:33:2e:f9:57:b5, 2015-01-01 00:54:54.370,-0.009,0.009,0.996,1.099,-0.916,0.549, , , , , , ,0.709,0.698,-106.013
 13:10:22.728,eb:33:2e:f9:57:b5, 2015-01-01 00:54:54.370,-0.009,0.01,0.998,1.038,-0.793,0.488, , , , , , ,0.709,0.698,-106.013
 13:10:22.728,eb:33:2e:f9:57:b5, 2015-01-01 00:54:54.370,-0.008,0.01,0.998,1.038,-0.732,0.427, , , , , , ,0.709,0.698,-106.018
 13:10:22.728,eb:33:2e:f9:57:b5, 2015-01-01 00:54:54.370,-0.007,0.01,0.998,0.916,-0.549,0.366, , , , , , ,0.709,0.698,-106.018
 13:10:22.728,eb:33:2e:f9:57:b5, 2015-01-01 00:54:54.370,-0.012,0.01,0.999,0.793,-0.244,0.366, , , , , , ,0.709,0.698,-106.018
 13:10:22.731,eb:33:2e:f9:57:b5, 2015-01-01 00:54:54.370,-0.011,0.008,0.994,0.732,-0.366,0.427, , , , , , ,0.709,0.698,-106.018
 13:10:22.731,eb:33:2e:f9:57:b5, 2015-01-01 00:54:54.370,-0.011,0.01,0.996,0.732,-0.427,0.366, , , , , , ,0.703,0.698,-106.018
 13:10:22.731,eb:33:2e:f9:57:b5, 2015-01-01 00:54:54.370,-0.009,0.01,0.996,0.671,-0.427,0.366, , , , , , ,0.703,0.698,-106.018
 13:10:22.731,eb:33:2e:f9:57:b5, 2015-01-01 00:54:54.370,-0.009,0.01,0.997,0.61,-0.366,0.305, , , , , , ,0.703,0.698,-106.018
 13:10:22.731,eb:33:2e:f9:57:b5, 2015-01-01 00:54:54.370,-0.009,0.01,0.997,0.488,-0.244,0.305, , , , , , ,0.703,0.698,-106.018
 13:10:22.731,eb:33:2e:f9:57:b5, 2015-01-01 00:54:54.370,-0.01,0.01,0.997,0.488,-0.244,0.244, , , , , , ,0.703,0.698,-106.018
 13:10:22.732,eb:33:2e:f9:57:b5, 2015-01-01 00:54:54.370,-0.014,0.009,0.995,0.427,-0.183,0.305, , , , , , ,0.703,0.698,-106.018
 13:10:22.732,eb:33:2e:f9:57:b5, 2015-01-01 00:54:54.370,-0.012,0.008,0.992,0.366,-0.366,0.305, , , , , , ,0.703,0.698,-106.018
 13:10:22.734,eb:33:2e:f9:57:b5, 2015-01-01 00:54:54.370,-0.011,0.009,0.994,0.305,-0.488,0.366, , , , , , ,0.703,0.698,-106.018
 13:10:22.734,eb:33:2e:f9:57:b5, 2015-01-01 00:54:54.370,-0.008,0.009,0.995,0.244,-0.488,0.305, , , , , , ,0.703,0.698,-106.018
 13:10:22.734,eb:33:2e:f9:57:b5, 2015-01-01 00:54:54.370,-0.007,0.01,0.997,0.183,-0.427,0.244, , , , , , ,0.703,0.698,-106.018
 13:10:22.735,eb:33:2e:f9:57:b5, 2015-01-01 00:54:54.370,-0.012,0.01,0.998,0.061,-0.183,0.305, , , , , , ,0.703,0.698,-106.018
 13:10:22.735,eb:33:2e:f9:57:b5, 2015-01-01 00:54:54.370,-0.011,0.009,0.992,0,-0.366,0.366, , , , , , ,0.703,0.698,-106.018
 13:10:22.735,eb:33:2e:f9:57:b5, 2015-01-01 00:54:54.370,-0.009,0.01,0.993,0,-0.488,0.305, , , , , , ,0.703,0.698,-106.018
 13:10:22.735,eb:33:2e:f9:57:b5, 2015-01-01 00:54:54.370,-0.009,0.009,0.997,0,-0.488,0.366, , , , , , ,0.703,0.698,-106.018
 13:10:22.735,eb:33:2e:f9:57:b5, 2015-01-01 00:54:54.370,-0.008,0.008,0.998,0,-0.366,0.488, , , , , , ,0.703,0.698,-106.018
 13:10:22.772,eb:33:2e:f9:57:b5, 2015-01-01 00:54:54.370,-0.012,0.011,0.995,-0.183,-0.244,0.366, , , , , , ,0.703,0.698,-106.018
 13:10:22.772,eb:33:2e:f9:57:b5, 2015-01-01 00:54:54.370,-0.004,0.006,0.995,-0.061,-0.366,0.366, , , , , , ,0.698,0.698,-106.018
 13:10:22.773,eb:33:2e:f9:57:b5, 2015-01-01 00:54:54.370,-0.013,0.012,1.001,-0.183,-0.061,0.305, , , , , , ,0.698,0.698,-106.018
 13:10:22.773,eb:33:2e:f9:57:b5, 2015-01-01 00:54:54.370,-0.007,0.008,0.995,-0.183,-0.366,0.427, , , , , , ,0.698,0.698,-106.018
 13:10:22.773,eb:33:2e:f9:57:b5, 2015-01-01 00:54:54.370,-0.008,0.013,0.998,-0.366,-0.183,0.305, , , , , , ,0.698,0.698,-106.018
 13:10:22.773,eb:33:2e:f9:57:b5, 2015-01-01 00:54:54.370,-0.008,0.007,0.998,-0.305,-0.061,0.366, , , , , , ,0.698,0.698,-106.018
 13:10:22.773,eb:33:2e:f9:57:b5, 2015-01-01 00:54:54.370,-0.012,0.011,0.999,-0.366,0,0.305, , , , , , ,0.698,0.698,-106.018
 13:10:22.774,eb:33:2e:f9:57:b5, 2015-01-01 00:54:54.370,-0.007,0.006,0.997,-0.366,0,0.366, , , , , , ,0.698,0.698,-106.018
 13:10:22.817,eb:33:2e:f9:57:b5, 2015-01-01 00:54:54.370,-0.009,0.009,0.999,-0.366,0.061,0.183, , , , , , ,0.698,0.698,-106.018
 13:10:22.817,eb:33:2e:f9:57:b5, 2015-01-01 00:54:54.370,-0.006,0.006,0.999,-0.305,0.061,0.244, , , , , , ,0.698,0.698,-106.018
 13:10:22.817,eb:33:2e:f9:57:b5, 2015-01-01 00:54:54.370,-0.012,0.01,1.001,-0.427,0.305,0.122, , , , , , ,0.698,0.698,-106.018
 13:10:22.817,eb:33:2e:f9:57:b5, 2015-01-01 00:54:54.370,-0.007,0.006,0.996,-0.305,0.183,0.122, , , , , , ,0.698,0.698,-106.018
 13:10:22.817,eb:33:2e:f9:57:b5, 2015-01-01 00:54:54.370,-0.011,0.012,1,-0.366,0.244,0.061, , , , , , ,0.698,0.698,-106.018
 13:10:22.817,eb:33:2e:f9:57:b5, 2015-01-01 00:54:54.370,-0.007,0.007,0.997,-0.305,0.244,0.183, , , , , , ,0.698,0.698,-106.018
 13:10:22.817,eb:33:2e:f9:57:b5, 2015-01-01 00:54:54.370,-0.011,0.013,0.999,-0.427,0.366,0.122, , , , , , ,0.698,0.698,-106.018
 13:10:22.817,eb:33:2e:f9:57:b5, 2015-01-01 00:54:54.370,-0.008,0.007,0.997,-0.366,0.366,0.122, , , , , , ,0.698,0.698,-106.018
 13:10:22.840,eb:33:2e:f9:57:b5, 2015-01-01 00:54:54.370,-0.012,0.011,0.998,-0.366,0.366,0.122, , , , , , ,0.698,0.698,-106.018
 13:10:22.840,eb:33:2e:f9:57:b5, 2015-01-01 00:54:54.370,-0.008,0.005,0.997,-0.244,0.183,0.183, , , , , , ,0.692,0.698,-106.018
 13:10:22.840,eb:33:2e:f9:57:b5, 2015-01-01 00:54:54.370,-0.011,0.009,0.999,-0.305,0.244,0.122, , , , , , ,0.692,0.698,-106.018
 13:10:22.840,eb:33:2e:f9:57:b5, 2015-01-01 00:54:54.370,-0.009,0.005,0.997,-0.183,0.183,0.122, , , , , , ,0.692,0.698,-106.018
 13:10:22.841,eb:33:2e:f9:57:b5, 2015-01-01 00:54:54.370,-0.011,0.008,0.999,-0.061,0.183,0.122, , , , , , ,0.692,0.698,-106.018
 13:10:22.841,eb:33:2e:f9:57:b5, 2015-01-01 00:54:54.370,-0.008,0.004,0.998,0,0.061,0.122, , , , , , ,0.692,0.698,-106.018
 13:10:22.841,eb:33:2e:f9:57:b5, 2015-01-01 00:54:54.370,-0.013,0.009,1,0,0.183,0.122, , , , , , ,0.692,0.698,-106.018
 13:10:22.841,eb:33:2e:f9:57:b5, 2015-01-01 00:54:54.370,-0.01,0.006,0.996,0.122,0.061,0.183, , , , , , ,0.692,0.698,-106.018
 13:10:22.885,eb:33:2e:f9:57:b5, 2015-01-01 00:54:54.370,-0.009,0.007,0.997,0.183,0,0.122, , , , , , ,0.692,0.698,-106.018
 13:10:22.885,eb:33:2e:f9:57:b5, 2015-01-01 00:54:54.370,-0.012,0.011,0.997,0.122,0.122,0.061, , , , , , ,0.692,0.698,-106.018
 13:10:22.885,eb:33:2e:f9:57:b5, 2015-01-01 00:54:54.370,-0.01,0.007,0.995,0.244,0.061,0.183, , , , , , ,0.692,0.698,-106.018
 13:10:22.885,eb:33:2e:f9:57:b5, 2015-01-01 00:54:54.370,-0.01,0.008,0.996,0.122,0,0.244, , , , , , ,0.692,0.698,-106.018
 13:10:22.885,eb:33:2e:f9:57:b5, 2015-01-01 00:54:54.370,-0.009,0.007,0.995,0.122,0,0.183, , , , , , ,0.692,0.698,-106.018
 13:10:22.885,eb:33:2e:f9:57:b5, 2015-01-01 00:54:54.370,-0.009,0.01,0.996,0.061,0.061,0.122, , , , , , ,0.692,0.698,-106.018
 13:10:22.885,eb:33:2e:f9:57:b5, 2015-01-01 00:54:54.370,-0.01,0.009,0.994,0,0.061,0.122, , , , , , ,0.692,0.698,-106.018
 13:10:22.885,eb:33:2e:f9:57:b5, 2015-01-01 00:54:54.370,-0.008,0.009,0.996,0,0.122,0.183, , , , , , ,0.692,0.698,-106.018
 13:10:22.929,eb:33:2e:f9:57:b5, 2015-01-01 00:54:54.730,-0.01,0.009,0.997,-0.061,0.244,0.122, , , , , , ,0.692,0.698,-106.018
 13:10:22.929,eb:33:2e:f9:57:b5, 2015-01-01 00:54:54.730,-0.01,0.01,0.996,-0.061,0.183,0.183, , , , , , ,0.687,0.692,-106.018
 13:10:22.929,eb:33:2e:f9:57:b5, 2015-01-01 00:54:54.730,-0.011,0.012,0.996,-0.244,0.305,0, , , , , , ,0.687,0.692,-106.018
 13:10:22.929,eb:33:2e:f9:57:b5, 2015-01-01 00:54:54.730,-0.01,0.009,0.995,-0.305,0.305,0.122, , , , , , ,0.687,0.692,-106.018
 13:10:22.929,eb:33:2e:f9:57:b5, 2015-01-01 00:54:54.730,-0.01,0.008,0.996,-0.244,0.183,0.183, , , , , , ,0.687,0.692,-106.018
 13:10:22.929,eb:33:2e:f9:57:b5, 2015-01-01 00:54:54.730,-0.01,0.009,0.998,-0.305,0.244,0.122, , , , , , ,0.687,0.692,-106.018
 13:10:22.929,eb:33:2e:f9:57:b5, 2015-01-01 00:54:54.730,-0.012,0.009,0.997,-0.305,0.305,0.061, , , , , , ,0.687,0.692,-106.018
 13:10:22.929,eb:33:2e:f9:57:b5, 2015-01-01 00:54:54.730,-0.012,0.008,0.997,-0.305,0.244,0, , , , , , ,0.687,0.692,-106.018
 13:10:22.975,eb:33:2e:f9:57:b5, 2015-01-01 00:54:54.730,-0.012,0.007,0.997,-0.366,0.122,0, , , , , , ,0.687,0.692,-106.018
 13:10:22.975,eb:33:2e:f9:57:b5, 2015-01-01 00:54:54.730,-0.012,0.007,0.998,-0.305,0.122,0.061, , , , , , ,0.687,0.692,-106.018
 13:10:22.975,eb:33:2e:f9:57:b5, 2015-01-01 00:54:54.730,-0.012,0.007,0.998,-0.244,0.061,0.061, , , , , , ,0.687,0.692,-106.018
 13:10:22.976,eb:33:2e:f9:57:b5, 2015-01-01 00:54:54.730,-0.012,0.008,0.997,-0.244,0,0, , , , , , ,0.687,0.692,-106.018
 13:10:22.976,eb:33:2e:f9:57:b5, 2015-01-01 00:54:54.730,-0.012,0.008,0.998,-0.244,0,0, , , , , , ,0.687,0.692,-106.018
 13:10:22.976,eb:33:2e:f9:57:b5, 2015-01-01 00:54:54.730,-0.011,0.008,0.997,-0.183,-0.061,0, , , , , , ,0.687,0.692,-106.018
 13:10:22.976,eb:33:2e:f9:57:b5, 2015-01-01 00:54:54.730,-0.012,0.007,0.997,-0.183,-0.183,0, , , , , , ,0.687,0.692,-106.018
 13:10:22.976,eb:33:2e:f9:57:b5, 2015-01-01 00:54:54.730,-0.011,0.007,0.998,-0.183,-0.183,0, , , , , , ,0.687,0.692,-106.018
 13:10:23.019,eb:33:2e:f9:57:b5, 2015-01-01 00:54:54.730,-0.011,0.007,0.997,-0.183,-0.244,0, , , , , , ,0.687,0.692,-106.018
 13:10:23.019,eb:33:2e:f9:57:b5, 2015-01-01 00:54:54.730,-0.01,0.007,0.996,-0.183,-0.305,0, , , , , , ,0.681,0.692,-106.018
 13:10:23.019,eb:33:2e:f9:57:b5, 2015-01-01 00:54:54.730,-0.008,0.008,0.996,-0.183,-0.244,0, , , , , , ,0.681,0.692,-106.018
 13:10:23.019,eb:33:2e:f9:57:b5, 2015-01-01 00:54:54.730,-0.008,0.008,0.995,-0.183,-0.244,0, , , , , , ,0.681,0.692,-106.018
 13:10:23.019,eb:33:2e:f9:57:b5, 2015-01-01 00:54:54.730,-0.007,0.008,0.996,-0.183,-0.122,0.061, , , , , , ,0.681,0.692,-106.018
 13:10:23.019,eb:33:2e:f9:57:b5, 2015-01-01 00:54:54.730,-0.007,0.008,0.996,-0.183,-0.061,0, , , , , , ,0.681,0.692,-106.018
 13:10:23.019,eb:33:2e:f9:57:b5, 2015-01-01 00:54:54.730,-0.008,0.008,0.998,-0.305,0,0.061, , , , , , ,0.681,0.692,-106.018
 13:10:23.020,eb:33:2e:f9:57:b5, 2015-01-01 00:54:54.730,-0.008,0.008,0.999,-0.305,0.183,0.061, , , , , , ,0.681,0.692,-106.018
 13:10:23.064,eb:33:2e:f9:57:b5, 2015-01-01 00:54:54.730,-0.009,0.008,0.999,-0.305,0.244,0, , , , , , ,0.681,0.692,-106.018
 13:10:23.064,eb:33:2e:f9:57:b5, 2015-01-01 00:54:54.730,-0.01,0.008,0.999,-0.305,0.366,0, , , , , , ,0.681,0.692,-106.018
 13:10:23.064,eb:33:2e:f9:57:b5, 2015-01-01 00:54:54.730,-0.01,0.007,0.999,-0.305,0.366,0.061, , , , , , ,0.681,0.692,-106.018
 13:10:23.064,eb:33:2e:f9:57:b5, 2015-01-01 00:54:54.730,-0.01,0.007,1,-0.305,0.427,0.061, , , , , , ,0.681,0.692,-106.018
 13:10:23.064,eb:33:2e:f9:57:b5, 2015-01-01 00:54:54.730,-0.011,0.007,0.999,-0.244,0.427,0.061, , , , , , ,0.681,0.692,-106.018
 13:10:23.064,eb:33:2e:f9:57:b5, 2015-01-01 00:54:54.730,-0.012,0.006,0.999,-0.244,0.427,0.122, , , , , , ,0.681,0.692,-106.018
 13:10:23.064,eb:33:2e:f9:57:b5, 2015-01-01 00:54:54.730,-0.011,0.006,0.999,-0.183,0.366,0.061, , , , , , ,0.681,0.692,-106.018
 13:10:23.065,eb:33:2e:f9:57:b5, 2015-01-01 00:54:54.730,-0.011,0.006,0.999,-0.183,0.366,0.122, , , , , , ,0.681,0.692,-106.018
 13:10:23.087,eb:33:2e:f9:57:b5, 2015-01-01 00:54:54.730,-0.011,0.006,0.998,-0.183,0.305,0.183, , , , , , ,0.681,0.692,-106.018
 13:10:23.087,eb:33:2e:f9:57:b5, 2015-01-01 00:54:54.730,-0.011,0.006,0.998,-0.122,0.244,0.183, , , , , , ,0.676,0.692,-106.018
 13:10:23.087,eb:33:2e:f9:57:b5, 2015-01-01 00:54:54.730,-0.015,0.014,0.997,-0.427,0.488,0, , , , , , ,0.676,0.692,-106.018
 13:10:23.087,eb:33:2e:f9:57:b5, 2015-01-01 00:54:54.730,-0.013,0.009,0.993,-0.366,0.183,0.122, , , , , , ,0.676,0.692,-106.018
 13:10:23.087,eb:33:2e:f9:57:b5, 2015-01-01 00:54:54.730,-0.008,0,0.996,-0.183,0,0.427, , , , , , ,0.676,0.692,-106.018
 13:10:23.087,eb:33:2e:f9:57:b5, 2015-01-01 00:54:54.730,-0.009,0.007,0.998,-0.122,0.061,0.305, , , , , , ,0.676,0.692,-106.018
 13:10:23.087,eb:33:2e:f9:57:b5, 2015-01-01 00:54:54.730,-0.011,0.011,0.995,-0.366,0.122,0.183, , , , , , ,0.676,0.692,-106.018
 13:10:23.087,eb:33:2e:f9:57:b5, 2015-01-01 00:54:54.730,-0.006,0.003,0.997,-0.305,0,0.366, , , , , , ,0.676,0.692,-106.018
 13:10:23.133,eb:33:2e:f9:57:b5, 2015-01-01 00:54:54.730,-0.012,0.008,1,-0.366,0.122,0.305, , , , , , ,0.676,0.692,-106.018
 13:10:23.133,eb:33:2e:f9:57:b5, 2015-01-01 00:54:54.730,-0.01,0.006,0.996,-0.366,0,0.305, , , , , , ,0.676,0.692,-106.018
 13:10:23.133,eb:33:2e:f9:57:b5, 2015-01-01 00:54:54.730,-0.011,0.008,0.997,-0.488,0.061,0.305, , , , , , ,0.676,0.692,-106.018
 13:10:23.133,eb:33:2e:f9:57:b5, 2015-01-01 00:54:54.730,-0.007,0.007,0.997,-0.427,0.061,0.305, , , , , , ,0.676,0.692,-106.018
 13:10:23.133,eb:33:2e:f9:57:b5, 2015-01-01 00:54:54.730,-0.008,0.008,0.999,-0.427,0.183,0.244, , , , , , ,0.676,0.692,-106.018
 13:10:23.133,eb:33:2e:f9:57:b5, 2015-01-01 00:54:54.730,-0.017,0.008,0.999,-0.427,0.427,0.244, , , , , , ,0.676,0.692,-106.018
 13:10:23.133,eb:33:2e:f9:57:b5, 2015-01-01 00:54:54.730,-0.014,0.005,0.995,-0.366,0,0.305, , , , , , ,0.676,0.692,-106.018
 13:10:23.133,eb:33:2e:f9:57:b5, 2015-01-01 00:54:54.730,-0.013,0.008,0.994,-0.488,-0.183,0.244, , , , , , ,0.676,0.692,-106.018
 13:10:23.177,eb:33:2e:f9:57:b5, 2015-01-01 00:54:54.730,-0.011,0.009,0.994,-0.61,-0.305,0.305, , , , , , ,0.676,0.692,-106.018
 13:10:23.177,eb:33:2e:f9:57:b5, 2015-01-01 00:54:54.730,-0.008,0.007,0.998,-0.549,-0.305,0.244, , , , , , ,0.676,0.687,-106.024
 13:10:23.177,eb:33:2e:f9:57:b5, 2015-01-01 00:54:54.730,-0.013,0.006,0.997,-0.61,-0.122,0.244, , , , , , ,0.676,0.687,-106.024
 13:10:23.177,eb:33:2e:f9:57:b5, 2015-01-01 00:54:54.730,-0.012,0.004,0.994,-0.549,-0.366,0.305, , , , , , ,0.676,0.687,-106.024
 13:10:23.177,eb:33:2e:f9:57:b5, 2015-01-01 00:54:54.730,-0.012,0.008,0.995,-0.61,-0.366,0.244, , , , , , ,0.676,0.687,-106.024
 13:10:23.177,eb:33:2e:f9:57:b5, 2015-01-01 00:54:54.730,-0.011,0.008,0.997,-0.61,-0.427,0.183, , , , , , ,0.67,0.687,-106.024
 13:10:23.177,eb:33:2e:f9:57:b5, 2015-01-01 00:54:54.730,-0.013,0.007,0.997,-0.671,-0.427,0.183, , , , , , ,0.67,0.687,-106.024
 13:10:23.177,eb:33:2e:f9:57:b5, 2015-01-01 00:54:54.730,-0.01,0.005,0.996,-0.61,-0.549,0.305, , , , , , ,0.67,0.687,-106.024
 13:10:23.221,eb:33:2e:f9:57:b5, 2015-01-01 00:54:55.040,-0.011,0.007,0.999,-0.61,-0.549,0.122, , , , , , ,0.67,0.687,-106.024
 13:10:23.221,eb:33:2e:f9:57:b5, 2015-01-01 00:54:55.040,-0.012,0.003,0.997,-0.488,-0.488,0.183, , , , , , ,0.67,0.687,-106.024
 13:10:23.221,eb:33:2e:f9:57:b5, 2015-01-01 00:54:55.040,-0.011,0.005,0.997,-0.427,-0.671,0.183, , , , , , ,0.67,0.687,-106.024
 13:10:23.221,eb:33:2e:f9:57:b5, 2015-01-01 00:54:55.040,-0.006,0.004,0.997,-0.305,-0.732,0.122, , , , , , ,0.67,0.687,-106.024
 13:10:23.221,eb:33:2e:f9:57:b5, 2015-01-01 00:54:55.040,-0.007,0.006,1.001,-0.244,-0.61,0.061, , , , , , ,0.67,0.687,-106.024
 13:10:23.221,eb:33:2e:f9:57:b5, 2015-01-01 00:54:55.040,-0.011,0.003,1.001,-0.183,-0.488,0.122, , , , , , ,0.67,0.687,-106.024
 13:10:23.221,eb:33:2e:f9:57:b5, 2015-01-01 00:54:55.040,-0.011,0.003,1,-0.061,-0.549,0.183, , , , , , ,0.67,0.687,-106.024
 13:10:23.221,eb:33:2e:f9:57:b5, 2015-01-01 00:54:55.040,-0.011,0.004,0.999,0,-0.61,0.061, , , , , , ,0.67,0.687,-106.024
 13:10:23.244,eb:33:2e:f9:57:b5, 2015-01-01 00:54:55.040,-0.008,0.003,1,0.244,-0.549,0, , , , , , ,0.67,0.687,-106.024
 13:10:23.244,eb:33:2e:f9:57:b5, 2015-01-01 00:54:55.040,-0.01,0.006,1,0.244,-0.549,0, , , , , , ,0.67,0.687,-106.024
 13:10:23.244,eb:33:2e:f9:57:b5, 2015-01-01 00:54:55.040,-0.009,0.006,1,0.305,-0.366,-0.061, , , , , , ,0.67,0.687,-106.024
 13:10:23.244,eb:33:2e:f9:57:b5, 2015-01-01 00:54:55.040,-0.01,0.006,0.998,0.366,-0.427,0, , , , , , ,0.67,0.687,-106.024
 13:10:23.244,eb:33:2e:f9:57:b5, 2015-01-01 00:54:55.040,-0.01,0.008,0.998,0.366,-0.366,-0.122, , , , , , ,0.67,0.687,-106.024
 13:10:23.244,eb:33:2e:f9:57:b5, 2015-01-01 00:54:55.040,-0.008,0.007,0.997,0.427,-0.366,-0.122, , , , , , ,0.665,0.687,-106.024
 13:10:23.244,eb:33:2e:f9:57:b5, 2015-01-01 00:54:55.040,-0.007,0.007,0.999,0.427,-0.244,-0.183, , , , , , ,0.665,0.687,-106.024
 13:10:23.244,eb:33:2e:f9:57:b5, 2015-01-01 00:54:55.040,-0.007,0.007,0.997,0.305,-0.061,-0.305, , , , , , ,0.665,0.687,-106.024
 13:10:23.311,eb:33:2e:f9:57:b5, 2015-01-01 00:54:55.040,-0.006,0.005,0.999,0.366,0.061,-0.244, , , , , , ,0.665,0.687,-106.024
 13:10:23.311,eb:33:2e:f9:57:b5, 2015-01-01 00:54:55.040,-0.01,0.009,1,0.305,0.244,-0.427, , , , , , ,0.665,0.687,-106.024
 13:10:23.311,eb:33:2e:f9:57:b5, 2015-01-01 00:54:55.040,-0.009,0.005,0.995,0.244,0.244,-0.549, , , , , , ,0.665,0.687,-106.024
 13:10:23.311,eb:33:2e:f9:57:b5, 2015-01-01 00:54:55.040,-0.007,0.005,0.998,0.366,0.244,-0.427, , , , , , ,0.665,0.687,-106.024
 13:10:23.312,eb:33:2e:f9:57:b5, 2015-01-01 00:54:55.040,-0.01,0.008,0.999,0.305,0.488,-0.488, , , , , , ,0.665,0.687,-106.024
 13:10:23.312,eb:33:2e:f9:57:b5, 2015-01-01 00:54:55.040,-0.012,0.008,0.996,0.183,0.488,-0.488, , , , , , ,0.665,0.687,-106.024
 13:10:23.312,eb:33:2e:f9:57:b5, 2015-01-01 00:54:55.040,-0.01,0.007,0.995,0.061,0.366,-0.427, , , , , , ,0.665,0.687,-106.024
 13:10:23.312,eb:33:2e:f9:57:b5, 2015-01-01 00:54:55.040,-0.008,0.007,0.996,0.061,0.305,-0.488, , , , , , ,0.665,0.687,-106.024
 13:10:23.333,eb:33:2e:f9:57:b5, 2015-01-01 00:54:55.040,-0.009,0.008,0.998,0,0.488,-0.549, , , , , , ,0.665,0.687,-106.024
 13:10:23.333,eb:33:2e:f9:57:b5, 2015-01-01 00:54:55.040,-0.009,0.007,0.997,-0.061,0.488,-0.61, , , , , , ,0.665,0.687,-106.024
 13:10:23.333,eb:33:2e:f9:57:b5, 2015-01-01 00:54:55.040,-0.012,0.007,0.997,-0.061,0.61,-0.61, , , , , , ,0.665,0.687,-106.024
 13:10:23.333,eb:33:2e:f9:57:b5, 2015-01-01 00:54:55.040,-0.009,0.008,0.996,-0.122,0.488,-0.671, , , , , , ,0.665,0.687,-106.024
 13:10:23.333,eb:33:2e:f9:57:b5, 2015-01-01 00:54:55.040,-0.009,0.007,0.998,-0.122,0.61,-0.671, , , , , , ,0.665,0.687,-106.024
 13:10:23.333,eb:33:2e:f9:57:b5, 2015-01-01 00:54:55.040,-0.008,0.007,0.997,-0.244,0.61,-0.671, , , , , , ,0.659,0.687,-106.024
 13:10:23.333,eb:33:2e:f9:57:b5, 2015-01-01 00:54:55.040,-0.011,0.008,0.999,-0.244,0.793,-0.671, , , , , , ,0.659,0.687,-106.024
 13:10:23.333,eb:33:2e:f9:57:b5, 2015-01-01 00:54:55.040,-0.009,0.008,0.996,-0.305,0.793,-0.61, , , , , , ,0.659,0.687,-106.024
 13:10:23.381,eb:33:2e:f9:57:b5, 2015-01-01 00:54:55.040,-0.011,0.008,0.999,-0.488,0.977,-0.671, , , , , , ,0.659,0.687,-106.024
 13:10:23.381,eb:33:2e:f9:57:b5, 2015-01-01 00:54:55.040,-0.013,0.006,0.996,-0.488,0.916,-0.549, , , , , , ,0.659,0.687,-106.024
 13:10:23.381,eb:33:2e:f9:57:b5, 2015-01-01 00:54:55.040,-0.013,0.003,0.994,-0.549,0.732,-0.488, , , , , , ,0.659,0.687,-106.024
 13:10:23.381,eb:33:2e:f9:57:b5, 2015-01-01 00:54:55.040,-0.01,0.004,0.993,-0.427,0.366,-0.488, , , , , , ,0.659,0.687,-106.024
 13:10:23.381,eb:33:2e:f9:57:b5, 2015-01-01 00:54:55.040,-0.01,0.006,0.996,-0.427,0.488,-0.488, , , , , , ,0.659,0.687,-106.024
 13:10:23.381,eb:33:2e:f9:57:b5, 2015-01-01 00:54:55.040,-0.014,0.009,0.997,-0.549,0.549,-0.488, , , , , , ,0.659,0.687,-106.024
 13:10:23.381,eb:33:2e:f9:57:b5, 2015-01-01 00:54:55.040,-0.013,0.005,0.994,-0.549,0.305,-0.366, , , , , , ,0.659,0.687,-106.024
 13:10:23.381,eb:33:2e:f9:57:b5, 2015-01-01 00:54:55.040,-0.007,0.005,0.997,-0.488,0.122,-0.305, , , , , , ,0.659,0.687,-106.024
 13:10:23.425,eb:33:2e:f9:57:b5, 2015-01-01 00:54:55.040,-0.011,0.009,0.999,-0.549,0.366,-0.427, , , , , , ,0.659,0.687,-106.024
 13:10:23.425,eb:33:2e:f9:57:b5, 2015-01-01 00:54:55.040,-0.006,0.003,0.995,-0.61,0.305,-0.305, , , , , , ,0.659,0.687,-106.024
 13:10:23.425,eb:33:2e:f9:57:b5, 2015-01-01 00:54:55.040,-0.01,0.007,0.998,-0.671,0.488,-0.305, , , , , , ,0.659,0.687,-106.024
 13:10:23.425,eb:33:2e:f9:57:b5, 2015-01-01 00:54:55.040,-0.012,0.005,0.996,-0.61,0.549,-0.305, , , , , , ,0.659,0.687,-106.024
 13:10:23.425,eb:33:2e:f9:57:b5, 2015-01-01 00:54:55.040,-0.007,0.004,0.995,-0.549,0.427,-0.244, , , , , , ,0.659,0.687,-106.024
 13:10:23.425,eb:33:2e:f9:57:b5, 2015-01-01 00:54:55.040,-0.009,0.009,0.999,-0.671,0.671,-0.305, , , , , , ,0.654,0.681,-106.024
 13:10:23.425,eb:33:2e:f9:57:b5, 2015-01-01 00:54:55.040,-0.008,0.006,0.997,-0.671,0.732,-0.244, , , , , , ,0.654,0.681,-106.024
 13:10:23.425,eb:33:2e:f9:57:b5, 2015-01-01 00:54:55.040,-0.009,0.004,0.998,-0.671,0.854,-0.122, , , , , , ,0.654,0.681,-106.024
 13:10:23.448,eb:33:2e:f9:57:b5, 2015-01-01 00:54:55.040,-0.011,0.005,0.997,-0.671,0.916,-0.122, , , , , , ,0.654,0.681,-106.024
 13:10:23.449,eb:33:2e:f9:57:b5, 2015-01-01 00:54:55.040,-0.011,0.006,0.997,-0.671,0.916,-0.183, , , , , , ,0.654,0.681,-106.024
 13:10:23.449,eb:33:2e:f9:57:b5, 2015-01-01 00:54:55.040,-0.01,0.005,0.998,-0.61,0.916,-0.183, , , , , , ,0.654,0.681,-106.024
 13:10:23.449,eb:33:2e:f9:57:b5, 2015-01-01 00:54:55.040,-0.012,0.004,0.998,-0.549,0.977,-0.122, , , , , , ,0.654,0.681,-106.024
 13:10:23.449,eb:33:2e:f9:57:b5, 2015-01-01 00:54:55.040,-0.011,0.003,0.997,-0.488,0.854,-0.061, , , , , , ,0.654,0.681,-106.024
 13:10:23.449,eb:33:2e:f9:57:b5, 2015-01-01 00:54:55.040,-0.011,0.005,0.999,-0.488,0.916,-0.061, , , , , , ,0.654,0.681,-106.024
 13:10:23.449,eb:33:2e:f9:57:b5, 2015-01-01 00:54:55.040,-0.011,0.005,0.998,-0.488,0.916,-0.122, , , , , , ,0.654,0.681,-106.024
 13:10:23.449,eb:33:2e:f9:57:b5, 2015-01-01 00:54:55.040,-0.013,0.005,0.998,-0.427,0.916,-0.061, , , , , , ,0.654,0.681,-106.024
 13:10:23.492,eb:33:2e:f9:57:b5, 2015-01-01 00:54:55.040,-0.013,0.004,0.998,-0.244,0.854,-0.061, , , , , , ,0.654,0.681,-106.024
 13:10:23.492,eb:33:2e:f9:57:b5, 2015-01-01 00:54:55.040,-0.013,0.004,0.997,-0.244,0.671,-0.061, , , , , , ,0.654,0.681,-106.024
 13:10:23.492,eb:33:2e:f9:57:b5, 2015-01-01 00:54:55.040,-0.014,0.004,0.997,-0.244,0.549,-0.061, , , , , , ,0.654,0.681,-106.024
 13:10:23.492,eb:33:2e:f9:57:b5, 2015-01-01 00:54:55.040,-0.012,0.004,0.998,-0.244,0.488,-0.061, , , , , , ,0.654,0.681,-106.024
 13:10:23.492,eb:33:2e:f9:57:b5, 2015-01-01 00:54:55.040,-0.013,0.003,0.998,-0.183,0.488,-0.061, , , , , , ,0.654,0.681,-106.024
 13:10:23.492,eb:33:2e:f9:57:b5, 2015-01-01 00:54:55.040,-0.013,0.004,0.997,-0.183,0.366,0, , , , , , ,0.648,0.681,-106.024
 13:10:23.492,eb:33:2e:f9:57:b5, 2015-01-01 00:54:55.040,-0.013,0.004,0.997,-0.122,0.305,0, , , , , , ,0.648,0.681,-106.024
 13:10:23.492,eb:33:2e:f9:57:b5, 2015-01-01 00:54:55.040,-0.013,0.004,0.997,-0.122,0.244,0.061, , , , , , ,0.648,0.681,-106.024
 13:10:23.537,eb:33:2e:f9:57:b5, 2015-01-01 00:54:55.330,-0.013,0.004,0.996,-0.122,0.122,0.061, , , , , , ,0.648,0.681,-106.024
 13:10:23.537,eb:33:2e:f9:57:b5, 2015-01-01 00:54:55.330,-0.013,0.003,0.996,-0.122,0.122,0.061, , , , , , ,0.648,0.681,-106.024
 13:10:23.537,eb:33:2e:f9:57:b5, 2015-01-01 00:54:55.330,-0.013,0.004,0.997,-0.061,0,0.183, , , , , , ,0.648,0.681,-106.024
 13:10:23.537,eb:33:2e:f9:57:b5, 2015-01-01 00:54:55.330,-0.013,0.004,0.997,0,-0.061,0.183, , , , , , ,0.648,0.681,-106.024
 13:10:23.537,eb:33:2e:f9:57:b5, 2015-01-01 00:54:55.330,-0.013,0.004,0.998,0,-0.061,0.244, , , , , , ,0.648,0.681,-106.024
 13:10:23.537,eb:33:2e:f9:57:b5, 2015-01-01 00:54:55.330,-0.012,0.005,0.998,0,-0.183,0.183, , , , , , ,0.648,0.681,-106.024
 13:10:23.537,eb:33:2e:f9:57:b5, 2015-01-01 00:54:55.330,-0.012,0.005,0.998,0.061,-0.183,0.183, , , , , , ,0.648,0.681,-106.024
 13:10:23.537,eb:33:2e:f9:57:b5, 2015-01-01 00:54:55.330,-0.012,0.005,0.998,0.122,-0.183,0.122, , , , , , ,0.648,0.681,-106.024
 13:10:23.604,eb:33:2e:f9:57:b5, 2015-01-01 00:54:55.330,-0.012,0.005,0.997,0.122,-0.183,0.183, , , , , , ,0.648,0.681,-106.024
 13:10:23.604,eb:33:2e:f9:57:b5, 2015-01-01 00:54:55.330,-0.011,0.005,0.997,0.183,-0.183,0.183, , , , , , ,0.621,0.676,-106.029
 13:10:23.604,eb:33:2e:f9:57:b5, 2015-01-01 00:54:55.330,-0.012,0.005,0.997,0.183,-0.183,0.183, , , , , , ,0.621,0.676,-106.029
 13:10:23.604,eb:33:2e:f9:57:b5, 2015-01-01 00:54:55.330,-0.012,0.005,0.997,0.183,-0.183,0.183, , , , , , ,0.621,0.676,-106.029
 13:10:23.604,eb:33:2e:f9:57:b5, 2015-01-01 00:54:55.330,-0.012,0.005,0.997,0.183,-0.244,0.183, , , , , , ,0.621,0.676,-106.029
 13:10:23.604,eb:33:2e:f9:57:b5, 2015-01-01 00:54:55.330,-0.012,0.005,0.998,0.183,-0.244,0.122, , , , , , ,0.621,0.676,-106.029
 13:10:23.604,eb:33:2e:f9:57:b5, 2015-01-01 00:54:55.330,-0.012,0.004,0.997,0.305,-0.244,0.244, , , , , , ,0.621,0.676,-106.029
 13:10:23.604,eb:33:2e:f9:57:b5, 2015-01-01 00:54:55.330,-0.012,0.004,0.997,0.305,-0.244,0.244, , , , , , ,0.621,0.676,-106.029
 13:10:23.627,eb:33:2e:f9:57:b5, 2015-01-01 00:54:55.330,-0.013,0.004,0.997,0.366,-0.305,0.183, , , , , , ,0.621,0.676,-106.029
 13:10:23.627,eb:33:2e:f9:57:b5, 2015-01-01 00:54:55.330,-0.012,0.004,0.997,0.305,-0.244,0.183, , , , , , ,0.615,0.676,-106.029
 13:10:23.627,eb:33:2e:f9:57:b5, 2015-01-01 00:54:55.330,-0.012,0.004,0.997,0.366,-0.366,0.244, , , , , , ,0.615,0.676,-106.029
 13:10:23.627,eb:33:2e:f9:57:b5, 2015-01-01 00:54:55.330,-0.011,0.004,0.998,0.488,-0.366,0.183, , , , , , ,0.615,0.676,-106.024
 13:10:23.627,eb:33:2e:f9:57:b5, 2015-01-01 00:54:55.330,-0.012,0.004,0.997,0.488,-0.366,0.183, , , , , , ,0.615,0.676,-106.024
 13:10:23.627,eb:33:2e:f9:57:b5, 2015-01-01 00:54:55.330,-0.013,0.005,0.997,0.549,-0.366,0.244, , , , , , ,0.615,0.676,-106.024
 13:10:23.627,eb:33:2e:f9:57:b5, 2015-01-01 00:54:55.330,-0.012,0.005,0.995,0.549,-0.488,0.244, , , , , , ,0.615,0.676,-106.024
 13:10:23.627,eb:33:2e:f9:57:b5, 2015-01-01 00:54:55.330,-0.012,0.006,0.995,0.549,-0.549,0.244, , , , , , ,0.615,0.676,-106.024
 13:10:23.694,eb:33:2e:f9:57:b5, 2015-01-01 00:54:55.330,-0.012,0.005,0.995,0.549,-0.61,0.244, , , , , , ,0.615,0.676,-106.024
 13:10:23.694,eb:33:2e:f9:57:b5, 2015-01-01 00:54:55.330,-0.012,0.005,0.996,0.61,-0.61,0.183, , , , , , ,0.615,0.676,-106.024
 13:10:23.694,eb:33:2e:f9:57:b5, 2015-01-01 00:54:55.330,-0.012,0.006,0.997,0.61,-0.61,0.244, , , , , , ,0.615,0.676,-106.024
 13:10:23.694,eb:33:2e:f9:57:b5, 2015-01-01 00:54:55.330,-0.012,0.006,0.996,0.549,-0.61,0.244, , , , , , ,0.615,0.676,-106.024
 13:10:23.694,eb:33:2e:f9:57:b5, 2015-01-01 00:54:55.330,-0.012,0.006,0.997,0.488,-0.732,0.183, , , , , , ,0.615,0.676,-106.024
 13:10:23.694,eb:33:2e:f9:57:b5, 2015-01-01 00:54:55.330,-0.011,0.005,0.997,0.488,-0.732,0.183, , , , , , ,0.61,0.676,-106.024
 13:10:23.694,eb:33:2e:f9:57:b5, 2015-01-01 00:54:55.330,-0.009,0.005,0.999,0.549,-0.671,0.122, , , , , , ,0.61,0.676,-106.024
 13:10:23.694,eb:33:2e:f9:57:b5, 2015-01-01 00:54:55.330,-0.013,0.006,1.001,0.549,-0.549,0.122, , , , , , ,0.61,0.676,-106.024
 13:10:23.718,eb:33:2e:f9:57:b5, 2015-01-01 00:54:55.330,-0.013,0.003,0.997,0.671,-0.732,0.183, , , , , , ,0.61,0.676,-106.024
 13:10:23.718,eb:33:2e:f9:57:b5, 2015-01-01 00:54:55.330,-0.013,0.005,0.999,0.732,-0.793,0.122, , , , , , ,0.61,0.676,-106.024
 13:10:23.718,eb:33:2e:f9:57:b5, 2015-01-01 00:54:55.330,-0.011,0.004,0.999,0.732,-0.854,0.122, , , , , , ,0.61,0.676,-106.024
 13:10:23.718,eb:33:2e:f9:57:b5, 2015-01-01 00:54:55.330,-0.01,0.004,1,0.793,-0.854,0.122, , , , , , ,0.61,0.676,-106.024
 13:10:23.718,eb:33:2e:f9:57:b5, 2015-01-01 00:54:55.330,-0.011,0.005,1,0.854,-0.793,0.122, , , , , , ,0.61,0.676,-106.024
 13:10:23.718,eb:33:2e:f9:57:b5, 2015-01-01 00:54:55.330,-0.012,0.005,0.999,0.854,-0.732,0.122, , , , , , ,0.61,0.676,-106.024
 13:10:23.718,eb:33:2e:f9:57:b5, 2015-01-01 00:54:55.330,-0.011,0.005,0.999,0.916,-0.854,0.122, , , , , , ,0.61,0.676,-106.024
 13:10:23.718,eb:33:2e:f9:57:b5, 2015-01-01 00:54:55.330,-0.01,0.006,0.998,0.854,-0.793,0.061, , , , , , ,0.61,0.676,-106.024
 13:10:23.762,eb:33:2e:f9:57:b5, 2015-01-01 00:54:55.330,-0.009,0.006,0.999,0.854,-0.732,0.061, , , , , , ,0.61,0.676,-106.024
 13:10:23.762,eb:33:2e:f9:57:b5, 2015-01-01 00:54:55.330,-0.01,0.006,0.999,0.854,-0.61,0.122, , , , , , ,0.604,0.676,-106.024
 13:10:23.762,eb:33:2e:f9:57:b5, 2015-01-01 00:54:55.330,-0.008,0.005,0.998,0.854,-0.61,0.122, , , , , , ,0.604,0.676,-106.024
 13:10:23.762,eb:33:2e:f9:57:b5, 2015-01-01 00:54:55.330,-0.008,0.006,0.998,0.854,-0.549,0.122, , , , , , ,0.604,0.676,-106.024
 13:10:23.762,eb:33:2e:f9:57:b5, 2015-01-01 00:54:55.330,-0.009,0.006,1,0.916,-0.427,0.183, , , , , , ,0.604,0.676,-106.024
 13:10:23.762,eb:33:2e:f9:57:b5, 2015-01-01 00:54:55.330,-0.009,0.007,1,0.854,-0.305,0.122, , , , , , ,0.604,0.676,-106.024
 13:10:23.762,eb:33:2e:f9:57:b5, 2015-01-01 00:54:55.330,-0.01,0.006,0.999,0.854,-0.244,0.122, , , , , , ,0.604,0.676,-106.024
 13:10:23.763,eb:33:2e:f9:57:b5, 2015-01-01 00:54:55.330,-0.01,0.007,0.997,0.854,-0.305,0.122, , , , , , ,0.604,0.676,-106.018
 13:10:23.784,eb:33:2e:f9:57:b5, 2015-01-01 00:54:55.330,-0.009,0.008,0.997,0.793,-0.244,0.183, , , , , , ,0.604,0.676,-106.018
 13:10:23.784,eb:33:2e:f9:57:b5, 2015-01-01 00:54:55.330,-0.009,0.008,0.996,0.854,-0.305,0.122, , , , , , ,0.604,0.676,-106.018
 13:10:23.784,eb:33:2e:f9:57:b5, 2015-01-01 00:54:55.330,-0.011,0.009,0.996,0.793,-0.183,0.122, , , , , , ,0.604,0.676,-106.018
 13:10:23.784,eb:33:2e:f9:57:b5, 2015-01-01 00:54:55.330,-0.008,0.007,0.995,0.793,-0.305,0.183, , , , , , ,0.604,0.676,-106.018
 13:10:23.784,eb:33:2e:f9:57:b5, 2015-01-01 00:54:55.330,-0.007,0.008,0.996,0.732,-0.183,0.122, , , , , , ,0.604,0.676,-106.018
 13:10:23.784,eb:33:2e:f9:57:b5, 2015-01-01 00:54:55.330,-0.009,0.009,0.997,0.671,-0.061,0.183, , , , , , ,0.599,0.676,-106.018
 13:10:23.784,eb:33:2e:f9:57:b5, 2015-01-01 00:54:55.330,-0.012,0.008,0.996,0.61,-0.061,0.183, , , , , , ,0.599,0.676,-106.018
 13:10:23.784,eb:33:2e:f9:57:b5, 2015-01-01 00:54:55.330,-0.009,0.008,0.994,0.488,-0.183,0.183, , , , , , ,0.599,0.676,-106.018
 13:10:23.808,eb:33:2e:f9:57:b5, 2015-01-01 00:54:55.330,-0.009,0.009,0.997,0.488,-0.183,0.122, , , , , , ,0.599,0.676,-106.018
 13:10:23.808,eb:33:2e:f9:57:b5, 2015-01-01 00:54:55.330,-0.01,0.009,0.997,0.488,-0.122,0.122, , , , , , ,0.599,0.67,-106.018
 13:10:23.808,eb:33:2e:f9:57:b5, 2015-01-01 00:54:55.330,-0.01,0.008,0.996,0.366,-0.061,0.122, , , , , , ,0.599,0.67,-106.018
 13:10:23.808,eb:33:2e:f9:57:b5, 2015-01-01 00:54:55.330,-0.009,0.008,0.996,0.427,-0.122,0.122, , , , , , ,0.599,0.67,-106.018
 13:10:23.809,eb:33:2e:f9:57:b5, 2015-01-01 00:54:55.330,-0.011,0.009,0.996,0.366,-0.061,0.061, , , , , , ,0.599,0.67,-106.018
 13:10:23.809,eb:33:2e:f9:57:b5, 2015-01-01 00:54:55.330,-0.01,0.008,0.995,0.366,-0.183,0.061, , , , , , ,0.599,0.67,-106.018
 13:10:23.809,eb:33:2e:f9:57:b5, 2015-01-01 00:54:55.330,-0.011,0.009,0.995,0.366,-0.183,0.061, , , , , , ,0.599,0.67,-106.018
 13:10:23.809,eb:33:2e:f9:57:b5, 2015-01-01 00:54:55.330,-0.008,0.005,0.996,0.427,-0.366,0.122, , , , , , ,0.599,0.67,-106.018
 13:10:23.852,eb:33:2e:f9:57:b5, 2015-01-01 00:54:55.330,-0.011,0.008,0.997,0.366,-0.305,0.061, , , , , , ,0.599,0.67,-106.018
 13:10:23.852,eb:33:2e:f9:57:b5, 2015-01-01 00:54:55.330,-0.01,0.009,0.995,0.305,-0.305,0.061, , , , , , ,0.599,0.67,-106.018
 13:10:23.852,eb:33:2e:f9:57:b5, 2015-01-01 00:54:55.330,-0.01,0.007,0.997,0.244,-0.366,0.122, , , , , , ,0.599,0.67,-106.018
 13:10:23.852,eb:33:2e:f9:57:b5, 2015-01-01 00:54:55.330,-0.008,0.005,0.996,0.305,-0.549,0.183, , , , , , ,0.599,0.67,-106.018
 13:10:23.852,eb:33:2e:f9:57:b5, 2015-01-01 00:54:55.330,-0.009,0.007,0.998,0.366,-0.488,0.122, , , , , , ,0.599,0.67,-106.018
 13:10:23.852,eb:33:2e:f9:57:b5, 2015-01-01 00:54:55.330,-0.01,0.01,0.995,0.244,-0.366,0, , , , , , ,0.599,0.67,-106.018
 13:10:23.852,eb:33:2e:f9:57:b5, 2015-01-01 00:54:55.330,-0.01,0.008,0.996,0.183,-0.427,0.122, , , , , , ,0.599,0.67,-106.018
 13:10:23.852,eb:33:2e:f9:57:b5, 2015-01-01 00:54:55.330,-0.008,0.004,0.996,0.366,-0.549,0.061, , , , , , ,0.599,0.67,-106.018
 13:10:23.896,eb:33:2e:f9:57:b5, 2015-01-01 00:54:55.690,-0.01,0.01,0.997,0.244,-0.427,0, , , , , , ,0.599,0.67,-106.018
 13:10:23.896,eb:33:2e:f9:57:b5, 2015-01-01 00:54:55.690,-0.009,0.01,0.995,0.183,-0.488,0, , , , , , ,0.599,0.67,-106.018
 13:10:23.896,eb:33:2e:f9:57:b5, 2015-01-01 00:54:55.690,-0.009,0.008,0.997,0.122,-0.488,0, , , , , , ,0.599,0.67,-106.018
 13:10:23.896,eb:33:2e:f9:57:b5, 2015-01-01 00:54:55.690,-0.006,0.005,0.997,0.183,-0.488,0, , , , , , ,0.599,0.67,-106.013
 13:10:23.896,eb:33:2e:f9:57:b5, 2015-01-01 00:54:55.690,-0.008,0.009,0.998,0.183,-0.366,0, , , , , , ,0.599,0.67,-106.013
 13:10:23.896,eb:33:2e:f9:57:b5, 2015-01-01 00:54:55.690,-0.008,0.009,0.998,0.122,-0.244,0, , , , , , ,0.593,0.67,-106.013
 13:10:23.896,eb:33:2e:f9:57:b5, 2015-01-01 00:54:55.690,-0.009,0.007,0.997,0.122,-0.183,0, , , , , , ,0.593,0.67,-106.013
 13:10:23.896,eb:33:2e:f9:57:b5, 2015-01-01 00:54:55.690,-0.006,0.005,0.998,0.183,-0.244,0, , , , , , ,0.593,0.67,-106.013
 13:10:23.964,eb:33:2e:f9:57:b5, 2015-01-01 00:54:55.690,-0.009,0.011,0.998,0.183,-0.122,-0.122, , , , , , ,0.593,0.67,-106.013
 13:10:23.964,eb:33:2e:f9:57:b5, 2015-01-01 00:54:55.690,-0.009,0.01,0.996,0.061,-0.122,-0.061, , , , , , ,0.593,0.67,-106.013
 13:10:23.964,eb:33:2e:f9:57:b5, 2015-01-01 00:54:55.690,-0.006,0.006,0.996,0.061,-0.061,0, , , , , , ,0.593,0.67,-106.013
 13:10:23.964,eb:33:2e:f9:57:b5, 2015-01-01 00:54:55.690,-0.009,0.01,0.997,0.061,0.061,-0.122, , , , , , ,0.593,0.67,-106.013
 13:10:23.964,eb:33:2e:f9:57:b5, 2015-01-01 00:54:55.690,-0.007,0.009,0.996,0,0,-0.122, , , , , , ,0.593,0.67,-106.013
 13:10:23.964,eb:33:2e:f9:57:b5, 2015-01-01 00:54:55.690,-0.007,0.008,0.997,0,0.061,-0.061, , , , , , ,0.593,0.67,-106.013
 13:10:23.964,eb:33:2e:f9:57:b5, 2015-01-01 00:54:55.690,-0.008,0.008,0.998,0,0.061,-0.061, , , , , , ,0.593,0.67,-106.013
 13:10:23.964,eb:33:2e:f9:57:b5, 2015-01-01 00:54:55.690,-0.009,0.009,0.997,-0.061,0.122,-0.183, , , , , , ,0.593,0.67,-106.013
 13:10:23.987,eb:33:2e:f9:57:b5, 2015-01-01 00:54:55.690,-0.008,0.009,0.996,-0.183,0.183,-0.122, , , , , , ,0.593,0.67,-106.013
 13:10:23.987,eb:33:2e:f9:57:b5, 2015-01-01 00:54:55.690,-0.008,0.009,0.997,-0.183,0.244,-0.122, , , , , , ,0.593,0.665,-106.013
 13:10:23.987,eb:33:2e:f9:57:b5, 2015-01-01 00:54:55.690,-0.008,0.008,0.996,-0.244,0.244,-0.122, , , , , , ,0.593,0.665,-106.013
 13:10:23.987,eb:33:2e:f9:57:b5, 2015-01-01 00:54:55.690,-0.009,0.008,0.995,-0.244,0.244,-0.061, , , , , , ,0.593,0.665,-106.013
 13:10:23.987,eb:33:2e:f9:57:b5, 2015-01-01 00:54:55.690,-0.009,0.008,0.995,-0.244,0.244,-0.061, , , , , , ,0.593,0.665,-106.013
 13:10:23.987,eb:33:2e:f9:57:b5, 2015-01-01 00:54:55.690,-0.008,0.008,0.995,-0.305,0.122,-0.061, , , , , , ,0.593,0.665,-106.013
 13:10:23.987,eb:33:2e:f9:57:b5, 2015-01-01 00:54:55.690,-0.009,0.008,0.995,-0.305,0.122,0, , , , , , ,0.593,0.665,-106.013
 13:10:23.988,eb:33:2e:f9:57:b5, 2015-01-01 00:54:55.690,-0.009,0.009,0.995,-0.366,0.183,0, , , , , , ,0.593,0.665,-106.013
 13:10:24.009,eb:33:2e:f9:57:b5, 2015-01-01 00:54:55.690,-0.009,0.008,0.995,-0.366,0.122,0, , , , , , ,0.593,0.665,-106.013
 13:10:24.009,eb:33:2e:f9:57:b5, 2015-01-01 00:54:55.690,-0.009,0.008,0.996,-0.366,0.061,0.061, , , , , , ,0.593,0.665,-106.013
 13:10:24.009,eb:33:2e:f9:57:b5, 2015-01-01 00:54:55.690,-0.008,0.008,0.996,-0.427,0,0.061, , , , , , ,0.593,0.665,-106.013
 13:10:24.009,eb:33:2e:f9:57:b5, 2015-01-01 00:54:55.690,-0.008,0.008,0.995,-0.488,0.061,0.061, , , , , , ,0.593,0.665,-106.013
 13:10:24.009,eb:33:2e:f9:57:b5, 2015-01-01 00:54:55.690,-0.009,0.007,0.996,-0.549,0,0.122, , , , , , ,0.593,0.665,-106.013
 13:10:24.009,eb:33:2e:f9:57:b5, 2015-01-01 00:54:55.690,-0.009,0.008,0.996,-0.61,0.061,0.122, , , , , , ,0.593,0.665,-106.013
 13:10:24.009,eb:33:2e:f9:57:b5, 2015-01-01 00:54:55.690,-0.008,0.008,0.996,-0.549,0.122,0.122, , , , , , ,0.593,0.665,-106.013
 13:10:24.009,eb:33:2e:f9:57:b5, 2015-01-01 00:54:55.690,-0.008,0.008,0.996,-0.61,0.122,0.061, , , , , , ,0.593,0.665,-106.007
 13:10:24.054,eb:33:2e:f9:57:b5, 2015-01-01 00:54:55.690,-0.008,0.008,0.997,-0.732,0.122,0.061, , , , , , ,0.593,0.665,-106.007
 13:10:24.054,eb:33:2e:f9:57:b5, 2015-01-01 00:54:55.690,-0.008,0.008,0.997,-0.732,0.183,0.122, , , , , , ,0.593,0.665,-106.007
 13:10:24.054,eb:33:2e:f9:57:b5, 2015-01-01 00:54:55.690,-0.009,0.008,0.996,-0.793,0.183,0.122, , , , , , ,0.593,0.665,-106.007
 13:10:24.054,eb:33:2e:f9:57:b5, 2015-01-01 00:54:55.690,-0.009,0.008,0.996,-0.793,0.305,0.122, , , , , , ,0.593,0.665,-106.007
 13:10:24.054,eb:33:2e:f9:57:b5, 2015-01-01 00:54:55.690,-0.009,0.007,0.997,-0.793,0.183,0.061, , , , , , ,0.593,0.665,-106.007
 13:10:24.054,eb:33:2e:f9:57:b5, 2015-01-01 00:54:55.690,-0.008,0.008,0.996,-0.916,0.183,0.122, , , , , , ,0.588,0.665,-106.007
 13:10:24.054,eb:33:2e:f9:57:b5, 2015-01-01 00:54:55.690,-0.01,0.01,0.995,-1.038,0.244,0, , , , , , ,0.588,0.665,-106.007
 13:10:24.054,eb:33:2e:f9:57:b5, 2015-01-01 00:54:55.690,-0.009,0.006,0.996,-1.16,0.122,0.061, , , , , , ,0.588,0.665,-106.007
 13:10:24.099,eb:33:2e:f9:57:b5, 2015-01-01 00:54:55.690,-0.011,0.007,0.997,-1.16,0.122,0.122, , , , , , ,0.588,0.665,-106.007
 13:10:24.099,eb:33:2e:f9:57:b5, 2015-01-01 00:54:55.690,-0.008,0.005,0.996,-1.099,0,0.122, , , , , , ,0.588,0.659,-106.007
 13:10:24.099,eb:33:2e:f9:57:b5, 2015-01-01 00:54:55.690,-0.011,0.009,0.997,-1.221,0,0.122, , , , , , ,0.588,0.659,-106.007
 13:10:24.099,eb:33:2e:f9:57:b5, 2015-01-01 00:54:55.690,-0.008,0.003,0.998,-1.221,-0.122,0.061, , , , , , ,0.588,0.659,-106.007
 13:10:24.099,eb:33:2e:f9:57:b5, 2015-01-01 00:54:55.690,-0.014,0.008,0.997,-1.221,-0.122,0, , , , , , ,0.588,0.659,-106.007
 13:10:24.099,eb:33:2e:f9:57:b5, 2015-01-01 00:54:55.690,-0.007,0.004,0.994,-1.221,-0.427,0, , , , , , ,0.588,0.659,-106.007
 13:10:24.099,eb:33:2e:f9:57:b5, 2015-01-01 00:54:55.690,-0.01,0.006,1,-1.282,-0.305,0.061, , , , , , ,0.588,0.659,-106.007
 13:10:24.099,eb:33:2e:f9:57:b5, 2015-01-01 00:54:55.690,-0.01,0.002,0.998,-1.16,-0.427,0.061, , , , , , ,0.588,0.659,-106.007
 13:10:24.145,eb:33:2e:f9:57:b5, 2015-01-01 00:54:55.690,-0.01,0.003,0.998,-0.977,-0.488,0, , , , , , ,0.588,0.659,-106.007
 13:10:24.145,eb:33:2e:f9:57:b5, 2015-01-01 00:54:55.690,-0.013,0.003,0.997,-0.854,-0.549,0.061, , , , , , ,0.588,0.659,-106.007
 13:10:24.145,eb:33:2e:f9:57:b5, 2015-01-01 00:54:55.690,-0.005,0.004,0.995,-0.793,-0.793,0.122, , , , , , ,0.588,0.659,-106.007
 13:10:24.147,eb:33:2e:f9:57:b5, 2015-01-01 00:54:55.690,-0.007,0.007,1,-0.793,-0.549,0.122, , , , , , ,0.588,0.659,-106.007
 13:10:24.147,eb:33:2e:f9:57:b5, 2015-01-01 00:54:55.690,-0.008,0.003,0.998,-0.732,-0.61,0.244, , , , , , ,0.588,0.659,-106.007
 13:10:24.147,eb:33:2e:f9:57:b5, 2015-01-01 00:54:55.690,-0.007,0.005,0.998,-0.671,-0.488,0.183, , , , , , ,0.588,0.659,-106.007
 13:10:24.147,eb:33:2e:f9:57:b5, 2015-01-01 00:54:55.690,-0.009,0.007,0.998,-0.61,-0.488,0.122, , , , , , ,0.588,0.659,-106.007
 13:10:24.147,eb:33:2e:f9:57:b5, 2015-01-01 00:54:55.690,-0.007,0.005,0.996,-0.671,-0.488,0.183, , , , , , ,0.582,0.659,-106.007
 13:10:24.189,eb:33:2e:f9:57:b5, 2015-01-01 00:54:56.000,-0.005,0.006,0.999,-0.671,-0.427,0.244, , , , , , ,0.582,0.659,-106.007
 13:10:24.189,eb:33:2e:f9:57:b5, 2015-01-01 00:54:56.000,-0.005,0.006,0.999,-0.732,-0.244,0.244, , , , , , ,0.582,0.659,-106.007
 13:10:24.189,eb:33:2e:f9:57:b5, 2015-01-01 00:54:56.000,-0.007,0.006,0.998,-0.732,-0.122,0.183, , , , , , ,0.582,0.659,-106.007
 13:10:24.189,eb:33:2e:f9:57:b5, 2015-01-01 00:54:56.000,-0.003,0.005,0.998,-0.732,-0.061,0.122, , , , , , ,0.582,0.659,-106.007
 13:10:24.189,eb:33:2e:f9:57:b5, 2015-01-01 00:54:56.000,-0.011,0.009,1,-0.916,0.122,0, , , , , , ,0.582,0.659,-106.007
 13:10:24.189,eb:33:2e:f9:57:b5, 2015-01-01 00:54:56.000,-0.004,0.003,0.995,-0.854,-0.061,0.122, , , , , , ,0.582,0.659,-106.007
 13:10:24.189,eb:33:2e:f9:57:b5, 2015-01-01 00:54:56.000,-0.007,0.008,0.999,-0.916,0.061,0.122, , , , , , ,0.582,0.659,-106.007
 13:10:24.189,eb:33:2e:f9:57:b5, 2015-01-01 00:54:56.000,-0.005,0.003,0.997,-0.916,0.122,0, , , , , , ,0.582,0.659,-106.002
 13:10:24.212,eb:33:2e:f9:57:b5, 2015-01-01 00:54:56.000,-0.009,0.004,0.997,-0.977,0.183,0.061, , , , , , ,0.582,0.659,-106.002
 13:10:24.212,eb:33:2e:f9:57:b5, 2015-01-01 00:54:56.000,-0.008,0.004,0.997,-0.916,0.061,0.061, , , , , , ,0.582,0.654,-106.002
 13:10:24.212,eb:33:2e:f9:57:b5, 2015-01-01 00:54:56.000,-0.01,0.006,0.995,-1.038,0.061,0, , , , , , ,0.582,0.654,-106.002
 13:10:24.213,eb:33:2e:f9:57:b5, 2015-01-01 00:54:56.000,-0.006,0.002,0.997,-0.977,0,0, , , , , , ,0.582,0.654,-106.002
 13:10:24.213,eb:33:2e:f9:57:b5, 2015-01-01 00:54:56.000,-0.009,0.006,0.999,-1.038,0.061,0.061, , , , , , ,0.582,0.654,-106.002
 13:10:24.213,eb:33:2e:f9:57:b5, 2015-01-01 00:54:56.000,-0.006,0.003,0.998,-1.038,0.183,0, , , , , , ,0.577,0.654,-106.002
 13:10:24.213,eb:33:2e:f9:57:b5, 2015-01-01 00:54:56.000,-0.015,0.007,1,-1.099,0.427,-0.061, , , , , , ,0.577,0.654,-106.002
 13:10:24.213,eb:33:2e:f9:57:b5, 2015-01-01 00:54:56.000,-0.011,0.002,0.993,-0.977,0,0, , , , , , ,0.577,0.654,-106.002
 13:10:24.256,eb:33:2e:f9:57:b5, 2015-01-01 00:54:56.000,-0.007,0.004,0.995,-0.977,-0.061,0, , , , , , ,0.577,0.654,-106.002
 13:10:24.256,eb:33:2e:f9:57:b5, 2015-01-01 00:54:56.000,-0.009,0.004,0.998,-0.977,-0.061,-0.061, , , , , , ,0.577,0.654,-106.002
 13:10:24.256,eb:33:2e:f9:57:b5, 2015-01-01 00:54:56.000,-0.007,0.001,0.997,-0.916,-0.122,0, , , , , , ,0.577,0.654,-106.002
 13:10:24.256,eb:33:2e:f9:57:b5, 2015-01-01 00:54:56.000,-0.009,0.004,0.999,-1.038,0,-0.061, , , , , , ,0.577,0.654,-106.002
 13:10:24.256,eb:33:2e:f9:57:b5, 2015-01-01 00:54:56.000,-0.011,0.003,0.995,-0.977,-0.061,-0.122, , , , , , ,0.577,0.654,-106.002
 13:10:24.256,eb:33:2e:f9:57:b5, 2015-01-01 00:54:56.000,-0.005,0.002,0.997,-0.854,-0.183,-0.122, , , , , , ,0.577,0.654,-106.002
 13:10:24.256,eb:33:2e:f9:57:b5, 2015-01-01 00:54:56.000,-0.011,0.005,1.001,-0.854,0,-0.183, , , , , , ,0.577,0.654,-106.002
 13:10:24.256,eb:33:2e:f9:57:b5, 2015-01-01 00:54:56.000,-0.012,0.002,0.994,-0.916,-0.122,-0.183, , , , , , ,0.577,0.654,-106.002
 13:10:24.302,eb:33:2e:f9:57:b5, 2015-01-01 00:54:56.000,-0.008,0,0.997,-0.854,-0.305,-0.122, , , , , , ,0.577,0.654,-106.002
 13:10:24.302,eb:33:2e:f9:57:b5, 2015-01-01 00:54:56.000,-0.007,0.003,0.999,-0.854,-0.244,-0.183, , , , , , ,0.571,0.654,-106.002
 13:10:24.302,eb:33:2e:f9:57:b5, 2015-01-01 00:54:56.000,-0.008,0.003,0.997,-0.854,-0.244,-0.244, , , , , , ,0.571,0.654,-106.002
 13:10:24.302,eb:33:2e:f9:57:b5, 2015-01-01 00:54:56.000,-0.006,0,0.998,-0.793,-0.183,-0.244, , , , , , ,0.571,0.654,-106.002
 13:10:24.302,eb:33:2e:f9:57:b5, 2015-01-01 00:54:56.000,-0.007,0.002,1,-0.793,-0.061,-0.244, , , , , , ,0.571,0.654,-106.002
 13:10:24.303,eb:33:2e:f9:57:b5, 2015-01-01 00:54:56.000,-0.009,0.002,0.997,-0.793,-0.061,-0.366, , , , , , ,0.571,0.654,-106.002
 13:10:24.303,eb:33:2e:f9:57:b5, 2015-01-01 00:54:56.000,-0.005,0,1,-0.671,-0.122,-0.305, , , , , , ,0.571,0.654,-106.002
 13:10:24.303,eb:33:2e:f9:57:b5, 2015-01-01 00:54:56.000,-0.008,0.002,1.001,-0.671,0,-0.366, , , , , , ,0.571,0.654,-106.002
 13:10:24.347,eb:33:2e:f9:57:b5, 2015-01-01 00:54:56.000,-0.009,0.001,0.997,-0.671,0,-0.366, , , , , , ,0.571,0.654,-106.002
 13:10:24.347,eb:33:2e:f9:57:b5, 2015-01-01 00:54:56.000,-0.007,-0.001,0.999,-0.61,0,-0.366, , , , , , ,0.571,0.648,-106.002
 13:10:24.347,eb:33:2e:f9:57:b5, 2015-01-01 00:54:56.000,-0.008,0.002,1,-0.549,0.061,-0.366, , , , , , ,0.571,0.648,-106.002
 13:10:24.347,eb:33:2e:f9:57:b5, 2015-01-01 00:54:56.000,-0.009,0,0.997,-0.549,0,-0.427, , , , , , ,0.571,0.648,-106.002
 13:10:24.347,eb:33:2e:f9:57:b5, 2015-01-01 00:54:56.000,-0.007,-0.001,0.999,-0.488,0,-0.366, , , , , , ,0.571,0.648,-106.002
 13:10:24.347,eb:33:2e:f9:57:b5, 2015-01-01 00:54:56.000,-0.011,0.001,1,-0.488,0,-0.366, , , , , , ,0.566,0.648,-106.002
 13:10:24.347,eb:33:2e:f9:57:b5, 2015-01-01 00:54:56.000,-0.009,0.001,0.993,-0.427,0,-0.488, , , , , , ,0.566,0.648,-106.002
 13:10:24.347,eb:33:2e:f9:57:b5, 2015-01-01 00:54:56.000,-0.007,-0.001,0.998,-0.305,-0.061,-0.305, , , , , , ,0.566,0.648,-106.002
 13:10:24.391,eb:33:2e:f9:57:b5, 2015-01-01 00:54:56.000,-0.012,0.003,0.999,-0.366,0,-0.549, , , , , , ,0.566,0.648,-106.002
 13:10:24.391,eb:33:2e:f9:57:b5, 2015-01-01 00:54:56.000,-0.013,0.001,0.992,-0.305,-0.061,-0.488, , , , , , ,0.566,0.648,-106.002
 13:10:24.391,eb:33:2e:f9:57:b5, 2015-01-01 00:54:56.000,-0.01,0.003,0.998,-0.244,-0.305,-0.488, , , , , , ,0.566,0.648,-106.002
 13:10:24.391,eb:33:2e:f9:57:b5, 2015-01-01 00:54:56.000,-0.007,0.002,0.998,-0.122,-0.366,-0.427, , , , , , ,0.566,0.648,-106.002
 13:10:24.391,eb:33:2e:f9:57:b5, 2015-01-01 00:54:56.000,-0.006,0,1,-0.061,-0.244,-0.244, , , , , , ,0.566,0.648,-106.002
 13:10:24.391,eb:33:2e:f9:57:b5, 2015-01-01 00:54:56.000,-0.012,0.008,1,-0.244,0,-0.366, , , , , , ,0.56,0.648,-106.002
 13:10:24.391,eb:33:2e:f9:57:b5, 2015-01-01 00:54:56.000,-0.008,0,0.997,-0.122,-0.183,-0.244, , , , , , ,0.56,0.648,-106.002
 13:10:24.391,eb:33:2e:f9:57:b5, 2015-01-01 00:54:56.000,-0.007,0.002,0.998,-0.183,-0.122,-0.244, , , , , , ,0.56,0.648,-105.996
 13:10:24.415,eb:33:2e:f9:57:b5, 2015-01-01 00:54:56.000,-0.009,0.004,0.999,-0.244,-0.122,-0.305, , , , , , ,0.56,0.648,-105.996
 13:10:24.415,eb:33:2e:f9:57:b5, 2015-01-01 00:54:56.000,-0.005,-0.001,0.998,-0.122,-0.122,-0.244, , , , , , ,0.56,0.648,-106.002
 13:10:24.415,eb:33:2e:f9:57:b5, 2015-01-01 00:54:56.000,-0.01,0.003,1,-0.244,0.061,-0.305, , , , , , ,0.56,0.648,-106.002
 13:10:24.415,eb:33:2e:f9:57:b5, 2015-01-01 00:54:56.000,-0.01,0.001,0.994,-0.183,0,-0.244, , , , , , ,0.56,0.648,-105.996
 13:10:24.415,eb:33:2e:f9:57:b5, 2015-01-01 00:54:56.000,-0.005,0,0.997,-0.183,-0.061,-0.061, , , , , , ,0.56,0.648,-105.996
 13:10:24.415,eb:33:2e:f9:57:b5, 2015-01-01 00:54:56.000,-0.01,0.007,0.999,-0.305,0.183,-0.183, , , , , , ,0.555,0.648,-105.996
 13:10:24.416,eb:33:2e:f9:57:b5, 2015-01-01 00:54:56.000,-0.007,0.002,0.996,-0.305,0,-0.122, , , , , , ,0.555,0.648,-105.996
 13:10:24.416,eb:33:2e:f9:57:b5, 2015-01-01 00:54:56.000,-0.006,0,0.997,-0.244,0.122,-0.061, , , , , , ,0.555,0.648,-105.996
 13:10:24.459,eb:33:2e:f9:57:b5, 2015-01-01 00:54:56.000,-0.011,0.006,0.998,-0.427,0.305,-0.122, , , , , , ,0.555,0.648,-105.996
 13:10:24.459,eb:33:2e:f9:57:b5, 2015-01-01 00:54:56.000,-0.01,0,0.996,-0.427,0.122,-0.061, , , , , , ,0.555,0.648,-105.996
 13:10:24.459,eb:33:2e:f9:57:b5, 2015-01-01 00:54:56.000,-0.005,0.001,0.996,-0.427,0,0, , , , , , ,0.555,0.648,-105.996
 13:10:24.459,eb:33:2e:f9:57:b5, 2015-01-01 00:54:56.000,-0.009,0.005,1,-0.488,0.244,-0.061, , , , , , ,0.555,0.648,-105.996
 13:10:24.459,eb:33:2e:f9:57:b5, 2015-01-01 00:54:56.000,-0.007,0,0.996,-0.427,0.183,0, , , , , , ,0.555,0.648,-105.996
 13:10:24.459,eb:33:2e:f9:57:b5, 2015-01-01 00:54:56.000,-0.008,0,0.998,-0.488,0.183,0, , , , , , ,0.549,0.643,-105.996
 13:10:24.459,eb:33:2e:f9:57:b5, 2015-01-01 00:54:56.000,-0.008,0.001,0.997,-0.488,0.183,-0.061, , , , , , ,0.549,0.643,-105.996
 13:10:24.459,eb:33:2e:f9:57:b5, 2015-01-01 00:54:56.000,-0.01,0.003,0.997,-0.549,0.183,-0.122, , , , , , ,0.549,0.643,-105.996
 13:10:24.504,eb:33:2e:f9:57:b5, 2015-01-01 00:54:56.290,-0.008,0,0.996,-0.488,0,0, , , , , , ,0.549,0.643,-105.996
 13:10:24.504,eb:33:2e:f9:57:b5, 2015-01-01 00:54:56.290,-0.008,0.001,0.996,-0.427,0,0, , , , , , ,0.549,0.643,-105.996
 13:10:24.504,eb:33:2e:f9:57:b5, 2015-01-01 00:54:56.290,-0.008,0.001,0.996,-0.427,0,-0.061, , , , , , ,0.549,0.643,-105.996
 13:10:24.504,eb:33:2e:f9:57:b5, 2015-01-01 00:54:56.290,-0.009,0.001,0.996,-0.549,0,-0.061, , , , , , ,0.549,0.643,-105.996
 13:10:24.504,eb:33:2e:f9:57:b5, 2015-01-01 00:54:56.290,-0.009,0.002,0.996,-0.549,0,0, , , , , , ,0.549,0.643,-105.996
 13:10:24.504,eb:33:2e:f9:57:b5, 2015-01-01 00:54:56.290,-0.008,0.002,0.997,-0.549,0,0, , , , , , ,0.544,0.643,-105.996
 13:10:24.504,eb:33:2e:f9:57:b5, 2015-01-01 00:54:56.290,-0.008,0.002,0.996,-0.549,-0.061,0, , , , , , ,0.544,0.643,-105.996
 13:10:24.504,eb:33:2e:f9:57:b5, 2015-01-01 00:54:56.290,-0.008,0.002,0.997,-0.61,-0.061,0, , , , , , ,0.544,0.643,-105.996
 13:10:24.549,eb:33:2e:f9:57:b5, 2015-01-01 00:54:56.290,-0.008,0.001,0.996,-0.549,-0.122,0, , , , , , ,0.544,0.643,-105.996
 13:10:24.549,eb:33:2e:f9:57:b5, 2015-01-01 00:54:56.290,-0.008,0.001,0.996,-0.61,-0.061,0, , , , , , ,0.544,0.643,-105.996
 13:10:24.549,eb:33:2e:f9:57:b5, 2015-01-01 00:54:56.290,-0.009,0.001,0.996,-0.61,-0.122,0, , , , , , ,0.544,0.643,-105.996
 13:10:24.549,eb:33:2e:f9:57:b5, 2015-01-01 00:54:56.290,-0.008,0.001,0.996,-0.671,-0.122,0, , , , , , ,0.544,0.643,-105.996
 13:10:24.549,eb:33:2e:f9:57:b5, 2015-01-01 00:54:56.290,-0.007,0.001,0.995,-0.61,-0.183,0, , , , , , ,0.544,0.643,-105.996
 13:10:24.549,eb:33:2e:f9:57:b5, 2015-01-01 00:54:56.290,-0.008,0.001,0.996,-0.61,-0.122,0, , , , , , ,0.538,0.643,-105.996
 13:10:24.549,eb:33:2e:f9:57:b5, 2015-01-01 00:54:56.290,-0.008,0.001,0.996,-0.671,-0.122,0, , , , , , ,0.538,0.643,-105.996
 13:10:24.549,eb:33:2e:f9:57:b5, 2015-01-01 00:54:56.290,-0.007,0.001,0.997,-0.732,-0.061,0, , , , , , ,0.538,0.643,-105.996
 13:10:24.572,eb:33:2e:f9:57:b5, 2015-01-01 00:54:56.290,-0.008,0.001,0.997,-0.732,-0.122,0, , , , , , ,0.538,0.643,-105.996
 13:10:24.572,eb:33:2e:f9:57:b5, 2015-01-01 00:54:56.290,-0.008,0,0.996,-0.732,-0.183,-0.122, , , , , , ,0.538,0.643,-105.996
 13:10:24.572,eb:33:2e:f9:57:b5, 2015-01-01 00:54:56.290,-0.01,0,0.997,-0.732,-0.183,-0.061, , , , , , ,0.538,0.643,-105.996
 13:10:24.572,eb:33:2e:f9:57:b5, 2015-01-01 00:54:56.290,-0.009,0,0.996,-0.732,-0.183,-0.061, , , , , , ,0.538,0.643,-105.996
 13:10:24.572,eb:33:2e:f9:57:b5, 2015-01-01 00:54:56.290,-0.008,0,0.996,-0.732,-0.183,-0.122, , , , , , ,0.538,0.643,-105.996
 13:10:24.572,eb:33:2e:f9:57:b5, 2015-01-01 00:54:56.290,-0.008,0,0.997,-0.732,-0.244,-0.122, , , , , , ,0.533,0.637,-105.996
 13:10:24.572,eb:33:2e:f9:57:b5, 2015-01-01 00:54:56.290,-0.008,0,0.996,-0.732,-0.305,-0.122, , , , , , ,0.533,0.637,-105.996
 13:10:24.572,eb:33:2e:f9:57:b5, 2015-01-01 00:54:56.290,-0.008,0,0.996,-0.671,-0.366,-0.122, , , , , , ,0.533,0.637,-105.996
 13:10:24.618,eb:33:2e:f9:57:b5, 2015-01-01 00:54:56.290,-0.008,0,0.996,-0.671,-0.488,-0.122, , , , , , ,0.533,0.637,-105.996
 13:10:24.618,eb:33:2e:f9:57:b5, 2015-01-01 00:54:56.290,-0.008,0.001,0.996,-0.671,-0.427,-0.122, , , , , , ,0.533,0.637,-105.996
 13:10:24.618,eb:33:2e:f9:57:b5, 2015-01-01 00:54:56.290,-0.008,0.001,0.997,-0.671,-0.366,-0.122, , , , , , ,0.533,0.637,-105.996
 13:10:24.618,eb:33:2e:f9:57:b5, 2015-01-01 00:54:56.290,-0.007,0,0.997,-0.671,-0.427,-0.183, , , , , , ,0.533,0.637,-105.996
 13:10:24.618,eb:33:2e:f9:57:b5, 2015-01-01 00:54:56.290,-0.008,0,0.997,-0.671,-0.427,-0.122, , , , , , ,0.533,0.637,-105.996
 13:10:24.618,eb:33:2e:f9:57:b5, 2015-01-01 00:54:56.290,-0.008,0,0.997,-0.732,-0.488,-0.061, , , , , , ,0.527,0.637,-105.996
 13:10:24.618,eb:33:2e:f9:57:b5, 2015-01-01 00:54:56.290,-0.009,0,0.997,-0.61,-0.549,-0.061, , , , , , ,0.527,0.637,-105.996
 13:10:24.618,eb:33:2e:f9:57:b5, 2015-01-01 00:54:56.290,-0.008,0,0.997,-0.61,-0.549,-0.061, , , , , , ,0.527,0.637,-105.996
 13:10:24.662,eb:33:2e:f9:57:b5, 2015-01-01 00:54:56.290,-0.007,0,0.998,-0.549,-0.61,-0.061, , , , , , ,0.527,0.637,-105.996
 13:10:24.662,eb:33:2e:f9:57:b5, 2015-01-01 00:54:56.290,-0.008,0,0.998,-0.549,-0.61,-0.122, , , , , , ,0.527,0.637,-105.996
 13:10:24.662,eb:33:2e:f9:57:b5, 2015-01-01 00:54:56.290,-0.008,-0.001,0.998,-0.549,-0.61,-0.061, , , , , , ,0.527,0.637,-105.996
 13:10:24.662,eb:33:2e:f9:57:b5, 2015-01-01 00:54:56.290,-0.008,-0.001,0.997,-0.488,-0.671,-0.061, , , , , , ,0.527,0.637,-105.996
 13:10:24.662,eb:33:2e:f9:57:b5, 2015-01-01 00:54:56.290,-0.008,-0.001,0.998,-0.366,-0.732,0, , , , , , ,0.527,0.637,-105.996
 13:10:24.662,eb:33:2e:f9:57:b5, 2015-01-01 00:54:56.290,-0.007,-0.001,0.998,-0.366,-0.793,0, , , , , , ,0.522,0.637,-105.996
 13:10:24.662,eb:33:2e:f9:57:b5, 2015-01-01 00:54:56.290,-0.007,-0.001,0.999,-0.305,-0.732,0, , , , , , ,0.522,0.637,-105.996
 13:10:24.662,eb:33:2e:f9:57:b5, 2015-01-01 00:54:56.290,-0.007,-0.002,0.999,-0.244,-0.732,0, , , , , , ,0.522,0.637,-105.996
 13:10:24.707,eb:33:2e:f9:57:b5, 2015-01-01 00:54:56.290,-0.007,-0.003,0.999,-0.183,-0.732,0, , , , , , ,0.522,0.637,-105.996
 13:10:24.707,eb:33:2e:f9:57:b5, 2015-01-01 00:54:56.290,-0.006,-0.002,0.998,-0.061,-0.732,0.061, , , , , , ,0.522,0.632,-105.996
 13:10:24.707,eb:33:2e:f9:57:b5, 2015-01-01 00:54:56.290,-0.005,-0.002,0.998,0,-0.732,0.122, , , , , , ,0.522,0.632,-105.996
 13:10:24.707,eb:33:2e:f9:57:b5, 2015-01-01 00:54:56.290,-0.006,-0.001,0.999,0,-0.671,0.183, , , , , , ,0.522,0.632,-105.996
 13:10:24.707,eb:33:2e:f9:57:b5, 2015-01-01 00:54:56.290,-0.005,-0.001,0.999,0,-0.61,0.183, , , , , , ,0.522,0.632,-105.996
 13:10:24.707,eb:33:2e:f9:57:b5, 2015-01-01 00:54:56.290,-0.006,0,0.998,0,-0.549,0.183, , , , , , ,0.516,0.632,-105.996
 13:10:24.707,eb:33:2e:f9:57:b5, 2015-01-01 00:54:56.290,-0.005,-0.001,0.999,0.061,-0.488,0.244, , , , , , ,0.516,0.632,-105.996
 13:10:24.707,eb:33:2e:f9:57:b5, 2015-01-01 00:54:56.290,-0.005,-0.001,0.998,0.122,-0.366,0.183, , , , , , ,0.516,0.632,-105.996
 13:10:24.752,eb:33:2e:f9:57:b5, 2015-01-01 00:54:56.290,-0.006,-0.001,0.999,0.183,-0.366,0.244, , , , , , ,0.516,0.632,-105.996
 13:10:24.752,eb:33:2e:f9:57:b5, 2015-01-01 00:54:56.290,-0.006,-0.001,0.997,0.244,-0.305,0.244, , , , , , ,0.511,0.632,-105.996
 13:10:24.752,eb:33:2e:f9:57:b5, 2015-01-01 00:54:56.290,-0.006,-0.002,0.996,0.305,-0.366,0.244, , , , , , ,0.511,0.632,-105.996
 13:10:24.752,eb:33:2e:f9:57:b5, 2015-01-01 00:54:56.290,-0.005,0,0.997,0.366,-0.305,0.122, , , , , , ,0.511,0.632,-105.996
 13:10:24.752,eb:33:2e:f9:57:b5, 2015-01-01 00:54:56.290,-0.008,0,0.998,0.305,-0.183,0.122, , , , , , ,0.511,0.632,-105.996
 13:10:24.752,eb:33:2e:f9:57:b5, 2015-01-01 00:54:56.290,-0.006,-0.002,0.998,0.366,-0.244,0.183, , , , , , ,0.511,0.632,-105.996
 13:10:24.752,eb:33:2e:f9:57:b5, 2015-01-01 00:54:56.290,-0.007,-0.003,0.999,0.61,-0.244,0.244, , , , , , ,0.511,0.632,-105.996
 13:10:24.752,eb:33:2e:f9:57:b5, 2015-01-01 00:54:56.290,-0.006,-0.002,1,0.793,-0.244,0.366, , , , , , ,0.511,0.632,-105.996
 13:10:24.797,eb:33:2e:f9:57:b5, 2015-01-01 00:54:56.290,-0.01,0.004,0.998,0.732,-0.305,0.183, , , , , , ,0.511,0.632,-105.996
 13:10:24.797,eb:33:2e:f9:57:b5, 2015-01-01 00:54:56.290,-0.007,0.001,0.995,0.732,-0.427,0.244, , , , , , ,0.505,0.626,-105.996
 13:10:24.797,eb:33:2e:f9:57:b5, 2015-01-01 00:54:56.290,-0.007,0.001,1,0.732,-0.366,0.305, , , , , , ,0.505,0.626,-105.996
 13:10:24.797,eb:33:2e:f9:57:b5, 2015-01-01 00:54:56.290,-0.01,0.003,0.997,0.732,-0.366,0.122, , , , , , ,0.505,0.626,-105.996
 13:10:24.797,eb:33:2e:f9:57:b5, 2015-01-01 00:54:56.290,-0.006,0,0.995,0.732,-0.488,0, , , , , , ,0.505,0.626,-105.996
 13:10:24.797,eb:33:2e:f9:57:b5, 2015-01-01 00:54:56.290,-0.006,0.001,0.999,0.732,-0.488,0.122, , , , , , ,0.505,0.626,-105.996
 13:10:24.797,eb:33:2e:f9:57:b5, 2015-01-01 00:54:56.290,-0.008,0.002,0.997,0.671,-0.427,0, , , , , , ,0.505,0.626,-105.996
 13:10:24.797,eb:33:2e:f9:57:b5, 2015-01-01 00:54:56.290,-0.006,0,0.995,0.671,-0.549,0, , , , , , ,0.505,0.626,-105.996
 13:10:24.820,eb:33:2e:f9:57:b5, 2015-01-01 00:54:56.290,-0.003,-0.002,0.997,0.793,-0.549,0, , , , , , ,0.505,0.626,-105.996
 13:10:24.820,eb:33:2e:f9:57:b5, 2015-01-01 00:54:56.290,-0.008,0.002,0.999,0.671,-0.366,0, , , , , , ,0.5,0.626,-105.996
 13:10:24.820,eb:33:2e:f9:57:b5, 2015-01-01 00:54:56.290,-0.006,0.001,0.995,0.671,-0.366,-0.061, , , , , , ,0.5,0.626,-105.996
 13:10:24.820,eb:33:2e:f9:57:b5, 2015-01-01 00:54:56.290,-0.006,0,0.997,0.61,-0.488,-0.061, , , , , , ,0.5,0.626,-105.991
 13:10:24.820,eb:33:2e:f9:57:b5, 2015-01-01 00:54:56.290,-0.005,0,0.998,0.671,-0.549,0, , , , , , ,0.5,0.626,-105.991
 13:10:24.820,eb:33:2e:f9:57:b5, 2015-01-01 00:54:56.290,-0.007,0.002,0.998,0.61,-0.427,-0.061, , , , , , ,0.5,0.626,-105.996
 13:10:24.820,eb:33:2e:f9:57:b5, 2015-01-01 00:54:56.290,-0.007,0.001,0.997,0.61,-0.427,-0.122, , , , , , ,0.5,0.626,-105.996
 13:10:24.821,eb:33:2e:f9:57:b5, 2015-01-01 00:54:56.290,-0.003,0,0.995,0.61,-0.549,-0.061, , , , , , ,0.5,0.626,-105.991
 13:10:24.864,eb:33:2e:f9:57:b5, 2015-01-01 00:54:56.290,-0.004,0.001,0.999,0.549,-0.427,-0.061, , , , , , ,0.5,0.626,-105.991
 13:10:24.864,eb:33:2e:f9:57:b5, 2015-01-01 00:54:56.290,-0.005,0,0.999,0.549,-0.366,-0.122, , , , , , ,0.494,0.621,-105.996
 13:10:24.864,eb:33:2e:f9:57:b5, 2015-01-01 00:54:56.290,-0.005,0.001,0.998,0.549,-0.366,-0.122, , , , , , ,0.494,0.621,-105.996
 13:10:24.864,eb:33:2e:f9:57:b5, 2015-01-01 00:54:56.290,-0.007,0.001,0.997,0.549,-0.305,-0.122, , , , , , ,0.494,0.621,-105.991
 13:10:24.864,eb:33:2e:f9:57:b5, 2015-01-01 00:54:56.290,-0.004,0.002,0.996,0.488,-0.427,-0.061, , , , , , ,0.494,0.621,-105.991
 13:10:24.864,eb:33:2e:f9:57:b5, 2015-01-01 00:54:56.290,-0.005,0.001,0.999,0.427,-0.305,-0.061, , , , , , ,0.494,0.621,-105.996
 13:10:24.864,eb:33:2e:f9:57:b5, 2015-01-01 00:54:56.290,-0.003,0,0.998,0.427,-0.244,-0.122, , , , , , ,0.494,0.621,-105.996
 13:10:24.864,eb:33:2e:f9:57:b5, 2015-01-01 00:54:56.290,-0.006,0.001,0.998,0.427,-0.122,-0.122, , , , , , ,0.494,0.621,-105.991
 13:10:24.908,eb:33:2e:f9:57:b5, 2015-01-01 00:54:56.715,-0.005,0.001,0.997,0.366,-0.122,-0.061, , , , , , ,0.494,0.621,-105.991
 13:10:24.908,eb:33:2e:f9:57:b5, 2015-01-01 00:54:56.715,-0.006,0.001,0.998,0.366,-0.061,-0.122, , , , , , ,0.489,0.621,-105.991
 13:10:24.908,eb:33:2e:f9:57:b5, 2015-01-01 00:54:56.715,-0.005,0,0.998,0.366,0,-0.122, , , , , , ,0.489,0.621,-105.991
 13:10:24.908,eb:33:2e:f9:57:b5, 2015-01-01 00:54:56.715,-0.005,0,0.998,0.366,0,-0.122, , , , , , ,0.489,0.621,-105.991
 13:10:24.908,eb:33:2e:f9:57:b5, 2015-01-01 00:54:56.715,-0.002,0.001,0.996,0.305,-0.061,-0.122, , , , , , ,0.489,0.621,-105.991
 13:10:24.908,eb:33:2e:f9:57:b5, 2015-01-01 00:54:56.715,-0.006,0.001,0.999,0.366,0,-0.122, , , , , , ,0.489,0.621,-105.991
 13:10:24.908,eb:33:2e:f9:57:b5, 2015-01-01 00:54:56.715,-0.008,0.001,0.997,0.305,0,-0.122, , , , , , ,0.489,0.621,-105.991
 13:10:24.908,eb:33:2e:f9:57:b5, 2015-01-01 00:54:56.715,-0.004,0.002,0.995,0.366,-0.122,-0.122, , , , , , ,0.489,0.621,-105.991
 13:10:24.954,eb:33:2e:f9:57:b5, 2015-01-01 00:54:56.715,-0.003,0.002,0.998,0.305,0,-0.122, , , , , , ,0.489,0.621,-105.991
 13:10:24.954,eb:33:2e:f9:57:b5, 2015-01-01 00:54:56.715,-0.005,0.001,0.998,0.305,0,-0.122, , , , , , ,0.483,0.615,-105.991
 13:10:24.954,eb:33:2e:f9:57:b5, 2015-01-01 00:54:56.715,-0.008,0,0.996,0.244,0.061,-0.122, , , , , , ,0.483,0.615,-105.991
 13:10:24.954,eb:33:2e:f9:57:b5, 2015-01-01 00:54:56.715,-0.009,0.001,0.993,0.183,-0.061,0, , , , , , ,0.483,0.615,-105.991
 13:10:24.954,eb:33:2e:f9:57:b5, 2015-01-01 00:54:56.715,0,0.003,0.993,0.183,-0.305,-0.061, , , , , , ,0.483,0.615,-105.991
 13:10:24.954,eb:33:2e:f9:57:b5, 2015-01-01 00:54:56.715,-0.002,0.002,1,0.183,0,-0.122, , , , , , ,0.483,0.615,-105.991
 13:10:24.954,eb:33:2e:f9:57:b5, 2015-01-01 00:54:56.715,-0.004,0,0.998,0.122,0.061,0, , , , , , ,0.483,0.615,-105.991
 13:10:24.954,eb:33:2e:f9:57:b5, 2015-01-01 00:54:56.715,-0.008,0.001,0.998,0.122,0.122,0, , , , , , ,0.483,0.615,-105.991
 13:10:24.977,eb:33:2e:f9:57:b5, 2015-01-01 00:54:56.715,-0.009,0.001,0.996,0.122,0.061,0, , , , , , ,0.483,0.615,-105.991
 13:10:24.977,eb:33:2e:f9:57:b5, 2015-01-01 00:54:56.715,-0.009,0,0.994,0.183,-0.122,0, , , , , , ,0.478,0.615,-105.991
 13:10:24.977,eb:33:2e:f9:57:b5, 2015-01-01 00:54:56.715,-0.002,0.002,0.995,0.183,-0.427,-0.061, , , , , , ,0.478,0.615,-105.991
 13:10:24.978,eb:33:2e:f9:57:b5, 2015-01-01 00:54:56.715,-0.004,0.002,1.001,0.183,-0.183,-0.122, , , , , , ,0.478,0.615,-105.991
 13:10:24.978,eb:33:2e:f9:57:b5, 2015-01-01 00:54:56.715,-0.005,0.001,0.998,0.244,-0.122,-0.122, , , , , , ,0.478,0.615,-105.991
 13:10:24.978,eb:33:2e:f9:57:b5, 2015-01-01 00:54:56.715,-0.007,0.001,0.997,0.183,-0.183,-0.122, , , , , , ,0.478,0.61,-105.991
 13:10:24.978,eb:33:2e:f9:57:b5, 2015-01-01 00:54:56.715,-0.006,0.001,0.996,0.122,-0.183,-0.183, , , , , , ,0.478,0.61,-105.991
 13:10:24.978,eb:33:2e:f9:57:b5, 2015-01-01 00:54:56.715,-0.006,0.002,0.996,0.183,-0.244,-0.183, , , , , , ,0.478,0.61,-105.991
 13:10:25.021,eb:33:2e:f9:57:b5, 2015-01-01 00:54:56.715,-0.005,-0.002,0.996,0.244,-0.427,-0.061, , , , , , ,0.478,0.61,-105.991
 13:10:25.021,eb:33:2e:f9:57:b5, 2015-01-01 00:54:56.715,-0.003,0.001,0.997,0.305,-0.366,-0.061, , , , , , ,0.478,0.61,-105.991
 13:10:25.021,eb:33:2e:f9:57:b5, 2015-01-01 00:54:56.715,-0.003,0.002,0.998,0.244,-0.244,-0.122, , , , , , ,0.478,0.61,-105.991
 13:10:25.021,eb:33:2e:f9:57:b5, 2015-01-01 00:54:56.715,-0.006,0.003,0.998,0.122,-0.244,-0.122, , , , , , ,0.478,0.61,-105.991
 13:10:25.021,eb:33:2e:f9:57:b5, 2015-01-01 00:54:56.715,-0.002,-0.005,0.998,0.244,-0.305,-0.122, , , , , , ,0.478,0.61,-105.991
 13:10:25.021,eb:33:2e:f9:57:b5, 2015-01-01 00:54:56.715,-0.004,0,1,0.366,-0.183,-0.061, , , , , , ,0.472,0.61,-105.991
 13:10:25.021,eb:33:2e:f9:57:b5, 2015-01-01 00:54:56.715,-0.009,0.008,0.998,0.183,0,-0.122, , , , , , ,0.472,0.61,-105.991
 13:10:25.021,eb:33:2e:f9:57:b5, 2015-01-01 00:54:56.715,-0.003,0,0.997,0.244,-0.244,-0.061, , , , , , ,0.472,0.61,-105.991
 13:10:25.066,eb:33:2e:f9:57:b5, 2015-01-01 00:54:56.715,-0.003,0,0.998,0.183,-0.244,-0.061, , , , , , ,0.472,0.61,-105.991
 13:10:25.066,eb:33:2e:f9:57:b5, 2015-01-01 00:54:56.715,-0.004,0.001,0.996,0.183,-0.183,-0.122, , , , , , ,0.472,0.604,-105.991
 13:10:25.066,eb:33:2e:f9:57:b5, 2015-01-01 00:54:56.715,-0.001,-0.003,0.998,0.244,-0.244,0, , , , , , ,0.472,0.604,-105.991
 13:10:25.066,eb:33:2e:f9:57:b5, 2015-01-01 00:54:56.715,-0.008,0.005,0.999,0.061,0,-0.122, , , , , , ,0.472,0.604,-105.991
 13:10:25.066,eb:33:2e:f9:57:b5, 2015-01-01 00:54:56.715,-0.004,0.002,0.991,0.183,-0.244,-0.061, , , , , , ,0.472,0.604,-105.991
 13:10:25.066,eb:33:2e:f9:57:b5, 2015-01-01 00:54:56.715,0,0.001,0.995,0.183,-0.305,0, , , , , , ,0.467,0.604,-105.991
 13:10:25.066,eb:33:2e:f9:57:b5, 2015-01-01 00:54:56.715,-0.008,0.008,0.997,0,-0.061,0, , , , , , ,0.467,0.604,-105.991
 13:10:25.066,eb:33:2e:f9:57:b5, 2015-01-01 00:54:56.715,-0.001,-0.001,0.993,0,-0.244,0.061, , , , , , ,0.467,0.604,-105.991
 13:10:25.112,eb:33:2e:f9:57:b5, 2015-01-01 00:54:56.715,-0.004,0.003,0.997,-0.061,-0.061,0, , , , , , ,0.467,0.604,-105.991
 13:10:25.112,eb:33:2e:f9:57:b5, 2015-01-01 00:54:56.715,-0.006,0.001,0.993,-0.061,0,0, , , , , , ,0.467,0.604,-105.991
 13:10:25.112,eb:33:2e:f9:57:b5, 2015-01-01 00:54:56.715,-0.003,0,0.996,-0.122,-0.122,0.122, , , , , , ,0.467,0.604,-105.991
 13:10:25.112,eb:33:2e:f9:57:b5, 2015-01-01 00:54:56.715,-0.007,0.004,0.997,-0.183,0,0.061, , , , , , ,0.467,0.604,-105.991
 13:10:25.112,eb:33:2e:f9:57:b5, 2015-01-01 00:54:56.715,-0.005,0.002,0.991,-0.244,-0.122,0.122, , , , , , ,0.467,0.604,-105.991
 13:10:25.112,eb:33:2e:f9:57:b5, 2015-01-01 00:54:56.715,-0.003,0,0.997,-0.244,-0.183,0.183, , , , , , ,0.467,0.599,-105.991
 13:10:25.112,eb:33:2e:f9:57:b5, 2015-01-01 00:54:56.715,-0.005,0.002,0.997,-0.366,-0.122,0.183, , , , , , ,0.467,0.599,-105.991
 13:10:25.112,eb:33:2e:f9:57:b5, 2015-01-01 00:54:56.715,-0.007,0.003,0.995,-0.427,-0.061,0.183, , , , , , ,0.467,0.599,-105.991
 13:10:25.157,eb:33:2e:f9:57:b5, 2015-01-01 00:54:56.715,-0.004,0,0.994,-0.427,-0.244,0.244, , , , , , ,0.467,0.599,-105.991
 13:10:25.157,eb:33:2e:f9:57:b5, 2015-01-01 00:54:56.715,-0.005,0.001,0.997,-0.488,-0.244,0.244, , , , , , ,0.461,0.599,-105.991
 13:10:25.157,eb:33:2e:f9:57:b5, 2015-01-01 00:54:56.715,-0.004,0.002,0.997,-0.488,-0.305,0.244, , , , , , ,0.461,0.599,-105.991
 13:10:25.157,eb:33:2e:f9:57:b5, 2015-01-01 00:54:56.715,-0.005,0.003,0.998,-0.61,-0.244,0.183, , , , , , ,0.461,0.599,-105.991
 13:10:25.157,eb:33:2e:f9:57:b5, 2015-01-01 00:54:56.715,-0.005,0.001,0.998,-0.61,-0.305,0.244, , , , , , ,0.461,0.599,-105.991
 13:10:25.157,eb:33:2e:f9:57:b5, 2015-01-01 00:54:56.715,-0.005,0.001,0.998,-0.488,-0.305,0.305, , , , , , ,0.461,0.599,-105.991
 13:10:25.157,eb:33:2e:f9:57:b5, 2015-01-01 00:54:56.715,-0.004,0,0.998,-0.488,-0.366,0.366, , , , , , ,0.461,0.599,-105.991
 13:10:25.157,eb:33:2e:f9:57:b5, 2015-01-01 00:54:56.715,-0.005,0.001,0.999,-0.488,-0.427,0.305, , , , , , ,0.461,0.599,-105.991
 13:10:25.180,eb:33:2e:f9:57:b5, 2015-01-01 00:54:57.005,-0.005,0.002,0.998,-0.427,-0.427,0.305, , , , , , ,0.461,0.599,-105.991
 13:10:25.180,eb:33:2e:f9:57:b5, 2015-01-01 00:54:57.005,-0.005,0,0.998,-0.427,-0.488,0.366, , , , , , ,0.461,0.593,-105.991
 13:10:25.180,eb:33:2e:f9:57:b5, 2015-01-01 00:54:57.005,-0.005,0,0.999,-0.366,-0.488,0.366, , , , , , ,0.461,0.593,-105.991
 13:10:25.180,eb:33:2e:f9:57:b5, 2015-01-01 00:54:57.005,-0.006,0,0.998,-0.305,-0.549,0.427, , , , , , ,0.461,0.593,-105.991
 13:10:25.180,eb:33:2e:f9:57:b5, 2015-01-01 00:54:57.005,-0.007,0.002,0.998,-0.305,-0.671,0.427, , , , , , ,0.461,0.593,-105.991
 13:10:25.180,eb:33:2e:f9:57:b5, 2015-01-01 00:54:57.005,-0.006,-0.001,0.997,-0.244,-0.854,0.488, , , , , , ,0.456,0.593,-105.991
 13:10:25.180,eb:33:2e:f9:57:b5, 2015-01-01 00:54:57.005,-0.004,0,0.997,-0.183,-0.916,0.488, , , , , , ,0.456,0.593,-105.991
 13:10:25.180,eb:33:2e:f9:57:b5, 2015-01-01 00:54:57.005,-0.007,0.001,0.998,-0.122,-0.977,0.427, , , , , , ,0.456,0.593,-105.991
 13:10:25.224,eb:33:2e:f9:57:b5, 2015-01-01 00:54:57.005,-0.006,0.001,0.997,-0.122,-1.099,0.427, , , , , , ,0.456,0.593,-105.991
 13:10:25.224,eb:33:2e:f9:57:b5, 2015-01-01 00:54:57.005,-0.006,-0.001,0.997,-0.061,-1.16,0.488, , , , , , ,0.456,0.593,-105.991
 13:10:25.224,eb:33:2e:f9:57:b5, 2015-01-01 00:54:57.005,-0.006,0,0.998,0,-1.221,0.427, , , , , , ,0.456,0.593,-105.991
 13:10:25.224,eb:33:2e:f9:57:b5, 2015-01-01 00:54:57.005,-0.003,0,0.996,0,-1.343,0.427, , , , , , ,0.456,0.593,-105.991
 13:10:25.224,eb:33:2e:f9:57:b5, 2015-01-01 00:54:57.005,-0.002,0.001,0.998,-0.061,-1.282,0.488, , , , , , ,0.456,0.593,-105.991
 13:10:25.225,eb:33:2e:f9:57:b5, 2015-01-01 00:54:57.005,-0.002,0.001,0.998,-0.061,-1.221,0.427, , , , , , ,0.45,0.593,-105.991
 13:10:25.225,eb:33:2e:f9:57:b5, 2015-01-01 00:54:57.005,-0.002,0.001,0.998,-0.061,-1.16,0.427, , , , , , ,0.45,0.593,-105.991
 13:10:25.225,eb:33:2e:f9:57:b5, 2015-01-01 00:54:57.005,-0.003,0.002,0.997,-0.061,-1.099,0.427, , , , , , ,0.45,0.593,-105.991
 13:10:25.268,eb:33:2e:f9:57:b5, 2015-01-01 00:54:57.005,-0.001,0.002,0.997,-0.122,-1.038,0.427, , , , , , ,0.45,0.593,-105.991
 13:10:25.268,eb:33:2e:f9:57:b5, 2015-01-01 00:54:57.005,-0.001,0.002,0.997,-0.183,-0.916,0.427, , , , , , ,0.45,0.588,-105.991
 13:10:25.268,eb:33:2e:f9:57:b5, 2015-01-01 00:54:57.005,-0.002,0.003,0.996,-0.244,-0.854,0.366, , , , , , ,0.45,0.588,-105.991
 13:10:25.268,eb:33:2e:f9:57:b5, 2015-01-01 00:54:57.005,-0.001,0.002,0.996,-0.305,-0.793,0.305, , , , , , ,0.45,0.588,-105.991
 13:10:25.268,eb:33:2e:f9:57:b5, 2015-01-01 00:54:57.005,-0.001,0.001,0.996,-0.305,-0.732,0.305, , , , , , ,0.45,0.588,-105.991
 13:10:25.269,eb:33:2e:f9:57:b5, 2015-01-01 00:54:57.005,-0.002,0.001,0.997,-0.366,-0.549,0.305, , , , , , ,0.45,0.588,-105.991
 13:10:25.269,eb:33:2e:f9:57:b5, 2015-01-01 00:54:57.005,-0.002,0,0.997,-0.427,-0.549,0.366, , , , , , ,0.45,0.588,-105.991
 13:10:25.269,eb:33:2e:f9:57:b5, 2015-01-01 00:54:57.005,-0.002,0.001,0.997,-0.488,-0.488,0.244, , , , , , ,0.45,0.588,-105.991
 13:10:25.315,eb:33:2e:f9:57:b5, 2015-01-01 00:54:57.005,-0.001,0,0.996,-0.488,-0.427,0.183, , , , , , ,0.45,0.588,-105.991
 13:10:25.315,eb:33:2e:f9:57:b5, 2015-01-01 00:54:57.005,0,0,0.997,-0.427,-0.427,0.183, , , , , , ,0.445,0.582,-105.991
 13:10:25.315,eb:33:2e:f9:57:b5, 2015-01-01 00:54:57.005,-0.002,0.001,0.998,-0.488,-0.244,0.244, , , , , , ,0.445,0.582,-105.991
 13:10:25.315,eb:33:2e:f9:57:b5, 2015-01-01 00:54:57.005,0,0,0.996,-0.549,-0.183,0.305, , , , , , ,0.445,0.582,-105.991
 13:10:25.315,eb:33:2e:f9:57:b5, 2015-01-01 00:54:57.005,-0.001,0,0.998,-0.549,-0.122,0.244, , , , , , ,0.445,0.582,-105.991
 13:10:25.315,eb:33:2e:f9:57:b5, 2015-01-01 00:54:57.005,-0.001,0,0.997,-0.488,-0.122,0.183, , , , , , ,0.445,0.582,-105.991
 13:10:25.315,eb:33:2e:f9:57:b5, 2015-01-01 00:54:57.005,-0.001,0.001,0.998,-0.488,-0.061,0.122, , , , , , ,0.445,0.582,-105.991
 13:10:25.315,eb:33:2e:f9:57:b5, 2015-01-01 00:54:57.005,-0.003,0,0.997,-0.488,0,0.183, , , , , , ,0.445,0.582,-105.991
 13:10:25.360,eb:33:2e:f9:57:b5, 2015-01-01 00:54:57.005,-0.002,0,0.998,-0.488,0.061,0.183, , , , , , ,0.445,0.582,-105.991
 13:10:25.360,eb:33:2e:f9:57:b5, 2015-01-01 00:54:57.005,0.002,0,0.998,-0.366,0.061,0.244, , , , , , ,0.439,0.577,-105.991
 13:10:25.360,eb:33:2e:f9:57:b5, 2015-01-01 00:54:57.005,-0.005,0,1,-0.366,0.305,0.122, , , , , , ,0.439,0.577,-105.991
 13:10:25.360,eb:33:2e:f9:57:b5, 2015-01-01 00:54:57.005,-0.002,-0.001,0.995,-0.305,0.122,0.183, , , , , , ,0.439,0.577,-105.991
 13:10:25.360,eb:33:2e:f9:57:b5, 2015-01-01 00:54:57.005,-0.003,0,0.999,-0.244,0.244,0.183, , , , , , ,0.439,0.577,-105.991
 13:10:25.360,eb:33:2e:f9:57:b5, 2015-01-01 00:54:57.005,-0.002,0,0.999,-0.244,0.244,0.122, , , , , , ,0.439,0.577,-105.991
 13:10:25.360,eb:33:2e:f9:57:b5, 2015-01-01 00:54:57.005,-0.002,0,0.999,-0.122,0.305,0.183, , , , , , ,0.439,0.577,-105.991
 13:10:25.360,eb:33:2e:f9:57:b5, 2015-01-01 00:54:57.005,-0.001,0,0.999,-0.061,0.366,0.122, , , , , , ,0.439,0.577,-105.991
 13:10:25.383,eb:33:2e:f9:57:b5, 2015-01-01 00:54:57.005,-0.003,0.001,0.998,-0.122,0.488,0, , , , , , ,0.439,0.577,-105.991
 13:10:25.383,eb:33:2e:f9:57:b5, 2015-01-01 00:54:57.005,-0.002,0,0.999,-0.122,0.488,0, , , , , , ,0.439,0.571,-105.991
 13:10:25.383,eb:33:2e:f9:57:b5, 2015-01-01 00:54:57.005,0,-0.002,0.999,0,0.427,0, , , , , , ,0.439,0.571,-105.991
 13:10:25.383,eb:33:2e:f9:57:b5, 2015-01-01 00:54:57.005,-0.005,0.003,0.998,-0.061,0.732,-0.061, , , , , , ,0.434,0.571,-105.991
 13:10:25.383,eb:33:2e:f9:57:b5, 2015-01-01 00:54:57.005,0,0,0.997,0,0.61,0, , , , , , ,0.434,0.571,-105.991
 13:10:25.383,eb:33:2e:f9:57:b5, 2015-01-01 00:54:57.005,0,-0.001,1,0.061,0.61,0, , , , , , ,0.434,0.571,-105.991
 13:10:25.383,eb:33:2e:f9:57:b5, 2015-01-01 00:54:57.005,-0.004,0.002,1,0,0.671,-0.061, , , , , , ,0.434,0.571,-105.991
 13:10:25.383,eb:33:2e:f9:57:b5, 2015-01-01 00:54:57.005,0,-0.004,0.998,0,0.61,0, , , , , , ,0.434,0.571,-105.991
 13:10:25.449,eb:33:2e:f9:57:b5, 2015-01-01 00:54:57.005,-0.007,0.005,0.999,0,0.916,-0.122, , , , , , ,0.434,0.571,-105.991
 13:10:25.449,eb:33:2e:f9:57:b5, 2015-01-01 00:54:57.005,-0.002,0,0.997,0.122,0.671,-0.061, , , , , , ,0.434,0.571,-105.991
 13:10:25.449,eb:33:2e:f9:57:b5, 2015-01-01 00:54:57.005,-0.005,0.004,0.998,0,0.854,-0.122, , , , , , ,0.434,0.571,-105.991
 13:10:25.449,eb:33:2e:f9:57:b5, 2015-01-01 00:54:57.005,-0.001,0,0.997,0.122,0.671,-0.183, , , , , , ,0.434,0.571,-105.991
 13:10:25.449,eb:33:2e:f9:57:b5, 2015-01-01 00:54:57.005,-0.004,0.003,0.998,0.061,0.854,-0.122, , , , , , ,0.434,0.571,-105.991
 13:10:25.449,eb:33:2e:f9:57:b5, 2015-01-01 00:54:57.005,-0.001,-0.002,0.998,0.122,0.793,-0.183, , , , , , ,0.428,0.566,-105.991
 13:10:25.449,eb:33:2e:f9:57:b5, 2015-01-01 00:54:57.005,-0.001,0,0.998,0.122,0.793,-0.244, , , , , , ,0.428,0.566,-105.991
 13:10:25.449,eb:33:2e:f9:57:b5, 2015-01-01 00:54:57.005,-0.005,0,0.997,0.061,0.916,-0.427, , , , , , ,0.428,0.566,-105.991
 13:10:25.472,eb:33:2e:f9:57:b5, 2015-01-01 00:54:57.005,-0.004,0,0.996,0.183,0.854,-0.244, , , , , , ,0.428,0.566,-105.991
 13:10:25.472,eb:33:2e:f9:57:b5, 2015-01-01 00:54:57.005,-0.004,0.004,0.998,0.122,0.854,-0.122, , , , , , ,0.428,0.566,-105.991
 13:10:25.472,eb:33:2e:f9:57:b5, 2015-01-01 00:54:57.005,-0.001,0,0.999,0.183,0.793,-0.244, , , , , , ,0.428,0.566,-105.991
 13:10:25.472,eb:33:2e:f9:57:b5, 2015-01-01 00:54:57.005,-0.002,0,0.997,0.061,0.793,-0.244, , , , , , ,0.428,0.566,-105.991
 13:10:25.472,eb:33:2e:f9:57:b5, 2015-01-01 00:54:57.005,-0.003,-0.002,0.997,0,0.854,-0.305, , , , , , ,0.428,0.566,-105.991
 13:10:25.472,eb:33:2e:f9:57:b5, 2015-01-01 00:54:57.005,-0.002,0,0.994,0,0.793,-0.305, , , , , , ,0.423,0.56,-105.991
 13:10:25.472,eb:33:2e:f9:57:b5, 2015-01-01 00:54:57.005,-0.006,0.002,0.999,0,0.977,-0.366, , , , , , ,0.423,0.56,-105.991
 13:10:25.472,eb:33:2e:f9:57:b5, 2015-01-01 00:54:57.005,-0.004,0,0.998,0.122,0.916,-0.305, , , , , , ,0.423,0.56,-105.991
 13:10:25.516,eb:33:2e:f9:57:b5, 2015-01-01 00:54:57.005,-0.005,0.002,0.999,0.061,0.916,-0.244, , , , , , ,0.423,0.56,-105.991
 13:10:25.516,eb:33:2e:f9:57:b5, 2015-01-01 00:54:57.005,-0.004,-0.002,0.999,0.122,0.854,-0.305, , , , , , ,0.423,0.56,-105.991
 13:10:25.516,eb:33:2e:f9:57:b5, 2015-01-01 00:54:57.005,-0.003,-0.001,0.996,0.122,0.671,-0.305, , , , , , ,0.423,0.56,-105.991
 13:10:25.516,eb:33:2e:f9:57:b5, 2015-01-01 00:54:57.005,-0.004,-0.002,0.999,0.122,0.732,-0.305, , , , , , ,0.423,0.56,-105.991
 13:10:25.516,eb:33:2e:f9:57:b5, 2015-01-01 00:54:57.005,-0.004,-0.001,0.994,0.183,0.549,-0.366, , , , , , ,0.423,0.56,-105.991
 13:10:25.516,eb:33:2e:f9:57:b5, 2015-01-01 00:54:57.005,-0.007,0,0.998,0.183,0.61,-0.427, , , , , , ,0.417,0.56,-105.991
 13:10:25.516,eb:33:2e:f9:57:b5, 2015-01-01 00:54:57.005,-0.004,0,0.995,0.305,0.488,-0.305, , , , , , ,0.417,0.56,-105.991
 13:10:25.516,eb:33:2e:f9:57:b5, 2015-01-01 00:54:57.005,-0.008,0.003,0.997,0.183,0.671,-0.244, , , , , , ,0.417,0.56,-105.991
 13:10:25.540,eb:33:2e:f9:57:b5, 2015-01-01 00:54:57.340,-0.002,0,0.997,0.244,0.366,-0.244, , , , , , ,0.417,0.56,-105.991
 13:10:25.540,eb:33:2e:f9:57:b5, 2015-01-01 00:54:57.340,-0.005,0.003,1,0.244,0.427,-0.183, , , , , , ,0.417,0.555,-105.991
 13:10:25.540,eb:33:2e:f9:57:b5, 2015-01-01 00:54:57.340,-0.002,-0.002,0.999,0.305,0.427,-0.183, , , , , , ,0.417,0.555,-105.991
 13:10:25.540,eb:33:2e:f9:57:b5, 2015-01-01 00:54:57.340,-0.003,0,0.999,0.305,0.305,-0.244, , , , , , ,0.417,0.555,-105.991
 13:10:25.540,eb:33:2e:f9:57:b5, 2015-01-01 00:54:57.340,-0.004,-0.002,0.998,0.305,0.305,-0.122, , , , , , ,0.417,0.555,-105.991
 13:10:25.540,eb:33:2e:f9:57:b5, 2015-01-01 00:54:57.340,-0.003,-0.001,0.996,0.305,0.244,-0.183, , , , , , ,0.417,0.555,-105.991
 13:10:25.540,eb:33:2e:f9:57:b5, 2015-01-01 00:54:57.340,-0.009,-0.002,0.999,0.305,0.305,-0.122, , , , , , ,0.417,0.555,-105.991
 13:10:25.540,eb:33:2e:f9:57:b5, 2015-01-01 00:54:57.340,-0.005,0,0.993,0.305,0.183,-0.183, , , , , , ,0.417,0.555,-105.991
 13:10:25.584,eb:33:2e:f9:57:b5, 2015-01-01 00:54:57.340,-0.008,0,0.998,0.305,0.183,-0.183, , , , , , ,0.417,0.555,-105.991
 13:10:25.584,eb:33:2e:f9:57:b5, 2015-01-01 00:54:57.340,-0.003,0,0.992,0.305,0,-0.244, , , , , , ,0.412,0.555,-105.991
 13:10:25.584,eb:33:2e:f9:57:b5, 2015-01-01 00:54:57.340,-0.003,-0.001,1,0.427,0.183,-0.122, , , , , , ,0.412,0.555,-105.991
 13:10:25.584,eb:33:2e:f9:57:b5, 2015-01-01 00:54:57.340,-0.01,0.004,0.998,0.244,0.305,-0.122, , , , , , ,0.412,0.555,-105.991
 13:10:25.584,eb:33:2e:f9:57:b5, 2015-01-01 00:54:57.340,-0.004,0,0.995,0.244,0,-0.061, , , , , , ,0.412,0.555,-105.991
 13:10:25.584,eb:33:2e:f9:57:b5, 2015-01-01 00:54:57.340,-0.006,0,0.996,0.305,0,-0.122, , , , , , ,0.412,0.549,-105.991
 13:10:25.584,eb:33:2e:f9:57:b5, 2015-01-01 00:54:57.340,-0.005,0,0.994,0.244,0,-0.122, , , , , , ,0.412,0.549,-105.991
 13:10:25.584,eb:33:2e:f9:57:b5, 2015-01-01 00:54:57.340,-0.003,0.003,0.994,0.183,0,-0.244, , , , , , ,0.412,0.549,-105.991
 13:10:25.630,eb:33:2e:f9:57:b5, 2015-01-01 00:54:57.340,-0.003,0,0.999,0.183,0.122,-0.183, , , , , , ,0.412,0.549,-105.991
 13:10:25.630,eb:33:2e:f9:57:b5, 2015-01-01 00:54:57.340,-0.008,0,0.997,0.244,0.122,-0.122, , , , , , ,0.406,0.549,-105.991
 13:10:25.630,eb:33:2e:f9:57:b5, 2015-01-01 00:54:57.340,-0.001,0,0.993,0.183,0,-0.061, , , , , , ,0.406,0.549,-105.991
 13:10:25.630,eb:33:2e:f9:57:b5, 2015-01-01 00:54:57.340,-0.002,0.004,0.999,0.061,0.122,-0.183, , , , , , ,0.406,0.549,-105.991
 13:10:25.630,eb:33:2e:f9:57:b5, 2015-01-01 00:54:57.340,-0.002,0.001,0.997,0.061,0.244,-0.183, , , , , , ,0.406,0.549,-105.991
 13:10:25.630,eb:33:2e:f9:57:b5, 2015-01-01 00:54:57.340,-0.006,0,0.996,0,0.366,-0.061, , , , , , ,0.406,0.549,-105.991
 13:10:25.630,eb:33:2e:f9:57:b5, 2015-01-01 00:54:57.340,-0.003,0,0.993,0,0.305,-0.061, , , , , , ,0.406,0.549,-105.991
 13:10:25.630,eb:33:2e:f9:57:b5, 2015-01-01 00:54:57.340,0,0.003,0.996,-0.122,0.244,-0.122, , , , , , ,0.406,0.549,-105.991
 13:10:25.674,eb:33:2e:f9:57:b5, 2015-01-01 00:54:57.340,-0.002,0,0.998,-0.122,0.488,-0.122, , , , , , ,0.406,0.549,-105.991
 13:10:25.674,eb:33:2e:f9:57:b5, 2015-01-01 00:54:57.340,-0.004,0,0.997,-0.122,0.549,-0.122, , , , , , ,0.406,0.544,-105.991
 13:10:25.674,eb:33:2e:f9:57:b5, 2015-01-01 00:54:57.340,-0.007,0.001,0.996,-0.244,0.61,-0.122, , , , , , ,0.406,0.544,-105.991
 13:10:25.674,eb:33:2e:f9:57:b5, 2015-01-01 00:54:57.340,-0.008,0,0.993,-0.305,0.488,-0.061, , , , , , ,0.406,0.544,-105.991
 13:10:25.674,eb:33:2e:f9:57:b5, 2015-01-01 00:54:57.340,-0.002,0.001,0.993,-0.305,0.244,-0.122, , , , , , ,0.406,0.544,-105.991
 13:10:25.674,eb:33:2e:f9:57:b5, 2015-01-01 00:54:57.340,-0.003,0.002,0.998,-0.366,0.427,-0.183, , , , , , ,0.401,0.544,-105.991
 13:10:25.674,eb:33:2e:f9:57:b5, 2015-01-01 00:54:57.340,-0.004,0,0.997,-0.366,0.549,-0.122, , , , , , ,0.401,0.544,-105.991
 13:10:25.674,eb:33:2e:f9:57:b5, 2015-01-01 00:54:57.340,-0.006,0.001,0.996,-0.366,0.61,-0.122, , , , , , ,0.401,0.544,-105.991
 13:10:25.720,eb:33:2e:f9:57:b5, 2015-01-01 00:54:57.340,-0.005,0,0.995,-0.427,0.488,-0.122, , , , , , ,0.401,0.544,-105.991
 13:10:25.720,eb:33:2e:f9:57:b5, 2015-01-01 00:54:57.340,-0.005,0.001,0.996,-0.427,0.488,-0.061, , , , , , ,0.401,0.544,-105.991
 13:10:25.720,eb:33:2e:f9:57:b5, 2015-01-01 00:54:57.340,-0.005,0.001,0.995,-0.488,0.427,-0.061, , , , , , ,0.401,0.544,-105.991
 13:10:25.720,eb:33:2e:f9:57:b5, 2015-01-01 00:54:57.340,-0.004,0.001,0.995,-0.549,0.427,-0.061, , , , , , ,0.401,0.544,-105.991
 13:10:25.720,eb:33:2e:f9:57:b5, 2015-01-01 00:54:57.340,-0.005,0.001,0.997,-0.549,0.488,-0.061, , , , , , ,0.401,0.544,-105.991
 13:10:25.721,eb:33:2e:f9:57:b5, 2015-01-01 00:54:57.340,-0.006,0,0.997,-0.549,0.488,-0.061, , , , , , ,0.401,0.544,-105.991
 13:10:25.721,eb:33:2e:f9:57:b5, 2015-01-01 00:54:57.340,-0.006,0,0.998,-0.61,0.488,-0.122, , , , , , ,0.401,0.544,-105.991
 13:10:25.721,eb:33:2e:f9:57:b5, 2015-01-01 00:54:57.340,-0.005,0,0.997,-0.671,0.427,-0.122, , , , , , ,0.401,0.544,-105.991
 13:10:25.742,eb:33:2e:f9:57:b5, 2015-01-01 00:54:57.340,-0.005,0,0.997,-0.671,0.427,-0.122, , , , , , ,0.401,0.544,-105.991
 13:10:25.742,eb:33:2e:f9:57:b5, 2015-01-01 00:54:57.340,-0.006,0,0.998,-0.671,0.427,-0.122, , , , , , ,0.396,0.538,-105.991
 13:10:25.743,eb:33:2e:f9:57:b5, 2015-01-01 00:54:57.340,-0.005,0,0.997,-0.671,0.427,-0.122, , , , , , ,0.396,0.538,-105.991
 13:10:25.743,eb:33:2e:f9:57:b5, 2015-01-01 00:54:57.340,-0.006,0,0.997,-0.61,0.366,-0.061, , , , , , ,0.396,0.538,-105.991
 13:10:25.743,eb:33:2e:f9:57:b5, 2015-01-01 00:54:57.340,-0.006,0,0.998,-0.549,0.305,-0.061, , , , , , ,0.396,0.538,-105.991
 13:10:25.743,eb:33:2e:f9:57:b5, 2015-01-01 00:54:57.340,-0.006,-0.001,0.999,-0.366,0.305,-0.061, , , , , , ,0.396,0.538,-105.991
 13:10:25.743,eb:33:2e:f9:57:b5, 2015-01-01 00:54:57.340,-0.005,-0.001,0.998,-0.427,0.244,0, , , , , , ,0.396,0.538,-105.991
 13:10:25.743,eb:33:2e:f9:57:b5, 2015-01-01 00:54:57.340,-0.008,0.002,0.997,-0.488,0.366,-0.122, , , , , , ,0.396,0.538,-105.991
 13:10:25.787,eb:33:2e:f9:57:b5, 2015-01-01 00:54:57.340,-0.009,0,0.996,-0.488,0.244,-0.183, , , , , , ,0.396,0.538,-105.991
 13:10:25.787,eb:33:2e:f9:57:b5, 2015-01-01 00:54:57.340,-0.003,-0.008,0.996,-0.244,0,-0.122, , , , , , ,0.39,0.538,-105.991
 13:10:25.787,eb:33:2e:f9:57:b5, 2015-01-01 00:54:57.340,-0.008,0.001,0.998,-0.305,0.122,-0.122, , , , , , ,0.39,0.538,-105.991
 13:10:25.787,eb:33:2e:f9:57:b5, 2015-01-01 00:54:57.340,-0.008,0,0.996,-0.427,0,-0.122, , , , , , ,0.39,0.538,-105.991
 13:10:25.787,eb:33:2e:f9:57:b5, 2015-01-01 00:54:57.340,-0.001,-0.005,0.998,-0.183,-0.183,0, , , , , , ,0.39,0.538,-105.991
 13:10:25.787,eb:33:2e:f9:57:b5, 2015-01-01 00:54:57.340,-0.005,-0.002,1,-0.183,0.061,-0.061, , , , , , ,0.39,0.538,-105.991
 13:10:25.787,eb:33:2e:f9:57:b5, 2015-01-01 00:54:57.340,-0.006,0.001,0.997,-0.305,0.061,-0.122, , , , , , ,0.39,0.538,-105.991
 13:10:25.787,eb:33:2e:f9:57:b5, 2015-01-01 00:54:57.340,-0.005,0,0.996,-0.305,0.061,-0.122, , , , , , ,0.39,0.538,-105.991
 13:10:25.833,eb:33:2e:f9:57:b5, 2015-01-01 00:54:57.340,-0.004,0,1,-0.244,0.122,0, , , , , , ,0.39,0.538,-105.991
 13:10:25.833,eb:33:2e:f9:57:b5, 2015-01-01 00:54:57.340,-0.006,0.001,0.998,-0.305,0.244,-0.122, , , , , , ,0.385,0.538,-105.991
 13:10:25.833,eb:33:2e:f9:57:b5, 2015-01-01 00:54:57.340,-0.005,0,0.996,-0.305,0.305,-0.122, , , , , , ,0.385,0.538,-105.991
 13:10:25.833,eb:33:2e:f9:57:b5, 2015-01-01 00:54:57.340,-0.005,0,0.999,-0.305,0.366,-0.122, , , , , , ,0.385,0.538,-105.991
 13:10:25.833,eb:33:2e:f9:57:b5, 2015-01-01 00:54:57.340,-0.004,-0.002,0.998,-0.183,0.366,0, , , , , , ,0.385,0.538,-105.991
 13:10:25.833,eb:33:2e:f9:57:b5, 2015-01-01 00:54:57.340,-0.007,0.001,0.999,-0.305,0.488,-0.061, , , , , , ,0.385,0.533,-105.991
 13:10:25.833,eb:33:2e:f9:57:b5, 2015-01-01 00:54:57.340,-0.007,0,0.997,-0.305,0.488,-0.122, , , , , , ,0.385,0.533,-105.991
 13:10:25.833,eb:33:2e:f9:57:b5, 2015-01-01 00:54:57.340,-0.006,-0.001,0.997,-0.305,0.427,0, , , , , , ,0.385,0.533,-105.991
 13:10:25.877,eb:33:2e:f9:57:b5, 2015-01-01 00:54:57.675,-0.006,-0.001,0.997,-0.244,0.488,-0.061, , , , , , ,0.385,0.533,-105.991
 13:10:25.877,eb:33:2e:f9:57:b5, 2015-01-01 00:54:57.675,-0.007,-0.001,0.998,-0.183,0.488,-0.122, , , , , , ,0.385,0.533,-105.991
 13:10:25.877,eb:33:2e:f9:57:b5, 2015-01-01 00:54:57.675,-0.006,-0.002,0.998,-0.183,0.427,0, , , , , , ,0.385,0.533,-105.991
 13:10:25.877,eb:33:2e:f9:57:b5, 2015-01-01 00:54:57.675,-0.008,0,0.999,-0.183,0.427,-0.122, , , , , , ,0.385,0.533,-105.991
 13:10:25.877,eb:33:2e:f9:57:b5, 2015-01-01 00:54:57.675,-0.007,0,0.996,-0.183,0.427,-0.061, , , , , , ,0.385,0.533,-105.991
 13:10:25.877,eb:33:2e:f9:57:b5, 2015-01-01 00:54:57.675,-0.006,0,0.997,-0.122,0.244,-0.122, , , , , , ,0.379,0.533,-105.991
 13:10:25.877,eb:33:2e:f9:57:b5, 2015-01-01 00:54:57.675,-0.007,-0.001,0.998,-0.061,0.183,-0.122, , , , , , ,0.379,0.533,-105.991
 13:10:25.878,eb:33:2e:f9:57:b5, 2015-01-01 00:54:57.675,-0.007,-0.001,0.999,0,0.183,-0.122, , , , , , ,0.379,0.533,-105.991
 13:10:25.922,eb:33:2e:f9:57:b5, 2015-01-01 00:54:57.675,-0.009,-0.001,0.999,0.061,0.122,-0.122, , , , , , ,0.379,0.533,-105.991
 13:10:25.922,eb:33:2e:f9:57:b5, 2015-01-01 00:54:57.675,-0.008,-0.003,0.998,0.183,-0.061,-0.122, , , , , , ,0.379,0.533,-105.991
 13:10:25.922,eb:33:2e:f9:57:b5, 2015-01-01 00:54:57.675,-0.009,0,0.998,0.183,-0.122,-0.183, , , , , , ,0.379,0.533,-105.991
 13:10:25.922,eb:33:2e:f9:57:b5, 2015-01-01 00:54:57.675,-0.008,0,0.997,0.244,-0.244,-0.183, , , , , , ,0.379,0.533,-105.991
 13:10:25.922,eb:33:2e:f9:57:b5, 2015-01-01 00:54:57.675,-0.009,-0.001,0.997,0.244,-0.427,-0.183, , , , , , ,0.379,0.533,-105.991
 13:10:25.923,eb:33:2e:f9:57:b5, 2015-01-01 00:54:57.675,-0.006,-0.005,0.998,0.366,-0.549,-0.122, , , , , , ,0.374,0.533,-105.991
 13:10:25.923,eb:33:2e:f9:57:b5, 2015-01-01 00:54:57.675,-0.009,0,0.999,0.366,-0.549,-0.122, , , , , , ,0.374,0.533,-105.991
 13:10:25.923,eb:33:2e:f9:57:b5, 2015-01-01 00:54:57.675,-0.008,0,0.997,0.305,-0.671,-0.122, , , , , , ,0.374,0.533,-105.991
 13:10:25.944,eb:33:2e:f9:57:b5, 2015-01-01 00:54:57.675,-0.007,-0.001,0.997,0.427,-0.793,0, , , , , , ,0.374,0.533,-105.991
 13:10:25.944,eb:33:2e:f9:57:b5, 2015-01-01 00:54:57.675,-0.005,-0.002,0.998,0.488,-0.854,0, , , , , , ,0.374,0.533,-105.991
 13:10:25.944,eb:33:2e:f9:57:b5, 2015-01-01 00:54:57.675,-0.007,0.001,0.997,0.427,-0.854,0, , , , , , ,0.374,0.533,-105.991
 13:10:25.944,eb:33:2e:f9:57:b5, 2015-01-01 00:54:57.675,-0.006,0,0.996,0.427,-0.854,-0.061, , , , , , ,0.374,0.533,-105.991
 13:10:25.944,eb:33:2e:f9:57:b5, 2015-01-01 00:54:57.675,-0.002,-0.001,0.997,0.488,-0.854,0, , , , , , ,0.374,0.533,-105.991
 13:10:25.944,eb:33:2e:f9:57:b5, 2015-01-01 00:54:57.675,-0.004,0,1,0.427,-0.671,0, , , , , , ,0.368,0.527,-105.991
 13:10:25.944,eb:33:2e:f9:57:b5, 2015-01-01 00:54:57.675,-0.004,0.001,0.997,0.366,-0.61,-0.061, , , , , , ,0.368,0.527,-105.991
 13:10:25.944,eb:33:2e:f9:57:b5, 2015-01-01 00:54:57.675,-0.003,0.001,0.997,0.244,-0.549,-0.122, , , , , , ,0.368,0.527,-105.991
 13:10:25.988,eb:33:2e:f9:57:b5, 2015-01-01 00:54:57.675,-0.004,0,0.998,0.244,-0.427,0, , , , , , ,0.368,0.527,-105.991
 13:10:25.988,eb:33:2e:f9:57:b5, 2015-01-01 00:54:57.675,-0.002,-0.002,0.997,0.366,-0.366,0, , , , , , ,0.368,0.527,-105.991
 13:10:25.988,eb:33:2e:f9:57:b5, 2015-01-01 00:54:57.675,-0.005,0.002,0.998,0.244,-0.183,-0.061, , , , , , ,0.368,0.527,-105.991
 13:10:25.988,eb:33:2e:f9:57:b5, 2015-01-01 00:54:57.675,-0.005,0.001,0.998,0.183,-0.061,-0.061, , , , , , ,0.368,0.527,-105.991
 13:10:25.988,eb:33:2e:f9:57:b5, 2015-01-01 00:54:57.675,-0.005,0,0.998,0.122,-0.061,0, , , , , , ,0.368,0.527,-105.991
 13:10:25.988,eb:33:2e:f9:57:b5, 2015-01-01 00:54:57.675,-0.004,0,0.998,0.122,0,0, , , , , , ,0.368,0.527,-105.991
 13:10:25.988,eb:33:2e:f9:57:b5, 2015-01-01 00:54:57.675,-0.004,0,0.997,0.122,0,0, , , , , , ,0.368,0.527,-105.991
 13:10:25.988,eb:33:2e:f9:57:b5, 2015-01-01 00:54:57.675,-0.004,0,0.999,0.122,0,0, , , , , , ,0.368,0.527,-105.991
 13:10:26.036,eb:33:2e:f9:57:b5, 2015-01-01 00:54:57.675,-0.005,0,0.997,0.061,0,0, , , , , , ,0.368,0.527,-105.991
 13:10:26.036,eb:33:2e:f9:57:b5, 2015-01-01 00:54:57.675,-0.005,0,0.997,0.122,0.122,0, , , , , , ,0.363,0.527,-105.991
 13:10:26.036,eb:33:2e:f9:57:b5, 2015-01-01 00:54:57.675,-0.005,0,0.998,0.122,0.122,0, , , , , , ,0.363,0.527,-105.991
 13:10:26.036,eb:33:2e:f9:57:b5, 2015-01-01 00:54:57.675,-0.006,0,0.997,0.122,0.122,0, , , , , , ,0.363,0.527,-105.991
 13:10:26.036,eb:33:2e:f9:57:b5, 2015-01-01 00:54:57.675,-0.005,0,0.996,0.122,0.061,0, , , , , , ,0.363,0.527,-105.991
 13:10:26.036,eb:33:2e:f9:57:b5, 2015-01-01 00:54:57.675,-0.005,0,0.998,0.122,0.061,0, , , , , , ,0.363,0.527,-105.991
 13:10:26.038,eb:33:2e:f9:57:b5, 2015-01-01 00:54:57.675,-0.005,0,0.998,0.122,0.061,0, , , , , , ,0.363,0.527,-105.991
 13:10:26.038,eb:33:2e:f9:57:b5, 2015-01-01 00:54:57.675,-0.006,-0.001,0.998,0.122,0.061,0, , , , , , ,0.363,0.527,-105.991
 13:10:26.079,eb:33:2e:f9:57:b5, 2015-01-01 00:54:57.675,-0.006,0,0.998,0.122,0,0, , , , , , ,0.363,0.527,-105.991
 13:10:26.079,eb:33:2e:f9:57:b5, 2015-01-01 00:54:57.675,-0.006,0,0.998,0.122,0,0, , , , , , ,0.357,0.522,-105.991
 13:10:26.079,eb:33:2e:f9:57:b5, 2015-01-01 00:54:57.675,-0.006,0,0.997,0.244,0,0, , , , , , ,0.357,0.522,-105.991
 13:10:26.079,eb:33:2e:f9:57:b5, 2015-01-01 00:54:57.675,-0.005,0,0.996,0.244,0,0, , , , , , ,0.357,0.522,-105.991
 13:10:26.079,eb:33:2e:f9:57:b5, 2015-01-01 00:54:57.675,-0.005,0,0.997,0.183,-0.061,0, , , , , , ,0.357,0.522,-105.991
 13:10:26.079,eb:33:2e:f9:57:b5, 2015-01-01 00:54:57.675,-0.005,0,0.997,0.183,-0.061,0.061, , , , , , ,0.357,0.522,-105.991
 13:10:26.079,eb:33:2e:f9:57:b5, 2015-01-01 00:54:57.675,-0.005,0,0.997,0.244,-0.122,0, , , , , , ,0.357,0.522,-105.991
 13:10:26.079,eb:33:2e:f9:57:b5, 2015-01-01 00:54:57.675,-0.005,0,0.998,0.244,-0.061,0, , , , , , ,0.357,0.522,-105.991
 13:10:26.124,eb:33:2e:f9:57:b5, 2015-01-01 00:54:57.675,-0.005,0,0.998,0.183,-0.061,0, , , , , , ,0.357,0.522,-105.991
 13:10:26.124,eb:33:2e:f9:57:b5, 2015-01-01 00:54:57.675,-0.004,0,0.997,0.122,-0.061,0.061, , , , , , ,0.357,0.522,-105.991
 13:10:26.124,eb:33:2e:f9:57:b5, 2015-01-01 00:54:57.675,-0.004,0,0.997,0.183,0,0.061, , , , , , ,0.357,0.522,-105.991
 13:10:26.124,eb:33:2e:f9:57:b5, 2015-01-01 00:54:57.675,-0.004,0,0.997,0.122,0,0.122, , , , , , ,0.357,0.522,-105.991
 13:10:26.124,eb:33:2e:f9:57:b5, 2015-01-01 00:54:57.675,-0.003,0,0.998,0.061,0,0.061, , , , , , ,0.357,0.522,-105.991
 13:10:26.124,eb:33:2e:f9:57:b5, 2015-01-01 00:54:57.675,-0.004,0,0.998,0.122,0.122,0.122, , , , , , ,0.352,0.522,-105.991
 13:10:26.124,eb:33:2e:f9:57:b5, 2015-01-01 00:54:57.675,-0.005,0,0.997,0.061,0.183,0.061, , , , , , ,0.352,0.522,-105.991
 13:10:26.124,eb:33:2e:f9:57:b5, 2015-01-01 00:54:57.675,-0.005,0,0.997,0.122,0.183,0.122, , , , , , ,0.352,0.522,-105.991
 13:10:26.148,eb:33:2e:f9:57:b5, 2015-01-01 00:54:57.965,-0.005,0,0.997,0.183,0.244,0.122, , , , , , ,0.352,0.522,-105.991
 13:10:26.148,eb:33:2e:f9:57:b5, 2015-01-01 00:54:57.965,-0.005,0,0.997,0.122,0.244,0.061, , , , , , ,0.352,0.516,-105.991
 13:10:26.148,eb:33:2e:f9:57:b5, 2015-01-01 00:54:57.965,-0.006,0,0.997,0.061,0.244,0.183, , , , , , ,0.352,0.516,-105.991
 13:10:26.148,eb:33:2e:f9:57:b5, 2015-01-01 00:54:57.965,-0.005,0,0.997,0.061,0.244,0.122, , , , , , ,0.352,0.516,-105.991
 13:10:26.148,eb:33:2e:f9:57:b5, 2015-01-01 00:54:57.965,-0.006,0,0.997,0.061,0.244,0.122, , , , , , ,0.352,0.516,-105.991
 13:10:26.148,eb:33:2e:f9:57:b5, 2015-01-01 00:54:57.965,-0.006,0,0.997,0.061,0.183,0.061, , , , , , ,0.352,0.516,-105.991
 13:10:26.148,eb:33:2e:f9:57:b5, 2015-01-01 00:54:57.965,-0.006,0,0.998,0.122,0.244,0.122, , , , , , ,0.352,0.516,-105.991
 13:10:26.148,eb:33:2e:f9:57:b5, 2015-01-01 00:54:57.965,-0.006,0,0.998,0.122,0.183,0.122, , , , , , ,0.352,0.516,-105.991
 13:10:26.192,eb:33:2e:f9:57:b5, 2015-01-01 00:54:57.965,-0.006,0,0.997,0.061,0.122,0.183, , , , , , ,0.352,0.516,-105.991
 13:10:26.192,eb:33:2e:f9:57:b5, 2015-01-01 00:54:57.965,-0.006,0,0.996,0.122,0.061,0.122, , , , , , ,0.346,0.516,-105.991
 13:10:26.192,eb:33:2e:f9:57:b5, 2015-01-01 00:54:57.965,-0.005,0,0.997,0.122,0.061,0.122, , , , , , ,0.346,0.516,-105.991
 13:10:26.192,eb:33:2e:f9:57:b5, 2015-01-01 00:54:57.965,-0.005,0,0.997,0.061,0.061,0.183, , , , , , ,0.346,0.516,-105.991
 13:10:26.192,eb:33:2e:f9:57:b5, 2015-01-01 00:54:57.965,-0.005,0,0.998,0.122,0.061,0.244, , , , , , ,0.346,0.516,-105.991
 13:10:26.192,eb:33:2e:f9:57:b5, 2015-01-01 00:54:57.965,-0.006,0,0.997,0.061,0,0.183, , , , , , ,0.346,0.516,-105.991
 13:10:26.192,eb:33:2e:f9:57:b5, 2015-01-01 00:54:57.965,-0.006,0.001,0.996,0.061,0,0.183, , , , , , ,0.346,0.516,-105.991
 13:10:26.192,eb:33:2e:f9:57:b5, 2015-01-01 00:54:57.965,-0.005,0.001,0.997,0,0,0.244, , , , , , ,0.346,0.516,-105.991
 13:10:26.237,eb:33:2e:f9:57:b5, 2015-01-01 00:54:57.965,-0.006,0.003,0.997,-0.061,0.122,0.061, , , , , , ,0.346,0.516,-105.991
 13:10:26.237,eb:33:2e:f9:57:b5, 2015-01-01 00:54:57.965,-0.006,-0.004,0.999,0,0.122,0.244, , , , , , ,0.346,0.516,-105.991
 13:10:26.237,eb:33:2e:f9:57:b5, 2015-01-01 00:54:57.965,-0.004,-0.003,0.997,0.122,0,0.305, , , , , , ,0.346,0.516,-105.991
 13:10:26.237,eb:33:2e:f9:57:b5, 2015-01-01 00:54:57.965,-0.009,0.005,0.997,0,0.183,0.122, , , , , , ,0.346,0.516,-105.991
 13:10:26.237,eb:33:2e:f9:57:b5, 2015-01-01 00:54:57.965,-0.005,0,0.994,0,0,0.183, , , , , , ,0.346,0.516,-105.991
 13:10:26.237,eb:33:2e:f9:57:b5, 2015-01-01 00:54:57.965,0.001,-0.002,0.999,0.061,0.061,0.305, , , , , , ,0.341,0.511,-105.991
 13:10:26.237,eb:33:2e:f9:57:b5, 2015-01-01 00:54:57.965,-0.007,0.007,1.001,0,0.427,0.183, , , , , , ,0.341,0.511,-105.991
 13:10:26.238,eb:33:2e:f9:57:b5, 2015-01-01 00:54:57.965,-0.005,-0.004,0.997,0.061,0.366,0.244, , , , , , ,0.341,0.511,-105.991
 13:10:26.281,eb:33:2e:f9:57:b5, 2015-01-01 00:54:57.965,-0.009,0.001,0.996,0,0.427,0.183, , , , , , ,0.341,0.511,-105.991
 13:10:26.281,eb:33:2e:f9:57:b5, 2015-01-01 00:54:57.965,-0.003,-0.001,0.997,0.061,0.244,0.183, , , , , , ,0.341,0.511,-105.991
 13:10:26.281,eb:33:2e:f9:57:b5, 2015-01-01 00:54:57.965,-0.005,0.003,1,0,0.427,0.183, , , , , , ,0.341,0.511,-105.991
 13:10:26.281,eb:33:2e:f9:57:b5, 2015-01-01 00:54:57.965,-0.002,-0.002,0.998,0,0.427,0.183, , , , , , ,0.341,0.511,-105.991
 13:10:26.281,eb:33:2e:f9:57:b5, 2015-01-01 00:54:57.965,-0.004,0,0.999,0,0.549,0.244, , , , , , ,0.341,0.511,-105.991
 13:10:26.281,eb:33:2e:f9:57:b5, 2015-01-01 00:54:57.965,-0.004,-0.003,0.998,0,0.549,0.183, , , , , , ,0.335,0.511,-105.991
 13:10:26.281,eb:33:2e:f9:57:b5, 2015-01-01 00:54:57.965,-0.005,0,0.996,0,0.671,0.122, , , , , , ,0.335,0.511,-105.991
 13:10:26.281,eb:33:2e:f9:57:b5, 2015-01-01 00:54:57.965,-0.006,0,0.998,0.061,0.793,0.122, , , , , , ,0.335,0.511,-105.991
 13:10:26.304,eb:33:2e:f9:57:b5, 2015-01-01 00:54:57.965,-0.004,0,0.997,0,0.732,0.183, , , , , , ,0.335,0.511,-105.991
 13:10:26.304,eb:33:2e:f9:57:b5, 2015-01-01 00:54:57.965,-0.006,0,0.998,0.061,0.732,0.122, , , , , , ,0.335,0.511,-105.991
 13:10:26.304,eb:33:2e:f9:57:b5, 2015-01-01 00:54:57.965,-0.008,0,0.997,0,0.854,0.061, , , , , , ,0.335,0.511,-105.991
 13:10:26.304,eb:33:2e:f9:57:b5, 2015-01-01 00:54:57.965,-0.007,0,0.997,0.061,0.732,0.122, , , , , , ,0.335,0.511,-105.991
 13:10:26.304,eb:33:2e:f9:57:b5, 2015-01-01 00:54:57.965,-0.007,0,0.997,0.061,0.671,0.183, , , , , , ,0.335,0.511,-105.991
 13:10:26.304,eb:33:2e:f9:57:b5, 2015-01-01 00:54:57.965,-0.008,0,0.998,0.061,0.793,0.122, , , , , , ,0.335,0.511,-105.991
 13:10:26.304,eb:33:2e:f9:57:b5, 2015-01-01 00:54:57.965,-0.007,0,0.997,0.061,0.549,0.122, , , , , , ,0.335,0.511,-105.991
 13:10:26.304,eb:33:2e:f9:57:b5, 2015-01-01 00:54:57.965,-0.006,0,0.997,0.183,0.549,0.122, , , , , , ,0.335,0.511,-105.991
 13:10:26.349,eb:33:2e:f9:57:b5, 2015-01-01 00:54:57.965,-0.008,0.001,0.998,0.061,0.671,0.122, , , , , , ,0.335,0.511,-105.991
 13:10:26.349,eb:33:2e:f9:57:b5, 2015-01-01 00:54:57.965,-0.006,0,0.998,0.122,0.549,0.122, , , , , , ,0.33,0.505,-105.991
 13:10:26.349,eb:33:2e:f9:57:b5, 2015-01-01 00:54:57.965,-0.008,0.001,0.999,0.122,0.488,0.122, , , , , , ,0.33,0.505,-105.991
 13:10:26.350,eb:33:2e:f9:57:b5, 2015-01-01 00:54:57.965,-0.006,-0.002,0.997,0.183,0.488,0.122, , , , , , ,0.33,0.505,-105.991
 13:10:26.350,eb:33:2e:f9:57:b5, 2015-01-01 00:54:57.965,-0.008,0,0.996,0.122,0.549,0.061, , , , , , ,0.33,0.505,-105.991
 13:10:26.350,eb:33:2e:f9:57:b5, 2015-01-01 00:54:57.965,-0.006,-0.001,0.997,0.183,0.488,0.061, , , , , , ,0.33,0.505,-105.991
 13:10:26.350,eb:33:2e:f9:57:b5, 2015-01-01 00:54:57.965,-0.008,0,0.996,0.183,0.427,0, , , , , , ,0.33,0.505,-105.991
 13:10:26.350,eb:33:2e:f9:57:b5, 2015-01-01 00:54:57.965,-0.004,-0.002,0.999,0.305,0.427,0.061, , , , , , ,0.33,0.505,-105.991
 13:10:26.395,eb:33:2e:f9:57:b5, 2015-01-01 00:54:57.965,-0.007,0,1,0.244,0.427,0.061, , , , , , ,0.33,0.505,-105.991
 13:10:26.395,eb:33:2e:f9:57:b5, 2015-01-01 00:54:57.965,-0.005,-0.003,1,0.366,0.488,0.122, , , , , , ,0.33,0.505,-105.991
 13:10:26.395,eb:33:2e:f9:57:b5, 2015-01-01 00:54:57.965,-0.01,0.001,0.999,0.366,0.549,0.061, , , , , , ,0.33,0.505,-105.991
 13:10:26.395,eb:33:2e:f9:57:b5, 2015-01-01 00:54:57.965,-0.008,0,0.994,0.366,0.427,0.061, , , , , , ,0.33,0.505,-105.991
 13:10:26.395,eb:33:2e:f9:57:b5, 2015-01-01 00:54:57.965,-0.005,-0.001,0.998,0.427,0.427,0.122, , , , , , ,0.33,0.505,-105.991
 13:10:26.395,eb:33:2e:f9:57:b5, 2015-01-01 00:54:57.965,-0.006,0,0.999,0.488,0.549,0.122, , , , , , ,0.324,0.505,-105.991
 13:10:26.395,eb:33:2e:f9:57:b5, 2015-01-01 00:54:57.965,-0.008,0.003,0.998,0.488,0.549,0.183, , , , , , ,0.324,0.505,-105.991
 13:10:26.395,eb:33:2e:f9:57:b5, 2015-01-01 00:54:57.965,-0.006,-0.002,0.997,0.488,0.427,0.244, , , , , , ,0.324,0.505,-105.991
 13:10:26.440,eb:33:2e:f9:57:b5, 2015-01-01 00:54:57.965,-0.007,0,0.999,0.549,0.488,0.183, , , , , , ,0.324,0.505,-105.991
 13:10:26.440,eb:33:2e:f9:57:b5, 2015-01-01 00:54:57.965,-0.007,0,0.997,0.61,0.488,0.244, , , , , , ,0.324,0.505,-105.991
 13:10:26.440,eb:33:2e:f9:57:b5, 2015-01-01 00:54:57.965,-0.01,0.002,0.995,0.488,0.427,0.061, , , , , , ,0.324,0.505,-105.991
 13:10:26.440,eb:33:2e:f9:57:b5, 2015-01-01 00:54:57.965,-0.007,0,0.995,0.549,0.366,0.122, , , , , , ,0.324,0.505,-105.991
 13:10:26.440,eb:33:2e:f9:57:b5, 2015-01-01 00:54:57.965,-0.006,-0.002,0.997,0.732,0.305,0.183, , , , , , ,0.324,0.505,-105.991
 13:10:26.440,eb:33:2e:f9:57:b5, 2015-01-01 00:54:57.965,-0.007,0,0.998,0.732,0.366,0.122, , , , , , ,0.324,0.505,-105.991
 13:10:26.441,eb:33:2e:f9:57:b5, 2015-01-01 00:54:57.965,-0.006,0.001,0.998,0.671,0.488,0.244, , , , , , ,0.324,0.505,-105.991
 13:10:26.441,eb:33:2e:f9:57:b5, 2015-01-01 00:54:57.965,-0.007,0.001,0.999,0.732,0.61,0.183, , , , , , ,0.324,0.505,-105.991
 13:10:26.485,eb:33:2e:f9:57:b5, 2015-01-01 00:54:58.280,-0.007,0,0.998,0.793,0.549,0.183, , , , , , ,0.324,0.505,-105.991
 13:10:26.485,eb:33:2e:f9:57:b5, 2015-01-01 00:54:58.280,-0.007,0,0.998,0.793,0.61,0.183, , , , , , ,0.319,0.505,-105.991
 13:10:26.485,eb:33:2e:f9:57:b5, 2015-01-01 00:54:58.280,-0.008,0.001,0.998,0.916,0.671,0.183, , , , , , ,0.319,0.505,-105.991
 13:10:26.485,eb:33:2e:f9:57:b5, 2015-01-01 00:54:58.280,-0.008,0.001,0.998,0.916,0.61,0.183, , , , , , ,0.319,0.505,-105.991
 13:10:26.485,eb:33:2e:f9:57:b5, 2015-01-01 00:54:58.280,-0.006,0,0.998,0.977,0.61,0.183, , , , , , ,0.319,0.505,-105.991
 13:10:26.485,eb:33:2e:f9:57:b5, 2015-01-01 00:54:58.280,-0.005,0,0.999,0.916,0.671,0.183, , , , , , ,0.319,0.505,-105.991
 13:10:26.485,eb:33:2e:f9:57:b5, 2015-01-01 00:54:58.280,-0.008,0,1,0.977,0.854,0.183, , , , , , ,0.319,0.505,-105.991
 13:10:26.485,eb:33:2e:f9:57:b5, 2015-01-01 00:54:58.280,-0.009,-0.001,0.999,1.099,0.854,0.244, , , , , , ,0.319,0.505,-105.991
 13:10:26.507,eb:33:2e:f9:57:b5, 2015-01-01 00:54:58.280,-0.007,-0.002,0.999,1.343,0.793,0.305, , , , , , ,0.319,0.505,-105.991
 13:10:26.507,eb:33:2e:f9:57:b5, 2015-01-01 00:54:58.280,-0.008,0,1.001,1.526,0.793,0.244, , , , , , ,0.319,0.505,-105.991
 13:10:26.507,eb:33:2e:f9:57:b5, 2015-01-01 00:54:58.280,-0.006,0,1.001,1.709,0.854,0.366, , , , , , ,0.319,0.505,-105.991
 13:10:26.507,eb:33:2e:f9:57:b5, 2015-01-01 00:54:58.280,-0.007,-0.002,1.002,1.831,0.977,0.488, , , , , , ,0.319,0.505,-105.991
 13:10:26.507,eb:33:2e:f9:57:b5, 2015-01-01 00:54:58.280,-0.009,0,1.003,2.014,0.977,0.488, , , , , , ,0.319,0.505,-105.991
 13:10:26.507,eb:33:2e:f9:57:b5, 2015-01-01 00:54:58.280,-0.011,0,0.999,2.136,0.977,0.488, , , , , , ,0.319,0.505,-105.991
 13:10:26.507,eb:33:2e:f9:57:b5, 2015-01-01 00:54:58.280,-0.01,0.001,0.997,2.258,0.854,0.549, , , , , , ,0.319,0.505,-105.991
 13:10:26.507,eb:33:2e:f9:57:b5, 2015-01-01 00:54:58.280,-0.012,0.002,0.998,2.258,0.854,0.488, , , , , , ,0.319,0.505,-105.991
 13:10:26.553,eb:33:2e:f9:57:b5, 2015-01-01 00:54:58.280,-0.009,0.001,0.996,2.197,0.61,0.549, , , , , , ,0.319,0.505,-105.991
 13:10:26.553,eb:33:2e:f9:57:b5, 2015-01-01 00:54:58.280,-0.009,0.003,0.998,2.258,0.61,0.488, , , , , , ,0.319,0.505,-105.991
 13:10:26.553,eb:33:2e:f9:57:b5, 2015-01-01 00:54:58.280,-0.008,0.002,0.998,2.258,0.488,0.488, , , , , , ,0.319,0.505,-105.991
 13:10:26.553,eb:33:2e:f9:57:b5, 2015-01-01 00:54:58.280,-0.008,0.005,0.998,2.136,0.61,0.488, , , , , , ,0.319,0.505,-105.991
 13:10:26.553,eb:33:2e:f9:57:b5, 2015-01-01 00:54:58.280,-0.011,0.007,0.996,2.014,0.671,0.427, , , , , , ,0.319,0.505,-105.991
 13:10:26.553,eb:33:2e:f9:57:b5, 2015-01-01 00:54:58.280,-0.006,0.002,0.996,2.075,0.366,0.488, , , , , , ,0.319,0.505,-105.991
 13:10:26.553,eb:33:2e:f9:57:b5, 2015-01-01 00:54:58.280,-0.008,0.005,0.999,2.014,0.488,0.488, , , , , , ,0.319,0.505,-105.991
 13:10:26.553,eb:33:2e:f9:57:b5, 2015-01-01 00:54:58.280,-0.015,0.006,0.996,1.892,0.549,0.427, , , , , , ,0.319,0.505,-105.991
 13:10:26.598,eb:33:2e:f9:57:b5, 2015-01-01 00:54:58.280,-0.007,0,0.991,1.953,0.183,0.488, , , , , , ,0.319,0.505,-105.991
 13:10:26.598,eb:33:2e:f9:57:b5, 2015-01-01 00:54:58.280,-0.011,0.008,0.998,1.77,0.305,0.366, , , , , , ,0.319,0.505,-105.991
 13:10:26.598,eb:33:2e:f9:57:b5, 2015-01-01 00:54:58.280,-0.01,0.005,0.995,1.709,0.244,0.366, , , , , , ,0.319,0.505,-105.991
 13:10:26.598,eb:33:2e:f9:57:b5, 2015-01-01 00:54:58.280,-0.007,0.004,0.997,1.77,0.244,0.488, , , , , , ,0.319,0.505,-105.991
 13:10:26.598,eb:33:2e:f9:57:b5, 2015-01-01 00:54:58.280,-0.013,0.009,0.997,1.648,0.366,0.427, , , , , , ,0.319,0.505,-105.991
 13:10:26.598,eb:33:2e:f9:57:b5, 2015-01-01 00:54:58.280,-0.009,0.004,0.994,1.587,0.183,0.427, , , , , , ,0.319,0.505,-105.991
 13:10:26.598,eb:33:2e:f9:57:b5, 2015-01-01 00:54:58.280,-0.009,0.007,0.996,1.526,0.061,0.427, , , , , , ,0.319,0.505,-105.991
 13:10:26.598,eb:33:2e:f9:57:b5, 2015-01-01 00:54:58.280,-0.011,0.007,0.995,1.343,0.061,0.305, , , , , , ,0.319,0.505,-105.991
 13:10:26.643,eb:33:2e:f9:57:b5, 2015-01-01 00:54:58.280,-0.01,0.007,0.994,1.282,0,0.305, , , , , , ,0.319,0.505,-105.991
 13:10:26.643,eb:33:2e:f9:57:b5, 2015-01-01 00:54:58.280,-0.009,0.007,0.995,1.16,-0.061,0.427, , , , , , ,0.319,0.505,-105.991
 13:10:26.643,eb:33:2e:f9:57:b5, 2015-01-01 00:54:58.280,-0.01,0.01,0.993,1.038,-0.122,0.244, , , , , , ,0.319,0.505,-105.991
 13:10:26.643,eb:33:2e:f9:57:b5, 2015-01-01 00:54:58.280,-0.008,0.008,0.993,0.854,-0.244,0.183, , , , , , ,0.319,0.505,-105.991
 13:10:26.643,eb:33:2e:f9:57:b5, 2015-01-01 00:54:58.280,-0.006,0.006,0.996,0.854,-0.244,0.244, , , , , , ,0.319,0.505,-105.991
 13:10:26.643,eb:33:2e:f9:57:b5, 2015-01-01 00:54:58.280,-0.008,0.007,0.998,0.732,-0.122,0.244, , , , , , ,0.319,0.505,-105.991
 13:10:26.643,eb:33:2e:f9:57:b5, 2015-01-01 00:54:58.280,-0.01,0.008,0.995,0.61,-0.061,0.244, , , , , , ,0.319,0.505,-105.991
 13:10:26.643,eb:33:2e:f9:57:b5, 2015-01-01 00:54:58.280,-0.005,0.007,0.995,0.549,-0.122,0.183, , , , , , ,0.319,0.505,-105.991
 13:10:26.687,eb:33:2e:f9:57:b5, 2015-01-01 00:54:58.280,-0.004,0.008,1,0.549,0.061,0.183, , , , , , ,0.319,0.505,-105.991
 13:10:26.687,eb:33:2e:f9:57:b5, 2015-01-01 00:54:58.280,-0.01,0.009,0.999,0.427,0.305,0.122, , , , , , ,0.319,0.505,-105.991
 13:10:26.687,eb:33:2e:f9:57:b5, 2015-01-01 00:54:58.280,-0.009,0.005,0.997,0.488,0.305,0.183, , , , , , ,0.319,0.505,-105.991
 13:10:26.688,eb:33:2e:f9:57:b5, 2015-01-01 00:54:58.280,-0.012,0.008,0.997,0.427,0.305,0.183, , , , , , ,0.319,0.505,-105.991
 13:10:26.688,eb:33:2e:f9:57:b5, 2015-01-01 00:54:58.280,-0.008,0.006,0.996,0.366,0.122,0.122, , , , , , ,0.319,0.505,-105.991
 13:10:26.688,eb:33:2e:f9:57:b5, 2015-01-01 00:54:58.280,-0.005,0.009,0.996,0.244,0.122,0.122, , , , , , ,0.319,0.505,-105.991
 13:10:26.688,eb:33:2e:f9:57:b5, 2015-01-01 00:54:58.280,-0.009,0.009,0.998,0.183,0.366,0.061, , , , , , ,0.319,0.505,-105.991
 13:10:26.688,eb:33:2e:f9:57:b5, 2015-01-01 00:54:58.280,-0.008,0.004,0.996,0.183,0.366,0.061, , , , , , ,0.319,0.505,-105.991
 13:10:26.710,eb:33:2e:f9:57:b5, 2015-01-01 00:54:58.280,-0.011,0.006,0.997,0.305,0.366,0.122, , , , , , ,0.319,0.505,-105.991
 13:10:26.710,eb:33:2e:f9:57:b5, 2015-01-01 00:54:58.280,-0.008,0.006,0.997,0.427,0.244,0.122, , , , , , ,0.319,0.505,-105.991
 13:10:26.710,eb:33:2e:f9:57:b5, 2015-01-01 00:54:58.280,-0.006,0.007,0.997,0.366,0.366,0.061, , , , , , ,0.319,0.505,-105.991
 13:10:26.710,eb:33:2e:f9:57:b5, 2015-01-01 00:54:58.280,-0.005,0.007,0.998,0.366,0.488,0.122, , , , , , ,0.319,0.505,-105.991
 13:10:26.710,eb:33:2e:f9:57:b5, 2015-01-01 00:54:58.280,-0.008,0.006,0.998,0.305,0.61,0.061, , , , , , ,0.319,0.505,-105.991
 13:10:26.712,eb:33:2e:f9:57:b5, 2015-01-01 00:54:58.280,-0.011,0.006,0.999,0.366,0.671,0.183, , , , , , ,0.319,0.505,-105.991
 13:10:26.712,eb:33:2e:f9:57:b5, 2015-01-01 00:54:58.280,-0.009,0.006,0.997,0.427,0.61,0.183, , , , , , ,0.319,0.505,-105.991
 13:10:26.712,eb:33:2e:f9:57:b5, 2015-01-01 00:54:58.280,-0.008,0.006,0.998,0.549,0.61,0.122, , , , , , ,0.319,0.505,-105.991
 13:10:26.755,eb:33:2e:f9:57:b5, 2015-01-01 00:54:58.280,-0.007,0.006,0.999,0.549,0.732,0.183, , , , , , ,0.319,0.505,-105.991
 13:10:26.755,eb:33:2e:f9:57:b5, 2015-01-01 00:54:58.280,-0.009,0.008,1.001,0.61,0.977,0.244, , , , , , ,0.319,0.505,-105.991
 13:10:26.755,eb:33:2e:f9:57:b5, 2015-01-01 00:54:58.280,-0.009,0.006,1,0.671,1.099,0.244, , , , , , ,0.319,0.505,-105.991
 13:10:26.755,eb:33:2e:f9:57:b5, 2015-01-01 00:54:58.280,-0.01,0.005,1,0.793,1.099,0.305, , , , , , ,0.319,0.505,-105.991
 13:10:26.755,eb:33:2e:f9:57:b5, 2015-01-01 00:54:58.280,-0.01,0.005,0.998,0.854,1.038,0.244, , , , , , ,0.319,0.505,-105.991
 13:10:26.755,eb:33:2e:f9:57:b5, 2015-01-01 00:54:58.280,-0.01,0.007,0.997,0.854,1.038,0.305, , , , , , ,0.319,0.505,-105.991
 13:10:26.755,eb:33:2e:f9:57:b5, 2015-01-01 00:54:58.280,-0.009,0.006,0.996,0.854,1.038,0.244, , , , , , ,0.319,0.505,-105.991
 13:10:26.755,eb:33:2e:f9:57:b5, 2015-01-01 00:54:58.280,-0.01,0.006,0.997,0.854,1.099,0.305, , , , , , ,0.319,0.505,-105.991
 13:10:26.799,eb:33:2e:f9:57:b5, 2015-01-01 00:54:58.570,-0.01,0.007,0.997,0.854,1.16,0.305, , , , , , ,0.319,0.505,-105.991
 13:10:26.799,eb:33:2e:f9:57:b5, 2015-01-01 00:54:58.570,-0.009,0.008,0.998,0.916,1.16,0.244, , , , , , ,0.319,0.505,-105.991
 13:10:26.799,eb:33:2e:f9:57:b5, 2015-01-01 00:54:58.570,-0.011,0.007,0.999,0.916,1.282,0.305, , , , , , ,0.319,0.505,-105.991
 13:10:26.799,eb:33:2e:f9:57:b5, 2015-01-01 00:54:58.570,-0.011,0.007,0.999,0.977,1.343,0.366, , , , , , ,0.319,0.505,-105.991
 13:10:26.799,eb:33:2e:f9:57:b5, 2015-01-01 00:54:58.570,-0.01,0.006,0.999,0.977,1.282,0.366, , , , , , ,0.319,0.505,-105.991
 13:10:26.799,eb:33:2e:f9:57:b5, 2015-01-01 00:54:58.570,-0.011,0.007,0.998,1.038,1.282,0.305, , , , , , ,0.319,0.505,-105.991
 13:10:26.799,eb:33:2e:f9:57:b5, 2015-01-01 00:54:58.570,-0.012,0.008,0.997,1.038,1.282,0.244, , , , , , ,0.319,0.505,-105.991
 13:10:26.801,eb:33:2e:f9:57:b5, 2015-01-01 00:54:58.570,-0.013,0.007,0.997,1.038,1.221,0.305, , , , , , ,0.319,0.505,-105.991
 13:10:26.845,eb:33:2e:f9:57:b5, 2015-01-01 00:54:58.570,-0.012,0.007,0.997,1.099,1.099,0.305, , , , , , ,0.319,0.505,-105.991
 13:10:26.845,eb:33:2e:f9:57:b5, 2015-01-01 00:54:58.570,-0.012,0.007,0.997,1.099,1.038,0.244, , , , , , ,0.319,0.505,-105.991
 13:10:26.845,eb:33:2e:f9:57:b5, 2015-01-01 00:54:58.570,-0.013,0.007,0.997,1.16,0.977,0.244, , , , , , ,0.319,0.505,-105.991
 13:10:26.845,eb:33:2e:f9:57:b5, 2015-01-01 00:54:58.570,-0.013,0.006,0.997,1.221,0.977,0.305, , , , , , ,0.319,0.505,-105.991
 13:10:26.845,eb:33:2e:f9:57:b5, 2015-01-01 00:54:58.570,-0.013,0.006,0.998,1.221,0.793,0.305, , , , , , ,0.319,0.505,-105.991
 13:10:26.845,eb:33:2e:f9:57:b5, 2015-01-01 00:54:58.570,-0.009,0.007,0.998,1.404,0.732,0.366, , , , , , ,0.319,0.505,-105.991
 13:10:26.845,eb:33:2e:f9:57:b5, 2015-01-01 00:54:58.570,-0.01,0.007,0.999,1.465,0.854,0.305, , , , , , ,0.319,0.505,-105.991
 13:10:26.845,eb:33:2e:f9:57:b5, 2015-01-01 00:54:58.570,-0.013,0.009,0.998,1.465,0.916,0.366, , , , , , ,0.319,0.505,-105.991
 13:10:26.890,eb:33:2e:f9:57:b5, 2015-01-01 00:54:58.570,-0.013,0.01,0.996,1.404,0.854,0.305, , , , , , ,0.319,0.505,-105.991
 13:10:26.890,eb:33:2e:f9:57:b5, 2015-01-01 00:54:58.570,-0.011,0.007,0.997,1.465,0.732,0.305, , , , , , ,0.319,0.505,-105.991
 13:10:26.890,eb:33:2e:f9:57:b5, 2015-01-01 00:54:58.570,-0.012,0.007,0.998,1.526,0.732,0.366, , , , , , ,0.319,0.505,-105.991
 13:10:26.890,eb:33:2e:f9:57:b5, 2015-01-01 00:54:58.570,-0.014,0.009,0.998,1.526,0.793,0.305, , , , , , ,0.319,0.505,-105.991
 13:10:26.890,eb:33:2e:f9:57:b5, 2015-01-01 00:54:58.570,-0.012,0.01,0.995,1.465,0.671,0.366, , , , , , ,0.319,0.505,-105.991
 13:10:26.890,eb:33:2e:f9:57:b5, 2015-01-01 00:54:58.570,-0.014,0.012,0.996,1.282,0.671,0.366, , , , , , ,0.319,0.505,-105.991
 13:10:26.890,eb:33:2e:f9:57:b5, 2015-01-01 00:54:58.570,-0.013,0.011,0.995,1.282,0.671,0.305, , , , , , ,0.319,0.505,-105.991
 13:10:26.890,eb:33:2e:f9:57:b5, 2015-01-01 00:54:58.570,-0.014,0.011,0.995,1.221,0.549,0.183, , , , , , ,0.319,0.505,-105.991
 13:10:26.912,eb:33:2e:f9:57:b5, 2015-01-01 00:54:58.570,-0.015,0.011,0.995,1.099,0.549,0.244, , , , , , ,0.319,0.505,-105.991
 13:10:26.912,eb:33:2e:f9:57:b5, 2015-01-01 00:54:58.570,-0.014,0.011,0.995,0.977,0.366,0.183, , , , , , ,0.319,0.505,-105.991
 13:10:26.912,eb:33:2e:f9:57:b5, 2015-01-01 00:54:58.570,-0.014,0.012,0.995,0.854,0.244,0.122, , , , , , ,0.319,0.505,-105.991
 13:10:26.912,eb:33:2e:f9:57:b5, 2015-01-01 00:54:58.570,-0.014,0.012,0.995,0.732,0.122,0.122, , , , , , ,0.319,0.505,-105.991
 13:10:26.912,eb:33:2e:f9:57:b5, 2015-01-01 00:54:58.570,-0.014,0.013,0.995,0.671,0.061,0.122, , , , , , ,0.319,0.505,-105.991
 13:10:26.912,eb:33:2e:f9:57:b5, 2015-01-01 00:54:58.570,-0.014,0.012,0.994,0.61,-0.061,0.122, , , , , , ,0.319,0.505,-105.991
 13:10:26.912,eb:33:2e:f9:57:b5, 2015-01-01 00:54:58.570,-0.014,0.011,0.993,0.488,-0.244,0.122, , , , , , ,0.319,0.505,-105.991
 13:10:26.912,eb:33:2e:f9:57:b5, 2015-01-01 00:54:58.570,-0.014,0.012,0.993,0.366,-0.366,0.061, , , , , , ,0.319,0.505,-105.991
 13:10:26.956,eb:33:2e:f9:57:b5, 2015-01-01 00:54:58.570,-0.013,0.011,0.993,0.305,-0.488,0, , , , , , ,0.319,0.505,-105.991
 13:10:26.956,eb:33:2e:f9:57:b5, 2015-01-01 00:54:58.570,-0.015,0.014,0.994,0.183,-0.488,0, , , , , , ,0.319,0.505,-105.991
 13:10:26.956,eb:33:2e:f9:57:b5, 2015-01-01 00:54:58.570,-0.012,0.009,0.994,0.183,-0.61,0.061, , , , , , ,0.319,0.505,-105.991
 13:10:26.956,eb:33:2e:f9:57:b5, 2015-01-01 00:54:58.570,-0.013,0.014,0.996,0,-0.61,0, , , , , , ,0.319,0.505,-105.991
 13:10:26.956,eb:33:2e:f9:57:b5, 2015-01-01 00:54:58.570,-0.011,0.011,0.996,0,-0.549,0, , , , , , ,0.319,0.505,-105.991
 13:10:26.956,eb:33:2e:f9:57:b5, 2015-01-01 00:54:58.570,-0.012,0.011,0.997,-0.122,-0.549,0, , , , , , ,0.319,0.505,-105.991
 13:10:26.956,eb:33:2e:f9:57:b5, 2015-01-01 00:54:58.570,-0.012,0.012,0.996,-0.061,-0.61,0, , , , , , ,0.319,0.505,-105.991
 13:10:26.958,eb:33:2e:f9:57:b5, 2015-01-01 00:54:58.570,-0.011,0.011,0.997,-0.122,-0.549,0, , , , , , ,0.319,0.505,-105.991
 13:10:27.003,eb:33:2e:f9:57:b5, 2015-01-01 00:54:58.570,-0.011,0.011,0.997,-0.183,-0.549,0, , , , , , ,0.319,0.505,-105.991
 13:10:27.003,eb:33:2e:f9:57:b5, 2015-01-01 00:54:58.570,-0.011,0.011,0.997,-0.183,-0.549,-0.061, , , , , , ,0.319,0.505,-105.991
 13:10:27.003,eb:33:2e:f9:57:b5, 2015-01-01 00:54:58.570,-0.011,0.01,0.998,-0.183,-0.488,0, , , , , , ,0.319,0.505,-105.991
 13:10:27.003,eb:33:2e:f9:57:b5, 2015-01-01 00:54:58.570,-0.011,0.01,0.999,-0.244,-0.427,0, , , , , , ,0.319,0.505,-105.991
 13:10:27.003,eb:33:2e:f9:57:b5, 2015-01-01 00:54:58.570,-0.01,0.01,0.998,-0.244,-0.366,0, , , , , , ,0.319,0.505,-105.991
 13:10:27.003,eb:33:2e:f9:57:b5, 2015-01-01 00:54:58.570,-0.01,0.01,0.998,-0.244,-0.366,0, , , , , , ,0.319,0.505,-105.991
 13:10:27.003,eb:33:2e:f9:57:b5, 2015-01-01 00:54:58.570,-0.011,0.01,0.998,-0.244,-0.305,0, , , , , , ,0.319,0.505,-105.991
 13:10:27.003,eb:33:2e:f9:57:b5, 2015-01-01 00:54:58.570,-0.011,0.01,0.997,-0.183,-0.305,-0.061, , , , , , ,0.319,0.505,-105.991
 13:10:27.047,eb:33:2e:f9:57:b5, 2015-01-01 00:54:58.570,-0.011,0.011,0.997,-0.122,-0.244,-0.061, , , , , , ,0.319,0.505,-105.991
 13:10:27.047,eb:33:2e:f9:57:b5, 2015-01-01 00:54:58.570,-0.011,0.01,0.997,-0.244,-0.244,0, , , , , , ,0.319,0.505,-105.991
 13:10:27.047,eb:33:2e:f9:57:b5, 2015-01-01 00:54:58.570,-0.013,0.01,0.997,-0.183,-0.244,0, , , , , , ,0.319,0.505,-105.991
 13:10:27.047,eb:33:2e:f9:57:b5, 2015-01-01 00:54:58.570,-0.012,0.011,0.997,-0.244,-0.244,0, , , , , , ,0.319,0.505,-105.991
 13:10:27.047,eb:33:2e:f9:57:b5, 2015-01-01 00:54:58.570,-0.012,0.01,0.997,-0.244,-0.305,-0.061, , , , , , ,0.319,0.505,-105.991
 13:10:27.047,eb:33:2e:f9:57:b5, 2015-01-01 00:54:58.570,-0.012,0.01,0.996,-0.183,-0.305,-0.122, , , , , , ,0.319,0.505,-105.991
 13:10:27.047,eb:33:2e:f9:57:b5, 2015-01-01 00:54:58.570,-0.011,0.01,0.997,-0.183,-0.366,-0.061, , , , , , ,0.319,0.505,-105.991
 13:10:27.047,eb:33:2e:f9:57:b5, 2015-01-01 00:54:58.570,-0.011,0.009,0.997,-0.183,-0.305,-0.061, , , , , , ,0.319,0.505,-105.991
 13:10:27.070,eb:33:2e:f9:57:b5, 2015-01-01 00:54:58.885,-0.01,0.01,0.998,-0.122,-0.366,-0.122, , , , , , ,0.319,0.505,-105.991
 13:10:27.070,eb:33:2e:f9:57:b5, 2015-01-01 00:54:58.885,-0.01,0.011,0.997,-0.122,-0.366,-0.122, , , , , , ,0.319,0.505,-105.991
 13:10:27.070,eb:33:2e:f9:57:b5, 2015-01-01 00:54:58.885,-0.01,0.01,0.998,-0.122,-0.305,-0.122, , , , , , ,0.319,0.505,-105.991
 13:10:27.070,eb:33:2e:f9:57:b5, 2015-01-01 00:54:58.885,-0.011,0.01,0.998,-0.061,-0.305,-0.122, , , , , , ,0.319,0.505,-105.991
 13:10:27.070,eb:33:2e:f9:57:b5, 2015-01-01 00:54:58.885,-0.011,0.01,0.998,-0.122,-0.305,-0.122, , , , , , ,0.319,0.505,-105.991
 13:10:27.070,eb:33:2e:f9:57:b5, 2015-01-01 00:54:58.885,-0.012,0.01,0.997,-0.122,-0.244,-0.061, , , , , , ,0.319,0.511,-105.991
 13:10:27.070,eb:33:2e:f9:57:b5, 2015-01-01 00:54:58.885,-0.012,0.011,0.996,-0.244,-0.244,-0.122, , , , , , ,0.319,0.511,-105.991
 13:10:27.070,eb:33:2e:f9:57:b5, 2015-01-01 00:54:58.885,-0.011,0.011,0.997,-0.244,-0.244,-0.183, , , , , , ,0.319,0.511,-105.991
 13:10:27.114,eb:33:2e:f9:57:b5, 2015-01-01 00:54:58.885,-0.012,0.013,0.996,-0.305,-0.183,-0.183, , , , , , ,0.319,0.511,-105.991
 13:10:27.114,eb:33:2e:f9:57:b5, 2015-01-01 00:54:58.885,-0.009,0.007,0.996,-0.305,-0.244,-0.122, , , , , , ,0.324,0.511,-105.991
 13:10:27.114,eb:33:2e:f9:57:b5, 2015-01-01 00:54:58.885,-0.009,0.008,0.998,-0.244,-0.244,-0.061, , , , , , ,0.324,0.511,-105.991
 13:10:27.114,eb:33:2e:f9:57:b5, 2015-01-01 00:54:58.885,-0.008,0.01,0.997,-0.305,-0.122,-0.061, , , , , , ,0.324,0.511,-105.991
 13:10:27.114,eb:33:2e:f9:57:b5, 2015-01-01 00:54:58.885,-0.011,0.014,0.997,-0.427,0,-0.061, , , , , , ,0.324,0.511,-105.991
 13:10:27.114,eb:33:2e:f9:57:b5, 2015-01-01 00:54:58.885,-0.009,0.006,0.997,-0.305,-0.183,0, , , , , , ,0.324,0.511,-105.991
 13:10:27.114,eb:33:2e:f9:57:b5, 2015-01-01 00:54:58.885,-0.01,0.009,1,-0.244,-0.183,0, , , , , , ,0.324,0.511,-105.991
 13:10:27.114,eb:33:2e:f9:57:b5, 2015-01-01 00:54:58.885,-0.009,0.01,0.998,-0.183,-0.183,-0.061, , , , , , ,0.324,0.511,-105.991
 13:10:27.160,eb:33:2e:f9:57:b5, 2015-01-01 00:54:58.885,-0.012,0.013,0.999,-0.305,0,-0.061, , , , , , ,0.324,0.511,-105.991
 13:10:27.160,eb:33:2e:f9:57:b5, 2015-01-01 00:54:58.885,-0.012,0.009,0.998,-0.305,0,0, , , , , , ,0.324,0.511,-105.991
 13:10:27.160,eb:33:2e:f9:57:b5, 2015-01-01 00:54:58.885,-0.013,0.008,0.997,-0.244,-0.061,0, , , , , , ,0.324,0.511,-105.991
 13:10:27.160,eb:33:2e:f9:57:b5, 2015-01-01 00:54:58.885,-0.01,0.01,0.996,-0.244,-0.183,0, , , , , , ,0.324,0.511,-105.991
 13:10:27.160,eb:33:2e:f9:57:b5, 2015-01-01 00:54:58.885,-0.01,0.011,0.998,-0.244,-0.061,-0.061, , , , , , ,0.324,0.511,-105.991
 13:10:27.160,eb:33:2e:f9:57:b5, 2015-01-01 00:54:58.885,-0.011,0.01,0.997,-0.305,0,0, , , , , , ,0.324,0.511,-105.991
 13:10:27.160,eb:33:2e:f9:57:b5, 2015-01-01 00:54:58.885,-0.011,0.01,0.997,-0.305,-0.061,0, , , , , , ,0.324,0.511,-105.991
 13:10:27.160,eb:33:2e:f9:57:b5, 2015-01-01 00:54:58.885,-0.012,0.009,0.997,-0.366,-0.122,0, , , , , , ,0.324,0.511,-105.991
 13:10:27.203,eb:33:2e:f9:57:b5, 2015-01-01 00:54:58.885,-0.012,0.008,0.996,-0.244,-0.183,0, , , , , , ,0.324,0.511,-105.991
 13:10:27.203,eb:33:2e:f9:57:b5, 2015-01-01 00:54:58.885,-0.012,0.009,0.996,-0.183,-0.244,0.061, , , , , , ,0.324,0.511,-105.991
 13:10:27.203,eb:33:2e:f9:57:b5, 2015-01-01 00:54:58.885,-0.012,0.009,0.996,-0.244,-0.305,0, , , , , , ,0.324,0.511,-105.991
 13:10:27.203,eb:33:2e:f9:57:b5, 2015-01-01 00:54:58.885,-0.012,0.009,0.996,-0.244,-0.305,0.061, , , , , , ,0.324,0.511,-105.991
 13:10:27.203,eb:33:2e:f9:57:b5, 2015-01-01 00:54:58.885,-0.01,0.008,0.997,-0.244,-0.366,0, , , , , , ,0.324,0.511,-105.991
 13:10:27.203,eb:33:2e:f9:57:b5, 2015-01-01 00:54:58.885,-0.01,0.008,0.997,-0.183,-0.427,0.061, , , , , , ,0.324,0.511,-105.991
 13:10:27.203,eb:33:2e:f9:57:b5, 2015-01-01 00:54:58.885,-0.011,0.009,0.997,-0.122,-0.427,0.061, , , , , , ,0.324,0.511,-105.991
 13:10:27.203,eb:33:2e:f9:57:b5, 2015-01-01 00:54:58.885,-0.01,0.009,0.997,-0.183,-0.427,0.122, , , , , , ,0.324,0.511,-105.991
 13:10:27.250,eb:33:2e:f9:57:b5, 2015-01-01 00:54:58.885,-0.01,0.009,0.997,-0.122,-0.488,0.122, , , , , , ,0.324,0.511,-105.991
 13:10:27.250,eb:33:2e:f9:57:b5, 2015-01-01 00:54:58.885,-0.01,0.009,0.996,-0.122,-0.488,0.183, , , , , , ,0.324,0.511,-105.991
 13:10:27.250,eb:33:2e:f9:57:b5, 2015-01-01 00:54:58.885,-0.008,0.009,0.997,-0.061,-0.427,0.183, , , , , , ,0.324,0.511,-105.991
 13:10:27.250,eb:33:2e:f9:57:b5, 2015-01-01 00:54:58.885,-0.007,0.009,0.998,0,-0.366,0.122, , , , , , ,0.324,0.511,-105.991
 13:10:27.250,eb:33:2e:f9:57:b5, 2015-01-01 00:54:58.885,-0.009,0.009,1,0,-0.183,0.183, , , , , , ,0.324,0.511,-105.991
 13:10:27.250,eb:33:2e:f9:57:b5, 2015-01-01 00:54:58.885,-0.01,0.008,0.998,0,-0.122,0.183, , , , , , ,0.33,0.511,-105.991
 13:10:27.250,eb:33:2e:f9:57:b5, 2015-01-01 00:54:58.885,-0.008,0.008,0.998,0.061,-0.061,0.183, , , , , , ,0.33,0.511,-105.991
 13:10:27.250,eb:33:2e:f9:57:b5, 2015-01-01 00:54:58.885,-0.01,0.008,1,0.183,0,0.183, , , , , , ,0.33,0.511,-105.991
 13:10:27.272,eb:33:2e:f9:57:b5, 2015-01-01 00:54:58.885,-0.01,0.007,0.997,0.305,0,0.183, , , , , , ,0.33,0.511,-105.991
 13:10:27.272,eb:33:2e:f9:57:b5, 2015-01-01 00:54:58.885,-0.01,0.009,0.998,0.305,0,0.244, , , , , , ,0.33,0.511,-105.991
 13:10:27.272,eb:33:2e:f9:57:b5, 2015-01-01 00:54:58.885,-0.009,0.009,0.999,0.305,0,0.244, , , , , , ,0.33,0.511,-105.991
 13:10:27.272,eb:33:2e:f9:57:b5, 2015-01-01 00:54:58.885,-0.009,0.008,0.999,0.366,0.122,0.183, , , , , , ,0.33,0.511,-105.991
 13:10:27.272,eb:33:2e:f9:57:b5, 2015-01-01 00:54:58.885,-0.007,0.009,1,0.366,0.122,0.244, , , , , , ,0.33,0.511,-105.991
 13:10:27.272,eb:33:2e:f9:57:b5, 2015-01-01 00:54:58.885,-0.01,0.01,1,0.366,0.366,0.183, , , , , , ,0.33,0.516,-105.991
 13:10:27.272,eb:33:2e:f9:57:b5, 2015-01-01 00:54:58.885,-0.009,0.007,0.997,0.305,0.305,0.183, , , , , , ,0.33,0.516,-105.991
 13:10:27.272,eb:33:2e:f9:57:b5, 2015-01-01 00:54:58.885,-0.009,0.009,0.997,0.427,0.305,0.122, , , , , , ,0.33,0.516,-105.991
 13:10:27.317,eb:33:2e:f9:57:b5, 2015-01-01 00:54:58.885,-0.008,0.009,0.998,0.488,0.366,0.122, , , , , , ,0.33,0.516,-105.991
 13:10:27.317,eb:33:2e:f9:57:b5, 2015-01-01 00:54:58.885,-0.008,0.009,1,0.488,0.549,0.122, , , , , , ,0.33,0.516,-105.991
 13:10:27.317,eb:33:2e:f9:57:b5, 2015-01-01 00:54:58.885,-0.01,0.008,0.999,0.488,0.671,0.122, , , , , , ,0.33,0.516,-105.991
 13:10:27.317,eb:33:2e:f9:57:b5, 2015-01-01 00:54:58.885,-0.011,0.009,0.998,0.549,0.671,0.183, , , , , , ,0.33,0.516,-105.991
 13:10:27.317,eb:33:2e:f9:57:b5, 2015-01-01 00:54:58.885,-0.011,0.009,0.998,0.549,0.671,0.183, , , , , , ,0.33,0.516,-105.991
 13:10:27.318,eb:33:2e:f9:57:b5, 2015-01-01 00:54:58.885,-0.011,0.01,0.998,0.61,0.61,0.244, , , , , , ,0.33,0.516,-105.991
 13:10:27.318,eb:33:2e:f9:57:b5, 2015-01-01 00:54:58.885,-0.011,0.009,0.998,0.61,0.549,0.244, , , , , , ,0.33,0.516,-105.991
 13:10:27.318,eb:33:2e:f9:57:b5, 2015-01-01 00:54:58.885,-0.012,0.009,0.998,0.61,0.61,0.183, , , , , , ,0.33,0.516,-105.991
 13:10:27.364,eb:33:2e:f9:57:b5, 2015-01-01 00:54:58.885,-0.012,0.009,0.997,0.671,0.549,0.183, , , , , , ,0.33,0.516,-105.991
 13:10:27.364,eb:33:2e:f9:57:b5, 2015-01-01 00:54:58.885,-0.01,0.009,0.998,0.732,0.549,0.183, , , , , , ,0.33,0.516,-105.991
 13:10:27.364,eb:33:2e:f9:57:b5, 2015-01-01 00:54:58.885,-0.011,0.008,0.999,0.793,0.549,0.244, , , , , , ,0.33,0.516,-105.991
 13:10:27.364,eb:33:2e:f9:57:b5, 2015-01-01 00:54:58.885,-0.012,0.009,0.998,0.793,0.61,0.244, , , , , , ,0.33,0.516,-105.991
 13:10:27.364,eb:33:2e:f9:57:b5, 2015-01-01 00:54:58.885,-0.013,0.011,0.996,0.732,0.488,0.244, , , , , , ,0.33,0.516,-105.991
 13:10:27.364,eb:33:2e:f9:57:b5, 2015-01-01 00:54:58.885,-0.013,0.011,0.995,0.732,0.366,0.244, , , , , , ,0.335,0.516,-105.991
 13:10:27.364,eb:33:2e:f9:57:b5, 2015-01-01 00:54:58.885,-0.011,0.01,0.996,0.732,0.305,0.244, , , , , , ,0.335,0.516,-105.991
 13:10:27.364,eb:33:2e:f9:57:b5, 2015-01-01 00:54:58.885,-0.011,0.01,0.997,0.732,0.244,0.305, , , , , , ,0.335,0.516,-105.991
 13:10:27.406,eb:33:2e:f9:57:b5, 2015-01-01 00:54:59.195,-0.01,0.01,0.997,0.671,0.244,0.244, , , , , , ,0.335,0.516,-105.991
 13:10:27.408,eb:33:2e:f9:57:b5, 2015-01-01 00:54:59.195,-0.011,0.011,0.997,0.732,0.305,0.244, , , , , , ,0.335,0.516,-105.991
 13:10:27.408,eb:33:2e:f9:57:b5, 2015-01-01 00:54:59.195,-0.011,0.011,0.997,0.671,0.366,0.183, , , , , , ,0.335,0.516,-105.991
 13:10:27.408,eb:33:2e:f9:57:b5, 2015-01-01 00:54:59.195,-0.01,0.012,0.997,0.61,0.366,0.183, , , , , , ,0.335,0.516,-105.991
 13:10:27.408,eb:33:2e:f9:57:b5, 2015-01-01 00:54:59.195,-0.01,0.012,0.998,0.549,0.427,0.183, , , , , , ,0.335,0.516,-105.991
 13:10:27.408,eb:33:2e:f9:57:b5, 2015-01-01 00:54:59.195,-0.011,0.012,0.997,0.488,0.488,0.183, , , , , , ,0.335,0.516,-105.991
 13:10:27.408,eb:33:2e:f9:57:b5, 2015-01-01 00:54:59.195,-0.011,0.012,0.997,0.488,0.488,0.061, , , , , , ,0.335,0.516,-105.991
 13:10:27.408,eb:33:2e:f9:57:b5, 2015-01-01 00:54:59.195,-0.011,0.012,0.997,0.366,0.549,0.122, , , , , , ,0.335,0.516,-105.991
 13:10:27.451,eb:33:2e:f9:57:b5, 2015-01-01 00:54:59.195,-0.012,0.011,0.996,0.427,0.488,0.061, , , , , , ,0.335,0.516,-105.991
 13:10:27.451,eb:33:2e:f9:57:b5, 2015-01-01 00:54:59.195,-0.012,0.012,0.996,0.427,0.549,0, , , , , , ,0.335,0.516,-105.991
 13:10:27.451,eb:33:2e:f9:57:b5, 2015-01-01 00:54:59.195,-0.012,0.011,0.997,0.366,0.488,0.061, , , , , , ,0.335,0.516,-105.991
 13:10:27.451,eb:33:2e:f9:57:b5, 2015-01-01 00:54:59.195,-0.012,0.011,0.996,0.305,0.488,0.061, , , , , , ,0.335,0.516,-105.991
 13:10:27.451,eb:33:2e:f9:57:b5, 2015-01-01 00:54:59.195,-0.013,0.011,0.995,0.366,0.427,0.061, , , , , , ,0.335,0.516,-105.991
 13:10:27.451,eb:33:2e:f9:57:b5, 2015-01-01 00:54:59.195,-0.013,0.011,0.996,0.366,0.305,0, , , , , , ,0.335,0.516,-105.991
 13:10:27.451,eb:33:2e:f9:57:b5, 2015-01-01 00:54:59.195,-0.013,0.011,0.996,0.305,0.183,0, , , , , , ,0.335,0.516,-105.991
 13:10:27.451,eb:33:2e:f9:57:b5, 2015-01-01 00:54:59.195,-0.013,0.011,0.996,0.244,0.122,0, , , , , , ,0.335,0.516,-105.991
 13:10:27.474,eb:33:2e:f9:57:b5, 2015-01-01 00:54:59.195,-0.012,0.01,0.996,0.305,0.061,0, , , , , , ,0.335,0.516,-105.991
 13:10:27.474,eb:33:2e:f9:57:b5, 2015-01-01 00:54:59.195,-0.012,0.01,0.997,0.366,0,0, , , , , , ,0.335,0.516,-105.991
 13:10:27.474,eb:33:2e:f9:57:b5, 2015-01-01 00:54:59.195,-0.011,0.011,0.997,0.366,0,0, , , , , , ,0.335,0.516,-105.991
 13:10:27.474,eb:33:2e:f9:57:b5, 2015-01-01 00:54:59.195,-0.012,0.01,0.997,0.305,-0.061,0, , , , , , ,0.335,0.516,-105.991
 13:10:27.474,eb:33:2e:f9:57:b5, 2015-01-01 00:54:59.195,-0.012,0.011,0.996,0.366,-0.061,0, , , , , , ,0.335,0.516,-105.991
 13:10:27.474,eb:33:2e:f9:57:b5, 2015-01-01 00:54:59.195,-0.011,0.011,0.998,0.427,-0.061,0, , , , , , ,0.341,0.516,-105.991
 13:10:27.474,eb:33:2e:f9:57:b5, 2015-01-01 00:54:59.195,-0.012,0.011,0.998,0.427,-0.122,0.061, , , , , , ,0.341,0.516,-105.991
 13:10:27.474,eb:33:2e:f9:57:b5, 2015-01-01 00:54:59.195,-0.012,0.011,0.998,0.427,-0.122,0, , , , , , ,0.341,0.516,-105.991
 13:10:27.520,eb:33:2e:f9:57:b5, 2015-01-01 00:54:59.195,-0.011,0.01,0.998,0.488,0,0, , , , , , ,0.341,0.516,-105.991
 13:10:27.520,eb:33:2e:f9:57:b5, 2015-01-01 00:54:59.195,-0.01,0.01,0.998,0.488,0,0.061, , , , , , ,0.341,0.522,-105.985
 13:10:27.520,eb:33:2e:f9:57:b5, 2015-01-01 00:54:59.195,-0.011,0.011,0.999,0.488,0,0.061, , , , , , ,0.341,0.522,-105.985
 13:10:27.520,eb:33:2e:f9:57:b5, 2015-01-01 00:54:59.195,-0.01,0.011,0.998,0.61,0.061,0, , , , , , ,0.341,0.522,-105.985
 13:10:27.520,eb:33:2e:f9:57:b5, 2015-01-01 00:54:59.195,-0.011,0.011,0.999,0.549,0.061,0.061, , , , , , ,0.341,0.522,-105.985
 13:10:27.520,eb:33:2e:f9:57:b5, 2015-01-01 00:54:59.195,-0.012,0.011,0.998,0.549,0.061,0.061, , , , , , ,0.357,0.527,-105.985
 13:10:27.520,eb:33:2e:f9:57:b5, 2015-01-01 00:54:59.195,-0.011,0.011,0.997,0.549,0.061,0, , , , , , ,0.357,0.527,-105.985
 13:10:27.520,eb:33:2e:f9:57:b5, 2015-01-01 00:54:59.195,-0.012,0.012,0.997,0.488,0.122,0.061, , , , , , ,0.357,0.527,-105.985
 13:10:27.564,eb:33:2e:f9:57:b5, 2015-01-01 00:54:59.195,-0.011,0.012,0.997,0.488,0.061,0.061, , , , , , ,0.357,0.527,-105.985
 13:10:27.564,eb:33:2e:f9:57:b5, 2015-01-01 00:54:59.195,-0.012,0.012,0.997,0.427,0.122,0, , , , , , ,0.363,0.533,-105.98
 13:10:27.564,eb:33:2e:f9:57:b5, 2015-01-01 00:54:59.195,-0.012,0.012,0.996,0.366,0.183,0, , , , , , ,0.363,0.533,-105.98
 13:10:27.564,eb:33:2e:f9:57:b5, 2015-01-01 00:54:59.195,-0.011,0.013,0.996,0.366,0.122,0, , , , , , ,0.363,0.533,-105.98
 13:10:27.564,eb:33:2e:f9:57:b5, 2015-01-01 00:54:59.195,-0.01,0.013,0.997,0.305,0.183,0, , , , , , ,0.363,0.533,-105.98
 13:10:27.564,eb:33:2e:f9:57:b5, 2015-01-01 00:54:59.195,-0.01,0.012,0.998,0.244,0.244,0, , , , , , ,0.363,0.533,-105.98
 13:10:27.564,eb:33:2e:f9:57:b5, 2015-01-01 00:54:59.195,-0.016,0.019,0.997,0,0.427,-0.244, , , , , , ,0.363,0.533,-105.98
 13:10:27.564,eb:33:2e:f9:57:b5, 2015-01-01 00:54:59.195,-0.013,0.007,0.992,0.183,0.122,-0.122, , , , , , ,0.363,0.533,-105.98
 13:10:27.633,eb:33:2e:f9:57:b5, 2015-01-01 00:54:59.195,-0.012,0.009,0.997,0.305,0,0, , , , , , ,0.363,0.533,-105.98
 13:10:27.633,eb:33:2e:f9:57:b5, 2015-01-01 00:54:59.195,-0.013,0.013,0.998,0.366,0.061,-0.061, , , , , , ,0.363,0.533,-105.98
 13:10:27.633,eb:33:2e:f9:57:b5, 2015-01-01 00:54:59.195,-0.012,0.013,0.997,0.305,0,0, , , , , , ,0.363,0.533,-105.98
 13:10:27.633,eb:33:2e:f9:57:b5, 2015-01-01 00:54:59.195,-0.011,0.012,0.997,0.244,0,-0.061, , , , , , ,0.363,0.533,-105.98
 13:10:27.633,eb:33:2e:f9:57:b5, 2015-01-01 00:54:59.195,-0.011,0.012,0.998,0.244,0,-0.061, , , , , , ,0.363,0.533,-105.98
 13:10:27.633,eb:33:2e:f9:57:b5, 2015-01-01 00:54:59.195,-0.012,0.013,0.998,0.244,0,-0.122, , , , , , ,0.363,0.533,-105.98
 13:10:27.633,eb:33:2e:f9:57:b5, 2015-01-01 00:54:59.195,-0.011,0.012,0.996,0.183,0.061,-0.061, , , , , , ,0.363,0.533,-105.98
 13:10:27.633,eb:33:2e:f9:57:b5, 2015-01-01 00:54:59.195,-0.01,0.012,0.997,0.183,0.061,-0.122, , , , , , ,0.363,0.533,-105.974
 13:10:27.654,eb:33:2e:f9:57:b5, 2015-01-01 00:54:59.195,-0.011,0.013,0.996,0.183,0.061,-0.122, , , , , , ,0.363,0.533,-105.974
 13:10:27.654,eb:33:2e:f9:57:b5, 2015-01-01 00:54:59.195,-0.011,0.013,0.996,0.183,0.122,-0.122, , , , , , ,0.368,0.533,-105.974
 13:10:27.654,eb:33:2e:f9:57:b5, 2015-01-01 00:54:59.195,-0.012,0.012,0.996,0.122,0.122,-0.122, , , , , , ,0.368,0.533,-105.974
 13:10:27.654,eb:33:2e:f9:57:b5, 2015-01-01 00:54:59.195,-0.011,0.012,0.996,0.122,0.183,-0.061, , , , , , ,0.368,0.533,-105.974
 13:10:27.654,eb:33:2e:f9:57:b5, 2015-01-01 00:54:59.195,-0.012,0.012,0.997,0.061,0.183,-0.122, , , , , , ,0.368,0.533,-105.974
 13:10:27.654,eb:33:2e:f9:57:b5, 2015-01-01 00:54:59.195,-0.011,0.011,0.997,0.061,0.183,-0.061, , , , , , ,0.368,0.533,-105.974
 13:10:27.654,eb:33:2e:f9:57:b5, 2015-01-01 00:54:59.195,-0.011,0.011,0.997,0.061,0.183,-0.061, , , , , , ,0.368,0.533,-105.974
 13:10:27.654,eb:33:2e:f9:57:b5, 2015-01-01 00:54:59.195,-0.012,0.012,0.997,0.061,0.244,-0.122, , , , , , ,0.368,0.533,-105.974
 13:10:27.678,eb:33:2e:f9:57:b5, 2015-01-01 00:54:59.195,-0.011,0.013,0.996,0,0.183,0, , , , , , ,0.368,0.533,-105.974
 13:10:27.678,eb:33:2e:f9:57:b5, 2015-01-01 00:54:59.195,-0.012,0.013,0.996,-0.061,0.244,-0.061, , , , , , ,0.368,0.533,-105.974
 13:10:27.678,eb:33:2e:f9:57:b5, 2015-01-01 00:54:59.195,-0.011,0.013,0.997,-0.061,0.183,-0.061, , , , , , ,0.368,0.533,-105.974
 13:10:27.678,eb:33:2e:f9:57:b5, 2015-01-01 00:54:59.195,-0.012,0.013,0.996,-0.122,0.244,0, , , , , , ,0.368,0.533,-105.974
 13:10:27.678,eb:33:2e:f9:57:b5, 2015-01-01 00:54:59.195,-0.012,0.013,0.995,-0.122,0.122,-0.061, , , , , , ,0.368,0.533,-105.974
 13:10:27.678,eb:33:2e:f9:57:b5, 2015-01-01 00:54:59.195,-0.012,0.013,0.995,-0.244,0.183,0, , , , , , ,0.374,0.533,-105.974
 13:10:27.678,eb:33:2e:f9:57:b5, 2015-01-01 00:54:59.195,-0.012,0.013,0.995,-0.366,0.061,0, , , , , , ,0.374,0.533,-105.974
 13:10:27.678,eb:33:2e:f9:57:b5, 2015-01-01 00:54:59.195,-0.012,0.012,0.994,-0.366,0.061,0, , , , , , ,0.374,0.533,-105.969
 13:10:27.721,eb:33:2e:f9:57:b5, 2015-01-01 00:54:59.510,-0.012,0.012,0.995,-0.366,0.122,0, , , , , , ,0.374,0.533,-105.969
 13:10:27.721,eb:33:2e:f9:57:b5, 2015-01-01 00:54:59.510,-0.012,0.013,0.995,-0.427,0,0, , , , , , ,0.374,0.538,-105.969
 13:10:27.721,eb:33:2e:f9:57:b5, 2015-01-01 00:54:59.510,-0.011,0.013,0.995,-0.488,0,0, , , , , , ,0.374,0.538,-105.969
 13:10:27.721,eb:33:2e:f9:57:b5, 2015-01-01 00:54:59.510,-0.012,0.013,0.996,-0.549,0,-0.061, , , , , , ,0.374,0.538,-105.969
 13:10:27.721,eb:33:2e:f9:57:b5, 2015-01-01 00:54:59.510,-0.012,0.013,0.996,-0.671,0.061,0, , , , , , ,0.374,0.538,-105.969
 13:10:27.721,eb:33:2e:f9:57:b5, 2015-01-01 00:54:59.510,-0.011,0.013,0.995,-0.732,0.061,0, , , , , , ,0.374,0.538,-105.969
 13:10:27.721,eb:33:2e:f9:57:b5, 2015-01-01 00:54:59.510,-0.011,0.012,0.996,-0.793,0.061,0, , , , , , ,0.374,0.538,-105.969
 13:10:27.721,eb:33:2e:f9:57:b5, 2015-01-01 00:54:59.510,-0.011,0.012,0.996,-0.793,0.061,-0.061, , , , , , ,0.374,0.538,-105.969
 13:10:27.767,eb:33:2e:f9:57:b5, 2015-01-01 00:54:59.510,-0.012,0.012,0.996,-0.854,0.122,-0.061, , , , , , ,0.374,0.538,-105.969
 13:10:27.767,eb:33:2e:f9:57:b5, 2015-01-01 00:54:59.510,-0.012,0.013,0.997,-0.916,0.122,-0.061, , , , , , ,0.374,0.538,-105.969
 13:10:27.767,eb:33:2e:f9:57:b5, 2015-01-01 00:54:59.510,-0.012,0.012,0.996,-0.854,0.122,-0.061, , , , , , ,0.374,0.538,-105.969
 13:10:27.767,eb:33:2e:f9:57:b5, 2015-01-01 00:54:59.510,-0.011,0.011,0.996,-0.977,0.122,-0.061, , , , , , ,0.374,0.538,-105.969
 13:10:27.767,eb:33:2e:f9:57:b5, 2015-01-01 00:54:59.510,-0.012,0.011,0.997,-0.977,0.122,-0.061, , , , , , ,0.374,0.538,-105.969
 13:10:27.767,eb:33:2e:f9:57:b5, 2015-01-01 00:54:59.510,-0.012,0.011,0.997,-0.977,0.122,-0.061, , , , , , ,0.374,0.538,-105.969
 13:10:27.767,eb:33:2e:f9:57:b5, 2015-01-01 00:54:59.510,-0.013,0.011,0.996,-0.977,0.122,0, , , , , , ,0.374,0.538,-105.969
 13:10:27.767,eb:33:2e:f9:57:b5, 2015-01-01 00:54:59.510,-0.013,0.011,0.996,-0.977,0.061,-0.061, , , , , , ,0.374,0.538,-105.969
 13:10:27.812,eb:33:2e:f9:57:b5, 2015-01-01 00:54:59.510,-0.013,0.011,0.996,-0.916,0,-0.061, , , , , , ,0.374,0.538,-105.969
 13:10:27.812,eb:33:2e:f9:57:b5, 2015-01-01 00:54:59.510,-0.012,0.011,0.997,-0.916,0,-0.061, , , , , , ,0.374,0.538,-105.969
 13:10:27.812,eb:33:2e:f9:57:b5, 2015-01-01 00:54:59.510,-0.012,0.01,0.997,-0.977,-0.061,0, , , , , , ,0.374,0.538,-105.969
 13:10:27.812,eb:33:2e:f9:57:b5, 2015-01-01 00:54:59.510,-0.012,0.01,0.999,-0.916,0,0, , , , , , ,0.374,0.538,-105.969
 13:10:27.812,eb:33:2e:f9:57:b5, 2015-01-01 00:54:59.510,-0.011,0.01,0.998,-0.916,0,-0.061, , , , , , ,0.374,0.538,-105.969
 13:10:27.812,eb:33:2e:f9:57:b5, 2015-01-01 00:54:59.510,-0.012,0.01,0.998,-0.916,0,0, , , , , , ,0.374,0.538,-105.969
 13:10:27.812,eb:33:2e:f9:57:b5, 2015-01-01 00:54:59.510,-0.012,0.009,0.998,-0.854,0,0, , , , , , ,0.374,0.538,-105.969
 13:10:27.812,eb:33:2e:f9:57:b5, 2015-01-01 00:54:59.510,-0.012,0.009,0.998,-0.793,-0.061,0.061, , , , , , ,0.374,0.538,-105.969
 13:10:27.857,eb:33:2e:f9:57:b5, 2015-01-01 00:54:59.510,-0.012,0.008,0.998,-0.732,-0.061,0, , , , , , ,0.374,0.538,-105.969
 13:10:27.857,eb:33:2e:f9:57:b5, 2015-01-01 00:54:59.510,-0.013,0.009,0.999,-0.732,-0.122,0, , , , , , ,0.374,0.538,-105.969
 13:10:27.857,eb:33:2e:f9:57:b5, 2015-01-01 00:54:59.510,-0.011,0.009,0.998,-0.671,-0.122,0, , , , , , ,0.374,0.538,-105.969
 13:10:27.857,eb:33:2e:f9:57:b5, 2015-01-01 00:54:59.510,-0.012,0.009,0.998,-0.61,-0.183,0, , , , , , ,0.374,0.538,-105.969
 13:10:27.857,eb:33:2e:f9:57:b5, 2015-01-01 00:54:59.510,-0.012,0.009,0.998,-0.61,-0.122,0.061, , , , , , ,0.374,0.538,-105.969
 13:10:27.857,eb:33:2e:f9:57:b5, 2015-01-01 00:54:59.510,-0.012,0.009,0.998,-0.549,-0.122,0.061, , , , , , ,0.374,0.538,-105.969
 13:10:27.857,eb:33:2e:f9:57:b5, 2015-01-01 00:54:59.510,-0.012,0.009,0.998,-0.549,-0.122,0.061, , , , , , ,0.374,0.538,-105.969
 13:10:27.857,eb:33:2e:f9:57:b5, 2015-01-01 00:54:59.510,-0.012,0.008,0.999,-0.488,-0.122,0, , , , , , ,0.374,0.538,-105.969
 13:10:27.879,eb:33:2e:f9:57:b5, 2015-01-01 00:54:59.510,-0.012,0.008,0.999,-0.488,-0.122,0, , , , , , ,0.374,0.538,-105.969
 13:10:27.879,eb:33:2e:f9:57:b5, 2015-01-01 00:54:59.510,-0.012,0.009,0.999,-0.427,-0.122,0, , , , , , ,0.374,0.538,-105.969
 13:10:27.879,eb:33:2e:f9:57:b5, 2015-01-01 00:54:59.510,-0.012,0.008,0.999,-0.366,-0.061,0.122, , , , , , ,0.374,0.538,-105.969
 13:10:27.879,eb:33:2e:f9:57:b5, 2015-01-01 00:54:59.510,-0.011,0.008,0.999,-0.305,-0.122,0.061, , , , , , ,0.374,0.538,-105.969
 13:10:27.879,eb:33:2e:f9:57:b5, 2015-01-01 00:54:59.510,-0.012,0.009,1,-0.305,-0.061,0.122, , , , , , ,0.374,0.538,-105.969
 13:10:27.879,eb:33:2e:f9:57:b5, 2015-01-01 00:54:59.510,-0.012,0.008,0.999,-0.244,-0.061,0.061, , , , , , ,0.374,0.538,-105.969
 13:10:27.879,eb:33:2e:f9:57:b5, 2015-01-01 00:54:59.510,-0.012,0.009,0.999,-0.244,-0.061,0.122, , , , , , ,0.374,0.538,-105.969
 13:10:27.879,eb:33:2e:f9:57:b5, 2015-01-01 00:54:59.510,-0.012,0.009,0.997,-0.183,-0.061,0.122, , , , , , ,0.374,0.538,-105.969
 13:10:27.925,eb:33:2e:f9:57:b5, 2015-01-01 00:54:59.510,-0.013,0.008,0.997,-0.183,-0.122,0.061, , , , , , ,0.374,0.538,-105.969
 13:10:27.925,eb:33:2e:f9:57:b5, 2015-01-01 00:54:59.510,-0.012,0.009,0.998,-0.183,-0.122,0.061, , , , , , ,0.374,0.538,-105.969
 13:10:27.925,eb:33:2e:f9:57:b5, 2015-01-01 00:54:59.510,-0.011,0.009,0.997,-0.122,-0.183,0.061, , , , , , ,0.374,0.538,-105.969
 13:10:27.925,eb:33:2e:f9:57:b5, 2015-01-01 00:54:59.510,-0.012,0.009,0.998,-0.122,-0.122,0.061, , , , , , ,0.374,0.538,-105.969
 13:10:27.925,eb:33:2e:f9:57:b5, 2015-01-01 00:54:59.510,-0.012,0.008,0.998,-0.061,-0.183,0.061, , , , , , ,0.374,0.538,-105.969
 13:10:27.925,eb:33:2e:f9:57:b5, 2015-01-01 00:54:59.510,-0.011,0.008,0.998,-0.061,-0.183,0.122, , , , , , ,0.374,0.538,-105.969
 13:10:27.925,eb:33:2e:f9:57:b5, 2015-01-01 00:54:59.510,-0.011,0.008,0.998,0,-0.183,0.122, , , , , , ,0.374,0.538,-105.969
 13:10:27.925,eb:33:2e:f9:57:b5, 2015-01-01 00:54:59.510,-0.011,0.009,0.998,-0.061,-0.122,0.122, , , , , , ,0.374,0.538,-105.969
 13:10:27.972,eb:33:2e:f9:57:b5, 2015-01-01 00:54:59.510,-0.011,0.008,0.998,0,-0.061,0.122, , , , , , ,0.374,0.538,-105.969
 13:10:27.972,eb:33:2e:f9:57:b5, 2015-01-01 00:54:59.510,-0.012,0.009,0.998,0,-0.061,0.183, , , , , , ,0.379,0.538,-105.969
 13:10:27.972,eb:33:2e:f9:57:b5, 2015-01-01 00:54:59.510,-0.012,0.009,0.998,0,0,0.122, , , , , , ,0.379,0.538,-105.969
 13:10:27.972,eb:33:2e:f9:57:b5, 2015-01-01 00:54:59.510,-0.012,0.009,0.998,-0.061,0,0.122, , , , , , ,0.379,0.538,-105.969
 13:10:27.972,eb:33:2e:f9:57:b5, 2015-01-01 00:54:59.510,-0.012,0.009,0.997,0,0,0.122, , , , , , ,0.379,0.538,-105.969
 13:10:27.972,eb:33:2e:f9:57:b5, 2015-01-01 00:54:59.510,-0.012,0.008,0.998,-0.061,0,0.061, , , , , , ,0.379,0.538,-105.969
 13:10:27.972,eb:33:2e:f9:57:b5, 2015-01-01 00:54:59.510,-0.012,0.008,0.998,-0.061,0,0.122, , , , , , ,0.379,0.538,-105.969
,,,,,,,,,, , , , , ,0.379,0.538,-105.969
,,,,,,,,,, , , , , ,0.379,0.538,-105.969
,,,,,,,,,, , , , , ,0.379,0.538,-105.969
,,,,,,,,,, , , , , ,0.379,0.538,-105.969
,,,,,,,,,, , , , , ,0.379,0.538,-105.969
,,,,,,,,,, , , , , ,0.379,0.538,-105.969
,,,,,,,,,, , , , , ,0.379,0.538,-105.969
,,,,,,,,,, , , , , ,0.379,0.538,-105.969
,,,,,,,,,, , , , , ,0.379,0.538,-105.969
,,,,,,,,,, , , , , ,0.379,0.538,-105.969
,,,,,,,,,, , , , , ,0.379,0.538,-105.969
,,,,,,,,,, , , , , ,0.379,0.538,-105.969
,,,,,,,,,, , , , , ,0.379,0.538,-105.969
,,,,,,,,,, , , , , ,0.379,0.538,-105.969
,,,,,,,,,, , , , , ,0.379,0.538,-105.969
,,,,,,,,,, , , , , ,0.379,0.538,-105.969
,,,,,,,,,, , , , , ,0.379,0.538,-105.969
,,,,,,,,,, , , , , ,0.379,0.538,-105.969
,,,,,,,,,, , , , , ,0.379,0.538,-105.969
,,,,,,,,,, , , , , ,0.379,0.538,-105.969
,,,,,,,,,, , , , , ,0.379,0.538,-105.969
,,,,,,,,,, , , , , ,0.379,0.538,-105.969
,,,,,,,,,, , , , , ,0.379,0.538,-105.969
,,,,,,,,,, , , , , ,0.379,0.538,-105.969
,,,,,,,,,, , , , , ,0.379,0.538,-105.969
,,,,,,,,,, , , , , ,0.379,0.538,-105.969
,,,,,,,,,, , , , , ,0.379,0.538,-105.969
,,,,,,,,,, , , , , ,0.379,0.538,-105.969
,,,,,,,,,, , , , , ,0.379,0.538,-105.969
,,,,,,,,,, , , , , ,0.379,0.538,-105.969
,,,,,,,,,, , , , , ,0.379,0.544,-105.969
,,,,,,,,,, , , , , ,0.379,0.544,-105.969
,,,,,,,,,, , , , , ,0.379,0.544,-105.969
,,,,,,,,,, , , , , ,0.379,0.544,-105.969
,,,,,,,,,, , , , , ,0.385,0.544,-105.969
,,,,,,,,,, , , , , ,0.385,0.544,-105.969
,,,,,,,,,, , , , , ,0.385,0.544,-105.969
,,,,,,,,,, , , , , ,0.385,0.544,-105.969
,,,,,,,,,, , , , , ,0.385,0.544,-105.969
,,,,,,,,,, , , , , ,0.385,0.544,-105.969
,,,,,,,,,, , , , , ,0.385,0.544,-105.969
,,,,,,,,,, , , , , ,0.385,0.544,-105.969
,,,,,,,,,, , , , , ,0.385,0.544,-105.969
,,,,,,,,,, , , , , ,0.385,0.544,-105.969
,,,,,,,,,, , , , , ,0.385,0.544,-105.969
,,,,,,,,,, , , , , ,0.385,0.544,-105.969
,,,,,,,,,, , , , , ,0.385,0.544,-105.969
,,,,,,,,,, , , , , ,0.385,0.544,-105.969
,,,,,,,,,, , , , , ,0.385,0.544,-105.969
,,,,,,,,,, , , , , ,0.385,0.544,-105.969
,,,,,,,,,, , , , , ,0.385,0.544,-105.969
,,,,,,,,,, , , , , ,0.385,0.544,-105.969
,,,,,,,,,, , , , , ,0.385,0.544,-105.969
,,,,,,,,,, , , , , ,0.385,0.544,-105.969
,,,,,,,,,, , , , , ,0.385,0.544,-105.969
,,,,,,,,,, , , , , ,0.385,0.544,-105.969
,,,,,,,,,, , , , , ,0.385,0.544,-105.969
,,,,,,,,,, , , , , ,0.385,0.544,-105.969
,,,,,,,,,, , , , , ,0.385,0.544,-105.969
,,,,,,,,,, , , , , ,0.385,0.544,-105.969
,,,,,,,,,, , , , , ,0.385,0.544,-105.969
,,,,,,,,,, , , , , ,0.385,0.544,-105.969
,,,,,,,,,, , , , , ,0.39,0.544,-105.969
,,,,,,,,,, , , , , ,0.39,0.544,-105.969
,,,,,,,,,, , , , , ,0.39,0.544,-105.969
,,,,,,,,,, , , , , ,0.39,0.544,-105.969
,,,,,,,,,, , , , , ,0.39,0.549,-105.969
,,,,,,,,,, , , , , ,0.39,0.549,-105.969
,,,,,,,,,, , , , , ,0.39,0.549,-105.969
,,,,,,,,,, , , , , ,0.39,0.549,-105.969
,,,,,,,,,, , , , , ,0.39,0.549,-105.969
,,,,,,,,,, , , , , ,0.39,0.549,-105.969
,,,,,,,,,, , , , , ,0.39,0.549,-105.969
,,,,,,,,,, , , , , ,0.39,0.549,-105.969
,,,,,,,,,, , , , , ,0.39,0.549,-105.969
,,,,,,,,,, , , , , ,0.39,0.549,-105.969
,,,,,,,,,, , , , , ,0.39,0.549,-105.969
,,,,,,,,,, , , , , ,0.39,0.549,-105.969
,,,,,,,,,, , , , , ,0.39,0.549,-105.969
,,,,,,,,,, , , , , ,0.39,0.549,-105.969
,,,,,,,,,, , , , , ,0.39,0.549,-105.969
,,,,,,,,,, , , , , ,0.39,0.549,-105.969
,,,,,,,,,, , , , , ,0.39,0.549,-105.969
,,,,,,,,,, , , , , ,0.39,0.549,-105.969
,,,,,,,,,, , , , , ,0.39,0.549,-105.969
,,,,,,,,,, , , , , ,0.39,0.549,-105.969
,,,,,,,,,, , , , , ,0.396,0.549,-105.969
,,,,,,,,,, , , , , ,0.396,0.549,-105.969
,,,,,,,,,, , , , , ,0.396,0.549,-105.969
,,,,,,,,,, , , , , ,0.396,0.549,-105.969
,,,,,,,,,, , , , , ,0.396,0.549,-105.969
,,,,,,,,,, , , , , ,0.396,0.549,-105.969
,,,,,,,,,, , , , , ,0.396,0.549,-105.969
,,,,,,,,,, , , , , ,0.396,0.549,-105.969
,,,,,,,,,, , , , , ,0.396,0.549,-105.969
,,,,,,,,,, , , , , ,0.396,0.549,-105.969
,,,,,,,,,, , , , , ,0.396,0.549,-105.969
,,,,,,,,,, , , , , ,0.396,0.549,-105.969
,,,,,,,,,, , , , , ,0.396,0.555,-105.969
,,,,,,,,,, , , , , ,0.396,0.555,-105.969
,,,,,,,,,, , , , , ,0.396,0.555,-105.969
,,,,,,,,,, , , , , ,0.396,0.555,-105.969
,,,,,,,,,, , , , , ,0.396,0.555,-105.963
,,,,,,,,,, , , , , ,0.396,0.555,-105.963
,,,,,,,,,, , , , , ,0.396,0.555,-105.963
,,,,,,,,,, , , , , ,0.396,0.555,-105.963
,,,,,,,,,, , , , , ,0.401,0.555,-105.963
,,,,,,,,,, , , , , ,0.401,0.555,-105.963
,,,,,,,,,, , , , , ,0.401,0.555,-105.963
,,,,,,,,,, , , , , ,0.401,0.555,-105.963
,,,,,,,,,, , , , , ,0.401,0.555,-105.963
,,,,,,,,,, , , , , ,0.401,0.555,-105.963
,,,,,,,,,, , , , , ,0.401,0.555,-105.963
,,,,,,,,,, , , , , ,0.401,0.555,-105.963
,,,,,,,,,, , , , , ,0.401,0.555,-105.963
,,,,,,,,,, , , , , ,0.401,0.555,-105.963
,,,,,,,,,, , , , , ,0.401,0.555,-105.963
,,,,,,,,,, , , , , ,0.401,0.555,-105.963
,,,,,,,,,, , , , , ,0.406,0.56,-105.963
,,,,,,,,,, , , , , ,0.406,0.56,-105.963
,,,,,,,,,, , , , , ,0.406,0.56,-105.963
,,,,,,,,,, , , , , ,0.406,0.56,-105.963
,,,,,,,,,, , , , , ,0.406,0.56,-105.963
,,,,,,,,,, , , , , ,0.406,0.56,-105.963
,,,,,,,,,, , , , , ,0.406,0.56,-105.963
,,,,,,,,,, , , , , ,0.406,0.56,-105.963
,,,,,,,,,, , , , , ,0.406,0.56,-105.963
,,,,,,,,,, , , , , ,0.406,0.56,-105.963
,,,,,,,,,, , , , , ,0.406,0.56,-105.963
,,,,,,,,,, , , , , ,0.406,0.56,-105.963
,,,,,,,,,, , , , , ,0.406,0.56,-105.963
,,,,,,,,,, , , , , ,0.406,0.56,-105.963
,,,,,,,,,, , , , , ,0.406,0.56,-105.963
,,,,,,,,,, , , , , ,0.406,0.56,-105.963
,,,,,,,,,, , , , , ,0.412,0.566,-105.963
,,,,,,,,,, , , , , ,0.412,0.566,-105.963
,,,,,,,,,, , , , , ,0.412,0.566,-105.963
,,,,,,,,,, , , , , ,0.412,0.566,-105.963
,,,,,,,,,, , , , , ,0.412,0.566,-105.963
,,,,,,,,,, , , , , ,0.412,0.566,-105.963
,,,,,,,,,, , , , , ,0.412,0.566,-105.963
,,,,,,,,,, , , , , ,0.412,0.566,-105.963
,,,,,,,,,, , , , , ,0.412,0.566,-105.963
,,,,,,,,,, , , , , ,0.412,0.566,-105.963
,,,,,,,,,, , , , , ,0.412,0.566,-105.963
,,,,,,,,,, , , , , ,0.412,0.566,-105.963
,,,,,,,,,, , , , , ,0.417,0.566,-105.963
,,,,,,,,,, , , , , ,0.417,0.566,-105.963
,,,,,,,,,, , , , , ,0.417,0.566,-105.963
,,,,,,,,,, , , , , ,0.417,0.566,-105.963
,,,,,,,,,, , , , , ,0.445,0.588,-105.958
,,,,,,,,,, , , , , ,0.445,0.588,-105.958
,,,,,,,,,, , , , , ,0.445,0.588,-105.958
,,,,,,,,,, , , , , ,0.445,0.588,-105.958
,,,,,,,,,, , , , , ,0.45,0.593,-105.958
,,,,,,,,,, , , , , ,0.45,0.593,-105.958
,,,,,,,,,, , , , , ,0.45,0.593,-105.963
,,,,,,,,,, , , , , ,0.45,0.593,-105.963
,,,,,,,,,, , , , , ,0.456,0.593,-105.963
,,,,,,,,,, , , , , ,0.456,0.593,-105.963
,,,,,,,,,, , , , , ,0.456,0.593,-105.963
,,,,,,,,,, , , , , ,0.456,0.593,-105.963
,,,,,,,,,, , , , , ,0.456,0.593,-105.963
,,,,,,,,,, , , , , ,0.456,0.593,-105.963
,,,,,,,,,, , , , , ,0.456,0.593,-105.963
,,,,,,,,,, , , , , ,0.456,0.593,-105.963
,,,,,,,,,, , , , , ,0.461,0.599,-105.963
,,,,,,,,,, , , , , ,0.461,0.599,-105.963
,,,,,,,,,, , , , , ,0.461,0.599,-105.969
,,,,,,,,,, , , , , ,0.461,0.599,-105.969
,,,,,,,,,, , , , , ,0.461,0.599,-105.969
,,,,,,,,,, , , , , ,0.461,0.599,-105.969
,,,,,,,,,, , , , , ,0.461,0.599,-105.969
,,,,,,,,,, , , , , ,0.461,0.599,-105.969
,,,,,,,,,, , , , , ,0.461,0.599,-105.969
,,,,,,,,,, , , , , ,0.461,0.599,-105.969
,,,,,,,,,, , , , , ,0.461,0.599,-105.969
,,,,,,,,,, , , , , ,0.461,0.599,-105.969
,,,,,,,,,, , , , , ,0.461,0.604,-105.969
,,,,,,,,,, , , , , ,0.461,0.604,-105.969
,,,,,,,,,, , , , , ,0.467,0.604,-105.974
,,,,,,,,,, , , , , ,0.467,0.604,-105.974
,,,,,,,,,, , , , , ,0.467,0.604,-105.974
,,,,,,,,,, , , , , ,0.467,0.604,-105.974
,,,,,,,,,, , , , , ,0.467,0.604,-105.974
,,,,,,,,,, , , , , ,0.467,0.604,-105.974
,,,,,,,,,, , , , , ,0.467,0.604,-105.974
,,,,,,,,,, , , , , ,0.467,0.604,-105.974
,,,,,,,,,, , , , , ,0.467,0.604,-105.974
,,,,,,,,,, , , , , ,0.467,0.604,-105.974
,,,,,,,,,, , , , , ,0.467,0.604,-105.974
,,,,,,,,,, , , , , ,0.467,0.604,-105.974
,,,,,,,,,, , , , , ,0.467,0.604,-105.98
,,,,,,,,,, , , , , ,0.467,0.604,-105.98
,,,,,,,,,, , , , , ,0.467,0.61,-105.98
,,,,,,,,,, , , , , ,0.467,0.61,-105.98
,,,,,,,,,, , , , , ,0.467,0.61,-105.98
,,,,,,,,,, , , , , ,0.467,0.61,-105.98
,,,,,,,,,, , , , , ,0.467,0.61,-105.98
,,,,,,,,,, , , , , ,0.467,0.61,-105.98
,,,,,,,,,, , , , , ,0.467,0.61,-105.98
,,,,,,,,,, , , , , ,0.467,0.61,-105.98
,,,,,,,,,, , , , , ,0.472,0.61,-105.98
,,,,,,,,,, , , , , ,0.472,0.61,-105.98
,,,,,,,,,, , , , , ,0.472,0.61,-105.985
,,,,,,,,,, , , , , ,0.472,0.61,-105.985
,,,,,,,,,, , , , , ,0.472,0.61,-105.985
,,,,,,,,,, , , , , ,0.472,0.61,-105.985
,,,,,,,,,, , , , , ,0.472,0.61,-105.985
,,,,,,,,,, , , , , ,0.472,0.61,-105.985
,,,,,,,,,, , , , , ,0.472,0.61,-105.985
,,,,,,,,,, , , , , ,0.472,0.61,-105.985
,,,,,,,,,, , , , , ,0.472,0.61,-105.991
,,,,,,,,,, , , , , ,0.472,0.61,-105.991
,,,,,,,,,, , , , , ,0.472,0.615,-105.985
,,,,,,,,,, , , , , ,0.472,0.615,-105.985
,,,,,,,,,, , , , , ,0.472,0.615,-105.991
,,,,,,,,,, , , , , ,0.472,0.615,-105.991
,,,,,,,,,, , , , , ,0.472,0.615,-105.991
,,,,,,,,,, , , , , ,0.472,0.615,-105.991
,,,,,,,,,, , , , , ,0.472,0.615,-105.991
,,,,,,,,,, , , , , ,0.472,0.615,-105.991
,,,,,,,,,, , , , , ,0.472,0.615,-105.991
,,,,,,,,,, , , , , ,0.472,0.615,-105.991
,,,,,,,,,, , , , , ,0.472,0.615,-105.996
,,,,,,,,,, , , , , ,0.472,0.615,-105.996
,,,,,,,,,, , , , , ,0.472,0.615,-105.996
,,,,,,,,,, , , , , ,0.472,0.615,-105.996
,,,,,,,,,, , , , , ,0.472,0.615,-105.996
,,,,,,,,,, , , , , ,0.472,0.615,-105.996
,,,,,,,,,, , , , , ,0.472,0.615,-105.996
,,,,,,,,,, , , , , ,0.472,0.615,-105.996
,,,,,,,,,, , , , , ,0.472,0.615,-105.996
,,,,,,,,,, , , , , ,0.472,0.615,-105.996
,,,,,,,,,, , , , , ,0.472,0.621,-105.996
,,,,,,,,,, , , , , ,0.472,0.621,-105.996
,,,,,,,,,, , , , , ,0.472,0.621,-106.002
,,,,,,,,,, , , , , ,0.472,0.621,-106.002
,,,,,,,,,, , , , , ,0.472,0.621,-106.002
,,,,,,,,,, , , , , ,0.472,0.621,-106.002
,,,,,,,,,, , , , , ,0.472,0.621,-106.002
,,,,,,,,,, , , , , ,0.472,0.621,-106.002
,,,,,,,,,, , , , , ,0.472,0.621,-106.002
,,,,,,,,,, , , , , ,0.472,0.621,-106.002
,,,,,,,,,, , , , , ,0.472,0.621,-106.002
,,,,,,,,,, , , , , ,0.472,0.621,-106.002
,,,,,,,,,, , , , , ,0.472,0.621,-106.002
,,,,,,,,,, , , , , ,0.472,0.621,-106.002
,,,,,,,,,, , , , , ,0.472,0.621,-106.007
,,,,,,,,,, , , , , ,0.472,0.621,-106.007
,,,,,,,,,, , , , , ,0.472,0.621,-106.007
,,,,,,,,,, , , , , ,0.472,0.621,-106.007
,,,,,,,,,, , , , , ,0.472,0.621,-106.007
,,,,,,,,,, , , , , ,0.472,0.621,-106.007
,,,,,,,,,, , , , , ,0.472,0.621,-106.007
,,,,,,,,,, , , , , ,0.472,0.621,-106.007
,,,,,,,,,, , , , , ,0.472,0.621,-106.007
,,,,,,,,,, , , , , ,0.472,0.621,-106.007
,,,,,,,,,, , , , , ,0.472,0.626,-106.007
,,,,,,,,,, , , , , ,0.472,0.626,-106.007
,,,,,,,,,, , , , , ,0.472,0.626,-106.013
,,,,,,,,,, , , , , ,0.472,0.626,-106.013
,,,,,,,,,, , , , , ,0.472,0.626,-106.013
,,,,,,,,,, , , , , ,0.472,0.626,-106.013
,,,,,,,,,, , , , , ,0.472,0.626,-106.013
,,,,,,,,,, , , , , ,0.472,0.626,-106.013
,,,,,,,,,, , , , , ,0.472,0.626,-106.013
,,,,,,,,,, , , , , ,0.472,0.626,-106.013
,,,,,,,,,, , , , , ,0.472,0.626,-106.013
,,,,,,,,,, , , , , ,0.472,0.626,-106.013
,,,,,,,,,, , , , , ,0.472,0.626,-106.018
,,,,,,,,,, , , , , ,0.472,0.626,-106.018
,,,,,,,,,, , , , , ,0.472,0.626,-106.018
,,,,,,,,,, , , , , ,0.472,0.626,-106.018
,,,,,,,,,, , , , , ,0.472,0.626,-106.018
,,,,,,,,,, , , , , ,0.472,0.626,-106.018
,,,,,,,,,, , , , , ,0.472,0.626,-106.018
,,,,,,,,,, , , , , ,0.472,0.626,-106.018
,,,,,,,,,, , , , , ,0.472,0.626,-106.018
,,,,,,,,,, , , , , ,0.472,0.626,-106.018
,,,,,,,,,, , , , , ,0.472,0.626,-106.024
,,,,,,,,,, , , , , ,0.472,0.626,-106.024
,,,,,,,,,, , , , , ,0.467,0.626,-106.024
,,,,,,,,,, , , , , ,0.467,0.626,-106.024
,,,,,,,,,, , , , , ,0.467,0.626,-106.024
,,,,,,,,,, , , , , ,0.467,0.626,-106.024
,,,,,,,,,, , , , , ,0.467,0.626,-106.024
,,,,,,,,,, , , , , ,0.467,0.626,-106.024
,,,,,,,,,, , , , , ,0.467,0.626,-106.024
,,,,,,,,,, , , , , ,0.467,0.626,-106.024
,,,,,,,,,, , , , , ,0.467,0.626,-106.024
,,,,,,,,,, , , , , ,0.467,0.626,-106.024
,,,,,,,,,, , , , , ,0.467,0.626,-106.029
,,,,,,,,,, , , , , ,0.467,0.626,-106.029
,,,,,,,,,, , , , , ,0.467,0.626,-106.029
,,,,,,,,,, , , , , ,0.467,0.626,-106.029
,,,,,,,,,, , , , , ,0.467,0.626,-106.029
,,,,,,,,,, , , , , ,0.467,0.626,-106.029
,,,,,,,,,, , , , , ,0.467,0.626,-106.029
,,,,,,,,,, , , , , ,0.467,0.626,-106.029
,,,,,,,,,, , , , , ,0.467,0.626,-106.035
,,,,,,,,,, , , , , ,0.467,0.626,-106.035
,,,,,,,,,, , , , , ,0.461,0.626,-106.035
,,,,,,,,,, , , , , ,0.461,0.626,-106.035
,,,,,,,,,, , , , , ,0.461,0.626,-106.035
,,,,,,,,,, , , , , ,0.461,0.626,-106.035
,,,,,,,,,, , , , , ,0.461,0.626,-106.035
,,,,,,,,,, , , , , ,0.461,0.626,-106.035
,,,,,,,,,, , , , , ,0.461,0.626,-106.035
,,,,,,,,,, , , , , ,0.461,0.626,-106.035
,,,,,,,,,, , , , , ,0.461,0.626,-106.035
,,,,,,,,,, , , , , ,0.461,0.626,-106.035
,,,,,,,,,, , , , , ,0.461,0.626,-106.04
,,,,,,,,,, , , , , ,0.461,0.626,-106.04
,,,,,,,,,, , , , , ,0.461,0.626,-106.04
,,,,,,,,,, , , , , ,0.461,0.626,-106.04
,,,,,,,,,, , , , , ,0.461,0.626,-106.04
,,,,,,,,,, , , , , ,0.461,0.626,-106.04
,,,,,,,,,, , , , , ,0.461,0.626,-106.04
,,,,,,,,,, , , , , ,0.461,0.626,-106.04
,,,,,,,,,, , , , , ,0.461,0.626,-106.04
,,,,,,,,,, , , , , ,0.461,0.626,-106.04
,,,,,,,,,, , , , , ,0.456,0.626,-106.04
,,,,,,,,,, , , , , ,0.456,0.626,-106.04
,,,,,,,,,, , , , , ,0.456,0.626,-106.04
,,,,,,,,,, , , , , ,0.456,0.626,-106.04
,,,,,,,,,, , , , , ,0.456,0.626,-106.04
,,,,,,,,,, , , , , ,0.456,0.626,-106.04
,,,,,,,,,, , , , , ,0.456,0.626,-106.04
,,,,,,,,,, , , , , ,0.456,0.626,-106.04
,,,,,,,,,, , , , , ,0.456,0.626,-106.04
,,,,,,,,,, , , , , ,0.456,0.626,-106.04
,,,,,,,,,, , , , , ,0.456,0.626,-106.04
,,,,,,,,,, , , , , ,0.456,0.626,-106.04
,,,,,,,,,, , , , , ,0.456,0.626,-106.04
,,,,,,,,,, , , , , ,0.456,0.626,-106.04
,,,,,,,,,, , , , , ,0.456,0.626,-106.04
,,,,,,,,,, , , , , ,0.456,0.626,-106.04
,,,,,,,,,, , , , , ,0.456,0.626,-106.04
,,,,,,,,,, , , , , ,0.456,0.626,-106.04
,,,,,,,,,, , , , , ,0.456,0.626,-106.04
,,,,,,,,,, , , , , ,0.456,0.626,-106.04
,,,,,,,,,, , , , , ,0.456,0.626,-106.04
,,,,,,,,,, , , , , ,0.456,0.626,-106.04
,,,,,,,,,, , , , , ,0.456,0.626,-106.04
,,,,,,,,,, , , , , ,0.456,0.626,-106.04
,,,,,,,,,, , , , , ,0.456,0.626,-106.04
,,,,,,,,,, , , , , ,0.456,0.626,-106.04
,,,,,,,,,, , , , , ,0.456,0.626,-106.04
,,,,,,,,,, , , , , ,0.456,0.626,-106.04
,,,,,,,,,, , , , , ,0.456,0.626,-106.04
,,,,,,,,,, , , , , ,0.456,0.626,-106.04
,,,,,,,,,, , , , , ,0.456,0.626,-106.04
,,,,,,,,,, , , , , ,0.456,0.626,-106.04
,,,,,,,,,, , , , , ,0.456,0.626,-106.04
,,,,,,,,,, , , , , ,0.456,0.626,-106.04
,,,,,,,,,, , , , , ,0.456,0.626,-106.04
,,,,,,,,,, , , , , ,0.456,0.626,-106.04
,,,,,,,,,, , , , , ,0.456,0.626,-106.04
,,,,,,,,,, , , , , ,0.456,0.626,-106.04
,,,,,,,,,, , , , , ,0.456,0.626,-106.04
,,,,,,,,,, , , , , ,0.456,0.626,-106.04
,,,,,,,,,, , , , , ,0.456,0.626,-106.04
,,,,,,,,,, , , , , ,0.456,0.626,-106.04
,,,,,,,,,, , , , , ,0.456,0.626,-106.04
,,,,,,,,,, , , , , ,0.456,0.626,-106.04
,,,,,,,,,, , , , , ,0.456,0.626,-106.04
,,,,,,,,,, , , , , ,0.456,0.626,-106.04
,,,,,,,,,, , , , , ,0.456,0.626,-106.04
,,,,,,,,,, , , , , ,0.456,0.626,-106.04
,,,,,,,,,, , , , , ,0.456,0.626,-106.04
,,,,,,,,,, , , , , ,0.456,0.626,-106.04
,,,,,,,,,, , , , , ,0.456,0.626,-106.04
,,,,,,,,,, , , , , ,0.456,0.626,-106.04
,,,,,,,,,, , , , , ,0.456,0.626,-106.04
,,,,,,,,,, , , , , ,0.456,0.626,-106.04
,,,,,,,,,, , , , , ,0.456,0.626,-106.04
,,,,,,,,,, , , , , ,0.456,0.626,-106.04
,,,,,,,,,, , , , , ,0.456,0.626,-106.04
,,,,,,,,,, , , , , ,0.456,0.626,-106.04
,,,,,,,,,, , , , , ,0.456,0.626,-106.04
,,,,,,,,,, , , , , ,0.456,0.626,-106.04
,,,,,,,,,, , , , , ,0.456,0.626,-106.04
,,,,,,,,,, , , , , ,0.456,0.626,-106.04
,,,,,,,,,, , , , , ,0.456,0.626,-106.04
,,,,,,,,,, , , , , ,0.456,0.626,-106.04
,,,,,,,,,, , , , , ,0.456,0.626,-106.04
,,,,,,,,,, , , , , ,0.456,0.626,-106.04
,,,,,,,,,, , , , , ,0.456,0.626,-106.04
,,,,,,,,,, , , , , ,0.456,0.626,-106.04
,,,,,,,,,, , , , , ,0.456,0.626,-106.04
,,,,,,,,,, , , , , ,0.456,0.626,-106.04
,,,,,,,,,, , , , , ,0.456,0.626,-106.04
,,,,,,,,,, , , , , ,0.456,0.626,-106.04
,,,,,,,,,, , , , , ,0.456,0.626,-106.04
,,,,,,,,,, , , , , ,0.456,0.626,-106.04
,,,,,,,,,, , , , , ,0.456,0.626,-106.04
,,,,,,,,,, , , , , ,0.456,0.626,-106.04
,,,,,,,,,, , , , , ,0.456,0.626,-106.04
,,,,,,,,,, , , , , ,0.456,0.626,-106.04
,,,,,,,,,, , , , , ,0.456,0.626,-106.04
,,,,,,,,,, , , , , ,0.456,0.626,-106.04
,,,,,,,,,, , , , , ,0.456,0.626,-106.04
,,,,,,,,,, , , , , ,0.456,0.626,-106.04
,,,,,,,,,, , , , , ,0.456,0.626,-106.04
,,,,,,,,,, , , , , ,0.456,0.626,-106.04
,,,,,,,,,, , , , , ,0.456,0.626,-106.04
,,,,,,,,,, , , , , ,0.456,0.626,-106.04
,,,,,,,,,, , , , , ,0.456,0.626,-106.04
,,,,,,,,,, , , , , ,0.456,0.626,-106.04
,,,,,,,,,, , , , , ,0.456,0.626,-106.04
,,,,,,,,,, , , , , ,0.456,0.626,-106.04
,,,,,,,,,, , , , , ,0.456,0.626,-106.04
,,,,,,,,,, , , , , ,0.456,0.626,-106.04
,,,,,,,,,, , , , , ,0.456,0.626,-106.04
,,,,,,,,,, , , , , ,0.456,0.626,-106.04
,,,,,,,,,, , , , , ,0.456,0.626,-106.04
,,,,,,,,,, , , , , ,0.456,0.626,-106.04
,,,,,,,,,, , , , , ,0.456,0.626,-106.04
,,,,,,,,,, , , , , ,0.456,0.626,-106.04
,,,,,,,,,, , , , , ,0.456,0.626,-106.04
,,,,,,,,,, , , , , ,0.456,0.626,-106.04
,,,,,,,,,, , , , , ,0.456,0.632,-106.04
,,,,,,,,,, , , , , ,0.456,0.632,-106.04
,,,,,,,,,, , , , , ,0.456,0.632,-106.04
,,,,,,,,,, , , , , ,0.456,0.632,-106.04
,,,,,,,,,, , , , , ,0.456,0.632,-106.04
,,,,,,,,,, , , , , ,0.456,0.632,-106.04
,,,,,,,,,, , , , , ,0.456,0.632,-106.04
,,,,,,,,,, , , , , ,0.456,0.632,-106.04
,,,,,,,,,, , , , , ,0.456,0.632,-106.04
,,,,,,,,,, , , , , ,0.456,0.632,-106.04
,,,,,,,,,, , , , , ,0.456,0.632,-106.04
,,,,,,,,,, , , , , ,0.456,0.632,-106.04
,,,,,,,,,, , , , , ,0.456,0.632,-106.04
,,,,,,,,,, , , , , ,0.456,0.632,-106.04
,,,,,,,,,, , , , , ,0.456,0.632,-106.04
,,,,,,,,,, , , , , ,0.456,0.632,-106.04
,,,,,,,,,, , , , , ,0.456,0.632,-106.04
,,,,,,,,,, , , , , ,0.456,0.632,-106.04
,,,,,,,,,, , , , , ,0.456,0.632,-106.04
,,,,,,,,,, , , , , ,0.456,0.632,-106.04
,,,,,,,,,, , , , , ,0.456,0.632,-106.04
,,,,,,,,,, , , , , ,0.456,0.632,-106.04
,,,,,,,,,, , , , , ,0.456,0.632,-106.04
,,,,,,,,,, , , , , ,0.456,0.632,-106.04
,,,,,,,,,, , , , , ,0.456,0.626,-106.046
,,,,,,,,,, , , , , ,0.456,0.626,-106.046
,,,,,,,,,, , , , , ,0.456,0.626,-106.046
,,,,,,,,,, , , , , ,0.456,0.626,-106.046
,,,,,,,,,, , , , , ,0.456,0.626,-106.046
,,,,,,,,,, , , , , ,0.456,0.626,-106.046
,,,,,,,,,, , , , , ,0.456,0.626,-106.046
,,,,,,,,,, , , , , ,0.456,0.626,-106.046
,,,,,,,,,, , , , , ,0.456,0.626,-106.046
,,,,,,,,,, , , , , ,0.456,0.626,-106.046
,,,,,,,,,, , , , , ,0.456,0.626,-106.046
,,,,,,,,,, , , , , ,0.456,0.626,-106.046
,,,,,,,,,, , , , , ,0.456,0.626,-106.046
,,,,,,,,,, , , , , ,0.456,0.626,-106.046
,,,,,,,,,, , , , , ,0.456,0.626,-106.046
,,,,,,,,,, , , , , ,0.456,0.626,-106.046
,,,,,,,,,, , , , , ,0.45,0.626,-106.046
,,,,,,,,,, , , , , ,0.45,0.626,-106.046
,,,,,,,,,, , , , , ,0.45,0.626,-106.046
,,,,,,,,,, , , , , ,0.45,0.626,-106.046
,,,,,,,,,, , , , , ,0.45,0.626,-106.046
,,,,,,,,,, , , , , ,0.45,0.626,-106.046
,,,,,,,,,, , , , , ,0.45,0.626,-106.046
,,,,,,,,,, , , , , ,0.45,0.626,-106.046
,,,,,,,,,, , , , , ,0.45,0.626,-106.046
,,,,,,,,,, , , , , ,0.45,0.626,-106.046
,,,,,,,,,, , , , , ,0.45,0.626,-106.046
,,,,,,,,,, , , , , ,0.45,0.626,-106.046
,,,,,,,,,, , , , , ,0.45,0.626,-106.046
,,,,,,,,,, , , , , ,0.45,0.626,-106.046
,,,,,,,,,, , , , , ,0.45,0.626,-106.046
,,,,,,,,,, , , , , ,0.45,0.626,-106.046
,,,,,,,,,, , , , , ,0.45,0.626,-106.046
,,,,,,,,,, , , , , ,0.45,0.626,-106.046
,,,,,,,,,, , , , , ,0.45,0.626,-106.046
,,,,,,,,,, , , , , ,0.45,0.626,-106.046
,,,,,,,,,, , , , , ,0.45,0.621,-106.046
,,,,,,,,,, , , , , ,0.45,0.621,-106.046
,,,,,,,,,, , , , , ,0.45,0.621,-106.046
,,,,,,,,,, , , , , ,0.45,0.621,-106.046
,,,,,,,,,, , , , , ,0.45,0.621,-106.046
,,,,,,,,,, , , , , ,0.45,0.621,-106.046
,,,,,,,,,, , , , , ,0.45,0.621,-106.046
,,,,,,,,,, , , , , ,0.45,0.621,-106.046
,,,,,,,,,, , , , , ,0.45,0.621,-106.046
,,,,,,,,,, , , , , ,0.45,0.621,-106.046
,,,,,,,,,, , , , , ,0.45,0.621,-106.046
,,,,,,,,,, , , , , ,0.45,0.621,-106.046
,,,,,,,,,, , , , , ,0.45,0.621,-106.046
,,,,,,,,,, , , , , ,0.45,0.621,-106.046
,,,,,,,,,, , , , , ,0.45,0.621,-106.046
,,,,,,,,,, , , , , ,0.45,0.621,-106.046
,,,,,,,,,, , , , , ,0.45,0.621,-106.046
,,,,,,,,,, , , , , ,0.45,0.621,-106.046
,,,,,,,,,, , , , , ,0.45,0.621,-106.046
,,,,,,,,,, , , , , ,0.45,0.621,-106.046
,,,,,,,,,, , , , , ,0.45,0.615,-106.046
,,,,,,,,,, , , , , ,0.45,0.615,-106.046
,,,,,,,,,, , , , , ,0.45,0.615,-106.046
,,,,,,,,,, , , , , ,0.45,0.615,-106.046
,,,,,,,,,, , , , , ,0.45,0.615,-106.046
,,,,,,,,,, , , , , ,0.45,0.615,-106.046
,,,,,,,,,, , , , , ,0.45,0.615,-106.046
,,,,,,,,,, , , , , ,0.45,0.615,-106.046
,,,,,,,,,, , , , , ,0.45,0.615,-106.046
,,,,,,,,,, , , , , ,0.45,0.615,-106.046
,,,,,,,,,, , , , , ,0.45,0.615,-106.046
,,,,,,,,,, , , , , ,0.45,0.615,-106.046
,,,,,,,,,, , , , , ,0.45,0.615,-106.046
,,,,,,,,,, , , , , ,0.45,0.615,-106.046
,,,,,,,,,, , , , , ,0.45,0.615,-106.046
,,,,,,,,,, , , , , ,0.45,0.615,-106.046
,,,,,,,,,, , , , , ,0.45,0.615,-106.046
,,,,,,,,,, , , , , ,0.45,0.615,-106.046
,,,,,,,,,, , , , , ,0.45,0.615,-106.046
,,,,,,,,,, , , , , ,0.45,0.615,-106.046
,,,,,,,,,, , , , , ,0.45,0.61,-106.046
,,,,,,,,,, , , , , ,0.45,0.61,-106.046
,,,,,,,,,, , , , , ,0.45,0.61,-106.046
,,,,,,,,,, , , , , ,0.45,0.61,-106.046
,,,,,,,,,, , , , , ,0.445,0.61,-106.046
,,,,,,,,,, , , , , ,0.445,0.61,-106.046
,,,,,,,,,, , , , , ,0.445,0.61,-106.046
,,,,,,,,,, , , , , ,0.445,0.61,-106.046
,,,,,,,,,, , , , , ,0.445,0.61,-106.046
,,,,,,,,,, , , , , ,0.445,0.61,-106.046
,,,,,,,,,, , , , , ,0.445,0.61,-106.046
,,,,,,,,,, , , , , ,0.445,0.61,-106.046
,,,,,,,,,, , , , , ,0.445,0.61,-106.046
,,,,,,,,,, , , , , ,0.445,0.61,-106.046
,,,,,,,,,, , , , , ,0.445,0.61,-106.046
,,,,,,,,,, , , , , ,0.445,0.61,-106.046
,,,,,,,,,, , , , , ,0.445,0.61,-106.046
,,,,,,,,,, , , , , ,0.445,0.61,-106.046
,,,,,,,,,, , , , , ,0.445,0.61,-106.046
,,,,,,,,,, , , , , ,0.445,0.61,-106.046
,,,,,,,,,, , , , , ,0.445,0.61,-106.046
,,,,,,,,,, , , , , ,0.445,0.61,-106.046
,,,,,,,,,, , , , , ,0.445,0.61,-106.046
,,,,,,,,,, , , , , ,0.445,0.61,-106.046
,,,,,,,,,, , , , , ,0.445,0.604,-106.046
,,,,,,,,,, , , , , ,0.445,0.604,-106.046
,,,,,,,,,, , , , , ,0.445,0.604,-106.046
,,,,,,,,,, , , , , ,0.445,0.604,-106.046
,,,,,,,,,, , , , , ,0.445,0.604,-106.046
,,,,,,,,,, , , , , ,0.445,0.604,-106.046
,,,,,,,,,, , , , , ,0.445,0.604,-106.046
,,,,,,,,,, , , , , ,0.445,0.604,-106.046
,,,,,,,,,, , , , , ,0.445,0.604,-106.046
,,,,,,,,,, , , , , ,0.445,0.604,-106.046
,,,,,,,,,, , , , , ,0.445,0.604,-106.046
,,,,,,,,,, , , , , ,0.445,0.604,-106.046
,,,,,,,,,, , , , , ,0.445,0.604,-106.046
,,,,,,,,,, , , , , ,0.445,0.604,-106.046
,,,,,,,,,, , , , , ,0.445,0.604,-106.046
,,,,,,,,,, , , , , ,0.445,0.604,-106.046
,,,,,,,,,, , , , , ,0.445,0.604,-106.046
,,,,,,,,,, , , , , ,0.445,0.604,-106.046
,,,,,,,,,, , , , , ,0.445,0.604,-106.046
,,,,,,,,,, , , , , ,0.445,0.604,-106.046
,,,,,,,,,, , , , , ,0.445,0.604,-106.046
,,,,,,,,,, , , , , ,0.445,0.604,-106.046
,,,,,,,,,, , , , , ,0.445,0.604,-106.046
,,,,,,,,,, , , , , ,0.445,0.604,-106.046
,,,,,,,,,, , , , , ,0.439,0.604,-106.046
,,,,,,,,,, , , , , ,0.439,0.604,-106.046
,,,,,,,,,, , , , , ,0.439,0.604,-106.046
,,,,,,,,,, , , , , ,0.439,0.604,-106.046
,,,,,,,,,, , , , , ,0.439,0.604,-106.046
,,,,,,,,,, , , , , ,0.439,0.604,-106.046
,,,,,,,,,, , , , , ,0.439,0.604,-106.046
,,,,,,,,,, , , , , ,0.439,0.604,-106.046
,,,,,,,,,, , , , , ,0.439,0.599,-106.046
,,,,,,,,,, , , , , ,0.439,0.599,-106.046
,,,,,,,,,, , , , , ,0.439,0.599,-106.046
,,,,,,,,,, , , , , ,0.439,0.599,-106.046
,,,,,,,,,, , , , , ,0.439,0.599,-106.046
,,,,,,,,,, , , , , ,0.439,0.599,-106.046
,,,,,,,,,, , , , , ,0.439,0.599,-106.046
,,,,,,,,,, , , , , ,0.439,0.599,-106.046
,,,,,,,,,, , , , , ,0.439,0.599,-106.046
,,,,,,,,,, , , , , ,0.439,0.599,-106.046
,,,,,,,,,, , , , , ,0.439,0.599,-106.046
,,,,,,,,,, , , , , ,0.439,0.599,-106.046
,,,,,,,,,, , , , , ,0.439,0.599,-106.046
,,,,,,,,,, , , , , ,0.439,0.599,-106.046
,,,,,,,,,, , , , , ,0.439,0.599,-106.046
,,,,,,,,,, , , , , ,0.439,0.599,-106.046
,,,,,,,,,, , , , , ,0.439,0.599,-106.046
,,,,,,,,,, , , , , ,0.439,0.599,-106.046
,,,,,,,,,, , , , , ,0.439,0.599,-106.046
,,,,,,,,,, , , , , ,0.439,0.599,-106.046
,,,,,,,,,, , , , , ,0.434,0.599,-106.046
,,,,,,,,,, , , , , ,0.434,0.599,-106.046
,,,,,,,,,, , , , , ,0.434,0.599,-106.046
,,,,,,,,,, , , , , ,0.434,0.599,-106.046
,,,,,,,,,, , , , , ,0.434,0.599,-106.046
,,,,,,,,,, , , , , ,0.434,0.599,-106.046
,,,,,,,,,, , , , , ,0.434,0.599,-106.046
,,,,,,,,,, , , , , ,0.434,0.599,-106.046
,,,,,,,,,, , , , , ,0.434,0.599,-106.046
,,,,,,,,,, , , , , ,0.434,0.599,-106.046
,,,,,,,,,, , , , , ,0.434,0.599,-106.046
,,,,,,,,,, , , , , ,0.434,0.599,-106.046
,,,,,,,,,, , , , , ,0.434,0.599,-106.046
,,,,,,,,,, , , , , ,0.434,0.599,-106.046
,,,,,,,,,, , , , , ,0.434,0.599,-106.046
,,,,,,,,,, , , , , ,0.434,0.599,-106.046
,,,,,,,,,, , , , , ,0.434,0.599,-106.046
,,,,,,,,,, , , , , ,0.434,0.599,-106.046
,,,,,,,,,, , , , , ,0.434,0.599,-106.046
,,,,,,,,,, , , , , ,0.434,0.599,-106.046
,,,,,,,,,, , , , , ,0.434,0.599,-106.046
,,,,,,,,,, , , , , ,0.434,0.599,-106.046
,,,,,,,,,, , , , , ,0.434,0.599,-106.046
,,,,,,,,,, , , , , ,0.434,0.599,-106.046
,,,,,,,,,, , , , , ,0.434,0.599,-106.046
,,,,,,,,,, , , , , ,0.434,0.599,-106.046
,,,,,,,,,, , , , , ,0.434,0.599,-106.046
,,,,,,,,,, , , , , ,0.434,0.599,-106.046
,,,,,,,,,, , , , , ,0.434,0.599,-106.046
,,,,,,,,,, , , , , ,0.434,0.599,-106.046
,,,,,,,,,, , , , , ,0.434,0.599,-106.046
,,,,,,,,,, , , , , ,0.434,0.599,-106.046
,,,,,,,,,, , , , , ,0.434,0.593,-106.046
,,,,,,,,,, , , , , ,0.428,0.61,-106.057
,,,,,,,,,, , , , , ,0.417,0.621,-106.062
,,,,,,,,,, , , , , ,0.412,0.632,-106.068
,,,,,,,,,, , , , , ,0.406,0.643,-106.078
,,,,,,,,,, , , , , ,0.401,0.654,-106.084
,,,,,,,,,, , , , , ,0.396,0.665,-106.095
,,,,,,,,,, , , , , ,0.39,0.676,-106.1
,,,,,,,,,, , , , , ,0.385,0.687,-106.111
,,,,,,,,,, , , , , ,0.379,0.698,-106.117
,,,,,,,,,, , , , , ,0.374,0.709,-106.128
,,,,,,,,,, , , , , ,0.368,0.72,-106.139
,,,,,,,,,, , , , , ,0.363,0.725,-106.15
,,,,,,,,,, , , , , ,0.357,0.736,-106.161
,,,,,,,,,, , , , , ,0.352,0.747,-106.172
,,,,,,,,,, , , , , ,0.352,0.764,-106.183
,,,,,,,,,, , , , , ,0.346,0.775,-106.194
,,,,,,,,,, , , , , ,0.346,0.786,-106.205
,,,,,,,,,, , , , , ,0.346,0.802,-106.216
,,,,,,,,,, , , , , ,0.346,0.818,-106.227
,,,,,,,,,, , , , , ,0.346,0.829,-106.232
,,,,,,,,,, , , , , ,0.346,0.846,-106.243
,,,,,,,,,, , , , , ,0.346,0.857,-106.254
,,,,,,,,,, , , , , ,0.346,0.868,-106.265
,,,,,,,,,, , , , , ,0.346,0.879,-106.276
,,,,,,,,,, , , , , ,0.352,0.884,-106.287
,,,,,,,,,, , , , , ,0.352,0.89,-106.298
,,,,,,,,,, , , , , ,0.352,0.895,-106.304
,,,,,,,,,, , , , , ,0.357,0.895,-106.315
,,,,,,,,,, , , , , ,0.357,0.901,-106.326
,,,,,,,,,, , , , , ,0.363,0.901,-106.331
,,,,,,,,,, , , , , ,0.363,0.901,-106.342
,,,,,,,,,, , , , , ,0.363,0.901,-106.348
,,,,,,,,,, , , , , ,0.368,0.906,-106.359
,,,,,,,,,, , , , , ,0.368,0.906,-106.364
,,,,,,,,,, , , , , ,0.368,0.906,-106.37
,,,,,,,,,, , , , , ,0.368,0.912,-106.375
,,,,,,,,,, , , , , ,0.368,0.917,-106.381
,,,,,,,,,, , , , , ,0.363,0.917,-106.386
,,,,,,,,,, , , , , ,0.363,0.923,-106.392
,,,,,,,,,, , , , , ,0.363,0.928,-106.397
,,,,,,,,,, , , , , ,0.357,0.928,-106.403
,,,,,,,,,, , , , , ,0.357,0.934,-106.403
,,,,,,,,,, , , , , ,0.357,0.939,-106.408
,,,,,,,,,, , , , , ,0.357,0.945,-106.408
,,,,,,,,,, , , , , ,0.357,0.95,-106.414
,,,,,,,,,, , , , , ,0.352,0.95,-106.414
,,,,,,,,,, , , , , ,0.352,0.956,-106.419
,,,,,,,,,, , , , , ,0.352,0.961,-106.419
,,,,,,,,,, , , , , ,0.352,0.961,-106.425
,,,,,,,,,, , , , , ,0.352,0.967,-106.425
,,,,,,,,,, , , , , ,0.352,0.972,-106.425
,,,,,,,,,, , , , , ,0.352,0.972,-106.43
,,,,,,,,,, , , , , ,0.352,0.978,-106.43
,,,,,,,,,, , , , , ,0.352,0.978,-106.43
,,,,,,,,,, , , , , ,0.352,0.978,-106.43
,,,,,,,,,, , , , , ,0.352,0.978,-106.425
,,,,,,,,,, , , , , ,0.357,0.978,-106.425
,,,,,,,,,, , , , , ,0.357,0.978,-106.425
,,,,,,,,,, , , , , ,0.357,0.972,-106.425
,,,,,,,,,, , , , , ,0.357,0.972,-106.419
,,,,,,,,,, , , , , ,0.363,0.967,-106.419
,,,,,,,,,, , , , , ,0.363,0.961,-106.419
,,,,,,,,,, , , , , ,0.363,0.961,-106.414
,,,,,,,,,, , , , , ,0.363,0.956,-106.414
,,,,,,,,,, , , , , ,0.368,0.95,-106.408
,,,,,,,,,, , , , , ,0.368,0.945,-106.408
,,,,,,,,,, , , , , ,0.368,0.939,-106.403
,,,,,,,,,, , , , , ,0.368,0.934,-106.403
,,,,,,,,,, , , , , ,0.368,0.928,-106.397
,,,,,,,,,, , , , , ,0.374,0.928,-106.397
,,,,,,,,,, , , , , ,0.374,0.923,-106.392
,,,,,,,,,, , , , , ,0.374,0.917,-106.392
,,,,,,,,,, , , , , ,0.374,0.917,-106.392
,,,,,,,,,, , , , , ,0.374,0.912,-106.386
,,,,,,,,,, , , , , ,0.374,0.912,-106.386
,,,,,,,,,, , , , , ,0.374,0.906,-106.381
,,,,,,,,,, , , , , ,0.374,0.906,-106.381
,,,,,,,,,, , , , , ,0.374,0.901,-106.375
,,,,,,,,,, , , , , ,0.368,0.901,-106.375
,,,,,,,,,, , , , , ,0.368,0.901,-106.375
,,,,,,,,,, , , , , ,0.368,0.901,-106.37
,,,,,,,,,, , , , , ,0.368,0.895,-106.37
,,,,,,,,,, , , , , ,0.363,0.895,-106.364
,,,,,,,,,, , , , , ,0.363,0.895,-106.364
,,,,,,,,,, , , , , ,0.363,0.89,-106.359
,,,,,,,,,, , , , , ,0.363,0.89,-106.359
,,,,,,,,,, , , , , ,0.363,0.884,-106.359
,,,,,,,,,, , , , , ,0.357,0.879,-106.353
,,,,,,,,,, , , , , ,0.357,0.873,-106.353
,,,,,,,,,, , , , , ,0.357,0.873,-106.353
,,,,,,,,,, , , , , ,0.357,0.868,-106.348
,,,,,,,,,, , , , , ,0.357,0.862,-106.348
,,,,,,,,,, , , , , ,0.357,0.857,-106.348
,,,,,,,,,, , , , , ,0.357,0.851,-106.342
,,,,,,,,,, , , , , ,0.357,0.846,-106.342
,,,,,,,,,, , , , , ,0.363,0.84,-106.342
,,,,,,,,,, , , , , ,0.363,0.835,-106.337
,,,,,,,,,, , , , , ,0.363,0.835,-106.337
,,,,,,,,,, , , , , ,0.368,0.829,-106.331
,,,,,,,,,, , , , , ,0.368,0.824,-106.331
,,,,,,,,,, , , , , ,0.374,0.818,-106.326
,,,,,,,,,, , , , , ,0.374,0.813,-106.326
,,,,,,,,,, , , , , ,0.379,0.807,-106.32
,,,,,,,,,, , , , , ,0.379,0.802,-106.32
,,,,,,,,,, , , , , ,0.379,0.797,-106.315
,,,,,,,,,, , , , , ,0.379,0.791,-106.315
,,,,,,,,,, , , , , ,0.385,0.786,-106.309
,,,,,,,,,, , , , , ,0.385,0.78,-106.309
,,,,,,,,,, , , , , ,0.385,0.775,-106.304
,,,,,,,,,, , , , , ,0.385,0.769,-106.304
,,,,,,,,,, , , , , ,0.385,0.764,-106.304
,,,,,,,,,, , , , , ,0.39,0.764,-106.298
,,,,,,,,,, , , , , ,0.39,0.758,-106.298
,,,,,,,,,, , , , , ,0.39,0.753,-106.298
,,,,,,,,,, , , , , ,0.39,0.747,-106.298
,,,,,,,,,, , , , , ,0.39,0.747,-106.293
,,,,,,,,,, , , , , ,0.39,0.747,-106.293
,,,,,,,,,, , , , , ,0.39,0.742,-106.293
,,,,,,,,,, , , , , ,0.39,0.742,-106.293
,,,,,,,,,, , , , , ,0.39,0.747,-106.293
,,,,,,,,,, , , , , ,0.385,0.747,-106.293
,,,,,,,,,, , , , , ,0.385,0.753,-106.293
,,,,,,,,,, , , , , ,0.385,0.753,-106.298
,,,,,,,,,, , , , , ,0.385,0.758,-106.298
,,,,,,,,,, , , , , ,0.385,0.764,-106.298
,,,,,,,,,, , , , , ,0.379,0.769,-106.298
,,,,,,,,,, , , , , ,0.379,0.775,-106.304
,,,,,,,,,, , , , , ,0.379,0.78,-106.304
,,,,,,,,,, , , , , ,0.379,0.78,-106.304
,,,,,,,,,, , , , , ,0.374,0.786,-106.304
,,,,,,,,,, , , , , ,0.374,0.791,-106.309
,,,,,,,,,, , , , , ,0.374,0.797,-106.309
,,,,,,,,,, , , , , ,0.368,0.802,-106.309
,,,,,,,,,, , , , , ,0.368,0.807,-106.309
,,,,,,,,,, , , , , ,0.363,0.807,-106.309
,,,,,,,,,, , , , , ,0.363,0.807,-106.309
,,,,,,,,,, , , , , ,0.363,0.807,-106.309
,,,,,,,,,, , , , , ,0.363,0.802,-106.304
,,,,,,,,,, , , , , ,0.357,0.802,-106.304
,,,,,,,,,, , , , , ,0.357,0.797,-106.304
,,,,,,,,,, , , , , ,0.357,0.791,-106.304
,,,,,,,,,, , , , , ,0.352,0.791,-106.304
,,,,,,,,,, , , , , ,0.352,0.786,-106.298
,,,,,,,,,, , , , , ,0.346,0.786,-106.298
,,,,,,,,,, , , , , ,0.346,0.786,-106.298
,,,,,,,,,, , , , , ,0.341,0.791,-106.298
,,,,,,,,,, , , , , ,0.335,0.791,-106.304
,,,,,,,,,, , , , , ,0.33,0.797,-106.304
,,,,,,,,,, , , , , ,0.324,0.807,-106.304
,,,,,,,,,, , , , , ,0.319,0.813,-106.304
,,,,,,,,,, , , , , ,0.319,0.824,-106.304
,,,,,,,,,, , , , , ,0.308,0.835,-106.309
,,,,,,,,,, , , , , ,0.302,0.846,-106.309
,,,,,,,,,, , , , , ,0.302,0.857,-106.309
,,,,,,,,,, , , , , ,0.297,0.868,-106.309
,,,,,,,,,, , , , , ,0.291,0.879,-106.309
,,,,,,,,,, , , , , ,0.286,0.884,-106.309
,,,,,,,,,, , , , , ,0.28,0.89,-106.304
,,,,,,,,,, , , , , ,0.28,0.895,-106.304
,,,,,,,,,, , , , , ,0.275,0.901,-106.304
,,,,,,,,,, , , , , ,0.275,0.901,-106.298
,,,,,,,,,, , , , , ,0.269,0.901,-106.293
,,,,,,,,,, , , , , ,0.269,0.906,-106.293
,,,,,,,,,, , , , , ,0.264,0.906,-106.287
,,,,,,,,,, , , , , ,0.264,0.906,-106.282
,,,,,,,,,, , , , , ,0.264,0.906,-106.282
,,,,,,,,,, , , , , ,0.264,0.906,-106.276
,,,,,,,,,, , , , , ,0.264,0.912,-106.271
,,,,,,,,,, , , , , ,0.264,0.917,-106.271
,,,,,,,,,, , , , , ,0.264,0.923,-106.271
,,,,,,,,,, , , , , ,0.264,0.928,-106.265
,,,,,,,,,, , , , , ,0.264,0.939,-106.265
,,,,,,,,,, , , , , ,0.264,0.945,-106.265
,,,,,,,,,, , , , , ,0.269,0.956,-106.26
,,,,,,,,,, , , , , ,0.269,0.967,-106.26
,,,,,,,,,, , , , , ,0.269,0.978,-106.26
,,,,,,,,,, , , , , ,0.275,0.983,-106.254
,,,,,,,,,, , , , , ,0.275,0.994,-106.249
,,,,,,,,,, , , , , ,0.28,0.994,-106.249
,,,,,,,,,, , , , , ,0.286,1,-106.243
,,,,,,,,,, , , , , ,0.291,0.994,-106.238
,,,,,,,,,, , , , , ,0.297,0.989,-106.232
,,,,,,,,,, , , , , ,0.302,0.983,-106.227
,,,,,,,,,, , , , , ,0.308,0.972,-106.221
,,,,,,,,,, , , , , ,0.319,0.961,-106.21
,,,,,,,,,, , , , , ,0.324,0.95,-106.205
,,,,,,,,,, , , , , ,0.33,0.934,-106.199
,,,,,,,,,, , , , , ,0.341,0.917,-106.194
,,,,,,,,,, , , , , ,0.346,0.906,-106.188
,,,,,,,,,, , , , , ,0.357,0.89,-106.183
,,,,,,,,,, , , , , ,0.363,0.879,-106.177
,,,,,,,,,, , , , , ,0.368,0.862,-106.172
,,,,,,,,,, , , , , ,0.374,0.851,-106.166
,,,,,,,,,, , , , , ,0.379,0.84,-106.161
,,,,,,,,,, , , , , ,0.385,0.829,-106.155
,,,,,,,,,, , , , , ,0.39,0.818,-106.15
,,,,,,,,,, , , , , ,0.396,0.802,-106.144
,,,,,,,,,, , , , , ,0.401,0.791,-106.139
,,,,,,,,,, , , , , ,0.406,0.775,-106.133
,,,,,,,,,, , , , , ,0.412,0.758,-106.128
,,,,,,,,,, , , , , ,0.412,0.742,-106.122
,,,,,,,,,, , , , , ,0.417,0.725,-106.117
,,,,,,,,,, , , , , ,0.423,0.709,-106.111
,,,,,,,,,, , , , , ,0.428,0.692,-106.106
,,,,,,,,,, , , , , ,0.434,0.67,-106.1
,,,,,,,,,, , , , , ,0.434,0.654,-106.1
,,,,,,,,,, , , , , ,0.439,0.643,-106.095
,,,,,,,,,, , , , , ,0.445,0.626,-106.089
,,,,,,,,,, , , , , ,0.445,0.615,-106.084
,,,,,,,,,, , , , , ,0.45,0.604,-106.078
,,,,,,,,,, , , , , ,0.45,0.593,-106.078
,,,,,,,,,, , , , , ,0.45,0.588,-106.073
,,,,,,,,,, , , , , ,0.45,0.582,-106.068
,,,,,,,,,, , , , , ,0.45,0.577,-106.068
,,,,,,,,,, , , , , ,0.445,0.577,-106.062
,,,,,,,,,, , , , , ,0.445,0.577,-106.057
,,,,,,,,,, , , , , ,0.445,0.571,-106.057
,,,,,,,,,, , , , , ,0.439,0.571,-106.051
,,,,,,,,,, , , , , ,0.439,0.571,-106.051
,,,,,,,,,, , , , , ,0.439,0.571,-106.046
,,,,,,,,,, , , , , ,0.434,0.571,-106.046
,,,,,,,,,, , , , , ,0.434,0.566,-106.04
,,,,,,,,,, , , , , ,0.434,0.566,-106.04
,,,,,,,,,, , , , , ,0.434,0.56,-106.035
,,,,,,,,,, , , , , ,0.434,0.549,-106.035
,,,,,,,,,, , , , , ,0.434,0.544,-106.035
,,,,,,,,,, , , , , ,0.434,0.538,-106.035
,,,,,,,,,, , , , , ,0.439,0.527,-106.029
,,,,,,,,,, , , , , ,0.439,0.516,-106.029
,,,,,,,,,, , , , , ,0.439,0.511,-106.029
,,,,,,,,,, , , , , ,0.439,0.5,-106.029
,,,,,,,,,, , , , , ,0.445,0.489,-106.029
,,,,,,,,,, , , , , ,0.445,0.483,-106.029
,,,,,,,,,, , , , , ,0.445,0.472,-106.035
,,,,,,,,,, , , , , ,0.445,0.467,-106.035
,,,,,,,,,, , , , , ,0.445,0.461,-106.035
,,,,,,,,,, , , , , ,0.445,0.461,-106.035
,,,,,,,,,, , , , , ,0.45,0.456,-106.035
,,,,,,,,,, , , , , ,0.45,0.456,-106.04
,,,,,,,,,, , , , , ,0.45,0.456,-106.04
,,,,,,,,,, , , , , ,0.45,0.456,-106.04
,,,,,,,,,, , , , , ,0.45,0.456,-106.04
,,,,,,,,,, , , , , ,0.45,0.456,-106.04
,,,,,,,,,, , , , , ,0.45,0.461,-106.04
,,,,,,,,,, , , , , ,0.45,0.461,-106.04
,,,,,,,,,, , , , , ,0.45,0.461,-106.04
,,,,,,,,,, , , , , ,0.45,0.461,-106.04
,,,,,,,,,, , , , , ,0.45,0.461,-106.04
,,,,,,,,,, , , , , ,0.45,0.461,-106.04
,,,,,,,,,, , , , , ,0.456,0.467,-106.04
,,,,,,,,,, , , , , ,0.456,0.467,-106.04
,,,,,,,,,, , , , , ,0.456,0.461,-106.04
,,,,,,,,,, , , , , ,0.456,0.467,-106.04
,,,,,,,,,, , , , , ,0.461,0.467,-106.04
,,,,,,,,,, , , , , ,0.461,0.467,-106.04
,,,,,,,,,, , , , , ,0.461,0.467,-106.035
,,,,,,,,,, , , , , ,0.461,0.467,-106.035
,,,,,,,,,, , , , , ,0.461,0.467,-106.035
,,,,,,,,,, , , , , ,0.461,0.467,-106.035
,,,,,,,,,, , , , , ,0.461,0.467,-106.035
,,,,,,,,,, , , , , ,0.461,0.467,-106.035
,,,,,,,,,, , , , , ,0.461,0.472,-106.029
,,,,,,,,,, , , , , ,0.461,0.472,-106.029
,,,,,,,,,, , , , , ,0.456,0.472,-106.029
,,,,,,,,,, , , , , ,0.456,0.472,-106.029
,,,,,,,,,, , , , , ,0.456,0.478,-106.029
,,,,,,,,,, , , , , ,0.456,0.478,-106.024
,,,,,,,,,, , , , , ,0.456,0.478,-106.024
,,,,,,,,,, , , , , ,0.456,0.483,-106.024
,,,,,,,,,, , , , , ,0.456,0.483,-106.024
,,,,,,,,,, , , , , ,0.456,0.483,-106.018
,,,,,,,,,, , , , , ,0.456,0.489,-106.018
,,,,,,,,,, , , , , ,0.456,0.489,-106.018
,,,,,,,,,, , , , , ,0.456,0.489,-106.018
,,,,,,,,,, , , , , ,0.456,0.494,-106.013
,,,,,,,,,, , , , , ,0.456,0.494,-106.013
,,,,,,,,,, , , , , ,0.456,0.494,-106.013
,,,,,,,,,, , , , , ,0.456,0.5,-106.007
,,,,,,,,,, , , , , ,0.456,0.5,-106.007
,,,,,,,,,, , , , , ,0.456,0.5,-106.007
,,,,,,,,,, , , , , ,0.456,0.5,-106.002
,,,,,,,,,, , , , , ,0.456,0.5,-106.002
,,,,,,,,,, , , , , ,0.456,0.5,-105.996
,,,,,,,,,, , , , , ,0.461,0.5,-105.996
,,,,,,,,,, , , , , ,0.461,0.5,-105.991
,,,,,,,,,, , , , , ,0.461,0.5,-105.991
,,,,,,,,,, , , , , ,0.467,0.5,-105.985
,,,,,,,,,, , , , , ,0.467,0.5,-105.985
,,,,,,,,,, , , , , ,0.467,0.5,-105.98
,,,,,,,,,, , , , , ,0.472,0.5,-105.98
,,,,,,,,,, , , , , ,0.472,0.5,-105.974
,,,,,,,,,, , , , , ,0.472,0.5,-105.974
,,,,,,,,,, , , , , ,0.472,0.5,-105.969
,,,,,,,,,, , , , , ,0.478,0.5,-105.963
,,,,,,,,,, , , , , ,0.478,0.505,-105.963
,,,,,,,,,, , , , , ,0.478,0.505,-105.958
,,,,,,,,,, , , , , ,0.478,0.511,-105.958
,,,,,,,,,, , , , , ,0.472,0.511,-105.952
,,,,,,,,,, , , , , ,0.472,0.516,-105.952
,,,,,,,,,, , , , , ,0.472,0.516,-105.947
,,,,,,,,,, , , , , ,0.472,0.522,-105.947
,,,,,,,,,, , , , , ,0.472,0.522,-105.941
,,,,,,,,,, , , , , ,0.472,0.522,-105.941
,,,,,,,,,, , , , , ,0.467,0.522,-105.936
,,,,,,,,,, , , , , ,0.467,0.527,-105.93
,,,,,,,,,, , , , , ,0.461,0.527,-105.93
,,,,,,,,,, , , , , ,0.461,0.527,-105.925
,,,,,,,,,, , , , , ,0.461,0.527,-105.925
,,,,,,,,,, , , , , ,0.456,0.527,-105.919
,,,,,,,,,, , , , , ,0.456,0.527,-105.919
,,,,,,,,,, , , , , ,0.45,0.522,-105.914
,,,,,,,,,, , , , , ,0.45,0.522,-105.908
,,,,,,,,,, , , , , ,0.445,0.522,-105.903
,,,,,,,,,, , , , , ,0.445,0.522,-105.903
,,,,,,,,,, , , , , ,0.439,0.516,-105.897
,,,,,,,,,, , , , , ,0.439,0.516,-105.892
,,,,,,,,,, , , , , ,0.434,0.516,-105.886
,,,,,,,,,, , , , , ,0.428,0.511,-105.886
,,,,,,,,,, , , , , ,0.428,0.511,-105.881
,,,,,,,,,, , , , , ,0.423,0.505,-105.875
,,,,,,,,,, , , , , ,0.417,0.505,-105.875
,,,,,,,,,, , , , , ,0.412,0.505,-105.87
,,,,,,,,,, , , , , ,0.406,0.5,-105.864
,,,,,,,,,, , , , , ,0.406,0.494,-105.864
,,,,,,,,,, , , , , ,0.401,0.494,-105.859
,,,,,,,,,, , , , , ,0.396,0.494,-105.853
,,,,,,,,,, , , , , ,0.39,0.489,-105.848
,,,,,,,,,, , , , , ,0.385,0.483,-105.848
,,,,,,,,,, , , , , ,0.379,0.483,-105.842
,,,,,,,,,, , , , , ,0.374,0.478,-105.837
,,,,,,,,,, , , , , ,0.368,0.472,-105.837
,,,,,,,,,, , , , , ,0.357,0.467,-105.831
,,,,,,,,,, , , , , ,0.352,0.461,-105.826
,,,,,,,,,, , , , , ,0.346,0.456,-105.826
,,,,,,,,,, , , , , ,0.335,0.45,-105.82
,,,,,,,,,, , , , , ,0.33,0.439,-105.815
,,,,,,,,,, , , , , ,0.324,0.434,-105.815
,,,,,,,,,, , , , , ,0.313,0.423,-105.809
,,,,,,,,,, , , , , ,0.308,0.417,-105.809
,,,,,,,,,, , , , , ,0.297,0.406,-105.804
,,,,,,,,,, , , , , ,0.291,0.401,-105.804
,,,,,,,,,, , , , , ,0.28,0.396,-105.798
,,,,,,,,,, , , , , ,0.275,0.39,-105.798
,,,,,,,,,, , , , , ,0.264,0.385,-105.793
,,,,,,,,,, , , , , ,0.258,0.379,-105.793
,,,,,,,,,, , , , , ,0.247,0.374,-105.787
,,,,,,,,,, , , , , ,0.242,0.368,-105.787
,,,,,,,,,, , , , , ,0.231,0.363,-105.782
,,,,,,,,,, , , , , ,0.225,0.357,-105.782
,,,,,,,,,, , , , , ,0.214,0.352,-105.776
,,,,,,,,,, , , , , ,0.209,0.346,-105.776
,,,,,,,,,, , , , , ,0.203,0.341,-105.771
,,,,,,,,,, , , , , ,0.192,0.335,-105.771
,,,,,,,,,, , , , , ,0.187,0.33,-105.765
,,,,,,,,,, , , , , ,0.181,0.319,-105.765
,,,,,,,,,, , , , , ,0.176,0.313,-105.76
,,,,,,,,,, , , , , ,0.17,0.302,-105.76
,,,,,,,,,, , , , , ,0.165,0.286,-105.754
,,,,,,,,,, , , , , ,0.159,0.269,-105.749
,,,,,,,,,, , , , , ,0.154,0.253,-105.749
,,,,,,,,,, , , , , ,0.154,0.236,-105.743
,,,,,,,,,, , , , , ,0.148,0.22,-105.738
,,,,,,,,,, , , , , ,0.148,0.198,-105.732
,,,,,,,,,, , , , , ,0.143,0.181,-105.727
,,,,,,,,,, , , , , ,0.143,0.165,-105.727
,,,,,,,,,, , , , , ,0.137,0.143,-105.721
,,,,,,,,,, , , , , ,0.137,0.126,-105.716
,,,,,,,,,, , , , , ,0.132,0.11,-105.716
,,,,,,,,,, , , , , ,0.132,0.099,-105.71
,,,,,,,,,, , , , , ,0.126,0.082,-105.705
,,,,,,,,,, , , , , ,0.121,0.066,-105.705
,,,,,,,,,, , , , , ,0.115,0.055,-105.699
,,,,,,,,,, , , , , ,0.11,0.038,-105.694
,,,,,,,,,, , , , , ,0.099,0.027,-105.694
,,,,,,,,,, , , , , ,0.093,0.016,-105.688
,,,,,,,,,, , , , , ,0.088,0.005,-105.683
,,,,,,,,,, , , , , ,0.082,0,-105.683
,,,,,,,,,, , , , , ,0.077,-0.011,-105.677
,,,,,,,,,, , , , , ,0.066,-0.016,-105.677
,,,,,,,,,, , , , , ,0.06,-0.027,-105.672
,,,,,,,,,, , , , , ,0.055,-0.033,-105.672
,,,,,,,,,, , , , , ,0.049,-0.038,-105.667
,,,,,,,,,, , , , , ,0.044,-0.044,-105.667
,,,,,,,,,, , , , , ,0.038,-0.049,-105.667
,,,,,,,,,, , , , , ,0.033,-0.055,-105.661
,,,,,,,,,, , , , , ,0.033,-0.06,-105.661
,,,,,,,,,, , , , , ,0.027,-0.066,-105.661
,,,,,,,,,, , , , , ,0.027,-0.066,-105.661
,,,,,,,,,, , , , , ,0.022,-0.071,-105.661
,,,,,,,,,, , , , , ,0.022,-0.071,-105.661
,,,,,,,,,, , , , , ,0.022,-0.077,-105.661
,,,,,,,,,, , , , , ,0.022,-0.077,-105.661
,,,,,,,,,, , , , , ,0.016,-0.077,-105.661
,,,,,,,,,, , , , , ,0.016,-0.077,-105.661
,,,,,,,,,, , , , , ,0.016,-0.077,-105.661
,,,,,,,,,, , , , , ,0.016,-0.071,-105.661
,,,,,,,,,, , , , , ,0.016,-0.071,-105.661
,,,,,,,,,, , , , , ,0.016,-0.066,-105.667
,,,,,,,,,, , , , , ,0.016,-0.066,-105.667
,,,,,,,,,, , , , , ,0.011,-0.06,-105.667
,,,,,,,,,, , , , , ,0.011,-0.055,-105.672
,,,,,,,,,, , , , , ,0.016,-0.049,-105.672
,,,,,,,,,, , , , , ,0.016,-0.044,-105.677
,,,,,,,,,, , , , , ,0.016,-0.038,-105.677
,,,,,,,,,, , , , , ,0.016,-0.033,-105.677
,,,,,,,,,, , , , , ,0.016,-0.027,-105.683
,,,,,,,,,, , , , , ,0.016,-0.016,-105.683
,,,,,,,,,, , , , , ,0.016,-0.011,-105.688
,,,,,,,,,, , , , , ,0.016,-0.005,-105.688
,,,,,,,,,, , , , , ,0.022,0,-105.694
,,,,,,,,,, , , , , ,0.022,0.005,-105.699
,,,,,,,,,, , , , , ,0.022,0.011,-105.699
,,,,,,,,,, , , , , ,0.022,0.022,-105.705
,,,,,,,,,, , , , , ,0.022,0.027,-105.705
,,,,,,,,,, , , , , ,0.022,0.027,-105.705
,,,,,,,,,, , , , , ,0.005,0.011,-105.71
,,,,,,,,,, , , , , ,0.005,0.011,-105.71
,,,,,,,,,, , , , , ,0.005,0.011,-105.71
,,,,,,,,,, , , , , ,0.005,0.011,-105.71
,,,,,,,,,, , , , , ,0,0,-105.71
,,,,,,,,,, , , , , ,0,0,-105.71
,,,,,,,,,, , , , , ,0,0,-105.71
,,,,,,,,,, , , , , ,0,0,-105.71
,,,,,,,,,, , , , , ,-0.005,0,-105.71
,,,,,,,,,, , , , , ,-0.005,0,-105.71
,,,,,,,,,, , , , , ,-0.005,0,-105.71
,,,,,,,,,, , , , , ,-0.005,0,-105.71
,,,,,,,,,, , , , , ,-0.005,0,-105.71
,,,,,,,,,, , , , , ,-0.005,0,-105.71
,,,,,,,,,, , , , , ,-0.005,0,-105.71
,,,,,,,,,, , , , , ,-0.005,0,-105.71
,,,,,,,,,, , , , , ,-0.011,-0.005,-105.71
,,,,,,,,,, , , , , ,-0.011,-0.005,-105.71
,,,,,,,,,, , , , , ,-0.011,-0.005,-105.71
,,,,,,,,,, , , , , ,-0.011,-0.005,-105.71
,,,,,,,,,, , , , , ,-0.011,-0.005,-105.71
,,,,,,,,,, , , , , ,-0.011,-0.005,-105.71
,,,,,,,,,, , , , , ,-0.011,-0.005,-105.71
,,,,,,,,,, , , , , ,-0.011,-0.005,-105.71
,,,,,,,,,, , , , , ,-0.016,-0.005,-105.71
,,,,,,,,,, , , , , ,-0.016,-0.005,-105.71
,,,,,,,,,, , , , , ,-0.016,-0.005,-105.71
,,,,,,,,,, , , , , ,-0.016,-0.005,-105.71
,,,,,,,,,, , , , , ,-0.016,-0.011,-105.71
,,,,,,,,,, , , , , ,-0.016,-0.011,-105.71
,,,,,,,,,, , , , , ,-0.016,-0.011,-105.71
,,,,,,,,,, , , , , ,-0.016,-0.011,-105.71
,,,,,,,,,, , , , , ,-0.016,-0.011,-105.71
,,,,,,,,,, , , , , ,-0.016,-0.011,-105.71
,,,,,,,,,, , , , , ,-0.016,-0.011,-105.71
,,,,,,,,,, , , , , ,-0.016,-0.011,-105.71
,,,,,,,,,, , , , , ,-0.022,-0.011,-105.71
,,,,,,,,,, , , , , ,-0.022,-0.011,-105.71
,,,,,,,,,, , , , , ,-0.022,-0.011,-105.71
,,,,,,,,,, , , , , ,-0.022,-0.011,-105.71
,,,,,,,,,, , , , , ,-0.022,-0.011,-105.71
,,,,,,,,,, , , , , ,-0.022,-0.011,-105.71
,,,,,,,,,, , , , , ,-0.022,-0.011,-105.71
,,,,,,,,,, , , , , ,-0.022,-0.011,-105.71
,,,,,,,,,, , , , , ,-0.022,-0.011,-105.71
,,,,,,,,,, , , , , ,-0.022,-0.011,-105.71
,,,,,,,,,, , , , , ,-0.022,-0.011,-105.71
,,,,,,,,,, , , , , ,-0.022,-0.011,-105.71
,,,,,,,,,, , , , , ,-0.022,-0.011,-105.71
,,,,,,,,,, , , , , ,-0.022,-0.011,-105.71
,,,,,,,,,, , , , , ,-0.022,-0.011,-105.71
,,,,,,,,,, , , , , ,-0.022,-0.011,-105.71
,,,,,,,,,, , , , , ,-0.022,-0.011,-105.71
,,,,,,,,,, , , , , ,-0.022,-0.011,-105.71
,,,,,,,,,, , , , , ,-0.022,-0.011,-105.71
,,,,,,,,,, , , , , ,-0.022,-0.011,-105.71
,,,,,,,,,, , , , , ,-0.022,-0.011,-105.71
,,,,,,,,,, , , , , ,-0.022,-0.011,-105.71
,,,,,,,,,, , , , , ,-0.022,-0.011,-105.71
,,,,,,,,,, , , , , ,-0.022,-0.011,-105.71
,,,,,,,,,, , , , , ,-0.027,-0.011,-105.71
,,,,,,,,,, , , , , ,-0.027,-0.011,-105.71
,,,,,,,,,, , , , , ,-0.027,-0.011,-105.71
,,,,,,,,,, , , , , ,-0.027,-0.011,-105.71
,,,,,,,,,, , , , , ,-0.027,-0.011,-105.71
,,,,,,,,,, , , , , ,-0.027,-0.011,-105.71
,,,,,,,,,, , , , , ,-0.027,-0.011,-105.71
