Time,Device name,Chip Time(),Acceleration X(g),Acceleration Y(g),Acceleration Z(g),Angular velocity X(°/s),Angular velocity Y(°/s),Angular velocity Z(°/s),Angle X(°),Angle Y(°),Angle Z(°)
 14:55:47.444,eb:33:2e:f9:57:b5, 2085-97-216 13:107:241:2976,2.149,-2.267,1.949,-490.479,256.348,-265.076,71.906,24.527,-84.194
 14:55:47.444,eb:33:2e:f9:57:b5, 2085-97-157 19:35:247:723,2.792,-1.435,0.893,-599.426,343.628,-346.741,67.275,28.526,-82.123
 14:55:47.444,eb:33:2e:f9:57:b5, 2085-97-196 24:96:251:-301,3.254,-0.816,0.015,-667.358,300.659,-431.519,61.617,33.492,-80.651
 14:55:47.444,eb:33:2e:f9:57:b5, 2085-97-72 26:62:253:-479,3.114,-0.444,-0.209,-681.335,185.242,-492.371,54.443,38.727,-81.205
 14:55:47.475,eb:33:2e:f9:57:b5, 2085-97-13 25:122:252:-381,2.75,-0.352,-0.369,-613.647,10.681,-505.249,45.758,43.193,-84.49
 14:55:47.475,eb:33:2e:f9:57:b5, 2085-97-51 19:64:248:-581,1.924,-0.716,-0.339,-516.907,-165.833,-445.923,36.019,45.681,-90.357
 14:55:47.475,eb:33:2e:f9:57:b5, 2085-97-15 13:194:246:-028,1.61,-1.146,-0.292,-438.293,-340.515,-304.749,26.647,45.412,-96.839
 14:55:47.475,eb:33:2e:f9:57:b5, 2085-97-176 11:73:252:1504,1.068,-0.942,0.518,-378.357,-498.962,-123.291,19.138,42.215,-101.794
 14:55:47.475,eb:33:2e:f9:57:b5, 2085-97-255 06:114:08:2683,0.518,0.284,0.69,-312.195,-648.865,30.457,14.057,36.821,-104.299
 14:55:47.475,eb:33:2e:f9:57:b5, 2085-97-157 255:125:23:5525,-0.713,1.937,1.998,-230.103,-773.926,123.352,10.893,29.553,-105.172
 14:55:47.475,eb:33:2e:f9:57:b5, 2085-97-76 245:217:40:9054,-1.864,4.069,3.499,-174.194,-801.758,150.269,8.948,21.412,-105.112
 14:55:47.476,eb:33:2e:f9:57:b5, 2085-97-110 238:248:54:9747,-2.282,6.014,4.936,-145.813,-622.498,96.191,7.427,14.073,-104.897
 14:55:47.480,eb:33:2e:f9:57:b5, 2085-97-09 237:127:67:6880,-2.562,7.687,4.168,-149.536,-333.008,-9.155,5.949,9.421,-105.029
 14:55:47.480,eb:33:2e:f9:57:b5, 2085-97-225 233:173:77:3359,-3.109,9.23,2.355,-112.732,-156.921,-158.447,4.389,7.262,-106.122
 14:55:47.480,eb:33:2e:f9:57:b5, 2085-97-137 226:186:72:2975,-4.394,9.699,1.359,-0.488,-170.959,-263.062,3.576,5.856,-108.452
 14:55:47.480,eb:33:2e:f9:57:b5, 2085-97-32 216:173:57:3501,-5.23,8.181,1.629,120.3,-176.697,-266.418,3.994,4.208,-111.324
 14:55:47.480,eb:33:2e:f9:57:b5, 2085-97-101 215:40:46:2986,-4.545,6.358,1.658,223.938,-89.172,-172.241,5.63,3.038,-113.632
 14:55:47.480,eb:33:2e:f9:57:b5, 2085-97-250 224:18:40:1534,-3.214,5.381,1.166,332.336,11.719,-66.65,8.394,2.862,-114.769
 14:55:47.480,eb:33:2e:f9:57:b5, 2085-97-155 234:126:29:-1113,-2.3,4.467,0.143,446.472,54.504,-17.761,12.354,3.329,-115.038
 14:55:47.481,eb:33:2e:f9:57:b5, 2085-97-227 239:149:14:-4103,-1.123,2.757,-1.284,499.939,31.86,-15.32,17.172,3.801,-115.06
 14:55:47.483,eb:33:2e:f9:57:b5, 2085-97-232 20:58:217:-13791,0.062,2.597,-4.252,401.428,-39.429,-183.533,21.907,3.928,-115.488
 14:55:47.483,eb:33:2e:f9:57:b5, 2085-97-85 254:58:209:12057,-1.125,-1.084,6.237,439.758,271.362,-183.594,73.499,26.779,-108.671
 14:55:47.483,eb:33:2e:f9:57:b5, 2085-97-132 04:71:207:14891,3.354,-8.621,6.586,-6.165,843.933,331.421,78.157,27.543,-102.338
 14:55:47.483,eb:33:2e:f9:57:b5, 2085-97-17 38:222:242:7621,4.663,-2.434,3.271,-56.641,891.357,501.404,83.128,24.346,-90.758
 14:55:47.564,eb:33:2e:f9:57:b5, 2085-97-96 34:115:255:2672,4.414,-0.988,2.65,-100.098,513.428,501.831,85.078,19.863,-82.623
 14:55:47.564,eb:33:2e:f9:57:b5, 2085-97-142 28:96:05:1718,2.506,0.814,1.143,35.767,-12.268,294.067,85.616,16.013,-80.074
 14:55:47.564,eb:33:2e:f9:57:b5, 2085-97-67 12:179:244:4437,0.603,-0.245,1.103,77.209,-354.065,18.677,85.765,14.464,-82.227
 14:55:47.564,eb:33:2e:f9:57:b5, 2085-97-243 252:169:231:8305,-0.854,-2.324,3.165,-0.977,-453.735,-139.648,85.018,14.914,-86.671
 14:55:47.804,eb:33:2e:f9:57:b5, 2085-97-91 247:208:225:10038,-1.068,-3.401,4.566,-150.696,-388.184,-196.655,82.941,16.243,-91.307
 14:55:47.804,eb:33:2e:f9:57:b5, 2085-97-89 248:233:220:9904,-0.698,-4.16,5.044,-293.518,-196.472,-178.101,79.618,17.693,-94.614
 14:55:47.804,eb:33:2e:f9:57:b5, 2085-97-40 254:164:225:6832,0.27,-4.26,4.161,-418.091,54.077,-126.953,75.701,19.05,-95.543
 14:55:47.804,eb:33:2e:f9:57:b5, 2085-97-218 05:213:235:3475,1.206,-3.173,2.396,-528.442,228.516,-103.76,71.274,20.566,-94.241
 14:55:48.045,eb:33:2e:f9:57:b5, 2085-97-68 12:144:243:1611,1.695,-2.005,1.227,-600.159,262.878,-134.277,66.335,22.588,-92.137
 14:55:48.045,eb:33:2e:f9:57:b5, 2085-97-95 14:150:248:560,1.861,-1.176,0.406,-636.169,205.139,-183.105,60.656,25.065,-90.615
 14:55:48.045,eb:33:2e:f9:57:b5, 2085-97-241 14:247:249:938,1.82,-0.812,0.321,-638.306,100.22,-228.21,54.316,27.62,-90.461
 14:55:48.045,eb:33:2e:f9:57:b5, 2085-97-242 13:240:249:1777,1.569,-0.732,0.673,-615.417,-24.658,-256.042,47.258,29.696,-91.978
 14:55:48.074,eb:33:2e:f9:57:b5, 2085-113-81 00:248:69:13292,1.292,-0.848,0.923,-595.276,-151.672,-256.042,39.76,30.795,-94.883
 14:55:48.074,eb:33:2e:f9:57:b5, 2085-97-52 07:177:245:2033,0.48,-1.037,0.938,-595.581,-216.37,-238.77,35.854,30.8,-96.696
 14:55:48.074,eb:33:2e:f9:57:b5, 2085-97-215 00:86:242:3265,-0.092,-1.542,1.203,-617.737,-314.819,-155.396,27.894,29.493,-100.349
 14:55:48.074,eb:33:2e:f9:57:b5, 2085-97-145 255:168:244:5984,0.108,-1.698,2.229,-622.742,-365.051,-19.47,20.479,26.669,-102.816
 14:55:48.077,eb:33:2e:f9:57:b5, 2085-97-27 02:32:01:6000,0.432,-0.719,3.189,-580.688,-346.313,108.154,14.123,23.077,-103.431
 14:55:48.077,eb:33:2e:f9:57:b5, 2085-97-235 03:32:15:4913,0.419,1.027,2.622,-515.991,-356.75,166.626,8.943,19.374,-102.634
 14:55:48.077,eb:33:2e:f9:57:b5, 2085-97-229 01:48:28:5424,-0.052,2.763,2.408,-423.401,-431.702,165.527,4.587,15.244,-101.365
 14:55:48.078,eb:33:2e:f9:57:b5, 2085-97-217 251:103:37:7736,-1.071,4.095,3.311,-337.952,-484.68,130.127,1.137,10.464,-100.096
 14:55:48.106,eb:33:2e:f9:57:b5, 2085-97-39 243:211:46:7159,-1.956,5.279,3.745,-313.293,-434.509,97.656,-1.956,5.828,-98.948
 14:55:48.106,eb:33:2e:f9:57:b5, 2085-97-158 02:203:00:3090,0.377,6.492,3.376,-326.965,-346.13,72.205,-5.076,1.978,-97.872
 14:55:48.106,eb:33:2e:f9:57:b5, 2085-97-148 04:63:01:4462,-0.197,0.165,1.575,44.312,34.058,21.24,2.719,4.592,-111.028
 14:55:48.106,eb:33:2e:f9:57:b5, 2085-97-11 251:180:250:7183,-0.75,-0.371,3.033,136.597,72.388,21.423,3.582,5.142,-110.797
 14:55:48.106,eb:33:2e:f9:57:b5, 2085-97-61 249:35:249:7324,-0.714,-0.934,3.783,240.54,82.458,40.039,5.57,5.883,-110.484
 14:55:48.106,eb:33:2e:f9:57:b5, 2085-97-204 00:06:225:9416,0.314,-1.061,3.913,338.318,25.452,74.28,8.569,6.306,-109.863
 14:55:48.106,eb:33:2e:f9:57:b5, 2085-97-20 03:190:226:6745,0.452,-3.814,4.027,-244.507,-5.92,-162.72,82.842,29.625,-82.441
 14:55:48.107,eb:33:2e:f9:57:b5, 2085-97-153 04:66:229:4047,0.818,-3.486,2.581,-324.585,49.5,-139.16,80.008,31.141,-82.354
 14:55:48.134,eb:33:2e:f9:57:b5, 2085-97-22 09:105:233:2381,1.456,-3.078,1.501,-412.109,55.054,-130.127,76.344,32.536,-82.079
 14:55:48.134,eb:33:2e:f9:57:b5, 2085-97-24 13:119:237:1134,1.671,-2.57,0.882,-498.535,40.344,-141.052,71.807,33.964,-81.958
 14:55:48.134,eb:33:2e:f9:57:b5, 2085-97-213 12:241:241:248,1.596,-2.044,0.265,-581.36,-9.094,-158.875,65.967,35.414,-82.491
 14:55:48.134,eb:33:2e:f9:57:b5, 2085-97-100 12:06:246:1509,1.464,-1.472,0.381,-638.489,-99.67,-177.551,58.865,36.634,-84.095
 14:55:48.163,eb:33:2e:f9:57:b5, 2085-97-217 10:94:247:2843,1.229,-1.121,1.062,-646.729,-195.19,-187.256,50.532,37.233,-87.045
 14:55:48.163,eb:33:2e:f9:57:b5, 2085-97-62 08:145:247:3819,0.811,-1.031,1.648,-618.713,-280.823,-177.246,41.918,36.87,-90.829
 14:55:48.163,eb:33:2e:f9:57:b5, 2085-97-76 04:189:244:4878,0.23,-1.198,2.146,-592.59,-350.037,-140.869,33.409,35.25,-94.9
 14:55:48.163,eb:33:2e:f9:57:b5, 2085-97-233 255:152:243:5538,-0.088,-1.566,2.53,-593.506,-367.554,-68.359,25.675,32.607,-98.146
 14:55:48.435,eb:33:2e:f9:57:b5, 2085-97-76 00:222:249:6267,0.2,-1.273,2.923,-594.788,-353.943,22.095,18.671,29.29,-99.987
 14:55:48.435,eb:33:2e:f9:57:b5, 2085-97-107 02:168:04:5212,0.351,-0.088,2.883,-565.308,-357.178,85.876,12.667,25.741,-100.393
 14:55:48.435,eb:33:2e:f9:57:b5, 2085-97-104 02:61:12:4590,0.176,1.133,2.314,-516.418,-420.227,105.103,7.295,21.703,-100.102
 14:55:48.435,eb:33:2e:f9:57:b5, 2085-97-11 00:80:16:5365,-0.242,1.813,2.349,-468.018,-516.785,102.112,2.637,16.886,-99.421
 14:55:48.435,eb:33:2e:f9:57:b5, 2085-113-81 00:83:83:2117,-0.632,2.274,2.998,-459.717,-554.993,103.577,-1.813,11.354,-98.448
 14:55:48.673,eb:33:2e:f9:57:b5, 2085-97-245 246:156:25:7823,-1.77,2.646,3.343,-470.764,-540.039,111.328,-4.026,8.652,-97.756
 14:55:48.673,eb:33:2e:f9:57:b5, 2085-97-108 238:211:42:9077,-2.441,4.196,4.354,-475.586,-446.96,131.836,-8.718,3.774,-95.988
 14:55:48.673,eb:33:2e:f9:57:b5, 2085-97-248 236:49:64:8429,-2.352,6.707,4.244,-405.457,-325.012,127.747,-13.101,0.319,-93.972
 14:55:48.673,eb:33:2e:f9:57:b5, 2085-97-32 235:114:77:8298,-2.921,9.067,4.058,-267.151,-267.456,73.975,-16.54,-2.214,-92.252
 14:55:48.675,eb:33:2e:f9:57:b5, 2085-97-109 231:64:80:8416,-3.101,9.906,4.109,-114.319,-263.916,7.141,-18.419,-4.658,-91.104
 14:55:48.675,eb:33:2e:f9:57:b5, 2085-97-184 231:171:82:8532,-2.89,10.136,4.207,-38.574,-219.238,-43.762,-19.188,-7.075,-90.505
 14:55:48.675,eb:33:2e:f9:57:b5, 2085-97-66 234:113:84:7741,-2.614,10.528,3.997,4.15,-128.54,-94.421,-19.352,-8.915,-90.621
 14:55:48.675,eb:33:2e:f9:57:b5, 2085-97-150 234:69:77:7055,-2.854,10.284,3.644,118.713,-67.078,-134.033,-18.644,-10.179,-91.45
 14:55:48.675,eb:33:2e:f9:57:b5, 2085-97-26 232:146:59:6291,-2.987,8.663,3.254,270.386,-44.922,-139.404,-16.386,-11.14,-92.648
 14:55:48.675,eb:33:2e:f9:57:b5, 2085-97-239 233:120:40:4980,2.265,6.208,2.782,372.986,32.837,-102.112,-12.854,-11.536,-93.818
 14:55:48.676,eb:33:2e:f9:57:b5, 2085-97-174 00:245:44:-2200,0.555,6.574,7.849,713.44,-103.333,-227.234,-7.921,-11.678,-95.032
 14:55:48.676,eb:33:2e:f9:57:b5, 2085-97-237 16:173:28:8965,5.679,6.99,-0.534,335.571,527.222,-558.289,-0.467,-7.8,-98.569
 14:55:48.678,eb:33:2e:f9:57:b5, 2085-97-255 225:251:231:-9460,2.56,2.31,6.102,-71.106,750.366,-143.127,0.077,-2.098,-101.025
 14:55:48.678,eb:33:2e:f9:57:b5, 2085-97-87 14:76:235:12841,1.095,-2.46,5.602,961.914,369.995,-10.071,35.343,11.426,-92.642
 14:55:48.678,eb:33:2e:f9:57:b5, 2085-97-188 07:07:254:16745,1.021,-1.377,6.833,1037.231,440.125,-7.507,46.055,14.733,-89.813
 14:55:48.678,eb:33:2e:f9:57:b5, 2085-97-186 11:199:244:18339,0.145,0.376,9.2,1156.006,172.607,-136.475,57.59,17.166,-87.665
 14:55:48.681,eb:33:2e:f9:57:b5, 2085-97-05 254:179:15:3756,0.637,-1.186,4.851,1000.793,134.094,-75.623,68.802,18.935,-86.819
 14:55:48.681,eb:33:2e:f9:57:b5, 2085-97-193 16:69:245:1389,1.03,2.982,1.571,662.781,-39.673,-184.021,76.97,20.094,-87.006
 14:55:48.681,eb:33:2e:f9:57:b5, 2085-97-61 253:53:231:4149,-0.048,-3.512,0.043,159.241,204.163,-170.654,80.832,22.231,-86.638
 14:55:48.681,eb:33:2e:f9:57:b5, 2085-97-176 04:31:01:6278,0.724,-0.74,0.017,-21.729,322.876,-110.657,82.749,23.774,-83.265
 14:55:48.855,eb:33:2e:f9:57:b5, 2085-97-81 05:47:09:16610,1.107,0.821,5.905,-119.751,264.282,-93.689,82.892,25.197,-80.211
 14:55:48.855,eb:33:2e:f9:57:b5, 2085-97-212 06:19:237:5986,0.633,-2.336,2.346,-606.995,-505.188,-54.016,36.59,32.668,-92.214
 14:55:48.855,eb:33:2e:f9:57:b5, 2085-97-172 03:128:238:7877,0.358,-2.326,3.447,-627.441,-495.056,-8.301,28.625,28.581,-95.685
 14:55:48.855,eb:33:2e:f9:57:b5, 2085-97-157 02:241:244:8005,0.389,-1.862,4.011,-628.845,-434.753,39.062,21.286,24.236,-97.74
 14:55:48.857,eb:33:2e:f9:57:b5, 2085-97-71 03:14:253:7267,0.375,-0.853,3.702,-601.501,-414.734,61.768,14.804,20.089,-98.602
 14:55:48.857,eb:33:2e:f9:57:b5, 2085-97-225 01:115:02:7687,0.026,0.07,3.612,-550.537,-435.974,56.335,8.822,15.727,-98.926
 14:55:48.857,eb:33:2e:f9:57:b5, 2085-97-85 254:148:05:8078,-0.417,0.484,3.877,-511.597,-455.322,44.189,3.549,11.223,-98.937
 14:55:48.857,eb:33:2e:f9:57:b5, 2085-97-214 250:11:13:8887,-0.88,1.063,4.066,-501.709,-459.595,50.781,-1.566,6.548,-98.569
 14:55:48.883,eb:33:2e:f9:57:b5, 2085-97-67 247:250:27:10732,-1.335,2.428,4.847,-486.267,-464.966,78.186,-6.465,1.978,-97.608
 14:55:48.883,eb:33:2e:f9:57:b5, 2085-97-203 243:08:45:10283,-1.707,4.634,5.217,-413.025,-478.271,102.6,-11.102,-2.593,-95.966
 14:55:48.883,eb:33:2e:f9:57:b5, 2085-97-44 239:110:61:11687,-2.661,6.613,5.179,-348.999,-501.038,122.009,-15.018,-7.141,-93.746
 14:55:48.883,eb:33:2e:f9:57:b5, 2085-97-104 229:219:77:14014,-3.765,8.727,6.396,-330.078,-460.632,134.644,-18.962,-11.486,-91.016
 14:55:48.886,eb:33:2e:f9:57:b5, 2085-97-224 224:166:94:12515,-3.762,10.825,6.729,-241.821,-319.641,112.244,-22.462,-14.661,-88.412
 14:55:48.886,eb:33:2e:f9:57:b5, 2085-97-03 227:130:100:9215,-3.48,12.47,5.277,-81.482,-184.937,39.551,-24.549,-16.628,-86.649
 14:55:48.886,eb:33:2e:f9:57:b5, 2085-97-139 228:83:87:6186,-3.435,11.998,3.811,50.781,-58.594,-63.843,-24.692,-17.748,-86.32
 14:55:48.886,eb:33:2e:f9:57:b5, 2085-97-44 228:226:70:4512,-3.507,9.745,2.452,122.314,41.382,-128.296,-23.478,-18.21,-87.314
 14:55:48.913,eb:33:2e:f9:57:b5, 2085-97-121 05:125:69:16974,-1.249,7.889,2.088,179.199,92.834,-149.292,-21.434,-18.073,-89
 14:55:48.913,eb:33:2e:f9:57:b5, 2085-97-44 18:56:21:3790,-2.819,9.923,-0.92,952.881,582.092,-382.019,-14.189,-15.496,-91.868
 14:55:48.913,eb:33:2e:f9:57:b5, 2085-97-156 249:181:23:9132,2.28,4.95,1.792,731.873,743.713,-396.24,-4.235,-7.009,-96.24
 14:55:48.913,eb:33:2e:f9:57:b5, 2085-97-201 241:152:251:3211,-1.318,4.9,4.291,130.981,118.408,-10.742,0.165,-5.213,-98.536
 14:55:49.003,eb:33:2e:f9:57:b5, 2085-97-70 03:95:250:2615,-2.549,-2.819,0.018,140.32,-199.097,109.07,1.577,-6.07,-98.619
 14:55:49.003,eb:33:2e:f9:57:b5, 2085-97-238 09:102:10:2197,-0.982,0.555,-1.803,75.989,-197.998,108.948,2.285,-6.916,-97.218
 14:55:49.003,eb:33:2e:f9:57:b5, 2085-97-25 08:176:04:3831,0.524,0.328,-0.652,24.048,-66.223,4.578,2.626,-7.328,-96.91
 14:55:49.003,eb:33:2e:f9:57:b5, 2085-97-02 01:11:254:3270,-0.523,0.315,1.223,17.212,42.664,-54.626,2.818,-7.284,-97.229
 14:55:49.005,eb:33:2e:f9:57:b5, 2085-97-112 02:157:00:2719,0.277,-0.17,0.667,36.621,8.606,-20.752,3.186,-6.839,-97.625
 14:55:49.005,eb:33:2e:f9:57:b5, 2085-97-179 252:249:254:1202,0.316,0.149,1.243,21.301,76.355,-13.916,3.516,-6.438,-97.762
 14:55:49.005,eb:33:2e:f9:57:b5, 2085-97-57 07:178:01:4411,0.884,0.117,1.403,29.114,39.551,-11.353,3.752,-5.999,-97.833
 14:55:49.006,eb:33:2e:f9:57:b5, 2085-97-38 07:134:03:4510,-0.474,0.32,1.988,28.015,169.373,-19.531,4.07,-4.823,-97.905
 14:55:49.008,eb:33:2e:f9:57:b5, 2085-97-229 250:76:246:13974,-0.063,-0.351,4.341,123.84,186.707,-53.345,4.702,-2.928,-98.185
 14:55:49.008,eb:33:2e:f9:57:b5, 2085-97-244 253:181:246:9317,-0.158,-1.293,6.353,304.077,328.003,21.973,7.015,-0.319,-98.152
 14:55:49.008,eb:33:2e:f9:57:b5, 2085-97-81 255:73:240:12478,0.564,-1.498,4.878,428.833,267.639,67.688,10.778,2.488,-97.234
 14:55:49.008,eb:33:2e:f9:57:b5, 2085-97-226 04:97:241:9209,1.629,-2.042,5.401,557.8,317.505,134.766,15.875,5.12,-95.438
 14:55:49.064,eb:33:2e:f9:57:b5, 2085-97-62 14:58:233:11723,1.94,-2.208,5.326,740.845,234.375,65.125,22.665,7.245,-93.741
 14:55:49.064,eb:33:2e:f9:57:b5, 2085-97-184 12:23:230:12018,1.303,-3.663,6.36,937.927,377.869,45.776,31.415,9.613,-91.961
 14:55:49.064,eb:33:2e:f9:57:b5, 2085-97-186 05:196:00:15981,0.27,-2.284,6.358,1068.542,455.75,63.782,42.193,12.81,-88.808
 14:55:49.064,eb:33:2e:f9:57:b5, 2085-97-79 02:96:249:20624,-0.433,0.972,9.702,1186.768,127.747,-93.384,53.998,14.804,-86.66
 14:55:49.066,eb:33:2e:f9:57:b5, 2085-97-23 249:77:07:7987,0.135,-0.992,7.022,1012.817,173.767,-90.088,65.369,16.359,-86.177
 14:55:49.066,eb:33:2e:f9:57:b5, 2085-97-76 16:92:248:2371,2.982,1.589,2.642,645.569,183.044,-118.469,73.949,17.858,-84.727
 14:55:49.066,eb:33:2e:f9:57:b5, 2085-97-132 18:75:243:3886,2.291,-1.546,-0.424,177.612,324.585,-212.341,78.42,20.012,-82.573
 14:55:49.066,eb:33:2e:f9:57:b5, 2085-97-253 19:116:11:3436,2.161,-0.38,1.612,20.508,487.854,-251.77,80.788,23.038,-78.278
 14:55:49.123,eb:33:2e:f9:57:b5, 2085-97-201 13:27:16:9515,1.29,1.922,3.47,-82.336,213.44,-323.12,81.568,26.592,-74.861
 14:55:49.123,eb:33:2e:f9:57:b5, 2085-97-107 07:245:252:14332,0.896,1.048,6.079,-0.366,2.075,-359.314,81.189,30.108,-74.652
 14:55:49.123,eb:33:2e:f9:57:b5, 2085-97-82 08:202:233:15683,1.114,-1.811,7.694,58.594,80.139,-334.9,81.365,33.618,-75.059
 14:55:49.123,eb:33:2e:f9:57:b5, 2085-97-129 10:224:228:11057,1.455,-3.207,6.696,51.086,271.057,-251.892,82.925,36.733,-73.224
 14:55:49.184,eb:33:2e:f9:57:b5, 2085-97-29 12:148:228:5198,1.603,-3.562,3.959,-3.54,296.265,-155.884,85.309,39.018,-69.736
 14:55:49.184,eb:33:2e:f9:57:b5, 2085-97-238 13:202:232:3578,1.834,-3.163,1.764,-57.739,156.311,-86.182,86.627,40.287,-66.962
 14:55:49.184,eb:33:2e:f9:57:b5, 2085-97-12 14:175:234:6025,1.544,-2.743,2.249,-96.741,5.859,-62.927,86.364,41.028,-66.138
 14:55:49.184,eb:33:2e:f9:57:b5, 2085-97-194 10:201:234:7434,1.24,-2.674,3.462,-116.028,-62.744,-60.486,84.727,41.589,-66.808
 14:55:49.186,eb:33:2e:f9:57:b5, 2085-97-49 08:247:233:6510,0.883,-2.637,3.563,-140.259,-77.087,-59.814,82.733,42.111,-67.896
 14:55:49.186,eb:33:2e:f9:57:b5, 2085-97-238 06:158:231:5114,0.779,-2.92,2.8,-183.167,-104.98,-49.5,80.035,42.506,-69.329
 14:55:49.186,eb:33:2e:f9:57:b5, 2085-97-75 08:141:230:3838,1.037,-3.215,1.846,-255.432,-128.906,-24.109,76.712,42.616,-70.994
 14:55:49.186,eb:33:2e:f9:57:b5, 2085-97-169 09:27:234:2492,1.371,-2.993,1.461,-360.229,-119.507,12.207,72.361,42.319,-72.653
 14:55:49.244,eb:33:2e:f9:57:b5, 2085-97-231 12:27:239:1967,1.803,-2.422,0.975,-484.375,-115.906,36.072,67.192,41.671,-73.998
 14:55:49.244,eb:33:2e:f9:57:b5, 2085-113-58 00:09:232:-9330,2.013,-1.715,1.073,-583.679,-148.865,34.973,60.683,40.732,-75.46
 14:55:49.244,eb:33:2e:f9:57:b5, 2085-97-107 16:185:248:3158,2.007,-1.299,1.375,-616.76,-174.988,26.306,57.129,40.177,-76.284
 14:55:49.244,eb:33:2e:f9:57:b5, 2085-97-244 15:138:252:3938,1.982,-0.62,1.667,-649.109,-251.221,-1.343,49.395,38.804,-78.42
 14:55:49.305,eb:33:2e:f9:57:b5, 2085-97-145 15:125:253:5663,1.834,-0.331,2.298,-647.827,-339.478,-30.273,40.957,36.749,-81.392
 14:55:49.305,eb:33:2e:f9:57:b5, 2085-97-111 13:187:252:7465,1.487,-0.349,3.211,-645.508,-396.79,-48.035,32.673,33.992,-84.567
 14:55:49.305,eb:33:2e:f9:57:b5, 2085-97-70 11:36:254:8164,1.426,-0.373,3.954,-658.997,-397.095,-50.842,24.478,30.635,-87.468
 14:55:49.305,eb:33:2e:f9:57:b5, 2085-97-58 10:177:02:6978,0.965,0.031,3.87,-667.542,-392.944,-47.974,16.809,27.142,-89.588
 14:55:49.424,eb:33:2e:f9:57:b5, 2085-97-49 07:186:08:6178,0.764,0.787,2.837,-644.226,-469.421,-41.382,9.399,23.027,-91.159
 14:55:49.424,eb:33:2e:f9:57:b5, 2085-97-227 03:63:12:8365,0.137,1.369,3.485,-581.421,-584.167,-26.611,2.944,17.743,-92.131
 14:55:49.424,eb:33:2e:f9:57:b5, 2085-97-71 254:102:14:9440,-0.534,1.636,4.485,-519.531,-614.624,-6.531,-2.708,11.541,-92.335
 14:55:49.424,eb:33:2e:f9:57:b5, 2085-97-64 249:141:19:9271,-1.163,2.079,4.574,-490.295,-579.102,12.634,-7.63,5.598,-91.758
 14:55:49.426,eb:33:2e:f9:57:b5, 2085-97-70 244:69:28:9231,-1.8,2.903,4.48,-483.459,-544.25,24.475,-12.579,0.038,-90.588
 14:55:49.426,eb:33:2e:f9:57:b5, 2085-97-44 238:05:45:10106,-2.741,4.447,4.669,-471.375,-546.814,38.94,-17.441,-5.12,-88.879
 14:55:49.426,eb:33:2e:f9:57:b5, 2085-97-235 229:232:69:11155,-3.633,7.051,5.177,-413.391,-545.41,46.997,-22.357,-10.217,-86.539
 14:55:49.426,eb:33:2e:f9:57:b5, 2085-97-138 224:111:90:13413,-4.409,10.417,5.979,-235.901,-530.518,19.775,-26.164,-14.958,-83.93
 14:55:49.428,eb:33:2e:f9:57:b5, 2085-97-96 216:63:89:14665,-5.313,11.265,7.028,-74.768,-454.407,-43.274,-28.323,-19.539,-81.639
 14:55:49.428,eb:33:2e:f9:57:b5, 2085-97-45 214:136:89:12262,-4.83,11.182,6.653,-22.644,-217.712,-88.013,-29.086,-22.753,-80.585
 14:55:49.428,eb:33:2e:f9:57:b5, 2085-97-94 221:106:85:9848,-3.821,11.112,5.329,-10.803,3.113,-149.109,-29.064,-24.153,-81.238
 14:55:49.428,eb:33:2e:f9:57:b5, 2085-97-40 228:105:70:7663,-3.364,9.88,4.436,89.661,111.023,-223.267,-27.784,-24.445,-83.463
 14:55:49.430,eb:33:2e:f9:57:b5, 2085-97-48 229:241:46:6131,-3.272,7.435,3.384,230.591,130.066,-244.812,-24.895,-24.434,-86.457
 14:55:49.430,eb:33:2e:f9:57:b5, 2085-97-243 231:234:18:4594,1.174,4.126,2.574,356.995,114.685,-183.594,-20.726,-24.142,-89.193
 14:55:49.430,eb:33:2e:f9:57:b5, 2085-97-25 04:45:09:1719,2.9,0.276,5.572,665.039,-174.438,-305.847,-15.491,-24.329,-91.252
 14:55:49.430,eb:33:2e:f9:57:b5, 2085-97-143 53:129:37:15173,6.734,-0.31,5.759,685.059,984.985,-120.056,-6.257,-20.127,-93.054
 14:55:49.484,eb:33:2e:f9:57:b5, 2085-97-99 215:84:250:-11750,-5.393,3.559,5.047,22.095,1117.798,-33.264,-3.257,-10.844,-96.053
 14:55:49.484,eb:33:2e:f9:57:b5, 2085-97-242 235:188:243:-1153,-3.462,-1.365,-2.475,202.393,53.223,-53.589,-2.291,-5.57,-96.119
 14:55:49.484,eb:33:2e:f9:57:b5, 2085-97-214 233:137:252:-4653,1.558,0.581,-2.64,40.71,-72.083,112.305,-0.983,-5.999,-95.565
 14:55:49.484,eb:33:2e:f9:57:b5, 2085-97-31 22:165:06:7430,-0.018,0.837,2.145,22.644,-223.816,54.688,-0.813,-8.663,-94.68
 14:55:49.544,eb:33:2e:f9:57:b5, 2085-97-217 09:109:02:5588,0.75,0.226,0.644,27.283,-8.179,-19.165,-0.626,-8.652,-94.675
 14:55:49.544,eb:33:2e:f9:57:b5, 2085-97-212 254:88:253:2611,-1.464,0.341,1.676,41.26,189.697,-55.115,-0.154,-7.603,-95.136
 14:55:49.544,eb:33:2e:f9:57:b5, 2085-97-122 246:210:254:-279,0.005,-0.55,-0.084,28.687,121.46,24.597,0.28,-5.801,-95.334
 14:55:49.544,eb:33:2e:f9:57:b5, 2085-97-205 06:203:02:4750,-1.008,-0.131,1.744,17.09,45.105,59.57,0.434,-5.378,-94.938
 14:55:49.633,eb:33:2e:f9:57:b5, 2085-97-81 248:49:241:16289,-0.462,-0.818,5.174,161.926,4.089,24.109,1.126,-5.032,-94.493
 14:55:49.633,eb:33:2e:f9:57:b5, 2085-97-107 255:171:246:9593,-0.167,-1.468,6.197,345.337,162.903,115.295,3.785,-3.939,-93.708
 14:55:49.633,eb:33:2e:f9:57:b5, 2085-97-97 254:193:239:11582,0.316,-1.538,5.011,485.168,108.276,101.99,7.927,-2.73,-92.488
 14:55:49.633,eb:33:2e:f9:57:b5, 2085-97-212 08:101:237:11334,1.684,-2.269,5.762,636.23,138.55,108.398,13.552,-1.725,-91.214
 14:55:49.637,eb:33:2e:f9:57:b5, 2085-97-176 16:98:230:13135,2.267,-2.572,5.453,808.594,153.748,62.256,20.797,-0.56,-89.94
 14:55:49.637,eb:33:2e:f9:57:b5, 2085-97-115 15:21:233:14782,1.916,-3.437,7.087,1028.87,299.622,12.695,30.108,1.28,-88.726
 14:55:49.637,eb:33:2e:f9:57:b5, 2085-97-110 15:23:02:16025,1.49,-1.647,7.1,1159.241,372.681,2.625,41.303,4.197,-86.501
 14:55:49.637,eb:33:2e:f9:57:b5, 2085-97-122 12:200:252:21420,-0.583,0.363,9.858,1244.751,174.622,-158.081,53.438,6.526,-85.117
 14:55:49.637,eb:33:2e:f9:57:b5, 2085-97-77 252:246:08:7864,1.25,0.417,6.636,1047.913,101.318,-206.055,65.099,8.893,-84.891
 14:55:49.637,eb:33:2e:f9:57:b5, 2085-97-60 18:160:239:1688,1.742,-0.929,2.09,508.911,206.421,-212.158,72.883,11.36,-84.298
 14:55:49.637,eb:33:2e:f9:57:b5, 2085-97-57 12:95:243:6090,1.834,-2.051,3.196,139.099,501.77,-190.674,76.042,14.299,-81.453
 14:55:49.638,eb:33:2e:f9:57:b5, 2085-97-160 19:181:02:10656,2.391,0.144,2.462,-22.705,503.479,-191.223,78.069,17.265,-76.267
 14:55:49.844,eb:33:2e:f9:57:b5, 2085-97-225 21:99:03:12724,2.252,0.933,5.863,28.381,256.775,-171.997,78.975,19.731,-72.642
 14:55:49.844,eb:33:2e:f9:57:b5, 2085-97-180 14:49:243:9613,1.552,-0.589,5.312,127.93,77.332,-177.734,80.31,21.72,-71.417
 14:55:49.844,eb:33:2e:f9:57:b5, 2085-97-28 10:173:236:7996,0.95,-2.218,4.271,117.004,20.569,-155.029,81.579,23.423,-71.318
 14:55:49.844,eb:33:2e:f9:57:b5, 2085-97-166 04:237:231:7697,0.386,-2.578,3.744,13.55,-15.198,-104.37,82.15,24.697,-71.521
 14:55:49.844,eb:33:2e:f9:57:b5, 2085-97-35 04:25:230:7746,0.747,-3.205,3.497,-82.458,-9.644,-39.001,81.469,25.323,-71.829
 14:55:49.844,eb:33:2e:f9:57:b5, 2085-97-174 06:220:234:8236,0.855,-2.963,4.044,-104.187,-26.184,11.292,80.387,25.367,-72.032
 14:55:49.844,eb:33:2e:f9:57:b5, 2085-97-166 06:46:237:7412,0.788,-2.402,3.8,-87.585,-71.045,17.944,79.091,25.076,-72.581
 14:55:49.844,eb:33:2e:f9:57:b5, 2085-97-176 04:128:234:6494,0.401,-2.466,3.477,-88.989,-94.36,8.179,77.838,24.78,-73.526
 14:55:49.849,eb:33:2e:f9:57:b5, 2085-97-152 02:165:230:5497,0.325,-2.923,2.882,-110.229,-109.07,2.502,76.251,24.472,-74.663
 14:55:49.849,eb:33:2e:f9:57:b5, 2085-97-65 03:92:228:4468,0.532,-3.375,2.45,-161.072,-105.225,8.85,74.421,24.148,-75.828
 14:55:49.849,eb:33:2e:f9:57:b5, 2085-97-40 06:78:230:2986,1.034,-3.365,1.75,-256.836,-77.271,23.254,71.807,23.687,-76.783
 14:55:49.849,eb:33:2e:f9:57:b5, 2085-97-10 10:149:236:1381,1.448,-2.875,1.086,-387.085,-38.086,34.912,68.362,23.203,-77.256
 14:55:49.849,eb:33:2e:f9:57:b5, 2085-97-211 12:129:243:184,1.769,-1.954,0.271,-522.4,-34.607,16.235,63.495,22.791,-77.509
 14:55:49.849,eb:33:2e:f9:57:b5, 2085-97-139 14:152:247:1321,1.695,-1.267,0.303,-608.887,-109.924,-27.588,57.469,22.5,-78.25
 14:55:49.849,eb:33:2e:f9:57:b5, 2085-97-111 12:09:250:3123,1.392,-0.859,1.078,-631.653,-228.821,-76.294,50.35,21.874,-80.14
 14:55:49.849,eb:33:2e:f9:57:b5, 2085-97-201 09:49:249:5079,1.012,-0.74,2.006,-617.188,-332.52,-107.605,43.039,20.583,-83.106
 14:55:49.853,eb:33:2e:f9:57:b5, 2085-97-252 05:32:246:6495,0.458,-1.034,2.873,-614.441,-390.198,-113.953,35.601,18.386,-86.572
 14:55:49.853,eb:33:2e:f9:57:b5, 2085-97-35 01:00:244:7138,-0.052,-1.416,3.386,-644.714,-398.743,-89.6,28.4,15.557,-89.72
 14:55:49.853,eb:33:2e:f9:57:b5, 2085-97-57 255:235:246:7899,-0.075,-1.393,3.644,-692.932,-383.85,-38.391,20.978,12.184,-92.032
 14:55:49.853,eb:33:2e:f9:57:b5, 2085-97-57 00:94:253:8550,0.214,-0.783,4.037,-720.459,-364.929,16.724,13.645,8.646,-93.257
 14:55:49.935,eb:33:2e:f9:57:b5, 2085-97-238 02:28:07:8146,0.378,0.225,4.202,-705.627,-337.83,49.133,6.295,5.048,-93.521
 14:55:49.935,eb:33:2e:f9:57:b5, 2085-97-229 01:63:18:6615,-0.037,1.614,3.579,-657.898,-368.53,46.875,-0.5,1.571,-93.197
 14:55:49.935,eb:33:2e:f9:57:b5, 2085-97-211 252:126:25:7253,-0.856,2.808,3.167,-590.881,-480.53,28.381,-6.877,-2.769,-92.549
 14:55:49.935,eb:33:2e:f9:57:b5, 2085-97-48 245:159:31:9002,-1.7,3.528,4.065,-540.894,-532.471,36.255,-12.596,-7.828,-91.384
 14:55:49.937,eb:33:2e:f9:57:b5, 2085-97-125 240:195:42:9567,-2.085,4.55,4.615,-519.287,-476.318,69.031,-18.364,-12.678,-89.456
 14:55:49.937,eb:33:2e:f9:57:b5, 2085-97-45 238:221:60:9902,-2.456,6.353,4.652,-496.948,-382.935,96.619,-24.066,-16.304,-87.072
 14:55:49.937,eb:33:2e:f9:57:b5, 2085-113-81 00:184:86:-9652,-2.729,8.964,5.17,-410.95,-360.229,82.581,-29.564,-19.171,-84.43
 14:55:49.937,eb:33:2e:f9:57:b5, 2085-97-49 232:71:83:11343,-3.127,9.999,5.536,-329.956,-375,55.542,-31.833,-20.588,-83.128
 14:55:49.937,eb:33:2e:f9:57:b5, 2085-97-26 229:46:86:11978,-3.561,10.592,5.602,-158.02,-381.348,0.122,-35.195,-23.698,-80.574
 14:55:49.993,eb:33:2e:f9:57:b5, 2085-97-103 227:35:86:11404,-3.479,10.917,5.913,-35.828,-275.574,-65.186,-36.848,-26.587,-78.717
 14:55:49.993,eb:33:2e:f9:57:b5, 2085-97-197 228:69:77:8926,-3.332,10.337,4.956,45.898,-120.544,-139.404,-36.925,-28.762,-78.393
 14:55:49.993,eb:33:2e:f9:57:b5, 2085-97-113 230:68:60:6490,0.582,8.751,3.859,138.794,-21.362,-194.824,-35.392,-30.273,-79.59
 14:55:49.993,eb:33:2e:f9:57:b5, 2085-97-208 255:193:75:-954,3.326,5.986,8.115,740.601,91.858,-190.125,-31.223,-31.86,-81.595
 14:55:49.995,eb:33:2e:f9:57:b5, 2085-97-228 237:49:44:12649,-1.769,2.262,0.616,1016.174,892.151,-101.868,-18.847,-26.774,-86.545
 14:55:49.995,eb:33:2e:f9:57:b5, 2085-97-251 00:224:02:15085,-3.332,5.56,10.208,531.982,587.28,-347.961,-9.41,-18.699,-91.741
 14:55:49.995,eb:33:2e:f9:57:b5, 2085-97-123 227:107:253:-3813,-1.601,3.219,-4.5,194.031,473.816,36.865,-6.07,-11.195,-92.637
 14:55:49.995,eb:33:2e:f9:57:b5, 2085-97-132 237:230:07:-3905,-2.689,-1.21,-1.427,179.077,-41.992,58.655,-3.862,-10.453,-92.9
 14:55:50.084,eb:33:2e:f9:57:b5, 2085-97-192 12:50:06:4425,3.058,0.037,-3.56,23.376,-284.607,160.095,-3.235,-11.008,-91.851
 14:55:50.084,eb:33:2e:f9:57:b5, 2085-97-231 06:180:04:2828,-0.015,1.47,3.632,32.166,74.402,-17.822,-2.933,-12.7,-91.23
 14:55:50.084,eb:33:2e:f9:57:b5, 2085-97-33 250:136:251:1591,-1.434,0.332,0.659,39.612,105.896,-95.459,-2.417,-11.613,-91.961
 14:55:50.084,eb:33:2e:f9:57:b5, 2085-97-187 02:13:00:3906,0.955,-0.364,-0.109,27.588,-1.343,-22.034,-1.972,-10.827,-92.549
 14:55:50.113,eb:33:2e:f9:57:b5, 2085-97-94 04:78:04:1972,0.432,0.39,2.03,26.489,136.841,-25.33,-1.582,-10.393,-92.812
 14:55:50.113,eb:33:2e:f9:57:b5, 2085-97-254 250:122:254:2434,-1.538,0.215,0.972,11.78,132.629,-30.945,-1.302,-8.937,-93.241
 14:55:50.113,eb:33:2e:f9:57:b5, 2085-97-196 251:122:251:11171,-0.725,-0.947,3.107,110.168,31.128,-7.263,-0.791,-8.168,-93.483
 14:55:50.113,eb:33:2e:f9:57:b5, 2085-97-239 243:120:243:8080,-0.911,-1.53,5.924,241.394,187.378,73.792,1.137,-7.158,-93.312
 14:55:50.115,eb:33:2e:f9:57:b5, 2085-97-60 253:25:245:9931,-0.189,-1.24,3.989,362.549,85.449,121.582,4.059,-5.828,-92.175
 14:55:50.115,eb:33:2e:f9:57:b5, 2085-97-01 01:24:242:10682,0.51,-1.61,5.117,499.39,76.843,135.742,8.328,-5.169,-90.824
 14:55:50.115,eb:33:2e:f9:57:b5, 2085-97-121 08:161:236:13065,1.34,-2.015,5.826,667.236,79.712,115.784,14.101,-4.702,-89.445
 14:55:50.115,eb:33:2e:f9:57:b5, 2085-97-162 12:143:230:14658,1.732,-2.879,6.664,856.018,173.218,81.848,21.676,-3.79,-88.121
 14:55:50.174,eb:33:2e:f9:57:b5, 2085-97-185 10:187:243:13703,1.661,-2.879,7.116,1047.668,373.779,49.438,31.262,-1.555,-86.385
 14:55:50.174,eb:33:2e:f9:57:b5, 2085-97-87 10:65:04:18092,1.981,-0.665,7.97,1146.24,307.251,8.728,42.27,1.176,-84.051
 14:55:50.174,eb:33:2e:f9:57:b5, 2085-97-141 01:11:248:13131,-0.492,-0.769,9.977,1210.632,144.714,-125.244,54.388,3.054,-83.397
 14:55:50.174,eb:33:2e:f9:57:b5, 2085-97-61 04:122:08:3331,2.104,0.722,3.176,940.918,75.256,-135.315,65.292,4.735,-82.991
 14:55:50.204,eb:33:2e:f9:57:b5, 2085-97-68 17:202:245:3517,1.465,-0.002,1.027,423.096,115.601,-228.699,71.917,6.636,-83.084
 14:55:50.204,eb:33:2e:f9:57:b5, 2085-97-59 12:214:01:2997,1.89,-1.448,3.948,158.142,505.737,-225.586,74.636,9.838,-80.733
 14:55:50.204,eb:33:2e:f9:57:b5, 2085-97-165 17:92:11:10710,2.332,1.088,3.153,-16.663,439.27,-273.926,76.075,13.535,-76.426
 14:55:50.204,eb:33:2e:f9:57:b5, 2085-97-202 17:197:02:12603,1.897,1.66,5.909,77.576,199.28,-268.921,76.882,16.837,-73.949
 14:55:50.234,eb:33:2e:f9:57:b5, 2085-97-142 12:10:244:9256,1.243,-0.761,5.24,173.706,78.43,-249.268,78.481,19.644,-73.279
 14:55:50.234,eb:33:2e:f9:57:b5, 2085-97-14 07:131:242:7009,0.619,-1.683,3.882,151.855,31.555,-199.097,80.134,21.907,-73.213
 14:55:50.234,eb:33:2e:f9:57:b5, 2085-97-99 03:253:239:8015,0.277,-1.739,3.374,46.326,-23.682,-138.062,81.008,23.549,-73.51
 14:55:50.234,eb:33:2e:f9:57:b5, 2085-97-181 01:170:236:9441,0.248,-2.26,4.486,-49.255,-16.846,-70.129,80.601,24.489,-74.037
 14:55:50.294,eb:33:2e:f9:57:b5, 2085-97-170 04:208:235:8158,1.045,-2.605,4.372,-88.318,29.053,4.15,79.865,24.802,-74.009
 14:55:50.294,eb:33:2e:f9:57:b5, 2085-97-87 10:66:240:7242,1.167,-2.251,3.822,-86.243,38.452,47.424,79.058,24.543,-73.586
 14:55:50.294,eb:33:2e:f9:57:b5, 2085-97-34 08:114:239:5563,0.99,-1.958,3.065,-58.899,-39.062,39.734,78.398,24.104,-73.438
 14:55:50.294,eb:33:2e:f9:57:b5, 2085-97-134 07:17:234:5362,0.77,-2.338,2.67,-54.932,-150.574,12.695,77.311,23.621,-74.592
 14:55:50.325,eb:33:2e:f9:57:b5, 2085-97-136 05:136:229:4379,0.864,-3.114,2.355,-112.122,-169.678,4.456,75.789,23.181,-76.333
 14:55:50.325,eb:33:2e:f9:57:b5, 2085-97-73 08:248:229:3280,1.211,-3.217,1.955,-194.58,-151.489,7.385,73.438,22.676,-78.074
 14:55:50.325,eb:33:2e:f9:57:b5, 2085-97-130 10:232:233:1193,1.517,-3.057,1.228,-301.453,-97.29,27.039,70.433,22.132,-79.272
 14:55:50.325,eb:33:2e:f9:57:b5, 2085-97-26 14:83:239:-744,2.076,-2.43,0.123,-388.123,-103.821,28.748,66.467,21.467,-80.195
 14:55:50.353,eb:33:2e:f9:57:b5, 2085-97-155 17:248:243:-2485,2.095,-1.738,-0.859,-472.656,-165.222,4.822,61.694,20.72,-81.414
 14:55:50.353,eb:33:2e:f9:57:b5, 2085-97-124 16:184:243:363,1.915,-1.519,-0.871,-535.4,-311.157,-43.64,55.651,19.611,-83.776
 14:55:50.353,eb:33:2e:f9:57:b5, 2085-97-80 13:74:244:3587,1.383,-1.506,1.079,-562.988,-431.274,-81.726,48.961,17.798,-87.407
 14:55:50.353,eb:33:2e:f9:57:b5, 2085-97-31 09:63:243:5979,0.867,-1.5,2.323,-571.411,-509.277,-101.685,41.935,15.051,-91.697
 14:55:50.445,eb:33:2e:f9:57:b5, 2085-97-239 04:189:241:8169,0.314,-1.7,3.439,-575.5,-536.987,-97.229,35.222,11.563,-95.911
 14:55:50.445,eb:33:2e:f9:57:b5, 2085-97-00 00:92:242:9505,-0.146,-1.793,4.432,-591.431,-512.024,-67.627,28.669,7.438,-99.492
 14:55:50.445,eb:33:2e:f9:57:b5, 2085-97-136 254:08:246:9436,-0.138,-1.52,4.754,-620.3,-449.036,-24.536,22.357,3.301,-101.997
 14:55:50.445,eb:33:2e:f9:57:b5, 2085-97-186 255:95:250:8842,0.044,-0.979,4.407,-638,-414.001,13.123,15.859,-0.786,-103.425
 14:55:50.447,eb:33:2e:f9:57:b5, 2085-97-204 255:196:01:8004,-0.303,-0.307,4.17,-626.831,-427.368,34.729,9.547,-4.905,-104.106
 14:55:50.447,eb:33:2e:f9:57:b5, 2085-97-108 250:162:10:7691,-1.093,0.765,3.669,-604.797,-514.282,46.509,3.268,-9.723,-104.211
 14:55:50.447,eb:33:2e:f9:57:b5, 2085-97-134 243:210:21:10445,-1.996,1.95,4.343,-587.769,-593.14,79.102,-2.818,-15.397,-103.618
 14:55:50.447,eb:33:2e:f9:57:b5, 2085-113-58 00:81:235:-6210,-2.313,3.81,5.734,-547.18,-546.814,132.446,-9.223,-21.094,-101.81
 14:55:50.475,eb:33:2e:f9:57:b5, 2085-97-179 235:223:51:10855,-2.558,5.163,5.813,-502.686,-507.202,150.024,-12.327,-23.522,-100.519
 14:55:50.475,eb:33:2e:f9:57:b5, 2085-97-97 234:235:63:11025,-3.151,7.46,5.016,-389.709,-495.789,144.775,-18.056,-27.894,-97.46
 14:55:50.475,eb:33:2e:f9:57:b5, 2085-97-112 225:241:67:11840,-4.19,8.296,5.748,-320.068,-468.628,102.783,-23.329,-32.064,-94.098
 14:55:50.475,eb:33:2e:f9:57:b5, 2085-97-12 219:61:70:11716,-4.718,8.537,5.704,-272.949,-389.771,62.317,-27.938,-35.568,-91.055
 14:55:50.564,eb:33:2e:f9:57:b5, 2085-97-75 219:35:78:11230,-4.295,9.223,5.746,-215.332,-229.858,18.799,-31.849,-38.051,-88.687
 14:55:50.564,eb:33:2e:f9:57:b5, 2085-97-43 225:37:82:9384,-3.464,10.174,5.121,-107.849,-60.486,-43.396,-33.975,-39.254,-87.907
 14:55:50.564,eb:33:2e:f9:57:b5, 2085-97-210 229:177:70:6870,-3.289,9.791,3.944,53.589,27.588,-115.54,-33.629,-39.776,-88.786
 14:55:50.564,eb:33:2e:f9:57:b5, 2085-97-177 229:128:51:4884,-3.096,7.683,2.877,184.021,55.908,-127.686,-31.234,-40.078,-90.538
 14:55:50.566,eb:33:2e:f9:57:b5, 2085-97-51 233:122:30:3407,-0.575,5.115,2.047,288.086,35.095,-73.486,-27.834,-40.177,-92.038
 14:55:50.566,eb:33:2e:f9:57:b5, 2085-97-28 241:201:33:583,-1.811,2.351,10.229,819.092,593.384,111.45,-22.126,-40.292,-93.279
 14:55:50.566,eb:33:2e:f9:57:b5, 2085-97-198 255:106:49:10318,3.396,0.847,6.631,660.706,667.725,-166.26,-11.36,-35.019,-96.487
 14:55:50.566,eb:33:2e:f9:57:b5, 2085-97-110 231:23:20:-9648,-5.723,0.127,8.807,229.797,1210.388,177.979,-6.46,-25.345,-99.113
 14:55:50.594,eb:33:2e:f9:57:b5, 2085-97-130 221:189:246:-7495,-3.796,-0.89,-1.056,211.609,506.348,-109.68,-4.757,-17.249,-98.948
 14:55:50.594,eb:33:2e:f9:57:b5, 2085-97-126 219:246:253:-12391,1.247,-0.689,-2.317,79.956,105.713,111.816,-3.12,-15.59,-98.981
 14:55:50.594,eb:33:2e:f9:57:b5, 2085-97-31 29:78:10:10042,1.841,-0.278,1.816,49.316,-420.776,130.432,-3.087,-18.715,-97.421
 14:55:50.594,eb:33:2e:f9:57:b5, 2085-97-170 03:107:04:1570,-0.227,1.097,2.267,35.706,86.548,-7.69,-2.906,-19.33,-96.823
 14:55:50.776,eb:33:2e:f9:57:b5, 2085-97-242 247:142:255:221,0.497,-0.381,1.094,32.166,90.698,-29.114,-2.346,-18.468,-97.339
 14:55:50.776,eb:33:2e:f9:57:b5, 2085-97-110 04:00:00:4953,-0.42,0.082,2.268,45.776,68.359,-33.63,-1.89,-18.083,-97.635
 14:55:50.776,eb:33:2e:f9:57:b5, 2085-97-67 248:124:255:-933,1.126,-0.085,0.524,17.334,177.612,12.207,-1.445,-16.364,-97.844
 14:55:50.776,eb:33:2e:f9:57:b5, 2085-97-138 254:74:251:8917,-1.935,1.01,0.375,24.963,-39.429,-7.69,-1.362,-15.881,-97.685
 14:55:50.780,eb:33:2e:f9:57:b5, 2085-97-230 246:40:244:12359,-0.36,-1.572,6.325,174.988,51.392,43.396,-0.461,-15.474,-97.592
 14:55:50.780,eb:33:2e:f9:57:b5, 2085-97-189 255:62:245:10711,0.175,-1.288,5.182,364.868,89.966,84.473,2.225,-14.634,-96.872
 14:55:50.780,eb:33:2e:f9:57:b5, 2085-97-157 00:00:241:10754,0.499,-1.601,5.344,497.742,103.027,105.164,6.35,-13.683,-95.839
 14:55:50.780,eb:33:2e:f9:57:b5, 2085-97-91 08:67:235:11733,1.602,-2.21,5.609,658.936,88.379,96.313,11.948,-12.986,-94.686
 14:55:50.894,eb:33:2e:f9:57:b5, 2085-97-233 13:53:231:11816,2.003,-3.064,5.643,822.327,165.283,69.763,19.193,-11.92,-93.543
 14:55:50.894,eb:33:2e:f9:57:b5, 2085-97-182 10:118:238:12276,1.01,-3.093,6.386,1005.127,325.806,20.508,28.185,-9.888,-92.192
 14:55:50.894,eb:33:2e:f9:57:b5, 2085-97-145 05:204:254:16678,1.021,-1.298,6.519,1110.168,357.91,-2.441,38.562,-6.828,-90.11
 14:55:50.894,eb:33:2e:f9:57:b5, 2085-97-82 05:219:245:16662,-1.042,0.01,9.711,1214.539,125.061,-134.46,50.235,-4.724,-89.017
 14:55:50.896,eb:33:2e:f9:57:b5, 2085-97-242 249:51:13:3598,0.643,0.348,3.889,1009.033,82.825,-115.356,61.43,-3.016,-88.671
 14:55:50.896,eb:33:2e:f9:57:b5, 2085-97-11 12:173:244:996,1.03,0.177,0.921,531.372,28.931,-176.453,69.06,-1.604,-89.083
 14:55:50.896,eb:33:2e:f9:57:b5, 2085-97-65 06:57:246:5417,0.801,-1.745,3.027,137.817,366.333,-177.673,71.774,0.802,-87.891
 14:55:50.896,eb:33:2e:f9:57:b5, 2085-97-156 10:122:06:8802,1.415,0.424,1.566,-38.452,494.995,-196.716,72.422,3.928,-83.76
 14:55:50.898,eb:33:2e:f9:57:b5, 2085-97-179 15:148:08:15221,2.122,1.342,6.129,-11.597,349.915,-196.533,72.224,7.136,-80.255
 14:55:50.898,eb:33:2e:f9:57:b5, 2085-97-103 16:34:245:11031,2.074,-0.173,6.851,130.432,239.868,-199.341,73.24,9.871,-78.195
 14:55:50.898,eb:33:2e:f9:57:b5, 2085-97-04 15:105:239:5784,1.557,-1.984,4.163,168.701,179.199,-182.8,75.092,12.305,-76.756
 14:55:50.898,eb:33:2e:f9:57:b5, 2085-97-138 09:61:239:3474,0.881,-2.02,1.882,92.468,60.73,-161.682,76.613,14.271,-75.992
 14:55:50.900,eb:33:2e:f9:57:b5, 2085-97-00 04:30:234:6153,0.282,-2.376,2.298,-33.203,-50.354,-134.705,76.657,15.721,-76.481
 14:55:50.900,eb:33:2e:f9:57:b5, 2085-97-18 03:124:233:7698,0.663,-2.837,3.378,-107.3,-44.128,-84.595,75.624,16.65,-77.305
 14:55:50.900,eb:33:2e:f9:57:b5, 2085-97-85 06:105:237:7681,0.781,-2.593,3.973,-103.882,-14.648,-39.856,74.306,17.144,-77.789
 14:55:50.900,eb:33:2e:f9:57:b5, 2085-97-71 04:182:238:5848,0.395,-2.156,3.39,-82.214,-20.813,-37.659,73.323,17.463,-78.063
 14:55:50.925,eb:33:2e:f9:57:b5, 2085-97-158 02:168:235:5676,0.317,-2.278,2.718,-86.731,-79.224,-46.021,72.202,17.715,-78.799
 14:55:50.925,eb:33:2e:f9:57:b5, 2085-97-109 17:235:243:-2273,2.306,-2.872,2.778,-127.93,-79.712,-46.509,70.823,17.902,-79.81
 14:55:50.925,eb:33:2e:f9:57:b5, 2085-97-248 18:86:243:-1121,2.345,-1.439,-1.161,-525.024,-162.537,-73.914,52.866,18.474,-82.183
 14:55:50.925,eb:33:2e:f9:57:b5, 2085-97-186 17:115:241:1586,1.985,-1.731,0.172,-550.415,-331.055,-118.958,46.615,17.556,-84.946
 14:55:51.014,eb:33:2e:f9:57:b5, 2085-97-245 13:116:239:4236,1.47,-1.924,1.339,-576.904,-452.576,-147.583,39.727,15.529,-88.918
 14:55:51.014,eb:33:2e:f9:57:b5, 2085-97-95 09:173:238:7182,0.9,-2.165,2.837,-601.562,-493.835,-155.396,32.778,12.546,-93.153
 14:55:51.014,eb:33:2e:f9:57:b5, 2085-113-81 00:179:80:6729,0.684,-2.082,4.016,-598.755,-479.37,-151.978,25.9,9.003,-97.009
 14:55:51.014,eb:33:2e:f9:57:b5, 2085-97-55 04:70:241:8851,0.377,-1.961,4.317,-587.097,-462.769,-148.926,22.703,7.174,-98.701
 14:55:51.014,eb:33:2e:f9:57:b5, 2085-97-05 01:213:242:7820,-0.004,-1.744,4.184,-558.228,-436.279,-139.709,16.578,3.395,-101.607
 14:55:51.046,eb:33:2e:f9:57:b5, 2085-97-232 254:144:242:7390,-0.335,-1.594,3.607,-522.156,-465.332,-126.221,11.14,-0.621,-103.975
 14:55:51.046,eb:33:2e:f9:57:b5, 2085-97-140 251:88:239:7192,-0.811,-1.859,3.597,-505.188,-507.996,-102.844,5.977,-5.35,-105.848
 14:55:51.046,eb:33:2e:f9:57:b5, 2085-97-66 247:76:235:6514,-1.521,-2.349,3.354,-519.409,-574.707,-64.453,1.027,-10.695,-107.04
 14:55:51.046,eb:33:2e:f9:57:b5, 2085-97-30 241:199:234:8429,-2.172,-2.776,3.275,-554.321,-700.989,22.949,-4.515,-17.122,-107.067
 14:55:51.048,eb:33:2e:f9:57:b5, 2085-97-93 234:225:246:18228,-3.354,-2.155,6.167,-584.167,-781.006,158.63,-10.975,-24.5,-104.985
 14:55:51.048,eb:33:2e:f9:57:b5, 2085-97-177 226:217:21:22564,-3.466,0.479,10.697,-639.587,-574.158,304.993,-19.473,-30.575,-100.289
 14:55:51.048,eb:33:2e:f9:57:b5, 2085-97-145 232:130:64:20937,-2.591,5.407,10.704,-624.146,-231.079,359.619,-28.801,-32.574,-94.801
 14:55:51.048,eb:33:2e:f9:57:b5, 2085-97-16 236:160:91:16703,-2.253,10.113,9.313,-488.22,-67.139,246.582,-36.59,-31.965,-90.873
 14:55:51.107,eb:33:2e:f9:57:b5, 2085-97-239 240:45:101:13196,-1.842,12.297,6.89,-306.946,4.7,60.242,-41.259,-31.229,-89.363
 14:55:51.107,eb:33:2e:f9:57:b5, 2085-97-93 238:178:89:6398,-3.104,12.404,4.731,-175.781,80.139,-123.535,-43.204,-31.08,-90.181
 14:55:51.107,eb:33:2e:f9:57:b5, 2085-97-160 223:225:59:5487,-4.343,9.438,2.358,-46.936,12.939,-203.064,-43.27,-31.937,-92.142
 14:55:51.107,eb:33:2e:f9:57:b5, 2085-97-127 223:104:55:24152,-7.388,5.966,3.383,145.508,-0.183,-105.957,-42.1,-33.008,-93.658
 14:55:51.133,eb:33:2e:f9:57:b5, 2085-97-176 244:217:65:4200,-5.312,8.38,2.874,750.793,452.148,-46.204,-35.689,-30.504,-96.026
 14:55:51.133,eb:33:2e:f9:57:b5, 2085-97-139 195:204:74:17498,-4.153,11.96,4.768,1426.147,931.213,222.534,-23.005,-23.802,-98.35
 14:55:51.133,eb:33:2e:f9:57:b5, 2085-97-168 250:161:14:17194,-0.775,8.795,8.739,1050.171,5.554,-137.634,-10.212,-18.441,-99.915
 14:55:51.133,eb:33:2e:f9:57:b5, 2085-97-233 255:215:58:-1550,-0.481,7.733,-3.341,364.807,-504.883,-84.229,-4.153,-20.649,-98.569
 14:55:51.194,eb:33:2e:f9:57:b5, 2085-97-23 244:231:243:-347,-3.01,-0.209,1.517,37.048,218.384,48.34,-2.565,-19.336,-99.734
 14:55:51.194,eb:33:2e:f9:57:b5, 2085-97-36 252:149:04:821,0.473,-0.297,-3.021,67.81,-229.126,151.306,-1.967,-19.341,-98.8
 14:55:51.194,eb:33:2e:f9:57:b5, 2085-97-64 11:118:06:4165,1.251,0.886,0.849,38.147,-168.457,55.359,-1.752,-21.489,-97.817
 14:55:51.194,eb:33:2e:f9:57:b5, 2085-97-18 04:204:255:3707,-0.858,0.755,1.826,33.691,5.737,-8.85,-1.357,-21.973,-97.712
 14:55:51.225,eb:33:2e:f9:57:b5, 2085-97-89 254:207:254:1568,0.528,-0.39,0.169,20.264,5.005,16.968,-1.06,-21.588,-97.767
 14:55:51.225,eb:33:2e:f9:57:b5, 2085-97-157 01:206:03:1682,0.174,0.212,1.587,22.156,23.071,9.644,-0.84,-21.561,-97.625
 14:55:51.225,eb:33:2e:f9:57:b5, 2085-97-175 00:162:00:2497,-0.151,0.282,1.09,18.982,45.166,-18.677,-0.604,-21.215,-97.74
 14:55:51.225,eb:33:2e:f9:57:b5, 2085-97-191 255:86:00:3044,0.195,-0.111,1.167,18.738,60.608,-15.503,-0.275,-20.539,-98.004
 14:55:51.253,eb:33:2e:f9:57:b5, 2085-97-21 02:114:00:4866,0.207,0.116,1.846,5.615,110.657,-8.057,-0.082,-19.737,-98.163
 14:55:51.253,eb:33:2e:f9:57:b5, 2085-97-46 255:31:00:6653,-1.106,0.144,2.591,-0.244,172.302,14.709,-0.033,-18.16,-98.168
 14:55:51.253,eb:33:2e:f9:57:b5, 2085-97-49 252:180:246:12176,0.311,-1.036,4.867,157.654,73.914,-3.357,0.692,-16.908,-98.185
 14:55:51.253,eb:33:2e:f9:57:b5, 2085-97-101 05:171:248:9858,0.607,-0.942,5.277,290.222,135.437,29.602,3.054,-15.727,-98.031
 14:55:51.286,eb:33:2e:f9:57:b5, 2085-97-28 08:241:243:11430,1.902,-1.222,5.122,412.292,154.114,27.1,6.526,-14.354,-97.619
 14:55:51.286,eb:33:2e:f9:57:b5, 2085-97-106 22:199:243:9533,3.385,-1.526,5.426,516.357,281.006,26.367,11.118,-12.162,-97.004
 14:55:51.286,eb:33:2e:f9:57:b5, 2085-97-169 27:04:244:8243,2.75,-1.421,3.984,624.146,400.452,-37.903,16.721,-8.756,-96.196
 14:55:51.286,eb:33:2e:f9:57:b5, 2085-97-73 18:152:241:10998,1.998,-1.641,4.279,712.524,547.424,-105.957,23.428,-3.917,-95.301
 14:55:51.344,eb:33:2e:f9:57:b5, 2085-97-80 14:15:251:14710,1.992,-1.438,6.33,798.462,621.399,-117.676,30.959,2,-93.582
 14:55:51.344,eb:33:2e:f9:57:b5, 2085-97-44 17:109:251:10700,1.486,-0.349,6.688,913.818,463.867,-110.046,39.787,7.229,-91.379
 14:55:51.344,eb:33:2e:f9:57:b5, 2085-97-249 07:129:07:-435,1.293,-0.027,1.684,914.307,240.845,-118.958,49.449,10.695,-89.637
 14:55:51.344,eb:33:2e:f9:57:b5, 2085-97-160 09:48:252:2053,-0.082,1.333,0.446,651.001,-23.926,-224.06,57.206,12.475,-90.132
 14:55:51.374,eb:33:2e:f9:57:b5, 2085-97-22 247:19:227:5830,-0.885,-2.928,0.834,262.939,112.854,-219.604,61.364,14.782,-91.176
 14:55:51.374,eb:33:2e:f9:57:b5, 2085-97-02 02:195:246:4168,1.267,-2.34,1.222,58.838,356.445,-59.692,63.402,17.199,-89.132
 14:55:51.374,eb:33:2e:f9:57:b5, 2085-97-223 12:248:251:8620,1.907,-0.683,4.025,-106.14,363.098,24.231,63.809,18.809,-85.913
 14:55:51.374,eb:33:2e:f9:57:b5, 2085-97-55 16:227:251:6630,2.031,-0.452,3.835,-80.811,265.137,49.805,63.918,19.863,-82.727
 14:55:51.404,eb:33:2e:f9:57:b5, 2085-97-250 14:93:250:4754,1.716,-0.756,2.615,-65.491,124.512,57.617,63.935,20.204,-80.7
 14:55:51.404,eb:33:2e:f9:57:b5, 2085-97-119 11:189:246:4807,1.438,-0.962,2.271,-97.656,15.686,38.33,63.419,20.105,-79.92
 14:55:51.404,eb:33:2e:f9:57:b5, 2085-97-109 10:115:239:7508,1.078,-1.554,3.085,-146.484,-39.307,30.884,62.144,19.715,-80.03
 14:55:51.404,eb:33:2e:f9:57:b5, 2085-97-101 09:166:239:6816,1.519,-2.24,3.539,-158.63,-8.301,34.607,60.546,19.336,-80.052
 14:55:51.465,eb:33:2e:f9:57:b5, 2085-97-19 14:101:246:7062,1.782,-1.617,3.412,-158.508,-27.161,6.165,58.958,19.034,-80.151
 14:55:51.465,eb:33:2e:f9:57:b5, 2085-97-112 13:141:248:6645,1.625,-0.941,3.289,-182.617,-7.751,-55.115,57.118,19.188,-80.464
 14:55:51.465,eb:33:2e:f9:57:b5, 2085-97-94 12:224:245:7234,1.435,-1.102,3.451,-203.613,8.667,-111.511,54.987,19.907,-81.03
 14:55:51.465,eb:33:2e:f9:57:b5, 2085-97-25 11:189:243:6925,1.363,-1.383,3.466,-207.153,37.842,-146.057,52.652,21.127,-81.667
 14:55:51.524,eb:33:2e:f9:57:b5, 2085-97-23 10:214:239:6197,1.274,-1.773,3.331,-211.487,60.059,-161.621,50.334,22.659,-82.332
 14:55:51.524,eb:33:2e:f9:57:b5, 2085-97-186 09:44:238:4417,1.118,-2.188,2.729,-248.657,82.642,-157.349,47.763,24.34,-82.936
 14:55:51.524,eb:33:2e:f9:57:b5, 2085-97-113 08:07:239:1734,1.166,-2.181,1.464,-344.91,87.646,-129.7,44.626,25.994,-83.348
 14:55:51.524,eb:33:2e:f9:57:b5, 2085-97-198 10:57:241:1236,1.511,-1.986,0.619,-465.637,58.655,-87.83,40.27,27.252,-83.716
 14:55:51.526,eb:33:2e:f9:57:b5, 2085-97-102 12:75:244:1184,1.627,-1.672,0.683,-535.4,-13.855,-46.631,34.98,27.839,-84.144
 14:55:51.526,eb:33:2e:f9:57:b5, 2085-97-142 13:47:247:1271,1.675,-1.254,0.55,-539.49,-156.067,-5.798,29.125,27.191,-84.941
 14:55:51.526,eb:33:2e:f9:57:b5, 2085-97-81 12:110:248:2542,1.539,-0.984,0.831,-524.658,-299.316,36.987,23.379,24.988,-85.946
 14:55:51.526,eb:33:2e:f9:57:b5, 2085-97-204 07:122:246:2762,2.2,-0.825,1.975,-534.729,-384.033,82.642,17.732,21.357,-86.699
 14:55:51.586,eb:33:2e:f9:57:b5, 2085-97-61 10:228:252:6664,1.167,-1.089,4.345,-558.105,-366.028,145.508,12.288,17.122,-86.644
 14:55:51.586,eb:33:2e:f9:57:b5, 2085-97-169 09:46:01:7865,1.425,-0.151,3.664,-563.721,-361.084,167.053,6.823,13.107,-85.754
 14:55:51.586,eb:33:2e:f9:57:b5, 2085-97-56 13:223:04:7570,1.877,0.349,4.017,-548.462,-345.703,185.486,1.549,9.454,-84.21
 14:55:51.586,eb:33:2e:f9:57:b5, 2085-97-213 16:170:12:6084,2.082,1.032,3.229,-510.742,-366.577,156.86,-3.582,5.944,-82.386
 14:55:51.704,eb:33:2e:f9:57:b5, 2085-97-114 14:27:21:5349,1.483,2.183,2.743,-479.614,-438.293,79.102,-8.394,2.082,-80.815
 14:55:51.704,eb:33:2e:f9:57:b5, 2085-97-179 08:228:21:7200,0.498,2.811,2.938,-453.369,-565.125,-20.508,-13.129,-2.911,-79.618
 14:55:51.704,eb:33:2e:f9:57:b5, 2085-97-252 253:30:20:8847,-1.087,2.574,3.966,-437.012,-640.076,-69.885,-17.677,-8.943,-78.525
 14:55:51.704,eb:33:2e:f9:57:b5, 2085-97-142 241:05:23:11310,-2.523,2.579,4.896,-411.133,-674.194,-58.96,-22.352,-15.447,-76.816
 14:55:51.706,eb:33:2e:f9:57:b5, 2085-97-32 230:111:31:11251,-3.814,3.337,5.792,-388,-611.572,-20.691,-27.114,-21.489,-74.355
 14:55:51.706,eb:33:2e:f9:57:b5, 2085-97-196 222:04:44:9007,-4.375,4.69,4.912,-367.554,-497.437,21.545,-32.168,-26.263,-71.345
 14:55:51.706,eb:33:2e:f9:57:b5, 2085-97-125 217:115:54:8989,-5.526,6.193,4.262,-297.18,-413.147,51.636,-37.035,-29.707,-68.115
 14:55:51.706,eb:33:2e:f9:57:b5, 2085-97-102 206:238:58:10326,-6.65,7.289,4.684,-157.349,-373.23,68.359,-41.083,-32.338,-64.688
 14:55:51.885,eb:33:2e:f9:57:b5, 2085-97-61 202:45:52:10853,-6.26,7.043,5.238,-16.663,-260.986,97.595,-43.649,-34.178,-61.364
 14:55:51.885,eb:33:2e:f9:57:b5, 2085-97-78 214:227:46:8228,-3.959,6.045,4.917,-1.526,21.79,144.043,-44.753,-34.113,-59.354
 14:55:51.885,eb:33:2e:f9:57:b5, 2085-97-46 233:242:49:3315,-2.164,6.048,2.796,-24.841,237.732,127.625,-44.879,-31.965,-59.491
 14:55:51.885,eb:33:2e:f9:57:b5, 2085-97-42 240:09:42:610,-1.847,6.03,0.71,23.376,209.473,21.118,-44.154,-29.713,-60.903
 14:55:51.915,eb:33:2e:f9:57:b5, 2085-97-34 232:129:77:-676,3.054,4.421,2.727,438.721,-49.805,-132.202,-42.369,-29.13,-62.172
 14:55:51.915,eb:33:2e:f9:57:b5, 2085-97-164 03:78:61:13823,-0.394,3.022,7.69,1114.807,1157.959,-415.71,-28.735,-26.45,-70.856
 14:55:51.915,eb:33:2e:f9:57:b5, 2085-97-35 21:150:245:12617,2.058,5.064,5.945,912.231,-52.551,-667.419,-15.161,-23.39,-79.882
 14:55:51.915,eb:33:2e:f9:57:b5, 2085-97-139 240:200:14:7332,-3.55,7.279,-3.752,97.778,-244.385,38.757,-10.031,-24.379,-81.601
 14:55:51.946,eb:33:2e:f9:57:b5, 2085-97-20 251:246:250:785,1.032,-2.511,-2.964,20.63,40.466,100.403,-9.294,-22.648,-82.375
 14:55:51.946,eb:33:2e:f9:57:b5, 2085-97-209 252:20:02:799,0.056,1.232,1.249,32.166,-1.892,67.627,-8.987,-23.665,-81.293
 14:55:51.946,eb:33:2e:f9:57:b5, 2085-97-44 255:150:00:1623,0.271,0.344,0.903,32.349,3.174,-6.958,-8.751,-23.884,-80.942
 14:55:51.946,eb:33:2e:f9:57:b5, 2085-97-62 252:89:254:1619,-0.387,0.338,1.221,26.55,23.376,-20.203,-8.273,-23.791,-81.2
 14:55:51.946,eb:33:2e:f9:57:b5, 2085-97-24 07:125:02:3433,0.735,-0.249,0.842,32.41,-33.386,7.019,-7.938,-23.785,-81.332
 14:55:51.946,eb:33:2e:f9:57:b5, 2085-97-65 06:102:02:3353,0.563,0.256,1.57,30.273,62.317,-7.385,-7.526,-23.461,-81.458
 14:55:51.947,eb:33:2e:f9:57:b5, 2085-97-123 02:115:00:2950,0.165,0.248,1.665,30.762,143.188,-32.532,-7.053,-22.407,-81.87
 14:55:51.947,eb:33:2e:f9:57:b5, 2085-97-91 00:99:00:3224,0.052,0.122,1.458,25.757,174.377,-40.039,-6.427,-20.775,-82.562
 14:55:51.947,eb:33:2e:f9:57:b5, 2085-97-179 02:223:02:5223,-0.558,0.057,1.737,20.447,178.833,-22.827,-6.048,-18.973,-83.095
 14:55:51.947,eb:33:2e:f9:57:b5, 2085-97-215 249:248:247:10458,0.3,-0.611,4.173,96.802,194.763,-37.537,-5.273,-17.073,-83.732
 14:55:51.947,eb:33:2e:f9:57:b5, 2085-97-87 06:157:251:9068,0.254,-0.758,5.04,230.835,243.591,-13.428,-3.395,-14.969,-84.194
 14:55:51.947,eb:33:2e:f9:57:b5, 2085-97-56 01:58:245:10968,0.484,-0.822,4.203,314.148,268.616,9.827,-0.505,-12.189,-84.342
 14:55:51.951,eb:33:2e:f9:57:b5, 2085-97-34 10:116:242:11163,0.785,-1.774,5.708,422.974,326.66,55.908,3.115,-9.218,-83.958
 14:55:51.951,eb:33:2e:f9:57:b5, 2085-97-112 00:224:05:6874,-0.283,-0.542,4.425,872.925,179.199,-67.383,39.496,11.157,-78.788
 14:55:51.951,eb:33:2e:f9:57:b5, 2085-97-128 254:151:245:5754,-1.234,0.388,2.783,566.528,174.438,-141.296,46.807,13.079,-78.536
 14:55:51.952,eb:33:2e:f9:57:b5, 2085-97-80 247:208:229:10428,-0.491,-3.988,4.083,182.007,515.93,-1.465,50.691,16.128,-76.575
 14:55:51.974,eb:33:2e:f9:57:b5, 2085-113-58 00:39:232:-9225,1.117,-1.267,0.621,106.628,629.761,132.446,54.075,19.473,-70.444
 14:55:51.974,eb:33:2e:f9:57:b5, 2085-97-90 20:162:02:7939,2.708,-0.121,1.827,47.363,514.709,163.574,55.371,20.435,-67.593
 14:55:51.974,eb:33:2e:f9:57:b5, 2085-97-56 22:220:05:4951,2.74,0.696,3.167,100.464,355.835,154.175,57.881,21.55,-62.628
 14:55:51.974,eb:33:2e:f9:57:b5, 2085-97-78 21:55:254:4214,2.659,0.299,2.104,147.583,152.222,78.796,60.249,21.808,-59.843
 14:55:52.005,eb:33:2e:f9:57:b5, 2085-97-83 20:56:249:3319,2.185,-0.598,1.972,119.995,41.016,-13.184,62.029,21.978,-58.903
 14:55:52.005,eb:33:2e:f9:57:b5, 2085-97-232 13:23:242:2439,1.446,-1.248,1.321,32.593,-39.917,-101.562,62.639,22.544,-59.277
 14:55:52.005,eb:33:2e:f9:57:b5, 2085-97-19 10:170:239:3231,1.316,-2.023,1.291,-47.058,-130.615,-147.827,61.93,23.28,-60.826
 14:55:52.005,eb:33:2e:f9:57:b5, 2085-97-233 09:109:240:5012,1.109,-2.013,2.085,-101.013,-166.626,-181.152,60.194,23.983,-63.265
 14:55:52.064,eb:33:2e:f9:57:b5, 2085-97-192 07:43:241:5824,0.861,-1.897,2.705,-149.902,-144.531,-204.773,57.859,24.84,-65.863
 14:55:52.064,eb:33:2e:f9:57:b5, 2085-97-195 06:184:241:6211,0.898,-1.814,2.921,-203.247,-84.534,-213.318,55.069,25.977,-68.236
 14:55:52.064,eb:33:2e:f9:57:b5, 2085-97-15 08:136:242:6424,1.042,-1.733,3.084,-243.652,6.165,-210.754,52.009,27.477,-69.977
 14:55:52.064,eb:33:2e:f9:57:b5, 2085-97-155 08:227:240:6241,1.247,-1.739,3.084,-254.456,72.205,-204.224,48.977,29.383,-71.082
 14:55:52.094,eb:33:2e:f9:57:b5, 2085-97-00 11:139:238:5798,1.39,-2.076,3.057,-253.296,104.675,-192.749,46.038,31.437,-71.895
 14:55:52.094,eb:33:2e:f9:57:b5, 2085-97-245 10:73:239:3468,1.396,-2.196,2.34,-299.622,153.564,-167.908,43.066,33.657,-72.345
 14:55:52.094,eb:33:2e:f9:57:b5, 2085-97-101 12:68:241:1900,1.815,-1.977,1.158,-385.62,147.156,-133.85,39.518,35.793,-72.488
 14:55:52.094,eb:33:2e:f9:57:b5, 2085-97-173 16:99:243:1327,2.275,-1.712,0.852,-492.615,126.709,-98.572,35.013,37.568,-72.625
 14:55:52.457,eb:33:2e:f9:57:b5, 2085-97-113 19:177:245:-073,2.564,-1.432,0.3,-584.839,59.57,-67.81,29.377,38.809,-72.85
 14:55:52.457,eb:33:2e:f9:57:b5, 2085-97-107 21:108:247:020,2.725,-1.179,-0.173,-619.507,-105.286,-48.096,22.791,38.837,-73.652
 14:55:52.457,eb:33:2e:f9:57:b5, 2085-97-161 21:59:249:2644,2.586,-0.961,0.528,-595.52,-302.673,-33.081,15.809,36.909,-75.037
 14:55:52.457,eb:33:2e:f9:57:b5, 2085-97-77 19:122:250:5579,2.265,-0.765,2.051,-562.134,-442.932,-20.142,9.289,33.19,-76.388
 14:55:52.484,eb:33:2e:f9:57:b5, 2085-97-49 17:43:252:7902,1.907,-0.607,3.348,-552.429,-498.657,-13.611,3.279,28.389,-77.201
 14:55:52.484,eb:33:2e:f9:57:b5, 2085-97-189 13:61:254:9057,1.493,-0.37,4.047,-558.35,-494.08,-13.428,-2.357,23.423,-77.426
 14:55:52.484,eb:33:2e:f9:57:b5, 2085-97-146 09:51:01:9047,0.975,-0.033,4.557,-556.458,-456.848,-16.357,-7.888,18.622,-77.162
 14:55:52.484,eb:33:2e:f9:57:b5, 2085-97-73 06:211:03:8671,0.688,0.261,4.339,-541.382,-440.247,-12.39,-13.189,14.194,-76.498
 14:55:52.486,eb:33:2e:f9:57:b5, 2085-97-183 04:20:07:8932,0.391,0.666,4.31,-510.742,-434.753,-0.488,-18.259,9.915,-75.355
 14:55:52.486,eb:33:2e:f9:57:b5, 2085-97-227 00:187:09:8151,-0.198,1.062,4.217,-462.646,-464.417,16.296,-22.896,5.784,-73.724
 14:55:52.486,eb:33:2e:f9:57:b5, 2085-97-36 252:213:10:8495,-0.771,1.301,3.884,-397.949,-578.918,49.377,-27.065,1.154,-71.213
 14:55:52.486,eb:33:2e:f9:57:b5, 2085-97-122 246:170:11:11394,-1.794,1.41,4.734,-350.342,-722.839,118.652,-30.855,-4.213,-67.28
 14:55:52.488,eb:33:2e:f9:57:b5, 2085-97-113 236:185:21:14506,-3.168,1.807,6.353,-365.601,-730.164,227.234,-35.118,-9.536,-61.716
 14:55:52.488,eb:33:2e:f9:57:b5, 2085-97-121 226:146:50:16768,-4.155,4.52,7.918,-352.112,-613.892,332.886,-40.106,-13.123,-55.223
 14:55:52.488,eb:33:2e:f9:57:b5, 2085-97-173 220:05:71:15326,-4.527,7.966,7.913,-216.858,-484.131,341.064,-44.522,-14.832,-48.818
 14:55:52.488,eb:33:2e:f9:57:b5, 2085-97-79 220:150:77:11539,-4.233,9.337,6.718,-102.905,-245.3,289.185,-47.296,-15.112,-43.841
 14:55:52.488,eb:33:2e:f9:57:b5, 2085-97-164 224:27:80:7319,-3.512,9.971,4.625,-70.251,27.588,187.439,-48.653,-13.964,-41.528
 14:55:52.488,eb:33:2e:f9:57:b5, 2085-97-56 230:185:74:3337,-3.135,9.751,2.518,-65.918,180.786,41.382,-49.285,-12.316,-41.797
 14:55:52.488,eb:33:2e:f9:57:b5, 2085-97-75 231:220:63:2964,-3.012,8.779,1.208,-30.457,169.128,-102.722,-49.373,-11.431,-43.517
 14:55:52.489,eb:33:2e:f9:57:b5, 2085-97-61 233:95:51:3956,-2.595,7.188,1.786,42.114,196.228,-207.214,-48.801,-11.536,-45.983
 14:55:52.543,eb:33:2e:f9:57:b5, 2085-97-215 237:185:33:3871,-2.106,5.449,1.933,124.512,270.935,-273.682,-47.131,-11.761,-49.532
 14:55:52.543,eb:33:2e:f9:57:b5, 2085-97-97 08:196:248:10134,1.128,2.882,1.672,186.768,310.242,-291.931,-44.637,-11.755,-53.784
 14:55:52.543,eb:33:2e:f9:57:b5, 2085-97-89 11:206:244:10159,1.781,-1.187,5.208,385.254,348.389,-1.77,-1.582,-2.274,-66.187
 14:55:52.543,eb:33:2e:f9:57:b5, 2085-97-124 14:130:247:8146,1.258,-1.224,4.296,457.458,446.655,-2.136,2.675,1.758,-66.16
 14:55:52.545,eb:33:2e:f9:57:b5, 2085-97-66 07:24:251:9265,0.912,-0.98,4.105,497.009,509.094,-13.733,7.657,6.658,-65.841
 14:55:52.545,eb:33:2e:f9:57:b5, 2085-97-159 11:89:249:11198,2.195,-0.579,5.182,500.549,519.409,-19.226,12.766,11.75,-65.121
 14:55:52.545,eb:33:2e:f9:57:b5, 2085-97-75 15:28:253:7550,1.281,-0.613,4.93,507.263,543.823,-27.283,18.292,17.012,-63.842
 14:55:52.545,eb:33:2e:f9:57:b5, 2085-97-149 12:228:245:3762,2.56,-0.394,2.675,386.597,492.737,-56.458,23.318,21.995,-62.397
 14:55:52.606,eb:33:2e:f9:57:b5, 2085-97-220 27:180:236:241,2.683,-2.649,0.997,172.485,436.89,-41.809,26.818,26.373,-60.628
 14:55:52.606,eb:33:2e:f9:57:b5, 2085-97-218 16:208:03:192,2.728,-0.543,0.478,102.173,270.935,-135.742,28.504,30.015,-59.584
 14:55:52.606,eb:33:2e:f9:57:b5, 2085-97-231 22:121:246:7756,2.242,-0.274,3.033,36.804,-5.127,-238.098,28.389,31.586,-61.084
 14:55:52.606,eb:33:2e:f9:57:b5, 2085-97-126 14:24:238:6615,1.436,-2.068,3.338,-5.188,43.396,-308.96,27.032,33.025,-64.056
 14:55:52.608,eb:33:2e:f9:57:b5, 2085-97-190 08:70:238:7067,0.781,-2.166,3.186,-72.266,100.83,-297.241,25.115,35.134,-66.863
 14:55:52.608,eb:33:2e:f9:57:b5, 2085-97-81 04:16:233:7764,0.457,-2.493,3.754,-144.958,89.722,-250.366,22.44,37.106,-69.543
 14:55:52.608,eb:33:2e:f9:57:b5, 2085-113-81 00:118:92:10498,0.538,-3.136,3.787,-237.305,131.897,-147.583,19.44,38.815,-71.362
 14:55:52.608,eb:33:2e:f9:57:b5, 2085-97-106 06:34:231:8199,1.176,-3.223,3.875,-282.715,181.702,-85.388,17.897,39.754,-71.735
 14:55:52.608,eb:33:2e:f9:57:b5, 2085-97-136 12:31:236:7310,2.025,-2.837,3.956,-347.534,293.762,21.057,15.15,42.171,-71.082
 14:55:52.664,eb:33:2e:f9:57:b5, 2085-97-87 20:197:242:4436,3.07,-2.073,2.965,-381.531,327.332,94.727,12.81,45.132,-69.181
 14:55:52.664,eb:33:2e:f9:57:b5, 2085-97-130 27:84:248:403,3.556,-1.26,1.194,-414.368,269.287,132.751,10.761,47.829,-66.55
 14:55:52.664,eb:33:2e:f9:57:b5, 2085-97-240 27:57:249:-935,3.363,-0.833,-0.434,-443.542,114.136,131.226,8.317,49.499,-64.083
 14:55:52.664,eb:33:2e:f9:57:b5, 2085-97-191 25:189:248:1695,3.015,-0.892,0.086,-446.594,-78.064,127.625,5.4,49.356,-62.073
 14:55:52.694,eb:33:2e:f9:57:b5, 2085-97-135 22:197:248:3682,2.746,-0.917,1.413,-462.708,-158.386,145.447,2.307,47.939,-60.194
 14:55:52.694,eb:33:2e:f9:57:b5, 2085-97-123 22:120:251:4412,2.937,-0.799,2.034,-494.995,-160.706,172.668,-0.747,46.247,-57.838
 14:55:52.694,eb:33:2e:f9:57:b5, 2085-97-36 24:207:255:4174,3.051,-0.283,2.151,-519.836,-166.931,172.302,-3.999,44.703,-55.278
 14:55:52.694,eb:33:2e:f9:57:b5, 2085-97-64 24:122:02:3969,2.969,0.172,1.942,-525.513,-215.881,139.282,-7.542,42.896,-52.833
 14:55:52.786,eb:33:2e:f9:57:b5, 2085-97-26 23:15:04:4793,2.853,0.411,2.096,-518.616,-285.217,87.891,-11.393,40.562,-50.823
 14:55:52.786,eb:33:2e:f9:57:b5, 2085-97-72 22:234:05:5822,2.658,0.63,2.615,-516.602,-320.618,29.48,-15.513,37.612,-49.175
 14:55:52.786,eb:33:2e:f9:57:b5, 2085-97-204 19:155:07:5976,2.246,0.867,2.929,-515.32,-322.51,-31.494,-19.99,34.525,-48.043
 14:55:52.786,eb:33:2e:f9:57:b5, 2085-97-117 15:182:07:6146,1.668,1.001,2.985,-506.409,-335.632,-83.191,-24.631,31.146,-47.214
 14:55:52.906,eb:33:2e:f9:57:b5, 2085-97-26 11:173:06:6782,1.248,0.896,3.115,-488.708,-365.173,-98.633,-29.185,27.576,-46.39
 14:55:52.906,eb:33:2e:f9:57:b5, 2085-97-204 09:26:08:8000,1.086,0.849,3.572,-456.97,-405.151,-70.007,-33.267,23.719,-44.962
 14:55:52.906,eb:33:2e:f9:57:b5, 2085-97-147 05:246:10:7849,0.391,1.234,3.993,-426.453,-432.922,-14.343,-36.837,20.045,-42.764
 14:55:52.906,eb:33:2e:f9:57:b5, 2085-97-96 01:25:16:8819,-0.401,1.573,3.933,-368.774,-505.249,61.157,-39.776,16.43,-39.485
 14:55:52.911,eb:33:2e:f9:57:b5, 2085-97-222 246:08:28:9892,-1.913,2.636,4.521,-253.906,-609.497,142.883,-41.732,12.887,-34.904
 14:55:52.911,eb:33:2e:f9:57:b5, 2085-97-248 232:252:46:11404,-4.073,4.662,5.22,-48.096,-705.505,212.708,-42.045,9.064,-28.987
 14:55:52.911,eb:33:2e:f9:57:b5, 2085-97-187 215:56:55:15539,-5.676,6.696,6.519,133.179,-751.465,223.083,-40.583,4.944,-22.324
 14:55:52.911,eb:33:2e:f9:57:b5, 2085-113-58 00:23:233:1845,-5.574,7.05,7.238,82.031,-393.921,195.923,-38.963,1.686,-17.007
 14:55:52.915,eb:33:2e:f9:57:b5, 2085-97-153 218:230:68:9395,-3.493,7.487,6.034,-17.7,-145.569,169.128,-38.809,1.307,-15.535
 14:55:52.915,eb:33:2e:f9:57:b5, 2085-97-141 236:13:89:4127,-1.657,10.025,3.186,-196.411,218.506,11.719,-40.089,2.488,-15.304
 14:55:52.915,eb:33:2e:f9:57:b5, 2085-97-211 244:67:88:439,-1.646,11.569,1.094,-144.653,275.879,-261.963,-42.05,3.598,-18.199
 14:55:52.915,eb:33:2e:f9:57:b5, 2085-97-131 238:71:61:-081,-2.819,9.471,-0.245,40.466,104.004,-472.107,-42.709,2.335,-22.363
 14:55:53.054,eb:33:2e:f9:57:b5, 2085-97-17 237:188:07:9613,-1.458,6.107,0.562,139.16,13,-499.451,-41.594,-0.775,-26.395
 14:55:53.054,eb:33:2e:f9:57:b5, 2085-97-58 250:56:228:-21353,-7.731,3.392,6.446,635.803,1251.709,-178.711,-36.53,0.093,-30.657
 14:55:53.054,eb:33:2e:f9:57:b5, 2085-97-31 211:188:223:-1289,-3.024,-7.317,-3.008,772.827,165.283,23.193,-29.674,4.521,-34.86
 14:55:53.054,eb:33:2e:f9:57:b5, 2085-97-240 07:64:54:1887,3.138,4.024,8.949,736.084,-346.008,95.459,-21.127,3.17,-32.805
 14:55:53.056,eb:33:2e:f9:57:b5, 2085-97-66 28:64:15:8072,2.125,4.741,2.864,209.412,-401.306,-44.067,-17.001,-1.681,-31.08
 14:55:53.056,eb:33:2e:f9:57:b5, 2085-97-214 03:219:01:2350,-0.389,0.992,2.133,66.162,-82.703,44.312,-16.062,-2.988,-30.591
 14:55:53.056,eb:33:2e:f9:57:b5, 2085-97-82 246:115:255:376,-1.038,-0.104,0.704,78.43,-45.776,0,-15.062,-3.422,-30.564
 14:55:53.056,eb:33:2e:f9:57:b5, 2085-97-175 02:187:04:1847,0.608,0.165,-0.136,55.481,-109.497,-14.771,-14.403,-4.213,-30.465
 14:55:53.058,eb:33:2e:f9:57:b5, 2085-97-52 03:233:01:2890,0.046,0.385,1.5,24.048,-44.189,-12.939,-13.947,-4.988,-30.476
 14:55:53.058,eb:33:2e:f9:57:b5, 2085-97-173 253:80:255:1824,-0.393,-0.007,1.205,33.447,-21.912,-6.836,-13.656,-5.284,-30.547
 14:55:53.059,eb:33:2e:f9:57:b5, 2085-97-101 254:211:00:1663,0.131,-0.066,0.79,29.846,-34.79,-2.747,-13.184,-5.587,-30.564
 14:55:53.059,eb:33:2e:f9:57:b5, 2085-97-41 02:28:01:2767,0.414,0.197,1.129,20.752,-24.536,-5.127,-12.942,-5.927,-30.558
 14:55:53.059,eb:33:2e:f9:57:b5, 2085-97-21 03:139:00:3054,0.197,0.127,1.573,21.912,21.729,-1.343,-12.579,-5.971,-30.63
 14:55:53.059,eb:33:2e:f9:57:b5, 2085-97-184 255:122:254:3991,-0.417,0.029,1.471,13.184,72.327,9.766,-12.415,-5.422,-30.729
 14:55:53.059,eb:33:2e:f9:57:b5, 2085-97-223 254:219:00:4695,-0.207,-0.501,2.657,-16.113,143.372,50.781,-12.283,-4.318,-30.756
 14:55:53.059,eb:33:2e:f9:57:b5, 2085-97-180 04:230:05:6499,1.295,-0.062,3.064,2.075,179.077,77.026,-12.415,-2.604,-30.498
 14:55:53.061,eb:33:2e:f9:57:b5, 2085-97-86 08:213:00:8649,1.021,0.7,3.865,124.023,160.889,11.78,-11.602,-0.928,-30.449
 14:55:53.061,eb:33:2e:f9:57:b5, 2085-97-20 10:91:254:9884,1.454,-0.148,4.562,212.708,222.656,0.488,-9.866,0.95,-30.795
 14:55:53.061,eb:33:2e:f9:57:b5, 2085-97-36 12:41:250:8915,1.489,-0.435,4.615,292.908,311.829,-7.202,-7.147,3.609,-31.262
 14:55:53.061,eb:33:2e:f9:57:b5, 2085-97-227 11:217:244:8428,1.522,-1.067,4.245,363.037,401.123,-3.784,-3.884,7.191,-31.69
 14:55:53.144,eb:33:2e:f9:57:b5, 2085-97-115 11:155:243:7006,0.913,-1.481,3.796,449.097,494.751,-9.46,0.335,11.706,-31.882
 14:55:53.144,eb:33:2e:f9:57:b5, 2085-97-41 02:77:244:8527,0.265,-1.41,3.338,508.484,534.058,-21.362,5.213,16.924,-31.805
 14:55:53.144,eb:33:2e:f9:57:b5, 2085-113-81 00:217:119:4620,0.69,-1.175,5.013,555.054,515.198,-1.038,10.898,22.115,-31.097
 14:55:53.144,eb:33:2e:f9:57:b5, 2085-97-252 07:204:248:9981,1.044,-0.893,5.28,582.275,504.089,-1.709,13.997,24.604,-30.542
 14:55:53.144,eb:33:2e:f9:57:b5, 2085-97-156 10:07:252:8906,1.136,-0.871,4.371,613.281,410.706,9.094,20.874,28.883,-28.911
 14:55:53.146,eb:33:2e:f9:57:b5, 2085-97-44 08:26:03:5619,1.308,0.288,3.655,496.399,476.379,-19.836,27.609,32.948,-26.845
 14:55:53.146,eb:33:2e:f9:57:b5, 2085-97-78 14:126:227:639,1.154,-1.004,1.789,231.079,515.93,-22.949,32.932,37.304,-23.967
 14:55:53.146,eb:33:2e:f9:57:b5, 2085-97-246 12:233:246:-3082,2.338,-4.173,1.032,32.654,560.913,110.046,36.661,41.517,-19.709
 14:55:53.146,eb:33:2e:f9:57:b5, 2085-97-24 24:83:08:5663,3.152,0.683,-0.634,-87.341,214.966,68.665,39.457,43.896,-15.276
 14:55:53.234,eb:33:2e:f9:57:b5, 2085-97-154 22:40:13:6226,2.117,1.493,3.166,-47.668,86.426,-41.992,39.688,44.863,-13.953
 14:55:53.234,eb:33:2e:f9:57:b5, 2085-97-123 14:146:08:6581,1.636,1.376,3.014,-4.639,22.644,-163.757,39.007,45.829,-14.672
 14:55:53.234,eb:33:2e:f9:57:b5, 2085-97-63 10:86:03:7214,0.98,0.792,3.398,-6.714,8.789,-240.356,37.343,47.247,-16.985
 14:55:53.234,eb:33:2e:f9:57:b5, 2085-97-100 05:254:252:7645,0.535,0.049,3.758,-57.678,3.906,-270.569,34.821,48.675,-20.045
 14:55:53.236,eb:33:2e:f9:57:b5, 2085-97-24 04:196:250:7588,0.603,-0.583,3.711,-156.982,48.462,-244.385,31.333,50.29,-23.242
 14:55:53.236,eb:33:2e:f9:57:b5, 2085-97-16 07:96:252:7575,1.272,-0.607,3.674,-273.315,137.146,-189.087,27.51,52.07,-25.356
 14:55:53.236,eb:33:2e:f9:57:b5, 2085-97-57 13:39:00:6964,1.977,-0.209,3.631,-354.98,223.45,-148.56,23.373,54.47,-26.548
 14:55:53.236,eb:33:2e:f9:57:b5, 2085-97-83 18:110:02:4745,2.575,0.201,2.955,-397.583,268.616,-131.653,19.16,57.2,-27.092
 14:55:53.264,eb:33:2e:f9:57:b5, 2085-97-185 22:135:02:1805,2.983,0.348,1.571,-429.565,268.738,-123.474,14.31,60.183,-27.944
 14:55:53.264,eb:33:2e:f9:57:b5, 2085-97-108 24:175:00:-365,3.036,0.212,0.236,-461.487,212.097,-125.122,8.674,62.693,-29.317
 14:55:53.264,eb:33:2e:f9:57:b5, 2085-97-198 23:232:253:-661,2.863,-0.071,-0.364,-487.366,100.586,-117.554,1.741,64.336,-31.772
 14:55:53.264,eb:33:2e:f9:57:b5, 2085-97-167 21:134:250:-428,2.529,-0.48,-0.26,-501.404,-18.311,-78.003,-5.087,64.539,-33.893
 14:55:53.384,eb:33:2e:f9:57:b5, 2085-97-254 18:02:249:136,2.362,-0.832,-0.159,-499.451,-142.456,-3.967,-10.662,63.633,-34.557
 14:55:53.384,eb:33:2e:f9:57:b5, 2085-97-23 19:182:251:1680,2.393,-0.754,0.433,-491.15,-262.39,94.116,-13.557,61.523,-32.305
 14:55:53.384,eb:33:2e:f9:57:b5, 2085-97-12 19:62:255:2815,2.349,-0.296,1.126,-489.624,-319.214,167.908,-14.87,58.991,-28.213
 14:55:53.384,eb:33:2e:f9:57:b5, 2085-97-103 18:88:01:3728,2.231,0.049,1.608,-489.746,-350.464,219.482,-15.255,56.096,-22.917
 14:55:53.386,eb:33:2e:f9:57:b5, 2085-97-61 17:93:03:4470,2.118,0.288,1.996,-488.77,-362.244,254.822,-15.54,53.284,-17.32
 14:55:53.386,eb:33:2e:f9:57:b5, 2085-97-151 17:125:06:5206,2.383,0.575,2.38,-487.671,-356.628,276.733,-15.826,50.361,-11.519
 14:55:53.386,eb:33:2e:f9:57:b5, 2085-97-158 20:228:12:5027,2.753,1.17,2.576,-484.131,-330.322,272.095,-16.518,47.84,-6.053
 14:55:53.386,eb:33:2e:f9:57:b5, 2085-97-64 22:85:20:3911,2.376,2.084,2.241,-474.67,-317.688,224.792,-17.765,45.324,-1.208
 14:55:53.388,eb:33:2e:f9:57:b5, 2085-97-255 14:128:21:2494,1.503,2.737,1.427,-445.618,-371.033,153.687,-19.627,42.726,2.714
 14:55:53.389,eb:33:2e:f9:57:b5, 2085-97-227 08:37:20:4860,0.502,2.675,1.66,-368.469,-510.498,99.609,-21.313,38.754,6.29
 14:55:53.389,eb:33:2e:f9:57:b5, 2085-97-152 255:48:17:6807,-0.529,2.296,2.795,-293.457,-568.848,99.182,-22.429,34.019,9.866
 14:55:53.389,eb:33:2e:f9:57:b5, 2085-97-195 248:123:19:8925,-1.122,2.192,3.893,-218.933,-535.889,143.25,-22.95,29.136,13.683
 14:55:53.533,eb:33:2e:f9:57:b5, 2085-97-31 246:88:29:8665,-1.323,2.945,4.544,-146.973,-420.349,200.928,-22.95,25.417,17.529
 14:55:53.533,eb:33:2e:f9:57:b5, 2085-97-19 244:33:45:6038,-1.617,4.571,3.644,-94.543,-327.759,240.723,-22.577,22.775,21.297
 14:55:53.533,eb:33:2e:f9:57:b5, 2085-113-58 00:208:228:-1200,-1.761,6.694,2.449,-46.265,-356.201,235.84,-21.863,20.594,25.005
 14:55:53.533,eb:33:2e:f9:57:b5, 2085-97-47 240:82:67:4069,-2.313,7.665,2.104,-23.56,-402.71,216.064,-21.39,19.226,26.867
 14:55:53.535,eb:33:2e:f9:57:b5, 2085-97-44 233:191:72:5652,-3.481,8.837,2.204,13.367,-482.727,152.283,-20.38,15.474,30.3
 14:55:53.535,eb:33:2e:f9:57:b5, 2085-97-126 224:150:73:7342,-4.154,9.203,3.379,41.748,-410.706,61.096,-19.473,11.492,32.86
 14:55:53.535,eb:33:2e:f9:57:b5, 2085-97-106 223:55:71:5917,-3.89,9.14,3.198,72.937,-181.458,-55.969,-18.704,8.63,33.761
 14:55:53.535,eb:33:2e:f9:57:b5, 2085-97-214 227:49:60:4481,-3.053,8.44,2.609,123.047,61.279,-208.923,-17.886,7.811,32.459
 14:55:53.537,eb:33:2e:f9:57:b5, 2085-97-202 232:227:39:1880,-2.989,6.288,1.697,173.523,197.083,-320.129,-16.732,8.234,29.328
 14:55:53.537,eb:33:2e:f9:57:b5, 2085-97-250 230:160:18:750,-3.305,3.675,0.409,201.599,180.969,-351.807,-15.419,9.19,25.362
 14:55:53.537,eb:33:2e:f9:57:b5, 2085-97-116 229:172:253:1390,-3.198,0.942,0.492,205.566,157.166,-316.162,-13.887,9.772,21.627
 14:55:53.537,eb:33:2e:f9:57:b5, 2085-97-169 231:34:238:1154,-4.431,-1.313,0.746,187.378,245.483,-231.689,-12.48,11.074,18.413
 14:55:53.539,eb:33:2e:f9:57:b5, 2085-97-149 209:64:217:6665,1.929,3.771,-4.718,-307.739,-296.631,-89.05,-12.233,11.909,17.15
 14:55:53.539,eb:33:2e:f9:57:b5, 2085-97-222 28:170:22:6940,3.739,3.744,7.296,10.925,253.235,-409.119,-12.744,7.053,14.908
 14:55:53.539,eb:33:2e:f9:57:b5, 2085-97-50 18:244:06:4507,1.095,0.587,3.122,39.551,-84.961,41.138,-12.277,6.026,14.469
 14:55:53.539,eb:33:2e:f9:57:b5, 2085-97-249 245:08:00:-189,-1.047,0.905,1.867,33.691,5.493,36.865,-11.92,5.801,14.963
 14:55:53.655,eb:33:2e:f9:57:b5, 2085-97-122 241:250:250:-646,-1.202,-0.133,0.305,29.297,-10.803,2.319,-11.459,5.609,15.2
 14:55:53.655,eb:33:2e:f9:57:b5, 2085-97-169 05:16:05:2838,1.283,-0.458,0.409,40.1,-112.671,7.507,-11.118,4.905,15.309
 14:55:53.655,eb:33:2e:f9:57:b5, 2085-97-87 04:61:01:2788,-0.022,0.746,1.582,3.906,7.751,-19.653,-10.794,4.29,15.326
 14:55:53.655,eb:33:2e:f9:57:b5, 2085-97-41 255:132:00:1902,-0.127,-0.009,0.978,20.264,-11.414,-9.46,-10.69,4.318,15.106
 14:55:53.655,eb:33:2e:f9:57:b5, 2085-97-164 255:213:00:1917,0.191,0.107,0.878,17.883,-15.076,-13.55,-10.388,4.081,15.029
 14:55:53.655,eb:33:2e:f9:57:b5, 2085-97-138 01:69:00:2880,-0.023,0.098,1.226,20.325,-13.489,-11.047,-10.223,3.9,14.865
 14:55:53.655,eb:33:2e:f9:57:b5, 2085-97-103 250:104:247:4791,-0.573,-0.204,1.929,35.339,13.245,13.611,-9.811,3.713,14.865
 14:55:53.656,eb:33:2e:f9:57:b5, 2085-97-174 252:250:254:5955,0.526,-1.423,2.656,34.729,91.064,136.902,-9.426,4.493,15.463
 14:55:53.685,eb:33:2e:f9:57:b5, 2085-97-165 12:136:03:9630,2.314,0.226,4.241,115.479,76.721,111.45,-8.646,5.427,16.677
 14:55:53.685,eb:33:2e:f9:57:b5, 2085-97-99 25:23:08:8371,3.515,0.558,4.363,198.242,179.077,53.101,-6.833,6.735,17.21
 14:55:53.685,eb:33:2e:f9:57:b5, 2085-97-175 27:230:05:8041,3.284,1.094,3.857,239.136,318.848,-22.156,-4.532,9.207,17.095
 14:55:53.685,eb:33:2e:f9:57:b5, 2085-97-253 24:90:254:7883,2.794,0.283,3.887,275.513,486.45,-74.829,-2.109,13.277,16.26
 14:55:53.715,eb:33:2e:f9:57:b5, 2085-97-158 18:90:244:7788,2.345,-0.932,3.895,343.384,674.988,-100.769,0.813,18.995,15.271
 14:55:53.715,eb:33:2e:f9:57:b5, 2085-97-67 21:236:251:7838,2.685,-1.384,3.405,458.801,786.682,-108.582,4.532,26.686,14.474
 14:55:53.715,eb:33:2e:f9:57:b5, 2085-97-209 19:14:03:8010,1.594,0.081,4.475,652.344,581.543,-178.833,9.91,33.602,13.837
 14:55:53.715,eb:33:2e:f9:57:b5, 2085-97-92 03:215:07:8665,-0.645,0.99,2.957,820.923,120.056,-263.672,16.386,37.529,12.074
 14:55:53.895,eb:33:2e:f9:57:b5, 2085-97-239 244:217:248:10613,-1.75,0.152,5.993,812.683,-109.192,-321.045,22.434,37.848,8.168
 14:55:53.895,eb:33:2e:f9:57:b5, 2085-97-03 236:87:240:8928,-2.491,-0.743,3.871,509.338,193.604,-296.082,27.076,39.348,4.812
 14:55:53.895,eb:33:2e:f9:57:b5, 2085-97-80 238:156:213:13716,-0.313,-4.058,5.346,144.47,737.976,-88.074,30.679,44.522,5.62
 14:55:53.895,eb:33:2e:f9:57:b5, 2085-97-61 10:17:01:7635,3.316,-2.079,5.456,66.528,1096.924,268.127,39.106,51.801,15.688
 14:55:53.895,eb:33:2e:f9:57:b5, 2085-97-144 33:110:08:9264,4.171,0.538,5.807,11.23,928.528,372.253,52.487,56.261,31.86
 14:55:53.895,eb:33:2e:f9:57:b5, 2085-97-160 33:153:13:4243,3.96,1.644,2.6,59.631,638.489,324.219,66.077,57.244,47.527
 14:55:53.895,eb:33:2e:f9:57:b5, 2085-97-208 28:113:13:3853,3.265,1.7,1.869,74.646,363.586,199.951,74.949,56.234,57.316
 14:55:53.895,eb:33:2e:f9:57:b5, 2085-97-101 23:73:08:4935,2.802,1.397,2.168,56.763,166.626,47.546,79.563,55.668,62.04
 14:55:53.923,eb:33:2e:f9:57:b5, 2085-97-22 20:132:04:5864,2.061,0.82,2.64,42.358,-5.005,-96.741,80.87,55.964,63.045
 14:55:53.923,eb:33:2e:f9:57:b5, 2085-97-217 13:120:253:6467,1.291,0.125,3.063,-38.33,-89.355,-221.436,79.585,57.508,61.397
 14:55:53.923,eb:33:2e:f9:57:b5, 2085-97-102 10:60:247:7486,1.268,-0.856,3.142,-124.023,-106.506,-268.188,76.124,59.595,58.436
 14:55:53.923,eb:33:2e:f9:57:b5, 2085-97-81 08:68:244:7862,1.196,-1.35,3.924,-194.336,-24.719,-260.803,71.977,61.996,55.503
 14:55:53.927,eb:33:2e:f9:57:b5, 2085-97-226 08:215:243:6660,1.342,-1.507,3.805,-239.258,76.111,-231.995,68.439,64.232,54.053
 14:55:53.927,eb:33:2e:f9:57:b5, 2085-97-75 12:23:243:4317,1.635,-1.56,2.833,-275.146,139.221,-190.369,66.33,66.594,54.52
 14:55:53.927,eb:33:2e:f9:57:b5, 2085-97-191 12:81:242:1051,1.608,-1.705,1.362,-321.228,152.71,-151.917,64.742,68.588,56.08
 14:55:53.927,eb:33:2e:f9:57:b5, 2085-97-167 12:114:242:-1951,1.629,-1.738,-0.22,-396.118,108.582,-111.206,62.77,70.34,57.772
 14:55:53.954,eb:33:2e:f9:57:b5, 2085-97-184 12:87:243:-1207,1.732,-1.582,-0.896,-485.718,14.832,-61.218,58.107,71.142,57.612
 14:55:53.954,eb:33:2e:f9:57:b5, 2085-97-104 14:243:244:101,1.957,-1.51,-0.107,-545.288,-52.002,-3.723,51.74,71.23,56.332
 14:55:53.954,eb:33:2e:f9:57:b5, 2085-97-122 16:53:249:098,2.132,-1.114,0.052,-581.116,-97.046,57.8,44.714,70.318,54.921
 14:55:53.954,eb:33:2e:f9:57:b5, 2085-97-204 17:110:254:1090,2.275,-0.55,0.175,-588.44,-168.945,102.661,38.172,68.758,54.152
 14:55:53.955,eb:33:2e:f9:57:b5, 2085-97-45 18:194:03:2884,2.251,0.162,0.969,-580.139,-239.502,129.272,31.536,66.187,53.322
 14:55:53.956,eb:33:2e:f9:57:b5, 2085-113-58 00:167:239:-3735,2.218,0.706,1.741,-569.153,-278.076,145.508,25.703,63.215,53.168
 14:55:53.956,eb:33:2e:f9:57:b5, 2085-97-251 16:188:07:4191,1.987,0.845,1.991,-562.195,-285.217,150.757,22.857,61.447,53.179
 14:55:53.956,eb:33:2e:f9:57:b5, 2085-97-222 14:164:09:3865,1.787,1.083,1.988,-543.274,-301.392,156.799,18.056,58.162,53.954
 14:55:53.956,eb:33:2e:f9:57:b5, 2085-97-238 13:62:11:3752,1.751,1.324,1.839,-516.235,-332.397,152.954,13.546,54.503,54.932
 14:55:54.075,eb:33:2e:f9:57:b5, 2085-97-199 11:06:13:3441,1.248,1.524,1.899,-495.728,-349.609,143.494,9.503,50.812,56.179
 14:55:54.075,eb:33:2e:f9:57:b5, 2085-97-243 08:167:14:3268,0.929,1.7,1.576,-468.628,-384.644,132.874,5.554,46.824,57.426
 14:55:54.075,eb:33:2e:f9:57:b5, 2085-97-130 05:146:17:3911,0.43,2.014,1.75,-430.847,-429.626,116.76,2.043,42.649,58.799
 14:55:54.075,eb:33:2e:f9:57:b5, 2085-97-22 01:186:21:4702,-0.149,2.439,2.094,-407.837,-445.068,103.516,-1.346,38.057,60.112
 14:55:54.075,eb:33:2e:f9:57:b5, 2085-97-143 252:209:25:5216,-0.658,2.971,2.46,-388.306,-432.617,93.811,-4.455,33.701,61.589
 14:55:54.075,eb:33:2e:f9:57:b5, 2085-97-28 249:16:33:5318,-1.087,3.586,2.589,-368.652,-381.531,90.82,-7.515,29.559,63.089
 14:55:54.075,eb:33:2e:f9:57:b5, 2085-97-76 245:221:46:5105,-1.61,4.896,2.561,-341.553,-325.073,88.928,-10.316,26.268,64.709
 14:55:54.075,eb:33:2e:f9:57:b5, 2085-97-133 241:250:61:4651,-1.94,6.881,2.383,-248.718,-329.529,69.641,-12.733,23.11,66.231
 14:55:54.078,eb:33:2e:f9:57:b5, 2085-97-88 239:174:67:5065,-2.363,8.255,2.293,-81.97,-383.911,31.25,-13.81,19.726,67.643
 14:55:54.078,eb:33:2e:f9:57:b5, 2085-97-75 234:235:64:6160,-3.071,8.421,2.695,69.824,-405.945,-5.92,-13.48,15.705,68.708
 14:55:54.078,eb:33:2e:f9:57:b5, 2085-97-174 229:124:58:6676,-3.296,7.668,3.28,152.283,-338.928,-35.461,-12.09,11.948,69.346
 14:55:54.078,eb:33:2e:f9:57:b5, 2085-97-24 231:171:56:4517,-2.898,7.123,2.783,138.367,-185.364,-61.401,-10.602,9.218,69.346
 14:55:54.105,eb:33:2e:f9:57:b5, 2085-97-247 233:174:53:2884,-2.745,7.031,1.756,125.549,-102.478,-127.38,-9.448,7.745,68.648
 14:55:54.105,eb:33:2e:f9:57:b5, 2085-97-81 232:47:39:2400,-3.245,5.95,1.296,183.044,-81.848,-221.191,-8.097,6.449,66.995
 14:55:54.105,eb:33:2e:f9:57:b5, 2085-97-203 226:93:16:1558,-4.085,3.558,1.018,242.554,-52.063,-295.41,-6.185,5.455,64.424
 14:55:54.105,eb:33:2e:f9:57:b5, 2085-97-26 231:204:37:17210,-6.463,0.455,0.628,270.203,-3.54,-305.603,-3.807,4.79,61.37
 14:55:54.165,eb:33:2e:f9:57:b5, 2085-97-248 26:140:30:4495,1.291,-3.138,-3.71,7.996,588.135,-347.412,-3.175,6.932,57.557
 14:55:54.166,eb:33:2e:f9:57:b5, 2085-97-21 247:115:238:-2358,-0.405,0.911,1.584,-143.738,496.338,-65.857,-4.697,11.733,55.541
 14:55:54.166,eb:33:2e:f9:57:b5, 2085-97-52 00:105:08:2300,-1.779,-0.449,0.688,61.279,-146.973,59.509,-4.62,11.986,55.789
 14:55:54.166,eb:33:2e:f9:57:b5, 2085-97-138 00:41:05:1567,0.756,-0.396,-0.389,41.077,-98.145,39.978,-4.12,11.459,56.393
 14:55:54.195,eb:33:2e:f9:57:b5, 2085-97-159 03:195:02:2818,0.673,0.727,1.313,1.099,11.23,-21.301,-3.84,10.679,56.563
 14:55:54.195,eb:33:2e:f9:57:b5, 2085-97-255 00:106:00:2495,-0.332,0.158,1.608,3.662,56.274,-29.602,-3.856,10.926,56.261
 14:55:54.195,eb:33:2e:f9:57:b5, 2085-97-29 253:223:254:1524,-0.356,-0.091,0.749,18.616,19.836,-24.475,-3.779,11.321,55.937
 14:55:54.195,eb:33:2e:f9:57:b5, 2085-97-100 254:25:00:1777,0.445,-0.078,0.756,23.987,-26.672,-4.7,-3.532,11.135,55.822
 14:55:54.285,eb:33:2e:f9:57:b5, 2085-97-159 05:106:02:3162,0.354,0.315,1.303,32.227,-32.471,-13.489,-3.235,10.712,55.789
 14:55:54.285,eb:33:2e:f9:57:b5, 2085-97-131 00:42:255:2881,0.29,0.125,1.375,37.781,1.16,-14.404,-2.878,10.547,55.613
 14:55:54.285,eb:33:2e:f9:57:b5, 2085-97-36 01:13:254:4870,-0.395,0.067,1.444,65.918,-30.518,19.531,-2.346,10.41,55.679
 14:55:54.285,eb:33:2e:f9:57:b5, 2085-97-176 252:132:250:9439,0.184,-0.531,3.759,148.804,-6.47,80.688,-1.132,10.003,56.234
 14:55:54.289,eb:33:2e:f9:57:b5, 2085-97-204 04:113:251:12315,0.769,-0.085,5.06,259.521,46.814,57.556,1.022,10.426,57.074
 14:55:54.289,eb:33:2e:f9:57:b5, 2085-97-65 10:139:246:12192,1.828,-0.869,6.06,378.113,170.044,40.039,4.471,11.382,57.629
 14:55:54.289,eb:33:2e:f9:57:b5, 2085-97-191 19:85:247:12028,3.089,-1.097,5.752,487.122,326.05,19.104,8.987,13.887,58.271
 14:55:54.289,eb:33:2e:f9:57:b5, 2085-97-211 28:36:246:10645,4.139,-1.155,5.536,619.263,464.539,-26.306,14.854,17.776,59.15
 14:55:54.344,eb:33:2e:f9:57:b5, 2085-97-169 36:79:250:9311,5.066,-1.288,4.987,738.037,584.473,-86.426,22.126,22.923,60.304
 14:55:54.344,eb:33:2e:f9:57:b5, 2085-97-111 36:203:10:7432,4.022,-0.042,4.324,859.314,582.214,-154.907,30.954,28.735,62.078
 14:55:54.344,eb:33:2e:f9:57:b5, 2085-97-109 17:169:19:7090,0.806,2.248,3.322,1003.296,179.443,-312.317,40.573,33.349,62.446
 14:55:54.344,eb:33:2e:f9:57:b5, 2085-97-228 01:189:245:15678,-0.348,0.848,6.166,1064.575,-287.231,-454.407,48.554,35.217,57.997
 14:55:54.346,eb:33:2e:f9:57:b5, 2085-97-10 249:12:240:11754,-1.495,-1.095,6.674,814.758,-80.994,-453.003,54.904,37.414,52.509
 14:55:54.346,eb:33:2e:f9:57:b5, 2085-97-54 241:190:194:13452,-0.794,-4.707,5.887,316.467,511.536,-257.69,60.342,41.644,52.657
 14:55:54.346,eb:33:2e:f9:57:b5, 2085-97-176 03:247:223:6169,2.827,-6.747,7.363,129.272,1153.442,245.056,69.846,45.093,63.776
 14:55:54.346,eb:33:2e:f9:57:b5, 2085-97-155 35:13:243:9434,4.617,-2.492,4.04,-24.963,952.759,473.938,81.293,43.808,79.387
 14:55:54.406,eb:33:2e:f9:57:b5, 2085-97-52 36:31:03:2456,4.237,-0.495,2.748,-50.11,683.594,522.705,88.66,39.364,91.044
 14:55:54.406,eb:33:2e:f9:57:b5, 2085-97-223 27:45:08:-075,2.929,0.721,0.408,-60.852,312.866,401.489,91.533,34.601,96.866
 14:55:54.406,eb:33:2e:f9:57:b5, 2085-97-208 20:165:15:3136,2.268,1.594,0.271,-38.818,-36.194,203.308,91.769,31.597,98.157
 14:55:54.406,eb:33:2e:f9:57:b5, 2085-97-233 13:86:08:8746,1.211,1.67,3.256,-9.155,-250.366,-17.334,90.313,30.701,96.01
 14:55:54.434,eb:33:2e:f9:57:b5, 2085-97-73 06:76:252:10024,0.466,0.254,4.749,9.399,-281.799,-188.11,88.671,31.86,92.692
 14:55:54.434,eb:33:2e:f9:57:b5, 2085-97-40 02:121:245:8835,0.117,-0.951,4.713,-21.79,-211.304,-277.466,86.797,34.058,89.544
 14:55:54.434,eb:33:2e:f9:57:b5, 2085-97-116 00:197:239:7833,-0.033,-1.688,3.898,-91.125,-115.356,-298.584,84.957,36.892,87.314
 14:55:54.434,eb:33:2e:f9:57:b5, 2085-97-25 255:133:235:7300,-0.174,-2.358,3.746,-159.424,-7.385,-274.719,82.798,39.578,86.111
 14:55:54.525,eb:33:2e:f9:57:b5, 2085-97-119 255:114:235:5701,0.178,-2.617,3.181,-221.619,72.266,-223.206,80.92,42.089,86.133
 14:55:54.525,eb:33:2e:f9:57:b5, 2085-97-87 04:51:237:3763,0.912,-2.476,2.311,-300.598,125.366,-169.922,78.717,44.044,86.924
 14:55:54.525,eb:33:2e:f9:57:b5, 2085-97-205 09:35:242:1284,1.429,-2.098,1.292,-400.635,171.692,-128.479,76.344,45.797,88.533
 14:55:54.525,eb:33:2e:f9:57:b5, 2085-97-130 12:131:247:-1007,1.647,-1.355,-0.019,-488.647,147.278,-120.667,72.955,47.28,90.236
 14:55:54.527,eb:33:2e:f9:57:b5, 2085-97-82 13:94:249:-1637,1.637,-0.873,-0.746,-535.095,37.903,-138.489,68.253,48.796,90.818
 14:55:54.527,eb:33:2e:f9:57:b5, 2085-97-28 12:98:248:-842,1.29,-0.871,-0.669,-539.795,-96.619,-148.682,61.49,49.828,89.176
 14:55:54.527,eb:33:2e:f9:57:b5, 2085-97-107 08:130:246:826,0.794,-1.057,0.037,-521.057,-227.417,-127.747,53.608,50.114,85.803
 14:55:54.527,eb:33:2e:f9:57:b5, 2085-97-79 04:207:243:2110,0.354,-1.365,0.739,-516.846,-304.932,-71.045,45.011,48.944,81.431
 14:55:54.615,eb:33:2e:f9:57:b5, 2085-97-193 01:101:243:3671,0.146,-1.603,1.392,-531.616,-334.595,18.188,37.205,46.653,77.975
 14:55:54.615,eb:33:2e:f9:57:b5, 2085-97-63 01:210:245:5110,0.18,-1.456,2.175,-551.025,-320.129,121.46,30.372,43.358,76.13
 14:55:54.615,eb:33:2e:f9:57:b5, 2085-97-192 02:35:250:5453,0.7,-1.057,2.635,-556.58,-293.762,215.454,24.928,39.853,76.306
 14:55:54.615,eb:33:2e:f9:57:b5, 2085-97-211 08:00:02:5192,1.355,-0.298,2.638,-548.706,-275.024,267.395,20.16,36.14,77.717
 14:55:54.615,eb:33:2e:f9:57:b5, 2085-97-164 11:131:12:4021,1.365,0.881,2.271,-543.945,-271.057,263.184,15.881,32.745,79.816
 14:55:54.616,eb:33:2e:f9:57:b5, 2085-97-02 09:122:22:3663,0.831,2.241,1.739,-529.602,-325.195,208.618,11.299,29.163,81.59
 14:55:54.616,eb:33:2e:f9:57:b5, 2085-113-64 00:120:12:000,0.534,3.168,2.282,-501.587,-417.053,131.042,6.702,25.153,82.831
 14:55:54.616,eb:33:2e:f9:57:b5, 2085-97-198 01:213:27:7139,-0.08,3.334,2.977,-490.967,-428.589,99.67,4.384,22.972,83.216
 14:55:54.644,eb:33:2e:f9:57:b5, 2085-97-142 253:129:32:7490,-0.408,3.717,3.673,-483.459,-371.155,51.208,-0.406,18.759,83.765
 14:55:54.644,eb:33:2e:f9:57:b5, 2085-97-57 252:83:39:6526,-0.584,4.471,3.524,-480.53,-265.076,-3.479,-5.114,15.628,84.21
 14:55:54.644,eb:33:2e:f9:57:b5, 2085-97-187 249:211:48:5209,-1.086,5.468,2.771,-457.031,-203.43,-67.383,-9.97,13.206,84.078
 14:55:54.644,eb:33:2e:f9:57:b5, 2085-97-38 244:27:58:5813,-1.896,6.73,2.607,-392.151,-226.379,-134.766,-14.348,10.909,83.551
 14:55:54.673,eb:33:2e:f9:57:b5, 2085-97-123 237:131:63:6878,-2.736,7.667,3.147,-279.602,-267.029,-183.838,-17.93,7.888,82.645
 14:55:54.673,eb:33:2e:f9:57:b5, 2085-97-202 231:242:65:7196,-3.239,8.19,3.457,-136.963,-259.46,-203.003,-20.072,4.719,81.716
 14:55:54.673,eb:33:2e:f9:57:b5, 2085-97-242 228:191:62:6690,-3.458,8.144,3.44,20.142,-211.792,-206.116,-20.698,1.642,80.601
 14:55:54.673,eb:33:2e:f9:57:b5, 2085-97-200 227:111:54:5314,-3.706,7.363,3.013,164.307,-134.094,-199.951,-19.688,-0.665,79.288
 14:55:54.704,eb:33:2e:f9:57:b5, 2085-97-85 225:48:42:3470,-3.834,6.027,2.049,273.682,-44.006,-180.42,-17.402,-2.225,77.75
 14:55:54.704,eb:33:2e:f9:57:b5, 2085-97-29 03:40:51:15218,-4.327,4.409,1.192,323.73,56.641,-156.494,-14.293,-2.571,76.108
 14:55:54.704,eb:33:2e:f9:57:b5, 2085-97-138 18:91:47:-3028,-3.049,8.207,-1.635,713.44,419.25,-317.017,-8.152,-0.286,73.883
 14:55:54.704,eb:33:2e:f9:57:b5, 2085-97-31 09:26:252:13542,-4.7,0.651,1.278,-43.762,240.845,104.004,-4.477,5.312,68.681
 14:55:54.794,eb:33:2e:f9:57:b5, 2085-97-255 240:143:248:-4289,-1.42,-4.343,-6.52,-36.255,261.353,98.999,-4.993,9.382,67.522
 14:55:54.794,eb:33:2e:f9:57:b5, 2085-97-82 242:177:254:-4271,-1.562,-0.89,0.688,80.139,-43.396,45.959,-4.208,8.602,68.011
 14:55:54.794,eb:33:2e:f9:57:b5, 2085-97-160 12:186:07:4070,3.287,-0.12,-1.185,40.833,-284.302,78.552,-3.73,7.13,69.126
 14:55:54.794,eb:33:2e:f9:57:b5, 2085-97-65 252:131:255:610,0.254,1.534,4.36,5.493,120.728,-32.715,-3.444,5.674,69.56
 14:55:54.796,eb:33:2e:f9:57:b5, 2085-97-23 08:217:02:5119,-0.711,0.066,1.375,29.236,-16.602,-25.757,-3.307,5.944,69.285
 14:55:54.796,eb:33:2e:f9:57:b5, 2085-97-04 248:209:252:118,-0.871,-0.296,0.216,27.649,67.2,-30.884,-3.071,6.828,68.829
 14:55:54.796,eb:33:2e:f9:57:b5, 2085-97-22 253:143:255:1874,0.64,-0.286,0.23,25.452,-59.814,17.7,-2.802,6.663,68.84
 14:55:54.796,eb:33:2e:f9:57:b5, 2085-97-43 05:45:01:3890,0.406,0.223,1.94,45.898,-61.157,17.029,-2.379,5.773,69.109
 14:55:54.824,eb:33:2e:f9:57:b5, 2085-97-73 02:103:254:5621,0.342,0.15,1.669,63.232,-20.02,15.137,-1.818,5.438,69.307
 14:55:54.824,eb:33:2e:f9:57:b5, 2085-97-23 02:138:254:7800,0.053,-0.091,3.452,159.607,15.747,28.687,-0.654,5.361,69.554
 14:55:54.824,eb:33:2e:f9:57:b5, 2085-97-106 255:169:250:11120,-0.192,-0.036,4.131,283.386,15.564,2.441,1.648,5.537,69.807
 14:55:54.824,eb:33:2e:f9:57:b5, 2085-97-161 00:203:242:13157,0.805,-2.043,7.234,393.677,136.841,49.011,5.048,6.026,69.879
 14:55:54.916,eb:33:2e:f9:57:b5, 2085-97-238 11:114:244:10420,1.347,-1.198,5.243,533.264,198.914,45.959,9.882,7.839,70.785
 14:55:54.916,eb:33:2e:f9:57:b5, 2085-97-175 13:128:232:12110,2.265,-1.98,5.38,674.683,221.863,4.761,16.078,9.811,71.488
 14:55:54.916,eb:33:2e:f9:57:b5, 2085-97-10 18:117:234:9434,1.919,-3.241,5.297,833.618,402.161,1.77,23.961,12.728,72.658
 14:55:54.916,eb:33:2e:f9:57:b5, 2085-97-106 16:184:245:13533,1.628,-1.952,5.338,961.853,443.604,-40.71,33.541,16.6,74.636
 14:55:54.916,eb:33:2e:f9:57:b5, 2085-97-253 06:30:00:17815,0.771,0.278,7.79,1068.909,276.733,-110.413,44.313,19.885,76.624
 14:55:54.916,eb:33:2e:f9:57:b5, 2085-97-46 254:144:243:7211,-0.924,-2.301,7.274,1077.637,225.403,-94.482,55.613,22.275,77.558
 14:55:54.916,eb:33:2e:f9:57:b5, 2085-97-241 255:223:04:5160,1.003,0.702,1.881,812.256,120.3,-96.436,65.522,23.752,78.832
 14:55:54.917,eb:33:2e:f9:57:b5, 2085-97-252 02:53:230:4542,0.095,-1.582,2.079,382.874,297.791,-147.705,71.977,25.664,80.118
 14:55:54.943,eb:33:2e:f9:57:b5, 2085-97-146 03:254:244:5042,1.646,-2.703,3.831,120.789,636.047,-25.513,76.185,27.653,85.095
 14:55:54.943,eb:33:2e:f9:57:b5, 2085-97-228 23:147:00:10622,2.915,-0.42,3.306,-18.86,569.58,-7.446,79.926,29.053,91.906
 14:55:54.943,eb:33:2e:f9:57:b5, 2085-97-37 24:77:01:8396,2.809,0.4,4.522,2.319,385.803,3.784,82.37,29.663,97.487
 14:55:54.943,eb:33:2e:f9:57:b5, 2085-97-171 18:208:250:5224,1.809,-0.318,3.388,41.992,163.269,-39.246,84.117,30.157,100.305
 14:55:55.003,eb:33:2e:f9:57:b5, 2085-97-243 11:32:249:4297,1.4,-0.84,2.051,12.39,-2.991,-85.876,84.633,30.773,100.986
 14:55:55.003,eb:33:2e:f9:57:b5, 2085-97-241 09:111:247:9083,0.847,-0.828,3.112,-31.677,-162.781,-133.667,83.853,31.789,99.651
 14:55:55.003,eb:33:2e:f9:57:b5, 2085-97-205 03:116:243:10545,0.263,-1.346,5.026,-46.082,-171.936,-174.316,82.057,33.047,97.289
 14:55:55.003,eb:33:2e:f9:57:b5, 2085-97-253 00:77:241:9744,0.103,-1.736,5.086,-51.514,-132.751,-181.396,80.365,34.596,95.059
 14:55:55.064,eb:33:2e:f9:57:b5, 2085-97-01 01:209:238:8123,0.209,-1.962,4.33,-77.332,-64.697,-171.692,78.668,36.052,93.417
 14:55:55.064,eb:33:2e:f9:57:b5, 2085-97-249 02:239:235:7535,0.413,-2.375,3.76,-116.15,8.362,-148.865,77.245,37.568,92.637
 14:55:55.064,eb:33:2e:f9:57:b5, 2085-97-191 03:233:234:5442,0.544,-2.593,3.316,-145.691,72.266,-124.817,75.844,38.886,92.719
 14:55:55.064,eb:33:2e:f9:57:b5, 2085-97-88 06:135:235:3430,1.027,-2.621,2.016,-176.758,64.758,-102.905,74.597,40.161,93.257
 14:55:55.064,eb:33:2e:f9:57:b5, 2085-97-30 09:26:236:2145,1.248,-2.506,1.416,-238.098,33.569,-90.149,72.471,41.1,93.356
 14:55:55.064,eb:33:2e:f9:57:b5, 2085-97-166 10:131:238:149,1.522,-2.397,0.681,-329.224,9.399,-80.872,69.521,41.968,93.17
 14:55:55.066,eb:33:2e:f9:57:b5, 2085-97-154 12:171:243:-2196,1.486,-1.823,-0.49,-443.42,-26.611,-80.872,65.05,42.567,92.494
 14:55:55.066,eb:33:2e:f9:57:b5, 2085-97-77 11:197:244:-1229,1.442,-1.421,-1.176,-545.105,-132.019,-95.093,59.002,42.979,91.011
 14:55:55.124,eb:33:2e:f9:57:b5, 2085-97-183 10:223:245:2009,0.917,-1.315,0.248,-580.2,-263.367,-101.257,50.993,42.484,87.753
 14:55:55.124,eb:33:2e:f9:57:b5, 2085-97-170 08:220:246:4568,0.592,-1.294,1.041,-592.346,-356.14,-66.895,42.567,41.001,83.941
 14:55:55.124,eb:33:2e:f9:57:b5, 2085-97-205 03:204:247:5655,0.215,-1.09,2.503,-577.942,-399.231,-32.654,34.162,38.018,79.991
 14:55:55.124,eb:33:2e:f9:57:b5, 2085-97-175 01:25:249:6023,0.239,-1.103,2.859,-574.097,-400.085,21.79,26.884,34.574,77.426
 14:55:55.155,eb:33:2e:f9:57:b5, 2085-97-00 02:69:254:6235,0.248,-0.566,3.06,-583.74,-373.23,68.97,20.22,30.696,76.009
 14:55:55.155,eb:33:2e:f9:57:b5, 2085-97-43 02:110:04:5869,0.279,0.145,2.954,-585.754,-350.952,94.421,14.211,27.021,75.723
 14:55:55.155,eb:33:2e:f9:57:b5, 2085-97-197 01:71:11:5595,0.098,0.98,2.798,-576.355,-348.083,98.755,8.377,23.264,75.948
 14:55:55.155,eb:33:2e:f9:57:b5, 2085-97-42 255:190:17:5562,-0.365,1.829,2.702,-565.735,-363.281,85.938,2.9,19.644,76.564
 14:55:55.244,eb:33:2e:f9:57:b5, 2085-97-30 251:111:22:5923,-0.842,2.537,2.788,-551.208,-391.785,64.758,-2.587,15.694,77.272
 14:55:55.244,eb:33:2e:f9:57:b5, 2085-97-222 247:200:27:5976,-1.187,3.089,2.929,-532.41,-400.696,50.049,-7.773,11.772,78.217
 14:55:55.244,eb:33:2e:f9:57:b5, 2085-113-81 00:08:97:-4263,-1.427,3.951,2.906,-518.066,-380.615,39.551,-12.953,7.861,79.338
 14:55:55.244,eb:33:2e:f9:57:b5, 2085-97-66 242:188:40:5864,-2.019,4.491,2.848,-506.409,-374.023,33.813,-15.436,6.081,79.975
 14:55:55.244,eb:33:2e:f9:57:b5, 2085-97-169 236:173:54:7422,-2.804,5.825,3.075,-461.06,-369.934,26.367,-20.281,2.494,81.381
 14:55:55.274,eb:33:2e:f9:57:b5, 2085-97-141 230:108:66:9167,-3.528,7.678,4.135,-361.572,-355.774,16.296,-24.362,-0.775,82.963
 14:55:55.274,eb:33:2e:f9:57:b5, 2085-97-03 226:124:68:9295,-3.857,8.586,4.562,-212.83,-327.698,3.845,-27.339,-3.933,84.534
 14:55:55.274,eb:33:2e:f9:57:b5, 2085-97-71 225:227:68:8761,-3.659,8.517,4.414,-68.298,-254.211,-0.793,-28.773,-6.493,85.924
 14:55:55.274,eb:33:2e:f9:57:b5, 2085-97-03 229:183:70:7538,-3.058,8.778,4.036,42.847,-145.752,-25.696,-28.976,-8.372,86.77
 14:55:55.276,eb:33:2e:f9:57:b5, 2085-97-145 233:167:64:6131,-2.68,8.634,3.296,122.253,-41.504,-77.271,-28.076,-9.377,86.721
 14:55:55.276,eb:33:2e:f9:57:b5, 2085-97-12 235:240:50:4607,-2.555,7.292,2.681,170.593,39.307,-124.695,-26.417,-9.91,85.748
 14:55:55.276,eb:33:2e:f9:57:b5, 2085-97-26 236:178:33:3079,-2.397,5.339,1.861,213.074,80.688,-136.597,-24.225,-9.888,84.221
 14:55:55.276,eb:33:2e:f9:57:b5, 2085-97-176 09:182:23:10117,-3.601,3.044,1.19,269.348,98.083,-108.215,-21.522,-9.619,82.705
 14:55:55.335,eb:33:2e:f9:57:b5, 2085-97-104 16:208:04:14620,2.698,4.075,-1.229,963.257,-219.055,-491.76,-14.843,-9.437,79.953
 14:55:55.335,eb:33:2e:f9:57:b5, 2085-97-235 49:192:29:11299,-6.739,3.777,1.918,341.248,404.419,-454.285,-7.317,-6.037,73.021
 14:55:55.335,eb:33:2e:f9:57:b5, 2085-97-245 231:199:241:-1521,1.396,-0.735,-4.068,85.388,57.312,40.894,-6.29,-2.681,72.46
 14:55:55.335,eb:33:2e:f9:57:b5, 2085-97-69 237:133:04:-3493,-1.071,-0.324,3.016,84.961,125.61,130.798,-5.164,-3.598,73.317
 14:55:55.365,eb:33:2e:f9:57:b5, 2085-97-224 06:02:06:2617,1.487,0.331,-0.894,48.523,-137.451,70.496,-4.565,-3.906,74.421
 14:55:55.365,eb:33:2e:f9:57:b5, 2085-97-88 254:184:02:673,-0.146,0.969,1.84,19.226,52.551,-25.696,-4.224,-4.362,74.68
 14:55:55.365,eb:33:2e:f9:57:b5, 2085-97-62 00:82:01:2614,0.595,-0.486,1.358,28.259,7.568,-26.855,-4.059,-4.026,74.279
 14:55:55.365,eb:33:2e:f9:57:b5, 2085-97-92 01:147:254:2872,-1.012,0.067,1.699,35.4,64.88,-22.278,-3.653,-3.807,74.053
 14:55:55.393,eb:33:2e:f9:57:b5, 2085-97-164 254:160:00:1899,1.013,-0.283,0.294,33.63,33.203,19.592,-3.307,-3.049,74.009
 14:55:55.393,eb:33:2e:f9:57:b5, 2085-97-97 04:172:255:4147,0.454,0.24,2.338,44.861,97.595,5.92,-2.84,-2.895,74.13
 14:55:55.393,eb:33:2e:f9:57:b5, 2085-97-110 253:231:253:10284,-0.499,0.266,2.158,97.351,74.28,-12.085,-2.208,-1.84,74.114
 14:55:55.393,eb:33:2e:f9:57:b5, 2085-97-178 254:222:241:13035,0.274,-1.37,7.453,258.728,166.016,-22.827,-0.319,-1.027,73.724
 14:55:55.485,eb:33:2e:f9:57:b5, 2085-97-211 02:152:245:9377,0.655,-1.35,4.507,402.466,223.572,58.105,3.142,1.11,74.136
 14:55:55.485,eb:33:2e:f9:57:b5, 2085-97-71 06:247:239:11370,1.447,-1.693,5.709,538.696,229.553,49.744,7.976,3.038,74.855
 14:55:55.485,eb:33:2e:f9:57:b5, 2085-97-37 17:155:235:10590,2.517,-2.225,5.37,690.796,270.63,34.729,14.26,5.389,75.795
 14:55:55.485,eb:33:2e:f9:57:b5, 2085-97-36 18:252:235:9931,1.727,-2.632,4.555,841.919,380.31,0.549,22.159,8.421,77.042
 14:55:55.513,eb:33:2e:f9:57:b5, 2085-97-237 10:43:245:16130,0.949,-2.208,6.11,968.018,433.96,-33.752,31.624,12.162,78.723
 14:55:55.513,eb:33:2e:f9:57:b5, 2085-97-195 09:67:254:17841,0.976,-0.145,8.613,1109.558,248.23,-97.717,42.457,15.436,80.552
 14:55:55.513,eb:33:2e:f9:57:b5, 2085-97-108 249:134:251:6075,-0.595,-1.645,6.674,1093.201,202.087,-121.338,53.888,17.754,81.063
 14:55:55.513,eb:33:2e:f9:57:b5, 2085-97-203 05:250:04:2610,1.611,1.217,1.4,816.223,54.077,-116.211,63.627,19.171,81.579
 14:55:55.517,eb:33:2e:f9:57:b5, 2085-97-160 08:119:239:2407,0.825,-0.788,0.945,359.863,189.88,-170.41,69.434,20.891,81.771
 14:55:55.517,eb:33:2e:f9:57:b5, 2085-97-206 07:137:247:3470,1.383,-2.097,2.84,134.766,521.179,-112.427,72.653,23.324,85.001
 14:55:55.517,eb:33:2e:f9:57:b5, 2085-97-140 16:174:03:8580,2.509,-0.102,2.536,5.859,538.879,-88.928,75.597,25.757,90.544
 14:55:55.517,eb:33:2e:f9:57:b5, 2085-97-211 20:137:08:8014,2.258,1.121,4.372,53.711,346.985,-56.03,77.838,27.328,95.24
 14:55:55.574,eb:33:2e:f9:57:b5, 2085-97-07 15:119:254:5545,1.543,0.467,3.149,126.404,130.31,-86.548,79.915,28.466,97.52
 14:55:55.574,eb:33:2e:f9:57:b5, 2085-97-96 09:186:248:5970,0.702,-0.637,2.643,114.685,0.61,-113.281,81.277,29.471,97.866
 14:55:55.574,eb:33:2e:f9:57:b5, 2085-97-234 03:84:243:8667,0.23,-1.265,3.596,29.48,-18.311,-118.347,81.804,30.619,97.405
 14:55:55.574,eb:33:2e:f9:57:b5, 2085-97-156 255:107:238:8148,0.111,-1.934,4.459,-45.959,51.27,-84.534,81.546,31.564,97.394
 14:55:55.604,eb:33:2e:f9:57:b5, 2085-97-206 03:68:241:6690,0.689,-2.142,3.438,-53.345,61.646,-49.622,81.365,32.3,98.02
 14:55:55.604,eb:33:2e:f9:57:b5, 2085-97-68 07:210:244:6776,0.847,-1.598,3.132,-44.067,11.414,-46.631,80.925,32.695,98.278
 14:55:55.604,eb:33:2e:f9:57:b5, 2085-97-244 06:56:245:6704,0.933,-1.317,3.201,-44.312,-9.155,-65.308,80.447,33.25,98.146
 14:55:55.604,eb:33:2e:f9:57:b5, 2085-97-228 07:111:243:7030,0.858,-1.436,3.421,-50.781,-15.442,-90.271,79.629,33.92,97.712
 14:55:55.635,eb:33:2e:f9:57:b5, 2085-97-159 05:159:240:5738,0.63,-1.761,3.146,-63.782,1.709,-106.384,78.909,34.915,97.405
 14:55:55.635,eb:33:2e:f9:57:b5, 2085-97-215 04:122:237:4657,0.589,-2.127,2.54,-93.079,-16.785,-108.032,77.761,35.876,96.938
 14:55:55.635,eb:33:2e:f9:57:b5, 2085-97-43 05:196:236:3512,0.751,-2.409,1.971,-149.902,-33.264,-92.407,76.185,36.799,96.284
 14:55:55.635,eb:33:2e:f9:57:b5, 2085-97-227 06:174:238:2468,1.023,-2.314,1.498,-232.361,-29.48,-69.519,73.669,37.397,95.504
 14:55:55.695,eb:33:2e:f9:57:b5, 2085-97-83 09:32:242:1179,1.317,-1.974,0.919,-328.369,-10.01,-46.143,70.549,37.875,94.999
 14:55:55.695,eb:33:2e:f9:57:b5, 2085-97-01 12:138:246:-365,1.636,-1.455,0.185,-421.448,-13.489,-32.349,66.407,38.106,94.609
 14:55:55.695,eb:33:2e:f9:57:b5, 2085-97-145 13:235:249:-841,1.669,-0.933,-0.44,-494.751,-89.417,-37.109,61.304,38.194,93.812
 14:55:55.695,eb:33:2e:f9:57:b5, 2085-97-37 13:13:251:787,1.602,-0.667,-0.106,-530.273,-218.323,-46.143,54.739,37.617,91.703
 14:55:55.723,eb:33:2e:f9:57:b5, 2085-97-232 11:68:251:2751,1.315,-0.581,0.911,-535.461,-339.844,-45.41,47.488,36.167,88.539
 14:55:55.723,eb:33:2e:f9:57:b5, 2085-97-18 09:213:249:4342,0.926,-0.672,1.714,-535.4,-424.072,-28.564,39.919,33.497,84.831
 14:55:55.723,eb:33:2e:f9:57:b5, 2085-97-146 05:76:249:5660,0.456,-0.829,2.466,-543.213,-459.961,4.333,32.822,29.965,81.601
 14:55:55.723,eb:33:2e:f9:57:b5, 2085-97-147 01:119:249:6771,0.083,-0.826,3.031,-553.101,-462.952,52.063,26.125,25.664,79.233
 14:55:55.755,eb:33:2e:f9:57:b5, 2085-97-07 01:155:251:7588,0.239,-0.718,3.522,-550.659,-432.373,115.173,20.171,21.198,78.195
 14:55:55.755,eb:33:2e:f9:57:b5, 2085-97-239 02:42:00:6885,0.443,-0.296,3.639,-542.664,-384.644,154.48,14.617,16.782,78.256
 14:55:55.755,eb:33:2e:f9:57:b5, 2085-97-186 03:13:06:5722,0.413,0.373,3.023,-545.044,-368.286,159.363,9.393,12.821,79.074
 14:55:55.755,eb:33:2e:f9:57:b5, 2085-97-53 02:06:12:5935,0.052,1.144,2.756,-552.612,-405.457,133.118,3.966,8.685,80.068
 14:55:55.815,eb:33:2e:f9:57:b5, 2085-97-109 254:30:17:7223,-0.442,1.828,3.146,-552.795,-459.961,96.436,-1.45,4.296,81.167
 14:55:55.815,eb:33:2e:f9:57:b5, 2085-97-147 250:228:23:8715,-0.935,2.507,3.939,-537.231,-476.624,68.42,-6.987,-0.511,82.299
 14:55:55.815,eb:33:2e:f9:57:b5, 2085-97-139 246:92:33:8900,-1.425,3.559,4.372,-515.503,-436.279,48.584,-12.31,-4.927,83.688
 14:55:55.815,eb:33:2e:f9:57:b5, 2085-97-165 242:54:46:8835,-1.965,4.918,4.264,-490.295,-390.869,27.771,-17.611,-8.91,85.128
 14:55:55.845,eb:33:2e:f9:57:b5, 2085-97-92 237:111:60:10121,-2.717,6.683,4.547,-453.003,-365.234,-3.418,-22.593,-12.398,86.6
 14:55:55.845,eb:33:2e:f9:57:b5, 2085-97-195 230:178:72:10736,-3.555,8.406,5.301,-370.85,-349.915,-51.392,-27.12,-15.87,87.902
 14:55:55.845,eb:33:2e:f9:57:b5, 2085-97-231 224:157:73:9368,-4.125,9.321,4.913,-223.816,-328.064,-104.065,-30.35,-19.254,88.918
 14:55:55.845,eb:33:2e:f9:57:b5, 2085-97-99 222:225:68:8884,-4.101,8.964,4.38,-74.341,-245.544,-134.644,-31.959,-22.456,89.418
 14:55:55.874,eb:33:2e:f9:57:b5, 2085-97-83 224:184:60:7492,-3.783,8.179,4.136,24.719,-82.397,-151.367,-31.932,-24.593,89.061
 14:55:55.874,eb:33:2e:f9:57:b5, 2085-97-31 228:116:47:5040,-3.58,6.835,3.019,71.045,77.332,-145.874,-30.784,-25.373,87.578
 14:55:55.874,eb:33:2e:f9:57:b5, 2085-97-195 222:127:52:6654,-0.587,4.052,9.976,600.525,684.57,-44.678,-26.735,-24.445,85.193
 14:55:55.874,eb:33:2e:f9:57:b5, 2085-97-122 250:245:19:8119,-3.919,5.455,7.656,702.393,1402.893,-181.702,-16.908,-17.353,79.382
 14:55:55.934,eb:33:2e:f9:57:b5, 2085-97-146 09:66:06:6636,-3.262,4.216,8.235,578.003,706.909,-228.271,-9.174,-8.058,74.778
 14:55:55.934,eb:33:2e:f9:57:b5, 2085-97-16 209:07:255:-6969,-0.863,6.216,-5.177,171.692,250.671,-99.67,-6.048,-1.406,74.724
 14:55:55.934,eb:33:2e:f9:57:b5, 2085-97-40 228:15:245:-3058,-2.913,-1.179,-0.149,105.408,-20.264,74.768,-4.823,-0.764,74.784
 14:55:55.934,eb:33:2e:f9:57:b5, 2085-97-187 23:79:05:6340,3.518,0.988,-2.855,20.752,-346.497,160.828,-4.169,-1.873,76.119
 14:55:55.965,eb:33:2e:f9:57:b5, 2085-97-67 02:90:03:1253,-0.132,1.458,4.163,36.682,95.459,-2.991,-3.862,-3.724,77.124
 14:55:55.965,eb:33:2e:f9:57:b5, 2085-97-51 255:210:253:2309,-1.729,0.462,0.378,26.489,34.668,-42.053,-3.477,-3.06,76.855
 14:55:55.965,eb:33:2e:f9:57:b5, 2085-97-231 02:67:00:3797,1.217,-0.434,-0.313,22.095,-48.828,3.967,-3.263,-2.648,76.641
 14:55:55.965,eb:33:2e:f9:57:b5, 2085-97-135 255:201:00:1941,-0.637,0.309,2.63,32.654,118.469,-12.573,-2.867,-2.736,76.646
 14:55:55.995,eb:33:2e:f9:57:b5, 2085-97-157 249:253:254:605,0.396,-0.13,0.483,20.691,90.088,3.784,-2.576,-1.609,76.553
 14:55:55.995,eb:33:2e:f9:57:b5, 2085-97-129 11:00:05:4770,0.438,0.296,1.489,29.602,12.268,-0.916,-2.285,-1.406,76.668
 14:55:55.995,eb:33:2e:f9:57:b5, 2085-97-196 245:23:249:6921,-1.473,0.226,2.446,55.908,136.841,-55.542,-1.917,-0.401,76.355
 14:55:55.995,eb:33:2e:f9:57:b5, 2085-97-39 252:90:245:12800,-0.246,-1.346,6.005,232.605,52.612,-18.066,-0.302,-0.033,76.014
 14:55:56.054,eb:33:2e:f9:57:b5, 2085-97-77 254:215:245:8360,-0.044,-1.204,4.693,347.778,155.273,55.847,2.626,1.395,76.393
 14:55:56.054,eb:33:2e:f9:57:b5, 2085-97-180 02:144:242:11468,0.815,-1.423,4.928,472.473,129.822,70.679,6.872,2.582,77.151
 14:55:56.054,eb:33:2e:f9:57:b5, 2085-97-255 08:109:237:11144,1.652,-1.852,5.579,614.258,174.133,74.89,12.437,3.961,78.228
 14:55:56.054,eb:33:2e:f9:57:b5, 2085-97-160 16:42:234:11776,1.655,-2.768,5.635,777.832,252.502,55.786,19.6,5.735,79.475
 14:55:56.085,eb:33:2e:f9:57:b5, 2085-97-191 06:37:239:13234,0.659,-2.813,5.496,951.05,374.695,31.433,28.559,8.602,81.249
 14:55:56.085,eb:33:2e:f9:57:b5, 2085-97-28 04:193:01:19207,1.319,-0.579,8.477,1114.014,278.381,-18.433,39.331,11.448,83.331
 14:55:56.085,eb:33:2e:f9:57:b5, 2085-97-36 255:194:249:8067,-0.643,-0.987,8.521,1182.434,111.877,-94.543,51.235,13.074,83.842
 14:55:56.085,eb:33:2e:f9:57:b5, 2085-113-58 00:101:245:-6210,0.229,1.232,1.391,866.638,5.554,-107.239,61.573,14.183,84.018
 14:55:56.116,eb:33:2e:f9:57:b5, 2085-97-83 10:83:252:2335,0.707,1.434,1.057,648.987,-10.437,-158.813,65.143,14.733,83.622
 14:55:56.116,eb:33:2e:f9:57:b5, 2085-97-68 04:133:241:4555,0.605,-1.964,0.867,204.651,342.834,-131.287,69.28,16.848,84.628
 14:55:56.116,eb:33:2e:f9:57:b5, 2085-97-97 06:49:01:3769,1.474,-0.845,1.206,65.918,576.233,-49.011,72.004,19.215,89.396
 14:55:56.116,eb:33:2e:f9:57:b5, 2085-97-68 17:79:10:10144,2.389,0.596,4.026,19.836,473.022,-7.812,74.02,21.099,94.664
 14:55:56.174,eb:33:2e:f9:57:b5, 2085-97-03 16:30:04:7770,1.826,1.101,4.819,112.488,296.021,15.625,76.108,21.89,98.553
 14:55:56.174,eb:33:2e:f9:57:b5, 2085-97-62 14:177:251:6401,1.516,-0.081,3.208,165.1,130.554,-4.578,78.409,22.291,100.635
 14:55:56.174,eb:33:2e:f9:57:b5, 2085-97-79 09:105:247:6916,0.85,-0.809,3.127,127.808,47.058,-27.222,80.151,22.538,101.426
 14:55:56.174,eb:33:2e:f9:57:b5, 2085-97-84 05:179:241:8350,0.293,-1.426,3.772,51.147,14.343,-38.94,81.112,22.934,101.596
 14:55:56.204,eb:33:2e:f9:57:b5, 2085-97-171 02:93:238:6318,0.584,-2.212,3.709,-14.16,31.067,-25.024,81.222,23.22,101.799
 14:55:56.204,eb:33:2e:f9:57:b5, 2085-97-119 06:31:243:5662,0.771,-1.953,2.767,-37.354,-35.156,-26.001,80.931,23.45,101.722
 14:55:56.204,eb:33:2e:f9:57:b5, 2085-97-102 05:189:244:6557,0.685,-1.42,2.849,-56.641,-105.896,-60.303,79.986,23.687,100.778
 14:55:56.204,eb:33:2e:f9:57:b5, 2085-97-78 05:185:242:8743,0.62,-1.529,3.827,-59.021,-116.394,-101.379,78.799,24.291,99.261
 14:55:56.264,eb:33:2e:f9:57:b5, 2085-97-158 04:232:242:7820,0.625,-1.693,4.293,-40.344,-55.542,-134.338,77.701,25.219,98.015
 14:55:56.264,eb:33:2e:f9:57:b5, 2085-97-05 05:68:243:5614,0.423,-1.567,3.246,-37.048,-3.845,-158.203,77.064,26.614,97.322
 14:55:56.264,eb:33:2e:f9:57:b5, 2085-97-158 02:180:239:4197,0.267,-1.755,2.244,-56.213,-2.991,-167.053,76.295,28.152,96.877
 14:55:56.264,eb:33:2e:f9:57:b5, 2085-97-51 02:202:234:3549,0.355,-2.393,1.915,-88.501,-46.387,-159.18,75.207,29.685,96.075
 14:55:56.293,eb:33:2e:f9:57:b5, 2085-97-198 03:05:236:2641,0.619,-2.693,1.481,-163.574,-76.477,-127.93,73.246,30.828,94.812
 14:55:56.293,eb:33:2e:f9:57:b5, 2085-97-222 05:03:238:1428,0.853,-2.405,1.034,-268.372,-71.045,-91.553,70.417,31.635,93.532
 14:55:56.293,eb:33:2e:f9:57:b5, 2085-97-70 08:117:240:-002,1.193,-2.097,0.353,-383.301,-72.205,-53.528,66.396,31.97,92.357
 14:55:56.293,eb:33:2e:f9:57:b5, 2085-97-42 10:210:243:-1334,1.319,-1.727,-0.369,-496.887,-103.577,-23.743,61.353,31.915,91.208
 14:55:56.325,eb:33:2e:f9:57:b5, 2085-97-93 11:255:244:205,1.475,-1.468,-0.442,-568.726,-212.83,-12.329,54.915,31.146,89.44
 14:55:56.325,eb:33:2e:f9:57:b5, 2085-97-126 11:224:246:2751,1.158,-1.253,0.805,-580.627,-343.445,1.465,47.802,29.399,86.83
 14:55:56.325,eb:33:2e:f9:57:b5, 2085-97-14 251:14:239:-2604,2.474,-1.271,1.711,-590.515,-401.672,35.522,40.496,26.351,83.738
 14:55:56.325,eb:33:2e:f9:57:b5, 2085-97-16 12:05:253:7634,0.457,-2.21,5.789,-572.266,-479.126,88.013,33.492,22.104,81.041
 14:55:56.354,eb:33:2e:f9:57:b5, 2085-97-233 01:174:249:8321,0.216,-0.669,3.409,-557.068,-520.752,92.041,27.054,17.309,79.118
 14:55:56.354,eb:33:2e:f9:57:b5, 2085-97-170 02:23:250:8879,0.327,-0.813,4.237,-538.452,-474.121,126.831,21.352,12.294,78.036
 14:55:56.354,eb:33:2e:f9:57:b5, 2085-97-75 03:58:253:8545,0.486,-0.587,4.225,-553.528,-390.381,154.114,15.765,7.674,77.981
 14:55:56.354,eb:33:2e:f9:57:b5, 2085-97-08 04:15:04:7639,0.423,0.032,3.974,-576.172,-319.824,150.269,10.179,3.944,78.772
 14:55:56.444,eb:33:2e:f9:57:b5, 2085-97-72 02:187:11:6615,0.062,1.012,3.435,-594.116,-331.177,114.014,4.219,0.511,79.651
 14:55:56.444,eb:33:2e:f9:57:b5, 2085-97-86 254:80:17:7227,-0.517,1.831,3.236,-594.116,-418.457,72.449,-1.752,-3.268,80.535
 14:55:56.444,eb:33:2e:f9:57:b5, 2085-97-51 249:88:24:9015,-1.141,2.552,3.986,-580.444,-472.473,59.814,-7.85,-7.861,81.535
 14:55:56.444,eb:33:2e:f9:57:b5, 2085-97-66 244:167:34:9423,-1.649,3.648,4.624,-564.819,-436.218,65.857,-13.832,-12.255,83.095
 14:55:56.446,eb:33:2e:f9:57:b5, 2085-97-119 241:156:47:9662,-1.993,5.082,4.578,-549.744,-375.977,67.993,-19.973,-16.007,84.968
 14:55:56.446,eb:33:2e:f9:57:b5, 2085-97-205 236:228:64:11433,-2.923,6.918,5.146,-517.578,-320.618,52.612,-25.928,-18.946,87.023
 14:55:56.446,eb:33:2e:f9:57:b5, 2085-97-07 229:165:76:10412,-3.594,8.988,5.55,-392.7,-297.485,11.536,-31.229,-21.533,88.868
 14:55:56.446,eb:33:2e:f9:57:b5, 2085-97-245 226:44:78:8600,-3.582,9.78,4.508,-181.946,-312.195,-23.56,-34.7,-24.164,90.659
 14:55:56.565,eb:33:2e:f9:57:b5, 2085-97-24 228:200:75:8699,-3.407,9.65,4.287,-6.409,-256.775,-47.668,-36.194,-26.818,92.225
 14:55:56.565,eb:33:2e:f9:57:b5, 2085-97-245 228:181:65:6449,-3.274,8.982,3.831,72.632,-93.018,-69.519,-36.024,-28.592,92.884
 14:55:56.565,eb:33:2e:f9:57:b5, 2085-97-227 230:169:51:4108,-2.963,7.376,2.479,112.915,52.673,-51.453,-34.832,-29.059,92.335
 14:55:56.565,eb:33:2e:f9:57:b5, 2085-97-190 234:98:35:2346,3.99,5.543,1.61,207.947,68.115,-1.892,-32.91,-28.603,91.697
 14:55:56.565,eb:33:2e:f9:57:b5, 2085-97-125 234:180:55:-3729,2.481,6.748,8.64,871.521,239.502,-186.218,-28.477,-28.823,91.252
 14:55:56.565,eb:33:2e:f9:57:b5, 2085-97-179 39:221:71:14360,-0.302,-1.167,9.607,877.258,750.183,-319.946,-15.524,-25.071,85.798
 14:55:56.566,eb:33:2e:f9:57:b5, 2085-97-55 19:06:37:-2645,-8.919,-1.554,9.092,302.124,875.61,32.41,-7.641,-16.815,79.656
 14:55:56.566,eb:33:2e:f9:57:b5, 2085-97-176 201:125:228:-9762,-3.547,-1.52,-1.347,139.221,546.387,-126.77,-6.542,-9.487,80.607
 14:55:56.568,eb:33:2e:f9:57:b5, 2085-97-29 243:196:255:-2117,-1.909,-1.522,-1.62,97.717,-106.567,83.008,-5.295,-8.41,80.524
 14:55:56.568,eb:33:2e:f9:57:b5, 2085-97-02 19:186:05:5901,4.016,-0.51,-1.267,39.124,-309.875,168.152,-5.164,-9.772,82.332
 14:55:56.568,eb:33:2e:f9:57:b5, 2085-97-173 06:12:07:1425,-0.471,1.798,4.208,34.668,140.198,1.404,-4.845,-11.036,83.386
 14:55:56.569,eb:33:2e:f9:57:b5, 2085-97-61 242:123:250:-648,-1.175,0.035,0.192,24.841,110.168,-66.467,-4.438,-9.613,82.798
 14:55:56.713,eb:33:2e:f9:57:b5, 2085-97-65 02:95:255:4128,-0.159,-0.45,0.47,21.423,-58.899,18.86,-4.202,-9.41,82.672
 14:55:56.713,eb:33:2e:f9:57:b5, 2085-97-60 07:172:02:4632,1.28,0.08,1.086,7.446,38.635,37.598,-4.125,-9.157,83.057
 14:55:56.713,eb:33:2e:f9:57:b5, 2085-97-75 08:11:07:381,-0.953,0.593,1.925,15.93,146.362,-4.333,-3.845,-8.405,83.123
 14:55:56.713,eb:33:2e:f9:57:b5, 2085-97-136 236:142:244:9184,-1.221,-0.521,2.67,43.64,101.013,-45.288,-3.658,-7.339,82.755
 14:55:56.715,eb:33:2e:f9:57:b5, 2085-97-160 03:150:248:13611,0.288,-1.095,6.088,273.254,-17.639,-34.668,-1.868,-7.306,82.452
 14:55:56.715,eb:33:2e:f9:57:b5, 2085-97-14 255:248:247:6361,0,-1.279,4.605,346.985,213.013,36.682,1.346,-5.949,82.419
 14:55:56.715,eb:33:2e:f9:57:b5, 2085-97-233 01:130:245:10977,0.574,-1.025,3.848,428.589,132.935,69.824,5.213,-4.312,83.161
 14:55:56.715,eb:33:2e:f9:57:b5, 2085-97-108 04:216:237:10512,1.003,-1.729,5.678,548.34,168.701,71.655,10.129,-3.01,84.089
 14:55:56.717,eb:33:2e:f9:57:b5, 2085-97-64 11:110:234:10320,1.684,-2.588,5.012,685.181,221.558,75.439,16.364,-1.395,85.303
 14:55:56.717,eb:33:2e:f9:57:b5, 2085-97-161 10:198:238:11207,0.506,-2.381,5.08,827.148,317.444,46.143,23.972,0.956,86.929
 14:55:56.717,eb:33:2e:f9:57:b5, 2085-97-82 06:247:247:13825,1.093,-1.75,6.007,959.351,362.671,0.793,33.085,3.994,88.846
 14:55:56.717,eb:33:2e:f9:57:b5, 2085-97-188 05:212:249:11467,-0.448,-0.145,6.246,1037.537,210.754,-50.171,43.347,6.449,90.445
 14:55:56.720,eb:33:2e:f9:57:b5, 2085-97-10 249:66:07:4099,-0.24,-0.056,3.594,952.82,133.789,-66.223,53.58,7.96,91.357
 14:55:56.720,eb:33:2e:f9:57:b5, 2085-97-129 06:33:05:3508,1.037,0.795,1.624,608.765,76.233,-105.042,61.381,9.19,91.631
 14:55:56.720,eb:33:2e:f9:57:b5, 2085-97-28 06:241:255:6935,0.89,0.326,2.155,258.484,258.301,-175.781,65.451,11.14,92.488
 14:55:56.720,eb:33:2e:f9:57:b5, 2085-97-192 08:148:04:5067,1.443,0.513,1.76,138.123,401.489,-201.66,67.989,14.277,95.147
 14:55:56.777,eb:33:2e:f9:57:b5, 2085-97-93 11:197:01:9416,1.397,0.452,4.009,89.783,324.463,-180.542,69.648,17.38,97.91
 14:55:56.777,eb:33:2e:f9:57:b5, 2085-97-29 10:194:250:8678,1.103,-0.182,4.692,168.03,200.256,-133.667,71.587,19.693,99.816
 14:55:56.777,eb:33:2e:f9:57:b5, 2085-97-76 07:231:246:6318,0.748,-0.997,3.59,213.318,103.76,-77.82,73.943,21.077,100.97
 14:55:56.777,eb:33:2e:f9:57:b5, 2085-97-137 04:223:245:6914,0.412,-1.18,3.037,191.956,14.526,-26.428,76.152,21.693,101.316
 14:55:56.835,eb:33:2e:f9:57:b5, 2085-97-228 01:237:242:9183,0.098,-1.411,3.958,141.968,-16.235,20.081,77.712,21.638,101.195
 14:55:56.835,eb:33:2e:f9:57:b5, 2085-97-65 255:224:239:7493,0.26,-1.803,4.445,100.22,18.005,68.726,78.926,21.176,101.261
 14:55:56.835,eb:33:2e:f9:57:b5, 2085-97-153 04:01:242:6257,0.721,-1.94,3.319,76.843,17.822,102.295,79.86,20.281,101.596
 14:55:56.836,eb:33:2e:f9:57:b5, 2085-97-93 06:181:244:5908,0.746,-1.527,2.859,51.147,-10.071,97.473,80.563,19.27,101.777
 14:55:56.866,eb:33:2e:f9:57:b5, 2085-97-156 04:99:242:6289,0.36,-1.488,3.003,38.208,-58.838,62.805,80.826,18.391,101.503
 14:55:56.866,eb:33:2e:f9:57:b5, 2085-97-106 01:182:237:6557,0.083,-1.96,3.123,31.738,-131.592,28.259,80.892,17.814,100.508
 14:55:56.866,eb:33:2e:f9:57:b5, 2085-97-87 00:145:232:6196,0.039,-2.645,3.198,-3.113,-161.316,11.902,80.48,17.358,98.888
 14:55:56.866,eb:33:2e:f9:57:b5, 2085-97-218 00:188:230:4343,0.173,-3.117,2.603,-78.613,-129.517,24.109,79.634,16.946,97.361
 14:55:56.894,eb:33:2e:f9:57:b5, 2085-97-92 02:02:232:1745,0.557,-3.115,1.568,-182.007,-80.872,54.993,77.91,16.326,96.334
 14:55:56.894,eb:33:2e:f9:57:b5, 2085-97-78 08:157:237:-1068,1.417,-2.744,0.105,-303.223,-49.927,86.792,75.306,15.458,95.845
 14:55:56.894,eb:33:2e:f9:57:b5, 2085-97-46 12:170:241:-2845,1.632,-1.912,-1.132,-418.274,-70.496,71.472,71.444,14.474,95.482
 14:55:56.894,eb:33:2e:f9:57:b5, 2085-97-214 13:183:242:-566,1.782,-1.788,-0.928,-483.398,-194.031,27.954,66.577,13.53,94.301
 14:55:56.895,eb:33:2e:f9:57:b5, 2085-113-81 00:76:81:9335,1.704,-1.424,0.423,-501.038,-319.031,-17.09,60.985,12.277,91.802
 14:55:56.925,eb:33:2e:f9:57:b5, 2085-97-218 11:99:247:3062,1.228,-1.192,1.024,-510.193,-360.901,-36.438,58.123,11.53,90.203
 14:55:56.925,eb:33:2e:f9:57:b5, 2085-97-43 08:57:247:4925,0.867,-1.075,1.944,-533.691,-413.269,-65.979,52.13,9.662,86.561
 14:55:56.925,eb:33:2e:f9:57:b5, 2085-97-231 05:77:247:6681,0.588,-1.093,2.845,-554.016,-433.838,-81.604,46.115,7.443,82.798
 14:55:56.925,eb:33:2e:f9:57:b5, 2085-97-110 03:249:246:7924,0.235,-1.097,3.605,-570.007,-436.707,-87.402,39.99,4.763,79.124
 14:55:57.224,eb:33:2e:f9:57:b5, 2085-97-50 00:32:246:8478,-0.135,-1.193,4.04,-584.473,-428.711,-77.332,34.019,1.807,75.85
 14:55:57.224,eb:33:2e:f9:57:b5, 2085-97-186 254:136:247:8774,-0.119,-1.189,4.219,-594.482,-412.292,-45.593,27.999,-1.549,73.114
 14:55:57.224,eb:33:2e:f9:57:b5, 2085-97-36 255:46:252:8438,-0.124,-0.815,4.282,-593.018,-397.949,-18.921,22.159,-5.076,71.131
 14:55:57.224,eb:33:2e:f9:57:b5, 2085-97-48 254:136:02:7555,-0.477,-0.081,3.913,-582.336,-415.894,-6.592,16.348,-8.943,69.648
 14:55:57.228,eb:33:2e:f9:57:b5, 2085-97-44 249:151:06:7172,-1.206,0.625,3.527,-569.519,-479.919,3.479,10.8,-13.288,68.566
 14:55:57.228,eb:33:2e:f9:57:b5, 2085-97-85 243:10:12:8767,-2.002,1.068,3.778,-562.805,-543.884,33.691,5.186,-18.539,67.989
 14:55:57.228,eb:33:2e:f9:57:b5, 2085-97-192 236:183:24:11015,-2.761,2.19,4.839,-554.26,-544.495,78.43,-0.555,-24.038,68.379
 14:55:57.228,eb:33:2e:f9:57:b5, 2085-97-119 231:167:39:11553,-3.272,4.05,5.651,-526.611,-490.967,105.835,-6.713,-29.235,69.813
 14:55:57.254,eb:33:2e:f9:57:b5, 2085-97-146 228:99:53:11007,-3.749,5.784,5.518,-502.808,-401.062,102.783,-12.942,-33.415,71.993
 14:55:57.254,eb:33:2e:f9:57:b5, 2085-97-43 222:177:65:10666,-4.85,7.542,5.292,-457.947,-360.413,66.65,-19.16,-36.799,74.268
 14:55:57.254,eb:33:2e:f9:57:b5, 2085-97-03 213:51:69:10114,-5.659,8.573,5.05,-336.914,-365.295,26.489,-24.532,-40.018,76.503
 14:55:57.254,eb:33:2e:f9:57:b5, 2085-97-18 212:100:68:9977,-4.927,8.628,4.903,-182.983,-274.841,21.606,-28.559,-42.88,78.723
 14:55:57.315,eb:33:2e:f9:57:b5, 2085-97-128 223:00:68:8185,-3.219,8.516,4.597,-71.655,-44.922,19.531,-30.641,-44.121,80.057
 14:55:57.315,eb:33:2e:f9:57:b5, 2085-97-96 235:105:63:4564,-2.271,8.362,3.114,-2.991,151.245,-20.264,-30.613,-43.478,79.525
 14:55:57.315,eb:33:2e:f9:57:b5, 2085-97-133 239:212:50:1405,-2.054,7.284,1.354,111.328,169.312,-76.599,-28.845,-42.177,77.695
 14:55:57.315,eb:33:2e:f9:57:b5, 2085-97-171 252:31:29:4477,-4.187,5.063,0.251,271.912,21.362,-114.99,-25.593,-41.825,75.877
 14:55:57.344,eb:33:2e:f9:57:b5, 2085-97-47 38:28:22:7192,6.411,-0.046,4.578,936.951,441.223,-173.584,-17.781,-41.852,73.087
 14:55:57.344,eb:33:2e:f9:57:b5, 2085-97-167 09:157:13:19954,3.69,6.856,7.368,277.283,1274.841,-407.654,-6.866,-34.777,66.643
 14:55:57.344,eb:33:2e:f9:57:b5, 2085-97-235 218:57:43:-9415,-5.905,1.603,4.198,97.229,1377.441,171.021,-4.191,-21.857,64.166
 14:55:57.344,eb:33:2e:f9:57:b5, 2085-97-93 219:149:237:-5671,-6.689,-3.284,-2.301,100.22,526.062,-41.382,-3.499,-14.222,63.578
 14:55:57.347,eb:33:2e:f9:57:b5, 2085-97-49 253:83:04:1549,0.207,-1.278,-5.597,93.811,-176.025,109.68,-2.411,-12.393,63.798
 14:55:57.347,eb:33:2e:f9:57:b5, 2085-97-36 04:36:246:10944,0.419,-0.9,4.804,413.086,-22.827,39.429,6.68,-13.041,66.885
 14:55:57.347,eb:33:2e:f9:57:b5, 2085-97-16 04:85:242:9246,0.817,-1.543,4.977,532.41,57.312,53.345,11.338,-12.865,67.418
 14:55:57.347,eb:33:2e:f9:57:b5, 2085-97-98 07:75:238:9116,0.839,-2.043,4.729,663.452,100.403,46.936,17.281,-12.222,68.099
 14:55:57.349,eb:33:2e:f9:57:b5, 2085-97-87 04:17:237:9455,0.355,-2.51,4.383,777.222,178.284,36.194,24.384,-11.069,68.978
 14:55:57.349,eb:33:2e:f9:57:b5, 2085-97-95 00:79:245:11841,0.229,-1.962,5.404,875.488,320.129,24.658,32.481,-8.965,70.466
 14:55:57.349,eb:33:2e:f9:57:b5, 2085-97-254 01:83:246:16507,-0.168,-1.12,7.35,1006.226,245.544,-30.518,41.66,-6.619,72.219
 14:55:57.349,eb:33:2e:f9:57:b5, 2085-97-234 249:101:244:8623,-0.847,-1.667,6.802,1012.939,254.456,-34.973,51.844,-4.592,73.614
 14:55:57.349,eb:33:2e:f9:57:b5, 2085-97-236 251:231:08:2914,0.342,0.526,1.22,815.308,125.854,21.667,60.919,-3.4,75.377
 14:55:57.349,eb:33:2e:f9:57:b5, 2085-97-67 14:27:251:2344,2.438,0.245,2.265,577.637,70.251,-3.418,67.769,-3.301,75.948
 14:55:57.349,eb:33:2e:f9:57:b5, 2085-97-58 15:189:254:4680,1.555,0.27,1.323,229.187,261.353,-141.357,71.422,-2.098,77.239
 14:55:57.349,eb:33:2e:f9:57:b5, 2085-97-149 10:229:03:3295,1.269,0.272,1.284,38.879,406.738,-241.15,72.603,0.923,80.096
 14:55:57.375,eb:33:2e:f9:57:b5, 2085-97-208 08:132:05:7697,0.93,0.687,2.638,-69.275,327.942,-276.001,72.394,4.587,82.787
 14:55:57.375,eb:33:2e:f9:57:b5, 2085-97-123 06:174:02:10657,0.802,0.503,4.701,-36.743,247.864,-278.259,71.977,8.108,84.534
 14:55:57.375,eb:33:2e:f9:57:b5, 2085-97-196 07:211:252:10166,1.069,0.024,5.308,36.743,240.173,-264.893,72.268,11.437,85.946
 14:55:57.375,eb:33:2e:f9:57:b5, 2085-97-138 08:99:250:7442,1.256,-0.575,4.35,74.89,240.356,-238.464,73.224,14.562,87.517
 14:55:57.435,eb:33:2e:f9:57:b5, 2085-97-149 10:186:248:6535,1.352,-0.823,3.413,75.745,186.218,-220.642,74.405,17.347,88.912
 14:55:57.435,eb:33:2e:f9:57:b5, 2085-97-173 10:248:244:6514,1.333,-1.102,3.137,47.607,126.831,-209.656,75.262,19.836,89.802
 14:55:57.435,eb:33:2e:f9:57:b5, 2085-113-81 00:139:80:10425,1.32,-1.608,3.265,28.381,98.755,-193.237,75.828,22.055,90.341
 14:55:57.435,eb:33:2e:f9:57:b5, 2085-97-98 10:57:240:6464,1.202,-1.832,3.235,27.71,87.219,-178.955,76.058,23.066,90.588
 14:55:57.494,eb:33:2e:f9:57:b5, 2085-97-181 06:31:237:5249,0.518,-2.162,2.987,39.551,54.749,-145.264,76.459,24.824,90.857
 14:55:57.496,eb:33:2e:f9:57:b5, 2085-97-238 04:201:234:5455,0.453,-2.45,2.195,44.617,-49.866,-108.337,76.767,26.016,90.461
 14:55:57.496,eb:33:2e:f9:57:b5, 2085-97-216 02:50:232:4600,0.328,-2.843,2.524,-5.493,-97.9,-57.373,76.426,26.625,89.341
 14:55:57.496,eb:33:2e:f9:57:b5, 2085-97-107 03:07:232:3130,0.61,-3.021,1.901,-96.68,-123.108,-4.333,75.306,26.636,87.962
 14:55:57.496,eb:33:2e:f9:57:b5, 2085-97-38 06:11:234:1487,1.098,-2.888,1.143,-214.661,-112.732,57.983,73.065,26.027,86.633
 14:55:57.496,eb:33:2e:f9:57:b5, 2085-97-161 12:130:239:093,1.814,-2.465,0.363,-346.191,-67.383,111.389,69.922,24.901,85.957
 14:55:57.497,eb:33:2e:f9:57:b5, 2085-97-114 16:238:242:-705,2.356,-1.821,-0.281,-465.759,-61.401,128.906,65.616,23.549,85.814
 14:55:57.497,eb:33:2e:f9:57:b5, 2085-97-219 20:200:247:-438,2.757,-1.365,-0.289,-506.592,-149.231,104.187,60.518,22.011,85.32
 14:55:57.585,eb:33:2e:f9:57:b5, 2085-97-130 21:100:252:1025,2.49,-0.688,0.057,-515.137,-283.752,47.668,54.734,20.176,83.622
 14:55:57.585,eb:33:2e:f9:57:b5, 2085-97-91 18:94:253:3546,2.115,-0.356,1.083,-533.142,-384.827,-18.982,48.582,17.946,80.837
 14:55:57.585,eb:33:2e:f9:57:b5, 2085-97-169 15:225:253:6000,1.809,-0.31,2.366,-549.255,-425.171,-78.491,42.061,15.403,77.294
 14:55:57.585,eb:33:2e:f9:57:b5, 2085-97-245 12:24:255:7156,1.458,-0.188,3.294,-547.18,-427.917,-130.859,35.678,12.755,73.663
 14:55:57.585,eb:33:2e:f9:57:b5, 2085-97-199 09:134:255:7120,1.093,-0.036,3.591,-528.32,-434.814,-180.542,29.465,9.932,69.846
 14:55:57.585,eb:33:2e:f9:57:b5, 2085-97-224 07:36:254:7599,0.737,-0.124,3.462,-514.221,-463.806,-219.971,23.708,6.795,65.973
 14:55:57.585,eb:33:2e:f9:57:b5, 2085-97-201 02:82:251:7401,0.036,-0.343,3.684,-511.292,-476.929,-235.718,18.155,3.17,62.051
 14:55:57.585,eb:33:2e:f9:57:b5, 2085-97-31 254:102:250:7799,-0.581,-0.7,3.666,-511.841,-492.065,-218.811,12.958,-0.895,58.541
 14:55:57.885,eb:33:2e:f9:57:b5, 2085-97-180 247:233:251:7823,-1.475,-0.602,3.814,-514.893,-501.77,-169.861,7.877,-5.482,55.679
 14:55:57.885,eb:33:2e:f9:57:b5, 2085-97-220 240:77:253:8165,-2.19,-0.416,3.869,-511.963,-538.757,-89.722,2.972,-10.547,53.893
 14:55:57.885,eb:33:2e:f9:57:b5, 2085-97-05 237:232:01:9204,-2.468,-0.167,4.236,-486.389,-560.974,20.752,-2.054,-16.15,53.492
 14:55:57.885,eb:33:2e:f9:57:b5, 2085-97-237 235:94:13:9897,-2.54,0.884,4.686,-436.279,-560.425,135.864,-7.114,-21.649,54.871
 14:55:57.915,eb:33:2e:f9:57:b5, 2085-97-47 235:135:25:10655,-2.761,2.494,4.99,-393.188,-575.684,223.938,-12.607,-26.971,57.942
 14:55:57.915,eb:33:2e:f9:57:b5, 2085-97-208 231:184:32:11817,-3.294,3.718,5.451,-390.747,-560.547,282.288,-18.77,-31.783,62.567
 14:55:57.915,eb:33:2e:f9:57:b5, 2085-97-230 227:73:39:13186,-3.801,4.366,6.176,-404.297,-449.28,330.505,-26.054,-35.349,68.302
 14:55:57.915,eb:33:2e:f9:57:b5, 2085-97-210 225:229:56:12913,-3.288,5.972,6.513,-358.398,-238.647,367.615,-33.426,-36.562,74.18
 14:55:57.944,eb:33:2e:f9:57:b5, 2085-97-152 236:250:72:9945,-1.512,8.155,5.805,-224.548,-27.344,343.079,-39.012,-35.425,78.64
 14:55:57.944,eb:33:2e:f9:57:b5, 2085-97-177 248:17:78:4536,-0.854,9.723,3.564,-94.788,105.652,247.986,-41.781,-33.052,80.969
 14:55:57.944,eb:33:2e:f9:57:b5, 2085-97-85 247:84:65:1034,-1.345,9.065,1.094,-3.54,45.166,123.962,-42.687,-31.207,81.832
 14:55:57.944,eb:33:2e:f9:57:b5, 2085-97-37 243:03:57:1693,-1.75,7.483,0.469,86.304,-71.655,45.288,-42.654,-30.866,82.727
 14:55:57.946,eb:33:2e:f9:57:b5, 2085-97-62 241:07:50:5029,-1.533,6.82,1.634,180.237,-114.502,-5.981,-41.748,-31.514,83.677
 14:55:57.946,eb:33:2e:f9:57:b5, 2085-97-234 248:150:45:15628,0.642,4.762,3.698,476.685,-222.778,-10.62,-39.452,-32.58,84.293
 14:55:57.946,eb:33:2e:f9:57:b5, 2085-97-163 246:174:242:9181,-0.968,0.735,-1.147,1144.043,680.603,-231.445,-27.922,-29.652,80.338
 14:55:57.946,eb:33:2e:f9:57:b5, 2085-97-64 237:91:35:14147,3.057,1.934,7.669,970.276,508.362,-404.175,-15.249,-22.791,75.207
 14:55:57.948,eb:33:2e:f9:57:b5, 2085-97-200 27:169:73:-3579,-2.614,-1.861,8.919,290.283,441.956,384.583,-7.086,-21.747,72.664
 14:55:57.948,eb:33:2e:f9:57:b5, 2085-97-228 255:155:244:9019,-0.559,-0.13,-1.247,73.242,611.267,-142.273,-5.021,-18.314,71.84
 14:55:57.948,eb:33:2e:f9:57:b5, 2085-97-241 248:45:246:13683,-1.137,-1.283,5.795,904.663,190.735,40.894,33.585,-4.329,77.514
 14:55:57.948,eb:33:2e:f9:57:b5, 2085-97-80 245:15:245:8001,-1.192,-1.461,5.422,979.675,109.863,69.275,43.083,-3.411,78.876
 14:55:58.004,eb:33:2e:f9:57:b5, 2085-97-83 246:254:02:5886,-0.708,-0.974,3.483,871.399,8.972,102.051,52.394,-3.735,79.684
 14:55:58.004,eb:33:2e:f9:57:b5, 2085-97-102 00:166:01:5182,0.744,1.055,2.704,703.674,-6.348,74.402,60.172,-4.565,80.184
 14:55:58.004,eb:33:2e:f9:57:b5, 2085-97-104 06:35:247:2158,0.666,-0.837,1.372,426.636,132.507,-1.16,65.786,-4.559,80.854
 14:55:58.004,eb:33:2e:f9:57:b5, 2085-97-27 05:27:251:427,0.918,-1.1,1.47,207.458,305.603,-56.519,68.533,-3.356,82.787
 14:55:58.064,eb:33:2e:f9:57:b5, 2085-97-60 11:98:04:1764,1.441,0.211,-0.495,44.861,247.742,-106.201,69.637,-1.544,85.232
 14:55:58.064,eb:33:2e:f9:57:b5, 2085-97-115 09:23:04:4963,1.123,0.655,1.825,-29.663,146.973,-157.837,69.527,0.385,86.506
 14:55:58.064,eb:33:2e:f9:57:b5, 2085-97-59 08:16:01:7487,0.903,0.304,3.128,0,30.945,-209.534,69.373,2.45,86.567
 14:55:58.064,eb:33:2e:f9:57:b5, 2085-97-163 07:02:250:8922,1.076,-0.371,4.134,23.682,18.066,-240.479,69.461,4.647,85.869
 14:55:58.067,eb:33:2e:f9:57:b5, 2085-97-144 09:116:245:7843,1.296,-1.08,4.239,26.062,85.51,-261.353,69.703,7.234,85.419
 14:55:58.067,eb:33:2e:f9:57:b5, 2085-97-138 11:72:244:5542,1.576,-1.442,3.251,-14.709,162.537,-275.757,69.818,10.212,85.655
 14:55:58.067,eb:33:2e:f9:57:b5, 2085-97-104 13:212:246:3774,1.749,-1.361,2.209,-78.43,193.787,-297.241,69.461,13.579,86.375
 14:55:58.067,eb:33:2e:f9:57:b5, 2085-97-29 15:111:249:3937,1.917,-0.948,1.669,-136.108,154.602,-333.74,68.483,17.166,86.847
 14:55:58.095,eb:33:2e:f9:57:b5, 2085-97-252 15:226:247:5944,1.661,-0.803,2.278,-170.654,115.356,-374.634,66.813,20.973,86.644
 14:55:58.095,eb:33:2e:f9:57:b5, 2085-97-241 09:110:244:6017,1.059,-1.259,2.993,-175.964,115.54,-388.794,64.847,24.966,86.067
 14:55:58.095,eb:33:2e:f9:57:b5, 2085-97-179 07:82:241:6285,0.884,-1.648,3.097,-167.053,69.214,-374.39,62.633,28.812,84.968
 14:55:58.095,eb:33:2e:f9:57:b5, 2085-97-58 06:190:238:5023,0.594,-2.021,2.837,-191.772,61.707,-332.764,60.189,32.223,83.573
 14:55:58.154,eb:33:2e:f9:57:b5, 2085-97-82 03:235:236:3441,0.3,-2.283,2.012,-260.132,63.416,-260.62,57.195,35.101,82.299
 14:55:58.154,eb:33:2e:f9:57:b5, 2085-97-157 03:40:237:2421,0.88,-2.428,1.398,-357.605,75.012,-154.541,53.641,37.178,81.491
 14:55:58.154,eb:33:2e:f9:57:b5, 2085-97-216 09:248:240:518,1.496,-2.116,0.854,-466.614,103.394,-33.569,49.515,38.447,81.617
 14:55:58.154,eb:33:2e:f9:57:b5, 2085-97-89 14:236:244:-946,2.118,-1.663,-0.222,-525.879,22.034,56.152,44.989,38.782,82.397
 14:55:58.187,eb:33:2e:f9:57:b5, 2085-97-112 19:140:251:-140,2.586,-0.995,-0.461,-514.832,-162.903,95.215,39.749,37.683,82.414
 14:55:58.187,eb:33:2e:f9:57:b5, 2085-97-148 20:226:254:2998,2.45,-0.262,0.664,-492.737,-326.538,93.689,34.156,35.013,81.442
 14:55:58.187,eb:33:2e:f9:57:b5, 2085-97-60 18:92:255:5173,2.073,-0.09,2.082,-482.239,-398.315,73.12,28.411,31.404,79.882
 14:55:58.187,eb:33:2e:f9:57:b5, 2085-97-128 15:235:255:6348,1.8,-0.06,2.874,-481.14,-418.213,35.95,22.874,27.444,78.398
 14:55:58.545,eb:33:2e:f9:57:b5, 2085-97-105 13:60:01:6767,1.655,0.062,3.228,-485.046,-408.875,-9.216,17.325,23.5,76.849
 14:55:58.545,eb:33:2e:f9:57:b5, 2085-97-103 13:50:04:6730,1.701,0.323,3.357,-473.572,-404.907,-73.914,11.953,19.688,75.3
 14:55:58.545,eb:33:2e:f9:57:b5, 2085-97-223 10:164:06:5846,0.852,0.776,3.256,-459.778,-424.866,-156.494,6.636,15.732,73.29
 14:55:58.545,eb:33:2e:f9:57:b5, 2085-97-159 03:68:05:3956,0.092,0.849,2.186,-440.918,-493.103,-225.159,1.571,11.371,71.043
 14:55:58.547,eb:33:2e:f9:57:b5, 2085-97-230 252:83:254:6041,-1.032,0.263,2.285,-425.232,-624.146,-248.84,-3.159,5.587,68.61
 14:55:58.547,eb:33:2e:f9:57:b5, 2085-97-172 241:27:250:8699,-2.539,-0.554,3.611,-421.387,-667.236,-198.547,-7.465,-1.132,67.044
 14:55:58.547,eb:33:2e:f9:57:b5, 2085-97-112 231:95:253:11239,-3.431,-0.701,4.841,-411.682,-648.315,-94.849,-11.689,-7.938,66.687
 14:55:58.547,eb:33:2e:f9:57:b5, 2085-97-113 226:182:12:12680,-3.965,0.454,5.962,-394.531,-548.584,28.137,-15.958,-13.804,67.945
 14:55:58.548,eb:33:2e:f9:57:b5, 2085-97-61 221:121:36:12242,-4.776,3.015,6.191,-343.384,-467.529,125.183,-20.424,-18.292,70.384
 14:55:58.548,eb:33:2e:f9:57:b5, 2085-97-155 215:228:53:9876,-5.36,5.877,5.441,-229.126,-463.44,171.875,-24.445,-21.945,73.861
 14:55:58.549,eb:33:2e:f9:57:b5, 2085-97-213 209:241:57:9632,-5.963,7.136,4.52,-132.812,-485.413,194.763,-27.856,-25.433,77.964
 14:55:58.549,eb:33:2e:f9:57:b5, 2085-97-103 210:39:58:10940,-5.044,7.239,5.149,-80.139,-341.492,214.905,-30.855,-28.158,82.419
 14:55:58.551,eb:33:2e:f9:57:b5, 2085-97-239 222:136:64:7141,-3.304,7.603,4.629,-65.735,24.902,216.003,-32.948,-28.213,85.364
 14:55:58.551,eb:33:2e:f9:57:b5, 2085-97-106 235:216:63:2741,-2.075,8.32,2.191,-41.443,243.469,154.114,-33.865,-25.779,86.166
 14:55:58.551,eb:33:2e:f9:57:b5, 2085-97-116 242:106:53:912,-1.485,7.379,0.767,45.959,234.375,64.819,-33.558,-23.06,85.54
 14:55:58.551,eb:33:2e:f9:57:b5, 2085-97-45 244:38:41:840,-1.501,5.945,0.307,141.907,128.479,-4.089,-32.234,-21.456,84.798
 14:55:58.574,eb:33:2e:f9:57:b5, 2085-97-166 246:177:57:17767,-4.406,4.204,0.856,306.213,-6.592,-53.833,-30.02,-20.825,84.023
 14:55:58.574,eb:33:2e:f9:57:b5, 2085-97-85 236:02:248:5423,-4.525,4.52,-3.308,855.164,131.47,-224.121,-22.401,-20.089,82.397
 14:55:58.574,eb:33:2e:f9:57:b5, 2085-97-112 248:239:248:3918,6.075,3.998,-1.927,727.661,84.778,-343.079,-12.25,-18.204,78.876
 14:55:58.574,eb:33:2e:f9:57:b5, 2085-97-105 29:26:20:6801,-0.045,7.305,-1.07,148.071,-343.567,-35.4,-8.377,-20.984,78.832
 14:55:58.576,eb:33:2e:f9:57:b5, 2085-97-216 252:132:250:2882,-0.6,-1.445,-0.511,39.185,-54.321,120.605,-7.685,-20.176,78.481
 14:55:58.576,eb:33:2e:f9:57:b5, 2085-97-100 02:211:251:7653,-0.16,0.407,0.217,95.703,-55.481,53.955,-7.191,-20.66,79.601
 14:55:58.576,eb:33:2e:f9:57:b5, 2085-97-234 253:70:04:-913,0.299,-0.728,0.804,797.852,92.468,-90.088,38.815,9.311,82.903
 14:55:58.576,eb:33:2e:f9:57:b5, 2085-97-121 02:132:01:1899,-0.291,1.026,-0.223,559.387,-29.968,-174.072,45.439,10.173,81.985
 14:55:58.634,eb:33:2e:f9:57:b5, 2085-97-139 247:114:237:5378,-1.052,-1.126,1.926,259.949,164.917,-211.67,49.202,12.123,80.958
 14:55:58.634,eb:33:2e:f9:57:b5, 2085-97-15 253:29:252:3310,0.491,-1.795,2.976,128.967,458.191,-95.825,51.295,15.359,82.634
 14:55:58.634,eb:33:2e:f9:57:b5, 2085-113-81 00:233:88:7307,1.003,0.216,2.264,31.982,459.229,-36.011,53.13,18.754,86.089
 14:55:58.634,eb:33:2e:f9:57:b5, 2085-97-100 09:21:03:4718,1.349,0.335,2.868,23.376,446.472,-19.348,53.877,20.209,87.957
 14:55:58.634,eb:33:2e:f9:57:b5, 2085-97-241 10:217:04:3100,1.347,0.52,1.718,44.128,299.255,-18.372,55.426,22.527,91.132
 14:55:58.664,eb:33:2e:f9:57:b5, 2085-97-94 09:254:03:4253,0.929,0.464,1.678,43.213,164.856,-42.297,56.585,24.011,92.895
 14:55:58.664,eb:33:2e:f9:57:b5, 2085-97-156 06:92:01:5951,0.855,0.418,2.361,19.287,102.6,-73.303,57.283,25.23,93.724
 14:55:58.664,eb:33:2e:f9:57:b5, 2085-97-171 07:164:251:7971,1.069,-0.204,3.549,-18.066,111.511,-89.478,57.464,26.477,94.153
 14:55:58.664,eb:33:2e:f9:57:b5, 2085-97-62 09:21:249:6399,1.254,-0.761,3.701,-66.589,176.819,-89.661,57.458,28.059,95.01
 14:55:58.694,eb:33:2e:f9:57:b5, 2085-97-134 11:106:247:4897,1.595,-0.988,2.655,-128.052,177.185,-92.896,57.025,29.806,96.213
 14:55:58.694,eb:33:2e:f9:57:b5, 2085-97-123 14:80:247:4522,2.061,-1.084,2.167,-167.419,142.273,-113.77,55.975,31.553,97.114
 14:55:58.694,eb:33:2e:f9:57:b5, 2085-97-251 16:217:245:5520,2.343,-1.194,2.489,-170.288,110.229,-148.071,54.404,33.344,97.383
 14:55:58.694,eb:33:2e:f9:57:b5, 2085-97-114 18:159:243:5521,2.075,-1.439,2.933,-142.395,114.014,-186.951,52.745,35.343,97.158
 14:55:58.784,eb:33:2e:f9:57:b5, 2085-97-15 14:116:241:4270,1.529,-1.645,2.325,-134.827,101.501,-207.275,51.136,37.606,96.746
 14:55:58.784,eb:33:2e:f9:57:b5, 2085-97-163 10:112:237:4040,1.103,-2.068,2.064,-164.429,41.138,-208.435,48.988,39.65,95.658
 14:55:58.784,eb:33:2e:f9:57:b5, 2085-97-165 06:55:235:2599,0.617,-2.498,1.662,-251.77,15.625,-172.424,45.956,41.226,94.197
 14:55:58.784,eb:33:2e:f9:57:b5, 2085-97-101 04:149:234:2491,0.696,-2.648,1.021,-367.676,-2.075,-102.234,41.94,42.209,92.911
 14:55:58.786,eb:33:2e:f9:57:b5, 2085-97-157 06:28:237:4756,0.942,-2.592,1.832,-469.299,15.564,-4.639,37.343,42.545,92.411
 14:55:58.786,eb:33:2e:f9:57:b5, 2085-97-134 09:253:242:4203,1.546,-2.013,2.373,-534.241,59.509,86.609,32.8,42.621,93.214
 14:55:58.786,eb:33:2e:f9:57:b5, 2085-97-181 14:184:247:2056,2.093,-1.322,1.555,-573.425,37.109,156.189,28.477,42.429,95.076
 14:55:58.786,eb:33:2e:f9:57:b5, 2085-97-21 19:108:253:1545,2.647,-0.685,0.645,-584.778,-57.8,184.631,23.994,41.556,97.092
 14:55:58.875,eb:33:2e:f9:57:b5, 2085-97-04 22:155:01:3706,2.631,0.003,1.239,-575.378,-179.321,175.72,19.254,39.705,98.8
 14:55:58.875,eb:33:2e:f9:57:b5, 2085-97-35 19:249:01:5085,2.135,0.27,2.196,-560.608,-271.851,149.841,14.227,36.98,99.877
 14:55:58.875,eb:33:2e:f9:57:b5, 2085-97-64 15:218:255:6539,1.688,0.139,2.802,-555.664,-325.073,129.578,9.179,33.712,100.833
 14:55:58.876,eb:33:2e:f9:57:b5, 2085-97-98 12:169:254:7690,1.565,-0.145,3.522,-559.875,-329.102,123.291,4.087,30.251,101.816
 14:55:59.204,eb:33:2e:f9:57:b5, 2085-97-66 13:27:01:8086,1.758,-0.067,3.93,-562.561,-311.34,113.098,-0.923,27.01,103.129
 14:55:59.204,eb:33:2e:f9:57:b5, 2085-113-58 00:229:237:-7170,1.855,0.401,3.873,-562.988,-304.138,79.407,-6.048,23.967,104.381
 14:55:59.204,eb:33:2e:f9:57:b5, 2085-97-53 14:230:07:7223,1.495,0.712,3.816,-563.416,-306.519,51.819,-8.646,22.495,104.936
 14:55:59.204,eb:33:2e:f9:57:b5, 2085-97-236 10:120:09:6025,1.24,1.124,3.007,-551.697,-373.962,-8.545,-13.925,19.265,105.908
 14:55:59.207,eb:33:2e:f9:57:b5, 2085-97-190 06:161:09:8628,0.401,1.216,3.447,-527.222,-481.201,-52.612,-19.061,14.903,106.853
 14:55:59.207,eb:33:2e:f9:57:b5, 2085-97-111 255:10:11:11234,-0.511,1.254,4.893,-502.014,-520.02,-54.871,-23.906,9.943,108.281
 14:55:59.207,eb:33:2e:f9:57:b5, 2085-97-253 248:87:16:12937,-1.172,1.622,5.963,-477.051,-472.168,-26.733,-28.581,5.219,110.143
 14:55:59.207,eb:33:2e:f9:57:b5, 2085-97-95 244:248:27:12557,-1.726,2.696,6.368,-443.054,-375.793,9.399,-33.058,1.599,112.286
 14:55:59.209,eb:33:2e:f9:57:b5, 2085-97-150 239:51:42:10957,-2.506,4.335,5.74,-390.259,-347.473,36.194,-37.222,-1.187,114.527
 14:55:59.209,eb:33:2e:f9:57:b5, 2085-97-167 230:205:58:9338,-3.903,6.325,5.016,-319.946,-387.512,52.673,-40.886,-3.73,117.246
 14:55:59.209,eb:33:2e:f9:57:b5, 2085-97-194 219:12:65:9621,-4.939,8.002,4.319,-175.781,-458.313,55.847,-43.643,-6.575,120.575
 14:55:59.209,eb:33:2e:f9:57:b5, 2085-97-199 215:27:65:9447,-4.842,8.126,5.013,-37.048,-307.251,56.274,-45.016,-9.058,123.854
 14:55:59.209,eb:33:2e:f9:57:b5, 2085-97-230 219:221:64:5638,-4.214,8.172,3.743,13.062,-11.414,44.006,-45.225,-9.712,125.217
 14:55:59.209,eb:33:2e:f9:57:b5, 2085-97-192 225:81:59:2497,-3.158,7.729,1.835,22.827,162.476,2.808,-44.967,-8.855,124.739
 14:55:59.209,eb:33:2e:f9:57:b5, 2085-97-09 236:165:57:2156,-2.039,7.277,1.087,58.289,195.068,-60.364,-44.264,-7.751,123.162
 14:55:59.209,eb:33:2e:f9:57:b5, 2085-97-82 242:76:51:2532,-1.441,6.917,1.111,117.126,185.12,-147.705,-43.116,-7.119,121.108
 14:55:59.212,eb:33:2e:f9:57:b5, 2085-97-139 249:21:18:11128,3.025,5.539,1.3,205.444,175.842,-231.812,-41.05,-7.086,118.378
 14:55:59.212,eb:33:2e:f9:57:b5, 2085-97-32 254:252:239:-17174,-6.977,6.511,4.781,785.156,612.793,-226.685,-34.865,-6.757,115.752
 14:55:59.212,eb:33:2e:f9:57:b5, 2085-97-62 216:246:11:22289,0.771,-5.123,-0.576,1071.411,-175.171,-223.755,-25.164,-6.597,112.275
 14:55:59.212,eb:33:2e:f9:57:b5, 2085-97-239 40:167:58:-2705,6.601,4.448,2.223,496.948,-516.479,-65.491,-17.1,-10.739,112.181
 14:55:59.234,eb:33:2e:f9:57:b5, 2085-97-230 18:168:05:2071,0.466,4.751,6.365,33.752,98.572,-32.288,-14.952,-13.727,112.786
 14:55:59.234,eb:33:2e:f9:57:b5, 2085-97-206 251:238:248:9965,-0.71,-0.771,2.327,105.774,-0.854,23.499,-14.453,-13.651,113.137
 14:55:59.234,eb:33:2e:f9:57:b5, 2085-97-20 252:02:245:10787,-0.212,-0.938,5.47,630.676,364.502,-6.531,22.346,15.738,113.461
 14:55:59.234,eb:33:2e:f9:57:b5, 2085-97-64 253:22:00:5926,-0.109,-1.125,3.822,607.117,369.873,27.222,29.169,18.924,115.334
 14:55:59.266,eb:33:2e:f9:57:b5, 2085-97-39 01:219:250:5984,0.767,0.753,2.871,460.205,386.23,11.108,35.425,21.868,117.702
 14:55:59.266,eb:33:2e:f9:57:b5, 2085-97-146 12:176:227:-3353,1.803,-2.334,0.984,222.29,504.089,26.855,40.078,25.334,120.959
 14:55:59.266,eb:33:2e:f9:57:b5, 2085-97-37 15:252:253:-3761,2.586,-1.416,-1.851,19.47,432.8,16.052,42.863,28.619,124.854
 14:55:59.266,eb:33:2e:f9:57:b5, 2085-97-146 21:226:12:3013,2.357,0.994,-0.319,-100.952,119.751,-75.195,43.242,30.712,126.639
 14:55:59.325,eb:33:2e:f9:57:b5, 2085-97-199 17:87:14:5001,2.03,1.989,1.769,-106.812,-48.706,-192.505,41.743,31.838,125.755
 14:55:59.325,eb:33:2e:f9:57:b5, 2085-97-42 14:69:06:6954,1.561,1.311,3.081,-88.806,-106.934,-305.42,39.133,32.789,122.767
 14:55:59.325,eb:33:2e:f9:57:b5, 2085-97-18 11:183:254:7613,1.198,0.287,3.587,-73.547,-76.782,-370.667,36.255,34.135,118.872
 14:55:59.325,eb:33:2e:f9:57:b5, 2085-97-203 07:69:250:7243,0.573,-0.507,3.748,-71.594,-22.949,-393.433,33.124,35.925,114.714
 14:55:59.355,eb:33:2e:f9:57:b5, 2085-97-188 06:173:249:6677,0.845,-0.868,3.075,-101.257,13.855,-382.69,29.888,37.958,110.671
 14:55:59.355,eb:33:2e:f9:57:b5, 2085-97-60 07:40:247:7833,0.898,-0.864,3.346,-155.701,67.078,-357.056,26.109,40.106,106.815
 14:55:59.355,eb:33:2e:f9:57:b5, 2085-97-138 06:56:244:8591,0.711,-1.351,4.156,-190.735,134.46,-321.533,22.083,42.402,103.326
 14:55:59.355,eb:33:2e:f9:57:b5, 2085-97-55 06:28:245:7587,1.003,-1.447,3.962,-205.322,197.632,-266.296,18.023,45.027,100.415
 14:55:59.655,eb:33:2e:f9:57:b5, 2085-97-129 09:202:245:6495,1.285,-1.29,3.453,-229.065,242.92,-200.134,14.282,47.78,98.185
 14:55:59.655,eb:33:2e:f9:57:b5, 2085-97-44 11:99:246:4974,1.631,-1.28,2.835,-275.024,293.579,-129.211,10.591,50.773,96.724
 14:55:59.655,eb:33:2e:f9:57:b5, 2085-97-05 16:35:249:2921,2.308,-1.056,1.966,-335.999,325.5,-43.884,7.18,53.97,96.262
 14:55:59.655,eb:33:2e:f9:57:b5, 2085-97-216 20:35:251:-908,2.751,-0.75,0.566,-397.705,307.007,31.128,3.922,57.2,96.877
 14:55:59.804,eb:33:2e:f9:57:b5, 2085-97-51 23:183:252:-3893,3.009,-0.481,-1.432,-440.979,157.593,78.796,0.945,59.513,98.344
 14:55:59.804,eb:33:2e:f9:57:b5, 2085-97-32 24:148:252:-1620,2.835,-0.413,-1.543,-437.5,-115.112,110.779,-1.785,59.557,100.371
 14:55:59.804,eb:33:2e:f9:57:b5, 2085-97-151 20:254:250:1082,2.373,-0.504,-0.063,-425.537,-284.79,148.376,-3.675,57.393,103.162
 14:55:59.804,eb:33:2e:f9:57:b5, 2085-97-24 18:102:250:3351,2.209,-0.707,1.097,-442.444,-346.497,197.754,-5.054,54.267,106.782
 14:55:59.807,eb:33:2e:f9:57:b5, 2085-97-192 17:21:253:4613,2.379,-0.583,2.008,-478.455,-333.191,235.596,-6.295,51.021,111.011
 14:55:59.807,eb:33:2e:f9:57:b5, 2085-97-00 21:128:03:5664,2.826,-0.012,2.538,-517.395,-298.706,239.075,-8.026,48.17,115.351
 14:55:59.807,eb:33:2e:f9:57:b5, 2085-97-221 22:37:10:5288,2.915,0.916,2.793,-546.692,-254.333,195.557,-10.558,45.758,119.202
 14:55:59.807,eb:33:2e:f9:57:b5, 2085-97-85 22:91:15:4748,2.629,1.626,2.522,-538.452,-270.569,113.77,-13.975,43.528,122.13
 14:55:59.807,eb:33:2e:f9:57:b5, 2085-97-210 19:166:14:4983,2.204,1.99,2.253,-512.939,-338.257,25.269,-17.864,40.682,124.129
 14:55:59.808,eb:33:2e:f9:57:b5, 2085-97-196 15:223:10:5707,1.686,1.577,2.547,-484.009,-390.259,-36.926,-21.912,37.172,125.634
 14:55:59.808,eb:33:2e:f9:57:b5, 2085-97-216 11:78:08:6773,1.279,1.177,3.008,-461.67,-405.396,-60.913,-25.785,33.184,127.057
 14:55:59.808,eb:33:2e:f9:57:b5, 2085-97-176 07:221:06:6978,0.75,0.955,3.542,-441.833,-391.968,-48.645,-29.482,29.388,128.672
 14:55:59.810,eb:33:2e:f9:57:b5, 2085-97-199 05:33:08:6631,0.651,0.89,3.161,-398.193,-422.791,-10.742,-32.706,25.708,130.765
 14:55:59.810,eb:33:2e:f9:57:b5, 2085-97-73 03:88:12:7378,0.094,1.245,3.414,-328.918,-500.244,35.217,-35.123,21.94,133.77
 14:55:59.810,eb:33:2e:f9:57:b5, 2085-97-248 253:240:18:8530,-0.655,1.892,3.86,-243.347,-583.923,92.285,-36.573,17.759,137.774
 14:55:59.810,eb:33:2e:f9:57:b5, 2085-97-61 247:39:29:9600,-1.482,2.959,4.479,-155.762,-626.892,164.246,-37.194,13.661,142.712
 14:55:59.812,eb:33:2e:f9:57:b5, 2085-97-248 240:83:41:9639,-2.338,4.401,4.775,-79.895,-633.667,234.131,-37.167,9.723,148.282
 14:55:59.812,eb:33:2e:f9:57:b5, 2085-97-123 14:05:47:-183,4.101,5.765,4.732,-39.856,-621.887,278.381,-36.87,6.251,154.276
 14:55:59.812,eb:33:2e:f9:57:b5, 2085-97-144 253:184:240:2837,-0.168,3.462,5.502,77.332,-25.94,-45.471,-18.517,-0.082,152.221
 14:55:59.812,eb:33:2e:f9:57:b5, 2085-97-126 253:155:255:3052,-0.961,-0.147,0.106,71.777,-137.39,103.699,-17.858,-0.379,153.067
 14:55:59.812,eb:33:2e:f9:57:b5, 2085-97-206 01:70:05:1689,-0.616,0.452,-0.331,69.519,-100.037,0.793,-16.853,-1.296,153.616
 14:55:59.864,eb:33:2e:f9:57:b5, 2085-113-58 00:98:233:-9030,1.283,0.269,0.126,14.587,-56.458,-12.939,-16.518,-1.785,153.699
 14:55:59.864,eb:33:2e:f9:57:b5, 2085-97-90 09:31:250:8561,1.023,-0.335,4.382,302.124,388.855,-4.15,-8.948,7.998,150.381
 14:55:59.864,eb:33:2e:f9:57:b5, 2085-97-225 09:21:247:8474,1.445,-0.956,4.253,382.935,455.383,-10.01,-5.592,12.195,149.749
 14:55:59.864,eb:33:2e:f9:57:b5, 2085-97-132 10:233:246:6237,0.867,-1.103,3.652,472.717,474.426,-19.287,-1.247,16.859,149.31
 14:55:59.866,eb:33:2e:f9:57:b5, 2085-97-34 04:186:253:5592,0.519,-0.862,2.462,550.354,406.067,-25.391,3.867,21.357,149.2
 14:55:59.866,eb:33:2e:f9:57:b5, 2085-97-188 03:51:06:8512,0.254,0.023,3.522,621.094,217.59,-24.048,9.921,24.373,149.321
 14:55:59.866,eb:33:2e:f9:57:b5, 2085-97-151 255:118:00:11906,-0.185,0.688,4.863,674.866,38.086,-69.214,16.37,25.56,149.062
 14:55:59.866,eb:33:2e:f9:57:b5, 2085-97-80 254:135:00:11021,-0.772,-0.282,6.091,653.137,122.681,-83.679,22.967,26.301,148.53
 14:55:59.925,eb:33:2e:f9:57:b5, 2085-97-69 247:144:244:8782,-1.199,-0.021,4.364,440.063,341.492,-89.417,28.619,28.916,148.865
 14:55:59.925,eb:33:2e:f9:57:b5, 2085-97-145 252:52:242:11643,0.596,-2.882,5.039,229.553,571.716,90.82,33.217,32.822,151.622
 14:55:59.925,eb:33:2e:f9:57:b5, 2085-97-171 13:15:12:6758,2.56,0.835,2.206,189.27,605.347,181.458,39.117,37.167,158.049
 14:55:59.925,eb:33:2e:f9:57:b5, 2085-97-110 23:245:11:9441,3.061,1.402,4.953,191.956,431.702,127.319,44.434,39.606,163.757
 14:55:59.954,eb:33:2e:f9:57:b5, 2085-97-95 24:50:09:7258,2.93,1.461,3.94,255.371,278.015,-28.992,49.213,41.638,167.591
 14:55:59.954,eb:33:2e:f9:57:b5, 2085-97-157 20:143:254:6068,1.951,0.614,3.176,239.197,170.349,-189.453,52.69,43.808,168.942
 14:55:59.954,eb:33:2e:f9:57:b5, 2085-97-126 14:56:242:6912,1.357,-1.092,2.938,150.024,82.275,-301.331,54.058,46.582,168.184
 14:55:59.956,eb:33:2e:f9:57:b5, 2085-97-97 09:20:235:6964,1.137,-2.22,3.274,15.564,89.661,-328.735,53.569,49.576,166.454
 14:56:00.076,eb:33:2e:f9:57:b5, 2085-97-18 10:144:233:7322,1.525,-2.812,3.476,-115.845,134.277,-309.082,51.669,52.8,164.789
 14:56:00.076,eb:33:2e:f9:57:b5, 2085-97-123 14:244:234:6802,2.101,-2.724,3.595,-232.239,213.745,-274.536,49.235,56.03,164.026
 14:56:00.076,eb:33:2e:f9:57:b5, 2085-97-112 18:194:235:4141,2.499,-2.551,2.768,-323.73,267.944,-252.258,46.544,59.623,164.235
 14:56:00.076,eb:33:2e:f9:57:b5, 2085-97-22 21:90:236:1205,2.707,-2.494,1.251,-410.4,266.479,-245.605,43.176,63.149,164.625
 14:56:00.103,eb:33:2e:f9:57:b5, 2085-97-108 21:06:237:-029,2.554,-2.402,0.16,-497.437,202.82,-242.004,37.93,66.528,163.938
 14:56:00.103,eb:33:2e:f9:57:b5, 2085-97-33 20:80:236:694,2.61,-2.414,0.06,-567.932,89.478,-220.459,29.839,68.873,161.01
 14:56:00.103,eb:33:2e:f9:57:b5, 2085-97-79 22:231:237:1348,2.929,-2.407,0.542,-627.441,16.785,-162.781,19.704,70.076,156.638
 14:56:00.103,eb:33:2e:f9:57:b5, 2085-97-200 25:109:242:1655,3.49,-2.063,0.643,-665.71,-34.79,-90.881,9.932,70.208,153.177
 14:56:00.106,eb:33:2e:f9:57:b5, 2085-97-111 29:130:249:1877,3.941,-1.241,0.836,-663.147,-139.16,-41.687,1.39,69.406,151.205
 14:56:00.106,eb:33:2e:f9:57:b5, 2085-97-53 32:67:255:3351,4.069,-0.417,1.316,-640.869,-288.818,-21.912,-5.471,67.022,150.804
 14:56:00.106,eb:33:2e:f9:57:b5, 2085-97-95 30:29:03:4506,3.577,0.182,2.042,-622.62,-400.452,-36.682,-11.223,63.452,151.419
 14:56:00.106,eb:33:2e:f9:57:b5, 2085-97-24 26:153:06:5589,2.945,0.592,2.527,-613.708,-464.844,-65.491,-16.331,58.887,152.6
 14:56:00.254,eb:33:2e:f9:57:b5, 2085-97-121 20:70:10:6609,2.123,1.055,2.982,-602.356,-492.188,-85.999,-21.187,54.075,154.1
 14:56:00.254,eb:33:2e:f9:57:b5, 2085-97-22 13:141:17:7496,0.708,1.63,3.434,-570.74,-494.629,-79.285,-25.516,49.037,156.017
 14:56:00.254,eb:33:2e:f9:57:b5, 2085-97-178 00:168:20:5514,-0.241,2.453,3.078,-516.052,-491.394,-27.832,-29.125,44.528,158.577
 14:56:00.254,eb:33:2e:f9:57:b5, 2085-97-63 252:16:26:5504,-0.735,2.874,2.575,-395.386,-555.176,42.236,-31.141,39.853,162.263
 14:56:00.256,eb:33:2e:f9:57:b5, 2085-97-201 247:76:35:5855,-1.255,3.775,2.806,-245.911,-583.069,129.517,-31.41,35.431,167.025
 14:56:00.256,eb:33:2e:f9:57:b5, 2085-97-184 244:228:44:5939,-1.707,5.035,2.862,-62.378,-615.906,197.083,-29.899,30.998,172.381
 14:56:00.256,eb:33:2e:f9:57:b5, 2085-97-42 238:174:52:6937,-2.857,6.129,2.98,68.604,-684.509,245.544,-26.917,26.34,178.193
 14:56:00.256,eb:33:2e:f9:57:b5, 2085-97-210 227:80:57:9318,-4.039,6.924,4.116,37.903,-668.396,277.161,-23.884,21.044,-175.995
 14:56:00.258,eb:33:2e:f9:57:b5, 2085-97-223 222:10:68:8936,-3.807,7.602,4.618,-71.533,-443.481,270.813,-22.495,17.001,-170.942
 14:56:00.258,eb:33:2e:f9:57:b5, 2085-97-165 229:21:85:6656,-2.861,9.696,3.85,-92.224,-169.617,139.343,-22.527,15.051,-167.816
 14:56:00.258,eb:33:2e:f9:57:b5, 2085-97-57 235:30:84:2836,-2.234,10.998,2.382,-33.813,-42.908,-144.287,-23.077,14.222,-167.542
 14:56:00.258,eb:33:2e:f9:57:b5, 2085-97-168 224:212:61:23552,-4.727,8.921,1.761,354.553,-281.555,-407.776,-23.187,12.2,-170.173
 14:56:00.344,eb:33:2e:f9:57:b5, 2085-97-88 248:51:240:-5479,4.965,1.119,-5.216,635.193,316.406,-483.521,-17.946,16.721,-175.908
 14:56:00.344,eb:33:2e:f9:57:b5, 2085-97-08 23:33:03:7730,1.467,3.649,6.396,58.594,-321.533,-37.109,-15.414,10.184,-175.117
 14:56:00.344,eb:33:2e:f9:57:b5, 2085-97-127 01:12:255:1012,1.038,-1.882,2.44,37.598,-49.805,72.693,-15.145,9.432,-175.1
 14:56:00.344,eb:33:2e:f9:57:b5, 2085-97-02 254:151:253:1903,-0.087,0.71,2.009,90.698,-68.665,14.282,-14.233,8.311,-174.133
 14:56:00.465,eb:33:2e:f9:57:b5, 2085-97-85 240:135:04:-3549,-0.997,-0.334,1.176,100.22,-7.568,-41.443,-13.206,7.767,-174.282
 14:56:00.467,eb:33:2e:f9:57:b5, 2085-97-216 02:46:03:2347,1.086,0.318,-0.181,11.658,-130.31,-35.461,-12.607,6.57,-174.402
 14:56:00.467,eb:33:2e:f9:57:b5, 2085-97-173 05:104:255:3730,0.489,0.303,2.027,-2.075,-30.334,-33.63,-12.651,5.713,-174.628
 14:56:00.467,eb:33:2e:f9:57:b5, 2085-97-21 01:189:01:2001,-0.214,0.073,1.487,30.579,-8.179,-4.761,-12.398,5.433,-174.743
 14:56:00.467,eb:33:2e:f9:57:b5, 2085-97-32 254:180:255:1685,-0.095,0.11,0.666,20.63,-2.075,-17.944,-12.14,5.4,-174.864
 14:56:00.467,eb:33:2e:f9:57:b5, 2085-97-157 00:178:00:2289,0.379,-0.016,0.991,26.001,-24.719,-16.052,-11.827,5.103,-175.018
 14:56:00.467,eb:33:2e:f9:57:b5, 2085-97-102 01:229:00:2321,-0.058,0.228,1.221,28.564,-3.357,-27.039,-11.547,4.872,-175.172
 14:56:00.467,eb:33:2e:f9:57:b5, 2085-97-55 252:118:252:3609,-0.734,-0.007,1.167,27.588,15.503,-23.56,-11.195,4.812,-175.457
 14:56:00.468,eb:33:2e:f9:57:b5, 2085-97-191 251:158:251:3126,-0.143,-0.896,1.767,25.574,77.698,21.545,-10.931,5.279,-175.605
 14:56:00.468,eb:33:2e:f9:57:b5, 2085-97-177 255:242:254:5812,0.66,-0.265,2.303,28.687,108.093,75.134,-10.503,6.18,-175.248
 14:56:00.468,eb:33:2e:f9:57:b5, 2085-97-240 12:20:09:6706,1.62,0.34,3.198,58.594,148.071,90.82,-10.042,7.712,-174.556
 14:56:00.468,eb:33:2e:f9:57:b5, 2085-97-255 12:121:02:9053,1.754,0.536,4.188,159.424,142.883,21.24,-8.701,8.882,-174.337
 14:56:00.472,eb:33:2e:f9:57:b5, 2085-97-142 14:50:00:9474,1.783,0.168,4.651,241.638,241.577,-11.475,-6.718,10.838,-174.556
 14:56:00.472,eb:33:2e:f9:57:b5, 2085-97-108 13:142:248:9288,1.568,-0.407,4.568,327.637,337.891,-34.729,-3.829,13.623,-175.095
 14:56:00.472,eb:33:2e:f9:57:b5, 2085-97-118 13:119:243:8717,1.96,-1.249,4.4,411.56,455.383,-36.377,-0.242,17.617,-175.627
 14:56:00.472,eb:33:2e:f9:57:b5, 2085-97-198 17:09:248:7314,2.519,-1.504,3.764,501.343,580.872,-40.405,4.389,22.791,-175.776
 14:56:00.472,eb:33:2e:f9:57:b5, 2085-97-113 22:32:02:8362,2.644,-0.423,3.552,608.704,602.295,-92.529,10.009,28.872,-175.627
 14:56:00.472,eb:33:2e:f9:57:b5, 2085-97-88 21:109:17:10170,2.145,1.475,4.528,764.404,403.32,-188.538,16.919,34.063,-175.792
 14:56:00.472,eb:33:2e:f9:57:b5, 2085-97-120 05:46:01:11240,-0.355,1.812,5.163,863.037,105.469,-297.058,24.088,37.139,-177.748
 14:56:00.473,eb:33:2e:f9:57:b5, 2085-97-250 248:227:254:7254,-1.328,-0.325,5.054,803.589,69.336,-295.776,30.811,38.897,179.275
 14:56:00.554,eb:33:2e:f9:57:b5, 2085-97-133 238:147:237:6581,3.71,-0.42,2.604,452.881,250.549,-261.169,35.843,41.682,177.303
 14:56:00.554,eb:33:2e:f9:57:b5, 2085-97-68 25:70:12:5953,2.614,1.983,3.219,241.394,273.132,26.367,79.096,55.668,-137.351
 14:56:00.554,eb:33:2e:f9:57:b5, 2085-97-167 17:22:03:6412,1.74,0.959,2.833,224.609,38.818,-96.13,83.452,56.299,-134.962
 14:56:00.554,eb:33:2e:f9:57:b5, 2085-97-232 09:20:248:8751,0.818,-0.288,3.794,108.582,-90.515,-182.861,83.979,57.519,-136.274
 14:56:00.946,eb:33:2e:f9:57:b5, 2085-97-93 04:46:239:8944,0.55,-1.561,4.439,-60.669,-42.114,-204.041,82.579,59.431,-138.093
 14:56:00.946,eb:33:2e:f9:57:b5, 2085-97-55 05:245:235:8395,0.983,-2.397,4.377,-205.872,53.711,-167.236,80.788,61.282,-138.494
 14:56:00.946,eb:33:2e:f9:57:b5, 2085-97-114 11:115:238:6469,1.872,-2.457,3.657,-307.19,160.889,-125.61,79.788,62.891,-136.626
 14:56:00.946,eb:33:2e:f9:57:b5, 2085-97-246 17:145:241:3081,2.551,-1.974,2.443,-398.071,258.118,-100.281,80.151,64.347,-132.22
 14:56:00.950,eb:33:2e:f9:57:b5, 2085-97-31 22:90:244:-1071,2.915,-1.632,0.478,-480.042,275.696,-111.206,81.211,65.819,-126.151
 14:56:00.950,eb:33:2e:f9:57:b5, 2085-97-176 24:226:245:-3199,3.333,-1.295,-1.256,-565.063,196.838,-146.545,80.925,67.445,-120.712
 14:56:00.950,eb:33:2e:f9:57:b5, 2085-97-185 26:108:245:-2023,3.237,-1.225,-1.335,-618.896,66.833,-191.833,77.239,69.357,-118.229
 14:56:00.950,eb:33:2e:f9:57:b5, 2085-97-168 24:13:244:-920,2.92,-1.428,-0.647,-639.221,-60.242,-211.243,69.131,71.296,-120.125
 14:56:00.950,eb:33:2e:f9:57:b5, 2085-97-165 21:119:243:-212,2.464,-1.537,-0.315,-643.86,-173.828,-190.857,56.525,72.532,-126.617
 14:56:00.950,eb:33:2e:f9:57:b5, 2085-97-187 18:52:245:2144,2.22,-1.525,0.4,-645.874,-286.255,-133.972,41.127,72.219,-135.994
 14:56:00.950,eb:33:2e:f9:57:b5, 2085-97-72 17:196:249:4383,2.107,-1.088,1.644,-649.353,-346.069,-64.636,27.037,70.087,-144.02
 14:56:00.950,eb:33:2e:f9:57:b5, 2085-97-201 16:189:254:5463,2.103,-0.492,2.441,-638.428,-377.808,0.427,16.501,66.813,-148.403
 14:56:01.036,eb:33:2e:f9:57:b5, 2085-97-197 16:127:04:5674,2.128,0.216,2.779,-603.027,-408.386,52.124,9.086,62.913,-149.722
 14:56:01.036,eb:33:2e:f9:57:b5, 2085-97-23 17:203:08:5467,2.097,0.85,2.721,-552.673,-449.158,75.012,3.675,58.557,-149.332
 14:56:01.036,eb:33:2e:f9:57:b5, 2085-97-159 12:24:12:4716,1.156,1.358,2.703,-516.113,-470.703,80.078,-0.648,53.888,-148.156
 14:56:01.036,eb:33:2e:f9:57:b5, 2085-97-204 06:250:14:5004,0.51,1.633,2.169,-460.083,-553.04,81.787,-4.224,48.823,-146.486
 14:56:01.036,eb:33:2e:f9:57:b5, 2085-97-128 00:159:20:6681,-0.44,2.185,2.93,-412.903,-603.333,93.018,-7.053,43.066,-144.41
 14:56:01.036,eb:33:2e:f9:57:b5, 2085-97-214 247:95:29:7039,-1.53,3.076,3.428,-383.484,-584.106,114.441,-9.426,37.299,-141.938
 14:56:01.036,eb:33:2e:f9:57:b5, 2085-97-163 240:66:41:6916,-2.198,4.364,3.451,-343.323,-521.423,131.531,-11.519,32.086,-139.224
 14:56:01.036,eb:33:2e:f9:57:b5, 2085-97-206 236:86:56:5611,-2.616,6.074,3.102,-278.992,-441.528,130.92,-13.277,27.735,-136.538
 14:56:01.038,eb:33:2e:f9:57:b5, 2085-97-188 232:05:71:5002,2.647,8,2.474,-191.772,-410.278,94.971,-14.579,23.934,-134.182
 14:56:01.038,eb:33:2e:f9:57:b5, 2085-113-58 00:63:238:-9795,1.402,2.237,2.221,937.744,-41.199,-343.811,31.97,39.677,-137.818
 14:56:01.038,eb:33:2e:f9:57:b5, 2085-97-139 01:219:04:12667,-0.772,1.8,4.335,958.984,-250.549,-401.062,34.991,40.007,-140.576
 14:56:01.038,eb:33:2e:f9:57:b5, 2085-97-61 241:50:238:12209,-2.208,-0.118,6.089,712.28,-96.313,-424.866,39.584,40.699,-146.673
 14:56:01.040,eb:33:2e:f9:57:b5, 2085-97-19 239:219:190:14768,-0.512,-5.511,6.558,289.185,578.064,-179.932,43.764,44.495,-147.64
 14:56:01.040,eb:33:2e:f9:57:b5, 2085-97-116 10:39:226:8804,3.955,-6.294,7.128,143.86,1184.387,325.378,54.283,49.911,-135.818
 14:56:01.040,eb:33:2e:f9:57:b5, 2085-97-138 43:122:240:11076,5.936,-2.845,5.98,31.799,1038.757,553.65,69.456,50.801,-117.131
 14:56:01.040,eb:33:2e:f9:57:b5, 2085-97-75 48:152:02:526,5.528,-0.673,2.707,42.603,770.325,549.622,81.821,47.521,-101.365
 14:56:01.215,eb:33:2e:f9:57:b5, 2085-97-249 33:211:17:-2943,3.426,1.407,-1.479,26.672,338.257,351.44,87.814,43.341,-93.312
 14:56:01.215,eb:33:2e:f9:57:b5, 2085-97-46 23:38:24:5273,2.407,2.958,0.128,25.818,-78.735,45.959,89.006,41.506,-91.967
 14:56:01.215,eb:33:2e:f9:57:b5, 2085-97-143 15:228:07:11238,1.399,2.232,4.56,24.414,-198.303,-237.854,87.44,42.479,-94.482
 14:56:01.215,eb:33:2e:f9:57:b5, 2085-97-102 07:184:246:10519,0.636,-0.202,5.556,14.954,-179.504,-398.315,85.649,45.731,-97.372
 14:56:01.215,eb:33:2e:f9:57:b5, 2085-97-04 04:67:235:8823,0.526,-1.947,4.698,-57.434,-136.963,-442.139,83.232,49.872,-100.399
 14:56:01.423,eb:33:2e:f9:57:b5, 2085-113-81 00:158:230:-20642,0.457,-3.151,4.172,-198.853,0.793,-387.817,80.272,53.943,-102.513
 14:56:01.423,eb:33:2e:f9:57:b5, 2085-97-163 04:179:229:7993,0.754,-3.355,4.006,-245.85,51.819,-352.234,78.893,55.767,-102.805
 14:56:01.423,eb:33:2e:f9:57:b5, 2085-97-40 09:85:234:6471,1.505,-3.052,3.557,-329.041,148.621,-265.808,76.679,58.986,-101.926
 14:56:01.423,eb:33:2e:f9:57:b5, 2085-97-176 13:154:238:3762,1.801,-2.41,2.611,-382.507,166.504,-198.792,74.894,61.595,-99.844
 14:56:01.426,eb:33:2e:f9:57:b5, 2085-97-253 14:105:239:529,1.915,-2.093,1.009,-427.979,104.98,-143.799,72.477,63.6,-97.976
 14:56:01.426,eb:33:2e:f9:57:b5, 2085-97-41 15:215:239:-895,1.91,-2.05,-0.269,-466.614,-20.142,-81.604,68.005,64.77,-97.927
 14:56:01.426,eb:33:2e:f9:57:b5, 2085-97-11 15:253:240:852,1.748,-1.965,-0.123,-482.91,-200.439,-6.592,60.524,64.583,-100.937
 14:56:01.426,eb:33:2e:f9:57:b5, 2085-97-40 13:03:244:2762,1.583,-1.74,0.909,-509.399,-293.152,73.914,51.652,62.831,-105.293
 14:56:01.545,eb:33:2e:f9:57:b5, 2085-97-134 12:52:249:4105,1.606,-1.184,1.694,-559.204,-313.293,150.635,43.583,59.897,-108.391
 14:56:01.545,eb:33:2e:f9:57:b5, 2085-97-105 13:64:254:5054,1.763,-0.534,2.295,-607.727,-314.087,206.665,36.711,56.316,-109.561
 14:56:01.545,eb:33:2e:f9:57:b5, 2085-97-122 15:88:04:5515,2.093,0.129,2.568,-627.441,-326.965,231.201,30.613,52.421,-109.424
 14:56:01.545,eb:33:2e:f9:57:b5, 2085-97-203 17:67:13:6141,2.093,1.076,2.826,-627.075,-333.557,219.238,24.901,48.428,-108.688
 14:56:01.545,eb:33:2e:f9:57:b5, 2085-97-71 15:26:20:5436,1.764,2.138,2.889,-608.276,-336.121,178.467,19.319,44.604,-107.842
 14:56:01.545,eb:33:2e:f9:57:b5, 2085-97-200 12:36:23:4671,1.472,2.777,2.426,-539.185,-387.146,113.953,13.914,40.715,-107.369
 14:56:01.545,eb:33:2e:f9:57:b5, 2085-97-87 10:24:22:4951,1.015,2.86,2.33,-464.661,-437.805,42.847,8.877,36.469,-107.501
 14:56:01.545,eb:33:2e:f9:57:b5, 2085-97-248 04:35:22:5390,0.176,2.737,2.493,-425.354,-453.918,-12.634,4.208,32.003,-107.99
 14:56:01.548,eb:33:2e:f9:57:b5, 2085-97-117 254:40:23:5895,-0.491,2.817,2.761,-415.771,-460.449,-40.405,-0.236,27.433,-108.534
 14:56:01.548,eb:33:2e:f9:57:b5, 2085-97-08 250:176:26:5927,-0.979,3.062,2.923,-418.457,-439.697,-39.429,-4.521,22.906,-108.792
 14:56:01.548,eb:33:2e:f9:57:b5, 2085-97-220 245:12:34:5479,-1.598,3.737,2.833,-404.541,-407.104,-18.616,-8.591,18.688,-108.6
 14:56:01.548,eb:33:2e:f9:57:b5, 2085-97-171 240:217:42:5205,-2.289,4.828,2.511,-350.708,-407.41,4.578,-12.173,14.705,-107.891
 14:56:01.550,eb:33:2e:f9:57:b5, 2085-97-109 234:01:53:5797,0.311,5.965,2.63,-268.555,-411.194,26.794,-14.996,10.761,-106.738
 14:56:01.550,eb:33:2e:f9:57:b5, 2085-97-184 255:184:254:2851,-0.338,-0.014,1.559,20.874,43.823,-31.128,0.681,11.838,-105.244
 14:56:01.550,eb:33:2e:f9:57:b5, 2085-97-225 254:92:255:2092,-0.645,-0.037,0.791,28.809,39.734,-16.418,0.912,12.398,-105.48
 14:56:01.550,eb:33:2e:f9:57:b5, 2085-97-81 252:184:255:1396,0.391,-0.128,0.393,17.456,18.127,5.493,1.077,12.678,-105.54
 14:56:01.552,eb:33:2e:f9:57:b5, 2085-97-23 05:143:01:3519,0.283,0.134,1.638,35.645,-8.057,1.343,1.357,12.464,-105.502
 14:56:01.552,eb:33:2e:f9:57:b5, 2085-97-131 255:57:00:2195,-0.013,0.074,1.354,32.471,80.994,2.991,1.659,12.799,-105.513
 14:56:01.552,eb:33:2e:f9:57:b5, 2085-97-149 253:244:254:4152,-0.698,-0.028,1.484,62.561,27.161,12.024,2.137,13.315,-105.43
 14:56:01.553,eb:33:2e:f9:57:b5, 2085-97-178 247:246:248:8068,-0.755,-0.561,2.964,151.306,-33.752,19.531,3.181,13.107,-105.298
 14:56:01.555,eb:33:2e:f9:57:b5, 2085-97-153 00:177:249:9054,1.329,-0.816,3.94,260.376,-32.043,36.682,5.328,12.854,-105.002
 14:56:01.555,eb:33:2e:f9:57:b5, 2085-97-226 11:64:241:13784,1.381,-2.046,5.954,979.858,330.872,-33.264,37.244,17.518,-100.783
 14:56:01.555,eb:33:2e:f9:57:b5, 2085-97-36 09:70:06:18379,0.838,-0.205,7.617,1079.773,282.166,-71.289,48.246,20.264,-98.657
 14:56:01.555,eb:33:2e:f9:57:b5, 2085-97-72 253:67:246:10498,-1.141,-0.734,7.893,1112.122,102.417,-128.723,59.546,22.126,-98.168
 14:56:01.605,eb:33:2e:f9:57:b5, 2085-97-137 253:67:07:3628,0.851,0.08,2.913,876.221,78.369,-72.876,69.659,23.346,-97.712
 14:56:01.605,eb:33:2e:f9:57:b5, 2085-97-61 06:50:237:2470,0.625,-0.206,0.852,544.189,116.516,-134.155,76.701,24.351,-97.245
 14:56:01.605,eb:33:2e:f9:57:b5, 2085-97-175 02:64:247:3090,0.718,-1.96,1.48,244.507,390.747,-53.528,81.359,25.681,-94.543
 14:56:01.605,eb:33:2e:f9:57:b5, 2085-113-81 00:229:204:-19168,1.249,0.269,1.458,114.319,439.697,-27.161,85.128,26.329,-89.786
 14:56:01.666,eb:33:2e:f9:57:b5, 2085-97-203 12:83:09:10145,1.894,0.785,3.462,59.875,418.091,-26.55,86.567,26.625,-87.418
 14:56:01.666,eb:33:2e:f9:57:b5, 2085-97-233 16:225:06:11996,2.156,1.315,5.673,113.831,274.902,-32.837,89.094,27.021,-83.562
 14:56:01.666,eb:33:2e:f9:57:b5, 2085-97-116 17:59:250:9632,2.114,0.005,5.428,197.937,166.992,-70.374,91.588,27.416,-81.288
 14:56:01.666,eb:33:2e:f9:57:b5, 2085-97-209 14:197:245:5956,1.56,-1.061,3.79,199.585,83.435,-96.802,94.334,28.213,-79.843
 14:56:01.696,eb:33:2e:f9:57:b5, 2085-97-151 11:188:241:5225,1.357,-1.509,2.396,128.54,-38.025,-128.906,95.85,29.196,-79.645
 14:56:01.696,eb:33:2e:f9:57:b5, 2085-97-14 09:34:241:6916,0.862,-1.898,2.978,19.409,-114.38,-161.072,96.136,30.756,-80.508
 14:56:01.696,eb:33:2e:f9:57:b5, 2085-97-253 05:201:242:8225,0.61,-1.763,3.678,-80.75,-110.046,-179.993,94.872,32.448,-81.777
 14:56:01.696,eb:33:2e:f9:57:b5, 2085-97-78 03:225:241:8099,0.287,-1.616,4.046,-134.888,-101.379,-188.599,93.12,34.376,-82.848
 14:56:01.935,eb:33:2e:f9:57:b5, 2085-97-112 01:124:236:7832,0.113,-2.08,3.94,-139.709,-125.244,-182.068,90.659,36.151,-84.348
 14:56:01.935,eb:33:2e:f9:57:b5, 2085-97-14 01:157:231:6820,0.229,-2.79,3.616,-152.893,-113.037,-153.503,88.275,37.82,-85.913
 14:56:01.935,eb:33:2e:f9:57:b5, 2085-97-246 02:207:231:4523,0.634,-3.102,2.863,-211.182,-45.776,-107.666,85.787,39.073,-87.023
 14:56:01.935,eb:33:2e:f9:57:b5, 2085-97-141 07:04:236:2207,1.139,-2.807,1.539,-319.031,41.138,-58.35,83.073,39.875,-87.089
 14:56:01.935,eb:33:2e:f9:57:b5, 2085-97-169 10:237:240:048,1.558,-2.179,0.507,-435.791,89.539,-30.396,79.799,40.38,-86.193
 14:56:01.935,eb:33:2e:f9:57:b5, 2085-97-56 14:216:245:-1070,1.915,-1.575,-0.311,-515.015,48.95,-40.833,75.526,40.864,-85.342
 14:56:01.935,eb:33:2e:f9:57:b5, 2085-97-33 15:199:248:-1033,1.814,-1.03,-0.603,-551.331,-63.232,-69.519,69.928,41.369,-85.666
 14:56:01.935,eb:33:2e:f9:57:b5, 2085-97-99 13:111:248:789,1.491,-0.892,-0.107,-552.063,-210.144,-94.604,62.924,41.55,-87.896
 14:56:01.963,eb:33:2e:f9:57:b5, 2085-97-02 10:17:247:2551,0.963,-1.021,0.854,-547.424,-324.646,-104.858,54.893,40.99,-91.747
 14:56:01.963,eb:33:2e:f9:57:b5, 2085-97-39 05:152:244:4014,0.316,-1.261,1.604,-565.674,-387.512,-87.708,46.434,39.441,-96.257
 14:56:01.963,eb:33:2e:f9:57:b5, 2085-97-123 00:87:244:5417,-0.032,-1.521,2.289,-599.609,-398.315,-38.696,38.117,36.931,-100.245
 14:56:01.963,eb:33:2e:f9:57:b5, 2085-97-203 255:215:247:7060,-0.023,-1.275,3.086,-616.211,-379.028,21.423,30.41,33.75,-103.002
 14:56:01.994,eb:33:2e:f9:57:b5, 2085-97-04 00:22:253:6907,0.096,-0.702,3.537,-600.464,-347.839,70.923,23.56,30.311,-104.403
 14:56:01.994,eb:33:2e:f9:57:b5, 2085-97-164 01:235:01:5997,0.232,-0.041,3.125,-570.496,-340.332,96.13,17.507,26.807,-104.854
 14:56:01.994,eb:33:2e:f9:57:b5, 2085-97-53 01:68:06:5806,-0.026,0.508,2.808,-543.823,-359.985,100.586,11.986,23.181,-104.766
 14:56:01.994,eb:33:2e:f9:57:b5, 2085-97-58 253:249:11:6946,-0.632,1.084,3.039,-520.996,-397.583,93.811,6.812,19.27,-104.414
 14:56:01.997,eb:33:2e:f9:57:b5, 2085-97-200 248:224:18:8295,-1.116,1.878,3.739,-504.089,-417.786,89.661,1.879,15.09,-103.793
 14:56:01.997,eb:33:2e:f9:57:b5, 2085-97-220 245:150:28:8865,-1.4,2.922,4.26,-486.877,-390.747,91.125,-2.851,11.03,-102.843
 14:56:01.997,eb:33:2e:f9:57:b5, 2085-97-01 244:63:40:8404,-1.608,4.268,4.267,-472.229,-334.045,87.402,-7.438,7.515,-101.607
 14:56:01.997,eb:33:2e:f9:57:b5, 2085-97-42 242:179:55:8262,-1.897,5.921,3.957,-452.515,-272.888,67.81,-11.937,4.697,-100.344
 14:56:01.997,eb:33:2e:f9:57:b5, 2085-97-42 238:172:72:9535,-2.576,8.079,4.376,-383.606,-243.286,23.56,-16.078,2.34,-99.278
 14:56:01.997,eb:33:2e:f9:57:b5, 2085-97-118 231:91:37:1572,-0.485,9.775,4.648,-239.563,-231.079,-45.044,-19.166,0.044,-98.696
 14:56:01.997,eb:33:2e:f9:57:b5, 2085-97-233 233:73:59:1489,-1.177,4.98,9.255,617.31,549.927,10.925,-14.304,-7.344,-102.931
 14:56:01.997,eb:33:2e:f9:57:b5, 2085-97-247 22:02:90:2154,0.17,6.493,6.739,742.859,749.451,-211.67,-5.916,-2.362,-105.392
 14:56:02.000,eb:33:2e:f9:57:b5, 2085-97-155 241:28:16:3689,-6.856,3.894,2.618,16.785,476.685,198.242,-2.532,4.559,-108.699
 14:56:02.000,eb:33:2e:f9:57:b5, 2085-97-24 238:167:242:-1088,-3.687,-1.478,-5.523,101.99,147.644,10.315,-2.17,10.415,-108.188
 14:56:02.000,eb:33:2e:f9:57:b5, 2085-97-200 242:31:02:-2861,0.153,-0.436,-2.207,56.396,-122.192,106.323,-1.022,9.838,-107.682
 14:56:02.001,eb:33:2e:f9:57:b5, 2085-97-244 23:160:08:7296,2.135,0.327,0.961,0.732,-226.318,111.938,-0.747,7.811,-106.139
 14:56:02.204,eb:33:2e:f9:57:b5, 2085-97-254 250:33:01:-110,-0.194,0.911,2.777,26.428,127.686,-29.724,-0.527,7.295,-105.87
 14:56:02.204,eb:33:2e:f9:57:b5, 2085-97-254 04:102:02:3637,-0.083,-0.21,1.164,30.884,9.094,-24.719,-0.319,7.806,-106.199
 14:56:02.204,eb:33:2e:f9:57:b5, 2085-97-22 248:114:253:138,-0.855,-0.181,1.333,26.245,111.572,-23.621,-0.082,8.41,-106.551
 14:56:02.204,eb:33:2e:f9:57:b5, 2085-97-236 254:63:00:2422,0.576,-0.232,0.255,4.822,5.981,31.311,0.06,8.948,-106.452
 14:56:02.206,eb:33:2e:f9:57:b5, 2085-97-239 06:96:01:4754,1.09,0.107,2.25,21.79,40.588,25.879,0.214,8.888,-106.117
 14:56:02.206,eb:33:2e:f9:57:b5, 2085-97-107 01:231:00:6243,-1.849,0.609,0.998,19.104,90.942,3.296,0.423,9.899,-105.93
 14:56:02.206,eb:33:2e:f9:57:b5, 2085-97-47 248:66:242:13537,0.079,-1.621,5.637,178.528,40.161,-5.493,1.208,10.519,-106.166
 14:56:02.206,eb:33:2e:f9:57:b5, 2085-97-91 01:171:247:9007,0.181,-1.097,4.923,340.332,99.854,38.025,4.016,11.36,-105.875
 14:56:02.208,eb:33:2e:f9:57:b5, 2085-97-151 03:119:242:11141,0.653,-1.335,4.941,469.788,91.492,39.307,8.218,12.052,-105.397
 14:56:02.208,eb:33:2e:f9:57:b5, 2085-97-59 09:96:239:10768,1.541,-1.95,5.402,602.173,139.404,48.523,13.782,13.151,-104.716
 14:56:02.208,eb:33:2e:f9:57:b5, 2085-97-59 15:119:234:10763,1.834,-2.547,5.314,745.056,203.918,29.785,20.753,14.48,-103.799
 14:56:02.208,eb:33:2e:f9:57:b5, 2085-97-95 13:106:238:10008,1.337,-2.35,5.171,904.785,355.225,-17.151,29.432,17.023,-102.469
 14:56:02.211,eb:33:2e:f9:57:b5, 2085-97-233 11:40:254:16247,0.941,-1.313,5.5,1039.246,324.829,-44.983,39.743,20.067,-100.492
 14:56:02.211,eb:33:2e:f9:57:b5, 2085-97-171 08:201:244:16399,-0.062,-0.091,9.68,1183.411,124.634,-148.682,51.246,22.286,-99.805
 14:56:02.211,eb:33:2e:f9:57:b5, 2085-97-219 248:81:05:626,-0.195,-1.25,3.477,1054.077,117.432,-107.117,62.699,23.994,-99.305
 14:56:02.211,eb:33:2e:f9:57:b5, 2085-97-229 04:140:03:1116,0.494,1.253,-0.115,694.031,-125.427,-141.418,71.087,24.977,-100.124
 14:56:02.265,eb:33:2e:f9:57:b5, 2085-97-05 254:37:244:3879,-0.172,-1.348,0.862,268.982,125.549,-165.588,75.168,26.389,-100.953
 14:56:02.265,eb:33:2e:f9:57:b5, 2085-97-120 255:191:03:3350,0.326,-0.414,1.249,89.478,445.19,-92.102,78.382,28.356,-97.652
 14:56:02.265,eb:33:2e:f9:57:b5, 2085-97-213 07:09:12:11340,1.631,0.573,4.186,-29.541,523.315,-46.387,80.865,29.828,-92.219
 14:56:02.265,eb:33:2e:f9:57:b5, 2085-97-129 13:194:11:10326,1.543,1.725,5.933,100.281,376.404,-16.663,83.798,30.701,-87.177
 14:56:02.294,eb:33:2e:f9:57:b5, 2085-97-50 13:46:255:9031,1.633,0.65,4.395,209.473,215.454,-23.438,86.957,31.009,-83.947
 14:56:02.294,eb:33:2e:f9:57:b5, 2085-97-250 11:126:248:9583,1.263,-0.588,4.541,240.845,131.104,-27.344,90.269,31.306,-82.062
 14:56:02.294,eb:33:2e:f9:57:b5, 2085-97-83 08:215:242:9011,0.805,-1.25,4.625,203.918,98.938,-34.119,92.961,31.459,-80.859
 14:56:02.294,eb:33:2e:f9:57:b5, 2085-97-96 06:31:240:5708,0.912,-1.929,3.554,132.202,91.553,-30.273,95.224,31.712,-79.706
 14:56:02.296,eb:33:2e:f9:57:b5, 2085-97-146 07:139:242:5628,0.833,-1.854,2.607,64.27,9.216,-38.94,96.229,31.871,-79.222
 14:56:02.296,eb:33:2e:f9:57:b5, 2085-97-01 06:69:241:7517,0.683,-1.689,3.129,6.226,-56.519,-69.214,96.383,32.459,-79.525
 14:56:02.296,eb:33:2e:f9:57:b5, 2085-97-152 04:188:238:8306,0.431,-2.003,4.005,-32.349,-52.368,-89.722,95.62,33.217,-80.255
 14:56:02.296,eb:33:2e:f9:57:b5, 2085-97-157 03:08:236:7318,0.436,-2.302,3.775,-47.424,-55.969,-99.426,94.933,34.211,-80.75
 14:56:02.325,eb:33:2e:f9:57:b5, 2085-97-10 03:67:232:5668,0.333,-2.75,3.196,-79.651,-64.636,-96.252,93.647,35.14,-81.562
 14:56:02.325,eb:33:2e:f9:57:b5, 2085-97-108 03:114:231:4258,0.533,-3.076,2.328,-146.362,-69.336,-72.51,92.054,36.03,-82.365
 14:56:02.325,eb:33:2e:f9:57:b5, 2085-97-85 05:55:233:2743,0.78,-2.987,1.765,-245.3,-29.724,-34.119,89.396,36.447,-83.172
 14:56:02.325,eb:33:2e:f9:57:b5, 2085-97-233 07:12:236:683,1.303,-2.689,0.865,-345.947,10.193,4.456,86.342,36.573,-83.238
 14:56:02.384,eb:33:2e:f9:57:b5, 2085-97-140 13:150:241:-1724,1.955,-2.178,-0.315,-426.514,-2.747,24.719,82.194,36.282,-83.32
 14:56:02.384,eb:33:2e:f9:57:b5, 2085-97-146 15:82:245:-2922,1.957,-1.492,-1.268,-501.709,-75.989,4.944,77.272,36.057,-83.743
 14:56:02.384,eb:33:2e:f9:57:b5, 2085-97-179 15:196:245:-096,1.841,-1.321,-0.854,-552.856,-227.783,-35.583,70.521,35.662,-85.869
 14:56:02.384,eb:33:2e:f9:57:b5, 2085-97-16 13:44:246:2606,1.369,-1.218,0.661,-578.735,-359.009,-69.885,62.715,34.964,-89.561
 14:56:02.474,eb:33:2e:f9:57:b5, 2085-97-88 09:135:244:5118,0.972,-1.338,1.957,-606.262,-442.566,-85.022,53.871,33.354,-94.444
 14:56:02.474,eb:33:2e:f9:57:b5, 2085-97-23 06:81:244:7100,0.5,-1.478,3.007,-626.953,-460.083,-80.078,45.159,31.031,-99.196
 14:56:02.474,eb:33:2e:f9:57:b5, 2085-97-241 01:72:245:8528,0.056,-1.417,3.862,-638.794,-444.397,-60.791,36.821,28.076,-103.228
 14:56:02.474,eb:33:2e:f9:57:b5, 2085-97-159 255:127:247:9100,-0.066,-1.215,4.379,-641.968,-405.273,-30.701,29.064,24.763,-106.238
 14:56:02.476,eb:33:2e:f9:57:b5, 2085-97-203 255:97:250:8531,0.019,-0.891,4.354,-635.254,-364.685,-1.221,21.918,21.385,-108.16
 14:56:02.476,eb:33:2e:f9:57:b5, 2085-97-26 00:96:254:7845,-0.06,-0.472,3.965,-625.488,-345.886,19.104,15.249,18.018,-109.254
 14:56:02.476,eb:33:2e:f9:57:b5, 2085-97-27 254:216:02:7651,-0.483,0.075,3.784,-609.68,-365.356,29.785,8.926,14.513,-109.764
 14:56:02.476,eb:33:2e:f9:57:b5, 2085-97-16 250:60:07:8291,-0.988,0.626,3.795,-589.905,-426.392,41.321,2.928,10.53,-109.825
 14:56:02.564,eb:33:2e:f9:57:b5, 2085-97-132 246:156:13:9964,-1.34,1.239,4.45,-584.229,-463.928,65.308,-2.845,6.01,-109.286
 14:56:02.564,eb:33:2e:f9:57:b5, 2085-97-16 244:42:25:11033,-1.704,2.335,5.179,-585.266,-440.674,89.294,-8.619,1.571,-108.051
 14:56:02.564,eb:33:2e:f9:57:b5, 2085-97-237 240:127:41:11652,-2.086,4.115,5.487,-575.562,-401.672,96.924,-14.453,-2.329,-106.282
 14:56:02.564,eb:33:2e:f9:57:b5, 2085-97-148 236:229:59:12716,-2.895,6.312,5.958,-534.058,-362.61,75.989,-20.16,-5.707,-104.315
 14:56:02.566,eb:33:2e:f9:57:b5, 2085-97-156 228:101:78:12841,-3.84,8.754,6.349,-414.429,-336.853,28.748,-25.373,-8.888,-102.469
 14:56:02.566,eb:33:2e:f9:57:b5, 2085-97-78 223:174:82:11609,-4.101,10.271,6.023,-190.491,-311.584,-34.363,-28.575,-11.843,-101.008
 14:56:02.566,eb:33:2e:f9:57:b5, 2085-97-226 224:199:81:9604,-3.646,10.367,5.237,-21.057,-185.73,-80.933,-29.756,-14.48,-100.272
 14:56:02.566,eb:33:2e:f9:57:b5, 2085-97-42 228:112:72:6648,-3.353,9.754,3.983,33.142,-24.292,-132.263,-29.454,-15.859,-100.772
 14:56:02.566,eb:33:2e:f9:57:b5, 2085-97-233 229:65:61:4561,-2.827,8.345,2.674,56.946,86.121,-143.616,-28.691,-16.32,-102.272
 14:56:02.566,eb:33:2e:f9:57:b5, 2085-97-82 215:243:19:17295,-3.403,6.296,2.207,326.05,-91.248,-135.498,-26.993,-16.298,-103.854
 14:56:02.566,eb:33:2e:f9:57:b5, 2085-97-128 244:65:16:14256,-2.333,4.631,4.809,890.381,744.812,-148.376,-19.122,-12.502,-107.144
 14:56:02.566,eb:33:2e:f9:57:b5, 2085-97-248 242:128:41:19034,1.341,3.202,3.709,710.693,773.438,-146.851,-10.464,-2.873,-110.132
 14:56:02.654,eb:33:2e:f9:57:b5, 2085-97-132 216:01:29:-6079,-4.472,0.226,2.884,199.951,791.016,315.979,-5.878,3.757,-111.324
 14:56:02.654,eb:33:2e:f9:57:b5, 2085-97-42 232:62:252:-2867,-5.152,-1.239,-2.22,115.967,161.743,22.339,-4.427,7.224,-111.671
 14:56:02.654,eb:33:2e:f9:57:b5, 2085-97-31 254:53:07:-087,3.948,-0.808,-5.082,40.771,-276.001,142.151,-3.345,6.949,-111.138
 14:56:02.654,eb:33:2e:f9:57:b5, 2085-97-69 07:136:06:3193,0.221,0.551,5.928,39.429,-12.329,43.823,-2.928,4.098,-110.078
 14:56:02.658,eb:33:2e:f9:57:b5, 2085-97-50 06:207:01:3096,-1.513,0.49,0.99,41.321,25.146,-31.311,-2.56,4.438,-110.017
 14:56:02.658,eb:33:2e:f9:57:b5, 2085-97-192 249:102:255:1326,1.344,-0.59,-0.307,24.78,23.926,0.671,-2.296,5.251,-110.369
 14:56:02.658,eb:33:2e:f9:57:b5, 2085-97-57 02:198:00:2622,-0.947,0.268,2.998,37.17,97.046,-11.047,-1.939,5.081,-110.352
 14:56:02.658,eb:33:2e:f9:57:b5, 2085-97-119 250:114:255:986,0.911,-0.221,-0.015,14.465,79.651,23.865,-1.703,6.35,-110.374
 14:56:02.685,eb:33:2e:f9:57:b5, 2085-97-227 17:119:10:2747,-0.529,0.466,1.892,22.156,41.077,11.719,-1.456,6.482,-110.11
 14:56:02.685,eb:33:2e:f9:57:b5, 2085-97-128 238:61:244:10510,-1.327,-0.48,3.159,54.321,104.98,-33.508,-1.241,7.278,-110.396
 14:56:02.685,eb:33:2e:f9:57:b5, 2085-97-145 253:119:246:10855,-0.421,-1.464,6.172,247.925,108.093,26.001,0.423,7.927,-110.374
 14:56:02.685,eb:33:2e:f9:57:b5, 2085-97-36 251:118:244:7915,-0.352,-1.259,4.011,381.104,111.877,77.942,3.779,9.157,-109.764
 14:56:02.775,eb:33:2e:f9:57:b5, 2085-97-163 01:208:241:10258,0.59,-1.558,4.787,496.277,74.768,101.746,8.377,9.772,-108.726
 14:56:02.775,eb:33:2e:f9:57:b5, 2085-97-117 07:87:239:9460,1.074,-1.855,4.638,637.695,80.261,96.863,14.315,10.388,-107.545
 14:56:02.775,eb:33:2e:f9:57:b5, 2085-97-37 11:95:233:10282,1.044,-2.575,4.778,777.832,136.841,68.298,21.66,10.997,-106.408
 14:56:02.775,eb:33:2e:f9:57:b5, 2085-97-99 00:70:242:10201,-0.412,-2.312,4.417,933.777,281.372,41.199,30.685,12.81,-104.919
 14:56:02.804,eb:33:2e:f9:57:b5, 2085-97-95 249:115:00:19843,-0.319,-0.907,7.221,1067.444,193.665,19.653,41.122,14.65,-103.024
 14:56:02.804,eb:33:2e:f9:57:b5, 2085-97-25 248:203:242:11193,-1.505,-1.19,9.748,1148.01,100.83,-36.194,52.674,15.524,-102.656
 14:56:02.804,eb:33:2e:f9:57:b5, 2085-97-85 252:88:14:-144,0.758,-0.144,1.206,937.561,43.762,46.387,63.32,15.853,-101.563
 14:56:02.804,eb:33:2e:f9:57:b5, 2085-97-197 09:114:02:2116,1.012,1.509,0.304,564.819,-72.021,-63.599,70.615,15.661,-102.118
 14:56:02.806,eb:33:2e:f9:57:b5, 2085-97-162 05:124:252:5144,0.659,-0.433,1.575,221.069,250.977,-133.118,74.224,16.864,-101.585
 14:56:02.806,eb:33:2e:f9:57:b5, 2085-97-148 04:104:06:5637,0.954,0.476,1.578,65.247,518.433,-122.253,76.866,19.078,-97.603
 14:56:02.806,eb:33:2e:f9:57:b5, 2085-97-122 12:19:11:11092,2.032,0.936,4.631,17.578,508.728,-111.084,78.755,21.335,-92.34
 14:56:02.806,eb:33:2e:f9:57:b5, 2085-97-167 15:244:04:9049,1.891,1.236,5.438,121.46,335.693,-95.032,81.063,23.049,-88.16
 14:56:02.865,eb:33:2e:f9:57:b5, 2085-97-111 15:107:250:7078,1.803,-0.105,3.617,184.998,175.049,-110.84,83.573,24.313,-85.693
 14:56:02.865,eb:33:2e:f9:57:b5, 2085-97-15 12:167:246:7004,1.233,-0.987,3.414,170.41,84.717,-124.329,85.897,25.604,-84.507
 14:56:02.865,eb:33:2e:f9:57:b5, 2085-97-157 07:229:244:7364,0.665,-1.297,3.517,109.985,22.827,-133.057,87.33,26.834,-84.1
 14:56:02.865,eb:33:2e:f9:57:b5, 2085-97-197 03:111:243:6856,0.478,-1.499,3.5,39.795,-29.175,-128.174,87.979,28.147,-84.238
 14:56:02.924,eb:33:2e:f9:57:b5, 2085-97-183 04:124:242:7493,0.622,-1.657,3.33,-7.568,-80.444,-122.437,87.589,29.295,-85.007
 14:56:02.924,eb:33:2e:f9:57:b5, 2085-97-210 04:97:242:8493,0.643,-1.693,3.971,-38.391,-86.914,-124.146,86.776,30.482,-86.111
 14:56:02.924,eb:33:2e:f9:57:b5, 2085-97-07 06:206:241:8609,0.851,-1.716,4.206,-48.035,-57.678,-129.028,85.644,31.602,-87.149
 14:56:02.924,eb:33:2e:f9:57:b5, 2085-97-13 07:58:240:7074,0.808,-1.854,3.955,-52.307,-9.888,-134.949,84.875,32.899,-87.66
 14:56:02.926,eb:33:2e:f9:57:b5, 2085-97-109 06:59:238:4276,0.74,-2.065,2.611,-71.228,-9.216,-139.648,83.963,34.167,-87.957
 14:56:02.926,eb:33:2e:f9:57:b5, 2085-97-03 05:112:233:2544,0.667,-2.504,1.631,-116.638,-63.11,-136.047,82.656,35.508,-88.599
 14:56:02.926,eb:33:2e:f9:57:b5, 2085-97-102 06:151:231:2064,0.898,-2.996,1.061,-178.284,-138.489,-117.249,80.019,36.502,-90.302
 14:56:02.926,eb:33:2e:f9:57:b5, 2085-97-210 07:64:233:1280,1.01,-3.022,0.865,-262.756,-155.396,-82.703,76.52,37.178,-92.422
 14:56:03.016,eb:33:2e:f9:57:b5, 2085-97-161 08:83:236:331,1.21,-2.645,0.37,-356.567,-139.771,-42.664,71.944,37.26,-94.57
 14:56:03.016,eb:33:2e:f9:57:b5, 2085-97-35 11:49:240:-854,1.523,-2.247,-0.116,-453.003,-136.047,-7.874,66.824,36.991,-96.273
 14:56:03.016,eb:33:2e:f9:57:b5, 2085-97-192 12:207:243:-602,1.681,-1.676,-0.607,-544.861,-180.42,-1.831,60.518,36.222,-98.152
 14:56:03.016,eb:33:2e:f9:57:b5, 2085-97-77 13:107:245:2127,1.616,-1.422,0.407,-587.524,-284.79,-13.428,53.333,34.98,-100.668
 14:56:03.016,eb:33:2e:f9:57:b5, 2085-97-69 12:241:246:4147,1.384,-1.213,1.578,-587.524,-383.911,-25.757,45.406,32.783,-104.09
 14:56:03.016,eb:33:2e:f9:57:b5, 2085-97-197 09:144:246:5741,1.04,-1.129,2.41,-582.458,-451.843,-32.898,37.711,29.811,-107.655
 14:56:03.016,eb:33:2e:f9:57:b5, 2085-97-130 06:219:246:7406,0.558,-1.198,3.25,-590.881,-471.802,-27.1,30.152,25.955,-111.017
 14:56:03.016,eb:33:2e:f9:57:b5, 2085-97-226 02:11:249:8165,0.303,-1.047,3.846,-606.934,-456.421,-8.057,23.154,21.885,-113.483
 14:56:03.046,eb:33:2e:f9:57:b5, 2085-97-104 02:160:252:8590,0.302,-0.644,4.13,-618.469,-433.838,10.925,16.315,17.529,-115.142
 14:56:03.046,eb:33:2e:f9:57:b5, 2085-97-44 02:160:255:8469,0.152,-0.236,4.19,-621.582,-413.147,21.179,9.882,13.387,-115.972
 14:56:03.046,eb:33:2e:f9:57:b5, 2085-97-145 255:225:03:7929,-0.317,0.192,3.985,-618.286,-415.771,25.452,3.472,9.102,-116.29
 14:56:03.046,eb:33:2e:f9:57:b5, 2085-97-45 251:155:09:8838,-0.934,0.811,3.973,-612.793,-457.153,33.875,-2.653,4.73,-116.032
 14:56:03.105,eb:33:2e:f9:57:b5, 2085-97-88 246:10:18:10726,-1.408,1.659,4.773,-593.689,-478.455,56.885,-8.817,-0.093,-115.142
 14:56:03.105,eb:33:2e:f9:57:b5, 2085-97-244 243:87:33:11242,-1.579,3.222,5.522,-546.204,-435.181,85.815,-14.595,-4.444,-113.5
 14:56:03.105,eb:33:2e:f9:57:b5, 2085-97-182 242:20:51:11031,-1.882,5.218,5.356,-481.201,-407.715,89.539,-20.105,-8.295,-111.401
 14:56:03.105,eb:33:2e:f9:57:b5, 2085-97-68 238:06:71:11576,-2.611,7.649,5.531,-375.793,-428.894,62.744,-24.807,-11.838,-109.056
 14:56:03.134,eb:33:2e:f9:57:b5, 2085-97-222 230:27:79:11488,-3.661,9.723,5.702,-198.608,-475.952,5.188,-28.328,-15.908,-106.639
 14:56:03.134,eb:33:2e:f9:57:b5, 2085-97-15 223:40:76:10268,-4.408,9.731,5.362,-24.109,-459.595,-37.964,-29.998,-20.165,-104.387
 14:56:03.134,eb:33:2e:f9:57:b5, 2085-97-166 220:168:69:8499,-4.242,9.206,4.605,71.167,-332.153,-55.298,-30.366,-23.978,-102.645
 14:56:03.134,eb:33:2e:f9:57:b5, 2085-97-27 224:08:60:6528,-3.714,8.056,3.675,84.29,-118.896,-57.068,-29.811,-26.164,-101.986
 14:56:03.166,eb:33:2e:f9:57:b5, 2085-97-189 227:82:52:4419,-3.328,7.15,2.648,78.613,70.068,-45.654,-28.861,-26.565,-102.409
 14:56:03.166,eb:33:2e:f9:57:b5, 2085-97-127 233:127:34:3114,-3.241,5.748,1.647,162.964,104.187,-30.151,-27.29,-25.829,-103.326
 14:56:03.166,eb:33:2e:f9:57:b5, 2085-97-144 250:86:21:7208,-0.328,1.472,8.655,811.157,583.191,-108.643,-22.083,-24.988,-104.936
 14:56:03.166,eb:33:2e:f9:57:b5, 2085-97-108 11:173:65:10247,3.747,3.682,8.801,645.325,759.521,-346.13,-11.536,-19.907,-109.902
 14:56:03.225,eb:33:2e:f9:57:b5, 2085-97-147 247:156:41:-5503,-8.755,0.521,7.559,116.76,947.937,244.446,-7.009,-11.415,-114.055
 14:56:03.225,eb:33:2e:f9:57:b5, 2085-97-59 217:176:236:-5563,-4.395,-2.981,-3.98,153.503,324.402,-96.13,-5.861,-4.032,-113.967
 14:56:03.225,eb:33:2e:f9:57:b5, 2085-97-250 237:137:254:-4356,-0.319,-1.353,-2.086,64.27,-155.396,131.653,-4.856,-3.807,-113.5
 14:56:03.225,eb:33:2e:f9:57:b5, 2085-97-49 33:185:09:10287,2.648,0.189,0.084,28.076,-395.63,163.391,-4.807,-6.581,-111.467
 14:56:03.255,eb:33:2e:f9:57:b5, 2085-97-68 254:102:03:131,0.049,1.305,2.835,38.452,141.479,-27.588,-4.417,-7.388,-110.891
 14:56:03.255,eb:33:2e:f9:57:b5, 2085-97-145 240:203:249:-841,-0.84,-0.068,0.938,23.254,96.619,-52.063,-4.005,-6.531,-111.5
 14:56:03.255,eb:33:2e:f9:57:b5, 2085-97-226 09:18:02:5603,0.51,-0.297,0.678,25.024,-82.642,27.588,-3.79,-6.652,-111.423
 14:56:03.255,eb:33:2e:f9:57:b5, 2085-97-228 255:241:255:2721,-0.686,0.357,1.523,29.053,113.953,-6.653,-3.499,-6.081,-111.379
 14:56:03.284,eb:33:2e:f9:57:b5, 2085-97-210 01:115:02:644,1.488,-0.284,0.657,23.621,86.365,22.766,-3.208,-4.916,-111.396
 14:56:03.284,eb:33:2e:f9:57:b5, 2085-97-181 253:179:253:8455,-1.563,0.795,1.715,18.25,51.514,-13.428,-3.016,-4.57,-111.319
 14:56:03.284,eb:33:2e:f9:57:b5, 2085-97-236 246:105:243:12129,0.09,-1.396,5.432,167.48,79.163,-21.179,-2.131,-3.625,-111.676
 14:56:03.284,eb:33:2e:f9:57:b5, 2085-97-32 03:108:250:7882,0.219,-1.192,4.962,321.228,148.376,44.983,0.533,-2.604,-111.555
 14:56:03.345,eb:33:2e:f9:57:b5, 2085-97-43 01:182:244:9490,0.326,-1.065,4.057,411.682,135.132,51.697,4.213,-1.208,-110.984
 14:56:03.345,eb:33:2e:f9:57:b5, 2085-97-58 07:15:241:11193,1.288,-1.586,5.202,535.645,146.057,51.697,8.992,0.088,-110.325
 14:56:03.345,eb:33:2e:f9:57:b5, 2085-97-193 13:169:236:9567,2.159,-2.215,4.682,648.193,219.055,52.002,14.991,1.78,-109.374
 14:56:03.345,eb:33:2e:f9:57:b5, 2085-97-74 15:142:238:9417,1.255,-2.454,4.824,795.776,339.722,13.367,22.33,4.318,-108.193
 14:56:03.405,eb:33:2e:f9:57:b5, 2085-97-167 04:207:247:14449,0.292,-1.876,5.381,934.937,398.621,-25.513,31.262,7.74,-106.507
 14:56:03.405,eb:33:2e:f9:57:b5, 2085-97-97 04:147:252:15613,0.663,-0.255,8.55,1080.2,234.009,-76.904,41.649,10.679,-105.04
 14:56:03.405,eb:33:2e:f9:57:b5, 2085-97-64 252:47:01:3928,-0.475,-1.288,5.263,1048.828,179.932,-71.96,52.663,12.469,-104.227
 14:56:03.405,eb:33:2e:f9:57:b5, 2085-97-191 03:244:05:3266,1.052,1.497,0.845,777.466,14.587,-119.08,61.908,13.733,-103.942
 14:56:03.435,eb:33:2e:f9:57:b5, 2085-97-44 07:166:249:2979,0.718,-0.329,1.344,365.479,155.884,-150.208,67.429,15.205,-103.975
 14:56:03.435,eb:33:2e:f9:57:b5, 2085-97-158 05:18:254:3141,0.78,-0.877,2.807,145.081,436.89,-130.432,70.318,17.699,-101.519
 14:56:03.435,eb:33:2e:f9:57:b5, 2085-97-193 09:57:02:7081,1.496,0.044,2.068,24.109,460.571,-104.858,72.433,20.264,-97.152
 14:56:03.435,eb:33:2e:f9:57:b5, 2085-97-86 11:04:07:7977,1.112,0.789,3.95,50.72,299.988,-43.579,74.075,22.022,-93.45
 14:56:03.464,eb:33:2e:f9:57:b5, 2085-97-95 07:165:254:7540,0.85,0.401,3.611,103.76,137.939,-25.33,75.624,22.802,-91.384
 14:56:03.464,eb:33:2e:f9:57:b5, 2085-97-184 06:05:248:9618,0.821,-0.657,4.141,108.826,86.06,-8.85,77.108,23.203,-90.379
 14:56:03.464,eb:33:2e:f9:57:b5, 2085-97-204 06:237:244:9787,0.813,-1.232,4.92,103.455,119.507,4.578,78.514,23.357,-89.291
 14:56:03.464,eb:33:2e:f9:57:b5, 2085-97-182 05:06:243:6892,0.662,-1.482,4.222,86.182,132.69,15.747,80.041,23.494,-87.88
 14:56:03.494,eb:33:2e:f9:57:b5, 2085-97-62 07:27:244:4356,1.134,-1.644,2.351,59.692,73.547,21.973,81.123,23.417,-86.693
 14:56:03.494,eb:33:2e:f9:57:b5, 2085-97-248 08:88:246:4273,0.907,-1.306,2.054,28.809,-23.071,-13,81.65,23.401,-86.55
 14:56:03.494,eb:33:2e:f9:57:b5, 2085-97-164 06:86:245:5614,0.749,-1.255,2.285,-11.353,-89.966,-60.364,81.293,23.643,-87.319
 14:56:03.494,eb:33:2e:f9:57:b5, 2085-97-37 05:91:243:7096,0.435,-1.451,3.18,-30.762,-104.736,-95.764,80.541,24.274,-88.588
 14:56:03.526,eb:33:2e:f9:57:b5, 2085-97-186 01:136:240:6350,0.174,-1.757,3.43,-32.898,-89.844,-113.037,79.568,25.093,-89.879
 14:56:03.526,eb:33:2e:f9:57:b5, 2085-97-69 01:154:235:5276,0.139,-2.235,2.882,-49.622,-103.455,-113.77,78.607,26.043,-91.208
 14:56:03.526,eb:33:2e:f9:57:b5, 2085-97-97 01:100:233:3572,0.304,-2.759,2.089,-110.046,-99.792,-88.318,77.075,26.757,-92.626
 14:56:03.526,eb:33:2e:f9:57:b5, 2085-97-170 03:131:234:2399,0.602,-2.797,1.52,-209.534,-76.965,-45.776,74.916,27.175,-93.796
 14:56:03.586,eb:33:2e:f9:57:b5, 2085-97-66 07:237:237:327,1.31,-2.546,0.682,-324.707,-43.579,1.099,71.73,27.131,-94.559
 14:56:03.586,eb:33:2e:f9:57:b5, 2085-97-09 12:109:243:-1838,1.51,-1.868,-0.343,-437.317,-39.673,22.949,67.703,26.851,-94.894
 14:56:03.586,eb:33:2e:f9:57:b5, 2085-97-141 12:217:243:-1151,1.637,-1.507,-1.06,-524.048,-127.747,14.893,62.342,26.252,-95.702
 14:56:03.586,eb:33:2e:f9:57:b5, 2085-97-79 13:62:246:1497,1.56,-1.409,0.086,-556.458,-255.188,1.831,56.085,25.164,-97.553
 14:56:03.645,eb:33:2e:f9:57:b5, 2085-97-57 11:108:247:3480,1.263,-1.086,1.241,-564.209,-360.535,-6.165,49.197,23.187,-100.399
 14:56:03.645,eb:33:2e:f9:57:b5, 2085-97-12 09:218:246:5419,1.019,-1.119,2.15,-575.928,-427.002,-9.094,42.319,20.44,-103.574
 14:56:03.645,eb:33:2e:f9:57:b5, 2085-97-190 06:163:247:6864,0.648,-1.133,3.029,-603.577,-447.632,-7.446,35.316,16.946,-106.644
 14:56:03.645,eb:33:2e:f9:57:b5, 2085-97-06 04:25:252:7718,0.412,-0.812,3.585,-629.028,-430.969,-2.014,28.488,13.244,-109.1
 14:56:03.647,eb:33:2e:f9:57:b5, 2085-97-115 02:188:00:7876,0.174,-0.172,3.867,-627.869,-417.664,-3.052,21.682,9.311,-111
 14:56:03.647,eb:33:2e:f9:57:b5, 2085-97-106 00:237:03:7384,-0.054,0.316,3.722,-603.027,-413.818,-4.822,15.348,5.389,-112.379
 14:56:03.647,eb:33:2e:f9:57:b5, 2085-97-118 254:175:06:6950,-0.379,0.644,3.524,-569.824,-409.485,-1.282,9.316,1.247,-113.335
 14:56:03.647,eb:33:2e:f9:57:b5, 2085-97-63 251:26:11:6666,-0.84,1.088,3.268,-541.077,-415.1,5.493,3.785,-2.829,-113.785
 14:56:03.704,eb:33:2e:f9:57:b5, 2085-97-10 247:41:17:6967,-1.392,1.742,3.325,-519.958,-424.988,19.531,-1.631,-7.163,-113.758
 14:56:03.704,eb:33:2e:f9:57:b5, 2085-97-109 243:75:25:7140,-1.688,2.6,3.439,-496.094,-433.716,43.884,-6.817,-11.42,-113.115
 14:56:03.704,eb:33:2e:f9:57:b5, 2085-97-126 241:87:36:7268,-1.988,3.849,3.503,-469.299,-443.665,68.787,-12.057,-15.76,-111.78
 14:56:03.704,eb:33:2e:f9:57:b5, 2085-97-08 238:185:46:8243,-2.591,5.195,3.704,-447.693,-456.604,80.505,-17.243,-19.935,-109.808
 14:56:03.735,eb:33:2e:f9:57:b5, 2085-97-184 231:212:56:10645,-3.5,6.479,4.617,-412.231,-451.416,79.773,-22.593,-24.038,-107.298
 14:56:03.735,eb:33:2e:f9:57:b5, 2085-97-139 224:153:65:11435,-4.261,7.676,5.522,-315.918,-412.842,67.261,-27.466,-27.658,-104.518
 14:56:03.736,eb:33:2e:f9:57:b5, 2085-97-33 221:186:73:10697,-4.247,8.677,5.438,-169.739,-324.829,46.143,-31.201,-30.668,-101.849
 14:56:03.736,eb:33:2e:f9:57:b5, 2085-97-80 224:206:79:9579,-3.59,9.72,4.975,-23.315,-184.265,-3.357,-33.019,-32.668,-100.058
 14:56:03.794,eb:33:2e:f9:57:b5, 2085-97-56 229:141:72:8303,-3.268,9.757,4.461,87.708,-26.306,-91.797,-32.695,-33.827,-99.915
 14:56:03.794,eb:33:2e:f9:57:b5, 2085-97-161 229:79:54:6295,-3.338,8.013,3.56,150.757,94.299,-160.217,-30.509,-34.135,-101.58
 14:56:03.794,eb:33:2e:f9:57:b5, 2085-97-21 230:83:32:4363,-3.039,5.57,2.587,195.984,135.925,-162.903,-27.328,-33.909,-104.068
 14:56:03.794,eb:33:2e:f9:57:b5, 2085-97-247 25:86:31:19820,-1.39,2.794,1.636,263.245,131.592,-101.196,-23.84,-33.25,-106.205
 14:56:03.826,eb:33:2e:f9:57:b5, 2085-97-41 08:50:249:14859,6.956,3.386,-1.348,858.765,166.321,-391.907,-15.244,-32.866,-109.918
 14:56:03.826,eb:33:2e:f9:57:b5, 2085-97-247 27:78:04:4876,-2.912,7.201,5.783,159.729,1210.205,-428.772,-7.657,-25.785,-115.285
 14:56:03.826,eb:33:2e:f9:57:b5, 2085-97-156 205:178:255:-6226,-2.974,-0.131,-3.507,66.711,688.843,130.066,-6.048,-16.139,-116.845
 14:56:03.826,eb:33:2e:f9:57:b5, 2085-97-172 219:102:244:-6721,-3.524,-1.525,-1.334,139.282,111.694,-21.545,-4.576,-13.799,-117.559
 14:56:03.854,eb:33:2e:f9:57:b5, 2085-97-53 17:36:01:6989,1.968,-0.3,-3.343,15.747,-391.418,173.218,-4.224,-14.766,-116.351
 14:56:03.854,eb:33:2e:f9:57:b5, 2085-97-191 06:89:05:3096,-0.156,0.899,2.955,26.367,-10.681,51.453,-4.257,-16.655,-115.23
 14:56:03.854,eb:33:2e:f9:57:b5, 2085-97-194 255:229:254:2663,0.699,0.266,0.104,9.705,8.972,-4.089,-3.988,-16.469,-115.153
 14:56:03.854,eb:33:2e:f9:57:b5, 2085-113-58 00:22:234:-6195,0.693,0.517,1.684,32.104,46.448,-42.908,-3.686,-16.469,-115.345
 14:56:03.854,eb:33:2e:f9:57:b5, 2085-97-173 250:83:253:1028,-1.471,-0.014,2.057,39.612,117.432,-44.678,-3.351,-16.04,-115.615
 14:56:03.915,eb:33:2e:f9:57:b5, 2085-97-215 253:167:255:1890,0.553,-0.361,-0.317,18.494,-5.859,22.522,-3.065,-15.266,-115.724
 14:56:03.915,eb:33:2e:f9:57:b5, 2085-97-188 04:149:00:4709,0.538,0.2,1.914,14.099,40.344,22.278,-2.933,-15.293,-115.428
 14:56:03.915,eb:33:2e:f9:57:b5, 2085-97-156 253:144:253:6041,-0.801,0.187,1.604,33.875,63.11,32.288,-2.829,-14.398,-115.186
 14:56:03.915,eb:33:2e:f9:57:b5, 2085-97-57 252:50:244:14036,0.046,-1.282,6.583,204.956,10.254,36.682,-1.626,-14.414,-114.917
 14:56:03.945,eb:33:2e:f9:57:b5, 2085-97-224 03:154:245:10295,0.57,-1.385,5.412,364.38,105.286,56.702,1.137,-13.486,-114.428
 14:56:03.945,eb:33:2e:f9:57:b5, 2085-97-00 06:96:241:11223,1.192,-1.598,5.376,498.84,142.639,58.594,5.504,-12.31,-113.78
 14:56:03.945,eb:33:2e:f9:57:b5, 2085-97-154 13:220:239:9770,2.094,-1.93,4.835,627.014,184.082,50.354,10.992,-10.651,-112.934
 14:56:03.945,eb:33:2e:f9:57:b5, 2085-97-49 19:188:235:11122,2.3,-2.33,5.209,767.761,252.563,-3.601,17.957,-8.69,-112.181
 14:56:03.974,eb:33:2e:f9:57:b5, 2085-97-170 16:206:247:11878,2.273,-1.968,5.255,924.561,407.288,-45.227,26.439,-5.328,-111.094
 14:56:03.974,eb:33:2e:f9:57:b5, 2085-97-33 20:80:07:14282,2.14,0.224,6.485,1031.311,335.388,-109.253,36.178,-1.566,-109.627
 14:56:03.974,eb:33:2e:f9:57:b5, 2085-97-99 04:141:250:9820,-0.498,0.055,6.851,1123.962,121.338,-220.093,47.093,1.121,-109.698
 14:56:03.974,eb:33:2e:f9:57:b5, 2085-97-86 253:252:00:6344,0.655,0.149,4.035,909.79,-20.447,-231.506,57.448,3.027,-110.967
 14:56:04.034,eb:33:2e:f9:57:b5, 2085-97-150 05:81:240:6248,0.637,-0.452,2.423,449.036,170.532,-242.126,64.017,5.383,-111.561
 14:56:04.034,eb:33:2e:f9:57:b5, 2085-97-209 06:247:249:5927,1.461,-1.856,4.572,172.058,569.519,-123.718,66.978,8.575,-108.847
 14:56:04.034,eb:33:2e:f9:57:b5, 2085-97-223 16:39:00:9608,2.534,-0.161,3.274,42.48,579.895,-79.59,68.923,11.717,-103.601
 14:56:04.034,eb:33:2e:f9:57:b5, 2085-97-229 23:199:254:10653,2.795,0.052,5.33,97.778,374.817,-34.058,70.455,13.859,-99.141
 14:56:04.094,eb:33:2e:f9:57:b5, 2085-97-91 18:235:245:6434,1.845,-0.709,4.265,168.762,180.786,-23.621,72.521,14.941,-96.696
 14:56:04.094,eb:33:2e:f9:57:b5, 2085-97-04 11:12:243:4578,1.114,-1.491,2.4,130.005,32.288,-23.682,74.262,15.425,-95.823
 14:56:04.094,eb:33:2e:f9:57:b5, 2085-97-157 05:50:239:8436,0.243,-1.736,3.198,22.339,-64.819,-3.967,74.894,15.48,-96.191
 14:56:04.094,eb:33:2e:f9:57:b5, 2085-97-240 01:123:233:8758,0.441,-2.504,4.164,-42.48,-49.255,34.729,74.454,15.134,-96.757
 14:56:04.097,eb:33:2e:f9:57:b5, 2085-97-213 04:18:235:8469,0.703,-2.751,4.273,-33.02,-55.542,70.801,73.965,14.436,-97.125
 14:56:04.097,eb:33:2e:f9:57:b5, 2085-97-211 05:204:236:6901,0.753,-2.497,3.797,-26.367,-46.082,71.96,73.542,13.557,-97.46
 14:56:04.097,eb:33:2e:f9:57:b5, 2085-97-48 06:40:238:5273,0.829,-2.308,2.978,-56.763,-41.565,54.382,73.081,12.827,-97.718
 14:56:04.097,eb:33:2e:f9:57:b5, 2085-97-128 06:252:237:4206,0.777,-2.212,2.322,-104.065,-46.692,25.818,72.087,12.288,-98.069
 14:56:04.154,eb:33:2e:f9:57:b5, 2085-97-85 05:141:234:3496,0.457,-2.402,1.881,-145.569,-88.501,-5.066,70.681,11.997,-98.707
 14:56:04.154,eb:33:2e:f9:57:b5, 2085-97-124 03:250:230:2632,0.52,-3,1.372,-194.214,-152.771,-19.348,68.626,11.678,-99.965
 14:56:04.154,eb:33:2e:f9:57:b5, 2085-97-196 04:224:231:2400,0.673,-3.137,1.291,-275.757,-178.406,-13.184,65.94,11.173,-101.684
 14:56:04.154,eb:33:2e:f9:57:b5, 2085-97-191 05:145:236:1348,0.83,-2.767,0.945,-398.193,-147.156,-2.747,62.128,10.481,-103.271
 14:56:04.185,eb:33:2e:f9:57:b5, 2085-97-130 07:31:241:960,1.044,-2.09,0.494,-528.625,-124.207,-7.385,57.211,9.849,-104.474
 14:56:04.185,eb:33:2e:f9:57:b5, 2085-97-249 08:56:244:2602,1.096,-1.692,0.794,-617.004,-154.419,-26.917,51.059,9.141,-105.76
 14:56:04.185,eb:33:2e:f9:57:b5, 2085-97-76 08:07:248:4420,0.972,-1.154,1.741,-640.259,-214.783,-55.664,44.462,8.185,-107.457
 14:56:04.185,eb:33:2e:f9:57:b5, 2085-97-29 07:234:248:5891,0.76,-0.895,2.513,-628.235,-295.105,-77.393,37.705,6.608,-109.748
 14:56:04.216,eb:33:2e:f9:57:b5, 2085-97-173 04:102:248:6673,0.367,-0.952,3.125,-625.916,-339.783,-85.571,31.212,4.411,-112.297
 14:56:04.216,eb:33:2e:f9:57:b5, 2085-97-127 01:57:251:6888,0.038,-0.834,3.297,-651.367,-335.022,-73.242,24.576,1.714,-114.653
 14:56:04.216,eb:33:2e:f9:57:b5, 2085-97-03 255:110:00:7161,-0.29,-0.309,3.451,-671.509,-334.351,-51.819,17.919,-1.148,-116.45
 14:56:04.216,eb:33:2e:f9:57:b5, 2085-97-121 252:217:06:7251,-0.583,0.462,3.521,-669.128,-357.91,-23.499,11.135,-4.477,-117.713
 14:56:04.276,eb:33:2e:f9:57:b5, 2085-97-80 250:05:12:7319,-0.836,1.202,3.551,-642.456,-398.743,9.216,4.625,-8.223,-118.301
 14:56:04.276,eb:33:2e:f9:57:b5, 2085-97-88 248:40:17:7745,-1.069,1.804,3.645,-598.877,-435.547,42.114,-1.719,-12.508,-118.158
 14:56:04.276,eb:33:2e:f9:57:b5, 2085-97-118 246:23:24:8495,-1.333,2.549,3.991,-548.767,-446.289,69.885,-7.685,-16.88,-117.18
 14:56:04.276,eb:33:2e:f9:57:b5, 2085-97-51 244:255:32:8137,-1.619,3.54,4.113,-504.761,-436.462,80.2,-13.579,-21.132,-115.527
 14:56:04.394,eb:33:2e:f9:57:b5, 2085-97-210 241:81:43:8156,-2.014,4.736,3.911,-466.187,-437.744,71.167,-19.259,-25.104,-113.384
 14:56:04.394,eb:33:2e:f9:57:b5, 2085-97-159 237:102:56:8946,-2.833,6.188,4.08,-409.729,-445.923,53.772,-24.873,-28.998,-110.869
 14:56:04.394,eb:33:2e:f9:57:b5, 2085-97-29 229:45:67:10768,-3.899,7.894,4.891,-326.66,-450.073,17.456,-29.993,-32.844,-108.056
 14:56:04.394,eb:33:2e:f9:57:b5, 2085-97-09 222:42:71:11468,-4.386,8.7,5.465,-225.342,-382.751,-16.541,-34.327,-36.436,-105.337
 14:56:04.396,eb:33:2e:f9:57:b5, 2085-97-03 221:158:75:10941,-4.233,9.169,5.581,-103.455,-226.318,-46.326,-37.079,-39.084,-103.431
 14:56:04.396,eb:33:2e:f9:57:b5, 2085-97-167 223:142:72:9094,-3.887,9.5,4.951,21.179,-57.8,-93.811,-37.628,-40.567,-103.129
 14:56:04.396,eb:33:2e:f9:57:b5, 2085-97-198 225:220:54:6936,-3.628,8.125,3.881,139.771,47.546,-125.122,-35.909,-41.204,-104.403
 14:56:04.396,eb:33:2e:f9:57:b5, 2085-97-243 228:185:33:4590,-3.072,5.511,2.863,224.487,90.82,-97.534,-32.761,-41.248,-106.243
 14:56:04.425,eb:33:2e:f9:57:b5, 2085-97-193 27:105:42:17149,-5.567,2.958,1.513,287.415,80.811,-21.057,-29.317,-40.77,-107.534
 14:56:04.425,eb:33:2e:f9:57:b5, 2085-97-53 31:250:237:7621,6.576,5.952,-2.297,1020.813,157.166,-430.298,-19.957,-39.979,-110.901
 14:56:04.425,eb:33:2e:f9:57:b5, 2085-97-223 00:08:14:13470,1.78,7.545,6.675,404.663,1126.892,-429.138,-9.053,-33.876,-116.812
 14:56:04.425,eb:33:2e:f9:57:b5, 2085-97-146 225:52:32:-13989,-4.478,0.045,2.994,110.291,904.297,181.213,-5.301,-23.84,-120.229
 14:56:04.427,eb:33:2e:f9:57:b5, 2085-97-48 244:102:246:1546,-3.821,-0.872,-1.957,150.391,2.014,-64.453,-3.834,-21.407,-120.487
 14:56:04.427,eb:33:2e:f9:57:b5, 2085-97-207 244:173:03:-1295,1.565,-0.837,-2.305,33.264,-113.037,125.854,-3.323,-20.847,-119.795
 14:56:04.427,eb:33:2e:f9:57:b5, 2085-97-22 18:140:05:7136,0.385,0.784,2.254,26.062,-109.009,25.146,-3.527,-22.385,-118.828
 14:56:04.427,eb:33:2e:f9:57:b5, 2085-97-231 254:70:01:1335,-1.07,0.257,1.306,49.377,107.178,-42.297,-2.928,-21.725,-119.114
 14:56:04.485,eb:33:2e:f9:57:b5, 2085-97-80 244:241:252:-288,0.699,-0.596,-0.083,20.813,54.81,-9.155,-2.406,-20.742,-119.614
 14:56:04.485,eb:33:2e:f9:57:b5, 2085-97-111 05:155:01:4176,0.659,0.211,2.16,27.222,16.968,7.874,-2.159,-20.945,-119.476
 14:56:04.485,eb:33:2e:f9:57:b5, 2085-97-138 250:29:254:711,-0.638,0.279,1.764,27.649,149.536,-16.602,-1.807,-20.012,-119.592
 14:56:04.485,eb:33:2e:f9:57:b5, 2085-97-198 10:101:05:3599,1.044,-0.018,0.409,22.888,49.622,9.521,-1.555,-18.891,-119.559
 14:56:04.576,eb:33:2e:f9:57:b5, 2085-97-203 246:57:249:8993,-1.96,0.596,2.173,20.02,131.287,-21.24,-1.34,-17.935,-119.669
 14:56:04.576,eb:33:2e:f9:57:b5, 2085-113-81 00:149:192:4096,-0.543,-1.713,6.341,201.477,140.015,4.272,-0.17,-16.507,-119.883
 14:56:04.576,eb:33:2e:f9:57:b5, 2085-97-54 255:60:247:9079,-0.135,-1.795,6.714,275.696,246.277,72.388,1.016,-15.496,-119.663
 14:56:04.576,eb:33:2e:f9:57:b5, 2085-97-45 255:226:245:8882,0.03,-0.996,3.274,384.033,160.156,95.886,4.032,-13.282,-118.526
 14:56:04.577,eb:33:2e:f9:57:b5, 2085-97-132 02:69:240:11417,0.965,-1.671,5.228,516.052,125.488,96.741,8.421,-12.041,-117.433
 14:56:04.577,eb:33:2e:f9:57:b5, 2085-97-214 10:194:236:10233,1.796,-2.18,5.448,650.146,181.091,90.698,14.073,-10.706,-116.186
 14:56:04.577,eb:33:2e:f9:57:b5, 2085-97-170 17:234:234:11903,2.246,-2.617,5.585,810.059,261.841,48.34,21.22,-8.844,-114.846
 14:56:04.577,eb:33:2e:f9:57:b5, 2085-97-213 14:55:245:10976,1.531,-2.097,5.292,958.069,406.128,0.549,29.987,-5.762,-113.099
 14:56:04.634,eb:33:2e:f9:57:b5, 2085-97-183 07:74:02:15283,0.841,-0.469,6.165,1045.349,342.224,-58.472,39.946,-2.362,-111.11
 14:56:04.634,eb:33:2e:f9:57:b5, 2085-97-114 02:13:250:14157,-0.425,-0.404,8.247,1086.426,132.69,-154.175,50.773,-0.077,-110.517
 14:56:04.634,eb:33:2e:f9:57:b5, 2085-97-177 255:227:08:3158,1.307,0.5,3.618,890.259,130.493,-125.977,60.71,1.884,-110.045
 14:56:04.634,eb:33:2e:f9:57:b5, 2085-97-68 08:86:248:1273,0.172,-0.272,0.516,471.985,89.905,-186.279,67.516,3.686,-109.968
 14:56:04.636,eb:33:2e:f9:57:b5, 2085-97-76 03:105:02:4913,0.689,-0.742,3.266,156.006,335.999,-173.523,70.219,6.18,-108.787
 14:56:04.636,eb:33:2e:f9:57:b5, 2085-97-72 08:114:07:10848,0.956,0.946,2.989,-29.968,420.288,-191.528,71.252,9.229,-105.54
 14:56:04.636,eb:33:2e:f9:57:b5, 2085-97-12 12:08:04:15331,1.862,0.903,6.612,6.897,367.615,-160.156,71.543,12.184,-102.195
 14:56:04.636,eb:33:2e:f9:57:b5, 2085-97-51 16:210:247:11074,2.105,-0.237,6.687,126.953,314.514,-139.832,72.971,14.628,-99.388
 14:56:04.665,eb:33:2e:f9:57:b5, 2085-97-89 17:138:240:8080,2.096,-1.537,4.535,150.696,264.465,-114.929,75.092,16.639,-96.927
 14:56:04.665,eb:33:2e:f9:57:b5, 2085-97-127 14:138:237:4828,1.876,-2.121,3.25,99.67,202.881,-93.384,76.998,18.199,-94.818
 14:56:04.665,eb:33:2e:f9:57:b5, 2085-97-158 13:195:236:4348,1.479,-2.415,2.467,10.071,89.6,-71.777,77.816,19.276,-93.697
 14:56:04.665,eb:33:2e:f9:57:b5, 2085-97-160 11:143:237:4398,1.416,-2.428,1.941,-65.735,10.681,-55.481,77.591,19.99,-93.345
 14:56:04.694,eb:33:2e:f9:57:b5, 2085-97-103 09:183:238:5010,0.869,-2.164,2.397,-106.628,-54.932,-49.805,76.465,20.44,-93.812
 14:56:04.694,eb:33:2e:f9:57:b5, 2085-97-197 04:163:235:5435,0.349,-2.289,2.516,-119.629,-135.01,-44.617,74.921,20.66,-94.955
 14:56:04.694,eb:33:2e:f9:57:b5, 2085-97-67 02:103:230:5281,0.194,-2.895,2.629,-147.278,-198.608,-25.94,72.856,20.528,-96.894
 14:56:04.694,eb:33:2e:f9:57:b5, 2085-97-251 01:180:228:3742,0.375,-3.361,2.224,-219.788,-188.599,13.306,70.323,19.962,-98.926
 14:56:04.755,eb:33:2e:f9:57:b5, 2085-97-137 04:34:230:2556,0.798,-3.361,1.508,-325.745,-136.78,67.139,66.978,18.973,-100.443
 14:56:04.755,eb:33:2e:f9:57:b5, 2085-97-59 08:242:234:1270,1.321,-2.974,0.979,-428.223,-68.42,110.229,62.974,17.721,-100.981
 14:56:04.755,eb:33:2e:f9:57:b5, 2085-97-24 13:190:241:-094,1.878,-2.207,0.236,-499.023,-61.279,117.676,58.195,16.408,-100.964
 14:56:04.755,eb:33:2e:f9:57:b5, 2085-97-216 15:08:246:-316,1.979,-1.446,-0.203,-532.532,-147.705,77.148,52.916,15.013,-101.272
 14:56:04.815,eb:33:2e:f9:57:b5, 2085-97-45 15:79:246:1605,1.735,-1.207,0.241,-546.387,-279.48,14.648,47.049,13.244,-102.805
 14:56:04.815,eb:33:2e:f9:57:b5, 2085-97-81 12:22:246:3665,1.324,-1.21,1.292,-561.462,-379.15,-46.509,40.974,10.948,-105.364
 14:56:04.815,eb:33:2e:f9:57:b5, 2085-97-152 08:249:244:5727,0.851,-1.306,2.3,-583.13,-437.012,-92.773,34.618,8.091,-108.6
 14:56:04.815,eb:33:2e:f9:57:b5, 2085-97-184 05:221:245:7909,0.532,-1.395,3.327,-605.469,-446.838,-122.253,28.284,4.856,-111.907
 14:56:04.817,eb:33:2e:f9:57:b5, 2085-97-142 02:63:248:8930,0.088,-1.091,4.149,-615.356,-420.288,-147.522,21.885,1.5,-115.032
 14:56:04.817,eb:33:2e:f9:57:b5, 2085-97-155 255:17:249:8647,-0.166,-0.913,4.363,-611.389,-396.301,-168.396,15.743,-1.829,-117.878
 14:56:04.817,eb:33:2e:f9:57:b5, 2085-97-187 253:196:248:8085,-0.52,-0.871,4.057,-607.361,-380.554,-170.898,9.695,-5.268,-120.454
 14:56:04.817,eb:33:2e:f9:57:b5, 2085-97-03 250:14:248:7904,-1.031,-0.974,3.85,-602.112,-382.629,-147.522,3.895,-8.849,-122.525
 14:56:04.876,eb:33:2e:f9:57:b5, 2085-97-26 245:10:250:7912,-1.724,-0.915,3.841,-593.445,-403.625,-98.816,-1.95,-12.783,-123.876
 14:56:04.876,eb:33:2e:f9:57:b5, 2085-97-96 239:01:254:9006,-2.412,-0.529,4.038,-574.768,-469.116,-24.719,-7.745,-17.183,-124.107
 14:56:04.876,eb:33:2e:f9:57:b5, 2085-97-111 234:84:07:11495,-3.012,0.188,4.966,-542.053,-527.954,75.073,-13.892,-22.126,-122.816
 14:56:04.876,eb:33:2e:f9:57:b5, 2085-97-235 228:20:26:13556,-3.737,1.98,6.137,-500.671,-540.405,186.646,-20.424,-26.851,-119.63
 14:56:04.904,eb:33:2e:f9:57:b5, 2085-97-37 223:73:47:15911,-4.5,4.544,7.261,-465.515,-483.032,266.174,-27.691,-30.668,-114.774
 14:56:04.904,eb:33:2e:f9:57:b5, 2085-97-26 218:238:70:15317,-4.645,7.459,7.793,-408.081,-300.171,303.711,-34.876,-32.443,-109.517
 14:56:04.904,eb:33:2e:f9:57:b5, 2085-97-195 222:45:81:13380,-3.492,9.641,7.111,-232.971,-139.954,277.1,-40.452,-32.305,-105.233
 14:56:04.904,eb:33:2e:f9:57:b5, 2085-97-45 234:211:88:8609,-1.973,10.777,5.515,-78.735,64.087,208.313,-43.094,-30.894,-102.881
 14:56:04.935,eb:33:2e:f9:57:b5, 2085-97-148 242:194:79:3513,-1.779,10.889,2.839,-4.639,176.636,92.529,-43.506,-28.823,-102.772
 14:56:04.935,eb:33:2e:f9:57:b5, 2085-97-197 238:75:62:2240,-2.447,8.765,1.172,56.152,135.315,2.93,-42.814,-27.422,-103.694
 14:56:04.935,eb:33:2e:f9:57:b5, 2085-97-18 227:211:46:18223,-2.139,6.705,1.411,177.063,61.401,-24.231,-41.226,-26.812,-104.524
 14:56:04.935,eb:33:2e:f9:57:b5, 2085-97-110 253:158:29:-10107,-5.314,7.393,-0.7,996.826,289.429,-211.792,-33.624,-26.351,-105.738
 14:56:05.054,eb:33:2e:f9:57:b5, 2085-97-93 222:188:64:13091,0.026,3.455,8.236,1310.425,737.854,-136.475,-19.034,-23.082,-109.265
 14:56:05.054,eb:33:2e:f9:57:b5, 2085-97-95 25:160:43:-4394,1.728,3.134,6.895,650.635,-320.618,-105.286,-7.559,-24.329,-112.659
 14:56:05.054,eb:33:2e:f9:57:b5, 2085-97-231 224:197:235:-9248,0.476,-3.211,1.764,50.72,507.69,-163.452,-6.185,-24.153,-111.824
 14:56:05.054,eb:33:2e:f9:57:b5, 2085-97-182 254:175:249:1146,-1.534,-1.383,1.667,109.436,-56.58,65.308,-5.405,-23.637,-111.654
 14:56:05.056,eb:33:2e:f9:57:b5, 2085-97-30 249:62:03:-1356,0.658,-0.217,-0.693,64.27,-86.731,68.848,-4.916,-23.725,-110.726
 14:56:05.056,eb:33:2e:f9:57:b5, 2085-97-40 13:159:08:3906,-0.508,0.786,1.146,23.56,-88.379,6.531,-4.79,-24.708,-110.193
 14:56:05.056,eb:33:2e:f9:57:b5, 2085-97-46 254:222:253:2832,0.05,-0.42,1.298,29.968,12.207,-28.564,-4.455,-24.45,-110.605
 14:56:05.056,eb:33:2e:f9:57:b5, 2085-97-170 01:38:01:2214,0.555,-0.066,1.069,18.982,30.09,3.54,-4.109,-24.368,-110.676
 14:56:05.058,eb:33:2e:f9:57:b5, 2085-97-244 01:238:01:2400,0.005,0.297,1.433,11.23,76.233,-18.799,-3.851,-23.857,-110.819
 14:56:05.058,eb:33:2e:f9:57:b5, 2085-97-41 00:166:255:2650,0.42,-0.012,1.264,8.728,97.473,-19.958,-3.625,-22.978,-111.143
 14:56:05.058,eb:33:2e:f9:57:b5, 2085-97-125 05:100:03:4774,0.627,0.231,1.845,9.705,113.586,-18.372,-3.367,-21.956,-111.412
 14:56:05.058,eb:33:2e:f9:57:b5, 2085-97-37 00:212:253:8417,-0.686,0.401,3.262,64.575,146.973,-57.983,-2.895,-20.632,-111.89
 14:56:05.115,eb:33:2e:f9:57:b5, 2085-97-16 247:29:247:6070,-0.733,-0.84,3.683,153.198,200.867,-41.992,-1.456,-18.798,-112.571
 14:56:05.115,eb:33:2e:f9:57:b5, 2085-97-161 255:191:249:7009,0.406,-0.955,2.966,246.277,140.808,-4.333,0.648,-17.106,-112.786
 14:56:05.115,eb:33:2e:f9:57:b5, 2085-97-50 02:236:249:6184,-0.178,-0.676,3.438,313.965,178.101,23.01,3.538,-15.496,-112.643
 14:56:05.115,eb:33:2e:f9:57:b5, 2085-97-168 255:94:244:9051,0.712,-1.104,3.437,390.808,132.202,44.373,6.905,-13.936,-112.126
 14:56:05.146,eb:33:2e:f9:57:b5, 2085-97-248 10:221:243:8587,1.565,-1.541,4.737,526.184,170.166,31.921,11.431,-12.502,-111.484
 14:56:05.146,eb:33:2e:f9:57:b5, 2085-97-52 10:254:243:10855,0.34,-1.452,4.313,671.631,202.576,-22.4,17.391,-10.673,-110.984
 14:56:05.146,eb:33:2e:f9:57:b5, 2085-97-42 249:52:246:12873,-0.688,-1.604,6.373,748.596,331.055,-23.499,24.56,-8.08,-110.347
 14:56:05.146,eb:33:2e:f9:57:b5, 2085-97-85 00:166:250:11340,0.254,-0.937,6.587,767.517,353.333,23.743,31.998,-5.021,-108.699
 14:56:05.206,eb:33:2e:f9:57:b5, 2085-97-169 01:43:04:5682,0.312,-0.394,3.529,672.729,358.704,57.861,39.128,-2.23,-106.199
 14:56:05.206,eb:33:2e:f9:57:b5, 2085-97-171 06:231:250:6958,1.038,0.729,3.315,533.936,309.937,15.259,45.071,-0.077,-103.788
 14:56:05.206,eb:33:2e:f9:57:b5, 2085-113-81 00:08:183:-9163,1.068,-1.013,2.665,321.167,410.156,-17.395,49.268,2.455,-101.168
 14:56:05.206,eb:33:2e:f9:57:b5, 2085-97-17 12:178:01:3596,2.047,-0.668,2.699,280.09,459.656,-46.753,50.823,4.01,-99.613
 14:56:05.208,eb:33:2e:f9:57:b5, 2085-97-191 20:202:08:3658,2.585,0.95,0.989,189.941,310.425,-134.399,53.454,7.311,-96.96
 14:56:05.234,eb:33:2e:f9:57:b5, 2085-97-195 19:45:02:6226,2.175,0.776,2.409,168.579,87.891,-239.868,55.212,9.959,-96.597
 14:56:05.234,eb:33:2e:f9:57:b5, 2085-97-120 14:24:248:8097,1.512,-0.411,3.657,170.593,-6.775,-339.844,56.635,12.579,-98.135
 14:56:05.234,eb:33:2e:f9:57:b5, 2085-97-168 10:54:242:8755,1.209,-1.416,4.186,145.02,10.864,-397.583,57.711,15.721,-100.267
 14:56:05.234,eb:33:2e:f9:57:b5, 2085-97-104 09:123:238:8500,1.101,-1.989,4.25,86.365,76.538,-411.56,58.293,19.457,-102.162
 14:56:05.264,eb:33:2e:f9:57:b5, 2085-97-17 09:37:237:6905,1.395,-2.33,3.772,7.324,157.043,-390.747,58.321,23.538,-103.304
 14:56:05.264,eb:33:2e:f9:57:b5, 2085-97-200 12:221:239:5490,1.77,-2.223,3.091,-79.773,215.637,-360.413,57.717,27.735,-103.76
 14:56:05.264,eb:33:2e:f9:57:b5, 2085-97-223 14:146:241:4765,1.765,-1.849,2.429,-157.471,234.619,-343.262,56.492,31.921,-103.727
 14:56:05.264,eb:33:2e:f9:57:b5, 2085-97-215 13:231:239:4901,1.77,-1.825,2.262,-203.674,178.406,-326.599,54.487,35.898,-103.942
 14:56:05.325,eb:33:2e:f9:57:b5, 2085-97-113 13:147:235:4794,1.584,-2.293,2.584,-235.229,99.67,-299.866,51.63,39.172,-105.029
 14:56:05.325,eb:33:2e:f9:57:b5, 2085-97-154 11:57:233:3600,1.346,-2.71,2.042,-294.739,67.2,-248.779,47.917,41.797,-106.628
 14:56:05.325,eb:33:2e:f9:57:b5, 2085-97-140 10:184:231:3385,1.394,-3.015,1.684,-378.418,61.279,-166.077,43.605,43.715,-107.985
 14:56:05.325,eb:33:2e:f9:57:b5, 2085-97-156 13:57:235:2488,2.008,-2.904,1.469,-461.182,59.509,-54.81,38.897,44.907,-108.605
 14:56:05.384,eb:33:2e:f9:57:b5, 2085-97-29 19:223:240:766,2.674,-2.272,0.829,-518.921,9.521,36.926,34.162,45.225,-108.292
 14:56:05.384,eb:33:2e:f9:57:b5, 2085-97-82 24:149:246:724,3.42,-1.604,0.221,-534.912,-124.939,83.679,28.998,44.308,-108.051
 14:56:05.384,eb:33:2e:f9:57:b5, 2085-97-173 29:249:252:3598,3.7,-0.753,0.908,-528.992,-282.288,84.106,23.527,41.984,-108.276
 14:56:05.384,eb:33:2e:f9:57:b5, 2085-97-132 28:146:255:5461,3.439,-0.183,2.277,-524.17,-380.615,51.453,17.682,38.518,-109.138
 14:56:05.387,eb:33:2e:f9:57:b5, 2085-97-169 26:144:00:6788,3.222,0.019,3.025,-525.391,-430.969,7.69,11.865,34.464,-110.116
 14:56:05.387,eb:33:2e:f9:57:b5, 2085-97-213 24:228:01:7586,2.982,0.136,3.556,-529.114,-454.712,-39.978,5.949,30.059,-111.231
 14:56:05.387,eb:33:2e:f9:57:b5, 2085-97-124 22:05:03:7853,2.596,0.333,3.813,-522.156,-476.807,-93.018,0.187,25.439,-112.291
 14:56:05.387,eb:33:2e:f9:57:b5, 2085-97-159 18:152:02:8221,2.089,0.39,3.943,-504.944,-522.766,-142.883,-5.427,20.325,-113.412
 14:56:05.446,eb:33:2e:f9:57:b5, 2085-97-156 14:189:00:9036,1.565,0.233,4.185,-487.671,-577.271,-169.617,-10.635,14.617,-114.258
 14:56:05.446,eb:33:2e:f9:57:b5, 2085-97-61 09:18:00:10482,0.239,-0.001,4.771,-480.774,-607.544,-158.386,-15.59,8.361,-114.571
 14:56:05.446,eb:33:2e:f9:57:b5, 2085-97-101 253:229:00:10726,-0.485,0.002,4.96,-478.699,-610.657,-90.149,-20.38,2.241,-113.879
 14:56:05.446,eb:33:2e:f9:57:b5, 2085-97-157 250:18:11:13891,-1.101,0.62,6.002,-416.016,-651.367,17.029,-24.961,-3.812,-111.731
 14:56:05.475,eb:33:2e:f9:57:b5, 2085-97-63 242:217:28:14107,-2.326,2.456,7.058,-311.157,-642.944,134.888,-29.026,-9.19,-108.034
 14:56:05.475,eb:33:2e:f9:57:b5, 2085-97-174 231:250:43:12683,-3.946,4.649,6.53,-172.852,-674.133,238.098,-32.448,-13.881,-102.914
 14:56:05.475,eb:33:2e:f9:57:b5, 2085-97-254 215:29:56:14068,-5.944,6.274,6.306,-91.736,-719.849,335.266,-35.497,-18.083,-96.284
 14:56:05.475,eb:33:2e:f9:57:b5, 2085-97-230 204:229:69:15157,-5.987,7.853,7.483,-61.951,-548.889,373.23,-38.727,-21.11,-89.017
 14:56:05.533,eb:33:2e:f9:57:b5, 2085-97-89 215:101:86:9730,-4.26,9.724,6.225,-56.641,-94.788,314.758,-41.067,-21.143,-84.073
 14:56:05.533,eb:33:2e:f9:57:b5, 2085-97-43 227:55:92:4209,-3.198,11.529,3.445,-59.143,177.063,98.999,-42.072,-19.204,-82.974
 14:56:05.533,eb:33:2e:f9:57:b5, 2085-97-123 230:150:77:1063,-3.575,10.797,1.029,-2.441,168.579,-178.589,-41.808,-18.138,-84.771
 14:56:05.533,eb:33:2e:f9:57:b5, 2085-97-18 222:52:53:3181,-4.11,8.41,0.602,57.19,64.026,-372.986,-40.446,-19.27,-87.891
 14:56:05.624,eb:33:2e:f9:57:b5, 2085-97-122 03:227:45:12688,-2.521,1.602,6.189,602.905,-147.278,-263.794,-37.222,-21.83,-91.335
 14:56:05.624,eb:33:2e:f9:57:b5, 2085-97-150 209:64:207:-12591,-9.336,3.658,-5.728,773.926,686.462,-253.113,-27.856,-15.727,-97.976
 14:56:05.624,eb:33:2e:f9:57:b5, 2085-97-231 218:00:35:17769,1.473,-0.852,-1.119,916.87,-109.985,-75.073,-18.215,-13.92,-100.118
 14:56:05.624,eb:33:2e:f9:57:b5, 2085-97-51 54:02:55:7890,2.859,1.685,3.051,310.974,-521.79,102.173,-12.442,-18.358,-99.08
 14:56:05.626,eb:33:2e:f9:57:b5, 2085-97-154 13:79:02:5218,-0.721,1.684,2.985,30.273,11.047,19.47,-11.234,-21.099,-98.525
 14:56:05.626,eb:33:2e:f9:57:b5, 2085-97-114 247:204:252:297,-1.351,-0.729,0.465,91.858,-3.54,18.799,-10.514,-20.819,-98.394
 14:56:05.626,eb:33:2e:f9:57:b5, 2085-97-121 248:110:02:-036,0.058,-0.402,-0.48,81.238,-109.558,-3.601,-9.651,-21.429,-98.256
 14:56:05.626,eb:33:2e:f9:57:b5, 2085-97-215 10:200:04:4325,0.559,0.595,0.52,22.583,-122.742,-15.625,-9.13,-22.637,-98.207
 14:56:05.628,eb:33:2e:f9:57:b5, 2085-97-45 255:94:255:2291,-0.13,0.098,1.656,26.245,-4.211,-26.062,-8.849,-23.033,-98.465
 14:56:05.628,eb:33:2e:f9:57:b5, 2085-97-126 255:93:00:2005,-0.168,0.005,0.938,36.621,-19.531,-13.245,-8.328,-23.137,-98.69
 14:56:05.628,eb:33:2e:f9:57:b5, 2085-97-228 00:170:00:2449,0.237,0.06,0.872,29.724,-13.245,-13.062,-7.949,-23.291,-98.839
 14:56:05.628,eb:33:2e:f9:57:b5, 2085-97-151 02:196:00:3069,0.658,0.061,1.389,34.241,15.259,-11.169,-7.493,-23.236,-99.025
 14:56:05.715,eb:33:2e:f9:57:b5, 2085-97-03 04:116:00:4412,0.028,0.253,1.791,38.452,85.022,-18.433,-7.026,-22.791,-99.256
 14:56:05.715,eb:33:2e:f9:57:b5, 2085-97-123 253:84:254:5203,0,-0.327,2.376,10.681,180.969,-0.916,-6.515,-21.357,-99.668
 14:56:05.715,eb:33:2e:f9:57:b5, 2085-97-194 00:88:01:8466,0.939,-0.087,3.646,6.287,249.329,30.334,-6.46,-19.281,-99.75
 14:56:05.715,eb:33:2e:f9:57:b5, 2085-97-42 03:28:250:11775,0.153,0.319,5.383,174.194,209.9,-12.878,-5.515,-16.902,-99.877
 14:56:05.715,eb:33:2e:f9:57:b5, 2085-97-38 07:94:247:12117,1.568,-1.135,5.458,273.438,282.471,26.917,-3.17,-14.315,-100.047
 14:56:05.715,eb:33:2e:f9:57:b5, 2085-97-63 16:19:243:11564,2.652,-1.329,6.036,403.442,377.38,44.983,0.258,-10.981,-99.794
 14:56:05.715,eb:33:2e:f9:57:b5, 2085-97-253 25:165:240:10127,3.266,-1.936,5.133,518.372,471.13,46.387,4.796,-6.691,-99.113
 14:56:05.716,eb:33:2e:f9:57:b5, 2085-97-212 20:254:236:11169,2.27,-1.989,4.963,642.334,600.647,-16.296,10.712,-1.384,-98.245
 14:56:05.745,eb:33:2e:f9:57:b5, 2085-97-120 20:48:247:13956,2.83,-1.745,5.928,707.397,704.834,-39.673,17.578,5.334,-96.899
 14:56:05.745,eb:33:2e:f9:57:b5, 2085-97-59 20:00:246:16792,2.808,-1.067,7.901,785.828,648.865,-63.232,25.439,11.871,-94.938
 14:56:05.745,eb:33:2e:f9:57:b5, 2085-97-248 19:243:00:11626,2.21,-1.214,7.739,821.96,631.409,-56.946,34.305,17.529,-92.269
 14:56:05.745,eb:33:2e:f9:57:b5, 2085-97-219 17:218:253:3988,2.472,1.351,3.485,579.468,574.036,-76.721,42.72,22.72,-88.638
 14:56:05.805,eb:33:2e:f9:57:b5, 2085-97-136 05:171:205:4518,1.989,-5.527,0.092,143.188,561.34,-28.259,47.653,27.076,-84.913
 14:56:05.805,eb:33:2e:f9:57:b5, 2085-97-33 23:151:255:-133,3.545,-2.038,-2.4,8.667,391.479,100.769,50.933,29.872,-79.612
 14:56:05.805,eb:33:2e:f9:57:b5, 2085-97-105 28:46:09:9664,3.301,0.383,4.146,-44.861,94.299,38.818,51.411,30.405,-77.542
 14:56:05.805,eb:33:2e:f9:57:b5, 2085-97-107 18:154:08:8795,1.615,1.605,4.617,31.25,3.357,-104.919,51.509,30.916,-77.459
 14:56:05.836,eb:33:2e:f9:57:b5, 2085-97-45 09:120:250:8190,0.684,0.152,4.15,18.066,-48.95,-209.717,51.048,32.058,-79.014
 14:56:05.836,eb:33:2e:f9:57:b5, 2085-97-121 02:224:239:7301,0.135,-1.411,3.695,-95.215,-37.781,-231.995,49.526,33.497,-81.145
 14:56:05.836,eb:33:2e:f9:57:b5, 2085-97-102 01:146:235:7517,0.448,-2.444,3.656,-247.07,23.01,-174.927,46.752,34.975,-82.908
 14:56:05.836,eb:33:2e:f9:57:b5, 2085-97-127 07:18:241:7091,1.414,-2.304,3.602,-378.601,117.126,-88.745,43.281,36.376,-83.331
 14:56:06.224,eb:33:2e:f9:57:b5, 2085-97-232 14:78:247:5549,2.375,-1.445,3.178,-477.905,194.763,-43.823,39.402,37.996,-82.579
 14:56:06.224,eb:33:2e:f9:57:b5, 2085-97-172 22:72:251:2617,3.172,-0.802,2.108,-562.439,228.577,-34.546,34.964,39.902,-81.249
 14:56:06.224,eb:33:2e:f9:57:b5, 2085-97-128 27:31:254:-320,3.409,-0.415,0.427,-628.662,195.374,-68.787,29.603,42.012,-80.283
 14:56:06.224,eb:33:2e:f9:57:b5, 2085-97-51 28:125:254:013,3.443,-0.215,-0.403,-663.94,56.091,-130.981,22.709,43.55,-80.782
 14:56:06.254,eb:33:2e:f9:57:b5, 2085-97-214 25:74:253:1158,3.03,-0.239,0.374,-659.729,-69.763,-176.453,14.584,43.868,-82.963
 14:56:06.254,eb:33:2e:f9:57:b5, 2085-97-239 22:23:251:2312,2.677,-0.496,0.793,-645.325,-166.748,-190.674,6.125,42.902,-85.754
 14:56:06.254,eb:33:2e:f9:57:b5, 2085-97-97 21:38:253:3393,2.577,-0.642,1.364,-624.695,-229.614,-181.152,-1.967,40.957,-88.385
 14:56:06.254,eb:33:2e:f9:57:b5, 2085-97-72 19:14:01:3392,2.107,-0.098,1.658,-594.299,-288.086,-166.443,-9.272,38.134,-90.269
 14:56:06.260,eb:33:2e:f9:57:b5, 2085-97-234 14:245:01:3565,1.666,0.2,1.611,-562.378,-375.061,-145.996,-15.639,34.547,-91.28
 14:56:06.260,eb:33:2e:f9:57:b5, 2085-97-95 12:66:04:5214,1.379,0.346,2.071,-537.476,-445.312,-107.361,-21.05,30.108,-91.115
 14:56:06.260,eb:33:2e:f9:57:b5, 2085-97-154 09:80:08:6679,0.873,0.774,2.967,-513.306,-456.665,-52.246,-25.73,25.631,-89.896
 14:56:06.260,eb:33:2e:f9:57:b5, 2085-97-01 05:131:10:6380,0.392,1.215,3.182,-471.619,-467.468,15.381,-29.784,21.396,-87.693
 14:56:06.260,eb:33:2e:f9:57:b5, 2085-97-96 02:110:11:6585,0.156,1.329,2.955,-397.644,-521.912,86.182,-33.052,17.49,-84.507
 14:56:06.260,eb:33:2e:f9:57:b5, 2085-97-207 255:126:14:8444,-0.208,1.553,3.676,-331.116,-570.557,162.537,-35.48,13.535,-80.14
 14:56:06.260,eb:33:2e:f9:57:b5, 2085-97-217 252:254:22:9359,-0.606,2.252,4.421,-279.48,-564.941,238.464,-37.463,10.19,-75.015
 14:56:06.261,eb:33:2e:f9:57:b5, 2085-97-187 248:215:36:9732,-1.114,3.643,4.666,-228.638,-569.946,301.086,-39.084,7.333,-69.252
 14:56:06.261,eb:33:2e:f9:57:b5, 2085-97-139 245:123:56:10298,-1.642,5.763,4.96,-179.504,-547.913,342.163,-40.463,5.103,-63.122
 14:56:06.261,eb:33:2e:f9:57:b5, 2085-97-254 238:45:75:10197,-2.52,8.381,4.878,-98.633,-511.536,329.102,-41.364,3.285,-57.068
 14:56:06.261,eb:33:2e:f9:57:b5, 2085-97-44 234:252:82:9731,-2.811,9.901,5.218,-32.593,-372.742,234.253,-41.726,1.736,-51.932
 14:56:06.261,eb:33:2e:f9:57:b5, 2085-97-198 233:101:89:5011,-2.926,10.936,3.577,-11.414,-127.38,70.129,-41.797,0.967,-49.301
 14:56:06.286,eb:33:2e:f9:57:b5, 2085-97-60 231:138:73:2959,1.715,10.493,1.583,28.259,-50.842,-170.898,-41.748,0.055,-49.241
 14:56:06.286,eb:33:2e:f9:57:b5, 2085-113-58 00:96:220:-3870,1.785,-1.705,3.832,565.308,469.543,-0.305,-0.527,11.684,-62.639
 14:56:06.286,eb:33:2e:f9:57:b5, 2085-97-117 10:203:244:9222,0.65,-1.597,3.804,611.145,460.51,-16.235,2.428,14.008,-62.644
 14:56:06.286,eb:33:2e:f9:57:b5, 2085-97-102 01:52:249:11891,0.068,-1.204,5.173,670.898,437.866,-20.203,8.97,18.556,-62.463
 14:56:06.314,eb:33:2e:f9:57:b5, 2085-97-203 02:221:245:11716,0.863,-0.91,5.998,670.41,403.625,21.729,16.188,22.643,-61.458
 14:56:06.314,eb:33:2e:f9:57:b5, 2085-97-168 11:175:00:8237,1.384,-0.957,5.096,678.223,375.366,51.697,23.747,26.054,-59.551
 14:56:06.314,eb:33:2e:f9:57:b5, 2085-97-188 07:08:253:4916,0.781,1.251,2.68,493.896,370.239,-29.541,30.822,29.312,-57.382
 14:56:06.314,eb:33:2e:f9:57:b5, 2085-97-161 01:70:230:6108,1.081,-2.889,2.146,221.436,429.443,-9.827,35.299,32.767,-55.294
 14:56:06.345,eb:33:2e:f9:57:b5, 2085-97-85 11:242:04:329,2.162,-1.077,0.919,136.78,461.67,70.068,39.435,36.123,-51.158
 14:56:06.345,eb:33:2e:f9:57:b5, 2085-97-255 17:171:09:7668,2.503,0.94,3.098,58.105,226.074,30.029,41.935,38.095,-48.23
 14:56:06.345,eb:33:2e:f9:57:b5, 2085-97-19 18:85:10:7889,1.934,1.495,3.895,121.399,107.727,-79.163,43.66,39.331,-47.054
 14:56:06.345,eb:33:2e:f9:57:b5, 2085-97-228 14:34:00:7225,1.724,0.65,3.741,143.372,68.665,-195.679,44.632,40.924,-47.714
 14:56:06.465,eb:33:2e:f9:57:b5, 2085-97-04 12:218:248:4977,1.256,-0.455,2.936,97.351,65.613,-273.682,44.857,43.033,-49.279
 14:56:06.465,eb:33:2e:f9:57:b5, 2085-97-85 08:157:243:4808,0.905,-1.299,2.236,0.854,43.945,-305.664,43.627,45.489,-51.735
 14:56:06.465,eb:33:2e:f9:57:b5, 2085-97-134 06:252:241:6340,0.771,-1.653,2.696,-101.929,16.602,-294.861,41.006,47.642,-54.602
 14:56:06.465,eb:33:2e:f9:57:b5, 2085-97-87 06:76:240:6982,0.901,-1.9,3.398,-212.158,37.781,-255.432,37.123,49.548,-57.678
 14:56:06.467,eb:33:2e:f9:57:b5, 2085-97-141 08:48:242:6423,1.313,-1.896,3.314,-316.711,108.154,-201.111,32.8,51.367,-59.804
 14:56:06.467,eb:33:2e:f9:57:b5, 2085-97-217 12:118:246:5333,1.963,-1.479,2.92,-410.4,174.255,-156.494,28.109,53.52,-61.084
 14:56:06.467,eb:33:2e:f9:57:b5, 2085-97-51 19:81:251:3730,2.822,-0.868,2.223,-481.14,201.172,-131.897,23.066,55.772,-61.738
 14:56:06.467,eb:33:2e:f9:57:b5, 2085-97-165 24:239:254:1229,3.023,-0.334,1.279,-537.659,205.017,-134.216,17.128,58.14,-62.726
 14:56:06.496,eb:33:2e:f9:57:b5, 2085-97-106 25:47:00:-836,3.27,-0.05,-0.212,-577.698,128.296,-152.771,9.959,60.079,-64.517
 14:56:06.496,eb:33:2e:f9:57:b5, 2085-97-91 24:78:255:-891,3.419,0.058,-0.303,-577.881,-15.015,-171.021,1.373,60.765,-67.736
 14:56:06.496,eb:33:2e:f9:57:b5, 2085-97-146 24:208:255:1505,2.858,-0.079,0.619,-556.702,-161.377,-152.161,-6.91,59.507,-70.757
 14:56:06.496,eb:33:2e:f9:57:b5, 2085-97-207 21:11:255:2664,2.669,-0.125,0.997,-539.795,-279.602,-103.394,-13.744,57.008,-72.394
 14:56:06.524,eb:33:2e:f9:57:b5, 2085-97-109 21:49:01:3909,2.645,-0.026,1.608,-537.598,-353.333,-35.034,-18.616,53.619,-71.796
 14:56:06.524,eb:33:2e:f9:57:b5, 2085-97-152 20:15:04:4393,2.462,0.33,2.075,-530.762,-407.288,23.499,-22.286,50.032,-69.675
 14:56:06.524,eb:33:2e:f9:57:b5, 2085-97-247 18:222:06:4481,2.317,0.667,2.135,-512.634,-463.562,61.523,-24.988,46.088,-66.324
 14:56:06.524,eb:33:2e:f9:57:b5, 2085-97-73 18:40:11:5298,2.154,1.1,2.361,-489.868,-508.301,78.43,-27.274,42.001,-62.435
 14:56:06.556,eb:33:2e:f9:57:b5, 2085-97-05 15:180:15:5483,1.229,1.707,2.713,-464.539,-521.79,79.224,-29.339,37.689,-58.255
 14:56:06.556,eb:33:2e:f9:57:b5, 2085-97-73 05:86:13:4211,0.287,1.933,2.253,-425.232,-554.871,85.876,-31.377,33.519,-54.097
 14:56:06.556,eb:33:2e:f9:57:b5, 2085-97-156 255:178:10:5827,-0.44,1.502,2.339,-348.938,-632.568,108.643,-32.734,28.784,-49.356
 14:56:06.556,eb:33:2e:f9:57:b5, 2085-113-58 00:117:229:045,-0.849,1.261,3.227,-292.664,-633.972,150.391,-33.607,24.148,-44.253
 14:56:06.556,eb:33:2e:f9:57:b5, 2085-97-253 245:188:10:7523,-1.555,1.248,3.545,-272.888,-607.3,175.72,-33.959,21.874,-41.616
 14:56:06.617,eb:33:2e:f9:57:b5, 2085-97-247 242:215:17:8076,-1.642,1.705,3.773,-234.558,-541.321,233.643,-34.689,18.314,-36.403
 14:56:06.617,eb:33:2e:f9:57:b5, 2085-97-81 242:123:32:8496,-1.959,3.017,4.077,-191.528,-493.53,277.1,-35.266,15.436,-31.102
 14:56:06.617,eb:33:2e:f9:57:b5, 2085-97-142 237:207:52:9426,-2.646,5.295,4.295,-110.229,-481.689,292.419,-35.464,13.167,-25.807
 14:56:06.617,eb:33:2e:f9:57:b5, 2085-97-127 231:06:67:9582,-3.62,7.635,4.807,-24.963,-428.711,254.395,-34.991,10.844,-20.803
 14:56:06.647,eb:33:2e:f9:57:b5, 2085-97-115 223:63:72:8799,-4.229,8.853,4.464,-24.048,-311.34,178.284,-34.481,9.031,-16.897
 14:56:06.647,eb:33:2e:f9:57:b5, 2085-97-107 224:44:75:6664,-3.396,9.139,3.897,-68.115,-86.426,70.74,-34.618,7.998,-14.804
 14:56:06.647,eb:33:2e:f9:57:b5, 2085-97-125 233:130:78:3655,-2.232,9.759,2.601,-61.218,101.318,-85.388,-35.381,8.146,-15.079
 14:56:06.647,eb:33:2e:f9:57:b5, 2085-97-247 239:183:62:1051,-2.127,9.054,1.129,41.565,151.55,-266.418,-35.728,8.064,-17.452
 14:56:06.705,eb:33:2e:f9:57:b5, 2085-97-48 237:225:40:-101,-2.575,6.527,0.078,136.23,125.732,-370.911,-35.239,7.284,-21.039
 14:56:06.705,eb:33:2e:f9:57:b5, 2085-97-210 203:127:211:16233,-0.503,3.629,0.083,185.303,78.674,-373.596,-33.909,5.883,-24.78
 14:56:06.705,eb:33:2e:f9:57:b5, 2085-97-166 183:212:00:267,-1.405,5.084,-2.926,654.358,981.995,-364.502,-28.174,8.707,-28.867
 14:56:06.705,eb:33:2e:f9:57:b5, 2085-97-76 36:174:33:14092,1.527,-0.085,2.222,222.9,-517.09,125.671,-23.884,6.839,-29.449
 14:56:06.735,eb:33:2e:f9:57:b5, 2085-97-130 14:27:253:5485,-0.209,-0.527,2.81,25.696,-24.475,73.12,-22.588,4.603,-28.779
 14:56:06.735,eb:33:2e:f9:57:b5, 2085-97-147 242:02:00:-1701,-0.117,-0.288,1.21,90.576,45.105,66.833,-21.857,4.96,-27.757
 14:56:06.735,eb:33:2e:f9:57:b5, 2085-97-213 250:60:00:673,-1.741,0.191,0.632,75.623,-48.889,-2.93,-20.896,4.51,-27.4
 14:56:06.735,eb:33:2e:f9:57:b5, 2085-97-36 01:222:03:1476,1.09,0.082,-1.13,31.006,-124.451,-19.897,-20.242,3.851,-27.378
 14:56:06.886,eb:33:2e:f9:57:b5, 2085-97-94 04:232:00:3849,-0.035,0.425,2.021,2.991,-38.879,-29.541,-20.176,2.906,-27.328
 14:56:06.886,eb:33:2e:f9:57:b5, 2085-97-222 00:31:01:2221,-0.191,-0.079,1.192,27.588,-4.944,-10.742,-19.858,2.697,-27.51
 14:56:06.886,eb:33:2e:f9:57:b5, 2085-97-53 254:32:00:1738,-0.014,0.04,0.831,24.048,0.122,-14.893,-19.605,2.664,-27.68
 14:56:06.886,eb:33:2e:f9:57:b5, 2085-97-61 00:206:255:2662,0.265,0.015,1.115,24.841,-6.348,-11.23,-19.248,2.483,-27.801
 14:56:06.888,eb:33:2e:f9:57:b5, 2085-97-21 03:207:01:2800,0.282,0.161,1.408,35.889,21.729,-9.338,-18.935,2.505,-27.916
 14:56:06.888,eb:33:2e:f9:57:b5, 2085-97-153 255:39:255:3340,-0.374,0.127,1.413,37.842,69.214,-17.944,-18.452,2.867,-28.235
 14:56:06.888,eb:33:2e:f9:57:b5, 2085-97-20 253:89:253:5865,-0.134,-0.424,2.297,24.353,115.417,-2.686,-18.166,3.697,-28.691
 14:56:06.888,eb:33:2e:f9:57:b5, 2085-97-163 01:59:254:8692,1.121,-0.207,3.498,18.005,191.528,40.039,-17.869,5.136,-29.031
 14:56:06.945,eb:33:2e:f9:57:b5, 2085-97-118 11:228:00:10516,0.971,0.693,3.91,131.348,181.03,21.667,-17.26,7.306,-29.246
 14:56:06.945,eb:33:2e:f9:57:b5, 2085-97-178 11:19:251:10430,1.862,-0.687,5.265,236.694,285.095,13.245,-15.216,9.399,-29.822
 14:56:06.945,eb:33:2e:f9:57:b5, 2085-97-196 14:106:248:9549,1.897,-0.503,4.799,322.632,395.02,14.954,-12.524,12.87,-30.542
 14:56:06.945,eb:33:2e:f9:57:b5, 2085-97-14 17:68:244:8288,2.192,-1.364,4.542,406.677,511.169,13.367,-8.888,17.292,-31.251
 14:56:06.946,eb:33:2e:f9:57:b5, 2085-97-107 16:188:243:7499,1.438,-1.467,3.837,500.854,588.196,-13.367,-4.559,22.846,-31.97
 14:56:06.947,eb:33:2e:f9:57:b5, 2085-97-174 05:182:246:9909,0.653,-1.265,3.991,601.013,583.13,-50.72,0.895,28.674,-32.492
 14:56:06.947,eb:33:2e:f9:57:b5, 2085-97-176 08:54:01:11042,1.809,-0.786,5.34,706.299,475.22,-40.527,7.399,34.03,-32.651
 14:56:06.947,eb:33:2e:f9:57:b5, 2085-97-121 12:75:06:9438,1.187,0.605,5.53,830.75,261.963,-74.829,15.381,37.513,-32.503
 14:56:06.949,eb:33:2e:f9:57:b5, 2085-97-206 00:122:09:6601,-0.764,1.525,3.476,743.408,140.564,-148.132,23.187,39.468,-33.063
 14:56:06.949,eb:33:2e:f9:57:b5, 2085-97-80 241:69:228:9508,-1.531,-0.523,4.015,432.007,318.176,-158.02,28.592,42.001,-33.761
 14:56:06.949,eb:33:2e:f9:57:b5, 2085-97-08 252:166:253:2258,1.321,-3.629,6.39,222.9,742.92,148.376,34.2,46.478,-29.949
 14:56:06.949,eb:33:2e:f9:57:b5, 2085-97-145 22:133:11:9200,2.765,0.8,2.779,74.524,608.521,235.779,42.561,50.51,-20.803
 14:56:07.035,eb:33:2e:f9:57:b5, 2085-97-246 23:116:17:6102,3.215,2.057,3.33,92.59,458.984,176.88,50.24,52.762,-11.997
 14:56:07.035,eb:33:2e:f9:57:b5, 2085-97-214 25:252:14:4730,2.939,2.104,2.736,156.311,231.995,36.621,55.959,53.767,-6.487
 14:56:07.035,eb:33:2e:f9:57:b5, 2085-97-09 21:91:06:5041,2.334,1.422,2.051,172.668,32.898,-125.305,58.689,54.866,-5.262
 14:56:07.035,eb:33:2e:f9:57:b5, 2085-97-216 13:252:250:6878,1.465,0.122,3.128,113.281,-77.026,-244.507,58.217,56.168,-7.603
 14:56:07.037,eb:33:2e:f9:57:b5, 2085-97-197 09:194:241:8395,1.023,-1.209,3.811,-2.075,-113.892,-281.799,55.08,57.843,-12.008
 14:56:07.038,eb:33:2e:f9:57:b5, 2085-97-199 06:18:234:7964,0.79,-2.307,4.077,-144.836,-33.142,-254.395,50.68,59.392,-16.216
 14:56:07.038,eb:33:2e:f9:57:b5, 2085-97-176 06:131:232:6798,1.156,-2.972,3.671,-269.531,59.937,-177.429,46.274,61.122,-18.836
 14:56:07.038,eb:33:2e:f9:57:b5, 2085-97-192 13:01:239:5278,2.317,-2.6,2.937,-380.127,157.349,-98.999,42.786,62.688,-19.034
 14:56:07.096,eb:33:2e:f9:57:b5, 2085-97-110 21:47:245:2895,2.978,-1.667,2.13,-486.328,239.624,-61.646,40.001,64.72,-17.271
 14:56:07.096,eb:33:2e:f9:57:b5, 2085-97-170 25:229:248:-267,3.376,-1.088,0.624,-574.829,245.789,-65.125,37.095,66.868,-14.562
 14:56:07.096,eb:33:2e:f9:57:b5, 2085-97-23 28:95:250:-1902,3.673,-0.775,-0.739,-632.69,144.348,-99.976,32.135,68.972,-13.359
 14:56:07.096,eb:33:2e:f9:57:b5, 2085-97-143 29:175:250:-387,3.441,-0.622,-0.616,-649.109,-23.132,-142.334,23.461,69.796,-15.732
 14:56:07.096,eb:33:2e:f9:57:b5, 2085-97-09 25:231:247:1180,2.848,-0.787,0.15,-648.254,-168.091,-158.936,12.206,69.302,-20.841
 14:56:07.096,eb:33:2e:f9:57:b5, 2085-97-33 20:58:244:2856,2.203,-1.259,1.017,-648.254,-274.414,-128.54,1.527,66.989,-25.367
 14:56:07.096,eb:33:2e:f9:57:b5, 2085-97-248 15:205:244:4544,1.829,-1.533,1.759,-660.095,-335.388,-57.312,-6.713,63.853,-27.274
 14:56:07.096,eb:33:2e:f9:57:b5, 2085-97-167 14:205:248:6459,1.873,-1.202,2.61,-664.917,-370.789,28.381,-12.36,60.15,-26.142
 14:56:07.185,eb:33:2e:f9:57:b5, 2085-97-237 15:45:00:7558,2.039,-0.47,3.558,-651.611,-378.906,102.661,-16.326,56.667,-23.088
 14:56:07.185,eb:33:2e:f9:57:b5, 2085-97-93 16:80:06:7249,2.033,0.447,3.659,-637.695,-378.357,138.855,-19.369,53.251,-18.951
 14:56:07.185,eb:33:2e:f9:57:b5, 2085-97-251 15:122:11:7070,1.614,1.107,3.454,-613.525,-388.367,144.287,-22.203,50.186,-14.628
 14:56:07.185,eb:33:2e:f9:57:b5, 2085-97-150 10:181:13:5927,1.132,1.65,3.099,-570.374,-415.283,142.334,-24.851,46.906,-10.239
 14:56:07.333,eb:33:2e:f9:57:b5, 2085-97-249 06:95:15:6611,0.507,1.886,2.938,-484.802,-499.451,129.822,-26.823,43.347,-5.68
 14:56:07.333,eb:33:2e:f9:57:b5, 2085-97-206 00:101:15:8016,-0.322,1.901,3.556,-419.556,-542.358,124.329,-28.158,39.249,-0.945
 14:56:07.333,eb:33:2e:f9:57:b5, 2085-97-32 250:64:18:9282,-1.129,2.05,4.256,-393.25,-517.883,132.446,-29.383,35.178,3.631
 14:56:07.333,eb:33:2e:f9:57:b5, 2085-97-148 244:149:26:9743,-1.714,2.697,4.657,-379.456,-446.167,147.583,-30.855,31.723,7.976
 14:56:07.395,eb:33:2e:f9:57:b5, 2085-97-03 240:43:44:9567,-2.331,4.243,4.717,-344.482,-375.305,158.325,-32.481,29.097,11.904
 14:56:07.395,eb:33:2e:f9:57:b5, 2085-97-68 234:235:70:9078,-3.006,7.14,4.61,-241.272,-366.089,141.602,-33.695,26.884,15.606
 14:56:07.395,eb:33:2e:f9:57:b5, 2085-97-133 231:191:84:7755,-3.145,10.084,4.142,-56.03,-405.884,72.205,-33.662,24.263,18.924
 14:56:07.395,eb:33:2e:f9:57:b5, 2085-97-58 227:207:84:7249,-4.141,10.731,3.508,87.83,-418.152,-12.39,-32.333,20.72,21.577
 14:56:07.485,eb:33:2e:f9:57:b5, 2085-97-197 219:32:77:7133,-4.606,10.161,3.771,124.023,-315.186,-93.201,-30.646,17.183,23.088
 14:56:07.485,eb:33:2e:f9:57:b5, 2085-97-47 220:216:68:5428,-4.12,9.099,3.02,80.811,-67.078,-151.55,-29.674,14.81,22.857
 14:56:07.485,eb:33:2e:f9:57:b5, 2085-97-66 227:122:55:3638,-3.058,7.905,2.398,97.534,122.253,-212.158,-29.317,14.293,20.923
 14:56:07.485,eb:33:2e:f9:57:b5, 2085-97-234 234:155:37:957,-2.417,5.881,1.027,171.631,195.068,-257.629,-28.658,14.513,17.869
 14:56:07.545,eb:33:2e:f9:57:b5, 2085-97-114 237:163:17:-255,-2.24,3.44,0.035,244.385,159.18,-269.043,-27.367,14.848,14.496
 14:56:07.547,eb:33:2e:f9:57:b5, 2085-97-81 238:75:254:351,-6.912,1.064,0.003,289.795,127.93,-235.291,-25.323,14.815,11.514
 14:56:07.547,eb:33:2e:f9:57:b5, 2085-97-243 230:240:16:-9760,2.093,-7.585,8.85,773.865,481.079,-293.823,-21.083,14.573,8.514
 14:56:07.548,eb:33:2e:f9:57:b5, 2085-97-194 38:98:21:10199,3.679,3.901,-0.659,291.26,-435.852,-118.53,-17.551,13.398,5.142
 14:56:07.574,eb:33:2e:f9:57:b5, 2085-97-186 08:235:02:3169,-0.096,0.528,2.179,22.034,-101.99,87.341,-16.606,11.882,5.109
 14:56:07.574,eb:33:2e:f9:57:b5, 2085-97-07 242:38:253:-1156,-1.268,0.856,1.207,60.12,-14.526,28.381,-15.782,11.343,6.064
 14:56:07.574,eb:33:2e:f9:57:b5, 2085-97-04 244:40:253:-182,0.006,-0.255,0.064,37.598,-58.533,-17.639,-15.266,10.953,6.108
 14:56:07.574,eb:33:2e:f9:57:b5, 2085-97-240 12:203:06:4034,0.924,0.136,0.97,31.311,-111.816,-12.329,-14.782,9.734,6.284
 14:56:07.576,eb:33:2e:f9:57:b5, 2085-97-94 254:169:253:2080,-0.289,0.351,1.733,15.259,28.259,-28.198,-14.639,9.487,6.031
 14:56:07.576,eb:33:2e:f9:57:b5, 2085-97-201 251:207:254:1793,-0.375,-0.044,0.906,48.706,-45.105,-15.381,-14.2,9.185,5.922
 14:56:07.576,eb:33:2e:f9:57:b5, 2085-97-174 254:100:254:2578,-0.055,-0.132,1.023,56.946,-63.843,-14.038,-13.64,8.536,5.861
 14:56:07.576,eb:33:2e:f9:57:b5, 2085-97-127 251:155:247:5863,-1.057,-0.346,1.752,48.035,-24.353,25.757,-13.008,7.998,6.037
 14:56:07.603,eb:33:2e:f9:57:b5, 2085-97-247 02:156:02:5417,3.626,-1.604,4.441,66.833,126.526,150.146,-12.349,8.701,6.729
 14:56:07.603,eb:33:2e:f9:57:b5, 2085-97-95 30:52:244:7756,3.594,-1.14,4.304,438.171,621.765,-58.228,1.263,21.555,7.438
 14:56:07.603,eb:33:2e:f9:57:b5, 2085-97-04 26:226:248:8077,2.659,-1.614,3.522,528.931,799.805,-71.655,6.01,28.872,7.191
 14:56:07.603,eb:33:2e:f9:57:b5, 2085-97-217 10:12:05:8341,-0.216,-0.148,4.266,728.882,661.072,-145.813,12.541,36.425,7.377
 14:56:07.665,eb:33:2e:f9:57:b5, 2085-97-158 249:155:03:11659,3.011,1.66,4.72,903.809,116.333,-238.953,20.22,40.6,6.268
 14:56:07.665,eb:33:2e:f9:57:b5, 2085-97-04 26:189:12:9098,3.604,1.603,5.45,193.909,743.713,458.313,69.324,53.405,42.281
 14:56:07.665,eb:33:2e:f9:57:b5, 2085-97-164 31:66:22:4913,4.065,1.895,3.344,293.152,512.512,333.252,80.931,51.114,53.723
 14:56:07.665,eb:33:2e:f9:57:b5, 2085-97-119 30:04:28:3982,3.457,3.547,1.875,329.834,205.261,75.378,88.336,49.257,59.31
 14:56:07.665,eb:33:2e:f9:57:b5, 2085-97-223 24:126:11:6699,2.766,2.651,2.46,284.668,-46.387,-227.173,92.142,50.219,60.161
 14:56:07.665,eb:33:2e:f9:57:b5, 2085-97-153 20:20:251:8237,2.289,0.308,3.772,175.415,-147.705,-428.345,92.988,53.564,58.491
 14:56:07.665,eb:33:2e:f9:57:b5, 2085-97-08 16:240:238:8763,1.879,-1.442,4.059,33.142,-158.691,-515.137,91.956,58.491,56.003
 14:56:07.665,eb:33:2e:f9:57:b5, 2085-97-24 12:126:232:9353,1.295,-2.617,4.626,-101.074,-85.693,-508.728,89.308,63.715,53.454
 14:56:07.669,eb:33:2e:f9:57:b5, 2085-97-192 07:164:230:7989,1.02,-3.075,4.353,-203.674,14.526,-434.082,86.704,68.434,52.311
 14:56:07.669,eb:33:2e:f9:57:b5, 2085-97-197 09:80:230:7201,1.458,-3.242,3.78,-268.311,51.331,-337.769,84.413,72.263,52.449
 14:56:07.669,eb:33:2e:f9:57:b5, 2085-97-36 13:58:231:4877,1.801,-3.165,3.029,-334.412,109.985,-239.99,83.172,75.174,54.267
 14:56:07.669,eb:33:2e:f9:57:b5, 2085-97-97 15:61:234:1626,1.979,-2.94,1.635,-419.128,149.536,-147.705,84.045,77.195,59.073
 14:56:07.669,eb:33:2e:f9:57:b5, 2085-97-162 16:78:238:-1768,2.312,-2.427,-0.26,-534.546,112.305,-60.486,85.199,78.327,65.099
 14:56:07.669,eb:33:2e:f9:57:b5, 2085-97-88 20:130:240:-2723,2.702,-2.057,-1.245,-625.122,0.671,3.113,81.996,78.624,67.83
 14:56:07.670,eb:33:2e:f9:57:b5, 2085-97-153 22:133:244:-854,2.913,-1.734,-1.045,-659.363,-156.311,46.631,71.829,78.135,64.039
 14:56:07.670,eb:33:2e:f9:57:b5, 2085-97-51 23:24:251:2407,2.799,-1.048,0.399,-638.367,-280.518,69.763,57.222,76.586,55.739
 14:56:07.695,eb:33:2e:f9:57:b5, 2085-97-78 21:44:01:4671,2.501,-0.203,1.849,-606.75,-337.036,81.299,43.594,73.965,48.016
 14:56:07.695,eb:33:2e:f9:57:b5, 2085-113-81 00:47:155:-367,2.339,0.345,2.482,-585.693,-350.891,77.759,32.899,70.741,43.033
 14:56:07.695,eb:33:2e:f9:57:b5, 2085-97-155 17:207:03:5026,2.07,0.423,2.515,-580.872,-350.891,71.167,28.411,69.044,41.353
 14:56:07.695,eb:33:2e:f9:57:b5, 2085-97-145 15:174:05:4609,1.792,0.575,2.334,-581.787,-353.455,53.711,20.479,65.594,38.99
 14:56:07.724,eb:33:2e:f9:57:b5, 2085-97-56 13:158:06:4817,1.52,0.796,2.245,-583.618,-382.996,32.471,13.293,61.952,37.491
 14:56:07.724,eb:33:2e:f9:57:b5, 2085-97-85 09:255:06:5148,0.804,0.869,2.536,-575.989,-412.72,21.545,6.713,57.958,36.53
 14:56:07.724,eb:33:2e:f9:57:b5, 2085-97-122 04:163:07:5506,0.341,0.903,2.531,-550.11,-446.411,34.79,1.049,53.663,36.519
 14:56:07.724,eb:33:2e:f9:57:b5, 2085-97-08 01:133:08:6380,-0.065,0.991,2.917,-503.113,-477.905,62.256,-3.455,49.016,37.397
 14:56:07.755,eb:33:2e:f9:57:b5, 2085-97-21 254:15:12:6810,-0.369,1.22,3.26,-467.529,-464.722,100.708,-6.949,44.368,39.227
 14:56:07.755,eb:33:2e:f9:57:b5, 2085-97-75 252:57:19:6973,-0.537,1.922,3.362,-453.613,-431.885,135.01,-9.866,40.139,41.715
 14:56:07.755,eb:33:2e:f9:57:b5, 2085-97-52 251:203:28:6845,-0.661,2.958,3.405,-447.815,-400.94,150.33,-12.618,36.359,44.55
 14:56:07.755,eb:33:2e:f9:57:b5, 2085-97-18 249:208:40:6478,-1.144,4.298,3.251,-428.467,-383.85,146.362,-15.364,32.937,47.455
 14:56:07.875,eb:33:2e:f9:57:b5, 2085-97-61 244:70:55:6382,-1.782,6.003,3.096,-343.018,-402.588,125.732,-17.776,29.586,50.295
 14:56:07.875,eb:33:2e:f9:57:b5, 2085-97-112 239:62:64:7338,-2.486,7.622,3.276,-179.077,-446.594,89.417,-19.1,25.873,52.976
 14:56:07.875,eb:33:2e:f9:57:b5, 2085-97-69 233:127:65:8686,-3.109,8.166,4.028,-4.517,-432.556,46.875,-18.979,21.846,55.283
 14:56:07.875,eb:33:2e:f9:57:b5, 2085-97-202 230:206:66:7627,-2.95,8.268,4.15,68.665,-291.504,3.235,-18.051,18.474,56.766
 14:56:07.878,eb:33:2e:f9:57:b5, 2085-97-156 234:79:64:4287,-7.39,8.378,2.974,93.14,-104.248,-68.604,-17.249,16.381,56.975
 14:56:07.878,eb:33:2e:f9:57:b5, 2085-97-27 197:60:75:7790,-8.093,6.981,10.543,642.029,393.066,-21.912,-14.073,15.436,56.514
 14:56:07.878,eb:33:2e:f9:57:b5, 2085-97-161 205:179:43:-4620,4.758,10.708,3.543,766.541,240.662,-413.757,-6.537,19.649,53.35
 14:56:07.878,eb:33:2e:f9:57:b5, 2085-97-140 21:142:14:3988,-0.985,10.963,-0.67,-1.465,-231.689,-38.391,-3.4,16.501,53.926
 14:56:07.878,eb:33:2e:f9:57:b5, 2085-97-219 241:224:250:-3207,0.178,-6.122,0.91,79.407,-11.169,90.088,-3.378,17.194,53.273
 14:56:07.878,eb:33:2e:f9:57:b5, 2085-97-215 03:144:05:1358,0.197,0.397,2.549,79.346,-146.301,67.993,-2.318,15.716,54.739
 14:56:07.878,eb:33:2e:f9:57:b5, 2085-97-43 254:63:05:448,1.086,0.67,0.589,36.926,-21.362,-1.709,-1.758,14.963,54.981
 14:56:07.878,eb:33:2e:f9:57:b5, 2085-97-220 04:24:01:3420,0.226,0.656,1.655,11.047,10.315,-38.269,-1.609,14.628,54.789
 14:56:07.966,eb:33:2e:f9:57:b5, 2085-97-34 253:128:253:1773,-0.852,0.033,1.379,30.823,48.096,-33.203,-1.505,14.843,54.36
 14:56:07.966,eb:33:2e:f9:57:b5, 2085-97-69 254:140:00:1796,0.525,-0.279,0.259,25.085,-20.142,11.169,-1.236,15.079,54.283
 14:56:07.966,eb:33:2e:f9:57:b5, 2085-97-236 06:74:02:3645,0.272,0.319,1.335,25.818,-9.155,0.305,-0.978,14.623,54.393
 14:56:07.966,eb:33:2e:f9:57:b5, 2085-97-167 00:03:00:2450,-0.09,0.081,1.336,33.569,55.542,-3.174,-0.692,15.018,54.344
 14:56:07.968,eb:33:2e:f9:57:b5, 2085-97-215 00:58:00:2420,0.352,-0.034,1.051,41.199,47.18,8.972,-0.324,15.386,54.371
 14:56:07.968,eb:33:2e:f9:57:b5, 2085-97-146 254:46:02:5608,-0.333,0.207,1.441,60.364,34.851,12.146,0.17,15.826,54.509
 14:56:07.968,eb:33:2e:f9:57:b5, 2085-97-63 01:215:251:11342,0.385,-0.518,4.304,173.157,11.902,-18.127,1.357,15.826,54.443
 14:56:07.968,eb:33:2e:f9:57:b5, 2085-97-109 05:113:251:8756,0.781,-0.465,4.625,291.138,106.934,-11.719,3.658,16.562,54.316
 14:56:08.085,eb:33:2e:f9:57:b5, 2085-97-30 05:196:248:9507,0.767,-0.886,4.422,390.015,151.123,3.357,7.103,17.655,54.371
 14:56:08.085,eb:33:2e:f9:57:b5, 2085-97-109 09:211:242:10414,1.55,-1.281,4.928,497.742,209.656,-8.179,11.684,19.468,54.684
 14:56:08.085,eb:33:2e:f9:57:b5, 2085-97-139 16:235:239:9756,2.223,-1.757,4.822,624.512,276.001,-23.254,17.496,21.72,55.217
 14:56:08.085,eb:33:2e:f9:57:b5, 2085-97-168 14:225:233:9051,1.444,-2.638,4.572,758.728,376.221,-44.739,24.846,24.89,56.102
 14:56:08.085,eb:33:2e:f9:57:b5, 2085-97-30 12:152:240:13287,1.258,-2.482,5.274,870.422,466.309,-69.763,33.827,28.68,57.898
 14:56:08.115,eb:33:2e:f9:57:b5, 2085-113-81 00:228:150:-5995,0.344,-0.427,7.746,995.85,375.122,-99.365,44.478,32.651,60.408
 14:56:08.115,eb:33:2e:f9:57:b5, 2085-97-82 255:68:240:17149,-0.263,-0.518,9.351,1065.796,293.579,-96.863,50.103,33.882,61.397
 14:56:08.115,eb:33:2e:f9:57:b5, 2085-97-125 251:61:252:3036,0.391,-2.181,4.577,986.633,339.722,-10.864,62.303,36.112,64.138
 14:56:08.115,eb:33:2e:f9:57:b5, 2085-97-234 10:153:00:1805,1.404,0.695,1.228,743.591,191.04,-21.606,72.411,36.837,66.956
 14:56:08.115,eb:33:2e:f9:57:b5, 2085-97-207 03:195:238:2895,0.041,-0.943,0.396,381.47,228.455,-67.932,79.283,37.804,69.131
 14:56:08.115,eb:33:2e:f9:57:b5, 2085-97-119 01:215:255:-020,1.008,-1.369,2.078,213.928,415.894,-14.16,84.238,38.386,73.125
 14:56:08.115,eb:33:2e:f9:57:b5, 2085-97-05 12:181:09:7352,1.293,0.706,1.714,39.978,322.937,-1.038,88.297,38.677,77.695
 14:56:08.115,eb:33:2e:f9:57:b5, 2085-97-89 10:190:07:11190,1.337,1.354,4.364,30.884,237.183,-2.93,90.582,38.524,81.288
 14:56:08.145,eb:33:2e:f9:57:b5, 2085-97-62 10:101:254:10595,1.62,0.435,5.85,110.107,184.021,-5.31,92.922,38.524,83.82
 14:56:08.145,eb:33:2e:f9:57:b5, 2085-97-200 15:36:252:8242,2.012,-0.485,4.5,190.491,61.157,-31.128,95.515,38.6,85.413
 14:56:08.145,eb:33:2e:f9:57:b5, 2085-97-214 14:78:250:5838,1.6,-0.539,3.419,160.278,-18.555,-110.352,97.526,39.298,85.649
 14:56:08.145,eb:33:2e:f9:57:b5, 2085-97-75 11:47:246:5487,1.237,-0.954,2.537,43.701,-87.036,-194.092,98.251,40.946,85.21
 14:56:08.205,eb:33:2e:f9:57:b5, 2085-97-119 08:64:241:7497,0.835,-1.577,3.249,-90.82,-117.432,-243.103,97.24,43.314,84.111
 14:56:08.205,eb:33:2e:f9:57:b5, 2085-97-178 04:70:237:7991,0.381,-2.093,3.881,-154.48,-116.882,-250.549,95.059,45.928,82.87
 14:56:08.205,eb:33:2e:f9:57:b5, 2085-97-67 02:15:234:7294,0.253,-2.557,3.753,-187.439,-127.808,-224.06,92.175,48.384,81.249
 14:56:08.205,eb:33:2e:f9:57:b5, 2085-97-21 02:07:232:6077,0.303,-2.887,3.321,-241.882,-112.854,-175.415,88.605,50.383,79.371
 14:56:08.205,eb:33:2e:f9:57:b5, 2085-97-204 03:70:232:4215,0.651,-3.049,2.509,-331.421,-54.321,-112.915,84.595,51.757,77.871
 14:56:08.205,eb:33:2e:f9:57:b5, 2085-97-64 07:88:237:1934,1.194,-2.745,1.528,-445.679,30.518,-46.448,80.442,52.504,77.591
 14:56:08.205,eb:33:2e:f9:57:b5, 2085-97-220 10:187:243:154,1.51,-1.884,0.447,-547.058,65.796,-14.771,76.069,52.866,78.387
 14:56:08.205,eb:33:2e:f9:57:b5, 2085-97-149 13:62:247:336,1.792,-1.295,-0.003,-584.351,-3.662,-22.949,70.708,53.124,78.849
 14:56:08.265,eb:33:2e:f9:57:b5, 2085-97-95 14:245:249:1097,1.742,-0.908,0.369,-580.139,-102.295,-41.077,64.001,53.201,77.701
 14:56:08.265,eb:33:2e:f9:57:b5, 2085-97-87 13:116:250:1982,1.552,-0.681,0.703,-568.176,-209.473,-57.251,56.085,52.822,74.965
 14:56:08.265,eb:33:2e:f9:57:b5, 2085-97-221 10:120:248:3290,1.117,-0.794,1.293,-577.148,-295.044,-61.523,47.258,51.691,70.961
 14:56:08.265,eb:33:2e:f9:57:b5, 2085-97-60 07:242:246:4783,0.779,-1.074,1.938,-611.084,-339.539,-41.748,38.161,49.68,66.896
 14:56:08.295,eb:33:2e:f9:57:b5, 2085-97-206 05:63:249:6569,0.572,-1.055,2.789,-645.63,-341.003,-1.648,29.504,46.939,63.759
 14:56:08.295,eb:33:2e:f9:57:b5, 2085-97-57 03:148:254:6786,0.377,-0.578,3.373,-655.212,-320.19,44.678,21.731,43.874,62.034
 14:56:08.295,eb:33:2e:f9:57:b5, 2085-97-36 03:77:04:6713,0.378,0.197,3.299,-628.967,-332.642,81.116,14.936,40.594,61.496
 14:56:08.295,eb:33:2e:f9:57:b5, 2085-97-101 02:144:08:6429,0.193,0.803,3.24,-587.769,-351.562,110.229,9.064,37.035,61.809
 14:56:08.325,eb:33:2e:f9:57:b5, 2085-97-117 00:107:14:6726,-0.133,1.398,3.125,-550.842,-377.38,132.812,3.972,33.272,62.809
 14:56:08.325,eb:33:2e:f9:57:b5, 2085-97-103 252:102:23:8013,-0.735,2.286,3.566,-527.588,-393.494,152.466,-0.593,29.355,64.352
 14:56:08.325,eb:33:2e:f9:57:b5, 2085-97-231 247:63:33:8746,-1.269,3.49,4.164,-504.578,-379.578,172.485,-4.801,25.538,66.407
 14:56:08.325,eb:33:2e:f9:57:b5, 2085-97-86 244:175:47:8507,-1.646,4.98,4.234,-489.38,-338.745,184.692,-8.778,22.209,68.824
 14:56:08.384,eb:33:2e:f9:57:b5, 2085-97-108 241:228:65:7981,-2.07,7.056,4.001,-471.13,-309.937,172.913,-12.695,19.396,71.362
 14:56:08.384,eb:33:2e:f9:57:b5, 2085-97-81 237:207:85:8285,-2.54,9.501,4.01,-382.996,-313.904,115.723,-16.298,16.76,73.663
 14:56:08.384,eb:33:2e:f9:57:b5, 2085-97-97 235:101:89:8836,-2.693,11.332,4.028,-176.025,-340.881,3.845,-18.633,13.771,75.273
 14:56:08.384,eb:33:2e:f9:57:b5, 2085-97-88 233:50:82:8932,-2.783,10.831,4.531,19.348,-207.825,-112.122,-19.374,10.646,75.602
 14:56:08.415,eb:33:2e:f9:57:b5, 2085-97-92 234:169:67:6026,-2.598,9.412,3.851,116.455,22.827,-222.595,-18.803,9.289,74.196
 14:56:08.415,eb:33:2e:f9:57:b5, 2085-97-99 236:70:51:1956,-2.314,7.479,1.881,155.762,165.771,-282.959,-18.007,9.338,71.312
 14:56:08.415,eb:33:2e:f9:57:b5, 2085-97-93 238:02:32:7129,-0.908,5.253,0.183,188.538,148.438,-291.687,-16.842,10.052,67.978
 14:56:08.415,eb:33:2e:f9:57:b5, 2085-97-159 199:219:43:-5604,-5.127,6.497,0.278,810.669,506.775,-128.601,-11.931,11.651,65.786
 14:56:08.445,eb:33:2e:f9:57:b5, 2085-97-05 17:211:10:10833,1.353,6.257,5.563,733.093,-122.803,-335.876,-3.461,13.436,62.551
 14:56:08.445,eb:33:2e:f9:57:b5, 2085-97-11 226:145:241:-8576,-1.034,3.092,7.675,97.229,530.518,-208.008,-1.263,13.793,61.716
 14:56:08.445,eb:33:2e:f9:57:b5, 2085-97-176 246:14:250:2169,-1.141,0.247,-1.761,90.515,-135.803,28.32,-0.461,15.244,61.804
 14:56:08.445,eb:33:2e:f9:57:b5, 2085-97-14 255:168:03:1462,1.364,0.287,-1.059,15.564,-123.169,116.882,0.291,14.172,62.721
 14:56:08.535,eb:33:2e:f9:57:b5, 2085-97-38 16:15:09:5162,0.204,0.944,1.477,10.559,-81.055,23.804,0.643,12.832,63.413
 14:56:08.535,eb:33:2e:f9:57:b5, 2085-97-147 253:148:254:1982,-0.007,0.157,1.137,13.428,84.351,-49.133,0.659,13.167,63.138
 14:56:08.535,eb:33:2e:f9:57:b5, 2085-97-64 00:153:00:2045,-0.318,-0.002,1.336,33.875,52.002,-31.921,0.846,13.651,62.737
 14:56:08.535,eb:33:2e:f9:57:b5, 2085-97-143 249:225:254:480,-0.008,-0.195,0.855,22.4,55.969,-7.141,1.038,14.068,62.512
 14:56:08.537,eb:33:2e:f9:57:b5, 2085-97-65 06:92:02:3797,0.803,0.09,1.082,23.438,-23.438,3.235,1.258,14.062,62.556
 14:56:08.537,eb:33:2e:f9:57:b5, 2085-97-209 05:169:02:3320,0.2,0.392,1.737,26.733,65.247,-19.226,1.467,14.172,62.501
 14:56:08.537,eb:33:2e:f9:57:b5, 2085-97-146 253:19:253:9504,-0.608,0.149,2.386,86.06,29.236,-51.453,1.862,14.766,62.188
 14:56:08.537,eb:33:2e:f9:57:b5, 2085-97-124 251:108:246:9998,-0.202,-0.967,5.701,223.389,123.657,-55.176,3.296,15.227,61.589
 14:56:08.566,eb:33:2e:f9:57:b5, 2085-97-150 02:36:249:7256,0.261,-1.062,3.942,346.802,156.555,0.305,6.213,16.732,61.458
 14:56:08.567,eb:33:2e:f9:57:b5, 2085-97-193 01:148:246:9461,0.529,-0.767,3.529,413.269,140.625,43.884,10.195,18.034,62.051
 14:56:08.567,eb:33:2e:f9:57:b5, 2085-97-223 07:185:241:11503,1.462,-1.509,5.591,552.124,151.245,37.781,15.298,19.226,62.765
 14:56:08.567,eb:33:2e:f9:57:b5, 2085-97-253 15:206:237:9488,2.131,-2.004,5.134,682.861,248.535,27.527,21.868,20.814,63.792
 14:56:08.626,eb:33:2e:f9:57:b5, 2085-97-224 11:51:243:10373,0.776,-2.11,4.274,815.43,350.22,-10.62,29.971,23.632,65.424
 14:56:08.626,eb:33:2e:f9:57:b5, 2085-97-160 255:155:250:19440,-0.47,-1.419,7.439,997.62,267.761,-52.673,39.661,26.23,67.022
 14:56:08.626,eb:33:2e:f9:57:b5, 2085-97-04 01:64:241:11921,-0.276,-0.828,8.882,1108.215,153.748,-60.974,50.905,28.021,68.016
 14:56:08.627,eb:33:2e:f9:57:b5, 2085-97-64 252:168:14:-220,0.491,-0.291,1.42,926.208,122.009,-3.906,61.705,28.894,69.461
 14:56:08.656,eb:33:2e:f9:57:b5, 2085-97-150 08:86:08:1606,1.297,1.822,0.895,662.537,-62.988,-80.444,69.461,29.284,69.066
 14:56:08.656,eb:33:2e:f9:57:b5, 2085-97-59 06:246:255:3156,0.481,0.493,0.351,336.06,70.435,-180.42,73.872,30.273,68.555
 14:56:08.656,eb:33:2e:f9:57:b5, 2085-97-234 02:218:06:3063,0.686,0.164,1.688,198.425,298.279,-215.698,77.338,32.811,70.23
 14:56:08.656,eb:33:2e:f9:57:b5, 2085-97-182 06:11:08:8832,1.154,0.803,3.503,71.716,362.854,-222.839,80.288,35.48,73.641
 14:56:08.686,eb:33:2e:f9:57:b5, 2085-97-08 10:111:06:10431,1.278,1.147,4.914,112.427,262.329,-209.839,83.249,38.062,77.124
 14:56:08.686,eb:33:2e:f9:57:b5, 2085-97-24 11:247:250:9172,1.346,0.018,4.833,170.105,200.623,-203.613,86.155,40.139,79.667
 14:56:08.686,eb:33:2e:f9:57:b5, 2085-113-81 00:183:170:-10764,1.303,-0.838,4.046,180.481,162.17,-184.998,89.484,42.133,81.947
 14:56:08.686,eb:33:2e:f9:57:b5, 2085-97-130 09:51:246:7556,1.033,-0.997,3.849,169.739,135.803,-177.551,91.027,43.033,82.936
 14:56:08.774,eb:33:2e:f9:57:b5, 2085-97-184 06:150:241:6892,0.664,-1.478,3.503,126.648,86.304,-159.729,93.318,44.495,84.37
 14:56:08.774,eb:33:2e:f9:57:b5, 2085-97-99 05:255:238:6402,0.742,-1.997,3.059,73.914,41.748,-124.756,95.032,45.846,85.375
 14:56:08.774,eb:33:2e:f9:57:b5, 2085-97-59 06:228:239:6712,0.795,-2.093,3.222,25.024,8.606,-99.487,95.488,46.747,85.616
 14:56:08.774,eb:33:2e:f9:57:b5, 2085-97-50 06:218:240:6356,0.801,-1.93,3.238,-25.391,-2.747,-89.111,95.57,47.675,85.704
 14:56:08.776,eb:33:2e:f9:57:b5, 2085-97-14 07:107:240:6155,0.996,-1.905,3.026,-72.083,-5.371,-82.642,95.081,48.532,85.754
 14:56:08.776,eb:33:2e:f9:57:b5, 2085-97-44 09:105:239:5839,1.166,-2.013,2.963,-96.741,3.296,-78.003,94.257,49.329,85.781
 14:56:08.776,eb:33:2e:f9:57:b5, 2085-97-240 08:177:237:4089,1.089,-2.166,2.472,-104.492,9.399,-71.899,93.428,50.07,86.034
 14:56:08.776,eb:33:2e:f9:57:b5, 2085-97-209 07:215:233:2717,0.87,-2.5,1.685,-112.488,-48.096,-62.622,92.159,50.757,85.726
 14:56:08.807,eb:33:2e:f9:57:b5, 2085-97-99 07:93:231:1439,0.811,-2.973,0.987,-147.034,-130.554,-36.011,89.736,51.268,84.271
 14:56:08.807,eb:33:2e:f9:57:b5, 2085-97-169 06:224:229:-704,1.181,-3.212,0.253,-242.31,-162.231,17.334,85.869,51.306,81.727
 14:56:08.807,eb:33:2e:f9:57:b5, 2085-97-76 11:08:235:-2572,1.498,-3.006,-0.897,-412.231,-131.348,76.416,80.804,50.614,79.481
 14:56:08.807,eb:33:2e:f9:57:b5, 2085-97-77 14:103:237:349,2.024,-2.486,-0.785,-557.556,-174.011,93.384,74.35,49.449,77.542
 14:56:08.866,eb:33:2e:f9:57:b5, 2085-97-96 17:59:243:2507,2.218,-2.015,0.869,-603.882,-232.788,81.848,66.572,47.911,75.037
 14:56:08.866,eb:33:2e:f9:57:b5, 2085-97-93 17:194:248:3457,2.04,-1.194,1.444,-598.45,-303.528,53.772,58.31,46.055,71.922
 14:56:08.866,eb:33:2e:f9:57:b5, 2085-97-147 15:226:250:4898,1.879,-0.727,2.04,-580.2,-372.131,8.179,49.845,43.797,68.275
 14:56:08.867,eb:33:2e:f9:57:b5, 2085-97-20 14:05:252:6139,1.525,-0.556,2.747,-568.909,-407.532,-37.231,41.418,41.155,64.297
 14:56:08.894,eb:33:2e:f9:57:b5, 2085-97-109 10:92:251:7063,1.034,-0.533,3.142,-565.674,-433.838,-77.759,33.239,38.167,60.348
 14:56:08.894,eb:33:2e:f9:57:b5, 2085-97-110 05:252:250:7877,0.307,-0.607,3.729,-581.238,-426.208,-96.985,25.351,34.838,56.722
 14:56:08.894,eb:33:2e:f9:57:b5, 2085-97-186 00:01:252:8267,-0.053,-0.604,3.866,-601.99,-397.644,-87.83,17.858,31.366,53.877
 14:56:08.894,eb:33:2e:f9:57:b5, 2085-97-87 254:44:255:8647,-0.389,-0.32,4.2,-611.694,-362.915,-57.068,10.833,27.889,51.993
 14:56:08.925,eb:33:2e:f9:57:b5, 2085-97-105 251:163:02:7956,-0.767,0.113,4.089,-608.948,-361.755,-17.09,4.318,24.395,51.07
 14:56:08.925,eb:33:2e:f9:57:b5, 2085-97-84 248:208:06:8184,-1.138,0.554,3.799,-605.53,-402.405,36.072,-1.741,20.577,51.097
 14:56:08.925,eb:33:2e:f9:57:b5, 2085-97-130 245:208:15:10258,-1.503,1.297,4.463,-595.703,-432.007,102.722,-7.41,16.441,52.213
 14:56:08.925,eb:33:2e:f9:57:b5, 2085-97-59 242:35:30:11748,-1.927,2.81,5.461,-562.134,-434.57,157.898,-12.678,12.404,54.371
 14:56:08.986,eb:33:2e:f9:57:b5, 2085-97-115 238:39:48:12421,-2.571,4.831,5.89,-513.367,-428.65,183.167,-17.512,8.696,57.228
 14:56:08.986,eb:33:2e:f9:57:b5, 2085-97-154 230:50:72:13581,-4.006,7.373,6.425,-446.106,-417.786,177.368,-21.945,5.317,60.403
 14:56:08.986,eb:33:2e:f9:57:b5, 2085-97-202 220:04:86:13172,-4.363,10.421,6.462,-255.859,-400.94,118.408,-25.285,2.186,63.43
 14:56:08.986,eb:33:2e:f9:57:b5, 2085-97-31 224:73:87:11913,-3.352,10.74,6.216,-34.851,-243.103,48.645,-26.521,-0.439,65.594
 14:56:09.015,eb:33:2e:f9:57:b5, 2085-97-205 233:160:84:7312,-2.39,10.879,4.931,69.397,26.855,-48.523,-26.351,-1.555,66.011
 14:56:09.015,eb:33:2e:f9:57:b5, 2085-97-241 237:28:72:3639,-2.319,9.91,2.477,97.351,158.997,-157.104,-25.455,-0.994,64.506
 14:56:09.015,eb:33:2e:f9:57:b5, 2085-97-198 236:11:57:2712,-2.344,8.11,1.401,143.921,131.287,-211.243,-24.307,-0.654,62.133
 14:56:09.015,eb:33:2e:f9:57:b5, 2085-97-190 239:212:32:3402,2.272,5.873,1.482,246.399,62.256,-202.393,-22.319,-0.676,59.771
 14:56:09.044,eb:33:2e:f9:57:b5, 2085-97-189 14:70:27:-2463,0.112,0.201,6.484,652.466,-57.007,-207.764,-18.523,-1.555,57.805
 14:56:09.044,eb:33:2e:f9:57:b5, 2085-97-187 235:81:43:3043,2.891,-3.203,3.108,810.974,794.739,174.744,-11.063,5.422,58.035
 14:56:09.044,eb:33:2e:f9:57:b5, 2085-97-11 01:156:25:16565,-9.055,1.719,5.833,270.874,240.112,82.825,-6.075,9.086,56.536
 14:56:09.044,eb:33:2e:f9:57:b5, 2085-97-116 237:61:255:-2068,-3.885,-2.016,-8.588,75.745,274.414,-14.038,-5.229,16.732,54.778
 14:56:09.106,eb:33:2e:f9:57:b5, 2085-97-231 227:136:255:-9252,1.929,-2.181,-2.663,85.815,-163.33,87.097,-4.065,15.677,55.058
 14:56:09.106,eb:33:2e:f9:57:b5, 2085-97-33 23:244:05:8288,1.156,0.642,3.007,32.593,-412.842,71.228,-3.373,11.321,56.343
 14:56:09.106,eb:33:2e:f9:57:b5, 2085-97-145 10:203:04:4715,0.614,0.984,1.712,12.939,-40.466,2.563,-3.12,9.888,57.008
 14:56:09.106,eb:33:2e:f9:57:b5, 2085-97-141 254:226:01:1837,-0.278,-0.072,2.124,39.185,110.718,-51.453,-2.944,10.355,56.541
 14:56:09.135,eb:33:2e:f9:57:b5, 2085-97-187 248:251:251:1383,-1.387,-0.23,1.066,42.847,104.248,-53.345,-2.626,11.201,55.882
 14:56:09.135,eb:33:2e:f9:57:b5, 2085-97-30 251:219:255:1399,0.601,-0.322,-0.344,20.386,-3.54,33.325,-2.307,11.799,55.767
 14:56:09.135,eb:33:2e:f9:57:b5, 2085-97-232 04:110:02:3345,0.392,0.135,2.301,18.005,38.818,36.316,-2.005,11.376,56.184
 14:56:09.135,eb:33:2e:f9:57:b5, 2085-97-42 04:174:02:4844,-1.039,0.236,1.455,18.433,53.406,35.034,-1.835,12.167,56.47
 14:56:09.165,eb:33:2e:f9:57:b5, 2085-97-94 246:156:239:15592,-0.377,-1.386,6.61,185.547,15.015,7.629,-0.797,11.86,56.514
 14:56:09.165,eb:33:2e:f9:57:b5, 2085-97-154 02:189:248:9546,0.159,-1.285,5.045,369.202,127.197,74.829,2.192,13.123,57.134
 14:56:09.165,eb:33:2e:f9:57:b5, 2085-97-190 01:111:241:11022,0.597,-1.282,5.116,494.263,112.183,64.819,6.812,13.958,57.931
 14:56:09.165,eb:33:2e:f9:57:b5, 2085-97-70 09:168:239:9782,1.611,-1.936,5.057,619.263,155.945,75.317,12.673,15.222,58.931
 14:56:09.225,eb:33:2e:f9:57:b5, 2085-97-195 14:01:236:9921,1.562,-2.279,4.64,752.991,208.191,45.41,19.896,16.573,60.112
 14:56:09.225,eb:33:2e:f9:57:b5, 2085-97-39 09:06:243:11116,0.885,-2.131,4.673,906.86,314.758,8.484,28.696,18.973,61.567
 14:56:09.225,eb:33:2e:f9:57:b5, 2085-97-104 04:136:01:16637,0.874,-0.666,6.902,1038.94,259.705,-37.17,38.985,21.429,63.325
 14:56:09.225,eb:33:2e:f9:57:b5, 2085-97-175 254:132:248:8637,-1.22,-0.751,7.394,1151.367,89.905,-95.703,50.323,23.011,63.743
 14:56:09.284,eb:33:2e:f9:57:b5, 2085-97-227 247:111:08:3543,0.278,-0.038,2.081,951.111,-60.608,-86.792,60.699,23.615,63.292
 14:56:09.284,eb:33:2e:f9:57:b5, 2085-97-116 05:154:253:3509,0.481,0.865,1.833,574.219,-20.203,-153.259,67.703,24.329,61.99
 14:56:09.284,eb:33:2e:f9:57:b5, 2085-97-02 01:105:252:5907,-0.004,-0.706,2.262,247.864,298.828,-156.311,71.757,26.136,62.891
 14:56:09.284,eb:33:2e:f9:57:b5, 2085-97-20 02:35:10:6602,0.667,0.688,1.992,131.409,494.629,-126.282,75.586,28.658,67.181
 14:56:09.288,eb:33:2e:f9:57:b5, 2085-97-03 08:20:12:12307,1.128,1.565,4.941,104.004,408.569,-83.74,78.865,30.52,72.087
 14:56:09.288,eb:33:2e:f9:57:b5, 2085-97-132 08:234:00:11828,1.141,0.932,6.31,212.646,276.245,-56.58,82.343,31.712,75.602
 14:56:09.288,eb:33:2e:f9:57:b5, 2085-97-241 10:241:246:10257,1.5,-0.653,5.255,273.926,219.482,-38.452,86.171,32.25,78.36
 14:56:09.288,eb:33:2e:f9:57:b5, 2085-97-169 12:136:241:9776,1.492,-1.505,4.931,261.963,178.955,-26.794,90.132,32.624,80.607
 14:56:09.345,eb:33:2e:f9:57:b5, 2085-97-53 11:153:236:7025,1.471,-2.147,4.193,193.848,149.048,-26.611,93.235,32.673,82.485
 14:56:09.345,eb:33:2e:f9:57:b5, 2085-97-113 12:96:237:4747,1.661,-2.504,2.754,99.182,82.581,-33.752,95.438,32.882,83.859
 14:56:09.345,eb:33:2e:f9:57:b5, 2085-97-84 13:140:240:5016,1.396,-2.112,2.277,5.127,-11.047,-75.256,95.85,33.239,84.139
 14:56:09.345,eb:33:2e:f9:57:b5, 2085-97-165 08:15:239:6478,0.792,-1.953,2.668,-61.401,-92.529,-118.164,95.208,34.294,83.568
 14:56:09.376,eb:33:2e:f9:57:b5, 2085-97-189 04:130:233:8065,0.377,-2.424,3.662,-95.52,-157.959,-140.808,93.263,35.568,81.936
 14:56:09.376,eb:33:2e:f9:57:b5, 2085-97-53 02:52:228:7002,0.389,-3.192,3.766,-139.099,-153.992,-132.141,90.945,37.013,79.969
 14:56:09.376,eb:33:2e:f9:57:b5, 2085-97-165 04:254:226:5304,0.784,-3.62,2.993,-227.295,-98.083,-93.811,88.121,38.15,78.3
 14:56:09.376,eb:33:2e:f9:57:b5, 2085-97-171 07:252:229:3058,1.097,-3.507,2.087,-341.187,-7.874,-45.593,84.825,38.798,77.591
 14:56:09.464,eb:33:2e:f9:57:b5, 2085-97-176 10:172:234:582,1.745,-2.963,0.851,-457.764,27.405,-11.353,80.892,39.067,77.8
 14:56:09.464,eb:33:2e:f9:57:b5, 2085-97-193 16:62:241:-905,2.213,-2.235,-0.234,-556.763,-17.639,-12.39,75.806,39.161,77.833
 14:56:09.464,eb:33:2e:f9:57:b5, 2085-97-119 17:213:242:007,2.132,-1.665,-0.41,-615.967,-143.616,-43.884,69.17,39.188,76.734
 14:56:09.464,eb:33:2e:f9:57:b5, 2085-97-150 16:96:244:2459,1.952,-1.603,0.611,-623.23,-291.809,-75.928,61.062,38.782,73.702
 14:56:09.466,eb:33:2e:f9:57:b5, 2085-97-37 14:96:246:4639,1.592,-1.29,1.725,-615.356,-404.846,-102.661,52.13,37.562,69.269
 14:56:09.466,eb:33:2e:f9:57:b5, 2085-97-76 11:171:246:6990,1.175,-1.174,2.866,-616.028,-467.224,-125.061,42.984,35.409,64.171
 14:56:09.466,eb:33:2e:f9:57:b5, 2085-97-138 07:219:246:8819,0.665,-1.18,3.881,-628.845,-482.178,-137.39,34.047,32.487,59.321
 14:56:09.466,eb:33:2e:f9:57:b5, 2085-97-163 02:06:248:9232,0.054,-1.061,4.523,-653.809,-452.637,-132.446,25.532,29.119,55.173
 14:56:09.497,eb:33:2e:f9:57:b5, 2085-97-245 254:27:251:9235,-0.335,-0.832,4.449,-674.438,-422.668,-105.225,17.463,25.51,52.13
 14:56:09.497,eb:33:2e:f9:57:b5, 2085-97-195 251:236:254:9260,-0.726,-0.366,4.507,-673.889,-408.63,-59.753,9.926,21.698,50.142
 14:56:09.497,eb:33:2e:f9:57:b5, 2085-97-152 248:11:03:9259,-1.133,0.109,4.502,-651.55,-414.49,-0.61,3.027,17.661,49.351
 14:56:09.497,eb:33:2e:f9:57:b5, 2085-97-50 245:06:09:9993,-1.559,0.708,4.641,-623.23,-430.786,73.242,-3.23,13.436,49.768
 14:56:09.583,eb:33:2e:f9:57:b5, 2085-97-252 241:254:18:11294,-1.888,1.663,5.224,-582.703,-444.031,150.146,-8.937,9.201,51.422
 14:56:09.583,eb:33:2e:f9:57:b5, 2085-97-54 240:126:36:11974,-2.059,3.32,5.708,-530.396,-439.453,214.478,-14.145,5.246,54.163
 14:56:09.583,eb:33:2e:f9:57:b5, 2085-97-92 238:115:60:12347,-2.412,6.015,5.98,-457.947,-435.486,242.615,-18.88,1.736,57.656
 14:56:09.583,eb:33:2e:f9:57:b5, 2085-97-01 234:135:84:11379,-3.052,9.058,5.858,-341.797,-438.354,214.844,-22.846,-1.522,61.386
 14:56:09.587,eb:33:2e:f9:57:b5, 2085-97-115 229:45:91:10576,-3.47,11.181,5.391,-168.274,-408.508,134.094,-25.505,-4.719,64.715
 14:56:09.587,eb:33:2e:f9:57:b5, 2085-97-01 228:83:90:8786,-3.457,11.417,4.832,8.301,-277.222,54.749,-26.433,-7.432,67.126
 14:56:09.587,eb:33:2e:f9:57:b5, 2085-97-29 229:73:79:5694,-3.205,10.76,3.541,115.54,-91.919,-30.457,-25.955,-9.196,68
 14:56:09.587,eb:33:2e:f9:57:b5, 2085-97-23 225:150:68:21623,-4.137,8.769,2.414,143.799,52.124,-92.102,-24.521,-9.542,67.495
 14:56:09.587,eb:33:2e:f9:57:b5, 2085-113-81 00:120:149:3795,-1.941,9.884,0.307,565.552,512.268,-157.288,-20.012,-6.476,65.479
 14:56:09.616,eb:33:2e:f9:57:b5, 2085-97-84 242:98:42:3782,-6.822,6.222,0.911,616.882,655.396,-67.566,-16.913,-3.675,63.984
 14:56:09.616,eb:33:2e:f9:57:b5, 2085-97-39 204:159:66:3791,2.863,9.22,5.188,872.559,657.288,-116.333,-9.229,4.296,62.474
 14:56:09.616,eb:33:2e:f9:57:b5, 2085-97-96 16:246:37:11619,-2.233,-0.091,6.249,164.307,249.878,269.714,-3.79,5.609,60.749
 14:56:09.616,eb:33:2e:f9:57:b5, 2085-97-180 204:122:255:-14502,-1.799,-1.321,-2.475,0.244,689.087,43.701,-2.818,10.997,59.843
 14:56:09.675,eb:33:2e:f9:57:b5, 2085-97-216 237:205:253:-4124,0.236,-0.794,-1.51,59.021,-166.077,60.608,-1.989,11.404,59.865
 14:56:09.675,eb:33:2e:f9:57:b5, 2085-97-186 12:20:06:5008,2.109,0.077,1.698,14.404,-266.785,95.52,-1.527,8.564,61.013
 14:56:09.675,eb:33:2e:f9:57:b5, 2085-97-196 07:221:05:3481,-0.212,0.868,3.357,30.273,20.935,-6.775,-1.313,7.449,61.507
 14:56:09.675,eb:33:2e:f9:57:b5, 2085-97-171 244:153:252:-640,-0.667,-0.069,0.842,29.846,105.591,-50.11,-1.038,8.251,61.068
 14:56:09.705,eb:33:2e:f9:57:b5, 2085-97-56 06:78:02:4864,0,-0.113,0.695,21.729,-36.621,0.671,-0.851,8.427,60.93
 14:56:09.705,eb:33:2e:f9:57:b5, 2085-97-24 252:162:254:1619,-0.579,0.174,1.129,17.456,93.567,-13.794,-0.643,8.882,60.875
 14:56:09.705,eb:33:2e:f9:57:b5, 2085-97-36 02:89:02:2429,1.446,0.045,0.241,-0.977,39.795,17.334,-0.538,9.597,60.936
 14:56:09.705,eb:33:2e:f9:57:b5, 2085-97-120 11:168:06:4036,-0.643,0.804,1.851,-8.179,82.581,-16.663,-0.538,9.855,61.029
 14:56:09.734,eb:33:2e:f9:57:b5, 2085-97-155 238:100:244:11868,-1.001,-0.218,3.681,70.557,104.675,-77.637,-0.483,10.898,60.485
 14:56:09.734,eb:33:2e:f9:57:b5, 2085-97-164 255:14:246:10804,-0.149,-1.555,6.678,289.124,141.357,-31.616,1.467,11.596,60.002
 14:56:09.734,eb:33:2e:f9:57:b5, 2085-97-147 01:173:248:5515,-0.039,-1.035,3.174,367.432,197.144,50.476,4.883,13.629,60.287
 14:56:09.734,eb:33:2e:f9:57:b5, 2085-97-223 254:215:245:9845,0.434,-0.906,3.336,421.143,133.972,92.896,9.124,14.996,61.381
 14:56:09.795,eb:33:2e:f9:57:b5, 2085-97-67 08:255:237:12362,1.811,-1.885,5.955,567.871,131.348,73.486,14.37,15.925,62.446
 14:56:09.795,eb:33:2e:f9:57:b5, 2085-97-199 18:83:236:10706,2.312,-2.624,5.94,723.45,276.245,62.378,21.286,17.43,63.792
 14:56:09.795,eb:33:2e:f9:57:b5, 2085-97-203 10:170:244:10597,0.396,-2.015,4.658,887.512,393.188,12.939,30.048,20.446,65.786
 14:56:09.795,eb:33:2e:f9:57:b5, 2085-97-103 255:192:253:18672,-0.152,-0.418,7.59,1072.632,218.567,-63.477,40.512,23.082,67.555
 14:56:09.825,eb:33:2e:f9:57:b5, 2085-97-228 254:124:252:5528,-0.201,-0.846,6.92,1128.967,103.394,-34.607,52.042,24.445,68.121
 14:56:09.825,eb:33:2e:f9:57:b5, 2085-97-251 255:251:13:-2408,0.416,1.062,-0.774,840.271,-56.946,-72.632,61.935,24.928,68.258
 14:56:09.825,eb:33:2e:f9:57:b5, 2085-97-47 01:199:252:2100,-0.533,0.918,0.2,446.411,-148.193,-172.485,67.264,25.384,66.006
 14:56:09.825,eb:33:2e:f9:57:b5, 2085-97-124 249:136:01:3983,-0.786,-0.592,2.304,195.618,195.19,-180.359,69.818,27.043,65.566
 14:56:09.856,eb:33:2e:f9:57:b5, 2085-97-210 251:79:08:9586,0.033,0.979,2.527,53.589,377.808,-146.973,72.328,29.553,68.307
 14:56:09.856,eb:33:2e:f9:57:b5, 2085-97-64 05:195:09:13053,0.968,1.321,5.921,88.318,390.564,-85.938,74.866,31.586,72.372
 14:56:09.856,eb:33:2e:f9:57:b5, 2085-97-63 09:12:00:10047,1.404,0.688,5.86,196.167,362.366,-42.114,78.585,33.041,76.481
 14:56:09.856,eb:33:2e:f9:57:b5, 2085-97-30 12:224:252:6823,1.482,-0.319,4.002,244.263,275.635,-8.362,82.766,33.624,80.151
 14:56:09.976,eb:33:2e:f9:57:b5, 2085-97-114 11:119:248:7171,1.347,-0.525,3.126,216.431,153.076,-10.559,86.484,33.882,82.579
 14:56:09.976,eb:33:2e:f9:57:b5, 2085-97-91 09:98:241:9186,0.981,-1.339,4.112,147.827,104.065,-18.555,88.846,33.942,83.875
 14:56:09.976,eb:33:2e:f9:57:b5, 2085-97-205 07:212:237:7083,1.35,-2.183,4.189,86.731,112.244,-8.423,90.67,34.091,85.1
 14:56:09.976,eb:33:2e:f9:57:b5, 2085-97-103 12:143:240:6338,1.552,-2.199,3.384,59.692,74.89,-13.733,91.769,34.03,86.105
 14:56:10.004,eb:33:2e:f9:57:b5, 2085-97-130 11:06:243:5150,1.306,-1.711,2.753,33.936,15.991,-52.856,92.543,34.349,86.6
 14:56:10.004,eb:33:2e:f9:57:b5, 2085-97-88 09:89:241:5404,1.085,-1.691,2.529,-12.207,-43.396,-93.689,92.28,34.997,86.27
 14:56:10.004,eb:33:2e:f9:57:b5, 2085-97-04 08:64:240:5446,0.951,-1.922,2.722,-61.829,-57.19,-118.347,91.516,36.112,85.594
 14:56:10.004,eb:33:2e:f9:57:b5, 2085-97-154 06:82:239:5047,0.606,-2.005,2.615,-100.891,-50.659,-125.244,90.005,37.227,84.771
 14:56:10.007,eb:33:2e:f9:57:b5, 2085-97-244 03:181:236:4240,0.479,-2.188,2.204,-125.732,-65.979,-113.159,88.423,38.419,84.023
 14:56:10.007,eb:33:2e:f9:57:b5, 2085-97-173 03:141:232:3427,0.455,-2.729,1.981,-153.931,-98.328,-80.994,86.017,39.232,82.678
 14:56:10.007,eb:33:2e:f9:57:b5, 2085-97-16 04:174:232:1955,0.623,-2.966,1.283,-217.773,-115.662,-28.137,83.238,39.661,81.172
 14:56:10.007,eb:33:2e:f9:57:b5, 2085-97-21 06:195:234:801,0.945,-2.814,0.669,-324.341,-112.671,34.546,79.283,39.304,79.503
 14:56:10.035,eb:33:2e:f9:57:b5, 2085-97-100 10:29:240:-109,1.654,-2.408,0.112,-455.017,-104.797,90.332,74.608,38.408,78.294
 14:56:10.035,eb:33:2e:f9:57:b5, 2085-97-42 14:72:245:-258,1.881,-1.56,-0.15,-583.435,-115.967,101.196,68.533,36.996,77.239
 14:56:10.035,eb:33:2e:f9:57:b5, 2085-97-171 15:55:247:1934,2.003,-1.243,0.337,-647.766,-204.407,77.393,61.479,35.491,75.828
 14:56:10.035,eb:33:2e:f9:57:b5, 2085-97-207 15:114:251:4299,1.842,-0.841,1.556,-644.47,-302.612,44.617,53.465,33.448,73.405
 14:56:10.127,eb:33:2e:f9:57:b5, 2085-97-230 14:166:253:6342,1.652,-0.417,2.517,-618.225,-387.817,11.292,45.593,30.976,70.472
 14:56:10.127,eb:33:2e:f9:57:b5, 2085-97-170 11:29:254:7066,1.322,-0.279,3.31,-594.727,-421.753,-29.785,37.749,27.85,67.115
 14:56:10.127,eb:33:2e:f9:57:b5, 2085-97-25 08:66:254:8031,0.542,-0.229,3.792,-582.703,-445.129,-63.049,30.471,24.478,63.913
 14:56:10.127,eb:33:2e:f9:57:b5, 2085-113-58 00:217:234:-5370,0.263,-0.188,3.979,-591.064,-434.692,-71.594,23.318,20.665,60.991
 14:56:10.156,eb:33:2e:f9:57:b5, 2085-97-217 00:235:254:8639,-0.021,-0.167,4.091,-595.52,-423.828,-67.627,19.951,18.803,59.804
 14:56:10.156,eb:33:2e:f9:57:b5, 2085-97-167 254:07:01:8295,-0.308,-0.042,4.235,-605.896,-376.953,-49.255,13.414,15.15,58.013
 14:56:10.156,eb:33:2e:f9:57:b5, 2085-97-232 251:155:04:7052,-0.777,0.345,3.757,-617.249,-359.741,-24.719,7.053,11.656,56.981
 14:56:10.156,eb:33:2e:f9:57:b5, 2085-97-185 247:81:09:7247,-1.289,0.83,3.308,-625.61,-414.429,13.55,0.764,7.822,56.667
 14:56:10.156,eb:33:2e:f9:57:b5, 2085-97-153 243:39:18:9691,-1.814,1.626,4.079,-619.141,-472.412,73.73,-5.411,3.345,57.31
 14:56:10.156,eb:33:2e:f9:57:b5, 2085-97-52 239:213:33:10880,-2.334,3.162,5.192,-584.29,-459.9,136.169,-11.415,-1.137,59.073
 14:56:10.156,eb:33:2e:f9:57:b5, 2085-97-04 236:05:52:10610,-2.654,5.39,5.23,-517.212,-425.72,178.223,-17.227,-5.208,61.727
 14:56:10.156,eb:33:2e:f9:57:b5, 2085-97-173 232:50:68:11191,-3.365,7.551,5.308,-434.631,-399.963,186.89,-22.335,-8.438,64.885
 14:56:10.247,eb:33:2e:f9:57:b5, 2085-97-143 225:41:77:10903,-4.038,9.308,5.454,-309.021,-408.508,159.546,-26.774,-11.525,68.214
 14:56:10.247,eb:33:2e:f9:57:b5, 2085-97-113 224:81:79:10054,-3.599,9.713,5.08,-110.535,-378.601,118.164,-29.509,-14.431,71.406
 14:56:10.247,eb:33:2e:f9:57:b5, 2085-97-88 231:182:81:8513,-2.59,10.195,4.641,46.57,-203.674,51.941,-30.394,-16.655,73.724
 14:56:10.247,eb:33:2e:f9:57:b5, 2085-97-13 238:168:68:5657,-2.067,9.669,3.501,127.625,-5.188,-65.857,-29.542,-17.501,74.103
 14:56:10.247,eb:33:2e:f9:57:b5, 2085-113-81 00:72:154:3346,-1.976,7.481,1.971,170.349,114.075,-157.104,-27.614,-17.573,72.664
 14:56:10.277,eb:33:2e:f9:57:b5, 2085-97-181 240:166:41:1496,0.75,6.416,1.306,187.439,117.249,-187.195,-26.378,-17.441,71.559
 14:56:10.277,eb:33:2e:f9:57:b5, 2085-97-08 252:03:65:1049,0.457,5.89,9.682,617.615,638.184,-210.693,-22.006,-17.496,68.912
 14:56:10.277,eb:33:2e:f9:57:b5, 2085-97-220 231:17:31:4038,0.58,3.31,5.462,828.369,1047.668,-218.384,-13.085,-11.514,65.149
 14:56:10.277,eb:33:2e:f9:57:b5, 2085-97-94 45:194:67:6328,-6.494,-1.231,8.217,316.162,511.902,105.225,-5.977,-6.735,61.408
 14:56:10.279,eb:33:2e:f9:57:b5, 2085-97-10 200:174:247:-13401,-3.81,-0.79,-5.013,29.907,965.088,-56.091,-4.73,2.39,61.326
 14:56:10.279,eb:33:2e:f9:57:b5, 2085-97-89 233:09:253:-5132,-1.317,-2.245,-2.607,98.328,-216.858,92.041,-3.527,3.29,61.216
 14:56:10.279,eb:33:2e:f9:57:b5, 2085-97-174 33:239:09:10703,4.726,-0.015,-1.174,2.563,-540.222,197.327,-3.307,-0.11,63.083
 14:56:10.279,eb:33:2e:f9:57:b5, 2085-97-13 03:75:05:1464,-0.431,1.835,4.774,27.588,151.184,-14.099,-2.95,-2.252,64.078
 14:56:10.364,eb:33:2e:f9:57:b5, 2085-97-232 241:192:250:-294,-0.198,-0.102,0.184,23.132,96.558,-58.289,-2.637,-1.022,63.43
 14:56:10.364,eb:33:2e:f9:57:b5, 2085-97-171 08:40:01:5849,0.174,-0.034,1.307,30.701,-26.428,-7.629,-2.368,-1.011,63.342
 14:56:10.364,eb:33:2e:f9:57:b5, 2085-97-182 254:240:255:2244,-0.503,0.272,1.104,21.79,134.216,-16.846,-2.082,-0.016,63.171
 14:56:10.364,eb:33:2e:f9:57:b5, 2085-97-23 05:58:05:236,1.021,-0.032,-0.128,-2.075,74.524,21.362,-1.95,1.208,63.188
 14:56:10.366,eb:33:2e:f9:57:b5, 2085-97-121 248:142:249:10744,-1.51,0.574,3.205,31.372,55.786,-53.65,-1.912,1.296,63.083
 14:56:10.366,eb:33:2e:f9:57:b5, 2085-97-114 248:233:245:9966,-0.089,-1.513,5.972,230.164,72.693,-38.513,-0.505,1.857,62.573
 14:56:10.366,eb:33:2e:f9:57:b5, 2085-97-199 03:171:250:7338,0.065,-0.839,3.813,344.849,128.54,2.991,2.538,2.884,62.435
 14:56:10.366,eb:33:2e:f9:57:b5, 2085-97-40 253:98:245:7934,-0.208,-0.891,3.376,394.409,138.184,54.749,6.306,4.268,62.924
 14:56:10.424,eb:33:2e:f9:57:b5, 2085-97-108 03:108:241:10189,0.827,-1.616,4.804,515.991,104.919,68.237,10.975,5.213,63.704
 14:56:10.424,eb:33:2e:f9:57:b5, 2085-97-74 08:212:237:9415,1.277,-1.983,4.748,640.503,145.874,72.876,16.919,6.229,64.797
 14:56:10.424,eb:33:2e:f9:57:b5, 2085-97-173 11:144:236:10853,0.867,-2.519,4.771,764.404,230.103,48.523,24.17,7.74,66.028
 14:56:10.424,eb:33:2e:f9:57:b5, 2085-97-45 02:97:244:15139,-0.412,-1.825,5.742,910.339,338.989,5.371,32.871,10.234,67.813
 14:56:10.426,eb:33:2e:f9:57:b5, 2085-97-116 254:08:243:16788,0.038,-1.331,8.766,1057.495,263.55,-13.611,43.215,12.662,69.587
 14:56:10.426,eb:33:2e:f9:57:b5, 2085-97-231 253:09:247:4573,-0.75,-1.674,4.944,1019.043,293.64,4.761,54.278,14.507,71.779
 14:56:10.426,eb:33:2e:f9:57:b5, 2085-97-108 01:119:07:3152,1.167,0.546,1.081,804.81,120.728,21.851,63.979,15.496,73.784
 14:56:10.426,eb:33:2e:f9:57:b5, 2085-97-65 13:79:04:1667,1.199,0.783,1.104,440.369,124.207,-24.414,70.356,15.765,74.767
 14:56:10.455,eb:33:2e:f9:57:b5, 2085-97-164 08:230:03:2780,1.051,-0.008,1.852,163.513,342.773,-104.736,73.592,17.238,76.794
 14:56:10.455,eb:33:2e:f9:57:b5, 2085-97-61 10:52:11:5568,1.256,1.3,0.808,2.441,422.852,-150.269,75.526,19.435,80.673
 14:56:10.455,eb:33:2e:f9:57:b5, 2085-113-58 00:130:246:-7140,1.313,1.642,3.851,-14.404,307.617,-145.874,76.503,21.802,84.139
 14:56:10.455,eb:33:2e:f9:57:b5, 2085-97-12 11:217:10:10963,1.264,1.605,4.769,38.208,221.375,-144.714,77.014,22.797,85.287
 14:56:10.515,eb:33:2e:f9:57:b5, 2085-97-226 09:144:255:10144,1.343,0.702,5.287,156.86,135.071,-146.973,78.558,24.505,86.732
 14:56:10.515,eb:33:2e:f9:57:b5, 2085-97-203 10:186:247:9756,1.184,-0.69,4.728,220.52,79.224,-138.733,80.881,26.098,87.49
 14:56:10.515,eb:33:2e:f9:57:b5, 2085-97-12 08:82:242:8319,0.96,-1.326,4.488,206.543,71.167,-124.756,83.221,27.416,88.061
 14:56:10.515,eb:33:2e:f9:57:b5, 2085-97-79 06:203:238:5890,0.765,-1.955,3.565,144.714,63.721,-99.304,85.276,28.597,88.649
 14:56:10.546,eb:33:2e:f9:57:b5, 2085-97-157 06:200:238:4456,0.97,-2.22,2.374,77.026,19.165,-77.332,86.385,29.405,89
 14:56:10.546,eb:33:2e:f9:57:b5, 2085-97-17 08:49:242:4734,0.887,-1.925,2.221,20.447,-36.804,-72.083,86.732,30.119,88.742
 14:56:10.546,eb:33:2e:f9:57:b5, 2085-97-230 05:16:242:4870,0.486,-1.663,2.312,-22.827,-83.191,-77.698,86.133,30.745,87.907
 14:56:10.546,eb:33:2e:f9:57:b5, 2085-97-84 02:13:238:5054,0.192,-1.942,2.36,-44.861,-150.452,-78.857,85.029,31.448,86.424
 14:56:10.633,eb:33:2e:f9:57:b5, 2085-97-34 01:136:230:5438,0.11,-2.703,2.637,-69.397,-214.722,-65.979,83.073,31.899,84.018
 14:56:10.633,eb:33:2e:f9:57:b5, 2085-97-20 01:106:228:3313,0.21,-3.423,2.205,-127.991,-200.745,-25.635,80.75,32.058,81.425
 14:56:10.633,eb:33:2e:f9:57:b5, 2085-97-82 02:149:230:1068,0.347,-3.367,1.134,-225.037,-170.959,39.795,77.662,31.531,79.206
 14:56:10.633,eb:33:2e:f9:57:b5, 2085-97-88 05:175:234:-511,1.016,-3.034,0.111,-334.106,-152.405,104.492,73.954,30.377,77.596
 14:56:10.664,eb:33:2e:f9:57:b5, 2085-97-56 10:198:239:-1060,1.41,-2.309,-0.395,-441.345,-161.377,137.512,69.208,28.581,76.256
 14:56:10.664,eb:33:2e:f9:57:b5, 2085-97-218 11:227:241:005,1.541,-1.861,-0.395,-510.925,-213.562,127.319,63.77,26.609,74.888
 14:56:10.664,eb:33:2e:f9:57:b5, 2085-97-158 12:124:244:2066,1.561,-1.619,0.515,-536.682,-295.959,101.135,57.524,24.247,72.911
 14:56:10.664,eb:33:2e:f9:57:b5, 2085-97-82 11:72:247:3532,1.261,-1.227,1.42,-545.41,-363.831,68.115,51.169,21.61,70.417
 14:56:10.666,eb:33:2e:f9:57:b5, 2085-97-235 08:248:247:4874,1.024,-1.029,2.02,-564.331,-406.189,32.166,44.533,18.523,67.615
 14:56:10.666,eb:33:2e:f9:57:b5, 2085-97-219 07:186:249:6550,0.876,-0.929,2.789,-583.618,-418.762,-2.136,37.969,15.304,64.852
 14:56:10.666,eb:33:2e:f9:57:b5, 2085-97-183 05:219:250:7825,0.456,-0.687,3.479,-594.238,-409.607,-36.804,31.317,11.898,62.188
 14:56:10.666,eb:33:2e:f9:57:b5, 2085-97-239 01:150:252:8014,0.152,-0.556,3.962,-598.877,-379.333,-62.256,24.917,8.674,59.832
 14:56:10.725,eb:33:2e:f9:57:b5, 2085-97-162 00:116:253:7632,-0.079,-0.352,3.864,-596.924,-358.398,-79.285,18.55,5.389,57.739
 14:56:10.727,eb:33:2e:f9:57:b5, 2085-97-163 253:21:254:6852,-0.561,-0.289,3.514,-596.802,-352.234,-80.688,12.469,2.214,56.003
 14:56:10.727,eb:33:2e:f9:57:b5, 2085-97-20 249:185:254:6895,-1.176,-0.197,3.297,-599.548,-377.319,-58.594,6.345,-1.412,54.684
 14:56:10.727,eb:33:2e:f9:57:b5, 2085-97-118 244:72:01:8381,-1.662,-0.071,3.614,-604.492,-401.917,-5.371,0.346,-5.306,54.135
 14:56:10.755,eb:33:2e:f9:57:b5, 2085-97-108 241:165:10:10903,-1.939,0.608,4.739,-601.929,-380.493,66.101,-5.9,-9.371,54.651
 14:56:10.755,eb:33:2e:f9:57:b5, 2085-97-16 240:108:26:12094,-1.983,2.277,5.741,-579.285,-327.759,122.559,-12.118,-12.695,56.212
 14:56:10.755,eb:33:2e:f9:57:b5, 2085-97-236 239:35:43:11525,-2.154,4.345,5.807,-541.443,-275.513,143.738,-18.364,-15.32,58.376
 14:56:10.755,eb:33:2e:f9:57:b5, 2085-97-35 236:34:60:11171,-3.057,6.462,5.523,-489.258,-274.048,132.874,-24.186,-17.331,60.76
 14:56:10.755,eb:33:2e:f9:57:b5, 2085-113-58 00:243:223:-3825,-3.648,8.485,5.259,-371.216,-328.796,110.84,-29.438,-19.55,63.331
 14:56:10.845,eb:33:2e:f9:57:b5, 2085-97-226 223:162:73:10464,-3.912,9.093,5.074,-267.517,-361.633,98.816,-31.481,-20.797,64.753
 14:56:10.845,eb:33:2e:f9:57:b5, 2085-97-81 228:207:75:9987,-2.76,9.279,5.117,-36.682,-247.559,89.844,-33.871,-23.071,67.489
 14:56:10.845,eb:33:2e:f9:57:b5, 2085-97-174 238:228:74:6399,-1.808,9.592,4.18,80.933,-2.991,40.894,-34.025,-23.61,68.791
 14:56:10.845,eb:33:2e:f9:57:b5, 2085-97-217 242:109:63:2775,-1.563,8.691,2.182,143.127,124.817,-42.419,-32.668,-23.038,68.275
 14:56:10.875,eb:33:2e:f9:57:b5, 2085-97-175 243:179:49:533,-1.511,7.131,0.721,209.351,83.374,-102.966,-30.344,-22.467,66.896
 14:56:10.875,eb:33:2e:f9:57:b5, 2085-97-128 18:134:31:14454,1.467,5.029,0.242,270.264,-49.683,-127.136,-27.411,-23.044,65.726
 14:56:10.875,eb:33:2e:f9:57:b5, 2085-97-215 21:190:20:1594,-4.805,6.552,-1.809,802.429,214.172,17.7,-21.281,-21.528,65.023
 14:56:10.875,eb:33:2e:f9:57:b5, 2085-97-123 227:147:67:12709,8.984,2.946,8.19,776.672,674.622,-137.512,-12.48,-15.809,63.413
 14:56:10.877,eb:33:2e:f9:57:b5, 2085-97-66 231:24:39:3848,-10.927,1.951,8.155,202.881,942.505,239.807,-7.196,-11.014,61.809
 14:56:10.877,eb:33:2e:f9:57:b5, 2085-97-221 219:65:239:-4128,-4.228,-2.486,-10.224,27.039,448.486,-42.419,-6.449,-0.148,59.897
 14:56:10.877,eb:33:2e:f9:57:b5, 2085-97-189 227:43:254:-7699,-0.276,-2.188,-2.625,110.107,-156.25,64.27,-5.576,0.714,59.551
 14:56:10.877,eb:33:2e:f9:57:b5, 2085-97-73 18:11:04:7081,3.111,0.39,0.242,49.622,-419.739,88.684,-4.735,-2.961,60.634
 14:56:10.936,eb:33:2e:f9:57:b5, 2085-97-164 16:177:09:5348,0.6,1.443,3.584,22.217,-24.902,43.213,-4.438,-5.136,61.644
 14:56:10.936,eb:33:2e:f9:57:b5, 2085-97-79 243:118:253:-1192,-0.855,0.138,1.217,23.315,146.362,-45.044,-4.092,-4.274,61.353
 14:56:10.936,eb:33:2e:f9:57:b5, 2085-97-31 02:146:254:4159,-0.561,-0.14,0.662,24.414,-13.123,-17.029,-3.856,-3.84,61.062
 14:56:10.936,eb:33:2e:f9:57:b5, 2085-97-53 255:52:00:3108,-0.006,-0.064,1.169,26.917,46.082,11.414,-3.532,-3.417,61.095
 14:56:10.964,eb:33:2e:f9:57:b5, 2085-97-15 253:34:00:885,0.33,0.271,0.813,-9.583,125.671,18.616,-3.422,-2.543,61.227
 14:56:10.964,eb:33:2e:f9:57:b5, 2085-97-115 02:218:255:7412,-0.842,0.497,0.264,8.24,-59.937,7.385,-3.439,-2.115,61.474
 14:56:10.964,eb:33:2e:f9:57:b5, 2085-97-226 245:231:245:11895,-0.845,-0.672,5.043,156.494,-11.047,-27.71,-2.664,-2.417,61.304
 14:56:10.964,eb:33:2e:f9:57:b5, 2085-97-135 253:78:248:8665,0.219,-1.45,5.457,293.762,107.788,23.438,-0.209,-1.978,61.282
 14:56:10.994,eb:33:2e:f9:57:b5, 2085-97-181 01:35:248:7779,-0.165,-0.815,3.825,394.165,114.929,49.988,3.279,-0.791,61.705
 14:56:10.994,eb:33:2e:f9:57:b5, 2085-97-61 254:200:242:8181,0.191,-1.415,3.483,479.492,83.069,81.299,7.718,0.143,62.507
 14:56:10.994,eb:33:2e:f9:57:b5, 2085-97-43 05:20:239:9602,0.728,-1.896,4.656,594.727,83.984,93.201,13.151,0.725,63.501
 14:56:10.994,eb:33:2e:f9:57:b5, 2085-97-197 06:86:237:8919,0.621,-2.296,4.382,717.102,146.179,86.121,19.825,1.544,64.77
 14:56:11.025,eb:33:2e:f9:57:b5, 2085-97-14 255:06:241:11077,-0.413,-2.116,5.085,853.882,239.014,53.528,27.784,2.977,66.171
 14:56:11.025,eb:33:2e:f9:57:b5, 2085-97-178 251:23:248:14624,-0.597,-1.425,6.641,1002.991,190.735,14.954,37.299,4.653,67.659
 14:56:11.025,eb:33:2e:f9:57:b5, 2085-97-99 249:09:245:8506,-1.143,-1.581,6.132,1034.302,164.795,15.198,47.752,5.872,68.868
 14:56:11.025,eb:33:2e:f9:57:b5, 2085-97-220 247:186:05:2417,-0.35,-0.125,1.853,903.992,77.759,41.077,57.596,6.411,70.175
 14:56:11.085,eb:33:2e:f9:57:b5, 2085-97-148 05:129:09:2728,1.403,0.698,1.457,644.104,-43.03,22.522,65.347,6.081,70.181
 14:56:11.085,eb:33:2e:f9:57:b5, 2085-97-139 08:137:05:6094,0.765,1.312,1.727,334.839,85.205,-115.112,69.966,6.482,70.159
 14:56:11.085,eb:33:2e:f9:57:b5, 2085-97-189 02:213:07:4190,0.583,0.87,2.35,183.472,299.988,-188.354,72.658,8.652,71.614
 14:56:11.085,eb:33:2e:f9:57:b5, 2085-97-176 04:24:04:9822,0.637,0.775,3.764,87.891,296.448,-198.059,74.213,11.448,73.976
 14:56:11.115,eb:33:2e:f9:57:b5, 2085-97-200 04:111:255:11204,0.808,0.226,5.498,137.817,231.262,-157.898,75.767,13.837,76.003
 14:56:11.115,eb:33:2e:f9:57:b5, 2085-97-143 07:35:247:9394,1.082,-0.637,5.191,203.003,192.444,-119.263,77.932,15.617,77.739
 14:56:11.115,eb:33:2e:f9:57:b5, 2085-97-11 09:27:244:7651,1.233,-1.362,4.176,206.238,159.607,-80.75,80.48,16.891,79.261
 14:56:11.115,eb:33:2e:f9:57:b5, 2085-97-102 09:52:243:6260,1.039,-1.549,3.381,155.334,107.971,-56.213,82.617,17.71,80.519
 14:56:11.145,eb:33:2e:f9:57:b5, 2085-97-158 07:97:242:4945,0.979,-1.684,2.688,88.806,44.739,-48.584,84.023,18.309,81.156
 14:56:11.145,eb:33:2e:f9:57:b5, 2085-97-218 07:207:243:5059,0.901,-1.628,2.381,33.203,-17.883,-50.415,84.523,18.77,81.167
 14:56:11.145,eb:33:2e:f9:57:b5, 2085-97-214 05:69:243:5546,0.423,-1.502,2.589,-2.686,-70.679,-63.477,84.452,19.297,80.546
 14:56:11.145,eb:33:2e:f9:57:b5, 2085-97-18 01:91:239:5689,-0.104,-1.791,2.694,-17.09,-125.671,-68.726,83.859,19.836,79.387
 14:56:11.204,eb:33:2e:f9:57:b5, 2085-97-34 254:90:231:5870,-0.221,-2.538,2.832,-26.672,-197.51,-59.204,83.013,20.292,77.492
 14:56:11.204,eb:33:2e:f9:57:b5, 2085-97-44 254:137:227:4274,-0.148,-3.446,2.625,-71.655,-185.73,-25.757,81.672,20.413,75.251
 14:56:11.204,eb:33:2e:f9:57:b5, 2085-97-156 255:102:228:1989,0.058,-3.512,1.551,-178.65,-134.033,27.649,79.838,20.132,73.537
 14:56:11.204,eb:33:2e:f9:57:b5, 2085-97-132 03:76:233:-757,0.909,-3.287,0.193,-320.862,-90.149,82.214,76.833,19.303,72.466
 14:56:11.234,eb:33:2e:f9:57:b5, 2085-97-142 09:89:240:-1770,1.322,-2.242,-0.664,-444.519,-84.351,85.083,72.713,18.226,71.818
 14:56:11.234,eb:33:2e:f9:57:b5, 2085-97-193 10:231:240:-759,1.383,-1.934,-0.694,-508.118,-171.265,49.255,67.44,17.117,70.73
 14:56:11.234,eb:33:2e:f9:57:b5, 2085-97-175 11:46:244:1128,1.417,-1.718,0.042,-513,-292.236,0.183,61.705,15.886,68.538
 14:56:11.234,eb:33:2e:f9:57:b5, 2085-97-92 09:47:246:2909,0.888,-1.293,1.055,-518.005,-375.916,-49.133,55.624,14.271,65.286
 14:56:11.264,eb:33:2e:f9:57:b5, 2085-97-57 05:45:246:4382,0.502,-1.229,1.764,-543.579,-419.128,-92.773,49.455,12.409,61.479
 14:56:11.264,eb:33:2e:f9:57:b5, 2085-97-72 03:59:246:6254,0.278,-1.215,2.565,-574.158,-434.204,-127.075,42.962,10.179,57.458
 14:56:11.264,eb:33:2e:f9:57:b5, 2085-97-07 00:235:244:7549,-0.377,-1.268,3.443,-593.384,-423.096,-152.222,36.497,7.789,53.503
 14:56:11.264,eb:33:2e:f9:57:b5, 2085-97-102 250:120:243:7524,-0.909,-1.499,3.721,-599.121,-409.241,-154.48,29.998,5.098,49.845
 14:56:11.416,eb:33:2e:f9:57:b5, 2085-97-93 247:68:243:7182,-1.203,-1.58,3.613,-592.468,-404.297,-131.836,23.835,2.131,46.725
 14:56:11.416,eb:33:2e:f9:57:b5, 2085-97-144 245:209:244:6875,-1.451,-1.533,3.391,-586.121,-406.067,-87.036,17.82,-1.357,44.225
 14:56:11.416,eb:33:2e:f9:57:b5, 2085-97-182 242:21:248:6965,-1.924,-1.215,3.373,-586.121,-406.128,-35.645,12.047,-5.114,42.605
 14:56:11.416,eb:33:2e:f9:57:b5, 2085-97-153 238:137:252:7684,-2.45,-0.746,3.502,-589.05,-421.204,21.24,6.136,-9.272,41.847
 14:56:11.445,eb:33:2e:f9:57:b5, 2085-97-112 234:36:05:9305,-2.837,0,4.111,-601.196,-413.208,89.172,0.104,-13.497,42.204
 14:56:11.445,eb:33:2e:f9:57:b5, 2085-97-116 233:247:21:11114,-2.777,1.552,5.004,-589.783,-366.821,151.794,-6.405,-17.386,43.687
 14:56:11.445,eb:33:2e:f9:57:b5, 2085-97-06 234:199:44:11671,-2.787,4.145,5.687,-534.973,-295.837,188.965,-12.816,-20.33,46.082
 14:56:11.445,eb:33:2e:f9:57:b5, 2085-97-133 232:73:68:11518,-3.19,7.091,5.649,-434.814,-241.943,189.209,-18.776,-22.379,48.812
 14:56:11.447,eb:33:2e:f9:57:b5, 2085-97-00 229:12:84:11420,-3.401,9.727,5.618,-258.972,-242.981,161.316,-23.291,-23.972,51.531
 14:56:11.447,eb:33:2e:f9:57:b5, 2085-97-133 230:172:87:9442,-2.89,10.834,5.246,-39.978,-213.379,122.498,-25.757,-25.543,54.003
 14:56:11.447,eb:33:2e:f9:57:b5, 2085-97-93 235:190:85:6171,-2.299,10.978,3.858,99.976,-99.915,80.078,-26.071,-26.499,55.772
 14:56:11.447,eb:33:2e:f9:57:b5, 2085-97-119 238:53:72:2155,-2.094,10.072,2.022,158.691,24.536,31.311,-24.994,-26.521,56.42
 14:56:11.451,eb:33:2e:f9:57:b5, 2085-97-95 238:69:53:783,2.931,7.78,0.643,211.121,46.143,13.123,-23.126,-26.06,56.398
 14:56:11.451,eb:33:2e:f9:57:b5, 2085-97-157 07:52:76:-2068,-1.867,9.274,9.238,619.629,338.257,-125.305,-19.281,-26.115,56.102
 14:56:11.451,eb:33:2e:f9:57:b5, 2085-97-50 16:97:81:9011,-1.846,4.4,2.199,871.216,157.227,-309.021,-9.822,-24.807,53.097
 14:56:11.451,eb:33:2e:f9:57:b5, 2085-97-158 65:51:76:10884,-3.143,-1.815,4.708,120.178,422.302,-90.271,-2.862,-20.198,47.587
 14:56:11.536,eb:33:2e:f9:57:b5, 2085-97-89 184:178:230:-17527,-1.809,-2.891,2.005,29.663,834.045,-57.312,-2.994,-14.139,47.538
 14:56:11.536,eb:33:2e:f9:57:b5, 2085-97-138 09:105:03:4239,-1.295,-0.655,0.343,54.443,-226.379,108.948,-2.593,-13.942,48.373
 14:56:11.536,eb:33:2e:f9:57:b5, 2085-97-106 254:185:05:-377,3.089,-0.001,-0.38,8.667,-81.665,109.07,-2.604,-14.7,49.543
 14:56:11.536,eb:33:2e:f9:57:b5, 2085-97-79 09:228:03:3982,-1.439,0.962,3.656,22.339,14.954,-0.61,-2.576,-15.936,50.251
 14:56:11.595,eb:33:2e:f9:57:b5, 2085-97-166 253:128:253:2286,-0.889,-0.147,-0.61,19.226,2.747,-17.395,-2.241,-15.024,49.883
 14:56:11.595,eb:33:2e:f9:57:b5, 2085-97-100 01:42:00:3139,0.896,-0.253,0.353,13,-41.931,19.165,-2.032,-15.073,49.927
 14:56:11.595,eb:33:2e:f9:57:b5, 2085-97-41 04:44:02:2844,0.069,0.34,1.896,26.367,41.626,9.155,-1.851,-15.26,50.125
 14:56:11.595,eb:33:2e:f9:57:b5, 2085-97-40 250:36:254:735,-0.344,0.064,1.134,25.208,88.928,-3.54,-1.478,-14.557,50.114
 14:56:11.625,eb:33:2e:f9:57:b5, 2085-97-49 07:07:02:4335,1.428,-0.164,1.2,33.447,-7.996,22.156,-1.258,-14.238,50.251
 14:56:11.625,eb:33:2e:f9:57:b5, 2085-113-81 00:238:140:-1400,0.613,0.776,1.478,16.602,107.422,-8.667,-0.956,-13.568,50.361
 14:56:11.625,eb:33:2e:f9:57:b5, 2085-97-123 249:73:250:9069,-0.854,0.368,2.412,52.307,106.445,-43.64,-0.758,-13.035,50.213
 14:56:11.625,eb:33:2e:f9:57:b5, 2085-97-103 00:127:248:10973,0.318,-1.155,5.635,212.646,116.15,-45.593,0.736,-12.09,49.708
 14:56:11.627,eb:33:2e:f9:57:b5, 2085-97-120 01:84:247:7339,-0.289,-0.95,4.172,317.749,184.57,15.076,3.598,-10.404,49.603
 14:56:11.627,eb:33:2e:f9:57:b5, 2085-97-157 01:125:245:10884,0.904,-1.072,3.932,398.01,153.259,47.18,7.119,-8.756,50.208
 14:56:11.627,eb:33:2e:f9:57:b5, 2085-97-53 12:172:241:10811,1.972,-1.534,5.651,543.152,184.265,30.151,11.876,-7.207,50.916
 14:56:11.627,eb:33:2e:f9:57:b5, 2085-97-190 19:89:237:9574,2.483,-2.264,5.025,676.819,294.556,6.653,17.968,-4.966,51.669
 14:56:11.629,eb:33:2e:f9:57:b5, 2085-97-176 15:04:243:8631,1.08,-2.06,3.863,792.114,434.326,-33.63,25.34,-1.28,53.004
 14:56:11.629,eb:33:2e:f9:57:b5, 2085-97-00 02:81:245:16281,-0.143,-1.236,6.072,906.738,410.339,-87.952,33.909,2.752,54.531
 14:56:11.629,eb:33:2e:f9:57:b5, 2085-97-00 03:107:242:11442,0.11,-1.252,7.285,1042.603,282.349,-79.712,43.901,6.048,56.096
 14:56:11.629,eb:33:2e:f9:57:b5, 2085-97-211 252:149:00:1098,0.058,-1.304,2.622,974.06,182.373,-38.086,54.366,8.053,57.42
 14:56:11.686,eb:33:2e:f9:57:b5, 2085-97-13 04:248:02:1968,0.988,0.913,0.9,721.436,-29.114,-70.984,62.913,8.822,57.695
 14:56:11.686,eb:33:2e:f9:57:b5, 2085-97-200 05:69:252:2243,0.402,-0.033,0.165,392.09,0.732,-141.724,68.28,9.619,56.915
 14:56:11.686,eb:33:2e:f9:57:b5, 2085-97-39 01:76:00:675,0.165,-0.488,1.718,199.402,198.669,-178.589,71.087,11.574,57.343
 14:56:11.686,eb:33:2e:f9:57:b5, 2085-97-128 03:188:02:6304,0.396,0.215,1.283,24.048,234.07,-190.308,72.438,14.068,58.892
 14:56:11.715,eb:33:2e:f9:57:b5, 2085-97-133 03:133:04:9776,0.632,0.508,4.07,-4.517,239.746,-150.024,72.889,16.403,60.798
 14:56:11.715,eb:33:2e:f9:57:b5, 2085-97-155 05:48:02:9246,0.846,0.533,4.942,54.504,217.529,-115.295,73.729,18.303,62.628
 14:56:11.715,eb:33:2e:f9:57:b5, 2085-97-157 08:95:250:8001,1.187,-0.25,4.111,91.003,180.115,-86.06,75.053,19.775,64.325
 14:56:11.715,eb:33:2e:f9:57:b5, 2085-97-44 10:94:246:6949,1.356,-1.001,3.714,73.12,194.885,-66.956,76.492,20.945,65.978
 14:56:11.746,eb:33:2e:f9:57:b5, 2085-97-207 11:69:246:5133,1.603,-1.276,2.942,25.818,202.026,-61.218,77.668,22,67.923
 14:56:11.746,eb:33:2e:f9:57:b5, 2085-97-170 13:32:248:3844,1.648,-1.11,2.159,-27.588,156.189,-78.674,78.294,23.049,69.62
 14:56:11.746,eb:33:2e:f9:57:b5, 2085-97-134 14:175:248:3597,1.706,-0.921,1.549,-69.946,70.007,-118.652,78.107,24.225,70.571
 14:56:11.746,eb:33:2e:f9:57:b5, 2085-97-197 11:12:246:4423,1.158,-1.019,1.902,-95.032,-6.165,-160.95,77.239,25.67,70.483
 14:56:11.805,eb:33:2e:f9:57:b5, 2085-97-17 07:96:240:5936,0.729,-1.566,2.534,-109.253,-74.036,-183.96,75.723,27.263,69.478
 14:56:11.805,eb:33:2e:f9:57:b5, 2085-97-134 04:236:234:6259,0.419,-2.36,3.147,-134.583,-98.633,-181.335,73.784,28.806,67.863
 14:56:11.805,eb:33:2e:f9:57:b5, 2085-97-14 03:175:234:4521,0.41,-2.732,2.661,-198.059,-73.364,-149.536,71.29,30.114,66.264
 14:56:11.805,eb:33:2e:f9:57:b5, 2085-97-89 04:197:236:2881,0.74,-2.552,1.756,-288.879,-20.142,-95.764,68.324,31.102,65.237
 14:56:11.835,eb:33:2e:f9:57:b5, 2085-97-133 08:120:239:1971,1.504,-2.252,1.176,-384.277,53.711,-32.471,64.77,31.712,65.056
 14:56:11.835,eb:33:2e:f9:57:b5, 2085-97-00 14:82:243:-250,1.923,-1.8,0.494,-476.135,137.268,15.869,60.974,32.217,66.039
 14:56:11.835,eb:33:2e:f9:57:b5, 2085-97-224 16:225:246:-2113,2.3,-1.372,-0.7,-513.855,90.088,20.935,56.607,32.651,67.346
 14:56:11.835,eb:33:2e:f9:57:b5, 2085-97-84 19:82:250:-1803,2.36,-0.9,-1.114,-503.967,-92.529,-10.742,51.515,32.585,67.297
 14:56:11.896,eb:33:2e:f9:57:b5, 2085-97-249 16:131:249:319,1.87,-0.672,-0.406,-494.934,-295.41,-49.927,45.341,31.415,65.116
 14:56:11.896,eb:33:2e:f9:57:b5, 2085-97-22 13:114:246:3249,1.406,-1.017,0.83,-509.399,-422.302,-74.768,38.589,29.07,61.595
 14:56:11.896,eb:33:2e:f9:57:b5, 2085-97-118 09:82:245:6025,0.976,-1.305,2.314,-537.964,-449.341,-79.285,31.586,25.851,57.914
 14:56:11.896,eb:33:2e:f9:57:b5, 2085-97-103 06:189:246:7643,0.678,-1.28,3.417,-561.218,-417.053,-77.515,24.835,22.396,54.91
 14:56:12.195,eb:33:2e:f9:57:b5, 2085-97-222 04:76:249:8069,0.542,-1.005,3.92,-569.641,-372.009,-83.008,18.248,18.99,52.498
 14:56:12.195,eb:33:2e:f9:57:b5, 2085-97-62 04:141:250:7765,0.473,-0.729,3.792,-568.848,-351.013,-93.506,11.992,15.787,50.625
 14:56:12.195,eb:33:2e:f9:57:b5, 2085-97-53 03:165:250:7555,0.314,-0.663,3.725,-563.599,-347.656,-97.656,5.856,12.442,49.01
 14:56:12.195,eb:33:2e:f9:57:b5, 2085-97-56 01:250:249:7566,-0.003,-0.719,3.75,-552.612,-360.229,-85.693,0.06,8.954,47.878
 14:56:12.225,eb:33:2e:f9:57:b5, 2085-97-129 254:236:249:7565,-0.452,-0.764,3.653,-537.476,-392.761,-53.955,-5.537,5.103,47.307
 14:56:12.225,eb:33:2e:f9:57:b5, 2085-97-23 250:53:251:8093,-1.011,-0.712,3.787,-527.161,-446.716,0.977,-10.833,0.895,47.653
 14:56:12.225,eb:33:2e:f9:57:b5, 2085-97-30 246:221:255:10699,-1.488,-0.434,4.552,-517.944,-495.85,77.759,-16.194,-3.713,49.125
 14:56:12.225,eb:33:2e:f9:57:b5, 2085-97-184 242:94:13:13025,-1.825,0.674,5.89,-493.835,-480.591,165.894,-21.555,-7.971,51.932
 14:56:12.227,eb:33:2e:f9:57:b5, 2085-97-184 240:231:30:12942,-2.009,2.794,6.473,-446.594,-427.368,233.643,-26.982,-11.277,55.684
 14:56:12.227,eb:33:2e:f9:57:b5, 2085-97-35 238:156:46:11923,-2.624,4.848,6.01,-370.667,-409.912,265.503,-31.992,-13.618,60.024
 14:56:12.227,eb:33:2e:f9:57:b5, 2085-97-129 230:41:60:12483,-3.589,6.666,5.954,-281.982,-407.837,262.939,-36.48,-15.562,64.698
 14:56:12.227,eb:33:2e:f9:57:b5, 2085-97-64 226:62:69:11729,-3.574,8.155,5.946,-151.611,-268.188,232.605,-39.76,-16.716,68.934
 14:56:12.227,eb:33:2e:f9:57:b5, 2085-97-47 230:200:70:8012,-2.835,8.913,5.092,-59.082,1.953,171.265,-41.446,-16.375,71.378
 14:56:12.227,eb:33:2e:f9:57:b5, 2085-97-180 235:217:62:3915,-2.298,8.477,2.801,-13,190.369,91.37,-41.825,-14.617,71.526
 14:56:12.227,eb:33:2e:f9:57:b5, 2085-97-202 239:218:54:1355,-1.761,7.247,1.175,48.462,209.045,31.738,-41.375,-12.667,70.51
 14:56:12.227,eb:33:2e:f9:57:b5, 2085-97-10 244:191:52:1266,-1.266,6.727,0.445,105.835,161.682,-6.714,-40.331,-11.206,69.357
 14:56:12.230,eb:33:2e:f9:57:b5, 2085-97-135 247:22:45:3209,-5.624,6.229,1.051,180.176,131.531,-56.885,-38.633,-10.327,68.192
 14:56:12.230,eb:33:2e:f9:57:b5, 2085-97-83 02:19:249:8580,0.218,3.666,9.682,828.613,69.214,-111.145,-34.25,-10.574,67.451
 14:56:12.230,eb:33:2e:f9:57:b5, 2085-97-179 01:14:246:9657,0.612,-1.007,3.922,344.604,278.198,16.418,3.137,-2.752,60.672
 14:56:12.230,eb:33:2e:f9:57:b5, 2085-97-200 08:208:241:8556,1.71,-1.657,4.987,440.491,327.454,45.166,7.086,0.198,61.232
 14:56:12.285,eb:33:2e:f9:57:b5, 2085-97-214 16:116:244:6751,1.962,-1.648,3.5,558.838,342.529,25.574,12.239,3.472,62.227
 14:56:12.285,eb:33:2e:f9:57:b5, 2085-97-37 11:184:245:9112,0.705,-1.357,3.614,665.466,376.831,-40.1,18.517,6.96,63.073
 14:56:12.285,eb:33:2e:f9:57:b5, 2085-97-61 01:47:245:12675,0.337,-1.386,5.392,716.797,445.74,-59.021,25.724,11.003,64.133
 14:56:12.285,eb:33:2e:f9:57:b5, 2085-97-113 03:197:246:13654,0.224,-1.07,6.713,805.664,395.63,-30.762,33.717,14.991,65.978
 14:56:12.314,eb:33:2e:f9:57:b5, 2085-97-164 00:220:248:8436,0.071,-1.332,5.789,858.459,319.763,-7.263,42.847,17.814,68.066
 14:56:12.314,eb:33:2e:f9:57:b5, 2085-97-95 03:83:06:5093,1.194,0.455,2.709,681.152,255.493,-7.874,51.334,19.803,70.329
 14:56:12.314,eb:33:2e:f9:57:b5, 2085-97-110 07:185:238:4532,0.456,-1.205,2.33,365.784,302.002,-55.542,57.261,21.638,72.35
 14:56:12.314,eb:33:2e:f9:57:b5, 2085-97-231 05:81:247:-597,1.463,-1.825,2.518,192.81,432.922,-33.02,61.002,24,75.63
 14:56:12.375,eb:33:2e:f9:57:b5, 2085-97-191 15:205:255:4593,1.498,-0.358,0.399,72.937,177.612,-46.448,63.43,25.785,78.398
 14:56:12.375,eb:33:2e:f9:57:b5, 2085-97-167 10:165:252:6998,1.137,-0.082,2.692,82.642,4.211,-88.135,64.407,26.752,78.915
 14:56:12.375,eb:33:2e:f9:57:b5, 2085-97-00 08:87:250:7157,0.933,-0.618,3.618,90.759,-30.212,-131.47,64.968,27.664,78.146
 14:56:12.375,eb:33:2e:f9:57:b5, 2085-97-44 07:16:248:6441,0.868,-0.834,3.314,41.809,-6.958,-169.373,65.209,28.965,77.135
 14:56:12.405,eb:33:2e:f9:57:b5, 2085-97-250 06:245:245:6131,0.926,-1.14,3.038,-40.1,33.997,-190.308,64.814,30.674,76.41
 14:56:12.405,eb:33:2e:f9:57:b5, 2085-97-184 08:50:245:6357,1.261,-1.298,2.999,-109.863,69.885,-193.909,63.792,32.646,75.932
 14:56:12.405,eb:33:2e:f9:57:b5, 2085-97-127 10:11:245:6216,1.383,-1.335,3.13,-158.875,112.122,-191.65,62.364,34.766,75.877
 14:56:12.405,eb:33:2e:f9:57:b5, 2085-97-254 10:58:242:5997,1.344,-1.508,3.056,-202.881,131.897,-187.317,60.661,37.013,76.009
 14:56:12.405,eb:33:2e:f9:57:b5, 2085-113-58 00:54:247:-7080,1.342,-1.863,2.587,-263,170.593,-171.997,58.596,39.315,76.498
 14:56:12.434,eb:33:2e:f9:57:b5, 2085-97-80 11:06:241:3237,1.491,-1.926,2.098,-303.589,189.575,-157.898,57.448,40.496,76.86
 14:56:12.434,eb:33:2e:f9:57:b5, 2085-97-10 13:84:242:1468,1.82,-1.81,1.068,-397.888,209.045,-131.836,54.63,42.792,77.997
 14:56:12.434,eb:33:2e:f9:57:b5, 2085-97-171 16:109:245:1013,2.36,-1.529,0.532,-484.985,199.89,-112.549,51.037,44.995,79.2
 14:56:12.434,eb:33:2e:f9:57:b5, 2085-97-128 20:19:248:888,2.731,-1.125,0.504,-538.696,159.485,-104.858,46.445,46.956,80.057
 14:56:12.556,eb:33:2e:f9:57:b5, 2085-97-225 23:195:250:245,3.16,-0.792,0.298,-560.303,103.027,-104.553,41.083,48.593,80.283
 14:56:12.556,eb:33:2e:f9:57:b5, 2085-97-63 25:250:252:-862,3.189,-0.46,-0.135,-554.321,4.944,-108.765,34.843,49.647,79.475
 14:56:12.556,eb:33:2e:f9:57:b5, 2085-97-130 24:241:252:-235,2.876,-0.328,-0.397,-516.357,-190.186,-118.713,27.757,49.389,77.195
 14:56:12.556,eb:33:2e:f9:57:b5, 2085-97-235 20:89:250:2231,2.341,-0.535,0.458,-485.168,-372.375,-111.267,20.171,47.093,73.74
 14:56:12.556,eb:33:2e:f9:57:b5, 2085-97-20 17:201:248:4521,2.022,-0.84,1.661,-481.445,-463.745,-88.501,13.162,43.264,70.648
 14:56:12.556,eb:33:2e:f9:57:b5, 2085-97-114 15:186:249:6160,1.797,-0.892,2.687,-498.291,-479.431,-64.819,6.833,38.633,68.522
 14:56:12.556,eb:33:2e:f9:57:b5, 2085-97-26 13:184:252:6861,1.48,-0.613,3.21,-514.343,-468.506,-51.392,1.093,33.953,67.407
 14:56:12.556,eb:33:2e:f9:57:b5, 2085-97-223 10:244:254:7291,1.212,-0.259,3.448,-518.311,-471.863,-47.18,-4.367,29.191,66.94
 14:56:12.559,eb:33:2e:f9:57:b5, 2085-97-156 08:63:255:7991,0.843,-0.087,3.709,-516.113,-488.281,-36.682,-9.459,24.368,67.121
 14:56:12.559,eb:33:2e:f9:57:b5, 2085-97-72 03:219:254:7698,0.199,-0.149,3.983,-519.775,-484.802,-4.089,-14.37,19.462,67.95
 14:56:12.559,eb:33:2e:f9:57:b5, 2085-97-215 00:95:03:8554,0.018,0,3.833,-515.32,-498.535,54.199,-19.05,14.854,69.769
 14:56:12.559,eb:33:2e:f9:57:b5, 2085-97-147 254:118:15:10936,-0.436,1.033,4.774,-472.168,-516.174,125.427,-23.472,10.36,72.543
 14:56:12.736,eb:33:2e:f9:57:b5, 2085-97-80 250:12:32:12398,-0.983,2.97,5.828,-340.881,-541.504,193.848,-27.004,6.284,76.415
 14:56:12.736,eb:33:2e:f9:57:b5, 2085-97-228 244:71:47:11239,-1.88,5.023,5.773,-188.232,-570.435,258.179,-29.196,2.395,81.085
 14:56:12.736,eb:33:2e:f9:57:b5, 2085-97-79 235:24:60:12338,-3.247,6.594,5.654,-155.518,-569.153,305.298,-30.745,-1.208,86.545
 14:56:12.736,eb:33:2e:f9:57:b5, 2085-97-105 227:169:77:12097,-3.532,8.597,6.29,-149.78,-412.842,280.212,-32.58,-3.933,91.725
 14:56:12.736,eb:33:2e:f9:57:b5, 2085-97-172 229:85:88:8111,-3.315,10.672,5.025,-70.007,-173.584,149.719,-33.937,-5.065,95.158
 14:56:12.736,eb:33:2e:f9:57:b5, 2085-97-165 227:242:73:4634,-3.666,10.451,2.9,7.202,-42.664,-53.833,-34.239,-5.647,95.999
 14:56:12.736,eb:33:2e:f9:57:b5, 2085-97-108 184:129:48:22078,-6.812,7.705,1.899,108.032,-40.283,-217.407,-33.766,-6.52,94.938
 14:56:12.736,eb:33:2e:f9:57:b5, 2085-97-149 200:109:35:-7270,-9.4,5.855,2.883,561.523,506.287,-112.244,-29.064,-5.4,92.884
 14:56:12.766,eb:33:2e:f9:57:b5, 2085-97-09 168:145:35:1198,-3.076,5.981,-4.273,1017.517,391.907,-13.733,-21.028,-1.456,91.362
 14:56:12.766,eb:33:2e:f9:57:b5, 2085-97-01 253:60:08:8888,8.589,6.212,4.196,549.316,-467.407,-17.883,-12.64,-3.543,91.417
 14:56:12.766,eb:33:2e:f9:57:b5, 2085-97-01 07:181:243:2930,0.116,7.838,6.042,108.948,-91.431,-138.794,-10.453,-7.311,92.818
 14:56:12.766,eb:33:2e:f9:57:b5, 2085-97-220 251:81:00:1156,-1.728,-0.401,0.826,79.407,-46.57,83.801,-9.772,-6.817,92.873
 14:56:12.766,eb:33:2e:f9:57:b5, 2085-97-136 255:03:04:1171,-0.938,-0.57,-0.616,86.609,-104.553,36.743,-8.833,-7.075,93.34
 14:56:12.767,eb:33:2e:f9:57:b5, 2085-97-117 04:191:04:2308,0.863,0.609,-0.51,20.813,-94.299,0.977,-8.218,-7.844,93.56
 14:56:12.767,eb:33:2e:f9:57:b5, 2085-97-93 01:248:255:2971,0.011,0.395,1.789,4.333,4.089,-30.396,-8.152,-8.383,93.538
 14:56:12.767,eb:33:2e:f9:57:b5, 2085-97-123 255:149:00:1969,0.042,0,1.193,29.846,-6.348,-17.883,-7.817,-8.405,93.279
 14:56:12.826,eb:33:2e:f9:57:b5, 2085-97-87 02:217:01:2446,0.238,0.187,0.88,21.851,-2.319,-20.813,-7.515,-8.509,93.186
 14:56:12.826,eb:33:2e:f9:57:b5, 2085-97-62 00:72:00:2332,-0.095,0.15,1.257,19.47,40.833,-28.625,-7.174,-8.322,92.878
 14:56:12.826,eb:33:2e:f9:57:b5, 2085-97-66 255:21:00:2222,0.013,-0.038,1.106,23.987,43.823,-16.357,-6.921,-7.905,92.67
 14:56:12.826,eb:33:2e:f9:57:b5, 2085-97-248 01:203:01:2574,0.245,0.097,1.148,25.146,46.631,-11.902,-6.548,-7.493,92.483
 14:56:12.828,eb:33:2e:f9:57:b5, 2085-97-55 01:18:01:3039,0.135,0.149,1.398,19.714,94.421,-17.09,-6.295,-6.812,92.318
 14:56:12.828,eb:33:2e:f9:57:b5, 2085-97-41 01:254:00:4058,0.309,0.021,1.733,20.63,133.057,-10.498,-5.977,-5.663,92.043
 14:56:12.828,eb:33:2e:f9:57:b5, 2085-97-28 04:34:05:6102,0.169,0.267,2.441,35.461,166.443,-16.357,-5.685,-4.191,91.835
 14:56:12.828,eb:33:2e:f9:57:b5, 2085-97-171 01:07:253:9695,0.142,0.053,4.231,113.037,204.956,-46.082,-4.823,-2.39,91.285
 14:56:12.856,eb:33:2e:f9:57:b5, 2085-97-252 02:109:252:8086,0.457,-0.39,4.101,199.158,285.095,-23.865,-3.219,0.181,90.851
 14:56:12.856,eb:33:2e:f9:57:b5, 2085-97-60 04:164:250:9259,0.538,-0.459,4.16,279.663,314.087,-11.475,-0.687,3.17,90.588
 14:56:12.856,eb:33:2e:f9:57:b5, 2085-97-166 06:186:246:7997,1.354,-1.039,4.301,354.248,369.751,11.414,2.521,6.63,90.731
 14:56:12.856,eb:33:2e:f9:57:b5, 2085-97-63 12:189:247:6321,1.432,-1.138,3.451,434.57,407.288,8.24,6.652,10.536,91.192
 14:56:12.886,eb:33:2e:f9:57:b5, 2085-97-198 09:108:248:6460,0.726,-1.037,2.9,515.747,400.696,-17.639,11.574,14.573,91.873
 14:56:12.886,eb:33:2e:f9:57:b5, 2085-97-54 03:200:250:6920,0.388,-0.772,3.213,595.215,378.357,-35.95,17.452,18.468,92.664
 14:56:12.886,eb:33:2e:f9:57:b5, 2085-97-239 03:63:00:8597,0.388,-0.292,3.645,676.025,258.545,-37.598,24.12,21.61,93.582
 14:56:12.887,eb:33:2e:f9:57:b5, 2085-113-81 00:177:168:-1302,0.615,0,4.536,778.992,116.089,-53.589,31.707,23.346,94.136
 14:56:12.915,eb:33:2e:f9:57:b5, 2085-97-04 01:212:254:6403,-0.531,-0.128,4.363,804.81,91.98,-67.688,35.717,23.928,94.164
 14:56:12.915,eb:33:2e:f9:57:b5, 2085-97-152 252:180:05:4534,-0.312,0.619,2.22,656.982,28.564,-92.834,43.022,24.917,93.889
 14:56:12.915,eb:33:2e:f9:57:b5, 2085-97-115 249:221:244:3601,-1.438,-0.311,1.79,374.146,109.009,-143.372,47.961,26.202,93.439
 14:56:12.915,eb:33:2e:f9:57:b5, 2085-97-235 247:71:248:5306,-0.554,-2.144,3.141,170.349,332.886,-65.125,50.845,28.504,94.466
 14:56:12.975,eb:33:2e:f9:57:b5, 2085-97-77 05:150:04:6875,0.948,0.25,1.347,83.557,343.445,-1.343,53.899,31.042,97.872
 14:56:12.975,eb:33:2e:f9:57:b5, 2085-97-78 09:41:08:6222,1.196,0.863,3.38,79.651,276.306,23.682,56.266,32.679,101.047
 14:56:12.975,eb:33:2e:f9:57:b5, 2085-97-164 09:24:07:5515,1.208,0.967,2.821,112.366,173.279,-10.071,58.53,33.75,103.31
 14:56:12.975,eb:33:2e:f9:57:b5, 2085-97-118 09:198:06:5203,1.158,0.859,2.586,115.234,105.286,-62.866,60.359,34.761,104.491
 14:56:13.005,eb:33:2e:f9:57:b5, 2085-97-242 08:134:02:6464,1.082,0.671,2.783,87.036,49.622,-125.366,61.512,35.92,104.711
 14:56:13.005,eb:33:2e:f9:57:b5, 2085-97-219 07:177:253:6969,0.866,-0.038,3.426,46.814,61.584,-167.053,61.974,37.485,104.381
 14:56:13.005,eb:33:2e:f9:57:b5, 2085-97-86 06:15:251:6702,0.736,-0.449,3.304,2.441,70.312,-186.34,62.062,39.353,104.161
 14:56:13.005,eb:33:2e:f9:57:b5, 2085-97-154 05:169:245:7079,0.588,-0.922,3.386,-46.082,57.251,-184.204,61.518,41.287,103.694
 14:56:13.036,eb:33:2e:f9:57:b5, 2085-97-108 05:107:241:6587,0.696,-1.629,3.286,-108.643,96.619,-158.264,60.601,43.099,103.519
 14:56:13.036,eb:33:2e:f9:57:b5, 2085-97-133 06:57:240:5749,1.007,-1.924,3.025,-191.284,177.734,-114.014,59.601,44.973,104.277
 14:56:13.036,eb:33:2e:f9:57:b5, 2085-97-239 11:48:243:3859,1.992,-1.894,2.472,-283.752,274.536,-61.218,58.782,46.835,106.54
 14:56:13.036,eb:33:2e:f9:57:b5, 2085-97-42 19:21:247:1354,2.709,-1.312,1.31,-384.583,341.858,-26.917,58.134,48.823,110.27
 14:56:13.096,eb:33:2e:f9:57:b5, 2085-97-04 23:50:248:-1186,3.016,-1.007,0.026,-461.67,348.45,-28.32,57.162,50.867,114.653
 14:56:13.096,eb:33:2e:f9:57:b5, 2085-97-170 25:120:249:-2072,3.349,-0.934,-0.935,-497.07,252.625,-47.913,55.267,52.866,118.427
 14:56:13.096,eb:33:2e:f9:57:b5, 2085-97-137 26:38:251:-1875,3.27,-0.675,-0.992,-491.882,90.515,-75.439,51.564,54.316,120.026
 14:56:13.096,eb:33:2e:f9:57:b5, 2085-97-246 23:101:249:-1039,2.668,-0.698,-0.699,-482.849,-74.585,-89.844,45.862,54.921,119.064
 14:56:13.214,eb:33:2e:f9:57:b5, 2085-97-34 19:00:247:590,2.112,-0.985,-0.188,-490.295,-209.351,-75.134,38.65,54.294,116.213
 14:56:13.214,eb:33:2e:f9:57:b5, 2085-97-247 14:21:246:2462,1.717,-1.217,0.774,-511.108,-285.461,-38.025,31.053,52.515,113.071
 14:56:13.214,eb:33:2e:f9:57:b5, 2085-97-94 13:161:247:4115,1.66,-1.178,1.616,-533.813,-317.749,1.587,23.851,49.801,110.599
 14:56:13.214,eb:33:2e:f9:57:b5, 2085-97-104 13:02:251:5129,1.662,-0.852,2.292,-549.866,-319.153,24.719,17.32,46.752,109.199
 14:56:13.244,eb:33:2e:f9:57:b5, 2085-97-216 13:172:254:5624,1.629,-0.39,2.586,-554.932,-323.914,21.362,11.201,43.517,108.43
 14:56:13.244,eb:33:2e:f9:57:b5, 2085-97-97 12:81:00:5832,1.432,-0.029,2.731,-555.908,-339.233,0.793,5.323,40.237,108.007
 14:56:13.244,eb:33:2e:f9:57:b5, 2085-97-210 10:81:00:6343,1.269,0.05,2.947,-558.044,-360.962,-24.231,-0.5,36.656,107.655
 14:56:13.244,eb:33:2e:f9:57:b5, 2085-97-162 09:217:00:7171,1.149,0.055,3.276,-558.838,-371.948,-40.833,-6.174,32.959,107.562
 14:56:13.515,eb:33:2e:f9:57:b5, 2085-97-01 07:99:02:7604,0.632,0.214,3.771,-559.937,-355.408,-46.814,-11.722,29.174,107.715
 14:56:13.515,eb:33:2e:f9:57:b5, 2085-97-106 04:244:04:7456,0.398,0.438,3.563,-544.495,-360.291,-36.621,-17.023,25.675,108.298
 14:56:13.515,eb:33:2e:f9:57:b5, 2085-97-91 00:191:07:8262,-0.312,0.787,3.868,-516.846,-404.602,-8.667,-21.874,21.874,109.479
 14:56:13.515,eb:33:2e:f9:57:b5, 2085-97-224 250:149:12:9590,-1.127,1.2,4.309,-476.44,-467.773,41.931,-26.131,17.946,111.605
 14:56:13.545,eb:33:2e:f9:57:b5, 2085-97-180 243:192:22:10762,-1.888,2.173,5.029,-422.485,-524.597,126.953,-29.767,13.832,114.851
 14:56:13.545,eb:33:2e:f9:57:b5, 2085-97-215 237:251:37:12199,-2.789,3.674,5.604,-354.919,-543.03,209.229,-32.739,10.118,119.273
 14:56:13.545,eb:33:2e:f9:57:b5, 2085-97-222 228:216:57:12493,-3.722,6.057,6.103,-248.718,-513.184,265.991,-35.019,6.998,124.338
 14:56:13.545,eb:33:2e:f9:57:b5, 2085-97-08 227:73:67:11272,-3.218,7.889,5.992,-107.91,-397.888,258.24,-36.222,4.768,129.287
 14:56:13.547,eb:33:2e:f9:57:b5, 2085-97-167 233:66:79:8069,-2.369,9.22,4.854,-20.935,-159.668,189.026,-36.502,3.862,132.759
 14:56:13.547,eb:33:2e:f9:57:b5, 2085-97-01 239:120:76:3058,-2.042,9.983,2.759,27.283,23.315,30.518,-36.343,4.098,133.956
 14:56:13.547,eb:33:2e:f9:57:b5, 2085-97-230 239:121:64:1927,-1.975,8.847,0.927,64.819,62.195,-129.15,-35.881,4.081,133.165
 14:56:13.547,eb:33:2e:f9:57:b5, 2085-97-176 240:200:51:2519,-1.77,7.279,1.135,115.234,88.989,-236.206,-35.101,3.576,131.204
 14:56:13.551,eb:33:2e:f9:57:b5, 2085-97-163 243:199:34:2573,-1.27,5.506,1.276,190.857,107.422,-292.786,-33.64,2.823,128.386
 14:56:13.551,eb:33:2e:f9:57:b5, 2085-97-168 208:149:220:20206,-2.763,3.022,1.374,440.186,-24.414,-362.671,-31.212,1.934,125.327
 14:56:13.551,eb:33:2e:f9:57:b5, 2085-97-217 199:95:196:-14759,-9.149,1.229,-2.231,709.229,927.795,-169.312,-24.395,6.443,121.657
 14:56:13.551,eb:33:2e:f9:57:b5, 2085-97-137 226:153:08:13004,6.84,2.922,5.093,625.122,-727.966,-80.078,-16.617,5.482,121.273
 14:56:13.551,eb:33:2e:f9:57:b5, 2085-97-110 26:131:03:5362,1.378,5.979,6.22,124.084,-306.519,-84.534,-13.601,-0.835,122.047
 14:56:13.551,eb:33:2e:f9:57:b5, 2085-97-213 251:228:254:1021,-0.063,0.281,3.271,94.116,-42.603,44.922,-13.079,-1.384,122.684
 14:56:13.551,eb:33:2e:f9:57:b5, 2085-97-88 240:215:254:-2149,-2.233,-0.199,1.161,111.633,-47.302,-16.785,-11.854,-1.994,122.871
 14:56:13.551,eb:33:2e:f9:57:b5, 2085-97-191 02:149:04:1887,1.596,-0.168,-1.073,35.767,-183.167,-6.287,-11.102,-3.153,122.992
 14:56:13.665,eb:33:2e:f9:57:b5, 2085-97-151 11:115:04:4446,0.145,0.673,2.023,0.732,-51.819,-29.602,-10.909,-4.411,122.975
 14:56:13.665,eb:33:2e:f9:57:b5, 2085-97-120 01:84:00:1416,-0.303,-0.2,1.319,21.24,7.446,-16.174,-10.811,-4.378,122.723
 14:56:13.665,eb:33:2e:f9:57:b5, 2085-97-195 249:144:249:5892,-0.375,-0.958,1.185,197.998,244.873,-144.165,44.824,34.481,126.804
 14:56:13.665,eb:33:2e:f9:57:b5, 2085-97-06 01:171:14:4016,0.66,0.806,1.86,115.417,385.132,-85.51,47.626,37.639,129.183
 14:56:13.667,eb:33:2e:f9:57:b5, 2085-97-132 06:97:14:8342,1.154,1.958,3.678,52.551,311.829,-92.773,49.927,40.413,131.715
 14:56:13.667,eb:33:2e:f9:57:b5, 2085-97-221 09:255:09:8558,1.359,1.584,4.316,81.848,260.498,-126.465,51.894,43,133.698
 14:56:13.667,eb:33:2e:f9:57:b5, 2085-97-241 11:116:07:7227,1.542,1.029,3.901,94.299,258.179,-156.311,54.053,45.621,135.478
 14:56:13.667,eb:33:2e:f9:57:b5, 2085-97-64 12:33:05:6338,1.557,0.851,3.179,81.97,210.876,-188.782,55.964,48.4,136.928
 14:56:13.670,eb:33:2e:f9:57:b5, 2085-97-124 12:90:255:7379,1.463,0.289,3.364,41.016,161.072,-217.834,57.047,51.004,137.549
 14:56:13.670,eb:33:2e:f9:57:b5, 2085-97-43 11:248:251:6401,1.456,-0.328,3.413,-18.799,177.795,-223.816,57.42,53.795,137.977
 14:56:13.670,eb:33:2e:f9:57:b5, 2085-97-105 12:80:250:5797,1.625,-0.636,2.926,-79.102,181.213,-217.773,57.404,56.514,138.62
 14:56:13.670,eb:33:2e:f9:57:b5, 2085-97-235 12:04:249:5693,1.485,-0.778,2.815,-121.765,182.19,-210.51,56.964,59.304,139.406
 14:56:13.696,eb:33:2e:f9:57:b5, 2085-97-86 10:80:245:4864,1.388,-1.047,2.627,-146.423,150.269,-194.885,56.14,61.815,140.048
 14:56:13.696,eb:33:2e:f9:57:b5, 2085-97-73 10:131:242:3947,1.161,-1.535,2.312,-181.946,131.836,-162.231,54.695,64.05,140.334
 14:56:13.696,eb:33:2e:f9:57:b5, 2085-97-224 08:232:239:2777,1.116,-1.869,1.583,-238.77,120.056,-107.117,53.064,65.759,140.916
 14:56:13.696,eb:33:2e:f9:57:b5, 2085-97-207 09:96:238:1753,1.537,-2.144,1.134,-320.862,136.597,-29.175,51.603,67.05,142.443
 14:56:13.726,eb:33:2e:f9:57:b5, 2085-97-61 16:60:241:-306,2.422,-2.111,0.441,-434.509,179.932,67.139,51.158,67.758,146.135
 14:56:13.726,eb:33:2e:f9:57:b5, 2085-97-55 23:157:247:-2999,3.244,-1.497,-0.941,-552.002,154.846,133.362,51.224,68.027,151.672
 14:56:13.726,eb:33:2e:f9:57:b5, 2085-97-119 28:83:254:-2757,3.717,-0.612,-1.667,-612.061,16.296,143.86,49.131,67.385,155.847
 14:56:13.726,eb:33:2e:f9:57:b5, 2085-97-165 29:158:02:-445,3.616,0.083,-0.789,-586.06,-167.114,122.253,43.802,65.819,156.671
 14:56:13.786,eb:33:2e:f9:57:b5, 2085-97-58 26:138:03:1418,3.163,0.467,0.541,-530.579,-298.218,95.886,36.568,63.111,154.841
 14:56:13.786,eb:33:2e:f9:57:b5, 2085-97-43 23:75:03:3273,2.754,0.45,1.282,-502.197,-354.553,73.181,29.344,59.832,152.485
 14:56:13.786,eb:33:2e:f9:57:b5, 2085-113-58 00:10:246:-9690,2.592,0.44,1.922,-497.192,-357.178,47.363,22.648,56.228,150.491
 14:56:13.786,eb:33:2e:f9:57:b5, 2085-97-113 19:84:04:3918,2.224,0.495,1.994,-501.221,-355.347,31.372,19.479,54.498,149.711
 14:56:13.786,eb:33:2e:f9:57:b5, 2085-97-115 16:26:05:3563,1.905,0.571,1.753,-515.076,-369.019,-6.775,13.167,50.883,148.195
 14:56:13.816,eb:33:2e:f9:57:b5, 2085-97-215 13:28:06:3971,1.413,0.706,1.816,-526.794,-394.897,-42.48,6.866,47.153,146.799
 14:56:13.816,eb:33:2e:f9:57:b5, 2085-97-59 06:111:05:3178,0.261,0.75,1.95,-524.902,-417.053,-59.875,0.747,42.99,145.624
 14:56:13.816,eb:33:2e:f9:57:b5, 2085-97-191 254:174:03:3139,-0.481,0.55,1.381,-476.379,-496.094,-47.791,-4.614,38.403,145.129
 14:56:13.816,eb:33:2e:f9:57:b5, 2085-97-105 249:159:02:5189,-1.153,0.35,2.071,-421.997,-552.734,-2.686,-8.811,32.915,145.602
 14:56:13.847,eb:33:2e:f9:57:b5, 2085-97-110 244:65:04:5801,-1.683,0.395,2.791,-387.817,-508.362,64.941,-12.074,27.724,147.14
 14:56:13.847,eb:33:2e:f9:57:b5, 2085-97-128 241:107:08:5232,-1.829,0.745,2.705,-364.624,-426.453,131.226,-14.854,23.313,149.436
 14:56:13.847,eb:33:2e:f9:57:b5, 2085-97-155 241:249:14:5159,-1.776,1.433,2.495,-329.834,-377.991,182.983,-17.287,19.968,152.309
 14:56:13.847,eb:33:2e:f9:57:b5, 2085-97-93 241:117:23:5487,-2.032,2.364,2.587,-278.564,-384.277,213.379,-19.286,16.891,155.577
 14:56:14.055,eb:33:2e:f9:57:b5, 2085-97-151 237:132:32:7349,-2.601,3.533,2.917,-255.554,-428.65,227.234,-20.94,13.826,159.23
 14:56:14.055,eb:33:2e:f9:57:b5, 2085-97-181 232:08:44:9946,-3.175,4.667,4.371,-280.212,-370.361,226.257,-22.841,10.745,162.955
 14:56:14.055,eb:33:2e:f9:57:b5, 2085-97-103 229:211:58:10335,-3.302,6.499,5.087,-254.639,-219.177,189.087,-25.054,8.965,166.119
 14:56:14.055,eb:33:2e:f9:57:b5, 2085-97-212 230:149:62:8836,-2.783,7.751,4.76,-130.554,-101.013,95.276,-26.686,8.13,168.052
 14:56:14.175,eb:33:2e:f9:57:b5, 2085-97-217 238:242:63:6474,-1.4,7.875,3.724,2.686,-12.756,-18.738,-27.142,7.822,168.613
 14:56:14.176,eb:33:2e:f9:57:b5, 2085-97-223 248:10:63:3067,-0.62,8.073,2.237,63.11,74.158,-156.86,-26.818,7.652,167.624
 14:56:14.176,eb:33:2e:f9:57:b5, 2085-97-78 250:07:50:2010,-1.104,7.281,1.068,93.567,87.708,-270.02,-26.367,7.443,165.245
 14:56:14.177,eb:33:2e:f9:57:b5, 2085-97-34 243:146:32:1660,-2.017,5.123,0.88,174.744,61.218,-312.561,-25.334,6.729,162.169
 14:56:14.177,eb:33:2e:f9:57:b5, 2085-97-236 237:140:18:2701,-2.302,3.101,1.009,278.625,38.818,-266.174,-23.324,5.905,159.329
 14:56:14.177,eb:33:2e:f9:57:b5, 2085-97-56 192:205:214:18486,-2.701,1.677,1.548,369.141,96.863,-170.715,-20.193,5.674,157.061
 14:56:14.177,eb:33:2e:f9:57:b5, 2085-97-151 228:168:244:1110,1.021,-1.423,6.783,419.983,589.539,-337.402,-14.804,8.405,153.831
 14:56:14.177,eb:33:2e:f9:57:b5, 2085-97-62 06:191:01:6551,3.335,-0.226,2.172,192.139,-377.747,-268.127,-12.964,6.257,151.035
 14:56:14.179,eb:33:2e:f9:57:b5, 2085-97-68 01:151:253:2135,-0.572,0.757,4.417,19.714,-21.606,47.607,-12.327,4.9,150.452
 14:56:14.179,eb:33:2e:f9:57:b5, 2085-97-103 255:15:01:2199,-0.453,-0.013,0.699,60.791,-101.868,70.435,-11.678,4.362,151.249
 14:56:14.179,eb:33:2e:f9:57:b5, 2085-97-00 254:103:00:1667,-0.912,0.134,0.218,56.458,-82.397,6.226,-11.047,3.702,151.716
 14:56:14.179,eb:33:2e:f9:57:b5, 2085-97-01 254:169:00:1666,0.441,-0.026,0.127,40.405,-97.839,-16.846,-10.47,2.928,151.743
 14:56:14.181,eb:33:2e:f9:57:b5, 2085-97-100 04:252:01:2921,0.107,0.432,1.125,15.015,-45.593,-33.203,-10.184,2.082,151.655
 14:56:14.181,eb:33:2e:f9:57:b5, 2085-97-210 01:85:00:2743,0.18,-0.102,1.279,16.785,-12.024,-15.564,-9.998,1.879,151.403
 14:56:14.182,eb:33:2e:f9:57:b5, 2085-97-189 254:189:255:2215,-0.419,0.017,1.309,41.443,-17.883,-16.968,-9.695,1.697,151.32
 14:56:14.182,eb:33:2e:f9:57:b5, 2085-97-15 251:10:251:3410,-1.149,-0.187,0.948,49.988,-53.162,-0.366,-9.135,1.313,151.26
 14:56:14.184,eb:33:2e:f9:57:b5, 2085-97-196 251:192:250:5387,0.282,-1.541,3.079,47.607,39.307,93.994,-8.608,1.126,151.683
 14:56:14.184,eb:33:2e:f9:57:b5, 2085-97-09 09:169:06:6752,1.007,0.258,2.714,83.618,52.368,111.206,-7.888,1.89,152.754
 14:56:14.184,eb:33:2e:f9:57:b5, 2085-97-252 10:236:00:8708,1.616,0.032,4.094,175.293,77.087,49.377,-6.493,2.351,153.391
 14:56:14.184,eb:33:2e:f9:57:b5, 2085-97-75 13:04:00:7892,1.521,0.132,3.928,234.009,186.523,22.095,-4.323,3.735,153.616
 14:56:14.235,eb:33:2e:f9:57:b5, 2085-97-175 11:237:251:7824,0.008,-0.269,3.892,289.795,277.588,-0.305,-1.681,6.114,153.605
 14:56:14.235,eb:33:2e:f9:57:b5, 2085-97-221 03:68:254:8542,1.073,-1.736,4.809,215.271,487.671,-55.42,46.95,43.154,162.977
 14:56:14.235,eb:33:2e:f9:57:b5, 2085-97-14 16:14:11:7273,1.919,1.322,1.854,156.982,458.74,-28.687,52.822,46.78,168.426
 14:56:14.235,eb:33:2e:f9:57:b5, 2085-97-51 16:85:06:7898,2.062,1,4.019,127.991,324.28,-38.94,57.409,49.081,172.908
 14:56:14.266,eb:33:2e:f9:57:b5, 2085-97-55 15:232:01:7668,1.618,0.542,3.717,151.367,199.097,-96.375,61.035,50.999,175.809
 14:56:14.266,eb:33:2e:f9:57:b5, 2085-97-155 10:181:250:8734,1.103,-0.195,3.989,136.23,102.661,-155.396,63.298,52.674,176.841
 14:56:14.266,eb:33:2e:f9:57:b5, 2085-97-206 07:138:244:8867,0.998,-1.094,4.427,52.429,113.037,-184.875,64.429,54.684,177.089
 14:56:14.266,eb:33:2e:f9:57:b5, 2085-97-106 09:07:242:7181,1.446,-1.68,4.096,-87.708,205.261,-170.959,65.171,56.865,178.292
 14:56:14.295,eb:33:2e:f9:57:b5, 2085-97-71 15:52:245:5262,2.3,-1.581,2.906,-229.309,280.09,-147.705,66.187,59.332,-178.434
 14:56:14.295,eb:33:2e:f9:57:b5, 2085-97-137 20:36:248:3523,2.764,-1.104,2.212,-325.745,297.607,-148.315,66.978,61.705,-174.227
 14:56:14.295,eb:33:2e:f9:57:b5, 2085-97-24 24:184:248:632,3.182,-0.941,1.042,-415.283,282.288,-156.555,67.379,64.254,-169.519
 14:56:14.295,eb:33:2e:f9:57:b5, 2085-97-112 25:112:247:-1415,3.026,-0.939,-0.352,-497.131,203.369,-165.222,66.143,66.588,-165.767
 14:56:14.594,eb:33:2e:f9:57:b5, 2085-97-143 23:42:243:-1501,2.962,-1.36,-0.873,-539.49,55.542,-167.725,61.935,68.659,-164.608
 14:56:14.594,eb:33:2e:f9:57:b5, 2085-97-216 23:154:242:383,2.792,-1.704,-0.262,-547.18,-98.694,-129.944,53.438,69.615,-167.822
 14:56:14.594,eb:33:2e:f9:57:b5, 2085-97-62 21:136:243:1287,2.616,-1.629,0.339,-551.331,-191.956,-68.42,43.253,69.34,-172.798
 14:56:14.594,eb:33:2e:f9:57:b5, 2085-97-122 20:62:246:2799,2.528,-1.414,1.043,-555.237,-261.292,-5.249,33.256,67.577,-177.567
 14:56:14.716,eb:33:2e:f9:57:b5, 2085-97-121 20:136:250:3820,2.565,-0.969,1.621,-557.983,-308.838,42.48,24.966,64.951,179.484
 14:56:14.716,eb:33:2e:f9:57:b5, 2085-97-136 20:54:254:4457,2.521,-0.431,2.033,-562.927,-344.543,60.791,17.902,61.556,177.88
 14:56:14.716,eb:33:2e:f9:57:b5, 2085-97-155 19:98:01:5106,2.277,-0.028,2.306,-568.542,-378.784,52.185,11.624,57.881,177.177
 14:56:14.716,eb:33:2e:f9:57:b5, 2085-97-186 16:151:04:5484,1.973,0.394,2.573,-575.256,-403.564,33.569,5.581,53.8,176.83
 14:56:14.836,eb:33:2e:f9:57:b5, 2085-97-153 14:223:06:6127,1.694,0.721,2.891,-565.491,-430.786,14.282,-0.093,49.581,176.885
 14:56:14.836,eb:33:2e:f9:57:b5, 2085-97-248 10:224:08:6157,0.921,1.007,3.117,-546.814,-437.256,2.93,-5.394,45.06,177.253
 14:56:14.836,eb:33:2e:f9:57:b5, 2085-97-48 05:93:10:5633,0.404,1.196,2.751,-519.165,-453.796,13.245,-10.118,40.715,178.198
 14:56:14.836,eb:33:2e:f9:57:b5, 2085-97-129 00:34:12:6766,-0.323,1.409,3.016,-471.497,-499.756,39.368,-14.09,35.909,179.775
 14:56:14.894,eb:33:2e:f9:57:b5, 2085-97-134 250:41:15:7443,-1.055,1.671,3.493,-422.241,-525.085,84.29,-17.216,31.124,-177.803
 14:56:14.894,eb:33:2e:f9:57:b5, 2085-97-201 245:116:23:8286,-1.449,2.325,3.837,-367.31,-521.729,147.766,-19.688,26.34,-174.672
 14:56:14.894,eb:33:2e:f9:57:b5, 2085-97-231 242:211:38:8874,-1.869,3.792,4.229,-304.688,-497.803,199.402,-21.473,22.209,-170.87
 14:56:14.894,eb:33:2e:f9:57:b5, 2085-97-33 239:53:57:8671,-2.335,6.012,4.312,-219.788,-492.493,218.872,-22.709,18.298,-166.816
 14:56:14.896,eb:33:2e:f9:57:b5, 2085-97-244 234:145:71:8833,-2.983,8.163,4.212,-102.539,-510.193,199.951,-23.126,14.507,-162.724
 14:56:14.896,eb:33:2e:f9:57:b5, 2085-97-00 230:246:77:9384,-3.327,9.442,4.562,4.089,-469.421,148.193,-22.769,10.443,-159.12
 14:56:14.896,eb:33:2e:f9:57:b5, 2085-97-113 230:205:80:7035,-3,9.92,4.114,66.895,-278.564,63.538,-21.967,7.399,-156.687
 14:56:14.896,eb:33:2e:f9:57:b5, 2085-97-216 233:80:77:4810,-2.505,10.055,2.915,101.99,-81.97,-65.979,-21.022,5.696,-156.132
 14:56:14.901,eb:33:2e:f9:57:b5, 2085-97-235 237:07:63:3073,1.168,8.876,1.839,138.794,51.758,-208.618,-19.94,5.197,-157.489
 14:56:14.901,eb:33:2e:f9:57:b5, 2085-97-23 03:112:00:2936,-0.521,0.464,1.906,11.23,24.597,-35.828,-6.24,2.505,-168.893
 14:56:14.901,eb:33:2e:f9:57:b5, 2085-97-172 252:189:254:1484,-0.44,-0.212,0.633,22.888,5.737,-25.574,-6.064,2.785,-169.255
 14:56:14.901,eb:33:2e:f9:57:b5, 2085-97-104 00:05:01:2158,0.486,-0.069,0.704,19.043,-42.603,-6.775,-5.795,2.439,-169.365
 14:56:14.903,eb:33:2e:f9:57:b5, 2085-113-58 00:132:229:-7635,0.375,0.229,1.396,20.142,-3.418,-25.635,-5.603,2.126,-169.481
 14:56:14.903,eb:33:2e:f9:57:b5, 2085-97-174 23:132:246:7839,2.934,0.1,1.329,23.193,11.597,-28.381,-5.499,2.148,-169.623
 14:56:14.903,eb:33:2e:f9:57:b5, 2085-97-135 21:255:247:6648,2.571,-1.205,3.451,520.752,667.786,-58.533,14.123,19.913,-165.542
 14:56:14.903,eb:33:2e:f9:57:b5, 2085-97-204 14:97:00:4864,0.938,-0.399,2.833,654.48,581.177,-95.825,20.528,26.307,-164.246
 14:56:14.925,eb:33:2e:f9:57:b5, 2085-97-177 00:189:10:8081,-0.932,0.669,2.467,828.125,170.166,-173.401,28.251,30.251,-163.839
 14:56:14.925,eb:33:2e:f9:57:b5, 2085-97-32 21:14:10:7387,2.167,0.398,5.736,863.586,-131.836,-243.774,35.623,31.152,-166.377
 14:56:14.925,eb:33:2e:f9:57:b5, 2085-97-209 13:161:250:7309,1.41,0.306,3.541,198.486,-125.061,-374.268,87.737,40.699,-125.464
 14:56:14.925,eb:33:2e:f9:57:b5, 2085-97-204 08:148:237:8515,0.777,-1.574,3.93,87.952,-132.385,-424.561,87.698,44.742,-127.546
 14:56:14.928,eb:33:2e:f9:57:b5, 2085-97-223 03:195:230:7863,0.5,-2.807,4.122,-20.142,-52.063,-384.644,86.671,48.647,-129.232
 14:56:14.928,eb:33:2e:f9:57:b5, 2085-97-119 18:95:241:-2297,2.482,-3.257,3.786,-114.014,32.104,-296.692,85.567,51.998,-129.705
 14:56:14.928,eb:33:2e:f9:57:b5, 2085-97-196 20:231:243:-2358,2.637,-1.622,-1.23,-530.029,-37.598,17.7,74.603,56.777,-121.943
 14:56:14.928,eb:33:2e:f9:57:b5, 2085-97-185 20:154:245:-1053,2.488,-1.429,-0.886,-548.096,-170.41,24.231,67.681,56.206,-123.728
 14:56:15.015,eb:33:2e:f9:57:b5, 2085-97-204 18:248:247:1010,2.183,-1.15,-0.018,-541.26,-272.4,34.424,59.216,54.794,-127.31
 14:56:15.015,eb:33:2e:f9:57:b5, 2085-97-121 16:151:250:2892,1.959,-0.837,1.061,-533.02,-319.458,48.95,50.801,52.712,-131.089
 14:56:15.015,eb:33:2e:f9:57:b5, 2085-97-23 15:201:253:3571,1.824,-0.488,1.631,-538.086,-319.031,57.19,42.825,49.999,-134.379
 14:56:15.015,eb:33:2e:f9:57:b5, 2085-97-23 14:247:00:3700,1.68,-0.064,1.789,-552.734,-320.984,52.063,35.568,47.175,-136.774
 14:56:15.019,eb:33:2e:f9:57:b5, 2085-97-128 12:10:03:3710,1.47,0.27,1.812,-567.566,-340.576,39.062,28.422,44,-138.84
 14:56:15.019,eb:33:2e:f9:57:b5, 2085-97-165 10:185:03:4181,1.103,0.457,1.919,-565.369,-380.493,26.917,21.61,40.578,-140.515
 14:56:15.019,eb:33:2e:f9:57:b5, 2085-97-250 05:97:03:4355,0.449,0.426,2.114,-550.537,-417.542,31.128,15.117,36.53,-141.894
 14:56:15.019,eb:33:2e:f9:57:b5, 2085-97-70 02:38:04:5222,0.109,0.418,2.258,-518.005,-449.524,55.237,9.426,32.195,-142.498
 14:56:15.104,eb:33:2e:f9:57:b5, 2085-97-242 254:50:06:6428,-0.354,0.617,2.934,-485.352,-452.271,91.858,4.449,27.427,-142.35
 14:56:15.104,eb:33:2e:f9:57:b5, 2085-97-62 252:103:10:6568,-0.512,1.005,3.198,-466.553,-408.752,132.69,0.159,23.082,-141.273
 14:56:15.104,eb:33:2e:f9:57:b5, 2085-97-02 252:135:16:6332,-0.447,1.652,3.175,-455.383,-351.807,165.1,-3.9,19.204,-139.57
 14:56:15.104,eb:33:2e:f9:57:b5, 2085-97-230 252:26:25:5925,-0.403,2.567,2.993,-438.477,-313.843,176.514,-7.723,16.111,-137.411
 14:56:15.106,eb:33:2e:f9:57:b5, 2085-97-34 252:06:36:5802,-0.715,3.769,2.805,-406.555,-313.232,164.429,-11.453,13.184,-135.17
 14:56:15.106,eb:33:2e:f9:57:b5, 2085-97-197 247:142:51:6444,-1.439,5.417,2.975,-350.037,-334.656,138.123,-14.788,10.377,-132.907
 14:56:15.106,eb:33:2e:f9:57:b5, 2085-97-166 241:93:65:6803,-2.11,7.408,3.206,-209.106,-372.742,101.685,-17.347,7.158,-130.781
 14:56:15.106,eb:33:2e:f9:57:b5, 2085-97-95 236:252:68:7317,-2.791,8.567,3.519,-11.841,-397.034,58.655,-18.171,3.691,-128.831
 14:56:15.285,eb:33:2e:f9:57:b5, 2085-97-55 231:17:67:7526,-3.272,8.505,3.641,134.644,-366.76,22.339,-17.397,-0.011,-127.299
 14:56:15.285,eb:33:2e:f9:57:b5, 2085-97-103 229:145:64:5796,-3.129,8.296,3.467,154.053,-226.379,-12.817,-15.859,-2.856,-126.403
 14:56:15.285,eb:33:2e:f9:57:b5, 2085-97-171 232:248:56:3501,-2.757,7.641,2.174,115.845,-52.979,-57.434,-14.573,-4.307,-126.431
 14:56:15.285,eb:33:2e:f9:57:b5, 2085-97-239 235:19:43:5400,-6.748,6.334,1.297,178.955,43.64,-119.08,-13.129,-4.422,-127.315
 14:56:15.289,eb:33:2e:f9:57:b5, 2085-97-142 228:77:41:-9825,-4.407,3.283,7.779,648.254,575.317,-112.976,-8.855,-3.45,-128.568
 14:56:15.289,eb:33:2e:f9:57:b5, 2085-97-71 15:97:07:11075,-4.071,-0.709,-0.061,97.473,-288.513,107.422,-5.037,-1.577,-131.792
 14:56:15.289,eb:33:2e:f9:57:b5, 2085-97-53 07:119:248:2923,-0.993,-3.57,-3.812,53.589,-134.399,51.819,-4.477,-1.181,-132.737
 14:56:15.289,eb:33:2e:f9:57:b5, 2085-97-55 253:91:04:446,-0.629,-0.148,0.561,57.434,-111.511,113.159,-3.922,-2.296,-131.627
 14:56:15.345,eb:33:2e:f9:57:b5, 2085-97-42 08:68:06:2911,0.771,0.054,0.13,30.334,-112.488,42.175,-3.609,-3.17,-130.897
 14:56:15.345,eb:33:2e:f9:57:b5, 2085-97-215 255:255:00:1579,0.932,0.566,1.344,6.531,27.222,-25.146,-3.439,-3.538,-130.891
 14:56:15.345,eb:33:2e:f9:57:b5, 2085-97-179 01:00:00:2726,-0.846,0.292,1.847,17.883,46.448,-42.114,-3.279,-3.538,-131.182
 14:56:15.345,eb:33:2e:f9:57:b5, 2085-97-228 252:123:254:1599,-0.249,-0.365,0.351,22.644,6.47,-15.625,-3.027,-3.065,-131.578
 14:56:15.347,eb:33:2e:f9:57:b5, 2085-97-74 02:63:01:2595,0.748,-0.048,0.827,20.447,-28.381,4.395,-2.802,-3.312,-131.583
 14:56:15.347,eb:33:2e:f9:57:b5, 2085-97-249 03:180:00:3187,0.135,0.257,1.658,30.518,20.691,-10.437,-2.532,-3.455,-131.605
 14:56:15.347,eb:33:2e:f9:57:b5, 2085-97-209 254:04:255:2403,0.026,-0.058,1.281,37.476,58.838,2.625,-2.148,-3.065,-131.688
 14:56:15.347,eb:33:2e:f9:57:b5, 2085-97-177 02:143:00:3298,-0.367,0.007,1.44,40.1,66.711,15.747,-1.741,-2.532,-131.572
 14:56:15.349,eb:33:2e:f9:57:b5, 2085-97-229 252:72:251:8652,-0.023,-0.197,2.136,88.989,36.743,20.752,-1.225,-1.813,-131.396
 14:56:15.349,eb:33:2e:f9:57:b5, 2085-97-122 02:254:251:8389,0.566,-0.707,4.813,213.379,76.904,25.879,0.396,-1.395,-131.226
 14:56:15.349,eb:33:2e:f9:57:b5, 2085-97-233 04:121:249:9438,0.595,-0.584,4.143,314.331,100.464,23.743,3.104,-0.577,-130.957
 14:56:15.349,eb:33:2e:f9:57:b5, 2085-97-66 07:232:247:9996,1.391,-1.014,4.832,412.659,182.129,33.569,6.806,0.813,-130.518
 14:56:15.349,eb:33:2e:f9:57:b5, 2085-97-147 13:104:245:8803,2.032,-1.1,4.646,520.691,272.034,6.287,11.536,2.961,-129.924
 14:56:15.351,eb:33:2e:f9:57:b5, 2085-113-58 00:220:231:-7110,2.072,-1.471,3.839,617.737,361.511,-26.123,17.336,6.092,-129.221
 14:56:15.351,eb:33:2e:f9:57:b5, 2085-97-250 14:37:242:7279,1.627,-1.667,3.651,667.053,402.344,-38.818,20.638,7.883,-128.738
 14:56:15.351,eb:33:2e:f9:57:b5, 2085-97-64 11:244:246:8981,1.16,-1.686,3.79,751.038,454.651,-47.913,28.032,12.03,-127.332
 14:56:15.351,eb:33:2e:f9:57:b5, 2085-97-51 04:97:07:11783,0.252,-0.123,4.969,843.445,375.183,-88.989,36.497,15.947,-125.519
 14:56:15.376,eb:33:2e:f9:57:b5, 2085-97-84 04:00:253:10575,0.517,0.524,6.545,900.879,185.73,-131.836,45.533,18.704,-124.772
 14:56:15.376,eb:33:2e:f9:57:b5, 2085-97-82 254:04:04:3028,-0.271,-0.328,2.817,837.83,119.995,-112.915,54.531,20.522,-124.316
 14:56:15.376,eb:33:2e:f9:57:b5, 2085-97-192 01:212:01:3258,0.431,0.716,1.405,601.44,33.264,-144.592,61.573,21.967,-124.514
 14:56:15.376,eb:33:2e:f9:57:b5, 2085-97-38 01:151:248:4703,-0.129,-0.571,1.543,316.711,159.546,-155.945,65.989,23.604,-124.387
 14:56:15.434,eb:33:2e:f9:57:b5, 2085-97-101 00:143:02:4856,0.593,-0.549,2.796,206.116,396.301,-102.783,69.456,25.922,-121.899
 14:56:15.434,eb:33:2e:f9:57:b5, 2085-97-92 08:42:05:9022,1.406,0.678,3.484,111.023,413.086,-52.979,72.768,27.889,-117.79
 14:56:15.434,eb:33:2e:f9:57:b5, 2085-97-151 13:173:01:9391,1.884,0.561,4.61,142.639,337.891,-21.545,75.927,29.229,-113.73
 14:56:15.434,eb:33:2e:f9:57:b5, 2085-97-57 16:133:251:7560,2.075,-0.256,4.239,193.42,265.137,-17.334,79.189,29.954,-110.479
 14:56:15.465,eb:33:2e:f9:57:b5, 2085-97-252 15:20:252:4929,1.837,-0.618,3.034,197.327,184.021,-25.146,82.463,30.515,-107.963
 14:56:15.465,eb:33:2e:f9:57:b5, 2085-97-179 12:124:252:4265,1.255,-0.39,2.064,145.691,56.396,-55.847,84.743,30.954,-106.705
 14:56:15.465,eb:33:2e:f9:57:b5, 2085-97-201 08:03:250:5957,0.951,-0.594,2.323,72.388,-54.443,-85.815,85.693,31.674,-106.886
 14:56:15.465,eb:33:2e:f9:57:b5, 2085-97-90 06:236:249:7767,0.69,-0.768,3.402,12.085,-85.632,-103.699,85.419,32.476,-107.93
 14:56:15.494,eb:33:2e:f9:57:b5, 2085-97-172 04:180:248:8273,0.427,-0.797,3.999,-18.555,-68.97,-118.53,84.776,33.53,-108.99
 14:56:15.494,eb:33:2e:f9:57:b5, 2085-97-05 03:28:244:7957,0.352,-1.117,3.997,-28.687,-46.082,-120.3,83.936,34.574,-109.858
 14:56:15.494,eb:33:2e:f9:57:b5, 2085-97-50 02:176:239:6453,0.254,-1.781,3.577,-35.645,-24.536,-104.797,83.309,35.662,-110.418
 14:56:15.494,eb:33:2e:f9:57:b5, 2085-97-242 02:79:236:4850,0.508,-2.282,2.733,-75.012,-2.686,-72.327,82.441,36.42,-110.786
 14:56:15.554,eb:33:2e:f9:57:b5, 2085-97-124 05:212:235:3147,0.824,-2.542,1.948,-153.687,46.021,-25.269,81.403,36.92,-110.594
 14:56:15.554,eb:33:2e:f9:57:b5, 2085-97-96 07:220:237:1014,1.086,-2.398,1.033,-255.981,95.642,25.513,79.722,36.92,-109.742
 14:56:15.554,eb:33:2e:f9:57:b5, 2085-97-201 10:196:241:-1254,1.605,-2.082,-0.041,-355.347,96.985,67.261,77.421,36.634,-108.386
 14:56:15.554,eb:33:2e:f9:57:b5, 2085-97-158 13:98:245:-2964,1.714,-1.496,-1.053,-450.806,58.533,75.012,73.872,36.024,-107.309
 14:56:15.615,eb:33:2e:f9:57:b5, 2085-97-171 14:234:245:-2368,1.941,-1.292,-1.62,-528.992,-40.344,59.998,69.137,35.403,-106.919
 14:56:15.615,eb:33:2e:f9:57:b5, 2085-97-207 15:125:248:216,1.917,-1.137,-0.505,-555.176,-163.33,37.781,62.946,34.42,-107.99
 14:56:15.615,eb:33:2e:f9:57:b5, 2085-97-57 14:32:251:2116,1.622,-0.752,0.632,-554.443,-254.395,16.846,56.228,33.091,-110.094
 14:56:15.615,eb:33:2e:f9:57:b5, 2085-97-249 11:175:252:3464,1.386,-0.5,1.361,-554.932,-300.842,-1.892,49.153,31.218,-112.786
 14:56:15.798,eb:33:2e:f9:57:b5, 2085-97-20 10:111:254:4494,1.118,-0.327,2,-561.218,-310.059,-18.494,42.237,29.136,-115.444
 14:56:15.798,eb:33:2e:f9:57:b5, 2085-97-189 07:241:00:4543,0.63,-0.031,2.251,-567.871,-304.688,-31.189,35.327,26.796,-117.911
 14:56:15.798,eb:33:2e:f9:57:b5, 2085-97-11 03:199:01:3710,0.274,0.158,1.958,-569.275,-323.73,-32.593,28.702,24.335,-120.064
 14:56:15.798,eb:33:2e:f9:57:b5, 2085-97-54 01:48:02:4526,-0.022,0.283,1.939,-556.213,-372.192,-20.813,22.225,21.138,-122.02
 14:56:15.826,eb:33:2e:f9:57:b5, 2085-97-49 254:223:02:5328,-0.404,0.276,2.461,-542.175,-376.526,6.714,16.271,17.595,-123.415
 14:56:15.826,eb:33:2e:f9:57:b5, 2085-97-132 251:67:06:5582,-0.718,0.534,2.688,-524.414,-358.948,41.748,10.668,13.826,-124.074
 14:56:15.826,eb:33:2e:f9:57:b5, 2085-97-149 248:115:12:5581,-1.091,1.102,2.721,-505.615,-347.839,75.439,5.543,10.267,-123.975
 14:56:15.826,eb:33:2e:f9:57:b5, 2085-97-46 246:241:19:6007,-1.329,1.991,2.813,-480.713,-349.426,106.628,0.632,6.603,-123.234
 14:56:15.826,eb:33:2e:f9:57:b5, 2085-97-179 244:162:29:6253,-1.523,3.077,3.037,-463.806,-332.947,121.582,-3.961,3.208,-121.97
 14:56:15.826,eb:33:2e:f9:57:b5, 2085-97-00 243:126:40:5954,-1.747,4.35,2.981,-458.862,-295.105,114.929,-8.613,0.11,-120.443
 14:56:15.826,eb:33:2e:f9:57:b5, 2085-97-62 240:231:55:6707,-2.313,5.941,2.982,-438.232,-269.409,86.67,-13.156,-2.428,-118.927
 14:56:15.826,eb:33:2e:f9:57:b5, 2085-97-64 234:185:70:8335,-3.065,8.049,3.666,-319.946,-287.415,31.921,-17.155,-5.043,-117.636
 14:56:15.828,eb:33:2e:f9:57:b5, 2085-97-141 228:14:71:9357,-3.637,9.044,4.419,-108.826,-289.307,-32.043,-19.314,-7.888,-116.735
 14:56:15.828,eb:33:2e:f9:57:b5, 2085-97-46 227:206:68:9123,-3.364,8.752,4.569,58.35,-166.809,-74.097,-19.479,-10.349,-116.477
 14:56:15.828,eb:33:2e:f9:57:b5, 2085-97-140 232:217:62:6351,-2.522,8.322,3.925,124.817,23.01,-122.375,-18.32,-11.255,-117.23
 14:56:15.828,eb:33:2e:f9:57:b5, 2085-97-245 237:78:52:2403,-2.13,7.257,2.129,158.203,139.404,-170.898,-16.567,-10.844,-118.982
 14:56:15.857,eb:33:2e:f9:57:b5, 2085-97-147 239:253:33:-400,-2.249,5.564,0.357,236.816,108.521,-194.946,-14.2,-10.058,-121.185
 14:56:15.858,eb:33:2e:f9:57:b5, 2085-97-172 250:50:01:397,1.664,-0.317,-1.458,-6.226,-101.929,115.356,-5.927,-2.769,-126.293
 14:56:15.858,eb:33:2e:f9:57:b5, 2085-97-77 08:78:05:3249,-0.199,0.626,2.546,13.489,-63.232,34.302,-5.949,-4.208,-125.365
 14:56:15.858,eb:33:2e:f9:57:b5, 2085-97-176 11:121:03:5872,0.406,0.014,0.49,10.925,-42.847,-4.028,-5.845,-4.224,-125.376
 14:56:15.916,eb:33:2e:f9:57:b5, 2085-97-122 250:209:253:624,-1.311,0.088,1.336,41.016,117.981,-60.059,-5.493,-3.571,-125.876
 14:56:15.917,eb:33:2e:f9:57:b5, 2085-97-186 251:247:254:1439,0.012,-0.396,-0.283,14.038,-1.16,0.061,-5.18,-2.966,-126.211
 14:56:15.917,eb:33:2e:f9:57:b5, 2085-97-32 02:47:00:3200,0.486,0.01,1.248,13.306,-14.404,11.475,-5.065,-3.208,-126.101
 14:56:15.917,eb:33:2e:f9:57:b5, 2085-97-202 01:245:255:3224,0.364,0.138,1.63,21.973,49.927,13.306,-4.839,-3.104,-125.975
 14:56:15.917,eb:33:2e:f9:57:b5, 2085-97-96 255:195:254:3894,-0.953,0.12,1.442,41.321,54.504,25.513,-4.543,-2.472,-125.815
 14:56:15.917,eb:33:2e:f9:57:b5, 2085-97-102 251:114:250:8844,-0.254,-1.018,3.781,175.415,-68.787,36.743,-3.488,-2.703,-125.513
 14:56:15.917,eb:33:2e:f9:57:b5, 2085-97-45 00:164:245:11662,0.253,-0.861,4.927,309.387,-55.298,13.123,-1.027,-3.318,-125.239
 14:56:15.918,eb:33:2e:f9:57:b5, 2085-97-94 04:199:244:10640,0.888,-1.374,5.541,457.52,44.739,32.898,2.895,-3.356,-124.969
 14:56:15.944,eb:33:2e:f9:57:b5, 2085-97-52 08:231:240:10275,1.421,-1.635,5.138,595.276,109.436,25.94,8.223,-2.609,-124.601
 14:56:15.944,eb:33:2e:f9:57:b5, 2085-97-230 14:57:238:9969,1.848,-2.113,4.844,733.643,196.167,2.93,14.925,-1.143,-124.113
 14:56:15.944,eb:33:2e:f9:57:b5, 2085-97-87 11:73:241:9447,1.737,-2.231,4.44,884.46,283.997,-35.461,23.082,1.269,-123.486
 14:56:15.944,eb:33:2e:f9:57:b5, 2085-97-157 16:242:03:11004,1.053,-1.036,4.947,1027.588,300.293,-39.49,32.778,4.109,-122.404
 14:56:15.975,eb:33:2e:f9:57:b5, 2085-97-118 03:48:253:16925,-0.27,1.558,7.229,1133.972,-18.005,-205.139,43.66,5.971,-122.492
 14:56:15.975,eb:33:2e:f9:57:b5, 2085-97-163 246:111:248:5564,-0.814,-1.369,5.552,1033.386,9.399,-167.236,54.454,7.256,-123.942
 14:56:15.975,eb:33:2e:f9:57:b5, 2085-97-85 02:238:10:4014,0.936,0.797,1.482,789.062,-52.429,-138.306,63.408,8.333,-124.832
 14:56:15.975,eb:33:2e:f9:57:b5, 2085-97-113 07:118:253:5275,0.741,0.564,2.815,496.338,76.904,-232.239,69.51,9.992,-125.651
 14:56:16.036,eb:33:2e:f9:57:b5, 2085-97-69 04:236:04:7970,0.362,0.007,3.414,304.504,371.826,-256.836,73.531,13.079,-124.277
 14:56:16.036,eb:33:2e:f9:57:b5, 2085-97-138 05:222:08:11610,1.051,1.454,4.254,164.307,563.721,-220.886,77.009,16.562,-119.844
 14:56:16.036,eb:33:2e:f9:57:b5, 2085-97-244 12:255:255:11411,1.936,0.604,5.827,148.132,502.93,-129.15,80.057,19.325,-114.554
 14:56:16.036,eb:33:2e:f9:57:b5, 2085-97-22 17:87:246:9457,2.268,-0.639,5.058,188.965,389.954,-61.462,83.238,20.77,-110.11
 14:56:16.096,eb:33:2e:f9:57:b5, 2085-97-04 19:227:243:7093,2.365,-1.489,4.021,209.839,305.359,-20.752,86.594,21.451,-106.441
 14:56:16.096,eb:33:2e:f9:57:b5, 2085-97-07 18:183:243:5556,2.016,-1.475,2.96,189.636,165.894,-10.071,89.451,21.588,-103.98
 14:56:16.096,eb:33:2e:f9:57:b5, 2085-97-07 14:10:241:4916,1.562,-1.728,2.628,117.126,44.617,-21.484,91.346,21.747,-102.975
 14:56:16.096,eb:33:2e:f9:57:b5, 2085-97-58 13:172:241:5349,1.411,-1.908,2.237,31.738,-32.837,-31.738,91.95,21.945,-102.98
 14:56:16.098,eb:33:2e:f9:57:b5, 2085-97-148 08:56:241:5475,0.909,-1.752,2.67,-40.771,-77.332,-47.974,91.626,22.363,-103.552
 14:56:16.098,eb:33:2e:f9:57:b5, 2085-97-78 05:104:237:6072,0.4,-2.029,2.925,-89.783,-140.93,-58.228,90.363,22.874,-104.832
 14:56:16.098,eb:33:2e:f9:57:b5, 2085-97-05 02:29:233:5209,0.285,-2.61,2.768,-149.597,-164.185,-38.757,88.478,23.357,-106.523
 14:56:16.098,eb:33:2e:f9:57:b5, 2085-97-253 02:89:231:4689,0.535,-2.966,2.437,-222.961,-158.447,0,85.759,23.384,-108.375
 14:56:16.187,eb:33:2e:f9:57:b5, 2085-97-188 05:189:231:3094,0.907,-3.138,2.007,-311.89,-96.252,42.358,82.518,23.027,-109.726
 14:56:16.187,eb:33:2e:f9:57:b5, 2085-97-237 08:66:236:938,1.308,-2.79,0.943,-415.649,-39.551,76.05,78.503,22.242,-110.314
 14:56:16.187,eb:33:2e:f9:57:b5, 2085-97-194 11:165:241:102,1.584,-2.106,0.115,-508.606,-44.983,79.163,73.746,21.368,-110.484
 14:56:16.187,eb:33:2e:f9:57:b5, 2085-97-01 13:181:244:601,1.611,-1.553,0.138,-547.791,-122.314,49.377,68.055,20.407,-111.154
 14:56:16.189,eb:33:2e:f9:57:b5, 2085-97-121 12:34:246:1593,1.487,-1.324,0.51,-548.279,-211.426,10.376,62.034,19.413,-112.703
 14:56:16.189,eb:33:2e:f9:57:b5, 2085-97-40 11:17:248:2897,1.282,-1.105,1.086,-543.762,-273.071,-27.71,55.728,18.133,-115.043
 14:56:16.189,eb:33:2e:f9:57:b5, 2085-97-23 09:181:248:4267,0.99,-0.923,1.731,-552.124,-307.434,-66.406,49.427,16.738,-117.817
 14:56:16.189,eb:33:2e:f9:57:b5, 2085-97-183 06:229:247:5141,0.724,-0.945,2.3,-580.505,-318.42,-102.112,42.83,15.09,-120.844
 14:56:16.218,eb:33:2e:f9:57:b5, 2085-97-148 04:197:247:5912,0.435,-1.052,2.767,-616.333,-306.885,-118.835,36.096,13.376,-123.821
 14:56:16.218,eb:33:2e:f9:57:b5, 2085-97-213 02:188:250:6153,0.29,-0.871,2.918,-644.775,-285.278,-117.31,29.086,11.437,-126.491
 14:56:16.218,eb:33:2e:f9:57:b5, 2085-97-105 01:230:253:6431,0.012,-0.444,3.101,-644.897,-291.565,-109.924,22.192,9.344,-128.798
 14:56:16.218,eb:33:2e:f9:57:b5, 2085-97-206 254:151:255:6451,-0.326,-0.136,3.139,-621.155,-316.772,-87.585,15.491,6.669,-130.759
 14:56:16.276,eb:33:2e:f9:57:b5, 2085-97-172 251:58:01:6576,-0.758,0.03,3.165,-590.149,-347.9,-42.969,9.322,3.554,-132.116
 14:56:16.276,eb:33:2e:f9:57:b5, 2085-113-81 00:103:51:344,-0.959,0.352,3.362,-561.157,-383.606,20.813,3.466,-0.203,-132.621
 14:56:16.276,eb:33:2e:f9:57:b5, 2085-97-230 246:18:08:8202,-1.261,0.636,3.642,-546.509,-396.973,57.495,0.703,-2.17,-132.484
 14:56:16.276,eb:33:2e:f9:57:b5, 2085-97-115 245:150:16:9282,-1.352,1.479,4.367,-516.235,-402.893,128.479,-4.68,-6.158,-131.364
 14:56:16.334,eb:33:2e:f9:57:b5, 2085-97-177 244:175:28:9320,-1.517,2.769,4.511,-502.991,-389.771,179.321,-10.14,-9.987,-129.26
 14:56:16.334,eb:33:2e:f9:57:b5, 2085-97-164 242:251:46:11002,-1.934,4.59,4.838,-507.69,-370.605,199.524,-15.765,-13.26,-126.464
 14:56:16.334,eb:33:2e:f9:57:b5, 2085-97-176 237:133:72:12108,-2.613,7.417,5.879,-449.829,-335.144,174.5,-21.484,-16.073,-123.426
 14:56:16.334,eb:33:2e:f9:57:b5, 2085-97-80 233:189:85:10505,-2.989,10.3,5.538,-256.714,-341.675,83.74,-25.801,-18.616,-120.762
 14:56:16.337,eb:33:2e:f9:57:b5, 2085-97-18 231:254:84:9414,-3.115,10.705,4.845,-27.1,-315.796,-19.043,-27.773,-21.577,-118.878
 14:56:16.337,eb:33:2e:f9:57:b5, 2085-97-193 234:138:75:8459,-6.694,10.238,4.192,127.319,-200.195,-118.958,-27.328,-24.197,-118.29
 14:56:16.337,eb:33:2e:f9:57:b5, 2085-97-136 232:100:62:7557,-2.164,8.563,9.182,423.035,356.323,-155.334,-23.989,-25.345,-119.454
 14:56:16.337,eb:33:2e:f9:57:b5, 2085-97-74 01:186:60:2749,-4.779,4.633,1.173,545.776,473.511,-211.975,-17.221,-22.703,-123.234
 14:56:16.397,eb:33:2e:f9:57:b5, 2085-97-93 240:101:76:7865,-1.344,11.341,7.073,500.977,901.978,-217.651,-10.569,-17.479,-126.606
 14:56:16.397,eb:33:2e:f9:57:b5, 2085-97-126 18:131:38:10137,-5.716,1.751,-0.961,77.942,428.406,145.447,-6.619,-9.624,-130.765
 14:56:16.397,eb:33:2e:f9:57:b5, 2085-97-73 212:78:233:-8491,-3.906,-2.542,-2.979,32.288,685.12,-3.357,-5.949,-2.576,-131.759
 14:56:16.397,eb:33:2e:f9:57:b5, 2085-97-14 235:116:00:-6002,-1.689,-1.304,-3.116,86.487,-126.831,49.316,-4.768,-1.609,-132.248
 14:56:16.425,eb:33:2e:f9:57:b5, 2085-97-108 28:252:06:10374,4.102,-0.064,-1.617,-7.507,-469.727,146.973,-4.79,-4.318,-130.589
 14:56:16.425,eb:33:2e:f9:57:b5, 2085-97-187 253:30:02:949,-0.402,1.358,4.904,15.32,156.372,-5.92,-4.653,-6.301,-129.771
 14:56:16.425,eb:33:2e:f9:57:b5, 2085-97-181 253:217:254:2438,-0.098,0.007,0.15,22.4,35.889,-35.156,-4.307,-5.394,-130.166
 14:56:16.425,eb:33:2e:f9:57:b5, 2085-97-81 254:238:254:2389,-0.187,0.035,1.08,25.085,49.622,-26.062,-4.021,-4.993,-130.479
 14:56:16.485,eb:33:2e:f9:57:b5, 2085-97-195 248:91:254:118,-0.472,-0.07,0.926,12.085,66.589,6.958,-3.746,-4.427,-130.578
 14:56:16.485,eb:33:2e:f9:57:b5, 2085-97-68 09:141:03:4495,1.617,0.051,0.552,-0.366,-37.537,29.297,-3.763,-4.252,-130.309
 14:56:16.485,eb:33:2e:f9:57:b5, 2085-97-110 03:96:01:3730,-1.173,0.829,1.442,-12.085,92.834,-19.897,-3.757,-3.845,-130.276
 14:56:16.485,eb:33:2e:f9:57:b5, 2085-97-105 243:66:246:10818,-0.814,-0.715,3.311,85.999,26.062,-35.767,-3.516,-3.12,-130.649
 14:56:16.546,eb:33:2e:f9:57:b5, 2085-97-64 254:101:248:7688,-0.397,-1.366,5.427,237.549,104.858,8.972,-1.675,-2.648,-130.864
 14:56:16.546,eb:33:2e:f9:57:b5, 2085-97-219 252:55:248:7081,-0.128,-0.77,2.7,317.566,68.909,52.856,1.11,-1.56,-130.474
 14:56:16.546,eb:33:2e:f9:57:b5, 2085-97-36 00:50:245:8979,0.458,-1.224,4.302,412.842,56.946,73.364,4.856,-1.132,-129.809
 14:56:16.546,eb:33:2e:f9:57:b5, 2085-97-111 07:165:243:9692,1.336,-1.41,4.529,538.391,61.584,68.115,9.651,-0.643,-129.007
 14:56:16.546,eb:33:2e:f9:57:b5, 2085-97-231 13:241:239:9523,2.131,-1.814,4.83,660.706,135.193,41.199,15.754,0.132,-128.249
 14:56:16.546,eb:33:2e:f9:57:b5, 2085-97-73 14:178:241:8182,0.984,-2.049,4.434,783.081,292.175,-4.517,23.027,2.098,-127.359
 14:56:16.546,eb:33:2e:f9:57:b5, 2085-97-100 01:164:249:14429,-0.484,-1.463,4.25,918.579,331.299,-43.213,31.767,5.295,-125.953
 14:56:16.546,eb:33:2e:f9:57:b5, 2085-97-51 253:150:246:16944,-0.27,-0.42,9.645,1067.932,190.674,-90.942,41.863,7.69,-125.107
 14:56:16.607,eb:33:2e:f9:57:b5, 2085-97-85 248:90:253:1508,-0.777,-1.221,4.561,993.652,218.872,-38.635,52.597,9.481,-124.074
 14:56:16.609,eb:33:2e:f9:57:b5, 2085-97-128 01:192:11:-456,0.953,1.55,-0.849,739.746,12.634,-35.645,61.37,10.377,-123.151
 14:56:16.609,eb:33:2e:f9:57:b5, 2085-97-186 09:140:02:152,0.719,0.545,-0.135,359.619,49.805,-99.976,66.698,10.964,-123.437
 14:56:16.609,eb:33:2e:f9:57:b5, 2085-97-235 04:227:07:3643,0.442,0.259,1.529,130.432,302.551,-166.931,69.027,13.024,-122.234
 14:56:16.635,eb:33:2e:f9:57:b5, 2085-97-167 03:107:15:7324,0.714,1.797,2.093,39.001,410.034,-195.251,70.576,15.985,-119.141
 14:56:16.635,eb:33:2e:f9:57:b5, 2085-97-238 07:194:11:10506,0.953,1.924,4.651,93.018,297.424,-170.044,72.01,18.875,-116.197
 14:56:16.635,eb:33:2e:f9:57:b5, 2085-97-217 06:89:01:8631,0.851,0.811,4.701,195.068,225.525,-140.381,74.229,21.033,-114.093
 14:56:16.635,eb:33:2e:f9:57:b5, 2085-97-229 06:33:251:8444,0.903,-0.293,4.067,235.718,179.199,-104.37,77.108,22.703,-112.352
 14:56:16.666,eb:33:2e:f9:57:b5, 2085-97-168 07:150:247:8979,0.995,-0.892,4.145,229.797,152.588,-72.266,80.046,23.824,-110.792
 14:56:16.666,eb:33:2e:f9:57:b5, 2085-97-191 07:109:243:8444,1.08,-1.328,4.429,189.697,158.813,-46.814,82.782,24.631,-109.226
 14:56:16.666,eb:33:2e:f9:57:b5, 2085-97-74 09:60:242:6296,1.147,-1.675,3.657,137.695,149.597,-28.32,85.062,25.115,-107.562
 14:56:16.666,eb:33:2e:f9:57:b5, 2085-97-244 09:73:243:4204,1.398,-1.696,2.425,77.698,102.173,-23.315,86.693,25.433,-106.161
 14:56:16.726,eb:33:2e:f9:57:b5, 2085-97-232 10:00:246:4347,1.191,-1.39,2.018,31.372,17.273,-45.959,87.391,25.757,-105.595
 14:56:16.726,eb:33:2e:f9:57:b5, 2085-97-116 08:187:243:5867,0.805,-1.333,2.422,-2.869,-55.115,-77.393,87.363,26.384,-105.903
 14:56:16.726,eb:33:2e:f9:57:b5, 2085-113-81 00:82:37:17535,0.66,-1.751,2.986,-18.799,-90.881,-93.933,86.759,27.18,-106.804
 14:56:16.726,eb:33:2e:f9:57:b5, 2085-97-89 04:169:236:6212,0.436,-1.991,3.096,-24.353,-110.168,-96.436,86.369,27.631,-107.413
 14:56:16.726,eb:33:2e:f9:57:b5, 2085-97-42 03:85:231:4802,0.404,-2.842,2.785,-61.218,-136.719,-82.031,85.139,28.4,-108.979
 14:56:16.815,eb:33:2e:f9:57:b5, 2085-97-150 03:242:230:2929,0.505,-3.159,1.878,-144.775,-129.089,-39.368,83.342,28.872,-110.572
 14:56:16.815,eb:33:2e:f9:57:b5, 2085-97-247 04:163:232:1182,0.783,-3.044,0.964,-258.545,-108.398,16.785,80.53,28.746,-111.956
 14:56:16.815,eb:33:2e:f9:57:b5, 2085-97-147 07:224:235:-204,1.225,-2.739,0.254,-368.958,-91.248,73.059,76.855,28.081,-112.945
 14:56:16.815,eb:33:2e:f9:57:b5, 2085-97-232 11:42:240:-825,1.634,-2.25,-0.296,-458.008,-94.543,101.99,72.224,26.911,-113.714
 14:56:16.817,eb:33:2e:f9:57:b5, 2085-97-148 13:92:243:-474,1.773,-1.749,-0.459,-519.958,-129.517,99.182,66.945,25.565,-114.456
 14:56:16.817,eb:33:2e:f9:57:b5, 2085-97-147 14:122:246:1505,1.827,-1.403,0.26,-542.358,-210.266,73.303,60.958,23.972,-115.801
 14:56:16.817,eb:33:2e:f9:57:b5, 2085-97-52 14:85:250:2908,1.641,-0.923,1.099,-548.828,-289.795,35.583,54.706,22.165,-117.834
 14:56:16.817,eb:33:2e:f9:57:b5, 2085-97-53 12:182:250:4128,1.425,-0.632,1.688,-565.979,-349.854,-7.385,48.093,19.979,-120.509
 14:56:16.846,eb:33:2e:f9:57:b5, 2085-97-186 10:84:250:5599,1.236,-0.706,2.37,-587.036,-381.653,-49.194,41.353,17.567,-123.503
 14:56:16.846,eb:33:2e:f9:57:b5, 2085-97-176 08:48:250:6913,0.826,-0.709,3.051,-600.159,-392.334,-84.656,34.464,14.854,-126.59
 14:56:16.846,eb:33:2e:f9:57:b5, 2085-97-33 04:246:249:7394,0.287,-0.756,3.578,-608.887,-385.132,-102.539,27.724,12.019,-129.512
 14:56:16.846,eb:33:2e:f9:57:b5, 2085-97-09 01:235:250:7622,-0.038,-0.712,3.672,-609.741,-377.747,-97.595,21.077,8.882,-132.078
 14:56:16.875,eb:33:2e:f9:57:b5, 2085-97-21 254:182:252:7498,-0.484,-0.535,3.697,-604.004,-369.507,-71.167,14.749,5.603,-134.05
 14:56:16.875,eb:33:2e:f9:57:b5, 2085-97-26 250:18:00:7490,-1.007,-0.23,3.631,-596.13,-368.774,-22.644,8.586,2,-135.264
 14:56:16.875,eb:33:2e:f9:57:b5, 2085-97-40 246:34:05:8081,-1.393,0.288,3.751,-586.548,-377.869,44.983,2.664,-1.708,-135.494
 14:56:16.875,eb:33:2e:f9:57:b5, 2085-97-55 244:104:13:9168,-1.521,1.105,4.208,-566.345,-386.292,119.446,-3.241,-5.625,-134.615
 14:56:16.905,eb:33:2e:f9:57:b5, 2085-97-59 243:108:26:9187,-1.727,2.512,4.575,-536.255,-379.395,184.082,-9.003,-9.25,-132.643
 14:56:16.905,eb:33:2e:f9:57:b5, 2085-97-184 240:162:41:9616,-2.221,4.176,4.477,-517.822,-388.855,212.769,-14.881,-12.662,-129.814
 14:56:16.905,eb:33:2e:f9:57:b5, 2085-97-60 234:24:63:11612,-3.306,6.45,5.174,-468.384,-384.644,209.106,-20.671,-15.71,-126.48
 14:56:16.905,eb:33:2e:f9:57:b5, 2085-97-77 226:63:78:11717,-3.923,9.197,5.831,-304.26,-359.619,157.104,-25.582,-18.446,-123.157
 14:56:16.966,eb:33:2e:f9:57:b5, 2085-97-238 224:223:78:10380,-3.586,9.803,5.404,-92.102,-275.635,86.975,-28.328,-20.786,-120.476
 14:56:16.966,eb:33:2e:f9:57:b5, 2085-97-207 230:200:77:7979,-2.947,9.965,4.671,41.077,-73.425,0.488,-28.922,-22.126,-119.174
 14:56:16.966,eb:33:2e:f9:57:b5, 2085-97-230 228:251:74:7414,-3.793,9.229,8.854,357.91,176.636,-85.327,-27.268,-22.143,-119.756
 14:56:16.966,eb:33:2e:f9:57:b5, 2085-97-121 237:173:71:1621,-7.402,6.093,3.553,578.064,459.656,-90.515,-21.39,-19.193,-122.739
 14:56:16.995,eb:33:2e:f9:57:b5, 2085-97-164 196:175:90:4315,0.1,11.938,6.242,1031.555,682.007,-148.01,-12.519,-13.579,-124.986
 14:56:16.995,eb:33:2e:f9:57:b5, 2085-97-136 47:143:67:10662,-4.11,0.552,6.915,228.149,21.667,248.413,-5.411,-13.997,-127.59
 14:56:16.995,eb:33:2e:f9:57:b5, 2085-97-244 231:69:242:-5088,-4.355,-2.066,-3.106,64.453,584.106,-48.279,-4.312,-8.509,-128.013
 14:56:16.995,eb:33:2e:f9:57:b5, 2085-97-225 250:228:06:-1258,-0.485,-1.817,-2.785,67.261,-206.604,117.737,-3.301,-7.888,-127.798
 14:56:17.026,eb:33:2e:f9:57:b5, 2085-97-48 05:208:07:1286,3.087,-0.131,0.616,19.653,-154.114,110.474,-3.235,-9.487,-126.552
 14:56:17.026,eb:33:2e:f9:57:b5, 2085-97-225 05:77:05:2060,-1.193,1.083,4.327,24.658,75.928,-8.423,-3.054,-10.69,-125.942
 14:56:17.026,eb:33:2e:f9:57:b5, 2085-97-147 250:69:254:1058,0.462,-0.374,-0.271,16.907,30.884,-22.949,-2.796,-9.619,-126.376
 14:56:17.026,eb:33:2e:f9:57:b5, 2085-97-109 02:147:01:3148,0.337,0.275,1.652,14.709,25.33,-15.198,-2.538,-9.69,-126.48
 14:56:17.085,eb:33:2e:f9:57:b5, 2085-97-201 253:143:254:2310,-0.229,0.097,1.485,10.376,85.205,-21.545,-2.373,-9.064,-126.727
 14:56:17.085,eb:33:2e:f9:57:b5, 2085-97-99 06:217:02:4222,0.567,-0.011,0.981,27.649,6.104,-0.183,-2.131,-8.476,-126.799
 14:56:17.085,eb:33:2e:f9:57:b5, 2085-97-58 249:240:249:9063,-1.022,0.193,3.515,93.079,58.655,-49.072,-1.516,-8.339,-127.046
 14:56:17.085,eb:33:2e:f9:57:b5, 2085-97-135 253:53:249:9231,0.033,-0.867,4.42,241.028,57.129,-41.687,0.286,-7.614,-127.491
 14:56:17.115,eb:33:2e:f9:57:b5, 2085-97-68 01:196:248:6728,0.297,-0.882,4.063,332.092,140.015,-13.55,3.312,-6.641,-127.787
 14:56:17.115,eb:33:2e:f9:57:b5, 2085-97-160 01:251:248:6357,-0.23,-0.932,2.917,392.395,136.902,49.927,6.976,-5.169,-127.474
 14:56:17.115,eb:33:2e:f9:57:b5, 2085-97-144 03:228:244:10098,1.045,-1.208,3.802,470.947,97.351,53.04,11.19,-4.043,-126.689
 14:56:17.115,eb:33:2e:f9:57:b5, 2085-97-36 11:127:241:8828,1.661,-1.61,4.771,599.67,162.415,29.602,16.644,-2.917,-126.008
 14:56:17.176,eb:33:2e:f9:57:b5, 2085-97-130 14:44:241:7104,1.045,-1.967,4.032,710.876,282.104,5.493,23.236,-0.912,-125.074
 14:56:17.176,eb:33:2e:f9:57:b5, 2085-97-218 255:48:246:10987,-0.751,-1.268,3.508,803.284,328.125,-28.442,30.91,2.065,-123.651
 14:56:17.176,eb:33:2e:f9:57:b5, 2085-97-97 249:171:245:14658,-0.873,-1.188,7.367,932.068,241.516,-17.517,39.71,4.515,-122.305
 14:56:17.176,eb:33:2e:f9:57:b5, 2085-97-127 248:158:249:3911,-0.667,-1.367,4.55,922.485,257.629,15.991,49.395,6.339,-120.526
 14:56:17.235,eb:33:2e:f9:57:b5, 2085-97-67 252:49:10:1611,0.336,0.491,0.749,721.802,139.526,45.654,57.794,7.18,-118.735
 14:56:17.235,eb:33:2e:f9:57:b5, 2085-97-147 09:04:03:-2163,2.233,1.225,0.416,481.14,95.764,29.114,63.891,7.289,-117.614
 14:56:17.235,eb:33:2e:f9:57:b5, 2085-97-126 13:125:08:-214,1.31,1.311,-1.74,213.989,94.788,-128.906,67.242,7.982,-116.922
 14:56:17.235,eb:33:2e:f9:57:b5, 2085-97-235 08:237:17:2437,0.999,1.516,1.003,123.108,164.673,-264.404,68.917,10.464,-116.433
 14:56:17.237,eb:33:2e:f9:57:b5, 2085-97-36 07:39:11:8493,1.014,2.024,2.778,36.499,154.419,-364.502,69.681,14.101,-116.098
 14:56:17.237,eb:33:2e:f9:57:b5, 2085-97-46 09:26:03:11108,1.32,0.734,5.139,49.5,195.801,-396.973,70.148,18.298,-115.84
 14:56:17.237,eb:33:2e:f9:57:b5, 2085-97-115 12:118:251:10468,1.815,0.02,5.375,82.886,264.771,-389.282,71.191,22.819,-114.835
 14:56:17.237,eb:33:2e:f9:57:b5, 2085-97-141 15:173:243:9435,2.213,-1.102,5.025,103.943,267.151,-346.008,72.806,27.125,-113.275
 14:56:17.266,eb:33:2e:f9:57:b5, 2085-97-155 16:156:237:7796,1.975,-2.046,4.513,94.543,255.737,-289.001,74.713,30.894,-111.473
 14:56:17.266,eb:33:2e:f9:57:b5, 2085-97-25 15:28:237:4776,1.832,-2.425,3.064,63.782,185.303,-220.337,76.454,33.865,-109.644
 14:56:17.266,eb:33:2e:f9:57:b5, 2085-113-58 00:180:241:-9720,1.684,-2.208,1.873,10.864,69.275,-158.447,77.36,35.947,-108.699
 14:56:17.266,eb:33:2e:f9:57:b5, 2085-97-199 11:151:241:3129,1.291,-2.001,1.537,-21.912,8.484,-133.911,77.316,36.683,-108.693
 14:56:17.325,eb:33:2e:f9:57:b5, 2085-97-74 09:171:243:5818,0.946,-1.609,2.012,-85.51,-83.74,-89.783,76.152,37.612,-109.611
 14:56:17.325,eb:33:2e:f9:57:b5, 2085-97-184 05:114:242:8011,0.453,-1.587,3.513,-113.098,-104.492,-47.546,74.235,38.002,-111.011
 14:56:17.325,eb:33:2e:f9:57:b5, 2085-97-163 02:179:240:7537,0.384,-1.789,3.919,-98.572,-140.625,-9.583,72.158,37.881,-112.593
 14:56:17.325,eb:33:2e:f9:57:b5, 2085-97-215 02:21:237:6191,0.33,-2.152,3.469,-114.258,-169.922,27.588,69.977,37.26,-114.494
 14:56:17.384,eb:33:2e:f9:57:b5, 2085-97-165 01:164:235:4251,0.403,-2.493,2.538,-187.866,-159.302,80.383,67.379,36.112,-116.235
 14:56:17.384,eb:33:2e:f9:57:b5, 2085-97-211 04:202:235:3675,0.875,-2.617,1.989,-282.166,-133.972,132.385,64.319,34.53,-117.405
 14:56:17.384,eb:33:2e:f9:57:b5, 2085-97-134 09:52:239:2883,1.445,-2.343,1.597,-378.174,-64.331,184.021,60.798,32.618,-117.592
 14:56:17.384,eb:33:2e:f9:57:b5, 2085-97-44 14:250:243:1858,2.085,-1.841,1.11,-443.237,-28.259,204.59,57.052,30.729,-116.757
 14:56:17.385,eb:33:2e:f9:57:b5, 2085-97-121 18:151:249:815,2.386,-1.131,0.681,-464.05,-73.547,184.692,52.817,28.812,-115.955
 14:56:17.385,eb:33:2e:f9:57:b5, 2085-97-231 18:206:251:-179,2.318,-0.584,0.09,-473.206,-188.477,131.531,48.131,26.752,-115.972
 14:56:17.385,eb:33:2e:f9:57:b5, 2085-97-07 18:39:250:1656,2.108,-0.611,0.195,-497.62,-341.675,61.096,42.583,24.12,-117.449
 14:56:17.385,eb:33:2e:f9:57:b5, 2085-97-107 15:192:248:4473,1.693,-0.829,1.485,-531.189,-441.711,-3.174,36.442,20.852,-120.02
 14:56:17.445,eb:33:2e:f9:57:b5, 2085-97-01 11:163:247:7180,1.071,-0.965,2.837,-560.303,-483.398,-56.396,29.905,17.056,-123.058
 14:56:17.445,eb:33:2e:f9:57:b5, 2085-97-48 05:133:246:9014,0.252,-1.138,4.074,-592.896,-474.609,-95.276,23.34,13.079,-126.068
 14:56:17.445,eb:33:2e:f9:57:b5, 2085-97-20 00:109:250:9270,-0.113,-0.943,4.471,-619.324,-414.917,-101.501,16.688,9.218,-128.589
 14:56:17.445,eb:33:2e:f9:57:b5, 2085-97-103 253:194:253:9057,-0.58,-0.476,4.547,-621.643,-384.949,-97.29,10.217,5.603,-130.507
 14:56:17.504,eb:33:2e:f9:57:b5, 2085-97-128 249:215:00:8631,-1.067,-0.089,4.262,-611.206,-379.822,-76.477,3.884,1.879,-131.863
 14:56:17.504,eb:33:2e:f9:57:b5, 2085-97-144 245:28:03:9234,-1.483,0.25,4.289,-596.741,-398.132,-31.738,-2.159,-1.989,-132.457
 14:56:17.504,eb:33:2e:f9:57:b5, 2085-97-215 242:67:08:10928,-1.84,0.627,4.875,-573.425,-403.992,30.823,-8.113,-6.075,-132.083
 14:56:17.504,eb:33:2e:f9:57:b5, 2085-97-142 239:242:21:12562,-2.322,1.726,5.777,-541.016,-385.742,98.694,-13.887,-9.811,-130.638
 14:56:17.565,eb:33:2e:f9:57:b5, 2085-97-26 235:134:42:12578,-2.92,4.014,6.213,-491.394,-384.094,151.55,-19.594,-13.14,-128.249
 14:56:17.567,eb:33:2e:f9:57:b5, 2085-97-192 229:121:64:11942,-3.789,6.62,5.987,-419.8,-408.63,182.495,-24.933,-16.172,-125.057
 14:56:17.567,eb:33:2e:f9:57:b5, 2085-97-103 221:226:81:10792,-4.662,9.396,5.507,-334.595,-426.575,177.856,-29.883,-19.056,-121.317
 14:56:17.567,eb:33:2e:f9:57:b5, 2085-97-123 218:192:83:11125,-4.469,10.405,5.307,-188.538,-393.005,141.968,-33.805,-21.791,-117.488
 14:56:17.569,eb:33:2e:f9:57:b5, 2085-97-14 223:88:86:10392,-3.677,10.641,5.492,-32.776,-157.41,91.919,-35.887,-23.439,-114.703
 14:56:17.569,eb:33:2e:f9:57:b5, 2085-97-33 229:231:77:7125,-3.035,10.449,4.163,74.646,116.455,-1.465,-35.728,-23.159,-114.346
 14:56:17.569,eb:33:2e:f9:57:b5, 2085-97-98 234:92:62:5474,-2.417,8.867,3.11,173.157,252.38,-81.421,-33.772,-21.78,-116.027
 14:56:17.569,eb:33:2e:f9:57:b5, 2085-97-144 238:222:42:3400,-1.995,6.671,2.121,271.851,259.338,-117.615,-30.613,-20.099,-118.488
 14:56:17.595,eb:33:2e:f9:57:b5, 2085-97-55 242:141:16:2644,-4.884,3.908,1.352,359.131,213.013,-106.934,-26.581,-18.605,-120.756
 14:56:17.595,eb:33:2e:f9:57:b5, 2085-97-198 244:148:03:-393,-1.291,0.269,8.862,666.748,669.556,61.523,-20.786,-16.705,-122.146
 14:56:17.595,eb:33:2e:f9:57:b5, 2085-97-253 239:167:45:-3465,4.878,0.471,7.574,762.695,455.566,-247.253,-12.442,-12.777,-123.75
 14:56:17.595,eb:33:2e:f9:57:b5, 2085-97-17 254:156:244:10162,-6.293,6.822,0.369,133.179,-217.224,16.907,-8.591,-11.755,-124.86
 14:56:17.656,eb:33:2e:f9:57:b5, 2085-97-159 252:146:247:2686,-0.122,-2.54,-6.84,28.015,-20.447,104.37,-7.718,-8.937,-125.777
 14:56:17.656,eb:33:2e:f9:57:b5, 2085-97-79 239:173:253:-4198,-0.074,0.058,1.127,43.335,33.447,84.961,-6.949,-10.107,-125.255
 14:56:17.656,eb:33:2e:f9:57:b5, 2085-97-90 14:57:05:5167,1.326,0.458,0.427,10.132,-177.795,83.679,-6.905,-11.503,-123.997
 14:56:17.656,eb:33:2e:f9:57:b5, 2085-97-135 03:168:03:2394,-0.248,0.934,1.623,10.193,33.997,-12.573,-6.85,-11.992,-123.629
 14:56:17.685,eb:33:2e:f9:57:b5, 2085-97-229 249:88:253:1101,-0.1,-0.188,0.807,7.812,49.194,-32.776,-6.592,-11.486,-124.047
 14:56:17.685,eb:33:2e:f9:57:b5, 2085-97-141 255:191:255:2448,0.267,-0.09,1.325,19.47,0.977,-2.808,-6.416,-11.497,-124.178
 14:56:17.685,eb:33:2e:f9:57:b5, 2085-97-97 253:199:254:1830,-0.483,0.037,1.46,27.771,31.799,5.615,-6.097,-11.354,-124.167
 14:56:17.685,eb:33:2e:f9:57:b5, 2085-97-207 02:179:00:3467,0.527,-0.095,0.74,34.241,-24.353,24.78,-5.834,-11.217,-123.986
 14:56:17.715,eb:33:2e:f9:57:b5, 2085-97-31 02:79:255:3722,0.028,0.097,1.766,37.231,63.66,23.682,-5.433,-10.964,-123.772
 14:56:17.715,eb:33:2e:f9:57:b5, 2085-97-253 250:113:253:7306,-0.032,0.023,1.536,70.19,48.096,27.405,-5.054,-9.998,-123.585
 14:56:17.715,eb:33:2e:f9:57:b5, 2085-97-81 03:34:246:12499,0.005,-0.901,5.647,236.755,-32.837,8.057,-3.329,-10.382,-123.486
 14:56:17.715,eb:33:2e:f9:57:b5, 2085-97-178 03:21:249:8818,1.012,-0.986,4.359,335.022,91.553,44.922,-0.483,-9.778,-123.146
 14:56:17.836,eb:33:2e:f9:57:b5, 2085-97-65 08:132:246:10163,1.157,-0.875,4.636,452.637,116.943,17.822,3.532,-8.767,-122.822
 14:56:17.836,eb:33:2e:f9:57:b5, 2085-97-113 12:180:242:9652,1.982,-1.54,4.912,548.035,197.693,4.761,8.547,-7.202,-122.558
 14:56:17.836,eb:33:2e:f9:57:b5, 2085-97-170 18:151:243:8743,2.469,-1.75,4.478,645.63,319.092,-18.494,14.584,-4.614,-122.08
 14:56:17.836,eb:33:2e:f9:57:b5, 2085-97-107 19:182:249:8203,2.191,-0.988,3.9,755.737,429.077,-75.134,21.588,-0.764,-121.295
 14:56:17.836,eb:33:2e:f9:57:b5, 2085-97-26 15:31:03:12554,1.795,-0.099,4.542,848.694,361.511,-134.277,29.729,3.373,-120.454
 14:56:17.836,eb:33:2e:f9:57:b5, 2085-97-25 13:187:249:10741,0.63,-0.135,6.53,953.186,218.201,-200.928,38.804,6.713,-120.366
 14:56:17.836,eb:33:2e:f9:57:b5, 2085-97-222 252:220:254:6997,-0.538,-0.843,3.978,904.785,83.069,-219.299,48.257,9.19,-120.932
 14:56:17.836,eb:33:2e:f9:57:b5, 2085-97-66 03:26:254:8305,1.184,0.434,3.485,660.461,31.677,-217.102,55.844,11.157,-121.904
 14:56:17.838,eb:33:2e:f9:57:b5, 2085-97-179 04:212:235:5888,0.127,-2.1,2.997,337.83,210.754,-200.439,60.787,13.607,-121.998
 14:56:17.838,eb:33:2e:f9:57:b5, 2085-97-247 00:86:245:1112,0.973,-2.354,2.762,183.472,402.222,-117.493,63.66,16.496,-119.724
 14:56:17.838,eb:33:2e:f9:57:b5, 2085-97-10 11:223:251:7190,1.251,-0.85,2.051,68.42,284.485,-80.75,65.665,18.836,-117.004
 14:56:17.838,eb:33:2e:f9:57:b5, 2085-97-65 09:195:251:9003,0.974,-0.373,4.076,90.027,168.64,-44.739,67.055,20.281,-115.043
 14:56:17.895,eb:33:2e:f9:57:b5, 2085-97-156 06:254:245:7546,0.769,-0.924,4.184,119.629,109.314,-25.024,68.566,21.083,-113.901
 14:56:17.895,eb:33:2e:f9:57:b5, 2085-97-101 05:07:244:5821,0.628,-1.396,3.274,85.938,95.398,-2.869,69.966,21.55,-112.956
 14:56:17.895,eb:33:2e:f9:57:b5, 2085-97-193 05:12:244:5175,0.805,-1.519,2.521,34.851,74.829,8.606,70.862,21.786,-112.05
 14:56:17.895,eb:33:2e:f9:57:b5, 2085-97-33 06:04:245:5779,0.659,-1.425,2.724,5.676,41.931,2.502,71.246,21.907,-111.462
 14:56:17.954,eb:33:2e:f9:57:b5, 2085-97-245 04:125:245:5473,0.596,-1.34,2.755,0.61,10.315,-12.573,71.334,22.033,-111.215
 14:56:17.954,eb:33:2e:f9:57:b5, 2085-97-02 04:210:243:5122,0.37,-1.365,2.592,-13.611,-14.709,-28.076,71.235,22.22,-111.341
 14:56:17.954,eb:33:2e:f9:57:b5, 2085-97-127 02:11:238:5590,0.214,-1.815,2.61,-45.227,-43.823,-35.217,70.735,22.412,-111.797
 14:56:17.954,eb:33:2e:f9:57:b5, 2085-97-117 00:51:232:4689,0.043,-2.7,2.707,-94.421,-31.372,-24.17,69.824,22.577,-112.324
 14:56:17.957,eb:33:2e:f9:57:b5, 2085-97-00 02:71:232:2967,0.395,-3.023,1.826,-164.185,-11.658,17.456,68.384,22.522,-112.56
 14:56:17.957,eb:33:2e:f9:57:b5, 2085-97-61 05:14:235:732,0.896,-2.853,0.95,-265.076,44.006,76.599,66.341,22.121,-112.154
 14:56:17.957,eb:33:2e:f9:57:b5, 2085-97-36 09:181:240:-1516,1.343,-2.267,-0.273,-357.544,52.979,106.567,63.484,21.478,-111.187
 14:56:17.957,eb:33:2e:f9:57:b5, 2085-113-81 00:226:52:13350,1.474,-1.651,-1.029,-433.594,-4.272,95.337,59.744,20.687,-110.429
 14:56:17.957,eb:33:2e:f9:57:b5, 2085-97-167 12:233:244:-1796,1.65,-1.48,-1.115,-459.961,-54.138,80.017,57.475,20.226,-110.358
 14:56:18.015,eb:33:2e:f9:57:b5, 2085-97-61 13:52:246:242,1.575,-1.316,-0.409,-484.741,-169.678,40.771,52.487,19.056,-111.028
 14:56:18.015,eb:33:2e:f9:57:b5, 2085-97-107 11:73:247:1950,1.231,-1.131,0.568,-498.169,-254.517,1.892,47.01,17.468,-112.687
 14:56:18.015,eb:33:2e:f9:57:b5, 2085-97-93 08:34:247:3397,0.895,-1.097,1.301,-525.146,-294.861,-27.893,41.276,15.568,-114.84
 14:56:18.015,eb:33:2e:f9:57:b5, 2085-97-56 06:226:247:4898,0.698,-1.088,2.036,-556.396,-304.321,-49.133,35.228,13.42,-117.114
 14:56:18.046,eb:33:2e:f9:57:b5, 2085-97-80 05:32:250:6161,0.638,-0.885,2.728,-576.416,-297.363,-67.993,29.075,11.19,-119.279
 14:56:18.046,eb:33:2e:f9:57:b5, 2085-97-102 04:115:251:6662,0.413,-0.605,3.197,-580.444,-288.391,-91.309,22.863,8.888,-121.322
 14:56:18.046,eb:33:2e:f9:57:b5, 2085-97-72 02:28:251:6696,0.199,-0.586,3.292,-577.271,-289.49,-107.605,16.809,6.509,-123.283
 14:56:18.046,eb:33:2e:f9:57:b5, 2085-97-220 00:81:250:6715,-0.002,-0.646,3.253,-571.472,-295.593,-106.262,10.844,3.895,-125.046
 14:56:18.076,eb:33:2e:f9:57:b5, 2085-97-249 254:51:250:6960,-0.287,-0.751,3.33,-564.27,-303.894,-85.327,5.103,1.06,-126.42
 14:56:18.076,eb:33:2e:f9:57:b5, 2085-97-23 252:39:253:6781,-0.714,-0.589,3.384,-563.11,-310.974,-46.814,-0.582,-2.01,-127.2
 14:56:18.076,eb:33:2e:f9:57:b5, 2085-97-122 248:00:02:7302,-1.158,-0.058,3.333,-568.665,-343.75,6.47,-6.24,-5.284,-127.189
 14:56:18.076,eb:33:2e:f9:57:b5, 2085-97-158 245:181:08:8928,-1.411,0.607,3.93,-567.993,-366.638,73.914,-12.134,-8.789,-126.178
 14:56:18.136,eb:33:2e:f9:57:b5, 2085-97-226 243:228:20:9542,-1.567,1.781,4.604,-548.157,-350.525,137.329,-18.089,-11.964,-124.146
 14:56:18.136,eb:33:2e:f9:57:b5, 2085-97-151 241:231:35:9212,-2.062,3.471,4.624,-511.23,-346.375,175.232,-24.088,-14.639,-121.311
 14:56:18.136,eb:33:2e:f9:57:b5, 2085-97-145 236:62:47:9580,-2.844,5.266,4.501,-438.538,-371.277,185.852,-29.751,-17.018,-117.916
 14:56:18.136,eb:33:2e:f9:57:b5, 2085-97-146 229:182:55:10630,-3.667,6.461,4.97,-329.895,-371.765,187.012,-34.777,-19.21,-114.126
 14:56:18.196,eb:33:2e:f9:57:b5, 2085-97-41 226:102:62:10494,-3.44,7.393,5.201,-186.34,-294.189,188.416,-38.584,-20.775,-110.374
 14:56:18.196,eb:33:2e:f9:57:b5, 2085-97-64 233:192:68:9018,-2.138,8.22,4.893,-67.749,-111.633,171.448,-40.787,-21.16,-107.485
 14:56:18.196,eb:33:2e:f9:57:b5, 2085-97-226 243:206:69:5445,-1.151,8.79,3.574,-8.301,102.051,106.812,-41.468,-20.154,-106.43
 14:56:18.196,eb:33:2e:f9:57:b5, 2085-97-47 248:183:64:2852,-1.038,8.466,1.881,34.607,192.688,14.404,-41.061,-18.539,-107.128
 14:56:18.196,eb:33:2e:f9:57:b5, 2085-97-82 246:114:53:2386,-1.036,7.586,1.096,118.591,141.785,-69.824,-39.842,-17.424,-108.583
 14:56:18.196,eb:33:2e:f9:57:b5, 2085-97-179 00:241:51:17470,-2.85,5.185,2.695,509.827,-198.975,-51.208,-37.211,-17.617,-109.72
 14:56:18.196,eb:33:2e:f9:57:b5, 2085-97-150 11:131:226:12425,-0.866,4.311,-4.25,1144.836,61.768,-319.336,-27.208,-17.787,-112.352
 14:56:18.196,eb:33:2e:f9:57:b5, 2085-97-11 25:245:247:14460,7.286,5.367,7.24,1095.154,145.813,-458.435,-13.623,-15.266,-116.878
 14:56:18.256,eb:33:2e:f9:57:b5, 2085-97-35 234:195:243:-6092,-9.794,5.743,-1.53,268.555,-232.178,34.058,-7.899,-17.584,-115.939
 14:56:18.256,eb:33:2e:f9:57:b5, 2085-97-34 10:254:242:5232,1.204,-5.951,-8.39,47.791,-124.146,-72.937,-6.13,-13.59,-119.246
 14:56:18.256,eb:33:2e:f9:57:b5, 2085-97-53 02:130:01:760,0.29,-0.242,1.919,41.382,-62.073,122.192,-5.878,-14.991,-118.317
 14:56:18.256,eb:33:2e:f9:57:b5, 2085-97-28 00:229:03:364,1.443,0.696,0.261,17.09,-37.537,35.095,-5.603,-15.562,-117.543
 14:56:18.286,eb:33:2e:f9:57:b5, 2085-97-63 03:212:00:3626,-1.181,0.578,2.285,11.047,19.104,-36.133,-5.543,-15.903,-117.554
 14:56:18.286,eb:33:2e:f9:57:b5, 2085-97-23 254:229:253:2284,-0.241,-0.525,0.328,34.302,-9.338,-18.616,-5.142,-15.37,-118.021
 14:56:18.286,eb:33:2e:f9:57:b5, 2085-97-194 03:69:02:2671,0.283,-0.037,0.622,22.522,-21.851,15.564,-4.883,-15.469,-117.949
 14:56:18.286,eb:33:2e:f9:57:b5, 2085-97-10 00:189:00:2001,0.45,0.197,1.062,9.155,41.199,-2.258,-4.653,-15.309,-117.916
 14:56:18.316,eb:33:2e:f9:57:b5, 2085-97-209 00:68:00:2519,0.352,0.188,1.455,9.705,62.317,-11.902,-4.515,-14.936,-118.021
 14:56:18.316,eb:33:2e:f9:57:b5, 2085-97-94 07:152:02:3829,0.797,0.158,1.357,12.756,69.397,-15.991,-4.301,-14.216,-118.18
 14:56:18.316,eb:33:2e:f9:57:b5, 2085-97-07 06:208:01:3808,0.223,0.248,1.897,21.362,140.686,-35.889,-4.076,-13.063,-118.575
 14:56:18.316,eb:33:2e:f9:57:b5, 2085-97-99 246:121:249:7524,-1.182,0.254,2.539,66.345,154.907,-67.627,-3.461,-11.678,-119.147
 14:56:18.375,eb:33:2e:f9:57:b5, 2085-97-211 254:114:250:7667,0.489,-1.195,4.312,204.651,103.027,-48.157,-1.928,-10.53,-119.839
 14:56:18.375,eb:33:2e:f9:57:b5, 2085-97-78 02:114:252:5242,0.163,-0.4,3.099,275.024,157.898,-34.79,0.731,-9.234,-120.273
 14:56:18.375,eb:33:2e:f9:57:b5, 2085-97-20 03:57:250:5955,0.582,-0.651,2.56,321.106,152.832,-17.639,3.735,-7.619,-120.476
 14:56:18.375,eb:33:2e:f9:57:b5, 2085-97-124 02:51:250:5983,0.247,-0.687,3.05,372.131,183.105,19.531,7.3,-5.982,-120.289
 14:56:18.405,eb:33:2e:f9:57:b5, 2085-97-138 05:234:245:8527,0.941,-0.984,3.614,445.679,146.851,11.23,11.288,-4.362,-119.85
 14:56:18.405,eb:33:2e:f9:57:b5, 2085-97-166 07:64:246:7421,0.86,-1.329,4.074,553.772,214.294,-7.568,16.386,-2.593,-119.427
 14:56:18.405,eb:33:2e:f9:57:b5, 2085-97-118 04:174:248:8533,0.079,-1.027,3.664,628.845,265.93,-29.663,22.33,-0.203,-118.784
 14:56:18.405,eb:33:2e:f9:57:b5, 2085-97-219 254:35:248:9991,-0.11,-0.772,4.527,701.599,268.799,-47.729,29.097,2.455,-117.955
 14:56:18.436,eb:33:2e:f9:57:b5, 2085-97-19 00:47:247:5504,0.332,-1.181,4.112,728.088,295.959,-21.606,36.398,5.004,-116.752
 14:56:18.436,eb:33:2e:f9:57:b5, 2085-97-92 01:24:04:3199,0.065,-0.752,1.72,712.952,190.308,-0.061,43.852,7.026,-115.203
 14:56:18.436,eb:33:2e:f9:57:b5, 2085-97-72 01:78:04:4505,0.237,0.359,1.84,634.521,41.382,-19.592,50.691,7.861,-114.51
 14:56:18.436,eb:33:2e:f9:57:b5, 2085-97-84 08:13:251:5795,2.235,0.308,2.751,518.005,-21.973,-46.997,56.404,8.108,-114.714
 14:56:18.496,eb:33:2e:f9:57:b5, 2085-97-53 11:123:252:2430,1.319,-0.16,1.763,299.866,108.337,-165.588,60.463,9.042,-114.966
 14:56:18.496,eb:33:2e:f9:57:b5, 2085-97-210 11:59:254:2606,1.609,-0.371,0.704,136.78,113.892,-258.057,62.611,11.64,-114.884
 14:56:18.496,eb:33:2e:f9:57:b5, 2085-97-00 12:93:253:6356,1.401,-0.235,2.424,32.104,59.814,-314.331,63.138,14.59,-115.532
 14:56:18.496,eb:33:2e:f9:57:b5, 2085-97-250 10:144:249:8745,1.317,-0.546,3.786,34.912,27.466,-340.088,63.105,17.732,-116.735
 14:56:18.526,eb:33:2e:f9:57:b5, 2085-97-170 10:152:244:8518,1.38,-1.138,4.342,62.988,70.74,-325.745,63.232,20.934,-117.9
 14:56:18.526,eb:33:2e:f9:57:b5, 2085-97-09 12:50:243:6674,1.616,-1.589,3.743,72.571,136.963,-295.288,63.776,24.197,-118.339
 14:56:18.526,eb:33:2e:f9:57:b5, 2085-97-32 13:193:244:4583,1.506,-1.507,2.724,45.532,170.776,-258.362,64.501,27.372,-118.081
 14:56:18.526,eb:33:2e:f9:57:b5, 2085-97-186 09:16:244:3267,1.013,-1.362,1.887,-4.456,143.188,-216.064,64.929,30.201,-117.554
 14:56:18.556,eb:33:2e:f9:57:b5, 2085-97-165 05:94:238:3645,0.411,-1.816,1.731,-52.979,54.932,-161.377,64.644,32.3,-117.499
 14:56:18.557,eb:33:2e:f9:57:b5, 2085-97-118 02:67:233:3493,0.22,-2.567,1.683,-107.3,-32.227,-78.674,63.517,33.404,-118.043
 14:56:18.557,eb:33:2e:f9:57:b5, 2085-113-81 00:137:37:15154,0.18,-3.044,1.57,-192.139,-44.8,38.147,61.683,33.344,-118.619
 14:56:18.557,eb:33:2e:f9:57:b5, 2085-97-40 02:20:232:2329,0.645,-3.108,1.347,-239.38,-33.386,101.624,60.59,32.915,-118.597
 14:56:18.615,eb:33:2e:f9:57:b5, 2085-97-95 08:86:237:2263,1.421,-2.661,1.083,-327.026,-16.785,218.628,58.085,31.355,-117.817
 14:56:18.615,eb:33:2e:f9:57:b5, 2085-97-209 14:123:242:1390,2.331,-2.029,0.981,-373.901,-38.025,288.513,55.239,29.042,-116.395
 14:56:18.615,eb:33:2e:f9:57:b5, 2085-97-214 20:35:249:-739,2.594,-1.245,0.248,-388.245,-104.675,303.467,52.009,26.186,-115.032
 14:56:18.615,eb:33:2e:f9:57:b5, 2085-97-220 19:86:251:-1606,2.413,-0.623,-0.822,-394.47,-235.474,268.372,48.334,22.879,-114.45
 14:56:18.645,eb:33:2e:f9:57:b5, 2085-97-100 18:91:251:614,2.093,-0.6,-0.289,-396.973,-381.531,212.28,44.094,18.935,-115.175
 14:56:18.645,eb:33:2e:f9:57:b5, 2085-97-195 14:150:251:2743,1.522,-0.549,0.826,-414.734,-456.116,154.602,39.595,14.54,-116.763
 14:56:18.645,eb:33:2e:f9:57:b5, 2085-97-136 09:80:250:4656,0.974,-0.623,1.911,-458.191,-463.989,99.915,34.799,10.058,-118.641
 14:56:18.645,eb:33:2e:f9:57:b5, 2085-97-34 06:14:251:6218,0.561,-0.708,2.692,-496.399,-426.514,57.556,29.751,5.872,-120.416
 14:56:18.705,eb:33:2e:f9:57:b5, 2085-97-184 03:127:252:6997,0.354,-0.502,3.155,-513.428,-378.357,11.719,24.527,2.175,-121.937
 14:56:18.705,eb:33:2e:f9:57:b5, 2085-97-93 01:213:252:7225,-0.026,-0.383,3.577,-511.292,-333.435,-40.71,19.38,-1.044,-123.437
 14:56:18.705,eb:33:2e:f9:57:b5, 2085-97-65 254:98:251:6825,-0.386,-0.463,3.472,-506.104,-298.096,-81.238,14.315,-3.878,-124.958
 14:56:18.705,eb:33:2e:f9:57:b5, 2085-97-84 251:107:249:6459,-0.768,-0.698,3.239,-500,-285.339,-99.304,9.426,-6.52,-126.48
 14:56:18.736,eb:33:2e:f9:57:b5, 2085-97-225 248:52:248:6442,-1.007,-0.928,3.089,-500.977,-289.795,-92.529,4.565,-9.261,-127.798
 14:56:18.736,eb:33:2e:f9:57:b5, 2085-97-252 246:218:248:6981,-1.265,-0.965,3.25,-510.315,-299.622,-66.162,-0.319,-12.184,-128.721
 14:56:18.736,eb:33:2e:f9:57:b5, 2085-97-246 244:139:250:8252,-1.495,-0.821,3.665,-519.531,-312.805,-29.541,-5.46,-15.293,-129.029
 14:56:18.736,eb:33:2e:f9:57:b5, 2085-97-33 243:231:254:10388,-1.736,-0.464,4.524,-519.287,-306.824,11.23,-10.783,-18.386,-128.644
 14:56:17.235,eb:33:2e:f9:57:b5, 2085-97-147 09:04:03:-2163,2.233,1.225,0.416,481.14,95.764,29.114,63.891,7.289,-117.614
 14:56:17.235,eb:33:2e:f9:57:b5, 2085-97-126 13:125:08:-214,1.31,1.311,-1.74,213.989,94.788,-128.906,67.242,7.982,-116.922
 14:56:17.235,eb:33:2e:f9:57:b5, 2085-97-235 08:237:17:2437,0.999,1.516,1.003,123.108,164.673,-264.404,68.917,10.464,-116.433
 14:56:17.237,eb:33:2e:f9:57:b5, 2085-97-36 07:39:11:8493,1.014,2.024,2.778,36.499,154.419,-364.502,69.681,14.101,-116.098
 14:56:17.237,eb:33:2e:f9:57:b5, 2085-97-46 09:26:03:11108,1.32,0.734,5.139,49.5,195.801,-396.973,70.148,18.298,-115.84
 14:56:17.237,eb:33:2e:f9:57:b5, 2085-97-115 12:118:251:10468,1.815,0.02,5.375,82.886,264.771,-389.282,71.191,22.819,-114.835
 14:56:17.237,eb:33:2e:f9:57:b5, 2085-97-141 15:173:243:9435,2.213,-1.102,5.025,103.943,267.151,-346.008,72.806,27.125,-113.275
 14:56:17.266,eb:33:2e:f9:57:b5, 2085-97-155 16:156:237:7796,1.975,-2.046,4.513,94.543,255.737,-289.001,74.713,30.894,-111.473
 14:56:17.266,eb:33:2e:f9:57:b5, 2085-97-25 15:28:237:4776,1.832,-2.425,3.064,63.782,185.303,-220.337,76.454,33.865,-109.644
 14:56:17.266,eb:33:2e:f9:57:b5, 2085-113-58 00:180:241:-9720,1.684,-2.208,1.873,10.864,69.275,-158.447,77.36,35.947,-108.699
 14:56:17.266,eb:33:2e:f9:57:b5, 2085-97-199 11:151:241:3129,1.291,-2.001,1.537,-21.912,8.484,-133.911,77.316,36.683,-108.693
 14:56:17.325,eb:33:2e:f9:57:b5, 2085-97-74 09:171:243:5818,0.946,-1.609,2.012,-85.51,-83.74,-89.783,76.152,37.612,-109.611
 14:56:17.325,eb:33:2e:f9:57:b5, 2085-97-184 05:114:242:8011,0.453,-1.587,3.513,-113.098,-104.492,-47.546,74.235,38.002,-111.011
 14:56:17.325,eb:33:2e:f9:57:b5, 2085-97-163 02:179:240:7537,0.384,-1.789,3.919,-98.572,-140.625,-9.583,72.158,37.881,-112.593
 14:56:17.325,eb:33:2e:f9:57:b5, 2085-97-215 02:21:237:6191,0.33,-2.152,3.469,-114.258,-169.922,27.588,69.977,37.26,-114.494
 14:56:17.384,eb:33:2e:f9:57:b5, 2085-97-165 01:164:235:4251,0.403,-2.493,2.538,-187.866,-159.302,80.383,67.379,36.112,-116.235
 14:56:17.384,eb:33:2e:f9:57:b5, 2085-97-211 04:202:235:3675,0.875,-2.617,1.989,-282.166,-133.972,132.385,64.319,34.53,-117.405
 14:56:17.384,eb:33:2e:f9:57:b5, 2085-97-134 09:52:239:2883,1.445,-2.343,1.597,-378.174,-64.331,184.021,60.798,32.618,-117.592
 14:56:17.384,eb:33:2e:f9:57:b5, 2085-97-44 14:250:243:1858,2.085,-1.841,1.11,-443.237,-28.259,204.59,57.052,30.729,-116.757
 14:56:17.385,eb:33:2e:f9:57:b5, 2085-97-121 18:151:249:815,2.386,-1.131,0.681,-464.05,-73.547,184.692,52.817,28.812,-115.955
 14:56:17.385,eb:33:2e:f9:57:b5, 2085-97-231 18:206:251:-179,2.318,-0.584,0.09,-473.206,-188.477,131.531,48.131,26.752,-115.972
 14:56:17.385,eb:33:2e:f9:57:b5, 2085-97-07 18:39:250:1656,2.108,-0.611,0.195,-497.62,-341.675,61.096,42.583,24.12,-117.449
 14:56:17.385,eb:33:2e:f9:57:b5, 2085-97-107 15:192:248:4473,1.693,-0.829,1.485,-531.189,-441.711,-3.174,36.442,20.852,-120.02
 14:56:17.445,eb:33:2e:f9:57:b5, 2085-97-01 11:163:247:7180,1.071,-0.965,2.837,-560.303,-483.398,-56.396,29.905,17.056,-123.058
 14:56:17.445,eb:33:2e:f9:57:b5, 2085-97-48 05:133:246:9014,0.252,-1.138,4.074,-592.896,-474.609,-95.276,23.34,13.079,-126.068
 14:56:17.445,eb:33:2e:f9:57:b5, 2085-97-20 00:109:250:9270,-0.113,-0.943,4.471,-619.324,-414.917,-101.501,16.688,9.218,-128.589
 14:56:17.445,eb:33:2e:f9:57:b5, 2085-97-103 253:194:253:9057,-0.58,-0.476,4.547,-621.643,-384.949,-97.29,10.217,5.603,-130.507
 14:56:17.504,eb:33:2e:f9:57:b5, 2085-97-128 249:215:00:8631,-1.067,-0.089,4.262,-611.206,-379.822,-76.477,3.884,1.879,-131.863
 14:56:17.504,eb:33:2e:f9:57:b5, 2085-97-144 245:28:03:9234,-1.483,0.25,4.289,-596.741,-398.132,-31.738,-2.159,-1.989,-132.457
 14:56:17.504,eb:33:2e:f9:57:b5, 2085-97-215 242:67:08:10928,-1.84,0.627,4.875,-573.425,-403.992,30.823,-8.113,-6.075,-132.083
 14:56:17.504,eb:33:2e:f9:57:b5, 2085-97-142 239:242:21:12562,-2.322,1.726,5.777,-541.016,-385.742,98.694,-13.887,-9.811,-130.638
 14:56:17.565,eb:33:2e:f9:57:b5, 2085-97-26 235:134:42:12578,-2.92,4.014,6.213,-491.394,-384.094,151.55,-19.594,-13.14,-128.249
 14:56:17.567,eb:33:2e:f9:57:b5, 2085-97-192 229:121:64:11942,-3.789,6.62,5.987,-419.8,-408.63,182.495,-24.933,-16.172,-125.057
 14:56:17.567,eb:33:2e:f9:57:b5, 2085-97-103 221:226:81:10792,-4.662,9.396,5.507,-334.595,-426.575,177.856,-29.883,-19.056,-121.317
 14:56:17.567,eb:33:2e:f9:57:b5, 2085-97-123 218:192:83:11125,-4.469,10.405,5.307,-188.538,-393.005,141.968,-33.805,-21.791,-117.488
 14:56:17.569,eb:33:2e:f9:57:b5, 2085-97-14 223:88:86:10392,-3.677,10.641,5.492,-32.776,-157.41,91.919,-35.887,-23.439,-114.703
 14:56:17.569,eb:33:2e:f9:57:b5, 2085-97-33 229:231:77:7125,-3.035,10.449,4.163,74.646,116.455,-1.465,-35.728,-23.159,-114.346
 14:56:17.569,eb:33:2e:f9:57:b5, 2085-97-98 234:92:62:5474,-2.417,8.867,3.11,173.157,252.38,-81.421,-33.772,-21.78,-116.027
 14:56:17.569,eb:33:2e:f9:57:b5, 2085-97-144 238:222:42:3400,-1.995,6.671,2.121,271.851,259.338,-117.615,-30.613,-20.099,-118.488
 14:56:17.595,eb:33:2e:f9:57:b5, 2085-97-55 242:141:16:2644,-4.884,3.908,1.352,359.131,213.013,-106.934,-26.581,-18.605,-120.756
 14:56:17.595,eb:33:2e:f9:57:b5, 2085-97-198 244:148:03:-393,-1.291,0.269,8.862,666.748,669.556,61.523,-20.786,-16.705,-122.146
 14:56:17.595,eb:33:2e:f9:57:b5, 2085-97-253 239:167:45:-3465,4.878,0.471,7.574,762.695,455.566,-247.253,-12.442,-12.777,-123.75
 14:56:17.595,eb:33:2e:f9:57:b5, 2085-97-17 254:156:244:10162,-6.293,6.822,0.369,133.179,-217.224,16.907,-8.591,-11.755,-124.86
 14:56:17.656,eb:33:2e:f9:57:b5, 2085-97-159 252:146:247:2686,-0.122,-2.54,-6.84,28.015,-20.447,104.37,-7.718,-8.937,-125.777
 14:56:17.656,eb:33:2e:f9:57:b5, 2085-97-79 239:173:253:-4198,-0.074,0.058,1.127,43.335,33.447,84.961,-6.949,-10.107,-125.255
 14:56:17.656,eb:33:2e:f9:57:b5, 2085-97-90 14:57:05:5167,1.326,0.458,0.427,10.132,-177.795,83.679,-6.905,-11.503,-123.997
 14:56:17.656,eb:33:2e:f9:57:b5, 2085-97-135 03:168:03:2394,-0.248,0.934,1.623,10.193,33.997,-12.573,-6.85,-11.992,-123.629
 14:56:17.685,eb:33:2e:f9:57:b5, 2085-97-229 249:88:253:1101,-0.1,-0.188,0.807,7.812,49.194,-32.776,-6.592,-11.486,-124.047
 14:56:17.685,eb:33:2e:f9:57:b5, 2085-97-141 255:191:255:2448,0.267,-0.09,1.325,19.47,0.977,-2.808,-6.416,-11.497,-124.178
 14:56:17.685,eb:33:2e:f9:57:b5, 2085-97-97 253:199:254:1830,-0.483,0.037,1.46,27.771,31.799,5.615,-6.097,-11.354,-124.167
 14:56:17.685,eb:33:2e:f9:57:b5, 2085-97-207 02:179:00:3467,0.527,-0.095,0.74,34.241,-24.353,24.78,-5.834,-11.217,-123.986
 14:56:17.715,eb:33:2e:f9:57:b5, 2085-97-31 02:79:255:3722,0.028,0.097,1.766,37.231,63.66,23.682,-5.433,-10.964,-123.772
 14:56:17.715,eb:33:2e:f9:57:b5, 2085-97-253 250:113:253:7306,-0.032,0.023,1.536,70.19,48.096,27.405,-5.054,-9.998,-123.585
 14:56:17.715,eb:33:2e:f9:57:b5, 2085-97-81 03:34:246:12499,0.005,-0.901,5.647,236.755,-32.837,8.057,-3.329,-10.382,-123.486
 14:56:17.715,eb:33:2e:f9:57:b5, 2085-97-178 03:21:249:8818,1.012,-0.986,4.359,335.022,91.553,44.922,-0.483,-9.778,-123.146
 14:56:17.836,eb:33:2e:f9:57:b5, 2085-97-65 08:132:246:10163,1.157,-0.875,4.636,452.637,116.943,17.822,3.532,-8.767,-122.822
 14:56:17.836,eb:33:2e:f9:57:b5, 2085-97-113 12:180:242:9652,1.982,-1.54,4.912,548.035,197.693,4.761,8.547,-7.202,-122.558
 14:56:17.836,eb:33:2e:f9:57:b5, 2085-97-170 18:151:243:8743,2.469,-1.75,4.478,645.63,319.092,-18.494,14.584,-4.614,-122.08
 14:56:17.836,eb:33:2e:f9:57:b5, 2085-97-107 19:182:249:8203,2.191,-0.988,3.9,755.737,429.077,-75.134,21.588,-0.764,-121.295
 14:56:17.836,eb:33:2e:f9:57:b5, 2085-97-26 15:31:03:12554,1.795,-0.099,4.542,848.694,361.511,-134.277,29.729,3.373,-120.454
 14:56:17.836,eb:33:2e:f9:57:b5, 2085-97-25 13:187:249:10741,0.63,-0.135,6.53,953.186,218.201,-200.928,38.804,6.713,-120.366
 14:56:17.836,eb:33:2e:f9:57:b5, 2085-97-222 252:220:254:6997,-0.538,-0.843,3.978,904.785,83.069,-219.299,48.257,9.19,-120.932
 14:56:17.836,eb:33:2e:f9:57:b5, 2085-97-66 03:26:254:8305,1.184,0.434,3.485,660.461,31.677,-217.102,55.844,11.157,-121.904
 14:56:17.838,eb:33:2e:f9:57:b5, 2085-97-179 04:212:235:5888,0.127,-2.1,2.997,337.83,210.754,-200.439,60.787,13.607,-121.998
 14:56:17.838,eb:33:2e:f9:57:b5, 2085-97-247 00:86:245:1112,0.973,-2.354,2.762,183.472,402.222,-117.493,63.66,16.496,-119.724
 14:56:17.838,eb:33:2e:f9:57:b5, 2085-97-10 11:223:251:7190,1.251,-0.85,2.051,68.42,284.485,-80.75,65.665,18.836,-117.004
 14:56:17.838,eb:33:2e:f9:57:b5, 2085-97-65 09:195:251:9003,0.974,-0.373,4.076,90.027,168.64,-44.739,67.055,20.281,-115.043
 14:56:17.895,eb:33:2e:f9:57:b5, 2085-97-156 06:254:245:7546,0.769,-0.924,4.184,119.629,109.314,-25.024,68.566,21.083,-113.901
 14:56:17.895,eb:33:2e:f9:57:b5, 2085-97-101 05:07:244:5821,0.628,-1.396,3.274,85.938,95.398,-2.869,69.966,21.55,-112.956
 14:56:17.895,eb:33:2e:f9:57:b5, 2085-97-193 05:12:244:5175,0.805,-1.519,2.521,34.851,74.829,8.606,70.862,21.786,-112.05
 14:56:17.895,eb:33:2e:f9:57:b5, 2085-97-33 06:04:245:5779,0.659,-1.425,2.724,5.676,41.931,2.502,71.246,21.907,-111.462
 14:56:17.954,eb:33:2e:f9:57:b5, 2085-97-245 04:125:245:5473,0.596,-1.34,2.755,0.61,10.315,-12.573,71.334,22.033,-111.215
 14:56:17.954,eb:33:2e:f9:57:b5, 2085-97-02 04:210:243:5122,0.37,-1.365,2.592,-13.611,-14.709,-28.076,71.235,22.22,-111.341
 14:56:17.954,eb:33:2e:f9:57:b5, 2085-97-127 02:11:238:5590,0.214,-1.815,2.61,-45.227,-43.823,-35.217,70.735,22.412,-111.797
 14:56:17.954,eb:33:2e:f9:57:b5, 2085-97-117 00:51:232:4689,0.043,-2.7,2.707,-94.421,-31.372,-24.17,69.824,22.577,-112.324
 14:56:17.957,eb:33:2e:f9:57:b5, 2085-97-00 02:71:232:2967,0.395,-3.023,1.826,-164.185,-11.658,17.456,68.384,22.522,-112.56
 14:56:17.957,eb:33:2e:f9:57:b5, 2085-97-61 05:14:235:732,0.896,-2.853,0.95,-265.076,44.006,76.599,66.341,22.121,-112.154
 14:56:17.957,eb:33:2e:f9:57:b5, 2085-97-36 09:181:240:-1516,1.343,-2.267,-0.273,-357.544,52.979,106.567,63.484,21.478,-111.187
 14:56:17.957,eb:33:2e:f9:57:b5, 2085-113-81 00:226:52:13350,1.474,-1.651,-1.029,-433.594,-4.272,95.337,59.744,20.687,-110.429
 14:56:17.957,eb:33:2e:f9:57:b5, 2085-97-167 12:233:244:-1796,1.65,-1.48,-1.115,-459.961,-54.138,80.017,57.475,20.226,-110.358
 14:56:18.015,eb:33:2e:f9:57:b5, 2085-97-61 13:52:246:242,1.575,-1.316,-0.409,-484.741,-169.678,40.771,52.487,19.056,-111.028
 14:56:18.015,eb:33:2e:f9:57:b5, 2085-97-107 11:73:247:1950,1.231,-1.131,0.568,-498.169,-254.517,1.892,47.01,17.468,-112.687
 14:56:18.015,eb:33:2e:f9:57:b5, 2085-97-93 08:34:247:3397,0.895,-1.097,1.301,-525.146,-294.861,-27.893,41.276,15.568,-114.84
 14:56:18.015,eb:33:2e:f9:57:b5, 2085-97-56 06:226:247:4898,0.698,-1.088,2.036,-556.396,-304.321,-49.133,35.228,13.42,-117.114
 14:56:18.046,eb:33:2e:f9:57:b5, 2085-97-80 05:32:250:6161,0.638,-0.885,2.728,-576.416,-297.363,-67.993,29.075,11.19,-119.279
 14:56:18.046,eb:33:2e:f9:57:b5, 2085-97-102 04:115:251:6662,0.413,-0.605,3.197,-580.444,-288.391,-91.309,22.863,8.888,-121.322
 14:56:18.046,eb:33:2e:f9:57:b5, 2085-97-72 02:28:251:6696,0.199,-0.586,3.292,-577.271,-289.49,-107.605,16.809,6.509,-123.283
 14:56:18.046,eb:33:2e:f9:57:b5, 2085-97-220 00:81:250:6715,-0.002,-0.646,3.253,-571.472,-295.593,-106.262,10.844,3.895,-125.046
 14:56:18.076,eb:33:2e:f9:57:b5, 2085-97-249 254:51:250:6960,-0.287,-0.751,3.33,-564.27,-303.894,-85.327,5.103,1.06,-126.42
 14:56:18.076,eb:33:2e:f9:57:b5, 2085-97-23 252:39:253:6781,-0.714,-0.589,3.384,-563.11,-310.974,-46.814,-0.582,-2.01,-127.2
 14:56:18.076,eb:33:2e:f9:57:b5, 2085-97-122 248:00:02:7302,-1.158,-0.058,3.333,-568.665,-343.75,6.47,-6.24,-5.284,-127.189
 14:56:18.076,eb:33:2e:f9:57:b5, 2085-97-158 245:181:08:8928,-1.411,0.607,3.93,-567.993,-366.638,73.914,-12.134,-8.789,-126.178
 14:56:18.136,eb:33:2e:f9:57:b5, 2085-97-226 243:228:20:9542,-1.567,1.781,4.604,-548.157,-350.525,137.329,-18.089,-11.964,-124.146
 14:56:18.136,eb:33:2e:f9:57:b5, 2085-97-151 241:231:35:9212,-2.062,3.471,4.624,-511.23,-346.375,175.232,-24.088,-14.639,-121.311
 14:56:18.136,eb:33:2e:f9:57:b5, 2085-97-145 236:62:47:9580,-2.844,5.266,4.501,-438.538,-371.277,185.852,-29.751,-17.018,-117.916
 14:56:18.136,eb:33:2e:f9:57:b5, 2085-97-146 229:182:55:10630,-3.667,6.461,4.97,-329.895,-371.765,187.012,-34.777,-19.21,-114.126
 14:56:18.196,eb:33:2e:f9:57:b5, 2085-97-41 226:102:62:10494,-3.44,7.393,5.201,-186.34,-294.189,188.416,-38.584,-20.775,-110.374
 14:56:18.196,eb:33:2e:f9:57:b5, 2085-97-64 233:192:68:9018,-2.138,8.22,4.893,-67.749,-111.633,171.448,-40.787,-21.16,-107.485
 14:56:18.196,eb:33:2e:f9:57:b5, 2085-97-226 243:206:69:5445,-1.151,8.79,3.574,-8.301,102.051,106.812,-41.468,-20.154,-106.43
 14:56:18.196,eb:33:2e:f9:57:b5, 2085-97-47 248:183:64:2852,-1.038,8.466,1.881,34.607,192.688,14.404,-41.061,-18.539,-107.128
 14:56:18.196,eb:33:2e:f9:57:b5, 2085-97-82 246:114:53:2386,-1.036,7.586,1.096,118.591,141.785,-69.824,-39.842,-17.424,-108.583
 14:56:18.196,eb:33:2e:f9:57:b5, 2085-97-179 00:241:51:17470,-2.85,5.185,2.695,509.827,-198.975,-51.208,-37.211,-17.617,-109.72
 14:56:18.196,eb:33:2e:f9:57:b5, 2085-97-150 11:131:226:12425,-0.866,4.311,-4.25,1144.836,61.768,-319.336,-27.208,-17.787,-112.352
 14:56:18.196,eb:33:2e:f9:57:b5, 2085-97-11 25:245:247:14460,7.286,5.367,7.24,1095.154,145.813,-458.435,-13.623,-15.266,-116.878
 14:56:18.256,eb:33:2e:f9:57:b5, 2085-97-35 234:195:243:-6092,-9.794,5.743,-1.53,268.555,-232.178,34.058,-7.899,-17.584,-115.939
 14:56:18.256,eb:33:2e:f9:57:b5, 2085-97-34 10:254:242:5232,1.204,-5.951,-8.39,47.791,-124.146,-72.937,-6.13,-13.59,-119.246
 14:56:18.256,eb:33:2e:f9:57:b5, 2085-97-53 02:130:01:760,0.29,-0.242,1.919,41.382,-62.073,122.192,-5.878,-14.991,-118.317
 14:56:18.256,eb:33:2e:f9:57:b5, 2085-97-28 00:229:03:364,1.443,0.696,0.261,17.09,-37.537,35.095,-5.603,-15.562,-117.543
 14:56:18.286,eb:33:2e:f9:57:b5, 2085-97-63 03:212:00:3626,-1.181,0.578,2.285,11.047,19.104,-36.133,-5.543,-15.903,-117.554
 14:56:18.286,eb:33:2e:f9:57:b5, 2085-97-23 254:229:253:2284,-0.241,-0.525,0.328,34.302,-9.338,-18.616,-5.142,-15.37,-118.021
 14:56:18.286,eb:33:2e:f9:57:b5, 2085-97-194 03:69:02:2671,0.283,-0.037,0.622,22.522,-21.851,15.564,-4.883,-15.469,-117.949
 14:56:18.286,eb:33:2e:f9:57:b5, 2085-97-10 00:189:00:2001,0.45,0.197,1.062,9.155,41.199,-2.258,-4.653,-15.309,-117.916
 14:56:18.316,eb:33:2e:f9:57:b5, 2085-97-209 00:68:00:2519,0.352,0.188,1.455,9.705,62.317,-11.902,-4.515,-14.936,-118.021
 14:56:18.316,eb:33:2e:f9:57:b5, 2085-97-94 07:152:02:3829,0.797,0.158,1.357,12.756,69.397,-15.991,-4.301,-14.216,-118.18
 14:56:18.316,eb:33:2e:f9:57:b5, 2085-97-07 06:208:01:3808,0.223,0.248,1.897,21.362,140.686,-35.889,-4.076,-13.063,-118.575
 14:56:18.316,eb:33:2e:f9:57:b5, 2085-97-99 246:121:249:7524,-1.182,0.254,2.539,66.345,154.907,-67.627,-3.461,-11.678,-119.147
 14:56:18.375,eb:33:2e:f9:57:b5, 2085-97-211 254:114:250:7667,0.489,-1.195,4.312,204.651,103.027,-48.157,-1.928,-10.53,-119.839
 14:56:18.375,eb:33:2e:f9:57:b5, 2085-97-78 02:114:252:5242,0.163,-0.4,3.099,275.024,157.898,-34.79,0.731,-9.234,-120.273
 14:56:18.375,eb:33:2e:f9:57:b5, 2085-97-20 03:57:250:5955,0.582,-0.651,2.56,321.106,152.832,-17.639,3.735,-7.619,-120.476
 14:56:18.375,eb:33:2e:f9:57:b5, 2085-97-124 02:51:250:5983,0.247,-0.687,3.05,372.131,183.105,19.531,7.3,-5.982,-120.289
 14:56:18.405,eb:33:2e:f9:57:b5, 2085-97-138 05:234:245:8527,0.941,-0.984,3.614,445.679,146.851,11.23,11.288,-4.362,-119.85
 14:56:18.405,eb:33:2e:f9:57:b5, 2085-97-166 07:64:246:7421,0.86,-1.329,4.074,553.772,214.294,-7.568,16.386,-2.593,-119.427
 14:56:18.405,eb:33:2e:f9:57:b5, 2085-97-118 04:174:248:8533,0.079,-1.027,3.664,628.845,265.93,-29.663,22.33,-0.203,-118.784
 14:56:18.405,eb:33:2e:f9:57:b5, 2085-97-219 254:35:248:9991,-0.11,-0.772,4.527,701.599,268.799,-47.729,29.097,2.455,-117.955
 14:56:18.436,eb:33:2e:f9:57:b5, 2085-97-19 00:47:247:5504,0.332,-1.181,4.112,728.088,295.959,-21.606,36.398,5.004,-116.752
 14:56:18.436,eb:33:2e:f9:57:b5, 2085-97-92 01:24:04:3199,0.065,-0.752,1.72,712.952,190.308,-0.061,43.852,7.026,-115.203
 14:56:18.436,eb:33:2e:f9:57:b5, 2085-97-72 01:78:04:4505,0.237,0.359,1.84,634.521,41.382,-19.592,50.691,7.861,-114.51
 14:56:18.436,eb:33:2e:f9:57:b5, 2085-97-84 08:13:251:5795,2.235,0.308,2.751,518.005,-21.973,-46.997,56.404,8.108,-114.714
 14:56:18.496,eb:33:2e:f9:57:b5, 2085-97-53 11:123:252:2430,1.319,-0.16,1.763,299.866,108.337,-165.588,60.463,9.042,-114.966
 14:56:18.496,eb:33:2e:f9:57:b5, 2085-97-210 11:59:254:2606,1.609,-0.371,0.704,136.78,113.892,-258.057,62.611,11.64,-114.884
 14:56:18.496,eb:33:2e:f9:57:b5, 2085-97-00 12:93:253:6356,1.401,-0.235,2.424,32.104,59.814,-314.331,63.138,14.59,-115.532
 14:56:18.496,eb:33:2e:f9:57:b5, 2085-97-250 10:144:249:8745,1.317,-0.546,3.786,34.912,27.466,-340.088,63.105,17.732,-116.735
 14:56:18.526,eb:33:2e:f9:57:b5, 2085-97-170 10:152:244:8518,1.38,-1.138,4.342,62.988,70.74,-325.745,63.232,20.934,-117.9
 14:56:18.526,eb:33:2e:f9:57:b5, 2085-97-09 12:50:243:6674,1.616,-1.589,3.743,72.571,136.963,-295.288,63.776,24.197,-118.339
 14:56:18.526,eb:33:2e:f9:57:b5, 2085-97-32 13:193:244:4583,1.506,-1.507,2.724,45.532,170.776,-258.362,64.501,27.372,-118.081
 14:56:18.526,eb:33:2e:f9:57:b5, 2085-97-186 09:16:244:3267,1.013,-1.362,1.887,-4.456,143.188,-216.064,64.929,30.201,-117.554
 14:56:18.556,eb:33:2e:f9:57:b5, 2085-97-165 05:94:238:3645,0.411,-1.816,1.731,-52.979,54.932,-161.377,64.644,32.3,-117.499
 14:56:18.557,eb:33:2e:f9:57:b5, 2085-97-118 02:67:233:3493,0.22,-2.567,1.683,-107.3,-32.227,-78.674,63.517,33.404,-118.043
 14:56:18.557,eb:33:2e:f9:57:b5, 2085-113-81 00:137:37:15154,0.18,-3.044,1.57,-192.139,-44.8,38.147,61.683,33.344,-118.619
 14:56:18.557,eb:33:2e:f9:57:b5, 2085-97-40 02:20:232:2329,0.645,-3.108,1.347,-239.38,-33.386,101.624,60.59,32.915,-118.597
 14:56:18.615,eb:33:2e:f9:57:b5, 2085-97-95 08:86:237:2263,1.421,-2.661,1.083,-327.026,-16.785,218.628,58.085,31.355,-117.817
 14:56:18.615,eb:33:2e:f9:57:b5, 2085-97-209 14:123:242:1390,2.331,-2.029,0.981,-373.901,-38.025,288.513,55.239,29.042,-116.395
 14:56:18.615,eb:33:2e:f9:57:b5, 2085-97-214 20:35:249:-739,2.594,-1.245,0.248,-388.245,-104.675,303.467,52.009,26.186,-115.032
 14:56:18.615,eb:33:2e:f9:57:b5, 2085-97-220 19:86:251:-1606,2.413,-0.623,-0.822,-394.47,-235.474,268.372,48.334,22.879,-114.45
 14:56:18.645,eb:33:2e:f9:57:b5, 2085-97-100 18:91:251:614,2.093,-0.6,-0.289,-396.973,-381.531,212.28,44.094,18.935,-115.175
 14:56:18.645,eb:33:2e:f9:57:b5, 2085-97-195 14:150:251:2743,1.522,-0.549,0.826,-414.734,-456.116,154.602,39.595,14.54,-116.763
 14:56:18.645,eb:33:2e:f9:57:b5, 2085-97-136 09:80:250:4656,0.974,-0.623,1.911,-458.191,-463.989,99.915,34.799,10.058,-118.641
 14:56:18.645,eb:33:2e:f9:57:b5, 2085-97-34 06:14:251:6218,0.561,-0.708,2.692,-496.399,-426.514,57.556,29.751,5.872,-120.416
 14:56:18.705,eb:33:2e:f9:57:b5, 2085-97-184 03:127:252:6997,0.354,-0.502,3.155,-513.428,-378.357,11.719,24.527,2.175,-121.937
 14:56:18.705,eb:33:2e:f9:57:b5, 2085-97-93 01:213:252:7225,-0.026,-0.383,3.577,-511.292,-333.435,-40.71,19.38,-1.044,-123.437
 14:56:18.705,eb:33:2e:f9:57:b5, 2085-97-65 254:98:251:6825,-0.386,-0.463,3.472,-506.104,-298.096,-81.238,14.315,-3.878,-124.958
 14:56:18.705,eb:33:2e:f9:57:b5, 2085-97-84 251:107:249:6459,-0.768,-0.698,3.239,-500,-285.339,-99.304,9.426,-6.52,-126.48
 14:56:18.736,eb:33:2e:f9:57:b5, 2085-97-225 248:52:248:6442,-1.007,-0.928,3.089,-500.977,-289.795,-92.529,4.565,-9.261,-127.798
 14:56:18.736,eb:33:2e:f9:57:b5, 2085-97-252 246:218:248:6981,-1.265,-0.965,3.25,-510.315,-299.622,-66.162,-0.319,-12.184,-128.721
 14:56:18.736,eb:33:2e:f9:57:b5, 2085-97-246 244:139:250:8252,-1.495,-0.821,3.665,-519.531,-312.805,-29.541,-5.46,-15.293,-129.029
 14:56:18.736,eb:33:2e:f9:57:b5, 2085-97-33 243:231:254:10388,-1.736,-0.464,4.524,-519.287,-306.824,11.23,-10.783,-18.386,-128.644
