Time,Device name,Chip Time(),Acceleration X(g),Acceleration Y(g),Acceleration Z(g),Angular velocity X(°/s),Angular velocity Y(°/s),Angular velocity Z(°/s),Angle X(°),Angle Y(°),Angle Z(°)
 14:54:45.552,eb:33:2e:f9:57:b5, 2085-97-246 00:168:246:2356,-0.105,-1.295,1.092,406.25,132.019,41.26,-22.956,-2.043,-136.456
 14:54:45.552,eb:33:2e:f9:57:b5, 2085-97-229 252:46:254:3513,-0.552,-0.672,1.55,446.655,70.312,28.687,-18.605,-1.093,-136.467
 14:54:45.552,eb:33:2e:f9:57:b5, 2085-97-17 252:117:04:3578,-0.347,0.173,1.707,390.625,63.416,24.17,-14.381,-0.379,-136.434
 14:54:45.552,eb:33:2e:f9:57:b5, 2085-97-00 254:172:04:3091,-0.176,0.625,1.69,294.189,47.974,13,-10.997,0.203,-136.368
 14:54:45.582,eb:33:2e:f9:57:b5, 2085-97-243 254:153:03:2639,-0.078,0.514,1.398,205.566,13.794,-15.808,-8.569,0.478,-136.456
 14:54:45.582,eb:33:2e:f9:57:b5, 2085-97-241 255:107:00:2336,0.062,0.286,1.197,161.194,-1.831,-36.011,-6.795,0.478,-136.747
 14:54:45.582,eb:33:2e:f9:57:b5, 2085-97-133 00:182:254:2220,0.061,-0.097,1.099,147.522,-7.507,-38.696,-5.279,0.401,-137.131
 14:54:45.582,eb:33:2e:f9:57:b5, 2085-97-153 00:37:00:2286,0.072,-0.068,1.075,139.16,-19.226,-38.33,-3.84,0.225,-137.499
 14:54:45.672,eb:33:2e:f9:57:b5, 2085-97-114 00:204:02:2118,0.062,0.193,1.092,112.366,-8.057,-37.048,-2.571,0.066,-137.867
 14:54:45.672,eb:33:2e:f9:57:b5, 2085-97-109 00:116:02:1991,-0.004,0.373,1,62.073,6.958,-30.09,-1.725,0.06,-138.192
 14:54:45.672,eb:33:2e:f9:57:b5, 2085-97-101 255:06:01:1850,-0.105,0.236,0.944,25.085,17.334,-19.775,-1.329,0.192,-138.433
 14:54:45.672,eb:33:2e:f9:57:b5, 2085-97-97 255:252:255:1925,-0.025,0.033,0.908,9.888,9.888,-11.597,-1.181,0.33,-138.593
 14:54:45.672,eb:33:2e:f9:57:b5, 2085-97-224 255:43:00:2025,-0.022,0.013,0.979,4.456,5.066,-6.531,-1.11,0.39,-138.675
 14:54:45.672,eb:33:2e:f9:57:b5, 2085-97-224 255:14:00:2031,0.005,0.017,0.983,1.404,5.188,-6.104,-1.088,0.445,-138.741
 14:54:45.672,eb:33:2e:f9:57:b5, 2085-97-37 00:231:255:2110,0.012,-0.001,1.018,-0.488,6.714,-3.662,-1.082,0.494,-138.79
 14:54:45.672,eb:33:2e:f9:57:b5, 2085-97-239 255:225:255:2051,-0.028,-0.015,1.023,-0.244,10.254,-1.648,-1.088,0.588,-138.818
 14:54:45.700,eb:33:2e:f9:57:b5, 2085-97-167 255:226:255:1982,-0.055,-0.014,0.981,0.488,7.812,-0.671,-1.088,0.681,-138.829
 14:54:45.700,eb:33:2e:f9:57:b5, 2085-97-164 255:220:255:1993,-0.033,-0.022,0.96,1.099,1.16,0,-1.077,0.725,-138.834
 14:54:45.700,eb:33:2e:f9:57:b5, 2085-97-200 255:228:255:2018,-0.02,-0.016,0.985,1.282,-2.38,0.61,-1.066,0.714,-138.829
 14:54:45.700,eb:33:2e:f9:57:b5, 2085-97-237 255:01:00:2046,0,-0.007,0.992,1.038,-3.479,1.099,-1.055,0.681,-138.818
 14:54:45.730,eb:33:2e:f9:57:b5, 2085-97-27 00:11:00:2088,0.018,0.005,1.01,0,-0.244,0.549,-1.049,0.659,-138.812
 14:54:45.730,eb:33:2e:f9:57:b5, 2085-97-31 00:02:00:2098,0.012,0.003,1.025,-0.366,5.676,-0.122,-1.055,0.692,-138.807
 14:54:45.730,eb:33:2e:f9:57:b5, 2085-97-12 00:247:255:2077,0.001,-0.002,1.022,0,10.132,-1.038,-1.055,0.775,-138.818
 14:54:45.730,eb:33:2e:f9:57:b5, 2085-97-238 255:254:255:2046,-0.015,-0.002,1.01,0.488,12.878,-2.075,-1.049,0.89,-138.834
 14:54:45.791,eb:33:2e:f9:57:b5, 2085-97-226 255:233:255:2038,-0.022,-0.014,0.998,0.732,13.977,-2.441,-1.044,1.027,-138.862
 14:54:45.791,eb:33:2e:f9:57:b5, 2085-97-207 255:223:255:2035,-0.021,-0.014,0.994,0.916,13.977,-2.197,-1.038,1.17,-138.889
 14:54:45.791,eb:33:2e:f9:57:b5, 2085-97-205 255:208:255:2032,-0.033,-0.021,1,1.709,13.794,-1.831,-1.027,1.307,-138.911
 14:54:45.791,eb:33:2e:f9:57:b5, 2085-97-169 255:213:255:2013,-0.045,-0.022,0.987,3.296,10.803,-1.282,-1,1.428,-138.928
 14:54:45.852,eb:33:2e:f9:57:b5, 2085-97-171 255:212:255:2019,-0.034,-0.024,0.985,4.578,7.385,-0.916,-0.961,1.522,-138.944
 14:54:45.852,eb:33:2e:f9:57:b5, 2085-97-199 255:214:255:2043,-0.017,-0.021,0.993,5.981,4.395,-0.488,-0.906,1.577,-138.95
 14:54:45.852,eb:33:2e:f9:57:b5, 2085-97-234 255:236:255:2063,-0.011,-0.018,1.007,7.385,3.418,0,-0.84,1.615,-138.95
 14:54:45.852,eb:33:2e:f9:57:b5, 2085-97-247 255:06:00:2083,-0.014,-0.001,1.004,6.836,5.432,0.854,-0.764,1.659,-138.95
 14:54:45.853,eb:33:2e:f9:57:b5, 2085-97-245 255:03:00:2105,0.006,0.011,1,6.531,9.155,-0.549,-0.698,1.73,-138.95
 14:54:45.853,eb:33:2e:f9:57:b5, 2085-97-16 00:228:255:2130,0,-0.008,1.04,8.118,12.878,-1.343,-0.626,1.846,-138.961
 14:54:45.853,eb:33:2e:f9:57:b5, 2085-97-227 255:238:255:2100,-0.021,-0.003,1.031,9.949,15.076,-0.244,-0.533,1.989,-138.972
 14:54:45.853,eb:33:2e:f9:57:b5, 2085-97-219 255:235:255:2105,-0.025,-0.014,1.021,11.841,14.893,0.977,-0.423,2.142,-138.966
 14:54:45.911,eb:33:2e:f9:57:b5, 2085-97-197 255:24:00:2078,-0.017,-0.001,1.015,12.695,16.602,2.502,-0.302,2.302,-138.95
 14:54:45.911,eb:33:2e:f9:57:b5, 2085-97-192 255:25:00:2102,-0.031,0.014,1.032,13.733,20.386,1.282,-0.165,2.483,-138.933
 14:54:45.911,eb:33:2e:f9:57:b5, 2085-97-195 255:21:00:2115,-0.042,0.013,1.021,14.954,23.987,0.732,-0.022,2.708,-138.922
 14:54:45.911,eb:33:2e:f9:57:b5, 2085-97-136 255:62:00:2054,-0.042,0.02,1.017,15.686,29.297,0,0.126,2.983,-138.917
 14:54:45.942,eb:33:2e:f9:57:b5, 2085-97-151 255:65:00:2107,-0.061,0.037,1.02,16.113,32.349,-1.831,0.286,3.285,-138.922
 14:54:45.942,eb:33:2e:f9:57:b5, 2085-97-97 255:37:00:2085,-0.051,0.017,1.018,16.113,36.133,-1.587,0.45,3.636,-138.944
 14:54:45.942,eb:33:2e:f9:57:b5, 2085-97-162 255:30:00:2156,-0.069,0.02,1.045,16.602,37.598,-0.549,0.61,3.999,-138.95
 14:54:45.942,eb:33:2e:f9:57:b5, 2085-97-175 255:48:00:2196,-0.057,0.03,1.019,16.663,41.382,0.549,0.78,4.406,-138.944
 14:54:46.000,eb:33:2e:f9:57:b5, 2085-97-97 255:74:00:2094,-0.08,0.028,1.043,17.578,48.157,1.038,0.956,4.856,-138.928
 14:54:46.000,eb:33:2e:f9:57:b5, 2085-97-171 255:92:00:2344,-0.062,0.039,1.074,18.188,50.659,-0.122,1.132,5.35,-138.917
 14:54:46.000,eb:33:2e:f9:57:b5, 2085-113-81 00:200:44:1716,-0.041,0.044,1.105,19.775,60.12,-0.732,1.324,5.911,-138.906
 14:54:46.000,eb:33:2e:f9:57:b5, 2085-97-45 00:27:01:1965,0.168,0.069,1.064,18.799,62.5,-0.305,1.423,6.224,-138.9
 14:54:46.001,eb:33:2e:f9:57:b5, 2085-97-183 254:08:00:2510,-0.419,0.252,0.92,21.423,41.504,-7.324,1.615,6.74,-138.922
 14:54:46.030,eb:33:2e:f9:57:b5, 2085-97-115 253:55:254:4038,-0.248,-0.186,1.486,35.522,47.18,-5.676,1.862,7.218,-138.977
 14:54:46.030,eb:33:2e:f9:57:b5, 2085-97-67 254:236:254:3176,-0.204,-0.222,1.94,67.749,75.195,5.554,2.406,7.822,-138.961
 14:54:46.030,eb:33:2e:f9:57:b5, 2085-97-21 254:100:255:2858,-0.275,-0.047,1.357,84.473,72.998,12.268,3.214,8.586,-138.823
 14:54:46.030,eb:33:2e:f9:57:b5, 2085-97-199 253:206:254:3312,-0.237,-0.129,1.515,99.365,68.115,19.836,4.164,9.267,-138.62
 14:54:46.061,eb:33:2e:f9:57:b5, 2085-97-247 253:242:254:3190,-0.251,-0.137,1.635,120.85,68.848,29.846,5.328,9.926,-138.301
 14:54:46.061,eb:33:2e:f9:57:b5, 2085-97-76 254:122:255:3009,-0.199,-0.109,1.504,138,63.904,37.231,6.707,10.547,-137.889
 14:54:46.061,eb:33:2e:f9:57:b5, 2085-97-90 254:43:255:3368,-0.141,-0.103,1.565,158.447,54.749,40.894,8.284,11.069,-137.417
 14:54:46.061,eb:33:2e:f9:57:b5, 2085-97-120 255:231:255:3515,0.019,-0.062,1.664,176.331,57.739,44.861,10.074,11.552,-136.884
 14:54:46.121,eb:33:2e:f9:57:b5, 2085-97-143 00:00:00:3820,0.136,0.003,1.769,197.205,66.284,37.964,12.063,12.068,-136.351
 14:54:46.121,eb:33:2e:f9:57:b5, 2085-97-127 01:58:00:3992,0.271,0.01,1.909,218.628,91.125,30.396,14.26,12.761,-135.829
 14:54:46.121,eb:33:2e:f9:57:b5, 2085-97-128 02:73:00:4169,0.384,0.038,1.97,244.202,113.464,18.677,16.71,13.694,-135.297
 14:54:46.121,eb:33:2e:f9:57:b5, 2085-97-214 03:216:255:4655,0.58,0.008,2.191,273.804,145.325,3.906,19.435,14.886,-134.78
 14:54:46.151,eb:33:2e:f9:57:b5, 2085-97-55 05:233:255:4589,0.634,-0.008,2.262,307.434,188.538,-12.268,22.516,16.49,-134.193
 14:54:46.151,eb:33:2e:f9:57:b5, 2085-97-143 04:203:254:4732,0.446,-0.073,2.231,345.703,222.351,-31.616,25.994,18.479,-133.517
 14:54:46.151,eb:33:2e:f9:57:b5, 2085-97-127 02:166:254:4786,0.228,-0.214,2.346,382.751,263.062,-41.626,29.954,20.814,-132.665
 14:54:46.151,eb:33:2e:f9:57:b5, 2085-97-74 255:166:03:5491,-0.234,0.072,2.431,415.222,279.236,-51.331,34.398,23.39,-131.495
 14:54:46.181,eb:33:2e:f9:57:b5, 2085-97-118 254:168:06:7082,0.159,0.712,3.019,457.886,235.596,-68.909,39.26,25.84,-130.325
 14:54:46.181,eb:33:2e:f9:57:b5, 2085-97-180 03:198:02:6097,0.505,0.625,3.491,514.465,178.284,-86.548,44.517,27.856,-129.49
 14:54:46.181,eb:33:2e:f9:57:b5, 2085-97-58 03:42:254:4162,0.278,0.086,2.315,567.993,130.432,-101.746,50.224,29.63,-128.908
 14:54:46.181,eb:33:2e:f9:57:b5, 2085-97-30 00:206:01:6470,-0.073,0.134,2.443,601.379,49.438,-124.39,56.135,30.998,-128.936
 14:54:46.241,eb:33:2e:f9:57:b5, 2085-97-51 255:107:255:7297,0.256,-0.124,3.681,541.87,92.59,-135.864,61.754,32.465,-129.161
 14:54:46.241,eb:33:2e:f9:57:b5, 2085-97-78 06:253:255:4854,1.148,0.01,2.908,456.055,150.513,-128.662,67.126,34.184,-128.419
 14:54:46.241,eb:33:2e:f9:57:b5, 2085-97-90 09:179:249:3152,0.802,-0.199,1.764,326.355,166.199,-140.808,71.752,36.03,-127.134
 14:54:46.241,eb:33:2e:f9:57:b5, 2085-97-151 04:13:244:1711,0.435,-1.378,1.659,213.44,199.951,-110.046,75.311,37.771,-125.436
 14:54:46.271,eb:33:2e:f9:57:b5, 2085-97-182 03:252:246:-4021,0.4,-1.333,-1.045,115.417,146.729,-64.575,78.305,39.007,-123.393
 14:54:46.271,eb:33:2e:f9:57:b5, 2085-97-37 04:67:244:-1557,0.433,-1.294,-1.542,-63.538,22.766,-31.067,78.975,39.611,-122.563
 14:54:46.271,eb:33:2e:f9:57:b5, 2085-97-47 02:160:244:326,0.237,-1.506,-0.233,-198.242,-15.137,18.25,77.52,39.644,-122.602
 14:54:46.271,eb:33:2e:f9:57:b5, 2085-97-51 02:05:247:1555,0.337,-1.262,0.492,-268.555,-39.429,56.396,74.938,39.177,-122.844
 14:54:46.303,eb:33:2e:f9:57:b5, 2085-97-21 03:93:248:1867,0.454,-1.026,0.912,-291.321,-57.251,83.191,71.873,38.342,-123.195
 14:54:46.303,eb:33:2e:f9:57:b5, 2085-97-32 04:52:249:1373,0.582,-0.904,0.833,-284.363,-69.641,98.755,68.741,37.249,-123.58
 14:54:46.303,eb:33:2e:f9:57:b5, 2085-97-28 05:116:250:801,0.661,-0.78,0.529,-272.949,-83.679,104.98,65.731,36.002,-123.964
 14:54:46.303,eb:33:2e:f9:57:b5, 2085-97-108 05:157:251:448,0.677,-0.607,0.273,-270.813,-104.187,102.6,62.726,34.645,-124.459
 14:54:46.360,eb:33:2e:f9:57:b5, 2085-97-80 05:236:251:517,0.639,-0.518,0.218,-279.968,-127.869,95.032,59.601,33.212,-125.123
 14:54:46.360,eb:33:2e:f9:57:b5, 2085-97-20 05:249:251:869,0.599,-0.51,0.318,-295.166,-150.208,85.693,56.255,31.701,-125.969
 14:54:46.360,eb:33:2e:f9:57:b5, 2085-97-135 04:165:251:1165,0.531,-0.516,0.497,-310.181,-158.997,78.247,52.74,30.13,-126.903
 14:54:46.360,eb:33:2e:f9:57:b5, 2085-97-248 03:148:251:1431,0.463,-0.557,0.644,-324.158,-159.668,75.562,49.114,28.521,-127.782
 14:54:46.391,eb:33:2e:f9:57:b5, 2085-97-109 03:20:252:1611,0.413,-0.528,0.756,-337.036,-155.579,76.965,45.461,26.895,-128.507
 14:54:46.391,eb:33:2e:f9:57:b5, 2085-97-37 03:180:252:1752,0.399,-0.454,0.836,-346.375,-153.87,80.994,41.776,25.225,-129.062
 14:54:46.391,eb:33:2e:f9:57:b5, 2085-97-237 02:64:253:1920,0.369,-0.379,0.909,-350.342,-156.128,84.9,38.123,23.5,-129.457
 14:54:46.391,eb:33:2e:f9:57:b5, 2085-97-160 02:232:253:2267,0.272,-0.309,1.044,-349.976,-159.119,90.332,34.503,21.698,-129.716
 14:54:46.421,eb:33:2e:f9:57:b5, 2085-97-06 02:190:254:2490,0.273,-0.223,1.162,-346.619,-160.583,97.717,30.992,19.841,-129.792
 14:54:46.421,eb:33:2e:f9:57:b5, 2085-97-18 02:243:255:2563,0.29,-0.075,1.256,-341.431,-157.959,103.027,27.57,17.952,-129.688
 14:54:46.421,eb:33:2e:f9:57:b5, 2085-97-63 02:180:00:2970,0.267,0.05,1.36,-333.557,-166.016,102.722,24.263,16.035,-129.457
 14:54:46.421,eb:33:2e:f9:57:b5, 2085-97-17 02:17:01:3343,0.239,0.113,1.548,-323.181,-171.875,99.548,21.039,14.073,-129.172
 14:54:46.480,eb:33:2e:f9:57:b5, 2085-97-174 01:39:01:3643,0.188,0.146,1.701,-313.293,-173.34,95.398,17.941,12.118,-128.82
 14:54:46.480,eb:33:2e:f9:57:b5, 2085-97-72 01:19:01:4098,0.127,0.136,1.888,-303.223,-169.983,90.698,14.919,10.19,-128.414
 14:54:46.480,eb:33:2e:f9:57:b5, 2085-97-194 00:75:01:4543,0.065,0.141,2.109,-292.786,-159.485,85.693,12.019,8.388,-127.936
 14:54:46.480,eb:33:2e:f9:57:b5, 2085-97-72 00:203:01:4878,0.003,0.19,2.312,-284.302,-146.851,78.796,9.19,6.724,-127.403
 14:54:46.540,eb:33:2e:f9:57:b5, 2085-97-188 255:109:02:5033,-0.062,0.264,2.43,-282.227,-135.925,70.129,6.422,5.229,-126.859
 14:54:46.540,eb:33:2e:f9:57:b5, 2085-97-68 255:88:03:5008,-0.111,0.352,2.473,-287.964,-130.188,59.57,3.598,3.845,-126.332
 14:54:46.540,eb:33:2e:f9:57:b5, 2085-97-01 255:237:04:4863,-0.144,0.512,2.41,-307.129,-138.245,45.105,0.654,2.499,-125.854
 14:54:46.540,eb:33:2e:f9:57:b5, 2085-97-151 254:139:06:4995,-0.203,0.721,2.389,-340.271,-160.095,28.015,-2.587,0.994,-125.469
 14:54:46.570,eb:33:2e:f9:57:b5, 2085-97-243 253:30:08:5561,-0.309,0.915,2.566,-383.606,-180.237,8.85,-6.229,-0.709,-125.156
 14:54:46.570,eb:33:2e:f9:57:b5, 2085-97-250 252:104:10:6290,-0.483,1.144,2.918,-411.804,-180.603,-8.911,-10.272,-2.521,-124.909
 14:54:46.570,eb:33:2e:f9:57:b5, 2085-97-61 251:113:13:6440,-0.664,1.479,3.146,-400.635,-178.101,-23.865,-14.376,-4.301,-124.695
 14:54:46.570,eb:33:2e:f9:57:b5, 2085-97-200 250:20:17:5946,-0.627,1.897,2.993,-357.178,-179.077,-33.142,-18.193,-6.114,-124.475
 14:54:46.630,eb:33:2e:f9:57:b5, 2085-97-140 251:159:22:5634,-0.549,2.427,3.006,-312.134,-143.127,-34.851,-21.533,-7.778,-124.244
 14:54:46.630,eb:33:2e:f9:57:b5, 2085-97-130 251:149:29:4353,-0.705,3.246,2.562,-281.677,-79.529,-46.326,-24.5,-8.937,-124.206
 14:54:46.630,eb:33:2e:f9:57:b5, 2085-97-250 247:23:33:1945,-1.401,4.014,1.567,-238.708,-72.021,-61.035,-27.076,-9.772,-124.404
 14:54:46.630,eb:33:2e:f9:57:b5, 2085-97-216 240:109:29:1415,-2.331,3.995,0.622,-144.531,-168.945,-63.171,-28.998,-11.146,-124.404
 14:54:46.633,eb:33:2e:f9:57:b5, 2085-97-143 234:202:24:3665,-2.851,3.359,1.12,-24.841,-235.596,-26.123,-29.927,-13.244,-123.728
 14:54:46.633,eb:33:2e:f9:57:b5, 2085-97-41 221:32:16:20469,-3.737,2.827,2.529,109.924,-220.52,26.794,-29.866,-15.084,-122.569
 14:54:46.633,eb:33:2e:f9:57:b5, 2085-97-135 244:218:21:4009,0.635,3.483,3.397,301.697,214.539,90.21,-27.554,-13.623,-122.113
 14:54:46.633,eb:33:2e:f9:57:b5, 2085-97-64 06:206:251:1553,0.146,-0.271,0.328,293.762,342.224,181.213,-24.516,-10.558,-122.179
 14:54:46.661,eb:33:2e:f9:57:b5, 2085-97-143 02:154:245:1644,-0.185,-0.194,1.125,323.486,328.735,179.016,-21.533,-6.471,-121.657
 14:54:46.661,eb:33:2e:f9:57:b5, 2085-97-199 250:253:251:2007,-1.018,-1.067,0.751,377.441,222.29,129.639,-18.067,-3.417,-121.174
 14:54:46.661,eb:33:2e:f9:57:b5, 2085-97-127 249:179:01:2547,-0.778,-0.21,1.203,390.076,145.203,68.604,-14.161,-1.445,-120.734
 14:54:46.661,eb:33:2e:f9:57:b5, 2085-97-241 250:252:04:2793,-0.358,0.417,1.372,345.947,118.652,32.166,-10.503,-0.126,-120.542
 14:54:46.751,eb:33:2e:f9:57:b5, 2085-97-130 254:121:03:2806,-0.16,0.468,1.432,267.639,73.181,-27.588,-7.471,0.797,-120.74
 14:54:46.751,eb:33:2e:f9:57:b5, 2085-97-241 254:135:02:2466,-0.061,0.374,1.246,207.642,29.175,-38.269,-5.153,1.241,-121.157
 14:54:46.751,eb:33:2e:f9:57:b5, 2085-97-02 00:160:00:2264,-0.006,0.176,1.137,161.011,1.343,-32.41,-3.351,1.335,-121.542
 14:54:46.751,eb:33:2e:f9:57:b5, 2085-97-249 255:29:02:2174,0.03,0.109,1.073,123.718,-19.409,-20.264,-1.95,1.236,-121.794
 14:54:46.753,eb:33:2e:f9:57:b5, 2085-97-45 00:196:02:2068,0.01,0.299,1.083,84.717,-9.644,-12.39,-0.934,1.049,-121.959
 14:54:46.753,eb:33:2e:f9:57:b5, 2085-97-225 255:160:01:1935,-0.059,0.252,0.972,47.485,4.395,-2.014,-0.302,1.044,-122.036
 14:54:46.753,eb:33:2e:f9:57:b5, 2085-97-28 255:174:00:1863,-0.073,0.15,0.936,24.292,6.409,9.949,0.033,1.104,-121.987
 14:54:46.753,eb:33:2e:f9:57:b5, 2085-97-168 255:112:00:2042,-0.083,0.034,0.971,14.343,5.127,18.494,0.214,1.148,-121.838
 14:54:46.780,eb:33:2e:f9:57:b5, 2085-97-234 254:208:00:1797,-0.043,0.102,0.903,11.475,5.432,10.376,0.346,1.23,-121.679
 14:54:46.781,eb:33:2e:f9:57:b5, 2085-97-35 00:95:00:2107,-0.027,0.039,0.998,7.263,2.441,5.432,0.439,1.236,-121.619
 14:54:46.781,eb:33:2e:f9:57:b5, 2085-97-141 255:64:00:1981,-0.046,0.045,0.982,5.798,6.104,5.31,0.505,1.302,-121.558
 14:54:46.781,eb:33:2e:f9:57:b5, 2085-97-140 255:76:00:1969,-0.049,0.024,0.976,5.127,4.15,4.211,0.566,1.346,-121.514
 14:54:46.872,eb:33:2e:f9:57:b5, 2085-97-166 255:23:00:2037,-0.046,0.022,0.983,4.333,2.136,3.235,0.61,1.373,-121.481
 14:54:46.872,eb:33:2e:f9:57:b5, 2085-97-166 255:25:00:2029,-0.038,0.016,0.985,4.822,1.465,3.662,0.659,1.395,-121.443
 14:54:46.872,eb:33:2e:f9:57:b5, 2085-97-157 255:56:00:1994,-0.035,0.025,0.995,5.005,0.977,4.15,0.709,1.406,-121.399
 14:54:46.872,eb:33:2e:f9:57:b5, 2085-97-185 255:61:00:2024,-0.021,0.025,0.995,4.639,0.427,4.089,0.764,1.406,-121.36
 14:54:46.872,eb:33:2e:f9:57:b5, 2085-113-58 00:115:231:-5355,-0.022,0.026,1.013,5.127,1.221,3.54,0.813,1.412,-121.322
 14:54:46.872,eb:33:2e:f9:57:b5, 2085-97-220 255:59:00:2056,-0.002,0.023,1.01,5.188,1.831,3.601,0.835,1.417,-121.306
 14:54:46.872,eb:33:2e:f9:57:b5, 2085-97-240 255:55:00:2070,0.013,0.029,1.023,4.822,3.601,4.15,0.89,1.445,-121.262
 14:54:46.872,eb:33:2e:f9:57:b5, 2085-97-253 255:75:00:2077,0.007,0.044,1.034,5.188,5.737,3.235,0.939,1.489,-121.223
 14:54:46.902,eb:33:2e:f9:57:b5, 2085-97-10 00:80:00:2094,0.015,0.042,1.024,5.432,8.85,1.892,0.994,1.56,-121.196
 14:54:46.902,eb:33:2e:f9:57:b5, 2085-97-247 255:79:00:2071,-0.001,0.043,1.037,6.226,13.367,0,1.055,1.675,-121.179
 14:54:46.902,eb:33:2e:f9:57:b5, 2085-97-198 255:49:00:2058,-0.028,0.041,1.021,7.385,16.296,-1.587,1.126,1.824,-121.185
 14:54:46.902,eb:33:2e:f9:57:b5, 2085-97-200 255:41:00:2066,-0.049,0.021,1.013,7.751,17.334,-1.038,1.203,1.994,-121.196
 14:54:46.961,eb:33:2e:f9:57:b5, 2085-97-179 255:50:00:2059,-0.044,0.017,0.978,7.629,17.151,0.61,1.285,2.17,-121.196
 14:54:46.961,eb:33:2e:f9:57:b5, 2085-97-168 255:70:00:2031,-0.028,0.03,1,7.263,18.433,1.953,1.357,2.351,-121.179
 14:54:46.961,eb:33:2e:f9:57:b5, 2085-97-191 255:86:00:2074,-0.031,0.043,1.004,6.531,19.653,2.075,1.428,2.538,-121.152
 14:54:46.961,eb:33:2e:f9:57:b5, 2085-97-236 255:93:00:2127,-0.003,0.044,1.023,6.836,21.79,1.404,1.5,2.747,-121.13
 14:54:46.991,eb:33:2e:f9:57:b5, 2085-97-220 255:81:00:2168,0,0.058,1.059,7.568,28.503,-2.808,1.571,2.999,-121.13
 14:54:46.991,eb:33:2e:f9:57:b5, 2085-97-216 255:124:00:2190,-0.026,0.073,1.053,8.85,34.302,-4.944,1.659,3.307,-121.163
 14:54:46.991,eb:33:2e:f9:57:b5, 2085-97-133 255:87:00:2122,-0.05,0.045,1.07,10.01,42.175,-7.019,1.752,3.697,-121.212
 14:54:46.991,eb:33:2e:f9:57:b5, 2085-97-140 255:97:00:2092,-0.065,0.046,1.031,10.742,44.006,-7.629,1.857,4.125,-121.273
 14:54:47.020,eb:33:2e:f9:57:b5, 2085-97-167 255:128:00:2152,-0.039,0.057,0.998,9.399,46.692,-8.118,1.956,4.598,-121.339
 14:54:47.020,eb:33:2e:f9:57:b5, 2085-97-222 255:199:00:1968,0.039,0.062,1.051,8.85,52.124,-9.521,2.038,5.092,-121.41
 14:54:47.020,eb:33:2e:f9:57:b5, 2085-97-148 00:161:01:1830,-0.068,0.155,0.936,7.385,48.34,-14.465,2.115,5.603,-121.514
 14:54:47.020,eb:33:2e:f9:57:b5, 2085-97-49 255:109:00:2116,-0.125,0.088,1.007,6.165,43.884,-20.081,2.159,6.053,-121.679
 14:54:47.141,eb:33:2e:f9:57:b5, 2085-97-54 254:251:255:2177,-0.29,0.032,1.024,8.606,43.03,-18.799,2.219,6.493,-121.855
 14:54:47.141,eb:33:2e:f9:57:b5, 2085-97-04 254:74:255:2742,-0.232,-0.083,1.189,15.503,40.955,-15.686,2.318,6.916,-122.014
 14:54:47.141,eb:33:2e:f9:57:b5, 2085-97-66 254:189:255:2300,-0.195,-0.085,1.313,29.053,46.631,-9.277,2.543,7.355,-122.124
 14:54:47.141,eb:33:2e:f9:57:b5, 2085-97-72 254:234:255:2173,-0.229,0.01,1.024,35.217,41.87,-5.737,2.867,7.806,-122.173
 14:54:47.143,eb:33:2e:f9:57:b5, 2085-97-57 254:203:255:2357,-0.229,-0.026,1.123,40.405,38.086,-1.465,3.246,8.201,-122.19
 14:54:47.143,eb:33:2e:f9:57:b5, 2085-97-19 254:229:255:2221,-0.234,-0.017,1.113,46.57,37.292,3.723,3.691,8.586,-122.151
 14:54:47.143,eb:33:2e:f9:57:b5, 2085-97-48 254:05:00:2188,-0.242,-0.005,1.085,52.673,31.799,8.484,4.208,8.921,-122.064
 14:54:47.143,eb:33:2e:f9:57:b5, 2085-97-237 253:04:00:2163,-0.256,0.008,1.038,58.472,24.719,13.062,4.785,9.196,-121.932
 14:54:47.145,eb:33:2e:f9:57:b5, 2085-97-59 254:41:00:2515,-0.169,0.003,1.125,64.819,15.442,17.883,5.433,9.377,-121.75
 14:54:47.145,eb:33:2e:f9:57:b5, 2085-97-23 255:98:00:3052,-0.069,0.036,1.344,75.012,15.442,21.118,6.169,9.503,-121.536
 14:54:47.145,eb:33:2e:f9:57:b5, 2085-97-129 255:118:00:3317,-0.044,0.05,1.593,90.21,28.748,22.766,7.042,9.69,-121.289
 14:54:47.145,eb:33:2e:f9:57:b5, 2085-97-77 255:116:00:3194,-0.126,0.064,1.606,106.934,45.532,23.804,8.091,10.036,-121.003
 14:54:47.232,eb:33:2e:f9:57:b5, 2085-97-151 254:20:00:3075,-0.216,0.033,1.533,123.169,54.199,25.024,9.311,10.503,-120.679
 14:54:47.232,eb:33:2e:f9:57:b5, 2085-97-46 254:213:255:3022,-0.22,-0.008,1.48,140.442,52.246,27.771,10.701,10.992,-120.317
 14:54:47.232,eb:33:2e:f9:57:b5, 2085-97-211 254:30:00:3212,-0.057,-0.018,1.479,158.142,46.814,32.043,12.283,11.415,-119.916
 14:54:47.232,eb:33:2e:f9:57:b5, 2085-97-80 00:152:00:3833,0.141,0.048,1.714,179.382,50.11,30.151,14.062,11.805,-119.487
 14:54:47.232,eb:33:2e:f9:57:b5, 2085-97-107 01:129:00:4213,0.177,0.089,1.978,207.703,73.242,22.522,16.089,12.327,-119.064
 14:54:47.232,eb:33:2e:f9:57:b5, 2085-97-143 01:232:255:4740,0.293,0.022,2.166,239.319,96.68,13.489,18.435,13.096,-118.63
 14:54:47.232,eb:33:2e:f9:57:b5, 2085-97-184 03:243:255:5286,0.605,-0.008,2.45,272.949,130.554,6.897,21.127,14.134,-118.13
 14:54:47.232,eb:33:2e:f9:57:b5, 2085-97-209 05:67:00:5421,0.755,0.021,2.624,312.561,177.124,-7.935,24.23,15.579,-117.515
 14:54:47.294,eb:33:2e:f9:57:b5, 2085-97-130 05:230:255:5892,0.655,0.038,2.705,359.68,222.412,-31.067,27.812,17.479,-116.774
 14:54:47.294,eb:33:2e:f9:57:b5, 2085-97-246 03:44:00:6040,0.216,-0.049,2.969,406.982,270.996,-49.927,31.97,19.852,-115.845
 14:54:47.294,eb:33:2e:f9:57:b5, 2085-97-04 01:196:02:6011,0.059,0.164,2.944,456.97,281.921,-62.256,36.738,22.5,-114.642
 14:54:47.294,eb:33:2e:f9:57:b5, 2085-97-145 00:250:02:6339,0.119,0.414,3.067,523.499,216.614,-78.43,42.122,24.89,-113.505
 14:54:47.294,eb:33:2e:f9:57:b5, 2085-97-14 02:05:02:5103,0.354,0.24,2.787,588.318,137.878,-88.379,48.01,26.724,-112.813
 14:54:47.322,eb:33:2e:f9:57:b5, 2085-113-81 00:109:49:13913,0.237,-0.188,2.466,646.667,48.34,-100.159,54.267,28.043,-112.736
 14:54:47.322,eb:33:2e:f9:57:b5, 2085-97-174 254:102:254:6021,-0.433,-0.296,2.38,659.058,14.038,-110.535,57.437,28.553,-112.95
 14:54:47.322,eb:33:2e:f9:57:b5, 2085-97-108 252:155:252:7779,-0.171,-0.306,3.742,621.582,47.974,-136.902,63.611,29.767,-113.483
 14:54:47.322,eb:33:2e:f9:57:b5, 2085-97-133 01:226:251:5851,0.537,-0.515,3.41,541.016,128.601,-138.184,69.604,31.388,-113.126
 14:54:47.350,eb:33:2e:f9:57:b5, 2085-97-248 04:51:247:3621,0.772,-0.661,2.351,404.541,173.218,-135.254,74.982,33.168,-111.841
 14:54:47.350,eb:33:2e:f9:57:b5, 2085-97-215 06:197:242:2149,0.801,-1.382,1.531,264.587,164.978,-120.911,79.113,34.772,-110.242
 14:54:47.350,eb:33:2e:f9:57:b5, 2085-97-27 06:181:243:-5447,0.521,-1.799,-0.85,143.127,165.71,-88.867,82.266,36.063,-108.325
 14:54:47.350,eb:33:2e:f9:57:b5, 2085-97-115 06:168:244:-3135,0.777,-1.506,-2.789,-53.406,26.001,-81.177,83.221,37.024,-107.265
 14:54:47.411,eb:33:2e:f9:57:b5, 2085-97-63 04:11:245:311,0.378,-1.367,-0.46,-187.317,-60.913,-51.392,81.595,37.639,-107.721
 14:54:47.411,eb:33:2e:f9:57:b5, 2085-97-34 03:207:245:1489,0.416,-1.34,0.528,-244.202,-119.141,-15.625,78.602,37.798,-108.962
 14:54:47.411,eb:33:2e:f9:57:b5, 2085-97-102 03:101:246:1822,0.404,-1.232,0.879,-259.033,-141.968,14.587,75.048,37.474,-110.61
 14:54:47.411,eb:33:2e:f9:57:b5, 2085-97-47 03:86:247:1245,0.426,-1.152,0.754,-262.268,-146.729,37.842,71.433,36.782,-112.253
 14:54:47.440,eb:33:2e:f9:57:b5, 2085-97-133 03:195:248:863,0.446,-0.992,0.505,-273.56,-158.325,52.246,67.83,35.815,-113.829
 14:54:47.440,eb:33:2e:f9:57:b5, 2085-97-147 03:122:249:833,0.449,-0.845,0.389,-294.861,-175.293,58.411,64.039,34.612,-115.433
 14:54:47.440,eb:33:2e:f9:57:b5, 2085-97-141 03:201:249:1194,0.42,-0.799,0.483,-313.538,-193.665,59.509,60.062,33.217,-117.076
 14:54:47.440,eb:33:2e:f9:57:b5, 2085-97-232 02:69:250:1591,0.301,-0.747,0.688,-324.219,-205.383,60.12,55.959,31.641,-118.724
 14:54:47.470,eb:33:2e:f9:57:b5, 2085-97-253 01:131:250:1874,0.19,-0.699,0.851,-329.407,-209.839,61.768,51.894,29.921,-120.273
 14:54:47.470,eb:33:2e:f9:57:b5, 2085-97-14 01:183:250:2077,0.104,-0.67,0.978,-335.388,-206.238,66.223,47.889,28.076,-121.63
 14:54:47.470,eb:33:2e:f9:57:b5, 2085-97-155 00:37:251:2219,0.076,-0.646,1.063,-342.224,-195.129,71.838,44.006,26.186,-122.712
 14:54:47.470,eb:33:2e:f9:57:b5, 2085-97-132 00:232:251:2285,0.068,-0.565,1.125,-346.863,-183.899,75.867,40.193,24.274,-123.514
 14:54:47.530,eb:33:2e:f9:57:b5, 2085-97-154 00:202:252:2251,0.087,-0.454,1.102,-347.168,-183.716,75.134,36.486,22.374,-124.102
 14:54:47.530,eb:33:2e:f9:57:b5, 2085-97-149 00:109:253:2336,0.064,-0.357,1.126,-340.881,-195.862,68.787,32.827,20.385,-124.634
 14:54:47.530,eb:33:2e:f9:57:b5, 2085-97-84 00:220:253:2565,-0.006,-0.29,1.189,-333.191,-209.961,58.899,29.284,18.309,-125.173
 14:54:47.530,eb:33:2e:f9:57:b5, 2085-97-189 255:02:254:2968,-0.076,-0.259,1.328,-329.834,-215.637,48.523,25.79,16.155,-125.717
 14:54:47.562,eb:33:2e:f9:57:b5, 2085-97-252 254:251:253:3427,-0.167,-0.246,1.544,-329.285,-211.731,37.659,22.368,14.03,-126.222
 14:54:47.562,eb:33:2e:f9:57:b5, 2085-97-82 254:204:253:3730,-0.245,-0.257,1.739,-332.397,-202.393,27.1,18.935,11.975,-126.672
 14:54:47.562,eb:33:2e:f9:57:b5, 2085-97-223 253:115:253:4079,-0.288,-0.299,1.896,-340.027,-188.477,19.104,15.496,10.042,-127.04
 14:54:47.562,eb:33:2e:f9:57:b5, 2085-97-180 253:92:253:4393,-0.29,-0.328,2.057,-350.647,-171.753,13.123,11.97,8.256,-127.321
 14:54:47.591,eb:33:2e:f9:57:b5, 2085-97-139 253:164:253:4650,-0.304,-0.318,2.217,-361.023,-162.354,10.498,8.383,6.603,-127.507
 14:54:47.591,eb:33:2e:f9:57:b5, 2085-97-149 253:58:254:5003,-0.312,-0.265,2.363,-376.404,-162.598,8.545,4.658,4.966,-127.595
 14:54:47.591,eb:33:2e:f9:57:b5, 2085-97-127 253:167:255:5285,-0.327,-0.149,2.5,-397.583,-168.152,5.798,0.78,3.318,-127.601
 14:54:47.591,eb:33:2e:f9:57:b5, 2085-97-11 253:216:01:5701,-0.45,0.084,2.683,-419.312,-183.472,-0.549,-3.34,1.549,-127.535
 14:54:47.680,eb:33:2e:f9:57:b5, 2085-97-114 251:59:04:6221,-0.741,0.381,2.894,-436.89,-208.008,-9.216,-7.635,-0.406,-127.403
 14:54:47.680,eb:33:2e:f9:57:b5, 2085-97-116 248:41:06:6997,-1.181,0.652,3.217,-440.735,-232.3,-13.184,-12.074,-2.626,-127.139
 14:54:47.680,eb:33:2e:f9:57:b5, 2085-97-115 244:120:08:7856,-1.815,0.91,3.618,-423.523,-242.371,-4.883,-16.441,-4.971,-126.639
 14:54:47.680,eb:33:2e:f9:57:b5, 2085-97-65 240:245:11:8197,-2.103,1.23,4.529,-379.333,-217.407,17.7,-20.55,-7.174,-125.826
 14:54:47.682,eb:33:2e:f9:57:b5, 2085-97-246 240:206:17:8117,-1.183,1.709,4.006,-333.252,-158.264,44.556,-24.225,-8.839,-124.794
 14:54:47.682,eb:33:2e:f9:57:b5, 2085-97-168 251:72:33:8320,-0.079,3.086,4.203,-323.364,36.438,50.232,-27.581,-9.212,-124.058
 14:54:47.682,eb:33:2e:f9:57:b5, 2085-97-68 00:98:48:4258,-0.077,5.249,3.395,-298.096,211.67,4.456,-30.69,-7.767,-124.536
 14:54:47.682,eb:33:2e:f9:57:b5, 2085-97-190 250:138:48:-2486,-1.591,6.435,0.336,-148.376,62.683,-75.806,-32.8,-6.619,-125.717
 14:54:47.741,eb:33:2e:f9:57:b5, 2085-97-119 237:94:32:157,-2.862,4.994,-1.266,21.423,-241.211,-112.793,-33.272,-8.152,-125.953
 14:54:47.741,eb:33:2e:f9:57:b5, 2085-97-08 230:115:22:6845,-4.721,3.386,1.778,118.591,-283.386,-67.688,-32.602,-11.074,-125.14
 14:54:47.741,eb:33:2e:f9:57:b5, 2085-97-133 236:90:19:2962,0.026,1.749,10.623,333.069,135.376,33.936,-30.493,-12.634,-124.206
 14:54:47.741,eb:33:2e:f9:57:b5, 2085-97-224 13:126:247:3635,0.987,-0.232,-0.272,286.255,194.58,40.771,-27.224,-11.124,-124.904
 14:54:47.771,eb:33:2e:f9:57:b5, 2085-97-163 07:221:241:1863,0.337,-0.732,1.487,311.768,321.228,49.255,-24.192,-8.157,-125.546
 14:54:47.771,eb:33:2e:f9:57:b5, 2085-97-202 253:167:251:1806,-0.535,-1.229,0.768,387.939,233.276,39.551,-20.572,-5.444,-126.266
 14:54:47.771,eb:33:2e:f9:57:b5, 2085-97-153 250:153:254:2436,-0.584,-0.295,0.89,396.606,146.179,39.612,-16.551,-3.565,-126.469
 14:54:47.771,eb:33:2e:f9:57:b5, 2085-97-177 251:35:02:2511,-0.409,0.144,1.256,333.557,113.403,41.992,-12.903,-2.258,-126.398
 14:54:47.802,eb:33:2e:f9:57:b5, 2085-97-36 254:02:03:2902,-0.086,0.462,1.501,262.573,79.712,16.296,-9.954,-1.263,-126.26
 14:54:47.802,eb:33:2e:f9:57:b5, 2085-97-66 255:132:01:2439,-0.119,0.243,1.283,209.29,51.819,-3.052,-7.657,-0.643,-126.326
 14:54:47.802,eb:33:2e:f9:57:b5, 2085-97-146 255:209:01:2074,-0.071,0.146,1.132,184.204,30.518,-17.212,-5.696,-0.242,-126.475
 14:54:47.802,eb:33:2e:f9:57:b5, 2085-97-124 255:33:02:2083,-0.042,0.208,1.061,150.269,3.418,-14.893,-4.032,-0.077,-126.606
 14:54:47.831,eb:33:2e:f9:57:b5, 2085-97-119 255:177:02:2100,-0.037,0.229,1.06,110.474,-13.916,-14.038,-2.758,-0.192,-126.755
 14:54:47.831,eb:33:2e:f9:57:b5, 2085-97-00 00:117:02:2004,0.007,0.359,0.963,65.308,-16.663,-8.118,-1.884,-0.357,-126.854
 14:54:47.831,eb:33:2e:f9:57:b5, 2085-97-188 255:36:01:1985,-0.101,0.224,0.997,34.18,-2.991,-0.671,-1.423,-0.445,-126.881
 14:54:47.831,eb:33:2e:f9:57:b5, 2085-97-46 255:124:00:1860,-0.068,0.083,0.908,18.677,0.305,1.526,-1.17,-0.434,-126.876
 14:54:47.922,eb:33:2e:f9:57:b5, 2085-97-196 255:127:00:1993,-0.014,0.064,0.929,11.047,-4.761,0.427,-1.027,-0.456,-126.865
 14:54:47.922,eb:33:2e:f9:57:b5, 2085-97-213 255:72:00:2021,-0.013,0.051,0.995,5.859,-0.122,-1.648,-0.945,-0.478,-126.876
 14:54:47.922,eb:33:2e:f9:57:b5, 2085-97-245 255:33:00:2070,-0.02,0.026,0.998,2.869,0.305,-1.709,-0.901,-0.478,-126.892
 14:54:47.922,eb:33:2e:f9:57:b5, 2085-97-214 255:22:00:2026,-0.02,0.01,0.989,1.77,1.892,-1.709,-0.873,-0.461,-126.909
 14:54:47.922,eb:33:2e:f9:57:b5, 2085-97-233 255:22:00:2043,-0.017,0.011,0.987,0.854,1.526,-1.526,-0.862,-0.439,-126.925
 14:54:47.922,eb:33:2e:f9:57:b5, 2085-97-225 255:09:00:2046,-0.024,0.005,0.995,0.427,2.075,-1.953,-0.851,-0.417,-126.947
 14:54:47.922,eb:33:2e:f9:57:b5, 2085-97-215 255:247:255:2049,-0.025,0,0.994,0.671,2.075,-1.587,-0.846,-0.396,-126.964
 14:54:47.922,eb:33:2e:f9:57:b5, 2085-97-214 255:234:255:2047,-0.023,-0.012,0.995,1.953,1.526,-0.427,-0.824,-0.374,-126.974
 14:54:48.041,eb:33:2e:f9:57:b5, 2085-97-218 255:235:255:2057,-0.02,-0.01,0.997,3.906,0.366,0.183,-0.797,-0.363,-126.974
 14:54:48.041,eb:33:2e:f9:57:b5, 2085-97-238 255:253:255:2054,-0.002,-0.011,1,5.188,0.427,0.793,-0.742,-0.357,-126.969
 14:54:48.041,eb:33:2e:f9:57:b5, 2085-97-240 255:13:00:2043,-0.018,0.004,1.005,5.493,2.502,0.366,-0.687,-0.346,-126.964
 14:54:48.041,eb:33:2e:f9:57:b5, 2085-97-250 255:17:00:2047,-0.002,0.001,0.986,4.578,2.93,0.671,-0.632,-0.313,-126.964
 14:54:48.043,eb:33:2e:f9:57:b5, 2085-97-17 00:14:00:2063,0.012,0.005,0.997,3.662,4.15,0.977,-0.593,-0.275,-126.953
 14:54:48.043,eb:33:2e:f9:57:b5, 2085-97-34 00:24:00:2078,0.008,0.008,1.01,3.235,6.531,1.038,-0.555,-0.22,-126.947
 14:54:48.043,eb:33:2e:f9:57:b5, 2085-97-17 00:22:00:2071,0,0.011,1.004,3.479,8.484,0.671,-0.522,-0.137,-126.936
 14:54:48.043,eb:33:2e:f9:57:b5, 2085-97-251 255:11:00:2066,-0.013,0.007,1.005,3.662,10.742,0.366,-0.478,-0.038,-126.936
 14:54:48.043,eb:33:2e:f9:57:b5, 2085-97-223 255:09:00:2038,-0.026,-0.001,0.997,4.089,11.23,0.793,-0.439,0.071,-126.931
 14:54:48.043,eb:33:2e:f9:57:b5, 2085-97-212 255:14:00:2030,-0.034,0.003,0.982,4.333,10.071,1.221,-0.39,0.181,-126.92
 14:54:48.043,eb:33:2e:f9:57:b5, 2085-97-216 255:00:00:2045,-0.018,-0.003,0.984,4.456,9.033,2.197,-0.346,0.28,-126.903
 14:54:48.043,eb:33:2e:f9:57:b5, 2085-97-236 255:12:00:2078,-0.018,-0.001,1.01,5.432,9.155,3.235,-0.291,0.374,-126.876
 14:54:48.101,eb:33:2e:f9:57:b5, 2085-97-02 00:20:00:2111,-0.008,0.005,1.008,7.019,10.01,3.357,-0.225,0.467,-126.848
 14:54:48.101,eb:33:2e:f9:57:b5, 2085-97-232 255:27:00:2092,0.009,0.01,1.02,8.24,12.329,2.808,-0.143,0.588,-126.815
 14:54:48.101,eb:33:2e:f9:57:b5, 2085-97-06 00:60:00:2120,0.004,0.024,1.038,9.399,14.16,1.343,-0.055,0.714,-126.793
 14:54:48.101,eb:33:2e:f9:57:b5, 2085-97-04 00:48:00:2133,-0.001,0.031,1.038,10.193,19.043,-0.916,0.044,0.884,-126.793
 14:54:48.131,eb:33:2e:f9:57:b5, 2085-97-240 255:57:00:2098,-0.023,0.029,1.032,11.414,23.132,-2.991,0.154,1.093,-126.815
 14:54:48.131,eb:33:2e:f9:57:b5, 2085-97-176 255:54:00:2043,-0.052,0.029,1.011,12.085,25.879,-4.089,0.275,1.351,-126.848
 14:54:48.131,eb:33:2e:f9:57:b5, 2085-97-168 255:47:00:2090,-0.05,0.019,0.999,12.817,25.391,-4.578,0.401,1.609,-126.892
 14:54:48.131,eb:33:2e:f9:57:b5, 2085-97-116 255:37:00:2045,-0.064,0.023,1.005,12.878,28.015,-4.578,0.533,1.884,-126.936
 14:54:48.191,eb:33:2e:f9:57:b5, 2085-97-110 255:36:00:2075,-0.077,0.021,1.012,12.817,27.527,-3.357,0.665,2.153,-126.974
 14:54:48.191,eb:33:2e:f9:57:b5, 2085-97-101 255:41:00:2077,-0.055,0.021,0.994,12.146,29.236,-0.977,0.791,2.444,-126.996
 14:54:48.191,eb:33:2e:f9:57:b5, 2085-97-138 255:59:00:2126,-0.032,0.021,1.048,11.841,32.959,0.977,0.912,2.747,-126.991
 14:54:48.191,eb:33:2e:f9:57:b5, 2085-97-208 255:101:00:2167,-0.039,0.035,1.077,12.756,38.574,1.221,1.044,3.104,-126.969
 14:54:48.193,eb:33:2e:f9:57:b5, 2085-97-192 255:89:00:2217,-0.03,0.042,1.055,13.855,44.373,0.305,1.176,3.532,-126.958
 14:54:48.193,eb:33:2e:f9:57:b5, 2085-97-23 00:180:00:2150,0.156,0.069,1,14.038,47.302,-0.732,1.324,4.005,-126.947
 14:54:48.193,eb:33:2e:f9:57:b5, 2085-97-30 02:101:02:1726,-0.053,0.181,1.043,14.099,45.044,-3.845,1.467,4.466,-126.958
 14:54:48.193,eb:33:2e:f9:57:b5, 2085-97-165 252:235:253:3038,-0.307,0.049,1.243,14.526,47.729,-15.137,1.609,4.867,-127.062
 14:54:48.341,eb:33:2e:f9:57:b5, 2085-97-253 253:146:253:4628,-0.263,-0.237,2.054,60.059,36.621,-13.184,1.961,5.273,-127.189
 14:54:48.341,eb:33:2e:f9:57:b5, 2085-113-81 00:168:56:1861,-0.185,-0.213,1.734,94.055,71.045,-0.183,2.774,5.894,-127.216
 14:54:48.341,eb:33:2e:f9:57:b5, 2085-97-192 254:102:255:2851,-0.299,-0.062,1.393,102.661,66.345,1.77,3.274,6.235,-127.194
 14:54:48.341,eb:33:2e:f9:57:b5, 2085-97-56 253:82:254:3223,-0.293,-0.178,1.5,117.004,62.744,11.78,4.389,6.866,-127.09
 14:54:48.341,eb:33:2e:f9:57:b5, 2085-97-232 253:201:254:3223,-0.206,-0.168,1.556,138.611,55.908,28.259,5.702,7.454,-126.826
 14:54:48.341,eb:33:2e:f9:57:b5, 2085-97-09 255:96:255:3347,-0.076,-0.135,1.609,160.706,49.805,38.513,7.267,7.921,-126.425
 14:54:48.341,eb:33:2e:f9:57:b5, 2085-97-89 255:171:255:3677,-0.014,-0.06,1.683,179.932,49.927,42.236,9.053,8.355,-125.942
 14:54:48.341,eb:33:2e:f9:57:b5, 2085-97-87 00:196:255:3963,0.081,-0.035,1.899,204.651,54.382,37.781,11.052,8.795,-125.453
 14:54:48.345,eb:33:2e:f9:57:b5, 2085-97-252 00:188:255:4096,0.183,-0.032,1.92,231.689,66.04,31.494,13.332,9.316,-124.98
 14:54:48.345,eb:33:2e:f9:57:b5, 2085-97-81 02:176:255:4653,0.444,-0.052,2.107,260.315,83.923,23.499,15.881,9.976,-124.519
 14:54:48.345,eb:33:2e:f9:57:b5, 2085-97-116 04:166:255:5018,0.627,-0.033,2.386,295.532,116.394,10.071,18.759,10.887,-124.052
 14:54:48.345,eb:33:2e:f9:57:b5, 2085-97-100 05:54:255:5063,0.708,-0.084,2.464,334.534,164.795,-5.859,22.028,12.217,-123.53
 14:54:48.371,eb:33:2e:f9:57:b5, 2085-97-121 05:173:254:5245,0.591,-0.123,2.504,376.282,209.473,-24.17,25.746,14.019,-122.888
 14:54:48.371,eb:33:2e:f9:57:b5, 2085-97-137 03:22:255:5410,0.167,-0.198,2.529,420.41,249.268,-40.222,29.971,16.232,-122.064
 14:54:48.371,eb:33:2e:f9:57:b5, 2085-97-45 255:118:02:6714,-0.149,0.063,2.932,460.205,264.587,-50.903,34.7,18.682,-121.014
 14:54:48.371,eb:33:2e:f9:57:b5, 2085-97-22 00:04:04:7898,0.315,0.551,3.632,522.278,213.379,-63.904,39.985,20.956,-119.943
 14:54:48.401,eb:33:2e:f9:57:b5, 2085-97-145 02:184:01:6347,0.257,0.265,3.49,588.684,155.64,-76.599,45.868,22.758,-119.196
 14:54:48.401,eb:33:2e:f9:57:b5, 2085-97-82 01:83:250:5730,-0.167,-0.208,3.021,644.165,96.436,-93.323,52.218,24.192,-118.812
 14:54:48.401,eb:33:2e:f9:57:b5, 2085-97-45 253:57:255:7408,-0.28,-0.446,2.954,647.339,59.326,-97.534,58.755,25.378,-118.74
 14:54:48.401,eb:33:2e:f9:57:b5, 2085-97-139 00:168:251:7136,0.358,-0.431,3.944,597.046,128.906,-108.459,65.132,26.752,-118.405
 14:54:48.430,eb:33:2e:f9:57:b5, 2085-97-127 05:140:252:4391,1.031,-0.49,2.745,495.239,182.373,-103.577,71.175,28.328,-117.109
 14:54:48.430,eb:33:2e:f9:57:b5, 2085-97-218 06:79:245:4094,0.679,-0.836,2.056,364.685,177.49,-112.61,76.201,29.872,-115.494
 14:54:48.430,eb:33:2e:f9:57:b5, 2085-97-43 06:56:245:-400,0.691,-1.386,1.583,277.771,190.247,-101.196,80.233,31.3,-113.621
 14:54:48.430,eb:33:2e:f9:57:b5, 2085-97-203 04:129:242:-4728,0.607,-1.388,-2.014,87.28,125.793,-87.158,83.002,32.426,-111.89
 14:54:48.520,eb:33:2e:f9:57:b5, 2085-97-227 05:73:241:-1923,0.606,-1.885,-1.786,-118.469,19.165,-66.345,83.024,33.278,-111.242
 14:54:48.520,eb:33:2e:f9:57:b5, 2085-97-134 03:224:243:389,0.416,-1.688,-0.308,-246.948,-31.555,-33.569,80.958,33.739,-111.423
 14:54:48.520,eb:33:2e:f9:57:b5, 2085-97-98 03:201:245:1766,0.441,-1.37,0.599,-299.744,-79.529,-5.92,77.712,33.799,-112.187
 14:54:48.520,eb:33:2e:f9:57:b5, 2085-97-204 03:143:246:1804,0.495,-1.225,0.951,-310.364,-94.543,16.846,74.064,33.508,-113.214
 14:54:48.550,eb:33:2e:f9:57:b5, 2085-97-55 04:194:247:1183,0.551,-1.12,0.722,-303.284,-102.905,30.701,70.406,32.964,-114.247
 14:54:48.550,eb:33:2e:f9:57:b5, 2085-97-124 04:169:249:703,0.568,-0.904,0.451,-294.922,-120.972,36.438,66.835,32.234,-115.34
 14:54:48.550,eb:33:2e:f9:57:b5, 2085-97-152 04:148:250:639,0.566,-0.72,0.297,-296.387,-146.973,34.241,63.199,31.333,-116.609
 14:54:48.550,eb:33:2e:f9:57:b5, 2085-97-82 04:214:250:851,0.481,-0.655,0.348,-305.237,-172.607,26.306,59.436,30.295,-118.092
 14:54:48.552,eb:33:2e:f9:57:b5, 2085-97-71 03:163:250:1278,0.332,-0.654,0.504,-318.359,-191.589,19.714,55.47,29.108,-119.745
 14:54:48.552,eb:33:2e:f9:57:b5, 2085-97-53 02:91:250:1792,0.199,-0.688,0.739,-331.604,-195.679,17.944,51.422,27.801,-121.41
 14:54:48.552,eb:33:2e:f9:57:b5, 2085-97-30 01:72:250:2029,0.105,-0.715,0.95,-343.079,-184.326,22.766,47.346,26.4,-122.893
 14:54:48.552,eb:33:2e:f9:57:b5, 2085-97-193 00:200:250:2063,0.112,-0.697,1.022,-349.915,-171.326,31.677,43.358,24.966,-124.074
 14:54:48.616,eb:33:2e:f9:57:b5, 2085-97-09 01:170:251:1930,0.134,-0.604,0.984,-354.736,-166.809,38.818,39.43,23.456,-125.002
 14:54:48.616,eb:33:2e:f9:57:b5, 2085-97-55 01:111:252:1961,0.149,-0.492,0.919,-357.91,-177.002,41.077,35.557,21.852,-125.788
 14:54:48.616,eb:33:2e:f9:57:b5, 2085-97-253 00:23:253:2307,0.091,-0.403,1.042,-355.53,-195.251,41.26,31.696,20.056,-126.53
 14:54:48.616,eb:33:2e:f9:57:b5, 2085-97-115 00:166:253:2743,0.025,-0.311,1.248,-349.426,-213.501,39.001,27.938,18.067,-127.244
 14:54:48.731,eb:33:2e:f9:57:b5, 2085-97-20 00:239:253:3084,-0.018,-0.278,1.414,-346.436,-220.825,37.354,24.247,15.93,-127.892
 14:54:48.731,eb:33:2e:f9:57:b5, 2085-97-131 255:19:254:3435,-0.099,-0.243,1.593,-343.628,-221.802,36.133,20.66,13.744,-128.419
 14:54:48.731,eb:33:2e:f9:57:b5, 2085-97-237 254:14:254:3853,-0.176,-0.242,1.779,-339.539,-220.642,37.109,17.133,11.519,-128.809
 14:54:48.731,eb:33:2e:f9:57:b5, 2085-97-84 254:234:253:4266,-0.244,-0.252,1.972,-337.585,-215.881,40.71,13.716,9.311,-129.018
 14:54:48.733,eb:33:2e:f9:57:b5, 2085-97-189 253:248:253:4817,-0.322,-0.262,2.21,-339.966,-203.857,48.035,10.3,7.152,-129.023
 14:54:48.733,eb:33:2e:f9:57:b5, 2085-97-63 253:187:254:5364,-0.348,-0.225,2.495,-347.717,-185.059,57.556,6.888,5.153,-128.787
 14:54:48.733,eb:33:2e:f9:57:b5, 2085-97-101 253:01:01:5572,-0.297,-0.041,2.692,-362.488,-165.344,63.66,3.34,3.356,-128.331
 14:54:48.733,eb:33:2e:f9:57:b5, 2085-97-219 253:98:04:5577,-0.238,0.327,2.729,-385.01,-159.241,60.425,-0.374,1.736,-127.744
 14:54:48.735,eb:33:2e:f9:57:b5, 2085-97-252 253:104:08:5649,-0.317,0.798,2.731,-409.363,-174.988,45.227,-4.378,0.082,-127.139
 14:54:48.735,eb:33:2e:f9:57:b5, 2085-97-194 252:231:11:6095,-0.525,1.286,2.824,-426.453,-208.313,21.606,-8.591,-1.785,-126.595
 14:54:48.735,eb:33:2e:f9:57:b5, 2085-97-117 250:170:14:7037,-0.906,1.669,3.197,-422.546,-235.718,-1.831,-12.903,-3.988,-126.09
 14:54:48.735,eb:33:2e:f9:57:b5, 2085-97-153 246:216:16:7699,-1.398,1.983,3.637,-389.832,-241.882,-15.564,-17.023,-6.345,-125.568
 14:54:48.791,eb:33:2e:f9:57:b5, 2085-97-246 243:91:19:7911,-1.405,2.223,3.836,-333.069,-215.515,-12.451,-20.72,-8.597,-124.953
 14:54:48.791,eb:33:2e:f9:57:b5, 2085-97-231 246:121:25:7531,-0.84,2.692,3.862,-287.109,-105.164,-1.77,-23.868,-10.146,-124.382
 14:54:48.791,eb:33:2e:f9:57:b5, 2085-97-218 250:85:37:5196,-0.635,3.93,3.206,-275.391,62.988,-4.395,-26.68,-10.239,-124.349
 14:54:48.791,eb:33:2e:f9:57:b5, 2085-97-148 248:143:44:805,-1.291,5.273,1.62,-230.164,98.816,-36.438,-29.141,-9.443,-125.013
 14:54:48.821,eb:33:2e:f9:57:b5, 2085-97-125 240:162:37:-758,-2.357,5.41,-0.271,-98.572,-75.134,-62.988,-30.63,-9.679,-125.519
 14:54:48.821,eb:33:2e:f9:57:b5, 2085-97-24 235:155:30:3189,-2.591,4.176,0.374,57.8,-221.13,-34.973,-30.778,-11.437,-125.063
 14:54:48.822,eb:33:2e:f9:57:b5, 2085-97-182 234:193:18:18700,-2.216,2.985,3.399,254.211,-244.873,44.006,-29.724,-13.337,-124.014
 14:54:48.822,eb:33:2e:f9:57:b5, 2085-97-163 06:209:250:-459,1.776,1.881,0.393,344.849,183.716,40.466,-26.318,-11.574,-124.019
 14:54:48.851,eb:33:2e:f9:57:b5, 2085-97-205 07:175:246:2905,0.606,-1.317,1.496,308.228,341.064,156.494,-23.209,-8.69,-123.992
 14:54:48.851,eb:33:2e:f9:57:b5, 2085-97-25 255:25:248:2220,-0.688,-2.046,0.77,401.978,263.184,93.994,-19.611,-5.422,-124.069
 14:54:48.851,eb:33:2e:f9:57:b5, 2085-97-112 249:195:255:2630,-0.921,-0.45,1.061,442.017,179.749,66.101,-15.276,-3.115,-123.937
 14:54:48.851,eb:33:2e:f9:57:b5, 2085-97-205 250:23:06:3409,-0.538,0.516,1.226,390.137,99.121,39.734,-11.091,-1.719,-123.745
 14:54:48.911,eb:33:2e:f9:57:b5, 2085-97-107 253:206:05:3079,-0.188,0.746,1.34,299.866,92.102,-0.977,-7.69,-0.681,-123.755
 14:54:48.911,eb:33:2e:f9:57:b5, 2085-97-172 254:186:02:2507,-0.192,0.468,1.259,225.342,48.584,-29.907,-5.147,-0.005,-124.03
 14:54:48.911,eb:33:2e:f9:57:b5, 2085-97-102 255:53:01:2194,-0.04,0.28,1.116,186.951,-4.639,-43.213,-3.104,0.181,-124.426
 14:54:48.911,eb:33:2e:f9:57:b5, 2085-97-70 00:178:01:2267,-0.058,0.128,1.064,147.888,-29.846,-30.884,-1.445,-0.066,-124.794
 14:54:48.941,eb:33:2e:f9:57:b5, 2085-97-194 00:104:03:1995,-0.038,0.478,0.799,80.627,-31.677,-6.287,-0.286,-0.352,-124.98
 14:54:48.941,eb:33:2e:f9:57:b5, 2085-97-110 254:146:01:1588,-0.009,0.449,0.881,33.691,-11.963,-5.737,0.214,-0.533,-124.975
 14:54:48.941,eb:33:2e:f9:57:b5, 2085-97-57 01:99:00:2311,0.051,0.01,0.994,18.799,-16.174,-0.244,0.472,-0.736,-125.052
 14:54:48.941,eb:33:2e:f9:57:b5, 2085-97-39 255:226:00:1776,-0.116,0.115,1.019,12.268,8.972,3.357,0.615,-0.72,-125.008
 14:54:48.941,eb:33:2e:f9:57:b5, 2085-97-149 255:133:00:1960,-0.011,0.086,0.887,7.385,-1.038,-3.296,0.725,-0.692,-125.019
 14:54:48.970,eb:33:2e:f9:57:b5, 2085-113-81 00:12:59:-074,-0.001,0.051,1.004,4.028,0.61,-2.625,0.775,-0.692,-125.052
 14:54:48.970,eb:33:2e:f9:57:b5, 2085-97-240 255:90:00:2061,-0.001,0.045,1.02,3.845,1.953,-2.258,0.802,-0.681,-125.063
 14:54:48.970,eb:33:2e:f9:57:b5, 2085-97-00 00:79:00:2076,-0.008,0.048,1.007,3.662,2.502,-1.404,0.84,-0.659,-125.085
 14:54:48.970,eb:33:2e:f9:57:b5, 2085-97-226 255:38:00:2056,-0.017,0.027,1.011,4.456,3.052,-0.061,0.89,-0.621,-125.09
 14:54:49.033,eb:33:2e:f9:57:b5, 2085-97-176 255:25:00:2016,-0.03,0.015,1.011,5.92,0.916,1.892,0.939,-0.604,-125.079
 14:54:49.033,eb:33:2e:f9:57:b5, 2085-97-207 255:73:00:2015,-0.009,0.027,0.988,5.554,-2.075,4.578,1.011,-0.61,-125.046
 14:54:49.033,eb:33:2e:f9:57:b5, 2085-97-251 255:82:00:2043,0.006,0.041,0.99,5.066,-3.723,4.944,1.06,-0.643,-124.997
 14:54:49.033,eb:33:2e:f9:57:b5, 2085-97-02 00:89:00:2068,0.004,0.045,1.007,4.7,-2.197,5.432,1.115,-0.67,-124.948
 14:54:49.092,eb:33:2e:f9:57:b5, 2085-97-27 00:100:00:2066,0.021,0.039,1.01,4.456,0.61,4.883,1.165,-0.681,-124.893
 14:54:49.092,eb:33:2e:f9:57:b5, 2085-97-25 00:85:00:2087,0.009,0.048,1.021,4.639,4.333,3.784,1.219,-0.654,-124.854
 14:54:49.092,eb:33:2e:f9:57:b5, 2085-97-29 00:89:00:2076,0,0.04,1.004,4.944,6.104,3.052,1.263,-0.599,-124.821
 14:54:49.092,eb:33:2e:f9:57:b5, 2085-97-13 00:111:00:2059,0.014,0.04,1.001,4.883,7.263,2.502,1.324,-0.527,-124.794
 14:54:49.092,eb:33:2e:f9:57:b5, 2085-97-241 255:87:00:2048,0.013,0.053,1.017,5.493,10.01,0.61,1.373,-0.445,-124.777
 14:54:49.092,eb:33:2e:f9:57:b5, 2085-97-202 255:75:00:2029,-0.022,0.044,1.031,6.836,12.085,-0.061,1.445,-0.335,-124.772
 14:54:49.092,eb:33:2e:f9:57:b5, 2085-97-217 255:85:00:2037,-0.027,0.037,0.996,7.324,10.986,0.977,1.516,-0.22,-124.761
 14:54:49.092,eb:33:2e:f9:57:b5, 2085-97-231 255:113:00:2009,-0.007,0.045,0.976,7.263,10.193,1.16,1.599,-0.104,-124.75
 14:54:49.121,eb:33:2e:f9:57:b5, 2085-97-219 255:122:00:2017,-0.004,0.057,0.995,6.531,11.597,0.671,1.67,0,-124.739
 14:54:49.121,eb:33:2e:f9:57:b5, 2085-97-243 255:121:00:2070,-0.004,0.06,0.998,6.226,13,-0.488,1.741,0.121,-124.733
 14:54:49.121,eb:33:2e:f9:57:b5, 2085-97-244 255:105:00:2105,-0.018,0.059,1.013,6.531,16.235,-2.136,1.807,0.269,-124.744
 14:54:49.121,eb:33:2e:f9:57:b5, 2085-97-245 255:107:00:2103,-0.024,0.049,1.019,7.507,18.799,-2.869,1.884,0.456,-124.766
 14:54:49.272,eb:33:2e:f9:57:b5, 2085-97-229 255:117:00:2075,-0.022,0.05,1.013,7.996,20.935,-2.991,1.961,0.659,-124.788
 14:54:49.272,eb:33:2e:f9:57:b5, 2085-97-231 255:125:00:2073,-0.019,0.051,1.01,7.568,23.01,-3.296,2.049,0.884,-124.816
 14:54:49.272,eb:33:2e:f9:57:b5, 2085-97-223 255:123:00:2135,-0.006,0.059,1.033,7.812,25.94,-4.211,2.12,1.137,-124.849
 14:54:49.272,eb:33:2e:f9:57:b5, 2085-97-194 255:130:00:2096,-0.037,0.064,1.05,8.972,30.762,-5.066,2.214,1.423,-124.882
 14:54:49.272,eb:33:2e:f9:57:b5, 2085-97-173 255:115:00:2102,-0.048,0.065,1.01,9.888,30.64,-5.798,2.307,1.736,-124.926
 14:54:49.272,eb:33:2e:f9:57:b5, 2085-97-132 255:105:00:2127,-0.057,0.067,0.999,11.23,29.236,-5.493,2.422,2.049,-124.969
 14:54:49.272,eb:33:2e:f9:57:b5, 2085-97-139 255:169:00:1892,-0.026,0.052,1.015,12.451,28.748,-3.906,2.543,2.335,-125.008
 14:54:49.272,eb:33:2e:f9:57:b5, 2085-97-174 255:180:00:1999,-0.003,0.094,0.958,11.902,21.362,-4.333,2.675,2.582,-125.041
 14:54:49.301,eb:33:2e:f9:57:b5, 2085-97-08 00:193:00:2236,-0.016,0.095,1.051,14.282,16.724,-6.042,2.802,2.763,-125.085
 14:54:49.301,eb:33:2e:f9:57:b5, 2085-97-79 255:61:00:2657,-0.132,0.103,1.102,18.433,18.921,-7.996,2.966,2.955,-125.145
 14:54:49.301,eb:33:2e:f9:57:b5, 2085-97-99 254:69:255:3149,-0.182,-0.036,1.517,33.508,32.349,-8.85,3.224,3.203,-125.222
 14:54:49.301,eb:33:2e:f9:57:b5, 2085-97-215 254:243:255:2576,-0.147,-0.072,1.434,51.208,47.363,-4.517,3.664,3.631,-125.266
 14:54:49.303,eb:33:2e:f9:57:b5, 2085-97-151 254:13:00:2267,-0.212,0.022,1.12,59.998,45.898,-0.61,4.235,4.109,-125.255
 14:54:49.303,eb:33:2e:f9:57:b5, 2085-97-12 254:181:255:2381,-0.235,-0.019,1.134,65.186,39.856,5.371,4.872,4.537,-125.2
 14:54:49.303,eb:33:2e:f9:57:b5, 2085-97-131 254:223:255:2722,-0.119,-0.042,1.234,74.28,31.738,13.794,5.581,4.878,-125.068
 14:54:49.303,eb:33:2e:f9:57:b5, 2085-97-105 255:78:00:3009,-0.025,0.018,1.412,86.67,33.63,20.02,6.416,5.18,-124.86
 14:54:49.332,eb:33:2e:f9:57:b5, 2085-97-250 255:156:00:3107,-0.022,0.074,1.487,101.501,45.227,22.888,7.383,5.548,-124.59
 14:54:49.332,eb:33:2e:f9:57:b5, 2085-97-170 255:135:00:3277,-0.056,0.083,1.521,115.051,57.861,24.048,8.509,6.042,-124.283
 14:54:49.332,eb:33:2e:f9:57:b5, 2085-97-74 255:32:00:3389,-0.143,0.044,1.671,131.775,70.862,24.78,9.789,6.641,-123.937
 14:54:49.332,eb:33:2e:f9:57:b5, 2085-97-181 254:234:255:3290,-0.15,0.003,1.605,149.78,78.369,28.137,11.261,7.35,-123.536
 14:54:49.361,eb:33:2e:f9:57:b5, 2085-97-28 255:00:00:3592,-0.006,-0.021,1.646,169.006,75.806,31.433,12.925,8.036,-123.08
 14:54:49.361,eb:33:2e:f9:57:b5, 2085-97-216 00:122:00:3902,0.181,0.025,1.819,190.186,84.351,32.532,14.81,8.734,-122.563
 14:54:49.361,eb:33:2e:f9:57:b5, 2085-97-251 01:213:00:4181,0.293,0.074,1.971,214.661,104.248,27.71,16.93,9.569,-122.009
 14:54:49.361,eb:33:2e:f9:57:b5, 2085-97-181 02:90:00:4691,0.428,0.097,2.14,243.53,120.056,17.517,19.336,10.58,-121.432
 14:54:49.451,eb:33:2e:f9:57:b5, 2085-97-181 04:238:255:5403,0.832,-0.005,2.472,277.832,151.672,5.981,22.072,11.799,-120.833
 14:54:49.451,eb:33:2e:f9:57:b5, 2085-97-142 07:93:00:5357,0.959,0.035,2.643,321.411,203.857,-12.695,25.247,13.469,-120.119
 14:54:49.451,eb:33:2e:f9:57:b5, 2085-97-227 07:250:254:5921,0.887,-0.01,2.761,372.559,250.549,-40.955,28.943,15.634,-119.301
 14:54:49.451,eb:33:2e:f9:57:b5, 2085-97-64 07:240:00:6051,0.658,-0.062,2.927,425.354,307.8,-57.8,33.267,18.32,-118.218
 14:54:49.452,eb:33:2e:f9:57:b5, 2085-97-213 02:49:06:7192,0.366,0.56,3.01,490.112,293.274,-86.67,38.304,21.248,-116.906
 14:54:49.452,eb:33:2e:f9:57:b5, 2085-97-107 03:46:07:7376,0.472,0.839,3.701,565.369,226.807,-119.69,43.989,23.906,-115.917
 14:54:49.452,eb:33:2e:f9:57:b5, 2085-97-35 04:212:03:5794,0.32,0.871,3.18,636.597,131.775,-141.296,50.229,26.054,-115.466
 14:54:49.452,eb:33:2e:f9:57:b5, 2085-97-168 00:91:255:5504,-0.092,0.119,2.437,700.745,28.748,-160.339,56.827,27.735,-115.752
 14:54:49.481,eb:33:2e:f9:57:b5, 2085-97-138 255:248:254:7437,0.327,-0.175,3.639,679.993,0.244,-170.41,63.331,29.169,-116.746
 14:54:49.481,eb:33:2e:f9:57:b5, 2085-97-135 04:167:253:6727,0.719,-0.271,3.465,563.904,41.992,-197.693,69.258,30.91,-117.433
 14:54:49.481,eb:33:2e:f9:57:b5, 2085-97-182 04:137:243:5850,0.397,-0.671,3.02,395.813,137.329,-221.008,74.119,33.206,-117.208
 14:54:49.481,eb:33:2e:f9:57:b5, 2085-97-184 00:177:238:3172,0.145,-2.177,3.016,264.648,272.705,-158.081,78.311,35.568,-115.334
 14:54:49.542,eb:33:2e:f9:57:b5, 2085-97-13 03:87:240:-5379,0.542,-1.951,-1.082,147.034,226.929,-78.186,82.271,37.123,-112.291
 14:54:49.542,eb:33:2e:f9:57:b5, 2085-97-127 05:236:238:-2941,0.631,-2.065,-2.347,-76.111,80.017,-26.55,83.491,37.793,-110.599
 14:54:49.542,eb:33:2e:f9:57:b5, 2085-97-191 03:116:242:-398,0.439,-1.958,-0.838,-225.525,7.141,35.583,82.145,37.744,-110.089
 14:54:49.542,eb:33:2e:f9:57:b5, 2085-97-233 03:187:245:1630,0.549,-1.443,0.376,-285.339,-65.491,77.271,79.288,37.09,-110.413
 14:54:49.571,eb:33:2e:f9:57:b5, 2085-113-58 00:167:239:-9495,0.596,-1.192,1.036,-290.1,-102.234,105.347,75.888,35.975,-111.242
 14:54:49.571,eb:33:2e:f9:57:b5, 2085-97-235 04:120:247:1742,0.63,-1.133,1.041,-285.217,-106.934,114.746,74.185,35.305,-111.687
 14:54:49.571,eb:33:2e:f9:57:b5, 2085-97-44 05:231:248:976,0.651,-0.996,0.648,-278.259,-115.723,122.62,70.873,33.816,-112.555
 14:54:49.571,eb:33:2e:f9:57:b5, 2085-97-29 05:138:250:541,0.621,-0.771,0.341,-283.081,-130.737,119.141,67.604,32.239,-113.412
 14:54:49.661,eb:33:2e:f9:57:b5, 2085-97-192 04:58:251:592,0.553,-0.627,0.256,-296.631,-157.471,105.774,64.155,30.613,-114.434
 14:54:49.661,eb:33:2e:f9:57:b5, 2085-97-23 04:89:251:862,0.458,-0.582,0.342,-313.904,-184.509,89.05,60.474,28.954,-115.681
 14:54:49.661,eb:33:2e:f9:57:b5, 2085-97-54 03:31:251:1284,0.334,-0.594,0.516,-328.247,-203.43,73.547,56.563,27.241,-117.109
 14:54:49.661,eb:33:2e:f9:57:b5, 2085-97-34 02:13:251:1726,0.221,-0.621,0.738,-336.67,-208.008,62.805,52.581,25.488,-118.564
 14:54:49.663,eb:33:2e:f9:57:b5, 2085-97-92 01:123:251:2070,0.124,-0.597,0.942,-338.257,-199.341,55.847,48.625,23.73,-119.894
 14:54:49.663,eb:33:2e:f9:57:b5, 2085-97-196 00:19:252:2184,0.06,-0.534,1.039,-335.327,-187.927,49.011,44.813,22.033,-121.036
 14:54:49.663,eb:33:2e:f9:57:b5, 2085-97-112 00:131:252:2157,0.035,-0.465,1.047,-333.984,-179.932,40.649,41.089,20.385,-122.031
 14:54:49.663,eb:33:2e:f9:57:b5, 2085-97-48 00:247:252:2177,0.03,-0.398,1.045,-337.402,-177.917,29.053,37.43,18.781,-122.943
 14:54:49.690,eb:33:2e:f9:57:b5, 2085-97-19 00:72:253:2434,0.005,-0.354,1.127,-341.98,-181.519,16.785,33.723,17.177,-123.86
 14:54:49.690,eb:33:2e:f9:57:b5, 2085-97-208 255:122:253:2746,-0.058,-0.322,1.278,-344.727,-188.049,3.601,30.026,15.551,-124.794
 14:54:49.690,eb:33:2e:f9:57:b5, 2085-97-79 255:100:253:2993,-0.117,-0.316,1.399,-348.633,-192.505,-7.446,26.29,13.87,-125.76
 14:54:49.690,eb:33:2e:f9:57:b5, 2085-97-223 254:65:253:3268,-0.171,-0.334,1.519,-353.76,-192.078,-14.221,22.566,12.167,-126.683
 14:54:49.721,eb:33:2e:f9:57:b5, 2085-97-67 254:33:253:3611,-0.274,-0.348,1.681,-356.689,-191.467,-15.625,18.82,10.421,-127.529
 14:54:49.721,eb:33:2e:f9:57:b5, 2085-97-121 253:192:252:3944,-0.367,-0.376,1.83,-357.178,-196.472,-10.559,15.128,8.602,-128.232
 14:54:49.721,eb:33:2e:f9:57:b5, 2085-97-153 252:36:252:4402,-0.47,-0.442,2.024,-361.694,-200.684,3.723,11.442,6.663,-128.732
 14:54:49.721,eb:33:2e:f9:57:b5, 2085-97-247 251:53:252:5120,-0.521,-0.5,2.314,-373.108,-195.496,26.245,7.751,4.675,-128.914
 14:54:49.780,eb:33:2e:f9:57:b5, 2085-97-205 251:195:253:5850,-0.511,-0.402,2.691,-388.123,-179.199,50.476,3.922,2.763,-128.705
 14:54:49.780,eb:33:2e:f9:57:b5, 2085-97-61 252:241:00:6330,-0.44,-0.105,2.986,-403.076,-163.574,66.956,-0.022,1.044,-128.161
 14:54:49.780,eb:33:2e:f9:57:b5, 2085-97-166 252:47:05:6502,-0.424,0.376,3.138,-417.542,-159.241,69.214,-4.158,-0.533,-127.408
 14:54:49.780,eb:33:2e:f9:57:b5, 2085-97-108 252:131:09:6790,-0.496,0.919,3.223,-428.833,-170.959,58.838,-8.421,-2.098,-126.59
 14:54:49.810,eb:33:2e:f9:57:b5, 2085-97-84 251:185:13:7441,-0.729,1.457,3.461,-429.016,-190.735,41.626,-12.794,-3.807,-125.76
 14:54:49.810,eb:33:2e:f9:57:b5, 2085-97-225 248:228:16:8032,-0.9,1.935,3.793,-412.903,-201.66,27.893,-17.078,-5.636,-124.926
 14:54:49.810,eb:33:2e:f9:57:b5, 2085-97-96 251:61:21:8421,-0.256,2.275,4.021,-376.587,-165.344,18.005,-21.143,-7.361,-124.08
 14:54:49.810,eb:33:2e:f9:57:b5, 2085-97-243 00:161:34:7378,0.359,3.447,3.834,-350.098,-31.311,-2.93,-24.813,-8.163,-123.629
 14:54:49.871,eb:33:2e:f9:57:b5, 2085-97-114 02:157:47:3417,-0.09,5.177,3.038,-307.373,60.547,-67.993,-28.07,-8.086,-124.08
 14:54:49.871,eb:33:2e:f9:57:b5, 2085-97-47 250:122:46:-2068,-1.648,6.206,0.072,-170.715,-82.52,-153.015,-30.306,-8.597,-125.129
 14:54:49.871,eb:33:2e:f9:57:b5, 2085-97-243 237:110:35:726,-2.823,5.05,-0.862,-10.315,-317.444,-180.176,-31.058,-11.398,-125.508
 14:54:49.871,eb:33:2e:f9:57:b5, 2085-97-250 203:107:253:20359,-6.564,3.922,1.79,122.131,-365.784,-145.386,-30.547,-15.249,-125.035
 14:54:49.933,eb:33:2e:f9:57:b5, 2085-97-176 234:78:21:5593,0.299,1.862,6.24,333.069,313.538,89.417,-27.817,-15.271,-124.7
 14:54:49.933,eb:33:2e:f9:57:b5, 2085-97-156 10:190:249:1461,0.479,-0.456,-0.647,293.945,397.034,215.576,-24.587,-11.25,-125.173
 14:54:49.933,eb:33:2e:f9:57:b5, 2085-97-239 00:68:240:572,-0.697,-0.625,0.976,369.812,375.488,244.568,-21.423,-6.394,-124.376
 14:54:49.933,eb:33:2e:f9:57:b5, 2085-97-101 248:29:249:2513,-1.215,-1.145,1.116,432.617,219.971,203.979,-17.419,-3.016,-123.168
 14:54:49.933,eb:33:2e:f9:57:b5, 2085-97-213 247:24:05:2694,-1.074,-0.462,1.188,412.903,128.296,141.663,-13.167,-0.895,-122.031
 14:54:49.933,eb:33:2e:f9:57:b5, 2085-97-40 249:244:11:2463,-0.515,1.269,1.121,346.497,82.886,56.702,-9.393,0.275,-121.295
 14:54:49.933,eb:33:2e:f9:57:b5, 2085-97-11 253:177:06:2472,-0.413,1.382,1.443,243.469,46.631,-14.709,-6.471,0.95,-121.229
 14:54:49.933,eb:33:2e:f9:57:b5, 2085-97-30 253:01:02:1766,-0.148,0.514,0.923,184.326,1.221,-51.758,-4.427,1.148,-121.619
 14:54:49.962,eb:33:2e:f9:57:b5, 2085-97-120 01:189:255:2677,0.28,0.029,1.026,166.87,-31.372,-58.594,-2.686,0.912,-122.195
 14:54:49.962,eb:33:2e:f9:57:b5, 2085-97-160 01:119:00:2639,0.122,-0.041,1.396,139.648,-18.494,-33.813,-1.165,0.615,-122.646
 14:54:49.962,eb:33:2e:f9:57:b5, 2085-97-174 00:91:04:1902,-0.093,0.428,1.068,81.726,4.7,-2.38,-0.027,0.56,-122.805
 14:54:49.962,eb:33:2e:f9:57:b5, 2085-97-205 254:125:01:1629,0.214,0.492,0.836,33.386,5.676,-11.047,0.461,0.681,-122.811
 14:54:50.081,eb:33:2e:f9:57:b5, 2085-97-04 00:112:00:1967,-0.15,0.012,1.369,19.47,36.621,-4.761,0.72,0.736,-122.915
 14:54:50.081,eb:33:2e:f9:57:b5, 2085-97-233 254:244:00:1827,-0.188,0.177,0.797,12.695,19.348,-7.385,0.879,1.066,-122.953
 14:54:50.081,eb:33:2e:f9:57:b5, 2085-97-213 254:79:00:1848,-0.072,0.02,0.848,5.005,14.282,-6.165,0.967,1.263,-123.03
 14:54:50.081,eb:33:2e:f9:57:b5, 2085-97-129 255:142:00:2005,-0.032,0.066,0.986,2.747,6.897,-4.761,1.005,1.34,-123.08
 14:54:50.083,eb:33:2e:f9:57:b5, 2085-97-183 255:116:00:2080,-0.051,0.07,1.015,0.61,7.812,-5.737,1.027,1.417,-123.129
 14:54:50.083,eb:33:2e:f9:57:b5, 2085-97-128 255:61:00:2060,-0.096,0.042,1.005,1.038,9.338,-6.592,1.033,1.511,-123.195
 14:54:50.083,eb:33:2e:f9:57:b5, 2085-97-47 255:32:00:1978,-0.105,0.017,0.969,2.625,6.958,-5.31,1.06,1.604,-123.256
 14:54:50.084,eb:33:2e:f9:57:b5, 2085-97-46 255:21:00:1972,-0.113,0.013,0.962,4.272,0,-2.93,1.099,1.637,-123.294
 14:54:50.084,eb:33:2e:f9:57:b5, 2085-97-26 255:21:00:1949,-0.1,0.008,0.949,4.944,-7.385,0.732,1.154,1.604,-123.305
 14:54:50.084,eb:33:2e:f9:57:b5, 2085-97-103 255:81:00:2015,-0.038,0.024,0.961,4.944,-13.306,3.906,1.203,1.494,-123.283
 14:54:50.084,eb:33:2e:f9:57:b5, 2085-97-220 255:120:00:2118,-0.002,0.051,1.018,4.761,-12.512,3.784,1.263,1.362,-123.245
 14:54:50.084,eb:33:2e:f9:57:b5, 2085-97-245 255:134:00:2133,-0.006,0.062,1.048,4.761,-5.554,1.587,1.313,1.269,-123.217
 14:54:50.140,eb:33:2e:f9:57:b5, 2085-97-226 255:119:00:2110,-0.003,0.062,1.042,5.249,1.16,-0.854,1.373,1.258,-123.217
 14:54:50.140,eb:33:2e:f9:57:b5, 2085-97-216 255:122:00:2117,-0.011,0.058,1.049,6.042,6.958,-2.563,1.428,1.302,-123.234
 14:54:50.140,eb:33:2e:f9:57:b5, 2085-97-212 255:107:00:2118,-0.044,0.054,1.049,7.141,11.841,-4.7,1.511,1.401,-123.272
 14:54:50.140,eb:33:2e:f9:57:b5, 2085-97-153 255:76:00:2076,-0.063,0.046,1.012,7.751,13.733,-5.188,1.582,1.538,-123.322
 14:54:50.203,eb:33:2e:f9:57:b5, 2085-97-111 255:90:00:2007,-0.058,0.042,0.99,6.897,13.733,-3.601,1.664,1.686,-123.36
 14:54:50.203,eb:33:2e:f9:57:b5, 2085-97-84 255:100:00:1976,-0.087,0.052,1.003,6.287,13.428,-1.831,1.73,1.818,-123.382
 14:54:50.203,eb:33:2e:f9:57:b5, 2085-97-64 255:70:00:1972,-0.089,0.038,0.963,6.653,10.742,-0.732,1.807,1.945,-123.393
 14:54:50.203,eb:33:2e:f9:57:b5, 2085-97-85 255:91:00:2019,-0.064,0.035,0.95,8.606,6.531,0,1.879,2.032,-123.393
 14:54:50.231,eb:33:2e:f9:57:b5, 2085-97-186 255:149:00:2136,-0.017,0.061,0.997,9.155,4.578,0.61,1.983,2.093,-123.387
 14:54:50.231,eb:33:2e:f9:57:b5, 2085-97-196 255:144:00:2156,-0.01,0.089,1.029,9.216,9.949,-0.977,2.076,2.164,-123.387
 14:54:50.231,eb:33:2e:f9:57:b5, 2085-97-228 255:179:00:2126,-0.037,0.086,1.071,10.071,15.808,-2.808,2.181,2.296,-123.398
 14:54:50.231,eb:33:2e:f9:57:b5, 2085-97-180 255:139:00:2125,-0.053,0.064,1.087,11.475,21.118,-4.517,2.285,2.488,-123.437
 14:54:50.261,eb:33:2e:f9:57:b5, 2085-97-138 255:146:00:2046,-0.025,0.082,0.98,12.024,23.132,-5.737,2.411,2.725,-123.475
 14:54:50.261,eb:33:2e:f9:57:b5, 2085-97-149 255:200:00:1971,-0.008,0.099,1.002,11.658,24.048,-6.226,2.532,2.944,-123.519
 14:54:50.261,eb:33:2e:f9:57:b5, 2085-97-209 255:03:01:1909,-0.006,0.113,1.005,12.695,20.874,-8.972,2.664,3.164,-123.591
 14:54:50.261,eb:33:2e:f9:57:b5, 2085-97-164 255:252:00:1982,-0.036,0.156,0.947,15.259,10.254,-11.353,2.796,3.323,-123.684
 14:54:50.291,eb:33:2e:f9:57:b5, 2085-97-251 254:96:00:2209,-0.206,0.122,1.012,19.043,3.357,-12.39,2.977,3.389,-123.799
 14:54:50.291,eb:33:2e:f9:57:b5, 2085-97-50 254:216:255:2284,-0.188,-0.022,1.15,24.658,7.996,-9.705,3.192,3.45,-123.915
 14:54:50.291,eb:33:2e:f9:57:b5, 2085-97-27 255:113:00:2296,-0.078,0.004,1.096,30.396,9.766,-6.897,3.472,3.56,-123.986
 14:54:50.291,eb:33:2e:f9:57:b5, 2085-113-58 00:101:230:-6225,-0.073,0.074,1.157,35.95,13.794,-6.531,3.801,3.675,-124.047
 14:54:50.291,eb:33:2e:f9:57:b5, 2085-97-58 255:144:00:2571,-0.119,0.075,1.192,39.001,17.883,-6.958,3.999,3.768,-124.074
 14:54:50.382,eb:33:2e:f9:57:b5, 2085-97-21 255:63:00:2690,-0.131,0.025,1.333,46.265,30.701,-7.324,4.422,4.016,-124.135
 14:54:50.382,eb:33:2e:f9:57:b5, 2085-97-157 254:57:00:2381,-0.202,0.03,1.242,54.321,41.382,-4.517,4.938,4.4,-124.167
 14:54:50.382,eb:33:2e:f9:57:b5, 2085-97-33 254:00:00:2385,-0.243,0.014,1.153,60.425,41.443,-0.977,5.515,4.818,-124.156
 14:54:50.382,eb:33:2e:f9:57:b5, 2085-97-37 254:253:255:2654,-0.184,-0.007,1.195,67.017,38.513,5.615,6.174,5.219,-124.091
 14:54:50.382,eb:33:2e:f9:57:b5, 2085-97-225 254:66:00:3067,-0.103,0.006,1.458,78.674,43.579,12.634,6.916,5.598,-123.953
 14:54:50.382,eb:33:2e:f9:57:b5, 2085-97-116 255:162:00:3189,-0.09,0.068,1.499,90.393,56.58,16.724,7.795,6.092,-123.734
 14:54:50.382,eb:33:2e:f9:57:b5, 2085-97-70 255:88:00:3217,-0.133,0.078,1.561,105.408,68.97,19.958,8.811,6.696,-123.459
 14:54:50.382,eb:33:2e:f9:57:b5, 2085-97-06 255:57:00:3335,-0.121,0.032,1.571,121.643,79.346,24.475,10.009,7.41,-123.107
 14:54:50.440,eb:33:2e:f9:57:b5, 2085-97-237 254:47:00:3346,-0.136,0.026,1.658,139.16,90.088,30.884,11.382,8.196,-122.673
 14:54:50.440,eb:33:2e:f9:57:b5, 2085-97-25 255:104:00:3589,-0.04,0.021,1.659,158.508,93.567,35.522,12.964,9.036,-122.146
 14:54:50.440,eb:33:2e:f9:57:b5, 2085-97-10 00:197:00:3855,0.055,0.08,1.799,182.8,95.764,34.546,14.777,9.871,-121.564
 14:54:50.440,eb:33:2e:f9:57:b5, 2085-97-192 00:182:00:4092,0.161,0.07,1.971,209.106,107.971,29.236,16.859,10.767,-120.976
 14:54:50.472,eb:33:2e:f9:57:b5, 2085-97-65 01:58:00:4165,0.106,0.057,2.042,240.173,122.864,23.01,19.237,11.788,-120.355
 14:54:50.472,eb:33:2e:f9:57:b5, 2085-97-161 00:180:254:4701,0.189,-0.063,2.132,276.611,127.502,15.503,21.978,12.898,-119.729
 14:54:50.472,eb:33:2e:f9:57:b5, 2085-97-149 02:43:254:5390,0.487,-0.201,2.517,321.228,148.621,11.963,25.148,14.09,-119.042
 14:54:50.472,eb:33:2e:f9:57:b5, 2085-97-32 05:39:254:5334,0.651,-0.221,2.641,369.507,191.284,3.967,28.85,15.584,-118.158
 14:54:50.500,eb:33:2e:f9:57:b5, 2085-97-128 04:85:255:5735,0.267,-0.124,2.623,429.932,224.426,-13,33.179,17.419,-117.059
 14:54:50.500,eb:33:2e:f9:57:b5, 2085-97-106 255:126:03:6614,-0.028,0.056,2.945,497.986,230.957,-29.236,38.232,19.429,-115.829
 14:54:50.500,eb:33:2e:f9:57:b5, 2085-97-09 00:44:06:7516,0.09,0.604,3.561,582.642,164.734,-48.34,44.05,21.22,-114.763
 14:54:50.500,eb:33:2e:f9:57:b5, 2085-97-177 00:22:03:7581,0.104,0.734,3.903,655.64,83.862,-71.716,50.46,22.451,-114.307
 14:54:50.531,eb:33:2e:f9:57:b5, 2085-97-92 254:32:252:6190,-0.412,-0.163,3.315,693.298,44.678,-89.478,57.261,23.522,-114.302
 14:54:50.531,eb:33:2e:f9:57:b5, 2085-97-109 253:233:01:6886,-0.118,-0.424,2.909,702.454,-1.709,-82.458,64.16,24.357,-114.582
 14:54:50.531,eb:33:2e:f9:57:b5, 2085-97-228 00:228:253:6672,0.283,0.036,3.493,647.583,7.08,-119.202,70.757,25.307,-115.038
 14:54:50.531,eb:33:2e:f9:57:b5, 2085-97-87 04:249:247:4275,0.616,-0.462,2.644,520.386,47.913,-143.982,76.564,26.669,-115.098
 14:54:50.592,eb:33:2e:f9:57:b5, 2085-97-99 05:58:244:2559,0.618,-1.518,1.443,326.355,45.044,-142.273,80.848,28.196,-114.824
 14:54:50.592,eb:33:2e:f9:57:b5, 2085-97-80 03:192:235:-1880,0.18,-2.179,1.089,164.062,88.44,-137.146,83.342,29.724,-114.467
 14:54:50.592,eb:33:2e:f9:57:b5, 2085-97-243 02:232:241:-4323,0.648,-2.194,-2.537,-56.702,69.275,-110.84,84.331,31.031,-113.456
 14:54:50.592,eb:33:2e:f9:57:b5, 2085-97-105 03:152:243:-016,0.214,-1.517,-0.895,-242.126,-15.381,-86.243,82.667,32.031,-113.406
 14:54:50.622,eb:33:2e:f9:57:b5, 2085-97-172 01:241:243:1882,0.292,-1.596,0.625,-309.631,-73.853,-54.016,79.415,32.635,-114.12
 14:54:50.622,eb:33:2e:f9:57:b5, 2085-97-148 02:40:245:2060,0.317,-1.409,1.038,-319.458,-104.919,-22.4,75.586,32.783,-115.302
 14:54:50.622,eb:33:2e:f9:57:b5, 2085-97-78 02:197:245:1316,0.278,-1.32,0.864,-311.89,-112.732,6.348,71.735,32.531,-116.581
 14:54:50.622,eb:33:2e:f9:57:b5, 2085-97-91 02:55:247:863,0.283,-1.215,0.492,-305.42,-124.512,28.748,67.978,31.943,-117.828
 14:54:50.651,eb:33:2e:f9:57:b5, 2085-97-24 02:179:248:732,0.246,-0.989,0.375,-310.974,-136.902,43.945,64.259,31.064,-119.053
 14:54:50.651,eb:33:2e:f9:57:b5, 2085-97-226 01:74:249:834,0.226,-0.865,0.372,-321.228,-156.433,51.147,60.436,29.954,-120.317
 14:54:50.651,eb:33:2e:f9:57:b5, 2085-97-203 01:162:249:1139,0.216,-0.817,0.465,-332.825,-176.086,54.871,56.514,28.619,-121.635
 14:54:50.651,eb:33:2e:f9:57:b5, 2085-97-180 01:219:249:1550,0.2,-0.784,0.659,-344.971,-184.265,55.054,52.482,27.114,-122.953
 14:54:50.710,eb:33:2e:f9:57:b5, 2085-97-65 01:89:250:1867,0.118,-0.739,0.848,-352.783,-188.171,52.124,48.439,25.51,-124.178
 14:54:50.710,eb:33:2e:f9:57:b5, 2085-97-153 00:215:250:2126,0.019,-0.678,0.986,-355.957,-191.223,47.974,44.39,23.835,-125.327
 14:54:50.710,eb:33:2e:f9:57:b5, 2085-97-182 255:120:251:2260,-0.072,-0.61,1.066,-357.544,-192.871,43.823,40.419,22.11,-126.365
 14:54:50.710,eb:33:2e:f9:57:b5, 2085-97-101 255:253:251:2563,-0.092,-0.532,1.152,-361.023,-195.19,37.964,36.453,20.33,-127.326
 14:54:50.770,eb:33:2e:f9:57:b5, 2085-97-255 254:135:252:2898,-0.157,-0.468,1.343,-366.333,-192.688,28.503,32.52,18.539,-128.21
 14:54:50.770,eb:33:2e:f9:57:b5, 2085-97-151 254:64:253:3148,-0.208,-0.393,1.479,-371.399,-188.599,15.625,28.553,16.782,-129.034
 14:54:50.770,eb:33:2e:f9:57:b5, 2085-97-23 254:225:253:3287,-0.246,-0.3,1.58,-375.305,-182.8,1.16,24.598,15.09,-129.825
 14:54:50.770,eb:33:2e:f9:57:b5, 2085-97-237 253:67:254:3499,-0.298,-0.238,1.656,-374.329,-181.519,-13.062,20.621,13.431,-130.616
 14:54:50.772,eb:33:2e:f9:57:b5, 2085-97-96 253:44:254:3681,-0.363,-0.213,1.739,-370.239,-185.547,-25.146,16.727,11.755,-131.413
 14:54:50.772,eb:33:2e:f9:57:b5, 2085-97-188 252:178:253:3790,-0.463,-0.253,1.827,-369.934,-191.101,-31.921,12.854,10.003,-132.198
 14:54:50.772,eb:33:2e:f9:57:b5, 2085-97-219 251:19:253:4072,-0.563,-0.33,1.907,-378.174,-196.045,-31.921,9.009,8.157,-132.896
 14:54:50.772,eb:33:2e:f9:57:b5, 2085-97-36 251:12:253:4681,-0.655,-0.384,2.118,-392.029,-194.336,-25.33,5.054,6.24,-133.429
 14:54:50.832,eb:33:2e:f9:57:b5, 2085-97-120 250:117:254:5312,-0.723,-0.306,2.441,-404.907,-181.396,-15.137,1.027,4.373,-133.731
 14:54:50.832,eb:33:2e:f9:57:b5, 2085-97-12 250:70:01:5740,-0.762,-0.033,2.71,-410.095,-169.983,-7.202,-3.087,2.626,-133.802
 14:54:50.832,eb:33:2e:f9:57:b5, 2085-97-175 249:185:04:5931,-0.826,0.374,2.852,-410.767,-169.861,-5.493,-7.191,0.939,-133.709
 14:54:50.832,eb:33:2e:f9:57:b5, 2085-97-250 248:216:07:6189,-0.95,0.793,2.944,-409.302,-177.002,-8.179,-11.321,-0.791,-133.495
 14:54:50.862,eb:33:2e:f9:57:b5, 2085-97-184 247:157:10:6588,-1.135,1.16,3.103,-401.611,-179.688,-9.399,-15.386,-2.554,-133.171
 14:54:50.863,eb:33:2e:f9:57:b5, 2085-97-03 246:252:12:7048,-1.357,1.487,3.339,-383.423,-165.771,-2.991,-19.363,-4.235,-132.709
 14:54:50.863,eb:33:2e:f9:57:b5, 2085-97-134 244:206:14:7046,-1.44,1.741,3.477,-351.44,-129.028,15.869,-23.088,-5.587,-132.122
 14:54:50.863,eb:33:2e:f9:57:b5, 2085-113-58 00:147:229:-5025,-1.385,1.977,3.329,-309.387,-69.885,46.143,-26.466,-6.345,-131.418
 14:54:50.892,eb:33:2e:f9:57:b5, 2085-97-106 248:250:19:5828,-0.634,2.187,3.052,-287.598,-38.696,59.753,-27.988,-6.449,-131.056
 14:54:50.892,eb:33:2e:f9:57:b5, 2085-97-121 252:218:29:3984,-0.358,3.06,2.35,-245.789,39.062,74.768,-30.685,-5.999,-130.49
 14:54:50.892,eb:33:2e:f9:57:b5, 2085-97-210 252:234:35:2175,-0.557,4.24,1.556,-186.462,12.268,51.697,-32.899,-5.389,-130.111
 14:54:50.892,eb:33:2e:f9:57:b5, 2085-97-36 249:209:33:1315,-1.189,4.442,0.688,-94.604,-86.609,22.339,-34.321,-5.526,-129.589
 14:54:50.951,eb:33:2e:f9:57:b5, 2085-97-07 244:153:29:2898,-1.741,3.973,0.913,-9.094,-151.733,10.925,-34.876,-6.498,-128.738
 14:54:50.951,eb:33:2e:f9:57:b5, 2085-97-199 240:118:24:4961,-1.945,3.391,1.984,54.138,-126.526,20.63,-34.717,-7.614,-127.771
 14:54:50.951,eb:33:2e:f9:57:b5, 2085-97-176 241:57:20:5181,-1.483,2.763,2.58,91.309,-17.456,47.119,-34.036,-7.998,-127.079
 14:54:50.951,eb:33:2e:f9:57:b5, 2085-97-230 247:154:17:5027,1.533,2.406,2.31,111.755,86.243,73.608,-33.047,-7.278,-126.799
 14:54:50.981,eb:33:2e:f9:57:b5, 2085-97-108 04:143:246:2558,1.25,-2.618,9.833,296.143,200.317,69.214,-30.773,-6.52,-126.7
 14:54:50.981,eb:33:2e:f9:57:b5, 2085-97-49 09:186:236:1003,0.467,-1.859,-1.127,250.183,151.245,142.151,-28.246,-4.356,-126.661
 14:54:50.981,eb:33:2e:f9:57:b5, 2085-97-08 255:182:243:469,-0.511,-2.337,0.109,390.137,67.627,101.379,-25.093,-2.752,-126.079
 14:54:50.981,eb:33:2e:f9:57:b5, 2085-97-210 250:37:254:2759,-0.553,-0.854,0.708,497.986,0.427,98.145,-20.528,-2.214,-125.255
 14:54:51.010,eb:33:2e:f9:57:b5, 2085-97-255 252:173:06:3836,-0.349,0.35,1.751,466.919,40.649,73.547,-15.628,-1.785,-124.519
 14:54:51.010,eb:33:2e:f9:57:b5, 2085-97-37 253:240:06:3597,-0.24,0.937,2.071,367.92,68.848,41.199,-11.47,-1.082,-124.069
 14:54:51.010,eb:33:2e:f9:57:b5, 2085-97-47 254:97:06:2982,-0.157,0.82,1.582,268.921,43.701,-10.925,-8.35,-0.472,-124.074
 14:54:51.010,eb:33:2e:f9:57:b5, 2085-97-03 255:28:03:2383,-0.044,0.623,1.303,190.43,-0.793,-34.119,-6.092,-0.319,-124.382
 14:54:51.072,eb:33:2e:f9:57:b5, 2085-97-109 255:121:01:2008,-0.092,0.238,1.095,133.972,-30.212,-33.386,-4.504,-0.538,-124.695
 14:54:51.072,eb:33:2e:f9:57:b5, 2085-97-224 255:234:01:2093,0.077,0.128,0.99,101.868,-49.072,-30.945,-3.351,-0.983,-124.986
 14:54:51.072,eb:33:2e:f9:57:b5, 2085-97-15 01:255:01:2158,0.103,0.224,1.07,66.711,-35.217,-28.503,-2.51,-1.423,-125.272
 14:54:51.072,eb:33:2e:f9:57:b5, 2085-97-35 00:255:00:2040,-0.029,0.185,1.041,39.307,-12.268,-19.775,-2,-1.659,-125.508
 14:54:51.162,eb:33:2e:f9:57:b5, 2085-97-221 255:106:00:1990,0.01,0.085,0.966,23.071,-1.221,-10.01,-1.681,-1.703,-125.651
 14:54:51.162,eb:33:2e:f9:57:b5, 2085-97-15 00:85:00:2044,0.002,0.042,1,14.771,2.075,-3.479,-1.5,-1.703,-125.711
 14:54:51.162,eb:33:2e:f9:57:b5, 2085-97-02 00:57:00:2052,0.007,0.032,0.996,9.827,4.395,-0.244,-1.368,-1.659,-125.728
 14:54:51.162,eb:33:2e:f9:57:b5, 2085-97-33 00:06:00:2111,0.008,0.012,1.021,6.287,8.606,4.089,-1.291,-1.593,-125.711
 14:54:51.164,eb:33:2e:f9:57:b5, 2085-97-19 00:248:255:2092,0.009,-0.004,1.025,5.737,12.207,7.69,-1.219,-1.472,-125.651
 14:54:51.164,eb:33:2e:f9:57:b5, 2085-97-243 255:229:255:2067,-0.023,-0.008,1.022,5.92,13.672,10.559,-1.165,-1.34,-125.563
 14:54:51.164,eb:33:2e:f9:57:b5, 2085-97-194 255:07:00:2008,-0.03,-0.005,0.99,5.31,12.817,13.245,-1.099,-1.198,-125.442
 14:54:51.164,eb:33:2e:f9:57:b5, 2085-97-199 255:62:00:1986,-0.028,0.024,0.968,4.7,9.521,12.634,-1.049,-1.082,-125.316
 14:54:51.221,eb:33:2e:f9:57:b5, 2085-97-193 255:43:00:1986,-0.024,0.028,0.97,4.089,6.958,9.399,-0.994,-0.989,-125.206
 14:54:51.221,eb:33:2e:f9:57:b5, 2085-97-227 255:45:00:2021,-0.015,0.021,0.978,4.028,4.822,6.592,-0.956,-0.934,-125.129
 14:54:51.221,eb:33:2e:f9:57:b5, 2085-97-222 255:22:00:2023,-0.018,0.016,0.992,4.7,4.639,4.333,-0.901,-0.879,-125.079
 14:54:51.221,eb:33:2e:f9:57:b5, 2085-97-212 255:21:00:2020,-0.027,0.012,0.987,5.249,3.601,3.174,-0.851,-0.835,-125.041
 14:54:51.221,eb:33:2e:f9:57:b5, 2085-97-205 255:11:00:2015,-0.019,0.007,0.983,5.493,1.953,2.38,-0.78,-0.797,-125.019
 14:54:51.223,eb:33:2e:f9:57:b5, 2085-113-58 00:147:229:-5745,-0.017,0.009,0.985,5.127,0.732,2.197,-0.731,-0.786,-124.991
 14:54:51.223,eb:33:2e:f9:57:b5, 2085-97-216 255:34:00:2005,-0.015,0.014,0.987,5.005,0.183,1.892,-0.687,-0.769,-124.986
 14:54:51.223,eb:33:2e:f9:57:b5, 2085-97-243 255:26:00:2046,0.013,0.014,0.988,4.456,-0.732,1.526,-0.643,-0.775,-124.969
 14:54:51.223,eb:33:2e:f9:57:b5, 2085-97-24 00:31:00:2088,0.021,0.02,1.013,4.333,1.648,1.404,-0.588,-0.769,-124.953
 14:54:51.312,eb:33:2e:f9:57:b5, 2085-97-49 00:40:00:2105,0.023,0.018,1.027,4.272,6.226,1.465,-0.544,-0.725,-124.942
 14:54:51.312,eb:33:2e:f9:57:b5, 2085-97-41 00:43:00:2100,0.007,0.023,1.025,4.333,11.475,1.465,-0.489,-0.626,-124.931
 14:54:51.312,eb:33:2e:f9:57:b5, 2085-97-01 00:40:00:2073,-0.002,0.021,1.012,4.395,15.137,1.648,-0.445,-0.489,-124.915
 14:54:51.312,eb:33:2e:f9:57:b5, 2085-97-235 255:36:00:2075,-0.019,0.018,1.018,4.883,17.578,1.221,-0.385,-0.313,-124.898
 14:54:51.314,eb:33:2e:f9:57:b5, 2085-97-248 255:40:00:2090,-0.016,0.015,1.004,5.615,18.25,0.183,-0.33,-0.126,-124.898
 14:54:51.314,eb:33:2e:f9:57:b5, 2085-113-81 00:50:59:-014,-0.023,0.019,1.008,6.409,20.691,-1.16,-0.258,0.077,-124.904
 14:54:51.314,eb:33:2e:f9:57:b5, 2085-97-225 255:56:00:2069,-0.023,0.022,1.005,6.836,21.179,-2.014,-0.225,0.181,-124.909
 14:54:51.314,eb:33:2e:f9:57:b5, 2085-97-220 255:61:00:2070,-0.019,0.022,1.008,8.057,22.766,-4.211,-0.148,0.401,-124.948
 14:54:51.369,eb:33:2e:f9:57:b5, 2085-97-188 255:44:00:2075,-0.03,0.025,1.021,9.399,24.475,-6.165,-0.049,0.648,-125.002
 14:54:51.369,eb:33:2e:f9:57:b5, 2085-97-192 255:50:00:2082,-0.035,0.023,1.023,11.047,25.024,-7.202,0.049,0.89,-125.068
 14:54:51.369,eb:33:2e:f9:57:b5, 2085-97-192 255:53:00:2114,-0.038,0.031,1.015,12.512,25.513,-8.301,0.181,1.154,-125.151
 14:54:51.369,eb:33:2e:f9:57:b5, 2085-97-134 255:42:00:2116,-0.052,0.035,1.008,14.099,28.015,-9.399,0.313,1.428,-125.239
 14:54:51.372,eb:33:2e:f9:57:b5, 2085-97-108 255:77:00:2001,-0.083,0.029,1.022,15.991,30.396,-9.521,0.478,1.73,-125.332
 14:54:51.372,eb:33:2e:f9:57:b5, 2085-97-101 255:60:00:2055,-0.067,0.017,1,16.479,28.442,-7.812,0.637,2.021,-125.42
 14:54:51.372,eb:33:2e:f9:57:b5, 2085-97-111 255:89:00:2023,-0.078,0.037,1.013,16.418,29.419,-6.226,0.813,2.318,-125.486
 14:54:51.372,eb:33:2e:f9:57:b5, 2085-97-92 255:67:00:2110,-0.059,0.037,1.007,16.418,28.015,-4.333,0.972,2.604,-125.535
 14:54:51.430,eb:33:2e:f9:57:b5, 2085-97-174 255:109:00:2146,-0.004,0.04,1.039,17.517,27.954,-2.869,1.154,2.889,-125.563
 14:54:51.430,eb:33:2e:f9:57:b5, 2085-97-30 00:206:00:2075,0.03,0.083,1.027,18.433,30.396,-5.066,1.335,3.186,-125.596
 14:54:51.430,eb:33:2e:f9:57:b5, 2085-97-07 00:159:00:2187,-0.102,0.104,1.048,20.691,27.161,-8.911,1.538,3.488,-125.662
 14:54:51.430,eb:33:2e:f9:57:b5, 2085-97-252 253:101:255:2707,-0.288,0.045,1.066,25.574,23.926,-8.85,1.758,3.763,-125.744
 14:54:51.550,eb:33:2e:f9:57:b5, 2085-97-75 254:142:255:2772,-0.29,-0.163,1.557,52.368,23.865,-4.761,2.159,3.983,-125.821
 14:54:51.550,eb:33:2e:f9:57:b5, 2085-97-24 254:137:255:2984,-0.128,-0.026,1.255,66.956,20.386,-2.625,2.774,4.213,-125.832
 14:54:51.550,eb:33:2e:f9:57:b5, 2085-97-196 254:148:255:3169,-0.178,-0.037,1.558,86.67,28.137,1.16,3.56,4.455,-125.821
 14:54:51.550,eb:33:2e:f9:57:b5, 2085-97-201 254:158:255:3146,-0.133,-0.065,1.523,102.966,40.222,6.653,4.521,4.812,-125.76
 14:54:51.553,eb:33:2e:f9:57:b5, 2085-97-129 254:92:255:3103,-0.21,-0.044,1.54,121.216,47.607,14.832,5.68,5.251,-125.612
 14:54:51.553,eb:33:2e:f9:57:b5, 2085-97-85 254:18:255:3389,-0.129,-0.092,1.518,137.512,46.448,23.376,7.004,5.702,-125.37
 14:54:51.553,eb:33:2e:f9:57:b5, 2085-97-146 255:165:255:3506,0.008,-0.072,1.733,159.912,50.964,31.982,8.542,6.147,-125.019
 14:54:51.553,eb:33:2e:f9:57:b5, 2085-97-19 00:199:255:3805,0.039,-0.025,1.765,187.195,59.326,32.043,10.338,6.63,-124.601
 14:54:51.555,eb:33:2e:f9:57:b5, 2085-97-30 00:129:255:3869,0.019,-0.057,1.908,212.585,80.017,31.372,12.415,7.262,-124.156
 14:54:51.555,eb:33:2e:f9:57:b5, 2085-97-178 00:196:255:3849,0.065,-0.007,1.869,242.004,89.111,28.503,14.777,8.042,-123.651
 14:54:51.555,eb:33:2e:f9:57:b5, 2085-97-105 00:194:254:4265,0.084,-0.074,1.932,276.794,89.661,23.193,17.468,8.833,-123.146
 14:54:51.555,eb:33:2e:f9:57:b5, 2085-97-132 01:38:254:4969,0.33,-0.167,2.286,315.796,102.295,20.386,20.528,9.662,-122.624
 14:54:51.612,eb:33:2e:f9:57:b5, 2085-97-122 03:15:254:5004,0.433,-0.231,2.456,362.061,134.949,14.526,24.055,10.706,-121.992
 14:54:51.612,eb:33:2e:f9:57:b5, 2085-97-34 03:213:252:5192,0.188,-0.296,2.516,412.109,170.349,1.404,28.103,12.057,-121.24
 14:54:51.612,eb:33:2e:f9:57:b5, 2085-97-12 255:127:253:5961,-0.509,-0.411,2.659,465.454,202.82,-6.836,32.717,13.716,-120.278
 14:54:51.612,eb:33:2e:f9:57:b5, 2085-97-65 250:98:03:7917,-0.646,-0.092,3.286,516.418,194.702,-1.282,37.936,15.403,-119.097
 14:54:51.642,eb:33:2e:f9:57:b5, 2085-97-216 253:59:04:8347,-0.009,0.57,4.333,572.998,162.231,-17.456,43.731,16.787,-117.988
 14:54:51.642,eb:33:2e:f9:57:b5, 2085-97-192 00:73:01:5339,-0.07,0.305,3.23,588.684,157.898,-22.766,49.911,18.083,-116.895
 14:54:51.642,eb:33:2e:f9:57:b5, 2085-97-163 255:17:253:7272,0.076,-0.159,2.864,585.266,123.779,-30.701,56.08,19.144,-115.928
 14:54:51.642,eb:33:2e:f9:57:b5, 2085-97-213 02:79:255:6844,0.739,-0.154,3.599,581.482,160.156,-29.297,62.32,20.121,-114.774
 14:54:51.701,eb:33:2e:f9:57:b5, 2085-97-15 08:109:255:4228,1.321,-0.002,2.87,553.345,140.747,-23.438,68.472,20.978,-113.401
 14:54:51.701,eb:33:2e:f9:57:b5, 2085-97-162 12:183:250:2859,1.787,-0.355,1.682,473.938,92.041,-50.964,73.993,21.703,-112.379
 14:54:51.701,eb:33:2e:f9:57:b5, 2085-97-07 13:235:250:2420,1.173,-0.638,1.13,355.347,40.1,-105.347,78.25,22.604,-111.934
 14:54:51.701,eb:33:2e:f9:57:b5, 2085-97-86 07:227:247:884,0.917,-0.913,1.27,266.357,10.315,-167.297,81.299,24.088,-111.967
 14:54:51.701,eb:33:2e:f9:57:b5, 2085-113-81 00:73:36:16340,0.814,-1.292,-0.318,86.182,-15.991,-193.054,82.897,25.895,-112.33
 14:54:51.703,eb:33:2e:f9:57:b5, 2085-97-208 04:168:241:-1021,0.41,-1.583,-0.519,-17.639,-10.62,-195.312,82.919,26.856,-112.538
 14:54:51.703,eb:33:2e:f9:57:b5, 2085-97-201 02:146:241:-267,0.274,-1.885,-0.447,-174.377,-6.042,-179.626,81.65,28.713,-112.896
 14:54:51.703,eb:33:2e:f9:57:b5, 2085-97-83 01:177:243:1022,0.112,-1.647,0.244,-266.785,-17.822,-150.879,79.124,30.317,-113.335
 14:54:51.703,eb:33:2e:f9:57:b5, 2085-97-148 00:124:244:1384,0.03,-1.476,0.676,-301.941,-42.175,-119.324,75.855,31.558,-114.038
 14:54:51.761,eb:33:2e:f9:57:b5, 2085-97-99 00:169:244:966,0.126,-1.428,0.562,-316.833,-65.552,-82.031,72.252,32.36,-114.972
 14:54:51.761,eb:33:2e:f9:57:b5, 2085-97-148 01:186:245:978,0.235,-1.368,0.454,-330.75,-83.862,-48.95,68.39,32.69,-116.098
 14:54:51.761,eb:33:2e:f9:57:b5, 2085-97-49 02:81:247:1198,0.331,-1.187,0.515,-343.994,-89.111,-22.888,64.407,32.657,-117.202
 14:54:51.761,eb:33:2e:f9:57:b5, 2085-97-252 02:56:249:1506,0.401,-0.952,0.682,-348.694,-97.229,-4.456,60.348,32.333,-118.262
 14:54:51.791,eb:33:2e:f9:57:b5, 2085-97-79 03:92:250:1456,0.403,-0.76,0.742,-347.412,-109.497,5.005,56.321,31.778,-119.295
 14:54:51.791,eb:33:2e:f9:57:b5, 2085-97-241 02:160:250:1355,0.327,-0.681,0.677,-351.685,-127.319,12.085,52.251,31.003,-120.377
 14:54:51.791,eb:33:2e:f9:57:b5, 2085-97-103 02:198:250:1551,0.267,-0.663,0.681,-365.051,-141.479,21.362,48.115,30.009,-121.459
 14:54:51.791,eb:33:2e:f9:57:b5, 2085-97-251 01:129:251:1922,0.219,-0.613,0.841,-378.906,-148.926,32.104,43.874,28.795,-122.459
 14:54:51.850,eb:33:2e:f9:57:b5, 2085-97-151 01:62:252:2275,0.203,-0.513,1.029,-387.024,-154.053,42.603,39.644,27.405,-123.278
 14:54:51.850,eb:33:2e:f9:57:b5, 2085-97-237 00:234:252:2371,0.141,-0.406,1.207,-389.771,-156.738,52.368,35.447,25.873,-123.926
 14:54:51.850,eb:33:2e:f9:57:b5, 2085-97-97 01:229:253:2953,0.185,-0.276,1.347,-388.428,-165.039,61.096,31.36,24.192,-124.382
 14:54:51.850,eb:33:2e:f9:57:b5, 2085-97-70 01:148:254:2990,0.166,-0.231,1.469,-384.155,-167.542,69.458,27.367,22.418,-124.64
 14:54:51.969,eb:33:2e:f9:57:b5, 2085-97-20 01:56:255:3070,0.146,-0.12,1.482,-379.7,-172.913,74.219,23.522,20.566,-124.733
 14:54:51.969,eb:33:2e:f9:57:b5, 2085-97-244 00:128:255:3521,0.09,-0.073,1.611,-374.878,-182.983,76.66,19.737,18.616,-124.695
 14:54:51.969,eb:33:2e:f9:57:b5, 2085-97-132 00:95:255:4002,0.052,-0.068,1.842,-369.568,-190.125,79.102,16.068,16.595,-124.519
 14:54:51.969,eb:33:2e:f9:57:b5, 2085-97-96 00:39:255:4419,0.027,-0.091,2.055,-367.859,-192.993,80.566,12.448,14.524,-124.211
 14:54:51.971,eb:33:2e:f9:57:b5, 2085-97-251 255:29:255:4732,-0.021,-0.117,2.243,-377.197,-190.063,79.224,8.828,12.491,-123.766
 14:54:51.971,eb:33:2e:f9:57:b5, 2085-97-197 255:223:255:5045,-0.036,-0.077,2.38,-396.484,-187.439,72.449,5.037,10.519,-123.234
 14:54:51.971,eb:33:2e:f9:57:b5, 2085-97-187 255:158:01:5405,-0.025,0.073,2.549,-422.058,-186.523,58.533,1.027,8.619,-122.673
 14:54:51.971,eb:33:2e:f9:57:b5, 2085-97-209 255:144:04:5885,-0.045,0.371,2.748,-445.923,-187.439,34.363,-3.285,6.751,-122.173
 14:54:51.975,eb:33:2e:f9:57:b5, 2085-97-62 255:103:08:6523,-0.168,0.831,3.04,-457.52,-193.97,-4.089,-7.789,4.867,-121.833
 14:54:51.975,eb:33:2e:f9:57:b5, 2085-97-48 254:154:11:7169,-2.958,1.261,3.317,-449.524,-205.322,-45.898,-12.354,2.84,-121.75
 14:54:51.975,eb:33:2e:f9:57:b5, 2085-97-12 00:144:13:5291,-0.183,2.385,7.876,-319.885,-245.789,-121.948,-16.095,0.121,-121.63
 14:54:51.975,eb:33:2e:f9:57:b5, 2085-97-80 252:219:14:2414,-0.753,2.052,1.839,-358.643,-177.551,-94.421,-19.6,-1.928,-121.926
 14:54:52.151,eb:33:2e:f9:57:b5, 2085-97-205 250:187:20:5144,-0.807,2.158,3.261,-379.517,-132.446,-115.967,-23.362,-3.812,-122.366
 14:54:52.151,eb:33:2e:f9:57:b5, 2085-97-32 250:147:26:7108,-0.805,2.805,3.415,-343.628,-136.719,-152.771,-26.993,-5.614,-123.047
 14:54:52.151,eb:33:2e:f9:57:b5, 2085-97-04 248:02:32:4705,-1.301,3.739,3.035,-271.301,-105.225,-172.668,-29.938,-7.449,-123.942
 14:54:52.151,eb:33:2e:f9:57:b5, 2085-97-73 242:30:34:2314,-2.167,4.197,1.594,-183.228,-117.432,-171.57,-32.047,-9.256,-124.898
 14:54:52.213,eb:33:2e:f9:57:b5, 2085-97-124 234:157:30:2611,-3.168,4.101,1.067,-76.843,-187.439,-140.442,-33.212,-11.42,-125.387
 14:54:52.213,eb:33:2e:f9:57:b5, 2085-97-16 228:215:25:4667,-5.708,3.531,1.726,17.639,-198.975,-70.435,-33.497,-13.7,-125.134
 14:54:52.213,eb:33:2e:f9:57:b5, 2085-97-216 217:137:22:9241,-1.91,0.278,9.765,248.169,145.63,113.953,-32.536,-14.628,-124.409
 14:54:52.213,eb:33:2e:f9:57:b5, 2085-97-33 05:208:250:-1643,0.935,2.255,1.688,303.406,315.979,163.818,-29.509,-11.404,-124.75
 14:54:52.215,eb:33:2e:f9:57:b5, 2085-97-165 01:135:250:1831,-0.113,-0.769,0.514,324.463,343.872,298.218,-26.587,-7.18,-124.047
 14:54:52.215,eb:33:2e:f9:57:b5, 2085-97-00 250:220:246:1911,-0.782,-2.034,0.308,418.152,195.312,204.956,-22.879,-3.746,-123.052
 14:54:52.215,eb:33:2e:f9:57:b5, 2085-97-83 247:23:255:2587,-0.876,-0.747,1.407,430.603,121.826,154.663,-18.578,-1.785,-121.932
 14:54:52.215,eb:33:2e:f9:57:b5, 2085-97-85 249:211:09:3187,-0.509,0.755,1.489,376.77,79.041,104.065,-14.54,-0.544,-120.97
 14:54:52.216,eb:33:2e:f9:57:b5, 2085-97-15 253:200:06:2771,-0.35,1.184,1.693,281.86,81.055,29.968,-11.261,0.357,-120.547
 14:54:52.216,eb:33:2e:f9:57:b5, 2085-97-109 253:225:01:2133,-0.146,0.511,1.158,215.759,44.128,-15.625,-8.844,0.983,-120.63
 14:54:52.216,eb:33:2e:f9:57:b5, 2085-97-254 255:158:00:2432,0.091,0.138,1.118,195.557,9.399,-38.33,-6.828,1.159,-120.959
 14:54:52.216,eb:33:2e:f9:57:b5, 2085-97-216 00:238:255:2350,0.104,-0.018,1.19,173.34,-2.38,-38.818,-4.982,1.143,-121.366
 14:54:52.219,eb:33:2e:f9:57:b5, 2085-97-160 00:59:02:2280,-0.161,0.109,1.157,146.851,-3.235,-28.442,-3.384,1.077,-121.701
 14:54:52.219,eb:33:2e:f9:57:b5, 2085-97-88 255:104:00:1965,-0.058,0.025,0.878,9.766,3.235,-0.122,-0.714,1.917,-121.954
 14:54:52.219,eb:33:2e:f9:57:b5, 2085-97-107 255:68:00:1999,-0.09,0.048,0.988,4.944,5.371,-0.427,-0.643,1.956,-121.954
 14:54:52.219,eb:33:2e:f9:57:b5, 2085-97-76 255:54:00:1953,-0.09,0.02,0.968,3.479,4.639,-1.953,-0.588,2.021,-121.965
 14:54:52.242,eb:33:2e:f9:57:b5, 2085-97-87 255:40:00:2001,-0.088,0.022,0.967,1.892,1.587,-1.892,-0.566,2.054,-121.987
 14:54:52.242,eb:33:2e:f9:57:b5, 2085-97-62 255:18:00:1987,-0.087,0.013,0.973,1.038,0.183,-1.77,-0.538,2.071,-122.003
 14:54:52.242,eb:33:2e:f9:57:b5, 2085-97-98 255:00:00:2046,-0.082,0.005,0.984,1.16,-2.808,-0.427,-0.527,2.054,-122.02
 14:54:52.242,eb:33:2e:f9:57:b5, 2085-97-82 255:03:00:2021,-0.081,-0.005,0.992,2.441,-4.944,1.587,-0.494,2.027,-122.009
 14:54:52.390,eb:33:2e:f9:57:b5, 2085-97-98 255:10:00:2032,-0.06,0.003,0.99,3.113,-7.08,2.869,-0.461,1.961,-121.987
 14:54:52.390,eb:33:2e:f9:57:b5, 2085-97-153 255:34:00:2076,-0.043,0.011,1.009,3.906,-7.812,3.784,-0.412,1.895,-121.954
 14:54:52.390,eb:33:2e:f9:57:b5, 2085-97-178 255:39:00:2093,-0.038,0.02,1.019,4.7,-5.615,3.418,-0.368,1.824,-121.915
 14:54:52.390,eb:33:2e:f9:57:b5, 2085-97-209 255:62:00:2101,-0.024,0.025,1.01,4.944,-1.831,1.648,-0.302,1.802,-121.888
 14:54:52.392,eb:33:2e:f9:57:b5, 2085-97-219 255:72:00:2101,-0.024,0.031,1.021,5.371,2.625,-0.977,-0.247,1.807,-121.888
 14:54:52.392,eb:33:2e:f9:57:b5, 2085-97-219 255:69:00:2112,-0.052,0.031,1.021,5.676,6.897,-3.418,-0.176,1.868,-121.915
 14:54:52.392,eb:33:2e:f9:57:b5, 2085-97-163 255:35:00:2093,-0.057,0.021,0.998,6.042,9.521,-5.31,-0.121,1.961,-121.965
 14:54:52.392,eb:33:2e:f9:57:b5, 2085-97-140 255:27:00:2081,-0.059,0.014,1.005,6.958,11.047,-5.615,-0.044,2.076,-122.02
 14:54:52.394,eb:33:2e:f9:57:b5, 2085-97-122 255:18:00:2070,-0.079,0.008,1.009,8.057,12.085,-5.188,0.027,2.192,-122.08
 14:54:52.394,eb:33:2e:f9:57:b5, 2085-97-77 255:14:00:2021,-0.081,0.002,1,9.155,11.658,-3.357,0.126,2.324,-122.119
 14:54:52.394,eb:33:2e:f9:57:b5, 2085-97-109 255:47:00:2038,-0.068,0.011,0.996,9.399,10.01,-1.892,0.22,2.428,-122.146
 14:54:52.394,eb:33:2e:f9:57:b5, 2085-97-143 255:77:00:2048,-0.044,0.032,0.992,9.338,10.071,-1.831,0.324,2.538,-122.162
 14:54:52.396,eb:33:2e:f9:57:b5, 2085-97-173 255:91:00:2093,-0.051,0.04,1.018,9.46,13.428,-3.052,0.417,2.653,-122.184
 14:54:52.396,eb:33:2e:f9:57:b5, 2085-97-144 255:94:00:2052,-0.054,0.042,1.008,9.399,18.311,-4.761,0.527,2.823,-122.223
 14:54:52.396,eb:33:2e:f9:57:b5, 2085-97-135 255:61:00:2133,-0.052,0.034,1.034,9.888,22.339,-6.348,0.615,3.027,-122.283
 14:54:52.396,eb:33:2e:f9:57:b5, 2085-97-106 255:36:00:2158,-0.055,0.033,1.035,10.986,25.94,-6.531,0.736,3.279,-122.344
 14:54:52.450,eb:33:2e:f9:57:b5, 2085-97-99 255:54:00:2133,-0.068,0.038,1.041,11.963,30.029,-6.165,0.846,3.565,-122.404
 14:54:52.450,eb:33:2e:f9:57:b5, 2085-97-84 255:94:00:2058,-0.091,0.036,1.03,12.573,34.668,-6.042,0.983,3.9,-122.459
 14:54:52.450,eb:33:2e:f9:57:b5, 2085-113-58 00:253:228:-5835,-0.102,0.044,1.017,12.512,36.743,-6.409,1.104,4.257,-122.52
 14:54:52.450,eb:33:2e:f9:57:b5, 2085-97-47 255:103:00:2027,-0.115,0.05,0.995,12.268,36.743,-6.592,1.165,4.444,-122.547
 14:54:52.483,eb:33:2e:f9:57:b5, 2085-97-15 255:70:00:2053,-0.122,0.049,0.972,11.597,36.56,-6.897,1.291,4.818,-122.607
 14:54:52.483,eb:33:2e:f9:57:b5, 2085-97-192 254:43:00:2030,-0.131,0.031,1.017,12.146,36.316,-5.005,1.406,5.18,-122.662
 14:54:52.483,eb:33:2e:f9:57:b5, 2085-97-238 254:107:00:2006,-0.143,0.036,1.009,12.817,34.18,-2.38,1.544,5.537,-122.69
 14:54:52.483,eb:33:2e:f9:57:b5, 2085-97-51 255:120:00:2111,-0.084,0.051,0.976,12.146,32.104,-1.892,1.67,5.872,-122.701
 14:54:52.602,eb:33:2e:f9:57:b5, 2085-97-193 255:09:01:1949,0.002,0.078,1.023,11.78,34.485,-2.319,1.802,6.218,-122.712
 14:54:52.602,eb:33:2e:f9:57:b5, 2085-97-53 00:41:01:1981,-0.116,0.158,0.905,11.23,26.001,-6.836,1.906,6.537,-122.739
 14:54:52.602,eb:33:2e:f9:57:b5, 2085-97-61 254:250:255:2500,-0.321,0.08,1.065,11.475,27.405,-9.644,2.021,6.806,-122.822
 14:54:52.602,eb:33:2e:f9:57:b5, 2085-97-66 253:192:254:3363,-0.315,-0.106,1.462,27.1,31.25,-5.981,2.197,7.097,-122.893
 14:54:52.606,eb:33:2e:f9:57:b5, 2085-97-172 253:37:255:3023,-0.258,-0.156,1.635,51.392,45.532,2.869,2.62,7.493,-122.888
 14:54:52.606,eb:33:2e:f9:57:b5, 2085-97-14 254:122:255:2936,-0.273,-0.066,1.393,67.932,48.279,8.667,3.241,7.971,-122.8
 14:54:52.606,eb:33:2e:f9:57:b5, 2085-97-178 253:06:255:3152,-0.292,-0.102,1.514,84.29,49.683,15.564,4.043,8.454,-122.646
 14:54:52.606,eb:33:2e:f9:57:b5, 2085-97-220 253:40:255:3207,-0.235,-0.096,1.54,102.722,49.072,25.94,5.026,8.943,-122.393
 14:54:52.630,eb:33:2e:f9:57:b5, 2085-97-85 254:93:255:3407,-0.202,-0.077,1.606,124.939,44.922,34.119,6.24,9.388,-122.031
 14:54:52.630,eb:33:2e:f9:57:b5, 2085-97-171 254:77:255:3545,-0.148,-0.095,1.702,149.292,45.044,40.833,7.701,9.783,-121.597
 14:54:52.630,eb:33:2e:f9:57:b5, 2085-97-16 255:230:255:3733,-0.051,-0.04,1.728,173.401,45.654,44.922,9.426,10.184,-121.08
 14:54:52.630,eb:33:2e:f9:57:b5, 2085-97-42 00:211:255:4211,0.096,-0.027,1.993,199.646,52.856,40.161,11.393,10.58,-120.569
 14:54:52.632,eb:33:2e:f9:57:b5, 2085-97-108 01:233:255:4398,0.237,0.013,2.081,226.807,72.266,33.386,13.645,11.124,-120.059
 14:54:52.632,eb:33:2e:f9:57:b5, 2085-97-114 02:134:255:4860,0.436,-0.02,2.241,256.226,98.267,23.071,16.172,11.882,-119.559
 14:54:52.632,eb:33:2e:f9:57:b5, 2085-97-186 04:180:255:5476,0.733,-0.072,2.49,297.302,139.221,10.01,19.061,12.98,-119.02
 14:54:52.632,eb:33:2e:f9:57:b5, 2085-97-120 06:245:254:5730,0.887,-0.108,2.777,342.346,187.012,-10.559,22.418,14.513,-118.438
 14:54:52.661,eb:33:2e:f9:57:b5, 2085-97-179 07:113:254:5947,0.897,-0.148,2.872,392.334,244.08,-35.034,26.312,16.606,-117.719
 14:54:52.661,eb:33:2e:f9:57:b5, 2085-97-91 05:164:255:5950,0.345,-0.207,2.849,440.43,298.706,-54.26,30.795,19.243,-116.768
 14:54:52.661,eb:33:2e:f9:57:b5, 2085-97-44 00:199:01:6982,-0.177,0.143,3.034,496.46,300.232,-74.768,35.942,22.154,-115.543
 14:54:52.661,eb:33:2e:f9:57:b5, 2085-97-137 00:231:02:7281,0.231,0.396,3.597,558.716,247.498,-87.891,41.71,24.829,-114.351
 14:54:52.721,eb:33:2e:f9:57:b5, 2085-97-211 02:189:00:5253,0.201,0.344,3.051,621.094,162.048,-92.407,48.032,26.922,-113.472
 14:54:52.721,eb:33:2e:f9:57:b5, 2085-97-15 02:39:253:4900,-0.113,-0.406,2.252,681.824,52.368,-103.027,54.69,28.367,-113.264
 14:54:52.721,eb:33:2e:f9:57:b5, 2085-97-192 253:165:252:8220,-0.182,-0.117,3.224,657.898,12.695,-134.583,61.199,29.471,-113.802
 14:54:52.721,eb:33:2e:f9:57:b5, 2085-97-236 00:19:251:7223,0.425,-0.527,4.002,567.932,99.304,-140.076,67.28,30.965,-113.884
 14:54:52.751,eb:33:2e:f9:57:b5, 2085-97-237 04:17:246:4642,0.551,-1.001,2.691,419.739,174.133,-138.367,72.724,32.778,-112.857
 14:54:52.751,eb:33:2e:f9:57:b5, 2085-97-83 02:55:240:4224,0.369,-1.709,2.353,275.146,228.149,-112.061,77.151,34.541,-110.912
 14:54:52.751,eb:33:2e:f9:57:b5, 2085-97-108 04:169:239:-4406,0.642,-2.185,0.029,177.917,233.643,-55.298,81.013,35.799,-108.193
 14:54:52.752,eb:33:2e:f9:57:b5, 2085-97-152 05:71:241:-4667,0.833,-1.822,-2.858,-43.152,128.601,-18.372,82.842,36.37,-106.029
 14:54:52.783,eb:33:2e:f9:57:b5, 2085-97-223 04:211:242:-764,0.439,-1.796,-1.21,-189.819,9.033,21.24,81.942,36.42,-105.32
 14:54:52.783,eb:33:2e:f9:57:b5, 2085-97-77 03:126:245:1305,0.488,-1.454,0.243,-251.099,-65.857,55.603,79.442,35.964,-105.672
 14:54:52.783,eb:33:2e:f9:57:b5, 2085-97-77 04:137:246:1800,0.557,-1.237,0.872,-265.747,-102.112,83.13,76.295,35.068,-106.578
 14:54:52.783,eb:33:2e:f9:57:b5, 2085-97-148 04:00:248:1243,0.585,-1.125,0.774,-270.813,-105.469,97.412,73.081,33.904,-107.518
 14:54:52.841,eb:33:2e:f9:57:b5, 2085-97-186 04:38:250:1007,0.599,-0.862,0.525,-284.058,-106.018,98.145,69.84,32.629,-108.342
 14:54:52.841,eb:33:2e:f9:57:b5, 2085-97-237 04:153:251:991,0.642,-0.627,0.481,-300.293,-115.906,86.182,66.484,31.36,-109.144
 14:54:52.842,eb:33:2e:f9:57:b5, 2085-97-68 05:114:252:1025,0.654,-0.492,0.495,-316.65,-132.751,66.162,62.891,30.135,-110.094
 14:54:52.842,eb:33:2e:f9:57:b5, 2085-97-03 05:193:252:1086,0.568,-0.414,0.512,-331.421,-154.175,42.175,59.073,28.971,-111.248
 14:54:52.871,eb:33:2e:f9:57:b5, 2085-97-70 04:94:252:1344,0.466,-0.421,0.564,-344.849,-179.077,20.081,54.992,27.806,-112.676
 14:54:52.871,eb:33:2e:f9:57:b5, 2085-97-232 02:176:251:1686,0.265,-0.499,0.741,-359.619,-193.359,5.92,50.729,26.576,-114.28
 14:54:52.871,eb:33:2e:f9:57:b5, 2085-97-120 01:110:251:1981,0.131,-0.564,0.895,-372.925,-195.984,2.625,46.329,25.252,-115.9
 14:54:52.871,eb:33:2e:f9:57:b5, 2085-97-194 00:49:252:2357,0.071,-0.535,1.075,-378.418,-192.871,3.723,41.951,23.835,-117.378
 14:54:52.961,eb:33:2e:f9:57:b5, 2085-97-93 00:09:253:2658,0.003,-0.43,1.227,-373.596,-190.308,6.531,37.661,22.324,-118.669
 14:54:52.961,eb:33:2e:f9:57:b5, 2085-97-220 255:199:253:2896,-0.051,-0.323,1.356,-357.178,-191.101,7.812,33.591,20.737,-119.8
 14:54:52.961,eb:33:2e:f9:57:b5, 2085-97-109 255:68:254:2962,-0.098,-0.241,1.433,-339.661,-191.65,9.46,29.762,19.05,-120.795
 14:54:52.961,eb:33:2e:f9:57:b5, 2085-97-46 255:141:254:3014,-0.112,-0.198,1.449,-330.75,-190.125,9.094,26.153,17.32,-121.652
 14:54:52.992,eb:33:2e:f9:57:b5, 2085-97-28 255:192:254:3164,-0.132,-0.163,1.492,-329.773,-190.491,7.019,22.621,15.546,-122.399
 14:54:52.992,eb:33:2e:f9:57:b5, 2085-97-215 254:166:254:3365,-0.151,-0.157,1.582,-333.618,-195.435,4.089,19.138,13.727,-123.058
 14:54:52.992,eb:33:2e:f9:57:b5, 2085-97-180 254:66:254:3779,-0.191,-0.187,1.734,-342.773,-203.43,0.427,15.606,11.799,-123.651
 14:54:52.992,eb:33:2e:f9:57:b5, 2085-97-69 254:225:253:4254,-0.25,-0.247,1.948,-359.131,-206.482,-2.563,11.997,9.811,-124.162
 14:54:53.021,eb:33:2e:f9:57:b5, 2085-97-189 253:26:254:4760,-0.317,-0.266,2.207,-376.892,-204.529,-4.15,8.218,7.784,-124.568
 14:54:53.021,eb:33:2e:f9:57:b5, 2085-97-77 253:164:255:5223,-0.349,-0.154,2.452,-391.724,-202.026,-5.615,4.334,5.768,-124.843
 14:54:53.021,eb:33:2e:f9:57:b5, 2085-97-35 253:26:02:5593,-0.379,0.096,2.644,-399.719,-204.285,-10.01,0.33,3.735,-125.002
 14:54:53.021,eb:33:2e:f9:57:b5, 2085-97-134 252:194:04:5931,-0.518,0.437,2.814,-403.198,-215.637,-19.165,-3.691,1.637,-125.09
 14:54:53.051,eb:33:2e:f9:57:b5, 2085-97-46 251:221:06:6359,-0.716,0.732,2.983,-402.222,-234.192,-30.457,-7.745,-0.643,-125.112
 14:54:53.051,eb:33:2e:f9:57:b5, 2085-97-96 249:181:08:6842,-0.938,0.973,3.209,-397.278,-246.338,-38.574,-11.75,-3.082,-125.052
 14:54:53.051,eb:33:2e:f9:57:b5, 2085-97-100 247:162:10:7404,-1.201,1.206,3.486,-385.986,-242.371,-39.307,-15.705,-5.576,-124.854
 14:54:53.051,eb:33:2e:f9:57:b5, 2085-97-159 245:75:13:7695,-1.292,1.463,3.739,-361.328,-215.088,-26.245,-19.484,-7.872,-124.475
 14:54:53.080,eb:33:2e:f9:57:b5, 2085-97-134 247:108:18:7230,-0.792,1.923,3.691,-321.472,-147.156,-6.897,-22.983,-9.624,-123.953
 14:54:53.080,eb:33:2e:f9:57:b5, 2085-97-184 251:57:29:5383,-0.46,2.892,3.114,-284.607,-39.795,0.732,-26.049,-10.41,-123.602
 14:54:53.080,eb:33:2e:f9:57:b5, 2085-97-11 251:252:38:2638,-0.979,4.362,2.073,-236.816,-20.081,-26.855,-28.669,-10.635,-123.624
 14:54:53.080,eb:33:2e:f9:57:b5, 2085-97-05 244:252:37:293,-2.011,5.014,0.496,-135.559,-142.761,-65.125,-30.515,-11.558,-123.657
 14:54:53.200,eb:33:2e:f9:57:b5, 2085-97-76 236:49:32:2748,-2.846,4.346,0.5,-12.329,-271.545,-67.078,-31.311,-13.826,-123.102
 14:54:53.200,eb:33:2e:f9:57:b5, 2085-97-139 230:176:26:6289,-3.313,3.724,2.345,87.097,-247.253,-29.419,-31.13,-16.414,-122.053
 14:54:53.200,eb:33:2e:f9:57:b5, 2085-97-69 231:10:19:6266,-1.737,2.837,3.293,137.939,-60.73,31.006,-30.174,-17.726,-121.218
 14:54:53.200,eb:33:2e:f9:57:b5, 2085-97-45 241:145:05:-248,0.723,-0.75,10.521,276.917,381.226,151.978,-28.262,-16.567,-120.91
 14:54:53.203,eb:33:2e:f9:57:b5, 2085-97-165 14:233:240:1968,1.42,-0.747,0.382,239.136,371.948,174.133,-25.488,-12.843,-121.322
 14:54:53.203,eb:33:2e:f9:57:b5, 2085-97-65 05:134:242:1372,-0.12,-1.296,1.17,287.964,397.705,206.36,-23.005,-8.328,-121.042
 14:54:53.203,eb:33:2e:f9:57:b5, 2085-97-42 249:181:253:938,-1.291,-1.05,0.384,383.484,258.179,185.73,-19.622,-4.565,-120.454
 14:54:53.203,eb:33:2e:f9:57:b5, 2085-97-104 247:216:01:2814,-0.805,0.12,0.864,387.756,145.996,118.286,-15.738,-2.258,-119.581
 14:54:53.205,eb:33:2e:f9:57:b5, 2085-97-04 251:173:04:3139,-0.625,0.513,1.455,332.825,136.414,74.341,-12.145,-0.648,-118.982
 14:54:53.205,eb:33:2e:f9:57:b5, 2085-97-57 252:240:04:2532,-0.275,0.536,1.365,264.832,93.262,2.441,-9.196,0.577,-118.878
 14:54:53.205,eb:33:2e:f9:57:b5, 2085-97-68 254:33:03:2442,-0.056,0.438,1.194,212.158,40.405,-37.109,-6.85,1.154,-119.224
 14:54:53.205,eb:33:2e:f9:57:b5, 2085-97-55 00:10:01:2397,0.009,0.282,1.224,167.48,11.841,-42.053,-4.977,1.318,-119.663
 14:54:53.291,eb:33:2e:f9:57:b5, 2085-97-190 255:28:01:2180,-0.039,0.073,1.138,128.113,12.024,-20.752,-3.521,1.417,-119.982
 14:54:53.291,eb:33:2e:f9:57:b5, 2085-97-222 255:10:02:2169,-0.093,0.27,1.023,85.144,9.338,2.197,-2.477,1.511,-120.064
 14:54:53.291,eb:33:2e:f9:57:b5, 2085-97-170 254:188:01:1620,-0.182,0.254,0.906,49.744,17.883,12.146,-1.802,1.681,-119.982
 14:54:53.291,eb:33:2e:f9:57:b5, 2085-113-58 00:87:229:-5490,-0.084,0.211,0.762,29.846,-12.146,-4.7,-1.423,1.703,-119.96
 14:54:53.291,eb:33:2e:f9:57:b5, 2085-97-175 255:86:00:2219,-0.248,0.042,1.003,23.926,-1.77,-0.61,-1.274,1.659,-119.971
 14:54:53.293,eb:33:2e:f9:57:b5, 2085-97-165 254:171:00:1802,-0.117,0.038,0.763,14.832,10.62,-0.488,-1.093,1.84,-119.982
 14:54:53.293,eb:33:2e:f9:57:b5, 2085-97-37 255:43:00:1965,-0.1,0.05,0.955,7.141,10.132,-2.93,-0.972,1.928,-120.009
 14:54:53.293,eb:33:2e:f9:57:b5, 2085-97-48 255:35:00:1981,-0.094,0.024,0.973,4.7,9.399,-3.235,-0.917,2.032,-120.042
 14:54:53.293,eb:33:2e:f9:57:b5, 2085-97-89 255:20:00:2003,-0.085,0.011,0.968,3.662,6.592,-2.93,-0.862,2.12,-120.075
 14:54:53.412,eb:33:2e:f9:57:b5, 2085-97-73 255:00:00:2008,-0.101,0.005,0.979,2.747,4.333,-2.136,-0.835,2.175,-120.103
 14:54:53.412,eb:33:2e:f9:57:b5, 2085-97-32 255:208:255:1994,-0.112,-0.01,0.977,2.991,1.648,-0.732,-0.791,2.219,-120.119
 14:54:53.412,eb:33:2e:f9:57:b5, 2085-97-50 255:224:255:2012,-0.099,-0.024,0.974,4.272,-5.371,2.808,-0.753,2.197,-120.108
 14:54:53.412,eb:33:2e:f9:57:b5, 2085-97-87 255:247:255:2046,-0.077,-0.014,0.986,4.883,-9.155,6.409,-0.687,2.131,-120.059
 14:54:53.412,eb:33:2e:f9:57:b5, 2085-97-157 255:23:00:2087,-0.03,-0.003,1,5.554,-9.46,7.996,-0.632,2.038,-119.982
 14:54:53.412,eb:33:2e:f9:57:b5, 2085-97-208 255:60:00:2113,-0.013,0.02,1.036,5.249,-4.211,8.301,-0.56,1.978,-119.899
 14:54:53.412,eb:33:2e:f9:57:b5, 2085-97-216 255:65:00:2096,-0.026,0.038,1.034,4.883,2.686,5.92,-0.505,1.967,-119.828
 14:54:53.412,eb:33:2e:f9:57:b5, 2085-97-204 255:62:00:2100,-0.038,0.034,1.021,4.822,7.019,3.296,-0.445,2.032,-119.784
 14:54:53.415,eb:33:2e:f9:57:b5, 2085-97-206 255:58:00:2113,-0.045,0.027,1.011,5.127,10.254,0.671,-0.39,2.126,-119.767
 14:54:53.415,eb:33:2e:f9:57:b5, 2085-97-160 255:36:00:2069,-0.065,0.016,1.011,5.737,13.367,-1.282,-0.324,2.263,-119.773
 14:54:53.415,eb:33:2e:f9:57:b5, 2085-97-111 255:30:00:2023,-0.093,0.02,0.996,5.92,13.367,-2.075,-0.264,2.401,-119.789
 14:54:53.415,eb:33:2e:f9:57:b5, 2085-97-70 255:27:00:1983,-0.092,0.013,0.959,5.188,11.78,-1.099,-0.192,2.538,-119.811
 14:54:53.471,eb:33:2e:f9:57:b5, 2085-97-51 255:21:00:1967,-0.081,0.01,0.97,4.089,9.888,0,-0.148,2.642,-119.817
 14:54:53.471,eb:33:2e:f9:57:b5, 2085-97-129 255:54:00:2049,-0.052,0.015,0.99,3.906,7.935,0.732,-0.093,2.736,-119.811
 14:54:53.471,eb:33:2e:f9:57:b5, 2085-97-158 255:45:00:2114,-0.049,0.028,1.026,4.639,10.925,-0.732,-0.049,2.829,-119.811
 14:54:53.471,eb:33:2e:f9:57:b5, 2085-97-165 255:56:00:2128,-0.056,0.027,1.035,5.737,14.771,-2.747,0.011,2.972,-119.833
 14:54:53.500,eb:33:2e:f9:57:b5, 2085-97-165 255:70:00:2112,-0.044,0.027,1.026,6.714,18.555,-4.517,0.071,3.142,-119.872
 14:54:53.500,eb:33:2e:f9:57:b5, 2085-97-172 255:77:00:2150,-0.051,0.037,1.053,7.751,23.499,-7.141,0.154,3.356,-119.927
 14:54:53.500,eb:33:2e:f9:57:b5, 2085-97-164 255:54:00:2222,-0.04,0.028,1.047,9.033,28.32,-8.789,0.236,3.625,-120.009
 14:54:53.500,eb:33:2e:f9:57:b5, 2085-97-107 255:50:00:2176,-0.048,0.038,1.069,10.498,35.217,-9.521,0.341,3.955,-120.097
 14:54:53.561,eb:33:2e:f9:57:b5, 2085-97-153 255:88:00:2149,-0.074,0.047,1.045,12.207,40.039,-11.536,0.45,4.329,-120.201
 14:54:53.561,eb:33:2e:f9:57:b5, 2085-97-82 255:88:00:2053,-0.083,0.046,0.994,12.939,44.739,-13.245,0.582,4.779,-120.322
 14:54:53.561,eb:33:2e:f9:57:b5, 2085-97-57 255:123:00:1903,-0.113,0.053,0.97,12.695,45.715,-14.343,0.698,5.24,-120.46
 14:54:53.561,eb:33:2e:f9:57:b5, 2085-97-122 255:138:00:2070,-0.059,0.046,0.981,12.451,39.978,-14.343,0.818,5.68,-120.602
 14:54:53.563,eb:33:2e:f9:57:b5, 2085-97-177 255:221:00:2005,-0.002,0.09,0.953,11.719,36.255,-14.465,0.934,6.064,-120.74
 14:54:53.563,eb:33:2e:f9:57:b5, 2085-97-134 255:164:00:2228,-0.116,0.131,1.033,12.512,33.203,-18.433,1.049,6.405,-120.899
 14:54:53.563,eb:33:2e:f9:57:b5, 2085-97-140 254:45:00:2310,-0.316,0.052,1.086,13.977,38.635,-19.836,1.165,6.768,-121.086
 14:54:53.563,eb:33:2e:f9:57:b5, 2085-97-43 253:158:254:3107,-0.317,-0.093,1.331,25.33,45.349,-20.081,1.335,7.202,-121.284
 14:54:53.682,eb:33:2e:f9:57:b5, 2085-97-39 253:103:255:1948,-0.403,-0.123,1.336,46.753,52.795,-9.644,1.708,7.69,-121.421
 14:54:53.682,eb:33:2e:f9:57:b5, 2085-97-159 252:43:255:2031,-0.433,-0.081,0.886,48.401,34.546,-1.892,2.203,8.135,-121.459
 14:54:53.682,eb:33:2e:f9:57:b5, 2085-97-247 252:76:255:2310,-0.287,-0.117,1.049,53.04,19.104,10.01,2.714,8.399,-121.399
 14:54:53.682,eb:33:2e:f9:57:b5, 2085-97-66 254:00:00:2619,-0.172,-0.044,1.236,62.378,11.719,17.883,3.329,8.531,-121.24
 14:54:53.712,eb:33:2e:f9:57:b5, 2085-97-13 255:04:00:3217,-0.135,0.017,1.393,75.073,14.832,19.226,4.048,8.652,-121.042
 14:54:53.712,eb:33:2e:f9:57:b5, 2085-97-205 254:227:255:3269,-0.157,-0.006,1.595,93.201,34.546,21.24,4.944,8.899,-120.817
 14:54:53.712,eb:33:2e:f9:57:b5, 2085-97-125 254:180:255:3340,-0.248,-0.022,1.618,111.572,48.95,24.414,6.015,9.305,-120.547
 14:54:53.712,eb:33:2e:f9:57:b5, 2085-97-228 253:79:255:3237,-0.251,-0.055,1.63,129.822,56.763,31.738,7.306,9.822,-120.196
 14:54:53.712,eb:33:2e:f9:57:b5, 2085-97-56 254:125:255:3262,-0.158,-0.073,1.541,149.414,54.626,39.673,8.789,10.333,-119.751
 14:54:53.712,eb:33:2e:f9:57:b5, 2085-97-231 254:213:255:3562,-0.077,-0.051,1.693,171.936,55.176,45.41,10.514,10.8,-119.229
 14:54:53.712,eb:33:2e:f9:57:b5, 2085-97-195 255:22:00:4010,0.029,-0.006,1.862,200.623,60.059,43.213,12.486,11.266,-118.663
 14:54:53.712,eb:33:2e:f9:57:b5, 2085-97-91 00:251:255:4169,0.052,0.016,2.009,231.812,69.092,36.804,14.788,11.81,-118.109
 14:54:53.716,eb:33:2e:f9:57:b5, 2085-97-187 00:39:255:4729,0.226,-0.055,2.125,265.625,77.148,29.846,17.397,12.426,-117.581
 14:54:53.716,eb:33:2e:f9:57:b5, 2085-97-212 02:240:254:5371,0.494,-0.119,2.507,305.115,102.417,21.79,20.396,13.189,-117.032
 14:54:53.716,eb:33:2e:f9:57:b5, 2085-97-200 04:82:254:5515,0.621,-0.165,2.66,353.882,142.456,9.521,23.862,14.277,-116.4
 14:54:53.716,eb:33:2e:f9:57:b5, 2085-97-135 04:40:253:5830,0.457,-0.257,2.744,410.889,183.411,-9.277,27.911,15.765,-115.659
 14:54:53.771,eb:33:2e:f9:57:b5, 2085-97-00 02:245:253:6253,-0.189,-0.335,2.968,472.656,232.91,-21.484,32.635,17.677,-114.697
 14:54:53.771,eb:33:2e:f9:57:b5, 2085-97-48 252:11:00:7904,-0.528,-0.109,3.379,533.936,235.107,-36.133,38.095,19.786,-113.489
 14:54:53.771,eb:33:2e:f9:57:b5, 2085-97-93 254:108:01:7726,-0.065,0.148,4.051,587.891,206.482,-37.537,44.171,21.731,-112.22
 14:54:53.771,eb:33:2e:f9:57:b5, 2085-97-239 01:12:00:5813,-0.029,0.245,3.138,648.865,133.789,-42.786,50.806,23.192,-111.127
 14:54:53.801,eb:33:2e:f9:57:b5, 2085-113-81 00:189:51:13732,-0.412,-0.336,2.46,693.481,52.734,-48.401,57.772,24.093,-110.649
 14:54:53.801,eb:33:2e:f9:57:b5, 2085-97-19 252:77:00:6367,-0.399,-0.472,2.575,690.796,27.71,-46.143,61.254,24.395,-110.605
 14:54:53.801,eb:33:2e:f9:57:b5, 2085-97-253 255:83:254:7009,0.378,0.033,3.426,641.479,48.889,-62.134,67.967,25.049,-110.5
 14:54:53.801,eb:33:2e:f9:57:b5, 2085-97-186 05:235:251:3923,0.956,-0.429,2.722,550.476,78.552,-71.228,74.141,25.895,-109.995
 14:54:53.831,eb:33:2e:f9:57:b5, 2085-97-242 06:210:246:2830,0.646,-0.743,1.447,394.714,56.396,-101.624,79.036,26.911,-109.501
 14:54:53.831,eb:33:2e:f9:57:b5, 2085-97-94 03:190:243:2573,0.452,-1.306,1.813,285.95,55.237,-127.258,82.463,28.152,-109.166
 14:54:53.831,eb:33:2e:f9:57:b5, 2085-97-192 03:238:241:-3549,0.386,-1.625,-0.621,124.756,72.449,-116.882,84.875,29.421,-108.567
 14:54:53.831,eb:33:2e:f9:57:b5, 2085-97-247 03:09:241:-2071,0.479,-1.851,-1.703,-104.492,31.799,-104.736,85.067,30.575,-108.034
 14:54:53.920,eb:33:2e:f9:57:b5, 2085-97-160 02:130:243:135,0.267,-1.754,-0.372,-262.939,-7.507,-71.96,83.013,31.443,-108.067
 14:54:53.920,eb:33:2e:f9:57:b5, 2085-97-101 02:196:245:1270,0.321,-1.382,0.388,-322.388,-54.138,-48.401,79.75,31.976,-108.539
 14:54:53.920,eb:33:2e:f9:57:b5, 2085-97-140 02:58:246:1259,0.331,-1.235,0.699,-335.632,-88.379,-27.832,75.905,32.179,-109.506
 14:54:53.920,eb:33:2e:f9:57:b5, 2085-97-227 02:218:246:950,0.366,-1.204,0.513,-332.703,-114.624,-11.047,71.906,32.064,-110.731
 14:54:53.922,eb:33:2e:f9:57:b5, 2085-97-195 02:164:248:855,0.33,-1.034,0.429,-326.599,-134.583,0.732,67.852,31.668,-112.143
 14:54:53.922,eb:33:2e:f9:57:b5, 2085-97-140 02:239:249:1077,0.308,-0.827,0.465,-323.669,-153.625,7.751,63.809,31.031,-113.676
 14:54:53.922,eb:33:2e:f9:57:b5, 2085-97-53 02:169:250:1214,0.234,-0.705,0.573,-322.876,-168.884,9.888,59.738,30.179,-115.296
 14:54:53.922,eb:33:2e:f9:57:b5, 2085-97-141 01:154:250:1379,0.156,-0.66,0.621,-325.928,-182.678,11.047,55.679,29.147,-116.949
 14:54:53.982,eb:33:2e:f9:57:b5, 2085-97-33 01:81:250:1783,0.107,-0.696,0.749,-333.13,-185.486,13.733,51.586,27.949,-118.575
 14:54:53.982,eb:33:2e:f9:57:b5, 2085-97-114 00:176:250:2057,0.034,-0.698,0.963,-341.675,-172.058,18.555,47.56,26.664,-119.993
 14:54:53.982,eb:33:2e:f9:57:b5, 2085-97-68 00:95:251:2103,0.043,-0.625,1.028,-345.764,-161.316,21.851,43.588,25.356,-121.157
 14:54:53.982,eb:33:2e:f9:57:b5, 2085-97-89 00:232:251:2016,0.033,-0.54,1.009,-348.022,-159.973,20.752,39.705,24.016,-122.151
 14:54:54.072,eb:33:2e:f9:57:b5, 2085-97-67 00:85:252:2094,0.021,-0.483,0.975,-351.746,-167.847,16.357,35.81,22.604,-123.085
 14:54:54.072,eb:33:2e:f9:57:b5, 2085-97-10 00:188:252:2442,-0.022,-0.434,1.099,-355.042,-178.65,9.644,31.926,21.094,-124.019
 14:54:54.072,eb:33:2e:f9:57:b5, 2085-97-189 255:34:253:2867,-0.071,-0.384,1.289,-355.53,-186.829,1.77,28.026,19.468,-124.953
 14:54:54.072,eb:33:2e:f9:57:b5, 2085-97-66 255:96:253:3164,-0.122,-0.338,1.464,-354.614,-189.819,-5.859,24.186,17.787,-125.854
 14:54:54.102,eb:33:2e:f9:57:b5, 2085-97-218 254:122:253:3389,-0.163,-0.314,1.592,-353.027,-190.491,-12.329,20.374,16.057,-126.705
 14:54:54.102,eb:33:2e:f9:57:b5, 2085-97-124 254:93:253:3695,-0.199,-0.323,1.735,-349.731,-192.139,-15.869,16.661,14.293,-127.48
 14:54:54.102,eb:33:2e:f9:57:b5, 2085-97-06 254:51:253:4083,-0.302,-0.343,1.921,-347.9,-194.946,-17.395,12.991,12.448,-128.167
 14:54:54.102,eb:33:2e:f9:57:b5, 2085-97-50 253:58:253:4428,-0.375,-0.354,2.077,-353.088,-195.129,-16.602,9.377,10.569,-128.727
 14:54:54.102,eb:33:2e:f9:57:b5, 2085-97-209 252:159:253:4773,-0.414,-0.331,2.256,-365.479,-193.115,-14.526,5.685,8.657,-129.144
 14:54:54.102,eb:33:2e:f9:57:b5, 2085-97-156 252:154:254:5041,-0.421,-0.246,2.395,-388.367,-194.885,-14.282,1.879,6.729,-129.419
 14:54:54.102,eb:33:2e:f9:57:b5, 2085-97-190 252:101:00:5410,-0.41,-0.079,2.541,-418.762,-200.745,-20.142,-2.208,4.746,-129.584
 14:54:54.102,eb:33:2e:f9:57:b5, 2085-97-102 252:78:03:5989,-0.526,0.216,2.771,-443.604,-215.088,-33.02,-6.553,2.653,-129.688
 14:54:54.132,eb:33:2e:f9:57:b5, 2085-97-212 250:173:06:6801,-0.797,0.625,3.107,-452.148,-237.732,-50.354,-11.08,0.335,-129.76
 14:54:54.133,eb:33:2e:f9:57:b5, 2085-97-58 248:233:09:7760,-1.191,1.047,3.546,-440.613,-255.249,-63.782,-15.551,-2.214,-129.754
 14:54:54.133,eb:33:2e:f9:57:b5, 2085-97-149 244:124:12:8337,-1.614,1.407,3.954,-413.879,-254.272,-63.66,-19.858,-4.85,-129.595
 14:54:54.133,eb:33:2e:f9:57:b5, 2085-97-114 242:148:15:8947,-1.42,1.717,4.229,-377.441,-218.018,-40.649,-23.846,-7.273,-129.194
 14:54:54.161,eb:33:2e:f9:57:b5, 2085-97-165 247:93:24:8428,-0.625,2.325,4.514,-338.745,-78.613,-12.756,-27.482,-8.767,-128.743
 14:54:54.161,eb:33:2e:f9:57:b5, 2085-97-46 253:96:41:5298,-0.38,4.147,3.407,-311.89,82.886,-8.301,-30.718,-8.597,-128.903
 14:54:54.161,eb:33:2e:f9:57:b5, 2085-97-209 249:23:49:-493,-1.446,5.968,1.262,-210.266,20.813,-46.265,-33.289,-8.119,-129.523
 14:54:54.161,eb:33:2e:f9:57:b5, 2085-97-11 239:136:38:-560,-2.613,5.52,-0.887,-43.213,-235.596,-69.092,-34.492,-9.481,-129.364
 14:54:54.191,eb:33:2e:f9:57:b5, 2085-97-212 231:135:31:5298,-3.306,4.352,1.094,90.576,-336.975,-28.32,-34.409,-12.327,-127.991
 14:54:54.191,eb:33:2e:f9:57:b5, 2085-97-149 229:74:03:13483,-1.102,3.361,3.683,161.499,-202.759,33.264,-33.442,-14.645,-126.326
 14:54:54.191,eb:33:2e:f9:57:b5, 2085-97-225 254:58:254:-676,1.983,0.798,5.363,309.143,353.149,163.33,-30.938,-13.524,-125.53
 14:54:54.191,eb:33:2e:f9:57:b5, 2085-97-129 11:214:245:1442,0.831,-1.729,-0.164,275.879,318.787,243.713,-28.114,-10.151,-125.343
 14:54:54.282,eb:33:2e:f9:57:b5, 2085-97-137 00:61:244:454,-0.641,-1.936,0.556,393.799,268.494,195.435,-24.818,-6.35,-124.766
 14:54:54.282,eb:33:2e:f9:57:b5, 2085-97-163 246:176:253:1225,-1.116,-0.649,0.23,460.876,131.714,186.035,-20.517,-3.851,-123.734
 14:54:54.282,eb:33:2e:f9:57:b5, 2085-97-06 248:98:05:2999,-0.795,0.419,1.151,428.406,78.308,135.986,-16.068,-2.461,-122.487
 14:54:54.282,eb:33:2e:f9:57:b5, 2085-97-184 250:165:06:3387,-0.445,0.843,1.632,358.459,77.759,78.857,-12.195,-1.439,-121.608
 14:54:54.371,eb:33:2e:f9:57:b5, 2085-97-178 253:82:06:3093,-0.238,0.776,1.679,280.762,47.729,-7.751,-9.047,-0.742,-121.432
 14:54:54.371,eb:33:2e:f9:57:b5, 2085-97-234 254:11:03:2588,-0.035,0.6,1.357,221.069,-1.892,-52.063,-6.564,-0.577,-121.827
 14:54:54.371,eb:33:2e:f9:57:b5, 2085-97-151 00:144:01:2318,0.055,0.334,1.125,159.18,-53.65,-60.608,-4.675,-0.923,-122.399
 14:54:54.371,eb:33:2e:f9:57:b5, 2085-97-89 00:05:02:2205,0.061,0.193,1.124,105.896,-43.945,-36.133,-3.367,-1.5,-122.855
 14:54:54.374,eb:33:2e:f9:57:b5, 2085-97-00 00:229:01:1981,-0.01,0.257,1.054,59.814,-9.277,-12.024,-2.554,-1.747,-123.063
 14:54:54.375,eb:33:2e:f9:57:b5, 2085-97-232 255:251:00:1941,-0.052,0.176,0.961,33.325,1.343,-6.165,-2.115,-1.774,-123.14
 14:54:54.375,eb:33:2e:f9:57:b5, 2085-97-182 255:85:00:1964,-0.012,0.069,0.91,19.897,-2.136,-2.869,-1.846,-1.758,-123.195
 14:54:54.375,eb:33:2e:f9:57:b5, 2085-97-242 255:50:00:2049,-0.008,0.037,0.996,10.803,3.418,2.991,-1.697,-1.763,-123.184
 14:54:54.375,eb:33:2e:f9:57:b5, 2085-97-202 255:59:00:2003,-0.039,0.034,0.995,6.226,9.338,3.479,-1.604,-1.681,-123.151
 14:54:54.376,eb:33:2e:f9:57:b5, 2085-97-216 255:00:00:2047,-0.014,0.014,0.977,3.479,7.202,2.93,-1.56,-1.599,-123.124
 14:54:54.376,eb:33:2e:f9:57:b5, 2085-97-234 255:249:255:2049,-0.018,-0.007,0.998,2.747,6.836,3.784,-1.516,-1.516,-123.096
 14:54:54.376,eb:33:2e:f9:57:b5, 2085-97-213 255:215:255:2050,-0.013,-0.01,0.993,2.869,6.042,3.967,-1.489,-1.45,-123.058
 14:54:54.401,eb:33:2e:f9:57:b5, 2085-97-220 255:202:255:2055,-0.036,-0.026,1.007,4.211,5.005,5.493,-1.439,-1.379,-123.014
 14:54:54.401,eb:33:2e:f9:57:b5, 2085-97-175 255:03:00:2002,-0.055,-0.012,0.98,5.493,2.075,6.531,-1.39,-1.34,-122.953
 14:54:54.401,eb:33:2e:f9:57:b5, 2085-97-168 255:05:00:1983,-0.033,-0.006,0.964,4.822,0.244,6.042,-1.324,-1.313,-122.888
 14:54:54.401,eb:33:2e:f9:57:b5, 2085-97-235 255:08:00:2039,0.001,-0.003,0.977,4.456,-1.953,5.371,-1.28,-1.324,-122.833
 14:54:54.462,eb:33:2e:f9:57:b5, 2085-97-241 255:10:00:2033,-0.002,0.008,1.008,4.272,0.244,4.333,-1.225,-1.324,-122.783
 14:54:54.462,eb:33:2e:f9:57:b5, 2085-97-242 255:12:00:2031,0.005,0.007,1.001,3.967,2.075,3.052,-1.181,-1.313,-122.75
 14:54:54.462,eb:33:2e:f9:57:b5, 2085-97-29 00:06:00:2081,0.02,0.004,1.008,3.845,3.601,2.38,-1.132,-1.274,-122.723
 14:54:54.462,eb:33:2e:f9:57:b5, 2085-97-49 00:01:00:2116,-0.001,0.004,1.02,4.456,6.836,2.014,-1.088,-1.219,-122.701
 14:54:54.462,eb:33:2e:f9:57:b5, 2085-97-252 255:251:255:2068,-0.011,-0.002,1.005,5.066,9.644,1.892,-1.027,-1.121,-122.684
 14:54:54.550,eb:33:2e:f9:57:b5, 2085-113-81 00:98:61:-389,-0.014,-0.007,1.005,5.493,10.498,2.258,-0.972,-1.016,-122.668
 14:54:54.550,eb:33:2e:f9:57:b5, 2085-97-250 255:03:00:2079,-0.018,-0.009,0.997,5.554,10.376,2.747,-0.934,-0.95,-122.657
 14:54:54.550,eb:33:2e:f9:57:b5, 2085-97-210 255:00:00:2036,-0.018,-0.001,0.994,6.104,10.01,3.723,-0.873,-0.846,-122.624
 14:54:54.550,eb:33:2e:f9:57:b5, 2085-97-240 255:33:00:2044,-0.019,0.007,0.992,6.104,9.949,3.54,-0.797,-0.736,-122.591
 14:54:54.552,eb:33:2e:f9:57:b5, 2085-97-247 255:21:00:2098,-0.015,0.006,1.002,6.348,10.986,2.869,-0.736,-0.632,-122.558
 14:54:54.552,eb:33:2e:f9:57:b5, 2085-97-231 255:24:00:2060,-0.033,0.006,1.008,7.08,14.038,1.831,-0.654,-0.489,-122.536
 14:54:54.552,eb:33:2e:f9:57:b5, 2085-97-225 255:30:00:2073,-0.008,0.015,0.983,7.019,14.709,1.038,-0.588,-0.341,-122.525
 14:54:54.552,eb:33:2e:f9:57:b5, 2085-97-233 255:35:00:2066,-0.026,0.019,1.01,7.568,17.212,0.061,-0.5,-0.17,-122.52
 14:54:54.610,eb:33:2e:f9:57:b5, 2085-97-214 255:21:00:2083,-0.02,0.008,1.007,7.812,19.653,-0.854,-0.423,0.016,-122.531
 14:54:54.610,eb:33:2e:f9:57:b5, 2085-97-212 255:43:00:2091,-0.042,0.008,1.05,9.094,23.682,-1.77,-0.324,0.242,-122.547
 14:54:54.610,eb:33:2e:f9:57:b5, 2085-97-208 255:46:00:2109,-0.051,0.009,1.018,9.888,26.428,-2.258,-0.231,0.494,-122.569
 14:54:54.610,eb:33:2e:f9:57:b5, 2085-97-152 255:25:00:2052,-0.048,0.008,1.001,10.071,29.114,-3.418,-0.115,0.786,-122.607
 14:54:54.760,eb:33:2e:f9:57:b5, 2085-97-116 255:40:00:2004,-0.06,0.013,1.008,10.01,30.151,-2.869,-0.011,1.077,-122.646
 14:54:54.760,eb:33:2e:f9:57:b5, 2085-97-94 255:28:00:2011,-0.059,0.02,1.001,9.399,29.846,-2.808,0.093,1.379,-122.673
 14:54:54.760,eb:33:2e:f9:57:b5, 2085-97-144 255:73:00:2007,-0.057,0.017,1.005,10.071,26.855,-2.502,0.192,1.659,-122.701
 14:54:54.760,eb:33:2e:f9:57:b5, 2085-97-156 255:81:00:2001,-0.013,0.025,1.004,9.033,27.222,-3.418,0.297,1.934,-122.734
 14:54:54.853,eb:33:2e:f9:57:b5, 2085-97-228 255:103:00:2080,0.01,0.072,0.951,8.362,22.461,-5.981,0.385,2.181,-122.778
 14:54:54.853,eb:33:2e:f9:57:b5, 2085-97-97 255:03:00:2390,-0.18,0.07,1.024,10.864,19.226,-7.812,0.489,2.401,-122.844
 14:54:54.853,eb:33:2e:f9:57:b5, 2085-97-27 255:105:255:2984,-0.074,-0.085,1.361,27.832,19.165,-7.874,0.665,2.609,-122.921
 14:54:54.853,eb:33:2e:f9:57:b5, 2085-97-21 255:237:255:2400,-0.132,-0.02,1.27,48.34,26.55,-8.423,1.077,2.856,-122.997
 14:54:54.882,eb:33:2e:f9:57:b5, 2085-97-217 254:188:255:2674,-0.185,-0.023,1.224,56.702,27.466,-9.277,1.604,3.126,-123.085
 14:54:54.882,eb:33:2e:f9:57:b5, 2085-97-86 254:135:255:2606,-0.239,-0.049,1.314,67.383,31.006,-4.883,2.236,3.439,-123.146
 14:54:54.882,eb:33:2e:f9:57:b5, 2085-97-43 254:63:255:2823,-0.221,-0.074,1.305,80.261,26.733,0.916,2.983,3.719,-123.157
 14:54:54.882,eb:33:2e:f9:57:b5, 2085-97-115 254:100:255:2952,-0.154,-0.084,1.392,93.201,28.015,9.583,3.867,4.01,-123.08
 14:54:54.884,eb:33:2e:f9:57:b5, 2085-97-66 255:183:255:3132,-0.074,-0.063,1.492,107.544,32.898,17.029,4.894,4.296,-122.926
 14:54:54.884,eb:33:2e:f9:57:b5, 2085-97-247 254:172:255:3092,-0.187,-0.013,1.538,121.643,42.664,22.461,6.075,4.664,-122.684
 14:54:54.884,eb:33:2e:f9:57:b5, 2085-97-129 254:60:255:3035,-0.193,-0.074,1.491,140.137,43.274,29.602,7.41,5.076,-122.377
 14:54:54.884,eb:33:2e:f9:57:b5, 2085-97-25 255:170:255:3335,-0.017,-0.062,1.481,159.119,34.973,35.828,8.965,5.433,-121.987
 14:54:54.912,eb:33:2e:f9:57:b5, 2085-97-224 00:44:00:4037,0.203,-0.015,1.821,181.58,42.603,35.583,10.717,5.735,-121.564
 14:54:54.912,eb:33:2e:f9:57:b5, 2085-97-67 02:166:00:4220,0.272,0.067,2.042,209.473,69.275,28.076,12.744,6.229,-121.13
 14:54:54.912,eb:33:2e:f9:57:b5, 2085-97-28 02:06:00:4419,0.281,0.052,2.089,239.136,97.961,17.273,15.051,7.004,-120.707
 14:54:54.912,eb:33:2e:f9:57:b5, 2085-97-71 02:171:255:4565,0.299,-0.009,2.189,271.545,120.605,9.338,17.677,8.047,-120.262
 14:54:54.914,eb:33:2e:f9:57:b5, 2085-97-160 02:254:253:5088,0.429,-0.146,2.328,312.439,136.536,0.61,20.682,9.25,-119.8
 14:54:54.915,eb:33:2e:f9:57:b5, 2085-97-36 04:178:253:5337,0.585,-0.316,2.643,358.521,175.659,-4.761,24.164,10.706,-119.218
 14:54:54.915,eb:33:2e:f9:57:b5, 2085-97-116 04:235:252:5347,0.465,-0.352,2.588,414.062,213.745,-17.822,28.207,12.524,-118.438
 14:54:54.915,eb:33:2e:f9:57:b5, 2085-97-228 01:216:253:6074,-0.091,-0.395,2.762,466.431,251.404,-25.696,32.888,14.661,-117.411
 14:54:54.941,eb:33:2e:f9:57:b5, 2085-97-144 252:12:02:7652,0.766,0.002,3.374,522.583,252.319,-35.95,38.21,16.919,-116.131
 14:54:54.941,eb:33:2e:f9:57:b5, 2085-97-204 04:201:244:-2166,0.443,-1.127,-0.9,64.636,-7.324,-187.805,84.831,29.713,-108.325
 14:54:54.941,eb:33:2e:f9:57:b5, 2085-97-82 02:07:242:-907,0.225,-1.607,-0.767,-116.028,-33.081,-179.382,84.194,31.553,-108.792
 14:54:54.941,eb:33:2e:f9:57:b5, 2085-97-32 01:95:243:469,0.093,-1.718,-0.079,-236.816,-30.579,-143.25,81.98,33.102,-109.407
 14:54:54.971,eb:33:2e:f9:57:b5, 2085-97-116 00:130:245:1119,0.022,-1.421,0.438,-295.41,-45.532,-106.201,78.865,34.25,-110.094
 14:54:54.971,eb:33:2e:f9:57:b5, 2085-97-66 00:30:246:1128,0.095,-1.258,0.569,-319.824,-64.941,-67.322,75.229,34.953,-111
 14:54:54.972,eb:33:2e:f9:57:b5, 2085-97-147 01:200:246:1095,0.244,-1.211,0.528,-332.764,-77.759,-30.762,71.373,35.189,-112.017
 14:54:54.972,eb:33:2e:f9:57:b5, 2085-97-78 02:72:248:1029,0.328,-1.074,0.5,-340.454,-83.191,-3.54,67.412,35.046,-113.005
 14:54:55.723,eb:33:2e:f9:57:b5, 2085-97-230 02:249:249:1192,0.393,-0.85,0.533,-344.238,-94.177,15.076,63.446,34.612,-113.956
 14:54:55.730,eb:33:2e:f9:57:b5, 2085-97-81 03:06:251:1280,0.415,-0.679,0.618,-347.534,-110.352,25.635,59.42,33.931,-114.928
 14:54:55.730,eb:33:2e:f9:57:b5, 2085-97-09 03:76:251:1256,0.341,-0.589,0.618,-355.774,-130.798,33.02,55.338,33.025,-115.966
 14:54:55.730,eb:33:2e:f9:57:b5, 2085-97-100 02:37:251:1329,0.294,-0.599,0.623,-370.361,-145.935,42.053,51.108,31.888,-117.037
 14:54:55.731,eb:33:2e:f9:57:b5, 2085-97-37 02:114:251:1749,0.255,-0.596,0.756,-382.996,-154.785,53.589,46.829,30.526,-118.004
 14:54:55.731,eb:33:2e:f9:57:b5, 2085-97-195 01:14:252:2198,0.199,-0.536,0.985,-386.169,-157.532,65.43,42.561,28.987,-118.795
 14:54:55.731,eb:33:2e:f9:57:b5, 2085-97-82 01:253:252:2331,0.173,-0.434,1.138,-379.089,-160.156,77.271,38.474,27.312,-119.344
 14:54:55.731,eb:33:2e:f9:57:b5, 2085-97-98 01:234:253:2385,0.182,-0.323,1.154,-367.676,-167.053,86.914,34.563,25.499,-119.702
 14:54:55.732,eb:33:2e:f9:57:b5, 2085-97-110 01:06:255:2573,0.158,-0.194,1.208,-357.483,-175.293,92.59,30.872,23.566,-119.888
 14:54:55.732,eb:33:2e:f9:57:b5, 2085-97-61 01:176:255:2884,0.139,-0.074,1.315,-349.182,-183.899,92.346,27.29,21.533,-119.965
 14:54:55.732,eb:33:2e:f9:57:b5, 2085-97-224 00:00:00:3157,0.078,-0.012,1.48,-343.445,-185.669,88.074,23.835,19.468,-119.954
 14:54:55.732,eb:33:2e:f9:57:b5, 2085-97-100 00:253:255:3387,0.027,0.002,1.597,-340.576,-184.753,81.97,20.424,17.43,-119.866
 14:54:55.750,eb:33:2e:f9:57:b5, 2085-97-14 00:214:255:3673,-0.016,-0.012,1.725,-340.454,-180.298,75.378,17.067,15.441,-119.707
 14:54:55.750,eb:33:2e:f9:57:b5, 2085-97-185 255:209:255:3994,-0.048,-0.027,1.868,-343.872,-170.654,68.237,13.672,13.557,-119.482
 14:54:55.750,eb:33:2e:f9:57:b5, 2085-97-146 255:57:00:4278,-0.054,-0.005,2.027,-350.464,-158.447,58.533,10.267,11.821,-119.202
 14:54:55.750,eb:33:2e:f9:57:b5, 2085-97-145 255:242:00:4478,-0.058,0.073,2.141,-361.084,-149.658,44.495,6.735,10.223,-118.922
 14:54:55.813,eb:33:2e:f9:57:b5, 2085-97-119 255:210:01:4655,-0.071,0.165,2.232,-376.77,-145.874,26.306,3.076,8.723,-118.696
 14:54:55.813,eb:33:2e:f9:57:b5, 2085-97-121 255:127:03:4881,-0.063,0.316,2.327,-394.897,-148.01,3.967,-0.797,7.245,-118.586
 14:54:55.813,eb:33:2e:f9:57:b5, 2085-97-93 255:232:05:5126,-0.124,0.582,2.439,-411.194,-160.339,-23.743,-4.839,5.707,-118.619
 14:54:55.813,eb:33:2e:f9:57:b5, 2085-97-113 254:109:08:5481,-0.298,0.894,2.578,-421.021,-184.998,-55.115,-9.058,3.928,-118.817
 14:54:55.813,eb:33:2e:f9:57:b5, 2085-97-160 252:159:10:6101,-0.24,1.195,2.811,-415.894,-216.064,-85.144,-13.271,1.807,-119.13
 14:54:55.813,eb:33:2e:f9:57:b5, 2085-113-58 00:14:227:-5640,-0.205,-0.077,1.449,70.984,40.955,4.944,3.417,6.339,-116.115
 14:54:55.813,eb:33:2e:f9:57:b5, 2085-97-110 254:139:255:3067,-0.176,-0.054,1.447,79.468,43.762,7.385,3.801,6.553,-116.065
 14:54:55.813,eb:33:2e:f9:57:b5, 2085-97-167 254:125:255:3288,-0.191,-0.06,1.573,99.304,54.26,11.719,4.724,7.031,-115.933
 14:54:55.815,eb:33:2e:f9:57:b5, 2085-97-14 254:102:255:3167,-0.286,-0.065,1.57,118.103,66.223,18.677,5.861,7.646,-115.724
 14:54:55.815,eb:33:2e:f9:57:b5, 2085-97-96 253:240:254:3008,-0.327,-0.108,1.527,138.367,62.744,29.358,7.196,8.262,-115.406
 14:54:55.815,eb:33:2e:f9:57:b5, 2085-97-25 254:94:255:3026,-0.155,-0.118,1.444,158.386,49.438,40.466,8.767,8.773,-114.966
 14:54:55.815,eb:33:2e:f9:57:b5, 2085-97-82 255:253:255:3561,-0.032,-0.02,1.554,179.504,39.185,44.678,10.541,9.13,-114.461
 14:54:55.930,eb:33:2e:f9:57:b5, 2085-97-27 00:240:255:3958,0.058,-0.017,1.885,205.811,48.401,41.138,12.568,9.47,-113.945
 14:54:55.930,eb:33:2e:f9:57:b5, 2085-97-200 00:247:255:4102,0.147,-0.023,1.976,235.168,67.688,34.912,14.87,9.943,-113.439
 14:54:55.930,eb:33:2e:f9:57:b5, 2085-97-107 01:238:255:4299,0.2,-0.006,2.035,265.808,85.999,26.611,17.49,10.624,-112.912
 14:54:55.930,eb:33:2e:f9:57:b5, 2085-97-246 01:202:254:4835,0.339,-0.074,2.233,302.917,102.539,16.113,20.446,11.442,-112.407
 14:54:55.930,eb:33:2e:f9:57:b5, 2085-97-182 03:129:254:5214,0.54,-0.181,2.502,347.839,139.587,7.385,23.846,12.535,-111.819
 14:54:55.933,eb:33:2e:f9:57:b5, 2085-113-81 00:172:66:7612,0.509,-0.232,2.554,400.513,181.03,-7.202,27.779,13.997,-111.099
 14:54:55.933,eb:33:2e:f9:57:b5, 2085-97-27 03:05:254:5376,0.191,-0.281,2.549,428.65,200.134,-14.526,29.976,14.875,-110.671
 14:54:55.933,eb:33:2e:f9:57:b5, 2085-97-158 254:58:01:6110,-0.49,-0.162,2.733,482.056,221.802,-22.095,34.838,16.798,-109.655
 14:54:55.933,eb:33:2e:f9:57:b5, 2085-97-242 251:01:05:8132,-0.335,0.503,3.517,541.321,174.561,-33.752,40.314,18.572,-108.6
 14:54:55.935,eb:33:2e:f9:57:b5, 2085-97-62 255:149:02:6897,-0.038,0.584,3.901,594.971,124.695,-45.349,46.285,19.913,-107.864
 14:54:55.935,eb:33:2e:f9:57:b5, 2085-97-251 253:43:254:5822,-0.425,0.126,3.004,628.784,83.069,-55.542,52.592,20.962,-107.419
 14:54:55.935,eb:33:2e:f9:57:b5, 2085-97-203 252:166:254:6879,-0.214,-0.425,3.117,633.118,61.279,-51.758,59.008,21.802,-107.188
 14:54:55.935,eb:33:2e:f9:57:b5, 2085-97-55 02:23:255:6451,0.537,-0.03,3.369,609.863,82.581,-53.528,65.407,22.593,-106.738
 14:54:55.991,eb:33:2e:f9:57:b5, 2085-97-243 05:47:254:4780,1.013,-0.147,2.755,540.161,82.031,-64.27,71.384,23.423,-106.111
 14:54:55.991,eb:33:2e:f9:57:b5, 2085-97-145 09:173:249:3495,0.944,-0.437,2.083,446.045,66.65,-99.304,76.498,24.417,-105.601
 14:54:55.991,eb:33:2e:f9:57:b5, 2085-97-155 04:26:246:3419,0.264,-1.058,1.864,351.868,73.792,-137.207,80.579,25.752,-105.15
 14:54:55.991,eb:33:2e:f9:57:b5, 2085-97-160 02:116:244:-486,0.389,-1.227,0.609,247.437,58.594,-131.592,83.87,27.18,-104.573
 14:54:56.021,eb:33:2e:f9:57:b5, 2085-97-212 02:141:239:-1892,0.336,-1.803,-0.836,25.94,50.049,-106.567,85.375,28.4,-104.106
 14:54:56.021,eb:33:2e:f9:57:b5, 2085-97-245 02:25:240:-1334,0.403,-2.118,-0.86,-159.485,45.349,-70.618,84.76,29.317,-103.656
 14:54:56.021,eb:33:2e:f9:57:b5, 2085-97-71 03:254:244:331,0.37,-1.687,-0.237,-278.381,30.396,-38.452,82.645,29.872,-103.282
 14:54:56.021,eb:33:2e:f9:57:b5, 2085-97-65 03:151:247:1086,0.458,-1.174,0.397,-330.139,-1.587,-21.118,79.568,30.174,-103.167
 14:54:56.051,eb:33:2e:f9:57:b5, 2085-97-20 04:159:248:856,0.562,-0.98,0.527,-340.149,-41.321,-11.108,76.036,30.273,-103.469
 14:54:56.051,eb:33:2e:f9:57:b5, 2085-97-208 04:56:249:532,0.628,-0.888,0.313,-340.759,-79.773,-7.69,72.252,30.179,-104.2
 14:54:56.051,eb:33:2e:f9:57:b5, 2085-97-252 04:46:250:647,0.599,-0.797,0.274,-339.172,-116.394,-11.597,68.286,29.932,-105.331
 14:54:56.051,eb:33:2e:f9:57:b5, 2085-97-124 04:18:251:912,0.551,-0.659,0.379,-337.769,-147.278,-17.212,64.149,29.526,-106.82
 14:54:56.141,eb:33:2e:f9:57:b5, 2085-97-70 04:106:251:1263,0.484,-0.587,0.544,-336.487,-174.683,-23.315,59.919,28.938,-108.583
 14:54:56.141,eb:33:2e:f9:57:b5, 2085-97-77 03:54:251:1401,0.333,-0.573,0.648,-340.942,-191.956,-27.405,55.585,28.169,-110.528
 14:54:56.141,eb:33:2e:f9:57:b5, 2085-97-247 01:167:250:1695,0.176,-0.635,0.743,-351.318,-198.853,-23.621,51.213,27.208,-112.489
 14:54:56.141,eb:33:2e:f9:57:b5, 2085-97-237 00:172:250:2043,0.069,-0.681,0.92,-360.779,-193.115,-11.658,46.818,26.049,-114.291
 14:54:56.710,eb:33:2e:f9:57:b5, 2085-97-129 00:76:251:2287,0.058,-0.634,1.057,-364.441,-184.875,3.418,42.545,24.736,-115.785
 14:54:56.710,eb:33:2e:f9:57:b5, 2085-97-133 00:29:252:2307,0.072,-0.526,1.121,-364.014,-180.115,18.188,38.386,23.275,-116.988
 14:54:56.710,eb:33:2e:f9:57:b5, 2085-97-103 00:238:252:2468,0.053,-0.432,1.162,-362.305,-182.068,28.625,34.393,21.676,-117.938
 14:54:56.710,eb:33:2e:f9:57:b5, 2085-97-73 00:173:253:2718,0.041,-0.338,1.288,-358.337,-186.523,35.339,30.493,19.929,-118.713
 14:54:56.740,eb:33:2e:f9:57:b5, 2085-97-62 00:74:254:2892,0.03,-0.254,1.385,-353.516,-190.186,38.025,26.735,18.094,-119.328
 14:54:56.740,eb:33:2e:f9:57:b5, 2085-97-59 00:181:254:3126,0.007,-0.184,1.47,-347.778,-196.167,37.415,23.055,16.177,-119.828
 14:54:56.740,eb:33:2e:f9:57:b5, 2085-97-210 255:177:254:3282,-0.033,-0.154,1.564,-342.346,-205.017,34.607,19.506,14.178,-120.234
 14:54:56.740,eb:33:2e:f9:57:b5, 2085-97-142 255:53:254:3617,-0.1,-0.19,1.679,-339.233,-217.59,31.86,15.996,12.047,-120.58
 14:54:56.742,eb:33:2e:f9:57:b5, 2085-97-186 254:136:253:4148,-0.217,-0.265,1.881,-343.75,-224.67,31.494,12.541,9.811,-120.833
 14:54:56.742,eb:33:2e:f9:57:b5, 2085-97-204 253:89:253:4864,-0.333,-0.333,2.199,-357.422,-217.896,33.508,8.992,7.559,-120.932
 14:54:56.742,eb:33:2e:f9:57:b5, 2085-97-04 253:41:254:5382,-0.373,-0.301,2.521,-377.38,-196.594,35.4,5.317,5.46,-120.85
 14:54:56.742,eb:33:2e:f9:57:b5, 2085-97-64 253:122:00:5617,-0.314,-0.111,2.706,-397.583,-176.514,31.677,1.423,3.587,-120.619
 14:54:56.744,eb:33:2e:f9:57:b5, 2085-97-150 253:201:03:5693,-0.315,0.258,2.76,-418.274,-173.096,16.541,-2.653,1.862,-120.355
 14:54:56.744,eb:33:2e:f9:57:b5, 2085-97-39 253:105:07:6012,-0.439,0.698,2.834,-434.753,-189.453,-9.644,-6.954,0.055,-120.174
 14:54:56.744,eb:33:2e:f9:57:b5, 2085-97-132 251:156:10:6709,-0.73,1.14,3.089,-437.195,-217.957,-41.565,-11.332,-2.005,-120.114
 14:54:56.744,eb:33:2e:f9:57:b5, 2085-97-113 248:197:12:7514,-1.165,1.466,3.496,-420.471,-238.831,-68.115,-15.65,-4.395,-120.13
 14:54:56.748,eb:33:2e:f9:57:b5, 2085-97-213 245:86:15:7967,-1.215,1.73,3.788,-385.62,-238.281,-80.688,-19.677,-6.927,-120.125
 14:54:56.748,eb:33:2e:f9:57:b5, 2085-97-176 247:66:22:8271,-0.756,2.206,4.026,-352.844,-163.452,-83.008,-23.346,-9.157,-120.141
 14:54:56.748,eb:33:2e:f9:57:b5, 2085-97-233 251:237:34:7169,-0.386,3.597,3.937,-332.092,0.122,-101.685,-26.68,-10.289,-120.63
 14:54:56.748,eb:33:2e:f9:57:b5, 2085-97-93 251:102:45:2671,-1.084,5.12,2.638,-273.499,82.031,-135.864,-29.504,-10.316,-122.003
 14:54:56.751,eb:33:2e:f9:57:b5, 2085-97-176 241:66:41:-1382,-0.113,5.75,-0.089,-128.723,-92.773,-162.659,-31.256,-11.047,-123.36
 14:54:56.751,eb:33:2e:f9:57:b5, 2085-97-61 255:177:00:1849,-0.056,0.05,0.98,13.55,46.814,-9.155,2.098,4.005,-116.4
 14:54:56.751,eb:33:2e:f9:57:b5, 2085-97-10 255:180:00:1784,-0.062,0.126,0.863,11.475,35.95,-11.597,2.219,4.411,-116.494
 14:54:56.751,eb:33:2e:f9:57:b5, 2085-97-153 255:34:01:1675,-0.195,0.141,0.902,10.071,23.682,-12.024,2.335,4.697,-116.592
 14:54:56.861,eb:33:2e:f9:57:b5, 2085-97-76 254:253:255:2342,-0.145,0.006,1.041,8.545,17.761,-11.841,2.417,4.878,-116.708
 14:54:56.861,eb:33:2e:f9:57:b5, 2085-97-190 253:197:255:2302,-0.26,0.047,1.145,12.634,26.367,-10.01,2.532,5.103,-116.807
 14:54:56.861,eb:33:2e:f9:57:b5, 2085-113-81 00:197:66:1713,-0.215,-0.043,1.335,25.757,25.696,-8.972,2.703,5.372,-116.884
 14:54:56.861,eb:33:2e:f9:57:b5, 2085-97-138 254:138:255:3134,-0.185,-0.094,1.603,36.865,35.706,-5.859,2.862,5.532,-116.911
 14:54:56.863,eb:33:2e:f9:57:b5, 2085-97-88 254:35:00:2288,-0.231,-0.01,1.276,51.331,51.086,-1.831,3.334,6.004,-116.917
 14:54:56.863,eb:33:2e:f9:57:b5, 2085-97-170 253:141:255:2447,-0.321,0,1.142,57.983,47.302,0.427,3.889,6.493,-116.9
 14:54:56.863,eb:33:2e:f9:57:b5, 2085-97-176 253:150:255:2657,-0.245,-0.06,1.254,67.383,43.579,8.301,4.537,6.96,-116.818
 14:54:56.863,eb:33:2e:f9:57:b5, 2085-97-150 254:10:00:2882,-0.147,-0.028,1.331,79.285,43.945,15.93,5.295,7.383,-116.653
 14:54:56.865,eb:33:2e:f9:57:b5, 2085-97-255 254:54:00:3126,-0.112,0.023,1.483,92.346,53.955,19.104,6.202,7.861,-116.422
 14:54:56.865,eb:33:2e:f9:57:b5, 2085-97-32 255:97:00:3112,-0.128,0.046,1.525,105.286,69.397,22.949,7.24,8.459,-116.136
 14:54:56.865,eb:33:2e:f9:57:b5, 2085-97-169 254:39:00:3121,-0.204,0.053,1.514,120.117,77.454,26.55,8.438,9.174,-115.785
 14:54:56.865,eb:33:2e:f9:57:b5, 2085-97-60 254:01:00:3055,-0.24,-0.012,1.513,135.498,82.642,32.776,9.8,9.926,-115.356
 14:54:56.892,eb:33:2e:f9:57:b5, 2085-97-05 254:234:255:3195,-0.225,-0.007,1.514,153.748,77.209,35.828,11.349,10.662,-114.862
 14:54:56.892,eb:33:2e:f9:57:b5, 2085-97-180 254:65:00:3529,-0.049,-0.001,1.617,173.767,71.289,37.659,13.096,11.305,-114.335
 14:54:56.892,eb:33:2e:f9:57:b5, 2085-97-67 00:150:00:3777,0.105,0.053,1.81,195.374,78.979,35.645,15.079,11.942,-113.78
 14:54:56.892,eb:33:2e:f9:57:b5, 2085-97-04 01:166:00:4212,0.153,0.084,1.938,219.055,97.412,29.114,17.281,12.7,-113.214
 14:54:56.951,eb:33:2e:f9:57:b5, 2085-97-73 01:250:255:4465,0.273,0.028,2.103,249.207,115.967,19.958,19.775,13.661,-112.621
 14:54:56.951,eb:33:2e:f9:57:b5, 2085-97-211 02:205:255:5087,0.479,-0.037,2.282,285.4,139.343,10.559,22.61,14.799,-112
 14:54:56.951,eb:33:2e:f9:57:b5, 2085-97-186 04:131:255:5448,0.638,-0.043,2.66,329.407,179.626,-4.517,25.9,16.249,-111.297
 14:54:56.951,eb:33:2e:f9:57:b5, 2085-97-228 04:14:00:5297,0.437,-0.037,2.551,375.366,225.525,-20.63,29.702,18.144,-110.413
 14:54:57.011,eb:33:2e:f9:57:b5, 2085-97-27 01:55:02:5723,-0.078,0.038,2.729,426.697,250.061,-40.955,34.091,20.358,-109.374
 14:54:57.011,eb:33:2e:f9:57:b5, 2085-97-191 253:154:04:6539,-0.048,0.455,2.961,477.722,230.286,-58.838,39.045,22.626,-108.254
 14:54:57.011,eb:33:2e:f9:57:b5, 2085-97-175 00:165:05:5990,0.275,0.717,3.157,545.41,161.316,-73.547,44.539,24.521,-107.375
 14:54:57.011,eb:33:2e:f9:57:b5, 2085-97-196 03:134:00:4470,0.106,0.526,2.542,613.22,64.697,-87.402,50.477,25.856,-107.106
 14:54:57.013,eb:33:2e:f9:57:b5, 2085-97-201 255:210:00:6220,-0.188,0.267,2.24,660.217,-46.387,-111.755,56.64,26.664,-107.666
 14:54:57.013,eb:33:2e:f9:57:b5, 2085-97-31 253:107:254:7877,-0.264,-0.257,3.781,635.498,-36.926,-133.911,62.617,27.471,-108.94
 14:54:57.013,eb:33:2e:f9:57:b5, 2085-97-41 00:147:252:7388,0.385,-0.308,3.831,529.846,59.937,-155.945,68.159,28.861,-109.517
 14:54:57.013,eb:33:2e:f9:57:b5, 2085-97-58 05:147:246:3923,0.528,-0.888,2.902,385.193,155.212,-155.396,73.032,30.723,-108.853
 14:54:57.072,eb:33:2e:f9:57:b5, 2085-97-205 02:51:241:3376,0.474,-1.552,1.812,235.535,204.712,-136.963,76.838,32.607,-107.249
 14:54:57.072,eb:33:2e:f9:57:b5, 2085-97-193 04:197:241:-4476,0.635,-1.875,-0.313,138.794,197.51,-84.045,79.986,34.085,-104.974
 14:54:57.072,eb:33:2e:f9:57:b5, 2085-97-22 06:73:243:-3941,0.845,-1.632,-2.602,-53.101,73.547,-58.105,81.118,34.969,-103.53
 14:54:57.072,eb:33:2e:f9:57:b5, 2085-97-178 04:111:244:-470,0.407,-1.539,-0.934,-185.913,-23.071,-23.865,79.838,35.392,-103.447
 14:54:57.103,eb:33:2e:f9:57:b5, 2085-97-48 03:157:246:1315,0.454,-1.301,0.277,-233.398,-96.619,6.775,77.19,35.327,-104.244
 14:54:57.103,eb:33:2e:f9:57:b5, 2085-97-162 03:113:247:1642,0.44,-1.104,0.847,-244.324,-132.996,33.203,73.998,34.816,-105.612
 14:54:57.103,eb:33:2e:f9:57:b5, 2085-97-153 03:248:247:1137,0.458,-1.057,0.672,-256.775,-138.428,51.025,70.675,33.981,-107.045
 14:54:57.103,eb:33:2e:f9:57:b5, 2085-97-153 03:116:249:989,0.434,-0.919,0.499,-277.771,-136.78,57.495,67.275,32.97,-108.347
 14:54:57.161,eb:33:2e:f9:57:b5, 2085-97-129 03:207:250:1145,0.449,-0.727,0.509,-298.401,-140.137,55.603,63.71,31.877,-109.567
 14:54:57.161,eb:33:2e:f9:57:b5, 2085-97-168 03:196:251:1274,0.452,-0.58,0.599,-309.998,-151.794,47.241,60.024,30.734,-110.786
 14:54:57.161,eb:33:2e:f9:57:b5, 2085-97-117 03:36:252:1275,0.386,-0.497,0.621,-316.895,-170.654,35.767,56.195,29.531,-112.132
 14:54:57.161,eb:33:2e:f9:57:b5, 2085-97-133 02:193:251:1377,0.229,-0.498,0.638,-326.355,-190.491,26.672,52.262,28.218,-113.621
 14:54:57.220,eb:33:2e:f9:57:b5, 2085-97-82 01:144:251:1705,0.105,-0.557,0.724,-339.05,-201.233,25.818,48.203,26.757,-115.153
 14:54:57.220,eb:33:2e:f9:57:b5, 2085-97-136 00:57:252:2175,0.049,-0.519,0.976,-347.473,-198.608,29.907,44.143,25.17,-116.554
 14:54:57.220,eb:33:2e:f9:57:b5, 2085-97-17 00:254:252:2389,-0.014,-0.425,1.14,-347.046,-194.641,33.325,40.155,23.494,-117.751
 14:54:57.220,eb:33:2e:f9:57:b5, 2085-97-150 255:159:253:2513,-0.046,-0.339,1.209,-339.172,-194.824,34.912,36.332,21.753,-118.768
 14:54:57.222,eb:33:2e:f9:57:b5, 2085-97-104 255:78:254:2647,-0.095,-0.251,1.285,-326.172,-200.5,34.607,32.668,19.918,-119.669
 14:54:57.222,eb:33:2e:f9:57:b5, 2085-97-29 255:197:254:2772,-0.152,-0.181,1.312,-316.956,-203.247,32.104,29.202,18.007,-120.471
 14:54:57.222,eb:33:2e:f9:57:b5, 2085-97-134 254:16:255:3046,-0.204,-0.135,1.407,-313.599,-200.317,28.748,25.829,16.073,-121.174
 14:54:57.222,eb:33:2e:f9:57:b5, 2085-97-64 254:62:255:3309,-0.22,-0.1,1.571,-311.707,-193.848,24.17,22.549,14.161,-121.767
 14:54:57.371,eb:33:2e:f9:57:b5, 2085-97-64 254:61:255:3434,-0.195,-0.094,1.656,-312.134,-185.974,19.714,19.297,12.31,-122.256
 14:54:57.371,eb:33:2e:f9:57:b5, 2085-97-154 254:94:255:3599,-0.171,-0.091,1.716,-315.613,-178.894,14.221,16.078,10.525,-122.657
 14:54:57.371,eb:33:2e:f9:57:b5, 2085-97-177 254:155:255:3792,-0.147,-0.068,1.797,-322.266,-172.852,7.019,12.805,8.789,-123.003
 14:54:57.371,eb:33:2e:f9:57:b5, 2085-97-223 254:35:00:4064,-0.148,-0.019,1.922,-327.454,-169.067,-1.648,9.509,7.108,-123.316
 14:54:57.521,eb:33:2e:f9:57:b5, 2085-97-171 254:171:00:4238,-0.194,0.052,2.032,-329.773,-169.8,-10.071,6.158,5.438,-123.618
 14:54:57.521,eb:33:2e:f9:57:b5, 2085-97-24 254:09:01:4352,-0.286,0.11,2.1,-329.407,-178.772,-15.564,2.84,3.713,-123.887
 14:54:57.521,eb:33:2e:f9:57:b5, 2085-97-93 253:84:01:4529,-0.39,0.143,2.163,-332.153,-194.885,-15.686,-0.494,1.835,-124.085
 14:54:57.521,eb:33:2e:f9:57:b5, 2085-97-94 252:231:01:4788,-0.522,0.196,2.262,-343.262,-213.074,-11.597,-3.873,-0.209,-124.146
 14:54:57.971,eb:33:2e:f9:57:b5, 2085-97-45 251:94:03:5207,-0.698,0.311,2.434,-357.666,-230.225,-4.333,-7.416,-2.444,-124.003
 14:54:57.971,eb:33:2e:f9:57:b5, 2085-97-173 249:149:05:5830,-0.903,0.552,2.671,-366.089,-247.253,4.089,-11.074,-4.807,-123.618
 14:54:57.971,eb:33:2e:f9:57:b5, 2085-97-154 247:63:08:6555,-1.196,0.852,3.043,-362.915,-252.563,14.954,-14.821,-7.24,-122.953
 14:54:57.971,eb:33:2e:f9:57:b5, 2085-97-03 246:236:11:7119,-1.203,1.259,3.379,-343.262,-233.459,30.457,-18.495,-9.531,-122.02
 14:54:57.974,eb:33:2e:f9:57:b5, 2085-97-05 248:208:17:7204,-0.763,1.818,3.497,-321.106,-166.26,45.105,-22.022,-11.288,-120.932
 14:54:57.974,eb:33:2e:f9:57:b5, 2085-97-05 252:52:28:6166,-0.29,2.833,3.323,-301.88,-40.039,46.021,-25.302,-11.992,-120.092
 14:54:57.974,eb:33:2e:f9:57:b5, 2085-97-240 253:87:37:3602,-0.464,4.165,2.54,-255.31,27.344,14.404,-28.169,-11.794,-119.833
 14:54:57.974,eb:33:2e:f9:57:b5, 2085-97-218 248:122:37:117,-1.475,4.86,0.803,-152.832,-61.646,-28.076,-30.19,-11.909,-119.877
 14:54:57.976,eb:33:2e:f9:57:b5, 2085-97-237 239:168:29:1409,-2.467,4.197,0.034,-29.297,-221.313,-36.743,-31.141,-13.42,-119.405
 14:54:57.976,eb:33:2e:f9:57:b5, 2085-97-113 233:34:24:5154,-3.162,3.348,1.605,67.688,-254.089,5.493,-31.174,-15.672,-118.185
 14:54:57.976,eb:33:2e:f9:57:b5, 2085-97-124 227:110:25:10908,-1.706,0.739,6.762,260.071,-39.185,154.602,-30.284,-17.1,-116.675
 14:54:57.976,eb:33:2e:f9:57:b5, 2085-97-164 05:154:250:-1803,1.482,1.818,1.616,293.701,264.526,143.25,-27.356,-14.233,-116.499
 14:54:57.978,eb:33:2e:f9:57:b5, 2085-97-178 04:48:251:3448,0.424,-1.034,1.189,278.687,368.164,275.024,-24.758,-10.333,-115.818
 14:54:57.978,eb:33:2e:f9:57:b5, 2085-97-46 254:189:247:1515,-0.806,-1.637,0.686,339.661,276.978,188.721,-21.742,-6.531,-115.043
 14:54:57.978,eb:33:2e:f9:57:b5, 2085-97-63 247:22:254:2183,-0.957,-0.65,0.933,390.259,190.369,139.343,-18.078,-3.851,-114.307
 14:54:57.979,eb:33:2e:f9:57:b5, 2085-97-140 249:61:06:2570,-0.811,0.238,1.05,371.643,141.724,68.787,-14.227,-2.071,-113.818
 14:54:57.979,eb:33:2e:f9:57:b5, 2085-97-51 251:115:06:2613,-0.34,0.726,1.333,308.044,106.445,18.921,-10.789,-0.742,-113.626
 14:54:57.979,eb:33:2e:f9:57:b5, 2085-97-27 00:15:02:2111,-0.016,0.587,1.277,236.328,57.617,-31.677,-8.141,0,-113.884
 14:54:57.979,eb:33:2e:f9:57:b5, 2085-97-84 255:200:00:1948,-0.101,0.208,1.007,46.997,10.01,5.859,-1.176,-0.126,-115.049
 14:54:57.979,eb:33:2e:f9:57:b5, 2085-97-114 255:79:01:1818,-0.139,0.174,0.861,28.809,6.409,9.338,-0.807,-0.022,-114.961
 14:54:57.981,eb:33:2e:f9:57:b5, 2085-97-22 255:79:00:2004,-0.153,0.102,0.913,18.921,3.845,3.357,-0.566,0.011,-114.901
 14:54:57.981,eb:33:2e:f9:57:b5, 2085-97-72 254:105:255:3022,-0.202,0.017,0.872,12.695,7.996,4.822,-0.412,0.121,-114.873
 14:54:57.981,eb:33:2e:f9:57:b5, 2085-97-172 254:139:255:3173,-0.123,-0.082,1.504,143.86,57.739,18.311,8.201,6.367,-114.818
 14:54:57.981,eb:33:2e:f9:57:b5, 2085-97-103 255:188:255:3598,-0.034,-0.048,1.641,164.368,59.998,23.804,9.783,6.91,-114.51
 14:54:58.061,eb:33:2e:f9:57:b5, 2085-97-190 255:199:255:3809,-0.011,-0.039,1.831,189.331,70.496,25.269,11.624,7.515,-114.142
 14:54:58.061,eb:33:2e:f9:57:b5, 2085-97-20 00:157:255:3961,0.004,-0.044,1.914,215.637,83.252,25.696,13.716,8.218,-113.725
 14:54:58.061,eb:33:2e:f9:57:b5, 2085-97-118 00:97:255:4445,0.192,-0.077,2.001,244.995,90.698,24.292,16.111,9.003,-113.258
 14:54:58.061,eb:33:2e:f9:57:b5, 2085-97-20 02:39:255:4877,0.331,-0.087,2.321,282.227,106.384,19.47,18.842,9.866,-112.753
 14:54:58.064,eb:33:2e:f9:57:b5, 2085-97-248 02:58:254:5168,0.396,-0.162,2.487,330.933,138.794,9.216,22.028,10.97,-112.187
 14:54:58.064,eb:33:2e:f9:57:b5, 2085-97-14 03:53:253:5101,0.384,-0.301,2.539,380.432,173.462,0.488,25.746,12.393,-111.495
 14:54:58.064,eb:33:2e:f9:57:b5, 2085-97-33 02:29:253:5125,0.023,-0.443,2.479,434.998,209.9,-7.996,30.059,14.134,-110.599
 14:54:58.064,eb:33:2e:f9:57:b5, 2085-97-14 253:122:255:6225,-0.625,-0.229,2.656,491.882,216.736,-17.822,35.008,16.04,-109.506
 14:54:58.121,eb:33:2e:f9:57:b5, 2085-97-136 251:226:02:7549,-0.255,0.086,3.56,549.194,179.993,-18.188,40.551,17.732,-108.43
 14:54:58.121,eb:33:2e:f9:57:b5, 2085-97-114 255:29:03:6363,0.121,0.587,3.556,612.488,124.939,-23.193,46.697,18.957,-107.518
 14:54:58.121,eb:33:2e:f9:57:b5, 2085-97-111 255:71:255:4330,-0.358,0.117,2.547,645.691,64.453,-33.447,53.223,19.786,-106.99
 14:54:58.121,eb:33:2e:f9:57:b5, 2085-97-42 253:87:252:6607,-0.418,-0.396,2.549,625.793,19.043,-47.729,59.634,20.325,-106.968
 14:54:58.152,eb:33:2e:f9:57:b5, 2085-97-142 00:65:255:6184,0.477,-0.166,3.196,596.619,60.181,-44.678,65.781,20.951,-106.732
 14:54:58.152,eb:33:2e:f9:57:b5, 2085-97-248 05:137:254:3609,0.982,-0.097,2.487,549.133,61.218,-53.833,71.691,21.627,-106.282
 14:54:58.152,eb:33:2e:f9:57:b5, 2085-97-130 07:194:249:1873,0.92,-0.411,1.298,440.186,5.005,-86.121,76.674,22.407,-106.15
 14:54:58.152,eb:33:2e:f9:57:b5, 2085-97-208 05:59:248:3177,0.702,-0.634,1.08,313.11,-52.551,-136.353,80.118,23.395,-106.743
 14:54:58.181,eb:33:2e:f9:57:b5, 2085-97-132 04:186:244:-1916,0.518,-1.208,0.514,179.932,-11.047,-148.56,82.354,24.807,-107.364
 14:54:58.181,eb:33:2e:f9:57:b5, 2085-97-94 03:130:243:-2261,0.368,-1.478,-1.379,-54.382,20.63,-156.189,82.82,26.362,-107.43
 14:54:58.181,eb:33:2e:f9:57:b5, 2085-97-28 02:159:243:118,0.213,-1.621,-0.49,-202.393,-2.747,-139.282,81.299,27.85,-107.578
 14:54:58.181,eb:33:2e:f9:57:b5, 2085-97-166 01:72:246:1368,0.208,-1.372,0.461,-269.226,-28.32,-113.281,78.651,29.048,-108.001
 14:54:58.241,eb:33:2e:f9:57:b5, 2085-97-116 01:243:246:1262,0.182,-1.145,0.717,-293.335,-55.054,-89.233,75.421,29.927,-108.754
 14:54:58.241,eb:33:2e:f9:57:b5, 2085-97-218 01:157:246:670,0.284,-1.152,0.457,-306.213,-78.125,-65.063,71.911,30.465,-109.753
 14:54:58.241,eb:33:2e:f9:57:b5, 2085-97-93 02:133:247:566,0.278,-1.138,0.282,-317.078,-99.06,-43.396,68.159,30.652,-110.962
 14:54:58.241,eb:33:2e:f9:57:b5, 2085-97-30 02:216:248:769,0.275,-0.97,0.302,-323.181,-117.432,-27.222,64.281,30.526,-112.275
 14:54:58.301,eb:33:2e:f9:57:b5, 2085-97-52 02:186:249:1081,0.261,-0.829,0.471,-323.364,-138.428,-14.16,60.304,30.103,-113.719
 14:54:58.301,eb:33:2e:f9:57:b5, 2085-97-232 01:16:250:1179,0.196,-0.755,0.548,-325.806,-152.832,-3.54,56.321,29.405,-115.208
 14:54:58.301,eb:33:2e:f9:57:b5, 2085-97-35 01:228:249:1465,0.089,-0.751,0.643,-334.229,-160.706,7.812,52.3,28.466,-116.664
 14:54:58.301,eb:33:2e:f9:57:b5, 2085-97-106 00:215:249:1811,0.019,-0.775,0.794,-346.069,-157.715,22.827,48.29,27.323,-117.949
 14:54:58.303,eb:33:2e:f9:57:b5, 2085-97-240 255:68:250:2032,-0.022,-0.75,0.942,-356.995,-147.888,41.26,44.308,26.038,-118.932
 14:54:58.303,eb:33:2e:f9:57:b5, 2085-97-241 255:28:251:2187,-0.002,-0.673,1.033,-362.549,-141.235,60.425,40.424,24.62,-119.586
 14:54:58.303,eb:33:2e:f9:57:b5, 2085-97-38 00:48:252:2270,0.022,-0.546,1.078,-362.488,-142.395,76.904,36.617,23.088,-119.954
 14:54:58.303,eb:33:2e:f9:57:b5, 2085-97-72 00:43:253:2445,0.046,-0.413,1.138,-358.276,-153.198,88.928,32.953,21.396,-120.125
 14:54:58.421,eb:33:2e:f9:57:b5, 2085-97-87 00:07:254:2638,0.04,-0.295,1.244,-355.53,-164.673,95.459,29.35,19.545,-120.163
 14:54:58.421,eb:33:2e:f9:57:b5, 2085-97-62 00:142:254:2989,-0.001,-0.208,1.362,-354.309,-174.072,97.29,25.823,17.589,-120.092
 14:54:58.421,eb:33:2e:f9:57:b5, 2085-97-188 255:211:254:3323,-0.06,-0.159,1.543,-351.868,-178.101,96.313,22.313,15.579,-119.927
 14:54:58.421,eb:33:2e:f9:57:b5, 2085-97-74 255:244:254:3645,-0.115,-0.138,1.706,-347.717,-178.65,93.75,18.885,13.574,-119.663
 14:54:58.481,eb:33:2e:f9:57:b5, 2085-97-242 254:13:255:3988,-0.155,-0.126,1.857,-345.337,-174.377,89.172,15.474,11.613,-119.306
 14:54:58.481,eb:33:2e:f9:57:b5, 2085-97-171 254:99:255:4318,-0.168,-0.103,2.026,-348.328,-163.269,81.482,12.09,9.767,-118.878
 14:54:58.481,eb:33:2e:f9:57:b5, 2085-97-161 254:61:00:4515,-0.178,-0.033,2.171,-356.079,-148.56,68.481,8.608,8.108,-118.422
 14:54:58.481,eb:33:2e:f9:57:b5, 2085-97-114 254:141:01:4640,-0.22,0.117,2.236,-366.882,-137.695,48.096,5.043,6.625,-118.01
 14:54:58.483,eb:33:2e:f9:57:b5, 2085-97-07 254:250:02:4804,-0.282,0.278,2.304,-375.916,-133.972,25.757,1.324,5.251,-117.724
 14:54:58.483,eb:33:2e:f9:57:b5, 2085-97-137 253:183:04:4920,-0.343,0.475,2.377,-385.803,-138.062,0,-2.472,3.895,-117.598
 14:54:58.483,eb:33:2e:f9:57:b5, 2085-97-227 252:84:06:5109,-0.455,0.698,2.433,-396.484,-151.123,-28.198,-6.416,2.439,-117.636
 14:54:58.483,eb:33:2e:f9:57:b5, 2085-97-172 251:188:07:5564,-0.639,0.879,2.586,-401.978,-164.307,-52.979,-10.426,0.807,-117.823
 14:54:58.485,eb:33:2e:f9:57:b5, 2085-97-244 249:76:09:6298,-0.87,1.063,2.889,-396.667,-171.021,-69.641,-14.453,-0.978,-118.076
 14:54:58.485,eb:33:2e:f9:57:b5, 2085-97-14 248:29:11:6961,-1.383,1.266,3.274,-380.249,-161.926,-75.195,-18.331,-2.796,-118.306
 14:54:58.485,eb:33:2e:f9:57:b5, 2085-97-120 248:206:15:6592,-1.162,1.586,4.669,-317.139,-152.771,-69.275,-21.863,-4.559,-118.433
 14:54:58.485,eb:33:2e:f9:57:b5, 2085-97-104 248:192:16:5495,-0.816,1.797,2.418,-320.801,-69.763,-49.194,-25.043,-5.718,-118.597
 14:54:58.902,eb:33:2e:f9:57:b5, 2085-97-155 250:75:27:5528,-0.574,2.75,2.755,-300.415,5.981,-40.833,-28.152,-6.081,-118.889
 14:54:58.902,eb:33:2e:f9:57:b5, 2085-97-24 251:85:34:3050,-0.795,3.965,2.292,-226.746,-3.784,-58.533,-30.74,-6.273,-119.35
 14:54:58.902,eb:33:2e:f9:57:b5, 2085-97-212 246:255:33:663,-1.536,4.34,0.727,-122.131,-90.881,-74.707,-32.415,-7.026,-119.685
 14:54:58.902,eb:33:2e:f9:57:b5, 2085-97-193 240:114:30:2515,-2.254,4.057,0.566,-21.179,-182.983,-78.674,-33.085,-8.679,-119.542
 14:54:58.904,eb:33:2e:f9:57:b5, 2085-97-06 231:235:13:11779,-3.609,3.553,1.928,51.819,-175.293,-60.059,-32.937,-10.635,-119.097
 14:54:58.904,eb:33:2e:f9:57:b5, 2085-97-61 237:58:23:5348,-0.245,3.221,8.045,285.034,155.64,34.912,-31.02,-11.052,-118.762
 14:54:58.904,eb:33:2e:f9:57:b5, 2085-97-191 06:186:248:1077,0.324,0.256,-0.477,286.865,190.918,79.529,-27.944,-9.316,-119.35
 14:54:58.904,eb:33:2e:f9:57:b5, 2085-97-171 03:158:242:1445,0.299,-0.283,1.052,322.632,235.107,90.027,-24.939,-6.669,-119.394
 14:54:58.991,eb:33:2e:f9:57:b5, 2085-97-23 254:170:249:2638,-0.54,-1.584,0.85,398.621,143.433,56.946,-21.275,-4.73,-119.537
 14:54:58.991,eb:33:2e:f9:57:b5, 2085-97-254 250:07:00:2511,-0.667,-0.494,1.229,417.358,99.915,51.514,-17.111,-3.428,-119.394
 14:54:58.991,eb:33:2e:f9:57:b5, 2085-97-02 252:146:04:3194,-0.368,0.347,1.247,361.084,71.35,38.94,-13.217,-2.505,-119.196
 14:54:58.991,eb:33:2e:f9:57:b5, 2085-97-17 254:94:04:3013,-0.233,0.631,1.526,271.484,52.368,8.484,-10.08,-1.851,-119.075
 14:54:58.993,eb:33:2e:f9:57:b5, 2085-97-41 254:213:02:2366,-0.169,0.443,1.263,202.454,22.522,-17.212,-7.773,-1.483,-119.196
 14:54:58.993,eb:33:2e:f9:57:b5, 2085-97-120 255:102:01:2312,0.062,0.25,1.1,170.471,-4.883,-38.208,-5.927,-1.439,-119.498
 14:54:58.993,eb:33:2e:f9:57:b5, 2085-97-241 00:248:255:2308,0.094,0.084,1.167,142.151,-35.156,-46.387,-4.351,-1.686,-119.921
 14:54:58.993,eb:33:2e:f9:57:b5, 2085-97-209 00:127:00:2317,0.085,0.146,1.054,117.554,-45.288,-43.335,-3.043,-2.126,-120.339
 14:54:58.995,eb:33:2e:f9:57:b5, 2085-97-149 00:18:03:2038,0.101,0.174,1.101,87.036,-16.418,-24.841,-1.983,-2.401,-120.668
 14:54:58.995,eb:33:2e:f9:57:b5, 2085-97-14 00:215:01:1992,-0.164,0.225,1.059,38.269,7.568,-0.122,-1.412,-2.444,-120.789
 14:54:58.995,eb:33:2e:f9:57:b5, 2085-97-178 254:139:00:1708,-0.07,0.151,0.816,15.747,13.672,1.465,-1.148,-2.274,-120.778
 14:54:58.995,eb:33:2e:f9:57:b5, 2085-97-06 00:48:00:2094,0.002,0.024,0.938,8.057,2.563,3.357,-1.044,-2.219,-120.756
 14:54:58.997,eb:33:2e:f9:57:b5, 2085-97-194 255:82:00:1996,-0.054,0.032,1.01,4.272,12.451,4.211,-0.972,-2.12,-120.718
 14:54:58.997,eb:33:2e:f9:57:b5, 2085-97-00 00:69:00:2127,0.004,0.035,0.955,0.61,10.132,3.601,-0.95,-2.005,-120.685
 14:54:58.997,eb:33:2e:f9:57:b5, 2085-97-254 255:40:00:2162,-0.003,0.033,1.047,13.55,28.564,-10.864,0.187,-0.11,-120.201
 14:54:58.997,eb:33:2e:f9:57:b5, 2085-97-213 255:79:00:2098,-0.017,0.031,1.049,16.846,33.936,-15.076,0.341,0.203,-120.333
 14:54:58.998,eb:33:2e:f9:57:b5, 2085-97-207 255:72:00:2129,-0.036,0.038,1.038,18.86,37.781,-19.409,0.533,0.577,-120.509
 14:54:58.999,eb:33:2e:f9:57:b5, 2085-113-58 00:221:230:-6180,-0.059,0.029,1.029,19.958,43.152,-21.301,0.725,0.989,-120.712
 14:54:58.999,eb:33:2e:f9:57:b5, 2085-97-124 255:48:00:2116,-0.081,0.03,1.003,19.653,44.25,-21.057,0.835,1.225,-120.817
 14:54:58.999,eb:33:2e:f9:57:b5, 2085-97-09 255:34:00:1977,-0.115,0.015,1.023,19.165,47.791,-18.616,1.027,1.692,-121.014
 14:54:58.999,eb:33:2e:f9:57:b5, 2085-97-08 255:26:00:2084,-0.106,0.022,0.977,18.25,43.579,-15.259,1.219,2.159,-121.168
 14:54:59.081,eb:33:2e:f9:57:b5, 2085-97-30 255:88:00:1947,-0.41,0.024,0.997,16.479,45.715,-10.925,1.395,2.604,-121.289
 14:54:59.081,eb:33:2e:f9:57:b5, 2085-97-204 253:122:254:3532,-0.145,-0.23,1.581,27.893,20.508,1.587,1.989,4.427,-121.558
 14:54:59.081,eb:33:2e:f9:57:b5, 2085-97-180 254:237:255:2609,-0.117,-0.054,1.479,57.373,28.442,8.972,2.461,4.658,-121.476
 14:54:59.081,eb:33:2e:f9:57:b5, 2085-97-255 254:180:255:3152,-0.202,0,1.404,71.594,29.053,9.216,3.131,4.938,-121.371
 14:54:59.083,eb:33:2e:f9:57:b5, 2085-97-76 254:254:254:3382,-0.179,-0.123,1.68,89.233,44.128,14.343,3.955,5.295,-121.24
 14:54:59.083,eb:33:2e:f9:57:b5, 2085-97-139 254:156:255:2856,-0.21,-0.075,1.5,109.802,50.598,23.987,4.993,5.795,-120.998
 14:54:59.083,eb:33:2e:f9:57:b5, 2085-97-93 254:73:255:3146,-0.206,-0.066,1.423,128.235,38.33,29.236,6.229,6.202,-120.69
 14:54:59.083,eb:33:2e:f9:57:b5, 2085-97-213 254:76:255:3701,-0.05,-0.082,1.628,148.987,35.461,34.607,7.674,6.542,-120.317
 14:54:59.111,eb:33:2e:f9:57:b5, 2085-97-03 00:221:255:3854,0.062,-0.061,1.882,177.979,51.147,36.438,9.36,6.91,-119.899
 14:54:59.111,eb:33:2e:f9:57:b5, 2085-97-156 00:05:00:3745,0.075,0.022,1.877,204.712,64.392,31.25,11.354,7.438,-119.454
 14:54:59.111,eb:33:2e:f9:57:b5, 2085-97-194 00:183:255:4026,0.091,-0.005,1.926,230.835,75.867,25.269,13.601,8.069,-119.026
 14:54:59.111,eb:33:2e:f9:57:b5, 2085-97-225 00:250:254:4443,0.196,-0.057,2.033,263.184,83.984,18.555,16.155,8.806,-118.597
 14:54:59.172,eb:33:2e:f9:57:b5, 2085-97-194 02:168:254:4928,0.451,-0.136,2.291,299.988,102.356,11.658,19.05,9.646,-118.174
 14:54:59.172,eb:33:2e:f9:57:b5, 2085-97-148 04:122:254:5082,0.636,-0.169,2.455,343.689,139.771,-0.183,22.379,10.783,-117.68
 14:54:59.172,eb:33:2e:f9:57:b5, 2085-97-05 05:104:253:5037,0.554,-0.233,2.462,392.029,185.791,-15.869,26.202,12.316,-117.076
 14:54:59.172,eb:33:2e:f9:57:b5, 2085-97-103 02:147:254:5139,0.062,-0.362,2.453,446.289,231.018,-26.367,30.613,14.299,-116.246
 14:54:59.202,eb:33:2e:f9:57:b5, 2085-97-115 254:47:03:7283,-0.135,0.129,3.03,512.878,219.788,-37.354,35.7,16.397,-115.225
 14:54:59.202,eb:33:2e:f9:57:b5, 2085-97-77 253:226:01:8172,-0.394,0.336,3.967,579.834,169.617,-57.068,41.479,18.199,-114.395
 14:54:59.202,eb:33:2e:f9:57:b5, 2085-97-187 254:97:01:6377,-0.115,0.376,3.593,623.535,132.202,-57.861,47.73,19.671,-113.719
 14:54:59.202,eb:33:2e:f9:57:b5, 2085-97-240 253:167:252:5196,-0.362,0.005,2.654,649.658,76.111,-68.665,54.283,20.819,-113.297
 14:54:59.231,eb:33:2e:f9:57:b5, 2085-97-188 252:119:255:6960,-0.115,-0.312,2.977,634.46,55.359,-60.364,60.782,21.649,-113.17
 14:54:59.231,eb:33:2e:f9:57:b5, 2085-97-176 02:163:253:6374,0.643,0.018,3.576,598.389,83.496,-65.002,67.077,22.533,-112.797
 14:54:59.231,eb:33:2e:f9:57:b5, 2085-97-249 06:32:253:3814,1.056,-0.342,2.229,507.446,91.125,-80.017,72.9,23.511,-112.099
 14:54:59.231,eb:33:2e:f9:57:b5, 2085-97-208 08:155:248:4067,0.727,-0.678,1.918,381.287,77.698,-115.662,77.503,24.686,-111.511
 14:54:59.291,eb:33:2e:f9:57:b5, 2085-97-213 03:21:247:2699,0.473,-1.1,2.056,303.467,90.881,-137.512,81.112,26.125,-110.852
 14:54:59.291,eb:33:2e:f9:57:b5, 2085-97-164 04:54:243:-1993,0.545,-1.201,-0.203,139.893,71.594,-133.606,83.771,27.598,-110.121
 14:54:59.291,eb:33:2e:f9:57:b5, 2085-97-221 02:132:239:-2775,0.287,-1.873,-1.226,-79.529,57.861,-114.868,84.205,28.894,-109.534
 14:54:59.291,eb:33:2e:f9:57:b5, 2085-97-67 02:98:241:-1038,0.277,-2.033,-1.125,-238.464,23.132,-82.947,82.634,29.916,-109.204
 14:54:59.322,eb:33:2e:f9:57:b5, 2085-97-221 01:115:244:760,0.261,-1.594,0.056,-319.031,-21.301,-54.077,79.667,30.569,-109.336
 14:54:59.322,eb:33:2e:f9:57:b5, 2085-97-42 02:126:245:1105,0.286,-1.354,0.541,-338.562,-63.416,-30.396,76.003,30.877,-109.968
 14:54:59.322,eb:33:2e:f9:57:b5, 2085-97-157 02:51:246:1056,0.368,-1.286,0.519,-332.52,-96.558,-7.385,72.136,30.811,-110.945
 14:54:59.322,eb:33:2e:f9:57:b5, 2085-97-17 03:13:248:949,0.371,-1.118,0.497,-323.73,-112.366,7.812,68.258,30.438,-112.11
 14:54:59.442,eb:33:2e:f9:57:b5, 2085-97-227 02:128:249:865,0.361,-0.893,0.427,-327.881,-124.573,13.916,64.402,29.85,-113.313
 14:54:59.442,eb:33:2e:f9:57:b5, 2085-97-220 02:58:250:937,0.336,-0.756,0.43,-341.431,-139.038,11.658,60.408,29.125,-114.598
 14:54:59.442,eb:33:2e:f9:57:b5, 2085-113-81 00:133:45:13925,0.301,-0.708,0.492,-357.056,-153.809,5.127,56.239,28.279,-115.983
 14:54:59.442,eb:33:2e:f9:57:b5, 2085-97-42 02:50:250:1312,0.241,-0.719,0.552,-364.441,-157.959,2.441,54.097,27.817,-116.697
 14:54:59.442,eb:33:2e:f9:57:b5, 2085-97-166 01:78:250:1735,0.161,-0.727,0.743,-374.817,-157.959,-1.099,49.719,26.84,-118.114
 14:54:59.442,eb:33:2e:f9:57:b5, 2085-97-230 00:213:250:2096,0.063,-0.687,0.951,-376.77,-154.419,-0.732,45.379,25.796,-119.41
 14:54:59.442,eb:33:2e:f9:57:b5, 2085-97-118 00:188:251:2021,0.08,-0.586,1.023,-375.793,-152.466,1.526,41.105,24.681,-120.575
 14:54:59.442,eb:33:2e:f9:57:b5, 2085-97-217 00:106:252:2032,0.067,-0.487,0.965,-381.287,-159.18,1.953,36.892,23.461,-121.63
 14:54:59.502,eb:33:2e:f9:57:b5, 2085-97-83 00:174:252:2281,0.007,-0.43,1.013,-387.939,-168.64,-1.16,32.618,22.115,-122.646
 14:54:59.502,eb:33:2e:f9:57:b5, 2085-97-200 255:44:253:2743,-0.05,-0.388,1.229,-386.536,-179.382,-3.113,28.383,20.621,-123.624
 14:54:59.502,eb:33:2e:f9:57:b5, 2085-97-111 255:191:253:3150,-0.103,-0.316,1.448,-378.845,-185.852,-4.089,24.225,18.99,-124.53
 14:54:59.502,eb:33:2e:f9:57:b5, 2085-97-240 254:48:254:3502,-0.166,-0.247,1.628,-368.652,-186.34,-3.967,20.242,17.281,-125.316
 14:54:59.504,eb:33:2e:f9:57:b5, 2085-97-97 254:56:254:3769,-0.232,-0.218,1.782,-360.535,-183.289,-3.174,16.392,15.535,-125.964
 14:54:59.504,eb:33:2e:f9:57:b5, 2085-97-221 253:226:253:3963,-0.292,-0.239,1.893,-355.469,-180.847,-0.854,12.695,13.782,-126.464
 14:54:59.504,eb:33:2e:f9:57:b5, 2085-97-124 253:122:253:4297,-0.333,-0.298,2.009,-356.689,-178.04,3.601,9.031,12.014,-126.799
 14:54:59.504,eb:33:2e:f9:57:b5, 2085-97-42 253:179:253:4624,-0.353,-0.316,2.187,-365.845,-171.204,8.545,5.389,10.272,-126.958
 14:54:59.531,eb:33:2e:f9:57:b5, 2085-97-97 253:02:255:4927,-0.294,-0.226,2.341,-379.395,-167.542,9.827,1.626,8.575,-126.969
 14:54:59.531,eb:33:2e:f9:57:b5, 2085-97-234 253:134:01:5065,-0.231,0.019,2.446,-393.25,-169.678,1.831,-2.23,6.894,-126.898
 14:54:59.531,eb:33:2e:f9:57:b5, 2085-97-52 254:152:04:5381,-0.265,0.377,2.526,-402.344,-185.547,-17.578,-6.24,5.12,-126.848
 14:54:59.531,eb:33:2e:f9:57:b5, 2085-97-48 253:139:07:5874,-0.46,0.768,2.735,-402.649,-211.304,-44.678,-10.278,3.098,-126.881
 14:54:59.681,eb:33:2e:f9:57:b5, 2085-97-11 251:199:09:6482,-0.792,1.099,3.024,-395.081,-235.84,-71.533,-14.299,0.764,-126.98
 14:54:59.681,eb:33:2e:f9:57:b5, 2085-97-30 248:13:11:7061,-1.188,1.315,3.315,-381.592,-247.437,-90.393,-18.177,-1.813,-127.095
 14:54:59.681,eb:33:2e:f9:57:b5, 2085-97-185 244:239:11:7378,-1.538,1.431,3.575,-357.117,-232.605,-91.675,-21.896,-4.4,-127.134
 14:54:59.681,eb:33:2e:f9:57:b5, 2085-97-41 244:167:14:7623,-1.322,1.61,3.645,-315.674,-185.913,-73.608,-25.258,-6.669,-127.046
 14:55:00.223,eb:33:2e:f9:57:b5, 2085-97-209 246:135:23:6563,-0.914,2.278,3.58,-278.137,-67.688,-52.856,-28.207,-8.064,-127.035
 14:55:00.223,eb:33:2e:f9:57:b5, 2085-97-11 250:69:33:4728,-0.743,3.586,2.851,-243.958,21.545,-58.289,-30.762,-8.443,-127.441
 14:55:00.223,eb:33:2e:f9:57:b5, 2085-97-99 248:74:37:1423,-1.305,4.561,1.53,-163.696,-6.836,-79.834,-32.712,-8.646,-128.139
 14:55:00.223,eb:33:2e:f9:57:b5, 2085-97-26 242:155:32:946,-2.119,4.451,0.282,-45.593,-138.489,-91.309,-33.657,-9.783,-128.452
 14:55:00.223,eb:33:2e:f9:57:b5, 2085-97-178 235:202:25:4060,-2.791,3.672,1.101,58.044,-209.778,-66.528,-33.585,-11.794,-128.073
 14:55:00.223,eb:33:2e:f9:57:b5, 2085-97-140 224:03:247:14439,-1.95,2.809,2.608,124.512,-130.066,-8.118,-32.739,-13.475,-127.37
 14:55:00.223,eb:33:2e:f9:57:b5, 2085-97-218 247:216:03:769,0.886,2.291,3.704,283.447,367.371,135.559,-30.311,-12.025,-127.002
 14:55:00.223,eb:33:2e:f9:57:b5, 2085-97-227 09:84:246:955,0.298,-1.361,-1.285,248.108,278.442,238.464,-27.658,-8.685,-126.925
 14:55:00.225,eb:33:2e:f9:57:b5, 2085-97-48 02:187:240:843,-0.335,-1.072,0.366,331.299,215.027,213.806,-24.911,-5.125,-125.914
 14:55:00.225,eb:33:2e:f9:57:b5, 2085-97-03 250:50:251:1721,-1.073,-1.102,0.626,400.024,118.896,187.622,-21.259,-2.867,-124.722
 14:55:00.225,eb:33:2e:f9:57:b5, 2085-97-58 249:101:02:2571,-0.773,-0.231,1.175,395.264,67.749,143.066,-17.249,-1.472,-123.426
 14:55:00.225,eb:33:2e:f9:57:b5, 2085-97-222 250:166:06:2992,-0.589,0.773,1.368,343.933,64.209,100.159,-13.579,-0.538,-122.437
 14:55:00.227,eb:33:2e:f9:57:b5, 2085-97-181 252:36:06:2609,-0.26,0.799,1.46,269.165,51.27,35.706,-10.53,0.203,-121.915
 14:55:00.227,eb:33:2e:f9:57:b5, 2085-97-40 254:73:03:2467,-0.142,0.614,1.283,217.102,26.489,-16.296,-8.152,0.544,-121.926
 14:55:00.227,eb:33:2e:f9:57:b5, 2085-97-68 00:74:01:2639,0.084,0.289,1.206,186.218,12.695,-40.283,-6.141,0.72,-122.267
 14:55:00.227,eb:33:2e:f9:57:b5, 2085-97-163 00:148:00:2370,-0.011,0.131,1.144,150.818,-2.808,-37.231,-4.482,0.747,-122.673
 14:55:00.230,eb:33:2e:f9:57:b5, 2085-97-28 00:186:01:2208,0.004,0.118,1.108,110.718,-22.888,-19.775,-3.175,0.615,-122.948
 14:55:00.230,eb:33:2e:f9:57:b5, 2085-97-90 00:231:01:2216,-0.012,0.251,1.076,66.467,-6.775,0.549,-2.313,0.45,-123.014
 14:55:00.230,eb:33:2e:f9:57:b5, 2085-97-209 254:153:01:1672,-0.188,0.263,0.983,38.208,17.944,-0.549,-1.802,0.538,-122.997
 14:55:00.230,eb:33:2e:f9:57:b5, 2085-97-18 255:18:00:1949,-0.074,0.11,0.825,21.362,1.404,-7.446,-1.522,0.637,-123.063
 14:55:00.251,eb:33:2e:f9:57:b5, 2085-97-177 254:33:00:1808,-0.151,-0.007,1.016,12.939,15.808,-0.549,-1.351,0.72,-123.102
 14:55:00.251,eb:33:2e:f9:57:b5, 2085-97-120 03:238:254:5092,0.586,0.03,0.893,8.24,3.662,-1.404,-1.247,0.818,-123.113
 14:55:00.251,eb:33:2e:f9:57:b5, 2085-97-150 05:16:255:5232,0.792,-0.124,2.527,341.675,153.748,1.892,22.72,13.623,-119.685
 14:55:00.251,eb:33:2e:f9:57:b5, 2085-97-208 05:229:253:5335,0.633,-0.193,2.555,391.846,201.66,-19.653,26.581,15.298,-119.015
 14:55:00.283,eb:33:2e:f9:57:b5, 2085-97-238 03:201:253:5568,0.202,-0.368,2.717,444.946,254.456,-37.659,31.047,17.474,-118.13
 14:55:00.283,eb:33:2e:f9:57:b5, 2085-97-121 254:40:03:6980,-0.27,0.054,2.805,498.108,269.165,-48.645,36.167,19.962,-116.917
 14:55:00.283,eb:33:2e:f9:57:b5, 2085-97-113 255:77:04:8553,-0.062,0.505,4.013,565.491,218.14,-70.007,41.907,22.247,-115.774
 14:55:00.283,eb:33:2e:f9:57:b5, 2085-113-81 00:58:52:12306,0.033,0.388,3.454,630.249,157.837,-75.378,48.252,24.088,-114.933
 14:55:00.283,eb:33:2e:f9:57:b5, 2085-97-149 255:172:255:4857,-0.087,0.16,2.816,647.461,130.92,-75.989,51.597,24.835,-114.598
 14:55:00.341,eb:33:2e:f9:57:b5, 2085-97-38 252:43:255:5873,-0.375,-0.342,2.416,657.471,44.128,-79.163,58.288,25.939,-114.401
 14:55:00.341,eb:33:2e:f9:57:b5, 2085-97-23 00:192:255:7281,0.386,-0.22,3.602,609.558,58.838,-79.834,64.6,26.867,-114.423
 14:55:00.341,eb:33:2e:f9:57:b5, 2085-97-119 06:249:249:5988,0.987,-0.296,3.341,521.057,115.051,-103.577,70.483,28.07,-113.884
 14:55:00.341,eb:33:2e:f9:57:b5, 2085-97-225 06:92:244:4531,0.57,-1.039,2.353,402.466,144.165,-117.31,75.58,29.526,-112.78
 14:55:00.371,eb:33:2e:f9:57:b5, 2085-97-197 02:133:239:3267,0.569,-1.9,2.365,306.702,172.302,-98.267,79.755,30.954,-111.292
 14:55:00.371,eb:33:2e:f9:57:b5, 2085-97-133 05:20:238:-4587,0.753,-2.147,-0.477,183.838,146.179,-49.316,83.232,31.932,-109.523
 14:55:00.371,eb:33:2e:f9:57:b5, 2085-97-164 05:178:237:-4018,0.771,-2.243,-2.46,-60.669,74.768,-22.949,84.353,32.388,-108.276
 14:55:00.371,eb:33:2e:f9:57:b5, 2085-97-182 05:76:241:-393,0.629,-2.119,-1.064,-221.497,-11.658,7.263,82.93,32.481,-108.007
 14:55:00.401,eb:33:2e:f9:57:b5, 2085-97-132 04:242:244:1329,0.58,-1.558,0.384,-307.312,-59.448,28.259,79.953,32.217,-108.435
 14:55:00.401,eb:33:2e:f9:57:b5, 2085-97-64 05:156:245:1657,0.696,-1.311,0.759,-339.966,-103.577,38.574,76.185,31.707,-109.33
 14:55:00.401,eb:33:2e:f9:57:b5, 2085-97-149 05:59:246:1172,0.701,-1.275,0.708,-356.567,-122.009,39.062,72.081,31.009,-110.5
 14:55:00.401,eb:33:2e:f9:57:b5, 2085-97-94 05:251:247:1147,0.648,-1.127,0.548,-370.056,-140.808,30.396,67.753,30.234,-111.819
 14:55:00.461,eb:33:2e:f9:57:b5, 2085-97-244 04:172:249:1396,0.62,-0.886,0.622,-376.831,-163.452,17.517,63.27,29.383,-113.313
 14:55:00.461,eb:33:2e:f9:57:b5, 2085-97-209 04:195:250:1716,0.545,-0.71,0.765,-377.93,-189.087,1.953,58.634,28.438,-115.049
 14:55:00.461,eb:33:2e:f9:57:b5, 2085-97-175 03:216:250:1932,0.36,-0.63,0.891,-381.226,-207.703,-11.902,53.943,27.378,-116.977
 14:55:00.461,eb:33:2e:f9:57:b5, 2085-97-30 02:136:250:2155,0.188,-0.68,1.002,-391.663,-210.632,-17.639,49.169,26.191,-118.949
 14:55:00.642,eb:33:2e:f9:57:b5, 2085-97-63 01:108:251:2361,0.159,-0.639,1.084,-401.062,-200.073,-15.869,44.423,24.917,-120.734
 14:55:00.642,eb:33:2e:f9:57:b5, 2085-97-75 01:148:252:2745,0.137,-0.501,1.26,-397.766,-195.679,-14.404,39.749,23.549,-122.316
 14:55:00.642,eb:33:2e:f9:57:b5, 2085-97-182 00:173:253:2736,0.058,-0.357,1.36,-383.484,-198.12,-14.648,35.288,22.083,-123.734
 14:55:00.642,eb:33:2e:f9:57:b5, 2085-97-43 00:239:253:2788,-0.024,-0.266,1.342,-364.868,-213.196,-14.832,31.047,20.429,-125.09
 14:55:00.642,eb:33:2e:f9:57:b5, 2085-97-139 255:03:254:3022,-0.09,-0.256,1.404,-354.98,-218.628,-13.184,27.043,18.6,-126.343
 14:55:00.642,eb:33:2e:f9:57:b5, 2085-97-03 255:66:254:3460,-0.14,-0.236,1.577,-347.9,-216.797,-10.254,23.176,16.672,-127.436
 14:55:00.642,eb:33:2e:f9:57:b5, 2085-97-191 254:102:254:3819,-0.161,-0.202,1.793,-340.21,-209.656,-7.08,19.495,14.716,-128.326
 14:55:00.642,eb:33:2e:f9:57:b5, 2085-97-176 254:101:254:3980,-0.149,-0.202,1.916,-333.435,-200.989,-3.174,15.936,12.772,-129.023
 14:55:00.647,eb:33:2e:f9:57:b5, 2085-97-236 254:139:254:4184,-0.126,-0.198,1.983,-329.346,-192.688,0.61,12.524,10.871,-129.529
 14:55:00.647,eb:33:2e:f9:57:b5, 2085-97-21 255:254:254:4523,-0.112,-0.156,2.118,-326.904,-185.73,3.174,9.157,9.003,-129.869
 14:55:00.647,eb:33:2e:f9:57:b5, 2085-97-255 254:126:255:4782,-0.142,-0.095,2.284,-326.843,-179.688,4.089,5.861,7.191,-130.073
 14:55:00.647,eb:33:2e:f9:57:b5, 2085-97-204 254:07:00:4950,-0.162,-0.034,2.378,-332.947,-179.199,4.15,2.527,5.4,-130.166
 14:55:00.647,eb:33:2e:f9:57:b5, 2085-97-109 254:179:00:5090,-0.247,0.048,2.449,-348.145,-186.951,3.174,-0.873,3.571,-130.155
 14:55:00.647,eb:33:2e:f9:57:b5, 2085-97-137 253:134:01:5431,-0.411,0.131,2.544,-368.286,-200.317,2.38,-4.493,1.626,-130.034
 14:55:00.647,eb:33:2e:f9:57:b5, 2085-97-192 251:29:03:5931,-0.657,0.277,2.764,-384.033,-215.332,4.517,-8.267,-0.434,-129.771
 14:55:00.648,eb:33:2e:f9:57:b5, 2085-97-149 249:103:05:6556,-0.968,0.521,3.062,-389.282,-231.262,9.094,-12.184,-2.642,-129.304
 14:55:00.649,eb:33:2e:f9:57:b5, 2085-97-225 246:252:07:7115,-1.28,0.837,3.341,-386.963,-238.464,17.761,-16.117,-4.894,-128.589
 14:55:00.649,eb:33:2e:f9:57:b5, 2085-97-50 245:54:11:7698,-1.212,1.159,3.635,-375.244,-219.91,33.936,-20.061,-7.026,-127.617
 14:55:00.649,eb:33:2e:f9:57:b5, 2085-97-207 248:19:19:8052,-0.558,1.784,3.891,-351.746,-138.245,47.791,-23.835,-8.553,-126.53
 14:55:00.649,eb:33:2e:f9:57:b5, 2085-97-102 254:114:32:7037,0.042,3.211,3.743,-330.444,-4.578,32.654,-27.356,-8.937,-125.859
 14:55:00.824,eb:33:2e:f9:57:b5, 2085-97-117 255:212:43:2835,-0.491,4.959,2.561,-272.156,53.162,-31.433,-30.388,-8.569,-126.046
 14:55:00.824,eb:33:2e:f9:57:b5, 2085-97-127 246:52:42:-1367,-1.967,5.627,0.067,-151.917,-109.924,-90.881,-32.432,-9.086,-126.502
 14:55:00.824,eb:33:2e:f9:57:b5, 2085-97-149 235:49:33:1778,-3.096,4.646,-0.271,-16.357,-312.866,-96.619,-33.272,-11.58,-126.074
 14:55:00.824,eb:33:2e:f9:57:b5, 2085-97-173 227:187:26:6943,-3.797,3.775,2.221,85.449,-323.486,-41.565,-33.135,-14.777,-124.761
 14:55:01.003,eb:33:2e:f9:57:b5, 2085-97-20 227:89:18:7230,-2.668,2.792,3.889,137.939,-106.689,38.208,-32.278,-16.628,-123.525
 14:55:01.003,eb:33:2e:f9:57:b5, 2085-97-29 03:65:247:16198,-1.335,1.357,3.754,233.643,51.27,138.489,-30.921,-16.013,-122.855
 14:55:01.003,eb:33:2e:f9:57:b5, 2085-97-94 11:78:244:-1204,1.749,0.046,-1.041,255.554,316.711,206.421,-28.207,-11.898,-122.893
 14:55:01.003,eb:33:2e:f9:57:b5, 2085-97-18 05:18:240:096,0.025,-1.898,0.331,295.898,324.707,287.598,-25.785,-7.63,-121.959
 14:55:01.243,eb:33:2e:f9:57:b5, 2085-97-97 250:59:249:302,-1.166,-1.854,-0.029,426.086,161.377,254.333,-22.176,-4.411,-120.536
 14:55:01.243,eb:33:2e:f9:57:b5, 2085-97-56 246:11:02:2376,-1.052,-0.24,0.83,452.698,68.115,228.821,-17.776,-2.648,-118.575
 14:55:01.243,eb:33:2e:f9:57:b5, 2085-97-224 248:166:09:3692,-0.614,0.882,1.509,389.404,62.439,156.311,-13.64,-1.538,-116.933
 14:55:01.243,eb:33:2e:f9:57:b5, 2085-97-147 251:61:07:2968,-0.388,1.132,1.53,306.458,71.594,66.528,-10.212,-0.599,-116.032
 14:55:01.246,eb:33:2e:f9:57:b5, 2085-97-94 253:241:06:2819,-0.169,1.034,1.534,252.502,38.635,-16.357,-7.454,-0.044,-115.889
 14:55:01.246,eb:33:2e:f9:57:b5, 2085-97-235 255:76:02:2413,0.024,0.637,1.252,190.186,-20.081,-67.078,-5.262,-0.033,-116.384
 14:55:01.246,eb:33:2e:f9:57:b5, 2085-97-92 00:72:00:2291,0.076,0.096,1.09,144.226,-43.64,-57.129,-3.625,-0.428,-116.993
 14:55:01.246,eb:33:2e:f9:57:b5, 2085-97-200 00:118:02:2113,0.117,0.179,1.09,98.145,-30.396,-22.4,-2.395,-0.802,-117.361
 14:55:01.301,eb:33:2e:f9:57:b5, 2085-97-50 00:23:02:1977,-0.062,0.285,1.052,49.011,-7.812,8.484,-1.719,-0.994,-117.378
 14:55:01.301,eb:33:2e:f9:57:b5, 2085-97-125 255:215:00:1877,0.007,0.195,0.884,27.405,-3.54,6.287,-1.346,-1.005,-117.301
 14:55:01.301,eb:33:2e:f9:57:b5, 2085-97-45 00:76:00:2166,-0.081,0.071,1.009,15.686,1.099,5.005,-1.148,-1.049,-117.257
 14:55:01.301,eb:33:2e:f9:57:b5, 2085-97-255 254:66:00:1859,-0.062,0.045,0.966,11.719,14.709,2.686,-1,-0.917,-117.213
 14:55:01.303,eb:33:2e:f9:57:b5, 2085-97-161 255:08:00:2044,-0.054,0.025,0.986,7.751,10.437,2.808,-0.901,-0.813,-117.197
 14:55:01.303,eb:33:2e:f9:57:b5, 2085-97-138 255:07:00:1999,-0.073,-0.008,0.995,6.714,10.071,5.127,-0.818,-0.687,-117.158
 14:55:01.303,eb:33:2e:f9:57:b5, 2085-97-123 255:29:00:1976,-0.063,0.005,0.96,6.836,5.249,5.371,-0.753,-0.61,-117.109
 14:55:01.303,eb:33:2e:f9:57:b5, 2085-97-117 255:229:255:2008,-0.063,0,0.978,6.042,2.197,6.165,-0.676,-0.566,-117.054
 14:55:01.307,eb:33:2e:f9:57:b5, 2085-97-115 255:254:255:1980,-0.029,-0.006,0.977,6.165,-0.977,7.568,-0.615,-0.56,-116.988
 14:55:01.307,eb:33:2e:f9:57:b5, 2085-97-207 255:59:00:2138,-0.027,0.025,1.02,9.521,24.17,-3.235,0.434,0.917,-116.488
 14:55:01.307,eb:33:2e:f9:57:b5, 2085-97-174 255:58:00:2121,-0.071,0.038,1.026,10.803,28.32,-6.165,0.533,1.181,-116.537
 14:55:01.307,eb:33:2e:f9:57:b5, 2085-97-175 255:59:00:2142,-0.033,0.008,1.036,12.634,29.48,-6.714,0.665,1.489,-116.603
 14:55:01.307,eb:33:2e:f9:57:b5, 2085-97-204 255:103:00:2112,0.067,0.042,1.026,13,34.119,-8.667,0.791,1.813,-116.686
 14:55:01.307,eb:33:2e:f9:57:b5, 2085-97-31 01:104:00:4086,0.162,0.035,1.918,235.657,62.256,29.541,17.501,10.706,-114.642
 14:55:01.307,eb:33:2e:f9:57:b5, 2085-97-95 01:150:255:4474,0.17,0.019,2.083,269.897,80.933,19.592,20.127,11.31,-114.175
 14:55:01.308,eb:33:2e:f9:57:b5, 2085-97-212 01:104:254:4950,0.355,-0.144,2.287,309.814,106.201,12.329,23.154,12.134,-113.681
 14:55:01.331,eb:33:2e:f9:57:b5, 2085-97-231 03:39:254:5187,0.528,-0.226,2.53,357.91,148.865,3.418,26.642,13.266,-113.06
 14:55:01.331,eb:33:2e:f9:57:b5, 2085-97-94 03:127:254:5230,0.203,-0.198,2.487,411.499,195.801,-11.902,30.729,14.837,-112.236
 14:55:01.331,eb:33:2e:f9:57:b5, 2085-97-87 254:168:00:6293,-0.598,-0.157,2.833,463.989,226.746,-22.766,35.42,16.738,-111.198
 14:55:01.331,eb:33:2e:f9:57:b5, 2085-97-200 249:94:04:7656,-0.472,0.263,3.393,516.907,204.956,-24.841,40.726,18.638,-109.99
 14:55:01.393,eb:33:2e:f9:57:b5, 2085-97-54 254:38:05:6996,-0.055,0.659,3.83,573.975,150.574,-31.189,46.577,20.116,-108.929
 14:55:01.393,eb:33:2e:f9:57:b5, 2085-97-19 254:155:255:5650,-0.415,0.355,3.041,604.553,105.408,-42.969,52.773,21.226,-108.199
 14:55:01.393,eb:33:2e:f9:57:b5, 2085-113-81 00:188:54:13751,-0.592,-0.269,2.93,609.07,78.796,-38.574,59.041,22.055,-107.71
 14:55:01.393,eb:33:2e:f9:57:b5, 2085-97-162 253:191:255:6986,0.038,-0.038,3.266,604.248,91.125,-39.673,62.188,22.434,-107.408
 14:55:01.452,eb:33:2e:f9:57:b5, 2085-97-67 03:182:254:5803,0.663,-0.12,3.2,567.871,107.117,-38.94,68.379,23.231,-106.556
 14:55:01.452,eb:33:2e:f9:57:b5, 2085-97-213 07:156:252:4301,1.239,-0.303,2.438,493.042,88.623,-54.26,74.02,23.983,-105.683
 14:55:01.452,eb:33:2e:f9:57:b5, 2085-97-10 09:55:249:3176,0.676,-0.635,1.635,383.789,57.983,-91.125,78.602,24.868,-105.117
 14:55:01.452,eb:33:2e:f9:57:b5, 2085-97-171 03:215:244:1769,0.521,-1.222,1.769,299.255,60.974,-117.188,82.106,26.054,-104.711
 14:55:01.454,eb:33:2e:f9:57:b5, 2085-97-119 05:47:243:-1958,0.563,-1.384,-0.206,142.883,47.729,-112.061,84.556,27.252,-104.271
 14:55:01.454,eb:33:2e:f9:57:b5, 2085-97-87 03:207:240:-2040,0.37,-1.788,-1.162,-78.064,49.805,-97.107,84.963,28.339,-103.766
 14:55:01.454,eb:33:2e:f9:57:b5, 2085-97-37 03:152:243:-231,0.39,-1.814,-0.627,-224.854,22.461,-68.909,83.441,29.185,-103.469
 14:55:01.454,eb:33:2e:f9:57:b5, 2085-113-100 00:148:01:000,0.373,-1.289,0.311,-307.312,-0.793,-49.5,80.7,29.762,-103.447
 14:55:01.454,eb:33:2e:f9:57:b5, 2085-97-186 02:131:247:1440,0.346,-1.132,0.584,-326.843,-15.442,-42.908,79.036,29.982,-103.552
 14:55:01.512,eb:33:2e:f9:57:b5, 2085-97-240 02:49:248:1234,0.412,-1.023,0.714,-338.806,-47.302,-30.64,75.449,30.256,-104.03
 14:55:01.512,eb:33:2e:f9:57:b5, 2085-97-180 03:190:248:905,0.496,-0.945,0.493,-340.027,-77.209,-21.912,71.631,30.322,-104.821
 14:55:01.512,eb:33:2e:f9:57:b5, 2085-97-246 03:218:249:843,0.488,-0.843,0.43,-337.402,-104.98,-18.921,67.692,30.185,-105.914
 14:55:01.512,eb:33:2e:f9:57:b5, 2085-97-188 03:165:250:967,0.451,-0.708,0.426,-333.984,-133.24,-18.311,63.638,29.861,-107.276
 14:55:01.542,eb:33:2e:f9:57:b5, 2085-97-119 03:255:250:1285,0.401,-0.65,0.553,-330.994,-157.532,-18.738,59.529,29.317,-108.875
 14:55:01.542,eb:33:2e:f9:57:b5, 2085-97-237 02:55:251:1526,0.312,-0.604,0.687,-331.482,-171.448,-18.066,55.371,28.581,-110.594
 14:55:01.542,eb:33:2e:f9:57:b5, 2085-97-28 02:07:251:1727,0.196,-0.606,0.785,-336.365,-176.758,-15.381,51.229,27.675,-112.302
 14:55:01.542,eb:33:2e:f9:57:b5, 2085-97-95 01:09:251:2043,0.131,-0.63,0.916,-344.482,-174.927,-6.775,47.076,26.609,-113.89
 14:55:01.571,eb:33:2e:f9:57:b5, 2085-97-24 01:114:251:2180,0.095,-0.598,1.016,-351.318,-170.471,2.869,42.995,25.406,-115.263
 14:55:01.571,eb:33:2e:f9:57:b5, 2085-97-242 00:229:251:2231,0.108,-0.534,1.04,-358.276,-168.579,12.024,38.936,24.082,-116.422
 14:55:01.571,eb:33:2e:f9:57:b5, 2085-97-198 00:144:252:2362,0.102,-0.467,1.104,-365.051,-170.105,19.775,34.931,22.637,-117.383
 14:55:01.571,eb:33:2e:f9:57:b5, 2085-97-195 00:52:253:2659,0.09,-0.393,1.24,-367.188,-177.063,25.879,30.938,21.044,-118.202
 14:55:01.691,eb:33:2e:f9:57:b5, 2085-97-167 00:193:253:2901,0.087,-0.31,1.366,-366.638,-183.289,30.029,27.037,19.325,-118.878
 14:55:01.691,eb:33:2e:f9:57:b5, 2085-97-132 00:36:254:3197,0.045,-0.254,1.496,-366.211,-186.646,33.691,23.181,17.507,-119.41
 14:55:01.691,eb:33:2e:f9:57:b5, 2085-97-42 00:64:254:3566,-0.003,-0.221,1.654,-364.563,-188.171,37.659,19.418,15.623,-119.778
 14:55:01.691,eb:33:2e:f9:57:b5, 2085-97-198 255:00:254:3921,-0.064,-0.232,1.826,-361.694,-188.354,43.213,15.71,13.7,-119.971
 14:55:01.721,eb:33:2e:f9:57:b5, 2085-97-79 255:148:253:4259,-0.104,-0.276,1.981,-359.436,-189.087,51.819,12.112,11.761,-119.965
 14:55:01.721,eb:33:2e:f9:57:b5, 2085-97-25 255:38:253:4838,-0.139,-0.33,2.204,-360.413,-189.026,63.965,8.531,9.783,-119.729
 14:55:01.721,eb:33:2e:f9:57:b5, 2085-97-196 254:31:253:5495,-0.179,-0.37,2.511,-368.53,-179.688,80.078,4.966,7.866,-119.224
 14:55:01.721,eb:33:2e:f9:57:b5, 2085-97-63 254:151:254:5783,-0.197,-0.302,2.807,-382.507,-161.987,97.473,1.274,6.108,-118.416
 14:55:01.723,eb:33:2e:f9:57:b5, 2085-97-205 254:235:01:6038,-0.12,0.013,2.862,-398.926,-155.945,105.957,-2.538,4.548,-117.367
 14:55:01.723,eb:33:2e:f9:57:b5, 2085-97-34 255:37:06:6511,-0.147,0.492,3.061,-418.152,-157.654,99.182,-6.586,3.065,-116.208
 14:55:01.723,eb:33:2e:f9:57:b5, 2085-97-115 254:169:10:7022,-0.264,1.057,3.28,-431.641,-167.786,78.613,-10.805,1.599,-115.082
 14:55:01.723,eb:33:2e:f9:57:b5, 2085-97-17 253:148:14:7711,-0.522,1.601,3.595,-429.932,-183.96,50.415,-15.139,0.005,-114.06
 14:55:01.992,eb:33:2e:f9:57:b5, 2085-97-08 252:148:17:8105,-0.226,2.031,3.886,-405.701,-184.692,23.376,-19.347,-1.664,-113.165
 14:55:01.992,eb:33:2e:f9:57:b5, 2085-97-251 255:27:27:7801,0.273,2.627,4.016,-369.507,-108.093,-1.709,-23.242,-3.049,-112.522
 14:55:01.992,eb:33:2e:f9:57:b5, 2085-97-48 04:16:39:6874,0.63,4.167,3.708,-337.28,-13.855,-58.472,-26.768,-3.686,-112.549
 14:55:01.992,eb:33:2e:f9:57:b5, 2085-97-236 02:24:47:2500,-0.164,5.508,2.561,-270.569,21.362,-138.245,-29.762,-4.026,-113.533
 14:55:01.994,eb:33:2e:f9:57:b5, 2085-97-205 248:24:43:-1615,-1.728,5.89,-0.127,-140.564,-155.518,-207.825,-31.701,-5.455,-114.752
 14:55:01.994,eb:33:2e:f9:57:b5, 2085-97-70 237:70:34:1676,-3.006,4.775,-0.369,-0.671,-364.258,-214.722,-32.278,-8.987,-115.12
 14:55:01.994,eb:33:2e:f9:57:b5, 2085-97-63 227:133:27:7078,-3.954,3.913,2.174,98.816,-382.08,-158.875,-31.8,-13.315,-114.587
 14:55:01.994,eb:33:2e:f9:57:b5, 2085-97-66 227:232:255:12498,-2.201,2.726,4.131,142.639,-138.672,-72.449,-30.613,-16.205,-114.17
 14:55:01.994,eb:33:2e:f9:57:b5, 2085-97-116 245:92:04:-461,1,1.082,5.123,266.846,523.743,126.709,-28.213,-14.392,-114.434
 14:55:01.994,eb:33:2e:f9:57:b5, 2085-97-205 11:179:242:209,0.299,-1.547,-1.38,229.858,387.573,238.098,-25.604,-9.811,-114.988
 14:55:01.994,eb:33:2e:f9:57:b5, 2085-97-159 254:24:240:-238,-0.848,-1.768,0.111,355.774,272.278,224.609,-22.808,-5.609,-114.115
 14:55:01.994,eb:33:2e:f9:57:b5, 2085-97-241 245:26:253:2110,-1.36,-1.006,0.742,437.073,122.742,208.74,-18.792,-3.192,-112.714
 14:55:01.996,eb:33:2e:f9:57:b5, 2085-97-35 248:08:08:3217,-0.837,0.157,1.014,399.841,59.143,141.663,-14.65,-1.807,-111.33
 14:55:01.996,eb:33:2e:f9:57:b5, 2085-97-255 249:161:11:3114,-0.443,1.279,1.587,328.125,69.702,73.242,-11.014,-0.961,-110.429
 14:55:01.996,eb:33:2e:f9:57:b5, 2085-97-83 253:206:05:2516,-0.289,1.013,1.455,224.854,24.109,-10.742,-8.322,-0.45,-110.286
 14:55:01.996,eb:33:2e:f9:57:b5, 2085-97-198 254:76:01:2332,0.103,0.48,1.116,181.946,-17.883,-64.758,-6.334,-0.467,-110.726
 14:55:01.999,eb:33:2e:f9:57:b5, 2085-97-20 02:249:254:2578,0.25,-0.007,1.201,160.706,-43.945,-70.007,-4.625,-0.873,-111.407
 14:55:01.999,eb:33:2e:f9:57:b5, 2085-97-209 00:254:255:2329,0.061,-0.151,1.215,141.968,-25.452,-46.204,-3.098,-1.28,-111.967
 14:55:01.999,eb:33:2e:f9:57:b5, 2085-97-213 01:246:01:2427,0.1,0.625,0.84,71.899,-23.132,-14.832,-1.983,-1.505,-112.258
 14:55:01.999,eb:33:2e:f9:57:b5, 2085-97-134 255:36:01:1899,-0.079,0.232,1.087,39.856,17.212,6.775,-1.456,-1.478,-112.236
 14:55:02.051,eb:33:2e:f9:57:b5, 2085-97-135 255:124:00:2000,-0.038,0.115,0.899,23.926,11.169,10.01,-1.159,-1.329,-112.148
 14:55:02.051,eb:33:2e:f9:57:b5, 2085-97-217 255:51:00:2068,0.005,0.019,0.994,7.568,-5.615,5.859,-0.115,-0.483,-111.643
 14:55:02.051,eb:33:2e:f9:57:b5, 2085-97-15 00:72:00:2110,-0.006,0.036,1.029,7.324,-1.526,4.883,-0.044,-0.522,-111.594
 14:55:02.051,eb:33:2e:f9:57:b5, 2085-97-221 255:49:00:2067,-0.003,0.032,1.01,7.08,2.869,3.174,0.038,-0.494,-111.561
 14:55:02.053,eb:33:2e:f9:57:b5, 2085-97-249 255:52:00:2101,0.012,0.022,1.02,6.958,4.456,2.686,0.11,-0.461,-111.533
 14:55:02.053,eb:33:2e:f9:57:b5, 2085-97-00 00:62:00:2117,0,0.038,1.038,7.629,8.24,0.793,0.198,-0.39,-111.522
 14:55:02.053,eb:33:2e:f9:57:b5, 2085-97-00 00:69:00:2083,0,0.032,1.025,8.179,12.146,-0.977,0.28,-0.286,-111.528
 14:55:02.053,eb:33:2e:f9:57:b5, 2085-97-196 255:69:00:2015,-0.032,0.037,1.022,8.545,16.418,-2.808,0.379,-0.132,-111.544
 14:55:02.172,eb:33:2e:f9:57:b5, 2085-97-149 255:40:00:2015,-0.05,0.022,0.997,8.789,17.395,-3.357,0.467,0.038,-111.577
 14:55:02.172,eb:33:2e:f9:57:b5, 2085-97-99 255:22:00:1992,-0.048,0.018,0.991,8.301,16.785,-3.052,0.566,0.22,-111.61
 14:55:02.172,eb:33:2e:f9:57:b5, 2085-97-172 255:71:00:2045,-0.038,0.023,0.994,8.24,15.381,-3.052,0.643,0.379,-111.643
 14:55:02.172,eb:33:2e:f9:57:b5, 2085-97-182 255:67:00:2085,-0.037,0.031,1.021,7.874,18.127,-3.479,0.742,0.56,-111.676
 14:55:02.204,eb:33:2e:f9:57:b5, 2085-97-211 255:107:00:2083,-0.014,0.037,1.032,8.667,20.508,-4.7,0.818,0.753,-111.72
 14:55:02.204,eb:33:2e:f9:57:b5, 2085-97-194 255:39:00:2247,-0.039,0.029,1.084,11.353,24.292,-6.714,0.934,0.983,-111.775
 14:55:02.204,eb:33:2e:f9:57:b5, 2085-97-160 255:42:00:2196,-0.052,0.027,1.063,14.526,29.053,-6.653,1.06,1.263,-111.841
 14:55:02.204,eb:33:2e:f9:57:b5, 2085-97-200 255:127:00:2131,-0.051,0.033,1.035,16.541,33.02,-6.958,1.236,1.593,-111.901
 14:55:02.352,eb:33:2e:f9:57:b5, 2085-97-161 255:63:00:2241,-0.045,0.024,1.096,17.029,40.283,-7.507,1.395,1.961,-111.978
 14:55:02.352,eb:33:2e:f9:57:b5, 2085-97-145 255:142:00:2023,-0.079,0.04,1.069,17.822,49.194,-7.629,1.588,2.428,-112.044
 14:55:02.352,eb:33:2e:f9:57:b5, 2085-97-143 255:148:00:2056,-0.053,0.059,0.989,16.479,49.377,-8.484,1.752,2.922,-112.115
 14:55:02.352,eb:33:2e:f9:57:b5, 2085-97-70 255:155:00:1981,-0.143,0.077,0.964,16.602,46.631,-9.094,1.928,3.417,-112.187
 14:55:02.352,eb:33:2e:f9:57:b5, 2085-97-105 254:40:00:2098,-0.185,0.043,1.004,16.602,42.542,-8.301,2.093,3.851,-112.269
 14:55:02.352,eb:33:2e:f9:57:b5, 2085-97-238 254:102:00:1984,-0.202,0.026,1.014,17.822,40.466,-7.385,2.274,4.279,-112.33
 14:55:02.352,eb:33:2e:f9:57:b5, 2085-97-215 254:95:00:2113,-0.115,0.005,0.969,17.7,36.804,-6.836,2.444,4.675,-112.39
 14:55:02.352,eb:33:2e:f9:57:b5, 2085-97-15 255:119:00:2402,-0.181,0.057,1.07,20.447,36.255,-7.507,2.648,5.048,-112.451
 14:55:02.411,eb:33:2e:f9:57:b5, 2085-97-253 254:202:255:2900,-0.122,-0.058,1.464,36.194,42.175,-7.202,2.922,5.416,-112.522
 14:55:02.411,eb:33:2e:f9:57:b5, 2085-97-251 254:120:00:2220,-0.169,0.045,1.179,51.697,55.176,-4.333,3.395,5.955,-112.538
 14:55:02.411,eb:33:2e:f9:57:b5, 2085-97-129 254:19:00:2387,-0.222,0.034,1.102,56.58,54.871,-3.235,3.939,6.504,-112.549
 14:55:02.411,eb:33:2e:f9:57:b5, 2085-97-237 253:240:255:2516,-0.225,-0.013,1.232,66.772,54.688,1.16,4.57,7.059,-112.522
 14:55:02.413,eb:33:2e:f9:57:b5, 2085-97-118 254:21:00:2700,-0.164,0.001,1.253,77.576,54.26,8.24,5.312,7.597,-112.423
 14:55:02.413,eb:33:2e:f9:57:b5, 2085-97-194 254:43:00:2998,-0.177,0.004,1.432,93.323,55.908,13.062,6.207,8.135,-112.264
 14:55:02.413,eb:33:2e:f9:57:b5, 2085-97-148 254:246:255:3360,-0.188,0.027,1.489,107.91,57.617,17.639,7.262,8.685,-112.044
 14:55:02.413,eb:33:2e:f9:57:b5, 2085-97-62 254:10:00:3326,-0.201,-0.045,1.618,121.155,70.618,27.161,8.47,9.311,-111.72
 14:55:02.413,eb:33:2e:f9:57:b5, 2085-97-12 254:04:00:3257,-0.22,-0.011,1.585,138.367,70.618,32.593,9.838,9.965,-111.308
 14:55:02.414,eb:33:2e:f9:57:b5, 2085-97-96 254:227:255:3624,-0.139,-0.028,1.693,161.255,63.538,33.813,11.437,10.558,-110.858
 14:55:02.414,eb:33:2e:f9:57:b5, 2085-97-102 255:35:00:3791,-0.005,-0.008,1.819,186.829,64.331,33.691,13.277,11.102,-110.391
 14:55:02.414,eb:33:2e:f9:57:b5, 2085-97-83 00:50:00:3955,0.096,0.02,1.879,212.097,73.12,28.503,15.392,11.695,-109.907
 14:55:02.416,eb:33:2e:f9:57:b5, 2085-97-22 01:232:255:4067,0.169,0.017,1.924,240.112,88.684,21.606,17.765,12.409,-109.429
 14:55:02.416,eb:33:2e:f9:57:b5, 2085-97-178 01:100:255:4378,0.261,-0.041,2.074,272.278,111.206,12.939,20.457,13.31,-108.929
 14:55:02.416,eb:33:2e:f9:57:b5, 2085-97-192 02:206:254:4866,0.44,-0.115,2.207,310.364,138.245,4.639,23.516,14.447,-108.364
 14:55:02.417,eb:33:2e:f9:57:b5, 2085-113-58 00:87:229:-6750,0.598,-0.187,2.458,356.812,181.213,-7.996,27.059,15.914,-107.672
 14:55:02.419,eb:33:2e:f9:57:b5, 2085-97-18 04:213:254:5066,0.465,-0.211,2.497,383.728,207.214,-14.282,29.042,16.809,-107.249
 14:55:02.419,eb:33:2e:f9:57:b5, 2085-97-10 02:112:00:5688,-0.062,-0.156,2.643,433.167,251.404,-30.64,33.475,18.913,-106.21
 14:55:02.419,eb:33:2e:f9:57:b5, 2085-97-196 253:175:07:7647,-0.224,0.578,3.142,495.605,241.577,-47.974,38.562,21.204,-104.93
 14:55:02.419,eb:33:2e:f9:57:b5, 2085-97-135 255:134:05:8305,-0.062,0.94,3.992,562.561,171.265,-72.327,44.247,23.154,-103.969
 14:55:02.472,eb:33:2e:f9:57:b5, 2085-97-83 00:251:01:6191,0.13,0.39,3.519,612.488,138.123,-81.116,50.427,24.78,-103.321
 14:55:02.472,eb:33:2e:f9:57:b5, 2085-97-254 255:03:255:5053,-0.133,-0.098,2.611,653.809,75.867,-82.52,56.97,26.082,-102.92
 14:55:02.472,eb:33:2e:f9:57:b5, 2085-97-97 254:83:02:7651,0.043,0.366,3.031,638.245,32.593,-102.661,63.435,27.065,-103.019
 14:55:02.472,eb:33:2e:f9:57:b5, 2085-97-48 02:91:253:6835,0.614,-0.158,3.877,560.181,93.079,-117.615,69.489,28.35,-102.914
 14:55:02.502,eb:33:2e:f9:57:b5, 2085-97-230 07:85:252:4627,1.074,-0.297,2.7,442.322,131.531,-128.54,74.883,29.866,-102.03
 14:55:02.502,eb:33:2e:f9:57:b5, 2085-97-250 05:255:244:4286,0.403,-0.917,2.041,308.655,171.509,-141.907,79.233,31.553,-100.712
 14:55:02.502,eb:33:2e:f9:57:b5, 2085-97-36 04:141:246:-1132,0.7,-1.406,0.839,243.469,181.519,-116.028,83.051,33.113,-98.679
 14:55:02.502,eb:33:2e:f9:57:b5, 2085-97-25 05:192:242:-3214,0.517,-1.365,-1.391,62.256,85.754,-84.534,85.336,34.211,-97.273
 14:55:02.531,eb:33:2e:f9:57:b5, 2085-97-169 03:140:240:-1565,0.355,-1.913,-1.206,-111.694,8.484,-49.438,85.177,34.926,-96.872
 14:55:02.531,eb:33:2e:f9:57:b5, 2085-97-130 02:195:243:487,0.291,-1.753,-0.281,-231.812,-25.635,-5.554,83.254,35.151,-97.031
 14:55:02.531,eb:33:2e:f9:57:b5, 2085-97-73 02:64:246:1644,0.309,-1.336,0.603,-293.335,-47.302,23.499,80.288,34.98,-97.487
 14:55:02.531,eb:33:2e:f9:57:b5, 2085-97-206 02:62:247:1598,0.438,-1.151,0.853,-316.956,-56.702,44.861,76.888,34.525,-98.036
 14:55:02.623,eb:33:2e:f9:57:b5, 2085-97-42 04:156:248:1316,0.575,-1.029,0.712,-321.472,-64.88,55.725,73.35,33.865,-98.602
 14:55:02.623,eb:33:2e:f9:57:b5, 2085-97-207 04:123:250:1043,0.614,-0.798,0.572,-317.932,-78.003,57.312,69.824,33.096,-99.201
 14:55:02.623,eb:33:2e:f9:57:b5, 2085-97-255 04:97:251:909,0.63,-0.622,0.468,-315.613,-100.647,51.514,66.237,32.25,-99.959
 14:55:02.623,eb:33:2e:f9:57:b5, 2085-97-254 04:213:251:986,0.594,-0.544,0.444,-319.946,-124.146,41.931,62.551,31.339,-100.937
 14:55:02.623,eb:33:2e:f9:57:b5, 2085-97-109 04:187:251:1272,0.512,-0.525,0.533,-330.017,-146.79,30.701,58.667,30.361,-102.134
 14:55:02.623,eb:33:2e:f9:57:b5, 2085-97-128 03:123:251:1561,0.395,-0.551,0.722,-344.36,-158.997,24.658,54.635,29.284,-103.464
 14:55:02.623,eb:33:2e:f9:57:b5, 2085-97-242 02:163:251:1726,0.332,-0.568,0.808,-364.258,-160.767,25.33,50.449,28.109,-104.76
 14:55:02.623,eb:33:2e:f9:57:b5, 2085-97-129 02:05:252:1939,0.294,-0.524,0.88,-380.249,-161.072,28.992,46.176,26.84,-105.908
 14:55:02.682,eb:33:2e:f9:57:b5, 2085-97-62 02:240:252:2207,0.266,-0.446,1.012,-383.301,-166.321,35.278,41.88,25.428,-106.93
 14:55:02.682,eb:33:2e:f9:57:b5, 2085-97-224 01:200:253:2443,0.135,-0.324,1.142,-376.587,-175.171,42.969,37.716,23.862,-107.803
 14:55:02.682,eb:33:2e:f9:57:b5, 2085-97-209 01:58:254:2865,0.15,-0.301,1.128,-368.408,-186.768,53.04,33.69,22.115,-108.528
 14:55:02.682,eb:33:2e:f9:57:b5, 2085-97-31 01:180:254:2915,0.12,-0.183,1.375,-364.014,-184.326,59.326,29.839,20.248,-109.072
 14:55:02.802,eb:33:2e:f9:57:b5, 2085-97-15 01:53:255:3155,0.129,-0.132,1.481,-361.877,-184.021,67.932,26.076,18.32,-109.391
 14:55:02.802,eb:33:2e:f9:57:b5, 2085-97-33 01:73:255:3404,0.161,-0.091,1.582,-362.061,-182.129,75.073,22.429,16.353,-109.501
 14:55:02.802,eb:33:2e:f9:57:b5, 2085-97-67 01:76:255:3761,0.16,-0.091,1.765,-362.976,-176.941,81.36,18.803,14.387,-109.402
 14:55:02.802,eb:33:2e:f9:57:b5, 2085-97-95 01:72:255:4089,0.181,-0.09,1.917,-363.586,-171.875,85.815,15.238,12.475,-109.105
 14:55:02.804,eb:33:2e:f9:57:b5, 2085-97-118 01:77:255:4394,0.188,-0.089,2.066,-366.577,-167.847,88.257,11.656,10.613,-108.649
 14:55:02.804,eb:33:2e:f9:57:b5, 2085-97-105 01:103:255:4964,0.146,-0.086,2.279,-373.657,-163.879,90.271,8.053,8.822,-108.051
 14:55:02.804,eb:33:2e:f9:57:b5, 2085-97-210 00:12:00:5388,0.056,-0.05,2.551,-382.996,-154.114,93.079,4.34,7.136,-107.303
 14:55:02.804,eb:33:2e:f9:57:b5, 2085-97-49 00:203:01:5591,0,0.099,2.675,-390.747,-147.4,95.154,0.566,5.603,-106.425
 14:55:02.806,eb:33:2e:f9:57:b5, 2085-97-150 255:127:04:5824,-0.143,0.378,2.803,-397.644,-150.208,90.515,-3.323,4.131,-105.452
 14:55:02.806,eb:33:2e:f9:57:b5, 2085-97-42 254:53:08:6043,-0.331,0.81,2.893,-406.982,-164.612,75.623,-7.289,2.648,-104.48
 14:55:02.806,eb:33:2e:f9:57:b5, 2085-97-95 252:78:11:6481,-0.58,1.229,3.032,-415.1,-183.838,55.115,-11.398,1.011,-103.552
 14:55:02.806,eb:33:2e:f9:57:b5, 2085-97-67 250:243:13:7273,-0.875,1.585,3.35,-413.452,-187.317,34.18,-15.557,-0.714,-102.695
 14:55:02.832,eb:33:2e:f9:57:b5, 2085-97-141 248:229:16:7630,-0.747,1.922,3.694,-387.207,-165.588,19.836,-19.616,-2.329,-101.904
 14:55:02.832,eb:33:2e:f9:57:b5, 2085-97-113 251:155:24:7154,-0.381,2.488,3.698,-342.468,-92.407,6.836,-23.264,-3.51,-101.31
 14:55:02.832,eb:33:2e:f9:57:b5, 2085-97-184 254:37:33:6330,0.021,3.63,3.329,-313.171,-3.235,-25.94,-26.548,-3.95,-101.206
 14:55:02.832,eb:33:2e:f9:57:b5, 2085-97-181 255:60:41:3664,-0.359,4.682,2.624,-269.104,55.237,-74.28,-29.416,-3.884,-101.838
 14:55:02.951,eb:33:2e:f9:57:b5, 2085-97-233 248:144:41:-235,-1.585,5.366,0.773,-174.805,-39.307,-119.934,-31.58,-4.241,-102.794
 14:55:02.951,eb:33:2e:f9:57:b5, 2085-97-195 238:73:33:543,-2.597,4.68,-0.337,-36.987,-223.572,-123.718,-32.558,-6.13,-103.107
 14:55:02.951,eb:33:2e:f9:57:b5, 2085-97-69 232:122:27:4580,-3.173,3.745,1.263,81.787,-281.799,-70.007,-32.316,-8.954,-102.469
 14:55:02.951,eb:33:2e:f9:57:b5, 2085-113-81 00:15:75:-7907,-6.308,3.077,3.015,147.278,-153.687,6.897,-31.256,-11.019,-101.503
 14:55:02.951,eb:33:2e:f9:57:b5, 2085-97-151 241:156:25:4112,-0.707,-2.381,8.667,356.75,77.087,223.877,-29.993,-11.349,-100.679
 14:55:02.982,eb:33:2e:f9:57:b5, 2085-97-227 08:51:241:-2677,0.698,0.553,-0.626,308.96,278.931,215.881,-26.686,-7.504,-100.657
 14:55:02.982,eb:33:2e:f9:57:b5, 2085-97-151 255:129:240:572,-0.678,-0.601,0.611,369.995,249.329,288.452,-23.571,-3.796,-99.075
 14:55:02.982,eb:33:2e:f9:57:b5, 2085-97-208 247:187:246:3395,-1.167,-1.688,0.872,473.511,129.639,224.976,-19.308,-1.258,-97.449
 14:55:02.982,eb:33:2e:f9:57:b5, 2085-97-216 245:180:05:2970,-1.089,-0.426,1.344,466.309,88.684,167.725,-14.551,0.417,-95.949
 14:55:03.011,eb:33:2e:f9:57:b5, 2085-97-241 250:238:15:3571,-0.317,1.685,1.488,388.367,43.762,71.411,-10.256,1.247,-94.933
 14:55:03.011,eb:33:2e:f9:57:b5, 2085-97-89 254:62:07:2936,-0.17,1.592,1.607,259.399,28.259,-15.259,-7.064,1.659,-94.796
 14:55:03.011,eb:33:2e:f9:57:b5, 2085-97-18 255:32:02:2240,0.023,0.496,1.197,171.448,-28.87,-53.223,-5.048,1.593,-95.213
 14:55:03.011,eb:33:2e:f9:57:b5, 2085-97-09 00:187:00:2111,0.034,0.108,1.116,122.253,-42.48,-34.485,-3.604,1.121,-95.647
 14:55:03.013,eb:33:2e:f9:57:b5, 2085-97-101 00:131:02:1988,-0.019,0.202,0.969,70.435,-19.409,10.193,-2.648,0.813,-95.746
 14:55:03.013,eb:33:2e:f9:57:b5, 2085-97-168 255:233:01:1890,-0.042,0.386,0.863,29.236,2.441,13.977,-2.181,0.786,-95.554
 14:55:03.013,eb:33:2e:f9:57:b5, 2085-97-225 255:05:00:2180,-0.086,0.056,1.059,23.193,8.972,-2.563,-1.939,0.813,-95.532
 14:55:03.013,eb:33:2e:f9:57:b5, 2085-97-217 254:209:00:1782,-0.186,0.054,0.918,17.273,21.118,-1.282,-1.714,1.027,-95.565
 14:55:03.016,eb:33:2e:f9:57:b5, 2085-97-147 254:246:255:1824,-0.13,0.051,0.861,8.667,14.038,-5.554,-1.593,1.198,-95.614
 14:55:03.016,eb:33:2e:f9:57:b5, 2085-97-42 255:55:00:1974,-0.084,0.01,0.936,3.967,8.362,-2.991,-1.516,1.307,-95.663
 14:55:03.016,eb:33:2e:f9:57:b5, 2085-97-107 255:00:00:2060,-0.073,0.01,0.985,2.686,5.676,-4.456,-1.489,1.373,-95.713
 14:55:03.016,eb:33:2e:f9:57:b5, 2085-97-86 255:209:255:2084,-0.094,-0.012,1.02,4.089,6.409,-4.517,-1.439,1.439,-95.762
 14:55:03.073,eb:33:2e:f9:57:b5, 2085-97-36 255:174:255:2040,-0.115,-0.035,1.011,6.226,5.371,-1.343,-1.39,1.505,-95.801
 14:55:03.073,eb:33:2e:f9:57:b5, 2085-97-221 254:147:255:1981,-0.153,-0.05,0.995,8.24,0.793,3.723,-1.296,1.544,-95.79
 14:55:03.073,eb:33:2e:f9:57:b5, 2085-97-214 254:200:255:1941,-0.104,-0.038,0.942,8.667,-7.446,9.705,-1.208,1.511,-95.724
 14:55:03.073,eb:33:2e:f9:57:b5, 2085-97-177 255:40:00:2116,-0.028,-0.003,0.979,7.507,-12.39,12.512,-1.11,1.412,-95.609
 14:55:03.134,eb:33:2e:f9:57:b5, 2085-97-185 255:58:00:2110,-0.037,0.028,1.036,8.423,-6.836,8.667,-1.022,1.318,-95.51
 14:55:03.134,eb:33:2e:f9:57:b5, 2085-97-184 255:55:00:2094,-0.045,0.03,1.021,9.277,-1.282,4.578,-0.917,1.291,-95.449
 14:55:03.134,eb:33:2e:f9:57:b5, 2085-97-151 255:29:00:2079,-0.036,0.022,1.014,9.033,3.967,1.526,-0.824,1.307,-95.427
 14:55:03.134,eb:33:2e:f9:57:b5, 2085-97-236 255:43:00:2171,-0.026,0.018,1.028,9.644,7.751,-0.61,-0.714,1.379,-95.422
 14:55:03.193,eb:33:2e:f9:57:b5, 2085-97-191 255:47:00:2101,-0.065,0.022,1.042,10.742,15.442,-3.113,-0.615,1.5,-95.449
 14:55:03.193,eb:33:2e:f9:57:b5, 2085-97-86 255:03:00:2006,-0.114,0.02,0.991,10.437,19.104,-4.822,-0.489,1.692,-95.493
 14:55:03.193,eb:33:2e:f9:57:b5, 2085-97-34 255:03:00:2010,-0.096,-0.002,0.955,9.094,15.32,-2.197,-0.396,1.873,-95.537
 14:55:03.193,eb:33:2e:f9:57:b5, 2085-97-74 255:11:00:2026,-0.069,0.009,0.977,8.667,13.306,-0.183,-0.291,2.021,-95.554
 14:55:03.195,eb:33:2e:f9:57:b5, 2085-97-115 255:41:00:2047,-0.058,0.013,1.018,8.24,14.221,1.16,-0.203,2.153,-95.554
 14:55:03.195,eb:33:2e:f9:57:b5, 2085-113-58 00:224:227:-4320,-0.046,0.026,1.016,7.874,16.479,0.366,-0.11,2.313,-95.548
 14:55:03.195,eb:33:2e:f9:57:b5, 2085-97-172 255:76:00:2072,-0.058,0.032,1.039,7.812,19.958,-0.427,-0.066,2.406,-95.548
 14:55:03.195,eb:33:2e:f9:57:b5, 2085-97-196 255:84:00:2185,-0.062,0.029,1.053,7.874,24.658,-3.113,0,2.631,-95.576
 14:55:03.223,eb:33:2e:f9:57:b5, 2085-97-96 255:38:00:2154,-0.061,0.027,1.045,8.667,31.311,-5.066,0.099,2.928,-95.62
 14:55:03.223,eb:33:2e:f9:57:b5, 2085-97-91 255:43:00:2142,-0.046,0.044,1.033,9.949,33.325,-6.348,0.192,3.246,-95.68
 14:55:03.223,eb:33:2e:f9:57:b5, 2085-97-146 255:110:00:2019,-0.03,0.05,1.012,9.888,36.133,-8.362,0.308,3.609,-95.751
 14:55:03.223,eb:33:2e:f9:57:b5, 2085-97-216 255:179:00:1933,-0.079,0.079,0.955,9.583,33.142,-11.78,0.396,3.966,-95.856
 14:55:03.282,eb:33:2e:f9:57:b5, 2085-97-149 254:22:00:2029,-0.198,0.064,0.939,9.216,29.968,-13.916,0.494,4.29,-95.988
 14:55:03.282,eb:33:2e:f9:57:b5, 2085-97-08 254:133:255:2441,-0.31,-0.016,1.067,13.794,24.109,-13.428,0.588,4.565,-96.13
 14:55:03.282,eb:33:2e:f9:57:b5, 2085-113-81 00:84:85:1177,-0.199,-0.112,1.263,27.954,21.24,-10.193,0.807,4.807,-96.251
 14:55:03.282,eb:33:2e:f9:57:b5, 2085-97-209 254:20:00:2196,-0.175,-0.054,1.234,33.752,22.644,-8.24,0.961,4.916,-96.301
 14:55:03.282,eb:33:2e:f9:57:b5, 2085-97-124 254:21:00:2065,-0.196,0.025,0.95,35.461,19.714,-7.385,1.324,5.153,-96.372
 14:55:03.343,eb:33:2e:f9:57:b5, 2085-97-136 254:07:00:2225,-0.17,-0.002,1.065,37.659,18.005,-5.615,1.681,5.339,-96.443
 14:55:03.343,eb:33:2e:f9:57:b5, 2085-97-227 254:79:00:2292,-0.111,0.02,1.086,41.87,18.005,-3.54,2.093,5.526,-96.476
 14:55:03.343,eb:33:2e:f9:57:b5, 2085-97-52 255:85:00:2452,-0.109,0.044,1.183,47.302,23.01,-4.761,2.538,5.729,-96.52
 14:55:03.343,eb:33:2e:f9:57:b5, 2085-97-30 255:118:00:2307,-0.144,0.053,1.158,53.528,32.288,-6.042,3.054,6.026,-96.559
 14:55:03.401,eb:33:2e:f9:57:b5, 2085-97-175 254:82:00:2252,-0.188,0.051,1.091,56.885,38.818,-6.104,3.609,6.394,-96.608
 14:55:03.401,eb:33:2e:f9:57:b5, 2085-97-61 254:24:00:2267,-0.248,0.026,1.125,61.218,41.321,-3.418,4.213,6.806,-96.63
 14:55:03.401,eb:33:2e:f9:57:b5, 2085-97-247 253:15:00:2253,-0.269,0.01,1.078,64.636,40.466,2.258,4.845,7.224,-96.608
 14:55:03.401,eb:33:2e:f9:57:b5, 2085-97-235 253:229:255:2664,-0.227,-0.003,1.183,72.449,33.691,8.118,5.559,7.592,-96.515
 14:55:03.403,eb:33:2e:f9:57:b5, 2085-97-149 254:46:00:2923,-0.181,0.01,1.372,84.229,35.4,14.587,6.367,7.921,-96.367
 14:55:03.403,eb:33:2e:f9:57:b5, 2085-97-111 254:05:00:3036,-0.231,0.021,1.471,99.915,40.1,19.287,7.339,8.289,-96.152
 14:55:03.404,eb:33:2e:f9:57:b5, 2085-97-195 253:218:255:2960,-0.291,-0.008,1.465,116.76,40.344,26.978,8.47,8.663,-95.867
 14:55:03.404,eb:33:2e:f9:57:b5, 2085-97-206 253:187:255:3283,-0.213,-0.038,1.499,135.925,31.128,33.02,9.811,8.97,-95.504
 14:55:03.462,eb:33:2e:f9:57:b5, 2085-97-237 254:223:255:3657,-0.07,-0.029,1.729,160.461,29.053,36.133,11.365,9.185,-95.109
 14:55:03.462,eb:33:2e:f9:57:b5, 2085-97-251 255:106:00:3686,0.03,0.032,1.799,186.646,40.1,34.424,13.2,9.459,-94.68
 14:55:03.462,eb:33:2e:f9:57:b5, 2085-97-189 00:134:00:3803,0.14,0.069,1.808,211.365,54.016,27.954,15.276,9.844,-94.263
 14:55:03.462,eb:33:2e:f9:57:b5, 2085-97-119 01:109:00:4023,0.21,0.065,1.915,237.61,75.195,19.043,17.617,10.41,-93.845
 14:55:03.462,eb:33:2e:f9:57:b5, 2085-97-202 01:184:255:4311,0.255,0.007,2.022,269.043,100.403,8.667,20.237,11.206,-93.428
 14:55:03.462,eb:33:2e:f9:57:b5, 2085-97-209 02:246:254:4790,0.46,-0.104,2.2,306.091,133.667,1.282,23.236,12.288,-92.939
 14:55:03.462,eb:33:2e:f9:57:b5, 2085-97-49 04:73:254:5140,0.486,-0.153,2.47,360.107,180.237,-13.062,26.713,13.733,-92.324
 14:55:03.462,eb:33:2e:f9:57:b5, 2085-97-199 02:125:254:5214,0.122,-0.264,2.449,410.889,228.882,-24.353,30.822,15.656,-91.472
 14:55:03.552,eb:33:2e:f9:57:b5, 2085-97-133 253:243:01:6210,-0.601,-0.006,2.784,464.661,244.324,-34.607,35.546,17.842,-90.368
 14:55:03.552,eb:33:2e:f9:57:b5, 2085-97-237 250:230:06:8563,-0.06,0.521,3.681,523.132,202.332,-39.246,40.886,19.858,-89.22
 14:55:03.552,eb:33:2e:f9:57:b5, 2085-97-247 255:212:04:6729,-0.09,0.694,4.03,591.858,146.301,-47.791,46.829,21.368,-88.363
 14:55:03.552,eb:33:2e:f9:57:b5, 2085-97-41 253:243:254:5216,-0.476,0.164,2.804,619.812,106.567,-59.265,53.168,22.599,-87.726
 14:55:03.582,eb:33:2e:f9:57:b5, 2085-97-09 253:234:01:6193,-0.15,-0.181,2.752,628.296,70.618,-44.312,59.601,23.483,-87.314
 14:55:03.582,eb:33:2e:f9:57:b5, 2085-97-179 01:127:02:6525,0.432,0.438,3.091,586.426,68.604,-58.411,65.891,24.269,-86.858
 14:55:03.582,eb:33:2e:f9:57:b5, 2085-97-216 05:189:254:5779,1.054,0.083,3.026,498.535,77.942,-75.439,71.483,25.131,-86.396
 14:55:03.582,eb:33:2e:f9:57:b5, 2085-97-29 09:59:250:5014,0.884,-0.357,2.61,391.724,122.742,-109.68,76.229,26.301,-85.616
 14:55:03.609,eb:33:2e:f9:57:b5, 2085-97-244 04:06:246:4081,0.532,-1.115,2.485,304.565,184.631,-125.61,80.261,27.834,-84.177
 14:55:03.609,eb:33:2e:f9:57:b5, 2085-97-54 05:72:245:-1176,0.816,-1.148,0.717,221.68,161.316,-110.229,83.831,29.246,-82.332
 14:55:03.609,eb:33:2e:f9:57:b5, 2085-97-142 06:17:240:-3365,0.779,-1.714,-1.42,17.151,91.248,-88.379,85.605,30.317,-81.024
 14:55:03.609,eb:33:2e:f9:57:b5, 2085-97-36 05:83:240:-2564,0.625,-2.104,-1.535,-165.466,39.246,-65.186,85.034,31.124,-80.403
 14:55:03.641,eb:33:2e:f9:57:b5, 2085-97-54 04:217:244:073,0.483,-1.65,-0.542,-284.058,-12.329,-45.898,82.689,31.674,-80.37
 14:55:03.641,eb:33:2e:f9:57:b5, 2085-97-218 03:200:246:1180,0.495,-1.236,0.42,-330.261,-59.937,-34.668,79.25,31.998,-80.903
 14:55:03.641,eb:33:2e:f9:57:b5, 2085-97-08 04:48:247:1094,0.546,-1.112,0.585,-339.844,-96.619,-23.376,75.35,32.097,-81.914
 14:55:03.641,eb:33:2e:f9:57:b5, 2085-97-139 04:15:248:1138,0.563,-1.068,0.533,-332.886,-127.686,-14.404,71.241,31.937,-83.276
 14:55:03.672,eb:33:2e:f9:57:b5, 2085-97-65 04:148:249:1122,0.519,-0.891,0.555,-321.594,-144.531,-10.132,67.154,31.564,-84.842
 14:55:03.672,eb:33:2e:f9:57:b5, 2085-97-18 04:103:250:1271,0.498,-0.745,0.594,-316.528,-163.635,-7.751,63.078,30.981,-86.545
 14:55:03.672,eb:33:2e:f9:57:b5, 2085-97-198 03:216:250:1203,0.442,-0.662,0.618,-326.782,-174.805,-9.094,58.969,30.229,-88.325
 14:55:03.672,eb:33:2e:f9:57:b5, 2085-97-75 03:103:250:1274,0.359,-0.664,0.574,-351.929,-184.509,-11.536,54.651,29.328,-90.143
 14:55:03.701,eb:33:2e:f9:57:b5, 2085-97-97 02:109:250:1594,0.263,-0.717,0.704,-381.042,-187.439,-9.399,50.12,28.273,-91.917
 14:55:03.701,eb:33:2e:f9:57:b5, 2085-97-220 01:75:251:1979,0.252,-0.645,0.885,-398.499,-191.284,-3.235,45.417,27.037,-93.56
 14:55:03.701,eb:33:2e:f9:57:b5, 2085-97-199 01:115:252:2276,0.201,-0.522,1.075,-397.766,-196.411,4.456,40.77,25.609,-95.043
 14:55:03.701,eb:33:2e:f9:57:b5, 2085-97-113 01:115:253:2464,0.082,-0.383,1.154,-383.179,-206.848,11.902,36.293,23.967,-96.367
 14:55:03.822,eb:33:2e:f9:57:b5, 2085-97-57 01:37:254:2763,0.114,-0.314,1.113,-363.953,-222.839,22.644,32.113,22.115,-97.515
 14:55:03.822,eb:33:2e:f9:57:b5, 2085-97-187 00:203:254:2918,-0.474,-0.178,1.373,-348.999,-224.426,27.771,28.191,20.056,-98.509
 14:55:03.822,eb:33:2e:f9:57:b5, 2085-97-80 00:54:255:3257,0.04,-0.411,1.869,-339.172,-214.111,42.297,24.521,17.913,-99.234
 14:55:03.822,eb:33:2e:f9:57:b5, 2085-97-169 255:207:254:3409,-0.06,-0.092,1.687,-338.928,-203.552,51.025,20.995,15.804,-99.641
 14:55:03.881,eb:33:2e:f9:57:b5, 2085-97-63 255:128:254:3719,-0.083,-0.16,1.747,-341.187,-197.815,62.622,17.562,13.716,-99.772
 14:55:03.881,eb:33:2e:f9:57:b5, 2085-97-80 255:45:254:4127,-0.067,-0.201,1.925,-348.267,-188.538,76.233,14.123,11.651,-99.63
 14:55:03.881,eb:33:2e:f9:57:b5, 2085-97-172 255:111:254:4498,-0.004,-0.227,2.111,-358.276,-172.241,91.064,10.668,9.712,-99.196
 14:55:03.881,eb:33:2e:f9:57:b5, 2085-97-52 00:67:255:4846,0.064,-0.135,2.292,-372.253,-155.334,104.004,7.103,7.938,-98.47
 14:55:04.002,eb:33:2e:f9:57:b5, 2085-97-222 00:104:00:5305,0.124,-0.035,2.466,-384.583,-142.822,111.084,3.428,6.361,-97.531
 14:55:04.002,eb:33:2e:f9:57:b5, 2085-97-01 01:57:02:5520,0.133,0.146,2.667,-399.109,-126.221,116.943,-0.412,4.988,-96.416
 14:55:04.002,eb:33:2e:f9:57:b5, 2085-97-57 01:65:05:5555,0.154,0.452,2.692,-405.273,-124.512,116.028,-4.351,3.801,-95.197
 14:55:04.002,eb:33:2e:f9:57:b5, 2085-97-04 01:186:08:5778,0.072,0.873,2.75,-404.541,-140.442,105.103,-8.361,2.598,-93.944
 14:55:04.151,eb:33:2e:f9:57:b5, 2085-97-241 255:218:11:6267,-0.117,1.297,2.914,-395.508,-165.039,86.06,-12.321,1.258,-92.736
 14:55:04.151,eb:33:2e:f9:57:b5, 2085-113-58 00:143:233:-1740,-0.228,1.646,3.245,-377.197,-182.678,65.247,-16.194,-0.269,-91.577
 14:55:04.151,eb:33:2e:f9:57:b5, 2085-97-58 253:94:15:7278,-0.213,1.803,3.446,-364.258,-181.763,55.237,-18.051,-1.055,-91.022
 14:55:04.151,eb:33:2e:f9:57:b5, 2085-97-230 254:201:20:7028,-0.104,2.044,3.682,-327.698,-135.498,33.386,-21.528,-2.472,-90.06
 14:55:04.181,eb:33:2e:f9:57:b5, 2085-97-67 00:191:29:6560,0.152,3.275,3.208,-300.232,-81.421,-3.174,-24.697,-3.34,-89.511
 14:55:04.181,eb:33:2e:f9:57:b5, 2085-97-246 00:216:35:4697,-0.031,4.123,2.917,-259.827,-32.288,-53.406,-27.488,-3.961,-89.561
 14:55:04.181,eb:33:2e:f9:57:b5, 2085-97-196 252:88:38:1688,-0.982,4.722,1.589,-190.796,-60.547,-97.412,-29.702,-4.691,-90.06
 14:55:04.181,eb:33:2e:f9:57:b5, 2085-97-51 243:85:32:790,-2.193,4.55,0.307,-88.684,-183.044,-110.962,-31.042,-6.306,-90.374
 14:55:04.271,eb:33:2e:f9:57:b5, 2085-97-215 233:12:25:3007,-3.205,3.52,0.849,20.813,-272.156,-60.974,-31.377,-8.828,-89.885
 14:55:04.271,eb:33:2e:f9:57:b5, 2085-97-142 247:220:245:1813,-1.194,2.741,2.263,97.168,-220.581,30.396,-30.927,-11.113,-88.632
 14:55:04.271,eb:33:2e:f9:57:b5, 2085-97-210 244:241:03:2758,-0.917,-0.746,1.713,487.427,75.317,208.618,-15.255,-0.615,-79.969
 14:55:04.271,eb:33:2e:f9:57:b5, 2085-97-84 250:19:17:3652,-0.378,1.898,1.839,436.279,41.809,94.116,-10.58,0.181,-78.629
 14:55:04.302,eb:33:2e:f9:57:b5, 2085-97-01 255:94:09:3469,-0.188,1.887,1.977,316.711,40.833,-19.775,-6.823,0.67,-78.42
 14:55:04.302,eb:33:2e:f9:57:b5, 2085-97-218 254:193:02:2402,0.044,0.767,1.328,222.29,-27.161,-82.947,-4.224,0.725,-79.019
 14:55:04.302,eb:33:2e:f9:57:b5, 2085-97-09 01:48:02:2137,0.264,0.205,1.177,163.086,-72.571,-73.242,-2.307,0.077,-79.832
 14:55:04.302,eb:33:2e:f9:57:b5, 2085-97-224 01:44:02:2322,0.044,0.062,1.261,87.28,-29.968,0.732,-1.11,-0.527,-80.173
 14:55:04.302,eb:33:2e:f9:57:b5, 2085-97-196 255:144:02:1770,-0.228,0.363,0.946,32.227,31.189,34.912,-0.555,-0.428,-79.898
 14:55:04.302,eb:33:2e:f9:57:b5, 2085-97-05 255:75:00:1874,-0.006,0.121,0.845,22.522,26.306,6.287,-0.308,-0.132,-79.733
 14:55:04.302,eb:33:2e:f9:57:b5, 2085-97-87 00:124:01:2083,-0.009,0.083,0.977,17.883,22.583,8.24,-0.082,0.104,-79.678
 14:55:04.302,eb:33:2e:f9:57:b5, 2085-97-71 254:83:00:1696,-0.314,0.112,1.03,13.367,37.231,-2.197,0.06,0.401,-79.651
 14:55:04.304,eb:33:2e:f9:57:b5, 2085-97-66 254:67:00:1693,-0.152,0.029,0.729,8.423,10.071,-0.977,0.192,0.654,-79.684
 14:55:04.304,eb:33:2e:f9:57:b5, 2085-97-249 255:118:00:2132,-0.005,0.039,0.895,2.686,-3.235,2.93,0.242,0.67,-79.673
 14:55:04.304,eb:33:2e:f9:57:b5, 2085-97-241 255:118:00:2106,-0.003,0.058,1.036,6.592,10.864,-3.723,0.709,0.324,-79.557
 14:55:04.304,eb:33:2e:f9:57:b5, 2085-97-223 255:106:00:2105,-0.04,0.06,1.034,6.897,16.724,-6.531,0.775,0.461,-79.612
 14:55:04.308,eb:33:2e:f9:57:b5, 2085-97-139 255:79:00:2042,-0.076,0.048,0.995,6.592,20.63,-7.812,0.862,0.67,-79.684
 14:55:04.308,eb:33:2e:f9:57:b5, 2085-97-122 255:90:00:2010,-0.076,0.041,0.975,6.042,19.836,-6.653,0.923,0.873,-79.761
 14:55:04.308,eb:33:2e:f9:57:b5, 2085-97-127 255:82:00:2047,-0.062,0.036,0.988,5.31,18.86,-5.615,1,1.077,-79.821
 14:55:04.308,eb:33:2e:f9:57:b5, 2085-97-140 255:72:00:2115,-0.049,0.04,1.01,5.31,19.409,-5.127,1.049,1.269,-79.882
 14:55:04.393,eb:33:2e:f9:57:b5, 2085-97-152 255:90:00:2122,-0.051,0.045,1.035,5.92,22.949,-4.7,1.121,1.489,-79.926
 14:55:04.393,eb:33:2e:f9:57:b5, 2085-97-106 255:141:00:2019,-0.093,0.044,1.038,6.775,27.161,-4.822,1.187,1.741,-79.98
 14:55:04.393,eb:33:2e:f9:57:b5, 2085-97-08 255:86:00:2041,-0.068,0.045,1.009,4.639,25.818,-6.042,1.516,3.164,-80.255
 14:55:04.393,eb:33:2e:f9:57:b5, 2085-97-93 255:150:00:2034,-0.101,0.076,1.021,5.981,24.719,-7.08,1.566,3.411,-80.321
 14:55:04.395,eb:33:2e:f9:57:b5, 2085-97-109 255:152:00:2015,-0.087,0.067,0.972,6.287,24.353,-7.568,1.642,3.669,-80.387
 14:55:04.395,eb:33:2e:f9:57:b5, 2085-97-226 254:111:00:1972,-0.17,0.065,0.981,7.202,22.888,-8.911,1.703,3.906,-80.475
 14:55:04.395,eb:33:2e:f9:57:b5, 2085-97-138 254:49:00:1988,-0.192,0.026,0.992,7.996,19.653,-7.446,1.796,4.12,-80.552
 14:55:04.395,eb:33:2e:f9:57:b5, 2085-97-111 254:39:00:2090,-0.194,0.019,0.981,10.925,12.085,-4.761,1.884,4.274,-80.618
 14:55:04.397,eb:33:2e:f9:57:b5, 2085-97-173 254:44:00:2239,-0.139,0.008,1.077,14.282,10.803,-2.502,2.027,4.389,-80.651
 14:55:04.397,eb:33:2e:f9:57:b5, 2085-97-245 254:103:00:2201,-0.132,0.047,1.062,18.494,12.573,-2.197,2.192,4.515,-80.673
 14:55:04.397,eb:33:2e:f9:57:b5, 2085-97-245 254:91:00:2343,-0.135,0.047,1.112,22.461,14.709,-2.991,2.411,4.658,-80.695
 14:55:04.397,eb:33:2e:f9:57:b5, 2085-97-229 254:85:00:2325,-0.151,0.043,1.145,27.527,19.653,-3.479,2.664,4.834,-80.728
 14:55:04.452,eb:33:2e:f9:57:b5, 2085-97-151 254:54:00:2252,-0.21,0.034,1.135,33.691,20.996,-3.174,2.988,5.048,-80.755
 14:55:04.452,eb:33:2e:f9:57:b5, 2085-97-46 254:46:00:2052,-0.249,0.023,1.022,37.231,18.86,0.244,3.345,5.257,-80.766
 14:55:04.452,eb:33:2e:f9:57:b5, 2085-97-217 253:19:00:2013,-0.252,0.009,0.995,39.734,10.315,5.737,3.752,5.405,-80.728
 14:55:04.452,eb:33:2e:f9:57:b5, 2085-97-74 254:59:00:2313,-0.155,0.02,1.028,43.274,-2.075,11.047,4.175,5.433,-80.645
 14:55:04.510,eb:33:2e:f9:57:b5, 2085-97-16 255:78:00:2893,-0.112,0.044,1.263,52.979,-8.972,12.756,4.686,5.361,-80.524
 14:55:04.510,eb:33:2e:f9:57:b5, 2085-97-39 255:38:00:3107,-0.069,0.025,1.488,68.481,-1.77,13.977,5.312,5.29,-80.409
 14:55:04.510,eb:33:2e:f9:57:b5, 2085-97-106 255:84:00:3215,-0.079,0.032,1.574,86.914,7.629,16.663,6.125,5.306,-80.244
 14:55:04.511,eb:33:2e:f9:57:b5, 2085-97-55 255:26:00:3249,-0.158,0.033,1.583,104.736,19.226,15.503,7.108,5.427,-80.074
 14:55:04.513,eb:33:2e:f9:57:b5, 2085-97-112 254:172:255:3220,-0.209,-0.017,1.568,124.939,27.039,18.25,8.3,5.652,-79.876
 14:55:04.513,eb:33:2e:f9:57:b5, 2085-97-157 254:171:255:3357,-0.071,-0.065,1.576,142.761,26.489,23.804,9.662,5.889,-79.634
 14:55:04.513,eb:33:2e:f9:57:b5, 2085-97-150 00:102:00:3709,0.14,0.01,1.732,166.504,27.832,24.902,11.266,6.103,-79.338
 14:55:04.513,eb:33:2e:f9:57:b5, 2085-113-58 00:195:226:-3330,0.221,0.085,1.827,192.871,48.889,17.029,13.118,6.438,-79.058
 14:55:04.513,eb:33:2e:f9:57:b5, 2085-97-60 02:249:00:3877,0.335,0.106,1.867,203.857,63.416,12.024,14.145,6.707,-78.92
 14:55:04.572,eb:33:2e:f9:57:b5, 2085-97-10 03:175:00:4095,0.439,0.113,1.951,227.844,95.032,-1.404,16.342,7.465,-78.668
 14:55:04.572,eb:33:2e:f9:57:b5, 2085-97-92 04:181:00:4423,0.599,0.106,2.059,257.446,130.615,-16.602,18.831,8.597,-78.404
 14:55:04.572,eb:33:2e:f9:57:b5, 2085-97-98 05:165:255:5064,0.708,0.061,2.307,294.434,172.424,-36.255,21.643,10.118,-78.14
 14:55:04.572,eb:33:2e:f9:57:b5, 2085-97-69 06:45:255:5402,0.775,-0.083,2.549,336.67,235.352,-50.903,24.911,12.195,-77.728
 14:55:04.601,eb:33:2e:f9:57:b5, 2085-97-70 06:99:00:6097,0.696,-0.028,2.684,378.967,289.429,-67.139,28.674,14.859,-77.031
 14:55:04.601,eb:33:2e:f9:57:b5, 2085-97-237 03:135:01:7066,0.015,0.223,3.224,419.922,326.721,-83.191,32.97,17.919,-76.042
 14:55:04.601,eb:33:2e:f9:57:b5, 2085-97-206 252:208:04:8208,-0.271,0.455,3.667,468.811,308.899,-96.68,37.831,21.061,-74.872
 14:55:04.601,eb:33:2e:f9:57:b5, 2085-97-253 01:249:01:6918,0.193,0.412,4.021,517.639,271.118,-87.402,43.275,23.835,-73.619
 14:55:04.662,eb:33:2e:f9:57:b5, 2085-97-235 01:191:253:4277,0.051,-0.034,2.596,555.603,231.323,-84.106,49.23,26.235,-72.224
 14:55:04.662,eb:33:2e:f9:57:b5, 2085-97-145 254:125:01:6206,-0.081,-0.216,2.348,569.641,168.945,-88.989,55.437,28.12,-71.109
 14:55:04.663,eb:33:2e:f9:57:b5, 2085-97-37 02:97:255:7766,0.643,-0.009,3.787,524.963,196.716,-93.994,61.485,29.844,-69.994
 14:55:04.663,eb:33:2e:f9:57:b5, 2085-97-70 08:84:253:5395,1.141,-0.225,3.188,428.467,264.954,-92.163,67.28,31.679,-67.945
 14:55:04.691,eb:33:2e:f9:57:b5, 2085-97-239 08:99:247:4770,1.028,-0.74,2.317,304.504,301.758,-92.773,72.389,33.558,-65.16
 14:55:04.691,eb:33:2e:f9:57:b5, 2085-97-01 07:90:246:1956,1.098,-1.198,2.186,226.868,353.821,-59.143,76.976,35.156,-61.534
 14:55:04.691,eb:33:2e:f9:57:b5, 2085-97-50 10:251:245:-4262,1.058,-1.157,-0.831,126.953,258.606,-20.874,80.975,36.118,-57.859
 14:55:04.691,eb:33:2e:f9:57:b5, 2085-97-156 08:38:242:-3778,0.974,-1.546,-2.476,-45.715,101.807,-8.301,82.518,36.491,-55.75
 14:55:04.751,eb:33:2e:f9:57:b5, 2085-97-206 05:12:245:-646,0.586,-1.59,-1.036,-191.223,-9.46,17.151,81.414,36.469,-55.371
 14:55:04.751,eb:33:2e:f9:57:b5, 2085-97-116 04:70:247:1341,0.563,-1.193,0.269,-259.766,-62.805,33.264,78.794,36.134,-55.833
 14:55:04.751,eb:33:2e:f9:57:b5, 2085-97-84 04:200:247:1744,0.558,-1.048,0.858,-286.194,-80.566,45.837,75.564,35.568,-56.646
 14:55:04.751,eb:33:2e:f9:57:b5, 2085-97-173 04:153:248:1438,0.609,-1,0.795,-294.373,-83.13,52.246,72.169,34.854,-57.458
 14:55:04.753,eb:33:2e:f9:57:b5, 2085-97-01 05:38:250:1233,0.636,-0.83,0.642,-296.936,-87.28,52.063,68.78,34.074,-58.228
 14:55:04.753,eb:33:2e:f9:57:b5, 2085-97-41 05:101:251:1143,0.652,-0.642,0.579,-298.401,-97.534,46.631,65.347,33.25,-59.03
 14:55:04.753,eb:33:2e:f9:57:b5, 2085-97-53 05:01:252:1075,0.636,-0.531,0.541,-303.711,-114.258,38.33,61.848,32.399,-59.952
 14:55:04.753,eb:33:2e:f9:57:b5, 2085-97-225 04:253:251:1062,0.577,-0.487,0.514,-317.322,-132.507,28.137,58.156,31.481,-61.04
 14:55:04.811,eb:33:2e:f9:57:b5, 2085-97-64 04:197:251:1200,0.501,-0.521,0.548,-340.881,-144.47,20.447,54.234,30.504,-62.26
 14:55:04.811,eb:33:2e:f9:57:b5, 2085-97-215 03:225:251:1535,0.457,-0.531,0.66,-366.455,-148.01,17.456,50.059,29.449,-63.479
 14:55:04.811,eb:33:2e:f9:57:b5, 2085-97-103 03:79:252:1870,0.419,-0.485,0.846,-381.775,-150.635,16.907,45.753,28.323,-64.633
 14:55:04.811,eb:33:2e:f9:57:b5, 2085-97-92 03:21:253:2065,0.386,-0.422,0.967,-385.315,-158.203,18.677,41.396,27.065,-65.704
 14:55:04.841,eb:33:2e:f9:57:b5, 2085-97-13 03:200:253:2226,0.089,-0.324,1.022,-384.399,-168.64,23.132,37.112,25.67,-66.687
 14:55:04.841,eb:33:2e:f9:57:b5, 2085-97-48 02:153:253:2400,0.582,-0.353,0.737,-388.672,-183.228,33.264,32.877,24.093,-67.516
 14:55:04.841,eb:33:2e:f9:57:b5, 2085-97-228 02:146:255:2617,-0.019,-0.115,1.48,-386.78,-183.716,36.621,28.724,22.286,-68.28
 14:55:04.841,eb:33:2e:f9:57:b5, 2085-97-83 02:162:255:3179,0.492,-0.212,1.614,-374.878,-201.172,42.969,24.686,20.352,-68.846
 14:55:05.442,eb:33:2e:f9:57:b5, 2085-97-74 03:114:01:3355,0.397,0.173,1.564,-359.741,-195.557,49.011,20.901,18.358,-69.214
 14:55:05.442,eb:33:2e:f9:57:b5, 2085-97-227 02:120:01:3801,0.314,0.19,1.765,-338.989,-203.796,53.589,17.347,16.265,-69.406
 14:55:05.442,eb:33:2e:f9:57:b5, 2085-97-73 02:172:00:4015,0.262,0.149,1.9,-330.75,-206.97,60.974,14.013,14.128,-69.417
 14:55:05.442,eb:33:2e:f9:57:b5, 2085-97-219 01:99:255:4316,0.192,0.005,2.022,-341.309,-204.773,72.998,10.695,11.948,-69.208
 14:55:05.442,eb:33:2e:f9:57:b5, 2085-97-72 01:96:254:4989,0.156,-0.152,2.239,-368.774,-192.078,93.018,7.234,9.855,-68.698
 14:55:05.442,eb:33:2e:f9:57:b5, 2085-97-141 01:211:254:5849,0.268,-0.211,2.665,-400.757,-163.086,120.056,3.488,7.971,-67.791
 14:55:05.442,eb:33:2e:f9:57:b5, 2085-97-253 02:58:01:6313,0.492,-0.02,2.988,-425.293,-132.69,145.508,-0.494,6.482,-66.484
 14:55:05.442,eb:33:2e:f9:57:b5, 2085-97-242 04:28:05:6516,0.626,0.362,3.152,-439.453,-118.469,160.583,-4.691,5.301,-64.88
 14:55:05.592,eb:33:2e:f9:57:b5, 2085-97-138 03:41:10:4883,0.42,0.978,2.952,-442.871,-119.446,159.607,-8.981,4.351,-63.144
 14:55:05.592,eb:33:2e:f9:57:b5, 2085-97-251 02:200:13:5445,0.119,1.545,2.322,-409.302,-222.961,133.85,-13.145,2.922,-61.359
 14:55:05.593,eb:33:2e:f9:57:b5, 2085-97-135 254:120:14:6841,-0.293,1.792,3.031,-368.652,-301.697,103.699,-16.963,0.61,-59.529
 14:55:05.593,eb:33:2e:f9:57:b5, 2085-97-68 252:253:19:7613,-0.56,1.962,3.681,-322.144,-293.579,76.416,-20.418,-2.043,-57.706
 14:55:05.593,eb:33:2e:f9:57:b5, 2085-97-190 251:52:27:8641,-0.396,2.999,3.977,-302.734,-221.619,39.062,-23.604,-4.246,-56.206
 14:55:05.593,eb:33:2e:f9:57:b5, 2085-97-121 254:167:35:7364,-0.052,3.885,4.079,-282.288,-69.397,-8.057,-26.598,-5.482,-55.486
 14:55:05.593,eb:33:2e:f9:57:b5, 2085-97-245 254:144:43:3466,-0.565,5.01,2.789,-237.488,26.611,-67.688,-29.18,-5.707,-55.827
 14:55:05.594,eb:33:2e:f9:57:b5, 2085-97-248 245:44:41:-1209,-2.041,5.571,0.378,-133.789,-82.947,-117.981,-30.954,-6.334,-56.607
 14:55:05.596,eb:33:2e:f9:57:b5, 2085-97-26 235:16:29:1360,-3.088,4.306,-0.397,4.7,-300.11,-108.215,-31.542,-8.74,-56.552
 14:55:05.596,eb:33:2e:f9:57:b5, 2085-97-47 228:167:22:6206,-3.625,3.209,1.928,109.68,-324.89,-28.503,-31.075,-11.953,-55.371
 14:55:05.596,eb:33:2e:f9:57:b5, 2085-97-216 203:102:241:21241,-2.62,2.242,3.663,205.688,-179.688,46.57,-29.949,-13.832,-53.954
 14:55:05.596,eb:33:2e:f9:57:b5, 2085-97-07 01:18:251:-2739,1.255,1.438,0.009,318.604,381.348,184.631,-26.911,-10.432,-53.245
 14:55:05.598,eb:33:2e:f9:57:b5, 2085-97-243 01:92:251:908,-0.166,-1.948,-0.133,318.481,328.613,341.858,-24.066,-6.35,-52.015
 14:55:05.598,eb:33:2e:f9:57:b5, 2085-97-108 254:75:00:2212,-0.221,0.046,1.112,60.791,36.316,2.075,4.614,6.443,-48.73
 14:55:05.598,eb:33:2e:f9:57:b5, 2085-97-18 254:74:00:2081,-0.263,0.033,1.049,64.88,34.18,6.409,5.251,6.801,-48.669
 14:55:05.598,eb:33:2e:f9:57:b5, 2085-97-209 253:68:00:2183,-0.216,0.035,0.998,68.665,23.865,11.963,5.949,7.086,-48.543
 14:55:05.600,eb:33:2e:f9:57:b5, 2085-97-16 255:124:00:2970,-0.062,0.043,1.261,76.66,12.939,17.7,6.696,7.224,-48.389
 14:55:05.600,eb:33:2e:f9:57:b5, 2085-97-133 255:219:00:3145,-0.06,0.088,1.513,89.661,24.048,21.851,7.581,7.383,-48.159
 14:55:05.600,eb:33:2e:f9:57:b5, 2085-97-108 255:163:00:3401,-0.084,0.097,1.599,104.553,38.208,19.836,8.586,7.663,-47.922
 14:55:05.600,eb:33:2e:f9:57:b5, 2085-97-22 255:84:00:3369,-0.146,0.061,1.668,122.925,54.016,19.836,9.789,8.097,-47.648
 14:55:05.652,eb:33:2e:f9:57:b5, 2085-97-188 254:47:00:3320,0.402,0.035,1.62,140.869,60.608,22.583,11.157,8.641,-47.346
 14:55:05.652,eb:33:2e:f9:57:b5, 2085-97-54 01:20:04:7242,-0.036,0.245,3.151,434.082,319.031,-76.355,36.304,22.324,-41.896
 14:55:05.652,eb:33:2e:f9:57:b5, 2085-97-121 00:70:04:8474,0.24,0.652,4.083,500.732,281.372,-98.572,41.528,25.23,-40.622
 14:55:05.652,eb:33:2e:f9:57:b5, 2085-97-28 05:254:02:5500,0.449,0.539,3.616,556.152,244.08,-101.44,47.401,27.801,-39.386
 14:55:05.713,eb:33:2e:f9:57:b5, 2085-113-58 00:216:220:-5505,0.368,0.161,2.231,611.694,147.827,-112.549,53.707,29.894,-38.441
 14:55:05.713,eb:33:2e:f9:57:b5, 2085-97-159 00:35:01:5258,-0.197,-0.102,2.042,633.484,87.341,-119.568,56.915,30.685,-38.287
 14:55:05.713,eb:33:2e:f9:57:b5, 2085-97-161 253:247:00:7871,-0.066,0.29,3.344,605.713,57.8,-140.381,63.067,32.097,-38.474
 14:55:05.713,eb:33:2e:f9:57:b5, 2085-97-131 02:11:253:6891,0.577,-0.098,3.875,512.024,117.554,-146.057,68.802,33.75,-38.254
 14:55:05.715,eb:33:2e:f9:57:b5, 2085-97-91 04:131:247:4944,0.231,-0.438,2.608,342.896,189.575,-146.423,73.751,35.629,-36.98
 14:55:05.715,eb:33:2e:f9:57:b5, 2085-97-252 255:101:241:3496,0.094,-1.669,2.645,212.952,281.189,-94.421,77.816,37.414,-34.541
 14:55:05.715,eb:33:2e:f9:57:b5, 2085-113-81 00:191:80:21663,0.353,-1.725,-0.424,103.455,256.287,-25.391,81.579,38.469,-31.124
 14:55:05.715,eb:33:2e:f9:57:b5, 2085-97-85 04:32:243:-3705,0.637,-1.611,-1.723,-0.183,203.918,-1.221,82.667,38.677,-29.724
 14:55:05.715,eb:33:2e:f9:57:b5, 2085-97-00 05:217:242:-1825,0.526,-1.714,-1.474,-174.438,105.286,40.039,82.837,38.639,-27.828
 14:55:05.771,eb:33:2e:f9:57:b5, 2085-97-32 04:41:246:447,0.562,-1.472,-0.274,-277.954,11.597,74.951,80.892,38.101,-27.087
 14:55:05.772,eb:33:2e:f9:57:b5, 2085-97-54 05:141:248:1736,0.656,-1.046,0.588,-305.786,-49.194,89.722,77.844,37.216,-27.202
 14:55:05.772,eb:33:2e:f9:57:b5, 2085-97-87 05:109:249:1484,0.705,-0.869,0.84,-303.528,-71.838,95.093,74.493,36.156,-27.708
 14:55:05.772,eb:33:2e:f9:57:b5, 2085-97-235 05:204:250:999,0.752,-0.75,0.599,-290.955,-88.928,90.759,71.147,35.008,-28.339
 14:55:05.863,eb:33:2e:f9:57:b5, 2085-97-229 05:19:252:745,0.712,-0.556,0.412,-288.147,-105.469,79.224,67.835,33.871,-29.108
 14:55:05.863,eb:33:2e:f9:57:b5, 2085-97-147 05:160:252:722,0.68,-0.446,0.334,-297.485,-125.305,62.317,64.385,32.745,-30.053
 14:55:05.863,eb:33:2e:f9:57:b5, 2085-97-70 05:138:252:970,0.612,-0.417,0.404,-313.293,-146.118,43.762,60.71,31.652,-31.223
 14:55:05.863,eb:33:2e:f9:57:b5, 2085-97-175 04:04:252:1211,0.549,-0.466,0.524,-330.383,-159.485,27.954,56.772,30.542,-32.569
 14:55:05.863,eb:33:2e:f9:57:b5, 2085-97-253 03:180:251:1402,0.471,-0.521,0.643,-344.666,-161.194,17.7,52.701,29.432,-33.959
 14:55:05.864,eb:33:2e:f9:57:b5, 2085-97-106 03:253:251:1616,0.404,-0.533,0.755,-351.929,-159.973,13.55,48.554,28.279,-35.283
 14:55:05.864,eb:33:2e:f9:57:b5, 2085-97-236 02:103:252:1688,0.371,-0.476,0.821,-350.891,-162.537,13.428,44.467,27.076,-36.519
 14:55:05.864,eb:33:2e:f9:57:b5, 2085-97-210 02:165:252:1769,0.34,-0.434,0.86,-345.032,-171.753,16.663,40.463,25.719,-37.678
 14:55:05.892,eb:33:2e:f9:57:b5, 2085-97-132 02:196:252:1917,0.292,-0.417,0.899,-340.942,-181.458,22.522,36.595,24.208,-38.749
 14:55:05.892,eb:33:2e:f9:57:b5, 2085-97-55 02:03:253:2206,0.25,-0.393,0.994,-340.82,-189.087,30.151,32.805,22.511,-39.677
 14:55:05.892,eb:33:2e:f9:57:b5, 2085-97-198 01:71:253:2490,0.236,-0.36,1.151,-346.741,-189.209,38.147,29.097,20.709,-40.43
 14:55:05.892,eb:33:2e:f9:57:b5, 2085-97-225 01:212:253:2832,0.23,-0.312,1.312,-355.347,-184.265,46.936,25.389,18.831,-40.946
 14:55:05.922,eb:33:2e:f9:57:b5, 2085-97-241 01:48:254:3090,0.254,-0.246,1.435,-359.741,-179.81,53.833,21.72,16.957,-41.237
 14:55:05.922,eb:33:2e:f9:57:b5, 2085-97-26 02:163:254:3330,0.287,-0.198,1.585,-358.887,-176.208,61.707,18.078,15.073,-41.309
 14:55:05.922,eb:33:2e:f9:57:b5, 2085-97-87 02:207:254:3455,0.304,-0.15,1.668,-355.835,-179.016,66.467,14.54,13.189,-41.199
 14:55:05.922,eb:33:2e:f9:57:b5, 2085-97-107 02:141:254:3801,0.282,-0.161,1.751,-355.774,-188.782,70.801,11.019,11.223,-40.941
 14:55:06.704,eb:33:2e:f9:57:b5, 2085-97-15 02:231:253:4468,0.261,-0.22,2.002,-361.267,-195.496,77.454,7.509,9.196,-40.529
 14:55:06.704,eb:33:2e:f9:57:b5, 2085-97-10 02:193:253:5252,0.266,-0.289,2.396,-370.3,-190.674,88.623,3.917,7.158,-39.902
 14:55:06.704,eb:33:2e:f9:57:b5, 2085-97-94 02:190:254:5990,0.283,-0.242,2.746,-384.521,-178.223,102.295,0.236,5.279,-39.018
 14:55:06.704,eb:33:2e:f9:57:b5, 2085-97-51 01:13:02:5290,0.181,0.01,2.947,-406.128,-155.396,111.755,-3.664,3.631,-37.897
 14:55:06.762,eb:33:2e:f9:57:b5, 2085-97-133 01:215:06:5455,0.097,0.567,2.469,-414.185,-194.153,102.478,-7.712,2.027,-36.656
 14:55:06.762,eb:33:2e:f9:57:b5, 2085-97-119 255:31:11:6853,-0.257,1.119,2.994,-411.926,-242.126,78.979,-11.86,-0.022,-35.392
 14:55:06.762,eb:33:2e:f9:57:b5, 2085-97-10 252:167:14:8261,-0.75,1.639,3.715,-392.761,-268.555,52.49,-15.908,-2.39,-34.156
 14:55:06.762,eb:33:2e:f9:57:b5, 2085-97-87 248:194:16:8993,-0.801,1.975,4.282,-364.563,-248.779,30.457,-19.786,-4.785,-32.975
 14:55:06.764,eb:33:2e:f9:57:b5, 2085-97-142 250:190:24:8675,-0.423,2.394,4.525,-324.402,-145.142,11.719,-23.291,-6.597,-32.069
 14:55:06.764,eb:33:2e:f9:57:b5, 2085-97-31 255:195:35:7772,0.1,3.79,4.098,-297.241,-21.118,-29.419,-26.433,-7.35,-31.822
 14:55:06.764,eb:33:2e:f9:57:b5, 2085-97-152 00:169:45:4200,-0.317,5.136,3.092,-250.305,71.655,-91.431,-29.081,-7.3,-32.585
 14:55:06.764,eb:33:2e:f9:57:b5, 2085-97-161 247:236:46:-903,-1.966,6.024,0.746,-152.344,-23.621,-146.973,-30.932,-7.603,-33.86
 14:55:06.766,eb:33:2e:f9:57:b5, 2085-97-73 234:135:34:426,-3.396,5.111,-0.678,-12.451,-260.864,-148.254,-31.624,-9.745,-34.393
 14:55:06.766,eb:33:2e:f9:57:b5, 2085-97-97 224:146:26:5691,-4.253,3.771,1.489,111.572,-329.102,-62.378,-31.19,-13.013,-33.629
 14:55:06.766,eb:33:2e:f9:57:b5, 2085-97-152 223:35:18:7487,-3.266,2.736,3.718,196.899,-125.793,64.575,-29.888,-15.101,-32.338
 14:55:06.766,eb:33:2e:f9:57:b5, 2085-97-216 249:167:246:-1321,0.817,-2.833,8.707,360.779,265.93,227.478,-27.653,-14.293,-31.185
 14:55:06.768,eb:33:2e:f9:57:b5, 2085-97-76 16:235:234:856,1.358,-0.74,0.112,312.561,354.553,254.761,-24.439,-9.855,-30.762
 14:55:06.768,eb:33:2e:f9:57:b5, 2085-97-88 00:212:242:721,-0.991,-2.078,0.707,423.584,349.487,250.549,-20.978,-5.51,-29.74
 14:55:06.768,eb:33:2e:f9:57:b5, 2085-97-59 242:86:252:2674,-1.581,-0.794,0.602,515.869,224.121,201.477,-16.177,-2.137,-28.553
 14:55:06.768,eb:33:2e:f9:57:b5, 2085-97-105 245:242:09:2372,-1.17,0.313,1.13,475.525,142.517,129.15,-11.195,-0.055,-27.466
 14:55:06.771,eb:33:2e:f9:57:b5, 2085-97-232 252:123:12:4214,-0.237,1.648,1.912,392.09,88.196,19.775,-6.801,1.219,-26.988
 14:55:06.771,eb:33:2e:f9:57:b5, 2085-97-176 253:171:254:8770,-0.046,0.108,3.735,609.802,29.114,-139.771,63.688,31.965,-18.737
 14:55:06.771,eb:33:2e:f9:57:b5, 2085-97-30 02:205:250:8537,0.673,-0.448,4.304,541.199,125.061,-152.039,69.532,33.618,-18.594
 14:55:06.771,eb:33:2e:f9:57:b5, 2085-97-31 07:120:248:5227,1.055,-0.73,3.797,417.358,245.667,-149.963,75.234,35.596,-16.985
 14:55:06.882,eb:33:2e:f9:57:b5, 2085-97-151 08:60:228:-023,0.805,-1.748,1.308,241.699,269.348,-125.916,80.211,37.518,-14.068
 14:55:06.882,eb:33:2e:f9:57:b5, 2085-97-162 06:21:249:2064,0.779,-0.982,1.087,-383.362,-112.488,104.309,73.345,35.079,-10.838
 14:55:06.882,eb:33:2e:f9:57:b5, 2085-97-53 06:77:250:1574,0.786,-0.802,0.857,-389.587,-120.178,89.111,68.934,33.788,-11.799
 14:55:06.882,eb:33:2e:f9:57:b5, 2085-97-106 06:33:252:1502,0.801,-0.599,0.735,-389.893,-142.456,66.284,64.429,32.547,-12.892
 14:55:07.661,eb:33:2e:f9:57:b5, 2085-97-51 06:46:253:1592,0.726,-0.403,0.759,-393.127,-168.457,39.673,59.799,31.355,-14.266
 14:55:07.662,eb:33:2e:f9:57:b5, 2085-97-75 05:14:253:1808,0.579,-0.342,0.816,-402.771,-192.993,12.573,54.965,30.146,-15.919
 14:55:07.662,eb:33:2e:f9:57:b5, 2085-97-241 03:179:252:2210,0.372,-0.4,0.968,-417.664,-203.186,-5.249,49.966,28.911,-17.754
 14:55:07.662,eb:33:2e:f9:57:b5, 2085-97-200 02:227:252:2683,0.297,-0.409,1.147,-425.049,-200.623,-12.756,44.874,27.603,-19.534
 14:55:07.666,eb:33:2e:f9:57:b5, 2085-97-218 01:255:253:3064,0.169,-0.32,1.417,-413.147,-191.162,-13.245,39.952,26.252,-21.138
 14:55:07.666,eb:33:2e:f9:57:b5, 2085-97-238 00:235:254:3156,0.074,-0.183,1.533,-380.737,-189.026,-10.681,35.365,24.807,-22.544
 14:55:07.666,eb:33:2e:f9:57:b5, 2085-97-90 00:25:255:2956,0.039,-0.103,1.5,-342.773,-192.566,-5.615,31.278,23.258,-23.785
 14:55:07.666,eb:33:2e:f9:57:b5, 2085-97-71 00:200:254:2798,0.047,-0.143,1.397,-318.176,-194.397,0.549,27.576,21.561,-24.857
 14:55:07.666,eb:33:2e:f9:57:b5, 2085-97-96 00:229:254:2894,0.044,-0.146,1.378,-311.951,-197.449,4.333,24.131,19.781,-25.757
 14:55:07.666,eb:33:2e:f9:57:b5, 2085-97-139 00:53:255:3333,0.088,-0.124,1.486,-317.932,-199.463,5.615,20.715,17.902,-26.526
 14:55:07.666,eb:33:2e:f9:57:b5, 2085-97-227 00:12:00:3762,0.116,-0.055,1.738,-322.205,-192.505,4.517,17.325,16.035,-27.164
 14:55:07.666,eb:33:2e:f9:57:b5, 2085-97-02 01:28:01:3992,0.132,0.07,1.897,-317.017,-183.228,0.122,13.975,14.2,-27.68
 14:55:07.691,eb:33:2e:f9:57:b5, 2085-97-10 01:247:01:4066,0.116,0.202,1.977,-302.307,-176.88,-5.188,10.778,12.453,-28.125
 14:55:07.691,eb:33:2e:f9:57:b5, 2085-97-188 00:242:01:4139,0.062,0.257,2.004,-280.396,-174.744,-7.935,7.773,10.706,-28.499
 14:55:07.691,eb:33:2e:f9:57:b5, 2085-97-57 00:130:01:4154,-0.009,0.22,2.026,-260.315,-173.645,-3.967,5.037,8.987,-28.779
 14:55:07.691,eb:33:2e:f9:57:b5, 2085-97-137 255:195:00:4274,-0.112,0.145,2.044,-243.713,-176.636,7.69,2.494,7.213,-28.889
 14:55:07.696,eb:33:2e:f9:57:b5, 2085-97-170 254:01:00:4492,-0.217,0.045,2.128,-233.643,-179.871,27.222,0.132,5.427,-28.768
 14:55:07.696,eb:33:2e:f9:57:b5, 2085-97-204 253:216:255:4695,-0.312,-0.021,2.271,-238.77,-177.49,51.88,-2.197,3.615,-28.339
 14:55:07.696,eb:33:2e:f9:57:b5, 2085-97-108 253:236:00:4685,-0.306,0.023,2.299,-260.681,-171.631,76.233,-4.658,1.912,-27.598
 14:55:07.696,eb:33:2e:f9:57:b5, 2085-97-221 253:75:03:4779,-0.264,0.243,2.299,-288.757,-173.828,91.858,-7.421,0.275,-26.57
 14:55:07.811,eb:33:2e:f9:57:b5, 2085-97-221 253:109:06:4905,0.002,0.604,2.347,-312.195,-188.11,93.445,-10.459,-1.357,-25.378
 14:55:07.811,eb:33:2e:f9:57:b5, 2085-97-164 00:84:00:3914,0.151,0.015,1.837,213.989,93.689,28.442,16.523,11.942,-8.322
 14:55:07.811,eb:33:2e:f9:57:b5, 2085-97-128 01:242:255:4406,0.233,0.026,2.024,243.835,108.582,21.24,18.94,12.827,-7.795
 14:55:07.811,eb:33:2e:f9:57:b5, 2085-97-56 02:38:255:4719,0.392,-0.063,2.257,281.982,129.883,11.658,21.731,13.887,-7.213
 14:55:07.813,eb:33:2e:f9:57:b5, 2085-97-226 03:159:254:5131,0.608,-0.148,2.373,325.073,164.246,1.465,24.95,15.216,-6.581
 14:55:07.813,eb:33:2e:f9:57:b5, 2085-97-127 05:93:254:5129,0.598,-0.231,2.545,371.216,219.36,-10.864,28.696,16.957,-5.707
 14:55:07.813,eb:33:2e:f9:57:b5, 2085-97-50 03:21:255:5603,0.107,-0.179,2.522,420.349,265.503,-27.71,33.041,19.188,-4.581
 14:55:07.813,eb:33:2e:f9:57:b5, 2085-97-187 253:135:01:7136,-0.604,0.001,3.098,472.046,276.672,-44.434,38.013,21.632,-3.192
 14:55:07.816,eb:33:2e:f9:57:b5, 2085-97-58 251:10:03:8321,-0.365,0.345,3.942,516.968,256.042,-50.293,43.566,23.983,-1.752
 14:55:07.816,eb:33:2e:f9:57:b5, 2085-97-61 255:31:01:6128,0.091,0.282,3.569,561.401,230.103,-39.551,49.664,25.961,-0.143
 14:55:07.816,eb:33:2e:f9:57:b5, 2085-97-164 255:13:255:4181,-0.014,-0.126,2.397,593.384,179.932,-39.368,56.173,27.521,1.39
 14:55:07.816,eb:33:2e:f9:57:b5, 2085-97-68 00:216:255:5623,0.153,-0.191,2.269,606.506,107.239,-43.884,62.721,28.57,2.477
 14:55:07.818,eb:33:2e:f9:57:b5, 2085-97-107 04:206:253:6892,0.806,0,3.186,581.97,101.562,-61.768,69.066,29.465,3.241
 14:55:07.818,eb:33:2e:f9:57:b5, 2085-97-132 07:130:252:4998,1.034,-0.271,2.985,499.512,150.208,-77.942,75.07,30.509,4.411
 14:55:07.818,eb:33:2e:f9:57:b5, 2085-97-53 08:18:244:2001,1.022,-0.984,1.819,352.234,158.813,-88.196,80.118,31.696,5.988
 14:55:07.819,eb:33:2e:f9:57:b5, 2085-97-253 08:71:239:-1304,1.016,-1.837,0.459,190.674,128.174,-89.844,83.469,32.783,7.388
 14:55:07.903,eb:33:2e:f9:57:b5, 2085-97-177 05:141:243:-5310,0.865,-1.956,-2.672,-32.654,109.497,-78.613,85.166,33.728,8.926
 14:55:07.903,eb:33:2e:f9:57:b5, 2085-97-239 05:21:246:-660,0.583,-1.318,-1.266,-218.079,-5.737,-73.303,83.908,34.525,9.261
 14:55:07.903,eb:33:2e:f9:57:b5, 2085-97-05 04:52:247:1192,0.442,-1.209,0.287,-313.232,-52.612,-58.35,80.848,35.118,8.712
 14:55:07.903,eb:33:2e:f9:57:b5, 2085-97-77 03:120:248:1733,0.396,-0.984,0.721,-362.122,-81.665,-45.105,76.855,35.48,7.756
 14:55:07.931,eb:33:2e:f9:57:b5, 2085-113-81 00:126:99:17936,0.395,-0.942,0.934,-382.08,-96.985,-33.63,72.4,35.607,6.515
 14:55:07.931,eb:33:2e:f9:57:b5, 2085-97-11 03:128:248:1841,0.412,-0.947,0.936,-385.62,-99.609,-27.832,70.109,35.59,5.883
 14:55:07.931,eb:33:2e:f9:57:b5, 2085-97-84 03:187:249:1910,0.417,-0.886,0.935,-379.578,-106.689,-18.188,65.506,35.392,4.576
 14:55:07.931,eb:33:2e:f9:57:b5, 2085-97-104 03:80:251:1805,0.443,-0.667,0.903,-365.723,-115.479,-9.644,61.04,35.008,3.263
 14:55:07.933,eb:33:2e:f9:57:b5, 2085-97-155 03:199:251:1715,0.444,-0.548,0.869,-354.919,-130.249,-2.197,56.678,34.404,1.923
 14:55:07.933,eb:33:2e:f9:57:b5, 2085-97-121 03:85:252:1583,0.419,-0.496,0.791,-359.009,-139.404,3.784,52.377,33.613,0.571
 14:55:07.933,eb:33:2e:f9:57:b5, 2085-97-37 03:198:252:1719,0.39,-0.422,0.791,-372.253,-150.146,9.094,47.999,32.613,-0.72
 14:55:07.933,eb:33:2e:f9:57:b5, 2085-97-12 03:231:252:2107,0.35,-0.408,0.938,-383.423,-159.912,14.709,43.561,31.437,-1.967
 14:55:08.086,eb:33:2e:f9:57:b5, 2085-97-131 02:180:253:2373,0.304,-0.343,1.096,-384.46,-162.659,21.423,39.133,30.086,-3.071
 14:55:08.086,eb:33:2e:f9:57:b5, 2085-97-80 02:230:254:2576,0.284,-0.215,1.222,-370.361,-168.274,28.931,34.909,28.614,-4.01
 14:55:08.086,eb:33:2e:f9:57:b5, 2085-97-22 02:147:255:2549,0.257,-0.082,1.269,-350.281,-175.842,35.278,30.943,26.971,-4.779
 14:55:08.087,eb:33:2e:f9:57:b5, 2085-97-227 01:224:255:2599,0.22,-0.029,1.25,-336.06,-184.204,40.955,27.263,25.203,-5.411
 14:55:08.141,eb:33:2e:f9:57:b5, 2085-97-136 01:17:00:2880,0.167,-0.005,1.337,-331.787,-188.66,46.204,23.719,23.302,-5.883
 14:55:08.141,eb:33:2e:f9:57:b5, 2085-97-30 01:69:00:3235,0.132,0.023,1.479,-331.726,-186.584,51.27,20.303,21.374,-6.18
 14:55:08.141,eb:33:2e:f9:57:b5, 2085-97-250 00:114:00:3565,0.111,0.042,1.677,-329.468,-178.345,57.678,16.946,19.451,-6.268
 14:55:08.141,eb:33:2e:f9:57:b5, 2085-97-241 00:221:00:3700,0.136,0.081,1.781,-324.097,-169.128,64.27,13.722,17.622,-6.158
 14:55:08.143,eb:33:2e:f9:57:b5, 2085-97-75 01:49:01:3797,0.177,0.13,1.826,-317.444,-163.696,69.946,10.585,15.837,-5.845
 14:55:08.143,eb:33:2e:f9:57:b5, 2085-97-115 01:67:01:4021,0.174,0.159,1.9,-312.5,-161.926,74.341,7.564,14.117,-5.4
 14:55:08.143,eb:33:2e:f9:57:b5, 2085-97-90 01:03:01:4339,0.166,0.148,2.039,-312.378,-159.912,78.613,4.559,12.415,-4.807
 14:55:08.143,eb:33:2e:f9:57:b5, 2085-97-82 01:197:00:4632,0.178,0.106,2.192,-318.481,-154.724,85.999,1.56,10.8,-4.087
 14:55:08.171,eb:33:2e:f9:57:b5, 2085-97-166 01:04:01:4980,0.251,0.098,2.347,-329.651,-149.353,96.436,-1.544,9.256,-3.17
 14:55:08.171,eb:33:2e:f9:57:b5, 2085-97-131 02:96:02:5176,0.383,0.194,2.488,-344.36,-144.897,107.117,-4.752,7.85,-2.087
 14:55:08.171,eb:33:2e:f9:57:b5, 2085-97-27 03:68:05:4981,0.217,0.449,2.546,-360.413,-146.301,113.037,-8.146,6.509,-0.818
 14:55:08.171,eb:33:2e:f9:57:b5, 2085-97-137 01:126:08:3883,0.171,0.838,2.003,-360.352,-182.373,109.131,-11.646,5.158,0.527
 14:55:08.171,eb:33:2e:f9:57:b5, 2085-97-87 00:167:10:5306,-0.188,1.22,2.168,-344.299,-257.812,92.224,-15.068,3.153,2.021
 14:55:08.411,eb:33:2e:f9:57:b5, 2085-113-58 00:71:230:-840,-0.468,1.433,2.955,-324.951,-282.166,80.078,-18.358,0.769,3.598
 14:55:08.411,eb:33:2e:f9:57:b5, 2085-97-94 251:65:12:7174,-0.592,1.494,3.227,-309.753,-278.503,75.012,-19.957,-0.45,4.417
 14:55:08.411,eb:33:2e:f9:57:b5, 2085-97-79 251:48:20:6965,-0.445,1.915,3.548,-279.114,-200.195,64.453,-22.906,-2.428,5.9
 14:55:08.411,eb:33:2e:f9:57:b5, 2085-97-44 254:84:28:6884,-0.047,3.034,3.505,-264.16,-113.892,28.442,-25.686,-3.686,6.971
 14:55:08.442,eb:33:2e:f9:57:b5, 2085-97-43 00:46:36:4585,-0.124,4.07,2.899,-239.807,-28.931,-26.428,-28.224,-4.241,7.207
 14:55:08.442,eb:33:2e:f9:57:b5, 2085-97-77 252:92:39:1334,-1.008,4.831,1.462,-180.908,-54.626,-87.708,-30.311,-4.834,6.828
 14:55:08.442,eb:33:2e:f9:57:b5, 2085-97-147 242:211:31:1020,-2.197,4.641,0.12,-79.346,-199.28,-120.361,-31.564,-6.493,6.515
 14:55:08.442,eb:33:2e:f9:57:b5, 2085-97-249 233:04:25:4078,-3.139,3.491,1.253,35.217,-287.72,-80.444,-31.75,-9.3,7.015
 14:55:08.442,eb:33:2e:f9:57:b5, 2085-97-99 229:121:19:6264,-3.16,2.785,2.712,107.239,-201.904,-1.892,-31.157,-11.684,7.998
 14:55:08.442,eb:33:2e:f9:57:b5, 2085-97-181 204:28:225:19301,-1.378,2.182,2.936,139.709,-16.296,84.839,-30.07,-12.277,8.932
 14:55:08.442,eb:33:2e:f9:57:b5, 2085-97-202 254:227:252:-3491,0.886,0.858,0.699,300.964,438.171,233.704,-27.279,-8.948,9.651
 14:55:08.442,eb:33:2e:f9:57:b5, 2085-97-126 01:191:248:156,-0.217,-2.165,-1.107,314.392,261.78,352.295,-24.467,-4.982,11.041
 14:55:08.444,eb:33:2e:f9:57:b5, 2085-97-90 250:94:244:1395,-1.143,-1.776,0.171,428.467,148.682,277.527,-20.786,-1.846,13.057
 14:55:08.444,eb:33:2e:f9:57:b5, 2085-97-145 246:220:251:2173,-1.261,-1.009,0.89,452.087,68.115,243.774,-16.331,-0.088,15.255
 14:55:08.444,eb:33:2e:f9:57:b5, 2085-97-77 249:193:12:3513,-0.65,-0.027,0.936,424.377,-0.549,211.731,-11.931,0.747,17.265
 14:55:08.444,eb:33:2e:f9:57:b5, 2085-97-248 253:100:18:4297,-0.3,1.995,1.618,372.681,16.296,106.506,-7.833,1.104,18.754
 14:55:08.561,eb:33:2e:f9:57:b5, 2085-97-188 252:40:08:2642,-0.268,1.644,1.59,270.63,33.508,-2.136,-4.708,1.45,19.116
 14:55:08.561,eb:33:2e:f9:57:b5, 2085-97-210 254:103:03:2242,0.034,0.547,1.201,218.567,-24.963,-69.275,-2.307,1.439,18.666
 14:55:08.561,eb:33:2e:f9:57:b5, 2085-97-110 00:253:01:2318,0.14,-0.116,1.365,180.42,-64.514,-68.237,-0.363,0.797,17.875
 14:55:08.561,eb:33:2e:f9:57:b5, 2085-97-104 02:222:02:2196,0.312,-0.002,1.136,102.539,-69.641,-7.385,1.071,0.044,17.413
 14:55:08.564,eb:33:2e:f9:57:b5, 2085-97-198 255:119:03:1864,0.065,0.782,0.974,29.602,-5.554,33.997,1.664,-0.324,17.699
 14:55:08.564,eb:33:2e:f9:57:b5, 2085-113-81 00:73:126:755,0.038,0.101,1.07,2.869,13.672,3.662,2.631,-0.247,18.556
 14:55:08.564,eb:33:2e:f9:57:b5, 2085-97-47 00:184:00:2098,-0.008,0.095,1.034,2.93,17.456,1.77,2.648,-0.165,18.572
 14:55:08.564,eb:33:2e:f9:57:b5, 2085-97-254 255:151:00:2091,-0.029,0.078,1,3.113,21.179,-0.916,2.681,0.027,18.539
 14:55:08.566,eb:33:2e:f9:57:b5, 2085-97-174 255:133:00:2048,-0.027,0.071,1.011,4.272,21.912,-2.808,2.736,0.242,18.528
 14:55:08.566,eb:33:2e:f9:57:b5, 2085-97-204 255:119:00:2151,-0.031,0.065,1.02,5.371,22.034,-3.052,2.785,0.456,18.468
 14:55:08.566,eb:33:2e:f9:57:b5, 2085-97-156 255:112:00:2118,-0.051,0.065,1.015,6.165,25.818,-3.479,2.856,0.703,18.446
 14:55:08.566,eb:33:2e:f9:57:b5, 2085-97-194 255:140:00:2127,-0.003,0.045,1.064,9.46,25.024,-1.709,2.933,0.961,18.391
 14:55:08.570,eb:33:2e:f9:57:b5, 2085-97-00 00:178:00:2141,-0.002,0.077,1.067,11.841,28.015,-1.892,3.06,1.214,18.386
 14:55:08.570,eb:33:2e:f9:57:b5, 2085-97-212 255:162:00:2175,-0.054,0.09,1.055,13.306,32.471,-4.822,3.186,1.522,18.331
 14:55:08.570,eb:33:2e:f9:57:b5, 2085-97-154 255:163:00:2061,-0.082,0.083,0.988,16.052,32.227,-7.08,3.351,1.851,18.287
 14:55:08.570,eb:33:2e:f9:57:b5, 2085-97-44 255:128:00:2031,-0.09,0.072,0.986,17.395,30.151,-7.751,3.516,2.175,18.188
 14:55:08.623,eb:33:2e:f9:57:b5, 2085-97-42 255:152:00:1981,-0.06,0.064,0.983,19.897,23.376,-7.263,3.719,2.439,18.127
 14:55:08.623,eb:33:2e:f9:57:b5, 2085-97-62 255:190:00:2032,-0.08,0.114,0.972,19.653,20.447,-7.446,3.917,2.653,18.029
 14:55:08.623,eb:33:2e:f9:57:b5, 2085-97-112 255:199:00:2104,-0.092,0.082,1.042,20.752,20.63,-7.629,4.131,2.851,17.968
 14:55:08.623,eb:33:2e:f9:57:b5, 2085-97-146 255:184:00:2230,-0.051,0.082,1.027,22.156,20.874,-9.583,4.34,3.071,17.858
 14:55:08.653,eb:33:2e:f9:57:b5, 2085-97-111 255:211:00:2113,-0.077,0.099,1.072,25.024,25.818,-10.925,4.592,3.307,17.77
 14:55:08.653,eb:33:2e:f9:57:b5, 2085-97-86 255:229:00:2105,-0.083,0.108,1.022,25.574,28.687,-12.207,4.839,3.593,17.639
 14:55:08.653,eb:33:2e:f9:57:b5, 2085-97-86 255:204:00:2286,-0.102,0.104,1.071,28.137,30.151,-14.526,5.114,3.895,17.529
 14:55:08.653,eb:33:2e:f9:57:b5, 2085-97-238 254:117:00:2510,-0.131,0.089,1.156,32.837,36.926,-16.418,5.411,4.246,17.364
 14:55:08.803,eb:33:2e:f9:57:b5, 2085-97-22 255:149:00:2544,-0.091,0.047,1.268,40.71,45.41,-15.32,5.79,4.669,17.243
 14:55:08.803,eb:33:2e:f9:57:b5, 2085-97-58 255:186:00:2486,-0.121,0.093,1.227,47.913,52.734,-14.404,6.229,5.169,17.111
 14:55:08.803,eb:33:2e:f9:57:b5, 2085-97-205 254:142:00:2371,-0.206,0.083,1.194,52.551,62.317,-12.024,6.74,5.762,17.045
 14:55:08.803,eb:33:2e:f9:57:b5, 2085-97-08 254:66:00:2418,-0.227,0.049,1.146,58.777,62.317,-6.897,7.295,6.405,16.99
 14:55:08.805,eb:33:2e:f9:57:b5, 2085-97-208 254:103:00:2984,-0.092,0.047,1.279,69.092,56.091,-1.77,7.954,6.993,17.029
 14:55:08.805,eb:33:2e:f9:57:b5, 2085-97-135 255:122:00:3415,-0.088,0.075,1.6,86.914,66.833,0.793,8.751,7.592,17.078
 14:55:08.805,eb:33:2e:f9:57:b5, 2085-97-245 254:108:00:3170,-0.153,0.067,1.6,104.492,85.083,6.592,9.756,8.355,17.249
 14:55:08.805,eb:33:2e:f9:57:b5, 2085-97-122 254:34:00:3210,-0.241,0.044,1.565,125,89.722,13.428,10.948,9.201,17.468
 14:55:08.808,eb:33:2e:f9:57:b5, 2085-97-182 253:159:255:3113,-0.325,0.002,1.55,145.874,84.839,19.531,12.387,10.025,17.814
 14:55:08.808,eb:33:2e:f9:57:b5, 2085-97-166 253:160:255:3221,-0.248,-0.037,1.509,167.419,71.289,27.771,14.035,10.734,18.199
 14:55:08.808,eb:33:2e:f9:57:b5, 2085-97-07 255:43:00:3736,0.027,-0.04,1.682,191.65,61.768,33.264,15.947,11.277,18.677
 14:55:08.808,eb:33:2e:f9:57:b5, 2085-97-05 01:162:00:4193,0.179,0.077,1.952,221.497,67.993,29.236,18.122,11.794,19.144
 14:55:08.808,eb:33:2e:f9:57:b5, 2085-97-227 01:11:00:4854,0.264,0.073,2.198,256.226,86.121,18.311,20.638,12.437,19.638
 14:55:08.808,eb:33:2e:f9:57:b5, 2085-97-116 02:135:254:5191,0.401,-0.076,2.452,297.852,120.483,8.728,23.538,13.359,20.127
 14:55:08.808,eb:33:2e:f9:57:b5, 2085-97-129 04:163:254:5309,0.65,-0.179,2.557,343.506,172.607,1.465,26.944,14.672,20.841
 14:55:08.809,eb:33:2e:f9:57:b5, 2085-97-25 04:38:254:5121,0.416,-0.227,2.562,396.179,224.365,-13.55,30.921,16.469,21.747
 14:55:08.833,eb:33:2e:f9:57:b5, 2085-97-122 00:01:00:6292,-0.252,-0.162,2.777,449.158,252.441,-30.64,35.535,18.611,22.934
 14:55:08.833,eb:33:2e:f9:57:b5, 2085-97-218 250:187:02:7951,-0.623,0.118,3.468,499.084,252.686,-38.94,40.77,20.847,24.274
 14:55:08.833,eb:33:2e:f9:57:b5, 2085-97-28 252:217:02:7266,-0.072,0.292,4.133,546.509,231.14,-32.227,46.571,22.813,25.735
 14:55:08.833,eb:33:2e:f9:57:b5, 2085-97-119 01:89:00:4799,0.006,0.103,3.022,581.604,198.608,-26.978,52.888,24.434,27.279
 14:55:08.833,eb:33:2e:f9:57:b5, 2085-113-58 00:85:231:-5700,-0.132,0.159,2.008,586.731,138.428,-42.786,59.315,25.62,28.597
 14:55:08.982,eb:33:2e:f9:57:b5, 2085-97-99 253:247:255:6100,-0.066,0.061,2.503,576.416,139.343,-52.246,62.452,26.164,29.097
 14:55:08.982,eb:33:2e:f9:57:b5, 2085-97-39 03:06:254:5871,0.803,-0.173,3.057,556.702,154.541,-48.035,68.692,27.241,30.394
 14:55:08.982,eb:33:2e:f9:57:b5, 2085-97-228 08:234:251:3616,1.202,-0.339,2.342,500.732,135.132,-48.523,74.658,28.152,31.789
 14:55:08.982,eb:33:2e:f9:57:b5, 2085-97-158 09:35:248:1941,0.784,-0.786,1.262,393.127,63.354,-61.951,79.552,28.911,32.745
 14:55:09.012,eb:33:2e:f9:57:b5, 2085-97-225 04:200:242:1387,0.566,-1.282,1.059,262.634,20.508,-98.206,82.853,29.756,32.91
 14:55:09.013,eb:33:2e:f9:57:b5, 2085-97-28 04:208:241:-3415,0.312,-1.891,-1.008,78.796,35.828,-75.195,84.743,30.63,33.14
 14:55:09.013,eb:33:2e:f9:57:b5, 2085-97-94 02:127:242:-1300,0.334,-1.731,-1.347,-150.452,22.644,-59.631,84.337,31.328,33.415
 14:55:09.013,eb:33:2e:f9:57:b5, 2085-97-160 02:53:245:1294,0.359,-1.562,0.135,-290.588,11.23,-29.48,82.029,31.767,33.492
 14:55:09.013,eb:33:2e:f9:57:b5, 2085-97-164 02:08:249:1931,0.33,-1.057,0.87,-368.103,18.005,-11.414,78.739,31.97,33.602
 14:55:09.013,eb:33:2e:f9:57:b5, 2085-97-248 02:148:249:1827,0.414,-0.804,0.937,-400.879,-1.892,-2.991,74.866,32.047,33.668
 14:55:09.013,eb:33:2e:f9:57:b5, 2085-97-20 04:155:249:1406,0.587,-0.82,0.763,-408.813,-28.809,1.221,70.708,31.998,33.459
 14:55:09.013,eb:33:2e:f9:57:b5, 2085-97-10 05:187:250:1276,0.65,-0.749,0.655,-402.71,-54.504,-1.16,66.368,31.822,32.964
 14:55:09.015,eb:33:2e:f9:57:b5, 2085-97-59 05:02:252:1302,0.638,-0.564,0.616,-386.169,-85.754,-7.08,62.018,31.553,32.157
 14:55:09.015,eb:33:2e:f9:57:b5, 2085-97-241 04:80:252:1478,0.573,-0.473,0.676,-367.92,-120.3,-12.939,57.651,31.102,31.009
 14:55:09.015,eb:33:2e:f9:57:b5, 2085-97-83 04:76:252:1511,0.501,-0.461,0.724,-360.535,-143.188,-14.771,53.322,30.46,29.597
 14:55:09.015,eb:33:2e:f9:57:b5, 2085-97-186 03:240:251:1623,0.425,-0.477,0.752,-364.014,-155.029,-14.16,48.95,29.619,28.114
 14:55:09.043,eb:33:2e:f9:57:b5, 2085-97-57 03:187:251:1909,0.372,-0.532,0.849,-373.108,-161.804,-8.972,44.572,28.614,26.664
 14:55:09.043,eb:33:2e:f9:57:b5, 2085-97-202 02:37:252:2174,0.321,-0.517,1.001,-379.822,-164.734,-1.16,40.166,27.427,25.345
 14:55:09.043,eb:33:2e:f9:57:b5, 2085-97-129 02:227:252:2358,0.301,-0.436,1.099,-379.761,-168.518,8.484,35.859,26.087,24.197
 14:55:09.043,eb:33:2e:f9:57:b5, 2085-97-93 02:196:253:2556,0.296,-0.33,1.19,-372.559,-175.049,18.372,31.674,24.565,23.247
 14:55:09.131,eb:33:2e:f9:57:b5, 2085-97-49 02:120:254:2792,0.263,-0.232,1.321,-364.075,-178.772,27.71,27.697,22.901,22.467
 14:55:09.131,eb:33:2e:f9:57:b5, 2085-97-225 01:226:254:3033,0.205,-0.158,1.419,-357.91,-177.612,36.316,23.873,21.132,21.923
 14:55:09.131,eb:33:2e:f9:57:b5, 2085-97-133 01:205:254:3383,0.171,-0.136,1.557,-355.286,-174.255,46.387,20.209,19.347,21.594
 14:55:09.131,eb:33:2e:f9:57:b5, 2085-97-78 01:189:254:3637,0.187,-0.158,1.713,-355.896,-166.931,59.204,16.617,17.545,21.539
 14:55:09.133,eb:33:2e:f9:57:b5, 2085-97-162 01:05:255:3937,0.229,-0.146,1.857,-357.788,-163.086,73.547,13.112,15.782,21.731
 14:55:09.133,eb:33:2e:f9:57:b5, 2085-97-14 02:244:255:4284,0.282,-0.073,1.999,-359.985,-161.438,88.196,9.624,14.008,22.214
 14:55:09.133,eb:33:2e:f9:57:b5, 2085-97-119 02:52:01:4700,0.333,0.069,2.189,-362.061,-160.339,101.562,6.18,12.283,22.917
 14:55:09.133,eb:33:2e:f9:57:b5, 2085-97-212 02:147:02:5191,0.366,0.234,2.413,-364.319,-158.691,113.525,2.714,10.591,23.873
 14:55:09.251,eb:33:2e:f9:57:b5, 2085-97-243 02:74:04:5736,0.331,0.417,2.667,-366.089,-156.067,125.427,-0.736,8.992,25.021
 14:55:09.251,eb:33:2e:f9:57:b5, 2085-97-28 01:32:07:5216,0.118,0.713,2.851,-367.126,-145.569,138.367,-4.23,7.52,26.411
 14:55:09.251,eb:33:2e:f9:57:b5, 2085-97-222 00:229:10:5394,0.04,1.128,2.47,-348.328,-181.641,144.592,-7.619,6.048,27.966
 14:55:09.251,eb:33:2e:f9:57:b5, 2085-97-81 255:50:14:6268,-0.23,1.557,2.889,-325.317,-204.346,144.348,-10.849,4.312,29.713
 14:55:09.253,eb:33:2e:f9:57:b5, 2085-97-89 253:125:17:6551,-0.398,1.998,3.151,-294.678,-201.782,140.076,-13.826,2.626,31.492
 14:55:09.253,eb:33:2e:f9:57:b5, 2085-97-151 252:216:19:6298,-0.333,2.347,3.173,-257.08,-183.96,131.287,-16.534,1.099,33.305
 14:55:09.253,eb:33:2e:f9:57:b5, 2085-97-37 00:233:22:5834,0.208,2.6,2.924,-216.675,-150.818,111.206,-18.875,-0.137,34.931
 14:55:09.253,eb:33:2e:f9:57:b5, 2085-97-182 02:24:34:4387,0.359,3.563,2.396,-196.899,-82.581,70.74,-20.929,-0.835,36.161
 14:55:09.257,eb:33:2e:f9:57:b5, 2085-97-187 01:172:39:2663,-0.1,4.736,1.833,-183.35,-83.13,-7.751,-22.846,-1.461,36.727
 14:55:09.258,eb:33:2e:f9:57:b5, 2085-97-132 251:69:37:931,-1.053,4.902,0.749,-143.799,-152.1,-80.383,-24.5,-2.741,36.733
 14:55:09.258,eb:33:2e:f9:57:b5, 2085-97-51 243:212:31:2371,-2.062,4.358,0.604,-66.528,-240.967,-114.197,-25.538,-5.021,36.667
 14:55:09.258,eb:33:2e:f9:57:b5, 2085-97-109 230:147:11:11469,-3.836,3.669,1.716,31.616,-244.934,-96.802,-25.648,-7.789,36.782
 14:55:09.312,eb:33:2e:f9:57:b5, 2085-97-20 220:182:13:7563,-3.072,2.743,6.415,247.803,142.761,37.781,-23.934,-8.91,37.128
 14:55:09.312,eb:33:2e:f9:57:b5, 2085-97-43 249:183:08:-777,-0.147,2.221,2.349,298.706,347.29,179.749,-21.11,-6.031,37.205
 14:55:09.312,eb:33:2e:f9:57:b5, 2085-97-155 249:222:251:553,-1.251,-1.121,-0.266,343.14,274.536,266.724,-17.974,-2.313,38.205
 14:55:09.312,eb:33:2e:f9:57:b5, 2085-97-72 243:60:245:1018,-0.86,-1.22,0.488,405.579,138.794,197.021,-14.161,0.28,39.891
 14:55:09.433,eb:33:2e:f9:57:b5, 2085-97-27 251:63:04:4901,-0.604,-0.296,2.443,429.932,39.062,109.131,-9.877,1.236,41.149
 14:55:09.433,eb:33:2e:f9:57:b5, 2085-97-18 250:170:16:2781,-0.524,1.437,2.006,368.713,42.236,17.212,-5.812,1.857,41.726
 14:55:09.433,eb:33:2e:f9:57:b5, 2085-97-80 255:180:06:2316,-0.172,1.642,1.076,217.407,-64.636,-69.885,-2.961,1.56,41.292
 14:55:09.433,eb:33:2e:f9:57:b5, 2085-97-161 255:59:01:2018,-0.013,0.138,1.012,117.737,-56.58,-42.542,-1.406,0.928,40.671
 14:55:09.462,eb:33:2e:f9:57:b5, 2085-97-03 00:118:00:2186,0.074,0.214,0.972,68.115,-63.782,-0.122,-0.505,0.286,40.501
 14:55:09.462,eb:33:2e:f9:57:b5, 2085-97-160 255:181:01:1674,-0.077,-0.046,1.142,41.199,-17.029,25.635,0.016,-0.115,40.655
 14:55:09.462,eb:33:2e:f9:57:b5, 2085-97-114 00:244:01:2071,0.12,0.227,0.844,27.588,-29.48,11.78,0.33,-0.335,40.858
 14:55:09.463,eb:33:2e:f9:57:b5, 2085-97-112 01:36:01:2277,0.078,0.167,1.061,15.686,-3.235,4.211,0.555,-0.489,40.913
 14:55:09.554,eb:33:2e:f9:57:b5, 2085-97-135 255:220:00:1951,-0.128,0.147,1.038,10.681,14.099,0,0.681,-0.406,40.935
 14:55:09.554,eb:33:2e:f9:57:b5, 2085-97-247 254:68:00:1868,-0.107,0.05,0.912,6.531,9.338,-2.075,0.78,-0.275,40.919
 14:55:09.554,eb:33:2e:f9:57:b5, 2085-97-65 255:63:00:1947,-0.071,0.034,0.938,4.578,-1.221,-0.61,0.835,-0.247,40.908
 14:55:09.554,eb:33:2e:f9:57:b5, 2085-97-217 255:99:00:2071,0.01,0.035,0.965,4.15,-8.057,-0.183,0.89,-0.302,40.902
 14:55:09.555,eb:33:2e:f9:57:b5, 2085-97-217 255:78:00:2083,-0.039,0.051,1.043,4.211,-3.601,0,0.934,-0.368,40.902
 14:55:09.555,eb:33:2e:f9:57:b5, 2085-97-146 255:32:00:2048,-0.062,0.026,1.009,5.066,-3.601,2.136,0.994,-0.401,40.908
 14:55:09.555,eb:33:2e:f9:57:b5, 2085-97-150 255:40:00:2042,-0.041,0.011,0.993,6.348,-6.714,5.249,1.055,-0.45,40.891
 14:55:09.555,eb:33:2e:f9:57:b5, 2085-97-243 255:162:00:1945,-0.009,0.027,1.006,6.348,-8.362,7.141,1.132,-0.538,40.957
 14:55:09.557,eb:33:2e:f9:57:b5, 2085-97-248 255:124:00:2044,0.004,0.066,0.997,6.287,-11.169,8.484,1.198,-0.643,41.045
 14:55:09.558,eb:33:2e:f9:57:b5, 2085-97-253 255:105:00:2073,0.003,0.062,1.006,5.798,-9.827,6.714,1.269,-0.753,41.116
 14:55:09.558,eb:33:2e:f9:57:b5, 2085-97-23 00:138:00:2061,0.025,0.062,0.998,4.456,-6.836,5.31,1.318,-0.835,41.177
 14:55:09.558,eb:33:2e:f9:57:b5, 2085-97-49 00:143:00:2080,0.025,0.071,1.019,3.723,-2.197,2.93,1.373,-0.884,41.215
 14:55:09.558,eb:33:2e:f9:57:b5, 2085-97-05 00:114:00:2065,-0.013,0.067,1.026,3.967,3.418,-0.366,1.412,-0.873,41.226
 14:55:09.558,eb:33:2e:f9:57:b5, 2085-97-184 255:70:00:2023,-0.038,0.047,1.001,4.456,5.249,-1.038,1.467,-0.829,41.215
 14:55:09.558,eb:33:2e:f9:57:b5, 2085-97-165 255:62:00:2020,-0.021,0.028,1,5.493,3.54,0,1.516,-0.78,41.21
 14:55:09.558,eb:33:2e:f9:57:b5, 2085-97-228 255:80:00:2094,0,0.033,1.022,7.812,0.854,1.77,1.599,-0.769,41.221
 14:55:09.611,eb:33:2e:f9:57:b5, 2085-97-31 00:121:00:2127,0.01,0.05,1.041,9.644,3.418,1.892,1.686,-0.753,41.237
 14:55:09.611,eb:33:2e:f9:57:b5, 2085-97-187 255:124:00:2023,-0.026,0.068,1.061,10.864,33.142,-12.024,2.263,0.148,41.034
 14:55:09.611,eb:33:2e:f9:57:b5, 2085-97-242 255:149:00:2081,-0.011,0.071,0.986,11.108,30.457,-13.306,2.368,0.472,40.924
 14:55:09.612,eb:33:2e:f9:57:b5, 2085-97-189 255:150:00:2033,-0.041,0.081,0.994,11.536,31.433,-14.526,2.499,0.791,40.798
 14:55:09.674,eb:33:2e:f9:57:b5, 2085-97-168 255:126:00:2159,-0.063,0.069,1.004,12.817,27.832,-14.465,2.615,1.093,40.666
 14:55:09.674,eb:33:2e:f9:57:b5, 2085-97-51 255:54:00:2244,-0.087,0.052,1.08,16.846,28.076,-13.611,2.774,1.373,40.54
 14:55:09.674,eb:33:2e:f9:57:b5, 2085-97-88 255:137:00:2033,-0.106,0.044,1.055,22.4,26.428,-11.475,2.977,1.653,40.424
 14:55:09.674,eb:33:2e:f9:57:b5, 2085-97-38 255:109:00:2296,-0.094,0.067,1.025,23.926,22.949,-10.986,3.219,1.901,40.331
 14:55:09.761,eb:33:2e:f9:57:b5, 2085-97-103 255:115:00:2386,-0.045,0.031,1.204,28.137,29.907,-10.193,3.472,2.164,40.237
 14:55:09.761,eb:33:2e:f9:57:b5, 2085-97-214 255:235:00:2358,-0.02,0.088,1.147,34.607,33.081,-11.23,3.801,2.488,40.15
 14:55:09.761,eb:33:2e:f9:57:b5, 2085-97-202 255:192:00:2547,-0.043,0.107,1.203,40.588,39.734,-14.954,4.175,2.862,39.99
 14:55:09.761,eb:33:2e:f9:57:b5, 2085-97-162 255:213:00:2462,-0.066,0.091,1.247,47.852,49.744,-16.846,4.625,3.323,39.864
 14:55:09.763,eb:33:2e:f9:57:b5, 2085-97-235 254:118:00:2199,-0.217,0.091,1.142,53.772,54.81,-16.724,5.136,3.867,39.688
 14:55:09.763,eb:33:2e:f9:57:b5, 2085-97-245 253:207:255:2297,-0.292,0.025,1.073,57.19,51.27,-12.329,5.702,4.411,39.589
 14:55:09.763,eb:33:2e:f9:57:b5, 2085-97-08 254:203:255:2611,-0.176,-0.028,1.19,64.697,44.922,-3.784,6.306,4.9,39.507
 14:55:09.763,eb:33:2e:f9:57:b5, 2085-97-05 255:119:00:2826,-0.092,0.015,1.351,75.562,47.18,2.991,7.031,5.345,39.562
 14:55:09.769,eb:33:2e:f9:57:b5, 2085-97-37 255:104:00:2987,-0.132,0.071,1.44,89.111,54.932,5.859,7.872,5.839,39.622
 14:55:09.769,eb:33:2e:f9:57:b5, 2085-97-13 255:73:00:2977,-0.14,0.042,1.456,103.76,65.063,10.498,8.877,6.432,39.798
 14:55:09.769,eb:33:2e:f9:57:b5, 2085-97-108 254:78:00:3029,-0.187,0.046,1.442,118.469,69.092,18.188,10.031,7.086,40.007
 14:55:09.769,eb:33:2e:f9:57:b5, 2085-97-107 254:238:255:3582,-0.168,0.012,1.619,138.123,68.176,23.804,11.376,7.707,40.347
 14:55:09.791,eb:33:2e:f9:57:b5, 2085-97-127 255:119:00:3824,0.012,0.037,1.815,155.273,78.308,28.625,12.92,8.372,40.715
 14:55:09.791,eb:33:2e:f9:57:b5, 2085-97-192 00:221:00:3663,0.115,0.109,1.807,174.255,96.13,28.32,14.661,9.157,41.226
 14:55:09.791,eb:33:2e:f9:57:b5, 2085-97-160 01:77:01:3871,0.243,0.162,1.83,194.946,113.525,23.132,16.6,10.113,41.715
 14:55:09.791,eb:33:2e:f9:57:b5, 2085-113-58 00:71:230:-5385,0.26,0.158,1.949,220.154,131.836,12.939,18.803,11.234,42.275
 14:55:09.915,eb:33:2e:f9:57:b5, 2085-97-45 02:203:00:4355,0.309,0.15,1.988,234.131,138.794,7.08,20.001,11.86,42.55
 14:55:09.915,eb:33:2e:f9:57:b5, 2085-97-132 03:28:00:4834,0.528,0.04,2.254,267.151,163.879,-3.296,22.643,13.271,43.077
 14:55:09.915,eb:33:2e:f9:57:b5, 2085-97-245 04:164:255:5054,0.621,-0.011,2.439,309.57,197.815,-17.456,25.708,14.963,43.748
 14:55:09.916,eb:33:2e:f9:57:b5, 2085-97-132 04:136:254:5203,0.512,-0.099,2.526,358.521,240.112,-33.142,29.306,17.04,44.511
 14:55:09.919,eb:33:2e:f9:57:b5, 2085-97-130 02:143:00:5250,0.079,-0.179,2.512,407.104,278.809,-42.053,33.508,19.484,45.621
 14:55:09.919,eb:33:2e:f9:57:b5, 2085-97-155 255:246:05:6285,-0.021,0.359,2.733,467.163,250.183,-54.932,38.342,21.967,46.857
 14:55:09.919,eb:33:2e:f9:57:b5, 2085-97-78 00:230:05:7288,-0.009,0.842,3.382,543.579,152.71,-82.764,43.77,23.928,47.703
 14:55:09.919,eb:33:2e:f9:57:b5, 2085-97-205 00:144:01:5412,0.014,0.524,3.351,590.21,122.742,-90.027,49.642,25.472,48.038
 14:55:09.922,eb:33:2e:f9:57:b5, 2085-97-53 255:21:255:4974,-0.362,0.087,2.018,629.944,50.171,-100.586,55.844,26.735,48.214
 14:55:09.922,eb:33:2e:f9:57:b5, 2085-97-50 253:218:01:6661,-0.142,0.064,2.857,625.549,9.827,-104.919,61.996,27.729,47.791
 14:55:09.922,eb:33:2e:f9:57:b5, 2085-97-251 00:182:01:6781,0.482,0.295,3.424,556.641,37.354,-117.065,67.764,28.812,47.494
 14:55:09.922,eb:33:2e:f9:57:b5, 2085-97-140 05:68:252:4989,0.794,-0.1,2.979,436.157,110.046,-143.433,72.856,30.289,47.752
 14:55:10.061,eb:33:2e:f9:57:b5, 2085-97-133 03:247:242:4868,0.121,-0.794,2.242,279.297,188.965,-152.466,76.992,32.124,48.994
 14:55:10.061,eb:33:2e:f9:57:b5, 2085-97-56 01:237:240:-873,0.462,-1.919,1.53,182.495,262.817,-82.825,80.552,33.723,51.537
 14:55:10.061,eb:33:2e:f9:57:b5, 2085-97-16 05:150:242:-4335,0.792,-1.737,-1.922,19.165,165.588,-17.944,82.969,34.442,54.042
 14:55:10.061,eb:33:2e:f9:57:b5, 2085-97-239 05:124:242:-1963,0.484,-1.729,-1.509,-147.949,56.885,22.156,82.881,34.536,55.206
 14:55:10.063,eb:33:2e:f9:57:b5, 2085-97-248 02:206:244:102,0.424,-1.575,-0.462,-250.977,-10.132,59.021,80.936,34.118,55.519
 14:55:10.063,eb:33:2e:f9:57:b5, 2085-97-58 04:86:247:1551,0.539,-1.222,0.485,-292.969,-61.401,82.703,77.975,33.316,55.146
 14:55:10.063,eb:33:2e:f9:57:b5, 2085-97-122 04:31:248:1523,0.585,-1.005,0.79,-308.044,-73.181,94.482,74.636,32.267,54.597
 14:55:10.063,eb:33:2e:f9:57:b5, 2085-97-250 04:75:249:1111,0.639,-0.914,0.612,-306.091,-80.994,94.91,71.274,31.124,54.025
 14:55:10.065,eb:33:2e:f9:57:b5, 2085-97-26 05:248:250:894,0.629,-0.735,0.487,-298.462,-94.36,88.196,67.939,29.949,53.421
 14:55:10.065,eb:33:2e:f9:57:b5, 2085-97-224 04:255:251:668,0.595,-0.55,0.387,-296.936,-113.281,75.439,64.622,28.779,52.657
 14:55:10.065,eb:33:2e:f9:57:b5, 2085-97-192 04:99:252:655,0.571,-0.47,0.292,-304.565,-138.367,59.021,61.155,27.592,51.707
 14:55:10.065,eb:33:2e:f9:57:b5, 2085-97-41 04:16:252:820,0.483,-0.465,0.355,-318.42,-159.912,41.138,57.502,26.4,50.488
 14:55:10.067,eb:33:2e:f9:57:b5, 2085-97-105 03:158:251:1257,0.354,-0.525,0.503,-334.839,-172.302,26.978,53.63,25.164,49.131
 14:55:10.067,eb:33:2e:f9:57:b5, 2085-97-101 02:111:251:1715,0.214,-0.567,0.718,-348.083,-173.035,18.799,49.647,23.917,47.741
 14:55:10.067,eb:33:2e:f9:57:b5, 2085-97-68 01:228:251:1918,0.135,-0.545,0.9,-354.248,-168.335,17.822,45.615,22.626,46.483
 14:55:10.067,eb:33:2e:f9:57:b5, 2085-97-228 00:168:252:2010,0.127,-0.465,0.966,-353.455,-168.457,21.24,41.66,21.275,45.346
 14:55:10.360,eb:33:2e:f9:57:b5, 2085-97-212 00:78:253:2210,0.108,-0.38,1.047,-348.083,-173.096,24.719,37.787,19.797,44.346
 14:55:10.360,eb:33:2e:f9:57:b5, 2085-97-161 00:238:253:2438,0.071,-0.287,1.154,-341.248,-177.673,26.611,34.063,18.215,43.423
 14:55:10.360,eb:33:2e:f9:57:b5, 2085-97-75 00:94:254:2645,0.045,-0.235,1.27,-338.196,-176.819,28.931,30.427,16.54,42.654
 14:55:10.360,eb:33:2e:f9:57:b5, 2085-97-104 00:212:254:2904,0.046,-0.177,1.361,-336.792,-177.185,29.053,26.889,14.848,41.99
 14:55:10.360,eb:33:2e:f9:57:b5, 2085-113-58 00:236:230:-5250,0.031,-0.131,1.486,-335.449,-181.274,28.809,23.379,13.085,41.457
 14:55:10.366,eb:33:2e:f9:57:b5, 2085-97-07 00:200:254:3360,-0.033,-0.136,1.562,-335.327,-184.143,29.236,21.654,12.189,41.188
 14:55:10.366,eb:33:2e:f9:57:b5, 2085-97-111 255:63:254:3788,-0.109,-0.182,1.734,-338.623,-187.5,31.677,18.193,10.311,40.809
 14:55:10.366,eb:33:2e:f9:57:b5, 2085-97-225 254:235:253:4339,-0.167,-0.246,1.98,-345.886,-180.481,38.025,14.738,8.443,40.567
 14:55:10.366,eb:33:2e:f9:57:b5, 2085-97-131 254:14:254:4836,-0.199,-0.259,2.245,-353.394,-165.649,47.363,11.217,6.647,40.583
 14:55:10.392,eb:33:2e:f9:57:b5, 2085-97-80 254:218:254:5172,-0.22,-0.208,2.457,-358.215,-151.794,58.228,7.679,5.004,40.798
 14:55:10.392,eb:33:2e:f9:57:b5, 2085-97-49 254:152:00:5326,-0.224,-0.052,2.568,-361.755,-145.386,67.261,4.087,3.461,41.265
 14:55:10.392,eb:33:2e:f9:57:b5, 2085-97-65 254:172:03:5556,-0.235,0.25,2.645,-367.249,-150.818,69.946,0.472,1.956,41.902
 14:55:10.392,eb:33:2e:f9:57:b5, 2085-97-178 253:107:07:5856,-0.334,0.69,2.778,-377.075,-159.79,62.988,-3.257,0.401,42.605
 14:55:10.395,eb:33:2e:f9:57:b5, 2085-97-199 252:17:11:6303,-0.478,1.156,2.973,-385.803,-172.668,47.119,-7.086,-1.208,43.303
 14:55:10.395,eb:33:2e:f9:57:b5, 2085-97-99 251:139:14:6904,-0.744,1.611,3.214,-386.353,-184.692,27.954,-11.003,-2.944,43.94
 14:55:10.395,eb:33:2e:f9:57:b5, 2085-97-69 249:108:17:7200,-0.67,1.99,3.473,-365.601,-186.34,13.062,-14.815,-4.724,44.544
 14:55:10.395,eb:33:2e:f9:57:b5, 2085-97-157 252:106:24:7008,-0.187,2.475,3.596,-322.693,-135.254,-2.502,-18.309,-6.323,45.066
 14:55:10.395,eb:33:2e:f9:57:b5, 2085-97-07 00:221:34:5962,0.06,3.733,3.193,-295.166,-45.776,-40.955,-21.385,-7.191,45.165
 14:55:10.395,eb:33:2e:f9:57:b5, 2085-97-06 255:118:42:2732,-0.509,4.931,2.308,-254.272,3.54,-105.164,-24.06,-7.597,44.495
 14:55:10.395,eb:33:2e:f9:57:b5, 2085-97-248 246:04:41:-766,-1.906,5.366,0.3,-158.508,-105.835,-163.635,-25.977,-8.58,43.412
 14:55:10.395,eb:33:2e:f9:57:b5, 2085-97-241 236:241:32:1626,-2.83,4.545,-0.127,-16.479,-281.494,-172.119,-26.713,-11.206,42.748
 14:55:10.397,eb:33:2e:f9:57:b5, 2085-97-146 230:08:26:6155,0.198,3.764,1.882,90.942,-284.485,-125.977,-26.257,-14.54,42.748
 14:55:10.397,eb:33:2e:f9:57:b5, 2085-97-176 02:223:01:2260,0.337,0.337,1.092,109.863,-62.439,-46.204,1.796,-8.701,42.968
 14:55:10.397,eb:33:2e:f9:57:b5, 2085-97-13 02:131:00:2329,0.276,0.016,1.139,70.862,-42.419,-4.639,2.703,-9.223,42.682
 14:55:10.397,eb:33:2e:f9:57:b5, 2085-97-216 00:155:03:1654,0.024,0.357,1.034,37.17,11.414,22.034,3.235,-9.382,42.808
 14:55:10.511,eb:33:2e:f9:57:b5, 2085-97-254 01:154:00:2464,0.167,0.312,0.811,18.25,6.104,2.747,3.455,-9.289,42.935
 14:55:10.511,eb:33:2e:f9:57:b5, 2085-97-15 01:119:01:1913,0.083,0.062,1.015,18.799,36.377,5.676,3.647,-8.987,42.979
 14:55:10.511,eb:33:2e:f9:57:b5, 2085-97-143 255:29:01:1664,-0.103,0.192,0.932,12.024,33.752,1.282,3.785,-8.668,43.05
 14:55:10.511,eb:33:2e:f9:57:b5, 2085-97-162 255:179:00:1726,0.046,0.096,0.782,6.348,12.268,-1.953,3.889,-8.427,43.039
 14:55:10.571,eb:33:2e:f9:57:b5, 2085-97-211 00:227:00:2035,0.122,0.106,0.934,1.77,-0.732,0.549,3.922,-8.388,43.044
 14:55:10.571,eb:33:2e:f9:57:b5, 2085-97-224 00:198:00:2062,0.105,0.104,1.011,1.831,1.587,-1.038,3.955,-8.388,43.033
 14:55:10.571,eb:33:2e:f9:57:b5, 2085-97-204 00:156:00:2066,0.091,0.092,1.005,3.723,2.563,-1.831,3.988,-8.361,43.017
 14:55:10.571,eb:33:2e:f9:57:b5, 2085-97-123 00:115:00:1993,0.036,0.063,1.007,6.836,0.732,0.671,4.059,-8.344,43.006
 14:55:10.573,eb:33:2e:f9:57:b5, 2085-97-80 00:149:00:1919,0.071,0.061,0.944,7.812,-6.104,5.249,4.131,-8.372,43.039
 14:55:10.573,eb:33:2e:f9:57:b5, 2085-97-217 00:199:00:2036,0.124,0.084,0.967,7.202,-10.498,7.263,4.213,-8.465,43.094
 14:55:10.573,eb:33:2e:f9:57:b5, 2085-97-12 01:239:00:2059,0.141,0.113,0.999,7.385,-8.118,5.981,4.274,-8.564,43.154
 14:55:10.573,eb:33:2e:f9:57:b5, 2085-97-53 01:02:01:2063,0.139,0.127,0.998,6.958,-3.113,2.686,4.356,-8.619,43.187
 14:55:10.662,eb:33:2e:f9:57:b5, 2085-97-06 01:234:00:2033,0.126,0.12,1,6.287,2.93,-0.61,4.422,-8.619,43.198
 14:55:10.662,eb:33:2e:f9:57:b5, 2085-97-16 01:238:00:2055,0.14,0.115,0.995,5.676,6.836,-2.869,4.499,-8.564,43.176
 14:55:10.662,eb:33:2e:f9:57:b5, 2085-97-33 01:218:00:2102,0.144,0.109,1.022,6.042,11.78,-5.005,4.559,-8.465,43.143
 14:55:10.662,eb:33:2e:f9:57:b5, 2085-97-05 01:201:00:2088,0.111,0.103,1.035,7.019,18.188,-6.226,4.647,-8.306,43.094
 14:55:10.694,eb:33:2e:f9:57:b5, 2085-97-185 00:193:00:2019,0.066,0.096,1.007,7.751,21.912,-6.042,4.73,-8.097,43.044
 14:55:10.694,eb:33:2e:f9:57:b5, 2085-97-155 00:164:00:2041,0.089,0.077,0.984,7.629,21.362,-3.845,4.828,-7.872,43.006
 14:55:10.694,eb:33:2e:f9:57:b5, 2085-97-182 00:197:00:2067,0.104,0.089,1.002,8.24,21.118,-2.441,4.911,-7.657,42.99
 14:55:10.694,eb:33:2e:f9:57:b5, 2085-97-186 00:199:00:2076,0.118,0.099,1.011,8.911,23.193,-1.77,5.01,-7.432,42.984
 14:55:10.694,eb:33:2e:f9:57:b5, 2085-97-00 01:246:00:2140,0.126,0.113,1.04,8.423,28.259,-0.977,5.092,-7.18,42.995
 14:55:10.694,eb:33:2e:f9:57:b5, 2085-97-01 01:253:00:2152,0.131,0.128,1.047,8.667,36.926,-4.333,5.191,-6.844,42.995
 14:55:10.694,eb:33:2e:f9:57:b5, 2085-97-174 00:231:00:2066,0.097,0.134,1.058,8.667,47.668,-6.897,5.284,-6.416,42.979
 14:55:10.695,eb:33:2e:f9:57:b5, 2085-97-215 00:251:00:2228,0.105,0.149,1.034,8.911,49.866,-9.216,5.383,-5.922,42.94
 14:55:10.696,eb:33:2e:f9:57:b5, 2085-97-218 00:13:01:2266,0.098,0.131,1.099,11.597,56.274,-12.39,5.493,-5.378,42.885
 14:55:10.696,eb:33:2e:f9:57:b5, 2085-97-218 00:37:01:2159,0.086,0.137,1.068,14.404,61.829,-16.113,5.647,-4.763,42.797
 14:55:10.696,eb:33:2e:f9:57:b5, 2085-97-138 00:14:01:2086,0.024,0.166,0.988,14.038,65.186,-19.592,5.801,-4.098,42.687
 14:55:10.696,eb:33:2e:f9:57:b5, 2085-97-62 00:34:01:1928,-0.05,0.128,0.936,16.235,57.495,-20.203,5.971,-3.455,42.55
 14:55:10.723,eb:33:2e:f9:57:b5, 2085-97-12 255:123:00:2096,-0.142,0.125,0.882,17.822,46.631,-19.836,6.147,-2.9,42.407
 14:55:10.723,eb:33:2e:f9:57:b5, 2085-97-42 255:96:00:2234,-0.093,0.006,1.179,29.663,34.485,-15.381,6.405,-2.499,42.259
 14:55:10.723,eb:33:2e:f9:57:b5, 2085-97-127 255:255:00:2003,-0.073,0.103,0.924,33.997,26.55,-10.742,6.74,-2.17,42.177
 14:55:10.723,eb:33:2e:f9:57:b5, 2085-97-173 255:110:00:2889,-0.03,0.07,1.227,39.246,24.353,-11.169,7.114,-1.923,42.089
 14:55:10.752,eb:33:2e:f9:57:b5, 2085-97-229 255:232:00:2576,-0.015,0.07,1.351,52.673,38.086,-8.606,7.586,-1.588,42.034
 14:55:10.752,eb:33:2e:f9:57:b5, 2085-97-186 255:247:00:2335,-0.079,0.135,1.179,61.462,43.518,-8.301,8.179,-1.165,42.006
 14:55:10.752,eb:33:2e:f9:57:b5, 2085-97-00 255:154:00:2203,-0.18,0.098,1.109,65.857,45.166,-4.944,8.822,-0.709,42.006
 14:55:10.752,eb:33:2e:f9:57:b5, 2085-97-87 254:119:00:2107,-0.179,0.061,1.031,69.397,38.086,2.014,9.514,-0.286,42.061
 14:55:10.843,eb:33:2e:f9:57:b5, 2085-97-47 255:192:00:2575,-0.012,0.064,1.118,75.378,24.841,9.094,10.234,0,42.171
 14:55:10.843,eb:33:2e:f9:57:b5, 2085-113-81 00:208:118:2922,0.071,0.139,1.393,86.609,26.184,12.756,11.058,0.22,42.33
 14:55:10.843,eb:33:2e:f9:57:b5, 2085-97-213 00:70:01:3390,0.132,0.16,1.543,94.543,33.508,13.245,11.514,0.352,42.424
 14:55:10.843,eb:33:2e:f9:57:b5, 2085-97-135 00:29:01:3400,0.002,0.162,1.682,112.183,57.678,15.198,12.563,0.78,42.66
 14:55:10.846,eb:33:2e:f9:57:b5, 2085-97-232 255:175:00:3414,-0.03,0.109,1.68,132.446,77.148,17.456,13.815,1.423,42.979
 14:55:10.846,eb:33:2e:f9:57:b5, 2085-97-203 255:217:00:3345,-0.07,0.083,1.676,153.87,85.815,19.653,15.266,2.17,43.363
 14:55:10.846,eb:33:2e:f9:57:b5, 2085-97-64 255:68:00:3239,-0.082,0.059,1.619,175.964,82.886,21.912,16.957,2.928,43.797
 14:55:10.846,eb:33:2e:f9:57:b5, 2085-97-144 255:70:00:3437,0.028,0.035,1.59,198.608,74.89,25.269,18.869,3.604,44.269
 14:55:10.872,eb:33:2e:f9:57:b5, 2085-97-16 01:148:00:3781,0.249,0.038,1.792,225.098,76.233,24.17,21.039,4.219,44.758
 14:55:10.872,eb:33:2e:f9:57:b5, 2085-97-203 02:135:00:4036,0.394,0.079,1.891,257.263,89.905,16.602,23.505,4.905,45.214
 14:55:10.872,eb:33:2e:f9:57:b5, 2085-97-94 03:211:255:4420,0.424,0.04,2.074,295.227,118.713,5.432,26.34,5.812,45.758
 14:55:10.872,eb:33:2e:f9:57:b5, 2085-97-190 03:37:254:4747,0.497,-0.148,2.224,339.783,158.691,-3.235,29.608,7.048,46.362
 14:55:11.051,eb:33:2e:f9:57:b5, 2085-97-10 04:223:254:5325,0.36,-0.214,2.454,391.418,207.458,-10.437,33.42,8.668,47.285
 14:55:11.051,eb:33:2e:f9:57:b5, 2085-97-53 01:191:00:6015,-0.18,-0.026,2.717,441.101,236.45,-22.034,37.815,10.618,48.439
 14:55:11.051,eb:33:2e:f9:57:b5, 2085-97-104 252:109:03:8083,-0.477,0.267,3.466,493.408,219.238,-32.349,42.77,12.535,49.735
 14:55:11.051,eb:33:2e:f9:57:b5, 2085-97-44 251:34:05:7984,-0.334,0.66,4.27,547.485,211.853,-44.556,48.307,14.293,50.938
 14:55:11.053,eb:33:2e:f9:57:b5, 2085-97-135 255:37:03:5286,0.144,0.543,3.154,569.702,201.416,-31.433,54.316,15.881,52.377
 14:55:11.053,eb:33:2e:f9:57:b5, 2085-97-04 01:200:255:5867,0.05,0.072,2.569,565.002,147.827,-30.029,60.364,17.073,53.668
 14:55:11.053,eb:33:2e:f9:57:b5, 2085-97-163 00:29:254:6061,0.429,-0.182,3.025,574.28,141.479,-36.499,66.407,17.996,54.844
 14:55:11.053,eb:33:2e:f9:57:b5, 2085-97-35 06:197:253:4209,1.085,-0.27,2.632,574.951,117.493,-31.799,72.559,18.781,55.986
 14:55:11.083,eb:33:2e:f9:57:b5, 2085-97-149 09:190:251:2255,1.123,-0.281,1.541,520.264,45.593,-44.067,78.294,19.336,56.711
 14:55:11.083,eb:33:2e:f9:57:b5, 2085-97-152 08:183:246:764,1.059,-0.917,0.525,388.55,-61.768,-70.74,82.804,19.907,56.514
 14:55:11.083,eb:33:2e:f9:57:b5, 2085-97-119 05:24:242:1251,0.327,-1.192,0.836,250.549,-105.164,-126.831,85.463,20.803,55.294
 14:55:11.083,eb:33:2e:f9:57:b5, 2085-97-82 01:172:240:-2161,0.16,-1.898,-0.707,56.946,-47.363,-113.586,86.71,21.951,54.41
 14:55:11.112,eb:33:2e:f9:57:b5, 2085-97-155 01:57:243:-094,0.227,-1.736,-0.585,-153.931,-29.968,-91.309,85.842,22.939,53.937
 14:55:11.112,eb:33:2e:f9:57:b5, 2085-97-17 02:13:246:1435,0.299,-1.454,0.422,-273.682,-12.146,-66.895,83.474,23.692,53.591
 14:55:11.112,eb:33:2e:f9:57:b5, 2085-97-33 02:115:249:1483,0.26,-1.015,0.787,-350.952,12.878,-50.537,80.244,24.258,53.503
 14:55:11.112,eb:33:2e:f9:57:b5, 2085-97-16 02:129:250:1394,0.307,-0.72,0.718,-401.306,21.484,-42.908,76.476,24.747,53.575
 14:55:11.115,eb:33:2e:f9:57:b5, 2085-97-14 03:223:250:1479,0.434,-0.674,0.701,-416.931,-2.441,-40.161,72.328,25.159,53.536
 14:55:11.115,eb:33:2e:f9:57:b5, 2085-97-152 03:152:251:1404,0.496,-0.594,0.71,-414.368,-25.208,-40.283,68.033,25.483,53.196
 14:55:11.116,eb:33:2e:f9:57:b5, 2085-97-76 04:114:252:1518,0.562,-0.51,0.72,-394.714,-59.692,-42.969,63.688,25.675,52.537
 14:55:11.116,eb:33:2e:f9:57:b5, 2085-97-136 04:03:253:1460,0.542,-0.39,0.737,-368.591,-95.825,-45.105,59.453,25.681,51.487
 14:55:11.118,eb:33:2e:f9:57:b5, 2085-97-218 03:147:252:1216,0.467,-0.394,0.662,-352.295,-128.845,-42.969,55.272,25.433,50.125
 14:55:11.118,eb:33:2e:f9:57:b5, 2085-97-129 03:49:252:1288,0.38,-0.461,0.611,-352.112,-153.992,-35.217,51.114,24.884,48.554
 14:55:11.118,eb:33:2e:f9:57:b5, 2085-97-177 02:209:251:1605,0.285,-0.501,0.663,-361.267,-169.922,-23.254,46.873,24.027,46.967
 14:55:11.118,eb:33:2e:f9:57:b5, 2085-97-249 01:244:251:2162,0.202,-0.527,0.924,-369.751,-178.345,-6.47,42.632,22.879,45.461
 14:55:11.172,eb:33:2e:f9:57:b5, 2085-97-140 01:199:252:2541,0.176,-0.458,1.14,-374.207,-176.575,12.939,38.425,21.489,44.225
 14:55:11.172,eb:33:2e:f9:57:b5, 2085-97-109 01:236:253:2759,0.207,-0.336,1.296,-373.657,-171.143,31.982,34.365,19.957,43.281
 14:55:11.172,eb:33:2e:f9:57:b5, 2085-97-232 01:10:255:2762,0.265,-0.188,1.36,-370.117,-169.006,48.401,30.432,18.287,42.665
 14:55:11.172,eb:33:2e:f9:57:b5, 2085-97-90 02:239:255:2847,0.311,-0.061,1.344,-368.042,-172.974,57.922,26.636,16.534,42.259
 14:55:11.202,eb:33:2e:f9:57:b5, 2085-97-84 02:84:00:3140,0.279,0.019,1.467,-364.197,-181.885,63.904,22.896,14.65,42.039
 14:55:11.202,eb:33:2e:f9:57:b5, 2085-97-06 02:108:00:3474,0.236,0.056,1.62,-358.154,-193.176,70.068,19.276,12.651,41.935
 14:55:11.202,eb:33:2e:f9:57:b5, 2085-97-180 01:29:00:3852,0.191,0.036,1.79,-352.905,-203.552,78.552,15.721,10.514,42.028
 14:55:11.203,eb:33:2e:f9:57:b5, 2085-97-122 01:242:255:4303,0.192,-0.005,1.983,-352.173,-207.825,89.966,12.261,8.306,42.297
 14:55:11.233,eb:33:2e:f9:57:b5, 2085-97-164 01:81:00:4730,0.199,0.009,2.215,-357.605,-204.285,101.44,8.756,6.086,42.858
 14:55:11.233,eb:33:2e:f9:57:b5, 2085-97-110 01:30:01:4763,0.182,0.08,2.355,-367.92,-194.58,109.619,5.197,3.983,43.671
 14:55:11.233,eb:33:2e:f9:57:b5, 2085-97-157 01:201:02:4681,0.194,0.232,2.271,-372.375,-199.036,109.741,1.511,1.956,44.648
 14:55:11.233,eb:33:2e:f9:57:b5, 2085-97-77 01:28:05:5057,0.104,0.48,2.363,-369.629,-215.881,99.731,-2.186,-0.115,45.709
 14:55:11.322,eb:33:2e:f9:57:b5, 2085-97-46 00:162:07:5554,-0.062,0.799,2.592,-360.962,-231.812,80.994,-5.883,-2.313,46.758
 14:55:11.322,eb:33:2e:f9:57:b5, 2085-97-180 254:173:09:6161,-0.278,1.088,2.861,-351.868,-238.525,55.115,-9.498,-4.57,47.741
 14:55:11.322,eb:33:2e:f9:57:b5, 2085-97-206 252:45:11:6824,-0.473,1.309,3.183,-345.886,-223.45,26.672,-13.09,-6.79,48.582
 14:55:11.322,eb:33:2e:f9:57:b5, 2085-97-189 252:212:13:7123,-0.306,1.504,3.443,-332.092,-178.772,-2.319,-16.573,-8.718,49.208
 14:55:11.324,eb:33:2e:f9:57:b5, 2085-97-164 254:04:21:6246,-0.012,2.144,3.282,-316.162,-98.755,-39.368,-19.847,-10.069,49.422
 14:55:11.324,eb:33:2e:f9:57:b5, 2085-97-231 00:47:27:5189,0.127,3.034,2.855,-300.964,-41.931,-95.947,-22.857,-10.942,49.01
 14:55:11.324,eb:33:2e:f9:57:b5, 2085-97-05 00:79:31:3159,-0.298,3.692,2.066,-263.977,-25.94,-155.212,-25.488,-11.739,47.922
 14:55:11.324,eb:33:2e:f9:57:b5, 2085-97-127 249:206:30:1453,-1.337,4.001,1.022,-193.176,-90.698,-201.233,-27.466,-13.035,46.5
 14:55:11.623,eb:33:2e:f9:57:b5, 2085-97-128 240:71:25:2516,-2.49,3.503,0.871,-91.675,-199.768,-203.979,-28.553,-15.408,45.363
 14:55:11.623,eb:33:2e:f9:57:b5, 2085-97-167 232:241:20:4823,-3.131,2.896,1.75,-9.338,-211.67,-153.076,-28.845,-18.171,44.813
 14:55:11.623,eb:33:2e:f9:57:b5, 2085-97-86 231:13:17:5580,-2.708,2.344,2.728,45.166,-77.698,-71.106,-28.515,-20.012,44.539
 14:55:11.623,eb:33:2e:f9:57:b5, 2085-97-38 238:243:15:4354,-1.85,2.034,2.403,70.129,85.754,14.648,-27.812,-19.951,44.236
 14:55:11.625,eb:33:2e:f9:57:b5, 2085-97-28 244:171:14:3365,-2.045,1.93,1.861,98.083,148.743,71.899,-26.9,-18.583,44.05
 14:55:11.625,eb:33:2e:f9:57:b5, 2085-97-25 254:126:246:1616,0.289,-3.582,9.532,328.613,291.931,131.104,-24.955,-16.902,44.39
 14:55:11.625,eb:33:2e:f9:57:b5, 2085-97-170 04:47:239:-1904,-0.094,-1.374,-2.807,294.067,169.128,196.228,-22.094,-13.502,44.764
 14:55:11.625,eb:33:2e:f9:57:b5, 2085-97-204 251:100:244:384,-0.758,-1.589,-0.216,433.044,79.651,160.767,-18.787,-11.613,46.121
 14:55:11.625,eb:33:2e:f9:57:b5, 2085-113-58 00:242:224:-3975,-0.792,-0.816,1.271,522.461,11.047,122.864,-14.062,-11.014,47.395
 14:55:11.625,eb:33:2e:f9:57:b5, 2085-97-168 249:81:05:3830,-0.638,-0.119,2.19,509.277,39.49,100.769,-11.585,-10.745,47.922
 14:55:11.625,eb:33:2e:f9:57:b5, 2085-97-24 251:196:11:4125,0.108,1.303,1.713,434.57,35.156,35.767,-6.938,-10.212,48.532
 14:55:11.625,eb:33:2e:f9:57:b5, 2085-97-62 02:166:09:3596,0.368,1.507,2.136,300.293,7.629,-15.442,-3.334,-9.992,48.593
 14:55:11.625,eb:33:2e:f9:57:b5, 2085-97-188 02:244:05:2501,0.239,0.874,1.451,207.031,-25.208,-57.312,-0.742,-10.058,48.148
 14:55:11.629,eb:33:2e:f9:57:b5, 2085-97-174 02:222:02:2206,0.121,0.423,1.009,104.37,-18.066,-25.879,0.824,-10.322,47.637
 14:55:11.629,eb:33:2e:f9:57:b5, 2085-97-112 00:169:01:1695,0.153,0.387,0.788,48.523,-8.911,5.92,1.549,-10.36,47.582
 14:55:11.629,eb:33:2e:f9:57:b5, 2085-97-92 01:116:00:2092,0.204,0.143,0.986,29.907,-0.427,15.198,1.873,-10.448,47.714
 14:55:11.629,eb:33:2e:f9:57:b5, 2085-97-157 01:130:02:1801,0.209,0.158,0.939,30.334,1.038,10.01,2.181,-10.421,47.834
 14:55:11.684,eb:33:2e:f9:57:b5, 2085-97-41 01:233:00:1982,0.135,0.258,0.979,13.611,13.123,2.319,2.379,-10.371,47.895
 14:55:11.684,eb:33:2e:f9:57:b5, 2085-97-237 00:151:00:2035,0.126,0.086,0.988,5.981,16.785,1.404,3.45,-9.734,48.713
 14:55:11.684,eb:33:2e:f9:57:b5, 2085-97-02 01:151:00:2095,0.132,0.061,1.053,7.019,19.653,2.136,3.51,-9.558,48.741
 14:55:11.684,eb:33:2e:f9:57:b5, 2085-97-48 01:185:00:2058,0.14,0.073,1.008,7.69,22.705,2.686,3.593,-9.338,48.774
 14:55:11.684,eb:33:2e:f9:57:b5, 2085-97-45 01:194:00:2061,0.137,0.084,1.003,8.484,24.841,1.953,3.669,-9.102,48.812
 14:55:11.684,eb:33:2e:f9:57:b5, 2085-97-24 01:213:00:2067,0.133,0.096,1.001,8.606,27.893,0.793,3.768,-8.833,48.834
 14:55:11.684,eb:33:2e:f9:57:b5, 2085-97-59 01:225:00:2164,0.161,0.106,1.022,9.338,31.433,-2.319,3.856,-8.536,48.845
 14:55:11.684,eb:33:2e:f9:57:b5, 2085-97-56 01:16:01:2027,0.144,0.117,1.038,10.681,37.292,-5.92,3.977,-8.174,48.823
 14:55:11.742,eb:33:2e:f9:57:b5, 2085-97-244 00:192:00:2217,0.039,0.116,1.037,12.39,36.926,-10.193,4.098,-7.8,48.763
 14:55:11.743,eb:33:2e:f9:57:b5, 2085-97-139 00:112:00:2268,0.091,0.033,1.161,17.334,42.725,-10.376,4.268,-7.388,48.675
 14:55:11.743,eb:33:2e:f9:57:b5, 2085-97-200 00:231:00:2003,0.07,0.097,1.002,21.79,42.664,-10.62,4.477,-6.943,48.609
 14:55:11.743,eb:33:2e:f9:57:b5, 2085-97-94 00:168:00:2096,-0.013,0.086,1.033,24.902,37.903,-12.207,4.741,-6.537,48.516
 14:55:11.801,eb:33:2e:f9:57:b5, 2085-97-167 255:106:00:2038,-0.031,0.071,0.968,27.893,33.569,-10.559,5.01,-6.163,48.439
 14:55:11.801,eb:33:2e:f9:57:b5, 2085-97-145 255:135:00:1933,-0.056,0.054,1.012,31.738,27.466,-7.935,5.339,-5.856,48.362
 14:55:11.801,eb:33:2e:f9:57:b5, 2085-97-145 255:133:00:1892,-0.036,0.06,0.922,32.166,17.944,-4.15,5.663,-5.625,48.323
 14:55:11.801,eb:33:2e:f9:57:b5, 2085-97-01 00:184:00:2037,0.016,0.076,0.945,33.081,8.24,-0.732,6.004,-5.488,48.307
 14:55:11.803,eb:33:2e:f9:57:b5, 2085-97-102 00:247:00:2213,0.073,0.103,1.027,34.607,5.31,1.099,6.339,-5.427,48.318
 14:55:11.803,eb:33:2e:f9:57:b5, 2085-97-214 00:36:01:2400,0.13,0.127,1.125,37.903,9.033,0.549,6.718,-5.356,48.334
 14:55:11.803,eb:33:2e:f9:57:b5, 2085-97-06 01:50:01:2453,0.104,0.15,1.227,44.189,20.142,-2.625,7.13,-5.213,48.34
 14:55:11.803,eb:33:2e:f9:57:b5, 2085-97-171 00:34:01:2319,0.043,0.15,1.149,50.415,30.64,-5.981,7.619,-4.933,48.323
 14:55:11.921,eb:33:2e:f9:57:b5, 2085-97-243 255:236:00:2098,-0.044,0.131,1.083,54.443,36.011,-6.47,8.152,-4.587,48.307
 14:55:11.921,eb:33:2e:f9:57:b5, 2085-97-63 255:165:00:1938,-0.128,0.108,0.982,56.519,31.311,-2.502,8.723,-4.235,48.307
 14:55:11.921,eb:33:2e:f9:57:b5, 2085-97-09 255:134:00:2276,-0.009,0.071,0.99,59.631,15.137,4.761,9.3,-4.01,48.356
 14:55:11.921,eb:33:2e:f9:57:b5, 2085-97-122 00:240:00:3027,0.094,0.099,1.34,69.519,7.202,11.597,9.948,-3.928,48.455
 14:55:11.926,eb:33:2e:f9:57:b5, 2085-97-17 01:34:01:3267,0.14,0.12,1.569,85.999,19.409,13,10.717,-3.829,48.604
 14:55:11.926,eb:33:2e:f9:57:b5, 2085-97-18 01:36:01:3165,0.104,0.144,1.577,103.21,37.964,13.062,11.678,-3.554,48.785
 14:55:11.926,eb:33:2e:f9:57:b5, 2085-97-188 00:248:00:3305,0.076,0.137,1.561,119.202,51.208,13.916,12.783,-3.137,49.016
 14:55:11.926,eb:33:2e:f9:57:b5, 2085-97-128 00:200:00:3238,0.066,0.102,1.626,136.78,63.843,14.526,14.068,-2.598,49.29
 14:55:11.981,eb:33:2e:f9:57:b5, 2085-97-168 00:216:00:3278,0.1,0.095,1.568,155.396,71.472,14.526,15.529,-1.972,49.609
 14:55:11.981,eb:33:2e:f9:57:b5, 2085-97-05 01:09:01:3270,0.199,0.09,1.611,174.316,81.482,14.038,17.183,-1.274,49.96
 14:55:11.981,eb:33:2e:f9:57:b5, 2085-97-248 01:37:01:3344,0.301,0.138,1.614,194.153,91.187,9.766,19.028,-0.489,50.345
 14:55:11.981,eb:33:2e:f9:57:b5, 2085-97-231 02:168:01:3376,0.374,0.174,1.635,216.37,107.849,2.502,21.105,0.434,50.751
 14:55:12.012,eb:33:2e:f9:57:b5, 2085-97-234 02:247:00:3662,0.391,0.173,1.7,240.295,124.634,-8.667,23.401,1.527,51.158
 14:55:12.012,eb:33:2e:f9:57:b5, 2085-97-20 03:03:00:4054,0.431,0.066,1.888,269.287,151.855,-14.954,25.988,2.845,51.63
 14:55:12.012,eb:33:2e:f9:57:b5, 2085-97-243 03:246:255:4246,0.585,-0.046,2.058,299.316,192.688,-15.625,28.889,4.455,52.295
 14:55:12.012,eb:33:2e:f9:57:b5, 2085-97-171 04:183:00:4545,0.466,0.066,2.137,333.618,223.206,-22.217,32.162,6.367,53.218
 14:55:12.161,eb:33:2e:f9:57:b5, 2085-97-47 02:146:00:5472,0.162,0.067,2.407,369.934,241.394,-34.119,35.837,8.47,54.294
 14:55:12.161,eb:33:2e:f9:57:b5, 2085-97-82 00:253:02:6956,-0.167,0.17,3.004,414.673,247.314,-48.462,39.979,10.662,55.486
 14:55:12.161,eb:33:2e:f9:57:b5, 2085-97-41 252:194:04:7710,-0.476,0.657,3.622,456.909,252.441,-73.059,44.648,12.947,56.678
 14:55:12.161,eb:33:2e:f9:57:b5, 2085-97-53 255:124:06:5483,0.273,0.63,3.472,478.943,271.484,-52.246,49.713,15.216,58.195
 14:55:12.163,eb:33:2e:f9:57:b5, 2085-97-192 03:178:05:3517,0.236,1.007,1.926,501.282,211.731,-41.748,55.129,17.045,59.93
 14:55:12.163,eb:33:2e:f9:57:b5, 2085-97-07 00:28:03:5190,0.01,0.466,2.045,503.052,126.587,-62.378,60.485,18.353,61.035
 14:55:12.163,eb:33:2e:f9:57:b5, 2085-97-245 02:43:03:6044,0.671,0.527,2.854,500.732,96.68,-62.561,65.759,19.418,61.727
 14:55:12.163,eb:33:2e:f9:57:b5, 2085-97-14 07:97:255:4162,1.088,0.2,2.522,450.195,90.393,-68.298,70.763,20.352,62.402
 14:55:12.253,eb:33:2e:f9:57:b5, 2085-97-223 09:130:252:2678,1.084,-0.388,1.597,338.257,75.745,-88.013,74.91,21.346,62.957
 14:55:12.253,eb:33:2e:f9:57:b5, 2085-97-05 05:144:247:2838,0.57,-0.685,1.516,230.957,82.092,-132.08,77.805,22.615,63.457
 14:55:12.253,eb:33:2e:f9:57:b5, 2085-97-172 03:222:245:-1342,0.595,-1.194,0.443,131.653,75.195,-116.577,79.92,24.022,64.012
 14:55:12.253,eb:33:2e:f9:57:b5, 2085-97-175 03:209:245:-850,0.333,-1.195,-0.537,-45.349,49.561,-107.849,80.381,25.203,64.369
 14:55:12.254,eb:33:2e:f9:57:b5, 2085-97-218 02:117:246:428,0.359,-1.302,-0.235,-176.941,37.842,-88.196,79.305,26.257,64.644
 14:55:12.254,eb:33:2e:f9:57:b5, 2085-97-163 02:04:249:1153,0.346,-1.001,0.474,-254.7,26.062,-69.458,77.13,27.07,64.814
 14:55:12.254,eb:33:2e:f9:57:b5, 2085-97-202 02:85:249:1189,0.363,-0.832,0.614,-283.325,-5.432,-57.8,74.361,27.702,64.693
 14:55:12.254,eb:33:2e:f9:57:b5, 2085-97-12 03:92:249:935,0.402,-0.836,0.505,-286.621,-35.4,-43.823,71.285,28.109,64.27
 14:55:12.256,eb:33:2e:f9:57:b5, 2085-97-70 03:206:249:858,0.414,-0.807,0.43,-274.963,-60.364,-32.227,68.159,28.279,63.55
 14:55:12.256,eb:33:2e:f9:57:b5, 2085-97-62 03:204:250:773,0.417,-0.715,0.416,-259.216,-79.895,-20.813,65.072,28.229,62.672
 14:55:12.257,eb:33:2e:f9:57:b5, 2085-97-95 03:82:251:663,0.415,-0.608,0.354,-254.883,-98.694,-11.475,62.051,27.96,61.622
 14:55:12.257,eb:33:2e:f9:57:b5, 2085-97-46 03:53:251:563,0.406,-0.584,0.292,-266.235,-114.685,-5.249,58.92,27.493,60.496
 14:55:12.257,eb:33:2e:f9:57:b5, 2085-97-21 03:34:251:783,0.364,-0.606,0.33,-286.865,-128.235,0.854,55.613,26.845,59.271
 14:55:12.257,eb:33:2e:f9:57:b5, 2085-97-221 02:29:251:1143,0.318,-0.621,0.454,-307.617,-136.292,8.24,52.086,26.016,58.085
 14:55:12.257,eb:33:2e:f9:57:b5, 2085-97-114 02:216:251:1444,0.29,-0.57,0.621,-323.608,-140.93,18.555,48.455,25.032,56.948
 14:55:12.257,eb:33:2e:f9:57:b5, 2085-97-79 02:212:252:1647,0.277,-0.456,0.76,-331.421,-146.851,28.503,44.753,23.857,55.959
 14:55:12.260,eb:33:2e:f9:57:b5, 2085-97-87 02:167:253:1780,0.276,-0.342,0.819,-334.229,-156.921,37.109,41.083,22.522,55.042
 14:55:12.260,eb:33:2e:f9:57:b5, 2085-97-38 02:73:254:1953,0.264,-0.255,0.891,-334.167,-167.053,45.105,37.436,20.989,54.256
 14:55:12.260,eb:33:2e:f9:57:b5, 2085-97-235 01:248:254:2203,0.227,-0.169,1.027,-331.299,-175.049,52.551,33.893,19.308,53.558
 14:55:12.260,eb:33:2e:f9:57:b5, 2085-97-232 01:166:255:2456,0.232,-0.09,1.131,-326.233,-181.274,59.875,30.427,17.485,53.036
 14:55:12.312,eb:33:2e:f9:57:b5, 2085-97-149 01:06:00:2638,0.177,-0.014,1.246,-319.641,-184.937,64.453,27.098,15.579,52.69
 14:55:12.312,eb:33:2e:f9:57:b5, 2085-97-77 01:249:255:3017,0.123,0,1.377,-312.805,-191.162,68.42,23.862,13.579,52.449
 14:55:12.312,eb:33:2e:f9:57:b5, 2085-97-161 00:194:255:3246,0.044,-0.014,1.531,-307.373,-192.688,72.937,20.748,11.53,52.372
 14:55:12.312,eb:33:2e:f9:57:b5, 2085-97-51 00:128:255:3606,0.011,-0.048,1.666,-303.894,-193.298,79.407,17.688,9.443,52.432
 14:55:12.373,eb:33:2e:f9:57:b5, 2085-97-11 00:123:255:4000,0.001,-0.066,1.853,-300.903,-188.904,86.365,14.705,7.372,52.701
 14:55:12.373,eb:33:2e:f9:57:b5, 2085-97-240 255:184:255:4334,-0.02,-0.052,2.04,-302.979,-179.382,91.309,11.717,5.367,53.135
 14:55:12.373,eb:33:2e:f9:57:b5, 2085-97-183 255:41:00:4620,-0.043,-0.01,2.189,-315.125,-167.664,92.712,8.679,3.499,53.74
 14:55:12.373,eb:33:2e:f9:57:b5, 2085-97-164 255:71:01:4799,-0.03,0.071,2.308,-337.28,-153.87,88.989,5.416,1.791,54.432
 14:55:12.373,eb:33:2e:f9:57:b5, 2085-97-255 255:124:03:4953,0.018,0.289,2.37,-360.596,-146.24,76.599,1.928,0.247,55.168
 14:55:12.373,eb:33:2e:f9:57:b5, 2085-97-20 00:133:06:5130,-0.004,0.614,2.463,-376.77,-145.935,53.223,-1.802,-1.214,55.8
 14:55:12.373,eb:33:2e:f9:57:b5, 2085-97-177 255:190:09:5403,-0.122,1.019,2.56,-381.531,-159.241,19.043,-5.62,-2.714,56.255
 14:55:12.373,eb:33:2e:f9:57:b5, 2085-97-126 254:93:12:5901,-0.872,1.413,2.732,-376.953,-181.396,-25.757,-9.448,-4.422,56.431
 14:55:12.404,eb:33:2e:f9:57:b5, 2085-97-122 250:74:17:7504,-0.593,1.688,5.055,-321.228,-185.12,-60.486,-12.986,-6.416,56.365
 14:55:12.404,eb:33:2e:f9:57:b5, 2085-97-107 250:25:15:4628,-0.745,2.027,2.272,-319.824,-159.729,-82.458,-16.133,-8.24,56.052
 14:55:12.404,eb:33:2e:f9:57:b5, 2085-113-58 00:92:224:-4005,-0.389,2.154,2.34,-337.341,-105.835,-99.731,-19.33,-9.745,55.569
 14:55:12.404,eb:33:2e:f9:57:b5, 2085-97-95 252:198:28:6199,-0.312,2.721,2.517,-315.43,-106.445,-113.953,-20.929,-10.404,55.234
 14:55:12.492,eb:33:2e:f9:57:b5, 2085-97-174 253:231:32:4364,-0.604,3.813,2.3,-294.067,-44.617,-149.597,-23.846,-11.338,54.163
 14:55:12.492,eb:33:2e:f9:57:b5, 2085-97-66 247:162:34:1266,-1.681,4.334,1.321,-212.891,-70.984,-174.438,-26.109,-12.469,52.839
 14:55:12.492,eb:33:2e:f9:57:b5, 2085-97-225 237:43:29:895,-2.76,4.055,0.234,-86.975,-199.28,-167.542,-27.339,-14.502,51.877
 14:55:12.493,eb:33:2e:f9:57:b5, 2085-97-137 230:89:23:4416,-5.838,3.273,1.15,20.264,-265.503,-107.971,-27.57,-17.342,51.795
 14:55:12.521,eb:33:2e:f9:57:b5, 2085-97-199 214:44:21:8575,-2.216,0.463,10.375,216.492,151.733,72.449,-26.581,-18.913,52.262
 14:55:12.521,eb:33:2e:f9:57:b5, 2085-97-40 00:207:00:-517,1.02,2.709,2.358,247.803,338.318,99.06,-23.983,-15.919,51.795
 14:55:12.521,eb:33:2e:f9:57:b5, 2085-97-150 02:109:251:2288,0.562,-0.847,0.619,239.197,410.767,229.065,-21.632,-11.799,51.921
 14:55:12.521,eb:33:2e:f9:57:b5, 2085-97-47 00:40:246:2894,-0.514,-1.547,0.938,292.847,309.631,189.941,-19.05,-7.674,52.641
 14:55:12.615,eb:33:2e:f9:57:b5, 2085-97-204 250:94:253:2751,-0.78,-0.9,1.168,328.491,223.999,121.521,-15.963,-4.713,53.322
 14:55:12.615,eb:33:2e:f9:57:b5, 2085-97-28 250:183:03:2375,-0.765,0.253,1.423,310.303,154.419,55.115,-12.755,-2.708,53.696
 14:55:12.615,eb:33:2e:f9:57:b5, 2085-97-64 250:52:04:1731,-0.467,0.682,0.996,265.686,127.563,10.559,-9.855,-1.269,53.729
 14:55:12.615,eb:33:2e:f9:57:b5, 2085-97-86 253:243:02:2098,-0.229,0.45,0.939,204.163,54.749,-23.56,-7.537,-0.396,53.492
 14:55:12.641,eb:33:2e:f9:57:b5, 2085-97-168 254:94:01:2149,-0.031,0.249,1.022,165.161,8.362,-36.926,-5.713,-0.165,53.13
 14:55:12.641,eb:33:2e:f9:57:b5, 2085-97-120 00:152:00:2376,0.079,0.052,1.083,134.827,-0.61,-27.954,-4.224,-0.203,52.789
 14:55:12.641,eb:33:2e:f9:57:b5, 2085-97-149 00:87:01:2346,0.004,0.103,1.127,101.074,5.981,-7.751,-3.038,-0.176,52.614
 14:55:12.641,eb:33:2e:f9:57:b5, 2085-97-50 255:97:02:1800,-0.118,0.258,1.002,65.979,18.799,-0.244,-2.214,-0.022,52.581
 14:55:12.672,eb:33:2e:f9:57:b5, 2085-97-83 255:221:00:1978,-0.103,0.228,0.853,33.997,5.92,-7.996,-1.73,0.104,52.526
 14:55:12.672,eb:33:2e:f9:57:b5, 2085-97-04 255:107:00:1777,-0.116,0.018,0.931,20.996,18.372,-3.235,-1.472,0.236,52.46
 14:55:12.672,eb:33:2e:f9:57:b5, 2085-97-254 254:93:00:1859,-0.136,0.082,0.892,13.794,6.775,-4.578,-1.291,0.357,52.427
 14:55:12.672,eb:33:2e:f9:57:b5, 2085-97-45 255:226:255:1976,-0.067,0.008,0.909,9.338,4.883,-3.845,-1.181,0.423,52.377
 14:55:12.674,eb:33:2e:f9:57:b5, 2085-97-143 255:244:255:2066,-0.055,-0.017,1.009,11.169,1.587,-2.197,-1.066,0.461,52.344
 14:55:12.674,eb:33:2e:f9:57:b5, 2085-97-119 255:55:00:1988,-0.077,0.015,1,10.498,1.343,-1.099,-0.95,0.467,52.328
 14:55:12.674,eb:33:2e:f9:57:b5, 2085-97-58 255:244:255:1948,-0.087,0.008,0.97,7.202,-0.549,0.183,-0.846,0.483,52.317
 14:55:12.674,eb:33:2e:f9:57:b5, 2085-97-90 255:00:00:1999,-0.065,-0.004,0.966,7.812,-5.676,0.61,-0.775,0.445,52.322
 14:55:12.702,eb:33:2e:f9:57:b5, 2085-97-157 255:15:00:2068,-0.051,0.002,0.992,7.874,-8.179,1.648,-0.676,0.379,52.333
 14:55:12.702,eb:33:2e:f9:57:b5, 2085-97-159 255:10:00:2059,-0.029,0.007,1.005,7.69,-6.104,1.77,-0.599,0.308,52.35
 14:55:12.702,eb:33:2e:f9:57:b5, 2085-97-240 255:68:00:2128,-0.016,0.019,1.023,7.202,-4.395,2.136,-0.511,0.264,52.366
 14:55:12.702,eb:33:2e:f9:57:b5, 2085-97-06 00:82:00:2141,-0.004,0.03,1.032,5.798,0.549,1.343,-0.445,0.253,52.388
 14:55:12.851,eb:33:2e:f9:57:b5, 2085-97-21 00:66:00:2173,-0.032,0.036,1.04,5.432,5.188,-0.549,-0.374,0.297,52.383
 14:55:12.851,eb:33:2e:f9:57:b5, 2085-97-222 255:35:00:2124,-0.047,0.02,1.012,6.042,9.216,-2.502,-0.319,0.385,52.366
 14:55:12.851,eb:33:2e:f9:57:b5, 2085-97-159 255:26:00:2057,-0.064,0.008,0.999,6.653,11.719,-3.174,-0.236,0.505,52.328
 14:55:12.851,eb:33:2e:f9:57:b5, 2085-97-112 255:249:255:2012,-0.074,0.002,0.988,7.812,10.681,-3.174,-0.165,0.615,52.295
 14:55:12.942,eb:33:2e:f9:57:b5, 2085-97-81 255:239:255:1986,-0.061,-0.007,0.986,8.85,7.69,-1.282,-0.066,0.714,52.267
 14:55:12.942,eb:33:2e:f9:57:b5, 2085-97-137 255:25:00:2066,-0.051,0.007,1.001,9.827,5.31,0.305,0.022,0.769,52.267
 14:55:12.942,eb:33:2e:f9:57:b5, 2085-113-81 00:231:114:-067,-0.05,0.014,1.019,11.169,6.592,1.038,0.143,0.835,52.267
 14:55:12.942,eb:33:2e:f9:57:b5, 2085-97-161 255:51:00:2063,-0.042,0.022,1.003,10.986,7.935,1.038,0.203,0.873,52.273
 14:55:12.942,eb:33:2e:f9:57:b5, 2085-97-180 255:76:00:2064,-0.038,0.027,1.004,10.803,10.376,0.671,0.324,0.972,52.278
 14:55:12.944,eb:33:2e:f9:57:b5, 2085-97-146 255:62:00:2028,-0.063,0.036,1.008,10.742,12.573,-0.854,0.434,1.088,52.278
 14:55:12.944,eb:33:2e:f9:57:b5, 2085-97-126 255:36:00:2046,-0.07,0.023,0.987,11.169,10.498,-1.587,0.56,1.214,52.262
 14:55:12.944,eb:33:2e:f9:57:b5, 2085-97-121 255:57:00:2048,-0.055,0.023,0.989,13,6.165,-0.977,0.676,1.302,52.251
 14:55:12.944,eb:33:2e:f9:57:b5, 2085-97-142 255:80:00:2042,-0.047,0.033,1.007,14.221,4.456,-1.038,0.829,1.362,52.234
 14:55:12.946,eb:33:2e:f9:57:b5, 2085-97-180 255:107:00:2061,-0.044,0.038,1.016,15.686,3.601,-2.258,0.978,1.395,52.218
 14:55:12.946,eb:33:2e:f9:57:b5, 2085-97-183 255:120:00:2075,-0.046,0.059,1,15.625,5.432,-3.54,1.154,1.456,52.191
 14:55:12.946,eb:33:2e:f9:57:b5, 2085-97-111 255:104:00:2003,-0.093,0.055,0.999,15.93,7.385,-5.188,1.307,1.522,52.141
 14:55:12.946,eb:33:2e:f9:57:b5, 2085-97-250 254:30:00:2024,-0.104,0.034,0.98,16.846,3.296,-4.272,1.489,1.582,52.092
 14:55:12.946,eb:33:2e:f9:57:b5, 2085-97-107 255:97:00:2081,-0.048,0.022,1.014,20.264,-3.113,-1.953,1.675,1.571,52.059
 14:55:12.946,eb:33:2e:f9:57:b5, 2085-97-196 255:136:00:2141,-0.015,0.061,1.035,21.423,-2.686,-1.831,1.901,1.549,52.037
 14:55:12.946,eb:33:2e:f9:57:b5, 2085-97-211 255:155:00:2145,-0.043,0.079,1.037,22.156,3.235,-4.089,2.115,1.555,52.009
 14:55:12.946,eb:33:2e:f9:57:b5, 2085-97-170 255:139:00:2168,-0.033,0.066,1.061,24.048,8.24,-5.005,2.362,1.626,51.96
 14:55:12.951,eb:33:2e:f9:57:b5, 2085-97-166 255:119:00:2276,-0.056,0.059,1.109,27.344,12.939,-5.737,2.615,1.73,51.91
 14:55:12.951,eb:33:2e:f9:57:b5, 2085-97-40 255:109:00:2104,-0.118,0.07,1.051,30.09,17.578,-4.578,2.922,1.906,51.861
 14:55:12.951,eb:33:2e:f9:57:b5, 2085-97-225 254:77:00:2005,-0.173,0.05,1.003,31.311,15.564,-1.953,3.224,2.076,51.839
 14:55:12.951,eb:33:2e:f9:57:b5, 2085-97-185 254:58:00:2117,-0.105,0.03,0.963,33.569,6.165,1.831,3.565,2.197,51.839
 14:55:12.972,eb:33:2e:f9:57:b5, 2085-97-139 255:135:00:2390,-0.016,0.057,1.099,39.246,0.732,4.578,3.928,2.219,51.877
 14:55:12.972,eb:33:2e:f9:57:b5, 2085-97-202 255:133:00:2960,-0.011,0.095,1.278,49.561,3.723,2.93,4.389,2.241,51.916
 14:55:12.972,eb:33:2e:f9:57:b5, 2085-97-191 255:51:00:3430,-0.079,0.042,1.545,66.101,20.569,1.587,4.971,2.368,51.949
 14:55:12.972,eb:33:2e:f9:57:b5, 2085-97-208 254:137:255:3514,-0.15,-0.06,1.799,81.421,47.913,7.69,5.735,2.703,52.015
 14:55:13.064,eb:33:2e:f9:57:b5, 2085-97-235 254:250:255:3056,-0.159,-0.028,1.602,96.985,63.904,16.113,6.647,3.274,52.202
 14:55:13.064,eb:33:2e:f9:57:b5, 2085-97-157 254:192:255:3198,-0.138,-0.008,1.473,112.305,62.744,21.484,7.729,3.895,52.476
 14:55:13.064,eb:33:2e:f9:57:b5, 2085-97-54 255:255:255:3517,-0.038,-0.036,1.657,130.249,67.017,27.344,8.976,4.493,52.817
 14:55:13.064,eb:33:2e:f9:57:b5, 2085-97-12 00:92:00:3629,0.067,0.007,1.789,148.987,81.116,29.785,10.426,5.18,53.223
 14:55:13.066,eb:33:2e:f9:57:b5, 2085-97-155 00:130:00:3827,0.082,0.067,1.839,169.25,95.032,27.771,12.068,5.988,53.685
 14:55:13.066,eb:33:2e:f9:57:b5, 2085-97-150 00:64:00:4020,0.078,0.044,1.908,194.031,106.567,23.438,13.964,6.938,54.168
 14:55:13.066,eb:33:2e:f9:57:b5, 2085-97-41 01:181:255:4485,0.23,0.006,2.056,223.389,111.572,18.677,16.122,7.938,54.662
 14:55:13.066,eb:33:2e:f9:57:b5, 2085-97-205 02:228:255:4613,0.43,-0.013,2.243,257.874,128.113,12.634,18.633,9.047,55.184
 14:55:13.092,eb:33:2e:f9:57:b5, 2085-97-159 03:220:254:5008,0.482,-0.055,2.296,300.72,145.691,0,21.528,10.316,55.723
 14:55:13.092,eb:33:2e:f9:57:b5, 2085-97-92 04:209:253:5337,0.618,-0.235,2.571,357.239,180.481,-14.16,24.972,11.86,56.31
 14:55:13.092,eb:33:2e:f9:57:b5, 2085-97-60 05:166:253:5349,0.466,-0.301,2.589,414.062,216.736,-26.917,29.015,13.744,57.057
 14:55:13.092,eb:33:2e:f9:57:b5, 2085-97-207 01:43:00:5693,0.021,-0.143,2.646,472.534,241.089,-38.879,33.728,15.919,58.03
 14:55:13.242,eb:33:2e:f9:57:b5, 2085-97-204 254:253:03:7272,-0.22,0.189,3.122,541.626,203.186,-50.842,39.122,17.996,59.041
 14:55:13.242,eb:33:2e:f9:57:b5, 2085-97-121 254:66:04:8383,-0.063,0.77,3.943,603.271,132.446,-72.937,45.115,19.616,59.711
 14:55:13.242,eb:33:2e:f9:57:b5, 2085-97-235 254:169:255:6054,-0.521,0.186,3.41,643.433,100.647,-80.566,51.52,20.967,60.051
 14:55:13.242,eb:33:2e:f9:57:b5, 2085-97-67 250:160:252:7954,-0.524,-0.274,3.297,647.888,67.444,-93.323,58.074,22.132,60.178
 14:55:13.245,eb:33:2e:f9:57:b5, 2085-97-159 255:105:253:7227,0.396,-0.515,4.123,610.229,138.855,-72.571,64.572,23.346,60.672
 14:55:13.245,eb:33:2e:f9:57:b5, 2085-97-217 05:206:252:4750,0.974,-0.284,2.922,536.56,158.02,-73.669,70.818,24.598,61.968
 14:55:13.245,eb:33:2e:f9:57:b5, 2085-97-85 09:42:250:3453,0.877,-0.464,1.994,430.237,138.55,-94.849,76.174,25.818,63.204
 14:55:13.245,eb:33:2e:f9:57:b5, 2085-97-43 04:141:244:3291,0.541,-1.145,1.687,323.914,127.625,-111.694,80.359,27.103,64.391
 14:55:13.248,eb:33:2e:f9:57:b5, 2085-97-13 04:156:243:-3030,0.499,-1.487,0.127,211.304,127.991,-92.102,83.716,28.29,65.654
 14:55:13.248,eb:33:2e:f9:57:b5, 2085-97-227 03:09:241:-3442,0.598,-1.751,-1.859,-31.982,86.243,-80.383,85.023,29.257,66.791
 14:55:13.248,eb:33:2e:f9:57:b5, 2085-97-225 03:01:242:-905,0.312,-1.878,-1.024,-224.792,37.537,-51.941,83.859,29.971,67.302
 14:55:13.248,eb:33:2e:f9:57:b5, 2085-97-172 02:204:244:858,0.407,-1.561,-0.005,-324.707,-10.498,-25.452,81.024,30.344,67.407
 14:55:13.272,eb:33:2e:f9:57:b5, 2085-97-149 03:56:246:1508,0.481,-1.291,0.677,-355.713,-52.979,-5.554,77.344,30.41,66.918
 14:55:13.272,eb:33:2e:f9:57:b5, 2085-97-76 04:61:247:1165,0.59,-1.168,0.671,-351.685,-79.651,8.667,73.389,30.212,66.143
 14:55:13.272,eb:33:2e:f9:57:b5, 2085-97-246 04:85:249:676,0.601,-0.957,0.414,-334.839,-110.291,15.381,69.472,29.784,65.105
 14:55:13.272,eb:33:2e:f9:57:b5, 2085-97-124 04:56:250:598,0.532,-0.758,0.29,-330.872,-139.771,14.16,65.506,29.158,63.803
 14:55:13.303,eb:33:2e:f9:57:b5, 2085-97-253 03:122:250:863,0.44,-0.7,0.347,-337.158,-164.185,8.362,61.447,28.367,62.238
 14:55:13.303,eb:33:2e:f9:57:b5, 2085-97-244 02:24:250:1244,0.298,-0.702,0.508,-348.816,-180.542,3.174,57.211,27.427,60.546
 14:55:13.303,eb:33:2e:f9:57:b5, 2085-97-228 01:167:249:1710,0.176,-0.776,0.722,-359.924,-183.289,3.54,52.91,26.356,58.826
 14:55:13.303,eb:33:2e:f9:57:b5, 2085-97-06 01:224:249:2051,0.091,-0.788,0.926,-364.136,-176.697,9.155,48.604,25.164,57.288
 14:55:13.333,eb:33:2e:f9:57:b5, 2085-97-163 00:171:250:2137,0.104,-0.727,1.042,-361.816,-168.213,16.907,44.445,23.884,55.964
 14:55:13.333,eb:33:2e:f9:57:b5, 2085-97-181 00:93:251:1880,0.094,-0.615,1.014,-358.215,-169.067,20.874,40.408,22.511,54.849
 14:55:13.333,eb:33:2e:f9:57:b5, 2085-97-190 00:157:251:1902,0.078,-0.559,0.9,-359.619,-185.547,19.958,36.447,20.984,53.778
 14:55:13.333,eb:33:2e:f9:57:b5, 2085-97-112 00:253:251:2311,0.033,-0.53,1.01,-363.525,-201.233,17.517,32.454,19.27,52.74
 14:55:13.393,eb:33:2e:f9:57:b5, 2085-97-246 255:142:252:2869,-0.022,-0.465,1.27,-364.685,-210.938,13.306,28.504,17.402,51.768
 14:55:13.393,eb:33:2e:f9:57:b5, 2085-97-145 255:30:253:3353,-0.092,-0.396,1.543,-361.45,-210.693,7.935,24.593,15.458,50.845
 14:55:13.393,eb:33:2e:f9:57:b5, 2085-97-208 254:94:253:3654,-0.194,-0.342,1.726,-354.309,-205.627,2.38,20.819,13.519,50.059
 14:55:13.393,eb:33:2e:f9:57:b5, 2085-97-34 254:85:253:3941,-0.283,-0.326,1.849,-343.506,-201.721,-1.038,17.161,11.585,49.356
 14:55:13.423,eb:33:2e:f9:57:b5, 2085-97-62 253:50:253:4240,-0.402,-0.345,2.004,-334.717,-192.993,0.427,13.678,9.679,48.812
 14:55:13.423,eb:33:2e:f9:57:b5, 2085-97-121 252:111:253:4433,-0.471,-0.345,2.119,-330.872,-181.152,5.92,10.272,7.844,48.428
 14:55:13.423,eb:33:2e:f9:57:b5, 2085-97-02 252:49:254:4720,-0.518,-0.283,2.23,-333.496,-170.288,13,6.932,6.097,48.263
 14:55:13.423,eb:33:2e:f9:57:b5, 2085-97-202 251:33:00:5118,-0.554,-0.114,2.412,-345.154,-158.325,18.555,3.516,4.444,48.257
 14:55:13.452,eb:33:2e:f9:57:b5, 2085-97-58 251:216:02:5278,-0.639,0.174,2.544,-364.685,-153.503,15.93,-0.022,2.889,48.389
 14:55:13.452,eb:33:2e:f9:57:b5, 2085-97-119 250:84:06:5563,-0.762,0.566,2.636,-389.16,-163.574,5.798,-3.823,1.307,48.538
 14:55:13.452,eb:33:2e:f9:57:b5, 2085-97-08 249:43:10:5932,-0.994,1.03,2.819,-411.072,-183.228,-9.277,-7.839,-0.423,48.691
 14:55:13.452,eb:33:2e:f9:57:b5, 2085-97-252 246:146:13:6297,-1.273,1.497,2.979,-420.593,-206.299,-25.452,-12.047,-2.39,48.84
 14:55:13.513,eb:33:2e:f9:57:b5, 2085-97-183 244:161:16:6792,-1.544,1.881,3.199,-408.264,-216.125,-33.813,-16.221,-4.537,49.065
 14:55:13.513,eb:33:2e:f9:57:b5, 2085-97-39 242:152:19:7365,-1.91,2.297,3.453,-371.399,-199.341,-34.302,-20.171,-6.641,49.395
 14:55:13.513,eb:33:2e:f9:57:b5, 2085-97-27 240:104:22:7506,-1.931,2.647,3.625,-317.932,-147.766,-15.808,-23.665,-8.344,49.818
 14:55:13.513,eb:33:2e:f9:57:b5, 2085-97-85 243:80:26:6796,-1.23,3.008,3.522,-255.188,-42.175,9.155,-26.565,-9.201,50.202
 14:55:13.543,eb:33:2e:f9:57:b5, 2085-97-35 248:167:35:4113,-0.871,3.805,2.749,-214.172,95.642,25.879,-28.867,-8.773,50.197
 14:55:13.543,eb:33:2e:f9:57:b5, 2085-97-54 249:67:40:1526,-1.004,4.912,1.363,-163.452,100.708,12.451,-30.718,-7.696,49.807
 14:55:13.543,eb:33:2e:f9:57:b5, 2085-97-105 246:44:36:314,-1.407,4.854,0.207,-60.608,-15.32,-1.892,-31.794,-7.311,49.609
 14:55:13.543,eb:33:2e:f9:57:b5, 2085-113-58 00:141:220:-3060,-1.565,4.188,0.64,46.753,-100.769,2.808,-31.833,-7.91,49.971
 14:55:13.572,eb:33:2e:f9:57:b5, 2085-97-105 242:141:28:4318,-1.756,3.892,1.403,89.966,-99.121,10.315,-31.509,-8.328,50.273
 14:55:13.572,eb:33:2e:f9:57:b5, 2085-97-102 243:127:251:14805,0.697,3.201,2.619,144.104,-26.55,27.527,-30.35,-8.789,50.784
 14:55:13.572,eb:33:2e:f9:57:b5, 2085-97-131 255:151:254:-896,1.398,-2.617,4.078,232.422,332.947,118.591,-27.966,-7.328,50.707
 14:55:13.572,eb:33:2e:f9:57:b5, 2085-97-168 11:222:235:940,0.761,-1.894,-0.135,206.482,207.947,134.521,-25.862,-4.839,50.62
 14:55:13.632,eb:33:2e:f9:57:b5, 2085-97-206 00:04:242:-143,-0.471,-2.513,0.177,352.844,113.281,100.403,-23.093,-2.84,50.993
 14:55:13.632,eb:33:2e:f9:57:b5, 2085-97-03 249:23:01:1335,-0.912,-0.721,0.126,471.558,12.451,117.92,-18.853,-1.945,51.812
 14:55:13.632,eb:33:2e:f9:57:b5, 2085-97-35 251:45:05:3572,-0.563,0.623,1.203,448.975,-2.563,77.576,-14.189,-1.681,52.767
 14:55:13.632,eb:33:2e:f9:57:b5, 2085-97-190 251:130:04:3810,-0.147,0.545,1.777,366.638,43.945,57.739,-10.184,-1.296,53.366
 14:55:13.662,eb:33:2e:f9:57:b5, 2085-97-155 255:200:05:3383,-0.076,0.729,1.912,283.63,34.546,2.686,-6.965,-0.829,53.569
 14:55:13.662,eb:33:2e:f9:57:b5, 2085-97-209 254:07:05:2641,-0.05,0.616,1.445,221.375,16.663,-29.785,-4.488,-0.61,53.383
 14:55:13.662,eb:33:2e:f9:57:b5, 2085-97-207 255:87:01:2287,-0.064,0.451,1.099,152.1,-44.556,-43.091,-2.648,-0.813,52.998
 14:55:13.662,eb:33:2e:f9:57:b5, 2085-97-228 255:240:02:2069,0.052,0.341,1.004,107.117,-65.796,-36.926,-1.357,-1.384,52.63
 14:55:13.692,eb:33:2e:f9:57:b5, 2085-97-226 00:148:02:2132,0.059,0.351,0.997,60.12,-49.377,-21.24,-0.527,-1.961,52.344
 14:55:13.692,eb:33:2e:f9:57:b5, 2085-97-13 00:00:01:2003,0.004,0.257,0.991,28.198,-16.296,-12.573,-0.11,-2.263,52.185
 14:55:13.692,eb:33:2e:f9:57:b5, 2085-97-56 00:111:00:2081,0.027,0.053,0.995,15.869,-8.301,-1.038,0.104,-2.362,52.119
 14:55:13.692,eb:33:2e:f9:57:b5, 2085-97-245 255:182:00:2001,-0.02,0.078,1.003,11.536,1.526,1.282,0.236,-2.39,52.13
 14:55:13.753,eb:33:2e:f9:57:b5, 2085-97-255 255:107:00:2031,0.019,0.072,0.977,5.127,4.639,1.709,0.335,-2.346,52.13
 14:55:13.753,eb:33:2e:f9:57:b5, 2085-97-242 255:93:00:2043,-0.008,0.05,1.008,0.854,8.423,4.333,0.357,-2.28,52.169
 14:55:13.753,eb:33:2e:f9:57:b5, 2085-97-20 00:02:00:2115,0.007,0.019,1.009,1.892,6.592,4.761,0.385,-2.192,52.207
 14:55:13.753,eb:33:2e:f9:57:b5, 2085-97-243 255:26:00:2088,-0.023,0.009,1.024,3.723,6.165,8.606,0.412,-2.126,52.278
 14:55:13.783,eb:33:2e:f9:57:b5, 2085-97-213 255:14:00:2043,-0.024,0.007,0.999,5.127,4.089,11.23,0.467,-2.06,52.372
 14:55:13.783,eb:33:2e:f9:57:b5, 2085-97-194 255:48:00:2014,-0.019,0.017,0.988,6.165,0.977,12.939,0.522,-2.038,52.498
 14:55:13.783,eb:33:2e:f9:57:b5, 2085-97-236 255:84:00:2017,-0.001,0.03,0.988,6.47,-0.854,12.451,0.599,-2.032,52.619
 14:55:13.783,eb:33:2e:f9:57:b5, 2085-97-253 255:86:00:2031,-0.003,0.045,0.993,6.653,-0.122,10.254,0.659,-2.038,52.734
 14:55:13.813,eb:33:2e:f9:57:b5, 2085-97-233 255:76:00:2016,-0.011,0.041,0.988,5.798,1.526,8.606,0.736,-2.021,52.822
 14:55:13.813,eb:33:2e:f9:57:b5, 2085-97-253 255:82:00:2021,0.011,0.036,0.98,5.005,1.16,7.751,0.786,-2.01,52.899
 14:55:13.813,eb:33:2e:f9:57:b5, 2085-97-37 00:85:00:2063,0.021,0.042,1,4.333,2.502,7.019,0.846,-1.983,52.971
 14:55:13.813,eb:33:2e:f9:57:b5, 2085-97-40 00:94:00:2041,0.017,0.04,1.014,3.906,5.31,6.653,0.884,-1.945,53.042
 14:55:13.904,eb:33:2e:f9:57:b5, 2085-97-36 00:73:00:2072,0.011,0.038,1.009,4.028,6.653,6.042,0.934,-1.873,53.097
 14:55:13.904,eb:33:2e:f9:57:b5, 2085-97-26 00:81:00:2066,0.004,0.036,1.003,4.395,8.057,5.981,0.978,-1.796,53.157
 14:55:13.904,eb:33:2e:f9:57:b5, 2085-97-249 255:81:00:2042,0.001,0.039,1.001,4.822,9.46,5.92,1.038,-1.697,53.212
 14:55:13.904,eb:33:2e:f9:57:b5, 2085-97-248 255:84:00:2045,-0.009,0.042,1.004,4.944,11.169,5.371,1.082,-1.599,53.273
 14:55:13.904,eb:33:2e:f9:57:b5, 2085-97-17 00:93:00:2092,0.006,0.044,0.984,4.883,11.536,4.211,1.148,-1.472,53.317
 14:55:13.904,eb:33:2e:f9:57:b5, 2085-97-08 00:96:00:2056,0.007,0.046,1.011,5.615,14.832,2.625,1.203,-1.34,53.355
 14:55:13.904,eb:33:2e:f9:57:b5, 2085-97-13 00:107:00:2076,0.008,0.043,1.024,6.104,18.494,1.16,1.274,-1.165,53.372
 14:55:13.904,eb:33:2e:f9:57:b5, 2085-97-244 255:88:00:2068,0.009,0.057,1.008,6.775,21.484,-1.16,1.34,-0.961,53.377
 14:55:13.933,eb:33:2e:f9:57:b5, 2085-97-221 255:95:00:2057,-0.002,0.055,1.013,8.118,23.132,-3.357,1.434,-0.731,53.35
 14:55:13.933,eb:33:2e:f9:57:b5, 2085-97-228 255:110:00:2054,-0.024,0.05,1.023,10.071,23.743,-5.432,1.527,-0.5,53.311
 14:55:13.933,eb:33:2e:f9:57:b5, 2085-97-226 255:95:00:2109,-0.017,0.055,0.995,10.986,25.208,-8.24,1.648,-0.236,53.245
 14:55:13.933,eb:33:2e:f9:57:b5, 2085-97-218 255:98:00:2094,-0.035,0.043,1.032,12.756,28.076,-8.972,1.763,0.033,53.163
 14:55:13.992,eb:33:2e:f9:57:b5, 2085-97-157 255:99:00:2017,-0.058,0.041,1.02,14.099,30.396,-9.583,1.917,0.341,53.075
 14:55:13.992,eb:33:2e:f9:57:b5, 2085-97-118 255:106:00:1999,-0.074,0.055,0.971,14.099,29.724,-10.071,2.06,0.643,52.987
 14:55:13.992,eb:33:2e:f9:57:b5, 2085-97-102 255:118:00:1960,-0.062,0.052,0.971,13.733,27.161,-9.277,2.214,0.934,52.894
 14:55:13.992,eb:33:2e:f9:57:b5, 2085-97-98 255:116:00:2002,-0.081,0.053,0.991,12.939,25.94,-8.667,2.34,1.198,52.817
 14:55:14.022,eb:33:2e:f9:57:b5, 2085-97-91 255:110:00:2023,-0.064,0.052,0.983,12.329,24.048,-7.446,2.483,1.461,52.74
 14:55:14.022,eb:33:2e:f9:57:b5, 2085-97-178 255:143:00:2111,0.021,0.067,1.004,11.841,22.766,-6.47,2.598,1.697,52.685
 14:55:14.022,eb:33:2e:f9:57:b5, 2085-97-16 00:214:00:2107,0.026,0.127,0.982,10.437,26.855,-7.996,2.725,1.961,52.625
 14:55:14.022,eb:33:2e:f9:57:b5, 2085-97-197 255:207:00:1951,-0.04,0.123,1.005,8.911,30.823,-9.583,2.818,2.252,52.548
 14:55:14.082,eb:33:2e:f9:57:b5, 2085-97-94 255:123:00:2123,-0.184,0.093,0.992,8.728,25.391,-9.949,2.917,2.549,52.46
 14:55:14.082,eb:33:2e:f9:57:b5, 2085-97-84 253:113:255:2326,-0.33,0.036,0.949,9.644,21.484,-6.531,3.005,2.802,52.394
 14:55:14.082,eb:33:2e:f9:57:b5, 2085-97-164 254:179:255:2779,-0.134,-0.13,1.379,30.212,5.981,2.441,3.208,2.933,52.377
 14:55:14.082,eb:33:2e:f9:57:b5, 2085-97-96 255:12:00:3003,-0.035,0,1.354,49.255,4.7,3.784,3.625,2.972,52.421
 14:55:14.112,eb:33:2e:f9:57:b5, 2085-97-90 255:227:255:3189,-0.108,0.025,1.533,66.65,20.203,2.747,4.23,3.098,52.46
 14:55:14.112,eb:33:2e:f9:57:b5, 2085-97-05 255:207:255:3069,-0.157,-0.021,1.54,83.618,36.926,5.676,4.993,3.4,52.526
 14:55:14.112,eb:33:2e:f9:57:b5, 2085-97-65 254:78:255:3096,-0.237,-0.046,1.521,102.905,39.368,10.864,5.955,3.79,52.646
 14:55:14.112,eb:33:2e:f9:57:b5, 2085-97-103 254:116:255:3044,-0.128,-0.079,1.475,122.864,34.424,20.386,7.108,4.147,52.85
 14:55:14.143,eb:33:2e:f9:57:b5, 2085-97-128 255:222:255:3369,0.014,-0.038,1.551,143.494,29.846,26.428,8.481,4.433,53.13
 14:55:14.143,eb:33:2e:f9:57:b5, 2085-97-122 00:34:00:3833,0.118,-0.009,1.777,168.701,44.8,26.428,10.069,4.746,53.454
 14:55:14.143,eb:33:2e:f9:57:b5, 2085-97-65 01:25:00:4070,0.146,0.03,1.937,196.045,66.65,22.095,11.948,5.268,53.806
 14:55:14.143,eb:33:2e:f9:57:b5, 2085-97-94 01:18:00:4228,0.188,-0.003,2,224.304,95.52,17.151,14.101,6.031,54.185
 14:55:14.202,eb:33:2e:f9:57:b5, 2085-97-25 01:141:255:4417,0.19,-0.011,2.029,257.507,112.793,12.207,16.578,7.026,54.613
 14:55:14.202,eb:33:2e:f9:57:b5, 2085-97-241 01:214:254:4921,0.319,-0.131,2.338,297.852,127.197,7.812,19.435,8.135,55.074
 14:55:14.202,eb:33:2e:f9:57:b5, 2085-97-178 02:21:254:5253,0.445,-0.182,2.477,345.093,146.423,2.991,22.764,9.404,55.629
 14:55:14.202,eb:33:2e:f9:57:b5, 2085-97-185 03:73:253:5495,0.439,-0.278,2.678,399.902,174.072,-6.714,26.631,10.871,56.288
 14:55:14.202,eb:33:2e:f9:57:b5, 2085-97-08 02:61:253:5544,0.026,-0.396,2.647,455.688,205.383,-15.32,31.119,12.612,57.14
 14:55:14.263,eb:33:2e:f9:57:b5, 2085-113-58 00:250:231:-8955,-0.279,-0.212,2.961,509.216,212.219,-18.982,36.216,14.474,58.184
 14:55:14.263,eb:33:2e:f9:57:b5, 2085-97-190 252:103:02:7164,-0.397,-0.039,3.274,539.062,198.425,-18.188,39.001,15.348,58.766
 14:55:14.263,eb:33:2e:f9:57:b5, 2085-97-126 254:87:03:7905,0.008,0.54,3.861,600.464,132.69,-30.396,44.989,16.721,59.716
 14:55:14.263,eb:33:2e:f9:57:b5, 2085-97-117 255:229:254:6943,-0.403,0.174,3.731,640.808,105.652,-46.448,51.438,17.765,60.32
 14:55:14.265,eb:33:2e:f9:57:b5, 2085-97-77 252:11:250:8059,-0.264,-0.355,3.445,636.902,95.52,-55.847,57.997,18.787,60.793
 14:55:14.265,eb:33:2e:f9:57:b5, 2085-97-164 01:69:254:6580,0.667,-0.764,3.758,639.16,147.766,-30.273,64.693,19.737,61.754
 14:55:14.265,eb:33:2e:f9:57:b5, 2085-97-93 07:22:254:4236,1.021,-0.271,2.649,601.685,118.53,-38.025,71.367,20.577,62.952
 14:55:14.265,eb:33:2e:f9:57:b5, 2085-97-66 10:114:248:3215,1.21,-0.411,1.767,501.465,58.167,-69.153,77.124,21.335,63.688
 14:55:14.351,eb:33:2e:f9:57:b5, 2085-97-106 06:177:246:3019,0.669,-0.983,1.257,370.178,14.648,-108.276,81.464,22.258,63.825
 14:55:14.351,eb:33:2e:f9:57:b5, 2085-97-151 05:122:245:-573,0.587,-1.226,1.285,274.841,15.686,-124.268,84.644,23.489,63.776
 14:55:14.351,eb:33:2e:f9:57:b5, 2085-97-111 03:96:241:-2439,0.276,-1.617,-1.314,14.954,29.541,-128.601,86.182,24.774,63.896
 14:55:14.351,eb:33:2e:f9:57:b5, 2085-97-235 01:251:241:-958,0.218,-1.9,-1.001,-178.589,33.447,-103.027,85.303,25.961,64.166
 14:55:14.383,eb:33:2e:f9:57:b5, 2085-97-133 01:183:245:1059,0.19,-1.501,0.118,-292.297,25.696,-72.998,82.925,26.84,64.363
 14:55:14.383,eb:33:2e:f9:57:b5, 2085-97-158 01:139:247:1517,0.226,-1.14,0.719,-332.153,10.864,-53.894,79.766,27.477,64.435
 14:55:14.383,eb:33:2e:f9:57:b5, 2085-97-73 02:68:248:1099,0.417,-1.01,0.656,-335.266,-7.141,-35.156,76.366,27.905,64.308
 14:55:14.383,eb:33:2e:f9:57:b5, 2085-97-72 04:119:249:651,0.594,-0.902,0.437,-323.669,-31.494,-22.461,72.911,28.114,63.973
 14:55:14.385,eb:33:2e:f9:57:b5, 2085-97-208 04:129:250:272,0.583,-0.738,0.198,-315.186,-59.875,-17.639,69.467,28.147,63.358
 14:55:14.385,eb:33:2e:f9:57:b5, 2085-97-125 04:206:250:452,0.534,-0.661,0.14,-315.002,-96.191,-16.174,65.874,27.999,62.424
 14:55:14.385,eb:33:2e:f9:57:b5, 2085-97-205 03:156:250:895,0.434,-0.656,0.34,-322.632,-124.268,-14.343,62.117,27.636,61.144
 14:55:14.385,eb:33:2e:f9:57:b5, 2085-97-27 03:38:250:1295,0.326,-0.704,0.545,-336.792,-140.747,-8.85,58.167,27.07,59.738
 14:55:14.471,eb:33:2e:f9:57:b5, 2085-97-70 02:247:249:1523,0.251,-0.753,0.679,-358.582,-141.663,1.526,54.08,26.307,58.337
 14:55:14.471,eb:33:2e:f9:57:b5, 2085-97-223 01:153:250:1738,0.227,-0.721,0.793,-380.066,-137.268,15.808,49.845,25.373,57.151
 14:55:14.471,eb:33:2e:f9:57:b5, 2085-97-225 01:86:251:1995,0.246,-0.625,0.913,-391.357,-138.855,29.968,45.577,24.274,56.14
 14:55:14.471,eb:33:2e:f9:57:b5, 2085-97-00 02:47:252:2105,0.236,-0.538,1.004,-391.174,-146.057,42.969,41.325,22.983,55.333
 14:55:14.474,eb:33:2e:f9:57:b5, 2085-97-198 01:09:253:2162,0.225,-0.423,1.033,-385.193,-158.508,53.955,37.205,21.489,54.701
 14:55:14.474,eb:33:2e:f9:57:b5, 2085-97-218 01:253:253:2428,0.225,-0.313,1.119,-379.822,-172.852,61.584,33.179,19.786,54.152
 14:55:14.474,eb:33:2e:f9:57:b5, 2085-97-186 01:200:254:2738,0.228,-0.198,1.252,-380.798,-182.495,62.927,29.246,17.935,53.745
 14:55:14.474,eb:33:2e:f9:57:b5, 2085-97-151 01:81:255:3122,0.168,-0.117,1.448,-381.531,-186.096,58.289,25.312,16.002,53.388
 14:55:14.503,eb:33:2e:f9:57:b5, 2085-97-36 01:114:255:3437,0.117,-0.07,1.601,-379.456,-192.627,49.255,21.434,14.046,53.119
 14:55:14.503,eb:33:2e:f9:57:b5, 2085-97-130 00:56:255:3659,0.021,-0.079,1.741,-377.38,-196.35,39.429,17.573,12.057,52.844
 14:55:14.503,eb:33:2e:f9:57:b5, 2085-97-226 255:224:254:4073,-0.071,-0.114,1.877,-377.014,-200.073,29.907,13.76,10.052,52.63
 14:55:14.503,eb:33:2e:f9:57:b5, 2085-97-229 254:162:254:4474,-0.203,-0.164,2.082,-378.845,-198.181,21.362,9.932,8.042,52.438
 14:55:14.562,eb:33:2e:f9:57:b5, 2085-97-218 253:245:254:4954,-0.324,-0.16,2.298,-382.69,-191.711,14.282,6.108,6.086,52.339
 14:55:14.562,eb:33:2e:f9:57:b5, 2085-97-23 253:239:255:5460,-0.398,-0.084,2.543,-390.442,-177.307,7.263,2.214,4.23,52.289
 14:55:14.562,eb:33:2e:f9:57:b5, 2085-97-148 252:21:02:5833,-0.463,0.107,2.77,-398.743,-160.4,-2.319,-1.736,2.554,52.306
 14:55:14.562,eb:33:2e:f9:57:b5, 2085-97-09 252:18:05:6018,-0.538,0.439,2.897,-404.907,-155.273,-17.09,-5.784,0.978,52.289
 14:55:14.593,eb:33:2e:f9:57:b5, 2085-97-65 251:21:08:6202,-0.669,0.83,2.975,-411.255,-165.344,-36.621,-9.866,-0.637,52.234
 14:55:14.593,eb:33:2e:f9:57:b5, 2085-97-03 250:70:10:6633,-0.857,1.164,3.115,-418.213,-178.955,-56.824,-14.041,-2.439,52.119
 14:55:14.593,eb:33:2e:f9:57:b5, 2085-97-243 247:26:12:7348,-1.145,1.391,3.41,-412.72,-177.246,-67.139,-18.204,-4.34,52.004
 14:55:14.593,eb:33:2e:f9:57:b5, 2085-97-96 246:113:14:8024,-1.225,1.641,3.762,-379.822,-152.222,-60.242,-22.192,-6.136,51.971
 14:55:14.621,eb:33:2e:f9:57:b5, 2085-97-19 248:45:21:7507,-0.742,2.126,3.85,-327.209,-68.176,-42.725,-25.703,-7.355,51.954
 14:55:14.621,eb:33:2e:f9:57:b5, 2085-97-20 252:149:32:5400,-0.426,3.37,3.138,-271.79,20.813,-42.236,-28.641,-7.641,51.647
 14:55:14.621,eb:33:2e:f9:57:b5, 2085-97-180 250:223:39:2116,-1.105,4.654,1.948,-199.28,8.606,-67.688,-30.91,-7.707,51.042
 14:55:14.621,eb:33:2e:f9:57:b5, 2085-97-231 242:103:37:409,-2.179,4.971,0.275,-90.271,-130.554,-92.285,-32.272,-8.663,50.652
 14:55:14.683,eb:33:2e:f9:57:b5, 2085-97-217 234:221:31:3138,-3.122,4.317,0.695,15.015,-240.295,-82.397,-32.635,-10.827,50.9
 14:55:14.683,eb:33:2e:f9:57:b5, 2085-97-14 229:142:24:6607,-3.314,3.54,2.595,97.046,-187.561,-34.119,-32.168,-13.085,51.641
 14:55:14.683,eb:33:2e:f9:57:b5, 2085-97-254 235:158:03:11170,0.877,2.592,3.359,131.775,16.846,30.273,-31.075,-13.782,52.031
 14:55:14.683,eb:33:2e:f9:57:b5, 2085-97-07 250:242:253:-927,2.077,-1.5,4.989,271.851,389.771,131.042,-28.625,-11.854,51.718
 14:55:14.741,eb:33:2e:f9:57:b5, 2085-97-170 15:198:241:1824,0.848,-1.477,0.016,291.138,294.556,145.508,-25.746,-8.904,51.317
 14:55:14.741,eb:33:2e:f9:57:b5, 2085-97-208 254:166:246:1201,-1.035,-1.838,0.829,429.565,290.466,119.934,-22.094,-5.526,51.268
 14:55:14.741,eb:33:2e:f9:57:b5, 2085-97-104 246:243:253:2347,-1.001,-0.521,1.059,483.093,198.12,102.722,-17.391,-2.889,51.52
 14:55:14.741,eb:33:2e:f9:57:b5, 2085-97-24 250:153:07:3607,-0.663,0.583,1.851,418.579,137.451,57.434,-12.821,-1.17,51.855
 14:55:14.743,eb:33:2e:f9:57:b5, 2085-97-189 253:130:05:3138,-0.184,0.918,1.566,313.538,111.206,-5.005,-9.207,0.17,51.74
 14:55:14.743,eb:33:2e:f9:57:b5, 2085-97-15 254:199:03:2429,-0.278,0.504,1.354,235.107,51.514,-28.076,-6.548,0.928,51.422
 14:55:14.743,eb:33:2e:f9:57:b5, 2085-97-119 254:40:02:2092,-0.004,0.448,1.025,180.42,9.521,-41.626,-4.493,1.154,50.971
 14:55:14.743,eb:33:2e:f9:57:b5, 2085-97-252 255:247:00:2143,-0.053,0.289,1.078,122.07,0.122,-27.588,-2.999,1.154,50.62
 14:55:14.802,eb:33:2e:f9:57:b5, 2085-97-195 255:101:01:1971,-0.155,0.1,1.023,86.243,10.132,2.502,-1.994,1.214,50.455
 14:55:14.802,eb:33:2e:f9:57:b5, 2085-97-221 254:207:00:1746,0.037,0.144,0.812,56.458,-1.465,17.578,-1.285,1.318,50.554
 14:55:14.802,eb:33:2e:f9:57:b5, 2085-97-106 254:38:01:1668,-0.074,0.194,1.09,35.583,11.108,16.235,-0.835,1.307,50.696
 14:55:14.802,eb:33:2e:f9:57:b5, 2085-97-66 255:15:01:1829,-0.099,0.057,0.943,23.132,10.498,16.479,-0.522,1.395,50.828
 14:55:14.832,eb:33:2e:f9:57:b5, 2085-97-218 254:141:00:1773,-0.142,0.069,0.918,16.846,8.545,6.653,-0.33,1.489,50.872
 14:55:14.832,eb:33:2e:f9:57:b5, 2085-97-48 255:95:00:1926,-0.102,0.054,0.884,10.071,0.732,4.272,-0.181,1.544,50.916
 14:55:14.832,eb:33:2e:f9:57:b5, 2085-97-79 255:48:00:1990,-0.044,0.022,0.954,7.202,-2.197,2.808,-0.093,1.538,50.889
 14:55:14.832,eb:33:2e:f9:57:b5, 2085-97-174 255:60:00:2095,-0.058,0.032,1.016,6.409,-2.014,2.014,-0.011,1.516,50.905
 14:55:14.862,eb:33:2e:f9:57:b5, 2085-97-88 255:240:255:2059,-0.095,0.014,1.014,6.836,0.244,2.014,0.049,1.516,50.867
 14:55:14.862,eb:33:2e:f9:57:b5, 2085-97-79 255:248:255:2048,-0.094,-0.006,0.989,8.362,-2.625,5.493,0.143,1.516,50.894
 14:55:14.862,eb:33:2e:f9:57:b5, 2085-97-56 255:254:255:1975,-0.058,-0.002,0.979,8.545,-4.456,7.812,0.231,1.483,50.905
 14:55:14.862,eb:33:2e:f9:57:b5, 2085-97-199 255:62:00:2104,0.004,0.013,1.01,7.874,-5.737,9.521,0.324,1.434,50.988
 14:55:14.923,eb:33:2e:f9:57:b5, 2085-97-51 00:113:00:2195,0.021,0.045,1.051,7.141,2.075,7.935,0.406,1.412,51.021
 14:55:14.923,eb:33:2e:f9:57:b5, 2085-97-250 255:99:00:2104,-0.024,0.048,1.066,7.69,11.902,5.432,0.494,1.5,51.081
 14:55:14.923,eb:33:2e:f9:57:b5, 2085-97-153 255:71:00:2040,-0.073,0.038,1.027,7.446,15.93,3.723,0.571,1.642,51.07
 14:55:14.923,eb:33:2e:f9:57:b5, 2085-97-135 255:77:00:2004,-0.044,0.035,0.956,7.874,12.39,2.441,0.67,1.796,51.092
 14:55:14.981,eb:33:2e:f9:57:b5, 2085-97-197 255:84:00:2083,-0.055,0.046,0.979,6.958,12.39,1.465,0.742,1.917,51.059
 14:55:14.981,eb:33:2e:f9:57:b5, 2085-97-142 255:65:00:2057,-0.055,0.038,0.994,6.897,15.198,-0.488,0.824,2.076,51.059
 14:55:14.981,eb:33:2e:f9:57:b5, 2085-97-130 255:53:00:2073,-0.054,0.034,1.012,7.935,15.686,-1.404,0.901,2.23,50.993
 14:55:14.981,eb:33:2e:f9:57:b5, 2085-97-126 255:56:00:2082,-0.051,0.025,1.025,9.155,17.151,-0.916,1.005,2.401,50.977
 14:55:14.983,eb:33:2e:f9:57:b5, 2085-97-197 255:110:00:2066,-0.034,0.041,1.013,10.193,17.151,-1.16,1.104,2.571,50.916
 14:55:14.983,eb:33:2e:f9:57:b5, 2085-97-190 255:116:00:2085,-0.059,0.042,1.051,10.986,22.095,-4.089,1.219,2.774,50.883
 14:55:14.983,eb:33:2e:f9:57:b5, 2085-97-110 255:68:00:2150,-0.084,0.04,1.019,12.817,20.996,-6.409,1.335,2.999,50.773
 14:55:14.983,eb:33:2e:f9:57:b5, 2085-97-74 255:89:00:2071,-0.122,0.028,1.042,17.7,16.968,-7.202,1.505,3.197,50.702
 14:55:15.042,eb:33:2e:f9:57:b5, 2085-97-25 255:65:00:2095,-0.104,0.014,1.028,20.935,12.634,-6.836,1.697,3.34,50.576
 14:55:15.042,eb:33:2e:f9:57:b5, 2085-97-70 255:105:00:2068,-0.099,0.034,1.026,24.17,10.376,-6.531,1.934,3.461,50.504
 14:55:15.042,eb:33:2e:f9:57:b5, 2085-97-44 255:85:00:2109,-0.066,0.04,1.065,27.1,10.62,-8.606,2.186,3.565,50.372
 14:55:15.042,eb:33:2e:f9:57:b5, 2085-97-124 255:146:00:1969,-0.111,0.073,0.983,28.931,9.399,-9.216,2.483,3.675,50.284
 14:55:15.072,eb:33:2e:f9:57:b5, 2085-97-02 255:108:00:2017,-0.142,0.056,0.957,27.405,9.644,-9.46,2.758,3.774,50.136
 14:55:15.072,eb:33:2e:f9:57:b5, 2085-97-241 254:108:00:2029,-0.142,0.045,0.974,26.367,10.437,-8.545,3.032,3.895,50.048
 14:55:15.072,eb:33:2e:f9:57:b5, 2085-97-36 255:142:00:2110,-0.055,0.042,1.013,27.161,9.766,-7.507,3.296,3.999,49.911
 14:55:15.072,eb:33:2e:f9:57:b5, 2085-113-58 00:63:208:-2355,-0.064,0.082,1.102,29.724,12.756,-9.949,3.593,4.114,49.828
 14:55:15.102,eb:33:2e:f9:57:b5, 2085-97-119 255:139:00:2361,-0.073,0.069,1.138,31.921,16.541,-10.559,3.741,4.197,49.779
 14:55:15.102,eb:33:2e:f9:57:b5, 2085-97-60 255:128:00:2332,-0.147,0.07,1.13,36.865,24.231,-12.207,4.081,4.417,49.614
 14:55:15.102,eb:33:2e:f9:57:b5, 2085-97-204 254:68:00:2455,-0.137,0.037,1.153,41.443,29.114,-11.597,4.477,4.708,49.51
 14:55:15.102,eb:33:2e:f9:57:b5, 2085-97-237 254:94:00:2411,-0.171,0.04,1.205,48.645,34.241,-9.033,4.922,5.037,49.378
 14:55:15.162,eb:33:2e:f9:57:b5, 2085-97-102 254:77:00:2279,-0.204,0.041,1.133,54.626,36.499,-5.249,5.455,5.416,49.334
 14:55:15.162,eb:33:2e:f9:57:b5, 2085-97-62 254:56:00:2310,-0.21,0.03,1.134,61.218,32.654,-0.122,6.037,5.757,49.285
 14:55:15.162,eb:33:2e:f9:57:b5, 2085-97-35 254:54:00:2322,-0.247,0.041,1.132,67.444,27.832,5.554,6.707,6.064,49.345
 14:55:15.162,eb:33:2e:f9:57:b5, 2085-97-34 254:60:00:2487,-0.209,0.026,1.154,75.806,19.775,11.658,7.432,6.295,49.406
 14:55:15.193,eb:33:2e:f9:57:b5, 2085-97-110 254:104:00:2584,-0.166,0.037,1.238,86.243,15.015,17.639,8.284,6.449,49.576
 14:55:15.193,eb:33:2e:f9:57:b5, 2085-97-211 254:139:00:2760,-0.15,0.06,1.323,97.351,13.306,21.973,9.234,6.548,49.735
 14:55:15.193,eb:33:2e:f9:57:b5, 2085-97-203 254:113:00:2996,-0.12,0.059,1.389,111.816,14.038,26.123,10.327,6.658,50.004
 14:55:15.193,eb:33:2e:f9:57:b5, 2085-97-137 255:133:00:3324,-0.014,0.056,1.551,128.906,18.372,29.358,11.574,6.757,50.246
 14:55:15.222,eb:33:2e:f9:57:b5, 2085-97-33 00:195:00:3491,0.034,0.079,1.667,150.269,32.959,28.809,13.035,6.954,50.598
 14:55:15.222,eb:33:2e:f9:57:b5, 2085-97-93 00:206:00:3428,0.035,0.106,1.697,172.241,51.819,24.78,14.7,7.311,50.9
 14:55:15.222,eb:33:2e:f9:57:b5, 2085-97-48 00:140:00:3405,-0.003,0.088,1.664,195.374,68.97,20.447,16.617,7.855,51.29
 14:55:15.222,eb:33:2e:f9:57:b5, 2085-97-35 00:108:00:3445,0.025,0.052,1.693,220.459,81.421,17.578,18.765,8.52,51.702
 14:55:15.282,eb:33:2e:f9:57:b5, 2085-97-28 00:241:255:3695,0.013,0.035,1.712,249.268,86.182,15.015,21.204,9.267,52.158
 14:55:15.282,eb:33:2e:f9:57:b5, 2085-97-61 00:47:255:4144,0.076,-0.068,1.895,286.194,92.957,12.146,23.972,10.042,52.635
 14:55:15.282,eb:33:2e:f9:57:b5, 2085-97-53 01:221:254:4634,0.184,-0.117,2.12,330.139,107.849,8.667,27.18,10.904,53.179
 14:55:15.282,eb:33:2e:f9:57:b5, 2085-97-25 01:102:254:4976,0.04,-0.165,2.331,378.357,136.108,2.136,30.872,11.953,53.828
 14:55:15.313,eb:33:2e:f9:57:b5, 2085-97-171 254:181:254:5288,-0.411,-0.23,2.483,427.734,163.513,-2.014,35.118,13.244,54.684
 14:55:15.313,eb:33:2e:f9:57:b5, 2085-97-188 250:05:02:5954,-0.851,-0.044,2.7,482.361,161.377,3.784,39.935,14.557,55.728
 14:55:15.313,eb:33:2e:f9:57:b5, 2085-97-214 247:73:04:7533,-0.819,0.406,3.14,542.419,105.286,-0.061,45.357,15.513,56.689
 14:55:15.313,eb:33:2e:f9:57:b5, 2085-97-175 252:177:03:6041,-0.159,0.463,3.538,566.223,102.173,3.357,51.169,16.188,57.393
 14:55:15.371,eb:33:2e:f9:57:b5, 2085-97-254 253:94:02:6176,-0.288,0.377,2.781,552.612,84.717,2.686,56.992,16.705,58.233
 14:55:15.371,eb:33:2e:f9:57:b5, 2085-97-203 252:202:255:6633,-0.242,-0.164,3.33,563.782,104.492,1.282,62.798,17.188,59.002
 14:55:15.371,eb:33:2e:f9:57:b5, 2085-97-00 01:125:00:5250,0.5,0.124,2.902,577.393,95.886,7.935,68.84,17.584,60.04
 14:55:15.371,eb:33:2e:f9:57:b5, 2085-97-52 06:226:255:3604,1.042,0.062,2.059,534.546,52.307,3.113,74.685,17.743,60.771
 14:55:15.432,eb:33:2e:f9:57:b5, 2085-97-174 09:196:249:2194,1.313,-0.275,1.562,440.796,10.681,-29.297,79.607,17.941,61.04
 14:55:15.432,eb:33:2e:f9:57:b5, 2085-97-36 09:243:250:1293,0.803,-0.683,0.506,326.111,-59.448,-83.313,83.276,18.43,60.656
 14:55:15.432,eb:33:2e:f9:57:b5, 2085-97-238 04:69:248:023,0.505,-0.899,0.751,232.422,-92.346,-137.268,85.726,19.578,59.689
 14:55:15.432,eb:33:2e:f9:57:b5, 2085-97-38 03:204:243:-573,0.275,-1.264,-0.323,50.781,-104.004,-158.325,86.693,21.017,58.464
 14:55:15.435,eb:33:2e:f9:57:b5, 2085-97-35 01:67:242:-268,0.072,-1.688,-0.237,-118.408,-81.482,-146.729,85.803,22.5,57.354
 14:55:15.435,eb:33:2e:f9:57:b5, 2085-97-193 00:208:244:516,0.116,-1.6,0.049,-247.375,-43.213,-120.056,83.573,23.763,56.519
 14:55:15.435,eb:33:2e:f9:57:b5, 2085-97-200 00:33:247:918,0.086,-1.211,0.386,-337.524,-10.864,-99.487,80.381,24.802,56.107
 14:55:15.435,eb:33:2e:f9:57:b5, 2085-97-241 00:239:247:999,0.16,-1.047,0.462,-384.583,-18.982,-85.083,76.58,25.67,55.723
 14:55:15.492,eb:33:2e:f9:57:b5, 2085-97-219 01:142:248:1027,0.311,-0.965,0.481,-406.494,-40.161,-73.547,72.334,26.345,55.151
 14:55:15.493,eb:33:2e:f9:57:b5, 2085-97-50 03:190:249:1219,0.449,-0.871,0.545,-407.959,-65.918,-68.42,67.868,26.818,54.267
 14:55:15.493,eb:33:2e:f9:57:b5, 2085-97-208 03:244:250:1265,0.481,-0.694,0.612,-391.479,-93.201,-67.627,63.336,27.103,53.113
 14:55:15.493,eb:33:2e:f9:57:b5, 2085-97-204 03:86:251:1329,0.426,-0.6,0.631,-366.699,-128.723,-67.505,58.887,27.147,51.586
 14:55:15.523,eb:33:2e:f9:57:b5, 2085-97-252 02:72:251:1316,0.32,-0.583,0.635,-352.417,-156.006,-63.171,54.492,26.906,49.801
 14:55:15.523,eb:33:2e:f9:57:b5, 2085-97-225 01:243:250:1416,0.157,-0.605,0.669,-356.018,-169.861,-53.223,50.131,26.351,47.884
 14:55:15.523,eb:33:2e:f9:57:b5, 2085-97-188 00:197:250:1795,0.05,-0.653,0.775,-368.958,-172.913,-36.926,45.709,25.527,46.093
 14:55:15.523,eb:33:2e:f9:57:b5, 2085-97-51 00:233:250:2256,0.01,-0.652,0.993,-380.188,-165.344,-16.846,41.325,24.478,44.55
 14:55:15.554,eb:33:2e:f9:57:b5, 2085-97-47 00:04:252:2479,0.04,-0.572,1.18,-385.315,-153.442,6.042,37.007,23.28,43.38
 14:55:15.554,eb:33:2e:f9:57:b5, 2085-97-170 00:34:253:2551,0.105,-0.426,1.221,-383.911,-153.503,21.912,32.844,21.94,42.517
 14:55:15.554,eb:33:2e:f9:57:b5, 2085-97-245 00:69:254:2620,0.15,-0.286,1.251,-380.859,-158.386,33.508,28.784,20.451,41.891
 14:55:15.554,eb:33:2e:f9:57:b5, 2085-97-45 01:32:255:2940,0.105,-0.155,1.361,-371.46,-168.762,39.368,24.879,18.82,41.402
 14:55:15.613,eb:33:2e:f9:57:b5, 2085-97-137 00:49:255:3229,0.044,-0.096,1.501,-355.713,-182.983,42.847,21.121,17.029,41.045
 14:55:15.613,eb:33:2e:f9:57:b5, 2085-97-06 00:198:254:3475,-0.039,-0.122,1.65,-340.332,-194.58,46.936,17.595,15.09,40.776
 14:55:15.613,eb:33:2e:f9:57:b5, 2085-97-92 255:115:254:3914,-0.117,-0.177,1.782,-329.59,-199.402,53.894,14.211,13.041,40.688
 14:55:15.613,eb:33:2e:f9:57:b5, 2085-97-216 254:169:254:4519,-0.17,-0.194,2.063,-320.007,-192.505,63.171,11.003,10.992,40.781
 14:55:15.642,eb:33:2e:f9:57:b5, 2085-97-112 254:123:255:4953,-0.219,-0.121,2.323,-311.34,-176.331,71.228,7.888,9.058,41.127
 14:55:15.642,eb:33:2e:f9:57:b5, 2085-97-10 254:185:00:5231,-0.275,0.003,2.492,-306.213,-156.677,76.233,4.889,7.328,41.633
 14:55:15.642,eb:33:2e:f9:57:b5, 2085-97-134 253:242:02:5484,-0.355,0.21,2.611,-306.458,-137.268,76.843,1.879,5.823,42.297
 14:55:15.642,eb:33:2e:f9:57:b5, 2085-97-194 252:18:06:5778,-0.48,0.556,2.747,-315.735,-120.483,69.153,-1.154,4.537,42.968
 14:55:15.703,eb:33:2e:f9:57:b5, 2085-97-214 251:131:09:5788,-0.566,0.968,2.842,-338.257,-109.436,50.842,-4.4,3.428,43.61
 14:55:15.703,eb:33:2e:f9:57:b5, 2085-97-116 251:227:12:5347,-0.605,1.415,2.71,-370.85,-117.004,21.057,-7.932,2.362,44.028
 14:55:15.703,eb:33:2e:f9:57:b5, 2085-97-171 250:106:15:5418,-0.824,1.779,2.581,-398.254,-145.996,-12.756,-11.821,1.06,44.264
 14:55:15.703,eb:33:2e:f9:57:b5, 2085-97-32 248:16:17:6080,-1.072,2.031,2.809,-395.752,-181.091,-39.124,-15.82,-0.621,44.324
 14:55:15.705,eb:33:2e:f9:57:b5, 2085-97-224 247:229:20:6753,-0.847,2.308,3.128,-353.149,-182.556,-47.546,-19.589,-2.538,44.462
 14:55:15.705,eb:33:2e:f9:57:b5, 2085-97-41 250:245:29:6584,-0.659,3.05,3.439,-305.359,-99.365,-53.223,-22.846,-4.07,44.517
 14:55:15.705,eb:33:2e:f9:57:b5, 2085-97-186 250:133:37:4267,-0.84,4.299,2.796,-257.751,8.301,-76.66,-25.62,-4.642,44.05
 14:55:15.705,eb:33:2e:f9:57:b5, 2085-97-140 246:239:37:342,-1.597,4.836,1.123,-173.34,-17.334,-95.398,-27.713,-4.966,43.22
 14:55:15.705,eb:33:2e:f9:57:b5, 2085-97-247 239:212:32:-488,-2.346,4.473,-0.409,-49.805,-166.382,-84.473,-28.74,-6.246,42.858
 14:55:15.763,eb:33:2e:f9:57:b5, 2085-113-58 00:238:228:060,-2.663,3.807,0.569,59.265,-257.263,-39.368,-28.685,-8.547,43.423
 14:55:15.763,eb:33:2e:f9:57:b5, 2085-97-211 232:79:26:5035,-2.958,3.584,1.56,100.769,-240.051,-13.367,-28.334,-9.701,43.907
 14:55:15.763,eb:33:2e:f9:57:b5, 2085-97-238 226:160:244:20499,-1.654,2.873,2.979,181.396,-147.217,7.08,-27.158,-11.168,44.846
 14:55:15.763,eb:33:2e:f9:57:b5, 2085-97-02 03:07:254:1405,1.743,0.544,-0.204,258.423,237.854,120.85,-24.626,-8.915,45.242
 14:55:15.793,eb:33:2e:f9:57:b5, 2085-97-70 11:89:242:1333,0.524,-2.03,0.041,216.675,270.386,207.825,-22.401,-5.999,45.758
 14:55:15.794,eb:33:2e:f9:57:b5, 2085-97-06 255:36:247:964,-0.647,-1.714,0.739,312.927,211.853,166.138,-19.814,-3.005,46.648
 14:55:15.794,eb:33:2e:f9:57:b5, 2085-97-114 248:145:253:2277,-0.987,-0.556,0.85,387.146,136.78,142.578,-16.238,-0.972,47.576
 14:55:15.794,eb:33:2e:f9:57:b5, 2085-97-143 249:140:04:3129,-0.64,0.129,1.246,371.338,107.422,91.003,-12.393,0.472,48.389
 14:55:15.852,eb:33:2e:f9:57:b5, 2085-97-55 252:02:06:3210,-0.289,0.665,1.489,309.937,112.122,30.273,-8.992,1.692,48.757
 14:55:15.852,eb:33:2e:f9:57:b5, 2085-97-143 253:91:04:2747,-0.112,0.526,1.388,245.789,77.026,-25.635,-6.262,2.637,48.576
 14:55:15.852,eb:33:2e:f9:57:b5, 2085-97-05 00:20:01:2547,0.033,0.425,1.344,177.856,-18.86,-55.969,-4.197,2.741,48.032
 14:55:15.852,eb:33:2e:f9:57:b5, 2085-97-101 255:138:01:2128,-0.079,0.054,1.263,140.625,7.263,-27.771,-2.637,2.604,47.615
 14:55:15.912,eb:33:2e:f9:57:b5, 2085-97-110 255:106:04:1793,-0.195,0.196,0.96,81.177,14.587,23.865,-1.555,2.763,47.549
 14:55:15.912,eb:33:2e:f9:57:b5, 2085-97-175 253:137:00:1548,-0.044,0.474,0.646,42.847,-17.517,-3.113,-0.967,2.84,47.719
 14:55:15.912,eb:33:2e:f9:57:b5, 2085-97-184 253:211:00:1405,-0.095,0.081,1.105,25.391,28.015,-2.258,-0.626,2.791,47.62
 14:55:15.912,eb:33:2e:f9:57:b5, 2085-97-154 255:97:00:2155,-0.196,0.158,0.953,8.789,10.01,-0.244,-0.472,2.944,47.642
 14:55:15.915,eb:33:2e:f9:57:b5, 2085-97-171 254:96:00:1849,-0.135,0.006,0.873,8.423,13.123,-3.662,-0.385,3.115,47.543
 14:55:15.915,eb:33:2e:f9:57:b5, 2085-97-217 254:253:255:1956,-0.12,0.039,0.942,4.639,6.775,-3.784,-0.308,3.208,47.499
 14:55:15.915,eb:33:2e:f9:57:b5, 2085-97-60 255:00:00:2092,-0.092,-0.006,0.997,5.615,0.549,-2.014,-0.258,3.241,47.406
 14:55:15.915,eb:33:2e:f9:57:b5, 2085-97-45 255:220:255:2036,-0.104,-0.01,1.017,6.836,0.366,-0.183,-0.176,3.257,47.39
 14:55:15.973,eb:33:2e:f9:57:b5, 2085-97-66 255:25:00:2006,-0.097,-0.002,0.981,7.446,-3.052,1.953,-0.099,3.241,47.34
 14:55:15.973,eb:33:2e:f9:57:b5, 2085-97-67 255:54:00:1999,-0.099,0.022,0.964,6.287,-3.479,2.258,-0.016,3.219,47.357
 14:55:15.973,eb:33:2e:f9:57:b5, 2085-97-64 255:33:00:2023,-0.083,0.021,0.968,4.761,-3.357,1.648,0.038,3.186,47.313
 14:55:15.973,eb:33:2e:f9:57:b5, 2085-97-78 255:37:00:2056,-0.076,0.02,1.004,4.272,-2.38,0.977,0.099,3.164,47.318
 14:55:16.003,eb:33:2e:f9:57:b5, 2085-97-122 255:48:00:2086,-0.065,0.024,1.01,4.333,-0.671,-0.183,0.143,3.148,47.258
 14:55:16.003,eb:33:2e:f9:57:b5, 2085-97-126 255:52:00:2080,-0.073,0.027,1.012,4.211,3.052,-1.709,0.198,3.175,47.241
 14:55:16.003,eb:33:2e:f9:57:b5, 2085-97-114 255:41:00:2086,-0.072,0.023,1.013,4.578,5.981,-3.296,0.247,3.224,47.153
 14:55:16.003,eb:33:2e:f9:57:b5, 2085-97-120 255:42:00:2086,-0.084,0.018,1.013,4.7,8.85,-3.601,0.302,3.307,47.115
 14:55:16.031,eb:33:2e:f9:57:b5, 2085-97-105 255:35:00:2080,-0.097,0.02,0.999,4.944,10.742,-4.028,0.357,3.411,47.01
 14:55:16.031,eb:33:2e:f9:57:b5, 2085-97-55 255:28:00:2018,-0.111,0.014,0.986,5.127,11.719,-3.357,0.417,3.543,46.972
 14:55:16.031,eb:33:2e:f9:57:b5, 2085-97-50 255:33:00:2007,-0.123,0.014,0.965,4.15,10.132,-1.892,0.467,3.653,46.884
 14:55:16.031,eb:33:2e:f9:57:b5, 2085-97-09 255:32:00:1950,-0.095,0.012,0.954,3.479,7.69,-0.671,0.516,3.757,46.868
 14:55:16.093,eb:33:2e:f9:57:b5, 2085-97-54 255:46:00:2019,-0.087,0.021,0.987,2.991,4.7,0,0.549,3.818,46.802
 14:55:16.093,eb:33:2e:f9:57:b5, 2085-97-77 255:56:00:2033,-0.092,0.028,0.992,3.052,5.127,-0.427,0.593,3.873,46.796
 14:55:16.093,eb:33:2e:f9:57:b5, 2085-97-92 255:61:00:2058,-0.09,0.032,0.984,3.052,5.92,-1.465,0.626,3.933,46.725
 14:55:16.093,eb:33:2e:f9:57:b5, 2085-97-94 255:60:00:2072,-0.093,0.026,0.998,3.418,8.423,-2.502,0.67,4.016,46.703
 14:55:16.123,eb:33:2e:f9:57:b5, 2085-97-72 255:52:00:2071,-0.104,0.025,1.004,4.272,11.169,-3.662,0.709,4.12,46.609
 14:55:16.123,eb:33:2e:f9:57:b5, 2085-97-23 255:27:00:2034,-0.116,0.02,0.993,4.883,12.146,-3.784,0.769,4.252,46.566
 14:55:16.123,eb:33:2e:f9:57:b5, 2085-97-19 255:43:00:2014,-0.112,0.019,0.979,4.944,10.803,-2.502,0.818,4.367,46.478
 14:55:16.123,eb:33:2e:f9:57:b5, 2085-97-45 255:43:00:2071,-0.099,0.026,0.985,4.883,9.888,-2.075,0.879,4.477,46.45
 14:55:16.153,eb:33:2e:f9:57:b5, 2085-97-28 255:42:00:2055,-0.093,0.023,1.021,5.493,11.902,-1.465,0.934,4.581,46.373
 14:55:16.153,eb:33:2e:f9:57:b5, 2085-97-59 255:56:00:2095,-0.072,0.033,1.017,5.859,13.916,-1.343,1.005,4.719,46.357
 14:55:16.153,eb:33:2e:f9:57:b5, 2085-97-91 255:74:00:2128,-0.088,0.04,1.037,6.775,18.311,-2.197,1.071,4.878,46.28
 14:55:16.153,eb:33:2e:f9:57:b5, 2085-97-86 255:77:00:2130,-0.087,0.037,1.032,7.996,23.926,-3.967,1.159,5.103,46.252
 14:55:16.213,eb:33:2e:f9:57:b5, 2085-97-72 255:68:00:2152,-0.108,0.043,1.015,8.728,28.992,-6.165,1.241,5.372,46.143
 14:55:16.213,eb:33:2e:f9:57:b5, 2085-97-242 254:60:00:2051,-0.116,0.042,0.996,9.521,33.569,-7.446,1.34,5.707,46.077
 14:55:16.213,eb:33:2e:f9:57:b5, 2085-97-251 254:58:00:2113,-0.119,0.038,1.01,10.071,35.034,-7.263,1.439,6.048,45.95
 14:55:16.213,eb:33:2e:f9:57:b5, 2085-97-02 255:68:00:2095,-0.115,0.032,1.037,10.681,39.551,-7.08,1.549,6.432,45.879
 14:55:16.241,eb:33:2e:f9:57:b5, 2085-97-229 254:100:00:1991,-0.161,0.038,1.038,12.451,41.748,-7.019,1.659,6.839,45.764
 14:55:16.241,eb:33:2e:f9:57:b5, 2085-97-176 254:142:00:1770,-0.12,0.058,0.92,10.803,37.17,-6.165,1.785,7.251,45.703
 14:55:16.241,eb:33:2e:f9:57:b5, 2085-97-01 255:153:00:2034,-0.173,0.081,0.94,9.888,23.682,-6.531,1.884,7.542,45.593
 14:55:16.241,eb:33:2e:f9:57:b5, 2085-97-125 254:49:00:2287,-0.354,0.056,0.982,11.108,17.212,-6.226,1.989,7.767,45.527
 14:55:16.272,eb:33:2e:f9:57:b5, 2085-97-208 252:47:254:3610,-0.237,-0.123,1.462,23.987,17.395,-5.188,2.153,7.916,45.406
 14:55:16.272,eb:33:2e:f9:57:b5, 2085-97-158 254:214:255:2763,-0.178,-0.126,1.675,52.307,33.63,5.188,2.571,8.174,45.428
 14:55:16.272,eb:33:2e:f9:57:b5, 2085-97-72 254:234:255:2572,-0.25,0.014,1.19,64.575,34.18,5.798,3.186,8.52,45.445
 14:55:16.272,eb:33:2e:f9:57:b5, 2085-97-203 253:77:255:2986,-0.274,-0.059,1.411,74.585,37.109,10.193,3.911,8.871,45.544
 14:55:16.334,eb:33:2e:f9:57:b5, 2085-97-73 254:157:255:3101,-0.17,-0.077,1.471,90.515,40.283,17.883,4.768,9.256,45.659
 14:55:16.334,eb:33:2e:f9:57:b5, 2085-113-81 00:128:117:451,-0.119,-0.012,1.541,108.032,43.823,22.217,5.823,9.668,45.912
 14:55:16.334,eb:33:2e:f9:57:b5, 2085-97-67 255:33:00:3387,-0.089,-0.001,1.618,117.004,49.561,23.376,6.416,9.893,46.055
 14:55:16.334,eb:33:2e:f9:57:b5, 2085-97-44 255:239:255:3510,-0.106,-0.01,1.681,135.742,62.134,25.818,7.745,10.421,46.313
 14:55:16.362,eb:33:2e:f9:57:b5, 2085-97-116 255:235:255:3817,-0.042,-0.006,1.771,154.602,74.829,26.489,9.283,11.074,46.692
 14:55:16.362,eb:33:2e:f9:57:b5, 2085-97-181 255:216:255:4121,0.029,-0.01,1.923,180.847,84.961,24.902,11.052,11.832,47.038
 14:55:16.362,eb:33:2e:f9:57:b5, 2085-97-238 00:51:00:4778,0.234,-0.014,2.172,213.318,93.994,22.034,13.14,12.662,47.472
 14:55:16.362,eb:33:2e:f9:57:b5, 2085-97-00 03:80:00:5271,0.516,0.03,2.477,248.169,113.708,12.207,15.562,13.629,47.845
 14:55:16.393,eb:33:2e:f9:57:b5, 2085-97-145 04:107:255:5545,0.621,0.031,2.633,294.006,140.991,-5.493,18.402,14.848,48.274
 14:55:16.393,eb:33:2e:f9:57:b5, 2085-97-183 05:02:255:5853,0.756,-0.14,2.83,349.67,180.725,-23.621,21.753,16.436,48.647
 14:55:16.393,eb:33:2e:f9:57:b5, 2085-97-45 06:123:254:6033,0.598,-0.095,2.904,418.396,211.304,-44.617,25.774,18.402,49.18
 14:55:16.393,eb:33:2e:f9:57:b5, 2085-97-236 02:169:253:5908,0.082,-0.244,2.988,511.536,211.67,-72.51,30.613,20.561,49.653
 14:55:16.452,eb:33:2e:f9:57:b5, 2085-97-234 254:214:00:6108,-0.24,-0.116,2.865,569.336,190.247,-90.942,36.249,22.72,50.12
 14:55:16.452,eb:33:2e:f9:57:b5, 2085-97-164 251:127:01:6838,-0.568,0.147,3.279,599.121,122.559,-108.032,42.204,24.554,50.279
 14:55:16.452,eb:33:2e:f9:57:b5, 2085-97-51 253:195:252:5027,-0.375,-0.098,2.893,623.047,76.599,-101.624,48.312,25.955,50.202
 14:55:16.452,eb:33:2e:f9:57:b5, 2085-97-167 252:125:255:4931,-0.262,-0.059,2.131,583.923,39.795,-98.328,54.338,27.087,50.037
 14:55:16.483,eb:33:2e:f9:57:b5, 2085-97-26 254:118:254:6489,-0.002,-0.077,3.047,492.004,59.021,-109.802,59.54,28.185,49.779
 14:55:16.483,eb:33:2e:f9:57:b5, 2085-97-191 00:09:247:5264,0.68,-0.482,3.164,414.368,137.634,-113.159,64.232,29.647,50.147
 14:55:16.483,eb:33:2e:f9:57:b5, 2085-97-37 11:159:237:355,1.334,-1.95,1.784,294.495,170.166,-98.572,68.384,31.24,51.35
 14:55:16.483,eb:33:2e:f9:57:b5, 2085-97-92 07:49:241:-6457,0.87,-2.1,-1.268,114.685,207.275,-99.731,71.279,32.833,53.108
 14:55:16.512,eb:33:2e:f9:57:b5, 2085-97-76 08:180:245:-2957,0.849,-1.354,-3.096,-69.824,35.828,-113.464,71.922,34.211,54.091
 14:55:16.512,eb:33:2e:f9:57:b5, 2085-97-88 05:118:244:914,0.45,-1.342,-0.266,-147.339,-81.116,-107.239,70.23,35.156,53.251
 14:55:16.512,eb:33:2e:f9:57:b5, 2085-97-192 02:203:243:1017,0.3,-1.513,0.562,-149.109,-130.188,-74.829,67.736,35.607,51.559
 14:55:16.512,eb:33:2e:f9:57:b5, 2085-97-180 01:62:244:391,0.155,-1.503,0.368,-150.879,-131.287,-30.64,65.226,35.541,49.752
 14:55:12.851,eb:33:2e:f9:57:b5, 2085-97-21 00:66:00:2173,-0.032,0.036,1.04,5.432,5.188,-0.549,-0.374,0.297,52.383
 14:55:12.851,eb:33:2e:f9:57:b5, 2085-97-222 255:35:00:2124,-0.047,0.02,1.012,6.042,9.216,-2.502,-0.319,0.385,52.366
 14:55:12.851,eb:33:2e:f9:57:b5, 2085-97-159 255:26:00:2057,-0.064,0.008,0.999,6.653,11.719,-3.174,-0.236,0.505,52.328
 14:55:12.851,eb:33:2e:f9:57:b5, 2085-97-112 255:249:255:2012,-0.074,0.002,0.988,7.812,10.681,-3.174,-0.165,0.615,52.295
 14:55:12.942,eb:33:2e:f9:57:b5, 2085-97-81 255:239:255:1986,-0.061,-0.007,0.986,8.85,7.69,-1.282,-0.066,0.714,52.267
 14:55:12.942,eb:33:2e:f9:57:b5, 2085-97-137 255:25:00:2066,-0.051,0.007,1.001,9.827,5.31,0.305,0.022,0.769,52.267
 14:55:12.942,eb:33:2e:f9:57:b5, 2085-113-81 00:231:114:-067,-0.05,0.014,1.019,11.169,6.592,1.038,0.143,0.835,52.267
 14:55:12.942,eb:33:2e:f9:57:b5, 2085-97-161 255:51:00:2063,-0.042,0.022,1.003,10.986,7.935,1.038,0.203,0.873,52.273
 14:55:12.942,eb:33:2e:f9:57:b5, 2085-97-180 255:76:00:2064,-0.038,0.027,1.004,10.803,10.376,0.671,0.324,0.972,52.278
 14:55:12.944,eb:33:2e:f9:57:b5, 2085-97-146 255:62:00:2028,-0.063,0.036,1.008,10.742,12.573,-0.854,0.434,1.088,52.278
 14:55:12.944,eb:33:2e:f9:57:b5, 2085-97-126 255:36:00:2046,-0.07,0.023,0.987,11.169,10.498,-1.587,0.56,1.214,52.262
 14:55:12.944,eb:33:2e:f9:57:b5, 2085-97-121 255:57:00:2048,-0.055,0.023,0.989,13,6.165,-0.977,0.676,1.302,52.251
 14:55:12.944,eb:33:2e:f9:57:b5, 2085-97-142 255:80:00:2042,-0.047,0.033,1.007,14.221,4.456,-1.038,0.829,1.362,52.234
 14:55:12.946,eb:33:2e:f9:57:b5, 2085-97-180 255:107:00:2061,-0.044,0.038,1.016,15.686,3.601,-2.258,0.978,1.395,52.218
 14:55:12.946,eb:33:2e:f9:57:b5, 2085-97-183 255:120:00:2075,-0.046,0.059,1,15.625,5.432,-3.54,1.154,1.456,52.191
 14:55:12.946,eb:33:2e:f9:57:b5, 2085-97-111 255:104:00:2003,-0.093,0.055,0.999,15.93,7.385,-5.188,1.307,1.522,52.141
 14:55:12.946,eb:33:2e:f9:57:b5, 2085-97-250 254:30:00:2024,-0.104,0.034,0.98,16.846,3.296,-4.272,1.489,1.582,52.092
 14:55:12.946,eb:33:2e:f9:57:b5, 2085-97-107 255:97:00:2081,-0.048,0.022,1.014,20.264,-3.113,-1.953,1.675,1.571,52.059
 14:55:12.946,eb:33:2e:f9:57:b5, 2085-97-196 255:136:00:2141,-0.015,0.061,1.035,21.423,-2.686,-1.831,1.901,1.549,52.037
 14:55:12.946,eb:33:2e:f9:57:b5, 2085-97-211 255:155:00:2145,-0.043,0.079,1.037,22.156,3.235,-4.089,2.115,1.555,52.009
 14:55:12.946,eb:33:2e:f9:57:b5, 2085-97-170 255:139:00:2168,-0.033,0.066,1.061,24.048,8.24,-5.005,2.362,1.626,51.96
 14:55:12.951,eb:33:2e:f9:57:b5, 2085-97-166 255:119:00:2276,-0.056,0.059,1.109,27.344,12.939,-5.737,2.615,1.73,51.91
 14:55:12.951,eb:33:2e:f9:57:b5, 2085-97-40 255:109:00:2104,-0.118,0.07,1.051,30.09,17.578,-4.578,2.922,1.906,51.861
 14:55:12.951,eb:33:2e:f9:57:b5, 2085-97-225 254:77:00:2005,-0.173,0.05,1.003,31.311,15.564,-1.953,3.224,2.076,51.839
 14:55:12.951,eb:33:2e:f9:57:b5, 2085-97-185 254:58:00:2117,-0.105,0.03,0.963,33.569,6.165,1.831,3.565,2.197,51.839
 14:55:12.972,eb:33:2e:f9:57:b5, 2085-97-139 255:135:00:2390,-0.016,0.057,1.099,39.246,0.732,4.578,3.928,2.219,51.877
 14:55:12.972,eb:33:2e:f9:57:b5, 2085-97-202 255:133:00:2960,-0.011,0.095,1.278,49.561,3.723,2.93,4.389,2.241,51.916
 14:55:12.972,eb:33:2e:f9:57:b5, 2085-97-191 255:51:00:3430,-0.079,0.042,1.545,66.101,20.569,1.587,4.971,2.368,51.949
 14:55:12.972,eb:33:2e:f9:57:b5, 2085-97-208 254:137:255:3514,-0.15,-0.06,1.799,81.421,47.913,7.69,5.735,2.703,52.015
 14:55:13.064,eb:33:2e:f9:57:b5, 2085-97-235 254:250:255:3056,-0.159,-0.028,1.602,96.985,63.904,16.113,6.647,3.274,52.202
 14:55:13.064,eb:33:2e:f9:57:b5, 2085-97-157 254:192:255:3198,-0.138,-0.008,1.473,112.305,62.744,21.484,7.729,3.895,52.476
 14:55:13.064,eb:33:2e:f9:57:b5, 2085-97-54 255:255:255:3517,-0.038,-0.036,1.657,130.249,67.017,27.344,8.976,4.493,52.817
 14:55:13.064,eb:33:2e:f9:57:b5, 2085-97-12 00:92:00:3629,0.067,0.007,1.789,148.987,81.116,29.785,10.426,5.18,53.223
 14:55:13.066,eb:33:2e:f9:57:b5, 2085-97-155 00:130:00:3827,0.082,0.067,1.839,169.25,95.032,27.771,12.068,5.988,53.685
 14:55:13.066,eb:33:2e:f9:57:b5, 2085-97-150 00:64:00:4020,0.078,0.044,1.908,194.031,106.567,23.438,13.964,6.938,54.168
 14:55:13.066,eb:33:2e:f9:57:b5, 2085-97-41 01:181:255:4485,0.23,0.006,2.056,223.389,111.572,18.677,16.122,7.938,54.662
 14:55:13.066,eb:33:2e:f9:57:b5, 2085-97-205 02:228:255:4613,0.43,-0.013,2.243,257.874,128.113,12.634,18.633,9.047,55.184
 14:55:13.092,eb:33:2e:f9:57:b5, 2085-97-159 03:220:254:5008,0.482,-0.055,2.296,300.72,145.691,0,21.528,10.316,55.723
 14:55:13.092,eb:33:2e:f9:57:b5, 2085-97-92 04:209:253:5337,0.618,-0.235,2.571,357.239,180.481,-14.16,24.972,11.86,56.31
 14:55:13.092,eb:33:2e:f9:57:b5, 2085-97-60 05:166:253:5349,0.466,-0.301,2.589,414.062,216.736,-26.917,29.015,13.744,57.057
 14:55:13.092,eb:33:2e:f9:57:b5, 2085-97-207 01:43:00:5693,0.021,-0.143,2.646,472.534,241.089,-38.879,33.728,15.919,58.03
 14:55:13.242,eb:33:2e:f9:57:b5, 2085-97-204 254:253:03:7272,-0.22,0.189,3.122,541.626,203.186,-50.842,39.122,17.996,59.041
 14:55:13.242,eb:33:2e:f9:57:b5, 2085-97-121 254:66:04:8383,-0.063,0.77,3.943,603.271,132.446,-72.937,45.115,19.616,59.711
 14:55:13.242,eb:33:2e:f9:57:b5, 2085-97-235 254:169:255:6054,-0.521,0.186,3.41,643.433,100.647,-80.566,51.52,20.967,60.051
 14:55:13.242,eb:33:2e:f9:57:b5, 2085-97-67 250:160:252:7954,-0.524,-0.274,3.297,647.888,67.444,-93.323,58.074,22.132,60.178
 14:55:13.245,eb:33:2e:f9:57:b5, 2085-97-159 255:105:253:7227,0.396,-0.515,4.123,610.229,138.855,-72.571,64.572,23.346,60.672
 14:55:13.245,eb:33:2e:f9:57:b5, 2085-97-217 05:206:252:4750,0.974,-0.284,2.922,536.56,158.02,-73.669,70.818,24.598,61.968
 14:55:13.245,eb:33:2e:f9:57:b5, 2085-97-85 09:42:250:3453,0.877,-0.464,1.994,430.237,138.55,-94.849,76.174,25.818,63.204
 14:55:13.245,eb:33:2e:f9:57:b5, 2085-97-43 04:141:244:3291,0.541,-1.145,1.687,323.914,127.625,-111.694,80.359,27.103,64.391
 14:55:13.248,eb:33:2e:f9:57:b5, 2085-97-13 04:156:243:-3030,0.499,-1.487,0.127,211.304,127.991,-92.102,83.716,28.29,65.654
 14:55:13.248,eb:33:2e:f9:57:b5, 2085-97-227 03:09:241:-3442,0.598,-1.751,-1.859,-31.982,86.243,-80.383,85.023,29.257,66.791
 14:55:13.248,eb:33:2e:f9:57:b5, 2085-97-225 03:01:242:-905,0.312,-1.878,-1.024,-224.792,37.537,-51.941,83.859,29.971,67.302
 14:55:13.248,eb:33:2e:f9:57:b5, 2085-97-172 02:204:244:858,0.407,-1.561,-0.005,-324.707,-10.498,-25.452,81.024,30.344,67.407
 14:55:13.272,eb:33:2e:f9:57:b5, 2085-97-149 03:56:246:1508,0.481,-1.291,0.677,-355.713,-52.979,-5.554,77.344,30.41,66.918
 14:55:13.272,eb:33:2e:f9:57:b5, 2085-97-76 04:61:247:1165,0.59,-1.168,0.671,-351.685,-79.651,8.667,73.389,30.212,66.143
 14:55:13.272,eb:33:2e:f9:57:b5, 2085-97-246 04:85:249:676,0.601,-0.957,0.414,-334.839,-110.291,15.381,69.472,29.784,65.105
 14:55:13.272,eb:33:2e:f9:57:b5, 2085-97-124 04:56:250:598,0.532,-0.758,0.29,-330.872,-139.771,14.16,65.506,29.158,63.803
 14:55:13.303,eb:33:2e:f9:57:b5, 2085-97-253 03:122:250:863,0.44,-0.7,0.347,-337.158,-164.185,8.362,61.447,28.367,62.238
 14:55:13.303,eb:33:2e:f9:57:b5, 2085-97-244 02:24:250:1244,0.298,-0.702,0.508,-348.816,-180.542,3.174,57.211,27.427,60.546
 14:55:13.303,eb:33:2e:f9:57:b5, 2085-97-228 01:167:249:1710,0.176,-0.776,0.722,-359.924,-183.289,3.54,52.91,26.356,58.826
 14:55:13.303,eb:33:2e:f9:57:b5, 2085-97-06 01:224:249:2051,0.091,-0.788,0.926,-364.136,-176.697,9.155,48.604,25.164,57.288
 14:55:13.333,eb:33:2e:f9:57:b5, 2085-97-163 00:171:250:2137,0.104,-0.727,1.042,-361.816,-168.213,16.907,44.445,23.884,55.964
 14:55:13.333,eb:33:2e:f9:57:b5, 2085-97-181 00:93:251:1880,0.094,-0.615,1.014,-358.215,-169.067,20.874,40.408,22.511,54.849
 14:55:13.333,eb:33:2e:f9:57:b5, 2085-97-190 00:157:251:1902,0.078,-0.559,0.9,-359.619,-185.547,19.958,36.447,20.984,53.778
 14:55:13.333,eb:33:2e:f9:57:b5, 2085-97-112 00:253:251:2311,0.033,-0.53,1.01,-363.525,-201.233,17.517,32.454,19.27,52.74
 14:55:13.393,eb:33:2e:f9:57:b5, 2085-97-246 255:142:252:2869,-0.022,-0.465,1.27,-364.685,-210.938,13.306,28.504,17.402,51.768
 14:55:13.393,eb:33:2e:f9:57:b5, 2085-97-145 255:30:253:3353,-0.092,-0.396,1.543,-361.45,-210.693,7.935,24.593,15.458,50.845
 14:55:13.393,eb:33:2e:f9:57:b5, 2085-97-208 254:94:253:3654,-0.194,-0.342,1.726,-354.309,-205.627,2.38,20.819,13.519,50.059
 14:55:13.393,eb:33:2e:f9:57:b5, 2085-97-34 254:85:253:3941,-0.283,-0.326,1.849,-343.506,-201.721,-1.038,17.161,11.585,49.356
 14:55:13.423,eb:33:2e:f9:57:b5, 2085-97-62 253:50:253:4240,-0.402,-0.345,2.004,-334.717,-192.993,0.427,13.678,9.679,48.812
 14:55:13.423,eb:33:2e:f9:57:b5, 2085-97-121 252:111:253:4433,-0.471,-0.345,2.119,-330.872,-181.152,5.92,10.272,7.844,48.428
 14:55:13.423,eb:33:2e:f9:57:b5, 2085-97-02 252:49:254:4720,-0.518,-0.283,2.23,-333.496,-170.288,13,6.932,6.097,48.263
 14:55:13.423,eb:33:2e:f9:57:b5, 2085-97-202 251:33:00:5118,-0.554,-0.114,2.412,-345.154,-158.325,18.555,3.516,4.444,48.257
 14:55:13.452,eb:33:2e:f9:57:b5, 2085-97-58 251:216:02:5278,-0.639,0.174,2.544,-364.685,-153.503,15.93,-0.022,2.889,48.389
 14:55:13.452,eb:33:2e:f9:57:b5, 2085-97-119 250:84:06:5563,-0.762,0.566,2.636,-389.16,-163.574,5.798,-3.823,1.307,48.538
 14:55:13.452,eb:33:2e:f9:57:b5, 2085-97-08 249:43:10:5932,-0.994,1.03,2.819,-411.072,-183.228,-9.277,-7.839,-0.423,48.691
 14:55:13.452,eb:33:2e:f9:57:b5, 2085-97-252 246:146:13:6297,-1.273,1.497,2.979,-420.593,-206.299,-25.452,-12.047,-2.39,48.84
 14:55:13.513,eb:33:2e:f9:57:b5, 2085-97-183 244:161:16:6792,-1.544,1.881,3.199,-408.264,-216.125,-33.813,-16.221,-4.537,49.065
 14:55:13.513,eb:33:2e:f9:57:b5, 2085-97-39 242:152:19:7365,-1.91,2.297,3.453,-371.399,-199.341,-34.302,-20.171,-6.641,49.395
 14:55:13.513,eb:33:2e:f9:57:b5, 2085-97-27 240:104:22:7506,-1.931,2.647,3.625,-317.932,-147.766,-15.808,-23.665,-8.344,49.818
 14:55:13.513,eb:33:2e:f9:57:b5, 2085-97-85 243:80:26:6796,-1.23,3.008,3.522,-255.188,-42.175,9.155,-26.565,-9.201,50.202
 14:55:13.543,eb:33:2e:f9:57:b5, 2085-97-35 248:167:35:4113,-0.871,3.805,2.749,-214.172,95.642,25.879,-28.867,-8.773,50.197
 14:55:13.543,eb:33:2e:f9:57:b5, 2085-97-54 249:67:40:1526,-1.004,4.912,1.363,-163.452,100.708,12.451,-30.718,-7.696,49.807
 14:55:13.543,eb:33:2e:f9:57:b5, 2085-97-105 246:44:36:314,-1.407,4.854,0.207,-60.608,-15.32,-1.892,-31.794,-7.311,49.609
 14:55:13.543,eb:33:2e:f9:57:b5, 2085-113-58 00:141:220:-3060,-1.565,4.188,0.64,46.753,-100.769,2.808,-31.833,-7.91,49.971
 14:55:13.572,eb:33:2e:f9:57:b5, 2085-97-105 242:141:28:4318,-1.756,3.892,1.403,89.966,-99.121,10.315,-31.509,-8.328,50.273
 14:55:13.572,eb:33:2e:f9:57:b5, 2085-97-102 243:127:251:14805,0.697,3.201,2.619,144.104,-26.55,27.527,-30.35,-8.789,50.784
 14:55:13.572,eb:33:2e:f9:57:b5, 2085-97-131 255:151:254:-896,1.398,-2.617,4.078,232.422,332.947,118.591,-27.966,-7.328,50.707
 14:55:13.572,eb:33:2e:f9:57:b5, 2085-97-168 11:222:235:940,0.761,-1.894,-0.135,206.482,207.947,134.521,-25.862,-4.839,50.62
 14:55:13.632,eb:33:2e:f9:57:b5, 2085-97-206 00:04:242:-143,-0.471,-2.513,0.177,352.844,113.281,100.403,-23.093,-2.84,50.993
 14:55:13.632,eb:33:2e:f9:57:b5, 2085-97-03 249:23:01:1335,-0.912,-0.721,0.126,471.558,12.451,117.92,-18.853,-1.945,51.812
 14:55:13.632,eb:33:2e:f9:57:b5, 2085-97-35 251:45:05:3572,-0.563,0.623,1.203,448.975,-2.563,77.576,-14.189,-1.681,52.767
 14:55:13.632,eb:33:2e:f9:57:b5, 2085-97-190 251:130:04:3810,-0.147,0.545,1.777,366.638,43.945,57.739,-10.184,-1.296,53.366
 14:55:13.662,eb:33:2e:f9:57:b5, 2085-97-155 255:200:05:3383,-0.076,0.729,1.912,283.63,34.546,2.686,-6.965,-0.829,53.569
 14:55:13.662,eb:33:2e:f9:57:b5, 2085-97-209 254:07:05:2641,-0.05,0.616,1.445,221.375,16.663,-29.785,-4.488,-0.61,53.383
 14:55:13.662,eb:33:2e:f9:57:b5, 2085-97-207 255:87:01:2287,-0.064,0.451,1.099,152.1,-44.556,-43.091,-2.648,-0.813,52.998
 14:55:13.662,eb:33:2e:f9:57:b5, 2085-97-228 255:240:02:2069,0.052,0.341,1.004,107.117,-65.796,-36.926,-1.357,-1.384,52.63
 14:55:13.692,eb:33:2e:f9:57:b5, 2085-97-226 00:148:02:2132,0.059,0.351,0.997,60.12,-49.377,-21.24,-0.527,-1.961,52.344
 14:55:13.692,eb:33:2e:f9:57:b5, 2085-97-13 00:00:01:2003,0.004,0.257,0.991,28.198,-16.296,-12.573,-0.11,-2.263,52.185
 14:55:13.692,eb:33:2e:f9:57:b5, 2085-97-56 00:111:00:2081,0.027,0.053,0.995,15.869,-8.301,-1.038,0.104,-2.362,52.119
 14:55:13.692,eb:33:2e:f9:57:b5, 2085-97-245 255:182:00:2001,-0.02,0.078,1.003,11.536,1.526,1.282,0.236,-2.39,52.13
 14:55:13.753,eb:33:2e:f9:57:b5, 2085-97-255 255:107:00:2031,0.019,0.072,0.977,5.127,4.639,1.709,0.335,-2.346,52.13
 14:55:13.753,eb:33:2e:f9:57:b5, 2085-97-242 255:93:00:2043,-0.008,0.05,1.008,0.854,8.423,4.333,0.357,-2.28,52.169
 14:55:13.753,eb:33:2e:f9:57:b5, 2085-97-20 00:02:00:2115,0.007,0.019,1.009,1.892,6.592,4.761,0.385,-2.192,52.207
 14:55:13.753,eb:33:2e:f9:57:b5, 2085-97-243 255:26:00:2088,-0.023,0.009,1.024,3.723,6.165,8.606,0.412,-2.126,52.278
 14:55:13.783,eb:33:2e:f9:57:b5, 2085-97-213 255:14:00:2043,-0.024,0.007,0.999,5.127,4.089,11.23,0.467,-2.06,52.372
 14:55:13.783,eb:33:2e:f9:57:b5, 2085-97-194 255:48:00:2014,-0.019,0.017,0.988,6.165,0.977,12.939,0.522,-2.038,52.498
 14:55:13.783,eb:33:2e:f9:57:b5, 2085-97-236 255:84:00:2017,-0.001,0.03,0.988,6.47,-0.854,12.451,0.599,-2.032,52.619
 14:55:13.783,eb:33:2e:f9:57:b5, 2085-97-253 255:86:00:2031,-0.003,0.045,0.993,6.653,-0.122,10.254,0.659,-2.038,52.734
 14:55:13.813,eb:33:2e:f9:57:b5, 2085-97-233 255:76:00:2016,-0.011,0.041,0.988,5.798,1.526,8.606,0.736,-2.021,52.822
 14:55:13.813,eb:33:2e:f9:57:b5, 2085-97-253 255:82:00:2021,0.011,0.036,0.98,5.005,1.16,7.751,0.786,-2.01,52.899
 14:55:13.813,eb:33:2e:f9:57:b5, 2085-97-37 00:85:00:2063,0.021,0.042,1,4.333,2.502,7.019,0.846,-1.983,52.971
 14:55:13.813,eb:33:2e:f9:57:b5, 2085-97-40 00:94:00:2041,0.017,0.04,1.014,3.906,5.31,6.653,0.884,-1.945,53.042
 14:55:13.904,eb:33:2e:f9:57:b5, 2085-97-36 00:73:00:2072,0.011,0.038,1.009,4.028,6.653,6.042,0.934,-1.873,53.097
 14:55:13.904,eb:33:2e:f9:57:b5, 2085-97-26 00:81:00:2066,0.004,0.036,1.003,4.395,8.057,5.981,0.978,-1.796,53.157
 14:55:13.904,eb:33:2e:f9:57:b5, 2085-97-249 255:81:00:2042,0.001,0.039,1.001,4.822,9.46,5.92,1.038,-1.697,53.212
 14:55:13.904,eb:33:2e:f9:57:b5, 2085-97-248 255:84:00:2045,-0.009,0.042,1.004,4.944,11.169,5.371,1.082,-1.599,53.273
 14:55:13.904,eb:33:2e:f9:57:b5, 2085-97-17 00:93:00:2092,0.006,0.044,0.984,4.883,11.536,4.211,1.148,-1.472,53.317
 14:55:13.904,eb:33:2e:f9:57:b5, 2085-97-08 00:96:00:2056,0.007,0.046,1.011,5.615,14.832,2.625,1.203,-1.34,53.355
 14:55:13.904,eb:33:2e:f9:57:b5, 2085-97-13 00:107:00:2076,0.008,0.043,1.024,6.104,18.494,1.16,1.274,-1.165,53.372
 14:55:13.904,eb:33:2e:f9:57:b5, 2085-97-244 255:88:00:2068,0.009,0.057,1.008,6.775,21.484,-1.16,1.34,-0.961,53.377
 14:55:13.933,eb:33:2e:f9:57:b5, 2085-97-221 255:95:00:2057,-0.002,0.055,1.013,8.118,23.132,-3.357,1.434,-0.731,53.35
 14:55:13.933,eb:33:2e:f9:57:b5, 2085-97-228 255:110:00:2054,-0.024,0.05,1.023,10.071,23.743,-5.432,1.527,-0.5,53.311
 14:55:13.933,eb:33:2e:f9:57:b5, 2085-97-226 255:95:00:2109,-0.017,0.055,0.995,10.986,25.208,-8.24,1.648,-0.236,53.245
 14:55:13.933,eb:33:2e:f9:57:b5, 2085-97-218 255:98:00:2094,-0.035,0.043,1.032,12.756,28.076,-8.972,1.763,0.033,53.163
 14:55:13.992,eb:33:2e:f9:57:b5, 2085-97-157 255:99:00:2017,-0.058,0.041,1.02,14.099,30.396,-9.583,1.917,0.341,53.075
 14:55:13.992,eb:33:2e:f9:57:b5, 2085-97-118 255:106:00:1999,-0.074,0.055,0.971,14.099,29.724,-10.071,2.06,0.643,52.987
 14:55:13.992,eb:33:2e:f9:57:b5, 2085-97-102 255:118:00:1960,-0.062,0.052,0.971,13.733,27.161,-9.277,2.214,0.934,52.894
 14:55:13.992,eb:33:2e:f9:57:b5, 2085-97-98 255:116:00:2002,-0.081,0.053,0.991,12.939,25.94,-8.667,2.34,1.198,52.817
 14:55:14.022,eb:33:2e:f9:57:b5, 2085-97-91 255:110:00:2023,-0.064,0.052,0.983,12.329,24.048,-7.446,2.483,1.461,52.74
 14:55:14.022,eb:33:2e:f9:57:b5, 2085-97-178 255:143:00:2111,0.021,0.067,1.004,11.841,22.766,-6.47,2.598,1.697,52.685
 14:55:14.022,eb:33:2e:f9:57:b5, 2085-97-16 00:214:00:2107,0.026,0.127,0.982,10.437,26.855,-7.996,2.725,1.961,52.625
 14:55:14.022,eb:33:2e:f9:57:b5, 2085-97-197 255:207:00:1951,-0.04,0.123,1.005,8.911,30.823,-9.583,2.818,2.252,52.548
 14:55:14.082,eb:33:2e:f9:57:b5, 2085-97-94 255:123:00:2123,-0.184,0.093,0.992,8.728,25.391,-9.949,2.917,2.549,52.46
 14:55:14.082,eb:33:2e:f9:57:b5, 2085-97-84 253:113:255:2326,-0.33,0.036,0.949,9.644,21.484,-6.531,3.005,2.802,52.394
 14:55:14.082,eb:33:2e:f9:57:b5, 2085-97-164 254:179:255:2779,-0.134,-0.13,1.379,30.212,5.981,2.441,3.208,2.933,52.377
 14:55:14.082,eb:33:2e:f9:57:b5, 2085-97-96 255:12:00:3003,-0.035,0,1.354,49.255,4.7,3.784,3.625,2.972,52.421
 14:55:14.112,eb:33:2e:f9:57:b5, 2085-97-90 255:227:255:3189,-0.108,0.025,1.533,66.65,20.203,2.747,4.23,3.098,52.46
 14:55:14.112,eb:33:2e:f9:57:b5, 2085-97-05 255:207:255:3069,-0.157,-0.021,1.54,83.618,36.926,5.676,4.993,3.4,52.526
 14:55:14.112,eb:33:2e:f9:57:b5, 2085-97-65 254:78:255:3096,-0.237,-0.046,1.521,102.905,39.368,10.864,5.955,3.79,52.646
 14:55:14.112,eb:33:2e:f9:57:b5, 2085-97-103 254:116:255:3044,-0.128,-0.079,1.475,122.864,34.424,20.386,7.108,4.147,52.85
 14:55:14.143,eb:33:2e:f9:57:b5, 2085-97-128 255:222:255:3369,0.014,-0.038,1.551,143.494,29.846,26.428,8.481,4.433,53.13
 14:55:14.143,eb:33:2e:f9:57:b5, 2085-97-122 00:34:00:3833,0.118,-0.009,1.777,168.701,44.8,26.428,10.069,4.746,53.454
 14:55:14.143,eb:33:2e:f9:57:b5, 2085-97-65 01:25:00:4070,0.146,0.03,1.937,196.045,66.65,22.095,11.948,5.268,53.806
 14:55:14.143,eb:33:2e:f9:57:b5, 2085-97-94 01:18:00:4228,0.188,-0.003,2,224.304,95.52,17.151,14.101,6.031,54.185
 14:55:14.202,eb:33:2e:f9:57:b5, 2085-97-25 01:141:255:4417,0.19,-0.011,2.029,257.507,112.793,12.207,16.578,7.026,54.613
 14:55:14.202,eb:33:2e:f9:57:b5, 2085-97-241 01:214:254:4921,0.319,-0.131,2.338,297.852,127.197,7.812,19.435,8.135,55.074
 14:55:14.202,eb:33:2e:f9:57:b5, 2085-97-178 02:21:254:5253,0.445,-0.182,2.477,345.093,146.423,2.991,22.764,9.404,55.629
 14:55:14.202,eb:33:2e:f9:57:b5, 2085-97-185 03:73:253:5495,0.439,-0.278,2.678,399.902,174.072,-6.714,26.631,10.871,56.288
 14:55:14.202,eb:33:2e:f9:57:b5, 2085-97-08 02:61:253:5544,0.026,-0.396,2.647,455.688,205.383,-15.32,31.119,12.612,57.14
 14:55:14.263,eb:33:2e:f9:57:b5, 2085-113-58 00:250:231:-8955,-0.279,-0.212,2.961,509.216,212.219,-18.982,36.216,14.474,58.184
 14:55:14.263,eb:33:2e:f9:57:b5, 2085-97-190 252:103:02:7164,-0.397,-0.039,3.274,539.062,198.425,-18.188,39.001,15.348,58.766
 14:55:14.263,eb:33:2e:f9:57:b5, 2085-97-126 254:87:03:7905,0.008,0.54,3.861,600.464,132.69,-30.396,44.989,16.721,59.716
 14:55:14.263,eb:33:2e:f9:57:b5, 2085-97-117 255:229:254:6943,-0.403,0.174,3.731,640.808,105.652,-46.448,51.438,17.765,60.32
 14:55:14.265,eb:33:2e:f9:57:b5, 2085-97-77 252:11:250:8059,-0.264,-0.355,3.445,636.902,95.52,-55.847,57.997,18.787,60.793
 14:55:14.265,eb:33:2e:f9:57:b5, 2085-97-164 01:69:254:6580,0.667,-0.764,3.758,639.16,147.766,-30.273,64.693,19.737,61.754
 14:55:14.265,eb:33:2e:f9:57:b5, 2085-97-93 07:22:254:4236,1.021,-0.271,2.649,601.685,118.53,-38.025,71.367,20.577,62.952
 14:55:14.265,eb:33:2e:f9:57:b5, 2085-97-66 10:114:248:3215,1.21,-0.411,1.767,501.465,58.167,-69.153,77.124,21.335,63.688
 14:55:14.351,eb:33:2e:f9:57:b5, 2085-97-106 06:177:246:3019,0.669,-0.983,1.257,370.178,14.648,-108.276,81.464,22.258,63.825
 14:55:14.351,eb:33:2e:f9:57:b5, 2085-97-151 05:122:245:-573,0.587,-1.226,1.285,274.841,15.686,-124.268,84.644,23.489,63.776
 14:55:14.351,eb:33:2e:f9:57:b5, 2085-97-111 03:96:241:-2439,0.276,-1.617,-1.314,14.954,29.541,-128.601,86.182,24.774,63.896
 14:55:14.351,eb:33:2e:f9:57:b5, 2085-97-235 01:251:241:-958,0.218,-1.9,-1.001,-178.589,33.447,-103.027,85.303,25.961,64.166
 14:55:14.383,eb:33:2e:f9:57:b5, 2085-97-133 01:183:245:1059,0.19,-1.501,0.118,-292.297,25.696,-72.998,82.925,26.84,64.363
 14:55:14.383,eb:33:2e:f9:57:b5, 2085-97-158 01:139:247:1517,0.226,-1.14,0.719,-332.153,10.864,-53.894,79.766,27.477,64.435
 14:55:14.383,eb:33:2e:f9:57:b5, 2085-97-73 02:68:248:1099,0.417,-1.01,0.656,-335.266,-7.141,-35.156,76.366,27.905,64.308
 14:55:14.383,eb:33:2e:f9:57:b5, 2085-97-72 04:119:249:651,0.594,-0.902,0.437,-323.669,-31.494,-22.461,72.911,28.114,63.973
 14:55:14.385,eb:33:2e:f9:57:b5, 2085-97-208 04:129:250:272,0.583,-0.738,0.198,-315.186,-59.875,-17.639,69.467,28.147,63.358
 14:55:14.385,eb:33:2e:f9:57:b5, 2085-97-125 04:206:250:452,0.534,-0.661,0.14,-315.002,-96.191,-16.174,65.874,27.999,62.424
 14:55:14.385,eb:33:2e:f9:57:b5, 2085-97-205 03:156:250:895,0.434,-0.656,0.34,-322.632,-124.268,-14.343,62.117,27.636,61.144
 14:55:14.385,eb:33:2e:f9:57:b5, 2085-97-27 03:38:250:1295,0.326,-0.704,0.545,-336.792,-140.747,-8.85,58.167,27.07,59.738
 14:55:14.471,eb:33:2e:f9:57:b5, 2085-97-70 02:247:249:1523,0.251,-0.753,0.679,-358.582,-141.663,1.526,54.08,26.307,58.337
 14:55:14.471,eb:33:2e:f9:57:b5, 2085-97-223 01:153:250:1738,0.227,-0.721,0.793,-380.066,-137.268,15.808,49.845,25.373,57.151
 14:55:14.471,eb:33:2e:f9:57:b5, 2085-97-225 01:86:251:1995,0.246,-0.625,0.913,-391.357,-138.855,29.968,45.577,24.274,56.14
 14:55:14.471,eb:33:2e:f9:57:b5, 2085-97-00 02:47:252:2105,0.236,-0.538,1.004,-391.174,-146.057,42.969,41.325,22.983,55.333
 14:55:14.474,eb:33:2e:f9:57:b5, 2085-97-198 01:09:253:2162,0.225,-0.423,1.033,-385.193,-158.508,53.955,37.205,21.489,54.701
 14:55:14.474,eb:33:2e:f9:57:b5, 2085-97-218 01:253:253:2428,0.225,-0.313,1.119,-379.822,-172.852,61.584,33.179,19.786,54.152
 14:55:14.474,eb:33:2e:f9:57:b5, 2085-97-186 01:200:254:2738,0.228,-0.198,1.252,-380.798,-182.495,62.927,29.246,17.935,53.745
 14:55:14.474,eb:33:2e:f9:57:b5, 2085-97-151 01:81:255:3122,0.168,-0.117,1.448,-381.531,-186.096,58.289,25.312,16.002,53.388
 14:55:14.503,eb:33:2e:f9:57:b5, 2085-97-36 01:114:255:3437,0.117,-0.07,1.601,-379.456,-192.627,49.255,21.434,14.046,53.119
 14:55:14.503,eb:33:2e:f9:57:b5, 2085-97-130 00:56:255:3659,0.021,-0.079,1.741,-377.38,-196.35,39.429,17.573,12.057,52.844
 14:55:14.503,eb:33:2e:f9:57:b5, 2085-97-226 255:224:254:4073,-0.071,-0.114,1.877,-377.014,-200.073,29.907,13.76,10.052,52.63
 14:55:14.503,eb:33:2e:f9:57:b5, 2085-97-229 254:162:254:4474,-0.203,-0.164,2.082,-378.845,-198.181,21.362,9.932,8.042,52.438
 14:55:14.562,eb:33:2e:f9:57:b5, 2085-97-218 253:245:254:4954,-0.324,-0.16,2.298,-382.69,-191.711,14.282,6.108,6.086,52.339
 14:55:14.562,eb:33:2e:f9:57:b5, 2085-97-23 253:239:255:5460,-0.398,-0.084,2.543,-390.442,-177.307,7.263,2.214,4.23,52.289
 14:55:14.562,eb:33:2e:f9:57:b5, 2085-97-148 252:21:02:5833,-0.463,0.107,2.77,-398.743,-160.4,-2.319,-1.736,2.554,52.306
 14:55:14.562,eb:33:2e:f9:57:b5, 2085-97-09 252:18:05:6018,-0.538,0.439,2.897,-404.907,-155.273,-17.09,-5.784,0.978,52.289
 14:55:14.593,eb:33:2e:f9:57:b5, 2085-97-65 251:21:08:6202,-0.669,0.83,2.975,-411.255,-165.344,-36.621,-9.866,-0.637,52.234
 14:55:14.593,eb:33:2e:f9:57:b5, 2085-97-03 250:70:10:6633,-0.857,1.164,3.115,-418.213,-178.955,-56.824,-14.041,-2.439,52.119
 14:55:14.593,eb:33:2e:f9:57:b5, 2085-97-243 247:26:12:7348,-1.145,1.391,3.41,-412.72,-177.246,-67.139,-18.204,-4.34,52.004
 14:55:14.593,eb:33:2e:f9:57:b5, 2085-97-96 246:113:14:8024,-1.225,1.641,3.762,-379.822,-152.222,-60.242,-22.192,-6.136,51.971
 14:55:14.621,eb:33:2e:f9:57:b5, 2085-97-19 248:45:21:7507,-0.742,2.126,3.85,-327.209,-68.176,-42.725,-25.703,-7.355,51.954
 14:55:14.621,eb:33:2e:f9:57:b5, 2085-97-20 252:149:32:5400,-0.426,3.37,3.138,-271.79,20.813,-42.236,-28.641,-7.641,51.647
 14:55:14.621,eb:33:2e:f9:57:b5, 2085-97-180 250:223:39:2116,-1.105,4.654,1.948,-199.28,8.606,-67.688,-30.91,-7.707,51.042
 14:55:14.621,eb:33:2e:f9:57:b5, 2085-97-231 242:103:37:409,-2.179,4.971,0.275,-90.271,-130.554,-92.285,-32.272,-8.663,50.652
 14:55:14.683,eb:33:2e:f9:57:b5, 2085-97-217 234:221:31:3138,-3.122,4.317,0.695,15.015,-240.295,-82.397,-32.635,-10.827,50.9
 14:55:14.683,eb:33:2e:f9:57:b5, 2085-97-14 229:142:24:6607,-3.314,3.54,2.595,97.046,-187.561,-34.119,-32.168,-13.085,51.641
 14:55:14.683,eb:33:2e:f9:57:b5, 2085-97-254 235:158:03:11170,0.877,2.592,3.359,131.775,16.846,30.273,-31.075,-13.782,52.031
 14:55:14.683,eb:33:2e:f9:57:b5, 2085-97-07 250:242:253:-927,2.077,-1.5,4.989,271.851,389.771,131.042,-28.625,-11.854,51.718
 14:55:14.741,eb:33:2e:f9:57:b5, 2085-97-170 15:198:241:1824,0.848,-1.477,0.016,291.138,294.556,145.508,-25.746,-8.904,51.317
 14:55:14.741,eb:33:2e:f9:57:b5, 2085-97-208 254:166:246:1201,-1.035,-1.838,0.829,429.565,290.466,119.934,-22.094,-5.526,51.268
 14:55:14.741,eb:33:2e:f9:57:b5, 2085-97-104 246:243:253:2347,-1.001,-0.521,1.059,483.093,198.12,102.722,-17.391,-2.889,51.52
 14:55:14.741,eb:33:2e:f9:57:b5, 2085-97-24 250:153:07:3607,-0.663,0.583,1.851,418.579,137.451,57.434,-12.821,-1.17,51.855
 14:55:14.743,eb:33:2e:f9:57:b5, 2085-97-189 253:130:05:3138,-0.184,0.918,1.566,313.538,111.206,-5.005,-9.207,0.17,51.74
 14:55:14.743,eb:33:2e:f9:57:b5, 2085-97-15 254:199:03:2429,-0.278,0.504,1.354,235.107,51.514,-28.076,-6.548,0.928,51.422
 14:55:14.743,eb:33:2e:f9:57:b5, 2085-97-119 254:40:02:2092,-0.004,0.448,1.025,180.42,9.521,-41.626,-4.493,1.154,50.971
 14:55:14.743,eb:33:2e:f9:57:b5, 2085-97-252 255:247:00:2143,-0.053,0.289,1.078,122.07,0.122,-27.588,-2.999,1.154,50.62
 14:55:14.802,eb:33:2e:f9:57:b5, 2085-97-195 255:101:01:1971,-0.155,0.1,1.023,86.243,10.132,2.502,-1.994,1.214,50.455
 14:55:14.802,eb:33:2e:f9:57:b5, 2085-97-221 254:207:00:1746,0.037,0.144,0.812,56.458,-1.465,17.578,-1.285,1.318,50.554
 14:55:14.802,eb:33:2e:f9:57:b5, 2085-97-106 254:38:01:1668,-0.074,0.194,1.09,35.583,11.108,16.235,-0.835,1.307,50.696
 14:55:14.802,eb:33:2e:f9:57:b5, 2085-97-66 255:15:01:1829,-0.099,0.057,0.943,23.132,10.498,16.479,-0.522,1.395,50.828
 14:55:14.832,eb:33:2e:f9:57:b5, 2085-97-218 254:141:00:1773,-0.142,0.069,0.918,16.846,8.545,6.653,-0.33,1.489,50.872
 14:55:14.832,eb:33:2e:f9:57:b5, 2085-97-48 255:95:00:1926,-0.102,0.054,0.884,10.071,0.732,4.272,-0.181,1.544,50.916
 14:55:14.832,eb:33:2e:f9:57:b5, 2085-97-79 255:48:00:1990,-0.044,0.022,0.954,7.202,-2.197,2.808,-0.093,1.538,50.889
 14:55:14.832,eb:33:2e:f9:57:b5, 2085-97-174 255:60:00:2095,-0.058,0.032,1.016,6.409,-2.014,2.014,-0.011,1.516,50.905
 14:55:14.862,eb:33:2e:f9:57:b5, 2085-97-88 255:240:255:2059,-0.095,0.014,1.014,6.836,0.244,2.014,0.049,1.516,50.867
 14:55:14.862,eb:33:2e:f9:57:b5, 2085-97-79 255:248:255:2048,-0.094,-0.006,0.989,8.362,-2.625,5.493,0.143,1.516,50.894
 14:55:14.862,eb:33:2e:f9:57:b5, 2085-97-56 255:254:255:1975,-0.058,-0.002,0.979,8.545,-4.456,7.812,0.231,1.483,50.905
 14:55:14.862,eb:33:2e:f9:57:b5, 2085-97-199 255:62:00:2104,0.004,0.013,1.01,7.874,-5.737,9.521,0.324,1.434,50.988
 14:55:14.923,eb:33:2e:f9:57:b5, 2085-97-51 00:113:00:2195,0.021,0.045,1.051,7.141,2.075,7.935,0.406,1.412,51.021
 14:55:14.923,eb:33:2e:f9:57:b5, 2085-97-250 255:99:00:2104,-0.024,0.048,1.066,7.69,11.902,5.432,0.494,1.5,51.081
 14:55:14.923,eb:33:2e:f9:57:b5, 2085-97-153 255:71:00:2040,-0.073,0.038,1.027,7.446,15.93,3.723,0.571,1.642,51.07
 14:55:14.923,eb:33:2e:f9:57:b5, 2085-97-135 255:77:00:2004,-0.044,0.035,0.956,7.874,12.39,2.441,0.67,1.796,51.092
 14:55:14.981,eb:33:2e:f9:57:b5, 2085-97-197 255:84:00:2083,-0.055,0.046,0.979,6.958,12.39,1.465,0.742,1.917,51.059
 14:55:14.981,eb:33:2e:f9:57:b5, 2085-97-142 255:65:00:2057,-0.055,0.038,0.994,6.897,15.198,-0.488,0.824,2.076,51.059
 14:55:14.981,eb:33:2e:f9:57:b5, 2085-97-130 255:53:00:2073,-0.054,0.034,1.012,7.935,15.686,-1.404,0.901,2.23,50.993
 14:55:14.981,eb:33:2e:f9:57:b5, 2085-97-126 255:56:00:2082,-0.051,0.025,1.025,9.155,17.151,-0.916,1.005,2.401,50.977
 14:55:14.983,eb:33:2e:f9:57:b5, 2085-97-197 255:110:00:2066,-0.034,0.041,1.013,10.193,17.151,-1.16,1.104,2.571,50.916
 14:55:14.983,eb:33:2e:f9:57:b5, 2085-97-190 255:116:00:2085,-0.059,0.042,1.051,10.986,22.095,-4.089,1.219,2.774,50.883
 14:55:14.983,eb:33:2e:f9:57:b5, 2085-97-110 255:68:00:2150,-0.084,0.04,1.019,12.817,20.996,-6.409,1.335,2.999,50.773
 14:55:14.983,eb:33:2e:f9:57:b5, 2085-97-74 255:89:00:2071,-0.122,0.028,1.042,17.7,16.968,-7.202,1.505,3.197,50.702
 14:55:15.042,eb:33:2e:f9:57:b5, 2085-97-25 255:65:00:2095,-0.104,0.014,1.028,20.935,12.634,-6.836,1.697,3.34,50.576
 14:55:15.042,eb:33:2e:f9:57:b5, 2085-97-70 255:105:00:2068,-0.099,0.034,1.026,24.17,10.376,-6.531,1.934,3.461,50.504
 14:55:15.042,eb:33:2e:f9:57:b5, 2085-97-44 255:85:00:2109,-0.066,0.04,1.065,27.1,10.62,-8.606,2.186,3.565,50.372
 14:55:15.042,eb:33:2e:f9:57:b5, 2085-97-124 255:146:00:1969,-0.111,0.073,0.983,28.931,9.399,-9.216,2.483,3.675,50.284
 14:55:15.072,eb:33:2e:f9:57:b5, 2085-97-02 255:108:00:2017,-0.142,0.056,0.957,27.405,9.644,-9.46,2.758,3.774,50.136
 14:55:15.072,eb:33:2e:f9:57:b5, 2085-97-241 254:108:00:2029,-0.142,0.045,0.974,26.367,10.437,-8.545,3.032,3.895,50.048
 14:55:15.072,eb:33:2e:f9:57:b5, 2085-97-36 255:142:00:2110,-0.055,0.042,1.013,27.161,9.766,-7.507,3.296,3.999,49.911
 14:55:15.072,eb:33:2e:f9:57:b5, 2085-113-58 00:63:208:-2355,-0.064,0.082,1.102,29.724,12.756,-9.949,3.593,4.114,49.828
 14:55:15.102,eb:33:2e:f9:57:b5, 2085-97-119 255:139:00:2361,-0.073,0.069,1.138,31.921,16.541,-10.559,3.741,4.197,49.779
 14:55:15.102,eb:33:2e:f9:57:b5, 2085-97-60 255:128:00:2332,-0.147,0.07,1.13,36.865,24.231,-12.207,4.081,4.417,49.614
 14:55:15.102,eb:33:2e:f9:57:b5, 2085-97-204 254:68:00:2455,-0.137,0.037,1.153,41.443,29.114,-11.597,4.477,4.708,49.51
 14:55:15.102,eb:33:2e:f9:57:b5, 2085-97-237 254:94:00:2411,-0.171,0.04,1.205,48.645,34.241,-9.033,4.922,5.037,49.378
 14:55:15.162,eb:33:2e:f9:57:b5, 2085-97-102 254:77:00:2279,-0.204,0.041,1.133,54.626,36.499,-5.249,5.455,5.416,49.334
 14:55:15.162,eb:33:2e:f9:57:b5, 2085-97-62 254:56:00:2310,-0.21,0.03,1.134,61.218,32.654,-0.122,6.037,5.757,49.285
 14:55:15.162,eb:33:2e:f9:57:b5, 2085-97-35 254:54:00:2322,-0.247,0.041,1.132,67.444,27.832,5.554,6.707,6.064,49.345
 14:55:15.162,eb:33:2e:f9:57:b5, 2085-97-34 254:60:00:2487,-0.209,0.026,1.154,75.806,19.775,11.658,7.432,6.295,49.406
 14:55:15.193,eb:33:2e:f9:57:b5, 2085-97-110 254:104:00:2584,-0.166,0.037,1.238,86.243,15.015,17.639,8.284,6.449,49.576
 14:55:15.193,eb:33:2e:f9:57:b5, 2085-97-211 254:139:00:2760,-0.15,0.06,1.323,97.351,13.306,21.973,9.234,6.548,49.735
 14:55:15.193,eb:33:2e:f9:57:b5, 2085-97-203 254:113:00:2996,-0.12,0.059,1.389,111.816,14.038,26.123,10.327,6.658,50.004
 14:55:15.193,eb:33:2e:f9:57:b5, 2085-97-137 255:133:00:3324,-0.014,0.056,1.551,128.906,18.372,29.358,11.574,6.757,50.246
 14:55:15.222,eb:33:2e:f9:57:b5, 2085-97-33 00:195:00:3491,0.034,0.079,1.667,150.269,32.959,28.809,13.035,6.954,50.598
 14:55:15.222,eb:33:2e:f9:57:b5, 2085-97-93 00:206:00:3428,0.035,0.106,1.697,172.241,51.819,24.78,14.7,7.311,50.9
 14:55:15.222,eb:33:2e:f9:57:b5, 2085-97-48 00:140:00:3405,-0.003,0.088,1.664,195.374,68.97,20.447,16.617,7.855,51.29
 14:55:15.222,eb:33:2e:f9:57:b5, 2085-97-35 00:108:00:3445,0.025,0.052,1.693,220.459,81.421,17.578,18.765,8.52,51.702
 14:55:15.282,eb:33:2e:f9:57:b5, 2085-97-28 00:241:255:3695,0.013,0.035,1.712,249.268,86.182,15.015,21.204,9.267,52.158
 14:55:15.282,eb:33:2e:f9:57:b5, 2085-97-61 00:47:255:4144,0.076,-0.068,1.895,286.194,92.957,12.146,23.972,10.042,52.635
 14:55:15.282,eb:33:2e:f9:57:b5, 2085-97-53 01:221:254:4634,0.184,-0.117,2.12,330.139,107.849,8.667,27.18,10.904,53.179
 14:55:15.282,eb:33:2e:f9:57:b5, 2085-97-25 01:102:254:4976,0.04,-0.165,2.331,378.357,136.108,2.136,30.872,11.953,53.828
 14:55:15.313,eb:33:2e:f9:57:b5, 2085-97-171 254:181:254:5288,-0.411,-0.23,2.483,427.734,163.513,-2.014,35.118,13.244,54.684
 14:55:15.313,eb:33:2e:f9:57:b5, 2085-97-188 250:05:02:5954,-0.851,-0.044,2.7,482.361,161.377,3.784,39.935,14.557,55.728
 14:55:15.313,eb:33:2e:f9:57:b5, 2085-97-214 247:73:04:7533,-0.819,0.406,3.14,542.419,105.286,-0.061,45.357,15.513,56.689
 14:55:15.313,eb:33:2e:f9:57:b5, 2085-97-175 252:177:03:6041,-0.159,0.463,3.538,566.223,102.173,3.357,51.169,16.188,57.393
 14:55:15.371,eb:33:2e:f9:57:b5, 2085-97-254 253:94:02:6176,-0.288,0.377,2.781,552.612,84.717,2.686,56.992,16.705,58.233
 14:55:15.371,eb:33:2e:f9:57:b5, 2085-97-203 252:202:255:6633,-0.242,-0.164,3.33,563.782,104.492,1.282,62.798,17.188,59.002
 14:55:15.371,eb:33:2e:f9:57:b5, 2085-97-00 01:125:00:5250,0.5,0.124,2.902,577.393,95.886,7.935,68.84,17.584,60.04
 14:55:15.371,eb:33:2e:f9:57:b5, 2085-97-52 06:226:255:3604,1.042,0.062,2.059,534.546,52.307,3.113,74.685,17.743,60.771
 14:55:15.432,eb:33:2e:f9:57:b5, 2085-97-174 09:196:249:2194,1.313,-0.275,1.562,440.796,10.681,-29.297,79.607,17.941,61.04
 14:55:15.432,eb:33:2e:f9:57:b5, 2085-97-36 09:243:250:1293,0.803,-0.683,0.506,326.111,-59.448,-83.313,83.276,18.43,60.656
 14:55:15.432,eb:33:2e:f9:57:b5, 2085-97-238 04:69:248:023,0.505,-0.899,0.751,232.422,-92.346,-137.268,85.726,19.578,59.689
 14:55:15.432,eb:33:2e:f9:57:b5, 2085-97-38 03:204:243:-573,0.275,-1.264,-0.323,50.781,-104.004,-158.325,86.693,21.017,58.464
 14:55:15.435,eb:33:2e:f9:57:b5, 2085-97-35 01:67:242:-268,0.072,-1.688,-0.237,-118.408,-81.482,-146.729,85.803,22.5,57.354
 14:55:15.435,eb:33:2e:f9:57:b5, 2085-97-193 00:208:244:516,0.116,-1.6,0.049,-247.375,-43.213,-120.056,83.573,23.763,56.519
 14:55:15.435,eb:33:2e:f9:57:b5, 2085-97-200 00:33:247:918,0.086,-1.211,0.386,-337.524,-10.864,-99.487,80.381,24.802,56.107
 14:55:15.435,eb:33:2e:f9:57:b5, 2085-97-241 00:239:247:999,0.16,-1.047,0.462,-384.583,-18.982,-85.083,76.58,25.67,55.723
 14:55:15.492,eb:33:2e:f9:57:b5, 2085-97-219 01:142:248:1027,0.311,-0.965,0.481,-406.494,-40.161,-73.547,72.334,26.345,55.151
 14:55:15.493,eb:33:2e:f9:57:b5, 2085-97-50 03:190:249:1219,0.449,-0.871,0.545,-407.959,-65.918,-68.42,67.868,26.818,54.267
 14:55:15.493,eb:33:2e:f9:57:b5, 2085-97-208 03:244:250:1265,0.481,-0.694,0.612,-391.479,-93.201,-67.627,63.336,27.103,53.113
 14:55:15.493,eb:33:2e:f9:57:b5, 2085-97-204 03:86:251:1329,0.426,-0.6,0.631,-366.699,-128.723,-67.505,58.887,27.147,51.586
 14:55:15.523,eb:33:2e:f9:57:b5, 2085-97-252 02:72:251:1316,0.32,-0.583,0.635,-352.417,-156.006,-63.171,54.492,26.906,49.801
 14:55:15.523,eb:33:2e:f9:57:b5, 2085-97-225 01:243:250:1416,0.157,-0.605,0.669,-356.018,-169.861,-53.223,50.131,26.351,47.884
 14:55:15.523,eb:33:2e:f9:57:b5, 2085-97-188 00:197:250:1795,0.05,-0.653,0.775,-368.958,-172.913,-36.926,45.709,25.527,46.093
 14:55:15.523,eb:33:2e:f9:57:b5, 2085-97-51 00:233:250:2256,0.01,-0.652,0.993,-380.188,-165.344,-16.846,41.325,24.478,44.55
 14:55:15.554,eb:33:2e:f9:57:b5, 2085-97-47 00:04:252:2479,0.04,-0.572,1.18,-385.315,-153.442,6.042,37.007,23.28,43.38
 14:55:15.554,eb:33:2e:f9:57:b5, 2085-97-170 00:34:253:2551,0.105,-0.426,1.221,-383.911,-153.503,21.912,32.844,21.94,42.517
 14:55:15.554,eb:33:2e:f9:57:b5, 2085-97-245 00:69:254:2620,0.15,-0.286,1.251,-380.859,-158.386,33.508,28.784,20.451,41.891
 14:55:15.554,eb:33:2e:f9:57:b5, 2085-97-45 01:32:255:2940,0.105,-0.155,1.361,-371.46,-168.762,39.368,24.879,18.82,41.402
 14:55:15.613,eb:33:2e:f9:57:b5, 2085-97-137 00:49:255:3229,0.044,-0.096,1.501,-355.713,-182.983,42.847,21.121,17.029,41.045
 14:55:15.613,eb:33:2e:f9:57:b5, 2085-97-06 00:198:254:3475,-0.039,-0.122,1.65,-340.332,-194.58,46.936,17.595,15.09,40.776
 14:55:15.613,eb:33:2e:f9:57:b5, 2085-97-92 255:115:254:3914,-0.117,-0.177,1.782,-329.59,-199.402,53.894,14.211,13.041,40.688
 14:55:15.613,eb:33:2e:f9:57:b5, 2085-97-216 254:169:254:4519,-0.17,-0.194,2.063,-320.007,-192.505,63.171,11.003,10.992,40.781
 14:55:15.642,eb:33:2e:f9:57:b5, 2085-97-112 254:123:255:4953,-0.219,-0.121,2.323,-311.34,-176.331,71.228,7.888,9.058,41.127
 14:55:15.642,eb:33:2e:f9:57:b5, 2085-97-10 254:185:00:5231,-0.275,0.003,2.492,-306.213,-156.677,76.233,4.889,7.328,41.633
 14:55:15.642,eb:33:2e:f9:57:b5, 2085-97-134 253:242:02:5484,-0.355,0.21,2.611,-306.458,-137.268,76.843,1.879,5.823,42.297
 14:55:15.642,eb:33:2e:f9:57:b5, 2085-97-194 252:18:06:5778,-0.48,0.556,2.747,-315.735,-120.483,69.153,-1.154,4.537,42.968
 14:55:15.703,eb:33:2e:f9:57:b5, 2085-97-214 251:131:09:5788,-0.566,0.968,2.842,-338.257,-109.436,50.842,-4.4,3.428,43.61
 14:55:15.703,eb:33:2e:f9:57:b5, 2085-97-116 251:227:12:5347,-0.605,1.415,2.71,-370.85,-117.004,21.057,-7.932,2.362,44.028
 14:55:15.703,eb:33:2e:f9:57:b5, 2085-97-171 250:106:15:5418,-0.824,1.779,2.581,-398.254,-145.996,-12.756,-11.821,1.06,44.264
 14:55:15.703,eb:33:2e:f9:57:b5, 2085-97-32 248:16:17:6080,-1.072,2.031,2.809,-395.752,-181.091,-39.124,-15.82,-0.621,44.324
 14:55:15.705,eb:33:2e:f9:57:b5, 2085-97-224 247:229:20:6753,-0.847,2.308,3.128,-353.149,-182.556,-47.546,-19.589,-2.538,44.462
 14:55:15.705,eb:33:2e:f9:57:b5, 2085-97-41 250:245:29:6584,-0.659,3.05,3.439,-305.359,-99.365,-53.223,-22.846,-4.07,44.517
 14:55:15.705,eb:33:2e:f9:57:b5, 2085-97-186 250:133:37:4267,-0.84,4.299,2.796,-257.751,8.301,-76.66,-25.62,-4.642,44.05
 14:55:15.705,eb:33:2e:f9:57:b5, 2085-97-140 246:239:37:342,-1.597,4.836,1.123,-173.34,-17.334,-95.398,-27.713,-4.966,43.22
 14:55:15.705,eb:33:2e:f9:57:b5, 2085-97-247 239:212:32:-488,-2.346,4.473,-0.409,-49.805,-166.382,-84.473,-28.74,-6.246,42.858
 14:55:15.763,eb:33:2e:f9:57:b5, 2085-113-58 00:238:228:060,-2.663,3.807,0.569,59.265,-257.263,-39.368,-28.685,-8.547,43.423
 14:55:15.763,eb:33:2e:f9:57:b5, 2085-97-211 232:79:26:5035,-2.958,3.584,1.56,100.769,-240.051,-13.367,-28.334,-9.701,43.907
 14:55:15.763,eb:33:2e:f9:57:b5, 2085-97-238 226:160:244:20499,-1.654,2.873,2.979,181.396,-147.217,7.08,-27.158,-11.168,44.846
 14:55:15.763,eb:33:2e:f9:57:b5, 2085-97-02 03:07:254:1405,1.743,0.544,-0.204,258.423,237.854,120.85,-24.626,-8.915,45.242
 14:55:15.793,eb:33:2e:f9:57:b5, 2085-97-70 11:89:242:1333,0.524,-2.03,0.041,216.675,270.386,207.825,-22.401,-5.999,45.758
 14:55:15.794,eb:33:2e:f9:57:b5, 2085-97-06 255:36:247:964,-0.647,-1.714,0.739,312.927,211.853,166.138,-19.814,-3.005,46.648
 14:55:15.794,eb:33:2e:f9:57:b5, 2085-97-114 248:145:253:2277,-0.987,-0.556,0.85,387.146,136.78,142.578,-16.238,-0.972,47.576
 14:55:15.794,eb:33:2e:f9:57:b5, 2085-97-143 249:140:04:3129,-0.64,0.129,1.246,371.338,107.422,91.003,-12.393,0.472,48.389
 14:55:15.852,eb:33:2e:f9:57:b5, 2085-97-55 252:02:06:3210,-0.289,0.665,1.489,309.937,112.122,30.273,-8.992,1.692,48.757
 14:55:15.852,eb:33:2e:f9:57:b5, 2085-97-143 253:91:04:2747,-0.112,0.526,1.388,245.789,77.026,-25.635,-6.262,2.637,48.576
 14:55:15.852,eb:33:2e:f9:57:b5, 2085-97-05 00:20:01:2547,0.033,0.425,1.344,177.856,-18.86,-55.969,-4.197,2.741,48.032
 14:55:15.852,eb:33:2e:f9:57:b5, 2085-97-101 255:138:01:2128,-0.079,0.054,1.263,140.625,7.263,-27.771,-2.637,2.604,47.615
 14:55:15.912,eb:33:2e:f9:57:b5, 2085-97-110 255:106:04:1793,-0.195,0.196,0.96,81.177,14.587,23.865,-1.555,2.763,47.549
 14:55:15.912,eb:33:2e:f9:57:b5, 2085-97-175 253:137:00:1548,-0.044,0.474,0.646,42.847,-17.517,-3.113,-0.967,2.84,47.719
 14:55:15.912,eb:33:2e:f9:57:b5, 2085-97-184 253:211:00:1405,-0.095,0.081,1.105,25.391,28.015,-2.258,-0.626,2.791,47.62
 14:55:15.912,eb:33:2e:f9:57:b5, 2085-97-154 255:97:00:2155,-0.196,0.158,0.953,8.789,10.01,-0.244,-0.472,2.944,47.642
 14:55:15.915,eb:33:2e:f9:57:b5, 2085-97-171 254:96:00:1849,-0.135,0.006,0.873,8.423,13.123,-3.662,-0.385,3.115,47.543
 14:55:15.915,eb:33:2e:f9:57:b5, 2085-97-217 254:253:255:1956,-0.12,0.039,0.942,4.639,6.775,-3.784,-0.308,3.208,47.499
 14:55:15.915,eb:33:2e:f9:57:b5, 2085-97-60 255:00:00:2092,-0.092,-0.006,0.997,5.615,0.549,-2.014,-0.258,3.241,47.406
 14:55:15.915,eb:33:2e:f9:57:b5, 2085-97-45 255:220:255:2036,-0.104,-0.01,1.017,6.836,0.366,-0.183,-0.176,3.257,47.39
 14:55:15.973,eb:33:2e:f9:57:b5, 2085-97-66 255:25:00:2006,-0.097,-0.002,0.981,7.446,-3.052,1.953,-0.099,3.241,47.34
 14:55:15.973,eb:33:2e:f9:57:b5, 2085-97-67 255:54:00:1999,-0.099,0.022,0.964,6.287,-3.479,2.258,-0.016,3.219,47.357
 14:55:15.973,eb:33:2e:f9:57:b5, 2085-97-64 255:33:00:2023,-0.083,0.021,0.968,4.761,-3.357,1.648,0.038,3.186,47.313
 14:55:15.973,eb:33:2e:f9:57:b5, 2085-97-78 255:37:00:2056,-0.076,0.02,1.004,4.272,-2.38,0.977,0.099,3.164,47.318
 14:55:16.003,eb:33:2e:f9:57:b5, 2085-97-122 255:48:00:2086,-0.065,0.024,1.01,4.333,-0.671,-0.183,0.143,3.148,47.258
 14:55:16.003,eb:33:2e:f9:57:b5, 2085-97-126 255:52:00:2080,-0.073,0.027,1.012,4.211,3.052,-1.709,0.198,3.175,47.241
 14:55:16.003,eb:33:2e:f9:57:b5, 2085-97-114 255:41:00:2086,-0.072,0.023,1.013,4.578,5.981,-3.296,0.247,3.224,47.153
 14:55:16.003,eb:33:2e:f9:57:b5, 2085-97-120 255:42:00:2086,-0.084,0.018,1.013,4.7,8.85,-3.601,0.302,3.307,47.115
 14:55:16.031,eb:33:2e:f9:57:b5, 2085-97-105 255:35:00:2080,-0.097,0.02,0.999,4.944,10.742,-4.028,0.357,3.411,47.01
 14:55:16.031,eb:33:2e:f9:57:b5, 2085-97-55 255:28:00:2018,-0.111,0.014,0.986,5.127,11.719,-3.357,0.417,3.543,46.972
 14:55:16.031,eb:33:2e:f9:57:b5, 2085-97-50 255:33:00:2007,-0.123,0.014,0.965,4.15,10.132,-1.892,0.467,3.653,46.884
 14:55:16.031,eb:33:2e:f9:57:b5, 2085-97-09 255:32:00:1950,-0.095,0.012,0.954,3.479,7.69,-0.671,0.516,3.757,46.868
 14:55:16.093,eb:33:2e:f9:57:b5, 2085-97-54 255:46:00:2019,-0.087,0.021,0.987,2.991,4.7,0,0.549,3.818,46.802
 14:55:16.093,eb:33:2e:f9:57:b5, 2085-97-77 255:56:00:2033,-0.092,0.028,0.992,3.052,5.127,-0.427,0.593,3.873,46.796
 14:55:16.093,eb:33:2e:f9:57:b5, 2085-97-92 255:61:00:2058,-0.09,0.032,0.984,3.052,5.92,-1.465,0.626,3.933,46.725
 14:55:16.093,eb:33:2e:f9:57:b5, 2085-97-94 255:60:00:2072,-0.093,0.026,0.998,3.418,8.423,-2.502,0.67,4.016,46.703
 14:55:16.123,eb:33:2e:f9:57:b5, 2085-97-72 255:52:00:2071,-0.104,0.025,1.004,4.272,11.169,-3.662,0.709,4.12,46.609
 14:55:16.123,eb:33:2e:f9:57:b5, 2085-97-23 255:27:00:2034,-0.116,0.02,0.993,4.883,12.146,-3.784,0.769,4.252,46.566
 14:55:16.123,eb:33:2e:f9:57:b5, 2085-97-19 255:43:00:2014,-0.112,0.019,0.979,4.944,10.803,-2.502,0.818,4.367,46.478
 14:55:16.123,eb:33:2e:f9:57:b5, 2085-97-45 255:43:00:2071,-0.099,0.026,0.985,4.883,9.888,-2.075,0.879,4.477,46.45
 14:55:16.153,eb:33:2e:f9:57:b5, 2085-97-28 255:42:00:2055,-0.093,0.023,1.021,5.493,11.902,-1.465,0.934,4.581,46.373
 14:55:16.153,eb:33:2e:f9:57:b5, 2085-97-59 255:56:00:2095,-0.072,0.033,1.017,5.859,13.916,-1.343,1.005,4.719,46.357
 14:55:16.153,eb:33:2e:f9:57:b5, 2085-97-91 255:74:00:2128,-0.088,0.04,1.037,6.775,18.311,-2.197,1.071,4.878,46.28
 14:55:16.153,eb:33:2e:f9:57:b5, 2085-97-86 255:77:00:2130,-0.087,0.037,1.032,7.996,23.926,-3.967,1.159,5.103,46.252
 14:55:16.213,eb:33:2e:f9:57:b5, 2085-97-72 255:68:00:2152,-0.108,0.043,1.015,8.728,28.992,-6.165,1.241,5.372,46.143
 14:55:16.213,eb:33:2e:f9:57:b5, 2085-97-242 254:60:00:2051,-0.116,0.042,0.996,9.521,33.569,-7.446,1.34,5.707,46.077
 14:55:16.213,eb:33:2e:f9:57:b5, 2085-97-251 254:58:00:2113,-0.119,0.038,1.01,10.071,35.034,-7.263,1.439,6.048,45.95
 14:55:16.213,eb:33:2e:f9:57:b5, 2085-97-02 255:68:00:2095,-0.115,0.032,1.037,10.681,39.551,-7.08,1.549,6.432,45.879
 14:55:16.241,eb:33:2e:f9:57:b5, 2085-97-229 254:100:00:1991,-0.161,0.038,1.038,12.451,41.748,-7.019,1.659,6.839,45.764
 14:55:16.241,eb:33:2e:f9:57:b5, 2085-97-176 254:142:00:1770,-0.12,0.058,0.92,10.803,37.17,-6.165,1.785,7.251,45.703
 14:55:16.241,eb:33:2e:f9:57:b5, 2085-97-01 255:153:00:2034,-0.173,0.081,0.94,9.888,23.682,-6.531,1.884,7.542,45.593
 14:55:16.241,eb:33:2e:f9:57:b5, 2085-97-125 254:49:00:2287,-0.354,0.056,0.982,11.108,17.212,-6.226,1.989,7.767,45.527
 14:55:16.272,eb:33:2e:f9:57:b5, 2085-97-208 252:47:254:3610,-0.237,-0.123,1.462,23.987,17.395,-5.188,2.153,7.916,45.406
 14:55:16.272,eb:33:2e:f9:57:b5, 2085-97-158 254:214:255:2763,-0.178,-0.126,1.675,52.307,33.63,5.188,2.571,8.174,45.428
 14:55:16.272,eb:33:2e:f9:57:b5, 2085-97-72 254:234:255:2572,-0.25,0.014,1.19,64.575,34.18,5.798,3.186,8.52,45.445
 14:55:16.272,eb:33:2e:f9:57:b5, 2085-97-203 253:77:255:2986,-0.274,-0.059,1.411,74.585,37.109,10.193,3.911,8.871,45.544
 14:55:16.334,eb:33:2e:f9:57:b5, 2085-97-73 254:157:255:3101,-0.17,-0.077,1.471,90.515,40.283,17.883,4.768,9.256,45.659
 14:55:16.334,eb:33:2e:f9:57:b5, 2085-113-81 00:128:117:451,-0.119,-0.012,1.541,108.032,43.823,22.217,5.823,9.668,45.912
 14:55:16.334,eb:33:2e:f9:57:b5, 2085-97-67 255:33:00:3387,-0.089,-0.001,1.618,117.004,49.561,23.376,6.416,9.893,46.055
 14:55:16.334,eb:33:2e:f9:57:b5, 2085-97-44 255:239:255:3510,-0.106,-0.01,1.681,135.742,62.134,25.818,7.745,10.421,46.313
 14:55:16.362,eb:33:2e:f9:57:b5, 2085-97-116 255:235:255:3817,-0.042,-0.006,1.771,154.602,74.829,26.489,9.283,11.074,46.692
 14:55:16.362,eb:33:2e:f9:57:b5, 2085-97-181 255:216:255:4121,0.029,-0.01,1.923,180.847,84.961,24.902,11.052,11.832,47.038
 14:55:16.362,eb:33:2e:f9:57:b5, 2085-97-238 00:51:00:4778,0.234,-0.014,2.172,213.318,93.994,22.034,13.14,12.662,47.472
 14:55:16.362,eb:33:2e:f9:57:b5, 2085-97-00 03:80:00:5271,0.516,0.03,2.477,248.169,113.708,12.207,15.562,13.629,47.845
 14:55:16.393,eb:33:2e:f9:57:b5, 2085-97-145 04:107:255:5545,0.621,0.031,2.633,294.006,140.991,-5.493,18.402,14.848,48.274
 14:55:16.393,eb:33:2e:f9:57:b5, 2085-97-183 05:02:255:5853,0.756,-0.14,2.83,349.67,180.725,-23.621,21.753,16.436,48.647
 14:55:16.393,eb:33:2e:f9:57:b5, 2085-97-45 06:123:254:6033,0.598,-0.095,2.904,418.396,211.304,-44.617,25.774,18.402,49.18
 14:55:16.393,eb:33:2e:f9:57:b5, 2085-97-236 02:169:253:5908,0.082,-0.244,2.988,511.536,211.67,-72.51,30.613,20.561,49.653
 14:55:16.452,eb:33:2e:f9:57:b5, 2085-97-234 254:214:00:6108,-0.24,-0.116,2.865,569.336,190.247,-90.942,36.249,22.72,50.12
 14:55:16.452,eb:33:2e:f9:57:b5, 2085-97-164 251:127:01:6838,-0.568,0.147,3.279,599.121,122.559,-108.032,42.204,24.554,50.279
 14:55:16.452,eb:33:2e:f9:57:b5, 2085-97-51 253:195:252:5027,-0.375,-0.098,2.893,623.047,76.599,-101.624,48.312,25.955,50.202
 14:55:16.452,eb:33:2e:f9:57:b5, 2085-97-167 252:125:255:4931,-0.262,-0.059,2.131,583.923,39.795,-98.328,54.338,27.087,50.037
 14:55:16.483,eb:33:2e:f9:57:b5, 2085-97-26 254:118:254:6489,-0.002,-0.077,3.047,492.004,59.021,-109.802,59.54,28.185,49.779
 14:55:16.483,eb:33:2e:f9:57:b5, 2085-97-191 00:09:247:5264,0.68,-0.482,3.164,414.368,137.634,-113.159,64.232,29.647,50.147
 14:55:16.483,eb:33:2e:f9:57:b5, 2085-97-37 11:159:237:355,1.334,-1.95,1.784,294.495,170.166,-98.572,68.384,31.24,51.35
 14:55:16.483,eb:33:2e:f9:57:b5, 2085-97-92 07:49:241:-6457,0.87,-2.1,-1.268,114.685,207.275,-99.731,71.279,32.833,53.108
 14:55:16.512,eb:33:2e:f9:57:b5, 2085-97-76 08:180:245:-2957,0.849,-1.354,-3.096,-69.824,35.828,-113.464,71.922,34.211,54.091
