Time,Device name,Chip Time(),Acceleration X(g),Acceleration Y(g),Acceleration Z(g),Angular velocity X(°/s),Angular velocity Y(°/s),Angular velocity Z(°/s),ShiftX(mm),ShiftY(mm),ShiftZ(mm),SpeedX(mm/s),SpeedY(mm/s),SpeedZ(mm/s),Angle X(°),Angle Y(°),Angle Z(°)
 12:21:35.892,eb:33:2e:f9:57:b5, 2015-01-01 00:07:52.025,0.019,-0.018,0.999,0.366,0.488,-0.183, , , , , , ,-1.307,-1.148,-111.555
 12:21:35.892,eb:33:2e:f9:57:b5, 2015-01-01 00:07:52.025,0.019,-0.019,0.998,0.488,0.549,-0.183, , , , , , ,-1.307,-1.148,-111.555
 12:21:35.893,eb:33:2e:f9:57:b5, 2015-01-01 00:07:52.025,0.018,-0.02,0.997,0.427,0.549,-0.183, , , , , , ,-1.307,-1.148,-111.555
 12:21:35.893,eb:33:2e:f9:57:b5, 2015-01-01 00:07:52.025,0.018,-0.02,0.996,0.488,0.549,-0.183, , , , , , ,-1.307,-1.148,-111.555
 12:21:35.893,eb:33:2e:f9:57:b5, 2015-01-01 00:07:52.025,0.019,-0.019,0.996,0.488,0.549,-0.244, , , , , , ,-1.307,-1.148,-111.555
 12:21:35.893,eb:33:2e:f9:57:b5, 2015-01-01 00:07:52.025,0.019,-0.019,0.997,0.549,0.488,-0.183, , , , , , ,-1.307,-1.143,-111.561
 12:21:35.893,eb:33:2e:f9:57:b5, 2015-01-01 00:07:52.025,0.019,-0.019,0.998,0.61,0.488,-0.244, , , , , , ,-1.307,-1.143,-111.561
 12:21:35.893,eb:33:2e:f9:57:b5, 2015-01-01 00:07:52.025,0.02,-0.021,0.997,0.671,0.488,-0.244, , , , , , ,-1.307,-1.143,-111.555
 12:21:35.913,eb:33:2e:f9:57:b5, 2015-01-01 00:07:52.405,0.019,-0.019,0.999,0.854,0.549,-0.183, , , , , , ,-1.307,-1.143,-111.555
 12:21:35.913,eb:33:2e:f9:57:b5, 2015-01-01 00:07:52.405,0.021,-0.021,1,0.916,0.61,-0.183, , , , , , ,-1.307,-1.143,-111.561
 12:21:35.913,eb:33:2e:f9:57:b5, 2015-01-01 00:07:52.405,0.021,-0.021,1,1.099,0.671,-0.244, , , , , , ,-1.307,-1.143,-111.561
 12:21:35.917,eb:33:2e:f9:57:b5, 2015-01-01 00:07:52.405,0.018,-0.018,1,1.16,0.854,-0.244, , , , , , ,-1.302,-1.143,-111.561
 12:21:35.917,eb:33:2e:f9:57:b5, 2015-01-01 00:07:52.405,0.022,-0.021,1,1.343,0.793,-0.244, , , , , , ,-1.302,-1.143,-111.561
 12:21:35.917,eb:33:2e:f9:57:b5, 2015-01-01 00:07:52.405,0.023,-0.02,1,1.343,0.916,-0.244, , , , , , ,-1.302,-1.143,-111.561
 12:21:35.917,eb:33:2e:f9:57:b5, 2015-01-01 00:07:52.405,0.02,-0.02,1.003,1.465,1.16,-0.244, , , , , , ,-1.302,-1.143,-111.561
 12:21:35.917,eb:33:2e:f9:57:b5, 2015-01-01 00:07:52.405,0.019,-0.02,1,1.648,1.221,-0.244, , , , , , ,-1.302,-1.143,-111.561
 12:21:35.957,eb:33:2e:f9:57:b5, 2015-01-01 00:07:52.405,0.019,-0.019,1,1.709,1.404,-0.366, , , , , , ,-1.302,-1.143,-111.561
 12:21:35.957,eb:33:2e:f9:57:b5, 2015-01-01 00:07:52.405,0.022,-0.02,1,1.709,1.77,-0.244, , , , , , ,-1.302,-1.143,-111.561
 12:21:35.957,eb:33:2e:f9:57:b5, 2015-01-01 00:07:52.405,0.027,-0.019,1.003,1.892,2.075,-0.122, , , , , , ,-1.302,-1.143,-111.561
 12:21:35.957,eb:33:2e:f9:57:b5, 2015-01-01 00:07:52.405,0.029,-0.017,1.008,2.075,2.869,-0.427, , , , , , ,-1.296,-1.137,-111.561
 12:21:35.957,eb:33:2e:f9:57:b5, 2015-01-01 00:07:52.405,0.028,-0.019,1.01,2.38,3.418,-0.366, , , , , , ,-1.285,-1.121,-111.561
 12:21:35.957,eb:33:2e:f9:57:b5, 2015-01-01 00:07:52.405,0.024,-0.02,1.008,2.686,3.723,-0.366, , , , , , ,-1.274,-1.104,-111.566
 12:21:35.957,eb:33:2e:f9:57:b5, 2015-01-01 00:07:52.405,0.022,-0.019,1.007,2.93,4.211,-0.671, , , , , , ,-1.258,-1.082,-111.566
 12:21:35.957,eb:33:2e:f9:57:b5, 2015-01-01 00:07:52.405,0.023,-0.021,1.006,3.174,4.395,-0.549, , , , , , ,-1.241,-1.06,-111.572
 12:21:36.002,eb:33:2e:f9:57:b5, 2015-01-01 00:07:52.405,0.028,-0.021,1.007,3.601,4.7,-0.732, , , , , , ,-1.225,-1.038,-111.577
 12:21:36.002,eb:33:2e:f9:57:b5, 2015-01-01 00:07:52.405,0.029,-0.024,1.018,4.211,5.432,-0.732, , , , , , ,-1.208,-1.016,-111.577
 12:21:36.002,eb:33:2e:f9:57:b5, 2015-01-01 00:07:52.405,0.032,-0.031,1.021,4.883,5.92,-0.488, , , , , , ,-1.187,-0.983,-111.583
 12:21:36.002,eb:33:2e:f9:57:b5, 2015-01-01 00:07:52.405,0.034,-0.027,1.024,5.615,6.775,-0.488, , , , , , ,-1.159,-0.956,-111.583
 12:21:36.002,eb:33:2e:f9:57:b5, 2015-01-01 00:07:52.405,0.033,-0.023,1.026,6.226,7.751,-0.366, , , , , , ,-1.132,-0.917,-111.588
 12:21:36.002,eb:33:2e:f9:57:b5, 2015-01-01 00:07:52.405,0.041,-0.023,1.029,6.775,8.789,-0.549, , , , , , ,-1.099,-0.879,-111.588
 12:21:36.002,eb:33:2e:f9:57:b5, 2015-01-01 00:07:52.405,0.036,-0.019,1.037,7.324,10.376,-0.732, , , , , , ,-1.06,-0.829,-111.594
 12:21:36.002,eb:33:2e:f9:57:b5, 2015-01-01 00:07:52.405,0.04,-0.021,1.033,7.751,11.719,-0.854, , , , , , ,-1.022,-0.775,-111.599
 12:21:36.048,eb:33:2e:f9:57:b5, 2015-01-01 00:07:52.405,0.033,-0.011,1.045,8.057,13.855,-1.465, , , , , , ,-0.983,-0.709,-111.61
 12:21:36.048,eb:33:2e:f9:57:b5, 2015-01-01 00:07:52.405,0.035,-0.016,1.043,8.484,15.381,-1.892, , , , , , ,-0.945,-0.637,-111.616
 12:21:36.048,eb:33:2e:f9:57:b5, 2015-01-01 00:07:52.405,0.032,-0.007,1.039,8.606,17.212,-2.441, , , , , , ,-0.901,-0.555,-111.627
 12:21:36.048,eb:33:2e:f9:57:b5, 2015-01-01 00:07:52.405,0.021,-0.008,1.031,8.606,18.799,-2.563, , , , , , ,-0.857,-0.467,-111.643
 12:21:36.048,eb:33:2e:f9:57:b5, 2015-01-01 00:07:52.405,0.033,-0.007,1.021,8.545,20.02,-2.625, , , , , , ,-0.813,-0.368,-111.66
 12:21:36.048,eb:33:2e:f9:57:b5, 2015-01-01 00:07:52.405,0.047,-0.001,1.029,8.789,20.508,-1.831, , , , , , ,-0.775,-0.264,-111.671
 12:21:36.048,eb:33:2e:f9:57:b5, 2015-01-01 00:07:52.405,0.119,0.03,1.05,8.911,21.423,-3.967, , , , , , ,-0.731,-0.159,-111.687
 12:21:36.048,eb:33:2e:f9:57:b5, 2015-01-01 00:07:52.405,0.177,0.045,1.088,9.277,22.644,-5.981, , , , , , ,-0.681,-0.049,-111.714
 12:21:36.115,eb:33:2e:f9:57:b5, 2015-01-01 00:07:52.405,0.192,0.144,0.957,11.353,15.991,-10.498, , , , , , ,-0.632,0.038,-111.758
 12:21:36.115,eb:33:2e:f9:57:b5, 2015-01-01 00:07:52.405,0.008,0.11,1.127,13.733,15.198,-15.442, , , , , , ,-0.571,0.115,-111.83
 12:21:36.115,eb:33:2e:f9:57:b5, 2015-01-01 00:07:52.405,-0.067,-0.2,1.558,20.081,24.536,-14.465, , , , , , ,-0.483,0.214,-111.907
 12:21:36.115,eb:33:2e:f9:57:b5, 2015-01-01 00:07:52.405,0.025,-0.289,1.618,29.785,31.799,-11.353, , , , , , ,-0.357,0.363,-111.973
 12:21:36.115,eb:33:2e:f9:57:b5, 2015-01-01 00:07:52.405,0.087,-0.117,1.344,36.926,32.471,-11.414, , , , , , ,-0.187,0.522,-112.028
 12:21:36.115,eb:33:2e:f9:57:b5, 2015-01-01 00:07:52.405,0.098,-0.026,1.244,40.527,33.142,-12.573, , , , , , ,0.005,0.687,-112.088
 12:21:36.116,eb:33:2e:f9:57:b5, 2015-01-01 00:07:52.405,0.097,-0.049,1.352,43.945,37.781,-12.512, , , , , , ,0.214,0.862,-112.148
 12:21:36.116,eb:33:2e:f9:57:b5, 2015-01-01 00:07:52.405,0.106,-0.066,1.371,48.401,42.236,-12.817, , , , , , ,0.445,1.066,-112.209
 12:21:36.118,eb:33:2e:f9:57:b5, 2015-01-01 00:07:52.405,0.121,-0.039,1.337,52.734,45.105,-13.733, , , , , , ,0.703,1.285,-112.275
 12:21:36.118,eb:33:2e:f9:57:b5, 2015-01-01 00:07:52.405,0.127,-0.009,1.337,57.129,47.791,-15.076, , , , , , ,0.972,1.522,-112.346
 12:21:36.118,eb:33:2e:f9:57:b5, 2015-01-01 00:07:52.405,0.146,-0.002,1.356,62.866,48.828,-17.456, , , , , , ,1.274,1.763,-112.423
 12:21:36.118,eb:33:2e:f9:57:b5, 2015-01-01 00:07:52.405,0.142,0,1.375,68.97,51.575,-20.02, , , , , , ,1.604,2.016,-112.511
 12:21:36.118,eb:33:2e:f9:57:b5, 2015-01-01 00:07:52.405,0.146,-0.001,1.371,73.853,54.504,-21.484, , , , , , ,1.961,2.285,-112.604
 12:21:36.118,eb:33:2e:f9:57:b5, 2015-01-01 00:07:52.405,0.131,0.026,1.384,78.613,56.824,-23.621, , , , , , ,2.34,2.571,-112.709
 12:21:36.118,eb:33:2e:f9:57:b5, 2015-01-01 00:07:52.405,0.13,0.042,1.385,84.473,57.8,-26.062, , , , , , ,2.741,2.862,-112.824
 12:21:36.118,eb:33:2e:f9:57:b5, 2015-01-01 00:07:52.405,0.179,0.046,1.422,89.905,59.753,-27.588, , , , , , ,3.175,3.164,-112.945
 12:21:36.161,eb:33:2e:f9:57:b5, 2015-01-01 00:07:52.405,0.209,0.063,1.48,95.337,62.866,-29.663, , , , , , ,3.631,3.477,-113.066
 12:21:36.161,eb:33:2e:f9:57:b5, 2015-01-01 00:07:52.405,0.21,0.021,1.522,101.624,67.139,-31.677, , , , , , ,4.12,3.812,-113.198
 12:21:36.161,eb:33:2e:f9:57:b5, 2015-01-01 00:07:52.405,0.18,-0.007,1.591,105.957,72.388,-31.921, , , , , , ,4.631,4.175,-113.335
 12:21:36.161,eb:33:2e:f9:57:b5, 2015-01-01 00:07:52.405,0.195,0.008,1.735,107.361,82.092,-29.846, , , , , , ,5.158,4.576,-113.456
 12:21:36.162,eb:33:2e:f9:57:b5, 2015-01-01 00:07:52.405,0.226,0.025,1.733,111.145,93.75,-30.762, , , , , , ,5.696,5.037,-113.56
 12:21:36.162,eb:33:2e:f9:57:b5, 2015-01-01 00:07:52.405,0.269,0.131,1.51,116.882,96.68,-35.156, , , , , , ,6.257,5.532,-113.676
 12:21:36.162,eb:33:2e:f9:57:b5, 2015-01-01 00:07:52.405,0.286,0.198,1.303,119.507,94.788,-40.649, , , , , , ,6.839,6.026,-113.813
 12:21:36.162,eb:33:2e:f9:57:b5, 2015-01-01 00:07:52.405,0.247,0.166,1.343,118.286,99.731,-43.152, , , , , , ,7.416,6.531,-113.967
 12:21:36.205,eb:33:2e:f9:57:b5, 2015-01-01 00:07:52.405,0.278,0.172,1.354,116.15,107.422,-44.373, , , , , , ,7.982,7.081,-114.115
 12:21:36.205,eb:33:2e:f9:57:b5, 2015-01-01 00:07:52.405,0.331,0.243,1.341,111.755,116.638,-45.837, , , , , , ,8.531,7.668,-114.258
 12:21:36.205,eb:33:2e:f9:57:b5, 2015-01-01 00:07:52.405,0.32,0.256,1.208,107.056,123.535,-49.011, , , , , , ,9.053,8.306,-114.401
 12:21:36.205,eb:33:2e:f9:57:b5, 2015-01-01 00:07:52.405,0.346,0.301,1.085,101.379,128.601,-52.124, , , , , , ,9.553,8.97,-114.554
 12:21:36.205,eb:33:2e:f9:57:b5, 2015-01-01 00:07:52.405,0.317,0.274,1.077,91.125,136.963,-53.406, , , , , , ,10.003,9.668,-114.703
 12:21:36.205,eb:33:2e:f9:57:b5, 2015-01-01 00:07:52.405,0.286,0.218,1.125,79.59,149.963,-52.795, , , , , , ,10.404,10.426,-114.84
 12:21:36.205,eb:33:2e:f9:57:b5, 2015-01-01 00:07:52.405,0.283,0.204,1.171,68.726,164.978,-51.208, , , , , , ,10.745,11.255,-114.95
 12:21:36.205,eb:33:2e:f9:57:b5, 2015-01-01 00:07:52.405,0.258,0.227,1.112,60.669,176.514,-51.697, , , , , , ,11.047,12.151,-115.038
 12:21:36.250,eb:33:2e:f9:57:b5, 2015-01-01 00:07:52.720,0.287,0.259,0.913,53.406,179.504,-53.955, , , , , , ,11.305,13.079,-115.126
 12:21:36.250,eb:33:2e:f9:57:b5, 2015-01-01 00:07:52.720,0.311,0.212,0.778,46.753,178.772,-55.969, , , , , , ,11.53,14.013,-115.225
 12:21:36.250,eb:33:2e:f9:57:b5, 2015-01-01 00:07:52.720,0.267,0.1,0.586,42.236,171.509,-57.129, , , , , , ,11.722,14.925,-115.329
 12:21:36.250,eb:33:2e:f9:57:b5, 2015-01-01 00:07:52.720,0.218,0.156,0.533,42.114,160.4,-58.044, , , , , , ,11.898,15.793,-115.444
 12:21:36.250,eb:33:2e:f9:57:b5, 2015-01-01 00:07:52.720,0.439,0.309,0.439,43.03,139.465,-66.162, , , , , , ,12.068,16.584,-115.604
 12:21:36.250,eb:33:2e:f9:57:b5, 2015-01-01 00:07:52.720,0.32,-0.29,-0.141,41.504,100.525,-67.2, , , , , , ,12.217,17.232,-115.818
 12:21:36.250,eb:33:2e:f9:57:b5, 2015-01-01 00:07:52.720,0.319,-0.383,-0.489,40.955,46.448,-59.387, , , , , , ,12.349,17.633,-116.06
 12:21:36.250,eb:33:2e:f9:57:b5, 2015-01-01 00:07:52.720,0.463,-0.077,-0.206,41.809,-4.15,-55.42, , , , , , ,12.469,17.765,-116.34
 12:21:36.271,eb:33:2e:f9:57:b5, 2015-01-01 00:07:52.720,0.462,-0.184,0.429,44.922,-32.776,-50.903, , , , , , ,12.596,17.71,-116.636
 12:21:36.271,eb:33:2e:f9:57:b5, 2015-01-01 00:07:52.720,0.373,-0.413,0.711,47.668,-38.635,-41.809, , , , , , ,12.744,17.573,-116.917
 12:21:36.271,eb:33:2e:f9:57:b5, 2015-01-01 00:07:52.720,0.3,-0.495,0.735,46.509,-33.203,-30.396, , , , , , ,12.914,17.441,-117.136
 12:21:36.271,eb:33:2e:f9:57:b5, 2015-01-01 00:07:52.720,0.253,-0.524,0.752,42.725,-25.269,-16.663, , , , , , ,13.096,17.325,-117.285
 12:21:36.271,eb:33:2e:f9:57:b5, 2015-01-01 00:07:52.720,0.256,-0.529,0.7,36.194,-18.555,-1.16, , , , , , ,13.271,17.232,-117.345
 12:21:36.271,eb:33:2e:f9:57:b5, 2015-01-01 00:07:52.720,0.289,-0.506,0.569,30.579,-19.348,9.949, , , , , , ,13.436,17.133,-117.339
 12:21:36.271,eb:33:2e:f9:57:b5, 2015-01-01 00:07:52.720,0.326,-0.463,0.454,25.879,-24.902,18.188, , , , , , ,13.59,17.007,-117.29
 12:21:36.271,eb:33:2e:f9:57:b5, 2015-01-01 00:07:52.720,0.342,-0.424,0.403,22.949,-33.63,23.254, , , , , , ,13.727,16.831,-117.219
 12:21:36.317,eb:33:2e:f9:57:b5, 2015-01-01 00:07:52.720,0.345,-0.399,0.396,21.912,-44.556,25.452, , , , , , ,13.859,16.606,-117.142
 12:21:36.317,eb:33:2e:f9:57:b5, 2015-01-01 00:07:52.720,0.329,-0.387,0.408,21.667,-56.03,25.94, , , , , , ,13.986,16.326,-117.076
 12:21:36.317,eb:33:2e:f9:57:b5, 2015-01-01 00:07:52.720,0.313,-0.383,0.404,20.63,-67.688,25.391, , , , , , ,14.106,15.985,-117.026
 12:21:36.317,eb:33:2e:f9:57:b5, 2015-01-01 00:07:52.720,0.295,-0.394,0.427,18.005,-77.759,24.231, , , , , , ,14.211,15.595,-116.993
 12:21:36.317,eb:33:2e:f9:57:b5, 2015-01-01 00:07:52.720,0.279,-0.405,0.472,13.794,-85.999,22.949, , , , , , ,14.293,15.167,-116.982
 12:21:36.317,eb:33:2e:f9:57:b5, 2015-01-01 00:07:52.720,0.258,-0.415,0.537,8.179,-91.919,21.362, , , , , , ,14.343,14.705,-116.988
 12:21:36.317,eb:33:2e:f9:57:b5, 2015-01-01 00:07:52.720,0.232,-0.429,0.604,1.709,-95.764,19.653, , , , , , ,14.359,14.222,-117.004
 12:21:36.317,eb:33:2e:f9:57:b5, 2015-01-01 00:07:52.720,0.212,-0.444,0.654,-5.188,-98.389,17.883, , , , , , ,14.337,13.722,-117.037
 12:21:36.362,eb:33:2e:f9:57:b5, 2015-01-01 00:07:52.720,0.192,-0.449,0.691,-12.756,-100.22,15.869, , , , , , ,14.277,13.222,-117.081
 12:21:36.362,eb:33:2e:f9:57:b5, 2015-01-01 00:07:52.720,0.17,-0.446,0.705,-20.874,-102.783,13.611, , , , , , ,14.178,12.711,-117.136
 12:21:36.362,eb:33:2e:f9:57:b5, 2015-01-01 00:07:52.720,0.153,-0.439,0.699,-29.48,-106.873,11.047, , , , , , ,14.03,12.184,-117.208
 12:21:36.362,eb:33:2e:f9:57:b5, 2015-01-01 00:07:52.720,0.144,-0.44,0.701,-38.33,-112.061,8.301, , , , , , ,13.837,11.635,-117.296
 12:21:36.362,eb:33:2e:f9:57:b5, 2015-01-01 00:07:52.720,0.13,-0.442,0.728,-46.936,-117.554,5.554, , , , , , ,13.601,11.069,-117.405
 12:21:36.362,eb:33:2e:f9:57:b5, 2015-01-01 00:07:52.720,0.115,-0.449,0.764,-54.932,-122.864,2.869, , , , , , ,13.315,10.475,-117.526
 12:21:36.362,eb:33:2e:f9:57:b5, 2015-01-01 00:07:52.720,0.103,-0.454,0.818,-62.256,-126.892,-0.122, , , , , , ,12.997,9.86,-117.664
 12:21:36.362,eb:33:2e:f9:57:b5, 2015-01-01 00:07:52.720,0.081,-0.453,0.882,-68.42,-130.066,-2.319, , , , , , ,12.64,9.234,-117.817
 12:21:36.428,eb:33:2e:f9:57:b5, 2015-01-01 00:07:52.720,0.053,-0.455,0.941,-73.73,-131.897,-4.15, , , , , , ,12.255,8.597,-117.977
 12:21:36.428,eb:33:2e:f9:57:b5, 2015-01-01 00:07:52.720,0.02,-0.466,0.986,-78.003,-132.935,-5.432, , , , , , ,11.849,7.949,-118.141
 12:21:36.428,eb:33:2e:f9:57:b5, 2015-01-01 00:07:52.720,-0.015,-0.48,1.022,-81.36,-133.911,-5.92, , , , , , ,11.426,7.3,-118.306
 12:21:36.428,eb:33:2e:f9:57:b5, 2015-01-01 00:07:52.720,-0.05,-0.504,1.053,-83.862,-135.071,-5.371, , , , , , ,10.986,6.647,-118.466
 12:21:36.428,eb:33:2e:f9:57:b5, 2015-01-01 00:07:52.720,-0.081,-0.526,1.085,-85.815,-136.292,-3.845, , , , , , ,10.547,5.982,-118.619
 12:21:36.428,eb:33:2e:f9:57:b5, 2015-01-01 00:07:52.720,-0.106,-0.547,1.123,-87.646,-137.207,-1.526, , , , , , ,10.096,5.312,-118.757
 12:21:36.428,eb:33:2e:f9:57:b5, 2015-01-01 00:07:52.720,-0.126,-0.571,1.154,-89.661,-137.634,2.075, , , , , , ,9.641,4.631,-118.872
 12:21:36.428,eb:33:2e:f9:57:b5, 2015-01-01 00:07:52.720,-0.147,-0.585,1.188,-91.98,-136.963,6.287, , , , , , ,9.179,3.95,-118.96
 12:21:36.453,eb:33:2e:f9:57:b5, 2015-01-01 00:07:52.720,-0.162,-0.601,1.211,-94.36,-136.169,11.536, , , , , , ,8.707,3.268,-119.02
 12:21:36.453,eb:33:2e:f9:57:b5, 2015-01-01 00:07:52.720,-0.182,-0.608,1.241,-96.741,-134.949,17.151, , , , , , ,8.223,2.587,-119.048
 12:21:36.453,eb:33:2e:f9:57:b5, 2015-01-01 00:07:52.720,-0.185,-0.615,1.265,-98.877,-133.667,23.132, , , , , , ,7.734,1.906,-119.037
 12:21:36.453,eb:33:2e:f9:57:b5, 2015-01-01 00:07:52.720,-0.184,-0.608,1.295,-101.013,-131.775,28.992, , , , , , ,7.234,1.23,-118.993
 12:21:36.453,eb:33:2e:f9:57:b5, 2015-01-01 00:07:52.720,-0.175,-0.586,1.323,-103.271,-129.15,34.79, , , , , , ,6.724,0.56,-118.911
 12:21:36.453,eb:33:2e:f9:57:b5, 2015-01-01 00:07:52.720,-0.166,-0.558,1.354,-105.53,-126.16,40.222, , , , , , ,6.196,-0.088,-118.79
 12:21:36.453,eb:33:2e:f9:57:b5, 2015-01-01 00:07:52.720,-0.165,-0.514,1.385,-108.093,-122.314,45.654, , , , , , ,5.663,-0.725,-118.641
 12:21:36.453,eb:33:2e:f9:57:b5, 2015-01-01 00:07:52.720,-0.147,-0.479,1.401,-110.229,-119.263,49.622, , , , , , ,5.109,-1.351,-118.46
 12:21:36.474,eb:33:2e:f9:57:b5, 2015-01-01 00:07:52.720,-0.132,-0.446,1.414,-112.793,-116.394,52.856, , , , , , ,4.543,-1.961,-118.251
 12:21:36.474,eb:33:2e:f9:57:b5, 2015-01-01 00:07:52.720,-0.1,-0.398,1.393,-115.906,-113.464,55.054, , , , , , ,3.961,-2.554,-118.021
 12:21:36.474,eb:33:2e:f9:57:b5, 2015-01-01 00:07:52.720,-0.077,-0.369,1.402,-119.202,-110.962,56.641, , , , , , ,3.362,-3.131,-117.773
 12:21:36.474,eb:33:2e:f9:57:b5, 2015-01-01 00:07:52.720,-0.05,-0.323,1.393,-122.742,-108.643,57.373, , , , , , ,2.736,-3.697,-117.521
 12:21:36.474,eb:33:2e:f9:57:b5, 2015-01-01 00:07:52.720,-0.041,-0.288,1.403,-125.916,-106.628,57.19, , , , , , ,2.093,-4.246,-117.252
 12:21:36.474,eb:33:2e:f9:57:b5, 2015-01-01 00:07:52.720,-0.036,-0.247,1.405,-128.54,-105.103,55.542, , , , , , ,1.434,-4.785,-116.988
 12:21:36.474,eb:33:2e:f9:57:b5, 2015-01-01 00:07:52.720,-0.035,-0.214,1.405,-130.005,-104.858,54.138, , , , , , ,0.764,-5.312,-116.724
 12:21:36.474,eb:33:2e:f9:57:b5, 2015-01-01 00:07:52.720,-0.038,-0.185,1.421,-130.981,-103.76,51.819, , , , , , ,0.082,-5.839,-116.466
 12:21:36.522,eb:33:2e:f9:57:b5, 2015-01-01 00:07:52.720,-0.032,-0.168,1.435,-131.348,-102.173,50.415, , , , , , ,-0.599,-6.35,-116.202
 12:21:36.522,eb:33:2e:f9:57:b5, 2015-01-01 00:07:52.720,-0.032,-0.154,1.453,-131.714,-99.243,48.462, , , , , , ,-1.285,-6.85,-115.95
 12:21:36.522,eb:33:2e:f9:57:b5, 2015-01-01 00:07:52.720,-0.043,-0.129,1.473,-131.958,-95.337,46.753, , , , , , ,-1.978,-7.328,-115.697
 12:21:36.522,eb:33:2e:f9:57:b5, 2015-01-01 00:07:52.720,-0.049,-0.107,1.472,-132.08,-91.187,44.983, , , , , , ,-2.675,-7.784,-115.444
 12:21:36.522,eb:33:2e:f9:57:b5, 2015-01-01 00:07:52.720,-0.053,-0.077,1.468,-132.324,-87.036,43.274, , , , , , ,-3.367,-8.218,-115.197
 12:21:36.522,eb:33:2e:f9:57:b5, 2015-01-01 00:07:52.720,-0.061,-0.054,1.448,-132.629,-83.435,41.87, , , , , , ,-4.07,-8.63,-114.955
 12:21:36.522,eb:33:2e:f9:57:b5, 2015-01-01 00:07:52.720,-0.06,-0.029,1.417,-132.874,-81.177,41.687, , , , , , ,-4.768,-9.02,-114.714
 12:21:36.522,eb:33:2e:f9:57:b5, 2015-01-01 00:07:52.720,-0.051,-0.001,1.398,-133.484,-78.613,41.321, , , , , , ,-5.477,-9.404,-114.467
 12:21:36.564,eb:33:2e:f9:57:b5, 2015-01-01 00:07:53.035,-0.038,0.027,1.385,-134.338,-75.195,40.71, , , , , , ,-6.191,-9.761,-114.219
 12:21:36.564,eb:33:2e:f9:57:b5, 2015-01-01 00:07:53.035,-0.029,0.057,1.377,-134.766,-71.167,40.344, , , , , , ,-6.905,-10.102,-113.972
 12:21:36.564,eb:33:2e:f9:57:b5, 2015-01-01 00:07:53.035,-0.013,0.097,1.36,-134.46,-67.444,39.856, , , , , , ,-7.625,-10.421,-113.725
 12:21:36.564,eb:33:2e:f9:57:b5, 2015-01-01 00:07:53.035,0,0.132,1.333,-133.301,-64.331,39.49, , , , , , ,-8.344,-10.717,-113.483
 12:21:36.564,eb:33:2e:f9:57:b5, 2015-01-01 00:07:53.035,0.009,0.169,1.309,-130.92,-60.974,38.33, , , , , , ,-9.047,-10.997,-113.236
 12:21:36.564,eb:33:2e:f9:57:b5, 2015-01-01 00:07:53.035,0.015,0.215,1.273,-127.686,-58.105,36.743, , , , , , ,-9.739,-11.261,-113
 12:21:36.564,eb:33:2e:f9:57:b5, 2015-01-01 00:07:53.035,0.021,0.261,1.23,-122.742,-57.922,34.607, , , , , , ,-10.41,-11.514,-112.769
 12:21:36.564,eb:33:2e:f9:57:b5, 2015-01-01 00:07:53.035,0.001,0.288,1.192,-117.004,-57.678,31.738, , , , , , ,-11.052,-11.766,-112.549
 12:21:36.610,eb:33:2e:f9:57:b5, 2015-01-01 00:07:53.035,-0.003,0.317,1.146,-110.535,-60.059,28.564, , , , , , ,-11.662,-12.03,-112.341
 12:21:36.610,eb:33:2e:f9:57:b5, 2015-01-01 00:07:53.035,-0.001,0.36,1.097,-104.919,-62.256,25.818, , , , , , ,-12.244,-12.305,-112.137
 12:21:36.610,eb:33:2e:f9:57:b5, 2015-01-01 00:07:53.035,0.007,0.374,1.085,-100.159,-63.11,23.499, , , , , , ,-12.794,-12.585,-111.945
 12:21:36.610,eb:33:2e:f9:57:b5, 2015-01-01 00:07:53.035,0.005,0.376,1.082,-95.764,-62.622,21.24, , , , , , ,-13.326,-12.865,-111.764
 12:21:36.610,eb:33:2e:f9:57:b5, 2015-01-01 00:07:53.035,-0.001,0.403,1.087,-91.248,-62.195,18.066, , , , , , ,-13.832,-13.145,-111.588
 12:21:36.610,eb:33:2e:f9:57:b5, 2015-01-01 00:07:53.035,-0.021,0.41,1.102,-87.158,-59.143,15.625, , , , , , ,-14.315,-13.42,-111.429
 12:21:36.610,eb:33:2e:f9:57:b5, 2015-01-01 00:07:53.035,-0.027,0.417,1.104,-82.703,-55.481,12.817, , , , , , ,-14.771,-13.678,-111.286
 12:21:36.610,eb:33:2e:f9:57:b5, 2015-01-01 00:07:53.035,-0.049,0.441,1.101,-78.308,-51.575,9.521, , , , , , ,-15.2,-13.92,-111.16
 12:21:36.655,eb:33:2e:f9:57:b5, 2015-01-01 00:07:53.035,-0.061,0.458,1.078,-72.998,-47.241,4.944, , , , , , ,-15.606,-14.15,-111.061
 12:21:36.655,eb:33:2e:f9:57:b5, 2015-01-01 00:07:53.035,-0.073,0.48,1.051,-69.397,-43.945,1.221, , , , , , ,-15.98,-14.365,-110.984
 12:21:36.655,eb:33:2e:f9:57:b5, 2015-01-01 00:07:53.035,-0.083,0.51,1.019,-66.711,-41.199,-2.563, , , , , , ,-16.331,-14.568,-110.923
 12:21:36.655,eb:33:2e:f9:57:b5, 2015-01-01 00:07:53.035,-0.09,0.537,0.999,-64.941,-39.001,-7.08, , , , , , ,-16.666,-14.766,-110.896
 12:21:36.655,eb:33:2e:f9:57:b5, 2015-01-01 00:07:53.035,-0.1,0.563,0.996,-63.904,-36.255,-11.658, , , , , , ,-16.99,-14.963,-110.885
 12:21:36.655,eb:33:2e:f9:57:b5, 2015-01-01 00:07:53.035,-0.108,0.587,1.008,-63.232,-32.898,-16.418, , , , , , ,-17.303,-15.15,-110.907
 12:21:36.655,eb:33:2e:f9:57:b5, 2015-01-01 00:07:53.035,-0.131,0.612,1.032,-63.354,-28.381,-21.179, , , , , , ,-17.611,-15.32,-110.951
 12:21:36.655,eb:33:2e:f9:57:b5, 2015-01-01 00:07:53.035,-0.155,0.633,1.055,-64.758,-22.766,-25.757, , , , , , ,-17.913,-15.48,-111.033
 12:21:36.678,eb:33:2e:f9:57:b5, 2015-01-01 00:07:53.035,-0.169,0.648,1.076,-67.261,-15.076,-30.151, , , , , , ,-18.215,-15.612,-111.143
 12:21:36.678,eb:33:2e:f9:57:b5, 2015-01-01 00:07:53.035,-0.177,0.656,1.092,-70.007,-5.432,-34.18, , , , , , ,-18.517,-15.71,-111.286
 12:21:36.678,eb:33:2e:f9:57:b5, 2015-01-01 00:07:53.035,-0.195,0.665,1.112,-71.228,5.31,-38.452, , , , , , ,-18.825,-15.765,-111.467
 12:21:36.678,eb:33:2e:f9:57:b5, 2015-01-01 00:07:53.035,-0.209,0.691,1.123,-69.946,15.808,-43.396, , , , , , ,-19.122,-15.776,-111.693
 12:21:36.678,eb:33:2e:f9:57:b5, 2015-01-01 00:07:53.035,-0.226,0.723,1.126,-66.345,25.818,-48.828, , , , , , ,-19.391,-15.754,-111.956
 12:21:36.678,eb:33:2e:f9:57:b5, 2015-01-01 00:07:53.035,-0.226,0.745,1.113,-60.608,35.034,-54.321, , , , , , ,-19.622,-15.688,-112.269
 12:21:36.678,eb:33:2e:f9:57:b5, 2015-01-01 00:07:53.035,-0.223,0.784,1.09,-53.345,42.419,-59.998, , , , , , ,-19.808,-15.601,-112.621
 12:21:36.678,eb:33:2e:f9:57:b5, 2015-01-01 00:07:53.035,-0.222,0.827,1.063,-45.227,47.913,-66.101, , , , , , ,-19.946,-15.496,-113.011
 12:21:36.723,eb:33:2e:f9:57:b5, 2015-01-01 00:07:53.035,-0.217,0.861,1.032,-36.56,51.453,-72.205, , , , , , ,-20.034,-15.381,-113.439
 12:21:36.723,eb:33:2e:f9:57:b5, 2015-01-01 00:07:53.035,-0.217,0.885,1.006,-27.771,53.772,-77.759, , , , , , ,-20.072,-15.26,-113.901
 12:21:36.723,eb:33:2e:f9:57:b5, 2015-01-01 00:07:53.035,-0.213,0.9,0.987,-18.738,54.626,-82.947, , , , , , ,-20.056,-15.145,-114.39
 12:21:36.723,eb:33:2e:f9:57:b5, 2015-01-01 00:07:53.035,-0.219,0.9,0.995,-9.644,55.054,-87.402, , , , , , ,-19.99,-15.035,-114.906
 12:21:36.723,eb:33:2e:f9:57:b5, 2015-01-01 00:07:53.035,-0.229,0.888,1.016,-0.488,55.847,-90.942, , , , , , ,-19.869,-14.925,-115.439
 12:21:36.723,eb:33:2e:f9:57:b5, 2015-01-01 00:07:53.035,-0.228,0.868,1.039,8.362,56.58,-93.567, , , , , , ,-19.704,-14.821,-115.988
 12:21:36.723,eb:33:2e:f9:57:b5, 2015-01-01 00:07:53.035,-0.239,0.849,1.098,16.541,59.021,-95.154, , , , , , ,-19.495,-14.705,-116.548
 12:21:36.723,eb:33:2e:f9:57:b5, 2015-01-01 00:07:53.035,-0.253,0.81,1.17,23.621,64.27,-95.764, , , , , , ,-19.248,-14.573,-117.12
 12:21:36.767,eb:33:2e:f9:57:b5, 2015-01-01 00:07:53.035,-0.259,0.765,1.224,29.114,72.083,-95.215, , , , , , ,-18.968,-14.403,-117.702
 12:21:36.767,eb:33:2e:f9:57:b5, 2015-01-01 00:07:53.035,-0.252,0.728,1.235,33.508,80.566,-93.75, , , , , , ,-18.66,-14.194,-118.295
 12:21:36.767,eb:33:2e:f9:57:b5, 2015-01-01 00:07:53.035,-0.236,0.695,1.208,37.048,88.135,-91.858, , , , , , ,-18.342,-13.936,-118.883
 12:21:36.767,eb:33:2e:f9:57:b5, 2015-01-01 00:07:53.035,0.512,0.654,1.171,40.588,94.177,-89.355, , , , , , ,-18.001,-13.64,-119.476
 12:21:36.767,eb:33:2e:f9:57:b5, 2015-01-01 00:07:53.035,1.465,-0.453,3.206,64.453,143.921,-115.234, , , , , , ,-17.589,-13.299,-120.152
 12:21:36.767,eb:33:2e:f9:57:b5, 2015-01-01 00:07:53.035,1.5,-3.056,2.924,59.204,214.417,-78.735, , , , , , ,-17.089,-12.415,-120.932
 12:21:36.767,eb:33:2e:f9:57:b5, 2015-01-01 00:07:53.035,0.986,-2.256,0.972,39.368,241.272,-62.683, , , , , , ,-16.732,-11.448,-121.58
 12:21:36.767,eb:33:2e:f9:57:b5, 2015-01-01 00:07:53.035,1.034,-1.726,0.682,56.396,212.158,-46.814, , , , , , ,-16.381,-10.443,-122.173
 12:21:36.813,eb:33:2e:f9:57:b5, 2015-01-01 00:07:53.035,0.617,-1.903,0.438,95.215,186.707,-30.212, , , , , , ,-15.914,-9.531,-122.64
 12:21:36.813,eb:33:2e:f9:57:b5, 2015-01-01 00:07:53.035,-0.17,-1.456,0.492,136.353,163.879,-8.911, , , , , , ,-15.255,-8.729,-122.953
 12:21:36.813,eb:33:2e:f9:57:b5, 2015-01-01 00:07:53.035,-0.142,-0.78,0.592,162.415,133.85,22.034, , , , , , ,-14.469,-8.004,-123.107
 12:21:36.813,eb:33:2e:f9:57:b5, 2015-01-01 00:07:53.035,-0.325,-0.529,0.696,171.021,119.507,42.908, , , , , , ,-13.629,-7.355,-123.091
 12:21:36.813,eb:33:2e:f9:57:b5, 2015-01-01 00:07:53.035,-0.358,-0.31,0.78,170.654,101.807,53.65, , , , , , ,-12.788,-6.768,-122.97
 12:21:36.813,eb:33:2e:f9:57:b5, 2015-01-01 00:07:53.035,-0.218,-0.197,0.912,162.354,79.224,55.969, , , , , , ,-11.975,-6.279,-122.789
 12:21:36.813,eb:33:2e:f9:57:b5, 2015-01-01 00:07:53.035,-0.237,0.091,1.232,144.409,65.125,50.964, , , , , , ,-11.234,-5.883,-122.596
 12:21:36.813,eb:33:2e:f9:57:b5, 2015-01-01 00:07:53.035,-0.325,0.32,1.274,122.803,57.129,42.053, , , , , , ,-10.596,-5.543,-122.426
 12:21:36.857,eb:33:2e:f9:57:b5, 2015-01-01 00:07:53.325,-0.338,0.41,1.206,103.027,52.979,26.55, , , , , , ,-10.052,-5.246,-122.311
 12:21:36.857,eb:33:2e:f9:57:b5, 2015-01-01 00:07:53.325,-0.275,0.298,1.077,91.064,48.584,10.376, , , , , , ,-9.586,-4.982,-122.267
 12:21:36.857,eb:33:2e:f9:57:b5, 2015-01-01 00:07:53.325,-0.196,0.129,0.984,85.205,42.48,-4.272, , , , , , ,-9.146,-4.763,-122.3
 12:21:36.857,eb:33:2e:f9:57:b5, 2015-01-01 00:07:53.325,-0.081,-0.005,0.939,82.275,33.142,-14.221, , , , , , ,-8.723,-4.587,-122.382
 12:21:36.857,eb:33:2e:f9:57:b5, 2015-01-01 00:07:53.325,0.027,-0.085,0.947,80.444,24.902,-17.822, , , , , , ,-8.311,-4.46,-122.487
 12:21:36.857,eb:33:2e:f9:57:b5, 2015-01-01 00:07:53.325,0.123,-0.156,0.96,80.2,20.508,-15.991, , , , , , ,-7.899,-4.367,-122.585
 12:21:36.857,eb:33:2e:f9:57:b5, 2015-01-01 00:07:53.325,0.181,-0.219,0.983,81.726,20.996,-10.986, , , , , , ,-7.493,-4.274,-122.662
 12:21:36.857,eb:33:2e:f9:57:b5, 2015-01-01 00:07:53.325,0.186,-0.248,0.997,84.473,24.719,-4.517, , , , , , ,-7.07,-4.164,-122.712
 12:21:36.881,eb:33:2e:f9:57:b5, 2015-01-01 00:07:53.325,0.161,-0.234,0.988,87.341,28.87,1.587, , , , , , ,-6.641,-4.026,-122.734
 12:21:36.881,eb:33:2e:f9:57:b5, 2015-01-01 00:07:53.325,0.126,-0.181,1.021,88.745,32.837,6.104, , , , , , ,-6.196,-3.873,-122.728
 12:21:36.881,eb:33:2e:f9:57:b5, 2015-01-01 00:07:53.325,0.084,-0.096,1.063,86.975,36.438,8.728, , , , , , ,-5.757,-3.697,-122.706
 12:21:36.881,eb:33:2e:f9:57:b5, 2015-01-01 00:07:53.325,0.038,0.012,1.078,82.458,38.818,8.789, , , , , , ,-5.339,-3.499,-122.679
 12:21:36.881,eb:33:2e:f9:57:b5, 2015-01-01 00:07:53.325,0,0.079,1.101,74.585,38.757,6.836, , , , , , ,-4.949,-3.307,-122.657
 12:21:36.881,eb:33:2e:f9:57:b5, 2015-01-01 00:07:53.325,-0.007,0.091,1.063,66.04,36.255,5.493, , , , , , ,-4.603,-3.115,-122.646
 12:21:36.881,eb:33:2e:f9:57:b5, 2015-01-01 00:07:53.325,-0.004,0.116,1.054,56.152,33.386,5.981, , , , , , ,-4.301,-2.944,-122.629
 12:21:36.881,eb:33:2e:f9:57:b5, 2015-01-01 00:07:53.325,0.029,0.07,1.021,47.424,30.945,7.935, , , , , , ,-4.054,-2.78,-122.602
 12:21:36.927,eb:33:2e:f9:57:b5, 2015-01-01 00:07:53.325,0.052,0.041,1.023,40.466,30.762,11.047, , , , , , ,-3.84,-2.626,-122.563
 12:21:36.927,eb:33:2e:f9:57:b5, 2015-01-01 00:07:53.325,0.053,0.017,1.033,34.973,32.166,14.343, , , , , , ,-3.658,-2.466,-122.509
 12:21:36.927,eb:33:2e:f9:57:b5, 2015-01-01 00:07:53.325,-0.02,0.01,1.024,30.823,33.325,16.418, , , , , , ,-3.499,-2.296,-122.443
 12:21:36.927,eb:33:2e:f9:57:b5, 2015-01-01 00:07:53.325,-0.128,0.182,0.99,21.24,31.372,14.954, , , , , , ,-3.373,-2.12,-122.371
 12:21:36.927,eb:33:2e:f9:57:b5, 2015-01-01 00:07:53.325,-0.076,0.213,0.886,11.475,16.357,10.01, , , , , , ,-3.296,-2.01,-122.316
 12:21:36.927,eb:33:2e:f9:57:b5, 2015-01-01 00:07:53.325,0.006,0.118,0.942,6.47,9.644,4.028, , , , , , ,-3.257,-1.95,-122.289
 12:21:36.927,eb:33:2e:f9:57:b5, 2015-01-01 00:07:53.325,0.099,-0.04,1.004,6.348,11.475,3.052, , , , , , ,-3.23,-1.901,-122.272
 12:21:36.927,eb:33:2e:f9:57:b5, 2015-01-01 00:07:53.325,0.075,-0.086,1.033,7.08,15.503,5.676, , , , , , ,-3.197,-1.829,-122.256
 12:21:36.972,eb:33:2e:f9:57:b5, 2015-01-01 00:07:53.325,0.011,-0.018,1.001,5.554,15.32,7.446, , , , , , ,-3.164,-1.747,-122.223
 12:21:36.972,eb:33:2e:f9:57:b5, 2015-01-01 00:07:53.325,-0.027,0.005,0.982,4.028,13.367,6.653, , , , , , ,-3.142,-1.675,-122.195
 12:21:36.972,eb:33:2e:f9:57:b5, 2015-01-01 00:07:53.325,-0.024,-0.019,0.977,3.662,11.841,4.822, , , , , , ,-3.126,-1.615,-122.168
 12:21:36.972,eb:33:2e:f9:57:b5, 2015-01-01 00:07:53.325,0.006,-0.034,0.976,3.967,9.46,2.747, , , , , , ,-3.109,-1.56,-122.151
 12:21:36.972,eb:33:2e:f9:57:b5, 2015-01-01 00:07:53.325,0.005,-0.05,0.999,4.578,8.118,2.136, , , , , , ,-3.087,-1.516,-122.146
 12:21:36.972,eb:33:2e:f9:57:b5, 2015-01-01 00:07:53.325,-0.005,-0.057,1.008,5.31,7.874,2.075, , , , , , ,-3.065,-1.478,-122.135
 12:21:36.972,eb:33:2e:f9:57:b5, 2015-01-01 00:07:53.325,-0.014,-0.059,1,5.92,7.019,1.953, , , , , , ,-3.032,-1.439,-122.124
 12:21:36.972,eb:33:2e:f9:57:b5, 2015-01-01 00:07:53.325,-0.011,-0.045,0.992,6.287,5.432,1.282, , , , , , ,-3.005,-1.412,-122.119
 12:21:37.014,eb:33:2e:f9:57:b5, 2015-01-01 00:07:53.325,0.002,-0.049,0.996,6.897,4.395,0.488, , , , , , ,-2.972,-1.384,-122.119
 12:21:37.014,eb:33:2e:f9:57:b5, 2015-01-01 00:07:53.325,0.013,-0.057,1.003,7.935,3.906,-0.061, , , , , , ,-2.933,-1.368,-122.119
 12:21:37.014,eb:33:2e:f9:57:b5, 2015-01-01 00:07:53.325,0.02,-0.05,1.003,8.423,3.479,-0.183, , , , , , ,-2.895,-1.346,-122.119
 12:21:37.014,eb:33:2e:f9:57:b5, 2015-01-01 00:07:53.325,0.017,-0.038,1.002,8.423,3.296,0, , , , , , ,-2.851,-1.335,-122.119
 12:21:37.014,eb:33:2e:f9:57:b5, 2015-01-01 00:07:53.325,0.015,-0.026,0.998,7.996,3.235,0.061, , , , , , ,-2.812,-1.318,-122.119
 12:21:37.014,eb:33:2e:f9:57:b5, 2015-01-01 00:07:53.325,0.021,-0.024,0.995,7.568,3.113,-0.061, , , , , , ,-2.774,-1.302,-122.119
 12:21:37.014,eb:33:2e:f9:57:b5, 2015-01-01 00:07:53.325,0.029,-0.024,0.997,7.324,2.991,-0.244, , , , , , ,-2.736,-1.285,-122.124
 12:21:37.014,eb:33:2e:f9:57:b5, 2015-01-01 00:07:53.325,0.026,-0.022,1,6.958,3.54,-0.549, , , , , , ,-2.703,-1.269,-122.124
 12:21:37.038,eb:33:2e:f9:57:b5, 2015-01-01 00:07:53.325,0.022,-0.021,0.998,6.409,3.906,-0.549, , , , , , ,-2.67,-1.252,-122.13
 12:21:37.038,eb:33:2e:f9:57:b5, 2015-01-01 00:07:53.325,0.023,-0.026,0.997,6.104,4.15,-0.488, , , , , , ,-2.637,-1.236,-122.13
 12:21:37.038,eb:33:2e:f9:57:b5, 2015-01-01 00:07:53.325,0.019,-0.025,1,5.737,4.7,-0.671, , , , , , ,-2.609,-1.214,-122.135
 12:21:37.038,eb:33:2e:f9:57:b5, 2015-01-01 00:07:53.325,0.018,-0.029,1,5.554,4.761,-0.671, , , , , , ,-2.576,-1.187,-122.141
 12:21:37.038,eb:33:2e:f9:57:b5, 2015-01-01 00:07:53.325,0.015,-0.029,1.001,5.432,4.944,-0.732, , , , , , ,-2.554,-1.165,-122.146
 12:21:37.038,eb:33:2e:f9:57:b5, 2015-01-01 00:07:53.325,0.014,-0.029,1,5.249,5.066,-0.61, , , , , , ,-2.527,-1.143,-122.146
 12:21:37.038,eb:33:2e:f9:57:b5, 2015-01-01 00:07:53.325,0.016,-0.028,1,5.005,5.127,-0.488, , , , , , ,-2.499,-1.115,-122.151
 12:21:37.040,eb:33:2e:f9:57:b5, 2015-01-01 00:07:53.325,0.014,-0.027,1,4.883,5.249,-0.61, , , , , , ,-2.477,-1.088,-122.157
 12:21:37.083,eb:33:2e:f9:57:b5, 2015-01-01 00:07:53.325,0.014,-0.025,0.996,4.761,5.31,-0.671, , , , , , ,-2.45,-1.066,-122.162
 12:21:37.083,eb:33:2e:f9:57:b5, 2015-01-01 00:07:53.325,0.012,-0.023,0.995,4.639,5.249,-0.916, , , , , , ,-2.428,-1.038,-122.168
 12:21:37.083,eb:33:2e:f9:57:b5, 2015-01-01 00:07:53.325,0.009,-0.026,0.997,4.639,5.31,-1.221, , , , , , ,-2.406,-1.011,-122.173
 12:21:37.083,eb:33:2e:f9:57:b5, 2015-01-01 00:07:53.325,0.004,-0.03,0.998,4.822,5.188,-1.648, , , , , , ,-2.384,-0.989,-122.179
 12:21:37.083,eb:33:2e:f9:57:b5, 2015-01-01 00:07:53.325,0.003,-0.034,1,5.188,4.822,-1.831, , , , , , ,-2.357,-0.961,-122.19
 12:21:37.083,eb:33:2e:f9:57:b5, 2015-01-01 00:07:53.325,0.002,-0.038,1.003,5.615,4.517,-2.075, , , , , , ,-2.329,-0.939,-122.201
 12:21:37.083,eb:33:2e:f9:57:b5, 2015-01-01 00:07:53.325,0.006,-0.038,1.002,5.92,4.028,-2.197, , , , , , ,-2.302,-0.923,-122.212
 12:21:37.083,eb:33:2e:f9:57:b5, 2015-01-01 00:07:53.325,0.016,-0.035,1.001,6.042,3.662,-2.136, , , , , , ,-2.274,-0.901,-122.223
 12:21:37.128,eb:33:2e:f9:57:b5, 2015-01-01 00:07:53.325,0.021,-0.028,1.002,5.981,3.662,-1.953, , , , , , ,-2.241,-0.884,-122.234
 12:21:37.128,eb:33:2e:f9:57:b5, 2015-01-01 00:07:53.325,0.013,-0.024,1.004,5.92,4.028,-2.014, , , , , , ,-2.214,-0.868,-122.245
 12:21:37.128,eb:33:2e:f9:57:b5, 2015-01-01 00:07:53.325,0.015,-0.027,1.001,5.981,4.089,-1.953, , , , , , ,-2.181,-0.846,-122.256
 12:21:37.128,eb:33:2e:f9:57:b5, 2015-01-01 00:07:53.325,0.019,-0.03,1.005,6.104,4.272,-1.77, , , , , , ,-2.153,-0.824,-122.267
 12:21:37.128,eb:33:2e:f9:57:b5, 2015-01-01 00:07:53.325,0.021,-0.029,1.008,6.165,4.517,-1.648, , , , , , ,-2.12,-0.807,-122.278
 12:21:37.128,eb:33:2e:f9:57:b5, 2015-01-01 00:07:53.325,0.022,-0.025,1.01,6.287,5.066,-1.404, , , , , , ,-2.093,-0.78,-122.283
 12:21:37.128,eb:33:2e:f9:57:b5, 2015-01-01 00:07:53.325,0.015,-0.024,1.01,6.409,5.798,-1.221, , , , , , ,-2.06,-0.753,-122.289
 12:21:37.128,eb:33:2e:f9:57:b5, 2015-01-01 00:07:53.325,0.016,-0.03,1.007,6.714,5.92,-1.038, , , , , , ,-2.027,-0.725,-122.3
 12:21:37.173,eb:33:2e:f9:57:b5, 2015-01-01 00:07:53.635,0.02,-0.022,1.005,6.775,6.226,-1.038, , , , , , ,-1.994,-0.698,-122.305
 12:21:37.173,eb:33:2e:f9:57:b5, 2015-01-01 00:07:53.635,0.01,-0.017,1.003,6.714,6.775,-1.099, , , , , , ,-1.961,-0.665,-122.311
 12:21:37.173,eb:33:2e:f9:57:b5, 2015-01-01 00:07:53.635,0.01,-0.022,0.999,6.775,6.958,-1.099, , , , , , ,-1.928,-0.632,-122.316
 12:21:37.173,eb:33:2e:f9:57:b5, 2015-01-01 00:07:53.635,0.007,-0.015,0.995,6.287,7.568,-0.793, , , , , , ,-1.895,-0.593,-122.322
 12:21:37.173,eb:33:2e:f9:57:b5, 2015-01-01 00:07:53.635,0.011,-0.02,1,6.287,7.507,-0.549, , , , , , ,-1.862,-0.555,-122.327
 12:21:37.173,eb:33:2e:f9:57:b5, 2015-01-01 00:07:53.635,0.014,-0.024,1.003,6.47,7.629,-0.549, , , , , , ,-1.829,-0.522,-122.333
 12:21:37.173,eb:33:2e:f9:57:b5, 2015-01-01 00:07:53.635,-0.001,-0.019,1.007,6.531,8.24,-0.671, , , , , , ,-1.802,-0.483,-122.333
 12:21:37.173,eb:33:2e:f9:57:b5, 2015-01-01 00:07:53.635,0.019,-0.019,0.996,6.348,8.606,-0.305, , , , , , ,-1.769,-0.439,-122.338
 12:21:37.239,eb:33:2e:f9:57:b5, 2015-01-01 00:07:53.635,0.002,-0.015,1.006,6.348,9.521,-0.854, , , , , , ,-1.736,-0.396,-122.344
 12:21:37.239,eb:33:2e:f9:57:b5, 2015-01-01 00:07:53.635,0.029,-0.014,0.997,6.165,9.888,-0.488, , , , , , ,-1.708,-0.346,-122.349
 12:21:37.239,eb:33:2e:f9:57:b5, 2015-01-01 00:07:53.635,0.007,-0.014,1.019,6.47,10.62,-0.61, , , , , , ,-1.675,-0.297,-122.355
 12:21:37.239,eb:33:2e:f9:57:b5, 2015-01-01 00:07:53.635,0.001,-0.015,1.009,6.592,11.047,-0.793, , , , , , ,-1.642,-0.242,-122.36
 12:21:37.239,eb:33:2e:f9:57:b5, 2015-01-01 00:07:53.635,-0.003,-0.014,1.008,6.897,11.353,-0.977, , , , , , ,-1.609,-0.187,-122.366
 12:21:37.239,eb:33:2e:f9:57:b5, 2015-01-01 00:07:53.635,0.002,-0.008,0.995,6.653,11.78,-1.16, , , , , , ,-1.577,-0.126,-122.371
 12:21:37.239,eb:33:2e:f9:57:b5, 2015-01-01 00:07:53.635,0.008,-0.008,0.999,6.348,12.451,-0.916, , , , , , ,-1.544,-0.066,-122.377
 12:21:37.239,eb:33:2e:f9:57:b5, 2015-01-01 00:07:53.635,-0.004,-0.006,0.999,6.226,12.573,-1.343, , , , , , ,-1.511,-0.005,-122.388
 12:21:37.242,eb:33:2e:f9:57:b5, 2015-01-01 00:07:53.635,0,-0.01,0.991,6.042,12.268,-1.465, , , , , , ,-1.483,0.049,-122.393
 12:21:37.242,eb:33:2e:f9:57:b5, 2015-01-01 00:07:53.635,0.002,-0.005,0.992,5.981,12.146,-1.648, , , , , , ,-1.45,0.11,-122.404
 12:21:37.242,eb:33:2e:f9:57:b5, 2015-01-01 00:07:53.635,0.009,0.008,0.978,5.798,11.414,-2.136, , , , , , ,-1.423,0.165,-122.415
 12:21:37.242,eb:33:2e:f9:57:b5, 2015-01-01 00:07:53.635,0.011,0.008,0.993,5.737,11.047,-2.686, , , , , , ,-1.395,0.22,-122.432
 12:21:37.242,eb:33:2e:f9:57:b5, 2015-01-01 00:07:53.635,0.025,0.011,0.984,5.249,10.986,-3.113, , , , , , ,-1.368,0.275,-122.443
 12:21:37.242,eb:33:2e:f9:57:b5, 2015-01-01 00:07:53.635,0.02,0.02,0.997,5.127,11.23,-4.333, , , , , , ,-1.34,0.33,-122.465
 12:21:37.242,eb:33:2e:f9:57:b5, 2015-01-01 00:07:53.635,0.018,0.015,0.99,5.005,11.475,-5.188, , , , , , ,-1.318,0.385,-122.492
 12:21:37.242,eb:33:2e:f9:57:b5, 2015-01-01 00:07:53.635,0.013,0.014,1.002,4.639,12.512,-5.92, , , , , , ,-1.291,0.445,-122.52
 12:21:37.284,eb:33:2e:f9:57:b5, 2015-01-01 00:07:53.635,0.012,0.006,1.011,4.7,13.123,-6.409, , , , , , ,-1.269,0.511,-122.552
 12:21:37.284,eb:33:2e:f9:57:b5, 2015-01-01 00:07:53.635,0.025,-0.005,1.031,5.127,13.794,-7.263, , , , , , ,-1.247,0.577,-122.591
 12:21:37.284,eb:33:2e:f9:57:b5, 2015-01-01 00:07:53.635,-0.009,0.017,1.006,5.188,14.465,-8.057, , , , , , ,-1.219,0.643,-122.629
 12:21:37.284,eb:33:2e:f9:57:b5, 2015-01-01 00:07:53.635,0.01,-0.013,1.029,5.92,14.648,-8.423, , , , , , ,-1.192,0.714,-122.673
 12:21:37.284,eb:33:2e:f9:57:b5, 2015-01-01 00:07:53.635,0.003,0.003,1.026,7.629,13.428,-9.399, , , , , , ,-1.159,0.786,-122.717
 12:21:37.284,eb:33:2e:f9:57:b5, 2015-01-01 00:07:53.635,-0.035,-0.021,1.071,10.132,13.245,-10.071, , , , , , ,-1.115,0.851,-122.767
 12:21:37.284,eb:33:2e:f9:57:b5, 2015-01-01 00:07:53.635,-0.033,-0.047,1.066,12.939,12.329,-9.888, , , , , , ,-1.06,0.912,-122.822
 12:21:37.284,eb:33:2e:f9:57:b5, 2015-01-01 00:07:53.635,-0.05,-0.014,1.002,14.404,10.376,-10.071, , , , , , ,-0.989,0.967,-122.871
 12:21:37.331,eb:33:2e:f9:57:b5, 2015-01-01 00:07:53.635,-0.064,-0.04,1.045,15.869,9.644,-9.583, , , , , , ,-0.917,1.016,-122.921
 12:21:37.331,eb:33:2e:f9:57:b5, 2015-01-01 00:07:53.635,-0.067,-0.03,1.007,16.846,8.301,-9.094, , , , , , ,-0.835,1.06,-122.97
 12:21:37.331,eb:33:2e:f9:57:b5, 2015-01-01 00:07:53.635,-0.089,-0.036,1.024,18.127,6.958,-8.423, , , , , , ,-0.747,1.093,-123.008
 12:21:37.331,eb:33:2e:f9:57:b5, 2015-01-01 00:07:53.635,-0.08,-0.068,1.062,19.897,6.592,-7.202, , , , , , ,-0.654,1.126,-123.047
 12:21:37.331,eb:33:2e:f9:57:b5, 2015-01-01 00:07:53.635,-0.055,-0.057,1.066,22.339,5.31,-6.592, , , , , , ,-0.549,1.154,-123.085
 12:21:37.331,eb:33:2e:f9:57:b5, 2015-01-01 00:07:53.635,-0.051,-0.052,1.08,24.78,4.517,-6.042, , , , , , ,-0.428,1.181,-123.118
 12:21:37.331,eb:33:2e:f9:57:b5, 2015-01-01 00:07:53.635,-0.032,-0.04,1.069,26.794,4.333,-5.31, , , , , , ,-0.302,1.203,-123.146
 12:21:37.331,eb:33:2e:f9:57:b5, 2015-01-01 00:07:53.635,-0.028,-0.035,1.095,28.748,4.639,-4.944, , , , , , ,-0.159,1.225,-123.168
 12:21:37.375,eb:33:2e:f9:57:b5, 2015-01-01 00:07:53.635,-0.015,-0.04,1.127,31.921,4.639,-5.066, , , , , , ,-0.011,1.247,-123.195
 12:21:37.375,eb:33:2e:f9:57:b5, 2015-01-01 00:07:53.635,-0.004,-0.033,1.137,35.522,4.761,-5.188, , , , , , ,0.154,1.269,-123.217
 12:21:37.375,eb:33:2e:f9:57:b5, 2015-01-01 00:07:53.635,-0.005,-0.029,1.147,39.246,5.188,-5.92, , , , , , ,0.341,1.291,-123.245
 12:21:37.375,eb:33:2e:f9:57:b5, 2015-01-01 00:07:53.635,-0.01,-0.04,1.172,43.823,5.493,-6.592, , , , , , ,0.549,1.318,-123.278
 12:21:37.375,eb:33:2e:f9:57:b5, 2015-01-01 00:07:53.635,0.019,-0.039,1.167,48.34,5.432,-7.324, , , , , , ,0.78,1.346,-123.311
 12:21:37.375,eb:33:2e:f9:57:b5, 2015-01-01 00:07:53.635,-0.01,-0.035,1.216,52.429,6.958,-7.385, , , , , , ,1.033,1.379,-123.349
 12:21:37.375,eb:33:2e:f9:57:b5, 2015-01-01 00:07:53.635,0.009,-0.043,1.221,56.274,8.24,-7.263, , , , , , ,1.307,1.417,-123.382
 12:21:37.375,eb:33:2e:f9:57:b5, 2015-01-01 00:07:53.635,0.011,-0.044,1.287,61.707,9.583,-7.385, , , , , , ,1.604,1.467,-123.42
 12:21:37.423,eb:33:2e:f9:57:b5, 2015-01-01 00:07:53.635,0.023,-0.058,1.319,68.115,10.254,-7.996, , , , , , ,1.928,1.516,-123.459
 12:21:37.423,eb:33:2e:f9:57:b5, 2015-01-01 00:07:53.635,0.014,-0.073,1.399,75.623,12.329,-8.606, , , , , , ,2.291,1.571,-123.497
 12:21:37.423,eb:33:2e:f9:57:b5, 2015-01-01 00:07:53.635,0.02,-0.067,1.405,82.703,14.709,-8.911, , , , , , ,2.692,1.642,-123.536
 12:21:37.423,eb:33:2e:f9:57:b5, 2015-01-01 00:07:53.635,0.01,-0.058,1.375,89.355,16.785,-9.766, , , , , , ,3.12,1.725,-123.58
 12:21:37.423,eb:33:2e:f9:57:b5, 2015-01-01 00:07:53.635,-0.02,-0.09,1.412,96.008,20.447,-10.376, , , , , , ,3.587,1.818,-123.624
 12:21:37.423,eb:33:2e:f9:57:b5, 2015-01-01 00:07:53.635,-0.002,-0.12,1.455,103.882,24.414,-9.888, , , , , , ,4.087,1.939,-123.668
 12:21:37.423,eb:33:2e:f9:57:b5, 2015-01-01 00:07:53.635,-0.014,-0.08,1.411,112.671,26.428,-10.742, , , , , , ,4.631,2.071,-123.712
 12:21:37.424,eb:33:2e:f9:57:b5, 2015-01-01 00:07:53.635,-0.006,-0.069,1.365,121.704,26.611,-11.841, , , , , , ,5.219,2.208,-123.755
 12:21:37.442,eb:33:2e:f9:57:b5, 2015-01-01 00:07:53.925,-0.011,-0.083,1.392,130.676,27.893,-12.207, , , , , , ,5.856,2.351,-123.799
 12:21:37.442,eb:33:2e:f9:57:b5, 2015-01-01 00:07:53.925,0.009,-0.084,1.41,140.015,28.87,-12.024, , , , , , ,6.531,2.499,-123.849
 12:21:37.442,eb:33:2e:f9:57:b5, 2015-01-01 00:07:53.925,0.018,-0.039,1.408,149.292,28.931,-12.39, , , , , , ,7.256,2.648,-123.887
 12:21:37.442,eb:33:2e:f9:57:b5, 2015-01-01 00:07:53.925,0.002,-0.034,1.43,159.119,29.419,-13.428, , , , , , ,8.031,2.802,-123.937
 12:21:37.442,eb:33:2e:f9:57:b5, 2015-01-01 00:07:53.925,-0.027,-0.09,1.474,169.006,31.372,-13.306, , , , , , ,8.855,2.961,-123.981
 12:21:37.442,eb:33:2e:f9:57:b5, 2015-01-01 00:07:53.925,0.015,-0.107,1.502,178.711,32.471,-12.39, , , , , , ,9.728,3.131,-124.019
 12:21:37.442,eb:33:2e:f9:57:b5, 2015-01-01 00:07:53.925,0.001,-0.111,1.646,188.965,35.645,-11.719, , , , , , ,10.646,3.307,-124.047
 12:21:37.442,eb:33:2e:f9:57:b5, 2015-01-01 00:07:53.925,0.003,-0.153,1.67,201.416,36.682,-11.658, , , , , , ,11.629,3.499,-124.069
 12:21:37.488,eb:33:2e:f9:57:b5, 2015-01-01 00:07:53.925,0.063,-0.181,1.806,214.539,40.1,-10.925, , , , , , ,12.673,3.697,-124.08
 12:21:37.488,eb:33:2e:f9:57:b5, 2015-01-01 00:07:53.925,0.086,-0.158,1.922,233.765,45.654,-12.024, , , , , , ,13.799,3.922,-124.091
 12:21:37.488,eb:33:2e:f9:57:b5, 2015-01-01 00:07:53.925,0.13,-0.144,1.905,249.634,49.255,-14.221, , , , , , ,15.013,4.169,-124.096
 12:21:37.488,eb:33:2e:f9:57:b5, 2015-01-01 00:07:53.925,0.181,-0.166,1.987,263.489,57.068,-14.893, , , , , , ,16.304,4.444,-124.091
 12:21:37.488,eb:33:2e:f9:57:b5, 2015-01-01 00:07:53.925,0.315,-0.227,2.111,277.466,67.383,-15.808, , , , , , ,17.666,4.768,-124.074
 12:21:37.488,eb:33:2e:f9:57:b5, 2015-01-01 00:07:53.925,0.376,-0.132,2.275,291.016,80.322,-18.616, , , , , , ,19.094,5.147,-124.036
 12:21:37.488,eb:33:2e:f9:57:b5, 2015-01-01 00:07:53.925,0.469,-0.14,2.452,306.885,99.67,-21.912, , , , , , ,20.599,5.614,-123.975
 12:21:37.488,eb:33:2e:f9:57:b5, 2015-01-01 00:07:53.925,0.525,-0.07,2.39,322.693,113.342,-26.611, , , , , , ,22.192,6.163,-123.893
 12:21:37.532,eb:33:2e:f9:57:b5, 2015-01-01 00:07:53.925,0.599,-0.018,2.485,340.027,125.549,-32.959, , , , , , ,23.862,6.779,-123.794
 12:21:37.532,eb:33:2e:f9:57:b5, 2015-01-01 00:07:53.925,0.611,0.092,2.546,360.779,139.709,-40.771, , , , , , ,25.642,7.465,-123.684
 12:21:37.532,eb:33:2e:f9:57:b5, 2015-01-01 00:07:53.925,0.615,0.118,2.377,374.695,148.376,-47.241, , , , , , ,27.51,8.212,-123.558
 12:21:37.532,eb:33:2e:f9:57:b5, 2015-01-01 00:07:53.925,0.72,0.131,2.446,381.287,147.522,-50.293, , , , , , ,29.416,8.987,-123.415
 12:21:37.532,eb:33:2e:f9:57:b5, 2015-01-01 00:07:53.925,0.837,0.376,2.49,393.799,133.728,-61.89, , , , , , ,31.377,9.728,-123.311
 12:21:37.532,eb:33:2e:f9:57:b5, 2015-01-01 00:07:53.925,0.801,0.56,2.822,406.799,137.756,-70.923, , , , , , ,33.398,10.475,-123.228
 12:21:37.532,eb:33:2e:f9:57:b5, 2015-01-01 00:07:53.925,0.401,0.271,2.959,392.578,165.405,-78.247, , , , , , ,35.425,11.31,-123.124
 12:21:37.533,eb:33:2e:f9:57:b5, 2015-01-01 00:07:53.925,0.395,-0.268,3.249,373.23,197.388,-71.411, , , , , , ,37.375,12.277,-122.855
 12:21:37.578,eb:33:2e:f9:57:b5, 2015-01-01 00:07:53.925,0.683,-0.064,3.338,380.371,206.421,-73.914, , , , , , ,39.331,13.304,-122.503
 12:21:37.578,eb:33:2e:f9:57:b5, 2015-01-01 00:07:53.925,0.733,-0.135,2.641,394.836,197.693,-78.064, , , , , , ,41.369,14.326,-122.124
 12:21:37.578,eb:33:2e:f9:57:b5, 2015-01-01 00:07:53.925,1.013,0.167,1.958,410.583,161.011,-88.44, , , , , , ,43.467,15.266,-121.822
 12:21:37.578,eb:33:2e:f9:57:b5, 2015-01-01 00:07:53.925,1.173,0.041,1.684,416.748,120.422,-102.905, , , , , , ,45.577,16.084,-121.696
 12:21:37.578,eb:33:2e:f9:57:b5, 2015-01-01 00:07:53.925,1.122,-0.422,1.957,409.851,112.427,-111.45, , , , , , ,47.648,16.864,-121.652
 12:21:37.578,eb:33:2e:f9:57:b5, 2015-01-01 00:07:53.925,1.268,-0.647,2.237,417.114,117.31,-125.732, , , , , , ,49.724,17.693,-121.613
 12:21:37.578,eb:33:2e:f9:57:b5, 2015-01-01 00:07:53.925,1.657,-1.083,2.441,447.571,125.671,-150.146, , , , , , ,51.905,18.611,-121.58
 12:21:37.578,eb:33:2e:f9:57:b5, 2015-01-01 00:07:53.925,1.777,-1.138,2.705,483.765,164.978,-182.19, , , , , , ,54.267,19.726,-121.503
 12:21:37.624,eb:33:2e:f9:57:b5, 2015-01-01 00:07:53.925,1.401,-1.294,2.588,525.391,214.294,-213.074, , , , , , ,56.898,21.116,-121.245
 12:21:37.624,eb:33:2e:f9:57:b5, 2015-01-01 00:07:53.925,0.95,-1.056,1.365,524.902,240.112,-227.417, , , , , , ,59.716,22.665,-120.817
 12:21:37.624,eb:33:2e:f9:57:b5, 2015-01-01 00:07:53.925,0.581,-0.684,0.242,471.802,238.464,-230.286, , , , , , ,62.413,24.252,-120.267
 12:21:37.624,eb:33:2e:f9:57:b5, 2015-01-01 00:07:53.925,-0.398,-0.302,-0.978,372.864,218.323,-220.764, , , , , , ,64.731,25.768,-119.702
 12:21:37.624,eb:33:2e:f9:57:b5, 2015-01-01 00:07:53.925,-0.536,-0.437,-2.78,231.506,147.4,-189.88, , , , , , ,66.374,27.065,-119.262
 12:21:37.624,eb:33:2e:f9:57:b5, 2015-01-01 00:07:53.925,-0.237,-0.914,-2.588,87.769,83.557,-148.499, , , , , , ,67.181,28.037,-119.075
 12:21:37.624,eb:33:2e:f9:57:b5, 2015-01-01 00:07:53.925,0.152,-1.098,-1.578,-36.438,39.856,-109.314, , , , , , ,67.247,28.718,-119.059
 12:21:37.624,eb:33:2e:f9:57:b5, 2015-01-01 00:07:53.925,0.257,-1.188,-0.47,-130.371,12.085,-75.134, , , , , , ,66.725,29.163,-119.141
 12:21:37.645,eb:33:2e:f9:57:b5, 2015-01-01 00:07:53.925,0.275,-1.193,0.178,-192.139,-7.08,-48.096, , , , , , ,65.808,29.432,-119.279
 12:21:37.645,eb:33:2e:f9:57:b5, 2015-01-01 00:07:53.925,0.394,-1.151,0.549,-225.403,-17.334,-27.344, , , , , , ,64.66,29.564,-119.438
 12:21:37.645,eb:33:2e:f9:57:b5, 2015-01-01 00:07:53.925,0.51,-1.081,0.885,-238.037,-15.808,-11.841, , , , , , ,63.419,29.603,-119.575
 12:21:37.645,eb:33:2e:f9:57:b5, 2015-01-01 00:07:53.925,0.538,-0.916,1.107,-236.267,-3.052,1.526, , , , , , ,62.188,29.597,-119.636
 12:21:37.645,eb:33:2e:f9:57:b5, 2015-01-01 00:07:53.925,0.488,-0.731,1.109,-226.013,9.46,6.775, , , , , , ,61.057,29.586,-119.603
 12:21:37.645,eb:33:2e:f9:57:b5, 2015-01-01 00:07:53.925,0.42,-0.519,0.884,-214.111,16.418,9.338, , , , , , ,60.007,29.581,-119.509
 12:21:37.645,eb:33:2e:f9:57:b5, 2015-01-01 00:07:53.925,0.344,-0.371,0.58,-203.247,15.442,11.353, , , , , , ,59.024,29.575,-119.394
 12:21:37.646,eb:33:2e:f9:57:b5, 2015-01-01 00:07:53.925,0.311,-0.319,0.294,-194.031,6.531,13.306, , , , , , ,58.068,29.548,-119.312
 12:21:37.690,eb:33:2e:f9:57:b5, 2015-01-01 00:07:53.925,0.316,-0.321,0.077,-187.378,-8.24,15.137, , , , , , ,57.14,29.482,-119.279
 12:21:37.690,eb:33:2e:f9:57:b5, 2015-01-01 00:07:53.925,0.338,-0.33,-0.079,-183.96,-27.588,16.785, , , , , , ,56.19,29.355,-119.323
 12:21:37.690,eb:33:2e:f9:57:b5, 2015-01-01 00:07:53.925,0.34,-0.333,-0.172,-184.204,-49.194,18.25, , , , , , ,55.206,29.169,-119.454
 12:21:37.690,eb:33:2e:f9:57:b5, 2015-01-01 00:07:53.925,0.341,-0.349,-0.214,-187.683,-70.923,20.02, , , , , , ,54.152,28.905,-119.691
 12:21:37.690,eb:33:2e:f9:57:b5, 2015-01-01 00:07:53.925,0.36,-0.376,-0.192,-193.237,-91.064,21.973, , , , , , ,53.047,28.575,-119.998
 12:21:37.690,eb:33:2e:f9:57:b5, 2015-01-01 00:07:53.925,0.387,-0.396,-0.117,-200.134,-108.154,23.987, , , , , , ,51.883,28.169,-120.377
 12:21:37.690,eb:33:2e:f9:57:b5, 2015-01-01 00:07:53.925,0.402,-0.406,-0.024,-207.642,-122.131,25.818, , , , , , ,50.658,27.708,-120.806
 12:21:37.690,eb:33:2e:f9:57:b5, 2015-01-01 00:07:53.925,0.43,-0.415,0.067,-214.783,-134.155,26.978, , , , , , ,49.373,27.186,-121.278
 12:21:37.735,eb:33:2e:f9:57:b5, 2015-01-01 00:07:53.925,0.453,-0.409,0.183,-221.802,-142.334,27.588, , , , , , ,48.06,26.62,-121.761
 12:21:37.735,eb:33:2e:f9:57:b5, 2015-01-01 00:07:53.925,0.463,-0.379,0.289,-228.699,-148.499,27.771, , , , , , ,46.708,26.021,-122.256
 12:21:37.735,eb:33:2e:f9:57:b5, 2015-01-01 00:07:53.925,0.474,-0.352,0.375,-236.023,-153.259,27.466, , , , , , ,45.324,25.395,-122.756
 12:21:37.735,eb:33:2e:f9:57:b5, 2015-01-01 00:07:53.925,0.498,-0.316,0.451,-244.263,-157.41,26.367, , , , , , ,43.901,24.741,-123.261
 12:21:37.735,eb:33:2e:f9:57:b5, 2015-01-01 00:07:53.925,0.516,-0.286,0.532,-253.418,-160.645,24.78, , , , , , ,42.446,24.071,-123.761
 12:21:37.735,eb:33:2e:f9:57:b5, 2015-01-01 00:07:53.925,0.512,-0.253,0.603,-263.184,-162.231,22.644, , , , , , ,40.952,23.39,-124.25
 12:21:37.735,eb:33:2e:f9:57:b5, 2015-01-01 00:07:53.925,0.533,-0.224,0.658,-272.522,-164.246,20.203, , , , , , ,39.413,22.698,-124.739
 12:21:37.736,eb:33:2e:f9:57:b5, 2015-01-01 00:07:53.925,0.542,-0.193,0.739,-281.128,-164.917,17.517, , , , , , ,37.837,21.989,-125.222
 12:21:37.780,eb:33:2e:f9:57:b5, 2015-01-01 00:07:54.240,0.542,-0.169,0.827,-287.476,-165.405,14.221, , , , , , ,36.238,21.281,-125.689
 12:21:37.780,eb:33:2e:f9:57:b5, 2015-01-01 00:07:54.240,0.532,-0.137,0.906,-291.443,-166.016,10.498, , , , , , ,34.618,20.572,-126.156
 12:21:37.780,eb:33:2e:f9:57:b5, 2015-01-01 00:07:54.240,0.512,-0.094,0.973,-293.518,-167.053,7.019, , , , , , ,32.997,19.852,-126.612
 12:21:37.780,eb:33:2e:f9:57:b5, 2015-01-01 00:07:54.240,0.489,-0.054,1.026,-293.335,-169.739,3.113, , , , , , ,31.366,19.122,-127.073
 12:21:37.780,eb:33:2e:f9:57:b5, 2015-01-01 00:07:54.240,0.455,-0.016,1.066,-291.504,-174.194,-0.488, , , , , , ,29.756,18.375,-127.529
 12:21:37.780,eb:33:2e:f9:57:b5, 2015-01-01 00:07:54.240,0.413,0.03,1.092,-288.574,-181.274,-3.784, , , , , , ,28.163,17.6,-127.996
 12:21:37.781,eb:33:2e:f9:57:b5, 2015-01-01 00:07:54.240,0.359,0.067,1.116,-285.095,-190.247,-6.47, , , , , , ,26.587,16.787,-128.469
 12:21:37.781,eb:33:2e:f9:57:b5, 2015-01-01 00:07:54.240,0.309,0.089,1.148,-281.555,-200.317,-7.996, , , , , , ,25.027,15.908,-128.958
 12:21:37.802,eb:33:2e:f9:57:b5, 2015-01-01 00:07:54.240,0.265,0.088,1.2,-278.259,-210.449,-7.69, , , , , , ,23.505,14.985,-129.435
 12:21:37.802,eb:33:2e:f9:57:b5, 2015-01-01 00:07:54.240,0.229,0.058,1.288,-275.391,-218.811,-5.249, , , , , , ,22.006,14.002,-129.897
 12:21:37.802,eb:33:2e:f9:57:b5, 2015-01-01 00:07:54.240,0.193,0.008,1.397,-272.949,-224.121,-0.366, , , , , , ,20.533,12.969,-130.325
 12:21:37.802,eb:33:2e:f9:57:b5, 2015-01-01 00:07:54.240,0.155,-0.048,1.515,-270.752,-225.769,6.775, , , , , , ,19.083,11.893,-130.704
 12:21:37.802,eb:33:2e:f9:57:b5, 2015-01-01 00:07:54.240,0.104,-0.092,1.618,-268.677,-224.304,15.869, , , , , , ,17.677,10.805,-131.006
 12:21:37.802,eb:33:2e:f9:57:b5, 2015-01-01 00:07:54.240,0.061,-0.124,1.701,-266.052,-220.093,28.931, , , , , , ,16.304,9.706,-131.221
 12:21:37.802,eb:33:2e:f9:57:b5, 2015-01-01 00:07:54.240,0.032,-0.135,1.736,-263.672,-216.003,40.833, , , , , , ,14.958,8.613,-131.347
 12:21:37.802,eb:33:2e:f9:57:b5, 2015-01-01 00:07:54.240,0.009,-0.138,1.772,-260.803,-212.036,53.406, , , , , , ,13.634,7.504,-131.38
 12:21:37.847,eb:33:2e:f9:57:b5, 2015-01-01 00:07:54.240,-0.005,-0.137,1.807,-257.874,-208.618,66.223, , , , , , ,12.343,6.416,-131.32
 12:21:37.847,eb:33:2e:f9:57:b5, 2015-01-01 00:07:54.240,-0.02,-0.133,1.827,-255.127,-205.566,78.979, , , , , , ,11.08,5.328,-131.166
 12:21:37.847,eb:33:2e:f9:57:b5, 2015-01-01 00:07:54.240,-0.003,-0.132,1.822,-252.625,-204.102,91.675, , , , , , ,9.827,4.241,-130.924
 12:21:37.847,eb:33:2e:f9:57:b5, 2015-01-01 00:07:54.240,0.01,-0.13,1.835,-250.427,-203.918,103.699, , , , , , ,8.58,3.142,-130.6
 12:21:37.847,eb:33:2e:f9:57:b5, 2015-01-01 00:07:54.240,0.024,-0.11,1.843,-248.718,-204.895,114.868, , , , , , ,7.35,2.054,-130.199
 12:21:37.847,eb:33:2e:f9:57:b5, 2015-01-01 00:07:54.240,0.041,-0.083,1.84,-247.62,-207.52,124.817, , , , , , ,6.125,0.961,-129.716
 12:21:37.847,eb:33:2e:f9:57:b5, 2015-01-01 00:07:54.240,0.065,-0.042,1.844,-247.498,-211.365,132.751, , , , , , ,4.889,-0.143,-129.172
 12:21:37.847,eb:33:2e:f9:57:b5, 2015-01-01 00:07:54.240,0.108,0.01,1.865,-247.681,-216.614,138.611, , , , , , ,3.631,-1.274,-128.573
 12:21:37.892,eb:33:2e:f9:57:b5, 2015-01-01 00:07:54.240,0.156,0.077,1.896,-248.84,-220.886,142.09, , , , , , ,2.368,-2.406,-127.925
 12:21:37.892,eb:33:2e:f9:57:b5, 2015-01-01 00:07:54.240,0.203,0.144,1.954,-250.671,-223.145,143.982, , , , , , ,1.082,-3.538,-127.244
 12:21:37.892,eb:33:2e:f9:57:b5, 2015-01-01 00:07:54.240,0.231,0.232,2.049,-252.563,-222.717,143.372, , , , , , ,-0.22,-4.658,-126.53
 12:21:37.892,eb:33:2e:f9:57:b5, 2015-01-01 00:07:54.240,0.244,0.338,2.14,-253.723,-219.788,140.503, , , , , , ,-1.566,-5.762,-125.804
 12:21:37.892,eb:33:2e:f9:57:b5, 2015-01-01 00:07:54.240,0.247,0.456,2.219,-253.845,-215.088,135.132, , , , , , ,-2.917,-6.823,-125.068
 12:21:37.892,eb:33:2e:f9:57:b5, 2015-01-01 00:07:54.240,0.244,0.584,2.269,-252.686,-208.618,127.563, , , , , , ,-4.279,-7.839,-124.343
 12:21:37.892,eb:33:2e:f9:57:b5, 2015-01-01 00:07:54.240,0.231,0.73,2.28,-250.244,-201.416,117.798, , , , , , ,-5.636,-8.806,-123.64
 12:21:37.892,eb:33:2e:f9:57:b5, 2015-01-01 00:07:54.240,0.187,0.882,2.251,-246.582,-194.58,105.835, , , , , , ,-6.998,-9.734,-122.975
 12:21:37.960,eb:33:2e:f9:57:b5, 2015-01-01 00:07:54.240,0.118,1.037,2.193,-241.089,-189.88,91.919, , , , , , ,-8.328,-10.618,-122.355
 12:21:37.960,eb:33:2e:f9:57:b5, 2015-01-01 00:07:54.240,0.03,1.213,2.119,-232.544,-188.171,75.439, , , , , , ,-9.619,-11.486,-121.789
 12:21:37.960,eb:33:2e:f9:57:b5, 2015-01-01 00:07:54.240,-0.059,1.403,2.037,-220.886,-190.369,56.763, , , , , , ,-10.849,-12.36,-121.295
 12:21:37.960,eb:33:2e:f9:57:b5, 2015-01-01 00:07:54.240,-0.09,1.584,1.977,-205.566,-197.449,35.767, , , , , , ,-12.014,-13.277,-120.872
 12:21:37.960,eb:33:2e:f9:57:b5, 2015-01-01 00:07:54.240,-0.137,1.763,2.007,-189.087,-204.041,13.733, , , , , , ,-13.074,-14.238,-120.536
 12:21:37.960,eb:33:2e:f9:57:b5, 2015-01-01 00:07:54.240,-0.213,1.913,2.089,-173.95,-206.116,-7.874, , , , , , ,-14.035,-15.238,-120.278
 12:21:37.961,eb:33:2e:f9:57:b5, 2015-01-01 00:07:54.240,-0.319,2.004,2.178,-161.682,-201.111,-27.344, , , , , , ,-14.914,-16.249,-120.114
 12:21:37.961,eb:33:2e:f9:57:b5, 2015-01-01 00:07:54.240,-0.476,2.032,2.228,-152.588,-188.66,-43.396, , , , , , ,-15.727,-17.243,-120.037
 12:21:37.982,eb:33:2e:f9:57:b5, 2015-01-01 00:07:54.240,-0.651,2.017,2.203,-145.203,-171.997,-55.542, , , , , , ,-16.469,-18.171,-120.031
 12:21:37.982,eb:33:2e:f9:57:b5, 2015-01-01 00:07:54.240,-0.83,1.988,2.148,-137.207,-154.358,-64.026, , , , , , ,-17.155,-19.034,-120.092
 12:21:37.982,eb:33:2e:f9:57:b5, 2015-01-01 00:07:54.240,-0.993,1.972,2.072,-127.319,-138.489,-69.458, , , , , , ,-17.776,-19.825,-120.201
 12:21:37.982,eb:33:2e:f9:57:b5, 2015-01-01 00:07:54.240,-1.146,1.965,1.979,-115.417,-124.939,-72.51, , , , , , ,-18.331,-20.561,-120.35
 12:21:37.982,eb:33:2e:f9:57:b5, 2015-01-01 00:07:54.240,-1.263,1.973,1.861,-102.722,-113.403,-74.036, , , , , , ,-18.814,-21.237,-120.52
 12:21:37.982,eb:33:2e:f9:57:b5, 2015-01-01 00:07:54.240,-1.31,2.073,1.76,-91.492,-101.257,-74.219, , , , , , ,-19.221,-21.863,-120.712
 12:21:37.982,eb:33:2e:f9:57:b5, 2015-01-01 00:07:54.240,-1.321,2.217,1.773,-81.543,-85.205,-72.876, , , , , , ,-19.572,-22.418,-120.921
 12:21:37.982,eb:33:2e:f9:57:b5, 2015-01-01 00:07:54.240,-1.356,2.33,1.862,-68.298,-57.373,-69.214, , , , , , ,-19.858,-22.874,-121.157
 12:21:38.006,eb:33:2e:f9:57:b5, 2015-01-01 00:07:54.240,-1.422,2.358,1.885,-53.833,-30.64,-63.538, , , , , , ,-20.056,-23.181,-121.415
 12:21:38.006,eb:33:2e:f9:57:b5, 2015-01-01 00:07:54.240,-1.508,2.327,1.838,-35.4,-5.676,-54.932, , , , , , ,-20.165,-23.357,-121.685
 12:21:38.006,eb:33:2e:f9:57:b5, 2015-01-01 00:07:54.240,-1.578,2.247,1.739,-14.16,14.038,-43.03, , , , , , ,-20.176,-23.406,-121.943
 12:21:38.006,eb:33:2e:f9:57:b5, 2015-01-01 00:07:54.240,-0.37,2.123,1.636,7.385,28.259,-27.588, , , , , , ,-20.099,-23.362,-122.162
 12:21:38.006,eb:33:2e:f9:57:b5, 2015-01-01 00:07:54.240,-2.972,1.386,6.47,80.627,164.551,-29.053, , , , , , ,-19.709,-23.071,-122.52
 12:21:38.006,eb:33:2e:f9:57:b5, 2015-01-01 00:07:54.240,-1.59,1.855,3.537,117.554,222.29,9.338, , , , , , ,-19.072,-22.132,-122.882
 12:21:38.006,eb:33:2e:f9:57:b5, 2015-01-01 00:07:54.240,-0.067,1.212,4.546,146.79,352.783,41.321, , , , , , ,-18.237,-20.616,-123.25
 12:21:38.006,eb:33:2e:f9:57:b5, 2015-01-01 00:07:54.240,0.803,0.871,1.522,147.827,388.672,52.612, , , , , , ,-17.38,-18.754,-123.618
 12:21:38.097,eb:33:2e:f9:57:b5, 2015-01-01 00:07:54.240,0.709,-0.499,0.902,149.353,420.288,69.275, , , , , , ,-16.534,-16.705,-123.937
 12:21:38.097,eb:33:2e:f9:57:b5, 2015-01-01 00:07:54.240,0.04,-0.193,1.234,146.912,414.124,87.769, , , , , , ,-15.743,-14.568,-124.151
 12:21:38.097,eb:33:2e:f9:57:b5, 2015-01-01 00:07:54.240,-0.743,-1.867,0.349,183.533,327.881,118.53, , , , , , ,-14.919,-12.662,-124.129
 12:21:38.099,eb:33:2e:f9:57:b5, 2015-01-01 00:07:54.240,-0.354,-1.922,0.047,233.521,228.821,128.784, , , , , , ,-13.903,-11.217,-123.827
 12:21:38.099,eb:33:2e:f9:57:b5, 2015-01-01 00:07:54.240,-0.459,-0.784,0.956,257.141,188.66,123.779, , , , , , ,-12.728,-10.102,-123.442
 12:21:38.099,eb:33:2e:f9:57:b5, 2015-01-01 00:07:54.240,-0.633,-0.15,1.192,261.108,175.842,106.506, , , , , , ,-11.486,-9.108,-123.063
 12:21:38.099,eb:33:2e:f9:57:b5, 2015-01-01 00:07:54.240,-0.886,0.357,1.296,247.07,168.64,80.688, , , , , , ,-10.261,-8.174,-122.772
 12:21:38.099,eb:33:2e:f9:57:b5, 2015-01-01 00:07:54.240,-0.82,0.419,1.048,228.882,146.606,51.941, , , , , , ,-9.108,-7.344,-122.591
 12:21:38.099,eb:33:2e:f9:57:b5, 2015-01-01 00:07:54.240,-0.547,0.434,1.011,206.848,115.54,24.536, , , , , , ,-8.036,-6.685,-122.514
 12:21:38.099,eb:33:2e:f9:57:b5, 2015-01-01 00:07:54.240,-0.308,0.578,1.285,174.5,90.82,9.949, , , , , , ,-7.097,-6.18,-122.503
 12:21:38.099,eb:33:2e:f9:57:b5, 2015-01-01 00:07:54.240,-0.04,0.59,1.336,137.024,71.899,7.751, , , , , , ,-6.339,-5.784,-122.509
 12:21:38.099,eb:33:2e:f9:57:b5, 2015-01-01 00:07:54.240,0.042,0.286,1.213,113.098,64.575,11.658, , , , , , ,-5.729,-5.444,-122.498
 12:21:38.099,eb:33:2e:f9:57:b5, 2015-01-01 00:07:54.240,0.091,0.049,1.076,95.825,62.195,22.583, , , , , , ,-5.224,-5.125,-122.437
 12:21:38.099,eb:33:2e:f9:57:b5, 2015-01-01 00:07:54.240,0.099,-0.022,1.032,82.52,62.744,36.072, , , , , , ,-4.801,-4.801,-122.311
 12:21:38.099,eb:33:2e:f9:57:b5, 2015-01-01 00:07:54.240,0.045,0.057,1.031,69.519,63.66,46.631, , , , , , ,-4.438,-4.466,-122.119
 12:21:38.099,eb:33:2e:f9:57:b5, 2015-01-01 00:07:54.240,-0.047,0.101,1.005,59.814,60.242,49.927, , , , , , ,-4.142,-4.136,-121.899
 12:21:38.140,eb:33:2e:f9:57:b5, 2015-01-01 00:07:54.550,-0.107,0.199,0.958,50.049,52.979,47.058, , , , , , ,-3.884,-3.84,-121.674
 12:21:38.140,eb:33:2e:f9:57:b5, 2015-01-01 00:07:54.550,-0.107,0.221,0.914,42.114,47.119,37.354, , , , , , ,-3.675,-3.587,-121.476
 12:21:38.140,eb:33:2e:f9:57:b5, 2015-01-01 00:07:54.550,-0.157,0.202,0.914,34.363,44.312,27.527, , , , , , ,-3.494,-3.345,-121.339
 12:21:38.140,eb:33:2e:f9:57:b5, 2015-01-01 00:07:54.550,-0.181,0.24,0.893,23.56,37.903,20.935, , , , , , ,-3.356,-3.131,-121.229
 12:21:38.140,eb:33:2e:f9:57:b5, 2015-01-01 00:07:54.550,-0.102,0.286,0.85,12.817,19.653,13.794, , , , , , ,-3.279,-2.994,-121.152
 12:21:38.140,eb:33:2e:f9:57:b5, 2015-01-01 00:07:54.550,0.033,0.042,0.945,9.705,13,9.766, , , , , , ,-3.23,-2.917,-121.097
 12:21:38.140,eb:33:2e:f9:57:b5, 2015-01-01 00:07:54.550,0.068,-0.083,1.023,11.719,14.648,7.996, , , , , , ,-3.181,-2.851,-121.058
 12:21:38.140,eb:33:2e:f9:57:b5, 2015-01-01 00:07:54.550,-0.003,-0.045,1.011,11.597,14.038,7.751, , , , , , ,-3.12,-2.774,-121.02
 12:21:38.185,eb:33:2e:f9:57:b5, 2015-01-01 00:07:54.550,0.029,0.004,0.977,9.888,10.986,4.7, , , , , , ,-3.071,-2.714,-120.998
 12:21:38.185,eb:33:2e:f9:57:b5, 2015-01-01 00:07:54.550,0.085,-0.023,0.997,9.033,10.742,4.15, , , , , , ,-3.021,-2.659,-120.976
 12:21:38.185,eb:33:2e:f9:57:b5, 2015-01-01 00:07:54.550,0.073,-0.019,1.023,8.24,12.329,4.456, , , , , , ,-2.983,-2.598,-120.954
 12:21:38.185,eb:33:2e:f9:57:b5, 2015-01-01 00:07:54.550,0.048,-0.015,1.017,7.751,14.16,3.906, , , , , , ,-2.939,-2.532,-120.938
 12:21:38.185,eb:33:2e:f9:57:b5, 2015-01-01 00:07:54.550,0.063,-0.02,1.004,7.385,14.771,3.174, , , , , , ,-2.906,-2.455,-120.921
 12:21:38.185,eb:33:2e:f9:57:b5, 2015-01-01 00:07:54.550,0.062,-0.022,1.014,7.08,15.808,2.625, , , , , , ,-2.867,-2.379,-120.91
 12:21:38.185,eb:33:2e:f9:57:b5, 2015-01-01 00:07:54.550,0.038,-0.028,1.013,6.958,17.09,2.075, , , , , , ,-2.834,-2.296,-120.905
 12:21:38.185,eb:33:2e:f9:57:b5, 2015-01-01 00:07:54.550,0.004,-0.027,1.001,6.714,17.212,1.282, , , , , , ,-2.802,-2.208,-120.899
 12:21:38.208,eb:33:2e:f9:57:b5, 2015-01-01 00:07:54.550,0.001,-0.037,0.981,6.592,15.442,0.549, , , , , , ,-2.769,-2.131,-120.899
 12:21:38.208,eb:33:2e:f9:57:b5, 2015-01-01 00:07:54.550,-0.002,-0.034,0.978,6.531,13.55,-0.122, , , , , , ,-2.736,-2.06,-120.899
 12:21:38.208,eb:33:2e:f9:57:b5, 2015-01-01 00:07:54.550,-0.006,-0.035,0.978,6.531,11.597,-0.916, , , , , , ,-2.703,-1.994,-120.905
 12:21:38.208,eb:33:2e:f9:57:b5, 2015-01-01 00:07:54.550,-0.003,-0.039,0.983,6.653,9.888,-1.77, , , , , , ,-2.67,-1.945,-120.916
 12:21:38.208,eb:33:2e:f9:57:b5, 2015-01-01 00:07:54.550,0.01,-0.042,0.987,6.714,8.057,-2.441, , , , , , ,-2.637,-1.901,-120.927
 12:21:38.208,eb:33:2e:f9:57:b5, 2015-01-01 00:07:54.550,0.026,-0.042,0.996,6.958,6.714,-2.808, , , , , , ,-2.598,-1.868,-120.943
 12:21:38.208,eb:33:2e:f9:57:b5, 2015-01-01 00:07:54.550,0.018,-0.032,1.004,7.141,6.287,-3.723, , , , , , ,-2.565,-1.835,-120.959
 12:21:38.208,eb:33:2e:f9:57:b5, 2015-01-01 00:07:54.550,0.019,-0.037,0.997,7.141,5.432,-3.906, , , , , , ,-2.527,-1.807,-120.981
 12:21:38.252,eb:33:2e:f9:57:b5, 2015-01-01 00:07:54.550,0.027,-0.037,0.996,7.141,4.517,-3.662, , , , , , ,-2.488,-1.785,-120.998
 12:21:38.252,eb:33:2e:f9:57:b5, 2015-01-01 00:07:54.550,0.028,-0.038,1.002,7.385,3.845,-3.601, , , , , , ,-2.455,-1.763,-121.02
 12:21:38.252,eb:33:2e:f9:57:b5, 2015-01-01 00:07:54.550,0.028,-0.037,1.001,7.507,3.601,-3.54, , , , , , ,-2.417,-1.747,-121.036
 12:21:38.252,eb:33:2e:f9:57:b5, 2015-01-01 00:07:54.550,0.038,-0.038,1,7.69,3.235,-3.296, , , , , , ,-2.379,-1.73,-121.053
 12:21:38.252,eb:33:2e:f9:57:b5, 2015-01-01 00:07:54.550,0.037,-0.032,1.005,7.812,3.296,-3.174, , , , , , ,-2.34,-1.714,-121.069
 12:21:38.252,eb:33:2e:f9:57:b5, 2015-01-01 00:07:54.550,0.034,-0.029,1,7.751,3.418,-3.052, , , , , , ,-2.302,-1.697,-121.086
 12:21:38.253,eb:33:2e:f9:57:b5, 2015-01-01 00:07:54.550,0.035,-0.031,1.001,7.812,3.418,-2.625, , , , , , ,-2.258,-1.681,-121.102
 12:21:38.253,eb:33:2e:f9:57:b5, 2015-01-01 00:07:54.550,0.039,-0.026,0.996,7.446,3.54,-1.953, , , , , , ,-2.219,-1.664,-121.113
 12:21:38.298,eb:33:2e:f9:57:b5, 2015-01-01 00:07:54.550,0.042,-0.013,0.992,6.958,4.089,-1.892, , , , , , ,-2.186,-1.648,-121.119
 12:21:38.298,eb:33:2e:f9:57:b5, 2015-01-01 00:07:54.550,0.041,-0.014,0.997,6.47,4.944,-1.831, , , , , , ,-2.153,-1.626,-121.13
 12:21:38.298,eb:33:2e:f9:57:b5, 2015-01-01 00:07:54.550,0.055,-0.022,0.992,5.615,5.676,-1.404, , , , , , ,-2.12,-1.599,-121.141
 12:21:38.298,eb:33:2e:f9:57:b5, 2015-01-01 00:07:54.550,0.04,-0.005,1.002,5.188,6.897,-1.953, , , , , , ,-2.093,-1.566,-121.146
 12:21:38.298,eb:33:2e:f9:57:b5, 2015-01-01 00:07:54.550,0.031,-0.016,0.998,4.761,7.874,-1.953, , , , , , ,-2.065,-1.533,-121.157
 12:21:38.298,eb:33:2e:f9:57:b5, 2015-01-01 00:07:54.550,0.021,-0.015,0.993,4.272,8.362,-1.709, , , , , , ,-2.043,-1.489,-121.168
 12:21:38.298,eb:33:2e:f9:57:b5, 2015-01-01 00:07:54.550,0.021,-0.02,0.989,3.967,8.362,-1.587, , , , , , ,-2.027,-1.45,-121.179
 12:21:38.298,eb:33:2e:f9:57:b5, 2015-01-01 00:07:54.550,0.031,-0.016,0.993,3.662,8.789,-1.648, , , , , , ,-2.005,-1.406,-121.185
 12:21:38.344,eb:33:2e:f9:57:b5, 2015-01-01 00:07:54.550,0.025,-0.012,0.997,3.662,9.277,-1.709, , , , , , ,-1.989,-1.362,-121.196
 12:21:38.344,eb:33:2e:f9:57:b5, 2015-01-01 00:07:54.550,0.023,-0.013,0.996,3.845,9.338,-2.014, , , , , , ,-1.967,-1.318,-121.207
 12:21:38.344,eb:33:2e:f9:57:b5, 2015-01-01 00:07:54.550,0.017,-0.017,0.997,3.967,9.277,-2.747, , , , , , ,-1.95,-1.269,-121.218
 12:21:38.344,eb:33:2e:f9:57:b5, 2015-01-01 00:07:54.550,0.022,-0.021,1.004,4.578,9.399,-2.869, , , , , , ,-1.928,-1.219,-121.234
 12:21:38.344,eb:33:2e:f9:57:b5, 2015-01-01 00:07:54.550,0.009,-0.024,1.008,5.005,9.583,-3.418, , , , , , ,-1.901,-1.176,-121.251
 12:21:38.344,eb:33:2e:f9:57:b5, 2015-01-01 00:07:54.550,-0.004,-0.024,0.995,5.005,9.277,-3.357, , , , , , ,-1.879,-1.132,-121.267
 12:21:38.344,eb:33:2e:f9:57:b5, 2015-01-01 00:07:54.550,0.016,-0.019,0.975,4.822,8.362,-3.357, , , , , , ,-1.851,-1.088,-121.284
 12:21:38.344,eb:33:2e:f9:57:b5, 2015-01-01 00:07:54.550,0.005,-0.014,0.992,4.639,8.362,-3.601, , , , , , ,-1.829,-1.044,-121.306
 12:21:38.389,eb:33:2e:f9:57:b5, 2015-01-01 00:07:54.550,0.007,-0.019,0.988,4.333,8.179,-3.235, , , , , , ,-1.807,-1.005,-121.322
 12:21:38.389,eb:33:2e:f9:57:b5, 2015-01-01 00:07:54.550,0.026,-0.017,0.987,3.967,8.057,-2.869, , , , , , ,-1.785,-0.967,-121.339
 12:21:38.389,eb:33:2e:f9:57:b5, 2015-01-01 00:07:54.550,0.014,-0.006,0.994,3.479,8.667,-2.747, , , , , , ,-1.769,-0.923,-121.355
 12:21:38.389,eb:33:2e:f9:57:b5, 2015-01-01 00:07:54.550,0.024,-0.014,0.994,3.174,8.606,-2.808, , , , , , ,-1.747,-0.884,-121.366
 12:21:38.389,eb:33:2e:f9:57:b5, 2015-01-01 00:07:54.550,0.018,-0.016,1.001,2.93,9.277,-2.319, , , , , , ,-1.73,-0.835,-121.382
 12:21:38.389,eb:33:2e:f9:57:b5, 2015-01-01 00:07:54.550,0,-0.011,0.997,2.686,9.46,-2.075, , , , , , ,-1.719,-0.791,-121.393
 12:21:38.389,eb:33:2e:f9:57:b5, 2015-01-01 00:07:54.550,0.041,-0.021,0.982,2.625,8.789,-1.221, , , , , , ,-1.708,-0.747,-121.404
 12:21:38.389,eb:33:2e:f9:57:b5, 2015-01-01 00:07:54.550,0.011,0.01,1.01,1.953,10.742,-2.014, , , , , , ,-1.692,-0.698,-121.41
 12:21:38.410,eb:33:2e:f9:57:b5, 2015-01-01 00:07:54.885,0.022,-0.015,0.997,1.831,10.986,-1.404, , , , , , ,-1.686,-0.643,-121.421
 12:21:38.410,eb:33:2e:f9:57:b5, 2015-01-01 00:07:54.885,0.023,-0.002,0.995,1.343,11.536,-0.854, , , , , , ,-1.675,-0.588,-121.426
 12:21:38.410,eb:33:2e:f9:57:b5, 2015-01-01 00:07:54.885,-0.007,-0.007,1.01,1.099,13.123,-1.282, , , , , , ,-1.67,-0.527,-121.432
 12:21:38.410,eb:33:2e:f9:57:b5, 2015-01-01 00:07:54.885,0.02,-0.014,0.987,1.343,12.756,-1.099, , , , , , ,-1.664,-0.461,-121.437
 12:21:38.410,eb:33:2e:f9:57:b5, 2015-01-01 00:07:54.885,0,0.006,0.986,0.366,14.282,-0.854, , , , , , ,-1.659,-0.39,-121.448
 12:21:38.410,eb:33:2e:f9:57:b5, 2015-01-01 00:07:54.885,-0.004,-0.011,0.988,0.122,14.343,-0.488, , , , , , ,-1.659,-0.324,-121.448
 12:21:38.410,eb:33:2e:f9:57:b5, 2015-01-01 00:07:54.885,0.013,-0.008,0.97,-0.122,14.099,-0.183, , , , , , ,-1.659,-0.253,-121.454
 12:21:38.410,eb:33:2e:f9:57:b5, 2015-01-01 00:07:54.885,0.009,-0.005,0.998,-0.305,14.893,-0.366, , , , , , ,-1.659,-0.176,-121.454
 12:21:38.478,eb:33:2e:f9:57:b5, 2015-01-01 00:07:54.885,0.011,-0.004,0.986,-0.244,15.32,-0.793, , , , , , ,-1.664,-0.104,-121.459
 12:21:38.478,eb:33:2e:f9:57:b5, 2015-01-01 00:07:54.885,0.006,-0.012,1.005,-0.122,16.296,-1.343, , , , , , ,-1.664,-0.022,-121.465
 12:21:38.478,eb:33:2e:f9:57:b5, 2015-01-01 00:07:54.885,0.001,-0.011,1.002,0,16.785,-2.075, , , , , , ,-1.664,0.055,-121.481
 12:21:38.478,eb:33:2e:f9:57:b5, 2015-01-01 00:07:54.885,-0.005,-0.016,1.002,0.366,17.212,-2.747, , , , , , ,-1.664,0.137,-121.492
 12:21:38.478,eb:33:2e:f9:57:b5, 2015-01-01 00:07:54.885,-0.013,-0.019,1.004,0.61,17.456,-3.357, , , , , , ,-1.659,0.225,-121.509
 12:21:38.478,eb:33:2e:f9:57:b5, 2015-01-01 00:07:54.885,-0.008,-0.023,1.001,0.977,17.273,-3.723, , , , , , ,-1.659,0.313,-121.531
 12:21:38.478,eb:33:2e:f9:57:b5, 2015-01-01 00:07:54.885,-0.008,-0.023,1.004,1.404,17.151,-3.906, , , , , , ,-1.648,0.396,-121.553
 12:21:38.478,eb:33:2e:f9:57:b5, 2015-01-01 00:07:54.885,-0.009,-0.03,1.017,1.892,17.395,-4.028, , , , , , ,-1.642,0.483,-121.575
 12:21:38.499,eb:33:2e:f9:57:b5, 2015-01-01 00:07:54.885,-0.01,-0.026,1.02,2.502,17.456,-4.272, , , , , , ,-1.631,0.566,-121.597
 12:21:38.499,eb:33:2e:f9:57:b5, 2015-01-01 00:07:54.885,0,-0.032,1.028,3.235,17.7,-4.211, , , , , , ,-1.615,0.654,-121.619
 12:21:38.499,eb:33:2e:f9:57:b5, 2015-01-01 00:07:54.885,0.002,-0.029,1.038,4.15,18.25,-4.456, , , , , , ,-1.599,0.742,-121.641
 12:21:38.499,eb:33:2e:f9:57:b5, 2015-01-01 00:07:54.885,-0.012,-0.026,1.044,4.944,19.165,-4.883, , , , , , ,-1.571,0.84,-121.668
 12:21:38.499,eb:33:2e:f9:57:b5, 2015-01-01 00:07:54.885,-0.006,-0.032,1.031,5.859,19.714,-4.822, , , , , , ,-1.544,0.934,-121.696
 12:21:38.499,eb:33:2e:f9:57:b5, 2015-01-01 00:07:54.885,-0.011,-0.026,1.03,6.47,20.02,-4.944, , , , , , ,-1.516,1.033,-121.723
 12:21:38.499,eb:33:2e:f9:57:b5, 2015-01-01 00:07:54.885,0,-0.03,1.032,7.263,19.897,-4.761, , , , , , ,-1.483,1.132,-121.745
 12:21:38.500,eb:33:2e:f9:57:b5, 2015-01-01 00:07:54.885,0.028,-0.002,0.998,8.118,17.7,-4.944, , , , , , ,-1.439,1.225,-121.772
 12:21:38.544,eb:33:2e:f9:57:b5, 2015-01-01 00:07:54.885,0.034,0.021,0.986,8.667,14.954,-5.798, , , , , , ,-1.401,1.302,-121.8
 12:21:38.544,eb:33:2e:f9:57:b5, 2015-01-01 00:07:54.885,-0.016,0.012,1.027,9.705,13.55,-6.958, , , , , , ,-1.357,1.373,-121.833
 12:21:38.544,eb:33:2e:f9:57:b5, 2015-01-01 00:07:54.885,-0.104,-0.042,1.098,13.611,12.024,-7.324, , , , , , ,-1.302,1.434,-121.871
 12:21:38.544,eb:33:2e:f9:57:b5, 2015-01-01 00:07:54.885,-0.057,-0.171,1.239,22.4,8.667,-6.104, , , , , , ,-1.203,1.483,-121.904
 12:21:38.544,eb:33:2e:f9:57:b5, 2015-01-01 00:07:54.885,-0.078,-0.105,1.221,29.114,7.629,-5.981, , , , , , ,-1.071,1.522,-121.937
 12:21:38.544,eb:33:2e:f9:57:b5, 2015-01-01 00:07:54.885,-0.053,-0.127,1.266,34.302,8.972,-4.822, , , , , , ,-0.912,1.566,-121.959
 12:21:38.544,eb:33:2e:f9:57:b5, 2015-01-01 00:07:54.885,0.034,-0.107,1.309,41.565,8.606,-4.822, , , , , , ,-0.72,1.609,-121.987
 12:21:38.544,eb:33:2e:f9:57:b5, 2015-01-01 00:07:54.885,0.043,-0.066,1.383,50.049,9.338,-6.958, , , , , , ,-0.489,1.653,-122.014
 12:21:38.567,eb:33:2e:f9:57:b5, 2015-01-01 00:07:54.885,-0.012,-0.08,1.372,57.129,12.085,-7.996, , , , , , ,-0.22,1.708,-122.053
 12:21:38.567,eb:33:2e:f9:57:b5, 2015-01-01 00:07:54.885,-0.015,-0.116,1.38,62.683,15.015,-7.69, , , , , , ,0.077,1.774,-122.091
 12:21:38.567,eb:33:2e:f9:57:b5, 2015-01-01 00:07:54.885,-0.052,-0.195,1.598,67.078,25.085,-4.883, , , , , , ,0.401,1.873,-122.124
 12:21:38.567,eb:33:2e:f9:57:b5, 2015-01-01 00:07:54.885,0.03,-0.205,1.534,76.172,29.236,-3.113, , , , , , ,0.764,2.016,-122.141
 12:21:38.567,eb:33:2e:f9:57:b5, 2015-01-01 00:07:54.885,0.004,-0.09,1.403,84.351,30.151,-3.418, , , , , , ,1.17,2.164,-122.151
 12:21:38.567,eb:33:2e:f9:57:b5, 2015-01-01 00:07:54.885,0.029,-0.088,1.38,91.797,31.189,-3.601, , , , , , ,1.615,2.318,-122.168
 12:21:38.567,eb:33:2e:f9:57:b5, 2015-01-01 00:07:54.885,0.045,-0.098,1.466,101.074,33.203,-4.944, , , , , , ,2.098,2.483,-122.179
 12:21:38.567,eb:33:2e:f9:57:b5, 2015-01-01 00:07:54.885,0.044,-0.112,1.48,111.145,35.034,-6.592, , , , , , ,2.637,2.653,-122.201
 12:21:38.612,eb:33:2e:f9:57:b5, 2015-01-01 00:07:54.885,0.023,-0.135,1.518,121.948,37.781,-8.362, , , , , , ,3.219,2.84,-122.234
 12:21:38.612,eb:33:2e:f9:57:b5, 2015-01-01 00:07:54.885,0.024,-0.143,1.542,132.996,40.039,-9.338, , , , , , ,3.862,3.038,-122.261
 12:21:38.612,eb:33:2e:f9:57:b5, 2015-01-01 00:07:54.885,0.047,-0.141,1.606,144.226,43.335,-10.01, , , , , , ,4.554,3.252,-122.294
 12:21:38.612,eb:33:2e:f9:57:b5, 2015-01-01 00:07:54.885,0.045,-0.102,1.584,156.555,43.701,-11.719, , , , , , ,5.312,3.472,-122.333
 12:21:38.612,eb:33:2e:f9:57:b5, 2015-01-01 00:07:54.885,0.017,-0.11,1.619,167.908,44.434,-12.512, , , , , , ,6.125,3.697,-122.371
 12:21:38.612,eb:33:2e:f9:57:b5, 2015-01-01 00:07:54.885,0.045,-0.191,1.728,180.603,47.363,-12.573, , , , , , ,7.004,3.933,-122.404
 12:21:38.612,eb:33:2e:f9:57:b5, 2015-01-01 00:07:54.885,0.048,-0.215,1.772,193.665,51.514,-12.573, , , , , , ,7.943,4.186,-122.437
 12:21:38.613,eb:33:2e:f9:57:b5, 2015-01-01 00:07:54.885,0.111,-0.183,1.756,206.299,55.42,-13.184, , , , , , ,8.948,4.46,-122.459
 12:21:38.658,eb:33:2e:f9:57:b5, 2015-01-01 00:07:54.885,0.172,-0.17,1.809,219.543,60.791,-14.893, , , , , , ,10.014,4.763,-122.481
 12:21:38.658,eb:33:2e:f9:57:b5, 2015-01-01 00:07:54.885,0.173,-0.114,1.868,233.337,67.017,-17.761, , , , , , ,11.151,5.092,-122.498
 12:21:38.658,eb:33:2e:f9:57:b5, 2015-01-01 00:07:54.885,0.154,-0.205,1.805,246.46,73.853,-19.592, , , , , , ,12.354,5.46,-122.52
 12:21:38.658,eb:33:2e:f9:57:b5, 2015-01-01 00:07:54.885,0.178,-0.256,2.053,259.644,85.449,-19.836, , , , , , ,13.623,5.878,-122.525
 12:21:38.658,eb:33:2e:f9:57:b5, 2015-01-01 00:07:54.885,0.229,-0.288,2.208,273.56,97.839,-19.043, , , , , , ,14.969,6.35,-122.503
 12:21:38.658,eb:33:2e:f9:57:b5, 2015-01-01 00:07:54.885,0.476,-0.203,2.33,289.307,107.91,-21.179, , , , , , ,16.386,6.877,-122.459
 12:21:38.658,eb:33:2e:f9:57:b5, 2015-01-01 00:07:54.885,0.623,-0.128,2.315,307.983,124.084,-27.283, , , , , , ,17.897,7.471,-122.404
 12:21:38.658,eb:33:2e:f9:57:b5, 2015-01-01 00:07:54.885,0.663,0.025,2.33,319.885,140.503,-34.485, , , , , , ,19.479,8.152,-122.338
 12:21:38.702,eb:33:2e:f9:57:b5, 2015-01-01 00:07:54.885,0.675,0.035,2.402,325.928,160.583,-40.588, , , , , , ,21.11,8.932,-122.25
 12:21:38.702,eb:33:2e:f9:57:b5, 2015-01-01 00:07:54.885,0.92,0.104,2.664,333.435,178.772,-46.936, , , , , , ,22.78,9.816,-122.13
 12:21:38.702,eb:33:2e:f9:57:b5, 2015-01-01 00:07:54.885,1.01,0.162,2.598,349.548,184.814,-59.143, , , , , , ,24.516,10.761,-122.009
 12:21:38.702,eb:33:2e:f9:57:b5, 2015-01-01 00:07:54.885,0.888,0.252,2.472,365.356,187.195,-72.754, , , , , , ,26.329,11.744,-121.91
 12:21:38.702,eb:33:2e:f9:57:b5, 2015-01-01 00:07:54.885,0.774,0.237,2.648,377.563,193.542,-82.703, , , , , , ,28.207,12.772,-121.833
 12:21:38.702,eb:33:2e:f9:57:b5, 2015-01-01 00:07:54.885,0.706,-0.01,2.8,382.141,203.918,-91.37, , , , , , ,30.141,13.865,-121.729
 12:21:38.702,eb:33:2e:f9:57:b5, 2015-01-01 00:07:54.885,0.681,-0.004,3.013,373.413,221.741,-89.6, , , , , , ,32.064,15.013,-121.558
 12:21:38.702,eb:33:2e:f9:57:b5, 2015-01-01 00:07:54.885,0.686,-0.175,3.327,372.253,249.512,-89.111, , , , , , ,33.997,16.254,-121.273
 12:21:38.748,eb:33:2e:f9:57:b5, 2015-01-01 00:07:55.200,0.745,-0.133,2.761,373.535,254.639,-91.187, , , , , , ,35.975,17.556,-120.899
 12:21:38.748,eb:33:2e:f9:57:b5, 2015-01-01 00:07:55.200,0.765,-0.028,2.533,370.056,245.178,-91.248, , , , , , ,37.963,18.82,-120.487
 12:21:38.748,eb:33:2e:f9:57:b5, 2015-01-01 00:07:55.200,0.883,-0.128,2.611,362.305,243.896,-89.539, , , , , , ,39.935,20.05,-120.048
 12:21:38.748,eb:33:2e:f9:57:b5, 2015-01-01 00:07:55.200,1.065,-0.437,2.664,355.957,253.296,-91.98, , , , , , ,41.896,21.281,-119.548
 12:21:38.748,eb:33:2e:f9:57:b5, 2015-01-01 00:07:55.200,1.158,-0.902,2.61,352.417,274.231,-93.689, , , , , , ,43.89,22.566,-118.943
 12:21:38.748,eb:33:2e:f9:57:b5, 2015-01-01 00:07:55.200,1.324,-1.426,2.29,357.361,288.208,-92.468, , , , , , ,45.95,23.895,-118.207
 12:21:38.748,eb:33:2e:f9:57:b5, 2015-01-01 00:07:55.200,1.57,-1.666,2.003,373.23,294.617,-94.177, , , , , , ,48.126,25.23,-117.383
 12:21:38.749,eb:33:2e:f9:57:b5, 2015-01-01 00:07:55.200,1.68,-1.526,1.871,401.428,306.03,-107.788, , , , , , ,50.455,26.592,-116.488
 12:21:38.771,eb:33:2e:f9:57:b5, 2015-01-01 00:07:55.200,1.142,-1.23,0.943,423.828,308.411,-131.653, , , , , , ,52.971,28.037,-115.543
 12:21:38.771,eb:33:2e:f9:57:b5, 2015-01-01 00:07:55.200,0.212,-0.472,-1.03,387.512,270.63,-142.517, , , , , , ,55.426,29.449,-114.67
 12:21:38.771,eb:33:2e:f9:57:b5, 2015-01-01 00:07:55.200,-0.186,-0.123,-2.544,308.167,183.716,-141.235, , , , , , ,57.442,30.652,-114.06
 12:21:38.771,eb:33:2e:f9:57:b5, 2015-01-01 00:07:55.200,-0.096,-0.271,-2.784,207.642,88.501,-131.226, , , , , , ,58.782,31.558,-113.862
 12:21:38.771,eb:33:2e:f9:57:b5, 2015-01-01 00:07:55.200,0.123,-0.466,-1.915,108.887,5.92,-120.117, , , , , , ,59.42,32.184,-114.049
 12:21:38.771,eb:33:2e:f9:57:b5, 2015-01-01 00:07:55.200,0.287,-0.58,-0.865,16.785,-48.889,-107.544, , , , , , ,59.42,32.596,-114.532
 12:21:38.771,eb:33:2e:f9:57:b5, 2015-01-01 00:07:55.200,0.358,-0.786,-0.038,-60.913,-75.073,-91.187, , , , , , ,58.92,32.849,-115.175
 12:21:38.771,eb:33:2e:f9:57:b5, 2015-01-01 00:07:55.200,0.406,-1.046,0.534,-117.737,-78.43,-72.571, , , , , , ,58.074,32.975,-115.829
 12:21:38.816,eb:33:2e:f9:57:b5, 2015-01-01 00:07:55.200,0.46,-1.228,0.909,-153.076,-65.857,-53.65, , , , , , ,57.063,33.041,-116.389
 12:21:38.816,eb:33:2e:f9:57:b5, 2015-01-01 00:07:55.200,0.452,-1.26,1.154,-169.678,-43.518,-36.804, , , , , , ,56.019,33.074,-116.79
 12:21:38.816,eb:33:2e:f9:57:b5, 2015-01-01 00:07:55.200,0.377,-1.157,1.254,-172.363,-18.311,-21.912, , , , , , ,55.031,33.113,-117.026
 12:21:38.816,eb:33:2e:f9:57:b5, 2015-01-01 00:07:55.200,0.285,-0.985,1.216,-165.833,2.93,-9.216, , , , , , ,54.13,33.146,-117.109
 12:21:38.816,eb:33:2e:f9:57:b5, 2015-01-01 00:07:55.200,0.225,-0.803,1.046,-155.823,17.09,2.014, , , , , , ,53.361,33.19,-117.059
 12:21:38.816,eb:33:2e:f9:57:b5, 2015-01-01 00:07:55.200,0.231,-0.67,0.827,-145.935,23.315,12.39, , , , , , ,52.679,33.223,-116.922
 12:21:38.816,eb:33:2e:f9:57:b5, 2015-01-01 00:07:55.200,0.167,-0.6,0.617,-138,26.672,22.217, , , , , , ,52.081,33.228,-116.73
 12:21:38.816,eb:33:2e:f9:57:b5, 2015-01-01 00:07:55.200,0.192,-0.569,0.324,-132.568,20.569,31.799, , , , , , ,51.509,33.184,-116.526
 12:21:38.859,eb:33:2e:f9:57:b5, 2015-01-01 00:07:55.200,0.202,-0.531,0.059,-131.592,6.042,42.358, , , , , , ,50.966,33.074,-116.323
 12:21:38.859,eb:33:2e:f9:57:b5, 2015-01-01 00:07:55.200,0.217,-0.51,-0.117,-134.827,-12.085,50.476, , , , , , ,50.383,32.877,-116.158
 12:21:38.859,eb:33:2e:f9:57:b5, 2015-01-01 00:07:55.200,0.25,-0.498,-0.216,-141.113,-34.058,57.617, , , , , , ,49.741,32.585,-116.065
 12:21:38.859,eb:33:2e:f9:57:b5, 2015-01-01 00:07:55.200,0.288,-0.487,-0.231,-149.963,-57.251,64.026, , , , , , ,49.005,32.19,-116.054
 12:21:38.859,eb:33:2e:f9:57:b5, 2015-01-01 00:07:55.200,0.328,-0.481,-0.185,-160.706,-79.407,69.641, , , , , , ,48.197,31.701,-116.104
 12:21:38.859,eb:33:2e:f9:57:b5, 2015-01-01 00:07:55.200,0.386,-0.486,-0.096,-172.363,-98.816,74.463, , , , , , ,47.302,31.124,-116.213
 12:21:38.859,eb:33:2e:f9:57:b5, 2015-01-01 00:07:55.200,0.424,-0.501,0.043,-184.265,-113.647,78.796, , , , , , ,46.324,30.471,-116.362
 12:21:38.859,eb:33:2e:f9:57:b5, 2015-01-01 00:07:55.200,0.459,-0.517,0.195,-195.19,-124.084,82.397, , , , , , ,45.269,29.756,-116.548
 12:21:38.906,eb:33:2e:f9:57:b5, 2015-01-01 00:07:55.200,0.481,-0.522,0.348,-205.2,-130.005,85.999, , , , , , ,44.176,29.004,-116.719
 12:21:38.906,eb:33:2e:f9:57:b5, 2015-01-01 00:07:55.200,0.494,-0.521,0.486,-214.294,-133.911,88.501, , , , , , ,43.044,28.218,-116.878
 12:21:38.906,eb:33:2e:f9:57:b5, 2015-01-01 00:07:55.200,0.491,-0.485,0.6,-223.511,-134.583,91.003, , , , , , ,41.88,27.422,-117.015
 12:21:38.906,eb:33:2e:f9:57:b5, 2015-01-01 00:07:55.200,0.511,-0.436,0.663,-232.91,-134.521,92.773, , , , , , ,40.671,26.603,-117.136
 12:21:38.906,eb:33:2e:f9:57:b5, 2015-01-01 00:07:55.200,0.541,-0.392,0.716,-242.432,-134.094,93.628, , , , , , ,39.441,25.785,-117.219
 12:21:38.906,eb:33:2e:f9:57:b5, 2015-01-01 00:07:55.200,0.567,-0.337,0.748,-251.526,-134.216,93.262, , , , , , ,38.172,24.972,-117.279
 12:21:38.906,eb:33:2e:f9:57:b5, 2015-01-01 00:07:55.200,0.589,-0.276,0.762,-260.254,-135.559,91.797, , , , , , ,36.865,24.153,-117.328
 12:21:38.906,eb:33:2e:f9:57:b5, 2015-01-01 00:07:55.200,0.615,-0.217,0.77,-268.127,-138.733,89.111, , , , , , ,35.508,23.324,-117.383
 12:21:38.951,eb:33:2e:f9:57:b5, 2015-01-01 00:07:55.200,0.634,-0.158,0.768,-275.146,-144.043,84.961, , , , , , ,34.124,22.495,-117.433
 12:21:38.951,eb:33:2e:f9:57:b5, 2015-01-01 00:07:55.200,0.653,-0.098,0.753,-281.372,-152.222,79.712, , , , , , ,32.701,21.649,-117.504
 12:21:38.951,eb:33:2e:f9:57:b5, 2015-01-01 00:07:55.200,0.673,-0.04,0.745,-286.865,-162.842,73.303, , , , , , ,31.24,20.77,-117.609
 12:21:38.951,eb:33:2e:f9:57:b5, 2015-01-01 00:07:55.200,0.685,0.011,0.763,-291.321,-175.171,65.918, , , , , , ,29.724,19.852,-117.762
 12:21:38.951,eb:33:2e:f9:57:b5, 2015-01-01 00:07:55.200,0.685,0.051,0.811,-294.678,-188.416,57.861, , , , , , ,28.196,18.902,-117.949
 12:21:38.951,eb:33:2e:f9:57:b5, 2015-01-01 00:07:55.200,0.676,0.088,0.882,-296.631,-201.721,49.438, , , , , , ,26.642,17.908,-118.18
 12:21:38.951,eb:33:2e:f9:57:b5, 2015-01-01 00:07:55.200,0.658,0.111,0.981,-297.058,-214.05,41.199, , , , , , ,25.076,16.87,-118.444
 12:21:38.951,eb:33:2e:f9:57:b5, 2015-01-01 00:07:55.200,0.604,0.129,1.11,-296.265,-223.999,33.691, , , , , , ,23.494,15.782,-118.751
 12:21:38.974,eb:33:2e:f9:57:b5, 2015-01-01 00:07:55.200,0.582,0.121,1.227,-293.579,-233.032,28.015, , , , , , ,21.934,14.667,-119.07
 12:21:38.974,eb:33:2e:f9:57:b5, 2015-01-01 00:07:55.200,0.517,0.111,1.366,-289.429,-240.295,21.545, , , , , , ,20.396,13.513,-119.394
 12:21:38.974,eb:33:2e:f9:57:b5, 2015-01-01 00:07:55.200,0.505,0.098,1.527,-285.156,-243.347,18.005, , , , , , ,18.891,12.338,-119.718
 12:21:38.974,eb:33:2e:f9:57:b5, 2015-01-01 00:07:55.200,0.465,0.085,1.626,-281.067,-243.896,16.479, , , , , , ,17.397,11.14,-120.031
 12:21:38.974,eb:33:2e:f9:57:b5, 2015-01-01 00:07:55.200,0.412,0.078,1.666,-277.466,-243.835,14.465, , , , , , ,15.952,9.948,-120.317
 12:21:38.974,eb:33:2e:f9:57:b5, 2015-01-01 00:07:55.200,0.357,0.08,1.722,-274.414,-243.591,15.015, , , , , , ,14.535,8.756,-120.564
 12:21:38.974,eb:33:2e:f9:57:b5, 2015-01-01 00:07:55.200,0.294,0.072,1.779,-272.583,-242.798,16.479, , , , , , ,13.134,7.553,-120.784
 12:21:38.974,eb:33:2e:f9:57:b5, 2015-01-01 00:07:55.200,0.237,0.07,1.812,-272.034,-242.92,19.165, , , , , , ,11.739,6.334,-120.965
 12:21:39.017,eb:33:2e:f9:57:b5, 2015-01-01 00:07:55.200,0.187,0.071,1.843,-272.827,-243.835,22.888, , , , , , ,10.36,5.12,-121.091
 12:21:39.017,eb:33:2e:f9:57:b5, 2015-01-01 00:07:55.200,0.136,0.069,1.877,-274.719,-245.178,27.222, , , , , , ,8.987,3.889,-121.174
 12:21:39.017,eb:33:2e:f9:57:b5, 2015-01-01 00:07:55.200,0.111,0.062,1.941,-277.344,-245.667,33.142, , , , , , ,7.603,2.653,-121.196
 12:21:39.017,eb:33:2e:f9:57:b5, 2015-01-01 00:07:55.200,0.1,0.045,1.999,-278.931,-245.483,37.781, , , , , , ,6.191,1.401,-121.168
 12:21:39.017,eb:33:2e:f9:57:b5, 2015-01-01 00:07:55.200,0.084,0.048,2.048,-279.968,-244.507,42.236, , , , , , ,4.796,0.159,-121.086
 12:21:39.017,eb:33:2e:f9:57:b5, 2015-01-01 00:07:55.200,0.072,0.071,2.084,-280.029,-243.713,45.715, , , , , , ,3.395,-1.066,-120.948
 12:21:39.017,eb:33:2e:f9:57:b5, 2015-01-01 00:07:55.200,0.062,0.108,2.13,-279.175,-243.042,47.668, , , , , , ,1.989,-2.296,-120.773
 12:21:39.017,eb:33:2e:f9:57:b5, 2015-01-01 00:07:55.200,0.065,0.157,2.182,-277.344,-242.432,47.852, , , , , , ,0.571,-3.527,-120.564
 12:21:39.062,eb:33:2e:f9:57:b5, 2015-01-01 00:07:55.490,0.061,0.227,2.251,-274.963,-241.089,46.204, , , , , , ,-0.824,-4.741,-120.322
 12:21:39.062,eb:33:2e:f9:57:b5, 2015-01-01 00:07:55.490,0.04,0.324,2.317,-272.278,-239.441,42.664, , , , , , ,-2.214,-5.933,-120.07
 12:21:39.062,eb:33:2e:f9:57:b5, 2015-01-01 00:07:55.490,0.011,0.438,2.361,-269.592,-238.281,36.926, , , , , , ,-3.598,-7.114,-119.811
 12:21:39.062,eb:33:2e:f9:57:b5, 2015-01-01 00:07:55.490,-0.031,0.561,2.379,-267.395,-237.366,29.541, , , , , , ,-4.988,-8.306,-119.559
 12:21:39.062,eb:33:2e:f9:57:b5, 2015-01-01 00:07:55.490,-0.087,0.683,2.375,-265.198,-236.206,20.813, , , , , , ,-6.356,-9.47,-119.317
 12:21:39.062,eb:33:2e:f9:57:b5, 2015-01-01 00:07:55.490,-0.15,0.811,2.368,-262.39,-234.619,11.169, , , , , , ,-7.712,-10.629,-119.092
 12:21:39.062,eb:33:2e:f9:57:b5, 2015-01-01 00:07:55.490,-0.236,0.939,2.379,-258.24,-231.934,0.916, , , , , , ,-9.053,-11.777,-118.894
 12:21:39.062,eb:33:2e:f9:57:b5, 2015-01-01 00:07:55.490,-0.335,1.062,2.408,-251.953,-227.905,-9.521, , , , , , ,-10.377,-12.931,-118.724
 12:21:39.129,eb:33:2e:f9:57:b5, 2015-01-01 00:07:55.490,-0.428,1.183,2.451,-243.286,-222.168,-19.775, , , , , , ,-11.646,-14.046,-118.581
 12:21:39.129,eb:33:2e:f9:57:b5, 2015-01-01 00:07:55.490,-0.513,1.304,2.501,-232.483,-213.196,-29.541, , , , , , ,-12.859,-15.134,-118.471
 12:21:39.129,eb:33:2e:f9:57:b5, 2015-01-01 00:07:55.490,-0.602,1.419,2.529,-220.093,-200.195,-38.269, , , , , , ,-14.008,-16.177,-118.4
 12:21:39.129,eb:33:2e:f9:57:b5, 2015-01-01 00:07:55.490,-0.734,1.507,2.517,-206.665,-184.082,-45.105, , , , , , ,-15.09,-17.166,-118.367
 12:21:39.129,eb:33:2e:f9:57:b5, 2015-01-01 00:07:55.490,-0.841,1.558,2.432,-191.833,-168.64,-50.11, , , , , , ,-16.078,-18.073,-118.361
 12:21:39.129,eb:33:2e:f9:57:b5, 2015-01-01 00:07:55.490,-0.979,1.601,2.333,-176.819,-153.748,-52.917, , , , , , ,-16.985,-18.913,-118.383
 12:21:39.130,eb:33:2e:f9:57:b5, 2015-01-01 00:07:55.490,-1.132,1.65,2.21,-163.269,-139.709,-51.819, , , , , , ,-17.82,-19.688,-118.422
 12:21:39.130,eb:33:2e:f9:57:b5, 2015-01-01 00:07:55.490,-1.242,1.705,2.128,-149.475,-128.174,-47.791, , , , , , ,-18.594,-20.402,-118.449
 12:21:39.152,eb:33:2e:f9:57:b5, 2015-01-01 00:07:55.490,-1.348,1.741,2.064,-135.071,-116.76,-41.077, , , , , , ,-19.297,-21.05,-118.46
 12:21:39.152,eb:33:2e:f9:57:b5, 2015-01-01 00:07:55.490,-1.448,1.789,1.968,-119.812,-104.37,-31.799, , , , , , ,-19.929,-21.627,-118.444
 12:21:39.152,eb:33:2e:f9:57:b5, 2015-01-01 00:07:55.490,-1.508,1.892,1.869,-102.722,-91.797,-20.996, , , , , , ,-20.5,-22.126,-118.394
 12:21:39.152,eb:33:2e:f9:57:b5, 2015-01-01 00:07:55.490,-1.542,2.022,1.83,-82.581,-78.43,-9.827, , , , , , ,-20.995,-22.549,-118.301
 12:21:39.153,eb:33:2e:f9:57:b5, 2015-01-01 00:07:55.490,-1.569,2.132,1.826,-59.265,-63.721,1.099, , , , , , ,-21.385,-22.879,-118.18
 12:21:39.153,eb:33:2e:f9:57:b5, 2015-01-01 00:07:55.490,-1.592,2.211,1.807,-33.813,-48.279,11.719, , , , , , ,-21.665,-23.121,-118.037
 12:21:39.153,eb:33:2e:f9:57:b5, 2015-01-01 00:07:55.490,-1.605,2.254,1.747,-8.118,-33.508,21.912, , , , , , ,-21.824,-23.269,-117.867
 12:21:39.153,eb:33:2e:f9:57:b5, 2015-01-01 00:07:55.490,-1.596,2.253,1.683,16.296,-20.447,31.433, , , , , , ,-21.868,-23.34,-117.675
 12:21:39.175,eb:33:2e:f9:57:b5, 2015-01-01 00:07:55.490,-1.506,2.195,1.643,37.964,-8.118,40.588, , , , , , ,-21.808,-23.335,-117.46
 12:21:39.175,eb:33:2e:f9:57:b5, 2015-01-01 00:07:55.490,-1.227,2.08,1.818,85.571,3.418,18.738, , , , , , ,-21.599,-23.275,-117.263
 12:21:39.175,eb:33:2e:f9:57:b5, 2015-01-01 00:07:55.490,-2.278,0.34,9.076,182.434,213.013,57.068, , , , , , ,-20.753,-22.599,-117.383
 12:21:39.175,eb:33:2e:f9:57:b5, 2015-01-01 00:07:55.490,0.477,2.24,2.85,191.589,289.734,92.041, , , , , , ,-19.786,-21.275,-117.455
 12:21:39.175,eb:33:2e:f9:57:b5, 2015-01-01 00:07:55.490,0.923,1.724,1.903,184.631,368.286,66.956, , , , , , ,-18.765,-19.578,-117.669
 12:21:39.175,eb:33:2e:f9:57:b5, 2015-01-01 00:07:55.490,0.378,0.1,0.934,166.87,408.936,72.51, , , , , , ,-17.798,-17.578,-117.977
 12:21:39.175,eb:33:2e:f9:57:b5, 2015-01-01 00:07:55.490,0.535,0.24,1.316,145.142,418.335,76.599, , , , , , ,-16.946,-15.48,-118.251
 12:21:39.175,eb:33:2e:f9:57:b5, 2015-01-01 00:07:55.490,-0.706,-0.387,1.217,122.559,405.273,77.942, , , , , , ,-16.238,-13.392,-118.471
 12:21:39.221,eb:33:2e:f9:57:b5, 2015-01-01 00:07:55.490,-0.468,-1.904,0.164,153.992,310.791,91.675, , , , , , ,-15.524,-11.591,-118.51
 12:21:39.221,eb:33:2e:f9:57:b5, 2015-01-01 00:07:55.490,-0.646,-0.934,0.656,182.983,246.582,87.158, , , , , , ,-14.683,-10.162,-118.438
 12:21:39.221,eb:33:2e:f9:57:b5, 2015-01-01 00:07:55.490,-0.813,-0.866,0.466,211.67,199.463,83.923, , , , , , ,-13.7,-9.003,-118.284
 12:21:39.221,eb:33:2e:f9:57:b5, 2015-01-01 00:07:55.490,-0.861,-0.339,0.698,223.389,164.368,80.505, , , , , , ,-12.629,-8.042,-118.087
 12:21:39.221,eb:33:2e:f9:57:b5, 2015-01-01 00:07:55.490,-0.637,-0.183,0.87,222.29,131.775,72.754, , , , , , ,-11.541,-7.262,-117.867
 12:21:39.221,eb:33:2e:f9:57:b5, 2015-01-01 00:07:55.490,-0.506,0.036,1.186,207.581,107.117,62.134, , , , , , ,-10.497,-6.625,-117.653
 12:21:39.221,eb:33:2e:f9:57:b5, 2015-01-01 00:07:55.490,-0.433,0.169,1.134,189.453,81.604,50.537, , , , , , ,-9.536,-6.125,-117.455
 12:21:39.221,eb:33:2e:f9:57:b5, 2015-01-01 00:07:55.490,-0.257,0.23,1.087,172.485,59.387,39.368, , , , , , ,-8.652,-5.757,-117.296
 12:21:39.288,eb:33:2e:f9:57:b5, 2015-01-01 00:07:55.490,-0.101,0.139,1.011,160.339,49.377,34.119, , , , , , ,-7.844,-5.471,-117.153
 12:21:39.288,eb:33:2e:f9:57:b5, 2015-01-01 00:07:55.490,0.137,0.031,1.009,150.085,45.593,37.476, , , , , , ,-7.086,-5.219,-117.01
 12:21:39.288,eb:33:2e:f9:57:b5, 2015-01-01 00:07:55.490,0.2,0.152,1.238,132.263,50.72,47.363, , , , , , ,-6.405,-4.949,-116.818
 12:21:39.288,eb:33:2e:f9:57:b5, 2015-01-01 00:07:55.490,0.158,0.091,1.205,117.31,57.739,52.612, , , , , , ,-5.806,-4.653,-116.592
 12:21:39.288,eb:33:2e:f9:57:b5, 2015-01-01 00:07:55.490,-0.008,0.047,1.104,106.934,63.049,55.176, , , , , , ,-5.268,-4.323,-116.351
 12:21:39.288,eb:33:2e:f9:57:b5, 2015-01-01 00:07:55.490,-0.109,0.112,1.087,93.994,58.35,59.326, , , , , , ,-4.79,-3.994,-116.087
 12:21:39.288,eb:33:2e:f9:57:b5, 2015-01-01 00:07:55.490,-0.006,0.382,1.062,77.515,48.523,57.556, , , , , , ,-4.384,-3.713,-115.812
 12:21:39.288,eb:33:2e:f9:57:b5, 2015-01-01 00:07:55.490,-0.09,0.343,1.064,64.27,47.852,49.377, , , , , , ,-4.048,-3.455,-115.565
 12:21:39.311,eb:33:2e:f9:57:b5, 2015-01-01 00:07:55.490,-0.077,0.398,1.024,49.5,44.861,39.062, , , , , , ,-3.785,-3.208,-115.362
 12:21:39.311,eb:33:2e:f9:57:b5, 2015-01-01 00:07:55.490,-0.045,0.28,0.995,39.062,41.077,30.701, , , , , , ,-3.582,-2.988,-115.208
 12:21:39.311,eb:33:2e:f9:57:b5, 2015-01-01 00:07:55.490,-0.087,0.152,1.004,32.227,41.443,25.452, , , , , , ,-3.411,-2.774,-115.082
 12:21:39.311,eb:33:2e:f9:57:b5, 2015-01-01 00:07:55.490,-0.043,0.076,0.959,27.466,38.513,22.461, , , , , , ,-3.268,-2.565,-114.977
 12:21:39.311,eb:33:2e:f9:57:b5, 2015-01-01 00:07:55.490,-0.074,0.038,0.977,24.597,37.109,20.02, , , , , , ,-3.142,-2.373,-114.884
 12:21:39.311,eb:33:2e:f9:57:b5, 2015-01-01 00:07:55.490,-0.086,0.089,0.952,20.203,29.968,18.127, , , , , , ,-3.038,-2.203,-114.796
 12:21:39.311,eb:33:2e:f9:57:b5, 2015-01-01 00:07:55.490,-0.145,0.154,0.925,14.343,22.583,12.695, , , , , , ,-2.955,-2.065,-114.725
 12:21:39.311,eb:33:2e:f9:57:b5, 2015-01-01 00:07:55.490,-0.009,0.032,0.909,12.39,13.611,8.179, , , , , , ,-2.889,-1.983,-114.681
 12:21:39.378,eb:33:2e:f9:57:b5, 2015-01-01 00:07:55.490,0.058,-0.044,1.022,14.221,13.916,5.859, , , , , , ,-2.823,-1.917,-114.653
 12:21:39.378,eb:33:2e:f9:57:b5, 2015-01-01 00:07:55.490,0.057,-0.061,1.036,15.137,15.381,5.798, , , , , , ,-2.752,-1.84,-114.626
 12:21:39.378,eb:33:2e:f9:57:b5, 2015-01-01 00:07:55.490,-0.005,0.006,1.028,13.977,17.151,5.371, , , , , , ,-2.681,-1.758,-114.604
 12:21:39.378,eb:33:2e:f9:57:b5, 2015-01-01 00:07:55.490,-0.003,0.015,0.987,12.268,16.418,4.395, , , , , , ,-2.609,-1.67,-114.582
 12:21:39.378,eb:33:2e:f9:57:b5, 2015-01-01 00:07:55.490,0.025,0.002,0.978,10.925,15.198,3.906, , , , , , ,-2.554,-1.593,-114.56
 12:21:39.378,eb:33:2e:f9:57:b5, 2015-01-01 00:07:55.490,0.015,0.007,0.994,9.583,15.381,3.113, , , , , , ,-2.505,-1.516,-114.549
 12:21:39.378,eb:33:2e:f9:57:b5, 2015-01-01 00:07:55.490,0.014,-0.018,0.993,9.216,15.564,3.235, , , , , , ,-2.461,-1.439,-114.532
 12:21:39.378,eb:33:2e:f9:57:b5, 2015-01-01 00:07:55.490,-0.002,-0.027,1.006,9.155,15.564,3.113, , , , , , ,-2.411,-1.357,-114.521
 12:21:39.378,eb:33:2e:f9:57:b5, 2015-01-01 00:07:55.490,-0.011,-0.025,1,9.277,14.709,2.502, , , , , , ,-2.368,-1.28,-114.51
 12:21:39.378,eb:33:2e:f9:57:b5, 2015-01-01 00:07:55.490,-0.021,-0.021,0.992,9.338,13.672,1.526, , , , , , ,-2.318,-1.214,-114.505
 12:21:39.378,eb:33:2e:f9:57:b5, 2015-01-01 00:07:55.490,-0.006,-0.015,0.975,8.85,11.902,0.916, , , , , , ,-2.274,-1.148,-114.5
 12:21:39.379,eb:33:2e:f9:57:b5, 2015-01-01 00:07:55.490,-0.007,-0.011,0.983,8.484,10.803,0.488, , , , , , ,-2.225,-1.093,-114.494
 12:21:39.379,eb:33:2e:f9:57:b5, 2015-01-01 00:07:55.490,0.005,-0.007,0.982,7.812,9.766,0, , , , , , ,-2.186,-1.038,-114.494
 12:21:39.379,eb:33:2e:f9:57:b5, 2015-01-01 00:07:55.490,0.006,-0.007,0.99,7.141,9.155,-0.671, , , , , , ,-2.148,-0.994,-114.5
 12:21:39.379,eb:33:2e:f9:57:b5, 2015-01-01 00:07:55.490,0.002,-0.014,0.998,6.836,9.155,-0.732, , , , , , ,-2.115,-0.95,-114.505
 12:21:39.379,eb:33:2e:f9:57:b5, 2015-01-01 00:07:55.490,-0.005,-0.019,0.997,6.653,8.85,-1.099, , , , , , ,-2.076,-0.901,-114.51
 12:21:39.422,eb:33:2e:f9:57:b5, 2015-01-01 00:07:55.825,-0.012,-0.022,0.994,6.409,8.179,-1.221, , , , , , ,-2.043,-0.862,-114.516
 12:21:39.422,eb:33:2e:f9:57:b5, 2015-01-01 00:07:55.825,-0.008,-0.025,0.989,6.165,7.263,-1.099, , , , , , ,-2.016,-0.824,-114.521
 12:21:39.422,eb:33:2e:f9:57:b5, 2015-01-01 00:07:55.825,0.006,-0.026,0.996,6.042,6.592,-0.977, , , , , , ,-1.983,-0.791,-114.527
 12:21:39.422,eb:33:2e:f9:57:b5, 2015-01-01 00:07:55.825,0.004,-0.025,1.011,5.92,7.08,-0.488, , , , , , ,-1.95,-0.753,-114.532
 12:21:39.422,eb:33:2e:f9:57:b5, 2015-01-01 00:07:55.825,0.024,-0.018,1.007,6.042,7.202,-0.549, , , , , , ,-1.923,-0.72,-114.538
 12:21:39.422,eb:33:2e:f9:57:b5, 2015-01-01 00:07:55.825,0.016,-0.016,1.027,6.287,7.935,-1.099, , , , , , ,-1.89,-0.681,-114.543
 12:21:39.422,eb:33:2e:f9:57:b5, 2015-01-01 00:07:55.825,0.021,-0.015,1.013,6.226,8.728,-1.221, , , , , , ,-1.857,-0.637,-114.549
 12:21:39.422,eb:33:2e:f9:57:b5, 2015-01-01 00:07:55.825,0.022,-0.008,1.008,5.92,9.766,-1.282, , , , , , ,-1.824,-0.593,-114.554
 12:21:39.467,eb:33:2e:f9:57:b5, 2015-01-01 00:07:55.825,0.018,-0.009,1.011,5.737,10.498,-1.221, , , , , , ,-1.796,-0.538,-114.565
 12:21:39.467,eb:33:2e:f9:57:b5, 2015-01-01 00:07:55.825,0.004,-0.003,1.007,5.554,11.047,-1.526, , , , , , ,-1.769,-0.489,-114.571
 12:21:39.467,eb:33:2e:f9:57:b5, 2015-01-01 00:07:55.825,0.012,-0.01,0.995,5.371,10.986,-1.221, , , , , , ,-1.741,-0.434,-114.582
 12:21:39.467,eb:33:2e:f9:57:b5, 2015-01-01 00:07:55.825,0.008,0,0.997,5.066,11.23,-1.221, , , , , , ,-1.708,-0.379,-114.587
 12:21:39.467,eb:33:2e:f9:57:b5, 2015-01-01 00:07:55.825,0.002,-0.003,0.994,4.639,11.719,-1.282, , , , , , ,-1.686,-0.319,-114.593
 12:21:39.467,eb:33:2e:f9:57:b5, 2015-01-01 00:07:55.825,0.005,-0.006,0.992,4.15,11.719,-1.282, , , , , , ,-1.664,-0.264,-114.604
 12:21:39.467,eb:33:2e:f9:57:b5, 2015-01-01 00:07:55.825,-0.002,-0.003,0.993,3.601,11.902,-1.343, , , , , , ,-1.648,-0.203,-114.609
 12:21:39.467,eb:33:2e:f9:57:b5, 2015-01-01 00:07:55.825,0.004,-0.003,0.994,3.357,11.597,-1.343, , , , , , ,-1.626,-0.143,-114.615
 12:21:39.535,eb:33:2e:f9:57:b5, 2015-01-01 00:07:55.825,-0.021,-0.005,1,3.235,12.268,-1.709, , , , , , ,-1.609,-0.082,-114.626
 12:21:39.535,eb:33:2e:f9:57:b5, 2015-01-01 00:07:55.825,-0.013,-0.018,0.983,3.296,11.292,-1.526, , , , , , ,-1.593,-0.027,-114.637
 12:21:39.535,eb:33:2e:f9:57:b5, 2015-01-01 00:07:55.825,-0.014,-0.005,0.983,3.113,10.864,-1.465, , , , , , ,-1.577,0.022,-114.642
 12:21:39.535,eb:33:2e:f9:57:b5, 2015-01-01 00:07:55.825,-0.028,-0.016,0.988,3.235,10.376,-1.648, , , , , , ,-1.555,0.077,-114.653
 12:21:39.535,eb:33:2e:f9:57:b5, 2015-01-01 00:07:55.825,-0.014,-0.016,0.981,3.357,9.216,-1.404, , , , , , ,-1.538,0.126,-114.659
 12:21:39.535,eb:33:2e:f9:57:b5, 2015-01-01 00:07:55.825,-0.005,-0.006,0.982,3.174,8.484,-1.465, , , , , , ,-1.527,0.17,-114.67
 12:21:39.536,eb:33:2e:f9:57:b5, 2015-01-01 00:07:55.825,0,-0.011,0.991,2.808,8.728,-1.282, , , , , , ,-1.511,0.209,-114.675
 12:21:39.536,eb:33:2e:f9:57:b5, 2015-01-01 00:07:55.825,-0.005,-0.003,1.005,3.052,8.545,-1.648, , , , , , ,-1.489,0.253,-114.686
 12:21:39.538,eb:33:2e:f9:57:b5, 2015-01-01 00:07:55.825,0,-0.005,0.999,2.93,9.155,-1.709, , , , , , ,-1.478,0.297,-114.692
 12:21:39.538,eb:33:2e:f9:57:b5, 2015-01-01 00:07:55.825,0.006,0.003,1,2.808,9.521,-1.831, , , , , , ,-1.461,0.346,-114.703
 12:21:39.538,eb:33:2e:f9:57:b5, 2015-01-01 00:07:55.825,0.006,0.004,0.995,2.686,8.118,-3.601, , , , , , ,-1.45,0.39,-114.719
 12:21:39.538,eb:33:2e:f9:57:b5, 2015-01-01 00:07:55.825,0.015,-0.013,1.011,2.93,10.01,-2.075, , , , , , ,-1.428,0.434,-114.73
 12:21:39.538,eb:33:2e:f9:57:b5, 2015-01-01 00:07:55.825,-0.006,0,1.017,3.174,11.23,-2.502, , , , , , ,-1.417,0.489,-114.741
 12:21:39.538,eb:33:2e:f9:57:b5, 2015-01-01 00:07:55.825,-0.029,0,0.998,3.235,11.108,-2.991, , , , , , ,-1.401,0.544,-114.758
 12:21:39.538,eb:33:2e:f9:57:b5, 2015-01-01 00:07:55.825,0.027,-0.005,0.997,3.723,8.972,-3.662, , , , , , ,-1.384,0.588,-114.78
 12:21:39.538,eb:33:2e:f9:57:b5, 2015-01-01 00:07:55.825,0.006,0.017,1.014,3.601,10.986,-4.822, , , , , , ,-1.362,0.643,-114.796
 12:21:39.602,eb:33:2e:f9:57:b5, 2015-01-01 00:07:55.825,0.026,-0.005,1.02,4.272,11.169,-5.493, , , , , , ,-1.34,0.698,-114.829
 12:21:39.602,eb:33:2e:f9:57:b5, 2015-01-01 00:07:55.825,0.026,0.021,1.015,4.578,12.329,-6.714, , , , , , ,-1.318,0.758,-114.857
 12:21:39.603,eb:33:2e:f9:57:b5, 2015-01-01 00:07:55.825,0.027,0.012,1.043,5.066,14.526,-7.935, , , , , , ,-1.296,0.824,-114.895
 12:21:39.603,eb:33:2e:f9:57:b5, 2015-01-01 00:07:55.825,0.034,0.007,1.041,5.676,16.724,-8.911, , , , , , ,-1.263,0.901,-114.939
 12:21:39.603,eb:33:2e:f9:57:b5, 2015-01-01 00:07:55.825,-0.002,0.028,1.017,5.676,18.738,-10.254, , , , , , ,-1.236,0.989,-114.988
 12:21:39.603,eb:33:2e:f9:57:b5, 2015-01-01 00:07:55.825,0.011,0.015,0.996,5.676,18.188,-11.719, , , , , , ,-1.208,1.082,-115.049
 12:21:39.603,eb:33:2e:f9:57:b5, 2015-01-01 00:07:55.825,0.001,0.021,1.002,6.042,19.714,-11.902, , , , , , ,-1.181,1.181,-115.109
 12:21:39.603,eb:33:2e:f9:57:b5, 2015-01-01 00:07:55.825,-0.011,0.014,1.004,6.165,20.02,-12.634, , , , , , ,-1.148,1.28,-115.17
 12:21:39.625,eb:33:2e:f9:57:b5, 2015-01-01 00:07:55.825,-0.021,0.007,0.999,6.104,20.447,-12.817, , , , , , ,-1.121,1.379,-115.236
 12:21:39.625,eb:33:2e:f9:57:b5, 2015-01-01 00:07:55.825,-0.037,-0.001,1.015,6.287,20.63,-12.817, , , , , , ,-1.093,1.478,-115.302
 12:21:39.625,eb:33:2e:f9:57:b5, 2015-01-01 00:07:55.825,-0.024,-0.014,1.012,6.714,20.447,-12.573, , , , , , ,-1.06,1.582,-115.367
 12:21:39.625,eb:33:2e:f9:57:b5, 2015-01-01 00:07:55.825,-0.067,-0.008,1.024,7.324,20.691,-12.634, , , , , , ,-1.022,1.686,-115.428
 12:21:39.625,eb:33:2e:f9:57:b5, 2015-01-01 00:07:55.825,-0.068,-0.028,1.009,7.996,19.897,-12.024, , , , , , ,-0.989,1.785,-115.494
 12:21:39.625,eb:33:2e:f9:57:b5, 2015-01-01 00:07:55.825,-0.086,-0.038,1.039,9.399,19.226,-11.414, , , , , , ,-0.945,1.879,-115.549
 12:21:39.625,eb:33:2e:f9:57:b5, 2015-01-01 00:07:55.825,-0.087,-0.051,1.051,12.085,17.273,-10.803, , , , , , ,-0.895,1.972,-115.609
 12:21:39.625,eb:33:2e:f9:57:b5, 2015-01-01 00:07:55.825,-0.093,-0.076,1.1,15.991,15.381,-10.132, , , , , , ,-0.818,2.049,-115.659
 12:21:39.671,eb:33:2e:f9:57:b5, 2015-01-01 00:07:55.825,-0.068,-0.059,1.06,19.653,12.268,-9.644, , , , , , ,-0.731,2.115,-115.708
 12:21:39.671,eb:33:2e:f9:57:b5, 2015-01-01 00:07:55.825,-0.067,-0.037,1.052,22.156,10.62,-9.46, , , , , , ,-0.626,2.17,-115.757
 12:21:39.671,eb:33:2e:f9:57:b5, 2015-01-01 00:07:55.825,-0.062,-0.028,1.04,24.658,8.423,-8.911, , , , , , ,-0.511,2.219,-115.801
 12:21:39.671,eb:33:2e:f9:57:b5, 2015-01-01 00:07:55.825,-0.086,-0.038,1.074,26.733,7.446,-9.033, , , , , , ,-0.379,2.258,-115.845
 12:21:39.671,eb:33:2e:f9:57:b5, 2015-01-01 00:07:55.825,-0.083,-0.057,1.082,29.175,6.531,-8.057, , , , , , ,-0.236,2.291,-115.889
 12:21:39.671,eb:33:2e:f9:57:b5, 2015-01-01 00:07:55.825,-0.087,-0.052,1.104,31.982,5.554,-7.385, , , , , , ,-0.088,2.324,-115.928
 12:21:39.672,eb:33:2e:f9:57:b5, 2015-01-01 00:07:55.825,-0.055,-0.066,1.126,35.583,4.456,-6.287, , , , , , ,0.077,2.346,-115.961
 12:21:39.672,eb:33:2e:f9:57:b5, 2015-01-01 00:07:55.825,-0.027,-0.056,1.165,38.452,5.249,-5.31, , , , , , ,0.269,2.373,-115.988
 12:21:39.715,eb:33:2e:f9:57:b5, 2015-01-01 00:07:55.825,0,-0.055,1.253,40.649,8.972,-3.906, , , , , , ,0.467,2.406,-116.01
 12:21:39.715,eb:33:2e:f9:57:b5, 2015-01-01 00:07:55.825,0.025,-0.096,1.403,46.936,15.869,-2.93, , , , , , ,0.681,2.472,-116.027
 12:21:39.715,eb:33:2e:f9:57:b5, 2015-01-01 00:07:55.825,0.046,-0.071,1.383,53.589,19.836,-3.845, , , , , , ,0.934,2.565,-116.043
 12:21:39.715,eb:33:2e:f9:57:b5, 2015-01-01 00:07:55.825,0.016,-0.063,1.437,59.326,25.757,-4.089, , , , , , ,1.225,2.681,-116.06
 12:21:39.715,eb:33:2e:f9:57:b5, 2015-01-01 00:07:55.825,0.038,-0.068,1.422,66.833,29.358,-4.822, , , , , , ,1.544,2.823,-116.076
 12:21:39.715,eb:33:2e:f9:57:b5, 2015-01-01 00:07:55.825,0.022,-0.045,1.402,74.524,31.921,-6.531, , , , , , ,1.895,2.977,-116.098
 12:21:39.715,eb:33:2e:f9:57:b5, 2015-01-01 00:07:55.825,0.008,-0.053,1.392,82.52,33.569,-7.324, , , , , , ,2.291,3.142,-116.131
 12:21:39.715,eb:33:2e:f9:57:b5, 2015-01-01 00:07:55.825,-0.029,-0.068,1.397,90.82,34.973,-8.362, , , , , , ,2.73,3.318,-116.158
 12:21:39.737,eb:33:2e:f9:57:b5, 2015-01-01 00:07:56.205,-0.056,-0.09,1.41,99.487,36.133,-8.667, , , , , , ,3.208,3.499,-116.191
 12:21:39.737,eb:33:2e:f9:57:b5, 2015-01-01 00:07:56.205,-0.037,-0.117,1.454,109.253,36.926,-8.606, , , , , , ,3.73,3.686,-116.224
 12:21:39.737,eb:33:2e:f9:57:b5, 2015-01-01 00:07:56.205,-0.002,-0.079,1.438,119.507,35.889,-8.85, , , , , , ,4.307,3.867,-116.257
 12:21:39.737,eb:33:2e:f9:57:b5, 2015-01-01 00:07:56.205,-0.021,-0.048,1.386,129.944,34.302,-10.62, , , , , , ,4.938,4.048,-116.29
 12:21:39.737,eb:33:2e:f9:57:b5, 2015-01-01 00:07:56.205,-0.033,-0.073,1.408,139.465,34.912,-11.292, , , , , , ,5.614,4.224,-116.329
 12:21:39.738,eb:33:2e:f9:57:b5, 2015-01-01 00:07:56.205,-0.024,-0.095,1.435,149.109,35.522,-11.475, , , , , , ,6.334,4.406,-116.367
 12:21:39.738,eb:33:2e:f9:57:b5, 2015-01-01 00:07:56.205,-0.033,-0.108,1.495,159.18,36.682,-11.597, , , , , , ,7.108,4.592,-116.406
 12:21:39.738,eb:33:2e:f9:57:b5, 2015-01-01 00:07:56.205,-0.034,-0.116,1.518,168.091,39.246,-10.437, , , , , , ,7.932,4.79,-116.433
 12:21:39.782,eb:33:2e:f9:57:b5, 2015-01-01 00:07:56.205,-0.029,-0.117,1.619,178.65,42.542,-10.132, , , , , , ,8.8,4.999,-116.455
 12:21:39.782,eb:33:2e:f9:57:b5, 2015-01-01 00:07:56.205,-0.022,-0.152,1.668,188.66,46.509,-8.667, , , , , , ,9.723,5.229,-116.461
 12:21:39.782,eb:33:2e:f9:57:b5, 2015-01-01 00:07:56.205,0.015,-0.201,1.713,200.928,50.598,-7.751, , , , , , ,10.701,5.477,-116.455
 12:21:39.782,eb:33:2e:f9:57:b5, 2015-01-01 00:07:56.205,0.075,-0.166,1.801,214.661,55.176,-8.118, , , , , , ,11.75,5.746,-116.444
 12:21:39.782,eb:33:2e:f9:57:b5, 2015-01-01 00:07:56.205,0.139,-0.176,1.917,231.079,60.364,-10.498, , , , , , ,12.876,6.037,-116.428
 12:21:39.782,eb:33:2e:f9:57:b5, 2015-01-01 00:07:56.205,0.169,-0.168,1.94,247.009,67.81,-12.756, , , , , , ,14.079,6.367,-116.406
 12:21:39.782,eb:33:2e:f9:57:b5, 2015-01-01 00:07:56.205,0.22,-0.145,2.033,264.771,75.073,-16.052, , , , , , ,15.364,6.735,-116.389
 12:21:39.782,eb:33:2e:f9:57:b5, 2015-01-01 00:07:56.205,0.196,-0.142,2.153,285.034,79.651,-20.447, , , , , , ,16.754,7.136,-116.367
 12:21:39.827,eb:33:2e:f9:57:b5, 2015-01-01 00:07:56.205,0.28,-0.232,2.211,305.42,81.97,-24.353, , , , , , ,18.243,7.559,-116.356
 12:21:39.827,eb:33:2e:f9:57:b5, 2015-01-01 00:07:56.205,0.447,-0.202,2.511,327.759,89.966,-28.687, , , , , , ,19.836,8.009,-116.34
 12:21:39.827,eb:33:2e:f9:57:b5, 2015-01-01 00:07:56.205,0.466,-0.181,2.564,350.647,99.487,-35.95, , , , , , ,21.544,8.514,-116.323
 12:21:39.827,eb:33:2e:f9:57:b5, 2015-01-01 00:07:56.205,0.48,-0.097,2.699,366.882,111.633,-41.26, , , , , , ,23.357,9.08,-116.301
 12:21:39.828,eb:33:2e:f9:57:b5, 2015-01-01 00:07:56.205,0.355,-0.143,2.978,378.967,134.338,-46.875, , , , , , ,25.236,9.734,-116.252
 12:21:39.828,eb:33:2e:f9:57:b5, 2015-01-01 00:07:56.205,0.41,-0.195,2.949,388,154.175,-47.058, , , , , , ,27.18,10.503,-116.131
 12:21:39.828,eb:33:2e:f9:57:b5, 2015-01-01 00:07:56.205,0.566,0.046,2.793,405.823,152.954,-55.786, , , , , , ,29.196,11.305,-115.994
 12:21:39.828,eb:33:2e:f9:57:b5, 2015-01-01 00:07:56.205,0.4,-0.132,2.774,419.617,157.898,-59.387, , , , , , ,31.295,12.118,-115.851
 12:21:39.873,eb:33:2e:f9:57:b5, 2015-01-01 00:07:56.205,0.447,-0.194,2.739,437.378,153.503,-62.622, , , , , , ,33.481,12.947,-115.681
 12:21:39.873,eb:33:2e:f9:57:b5, 2015-01-01 00:07:56.205,0.409,-0.038,2.42,445.129,133.24,-68.97, , , , , , ,35.728,13.716,-115.554
 12:21:39.873,eb:33:2e:f9:57:b5, 2015-01-01 00:07:56.205,0.532,-0.282,3.058,445.801,136.78,-68.054, , , , , , ,37.985,14.458,-115.417
 12:21:39.873,eb:33:2e:f9:57:b5, 2015-01-01 00:07:56.205,0.63,-0.254,2.906,450.012,139.038,-75.378, , , , , , ,40.265,15.216,-115.263
 12:21:39.873,eb:33:2e:f9:57:b5, 2015-01-01 00:07:56.205,0.71,-0.212,2.69,450.134,141.052,-78.43, , , , , , ,42.567,16.002,-115.071
 12:21:39.873,eb:33:2e:f9:57:b5, 2015-01-01 00:07:56.205,0.854,-0.271,2.499,449.951,136.841,-87.524, , , , , , ,44.868,16.787,-114.89
 12:21:39.873,eb:33:2e:f9:57:b5, 2015-01-01 00:07:56.205,0.776,-0.572,2.706,440.674,153.931,-90.637, , , , , , ,47.153,17.622,-114.67
 12:21:39.873,eb:33:2e:f9:57:b5, 2015-01-01 00:07:56.205,0.951,-1.023,2.744,440.735,170.593,-92.041, , , , , , ,49.444,18.506,-114.346
 12:21:39.940,eb:33:2e:f9:57:b5, 2015-01-01 00:07:56.205,1.277,-1.375,2.659,450.073,185.791,-98.083, , , , , , ,51.812,19.44,-113.934
 12:21:39.940,eb:33:2e:f9:57:b5, 2015-01-01 00:07:56.205,1.483,-1.826,2.347,460.938,203.43,-102.234, , , , , , ,54.267,20.435,-113.417
 12:21:39.940,eb:33:2e:f9:57:b5, 2015-01-01 00:07:56.205,1.624,-1.672,2.212,479.248,225.281,-113.647, , , , , , ,56.843,21.495,-112.791
 12:21:39.940,eb:33:2e:f9:57:b5, 2015-01-01 00:07:56.205,1.512,-1.688,2.054,513.306,245.422,-131.531, , , , , , ,59.606,22.637,-112.061
 12:21:39.940,eb:33:2e:f9:57:b5, 2015-01-01 00:07:56.205,0.807,-1.142,0.913,499.084,254.456,-148.926, , , , , , ,62.49,23.868,-111.237
 12:21:39.940,eb:33:2e:f9:57:b5, 2015-01-01 00:07:56.205,-0.006,-0.248,-0.844,409.302,230.774,-153.015, , , , , , ,65.083,25.093,-110.396
 12:21:39.940,eb:33:2e:f9:57:b5, 2015-01-01 00:07:56.205,-0.147,-0.02,-2.363,271.912,173.706,-143.372, , , , , , ,67.017,26.175,-109.726
 12:21:39.940,eb:33:2e:f9:57:b5, 2015-01-01 00:07:56.205,-0.061,-0.423,-2.495,121.704,114.136,-124.084, , , , , , ,68.104,27.043,-109.303
 12:21:39.942,eb:33:2e:f9:57:b5, 2015-01-01 00:07:56.205,0.249,-0.775,-1.962,-17.578,56.152,-102.722, , , , , , ,68.368,27.702,-109.127
 12:21:39.942,eb:33:2e:f9:57:b5, 2015-01-01 00:07:56.205,0.431,-0.949,-0.957,-127.136,13.794,-84.412, , , , , , ,67.917,28.18,-109.16
 12:21:39.942,eb:33:2e:f9:57:b5, 2015-01-01 00:07:56.205,0.474,-1.054,-0.123,-199.89,-14.893,-68.665, , , , , , ,66.962,28.521,-109.347
 12:21:39.942,eb:33:2e:f9:57:b5, 2015-01-01 00:07:56.205,0.54,-1.136,0.456,-236.938,-34.546,-56.824, , , , , , ,65.687,28.74,-109.638
 12:21:39.942,eb:33:2e:f9:57:b5, 2015-01-01 00:07:56.205,0.643,-1.169,0.902,-247.192,-42.786,-48.035, , , , , , ,64.303,28.883,-109.973
 12:21:39.942,eb:33:2e:f9:57:b5, 2015-01-01 00:07:56.205,0.67,-1.121,1.249,-240.295,-38.635,-41.809, , , , , , ,62.924,28.993,-110.286
 12:21:39.942,eb:33:2e:f9:57:b5, 2015-01-01 00:07:56.205,0.628,-0.974,1.353,-224.915,-28.625,-37.109, , , , , , ,61.639,29.086,-110.561
 12:21:39.943,eb:33:2e:f9:57:b5, 2015-01-01 00:07:56.205,0.521,-0.759,1.201,-208.74,-19.287,-33.02, , , , , , ,60.441,29.174,-110.781
 12:21:39.985,eb:33:2e:f9:57:b5, 2015-01-01 00:07:56.205,0.427,-0.561,0.838,-196.228,-17.395,-29.663, , , , , , ,59.354,29.268,-110.956
 12:21:39.985,eb:33:2e:f9:57:b5, 2015-01-01 00:07:56.205,0.364,-0.478,0.474,-189.758,-22.827,-24.841, , , , , , ,58.304,29.328,-111.132
 12:21:39.985,eb:33:2e:f9:57:b5, 2015-01-01 00:07:56.205,0.333,-0.497,0.201,-189.087,-33.081,-18.433, , , , , , ,57.261,29.344,-111.335
 12:21:39.985,eb:33:2e:f9:57:b5, 2015-01-01 00:07:56.205,0.327,-0.546,0.027,-193.665,-46.448,-10.559, , , , , , ,56.168,29.279,-111.588
 12:21:39.985,eb:33:2e:f9:57:b5, 2015-01-01 00:07:56.205,0.317,-0.571,-0.059,-203.186,-61.462,-2.075, , , , , , ,55.036,29.147,-111.868
 12:21:39.985,eb:33:2e:f9:57:b5, 2015-01-01 00:07:56.205,0.312,-0.586,-0.086,-216.37,-77.576,7.202, , , , , , ,53.822,28.927,-112.181
 12:21:39.985,eb:33:2e:f9:57:b5, 2015-01-01 00:07:56.205,0.326,-0.616,-0.057,-231.018,-93.567,16.907, , , , , , ,52.526,28.608,-112.538
 12:21:39.985,eb:33:2e:f9:57:b5, 2015-01-01 00:07:56.205,0.365,-0.645,0.037,-244.995,-107.788,26.245, , , , , , ,51.13,28.196,-112.928
 12:21:40.030,eb:33:2e:f9:57:b5, 2015-01-01 00:07:56.205,0.414,-0.658,0.148,-257.385,-119.873,35.156, , , , , , ,49.686,27.708,-113.318
 12:21:40.030,eb:33:2e:f9:57:b5, 2015-01-01 00:07:56.205,0.45,-0.648,0.286,-267.456,-129.15,43.274, , , , , , ,48.192,27.142,-113.698
 12:21:40.030,eb:33:2e:f9:57:b5, 2015-01-01 00:07:56.205,0.472,-0.629,0.409,-275.146,-136.536,50.049, , , , , , ,46.659,26.516,-114.071
 12:21:40.030,eb:33:2e:f9:57:b5, 2015-01-01 00:07:56.205,0.491,-0.602,0.506,-281.189,-142.944,55.786, , , , , , ,45.088,25.829,-114.434
 12:21:40.030,eb:33:2e:f9:57:b5, 2015-01-01 00:07:56.205,0.5,-0.563,0.588,-287.781,-150.208,61.218, , , , , , ,43.522,25.093,-114.769
 12:21:40.030,eb:33:2e:f9:57:b5, 2015-01-01 00:07:56.205,0.517,-0.527,0.628,-294.312,-156.25,64.697, , , , , , ,41.929,24.313,-115.087
 12:21:40.030,eb:33:2e:f9:57:b5, 2015-01-01 00:07:56.205,0.543,-0.489,0.667,-302.063,-161.804,66.956, , , , , , ,40.309,23.494,-115.389
 12:21:40.030,eb:33:2e:f9:57:b5, 2015-01-01 00:07:56.205,0.57,-0.448,0.721,-310.486,-166.626,67.993, , , , , , ,38.644,22.632,-115.686
 12:21:40.074,eb:33:2e:f9:57:b5, 2015-01-01 00:07:56.520,0.586,-0.409,0.783,-318.298,-171.326,67.383, , , , , , ,36.964,21.753,-115.955
 12:21:40.074,eb:33:2e:f9:57:b5, 2015-01-01 00:07:56.520,0.601,-0.368,0.836,-324.829,-176.208,65.308, , , , , , ,35.255,20.852,-116.219
 12:21:40.074,eb:33:2e:f9:57:b5, 2015-01-01 00:07:56.520,0.616,-0.328,0.899,-329.712,-180.969,61.951, , , , , , ,33.525,19.935,-116.477
 12:21:40.074,eb:33:2e:f9:57:b5, 2015-01-01 00:07:56.520,0.624,-0.292,0.975,-332.581,-185.486,57.495, , , , , , ,31.761,18.99,-116.752
 12:21:40.074,eb:33:2e:f9:57:b5, 2015-01-01 00:07:56.520,0.626,-0.257,1.059,-333.618,-189.575,52.124, , , , , , ,30.009,18.045,-117.015
 12:21:40.074,eb:33:2e:f9:57:b5, 2015-01-01 00:07:56.520,0.618,-0.218,1.137,-333.313,-193.115,45.837, , , , , , ,28.262,17.089,-117.279
 12:21:40.074,eb:33:2e:f9:57:b5, 2015-01-01 00:07:56.520,0.604,-0.169,1.201,-332.031,-196.655,39.062, , , , , , ,26.516,16.122,-117.554
 12:21:40.074,eb:33:2e:f9:57:b5, 2015-01-01 00:07:56.520,0.574,-0.123,1.263,-329.895,-200.439,31.555, , , , , , ,24.769,15.139,-117.85
 12:21:40.123,eb:33:2e:f9:57:b5, 2015-01-01 00:07:56.520,0.562,-0.07,1.327,-327.393,-204.773,23.926, , , , , , ,23.049,14.156,-118.147
 12:21:40.123,eb:33:2e:f9:57:b5, 2015-01-01 00:07:56.520,0.514,-0.013,1.413,-325.012,-209.167,15.869, , , , , , ,21.346,13.156,-118.455
 12:21:40.123,eb:33:2e:f9:57:b5, 2015-01-01 00:07:56.520,0.458,0.024,1.485,-322.815,-213.318,10.62, , , , , , ,19.655,12.14,-118.779
 12:21:40.123,eb:33:2e:f9:57:b5, 2015-01-01 00:07:56.520,0.431,0.044,1.563,-323.242,-217.59,2.869, , , , , , ,17.952,11.096,-119.119
 12:21:40.123,eb:33:2e:f9:57:b5, 2015-01-01 00:07:56.520,0.418,0.086,1.643,-324.463,-220.52,-2.563, , , , , , ,16.271,10.052,-119.449
 12:21:40.123,eb:33:2e:f9:57:b5, 2015-01-01 00:07:56.520,0.383,0.054,1.622,-325.745,-227.295,-8.24, , , , , , ,14.59,8.97,-119.778
 12:21:40.123,eb:33:2e:f9:57:b5, 2015-01-01 00:07:56.520,0.357,0.016,1.669,-327.271,-233.215,-11.902, , , , , , ,12.909,7.866,-120.108
 12:21:40.123,eb:33:2e:f9:57:b5, 2015-01-01 00:07:56.520,0.307,-0.015,1.756,-328.43,-237.732,-14.343, , , , , , ,11.206,6.707,-120.427
 12:21:40.143,eb:33:2e:f9:57:b5, 2015-01-01 00:07:56.520,0.229,-0.035,1.853,-328.674,-242.065,-15.198, , , , , , ,9.531,5.537,-120.723
 12:21:40.143,eb:33:2e:f9:57:b5, 2015-01-01 00:07:56.520,0.189,-0.062,1.931,-327.515,-247.437,-14.221, , , , , , ,7.872,4.34,-120.976
 12:21:40.143,eb:33:2e:f9:57:b5, 2015-01-01 00:07:56.520,0.143,-0.068,2.053,-325.378,-250.488,-12.207, , , , , , ,6.224,3.104,-121.196
 12:21:40.143,eb:33:2e:f9:57:b5, 2015-01-01 00:07:56.520,0.065,-0.058,2.163,-322.693,-251.648,-7.507, , , , , , ,4.576,1.84,-121.371
 12:21:40.143,eb:33:2e:f9:57:b5, 2015-01-01 00:07:56.520,0.004,-0.035,2.253,-319.214,-252.625,-2.197, , , , , , ,2.972,0.582,-121.476
 12:21:40.143,eb:33:2e:f9:57:b5, 2015-01-01 00:07:56.520,-0.062,0.005,2.337,-315.735,-253.784,3.967, , , , , , ,1.384,-0.676,-121.514
 12:21:40.143,eb:33:2e:f9:57:b5, 2015-01-01 00:07:56.520,-0.101,0.049,2.389,-312.561,-254.639,10.986, , , , , , ,-0.181,-1.95,-121.487
 12:21:40.143,eb:33:2e:f9:57:b5, 2015-01-01 00:07:56.520,-0.129,0.108,2.448,-309.57,-253.784,18.616, , , , , , ,-1.758,-3.235,-121.388
 12:21:40.187,eb:33:2e:f9:57:b5, 2015-01-01 00:07:56.520,-0.179,0.177,2.511,-306.274,-251.831,25.94, , , , , , ,-3.312,-4.493,-121.218
 12:21:40.187,eb:33:2e:f9:57:b5, 2015-01-01 00:07:56.520,-0.19,0.254,2.54,-301.758,-250.549,32.654, , , , , , ,-4.85,-5.735,-120.976
 12:21:40.187,eb:33:2e:f9:57:b5, 2015-01-01 00:07:56.520,-0.209,0.367,2.59,-296.387,-247.925,38.391, , , , , , ,-6.378,-6.954,-120.674
 12:21:40.187,eb:33:2e:f9:57:b5, 2015-01-01 00:07:56.520,-0.257,0.519,2.631,-290.283,-244.324,42.48, , , , , , ,-7.91,-8.168,-120.317
 12:21:40.187,eb:33:2e:f9:57:b5, 2015-01-01 00:07:56.520,-0.319,0.694,2.667,-282.959,-239.624,45.41, , , , , , ,-9.404,-9.327,-119.905
 12:21:40.187,eb:33:2e:f9:57:b5, 2015-01-01 00:07:56.520,-0.439,0.883,2.711,-273.682,-235.107,45.959, , , , , , ,-10.865,-10.453,-119.465
 12:21:40.187,eb:33:2e:f9:57:b5, 2015-01-01 00:07:56.520,-0.604,1.134,2.747,-258.423,-229.004,43.579, , , , , , ,-12.283,-11.541,-119.004
 12:21:40.187,eb:33:2e:f9:57:b5, 2015-01-01 00:07:56.520,-0.721,1.37,2.731,-241.028,-224.976,39.062, , , , , , ,-13.64,-12.612,-118.537
 12:21:40.232,eb:33:2e:f9:57:b5, 2015-01-01 00:07:56.520,-0.789,1.639,2.738,-221.008,-219.91,32.104, , , , , , ,-14.886,-13.651,-118.081
 12:21:40.232,eb:33:2e:f9:57:b5, 2015-01-01 00:07:56.520,-0.897,1.875,2.763,-201.416,-209.595,23.743, , , , , , ,-16.04,-14.645,-117.653
 12:21:40.232,eb:33:2e:f9:57:b5, 2015-01-01 00:07:56.520,-1.037,2.032,2.738,-183.105,-193.604,15.381, , , , , , ,-17.095,-15.579,-117.263
 12:21:40.232,eb:33:2e:f9:57:b5, 2015-01-01 00:07:56.520,-1.147,2.105,2.658,-166.382,-173.157,8.606, , , , , , ,-18.067,-16.441,-116.922
 12:21:40.232,eb:33:2e:f9:57:b5, 2015-01-01 00:07:56.520,-1.25,2.16,2.586,-150.818,-148.01,4.272, , , , , , ,-18.935,-17.183,-116.631
 12:21:40.232,eb:33:2e:f9:57:b5, 2015-01-01 00:07:56.520,-1.326,2.23,2.502,-135.559,-121.033,2.014, , , , , , ,-19.72,-17.803,-116.389
 12:21:40.232,eb:33:2e:f9:57:b5, 2015-01-01 00:07:56.520,-1.406,2.344,2.419,-120.178,-93.933,1.404, , , , , , ,-20.413,-18.292,-116.191
 12:21:40.232,eb:33:2e:f9:57:b5, 2015-01-01 00:07:56.520,-1.466,2.475,2.292,-104.309,-70.374,1.038, , , , , , ,-21.022,-18.666,-116.032
 12:21:40.277,eb:33:2e:f9:57:b5, 2015-01-01 00:07:56.520,-1.513,2.594,2.106,-87.463,-52.368,0.61, , , , , , ,-21.533,-18.94,-115.917
 12:21:40.277,eb:33:2e:f9:57:b5, 2015-01-01 00:07:56.520,-1.582,2.685,1.861,-69.275,-41.26,-0.366, , , , , , ,-21.945,-19.149,-115.829
 12:21:40.277,eb:33:2e:f9:57:b5, 2015-01-01 00:07:56.520,-1.61,2.769,1.627,-49.072,-37.231,-2.258, , , , , , ,-22.258,-19.33,-115.757
 12:21:40.277,eb:33:2e:f9:57:b5, 2015-01-01 00:07:56.520,-1.601,2.824,1.553,-26.917,-34.851,-4.272, , , , , , ,-22.462,-19.512,-115.703
 12:21:40.277,eb:33:2e:f9:57:b5, 2015-01-01 00:07:56.520,-1.597,2.808,1.619,-3.967,-27.954,-5.188, , , , , , ,-22.538,-19.666,-115.664
 12:21:40.277,eb:33:2e:f9:57:b5, 2015-01-01 00:07:56.520,-1.634,2.736,1.693,18.25,-14.893,-3.784, , , , , , ,-22.5,-19.77,-115.642
 12:21:40.277,eb:33:2e:f9:57:b5, 2015-01-01 00:07:56.520,-1.672,2.606,1.714,39.429,0.916,0.549, , , , , , ,-22.346,-19.797,-115.637
 12:21:40.277,eb:33:2e:f9:57:b5, 2015-01-01 00:07:56.520,-1.693,2.429,1.692,58.716,15.991,8.606, , , , , , ,-22.088,-19.742,-115.631
 12:21:40.323,eb:33:2e:f9:57:b5, 2015-01-01 00:07:56.520,-1.662,2.222,1.63,75.623,28.198,19.714, , , , , , ,-21.753,-19.605,-115.604
 12:21:40.323,eb:33:2e:f9:57:b5, 2015-01-01 00:07:56.520,-1.583,2.008,1.565,90.027,37.781,33.447, , , , , , ,-21.357,-19.396,-115.532
 12:21:40.323,eb:33:2e:f9:57:b5, 2015-01-01 00:07:56.520,-1.493,1.8,1.515,101.929,45.227,49.316, , , , , , ,-20.912,-19.122,-115.406
 12:21:40.323,eb:33:2e:f9:57:b5, 2015-01-01 00:07:56.520,-1.273,1.603,1.471,112.488,49.377,66.162, , , , , , ,-20.429,-18.792,-115.197
 12:21:40.323,eb:33:2e:f9:57:b5, 2015-01-01 00:07:56.520,1.448,1.349,1.743,149.719,49.927,51.453, , , , , , ,-19.88,-18.452,-114.95
 12:21:40.323,eb:33:2e:f9:57:b5, 2015-01-01 00:07:56.520,0.764,-1.645,7.374,205.078,221.069,85.449, , , , , , ,-18.885,-17.556,-114.922
 12:21:40.323,eb:33:2e:f9:57:b5, 2015-01-01 00:07:56.520,2.159,-1.646,0.861,206.421,214.111,92.041, , , , , , ,-17.886,-16.436,-114.818
 12:21:40.323,eb:33:2e:f9:57:b5, 2015-01-01 00:07:56.520,1.173,-1.682,1.074,214.844,248.718,73.73, , , , , , ,-16.826,-15.178,-114.818
 12:21:40.344,eb:33:2e:f9:57:b5, 2015-01-01 00:07:56.520,1.101,-0.981,1.224,221.68,257.507,77.881, , , , , , ,-15.738,-13.854,-114.824
 12:21:40.344,eb:33:2e:f9:57:b5, 2015-01-01 00:07:56.520,0.36,-1.085,1.095,238.586,277.71,84.961, , , , , , ,-14.584,-12.458,-114.769
 12:21:40.344,eb:33:2e:f9:57:b5, 2015-01-01 00:07:56.520,-0.46,0.153,1.521,230.286,300.964,84.656, , , , , , ,-13.431,-10.926,-114.719
 12:21:40.344,eb:33:2e:f9:57:b5, 2015-01-01 00:07:56.520,-0.727,-0.416,0.976,237.915,280.823,81.177, , , , , , ,-12.266,-9.421,-114.626
 12:21:40.344,eb:33:2e:f9:57:b5, 2015-01-01 00:07:56.520,-0.857,-0.092,1.025,241.638,249.939,60.913, , , , , , ,-11.074,-8.053,-114.554
 12:21:40.344,eb:33:2e:f9:57:b5, 2015-01-01 00:07:56.520,-0.846,-0.267,0.791,240.112,201.294,43.762, , , , , , ,-9.866,-6.927,-114.516
 12:21:40.344,eb:33:2e:f9:57:b5, 2015-01-01 00:07:56.520,-0.648,0.204,0.858,220.581,151.245,30.945, , , , , , ,-8.723,-6.053,-114.478
 12:21:40.344,eb:33:2e:f9:57:b5, 2015-01-01 00:07:56.520,-0.51,0.464,1.035,190.796,117.615,21.973, , , , , , ,-7.707,-5.394,-114.445
 12:21:40.389,eb:33:2e:f9:57:b5, 2015-01-01 00:07:56.810,-0.278,0.409,1.082,156.86,97.595,18.86, , , , , , ,-6.855,-4.861,-114.417
 12:21:40.389,eb:33:2e:f9:57:b5, 2015-01-01 00:07:56.810,0.007,0.421,1.291,122.62,86.121,29.602, , , , , , ,-6.18,-4.4,-114.34
 12:21:40.389,eb:33:2e:f9:57:b5, 2015-01-01 00:07:56.810,0.045,0.244,1.19,97.595,82.031,37.476, , , , , , ,-5.652,-3.972,-114.208
 12:21:40.389,eb:33:2e:f9:57:b5, 2015-01-01 00:07:56.810,-0.128,0.155,1.062,81.787,81.604,40.588, , , , , , ,-5.224,-3.538,-114.049
 12:21:40.389,eb:33:2e:f9:57:b5, 2015-01-01 00:07:56.810,-0.178,0.106,0.934,71.533,77.515,40.649, , , , , , ,-4.856,-3.126,-113.879
 12:21:40.389,eb:33:2e:f9:57:b5, 2015-01-01 00:07:56.810,-0.13,0.109,0.901,65.308,71.106,36.011, , , , , , ,-4.526,-2.747,-113.719
 12:21:40.389,eb:33:2e:f9:57:b5, 2015-01-01 00:07:56.810,-0.155,0.177,0.938,59.875,65.674,26.367, , , , , , ,-4.219,-2.395,-113.593
 12:21:40.389,eb:33:2e:f9:57:b5, 2015-01-01 00:07:56.810,-0.264,0.171,0.917,53.223,59.265,17.822, , , , , , ,-3.939,-2.076,-113.505
 12:21:40.434,eb:33:2e:f9:57:b5, 2015-01-01 00:07:56.810,-0.327,0.204,0.829,43.091,46.57,9.705, , , , , , ,-3.702,-1.807,-113.461
 12:21:40.434,eb:33:2e:f9:57:b5, 2015-01-01 00:07:56.810,-0.093,0.328,0.799,26.978,25.024,8.728, , , , , , ,-3.538,-1.637,-113.428
 12:21:40.434,eb:33:2e:f9:57:b5, 2015-01-01 00:07:56.810,-0.092,0.16,0.956,17.639,17.334,7.568, , , , , , ,-3.433,-1.538,-113.395
 12:21:40.434,eb:33:2e:f9:57:b5, 2015-01-01 00:07:56.810,0.005,-0.031,0.974,15.564,13.794,9.277, , , , , , ,-3.345,-1.461,-113.357
 12:21:40.434,eb:33:2e:f9:57:b5, 2015-01-01 00:07:56.810,-0.04,-0.06,1.005,16.296,13.794,8.789, , , , , , ,-3.268,-1.39,-113.313
 12:21:40.434,eb:33:2e:f9:57:b5, 2015-01-01 00:07:56.810,-0.068,0.021,0.965,15.381,10.681,5.31, , , , , , ,-3.192,-1.329,-113.286
 12:21:40.434,eb:33:2e:f9:57:b5, 2015-01-01 00:07:56.810,-0.001,0.002,0.961,14.282,7.446,3.052, , , , , , ,-3.12,-1.285,-113.269
 12:21:40.434,eb:33:2e:f9:57:b5, 2015-01-01 00:07:56.810,0.059,-0.022,1.002,13.489,7.324,3.052, , , , , , ,-3.043,-1.241,-113.253
 12:21:40.480,eb:33:2e:f9:57:b5, 2015-01-01 00:07:56.810,0.035,-0.009,1.034,12.512,10.254,3.357, , , , , , ,-2.977,-1.198,-113.236
 12:21:40.480,eb:33:2e:f9:57:b5, 2015-01-01 00:07:56.810,0.015,-0.007,1.016,11.597,11.963,2.991, , , , , , ,-2.917,-1.143,-113.225
 12:21:40.480,eb:33:2e:f9:57:b5, 2015-01-01 00:07:56.810,0.023,0.001,0.996,10.559,12.268,2.319, , , , , , ,-2.862,-1.082,-113.214
 12:21:40.480,eb:33:2e:f9:57:b5, 2015-01-01 00:07:56.810,0.028,0.012,0.996,9.216,12.878,1.892, , , , , , ,-2.807,-1.011,-113.203
 12:21:40.480,eb:33:2e:f9:57:b5, 2015-01-01 00:07:56.810,0.018,0,1,8.179,13.855,2.014, , , , , , ,-2.769,-0.945,-113.198
 12:21:40.480,eb:33:2e:f9:57:b5, 2015-01-01 00:07:56.810,0.001,-0.008,1.003,7.629,14.648,1.648, , , , , , ,-2.725,-0.873,-113.192
 12:21:40.480,eb:33:2e:f9:57:b5, 2015-01-01 00:07:56.810,0,-0.012,0.996,7.202,14.221,0.977, , , , , , ,-2.692,-0.802,-113.187
 12:21:40.480,eb:33:2e:f9:57:b5, 2015-01-01 00:07:56.810,-0.014,-0.021,1.002,7.202,13.794,0.61, , , , , , ,-2.648,-0.725,-113.187
 12:21:40.502,eb:33:2e:f9:57:b5, 2015-01-01 00:07:56.810,-0.016,-0.018,0.992,7.141,13.184,0.427, , , , , , ,-2.609,-0.659,-113.187
 12:21:40.502,eb:33:2e:f9:57:b5, 2015-01-01 00:07:56.810,-0.012,-0.018,0.991,7.019,12.085,0, , , , , , ,-2.576,-0.599,-113.187
 12:21:40.502,eb:33:2e:f9:57:b5, 2015-01-01 00:07:56.810,-0.021,-0.022,1,7.019,11.475,-0.122, , , , , , ,-2.543,-0.538,-113.192
 12:21:40.502,eb:33:2e:f9:57:b5, 2015-01-01 00:07:56.810,-0.022,-0.027,1.002,7.263,10.498,-0.732, , , , , , ,-2.499,-0.483,-113.192
 12:21:40.502,eb:33:2e:f9:57:b5, 2015-01-01 00:07:56.810,-0.029,-0.038,1.006,7.874,9.521,-0.671, , , , , , ,-2.461,-0.434,-113.198
 12:21:40.502,eb:33:2e:f9:57:b5, 2015-01-01 00:07:56.810,-0.021,-0.04,1.001,8.362,7.935,-1.282, , , , , , ,-2.422,-0.39,-113.203
 12:21:40.502,eb:33:2e:f9:57:b5, 2015-01-01 00:07:56.810,-0.017,-0.04,1.005,8.972,7.202,-1.038, , , , , , ,-2.379,-0.357,-113.209
 12:21:40.502,eb:33:2e:f9:57:b5, 2015-01-01 00:07:56.810,-0.013,-0.037,1.008,9.46,5.798,-1.892, , , , , , ,-2.324,-0.319,-113.22
 12:21:40.549,eb:33:2e:f9:57:b5, 2015-01-01 00:07:56.810,-0.015,-0.043,1.013,9.827,4.761,-2.258, , , , , , ,-2.274,-0.297,-113.231
 12:21:40.549,eb:33:2e:f9:57:b5, 2015-01-01 00:07:56.810,-0.028,-0.034,1.001,9.949,3.479,-2.075, , , , , , ,-2.225,-0.28,-113.242
 12:21:40.549,eb:33:2e:f9:57:b5, 2015-01-01 00:07:56.810,-0.002,-0.043,0.996,10.01,1.77,-1.343, , , , , , ,-2.175,-0.269,-113.253
 12:21:40.549,eb:33:2e:f9:57:b5, 2015-01-01 00:07:56.810,0.005,-0.022,1.012,10.681,1.282,-1.587, , , , , , ,-2.115,-0.258,-113.258
 12:21:40.549,eb:33:2e:f9:57:b5, 2015-01-01 00:07:56.810,0.008,-0.027,1.026,11.353,1.709,-1.465, , , , , , ,-2.06,-0.253,-113.264
 12:21:40.549,eb:33:2e:f9:57:b5, 2015-01-01 00:07:56.810,0.014,-0.015,1.006,11.23,2.197,-1.465, , , , , , ,-2.005,-0.242,-113.275
 12:21:40.550,eb:33:2e:f9:57:b5, 2015-01-01 00:07:56.810,0.013,-0.011,1.004,10.803,3.296,-1.343, , , , , , ,-1.95,-0.225,-113.28
 12:21:40.550,eb:33:2e:f9:57:b5, 2015-01-01 00:07:56.810,0.016,-0.01,1,10.254,4.211,-0.916, , , , , , ,-1.89,-0.203,-113.286
 12:21:40.593,eb:33:2e:f9:57:b5, 2015-01-01 00:07:56.810,0.02,-0.014,1.009,10.01,5.188,-0.244, , , , , , ,-1.84,-0.181,-113.291
 12:21:40.593,eb:33:2e:f9:57:b5, 2015-01-01 00:07:56.810,0.031,-0.004,1.01,9.583,6.775,-0.122, , , , , , ,-1.791,-0.154,-113.291
 12:21:40.593,eb:33:2e:f9:57:b5, 2015-01-01 00:07:56.810,0.031,0.013,1.018,9.277,8.606,-0.793, , , , , , ,-1.747,-0.11,-113.291
 12:21:40.593,eb:33:2e:f9:57:b5, 2015-01-01 00:07:56.810,0.041,0.016,1.018,8.911,10.315,-1.343, , , , , , ,-1.692,-0.06,-113.297
 12:21:40.593,eb:33:2e:f9:57:b5, 2015-01-01 00:07:56.810,0.012,0.011,1.017,8.85,11.902,-2.136, , , , , , ,-1.648,-0.005,-113.307
 12:21:40.593,eb:33:2e:f9:57:b5, 2015-01-01 00:07:56.810,0.005,-0.007,1.001,8.545,12.451,-1.892, , , , , , ,-1.604,0.049,-113.318
 12:21:40.593,eb:33:2e:f9:57:b5, 2015-01-01 00:07:56.810,0.009,0.015,0.978,7.751,12.634,-1.892, , , , , , ,-1.566,0.11,-113.329
 12:21:40.593,eb:33:2e:f9:57:b5, 2015-01-01 00:07:56.810,0.014,0.005,0.989,7.385,12.817,-2.258, , , , , , ,-1.522,0.181,-113.34
 12:21:40.638,eb:33:2e:f9:57:b5, 2015-01-01 00:07:56.810,0.025,0.022,0.984,6.897,12.695,-2.686, , , , , , ,-1.483,0.242,-113.357
 12:21:40.638,eb:33:2e:f9:57:b5, 2015-01-01 00:07:56.810,0.022,0.006,1.025,6.958,14.099,-3.357, , , , , , ,-1.45,0.308,-113.373
 12:21:40.638,eb:33:2e:f9:57:b5, 2015-01-01 00:07:56.810,0.036,0.021,0.994,7.08,13.306,-3.845, , , , , , ,-1.417,0.379,-113.395
 12:21:40.638,eb:33:2e:f9:57:b5, 2015-01-01 00:07:56.810,-0.008,0.017,1.025,7.935,13.367,-4.944, , , , , , ,-1.373,0.445,-113.417
 12:21:40.638,eb:33:2e:f9:57:b5, 2015-01-01 00:07:56.810,-0.041,-0.003,1.025,9.399,12.146,-5.005, , , , , , ,-1.329,0.511,-113.445
 12:21:40.638,eb:33:2e:f9:57:b5, 2015-01-01 00:07:56.810,0.017,-0.005,0.998,11.841,7.263,-4.761, , , , , , ,-1.274,0.555,-113.467
 12:21:40.638,eb:33:2e:f9:57:b5, 2015-01-01 00:07:56.810,0.033,0.039,1.021,13.672,5.066,-7.385, , , , , , ,-1.214,0.582,-113.5
 12:21:40.638,eb:33:2e:f9:57:b5, 2015-01-01 00:07:56.810,-0.007,0.027,1.035,15.259,5.188,-9.583, , , , , , ,-1.132,0.61,-113.538
 12:21:40.682,eb:33:2e:f9:57:b5, 2015-01-01 00:07:57.120,0.011,-0.009,1.061,17.517,4.211,-10.62, , , , , , ,-1.049,0.632,-113.593
 12:21:40.682,eb:33:2e:f9:57:b5, 2015-01-01 00:07:57.120,-0.026,-0.007,1.103,18.738,6.287,-11.292, , , , , , ,-0.956,0.654,-113.648
 12:21:40.682,eb:33:2e:f9:57:b5, 2015-01-01 00:07:57.120,-0.03,-0.019,1.047,19.836,6.592,-11.169, , , , , , ,-0.862,0.687,-113.703
 12:21:40.682,eb:33:2e:f9:57:b5, 2015-01-01 00:07:57.120,-0.064,0.003,1.037,20.447,6.531,-11.169, , , , , , ,-0.753,0.72,-113.758
 12:21:40.682,eb:33:2e:f9:57:b5, 2015-01-01 00:07:57.120,-0.02,-0.025,1.037,21.484,6.836,-11.108, , , , , , ,-0.648,0.753,-113.813
 12:21:40.682,eb:33:2e:f9:57:b5, 2015-01-01 00:07:57.120,0.025,0.005,1.025,21.973,7.568,-11.292, , , , , , ,-0.544,0.791,-113.868
 12:21:40.682,eb:33:2e:f9:57:b5, 2015-01-01 00:07:57.120,-0.006,0.041,1.017,21.912,9.033,-12.634, , , , , , ,-0.434,0.829,-113.934
 12:21:40.682,eb:33:2e:f9:57:b5, 2015-01-01 00:07:57.120,0.01,0.017,1.039,21.606,10.559,-12.573, , , , , , ,-0.319,0.879,-113.994
 12:21:40.712,eb:33:2e:f9:57:b5, 2015-01-01 00:07:57.120,-0.009,-0.028,1.19,21.545,18.066,-12.024, , , , , , ,-0.214,0.956,-114.055
 12:21:40.712,eb:33:2e:f9:57:b5, 2015-01-01 00:07:57.120,0.01,-0.022,1.125,22.522,20.325,-11.658, , , , , , ,-0.104,1.055,-114.109
 12:21:40.712,eb:33:2e:f9:57:b5, 2015-01-01 00:07:57.120,-0.001,0.021,1.042,23.254,21.545,-11.658, , , , , , ,0.005,1.159,-114.17
 12:21:40.712,eb:33:2e:f9:57:b5, 2015-01-01 00:07:57.120,-0.005,0.024,1.039,23.438,22.888,-11.78, , , , , , ,0.126,1.274,-114.225
 12:21:40.712,eb:33:2e:f9:57:b5, 2015-01-01 00:07:57.120,-0.008,0.015,1.063,24.536,24.231,-12.146, , , , , , ,0.247,1.39,-114.285
 12:21:40.712,eb:33:2e:f9:57:b5, 2015-01-01 00:07:57.120,-0.012,0.019,1.042,25.452,24.963,-12.512, , , , , , ,0.368,1.516,-114.346
 12:21:40.712,eb:33:2e:f9:57:b5, 2015-01-01 00:07:57.120,-0.041,0.019,1.032,26.184,25.513,-12.573, , , , , , ,0.5,1.642,-114.406
 12:21:40.712,eb:33:2e:f9:57:b5, 2015-01-01 00:07:57.120,-0.062,-0.001,1.048,27.222,26.062,-12.085, , , , , , ,0.637,1.774,-114.467
 12:21:40.750,eb:33:2e:f9:57:b5, 2015-01-01 00:07:57.120,-0.077,-0.005,1.04,28.198,26.123,-11.414, , , , , , ,0.775,1.906,-114.521
 12:21:40.750,eb:33:2e:f9:57:b5, 2015-01-01 00:07:57.120,-0.063,-0.006,1.014,29.114,25.452,-10.559, , , , , , ,0.917,2.032,-114.576
 12:21:40.750,eb:33:2e:f9:57:b5, 2015-01-01 00:07:57.120,-0.057,0.003,1.04,30.518,24.658,-10.132, , , , , , ,1.06,2.159,-114.626
 12:21:40.750,eb:33:2e:f9:57:b5, 2015-01-01 00:07:57.120,-0.068,-0.003,1.076,32.593,24.292,-9.766, , , , , , ,1.225,2.285,-114.67
 12:21:40.750,eb:33:2e:f9:57:b5, 2015-01-01 00:07:57.120,-0.064,-0.017,1.097,34.973,24.17,-9.216, , , , , , ,1.395,2.406,-114.714
 12:21:40.750,eb:33:2e:f9:57:b5, 2015-01-01 00:07:57.120,-0.067,-0.011,1.105,37.598,24.17,-8.545, , , , , , ,1.577,2.527,-114.752
 12:21:40.750,eb:33:2e:f9:57:b5, 2015-01-01 00:07:57.120,-0.065,-0.012,1.134,40.71,24.292,-7.996, , , , , , ,1.769,2.648,-114.791
 12:21:40.750,eb:33:2e:f9:57:b5, 2015-01-01 00:07:57.120,-0.096,-0.016,1.149,43.457,25.635,-7.202, , , , , , ,1.989,2.78,-114.824
 12:21:40.795,eb:33:2e:f9:57:b5, 2015-01-01 00:07:57.120,-0.069,-0.031,1.161,47.18,25.146,-5.859, , , , , , ,2.214,2.906,-114.851
 12:21:40.795,eb:33:2e:f9:57:b5, 2015-01-01 00:07:57.120,-0.054,-0.043,1.269,52.246,26.245,-5.249, , , , , , ,2.461,3.038,-114.873
 12:21:40.795,eb:33:2e:f9:57:b5, 2015-01-01 00:07:57.120,-0.004,-0.06,1.319,58.716,27.466,-4.395, , , , , , ,2.741,3.175,-114.89
 12:21:40.795,eb:33:2e:f9:57:b5, 2015-01-01 00:07:57.120,-0.008,-0.043,1.378,66.04,29.602,-4.883, , , , , , ,3.065,3.318,-114.906
 12:21:40.795,eb:33:2e:f9:57:b5, 2015-01-01 00:07:57.120,0.019,-0.043,1.383,74.097,31.128,-5.066, , , , , , ,3.417,3.472,-114.917
 12:21:40.795,eb:33:2e:f9:57:b5, 2015-01-01 00:07:57.120,0.004,-0.027,1.428,82.825,33.142,-5.981, , , , , , ,3.812,3.636,-114.939
 12:21:40.795,eb:33:2e:f9:57:b5, 2015-01-01 00:07:57.120,0.023,-0.037,1.436,92.59,33.63,-6.714, , , , , , ,4.252,3.807,-114.955
 12:21:40.795,eb:33:2e:f9:57:b5, 2015-01-01 00:07:57.120,-0.009,-0.04,1.453,102.661,34.729,-7.996, , , , , , ,4.752,3.983,-114.977
 12:21:40.840,eb:33:2e:f9:57:b5, 2015-01-01 00:07:57.120,-0.041,-0.064,1.47,112.488,36.804,-8.484, , , , , , ,5.29,4.164,-115.005
 12:21:40.840,eb:33:2e:f9:57:b5, 2015-01-01 00:07:57.120,-0.044,-0.066,1.491,123.047,38.025,-9.033, , , , , , ,5.883,4.356,-115.027
 12:21:40.840,eb:33:2e:f9:57:b5, 2015-01-01 00:07:57.120,-0.065,-0.082,1.472,132.996,39.246,-9.216, , , , , , ,6.526,4.554,-115.054
 12:21:40.840,eb:33:2e:f9:57:b5, 2015-01-01 00:07:57.120,-0.061,-0.106,1.543,142.578,41.077,-8.362, , , , , , ,7.224,4.763,-115.071
 12:21:40.840,eb:33:2e:f9:57:b5, 2015-01-01 00:07:57.120,-0.045,-0.132,1.596,154.907,41.687,-8.179, , , , , , ,7.971,4.971,-115.082
 12:21:40.840,eb:33:2e:f9:57:b5, 2015-01-01 00:07:57.120,-0.054,-0.129,1.57,166.748,42.236,-7.874, , , , , , ,8.778,5.186,-115.093
 12:21:40.840,eb:33:2e:f9:57:b5, 2015-01-01 00:07:57.120,-0.049,-0.127,1.577,178.223,43.457,-7.324, , , , , , ,9.646,5.4,-115.093
 12:21:40.840,eb:33:2e:f9:57:b5, 2015-01-01 00:07:57.120,0,-0.126,1.591,190.186,44.922,-6.531, , , , , , ,10.58,5.63,-115.087
 12:21:40.886,eb:33:2e:f9:57:b5, 2015-01-01 00:07:57.120,0.007,-0.066,1.593,204.163,43.945,-8.057, , , , , , ,11.574,5.85,-115.082
 12:21:40.886,eb:33:2e:f9:57:b5, 2015-01-01 00:07:57.120,-0.038,-0.1,1.604,217.346,44.312,-8.85, , , , , , ,12.634,6.075,-115.076
 12:21:40.886,eb:33:2e:f9:57:b5, 2015-01-01 00:07:57.120,-0.031,-0.172,1.7,231.812,46.448,-8.789, , , , , , ,13.76,6.306,-115.065
 12:21:40.886,eb:33:2e:f9:57:b5, 2015-01-01 00:07:57.120,-0.027,-0.238,1.844,249.084,50.293,-9.155, , , , , , ,14.98,6.553,-115.043
 12:21:40.886,eb:33:2e:f9:57:b5, 2015-01-01 00:07:57.120,0.035,-0.261,2.034,269.653,54.749,-9.705, , , , , , ,16.287,6.823,-115.021
 12:21:40.886,eb:33:2e:f9:57:b5, 2015-01-01 00:07:57.120,0.109,-0.353,2.188,292.969,58.655,-12.146, , , , , , ,17.71,7.108,-114.988
 12:21:40.886,eb:33:2e:f9:57:b5, 2015-01-01 00:07:57.120,0.22,-0.422,2.562,320.068,74.707,-15.137, , , , , , ,19.259,7.449,-114.944
 12:21:40.886,eb:33:2e:f9:57:b5, 2015-01-01 00:07:57.120,0.429,-0.257,2.704,344.91,91.675,-19.043, , , , , , ,20.945,7.883,-114.879
 12:21:40.907,eb:33:2e:f9:57:b5, 2015-01-01 00:07:57.120,0.51,-0.024,2.555,372.559,91.492,-26.917, , , , , , ,22.758,8.361,-114.813
 12:21:40.907,eb:33:2e:f9:57:b5, 2015-01-01 00:07:57.120,0.504,0.125,2.697,401.733,81.604,-40.405, , , , , , ,24.708,8.817,-114.802
 12:21:40.943,eb:33:2e:f9:57:b5, 2015-01-01 00:07:57.120,0.402,-0.015,3.166,426.025,91.064,-49.744, , , , , , ,26.79,9.3,-114.824
 12:21:40.943,eb:33:2e:f9:57:b5, 2015-01-01 00:07:57.120,0.029,-0.338,3.393,429.688,114.563,-52.307, , , , , , ,28.949,9.882,-114.813
 12:21:40.943,eb:33:2e:f9:57:b5, 2015-01-01 00:07:57.120,0.042,-0.588,4.084,431.335,163.33,-45.654, , , , , , ,31.119,10.624,-114.659
 12:21:40.943,eb:33:2e:f9:57:b5, 2015-01-01 00:07:57.120,0.196,-0.582,3.461,446.899,189.392,-39.368, , , , , , ,33.382,11.503,-114.335
 12:21:40.943,eb:33:2e:f9:57:b5, 2015-01-01 00:07:57.120,0.395,-0.33,2.508,465.759,167.664,-39.551, , , , , , ,35.744,12.354,-113.983
 12:21:40.943,eb:33:2e:f9:57:b5, 2015-01-01 00:07:57.120,0.688,0.171,1.887,478.088,114.441,-44.128, , , , , , ,38.167,13.024,-113.736
 12:21:40.952,eb:33:2e:f9:57:b5, 2015-01-01 00:07:57.120,0.781,0.376,2.471,479.736,82.764,-57.617, , , , , , ,40.6,13.535,-113.643
 12:21:40.952,eb:33:2e:f9:57:b5, 2015-01-01 00:07:57.120,0.468,-0.195,3.476,453.369,114.441,-58.899, , , , , , ,42.946,14.106,-113.516
 12:21:40.952,eb:33:2e:f9:57:b5, 2015-01-01 00:07:57.120,0.668,-0.471,3.378,436.035,142.09,-61.401, , , , , , ,45.214,14.788,-113.269
 12:21:40.952,eb:33:2e:f9:57:b5, 2015-01-01 00:07:57.120,0.835,-1.005,3.482,429.688,174.377,-59.631, , , , , , ,47.466,15.562,-112.885
 12:21:40.952,eb:33:2e:f9:57:b5, 2015-01-01 00:07:57.120,1.158,-1.573,3.208,437.866,197.876,-56.58, , , , , , ,49.785,16.403,-112.341
 12:21:40.952,eb:33:2e:f9:57:b5, 2015-01-01 00:07:57.120,1.251,-1.928,2.693,454.346,212.219,-59.204, , , , , , ,52.207,17.276,-111.687
 12:21:40.953,eb:33:2e:f9:57:b5, 2015-01-01 00:07:57.120,1.563,-1.855,2.173,479.065,208.008,-62.5, , , , , , ,54.761,18.149,-110.984
 12:21:40.953,eb:33:2e:f9:57:b5, 2015-01-01 00:07:57.120,2.197,-1.85,1.74,508.057,196.167,-77.637, , , , , , ,57.448,18.995,-110.319
 12:21:40.998,eb:33:2e:f9:57:b5, 2015-01-01 00:07:57.410,1.997,-1.908,0.662,518.616,190.918,-109.558, , , , , , ,60.238,19.902,-109.709
 12:21:40.998,eb:33:2e:f9:57:b5, 2015-01-01 00:07:57.410,0.687,-1.048,-1.023,475.342,168.823,-138.916, , , , , , ,62.913,20.896,-109.177
 12:21:40.998,eb:33:2e:f9:57:b5, 2015-01-01 00:07:57.410,0.255,-0.151,-3.072,354.065,103.149,-156.006, , , , , , ,65.05,21.863,-108.896
 12:21:40.998,eb:33:2e:f9:57:b5, 2015-01-01 00:07:57.410,0.242,0.014,-2.99,208.679,30.151,-156.372, , , , , , ,66.346,22.692,-108.962
 12:21:40.998,eb:33:2e:f9:57:b5, 2015-01-01 00:07:57.410,0.429,-0.213,-1.676,85.327,-40.161,-152.71, , , , , , ,66.857,23.379,-109.358
 12:21:40.998,eb:33:2e:f9:57:b5, 2015-01-01 00:07:57.410,0.571,-0.558,-0.41,-19.653,-85.205,-143.494, , , , , , ,66.693,23.923,-110.023
 12:21:40.999,eb:33:2e:f9:57:b5, 2015-01-01 00:07:57.410,0.562,-0.988,0.33,-105.042,-102.051,-128.906, , , , , , ,66.006,24.346,-110.808
 12:21:40.999,eb:33:2e:f9:57:b5, 2015-01-01 00:07:57.410,0.547,-1.312,0.616,-168.274,-101.196,-110.718, , , , , , ,64.946,24.664,-111.594
 12:21:41.042,eb:33:2e:f9:57:b5, 2015-01-01 00:07:57.410,0.623,-1.485,0.812,-208.13,-90.332,-92.224, , , , , , ,63.677,24.906,-112.308
 12:21:41.042,eb:33:2e:f9:57:b5, 2015-01-01 00:07:57.410,0.689,-1.496,1.082,-227.539,-71.716,-75.745, , , , , , ,62.314,25.093,-112.901
 12:21:41.042,eb:33:2e:f9:57:b5, 2015-01-01 00:07:57.410,0.648,-1.355,1.312,-233.765,-47.852,-62.317, , , , , , ,60.963,25.252,-113.357
 12:21:41.042,eb:33:2e:f9:57:b5, 2015-01-01 00:07:57.410,0.511,-1.13,1.327,-233.887,-24.78,-51.27, , , , , , ,59.639,25.4,-113.681
 12:21:41.042,eb:33:2e:f9:57:b5, 2015-01-01 00:07:57.410,0.39,-0.901,1.093,-233.154,-8.85,-41.382, , , , , , ,58.387,25.56,-113.879
 12:21:41.042,eb:33:2e:f9:57:b5, 2015-01-01 00:07:57.410,0.329,-0.76,0.794,-233.765,-0.793,-32.104, , , , , , ,57.167,25.703,-114
 12:21:41.042,eb:33:2e:f9:57:b5, 2015-01-01 00:07:57.410,0.325,-0.701,0.553,-236.206,0.549,-22.4, , , , , , ,55.959,25.812,-114.077
 12:21:41.043,eb:33:2e:f9:57:b5, 2015-01-01 00:07:57.410,0.325,-0.663,0.339,-241.882,-5.615,-11.23, , , , , , ,54.717,25.862,-114.148
 12:21:41.065,eb:33:2e:f9:57:b5, 2015-01-01 00:07:57.410,0.334,-0.618,0.185,-249.695,-17.029,-2.869, , , , , , ,53.454,25.851,-114.219
 12:21:41.065,eb:33:2e:f9:57:b5, 2015-01-01 00:07:57.410,0.342,-0.571,0.076,-259.705,-32.227,4.639, , , , , , ,52.125,25.768,-114.329
 12:21:41.065,eb:33:2e:f9:57:b5, 2015-01-01 00:07:57.410,0.393,-0.543,0.018,-270.874,-50.171,11.353, , , , , , ,50.724,25.598,-114.483
 12:21:41.065,eb:33:2e:f9:57:b5, 2015-01-01 00:07:57.410,0.438,-0.515,0.06,-281.616,-68.237,16.174, , , , , , ,49.23,25.34,-114.703
 12:21:41.065,eb:33:2e:f9:57:b5, 2015-01-01 00:07:57.410,0.484,-0.482,0.142,-290.71,-85.693,19.775, , , , , , ,47.686,25.005,-114.961
 12:21:41.065,eb:33:2e:f9:57:b5, 2015-01-01 00:07:57.410,0.532,-0.443,0.259,-297.241,-101.013,21.851, , , , , , ,46.082,24.604,-115.258
 12:21:41.065,eb:33:2e:f9:57:b5, 2015-01-01 00:07:57.410,0.567,-0.403,0.392,-301.453,-113.281,22.522, , , , , , ,44.445,24.142,-115.593
 12:21:41.066,eb:33:2e:f9:57:b5, 2015-01-01 00:07:57.410,0.598,-0.363,0.498,-303.284,-123.962,21.973, , , , , , ,42.764,23.621,-115.972
 12:21:41.110,eb:33:2e:f9:57:b5, 2015-01-01 00:07:57.410,0.601,-0.32,0.581,-303.711,-133.972,20.203, , , , , , ,41.094,23.071,-116.356
 12:21:41.110,eb:33:2e:f9:57:b5, 2015-01-01 00:07:57.410,0.598,-0.273,0.624,-303.772,-144.714,17.273, , , , , , ,39.413,22.473,-116.768
 12:21:41.110,eb:33:2e:f9:57:b5, 2015-01-01 00:07:57.410,0.598,-0.225,0.652,-304.749,-155.579,13.794, , , , , , ,37.722,21.83,-117.213
 12:21:41.110,eb:33:2e:f9:57:b5, 2015-01-01 00:07:57.410,0.604,-0.191,0.691,-307.556,-165.771,10.071, , , , , , ,36.002,21.138,-117.697
 12:21:41.110,eb:33:2e:f9:57:b5, 2015-01-01 00:07:57.410,0.603,-0.167,0.746,-312.073,-174.683,6.226, , , , , , ,34.272,20.418,-118.191
 12:21:41.110,eb:33:2e:f9:57:b5, 2015-01-01 00:07:57.410,0.602,-0.148,0.792,-317.505,-183.044,1.831, , , , , , ,32.52,19.655,-118.696
 12:21:41.110,eb:33:2e:f9:57:b5, 2015-01-01 00:07:57.410,0.607,-0.131,0.857,-322.876,-190.735,-2.441, , , , , , ,30.745,18.858,-119.224
 12:21:41.110,eb:33:2e:f9:57:b5, 2015-01-01 00:07:57.410,0.603,-0.116,0.945,-327.271,-197.449,-7.263, , , , , , ,28.927,18.012,-119.767
 12:21:41.156,eb:33:2e:f9:57:b5, 2015-01-01 00:07:57.410,0.575,-0.095,1.032,-329.956,-204.163,-12.512, , , , , , ,27.12,17.15,-120.311
 12:21:41.156,eb:33:2e:f9:57:b5, 2015-01-01 00:07:57.410,0.53,-0.066,1.098,-330.872,-211.853,-17.7, , , , , , ,25.302,16.249,-120.861
 12:21:41.156,eb:33:2e:f9:57:b5, 2015-01-01 00:07:57.410,0.486,-0.041,1.16,-330.078,-220.703,-22.034, , , , , , ,23.5,15.298,-121.426
 12:21:41.156,eb:33:2e:f9:57:b5, 2015-01-01 00:07:57.410,0.426,-0.026,1.251,-327.515,-229.492,-25.146, , , , , , ,21.693,14.288,-121.998
 12:21:41.156,eb:33:2e:f9:57:b5, 2015-01-01 00:07:57.410,0.358,-0.032,1.362,-323.364,-236.572,-25.94, , , , , , ,19.935,13.239,-122.552
 12:21:41.156,eb:33:2e:f9:57:b5, 2015-01-01 00:07:57.410,0.323,-0.07,1.494,-317.688,-240.906,-23.987, , , , , , ,18.221,12.151,-123.069
 12:21:41.156,eb:33:2e:f9:57:b5, 2015-01-01 00:07:57.410,0.145,-0.108,1.637,-311.584,-240.967,-19.104, , , , , , ,16.551,11.03,-123.541
 12:21:41.156,eb:33:2e:f9:57:b5, 2015-01-01 00:07:57.410,0.084,-0.234,1.833,-306.824,-233.887,-10.193, , , , , , ,14.919,9.888,-123.948
 12:21:41.200,eb:33:2e:f9:57:b5, 2015-01-01 00:07:57.410,0.166,-0.248,1.82,-302.49,-227.417,3.174, , , , , , ,13.354,8.778,-124.244
 12:21:41.200,eb:33:2e:f9:57:b5, 2015-01-01 00:07:57.410,0.148,-0.209,1.824,-299.377,-220.093,12.939, , , , , , ,11.816,7.679,-124.448
 12:21:41.200,eb:33:2e:f9:57:b5, 2015-01-01 00:07:57.410,0.121,-0.183,1.805,-295.532,-216.858,23.193, , , , , , ,10.316,6.592,-124.563
 12:21:41.200,eb:33:2e:f9:57:b5, 2015-01-01 00:07:57.410,0.121,-0.182,1.783,-290.955,-216.003,33.691, , , , , , ,8.833,5.488,-124.601
 12:21:41.201,eb:33:2e:f9:57:b5, 2015-01-01 00:07:57.410,0.146,-0.137,1.76,-286.438,-220.947,43.274, , , , , , ,7.394,4.378,-124.557
 12:21:41.201,eb:33:2e:f9:57:b5, 2015-01-01 00:07:57.410,0.167,-0.1,1.79,-281.86,-227.173,51.636, , , , , , ,5.982,3.235,-124.448
 12:21:41.201,eb:33:2e:f9:57:b5, 2015-01-01 00:07:57.410,0.165,-0.052,1.842,-277.527,-234.131,58.228, , , , , , ,4.592,2.054,-124.277
 12:21:41.201,eb:33:2e:f9:57:b5, 2015-01-01 00:07:57.410,0.161,-0.013,1.898,-273.071,-242.126,63.599, , , , , , ,3.203,0.824,-124.052
 12:21:41.245,eb:33:2e:f9:57:b5, 2015-01-01 00:07:57.410,0.107,0.046,1.974,-268.799,-250,67.2, , , , , , ,1.851,-0.417,-123.777
 12:21:41.245,eb:33:2e:f9:57:b5, 2015-01-01 00:07:57.410,0.082,0.14,2.05,-264.709,-259.766,71.167, , , , , , ,0.511,-1.703,-123.453
 12:21:41.245,eb:33:2e:f9:57:b5, 2015-01-01 00:07:57.410,0.04,0.214,2.176,-261.78,-266.052,73.12, , , , , , ,-0.813,-3.021,-123.091
 12:21:41.245,eb:33:2e:f9:57:b5, 2015-01-01 00:07:57.410,0.004,0.289,2.3,-259.277,-269.043,75.073, , , , , , ,-2.159,-4.367,-122.684
 12:21:41.245,eb:33:2e:f9:57:b5, 2015-01-01 00:07:57.410,-0.063,0.357,2.451,-257.568,-266.846,76.416, , , , , , ,-3.488,-5.691,-122.239
 12:21:41.245,eb:33:2e:f9:57:b5, 2015-01-01 00:07:57.410,-0.147,0.437,2.581,-256.042,-261.169,77.637, , , , , , ,-4.828,-6.976,-121.75
 12:21:41.245,eb:33:2e:f9:57:b5, 2015-01-01 00:07:57.410,-0.23,0.536,2.68,-254.761,-252.075,78.308, , , , , , ,-6.174,-8.212,-121.24
 12:21:41.245,eb:33:2e:f9:57:b5, 2015-01-01 00:07:57.410,-0.327,0.661,2.739,-253.357,-240.051,78.125, , , , , , ,-7.542,-9.399,-120.696
 12:21:41.268,eb:33:2e:f9:57:b5, 2015-01-01 00:07:57.725,-0.432,0.8,2.745,-250.183,-227.417,76.66, , , , , , ,-8.899,-10.492,-120.141
 12:21:41.268,eb:33:2e:f9:57:b5, 2015-01-01 00:07:57.725,-0.554,0.958,2.72,-244.263,-214.905,73.425, , , , , , ,-10.245,-11.519,-119.575
 12:21:41.268,eb:33:2e:f9:57:b5, 2015-01-01 00:07:57.725,-0.686,1.121,2.655,-234.619,-204.407,68.481, , , , , , ,-11.552,-12.475,-119.02
 12:21:41.268,eb:33:2e:f9:57:b5, 2015-01-01 00:07:57.725,-0.785,1.293,2.583,-221.252,-196.838,61.523, , , , , , ,-12.827,-13.392,-118.482
 12:21:41.268,eb:33:2e:f9:57:b5, 2015-01-01 00:07:57.725,-0.832,1.491,2.553,-205.688,-190.186,52.979, , , , , , ,-14.008,-14.266,-117.966
 12:21:41.268,eb:33:2e:f9:57:b5, 2015-01-01 00:07:57.725,-0.897,1.667,2.569,-190.369,-181.091,44.128, , , , , , ,-15.112,-15.101,-117.488
 12:21:41.268,eb:33:2e:f9:57:b5, 2015-01-01 00:07:57.725,-0.99,1.764,2.552,-176.636,-166.87,36.438, , , , , , ,-16.139,-15.881,-117.048
 12:21:41.268,eb:33:2e:f9:57:b5, 2015-01-01 00:07:57.725,-1.037,1.822,2.482,-164.795,-148.193,30.823, , , , , , ,-17.111,-16.595,-116.653
 12:21:41.312,eb:33:2e:f9:57:b5, 2015-01-01 00:07:57.725,-1.062,1.902,2.403,-154.846,-125.793,27.588, , , , , , ,-18.007,-17.194,-116.296
 12:21:41.312,eb:33:2e:f9:57:b5, 2015-01-01 00:07:57.725,-1.084,2.013,2.32,-145.752,-101.746,25.696, , , , , , ,-18.853,-17.682,-115.977
 12:21:41.312,eb:33:2e:f9:57:b5, 2015-01-01 00:07:57.725,-1.09,2.136,2.218,-135.254,-79.468,23.926, , , , , , ,-19.633,-18.056,-115.703
 12:21:41.312,eb:33:2e:f9:57:b5, 2015-01-01 00:07:57.725,-1.093,2.267,2.084,-121.887,-61.157,21.484, , , , , , ,-20.352,-18.342,-115.466
 12:21:41.312,eb:33:2e:f9:57:b5, 2015-01-01 00:07:57.725,-1.132,2.396,1.902,-105.103,-48.401,17.395, , , , , , ,-20.973,-18.561,-115.274
 12:21:41.312,eb:33:2e:f9:57:b5, 2015-01-01 00:07:57.725,-1.178,2.547,1.676,-85.754,-42.725,11.902, , , , , , ,-21.495,-18.743,-115.12
 12:21:41.312,eb:33:2e:f9:57:b5, 2015-01-01 00:07:57.725,-1.217,2.718,1.5,-64.148,-44.067,3.967, , , , , , ,-21.896,-18.929,-114.999
 12:21:41.312,eb:33:2e:f9:57:b5, 2015-01-01 00:07:57.725,-1.26,2.821,1.456,-41.626,-46.143,-4.7, , , , , , ,-22.181,-19.144,-114.911
 12:21:41.357,eb:33:2e:f9:57:b5, 2015-01-01 00:07:57.725,-1.331,2.843,1.506,-19.226,-45.532,-13.245, , , , , , ,-22.335,-19.38,-114.868
 12:21:41.357,eb:33:2e:f9:57:b5, 2015-01-01 00:07:57.725,-1.418,2.784,1.61,1.465,-39.062,-20.203, , , , , , ,-22.368,-19.611,-114.873
 12:21:41.357,eb:33:2e:f9:57:b5, 2015-01-01 00:07:57.725,-1.484,2.669,1.732,19.348,-24.902,-24.963, , , , , , ,-22.291,-19.797,-114.922
 12:21:41.357,eb:33:2e:f9:57:b5, 2015-01-01 00:07:57.725,-1.513,2.527,1.832,33.813,-3.662,-27.344, , , , , , ,-22.11,-19.907,-115.027
 12:21:41.357,eb:33:2e:f9:57:b5, 2015-01-01 00:07:57.725,-1.514,2.372,1.896,44.617,22.705,-28.015, , , , , , ,-21.852,-19.907,-115.186
 12:21:41.357,eb:33:2e:f9:57:b5, 2015-01-01 00:07:57.725,-1.455,2.226,1.949,52.795,52.063,-28.198, , , , , , ,-21.533,-19.77,-115.406
 12:21:41.357,eb:33:2e:f9:57:b5, 2015-01-01 00:07:57.725,-1.378,2.088,1.962,60.913,86.914,-29.236, , , , , , ,-21.149,-19.484,-115.686
 12:21:41.357,eb:33:2e:f9:57:b5, 2015-01-01 00:07:57.725,-1.261,2.018,1.937,66.101,107.605,-31.433, , , , , , ,-20.709,-19.072,-116.027
 12:21:41.402,eb:33:2e:f9:57:b5, 2015-01-01 00:07:57.725,0.785,1.947,1.859,74.524,126.648,-37.476, , , , , , ,-20.231,-18.567,-116.422
 12:21:41.402,eb:33:2e:f9:57:b5, 2015-01-01 00:07:57.725,-0.931,-1.488,8.264,126.587,334.595,-8.301, , , , , , ,-19.429,-17.617,-117.092
 12:21:41.402,eb:33:2e:f9:57:b5, 2015-01-01 00:07:57.725,1.616,-0.171,1.205,110.413,354.248,3.723, , , , , , ,-18.677,-15.952,-117.74
 12:21:41.402,eb:33:2e:f9:57:b5, 2015-01-01 00:07:57.725,0.728,-0.5,0.643,92.407,387.756,-15.869, , , , , , ,-18.012,-14.178,-118.383
 12:21:41.402,eb:33:2e:f9:57:b5, 2015-01-01 00:07:57.725,0.057,-1.493,0.909,116.455,351.379,0.916, , , , , , ,-17.347,-12.398,-118.998
 12:21:41.402,eb:33:2e:f9:57:b5, 2015-01-01 00:07:57.725,0.257,-1.348,0.484,152.1,295.105,6.592, , , , , , ,-16.573,-10.882,-119.454
 12:21:41.402,eb:33:2e:f9:57:b5, 2015-01-01 00:07:57.725,-0.495,-1.598,0.139,199.646,240.601,25.94, , , , , , ,-15.623,-9.597,-119.74
 12:21:41.402,eb:33:2e:f9:57:b5, 2015-01-01 00:07:57.725,-0.341,-1.263,0.249,239.929,188.354,41.931, , , , , , ,-14.474,-8.536,-119.833
 12:21:41.447,eb:33:2e:f9:57:b5, 2015-01-01 00:07:57.725,-0.203,-0.808,0.604,265.991,166.443,50.415, , , , , , ,-13.189,-7.641,-119.811
 12:21:41.447,eb:33:2e:f9:57:b5, 2015-01-01 00:07:57.725,-0.273,-0.211,1.269,268.066,169.312,53.955, , , , , , ,-11.854,-6.773,-119.734
 12:21:41.447,eb:33:2e:f9:57:b5, 2015-01-01 00:07:57.725,-0.56,-0.023,1.306,258.606,164.856,49.561, , , , , , ,-10.547,-5.9,-119.641
 12:21:41.447,eb:33:2e:f9:57:b5, 2015-01-01 00:07:57.725,-0.702,0.174,1.128,239.624,139.648,37.354, , , , , , ,-9.311,-5.109,-119.559
 12:21:41.447,eb:33:2e:f9:57:b5, 2015-01-01 00:07:57.725,-0.616,0.341,0.997,215.576,105.225,24.109, , , , , , ,-8.185,-4.499,-119.504
 12:21:41.447,eb:33:2e:f9:57:b5, 2015-01-01 00:07:57.725,-0.51,0.499,1.051,187.012,78.308,16.052, , , , , , ,-7.196,-4.054,-119.465
 12:21:41.447,eb:33:2e:f9:57:b5, 2015-01-01 00:07:57.725,-0.291,0.491,1.119,157.227,60.913,12.817, , , , , , ,-6.356,-3.708,-119.438
 12:21:41.447,eb:33:2e:f9:57:b5, 2015-01-01 00:07:57.725,-0.014,0.346,1.104,132.263,50.72,13.794, , , , , , ,-5.636,-3.428,-119.399
 12:21:41.470,eb:33:2e:f9:57:b5, 2015-01-01 00:07:57.725,0.101,0.403,1.211,100.281,41.077,26.55, , , , , , ,-5.076,-3.203,-119.312
 12:21:41.470,eb:33:2e:f9:57:b5, 2015-01-01 00:07:57.725,0.134,0.109,1.101,80.566,41.931,38.086, , , , , , ,-4.647,-2.988,-119.158
 12:21:41.470,eb:33:2e:f9:57:b5, 2015-01-01 00:07:57.725,0.021,0.088,1.081,67.139,50.72,45.593, , , , , , ,-4.296,-2.736,-118.965
 12:21:41.470,eb:33:2e:f9:57:b5, 2015-01-01 00:07:57.725,-0.163,0.01,0.999,59.692,54.199,50.293, , , , , , ,-3.988,-2.444,-118.74
 12:21:41.470,eb:33:2e:f9:57:b5, 2015-01-01 00:07:57.725,-0.088,0.306,0.928,48.401,52.551,43.03, , , , , , ,-3.73,-2.153,-118.521
 12:21:41.470,eb:33:2e:f9:57:b5, 2015-01-01 00:07:57.725,-0.223,0.316,0.938,41.321,45.837,28.992, , , , , , ,-3.516,-1.901,-118.361
 12:21:41.470,eb:33:2e:f9:57:b5, 2015-01-01 00:07:57.725,-0.351,0.301,0.833,33.508,35.034,12.207, , , , , , ,-3.334,-1.692,-118.273
 12:21:41.470,eb:33:2e:f9:57:b5, 2015-01-01 00:07:57.725,-0.15,0.17,0.783,27.466,14.221,2.197, , , , , , ,-3.175,-1.577,-118.257
 12:21:41.515,eb:33:2e:f9:57:b5, 2015-01-01 00:07:57.725,0.067,-0.007,0.941,24.475,6.958,3.235, , , , , , ,-3.049,-1.533,-118.246
 12:21:41.515,eb:33:2e:f9:57:b5, 2015-01-01 00:07:57.725,0.02,0.038,1.086,20.02,9.583,7.69, , , , , , ,-2.939,-1.494,-118.218
 12:21:41.515,eb:33:2e:f9:57:b5, 2015-01-01 00:07:57.725,-0.065,0.068,1.029,15.869,10.376,8.911, , , , , , ,-2.856,-1.439,-118.174
 12:21:41.515,eb:33:2e:f9:57:b5, 2015-01-01 00:07:57.725,-0.065,0.016,0.956,14.587,6.958,6.958, , , , , , ,-2.774,-1.39,-118.136
 12:21:41.515,eb:33:2e:f9:57:b5, 2015-01-01 00:07:57.725,-0.029,0.018,0.944,13.55,3.235,4.883, , , , , , ,-2.703,-1.368,-118.109
 12:21:41.515,eb:33:2e:f9:57:b5, 2015-01-01 00:07:57.725,0.007,0,0.984,12.878,1.526,3.784, , , , , , ,-2.642,-1.351,-118.087
 12:21:41.515,eb:33:2e:f9:57:b5, 2015-01-01 00:07:57.725,0.012,-0.01,1.021,12.451,2.258,3.357, , , , , , ,-2.576,-1.346,-118.07
 12:21:41.515,eb:33:2e:f9:57:b5, 2015-01-01 00:07:57.725,-0.023,-0.005,1.023,12.146,3.235,2.38, , , , , , ,-2.505,-1.324,-118.054
 12:21:41.560,eb:33:2e:f9:57:b5, 2015-01-01 00:07:57.725,0.066,-0.015,0.968,11.108,5.859,0.732, , , , , , ,-2.45,-1.307,-118.048
 12:21:41.560,eb:33:2e:f9:57:b5, 2015-01-01 00:07:57.725,0.043,0.033,1.035,10.62,7.874,1.16, , , , , , ,-2.395,-1.274,-118.037
 12:21:41.560,eb:33:2e:f9:57:b5, 2015-01-01 00:07:57.725,0.015,0.01,1.012,9.583,9.521,0.732, , , , , , ,-2.346,-1.225,-118.037
 12:21:41.560,eb:33:2e:f9:57:b5, 2015-01-01 00:07:57.725,0.003,0.006,0.997,8.789,10.071,0.366, , , , , , ,-2.291,-1.17,-118.032
 12:21:41.560,eb:33:2e:f9:57:b5, 2015-01-01 00:07:57.725,-0.007,0,0.995,8.362,10.132,-0.061, , , , , , ,-2.247,-1.121,-118.032
 12:21:41.560,eb:33:2e:f9:57:b5, 2015-01-01 00:07:57.725,-0.009,-0.013,1,8.179,10.01,-0.793, , , , , , ,-2.203,-1.071,-118.037
 12:21:41.560,eb:33:2e:f9:57:b5, 2015-01-01 00:07:57.725,-0.003,-0.005,0.998,7.935,9.827,-1.404, , , , , , ,-2.164,-1.022,-118.043
 12:21:41.560,eb:33:2e:f9:57:b5, 2015-01-01 00:07:57.725,-0.008,-0.003,0.999,7.568,9.766,-1.953, , , , , , ,-2.115,-0.967,-118.054
 12:21:41.605,eb:33:2e:f9:57:b5, 2015-01-01 00:07:58.035,-0.011,-0.008,0.998,7.385,9.399,-2.38, , , , , , ,-2.082,-0.923,-118.065
 12:21:41.605,eb:33:2e:f9:57:b5, 2015-01-01 00:07:58.035,-0.019,-0.014,1.003,7.385,9.155,-2.747, , , , , , ,-2.043,-0.873,-118.081
 12:21:41.605,eb:33:2e:f9:57:b5, 2015-01-01 00:07:58.035,-0.032,-0.024,1.011,7.507,8.85,-2.808, , , , , , ,-2.005,-0.829,-118.098
 12:21:41.605,eb:33:2e:f9:57:b5, 2015-01-01 00:07:58.035,-0.034,-0.029,1.009,7.751,7.996,-2.869, , , , , , ,-1.956,-0.786,-118.109
 12:21:41.605,eb:33:2e:f9:57:b5, 2015-01-01 00:07:58.035,-0.036,-0.037,1.01,8.118,7.019,-2.625, , , , , , ,-1.917,-0.747,-118.125
 12:21:41.605,eb:33:2e:f9:57:b5, 2015-01-01 00:07:58.035,-0.035,-0.04,1.008,8.362,5.92,-2.136, , , , , , ,-1.879,-0.72,-118.136
 12:21:41.605,eb:33:2e:f9:57:b5, 2015-01-01 00:07:58.035,-0.028,-0.037,1.004,8.85,4.578,-1.526, , , , , , ,-1.835,-0.692,-118.147
 12:21:41.605,eb:33:2e:f9:57:b5, 2015-01-01 00:07:58.035,-0.025,-0.026,0.999,9.216,3.357,-1.221, , , , , , ,-1.78,-0.67,-118.152
 12:21:41.649,eb:33:2e:f9:57:b5, 2015-01-01 00:07:58.035,-0.014,-0.019,0.998,9.583,2.441,-1.099, , , , , , ,-1.73,-0.654,-118.158
 12:21:41.649,eb:33:2e:f9:57:b5, 2015-01-01 00:07:58.035,-0.018,-0.015,1,9.46,2.014,-0.854, , , , , , ,-1.686,-0.643,-118.158
 12:21:41.649,eb:33:2e:f9:57:b5, 2015-01-01 00:07:58.035,-0.003,-0.017,0.999,9.46,1.465,-0.122, , , , , , ,-1.637,-0.637,-118.163
 12:21:41.649,eb:33:2e:f9:57:b5, 2015-01-01 00:07:58.035,-0.011,-0.007,1.005,9.46,1.404,0.244, , , , , , ,-1.582,-0.626,-118.158
 12:21:41.649,eb:33:2e:f9:57:b5, 2015-01-01 00:07:58.035,-0.004,-0.008,0.997,9.277,1.404,1.221, , , , , , ,-1.533,-0.615,-118.158
 12:21:41.649,eb:33:2e:f9:57:b5, 2015-01-01 00:07:58.035,-0.001,-0.005,0.996,9.277,1.343,2.075, , , , , , ,-1.489,-0.61,-118.147
 12:21:41.649,eb:33:2e:f9:57:b5, 2015-01-01 00:07:58.035,0.005,0.001,0.997,9.277,1.282,3.052, , , , , , ,-1.445,-0.604,-118.13
 12:21:41.649,eb:33:2e:f9:57:b5, 2015-01-01 00:07:58.035,0.013,0.003,1,8.789,1.77,4.211, , , , , , ,-1.39,-0.593,-118.109
 12:21:41.672,eb:33:2e:f9:57:b5, 2015-01-01 00:07:58.035,0.024,0.003,1.011,8.789,2.869,4.578, , , , , , ,-1.346,-0.577,-118.087
 12:21:41.672,eb:33:2e:f9:57:b5, 2015-01-01 00:07:58.035,0.021,0.009,1.013,8.606,4.333,4.639, , , , , , ,-1.302,-0.56,-118.065
 12:21:41.672,eb:33:2e:f9:57:b5, 2015-01-01 00:07:58.035,0.004,0.009,1.013,8.911,5.066,4.456, , , , , , ,-1.263,-0.538,-118.043
 12:21:41.672,eb:33:2e:f9:57:b5, 2015-01-01 00:07:58.035,-0.001,0.001,1.004,9.155,5.127,4.761, , , , , , ,-1.203,-0.505,-118.015
 12:21:41.672,eb:33:2e:f9:57:b5, 2015-01-01 00:07:58.035,0.011,0,1.011,9.827,4.456,5.066, , , , , , ,-1.159,-0.478,-117.993
 12:21:41.672,eb:33:2e:f9:57:b5, 2015-01-01 00:07:58.035,-0.004,0.003,1.015,10.559,4.211,4.578, , , , , , ,-1.11,-0.461,-117.966
 12:21:41.672,eb:33:2e:f9:57:b5, 2015-01-01 00:07:58.035,0.02,0,0.995,11.841,2.136,4.15, , , , , , ,-1.055,-0.445,-117.944
 12:21:41.672,eb:33:2e:f9:57:b5, 2015-01-01 00:07:58.035,-0.012,0.017,1.006,12.573,1.587,3.54, , , , , , ,-0.983,-0.428,-117.922
 12:21:41.717,eb:33:2e:f9:57:b5, 2015-01-01 00:07:58.035,-0.037,-0.002,1.005,13.794,0,3.052, , , , , , ,-0.917,-0.428,-117.905
 12:21:41.717,eb:33:2e:f9:57:b5, 2015-01-01 00:07:58.035,-0.023,-0.032,1.025,15.747,-1.709,3.113, , , , , , ,-0.84,-0.434,-117.889
 12:21:41.717,eb:33:2e:f9:57:b5, 2015-01-01 00:07:58.035,-0.009,0,0.983,17.395,-5.554,2.563, , , , , , ,-0.758,-0.456,-117.878
 12:21:41.717,eb:33:2e:f9:57:b5, 2015-01-01 00:07:58.035,-0.017,0.017,0.994,18.066,-6.104,1.77, , , , , , ,-0.659,-0.478,-117.861
 12:21:41.717,eb:33:2e:f9:57:b5, 2015-01-01 00:07:58.035,-0.008,-0.011,1.032,19.104,-5.798,1.709, , , , , , ,-0.566,-0.505,-117.856
 12:21:41.717,eb:33:2e:f9:57:b5, 2015-01-01 00:07:58.035,0.007,0.004,1.023,19.775,-5.554,1.221, , , , , , ,-0.472,-0.538,-117.845
 12:21:41.717,eb:33:2e:f9:57:b5, 2015-01-01 00:07:58.035,-0.024,0.009,1.059,20.508,-3.784,0.183, , , , , , ,-0.368,-0.56,-117.845
 12:21:41.719,eb:33:2e:f9:57:b5, 2015-01-01 00:07:58.035,-0.024,-0.033,1.1,22.4,-1.709,-0.549, , , , , , ,-0.253,-0.566,-117.839
 12:21:41.785,eb:33:2e:f9:57:b5, 2015-01-01 00:07:58.035,-0.002,-0.01,1.028,23.682,-2.38,-0.977, , , , , , ,-0.137,-0.582,-117.845
 12:21:41.785,eb:33:2e:f9:57:b5, 2015-01-01 00:07:58.035,-0.032,0.022,1,23.865,-2.686,-1.404, , , , , , ,-0.016,-0.593,-117.85
 12:21:41.785,eb:33:2e:f9:57:b5, 2015-01-01 00:07:58.035,0,0,1.026,24.353,-2.075,-0.488, , , , , , ,0.099,-0.61,-117.856
 12:21:41.785,eb:33:2e:f9:57:b5, 2015-01-01 00:07:58.035,-0.014,0.028,0.999,24.231,-1.221,-0.549, , , , , , ,0.231,-0.61,-117.856
 12:21:41.785,eb:33:2e:f9:57:b5, 2015-01-01 00:07:58.035,-0.004,0.023,0.995,24.292,-1.526,-0.305, , , , , , ,0.352,-0.615,-117.861
 12:21:41.785,eb:33:2e:f9:57:b5, 2015-01-01 00:07:58.035,-0.006,0.02,1.007,24.475,-0.916,-0.427, , , , , , ,0.472,-0.621,-117.861
 12:21:41.785,eb:33:2e:f9:57:b5, 2015-01-01 00:07:58.035,-0.002,0.022,1.003,24.231,0.122,-0.427, , , , , , ,0.593,-0.626,-117.867
 12:21:41.785,eb:33:2e:f9:57:b5, 2015-01-01 00:07:58.035,0.029,0.042,0.984,23.621,0.916,-0.366, , , , , , ,0.72,-0.615,-117.867
 12:21:41.808,eb:33:2e:f9:57:b5, 2015-01-01 00:07:58.035,0.038,0.058,0.996,22.766,2.625,-1.038, , , , , , ,0.835,-0.61,-117.867
 12:21:41.808,eb:33:2e:f9:57:b5, 2015-01-01 00:07:58.035,0.05,0.066,1,22.095,4.211,-1.831, , , , , , ,0.945,-0.593,-117.872
 12:21:41.808,eb:33:2e:f9:57:b5, 2015-01-01 00:07:58.035,0.041,0.074,1.007,21.545,6.165,-3.296, , , , , , ,1.055,-0.566,-117.889
 12:21:41.808,eb:33:2e:f9:57:b5, 2015-01-01 00:07:58.035,0.041,0.064,1.021,21.667,7.874,-4.517, , , , , , ,1.176,-0.522,-117.905
 12:21:41.808,eb:33:2e:f9:57:b5, 2015-01-01 00:07:58.035,0.025,0.063,1.025,22.095,9.46,-5.981, , , , , , ,1.285,-0.478,-117.933
 12:21:41.808,eb:33:2e:f9:57:b5, 2015-01-01 00:07:58.035,0.025,0.062,1.014,22.644,10.01,-6.958, , , , , , ,1.395,-0.428,-117.96
 12:21:41.808,eb:33:2e:f9:57:b5, 2015-01-01 00:07:58.035,0.02,0.048,1.037,23.682,10.681,-7.812, , , , , , ,1.511,-0.374,-117.999
 12:21:41.808,eb:33:2e:f9:57:b5, 2015-01-01 00:07:58.035,0.017,0.047,1.033,24.78,10.742,-8.667, , , , , , ,1.642,-0.313,-118.037
 12:21:41.852,eb:33:2e:f9:57:b5, 2015-01-01 00:07:58.035,0.008,0.052,1.025,26.184,10.62,-9.583, , , , , , ,1.769,-0.258,-118.081
 12:21:41.852,eb:33:2e:f9:57:b5, 2015-01-01 00:07:58.035,-0.025,0.068,1.003,27.039,10.254,-10.315, , , , , , ,1.901,-0.209,-118.13
 12:21:41.852,eb:33:2e:f9:57:b5, 2015-01-01 00:07:58.035,-0.03,0.035,1.028,27.71,10.376,-10.071, , , , , , ,2.038,-0.154,-118.18
 12:21:41.852,eb:33:2e:f9:57:b5, 2015-01-01 00:07:58.035,-0.031,0.044,1.017,28.87,9.277,-10.071, , , , , , ,2.192,-0.099,-118.224
 12:21:41.852,eb:33:2e:f9:57:b5, 2015-01-01 00:07:58.035,-0.026,0.029,1.059,30.884,8.362,-10.132, , , , , , ,2.34,-0.055,-118.273
 12:21:41.852,eb:33:2e:f9:57:b5, 2015-01-01 00:07:58.035,-0.005,0.022,1.086,33.63,7.324,-9.888, , , , , , ,2.505,-0.011,-118.317
 12:21:41.852,eb:33:2e:f9:57:b5, 2015-01-01 00:07:58.035,0.025,0.03,1.112,36.804,6.531,-10.254, , , , , , ,2.681,0.016,-118.367
 12:21:41.852,eb:33:2e:f9:57:b5, 2015-01-01 00:07:58.035,0.063,0.034,1.186,41.504,6.165,-11.78, , , , , , ,2.884,0.055,-118.416
 12:21:41.876,eb:33:2e:f9:57:b5, 2015-01-01 00:07:58.035,0.065,0.064,1.236,46.692,6.287,-13.977, , , , , , ,3.109,0.093,-118.482
 12:21:41.876,eb:33:2e:f9:57:b5, 2015-01-01 00:07:58.035,0.04,0.041,1.232,51.514,6.836,-16.174, , , , , , ,3.356,0.126,-118.553
 12:21:41.876,eb:33:2e:f9:57:b5, 2015-01-01 00:07:58.035,0.003,-0.014,1.383,55.725,12.207,-16.602, , , , , , ,3.625,0.181,-118.636
 12:21:41.876,eb:33:2e:f9:57:b5, 2015-01-01 00:07:58.035,-0.045,-0.08,1.584,60.059,21.851,-15.503, , , , , , ,3.922,0.28,-118.707
 12:21:41.876,eb:33:2e:f9:57:b5, 2015-01-01 00:07:58.035,0.013,-0.131,1.533,68.237,27.466,-14.526, , , , , , ,4.246,0.412,-118.773
 12:21:41.876,eb:33:2e:f9:57:b5, 2015-01-01 00:07:58.035,0.002,-0.032,1.369,75.745,28.076,-15.137, , , , , , ,4.609,0.555,-118.834
 12:21:41.876,eb:33:2e:f9:57:b5, 2015-01-01 00:07:58.035,-0.01,-0.03,1.375,82.764,30.212,-15.686, , , , , , ,5.01,0.709,-118.9
 12:21:41.876,eb:33:2e:f9:57:b5, 2015-01-01 00:07:58.035,-0.027,-0.044,1.397,89.783,33.081,-15.503, , , , , , ,5.449,0.879,-118.96
 12:21:41.922,eb:33:2e:f9:57:b5, 2015-01-01 00:07:58.035,-0.059,-0.045,1.377,99.67,33.447,-15.747, , , , , , ,5.927,1.055,-119.02
 12:21:41.922,eb:33:2e:f9:57:b5, 2015-01-01 00:07:58.035,-0.078,-0.081,1.416,108.093,34.485,-14.954, , , , , , ,6.449,1.23,-119.081
 12:21:41.922,eb:33:2e:f9:57:b5, 2015-01-01 00:07:58.035,-0.068,-0.087,1.382,116.15,35.156,-13, , , , , , ,7.009,1.412,-119.13
 12:21:41.922,eb:33:2e:f9:57:b5, 2015-01-01 00:07:58.035,-0.041,-0.066,1.396,125,34.729,-12.085, , , , , , ,7.625,1.599,-119.163
 12:21:41.922,eb:33:2e:f9:57:b5, 2015-01-01 00:07:58.035,-0.033,-0.071,1.423,134.827,34.363,-11.292, , , , , , ,8.278,1.78,-119.202
 12:21:41.922,eb:33:2e:f9:57:b5, 2015-01-01 00:07:58.035,-0.017,-0.06,1.439,144.592,33.875,-9.644, , , , , , ,8.976,1.956,-119.224
 12:21:41.922,eb:33:2e:f9:57:b5, 2015-01-01 00:07:58.035,0.005,-0.037,1.457,155.212,32.593,-8.606, , , , , , ,9.734,2.126,-119.24
 12:21:41.922,eb:33:2e:f9:57:b5, 2015-01-01 00:07:58.035,0.006,-0.043,1.495,166.687,31.372,-8.362, , , , , , ,10.552,2.291,-119.251
 12:21:41.965,eb:33:2e:f9:57:b5, 2015-01-01 00:07:58.370,-0.006,-0.074,1.57,178.04,32.959,-7.751, , , , , , ,11.415,2.461,-119.262
 12:21:41.965,eb:33:2e:f9:57:b5, 2015-01-01 00:07:58.370,0.014,-0.105,1.715,189.575,37.292,-6.348, , , , , , ,12.343,2.637,-119.257
 12:21:41.965,eb:33:2e:f9:57:b5, 2015-01-01 00:07:58.370,0.073,-0.121,1.781,204.834,39.49,-6.653, , , , , , ,13.332,2.834,-119.246
 12:21:41.965,eb:33:2e:f9:57:b5, 2015-01-01 00:07:58.370,0.027,-0.131,1.791,221.863,41.199,-8.301, , , , , , ,14.414,3.043,-119.229
 12:21:41.965,eb:33:2e:f9:57:b5, 2015-01-01 00:07:58.370,0.07,-0.162,1.942,239.319,45.471,-8.057, , , , , , ,15.573,3.263,-119.213
 12:21:41.965,eb:33:2e:f9:57:b5, 2015-01-01 00:07:58.370,0.102,-0.187,2.147,260.925,50.171,-9.033, , , , , , ,16.837,3.51,-119.185
 12:21:41.965,eb:33:2e:f9:57:b5, 2015-01-01 00:07:58.370,0.098,-0.26,2.233,285.278,52.979,-10.864, , , , , , ,18.215,3.774,-119.158
 12:21:41.965,eb:33:2e:f9:57:b5, 2015-01-01 00:07:58.370,0.234,-0.324,2.494,310.852,59.753,-13.184, , , , , , ,19.726,4.065,-119.125
 12:21:42.011,eb:33:2e:f9:57:b5, 2015-01-01 00:07:58.370,0.396,-0.259,2.751,337.524,73.303,-15.93, , , , , , ,21.363,4.406,-119.07
 12:21:42.011,eb:33:2e:f9:57:b5, 2015-01-01 00:07:58.370,0.593,-0.141,2.789,365.906,80.688,-23.56, , , , , , ,23.143,4.807,-119.015
 12:21:42.011,eb:33:2e:f9:57:b5, 2015-01-01 00:07:58.370,0.636,0.135,2.954,392.09,87.952,-33.264, , , , , , ,25.049,5.251,-118.971
 12:21:42.011,eb:33:2e:f9:57:b5, 2015-01-01 00:07:58.370,0.612,0.096,3.183,414.246,100.403,-44.312, , , , , , ,27.087,5.768,-118.949
 12:21:42.011,eb:33:2e:f9:57:b5, 2015-01-01 00:07:58.370,0.552,-0.099,3.349,431.152,124.39,-49.805, , , , , , ,29.218,6.383,-118.883
 12:21:42.011,eb:33:2e:f9:57:b5, 2015-01-01 00:07:58.370,0.413,-0.138,3.421,440.918,146.851,-49.988, , , , , , ,31.421,7.103,-118.751
 12:21:42.011,eb:33:2e:f9:57:b5, 2015-01-01 00:07:58.370,0.471,-0.178,3.569,452.576,156.433,-46.509, , , , , , ,33.69,7.888,-118.531
 12:21:42.012,eb:33:2e:f9:57:b5, 2015-01-01 00:07:58.370,0.583,0.334,3.139,454.59,136.475,-54.321, , , , , , ,35.986,8.63,-118.334
 12:21:42.032,eb:33:2e:f9:57:b5, 2015-01-01 00:07:58.370,0.665,0.104,3.522,462.402,132.751,-60.425, , , , , , ,38.309,9.333,-118.158
 12:21:42.032,eb:33:2e:f9:57:b5, 2015-01-01 00:07:58.370,0.811,-0.174,3.613,474.487,138.123,-66.04, , , , , , ,40.688,10.058,-117.966
 12:21:42.032,eb:33:2e:f9:57:b5, 2015-01-01 00:07:58.370,0.729,-0.318,3.198,473.572,144.043,-73.303, , , , , , ,43.105,10.822,-117.751
 12:21:42.032,eb:33:2e:f9:57:b5, 2015-01-01 00:07:58.370,0.647,-0.566,3.262,460.51,159.119,-73.914, , , , , , ,45.483,11.629,-117.482
 12:21:42.032,eb:33:2e:f9:57:b5, 2015-01-01 00:07:58.370,0.737,-0.793,3.336,454.346,173.34,-73.975, , , , , , ,47.84,12.475,-117.114
 12:21:42.032,eb:33:2e:f9:57:b5, 2015-01-01 00:07:58.370,0.877,-1.066,3.089,466.431,169.8,-76.904, , , , , , ,50.229,13.326,-116.691
 12:21:42.032,eb:33:2e:f9:57:b5, 2015-01-01 00:07:58.370,1.449,-1.181,2.343,494.141,121.338,-91.553, , , , , , ,52.718,14.101,-116.389
 12:21:42.032,eb:33:2e:f9:57:b5, 2015-01-01 00:07:58.370,1.811,-1.087,2.372,506.775,99.487,-116.638, , , , , , ,55.245,14.837,-116.274
 12:21:42.077,eb:33:2e:f9:57:b5, 2015-01-01 00:07:58.370,1.524,-1.325,2.321,531.921,103.699,-155.029, , , , , , ,57.859,15.694,-116.224
 12:21:42.077,eb:33:2e:f9:57:b5, 2015-01-01 00:07:58.370,0.983,-0.819,1.074,522.034,99.06,-197.693, , , , , , ,60.518,16.732,-116.257
 12:21:42.077,eb:33:2e:f9:57:b5, 2015-01-01 00:07:58.370,-0.102,0.547,-1.927,358.521,71.411,-220.398, , , , , , ,62.672,17.891,-116.367
 12:21:42.077,eb:33:2e:f9:57:b5, 2015-01-01 00:07:58.370,-0.055,0.18,-3.554,179.993,-1.709,-208.923, , , , , , ,63.787,18.907,-116.763
 12:21:42.077,eb:33:2e:f9:57:b5, 2015-01-01 00:07:58.370,0.265,-1.042,-2.148,35.034,-35.645,-182.8, , , , , , ,64.045,19.726,-117.339
 12:21:42.077,eb:33:2e:f9:57:b5, 2015-01-01 00:07:58.370,0.463,-1.526,-0.343,-63.538,-45.41,-150.269, , , , , , ,63.704,20.363,-117.922
 12:21:42.077,eb:33:2e:f9:57:b5, 2015-01-01 00:07:58.370,0.402,-1.488,0.971,-115.173,-39.673,-122.131, , , , , , ,63.029,20.863,-118.444
 12:21:42.077,eb:33:2e:f9:57:b5, 2015-01-01 00:07:58.370,0.327,-1.376,1.673,-130.798,-23.254,-97.29, , , , , , ,62.232,21.264,-118.861
 12:21:42.123,eb:33:2e:f9:57:b5, 2015-01-01 00:07:58.370,0.323,-1.319,2.084,-120.789,3.723,-74.707, , , , , , ,61.512,21.616,-119.108
 12:21:42.123,eb:33:2e:f9:57:b5, 2015-01-01 00:07:58.370,0.3,-1.236,2.19,-98.999,35.4,-53.65, , , , , , ,60.947,21.94,-119.158
 12:21:42.123,eb:33:2e:f9:57:b5, 2015-01-01 00:07:58.370,0.217,-1.087,1.875,-78.918,62.927,-33.691, , , , , , ,60.568,22.247,-119.02
 12:21:42.123,eb:33:2e:f9:57:b5, 2015-01-01 00:07:58.370,0.111,-0.934,1.266,-69.275,81.848,-14.404, , , , , , ,60.304,22.527,-118.735
 12:21:42.123,eb:33:2e:f9:57:b5, 2015-01-01 00:07:58.370,0.042,-0.837,0.655,-72.51,93.262,4.883, , , , , , ,60.112,22.758,-118.323
 12:21:42.123,eb:33:2e:f9:57:b5, 2015-01-01 00:07:58.370,0.072,-0.779,0.182,-86.548,97.229,24.17, , , , , , ,59.903,22.928,-117.817
 12:21:42.123,eb:33:2e:f9:57:b5, 2015-01-01 00:07:58.370,0.081,-0.741,-0.078,-106.75,94.299,41.26, , , , , , ,59.623,23.022,-117.274
 12:21:42.123,eb:33:2e:f9:57:b5, 2015-01-01 00:07:58.370,0.141,-0.693,-0.206,-127.686,83.191,54.565, , , , , , ,59.222,23.027,-116.73
 12:21:42.167,eb:33:2e:f9:57:b5, 2015-01-01 00:07:58.370,0.2,-0.638,-0.257,-147.156,66.04,63.049, , , , , , ,58.722,22.956,-116.219
 12:21:42.167,eb:33:2e:f9:57:b5, 2015-01-01 00:07:58.370,0.274,-0.597,-0.279,-164.368,45.837,67.505, , , , , , ,58.107,22.819,-115.779
 12:21:42.167,eb:33:2e:f9:57:b5, 2015-01-01 00:07:58.370,0.354,-0.567,-0.247,-179.077,26.001,68.848, , , , , , ,57.371,22.615,-115.428
 12:21:42.167,eb:33:2e:f9:57:b5, 2015-01-01 00:07:58.370,0.409,-0.537,-0.161,-191.589,9.155,67.322, , , , , , ,56.525,22.374,-115.164
 12:21:42.167,eb:33:2e:f9:57:b5, 2015-01-01 00:07:58.370,0.431,-0.509,-0.054,-201.721,-4.211,63.538, , , , , , ,55.613,22.104,-114.961
 12:21:42.167,eb:33:2e:f9:57:b5, 2015-01-01 00:07:58.370,0.43,-0.485,0.051,-210.449,-14.282,58.411, , , , , , ,54.63,21.824,-114.818
 12:21:42.167,eb:33:2e:f9:57:b5, 2015-01-01 00:07:58.370,0.428,-0.465,0.139,-218.384,-21.606,52.551, , , , , , ,53.586,21.544,-114.73
 12:21:42.167,eb:33:2e:f9:57:b5, 2015-01-01 00:07:58.370,0.423,-0.438,0.2,-226.624,-26.794,46.143, , , , , , ,52.471,21.275,-114.686
 12:21:42.214,eb:33:2e:f9:57:b5, 2015-01-01 00:07:58.370,0.416,-0.407,0.23,-235.901,-30.762,39.429, , , , , , ,51.312,21.017,-114.67
 12:21:42.214,eb:33:2e:f9:57:b5, 2015-01-01 00:07:58.370,0.41,-0.371,0.234,-246.216,-34.912,32.227, , , , , , ,50.098,20.775,-114.686
 12:21:42.214,eb:33:2e:f9:57:b5, 2015-01-01 00:07:58.370,0.413,-0.334,0.23,-257.568,-39.795,24.78, , , , , , ,48.812,20.544,-114.741
 12:21:42.214,eb:33:2e:f9:57:b5, 2015-01-01 00:07:58.370,0.432,-0.303,0.239,-269.47,-45.41,16.968, , , , , , ,47.433,20.319,-114.851
 12:21:42.214,eb:33:2e:f9:57:b5, 2015-01-01 00:07:58.370,0.455,-0.272,0.263,-281.189,-51.697,8.545, , , , , , ,46,20.11,-114.999
 12:21:42.214,eb:33:2e:f9:57:b5, 2015-01-01 00:07:58.370,0.477,-0.241,0.294,-292.236,-58.411,-0.305, , , , , , ,44.489,19.902,-115.192
 12:21:42.214,eb:33:2e:f9:57:b5, 2015-01-01 00:07:58.370,0.493,-0.217,0.33,-301.88,-65.43,-9.46, , , , , , ,42.913,19.693,-115.444
 12:21:42.214,eb:33:2e:f9:57:b5, 2015-01-01 00:07:58.370,0.507,-0.198,0.37,-309.875,-73.12,-18.616, , , , , , ,41.259,19.479,-115.763
 12:21:42.235,eb:33:2e:f9:57:b5, 2015-01-01 00:07:58.685,0.519,-0.177,0.413,-316.223,-80.933,-27.649, , , , , , ,39.567,19.259,-116.125
 12:21:42.235,eb:33:2e:f9:57:b5, 2015-01-01 00:07:58.685,0.525,-0.164,0.454,-320.923,-88.806,-36.377, , , , , , ,37.831,19.028,-116.543
 12:21:42.235,eb:33:2e:f9:57:b5, 2015-01-01 00:07:58.685,0.525,-0.158,0.497,-324.28,-96.863,-44.25, , , , , , ,36.063,18.776,-117.015
 12:21:42.235,eb:33:2e:f9:57:b5, 2015-01-01 00:07:58.685,0.519,-0.161,0.547,-326.599,-105.042,-51.392, , , , , , ,34.25,18.495,-117.543
 12:21:42.235,eb:33:2e:f9:57:b5, 2015-01-01 00:07:58.685,0.495,-0.178,0.618,-329.041,-114.624,-58.533, , , , , , ,32.432,18.188,-118.109
 12:21:42.235,eb:33:2e:f9:57:b5, 2015-01-01 00:07:58.685,0.5,-0.183,0.641,-331.482,-123.413,-62.622, , , , , , ,30.591,17.836,-118.707
 12:21:42.235,eb:33:2e:f9:57:b5, 2015-01-01 00:07:58.685,0.476,-0.2,0.694,-334.595,-131.653,-65.918, , , , , , ,28.735,17.435,-119.339
 12:21:42.235,eb:33:2e:f9:57:b5, 2015-01-01 00:07:58.685,0.462,-0.224,0.73,-337.769,-140.686,-68.298, , , , , , ,26.845,16.979,-119.993
 12:21:42.280,eb:33:2e:f9:57:b5, 2015-01-01 00:07:58.685,0.478,-0.224,0.77,-339.966,-152.405,-69.946, , , , , , ,24.955,16.469,-120.652
 12:21:42.280,eb:33:2e:f9:57:b5, 2015-01-01 00:07:58.685,0.482,-0.224,0.832,-341.98,-164.246,-71.533, , , , , , ,23.06,15.881,-121.328
 12:21:42.280,eb:33:2e:f9:57:b5, 2015-01-01 00:07:58.685,0.477,-0.23,0.927,-343.018,-175.415,-71.838, , , , , , ,21.165,15.227,-122.003
 12:21:42.280,eb:33:2e:f9:57:b5, 2015-01-01 00:07:58.685,0.455,-0.243,1.042,-343.384,-186.035,-71.289, , , , , , ,19.254,14.485,-122.684
 12:21:42.281,eb:33:2e:f9:57:b5, 2015-01-01 00:07:58.685,0.449,-0.202,1.109,-343.872,-196.899,-70.007, , , , , , ,17.375,13.678,-123.344
 12:21:42.281,eb:33:2e:f9:57:b5, 2015-01-01 00:07:58.685,0.439,-0.184,1.204,-343.994,-205.75,-67.81, , , , , , ,15.513,12.805,-123.975
 12:21:42.281,eb:33:2e:f9:57:b5, 2015-01-01 00:07:58.685,0.427,-0.186,1.285,-343.201,-213.379,-64.453, , , , , , ,13.661,11.871,-124.574
 12:21:42.281,eb:33:2e:f9:57:b5, 2015-01-01 00:07:58.685,0.389,-0.186,1.392,-340.271,-219.666,-60.486, , , , , , ,11.827,10.871,-125.134
 12:21:42.324,eb:33:2e:f9:57:b5, 2015-01-01 00:07:58.685,0.366,-0.173,1.482,-335.205,-226.501,-55.237, , , , , , ,10.047,9.822,-125.634
 12:21:42.324,eb:33:2e:f9:57:b5, 2015-01-01 00:07:58.685,0.338,-0.141,1.583,-328.918,-233.032,-49.194, , , , , , ,8.317,8.729,-126.079
 12:21:42.324,eb:33:2e:f9:57:b5, 2015-01-01 00:07:58.685,0.303,-0.101,1.677,-322.266,-239.258,-41.809, , , , , , ,6.641,7.581,-126.458
 12:21:42.324,eb:33:2e:f9:57:b5, 2015-01-01 00:07:58.685,0.252,-0.058,1.774,-315.613,-245.605,-33.691, , , , , , ,4.993,6.378,-126.777
 12:21:42.324,eb:33:2e:f9:57:b5, 2015-01-01 00:07:58.685,0.207,-0.01,1.853,-309.448,-251.587,-23.987, , , , , , ,3.411,5.147,-127.007
 12:21:42.324,eb:33:2e:f9:57:b5, 2015-01-01 00:07:58.685,0.147,0.051,1.952,-303.04,-257.202,-13.611, , , , , , ,1.868,3.878,-127.15
 12:21:42.324,eb:33:2e:f9:57:b5, 2015-01-01 00:07:58.685,0.103,0.127,2.061,-295.166,-262.695,-2.991, , , , , , ,0.368,2.571,-127.216
 12:21:42.324,eb:33:2e:f9:57:b5, 2015-01-01 00:07:58.685,0.062,0.218,2.22,-285.278,-266.174,8.24, , , , , , ,-1.088,1.236,-127.189
 12:21:42.370,eb:33:2e:f9:57:b5, 2015-01-01 00:07:58.685,-0.009,0.336,2.423,-274.231,-267.029,19.226, , , , , , ,-2.483,-0.093,-127.073
 12:21:42.370,eb:33:2e:f9:57:b5, 2015-01-01 00:07:58.685,-0.088,0.464,2.604,-263.55,-264.221,30.457, , , , , , ,-3.823,-1.412,-126.87
 12:21:42.370,eb:33:2e:f9:57:b5, 2015-01-01 00:07:58.685,-0.169,0.597,2.697,-255.615,-260.376,41.016, , , , , , ,-5.125,-2.703,-126.584
 12:21:42.370,eb:33:2e:f9:57:b5, 2015-01-01 00:07:58.685,-0.247,0.708,2.676,-252.38,-257.263,51.208, , , , , , ,-6.432,-3.977,-126.216
 12:21:42.370,eb:33:2e:f9:57:b5, 2015-01-01 00:07:58.685,-0.323,0.802,2.604,-253.845,-255.981,60.608, , , , , , ,-7.734,-5.219,-125.777
 12:21:42.370,eb:33:2e:f9:57:b5, 2015-01-01 00:07:58.685,-0.411,0.903,2.582,-256.958,-256.592,69.275, , , , , , ,-9.064,-6.438,-125.261
 12:21:42.370,eb:33:2e:f9:57:b5, 2015-01-01 00:07:58.685,-0.527,1.008,2.633,-257.629,-258.362,76.599, , , , , , ,-10.426,-7.641,-124.673
 12:21:42.371,eb:33:2e:f9:57:b5, 2015-01-01 00:07:58.685,-0.683,1.136,2.717,-252.38,-259.949,82.52, , , , , , ,-11.81,-8.849,-124.019
 12:21:42.416,eb:33:2e:f9:57:b5, 2015-01-01 00:07:58.685,-0.886,1.307,2.797,-239.502,-260.01,87.158, , , , , , ,-13.156,-10.031,-123.311
 12:21:42.416,eb:33:2e:f9:57:b5, 2015-01-01 00:07:58.685,-1.053,1.555,2.807,-219.177,-258.85,89.539, , , , , , ,-14.436,-11.184,-122.558
 12:21:42.416,eb:33:2e:f9:57:b5, 2015-01-01 00:07:58.685,-1.134,1.858,2.826,-194.153,-251.892,90.027, , , , , , ,-15.617,-12.299,-121.778
 12:21:42.416,eb:33:2e:f9:57:b5, 2015-01-01 00:07:58.685,-1.193,2.171,2.879,-169.25,-236.267,88.379, , , , , , ,-16.699,-13.354,-120.987
 12:21:42.416,eb:33:2e:f9:57:b5, 2015-01-01 00:07:58.685,-1.277,2.412,2.916,-147.217,-211.304,84.595, , , , , , ,-17.661,-14.288,-120.223
 12:21:42.416,eb:33:2e:f9:57:b5, 2015-01-01 00:07:58.685,-1.368,2.561,2.881,-129.211,-180.054,79.956, , , , , , ,-18.523,-15.079,-119.515
 12:21:42.416,eb:33:2e:f9:57:b5, 2015-01-01 00:07:58.685,-1.438,2.688,2.747,-113.342,-138.184,74.219, , , , , , ,-19.286,-15.688,-118.878
 12:21:42.416,eb:33:2e:f9:57:b5, 2015-01-01 00:07:58.685,-1.459,2.792,2.572,-102.234,-106.384,68.848, , , , , , ,-19.979,-16.133,-118.317
 12:21:42.438,eb:33:2e:f9:57:b5, 2015-01-01 00:07:58.685,-1.45,2.884,2.396,-89.905,-78.796,62.988, , , , , , ,-20.594,-16.441,-117.839
 12:21:42.438,eb:33:2e:f9:57:b5, 2015-01-01 00:07:58.685,-1.459,2.967,2.208,-73.853,-56.885,56.152, , , , , , ,-21.11,-16.644,-117.427
 12:21:42.438,eb:33:2e:f9:57:b5, 2015-01-01 00:07:58.685,-1.445,3.032,1.981,-53.162,-42.542,48.035, , , , , , ,-21.517,-16.771,-117.087
 12:21:42.438,eb:33:2e:f9:57:b5, 2015-01-01 00:07:58.685,-1.425,3.058,1.774,-29.541,-33.02,39.429, , , , , , ,-21.797,-16.864,-116.812
 12:21:42.438,eb:33:2e:f9:57:b5, 2015-01-01 00:07:58.685,-1.41,3.031,1.619,-4.395,-27.466,30.273, , , , , , ,-21.934,-16.935,-116.587
 12:21:42.438,eb:33:2e:f9:57:b5, 2015-01-01 00:07:58.685,-1.407,2.971,1.536,20.02,-22.888,21.118, , , , , , ,-21.929,-17.007,-116.417
 12:21:42.438,eb:33:2e:f9:57:b5, 2015-01-01 00:07:58.685,-1.405,2.886,1.508,42.175,-17.822,12.268, , , , , , ,-21.797,-17.073,-116.301
 12:21:42.438,eb:33:2e:f9:57:b5, 2015-01-01 00:07:58.685,-1.396,2.771,1.539,61.157,-10.437,3.906, , , , , , ,-21.539,-17.122,-116.241
 12:21:42.482,eb:33:2e:f9:57:b5, 2015-01-01 00:07:58.685,-1.15,2.629,1.585,76.111,0.305,-2.93, , , , , , ,-21.193,-17.139,-116.235
 12:21:42.482,eb:33:2e:f9:57:b5, 2015-01-01 00:07:58.685,-2.357,2.404,2.234,130.92,39.978,-65.857, , , , , , ,-20.671,-17.133,-116.367
 12:21:42.483,eb:33:2e:f9:57:b5, 2015-01-01 00:07:58.685,-0.658,-0.414,6.16,152.893,353.577,43.03, , , , , , ,-19.737,-15.837,-116.785
 12:21:42.483,eb:33:2e:f9:57:b5, 2015-01-01 00:07:58.685,1.83,0.925,1.532,142.395,348.267,60.059, , , , , , ,-18.907,-14.156,-117.098
 12:21:42.483,eb:33:2e:f9:57:b5, 2015-01-01 00:07:58.685,-0.727,-0.819,0.775,152.954,387.756,44.922, , , , , , ,-18.116,-12.299,-117.488
 12:21:42.483,eb:33:2e:f9:57:b5, 2015-01-01 00:07:58.685,-0.214,-1.721,0.043,204.041,300.781,56.091, , , , , , ,-17.144,-10.607,-117.74
 12:21:42.483,eb:33:2e:f9:57:b5, 2015-01-01 00:07:58.685,0.121,-1.875,-0.123,258.057,217.468,58.533, , , , , , ,-15.958,-9.322,-117.823
 12:21:42.483,eb:33:2e:f9:57:b5, 2015-01-01 00:07:58.685,-0.39,-1.29,0.473,301.025,188.171,55.969, , , , , , ,-14.513,-8.289,-117.801
 12:21:42.528,eb:33:2e:f9:57:b5, 2015-01-01 00:07:58.685,-0.481,-0.246,1.038,305.115,177.185,48.889, , , , , , ,-12.991,-7.35,-117.768
 12:21:42.528,eb:33:2e:f9:57:b5, 2015-01-01 00:07:58.685,-0.25,0.223,1.374,292.297,174.683,42.053, , , , , , ,-11.503,-6.454,-117.735
 12:21:42.528,eb:33:2e:f9:57:b5, 2015-01-01 00:07:58.685,-0.562,0.276,1.366,273.56,175.049,35.217, , , , , , ,-10.102,-5.548,-117.713
 12:21:42.528,eb:33:2e:f9:57:b5, 2015-01-01 00:07:58.685,-0.72,0.325,1.378,247.375,155.151,21.973, , , , , , ,-8.8,-4.713,-117.713
 12:21:42.528,eb:33:2e:f9:57:b5, 2015-01-01 00:07:58.685,-0.511,0.461,1.21,213.44,127.747,11.353, , , , , , ,-7.657,-4.01,-117.74
 12:21:42.528,eb:33:2e:f9:57:b5, 2015-01-01 00:07:58.685,-0.469,0.425,1.183,177.612,101.746,10.498, , , , , , ,-6.696,-3.45,-117.757
 12:21:42.529,eb:33:2e:f9:57:b5, 2015-01-01 00:07:58.685,-0.246,0.644,1.216,128.052,75.928,19.958, , , , , , ,-5.955,-3.01,-117.729
 12:21:42.529,eb:33:2e:f9:57:b5, 2015-01-01 00:07:58.685,0.001,0.423,1.13,92.163,58.228,33.813, , , , , , ,-5.422,-2.67,-117.614
 12:21:42.572,eb:33:2e:f9:57:b5, 2015-01-01 00:07:59.000,-0.125,0.252,1.104,69.397,61.584,41.077, , , , , , ,-5.043,-2.351,-117.449
 12:21:42.572,eb:33:2e:f9:57:b5, 2015-01-01 00:07:59.000,-0.112,0.143,0.957,51.88,60.181,48.035, , , , , , ,-4.757,-2.027,-117.252
 12:21:42.572,eb:33:2e:f9:57:b5, 2015-01-01 00:07:59.000,-0.361,0.125,0.935,42.786,59.998,46.204, , , , , , ,-4.537,-1.719,-117.037
 12:21:42.572,eb:33:2e:f9:57:b5, 2015-01-01 00:07:59.000,-0.384,0.374,0.717,30.518,43.213,29.724, , , , , , ,-4.351,-1.428,-116.873
 12:21:42.572,eb:33:2e:f9:57:b5, 2015-01-01 00:07:59.000,-0.153,0.352,0.719,20.203,20.386,13.306, , , , , , ,-4.235,-1.28,-116.785
 12:21:42.572,eb:33:2e:f9:57:b5, 2015-01-01 00:07:59.000,-0.004,0.041,0.891,16.907,13.672,8.789, , , , , , ,-4.147,-1.203,-116.741
 12:21:42.572,eb:33:2e:f9:57:b5, 2015-01-01 00:07:59.000,0.041,-0.034,1.003,15.32,15.564,11.292, , , , , , ,-4.07,-1.126,-116.697
 12:21:42.572,eb:33:2e:f9:57:b5, 2015-01-01 00:07:59.000,-0.07,0.004,1.016,12.207,17.212,14.16, , , , , , ,-3.994,-1.033,-116.636
 12:21:42.618,eb:33:2e:f9:57:b5, 2015-01-01 00:07:59.000,-0.128,0.01,0.976,9.949,15.625,12.207, , , , , , ,-3.939,-0.945,-116.576
 12:21:42.618,eb:33:2e:f9:57:b5, 2015-01-01 00:07:59.000,-0.063,-0.003,0.934,9.094,9.888,8.423, , , , , , ,-3.895,-0.879,-116.526
 12:21:42.618,eb:33:2e:f9:57:b5, 2015-01-01 00:07:59.000,-0.026,-0.024,0.984,8.667,7.446,6.714, , , , , , ,-3.851,-0.84,-116.494
 12:21:42.618,eb:33:2e:f9:57:b5, 2015-01-01 00:07:59.000,-0.039,-0.029,1.006,8.057,6.897,6.409, , , , , , ,-3.801,-0.797,-116.461
 12:21:42.618,eb:33:2e:f9:57:b5, 2015-01-01 00:07:59.000,-0.044,-0.038,1,7.751,5.981,5.92, , , , , , ,-3.763,-0.758,-116.433
 12:21:42.618,eb:33:2e:f9:57:b5, 2015-01-01 00:07:59.000,-0.016,-0.041,0.993,7.69,4.578,4.822, , , , , , ,-3.724,-0.731,-116.406
 12:21:42.618,eb:33:2e:f9:57:b5, 2015-01-01 00:07:59.000,0.017,-0.033,1.004,7.568,4.395,3.906, , , , , , ,-3.686,-0.709,-116.389
 12:21:42.618,eb:33:2e:f9:57:b5, 2015-01-01 00:07:59.000,0.019,-0.022,1.024,7.385,5.981,2.93, , , , , , ,-3.636,-0.676,-116.367
 12:21:42.643,eb:33:2e:f9:57:b5, 2015-01-01 00:07:59.000,0.014,-0.027,1.025,7.385,7.812,1.892, , , , , , ,-3.598,-0.643,-116.362
 12:21:42.643,eb:33:2e:f9:57:b5, 2015-01-01 00:07:59.000,-0.006,-0.031,1.026,7.629,9.277,0.732, , , , , , ,-3.565,-0.599,-116.356
 12:21:42.643,eb:33:2e:f9:57:b5, 2015-01-01 00:07:59.000,-0.023,-0.032,1.012,7.874,9.949,-0.305, , , , , , ,-3.527,-0.549,-116.356
 12:21:42.643,eb:33:2e:f9:57:b5, 2015-01-01 00:07:59.000,-0.029,-0.036,1,7.996,9.583,-1.221, , , , , , ,-3.472,-0.494,-116.362
 12:21:42.643,eb:33:2e:f9:57:b5, 2015-01-01 00:07:59.000,-0.028,-0.039,0.994,7.996,8.972,-2.014, , , , , , ,-3.433,-0.45,-116.373
 12:21:42.643,eb:33:2e:f9:57:b5, 2015-01-01 00:07:59.000,-0.027,-0.038,0.99,7.874,8.057,-2.38, , , , , , ,-3.395,-0.406,-116.389
 12:21:42.643,eb:33:2e:f9:57:b5, 2015-01-01 00:07:59.000,-0.021,-0.034,0.988,7.446,7.385,-2.563, , , , , , ,-3.356,-0.374,-116.4
 12:21:42.643,eb:33:2e:f9:57:b5, 2015-01-01 00:07:59.000,-0.016,-0.028,0.993,7.141,7.019,-2.93, , , , , , ,-3.307,-0.33,-116.417
 12:21:42.685,eb:33:2e:f9:57:b5, 2015-01-01 00:07:59.000,-0.02,-0.034,1.005,6.958,7.141,-3.296, , , , , , ,-3.274,-0.297,-116.433
 12:21:42.685,eb:33:2e:f9:57:b5, 2015-01-01 00:07:59.000,-0.023,-0.039,1.011,6.958,7.324,-3.845, , , , , , ,-3.241,-0.264,-116.455
 12:21:42.685,eb:33:2e:f9:57:b5, 2015-01-01 00:07:59.000,-0.03,-0.043,1.015,7.019,7.446,-4.395, , , , , , ,-3.208,-0.225,-116.477
 12:21:42.685,eb:33:2e:f9:57:b5, 2015-01-01 00:07:59.000,-0.033,-0.048,1.012,7.202,7.385,-4.578, , , , , , ,-3.159,-0.181,-116.499
 12:21:42.685,eb:33:2e:f9:57:b5, 2015-01-01 00:07:59.000,-0.029,-0.047,1.006,7.202,7.019,-4.517, , , , , , ,-3.12,-0.148,-116.521
 12:21:42.685,eb:33:2e:f9:57:b5, 2015-01-01 00:07:59.000,-0.024,-0.042,1.002,7.019,6.531,-4.456, , , , , , ,-3.087,-0.115,-116.548
 12:21:42.685,eb:33:2e:f9:57:b5, 2015-01-01 00:07:59.000,-0.023,-0.038,0.997,6.897,6.226,-4.395, , , , , , ,-3.054,-0.088,-116.57
 12:21:42.685,eb:33:2e:f9:57:b5, 2015-01-01 00:07:59.000,-0.021,-0.034,0.996,6.653,5.92,-4.272, , , , , , ,-3.01,-0.049,-116.592
 12:21:42.730,eb:33:2e:f9:57:b5, 2015-01-01 00:07:59.000,-0.011,-0.031,0.991,6.348,5.615,-3.967, , , , , , ,-2.977,-0.022,-116.614
 12:21:42.730,eb:33:2e:f9:57:b5, 2015-01-01 00:07:59.000,-0.006,-0.024,0.998,6.287,5.371,-4.028, , , , , , ,-2.944,0,-116.631
 12:21:42.730,eb:33:2e:f9:57:b5, 2015-01-01 00:07:59.000,-0.001,-0.025,1.007,6.287,5.615,-3.845, , , , , , ,-2.917,0.022,-116.653
 12:21:42.730,eb:33:2e:f9:57:b5, 2015-01-01 00:07:59.000,0.007,-0.026,1.015,6.531,6.226,-3.906, , , , , , ,-2.873,0.055,-116.675
 12:21:42.730,eb:33:2e:f9:57:b5, 2015-01-01 00:07:59.000,-0.003,-0.024,1.019,6.531,7.385,-4.15, , , , , , ,-2.84,0.088,-116.697
 12:21:42.730,eb:33:2e:f9:57:b5, 2015-01-01 00:07:59.000,0,-0.018,0.998,6.104,8.179,-3.967, , , , , , ,-2.807,0.126,-116.713
 12:21:42.730,eb:33:2e:f9:57:b5, 2015-01-01 00:07:59.000,-0.001,-0.009,0.984,5.249,8.667,-3.845, , , , , , ,-2.78,0.17,-116.735
 12:21:42.730,eb:33:2e:f9:57:b5, 2015-01-01 00:07:59.000,-0.005,-0.011,0.991,4.761,8.85,-3.845, , , , , , ,-2.747,0.22,-116.757
 12:21:42.776,eb:33:2e:f9:57:b5, 2015-01-01 00:07:59.000,0.005,-0.013,0.998,4.517,9.583,-3.784, , , , , , ,-2.725,0.264,-116.779
 12:21:42.776,eb:33:2e:f9:57:b5, 2015-01-01 00:07:59.000,-0.012,-0.004,1.019,4.272,11.047,-4.272, , , , , , ,-2.703,0.313,-116.801
 12:21:42.776,eb:33:2e:f9:57:b5, 2015-01-01 00:07:59.000,-0.024,-0.01,0.987,3.967,11.353,-3.967, , , , , , ,-2.681,0.368,-116.823
 12:21:42.776,eb:33:2e:f9:57:b5, 2015-01-01 00:07:59.000,-0.016,-0.016,0.992,3.967,11.108,-4.028, , , , , , ,-2.653,0.434,-116.84
 12:21:42.776,eb:33:2e:f9:57:b5, 2015-01-01 00:07:59.000,-0.035,-0.015,1.004,4.211,11.475,-4.333, , , , , , ,-2.631,0.489,-116.867
 12:21:42.776,eb:33:2e:f9:57:b5, 2015-01-01 00:07:59.000,0.001,-0.014,0.987,4.395,10.62,-4.456, , , , , , ,-2.609,0.538,-116.889
 12:21:42.776,eb:33:2e:f9:57:b5, 2015-01-01 00:07:59.000,-0.055,-0.017,1.031,4.944,11.658,-5.066, , , , , , ,-2.587,0.593,-116.917
 12:21:42.776,eb:33:2e:f9:57:b5, 2015-01-01 00:07:59.000,-0.051,-0.033,0.981,5.371,10.315,-4.395, , , , , , ,-2.554,0.654,-116.938
 12:21:42.797,eb:33:2e:f9:57:b5, 2015-01-01 00:07:59.000,-0.053,-0.03,0.988,5.737,8.85,-3.906, , , , , , ,-2.527,0.698,-116.96
 12:21:42.797,eb:33:2e:f9:57:b5, 2015-01-01 00:07:59.000,-0.046,-0.029,0.993,5.92,8.118,-3.723, , , , , , ,-2.494,0.742,-116.982
 12:21:42.797,eb:33:2e:f9:57:b5, 2015-01-01 00:07:59.000,-0.031,-0.032,0.999,6.47,7.019,-3.967, , , , , , ,-2.466,0.775,-117.004
 12:21:42.797,eb:33:2e:f9:57:b5, 2015-01-01 00:07:59.000,-0.028,-0.021,1.008,6.714,7.08,-4.456, , , , , , ,-2.422,0.818,-117.026
 12:21:42.797,eb:33:2e:f9:57:b5, 2015-01-01 00:07:59.000,-0.016,-0.009,0.999,7.202,6.531,-5.493, , , , , , ,-2.39,0.851,-117.048
 12:21:42.797,eb:33:2e:f9:57:b5, 2015-01-01 00:07:59.000,-0.024,-0.009,1.017,7.874,6.042,-6.47, , , , , , ,-2.351,0.879,-117.081
 12:21:42.797,eb:33:2e:f9:57:b5, 2015-01-01 00:07:59.000,-0.028,-0.023,1.025,8.789,5.981,-7.019, , , , , , ,-2.313,0.906,-117.114
 12:21:42.799,eb:33:2e:f9:57:b5, 2015-01-01 00:07:59.000,-0.056,-0.039,1.056,9.888,7.263,-6.714, , , , , , ,-2.252,0.945,-117.153
 12:21:42.843,eb:33:2e:f9:57:b5, 2015-01-01 00:07:59.000,-0.063,-0.042,1.043,11.047,7.385,-6.287, , , , , , ,-2.203,0.983,-117.186
 12:21:42.843,eb:33:2e:f9:57:b5, 2015-01-01 00:07:59.000,-0.047,-0.046,1.045,13,6.348,-6.409, , , , , , ,-2.142,1.016,-117.219
 12:21:42.843,eb:33:2e:f9:57:b5, 2015-01-01 00:07:59.000,-0.036,-0.037,1.029,14.282,5.981,-6.287, , , , , , ,-2.071,1.044,-117.252
 12:21:42.843,eb:33:2e:f9:57:b5, 2015-01-01 00:07:59.000,-0.029,-0.011,0.997,14.648,5.737,-6.653, , , , , , ,-1.989,1.077,-117.279
 12:21:42.843,eb:33:2e:f9:57:b5, 2015-01-01 00:07:59.000,-0.032,-0.009,1.006,14.832,6.226,-7.08, , , , , , ,-1.917,1.104,-117.318
 12:21:42.843,eb:33:2e:f9:57:b5, 2015-01-01 00:07:59.000,-0.032,-0.011,1.011,15.076,6.836,-7.385, , , , , , ,-1.846,1.137,-117.35
 12:21:42.843,eb:33:2e:f9:57:b5, 2015-01-01 00:07:59.000,-0.026,-0.011,1.011,15.503,7.507,-7.935, , , , , , ,-1.769,1.17,-117.389
 12:21:42.843,eb:33:2e:f9:57:b5, 2015-01-01 00:07:59.000,-0.024,-0.006,1.02,15.93,8.301,-8.423, , , , , , ,-1.681,1.214,-117.433
 12:21:42.888,eb:33:2e:f9:57:b5, 2015-01-01 00:07:59.290,-0.022,-0.008,1.035,16.724,9.216,-9.094, , , , , , ,-1.599,1.258,-117.477
 12:21:42.888,eb:33:2e:f9:57:b5, 2015-01-01 00:07:59.290,-0.026,-0.008,1.041,17.578,10.132,-9.644, , , , , , ,-1.516,1.307,-117.526
 12:21:42.888,eb:33:2e:f9:57:b5, 2015-01-01 00:07:59.290,-0.043,-0.01,1.038,18.372,11.108,-10.01, , , , , , ,-1.428,1.357,-117.576
 12:21:42.888,eb:33:2e:f9:57:b5, 2015-01-01 00:07:59.290,-0.041,-0.014,1.03,19.47,11.292,-10.437, , , , , , ,-1.324,1.417,-117.625
 12:21:42.888,eb:33:2e:f9:57:b5, 2015-01-01 00:07:59.290,-0.053,-0.014,1.038,20.569,11.719,-10.559, , , , , , ,-1.225,1.478,-117.68
 12:21:42.888,eb:33:2e:f9:57:b5, 2015-01-01 00:07:59.290,-0.071,-0.028,1.042,21.851,11.902,-10.376, , , , , , ,-1.121,1.533,-117.729
 12:21:42.888,eb:33:2e:f9:57:b5, 2015-01-01 00:07:59.290,-0.087,-0.039,1.044,23.56,11.353,-9.705, , , , , , ,-1.005,1.588,-117.784
 12:21:42.889,eb:33:2e:f9:57:b5, 2015-01-01 00:07:59.290,-0.077,-0.043,1.04,25.574,10.01,-8.85, , , , , , ,-0.873,1.648,-117.828
 12:21:42.932,eb:33:2e:f9:57:b5, 2015-01-01 00:07:59.290,-0.077,-0.029,1.03,27.405,8.484,-8.24, , , , , , ,-0.742,1.692,-117.872
 12:21:42.932,eb:33:2e:f9:57:b5, 2015-01-01 00:07:59.290,-0.085,-0.037,1.051,29.297,7.629,-7.385, , , , , , ,-0.604,1.73,-117.911
 12:21:42.932,eb:33:2e:f9:57:b5, 2015-01-01 00:07:59.290,-0.072,-0.04,1.049,31.189,6.775,-6.531, , , , , , ,-0.45,1.769,-117.944
 12:21:42.932,eb:33:2e:f9:57:b5, 2015-01-01 00:07:59.290,-0.062,-0.038,1.076,33.875,5.798,-5.432, , , , , , ,-0.28,1.802,-117.971
 12:21:42.932,eb:33:2e:f9:57:b5, 2015-01-01 00:07:59.290,-0.035,-0.045,1.118,37.048,5.615,-5.005, , , , , , ,-0.104,1.829,-117.999
 12:21:42.932,eb:33:2e:f9:57:b5, 2015-01-01 00:07:59.290,-0.011,-0.036,1.168,40.466,6.47,-4.883, , , , , , ,0.088,1.862,-118.021
 12:21:42.932,eb:33:2e:f9:57:b5, 2015-01-01 00:07:59.290,0.022,-0.026,1.203,43.64,8.789,-5.066, , , , , , ,0.297,1.901,-118.043
 12:21:42.933,eb:33:2e:f9:57:b5, 2015-01-01 00:07:59.290,0.055,-0.025,1.259,47.668,12.329,-5.798, , , , , , ,0.538,1.961,-118.07
 12:21:42.978,eb:33:2e:f9:57:b5, 2015-01-01 00:07:59.290,0.051,-0.006,1.271,53.284,14.709,-7.751, , , , , , ,0.791,2.032,-118.103
 12:21:42.978,eb:33:2e:f9:57:b5, 2015-01-01 00:07:59.290,0.039,-0.022,1.305,58.777,17.944,-9.155, , , , , , ,1.071,2.115,-118.141
 12:21:42.978,eb:33:2e:f9:57:b5, 2015-01-01 00:07:59.290,0.021,-0.041,1.37,64.575,22.217,-9.521, , , , , , ,1.379,2.214,-118.191
 12:21:42.978,eb:33:2e:f9:57:b5, 2015-01-01 00:07:59.290,0.028,-0.06,1.439,71.106,26.855,-9.705, , , , , , ,1.73,2.346,-118.229
 12:21:42.978,eb:33:2e:f9:57:b5, 2015-01-01 00:07:59.290,0.005,-0.075,1.458,79.346,30.396,-10.315, , , , , , ,2.109,2.494,-118.273
 12:21:42.978,eb:33:2e:f9:57:b5, 2015-01-01 00:07:59.290,-0.002,-0.083,1.423,87.952,32.227,-10.742, , , , , , ,2.527,2.653,-118.323
 12:21:42.978,eb:33:2e:f9:57:b5, 2015-01-01 00:07:59.290,-0.029,-0.083,1.454,95.642,35.034,-10.559, , , , , , ,2.988,2.823,-118.367
 12:21:42.978,eb:33:2e:f9:57:b5, 2015-01-01 00:07:59.290,-0.024,-0.109,1.489,104.065,38.086,-10.071, , , , , , ,3.499,3.021,-118.405
 12:21:42.999,eb:33:2e:f9:57:b5, 2015-01-01 00:07:59.290,-0.057,-0.072,1.429,112.732,39.734,-10.559, , , , , , ,4.043,3.219,-118.444
 12:21:42.999,eb:33:2e:f9:57:b5, 2015-01-01 00:07:59.290,-0.075,-0.092,1.394,120.667,41.26,-10.071, , , , , , ,4.625,3.422,-118.477
 12:21:42.999,eb:33:2e:f9:57:b5, 2015-01-01 00:07:59.290,-0.055,-0.112,1.458,129.7,42.175,-9.216, , , , , , ,5.251,3.636,-118.504
 12:21:42.999,eb:33:2e:f9:57:b5, 2015-01-01 00:07:59.290,-0.042,-0.094,1.447,138.977,42.358,-8.972, , , , , , ,5.938,3.856,-118.526
 12:21:42.999,eb:33:2e:f9:57:b5, 2015-01-01 00:07:59.290,-0.056,-0.103,1.466,148.071,43.884,-8.301, , , , , , ,6.658,4.076,-118.548
 12:21:42.999,eb:33:2e:f9:57:b5, 2015-01-01 00:07:59.290,-0.021,-0.127,1.548,157.959,45.898,-7.507, , , , , , ,7.427,4.307,-118.559
 12:21:43.000,eb:33:2e:f9:57:b5, 2015-01-01 00:07:59.290,-0.003,-0.103,1.617,169.189,48.462,-7.08, , , , , , ,8.251,4.543,-118.559
 12:21:43.000,eb:33:2e:f9:57:b5, 2015-01-01 00:07:59.290,0.01,-0.115,1.607,181.885,49.683,-7.751, , , , , , ,9.141,4.801,-118.553
 12:21:43.045,eb:33:2e:f9:57:b5, 2015-01-01 00:07:59.290,-0.039,-0.127,1.654,194.824,51.819,-8.484, , , , , , ,10.091,5.059,-118.553
 12:21:43.045,eb:33:2e:f9:57:b5, 2015-01-01 00:07:59.290,-0.047,-0.19,1.668,207.642,54.321,-7.629, , , , , , ,11.102,5.328,-118.542
 12:21:43.045,eb:33:2e:f9:57:b5, 2015-01-01 00:07:59.290,-0.012,-0.212,1.798,223.206,55.237,-7.08, , , , , , ,12.184,5.603,-118.521
 12:21:43.045,eb:33:2e:f9:57:b5, 2015-01-01 00:07:59.290,0.104,-0.194,1.939,242.676,55.176,-8.545, , , , , , ,13.37,5.883,-118.499
 12:21:43.045,eb:33:2e:f9:57:b5, 2015-01-01 00:07:59.290,0.153,-0.177,2.045,262.39,58.716,-11.536, , , , , , ,14.645,6.174,-118.477
 12:21:43.045,eb:33:2e:f9:57:b5, 2015-01-01 00:07:59.290,0.27,-0.188,2.185,282.104,66.101,-15.442, , , , , , ,16.018,6.493,-118.46
 12:21:43.045,eb:33:2e:f9:57:b5, 2015-01-01 00:07:59.290,0.325,-0.18,2.424,299.072,78.247,-19.104, , , , , , ,17.479,6.866,-118.438
 12:21:43.045,eb:33:2e:f9:57:b5, 2015-01-01 00:07:59.290,0.4,-0.333,2.803,315.796,98.267,-21.118, , , , , , ,19.034,7.328,-118.394
 12:21:43.090,eb:33:2e:f9:57:b5, 2015-01-01 00:07:59.290,0.499,-0.309,3.107,338.074,124.817,-24.658, , , , , , ,20.693,7.905,-118.306
 12:21:43.090,eb:33:2e:f9:57:b5, 2015-01-01 00:07:59.290,0.602,-0.162,3.094,361.816,146.667,-32.166, , , , , , ,22.473,8.602,-118.18
 12:21:43.090,eb:33:2e:f9:57:b5, 2015-01-01 00:07:59.290,0.602,-0.149,2.826,382.568,156.738,-39.734, , , , , , ,24.362,9.382,-118.043
 12:21:43.090,eb:33:2e:f9:57:b5, 2015-01-01 00:07:59.290,0.51,-0.12,2.865,402.893,167.114,-47.607, , , , , , ,26.367,10.217,-117.894
 12:21:43.090,eb:33:2e:f9:57:b5, 2015-01-01 00:07:59.290,0.536,-0.293,2.883,419.8,175.659,-50.293, , , , , , ,28.466,11.102,-117.708
 12:21:43.090,eb:33:2e:f9:57:b5, 2015-01-01 00:07:59.290,0.676,0.078,2.712,448.12,154.114,-60.486, , , , , , ,30.674,11.953,-117.543
 12:21:43.090,eb:33:2e:f9:57:b5, 2015-01-01 00:07:59.290,0.31,0,2.747,464.111,147.217,-71.472, , , , , , ,32.992,12.766,-117.438
 12:21:43.090,eb:33:2e:f9:57:b5, 2015-01-01 00:07:59.290,0.193,-0.347,3.006,457.764,152.771,-66.467, , , , , , ,35.327,13.59,-117.296
 12:21:43.136,eb:33:2e:f9:57:b5, 2015-01-01 00:07:59.290,0.46,-0.128,3.144,451.294,148.56,-67.261, , , , , , ,37.639,14.387,-117.114
 12:21:43.136,eb:33:2e:f9:57:b5, 2015-01-01 00:07:59.290,0.615,-0.308,3.488,449.219,165.955,-65.308, , , , , , ,39.952,15.211,-116.867
 12:21:43.136,eb:33:2e:f9:57:b5, 2015-01-01 00:07:59.290,0.715,-0.585,2.879,447.144,174.194,-64.087, , , , , , ,42.281,16.068,-116.532
 12:21:43.137,eb:33:2e:f9:57:b5, 2015-01-01 00:07:59.290,0.774,-0.377,2.297,442.139,162.048,-71.472, , , , , , ,44.594,16.913,-116.186
 12:21:43.137,eb:33:2e:f9:57:b5, 2015-01-01 00:07:59.290,0.706,-0.589,2.642,447.51,152.71,-78.186, , , , , , ,46.906,17.726,-115.884
 12:21:43.137,eb:33:2e:f9:57:b5, 2015-01-01 00:07:59.290,1.061,-0.992,2.925,479.431,139.954,-83.862, , , , , , ,49.318,18.512,-115.587
 12:21:43.137,eb:33:2e:f9:57:b5, 2015-01-01 00:07:59.290,1.679,-1.306,2.805,513.184,133.423,-99.304, , , , , , ,51.899,19.297,-115.351
 12:21:43.137,eb:33:2e:f9:57:b5, 2015-01-01 00:07:59.290,1.948,-1.827,2.47,527.039,151.062,-115.906, , , , , , ,54.591,20.16,-115.098
 12:21:43.181,eb:33:2e:f9:57:b5, 2015-01-01 00:07:59.600,1.936,-1.898,1.952,531.555,182.373,-136.658, , , , , , ,57.376,21.16,-114.73
 12:21:43.181,eb:33:2e:f9:57:b5, 2015-01-01 00:07:59.600,1.211,-1.772,1.298,523.621,217.224,-159.363, , , , , , ,60.216,22.33,-114.203
 12:21:43.181,eb:33:2e:f9:57:b5, 2015-01-01 00:07:59.600,-0.025,-0.843,-0.643,442.078,221.802,-169.373, , , , , , ,62.875,23.599,-113.56
 12:21:43.181,eb:33:2e:f9:57:b5, 2015-01-01 00:07:59.600,-0.265,-0.265,-2.781,289.062,172.791,-157.776, , , , , , ,64.863,24.763,-113
 12:21:43.181,eb:33:2e:f9:57:b5, 2015-01-01 00:07:59.600,-0.171,-0.491,-2.782,122.314,115.479,-133.728, , , , , , ,65.956,25.703,-112.632
 12:21:43.181,eb:33:2e:f9:57:b5, 2015-01-01 00:07:59.600,0.197,-0.74,-1.902,-25.269,54.443,-112.305, , , , , , ,66.171,26.411,-112.5
 12:21:43.181,eb:33:2e:f9:57:b5, 2015-01-01 00:07:59.600,0.479,-0.901,-0.838,-140.869,7.202,-95.581, , , , , , ,65.632,26.927,-112.604
 12:21:43.181,eb:33:2e:f9:57:b5, 2015-01-01 00:07:59.600,0.59,-1.08,-0.078,-217.224,-23.01,-82.336, , , , , , ,64.556,27.296,-112.879
 12:21:43.203,eb:33:2e:f9:57:b5, 2015-01-01 00:07:59.600,0.691,-1.284,0.393,-256.104,-41.199,-72.815, , , , , , ,63.166,27.559,-113.247
 12:21:43.203,eb:33:2e:f9:57:b5, 2015-01-01 00:07:59.600,0.772,-1.388,0.799,-264.893,-48.096,-66.65, , , , , , ,61.661,27.757,-113.654
 12:21:43.203,eb:33:2e:f9:57:b5, 2015-01-01 00:07:59.600,0.801,-1.282,1.131,-253.052,-46.692,-64.087, , , , , , ,60.167,27.927,-114.066
 12:21:43.203,eb:33:2e:f9:57:b5, 2015-01-01 00:07:59.600,0.695,-1.008,1.303,-231.506,-40.527,-63.416, , , , , , ,58.771,28.087,-114.467
 12:21:43.203,eb:33:2e:f9:57:b5, 2015-01-01 00:07:59.600,0.512,-0.725,1.165,-209.29,-37.354,-62.683, , , , , , ,57.502,28.257,-114.84
 12:21:43.203,eb:33:2e:f9:57:b5, 2015-01-01 00:07:59.600,0.38,-0.562,0.825,-191.589,-40.039,-59.998, , , , , , ,56.332,28.405,-115.208
 12:21:43.203,eb:33:2e:f9:57:b5, 2015-01-01 00:07:59.600,0.312,-0.553,0.5,-179.749,-46.082,-54.81, , , , , , ,55.228,28.521,-115.598
 12:21:43.203,eb:33:2e:f9:57:b5, 2015-01-01 00:07:59.600,0.269,-0.594,0.222,-175.171,-54.382,-47.119, , , , , , ,54.141,28.57,-116.01
 12:21:43.248,eb:33:2e:f9:57:b5, 2015-01-01 00:07:59.600,0.221,-0.62,0.034,-178.284,-64.514,-37.537, , , , , , ,53.058,28.559,-116.428
 12:21:43.248,eb:33:2e:f9:57:b5, 2015-01-01 00:07:59.600,0.178,-0.642,-0.049,-187.805,-75.5,-26.306, , , , , , ,51.932,28.466,-116.851
 12:21:43.248,eb:33:2e:f9:57:b5, 2015-01-01 00:07:59.600,0.188,-0.675,-0.04,-201.233,-85.999,-13.916, , , , , , ,50.751,28.284,-117.279
 12:21:43.248,eb:33:2e:f9:57:b5, 2015-01-01 00:07:59.600,0.232,-0.705,0.05,-216.553,-93.872,-1.404, , , , , , ,49.488,28.01,-117.708
 12:21:43.248,eb:33:2e:f9:57:b5, 2015-01-01 00:07:59.600,0.271,-0.724,0.18,-231.628,-98.572,10.62, , , , , , ,48.175,27.669,-118.098
 12:21:43.248,eb:33:2e:f9:57:b5, 2015-01-01 00:07:59.600,0.31,-0.721,0.295,-244.385,-101.685,21.057, , , , , , ,46.813,27.268,-118.449
 12:21:43.248,eb:33:2e:f9:57:b5, 2015-01-01 00:07:59.600,0.354,-0.697,0.389,-254.089,-104.37,30.029, , , , , , ,45.417,26.812,-118.762
 12:21:43.248,eb:33:2e:f9:57:b5, 2015-01-01 00:07:59.600,0.386,-0.652,0.481,-262.085,-108.276,38.635, , , , , , ,43.978,26.307,-119.048
 12:21:43.292,eb:33:2e:f9:57:b5, 2015-01-01 00:07:59.600,0.411,-0.606,0.524,-266.968,-113.342,43.518, , , , , , ,42.545,25.757,-119.306
 12:21:43.292,eb:33:2e:f9:57:b5, 2015-01-01 00:07:59.600,0.437,-0.55,0.532,-271.545,-120.544,46.631, , , , , , ,41.089,25.164,-119.548
 12:21:43.292,eb:33:2e:f9:57:b5, 2015-01-01 00:07:59.600,0.458,-0.496,0.527,-277.222,-129.822,48.218, , , , , , ,39.606,24.532,-119.795
 12:21:43.292,eb:33:2e:f9:57:b5, 2015-01-01 00:07:59.600,0.476,-0.45,0.517,-284.851,-140.686,48.767, , , , , , ,38.073,23.84,-120.064
 12:21:43.293,eb:33:2e:f9:57:b5, 2015-01-01 00:07:59.600,0.514,-0.416,0.519,-294.25,-152.405,48.096, , , , , , ,36.513,23.104,-120.344
 12:21:43.293,eb:33:2e:f9:57:b5, 2015-01-01 00:07:59.600,0.555,-0.388,0.571,-304.321,-163.025,46.448, , , , , , ,34.893,22.324,-120.635
 12:21:43.293,eb:33:2e:f9:57:b5, 2015-01-01 00:07:59.600,0.586,-0.372,0.672,-313.293,-171.631,44.067, , , , , , ,33.228,21.5,-120.943
 12:21:43.293,eb:33:2e:f9:57:b5, 2015-01-01 00:07:59.600,0.601,-0.358,0.8,-319.824,-177.979,41.016, , , , , , ,31.514,20.632,-121.262
 12:21:43.339,eb:33:2e:f9:57:b5, 2015-01-01 00:07:59.600,0.601,-0.343,0.927,-323.12,-183.105,36.987, , , , , , ,29.795,19.759,-121.58
 12:21:43.339,eb:33:2e:f9:57:b5, 2015-01-01 00:07:59.600,0.592,-0.312,1.025,-323.792,-187.622,32.532, , , , , , ,28.07,18.858,-121.893
 12:21:43.339,eb:33:2e:f9:57:b5, 2015-01-01 00:07:59.600,0.577,-0.264,1.095,-322.571,-192.749,27.649, , , , , , ,26.351,17.941,-122.212
 12:21:43.339,eb:33:2e:f9:57:b5, 2015-01-01 00:07:59.600,0.557,-0.211,1.145,-320.374,-198.792,21.973, , , , , , ,24.631,16.996,-122.547
 12:21:43.339,eb:33:2e:f9:57:b5, 2015-01-01 00:07:59.600,0.532,-0.158,1.19,-317.993,-206.055,16.296, , , , , , ,22.939,16.029,-122.888
 12:21:43.339,eb:33:2e:f9:57:b5, 2015-01-01 00:07:59.600,0.488,-0.116,1.241,-315.979,-214.478,10.498, , , , , , ,21.259,15.024,-123.234
 12:21:43.339,eb:33:2e:f9:57:b5, 2015-01-01 00:07:59.600,0.45,-0.089,1.296,-314.88,-223.938,5.066, , , , , , ,19.594,13.98,-123.596
 12:21:43.339,eb:33:2e:f9:57:b5, 2015-01-01 00:07:59.600,0.338,-0.064,1.354,-315.857,-233.215,1.343, , , , , , ,17.913,12.881,-123.97
 12:21:43.382,eb:33:2e:f9:57:b5, 2015-01-01 00:07:59.600,0.354,-0.136,1.532,-318.726,-238.892,-0.183, , , , , , ,16.249,11.744,-124.321
 12:21:43.382,eb:33:2e:f9:57:b5, 2015-01-01 00:07:59.600,0.337,-0.134,1.604,-321.96,-242.554,0.916, , , , , , ,14.584,10.58,-124.645
 12:21:43.382,eb:33:2e:f9:57:b5, 2015-01-01 00:07:59.600,0.305,-0.169,1.723,-324.707,-244.507,1.343, , , , , , ,12.914,9.393,-124.931
 12:21:43.383,eb:33:2e:f9:57:b5, 2015-01-01 00:07:59.600,0.23,-0.173,1.765,-325.439,-247.803,3.479, , , , , , ,11.234,8.174,-125.189
 12:21:43.383,eb:33:2e:f9:57:b5, 2015-01-01 00:07:59.600,0.194,-0.171,1.822,-325.012,-250.732,7.69, , , , , , ,9.575,6.938,-125.387
 12:21:43.383,eb:33:2e:f9:57:b5, 2015-01-01 00:07:59.600,0.145,-0.174,1.963,-322.693,-250.916,13.062, , , , , , ,7.943,5.685,-125.519
 12:21:43.383,eb:33:2e:f9:57:b5, 2015-01-01 00:07:59.600,0.092,-0.165,2.087,-318.97,-250.061,20.081, , , , , , ,6.334,4.433,-125.59
 12:21:43.383,eb:33:2e:f9:57:b5, 2015-01-01 00:07:59.600,0.037,-0.137,2.186,-314.514,-249.207,28.259, , , , , , ,4.73,3.164,-125.59
 12:21:43.405,eb:33:2e:f9:57:b5, 2015-01-01 00:07:59.600,0.001,-0.091,2.234,-311.035,-248.047,37.598, , , , , , ,3.175,1.917,-125.508
 12:21:43.405,eb:33:2e:f9:57:b5, 2015-01-01 00:07:59.600,-0.029,-0.04,2.292,-308.228,-245.911,47.424, , , , , , ,1.631,0.67,-125.338
 12:21:43.405,eb:33:2e:f9:57:b5, 2015-01-01 00:07:59.600,-0.038,0.031,2.369,-304.504,-244.324,57.19, , , , , , ,0.099,-0.549,-125.09
 12:21:43.405,eb:33:2e:f9:57:b5, 2015-01-01 00:07:59.600,-0.06,0.143,2.457,-298.279,-242.554,65.43, , , , , , ,-1.428,-1.78,-124.766
 12:21:43.405,eb:33:2e:f9:57:b5, 2015-01-01 00:07:59.600,-0.072,0.294,2.53,-289.185,-241.272,72.876, , , , , , ,-2.911,-2.972,-124.371
 12:21:43.405,eb:33:2e:f9:57:b5, 2015-01-01 00:07:59.600,-0.103,0.475,2.609,-277.649,-239.441,78.247, , , , , , ,-4.351,-4.147,-123.915
 12:21:43.405,eb:33:2e:f9:57:b5, 2015-01-01 00:07:59.600,-0.158,0.675,2.673,-264.648,-236.511,82.153, , , , , , ,-5.746,-5.301,-123.404
 12:21:43.405,eb:33:2e:f9:57:b5, 2015-01-01 00:07:59.600,-0.217,0.872,2.721,-252.319,-232.239,85.51, , , , , , ,-7.103,-6.427,-122.855
 12:21:43.451,eb:33:2e:f9:57:b5, 2015-01-01 00:07:59.600,-0.3,1.054,2.763,-242.676,-225.891,88.44, , , , , , ,-8.41,-7.498,-122.261
 12:21:43.451,eb:33:2e:f9:57:b5, 2015-01-01 00:07:59.600,-0.357,1.254,2.82,-234.741,-214.844,91.797, , , , , , ,-9.684,-8.514,-121.635
 12:21:43.451,eb:33:2e:f9:57:b5, 2015-01-01 00:07:59.600,-0.433,1.42,2.851,-230.164,-203.613,94.299, , , , , , ,-10.948,-9.459,-120.981
 12:21:43.451,eb:33:2e:f9:57:b5, 2015-01-01 00:07:59.600,-0.512,1.587,2.811,-225.586,-191.406,96.436, , , , , , ,-12.217,-10.333,-120.306
 12:21:43.451,eb:33:2e:f9:57:b5, 2015-01-01 00:07:59.600,-0.589,1.751,2.694,-218.872,-179.688,97.473, , , , , , ,-13.453,-11.124,-119.614
 12:21:43.451,eb:33:2e:f9:57:b5, 2015-01-01 00:07:59.600,-0.669,1.923,2.526,-208.008,-169.861,96.985, , , , , , ,-14.656,-11.849,-118.916
 12:21:43.451,eb:33:2e:f9:57:b5, 2015-01-01 00:07:59.600,-0.722,2.103,2.334,-192.322,-163.635,94.971, , , , , , ,-15.804,-12.519,-118.218
 12:21:43.451,eb:33:2e:f9:57:b5, 2015-01-01 00:07:59.600,-0.748,2.279,2.188,-171.753,-159.424,90.698, , , , , , ,-16.87,-13.173,-117.526
 12:21:43.496,eb:33:2e:f9:57:b5, 2015-01-01 00:07:59.890,-0.811,2.417,2.123,-148.01,-154.663,84.167, , , , , , ,-17.814,-13.788,-116.862
 12:21:43.496,eb:33:2e:f9:57:b5, 2015-01-01 00:07:59.890,-0.898,2.513,2.061,-124.023,-148.682,77.026, , , , , , ,-18.633,-14.381,-116.224
 12:21:43.496,eb:33:2e:f9:57:b5, 2015-01-01 00:07:59.890,-1.007,2.572,1.991,-102.295,-141.541,69.946, , , , , , ,-19.341,-14.947,-115.626
 12:21:43.496,eb:33:2e:f9:57:b5, 2015-01-01 00:07:59.890,-1.125,2.604,1.917,-83.984,-132.385,63.721, , , , , , ,-19.951,-15.48,-115.065
 12:21:43.496,eb:33:2e:f9:57:b5, 2015-01-01 00:07:59.890,-1.194,2.613,1.854,-67.444,-121.765,57.922, , , , , , ,-20.462,-15.969,-114.543
 12:21:43.496,eb:33:2e:f9:57:b5, 2015-01-01 00:07:59.890,-1.282,2.605,1.798,-52.429,-107.178,53.04, , , , , , ,-20.885,-16.403,-114.066
 12:21:43.496,eb:33:2e:f9:57:b5, 2015-01-01 00:07:59.890,-1.351,2.604,1.705,-37.598,-91.431,47.913, , , , , , ,-21.226,-16.771,-113.637
 12:21:43.496,eb:33:2e:f9:57:b5, 2015-01-01 00:07:59.890,-1.355,2.654,1.676,-22.278,-75.623,41.687, , , , , , ,-21.478,-17.073,-113.269
 12:21:43.539,eb:33:2e:f9:57:b5, 2015-01-01 00:07:59.890,-1.348,2.709,1.742,-7.08,-56.458,34.851, , , , , , ,-21.632,-17.303,-112.961
 12:21:43.539,eb:33:2e:f9:57:b5, 2015-01-01 00:07:59.890,-1.354,2.727,1.789,7.812,-34.485,27.527, , , , , , ,-21.693,-17.452,-112.731
 12:21:43.539,eb:33:2e:f9:57:b5, 2015-01-01 00:07:59.890,-1.316,2.686,1.726,22.644,-12.817,20.203, , , , , , ,-21.66,-17.507,-112.571
 12:21:43.539,eb:33:2e:f9:57:b5, 2015-01-01 00:07:59.890,-1.305,2.623,1.631,36.987,6.653,12.024, , , , , , ,-21.517,-17.485,-112.495
 12:21:43.539,eb:33:2e:f9:57:b5, 2015-01-01 00:07:59.890,-1.248,2.519,1.481,51.147,20.508,3.845, , , , , , ,-21.292,-17.397,-112.489
 12:21:43.539,eb:33:2e:f9:57:b5, 2015-01-01 00:07:59.890,-1.18,2.432,1.409,64.392,30.884,-4.883, , , , , , ,-20.978,-17.276,-112.549
 12:21:43.539,eb:33:2e:f9:57:b5, 2015-01-01 00:07:59.890,-1.095,2.316,1.379,77.087,37.476,-14.16, , , , , , ,-20.588,-17.133,-112.665
 12:21:43.539,eb:33:2e:f9:57:b5, 2015-01-01 00:07:59.890,0.012,2.177,1.39,88.257,42.847,-23.315, , , , , , ,-20.105,-16.974,-112.835
 12:21:43.585,eb:33:2e:f9:57:b5, 2015-01-01 00:07:59.890,-3.414,1.158,4.133,166.016,183.716,-71.777, , , , , , ,-19.369,-16.71,-113.258
 12:21:43.585,eb:33:2e:f9:57:b5, 2015-01-01 00:07:59.890,0.642,0.763,1.019,143.311,332.581,11.353, , , , , , ,-18.479,-15.167,-113.73
 12:21:43.585,eb:33:2e:f9:57:b5, 2015-01-01 00:07:59.890,1.289,0.29,1.017,134.155,345.886,30.029, , , , , , ,-17.688,-13.519,-114.099
 12:21:43.585,eb:33:2e:f9:57:b5, 2015-01-01 00:07:59.890,0.196,-1.195,0.983,141.174,374.207,24.17, , , , , , ,-16.897,-11.706,-114.549
 12:21:43.585,eb:33:2e:f9:57:b5, 2015-01-01 00:07:59.890,-0.201,-0.79,0.871,165.71,333.801,32.227, , , , , , ,-16.057,-9.976,-114.922
 12:21:43.586,eb:33:2e:f9:57:b5, 2015-01-01 00:07:59.890,-0.533,-1.903,0.136,221.191,256.287,47.668, , , , , , ,-15.04,-8.525,-115.12
 12:21:43.586,eb:33:2e:f9:57:b5, 2015-01-01 00:07:59.890,-0.594,-1.378,0.009,272.217,187.439,51.941, , , , , , ,-13.771,-7.438,-115.142
 12:21:43.586,eb:33:2e:f9:57:b5, 2015-01-01 00:07:59.890,-0.59,-0.813,0.384,302.063,151.062,51.208, , , , , , ,-12.31,-6.575,-115.071
 12:21:43.608,eb:33:2e:f9:57:b5, 2015-01-01 00:07:59.890,-0.55,-0.091,1.145,303.65,147.156,44.25, , , , , , ,-10.794,-5.812,-114.983
 12:21:43.608,eb:33:2e:f9:57:b5, 2015-01-01 00:07:59.890,-0.582,0.089,1.401,289.062,141.846,40.039, , , , , , ,-9.322,-5.065,-114.906
 12:21:43.608,eb:33:2e:f9:57:b5, 2015-01-01 00:07:59.890,-0.613,0.394,1.339,262.146,123.84,30.273, , , , , , ,-7.96,-4.373,-114.829
 12:21:43.608,eb:33:2e:f9:57:b5, 2015-01-01 00:07:59.890,-0.459,0.665,1.264,217.896,85.205,15.686, , , , , , ,-6.762,-3.851,-114.791
 12:21:43.608,eb:33:2e:f9:57:b5, 2015-01-01 00:07:59.890,-0.225,0.979,1.615,161.072,63.66,12.268, , , , , , ,-5.839,-3.488,-114.769
 12:21:43.608,eb:33:2e:f9:57:b5, 2015-01-01 00:07:59.890,-0.05,0.683,1.373,117.92,58.472,14.954, , , , , , ,-5.18,-3.181,-114.725
 12:21:43.608,eb:33:2e:f9:57:b5, 2015-01-01 00:07:59.890,-0.068,0.344,1.216,87.341,57.983,26.245, , , , , , ,-4.686,-2.884,-114.648
 12:21:43.608,eb:33:2e:f9:57:b5, 2015-01-01 00:07:59.890,-0.019,0.124,1.028,65.247,56.458,42.664, , , , , , ,-4.312,-2.576,-114.489
 12:21:43.655,eb:33:2e:f9:57:b5, 2015-01-01 00:07:59.890,-0.022,0.188,1.009,50.232,55.42,50.842, , , , , , ,-4.048,-2.28,-114.263
 12:21:43.655,eb:33:2e:f9:57:b5, 2015-01-01 00:07:59.890,-0.168,0.21,1.002,40.039,53.406,49.744, , , , , , ,-3.834,-1.994,-114.027
 12:21:43.655,eb:33:2e:f9:57:b5, 2015-01-01 00:07:59.890,-0.162,0.305,0.888,30.884,45.837,38.696, , , , , , ,-3.669,-1.73,-113.824
 12:21:43.655,eb:33:2e:f9:57:b5, 2015-01-01 00:07:59.890,-0.384,0.281,0.843,22.4,36.438,24.841, , , , , , ,-3.532,-1.516,-113.687
 12:21:43.655,eb:33:2e:f9:57:b5, 2015-01-01 00:07:59.890,-0.162,0.253,0.689,11.902,14.771,12.573, , , , , , ,-3.455,-1.39,-113.61
 12:21:43.655,eb:33:2e:f9:57:b5, 2015-01-01 00:07:59.890,0.024,0.022,0.898,8.423,7.446,11.047, , , , , , ,-3.411,-1.34,-113.555
 12:21:43.655,eb:33:2e:f9:57:b5, 2015-01-01 00:07:59.890,0.044,-0.024,1.028,7.812,10.132,11.353, , , , , , ,-3.373,-1.296,-113.5
 12:21:43.655,eb:33:2e:f9:57:b5, 2015-01-01 00:07:59.890,-0.049,-0.025,1.033,7.385,12.512,11.658, , , , , , ,-3.323,-1.225,-113.445
 12:21:43.698,eb:33:2e:f9:57:b5, 2015-01-01 00:07:59.890,-0.104,-0.005,0.989,7.141,11.169,8.85, , , , , , ,-3.29,-1.165,-113.395
 12:21:43.698,eb:33:2e:f9:57:b5, 2015-01-01 00:07:59.890,-0.035,-0.024,0.954,7.08,6.653,6.836, , , , , , ,-3.252,-1.121,-113.362
 12:21:43.698,eb:33:2e:f9:57:b5, 2015-01-01 00:07:59.890,-0.009,-0.021,0.991,6.775,5.249,5.859, , , , , , ,-3.219,-1.088,-113.335
 12:21:43.698,eb:33:2e:f9:57:b5, 2015-01-01 00:07:59.890,-0.018,-0.018,1.004,6.287,5.493,5.554, , , , , , ,-3.175,-1.055,-113.302
 12:21:43.698,eb:33:2e:f9:57:b5, 2015-01-01 00:07:59.890,-0.006,-0.032,1.003,6.592,5.371,4.822, , , , , , ,-3.148,-1.027,-113.28
 12:21:43.698,eb:33:2e:f9:57:b5, 2015-01-01 00:07:59.890,0.006,-0.023,1.008,6.531,5.371,3.967, , , , , , ,-3.115,-1,-113.258
 12:21:43.698,eb:33:2e:f9:57:b5, 2015-01-01 00:07:59.890,0.02,-0.018,1.009,6.47,6.47,3.174, , , , , , ,-3.082,-0.967,-113.242
 12:21:43.698,eb:33:2e:f9:57:b5, 2015-01-01 00:07:59.890,0.022,-0.01,1.015,6.226,8.301,2.747, , , , , , ,-3.038,-0.923,-113.225
 12:21:43.743,eb:33:2e:f9:57:b5, 2015-01-01 00:07:59.890,0.007,-0.009,1.014,5.859,9.949,2.319, , , , , , ,-3.01,-0.873,-113.22
 12:21:43.743,eb:33:2e:f9:57:b5, 2015-01-01 00:07:59.890,-0.015,-0.008,1.002,5.371,10.742,1.709, , , , , , ,-2.983,-0.824,-113.209
 12:21:43.743,eb:33:2e:f9:57:b5, 2015-01-01 00:07:59.890,-0.026,-0.012,0.99,4.944,10.376,1.221, , , , , , ,-2.955,-0.769,-113.203
 12:21:43.743,eb:33:2e:f9:57:b5, 2015-01-01 00:07:59.890,-0.021,-0.019,0.985,4.517,9.277,0.732, , , , , , ,-2.917,-0.714,-113.203
 12:21:43.743,eb:33:2e:f9:57:b5, 2015-01-01 00:07:59.890,-0.021,-0.021,0.989,4.211,8.606,0.183, , , , , , ,-2.9,-0.67,-113.198
 12:21:43.743,eb:33:2e:f9:57:b5, 2015-01-01 00:07:59.890,-0.016,-0.02,0.992,3.967,8.057,-0.183, , , , , , ,-2.878,-0.626,-113.203
 12:21:43.743,eb:33:2e:f9:57:b5, 2015-01-01 00:07:59.890,-0.017,-0.02,0.998,3.784,7.874,-0.549, , , , , , ,-2.862,-0.588,-113.203
 12:21:43.743,eb:33:2e:f9:57:b5, 2015-01-01 00:07:59.890,-0.022,-0.021,1,3.54,7.751,-0.854, , , , , , ,-2.829,-0.544,-113.209
 12:21:43.765,eb:33:2e:f9:57:b5, 2015-01-01 00:07:59.890,-0.029,-0.028,1.005,3.54,7.568,-1.221, , , , , , ,-2.812,-0.505,-113.22
 12:21:43.765,eb:33:2e:f9:57:b5, 2015-01-01 00:07:59.890,-0.036,-0.035,1.007,3.784,7.08,-1.526, , , , , , ,-2.796,-0.472,-113.225
 12:21:43.765,eb:33:2e:f9:57:b5, 2015-01-01 00:07:59.890,-0.036,-0.041,1.003,4.028,6.226,-1.77, , , , , , ,-2.774,-0.439,-113.236
 12:21:43.765,eb:33:2e:f9:57:b5, 2015-01-01 00:07:59.890,-0.037,-0.039,1.002,4.395,5.188,-2.075, , , , , , ,-2.741,-0.406,-113.247
 12:21:43.765,eb:33:2e:f9:57:b5, 2015-01-01 00:07:59.890,-0.03,-0.041,0.998,4.883,3.662,-2.197, , , , , , ,-2.719,-0.385,-113.258
 12:21:43.765,eb:33:2e:f9:57:b5, 2015-01-01 00:07:59.890,-0.024,-0.036,1,5.31,2.625,-2.258, , , , , , ,-2.692,-0.368,-113.269
 12:21:43.765,eb:33:2e:f9:57:b5, 2015-01-01 00:07:59.890,-0.02,-0.029,0.998,5.554,1.831,-2.686, , , , , , ,-2.664,-0.363,-113.28
 12:21:43.766,eb:33:2e:f9:57:b5, 2015-01-01 00:07:59.890,-0.02,-0.025,0.999,5.676,1.404,-3.113, , , , , , ,-2.626,-0.346,-113.297
 12:21:43.810,eb:33:2e:f9:57:b5, 2015-01-01 00:07:59.890,-0.008,-0.024,0.992,5.676,0.732,-3.174, , , , , , ,-2.598,-0.341,-113.307
 12:21:43.810,eb:33:2e:f9:57:b5, 2015-01-01 00:07:59.890,-0.015,-0.019,0.993,5.432,0.793,-3.54, , , , , , ,-2.571,-0.341,-113.329
 12:21:43.810,eb:33:2e:f9:57:b5, 2015-01-01 00:07:59.890,-0.002,-0.022,0.997,5.676,0.305,-3.54, , , , , , ,-2.543,-0.341,-113.346
 12:21:43.810,eb:33:2e:f9:57:b5, 2015-01-01 00:07:59.890,-0.007,-0.018,1.004,5.676,0.549,-3.662, , , , , , ,-2.499,-0.33,-113.362
 12:21:43.810,eb:33:2e:f9:57:b5, 2015-01-01 00:07:59.890,0.008,-0.02,0.994,5.188,0.671,-3.357, , , , , , ,-2.472,-0.33,-113.379
 12:21:43.810,eb:33:2e:f9:57:b5, 2015-01-01 00:07:59.890,0.009,-0.01,1.016,5.066,1.648,-3.357, , , , , , ,-2.45,-0.324,-113.395
 12:21:43.810,eb:33:2e:f9:57:b5, 2015-01-01 00:07:59.890,0.012,-0.004,1.001,4.639,2.808,-3.235, , , , , , ,-2.428,-0.313,-113.412
 12:21:43.810,eb:33:2e:f9:57:b5, 2015-01-01 00:07:59.890,0.005,-0.006,1.006,4.333,4.028,-3.174, , , , , , ,-2.39,-0.291,-113.428
 12:21:43.856,eb:33:2e:f9:57:b5, 2015-01-01 00:07:59.890,0.001,-0.008,0.999,4.028,5.005,-3.113, , , , , , ,-2.373,-0.264,-113.445
 12:21:43.856,eb:33:2e:f9:57:b5, 2015-01-01 00:07:59.890,-0.009,-0.007,1,3.601,5.92,-2.991, , , , , , ,-2.351,-0.242,-113.461
 12:21:43.856,eb:33:2e:f9:57:b5, 2015-01-01 00:07:59.890,-0.003,-0.013,0.996,3.479,6.287,-2.747, , , , , , ,-2.335,-0.209,-113.478
 12:21:43.856,eb:33:2e:f9:57:b5, 2015-01-01 00:07:59.890,-0.009,-0.007,0.991,2.991,6.775,-2.563, , , , , , ,-2.307,-0.17,-113.489
 12:21:43.856,eb:33:2e:f9:57:b5, 2015-01-01 00:07:59.890,-0.004,-0.014,1.006,2.93,7.385,-2.563, , , , , , ,-2.291,-0.137,-113.505
 12:21:43.856,eb:33:2e:f9:57:b5, 2015-01-01 00:07:59.890,-0.016,-0.01,0.999,2.747,7.935,-2.686, , , , , , ,-2.28,-0.099,-113.516
 12:21:43.856,eb:33:2e:f9:57:b5, 2015-01-01 00:07:59.890,-0.029,-0.021,0.997,2.869,7.874,-2.441, , , , , , ,-2.263,-0.06,-113.533
 12:21:43.856,eb:33:2e:f9:57:b5, 2015-01-01 00:07:59.890,-0.001,-0.021,0.995,2.93,7.874,-2.502, , , , , , ,-2.241,-0.011,-113.544
 12:21:43.901,eb:33:2e:f9:57:b5, 2015-01-01 00:08:00.315,-0.039,-0.017,1.027,3.601,8.606,-3.296, , , , , , ,-2.225,0.022,-113.56
 12:21:43.901,eb:33:2e:f9:57:b5, 2015-01-01 00:08:00.315,-0.015,-0.026,0.986,3.967,7.385,-2.502, , , , , , ,-2.203,0.06,-113.577
 12:21:43.901,eb:33:2e:f9:57:b5, 2015-01-01 00:08:00.315,-0.019,-0.019,1.006,3.967,7.263,-2.441, , , , , , ,-2.186,0.093,-113.588
 12:21:43.901,eb:33:2e:f9:57:b5, 2015-01-01 00:08:00.315,-0.013,-0.016,0.997,3.906,7.446,-2.258, , , , , , ,-2.153,0.137,-113.599
 12:21:43.901,eb:33:2e:f9:57:b5, 2015-01-01 00:08:00.315,-0.021,-0.015,1.005,3.784,7.874,-2.258, , , , , , ,-2.137,0.176,-113.615
 12:21:43.901,eb:33:2e:f9:57:b5, 2015-01-01 00:08:00.315,-0.02,-0.014,1.003,3.845,8.057,-2.319, , , , , , ,-2.115,0.214,-113.626
 12:21:43.901,eb:33:2e:f9:57:b5, 2015-01-01 00:08:00.315,0,-0.01,0.992,3.784,8.301,-2.686, , , , , , ,-2.098,0.258,-113.637
 12:21:43.901,eb:33:2e:f9:57:b5, 2015-01-01 00:08:00.315,0.015,0.002,1.006,3.601,9.583,-3.479, , , , , , ,-2.065,0.308,-113.654
 12:21:43.945,eb:33:2e:f9:57:b5, 2015-01-01 00:08:00.315,0,0.006,1.014,3.601,11.047,-4.639, , , , , , ,-2.049,0.357,-113.676
 12:21:43.945,eb:33:2e:f9:57:b5, 2015-01-01 00:08:00.315,0,0.001,1.009,3.784,11.902,-5.371, , , , , , ,-2.032,0.412,-113.703
 12:21:43.945,eb:33:2e:f9:57:b5, 2015-01-01 00:08:00.315,0.013,0,1.008,4.089,12.634,-5.981, , , , , , ,-2.01,0.472,-113.736
 12:21:43.945,eb:33:2e:f9:57:b5, 2015-01-01 00:08:00.315,0.012,0.005,1.018,4.15,14.099,-6.653, , , , , , ,-1.983,0.549,-113.769
 12:21:43.945,eb:33:2e:f9:57:b5, 2015-01-01 00:08:00.315,0.021,0,1.026,4.395,15.503,-7.385, , , , , , ,-1.961,0.621,-113.807
 12:21:43.945,eb:33:2e:f9:57:b5, 2015-01-01 00:08:00.315,0.006,0.014,1.024,4.578,17.09,-8.484, , , , , , ,-1.939,0.703,-113.846
 12:21:43.945,eb:33:2e:f9:57:b5, 2015-01-01 00:08:00.315,0.036,0.003,1.028,4.883,18.372,-9.521, , , , , , ,-1.917,0.791,-113.895
 12:21:43.945,eb:33:2e:f9:57:b5, 2015-01-01 00:08:00.315,0.024,0.018,1.017,5.371,18.86,-10.864, , , , , , ,-1.879,0.884,-113.945
 12:21:43.968,eb:33:2e:f9:57:b5, 2015-01-01 00:08:00.315,0.009,0.009,1.031,5.554,20.081,-11.475, , , , , , ,-1.851,0.983,-114.005
 12:21:43.968,eb:33:2e:f9:57:b5, 2015-01-01 00:08:00.315,-0.017,0.016,1.037,6.042,21.423,-12.329, , , , , , ,-1.829,1.082,-114.071
 12:21:43.968,eb:33:2e:f9:57:b5, 2015-01-01 00:08:00.315,-0.023,-0.021,1.099,7.568,23.315,-12.817, , , , , , ,-1.796,1.198,-114.137
 12:21:43.968,eb:33:2e:f9:57:b5, 2015-01-01 00:08:00.315,-0.067,-0.026,1.109,10.498,23.987,-13.489, , , , , , ,-1.736,1.318,-114.203
 12:21:43.969,eb:33:2e:f9:57:b5, 2015-01-01 00:08:00.315,-0.075,-0.068,1.139,13.794,24.597,-13.367, , , , , , ,-1.681,1.439,-114.274
 12:21:43.969,eb:33:2e:f9:57:b5, 2015-01-01 00:08:00.315,-0.075,-0.08,1.147,17.151,25.269,-12.756, , , , , , ,-1.599,1.56,-114.34
 12:21:43.969,eb:33:2e:f9:57:b5, 2015-01-01 00:08:00.315,-0.072,-0.064,1.114,18.677,26.611,-11.292, , , , , , ,-1.511,1.686,-114.406
 12:21:43.969,eb:33:2e:f9:57:b5, 2015-01-01 00:08:00.315,-0.066,-0.062,1.111,19.897,28.259,-9.766, , , , , , ,-1.406,1.835,-114.461
 12:21:44.013,eb:33:2e:f9:57:b5, 2015-01-01 00:08:00.315,-0.051,-0.056,1.104,22.461,28.198,-8.972, , , , , , ,-1.302,1.972,-114.51
 12:21:44.013,eb:33:2e:f9:57:b5, 2015-01-01 00:08:00.315,-0.069,-0.053,1.123,25.391,28.442,-8.362, , , , , , ,-1.181,2.115,-114.554
 12:21:44.013,eb:33:2e:f9:57:b5, 2015-01-01 00:08:00.315,-0.066,-0.065,1.129,28.32,28.564,-7.141, , , , , , ,-1.049,2.252,-114.593
 12:21:44.013,eb:33:2e:f9:57:b5, 2015-01-01 00:08:00.315,-0.055,-0.065,1.15,31.738,28.564,-6.409, , , , , , ,-0.89,2.401,-114.631
 12:21:44.013,eb:33:2e:f9:57:b5, 2015-01-01 00:08:00.315,-0.042,-0.073,1.222,36.621,28.564,-6.226, , , , , , ,-0.714,2.543,-114.664
 12:21:44.013,eb:33:2e:f9:57:b5, 2015-01-01 00:08:00.315,-0.022,-0.084,1.271,42.603,28.87,-6.409, , , , , , ,-0.516,2.686,-114.697
 12:21:44.013,eb:33:2e:f9:57:b5, 2015-01-01 00:08:00.315,-0.034,-0.069,1.311,48.706,30.457,-7.141, , , , , , ,-0.291,2.834,-114.73
 12:21:44.013,eb:33:2e:f9:57:b5, 2015-01-01 00:08:00.315,-0.054,-0.067,1.295,54.504,31.555,-7.507, , , , , , ,-0.016,2.994,-114.763
 12:21:44.058,eb:33:2e:f9:57:b5, 2015-01-01 00:08:00.315,-0.086,-0.096,1.327,60.12,33.325,-7.202, , , , , , ,0.264,3.159,-114.802
 12:21:44.058,eb:33:2e:f9:57:b5, 2015-01-01 00:08:00.315,-0.088,-0.116,1.387,66.589,35.034,-6.714, , , , , , ,0.582,3.329,-114.835
 12:21:44.058,eb:33:2e:f9:57:b5, 2015-01-01 00:08:00.315,-0.125,-0.122,1.359,72.876,36.804,-4.944, , , , , , ,0.928,3.51,-114.862
 12:21:44.058,eb:33:2e:f9:57:b5, 2015-01-01 00:08:00.315,-0.115,-0.136,1.363,79.956,37.048,-3.723, , , , , , ,1.324,3.702,-114.879
 12:21:44.058,eb:33:2e:f9:57:b5, 2015-01-01 00:08:00.315,-0.11,-0.129,1.357,87.891,36.072,-2.686, , , , , , ,1.747,3.884,-114.89
 12:21:44.058,eb:33:2e:f9:57:b5, 2015-01-01 00:08:00.315,-0.117,-0.112,1.332,95.276,35.217,-2.014, , , , , , ,2.208,4.065,-114.89
 12:21:44.058,eb:33:2e:f9:57:b5, 2015-01-01 00:08:00.315,-0.108,-0.125,1.374,103.271,35.217,-1.282, , , , , , ,2.708,4.241,-114.89
 12:21:44.058,eb:33:2e:f9:57:b5, 2015-01-01 00:08:00.315,-0.085,-0.128,1.42,112.61,35.278,-0.732, , , , , , ,3.263,4.422,-114.884
 12:21:44.103,eb:33:2e:f9:57:b5, 2015-01-01 00:08:00.315,-0.051,-0.108,1.441,122.498,35.217,-1.099, , , , , , ,3.856,4.598,-114.879
 12:21:44.103,eb:33:2e:f9:57:b5, 2015-01-01 00:08:00.315,-0.016,-0.079,1.437,132.629,35.034,-1.892, , , , , , ,4.499,4.774,-114.873
 12:21:44.103,eb:33:2e:f9:57:b5, 2015-01-01 00:08:00.315,0.01,-0.073,1.459,142.822,35.706,-3.235, , , , , , ,5.191,4.949,-114.868
 12:21:44.103,eb:33:2e:f9:57:b5, 2015-01-01 00:08:00.315,0.019,-0.085,1.501,152.954,38.574,-4.456, , , , , , ,5.944,5.142,-114.868
 12:21:44.103,eb:33:2e:f9:57:b5, 2015-01-01 00:08:00.315,0.042,-0.078,1.605,163.452,42.236,-5.859, , , , , , ,6.74,5.35,-114.873
 12:21:44.103,eb:33:2e:f9:57:b5, 2015-01-01 00:08:00.315,0.072,-0.109,1.665,175.415,47.18,-7.385, , , , , , ,7.592,5.576,-114.879
 12:21:44.103,eb:33:2e:f9:57:b5, 2015-01-01 00:08:00.315,0.083,-0.085,1.684,186.768,52.551,-9.399, , , , , , ,8.503,5.828,-114.884
 12:21:44.103,eb:33:2e:f9:57:b5, 2015-01-01 00:08:00.315,0.118,-0.079,1.666,197.693,57.739,-11.108, , , , , , ,9.476,6.119,-114.89
 12:21:44.147,eb:33:2e:f9:57:b5, 2015-01-01 00:08:00.315,0.059,-0.068,1.74,211.304,65.43,-13.367, , , , , , ,10.503,6.438,-114.895
 12:21:44.147,eb:33:2e:f9:57:b5, 2015-01-01 00:08:00.315,0.009,-0.152,1.758,223.755,70.74,-14.038, , , , , , ,11.596,6.79,-114.901
 12:21:44.147,eb:33:2e:f9:57:b5, 2015-01-01 00:08:00.315,0.075,-0.212,1.941,238.586,76.782,-14.282, , , , , , ,12.761,7.163,-114.89
 12:21:44.147,eb:33:2e:f9:57:b5, 2015-01-01 00:08:00.315,0.158,-0.261,2.12,255.31,86.426,-14.587, , , , , , ,14.013,7.586,-114.862
 12:21:44.147,eb:33:2e:f9:57:b5, 2015-01-01 00:08:00.315,0.275,-0.236,2.216,274.414,94.666,-16.174, , , , , , ,15.353,8.047,-114.818
 12:21:44.147,eb:33:2e:f9:57:b5, 2015-01-01 00:08:00.315,0.393,-0.185,2.348,293.091,105.652,-19.714, , , , , , ,16.787,8.558,-114.763
 12:21:44.147,eb:33:2e:f9:57:b5, 2015-01-01 00:08:00.315,0.569,-0.235,2.516,310.791,122.07,-24.597, , , , , , ,18.314,9.135,-114.697
 12:21:44.147,eb:33:2e:f9:57:b5, 2015-01-01 00:08:00.315,0.666,-0.16,2.732,327.942,144.897,-31.067, , , , , , ,19.94,9.827,-114.604
 12:21:44.170,eb:33:2e:f9:57:b5, 2015-01-01 00:08:00.605,0.734,-0.042,2.871,347.778,167.664,-38.025, , , , , , ,21.66,10.629,-114.483
 12:21:44.170,eb:33:2e:f9:57:b5, 2015-01-01 00:08:00.605,0.862,0.041,2.683,368.958,178.528,-48.218, , , , , , ,23.489,11.525,-114.346
 12:21:44.170,eb:33:2e:f9:57:b5, 2015-01-01 00:08:00.605,0.708,0.042,2.817,387.695,186.34,-58.899, , , , , , ,25.417,12.469,-114.214
 12:21:44.170,eb:33:2e:f9:57:b5, 2015-01-01 00:08:00.605,0.594,-0.012,3.095,403.32,197.144,-67.322, , , , , , ,27.444,13.475,-114.071
 12:21:44.170,eb:33:2e:f9:57:b5, 2015-01-01 00:08:00.605,0.692,-0.119,3.241,417.419,207.52,-70.984, , , , , , ,29.542,14.535,-113.884
 12:21:44.170,eb:33:2e:f9:57:b5, 2015-01-01 00:08:00.605,0.611,-0.14,3.115,435.303,209.351,-78.796, , , , , , ,31.74,15.628,-113.67
 12:21:44.170,eb:33:2e:f9:57:b5, 2015-01-01 00:08:00.605,0.566,-0.09,3.076,447.998,209.045,-83.557, , , , , , ,34.019,16.732,-113.439
 12:21:44.170,eb:33:2e:f9:57:b5, 2015-01-01 00:08:00.605,0.694,0.035,2.647,453.003,191.04,-88.623, , , , , , ,36.354,17.798,-113.209
 12:21:44.215,eb:33:2e:f9:57:b5, 2015-01-01 00:08:00.605,0.69,0.026,3.383,440.552,205.261,-86.67, , , , , , ,38.666,18.836,-112.945
 12:21:44.215,eb:33:2e:f9:57:b5, 2015-01-01 00:08:00.605,0.667,-0.228,3.496,424.438,235.535,-87.646, , , , , , ,40.957,19.979,-112.538
 12:21:44.215,eb:33:2e:f9:57:b5, 2015-01-01 00:08:00.605,0.882,-0.337,3.237,407.715,257.446,-89.539, , , , , , ,43.22,21.198,-112
 12:21:44.215,eb:33:2e:f9:57:b5, 2015-01-01 00:08:00.605,1.072,-0.737,3.155,393.372,283.508,-86.975, , , , , , ,45.461,22.478,-111.313
 12:21:44.215,eb:33:2e:f9:57:b5, 2015-01-01 00:08:00.605,1.266,-1.158,2.964,388.855,308.472,-87.952, , , , , , ,47.747,23.824,-110.462
 12:21:44.215,eb:33:2e:f9:57:b5, 2015-01-01 00:08:00.605,1.451,-1.722,2.673,396.24,326.843,-84.412, , , , , , ,50.131,25.197,-109.435
 12:21:44.215,eb:33:2e:f9:57:b5, 2015-01-01 00:08:00.605,1.819,-1.728,2.154,417.358,323.181,-92.041, , , , , , ,52.657,26.559,-108.32
 12:21:44.215,eb:33:2e:f9:57:b5, 2015-01-01 00:08:00.605,2.128,-1.453,2.244,454.712,320.618,-117.554, , , , , , ,55.344,27.927,-107.216
 12:21:44.260,eb:33:2e:f9:57:b5, 2015-01-01 00:08:00.605,1.639,-1.349,1.922,497.559,321.045,-153.503, , , , , , ,58.288,29.394,-106.117
 12:21:44.260,eb:33:2e:f9:57:b5, 2015-01-01 00:08:00.605,0.611,-0.431,-0.297,457.642,299.011,-180.542, , , , , , ,61.227,30.916,-105.051
 12:21:44.260,eb:33:2e:f9:57:b5, 2015-01-01 00:08:00.605,0.104,0.242,-2.507,348.022,212.952,-192.2, , , , , , ,63.622,32.333,-104.255
 12:21:44.260,eb:33:2e:f9:57:b5, 2015-01-01 00:08:00.605,0.205,0.076,-3.311,205.688,109.863,-198.975, , , , , , ,65.094,33.536,-103.958
 12:21:44.260,eb:33:2e:f9:57:b5, 2015-01-01 00:08:00.605,0.343,-0.352,-2.934,56.885,20.142,-201.721, , , , , , ,65.561,34.568,-104.161
 12:21:44.260,eb:33:2e:f9:57:b5, 2015-01-01 00:08:00.605,0.562,-0.707,-1.808,-71.411,-51.208,-198.303, , , , , , ,65.072,35.425,-104.804
 12:21:44.260,eb:33:2e:f9:57:b5, 2015-01-01 00:08:00.605,0.687,-1.056,-0.471,-161.743,-91.553,-189.636, , , , , , ,63.875,36.129,-105.749
 12:21:44.260,eb:33:2e:f9:57:b5, 2015-01-01 00:08:00.605,0.749,-1.419,0.533,-212.769,-106.689,-176.697, , , , , , ,62.249,36.705,-106.837
 12:21:44.306,eb:33:2e:f9:57:b5, 2015-01-01 00:08:00.605,0.762,-1.71,1.245,-231.323,-99.365,-159.851, , , , , , ,60.474,37.189,-107.908
 12:21:44.306,eb:33:2e:f9:57:b5, 2015-01-01 00:08:00.605,0.672,-1.787,1.679,-227.722,-74.646,-140.625, , , , , , ,58.749,37.612,-108.842
 12:21:44.306,eb:33:2e:f9:57:b5, 2015-01-01 00:08:00.605,0.54,-1.596,1.693,-210.388,-39.673,-116.882, , , , , , ,57.222,38.007,-109.556
 12:21:44.306,eb:33:2e:f9:57:b5, 2015-01-01 00:08:00.605,0.429,-1.278,1.25,-198.73,-18.86,-97.229, , , , , , ,55.876,38.364,-110.072
 12:21:44.306,eb:33:2e:f9:57:b5, 2015-01-01 00:08:00.605,0.336,-1.073,0.805,-191.467,-6.348,-77.148, , , , , , ,54.679,38.683,-110.44
 12:21:44.306,eb:33:2e:f9:57:b5, 2015-01-01 00:08:00.605,0.297,-0.982,0.377,-188.11,-5.249,-57.678, , , , , , ,53.564,38.936,-110.704
 12:21:44.306,eb:33:2e:f9:57:b5, 2015-01-01 00:08:00.605,0.312,-0.911,0.004,-188.721,-16.663,-39.795, , , , , , ,52.471,39.089,-110.945
 12:21:44.306,eb:33:2e:f9:57:b5, 2015-01-01 00:08:00.605,0.34,-0.85,-0.245,-192.627,-36.865,-23.376, , , , , , ,51.339,39.111,-111.215
 12:21:44.351,eb:33:2e:f9:57:b5, 2015-01-01 00:08:00.605,0.388,-0.808,-0.38,-198.792,-62.805,-8.484, , , , , , ,50.153,39.001,-111.539
 12:21:44.351,eb:33:2e:f9:57:b5, 2015-01-01 00:08:00.605,0.429,-0.795,-0.415,-206.36,-92.102,4.028, , , , , , ,48.889,38.743,-111.929
 12:21:44.351,eb:33:2e:f9:57:b5, 2015-01-01 00:08:00.605,0.479,-0.764,-0.395,-215.271,-123.657,14.893, , , , , , ,47.527,38.337,-112.412
 12:21:44.351,eb:33:2e:f9:57:b5, 2015-01-01 00:08:00.605,0.521,-0.736,-0.315,-225.83,-154.297,23.865, , , , , , ,46.055,37.766,-112.989
 12:21:44.351,eb:33:2e:f9:57:b5, 2015-01-01 00:08:00.605,0.565,-0.729,-0.185,-237.427,-181.885,31.433, , , , , , ,44.5,37.062,-113.632
 12:21:44.351,eb:33:2e:f9:57:b5, 2015-01-01 00:08:00.605,0.601,-0.736,0.006,-248.779,-203.857,37.903, , , , , , ,42.874,36.233,-114.307
 12:21:44.351,eb:33:2e:f9:57:b5, 2015-01-01 00:08:00.605,0.619,-0.743,0.218,-258.789,-220.337,42.908, , , , , , ,41.188,35.299,-115.005
 12:21:44.351,eb:33:2e:f9:57:b5, 2015-01-01 00:08:00.605,0.619,-0.734,0.406,-267.09,-231.75,46.936, , , , , , ,39.463,34.277,-115.697
 12:21:44.418,eb:33:2e:f9:57:b5, 2015-01-01 00:08:00.605,0.613,-0.708,0.559,-273.743,-238.953,49.927, , , , , , ,37.744,33.201,-116.356
 12:21:44.418,eb:33:2e:f9:57:b5, 2015-01-01 00:08:00.605,0.609,-0.66,0.688,-278.687,-243.103,52.002, , , , , , ,36.024,32.08,-116.971
 12:21:44.418,eb:33:2e:f9:57:b5, 2015-01-01 00:08:00.605,0.603,-0.604,0.804,-281.921,-244.812,53.345, , , , , , ,34.321,30.927,-117.543
 12:21:44.418,eb:33:2e:f9:57:b5, 2015-01-01 00:08:00.605,0.595,-0.546,0.899,-283.325,-245.3,53.772, , , , , , ,32.624,29.751,-118.076
 12:21:44.418,eb:33:2e:f9:57:b5, 2015-01-01 00:08:00.605,0.584,-0.494,0.965,-283.081,-245.728,53.406, , , , , , ,30.97,28.564,-118.559
 12:21:44.418,eb:33:2e:f9:57:b5, 2015-01-01 00:08:00.605,0.57,-0.444,1.003,-281.677,-247.07,52.185, , , , , , ,29.35,27.367,-118.993
 12:21:44.418,eb:33:2e:f9:57:b5, 2015-01-01 00:08:00.605,0.556,-0.393,1.025,-279.419,-250,50.171, , , , , , ,27.762,26.153,-119.41
 12:21:44.418,eb:33:2e:f9:57:b5, 2015-01-01 00:08:00.605,0.559,-0.334,1.043,-276.794,-254.944,46.753, , , , , , ,26.186,24.906,-119.817
 12:21:44.418,eb:33:2e:f9:57:b5, 2015-01-01 00:08:00.605,0.546,-0.262,1.094,-274.414,-261.597,41.687, , , , , , ,24.648,23.643,-120.207
 12:21:44.419,eb:33:2e:f9:57:b5, 2015-01-01 00:08:00.605,0.528,-0.178,1.145,-273.071,-270.02,35.034, , , , , , ,23.126,22.346,-120.602
 12:21:44.419,eb:33:2e:f9:57:b5, 2015-01-01 00:08:00.605,0.485,-0.089,1.21,-273.315,-279.724,26.733, , , , , , ,21.605,21.011,-121.02
 12:21:44.419,eb:33:2e:f9:57:b5, 2015-01-01 00:08:00.605,0.45,-0.011,1.279,-274.902,-290.771,17.456, , , , , , ,20.067,19.622,-121.465
 12:21:44.419,eb:33:2e:f9:57:b5, 2015-01-01 00:08:00.605,0.404,0.057,1.39,-277.527,-300.354,7.507, , , , , , ,18.534,18.204,-121.921
 12:21:44.419,eb:33:2e:f9:57:b5, 2015-01-01 00:08:00.605,0.331,0.095,1.527,-280.334,-307.617,-1.465, , , , , , ,16.996,16.749,-122.399
 12:21:44.419,eb:33:2e:f9:57:b5, 2015-01-01 00:08:00.605,0.166,0.083,1.681,-281.921,-309.814,-8.667, , , , , , ,15.452,15.266,-122.877
 12:21:44.419,eb:33:2e:f9:57:b5, 2015-01-01 00:08:00.605,0.097,0.147,1.879,-284.485,-304.321,-9.155, , , , , , ,13.903,13.782,-123.333
 12:21:44.463,eb:33:2e:f9:57:b5, 2015-01-01 00:08:00.605,0.033,-0.07,2.086,-282.288,-297.302,-12.329, , , , , , ,12.398,12.327,-123.728
 12:21:44.463,eb:33:2e:f9:57:b5, 2015-01-01 00:08:00.605,0,-0.108,2.19,-279.785,-285.4,-7.935, , , , , , ,10.92,10.915,-124.069
 12:21:44.463,eb:33:2e:f9:57:b5, 2015-01-01 00:08:00.605,-0.057,-0.141,2.207,-275.635,-272.766,-2.319, , , , , , ,9.487,9.553,-124.343
 12:21:44.463,eb:33:2e:f9:57:b5, 2015-01-01 00:08:00.605,-0.133,-0.144,2.198,-270.813,-261.414,3.784, , , , , , ,8.075,8.223,-124.552
 12:21:44.463,eb:33:2e:f9:57:b5, 2015-01-01 00:08:00.605,-0.203,-0.131,2.149,-264.465,-253.052,12.512, , , , , , ,6.724,6.949,-124.673
 12:21:44.463,eb:33:2e:f9:57:b5, 2015-01-01 00:08:00.605,-0.254,-0.119,2.11,-258.911,-251.709,20.447, , , , , , ,5.411,5.685,-124.717
 12:21:44.463,eb:33:2e:f9:57:b5, 2015-01-01 00:08:00.605,-0.27,-0.101,2.089,-254.395,-254.578,28.32, , , , , , ,4.131,4.411,-124.695
 12:21:44.463,eb:33:2e:f9:57:b5, 2015-01-01 00:08:00.605,-0.266,-0.06,2.089,-252.625,-259.094,36.194, , , , , , ,2.856,3.104,-124.612
 12:21:44.506,eb:33:2e:f9:57:b5, 2015-01-01 00:08:00.920,-0.249,-0.027,2.102,-253.784,-264.099,43.274, , , , , , ,1.593,1.785,-124.464
 12:21:44.506,eb:33:2e:f9:57:b5, 2015-01-01 00:08:00.920,-0.233,0.007,2.135,-257.263,-268.25,49.072, , , , , , ,0.319,0.45,-124.25
 12:21:44.506,eb:33:2e:f9:57:b5, 2015-01-01 00:08:00.920,-0.217,0.047,2.194,-261.597,-270.813,53.711, , , , , , ,-0.978,-0.895,-123.981
 12:21:44.506,eb:33:2e:f9:57:b5, 2015-01-01 00:08:00.920,-0.228,0.106,2.287,-265.32,-270.691,56.58, , , , , , ,-2.324,-2.258,-123.668
 12:21:44.506,eb:33:2e:f9:57:b5, 2015-01-01 00:08:00.920,-0.237,0.199,2.366,-266.968,-269.287,57.8, , , , , , ,-3.675,-3.593,-123.305
 12:21:44.506,eb:33:2e:f9:57:b5, 2015-01-01 00:08:00.920,-0.249,0.324,2.452,-265.686,-266.602,56.946, , , , , , ,-5.037,-4.905,-122.915
 12:21:44.506,eb:33:2e:f9:57:b5, 2015-01-01 00:08:00.920,-0.293,0.485,2.527,-262.329,-262.39,54.199, , , , , , ,-6.394,-6.191,-122.503
 12:21:44.506,eb:33:2e:f9:57:b5, 2015-01-01 00:08:00.920,-0.367,0.664,2.59,-257.751,-256.531,49.805, , , , , , ,-7.756,-7.46,-122.086
 12:21:44.529,eb:33:2e:f9:57:b5, 2015-01-01 00:08:00.920,-0.445,0.848,2.644,-251.953,-249.329,44.434, , , , , , ,-9.091,-8.674,-121.668
 12:21:44.529,eb:33:2e:f9:57:b5, 2015-01-01 00:08:00.920,-0.578,1.04,2.694,-244.995,-240.601,37.781, , , , , , ,-10.399,-9.844,-121.251
 12:21:44.529,eb:33:2e:f9:57:b5, 2015-01-01 00:08:00.920,-0.736,1.229,2.671,-236.328,-232.422,30.212, , , , , , ,-11.667,-10.97,-120.855
 12:21:44.529,eb:33:2e:f9:57:b5, 2015-01-01 00:08:00.920,-0.898,1.405,2.589,-225.769,-225.525,22.034, , , , , , ,-12.909,-12.068,-120.482
 12:21:44.529,eb:33:2e:f9:57:b5, 2015-01-01 00:08:00.920,-1.001,1.571,2.499,-213.745,-219.91,12.817, , , , , , ,-14.079,-13.129,-120.13
 12:21:44.529,eb:33:2e:f9:57:b5, 2015-01-01 00:08:00.920,-1.094,1.702,2.472,-200.989,-213.135,3.662, , , , , , ,-15.183,-14.167,-119.811
 12:21:44.529,eb:33:2e:f9:57:b5, 2015-01-01 00:08:00.920,-1.254,1.744,2.489,-188.293,-200.989,-3.662, , , , , , ,-16.221,-15.161,-119.531
 12:21:44.530,eb:33:2e:f9:57:b5, 2015-01-01 00:08:00.920,-1.439,1.711,2.477,-175.049,-184.021,-7.874, , , , , , ,-17.205,-16.095,-119.273
 12:21:44.643,eb:33:2e:f9:57:b5, 2015-01-01 00:08:00.920,-1.603,1.69,2.454,-161.255,-162.842,-7.446, , , , , , ,-18.105,-16.924,-119.042
 12:21:44.643,eb:33:2e:f9:57:b5, 2015-01-01 00:08:00.920,-1.732,1.703,2.422,-147.095,-138,-2.747, , , , , , ,-18.935,-17.633,-118.823
 12:21:44.643,eb:33:2e:f9:57:b5, 2015-01-01 00:08:00.920,-1.838,1.768,2.378,-132.385,-110.718,5.249, , , , , , ,-19.693,-18.21,-118.603
 12:21:44.643,eb:33:2e:f9:57:b5, 2015-01-01 00:08:00.920,-1.892,1.866,2.336,-116.272,-82.764,15.869, , , , , , ,-20.385,-18.633,-118.372
 12:21:44.643,eb:33:2e:f9:57:b5, 2015-01-01 00:08:00.920,-1.942,1.979,2.286,-98.938,-54.016,27.71, , , , , , ,-20.989,-18.902,-118.136
 12:21:44.643,eb:33:2e:f9:57:b5, 2015-01-01 00:08:00.920,-1.95,2.122,2.167,-80.444,-28.015,39.368, , , , , , ,-21.511,-19.017,-117.889
 12:21:44.643,eb:33:2e:f9:57:b5, 2015-01-01 00:08:00.920,-1.92,2.295,2.004,-61.523,-7.69,49.622, , , , , , ,-21.94,-19.001,-117.636
 12:21:44.643,eb:33:2e:f9:57:b5, 2015-01-01 00:08:00.920,-1.867,2.436,1.846,-42.297,7.019,58.105, , , , , , ,-22.275,-18.891,-117.372
 12:21:44.643,eb:33:2e:f9:57:b5, 2015-01-01 00:08:00.920,-1.834,2.508,1.667,-22.217,16.357,64.087, , , , , , ,-22.516,-18.715,-117.098
 12:21:44.643,eb:33:2e:f9:57:b5, 2015-01-01 00:08:00.920,-1.812,2.514,1.521,-0.916,20.081,68.115, , , , , , ,-22.659,-18.501,-116.812
 12:21:44.643,eb:33:2e:f9:57:b5, 2015-01-01 00:08:00.920,-1.8,2.464,1.441,21.057,20.325,71.289, , , , , , ,-22.692,-18.276,-116.51
 12:21:44.643,eb:33:2e:f9:57:b5, 2015-01-01 00:08:00.920,-1.777,2.359,1.402,41.87,20.264,74.463, , , , , , ,-22.615,-18.034,-116.197
 12:21:44.643,eb:33:2e:f9:57:b5, 2015-01-01 00:08:00.920,-1.789,2.226,1.428,59.998,23.254,78.369, , , , , , ,-22.451,-17.787,-115.867
 12:21:44.644,eb:33:2e:f9:57:b5, 2015-01-01 00:08:00.920,-1.774,2.025,1.534,79.651,29.785,83.618, , , , , , ,-22.198,-17.507,-115.527
 12:21:44.644,eb:33:2e:f9:57:b5, 2015-01-01 00:08:00.920,0.473,1.83,1.624,106.14,27.771,75.195, , , , , , ,-21.846,-17.199,-115.181
 12:21:44.644,eb:33:2e:f9:57:b5, 2015-01-01 00:08:00.920,-0.469,0.42,7.754,207.52,181.641,71.655, , , , , , ,-20.863,-16.545,-115.219
 12:21:44.665,eb:33:2e:f9:57:b5, 2015-01-01 00:08:00.920,1.89,0.484,2.075,210.632,210.266,57.678, , , , , , ,-19.792,-15.601,-115.274
 12:21:44.665,eb:33:2e:f9:57:b5, 2015-01-01 00:08:00.920,0.348,-0.745,0.83,219.055,257.874,20.996, , , , , , ,-18.649,-14.425,-115.543
 12:21:44.665,eb:33:2e:f9:57:b5, 2015-01-01 00:08:00.920,0.364,-0.656,1.111,221.436,263.611,18.921, , , , , , ,-17.468,-13.123,-115.862
 12:21:44.665,eb:33:2e:f9:57:b5, 2015-01-01 00:08:00.920,-0.222,-1.363,0.626,246.338,228.088,23.804, , , , , , ,-16.232,-11.931,-116.125
 12:21:44.665,eb:33:2e:f9:57:b5, 2015-01-01 00:08:00.920,-0.342,-1.009,0.392,281.982,183.655,23.621, , , , , , ,-14.859,-10.926,-116.274
 12:21:44.665,eb:33:2e:f9:57:b5, 2015-01-01 00:08:00.920,-0.359,-0.45,0.85,298.218,160.4,15.93, , , , , , ,-13.37,-10.096,-116.395
 12:21:44.665,eb:33:2e:f9:57:b5, 2015-01-01 00:08:00.920,-0.195,0.02,1.32,292.847,162.354,10.01, , , , , , ,-11.871,-9.294,-116.51
 12:21:44.665,eb:33:2e:f9:57:b5, 2015-01-01 00:08:00.920,-0.226,0.194,1.522,272.705,166.748,7.263, , , , , , ,-10.432,-8.465,-116.631
 12:21:44.731,eb:33:2e:f9:57:b5, 2015-01-01 00:08:00.920,-0.22,0.229,1.341,245.972,152.588,5.432, , , , , , ,-9.135,-7.674,-116.735
 12:21:44.731,eb:33:2e:f9:57:b5, 2015-01-01 00:08:00.920,-0.228,0.315,1.444,209.839,128.54,10.376, , , , , , ,-7.998,-6.993,-116.801
 12:21:44.731,eb:33:2e:f9:57:b5, 2015-01-01 00:08:00.920,-0.334,0.414,1.338,172.607,114.807,14.404, , , , , , ,-7.059,-6.394,-116.812
 12:21:44.731,eb:33:2e:f9:57:b5, 2015-01-01 00:08:00.920,-0.29,0.436,1.235,134.888,102.722,23.132, , , , , , ,-6.301,-5.839,-116.779
 12:21:44.731,eb:33:2e:f9:57:b5, 2015-01-01 00:08:00.920,-0.187,0.363,1.154,101.135,88.684,37.109, , , , , , ,-5.74,-5.356,-116.675
 12:21:44.731,eb:33:2e:f9:57:b5, 2015-01-01 00:08:00.920,-0.062,0.182,1.019,78.918,76.538,46.57, , , , , , ,-5.323,-4.933,-116.494
 12:21:44.732,eb:33:2e:f9:57:b5, 2015-01-01 00:08:00.920,-0.076,0.091,1.005,67.139,71.838,47.18, , , , , , ,-4.988,-4.548,-116.29
 12:21:44.732,eb:33:2e:f9:57:b5, 2015-01-01 00:08:00.920,-0.134,0.211,1.012,53.467,61.401,47.119, , , , , , ,-4.691,-4.186,-116.082
 12:21:44.735,eb:33:2e:f9:57:b5, 2015-01-01 00:08:00.920,0.047,0.25,0.943,43.152,47.791,41.138, , , , , , ,-4.477,-3.911,-115.884
 12:21:44.735,eb:33:2e:f9:57:b5, 2015-01-01 00:08:00.920,-0.228,0.184,0.992,36.865,47.363,33.447, , , , , , ,-4.29,-3.658,-115.719
 12:21:44.735,eb:33:2e:f9:57:b5, 2015-01-01 00:08:00.920,-0.297,0.332,0.776,23.438,35.583,25.94, , , , , , ,-4.153,-3.428,-115.582
 12:21:44.735,eb:33:2e:f9:57:b5, 2015-01-01 00:08:00.920,-0.035,0.221,0.771,14.343,16.724,15.991, , , , , , ,-4.059,-3.301,-115.494
 12:21:44.735,eb:33:2e:f9:57:b5, 2015-01-01 00:08:00.920,0.036,-0.061,0.986,14.709,16.418,15.442, , , , , , ,-3.994,-3.224,-115.422
 12:21:44.736,eb:33:2e:f9:57:b5, 2015-01-01 00:08:00.920,0.021,-0.058,1.02,15.137,17.517,14.16, , , , , , ,-3.922,-3.131,-115.356
 12:21:44.736,eb:33:2e:f9:57:b5, 2015-01-01 00:08:00.920,-0.066,-0.017,0.996,13.672,16.907,13.184, , , , , , ,-3.851,-3.043,-115.291
 12:21:44.736,eb:33:2e:f9:57:b5, 2015-01-01 00:08:00.920,-0.065,-0.02,0.966,12.817,14.771,10.986, , , , , , ,-3.774,-2.95,-115.236
 12:21:44.778,eb:33:2e:f9:57:b5, 2015-01-01 00:08:00.920,-0.011,-0.029,0.944,11.902,10.376,9.094, , , , , , ,-3.719,-2.884,-115.192
 12:21:44.778,eb:33:2e:f9:57:b5, 2015-01-01 00:08:00.920,-0.01,-0.019,0.981,11.169,8.362,6.714, , , , , , ,-3.664,-2.84,-115.153
 12:21:44.778,eb:33:2e:f9:57:b5, 2015-01-01 00:08:00.920,0.004,-0.03,0.982,10.742,7.202,5.432, , , , , , ,-3.609,-2.802,-115.126
 12:21:44.778,eb:33:2e:f9:57:b5, 2015-01-01 00:08:00.920,0.021,-0.028,0.994,10.254,6.47,4.211, , , , , , ,-3.549,-2.758,-115.104
 12:21:44.778,eb:33:2e:f9:57:b5, 2015-01-01 00:08:00.920,0.027,-0.025,1,9.827,6.653,2.991, , , , , , ,-3.499,-2.725,-115.087
 12:21:44.778,eb:33:2e:f9:57:b5, 2015-01-01 00:08:00.920,0.032,-0.019,0.997,9.277,6.775,1.648, , , , , , ,-3.45,-2.686,-115.076
 12:21:44.778,eb:33:2e:f9:57:b5, 2015-01-01 00:08:00.920,0.05,-0.018,1.001,8.667,7.324,0.61, , , , , , ,-3.406,-2.653,-115.071
 12:21:44.778,eb:33:2e:f9:57:b5, 2015-01-01 00:08:00.920,0.039,-0.017,1.014,8.24,8.911,-0.61, , , , , , ,-3.351,-2.604,-115.076
 12:21:44.823,eb:33:2e:f9:57:b5, 2015-01-01 00:08:01.230,0.027,-0.023,1.006,7.935,9.949,-1.465, , , , , , ,-3.312,-2.554,-115.082
 12:21:44.823,eb:33:2e:f9:57:b5, 2015-01-01 00:08:01.230,0.023,-0.022,0.998,7.385,10.254,-2.136, , , , , , ,-3.274,-2.505,-115.093
 12:21:44.823,eb:33:2e:f9:57:b5, 2015-01-01 00:08:01.230,0.022,-0.027,1,6.897,10.376,-2.747, , , , , , ,-3.235,-2.455,-115.109
 12:21:44.823,eb:33:2e:f9:57:b5, 2015-01-01 00:08:01.230,0.023,-0.028,0.999,6.47,10.498,-3.113, , , , , , ,-3.192,-2.395,-115.126
 12:21:44.823,eb:33:2e:f9:57:b5, 2015-01-01 00:08:01.230,0.016,-0.031,1.001,6.165,10.742,-3.601, , , , , , ,-3.159,-2.346,-115.148
 12:21:44.823,eb:33:2e:f9:57:b5, 2015-01-01 00:08:01.230,0.017,-0.034,0.999,5.981,10.742,-3.967, , , , , , ,-3.131,-2.291,-115.17
 12:21:44.823,eb:33:2e:f9:57:b5, 2015-01-01 00:08:01.230,0.015,-0.035,1.004,5.92,10.925,-4.456, , , , , , ,-3.098,-2.241,-115.192
 12:21:44.823,eb:33:2e:f9:57:b5, 2015-01-01 00:08:01.230,0.01,-0.04,1.01,5.981,11.047,-5.005, , , , , , ,-3.054,-2.175,-115.219
 12:21:44.867,eb:33:2e:f9:57:b5, 2015-01-01 00:08:01.230,0.012,-0.047,1.015,6.348,11.169,-5.615, , , , , , ,-3.027,-2.126,-115.247
 12:21:44.867,eb:33:2e:f9:57:b5, 2015-01-01 00:08:01.230,0.008,-0.047,1.021,6.897,11.169,-6.287, , , , , , ,-2.994,-2.071,-115.28
 12:21:44.867,eb:33:2e:f9:57:b5, 2015-01-01 00:08:01.230,0.003,-0.046,1.012,7.263,10.986,-6.531, , , , , , ,-2.955,-2.016,-115.312
 12:21:44.867,eb:33:2e:f9:57:b5, 2015-01-01 00:08:01.230,0.009,-0.042,1.003,7.263,10.62,-6.592, , , , , , ,-2.906,-1.956,-115.351
 12:21:44.867,eb:33:2e:f9:57:b5, 2015-01-01 00:08:01.230,0.006,-0.042,1.002,7.202,10.62,-6.531, , , , , , ,-2.867,-1.906,-115.384
 12:21:44.867,eb:33:2e:f9:57:b5, 2015-01-01 00:08:01.230,0.004,-0.043,1.002,7.019,10.437,-6.226, , , , , , ,-2.834,-1.857,-115.417
 12:21:44.868,eb:33:2e:f9:57:b5, 2015-01-01 00:08:01.230,0.001,-0.036,0.996,6.775,10.01,-5.798, , , , , , ,-2.796,-1.807,-115.45
 12:21:44.868,eb:33:2e:f9:57:b5, 2015-01-01 00:08:01.230,0.009,-0.037,0.998,6.47,9.583,-5.188, , , , , , ,-2.752,-1.747,-115.477
 12:21:44.913,eb:33:2e:f9:57:b5, 2015-01-01 00:08:01.230,0.006,-0.037,0.996,6.348,9.338,-4.578, , , , , , ,-2.719,-1.703,-115.505
 12:21:44.913,eb:33:2e:f9:57:b5, 2015-01-01 00:08:01.230,0.007,-0.038,0.992,5.981,9.155,-3.784, , , , , , ,-2.686,-1.659,-115.527
 12:21:44.913,eb:33:2e:f9:57:b5, 2015-01-01 00:08:01.230,0.021,-0.034,0.996,5.798,9.033,-2.93, , , , , , ,-2.659,-1.615,-115.543
 12:21:44.913,eb:33:2e:f9:57:b5, 2015-01-01 00:08:01.230,0.007,-0.025,0.997,5.737,8.423,-2.563, , , , , , ,-2.615,-1.56,-115.56
 12:21:44.913,eb:33:2e:f9:57:b5, 2015-01-01 00:08:01.230,0.031,-0.032,1.007,6.165,7.996,-1.587, , , , , , ,-2.587,-1.522,-115.571
 12:21:44.913,eb:33:2e:f9:57:b5, 2015-01-01 00:08:01.230,0.037,-0.012,1.013,6.165,8.667,-1.221, , , , , , ,-2.554,-1.483,-115.576
 12:21:44.913,eb:33:2e:f9:57:b5, 2015-01-01 00:08:01.230,0.033,-0.023,1.026,6.531,9.46,-1.343, , , , , , ,-2.527,-1.439,-115.587
 12:21:44.914,eb:33:2e:f9:57:b5, 2015-01-01 00:08:01.230,0.036,-0.003,1.016,6.958,9.827,-1.709, , , , , , ,-2.477,-1.379,-115.593
 12:21:44.935,eb:33:2e:f9:57:b5, 2015-01-01 00:08:01.230,0.023,-0.014,1.023,7.141,10.62,-2.075, , , , , , ,-2.444,-1.329,-115.604
 12:21:44.935,eb:33:2e:f9:57:b5, 2015-01-01 00:08:01.230,0.034,-0.02,1.017,7.568,10.925,-2.258, , , , , , ,-2.406,-1.274,-115.615
 12:21:44.935,eb:33:2e:f9:57:b5, 2015-01-01 00:08:01.230,0.021,0.007,0.97,7.69,9.766,-2.625, , , , , , ,-2.368,-1.225,-115.631
 12:21:44.935,eb:33:2e:f9:57:b5, 2015-01-01 00:08:01.230,-0.031,-0.021,1.016,7.996,10.071,-3.052, , , , , , ,-2.318,-1.165,-115.648
 12:21:44.935,eb:33:2e:f9:57:b5, 2015-01-01 00:08:01.230,-0.033,-0.047,1.017,9.277,8.911,-2.441, , , , , , ,-2.274,-1.121,-115.664
 12:21:44.935,eb:33:2e:f9:57:b5, 2015-01-01 00:08:01.230,-0.021,-0.03,0.998,10.498,6.592,-2.014, , , , , , ,-2.225,-1.082,-115.675
 12:21:44.935,eb:33:2e:f9:57:b5, 2015-01-01 00:08:01.230,0.05,-0.026,1.002,12.878,2.563,-2.258, , , , , , ,-2.164,-1.066,-115.686
 12:21:44.935,eb:33:2e:f9:57:b5, 2015-01-01 00:08:01.230,-0.028,0.013,1.018,14.709,1.038,-4.7, , , , , , ,-2.082,-1.049,-115.703
 12:21:44.980,eb:33:2e:f9:57:b5, 2015-01-01 00:08:01.230,-0.076,-0.073,1.092,15.259,4.395,-4.517, , , , , , ,-2.01,-1.038,-115.724
 12:21:44.980,eb:33:2e:f9:57:b5, 2015-01-01 00:08:01.230,-0.001,-0.1,1.103,18.555,4.272,-3.174, , , , , , ,-1.923,-1.016,-115.741
 12:21:44.980,eb:33:2e:f9:57:b5, 2015-01-01 00:08:01.230,0.01,-0.021,1.022,19.836,3.479,-3.845, , , , , , ,-1.824,-0.994,-115.763
 12:21:44.980,eb:33:2e:f9:57:b5, 2015-01-01 00:08:01.230,0.009,-0.017,1.037,20.386,3.906,-4.272, , , , , , ,-1.714,-0.972,-115.779
 12:21:44.980,eb:33:2e:f9:57:b5, 2015-01-01 00:08:01.230,0.018,-0.026,1.078,21.118,6.165,-4.883, , , , , , ,-1.609,-0.945,-115.807
 12:21:44.980,eb:33:2e:f9:57:b5, 2015-01-01 00:08:01.230,0.017,-0.004,1.026,21.484,7.141,-5.676, , , , , , ,-1.5,-0.912,-115.829
 12:21:44.980,eb:33:2e:f9:57:b5, 2015-01-01 00:08:01.230,0.037,0,1.008,21.729,7.751,-6.653, , , , , , ,-1.395,-0.873,-115.862
 12:21:44.980,eb:33:2e:f9:57:b5, 2015-01-01 00:08:01.230,0.014,-0.004,1.045,22.156,9.46,-7.263, , , , , , ,-1.274,-0.824,-115.9
 12:21:45.026,eb:33:2e:f9:57:b5, 2015-01-01 00:08:01.230,0.008,0.005,1.014,22.461,10.376,-7.568, , , , , , ,-1.159,-0.775,-115.933
 12:21:45.026,eb:33:2e:f9:57:b5, 2015-01-01 00:08:01.230,0.023,0.011,0.996,22.278,11.108,-8.057, , , , , , ,-1.049,-0.72,-115.977
 12:21:45.026,eb:33:2e:f9:57:b5, 2015-01-01 00:08:01.230,0.037,0.005,1.027,22.339,12.756,-8.606, , , , , , ,-0.939,-0.665,-116.016
 12:21:45.026,eb:33:2e:f9:57:b5, 2015-01-01 00:08:01.230,0.033,0.012,1.036,22.705,14.526,-9.338, , , , , , ,-0.813,-0.588,-116.065
 12:21:45.026,eb:33:2e:f9:57:b5, 2015-01-01 00:08:01.230,0.028,0.019,1.018,23.315,15.015,-10.193, , , , , , ,-0.698,-0.511,-116.115
 12:21:45.026,eb:33:2e:f9:57:b5, 2015-01-01 00:08:01.230,0.032,0.018,1.028,23.682,16.479,-10.986, , , , , , ,-0.577,-0.434,-116.164
 12:21:45.026,eb:33:2e:f9:57:b5, 2015-01-01 00:08:01.230,0.023,0.026,1.026,24.048,17.944,-12.085, , , , , , ,-0.461,-0.346,-116.224
 12:21:45.026,eb:33:2e:f9:57:b5, 2015-01-01 00:08:01.230,0.003,0.023,1.03,24.78,18.738,-13.123, , , , , , ,-0.324,-0.247,-116.285
 12:21:45.071,eb:33:2e:f9:57:b5, 2015-01-01 00:08:01.230,-0.014,0.009,1.04,25.574,19.409,-13.55, , , , , , ,-0.198,-0.154,-116.356
 12:21:45.071,eb:33:2e:f9:57:b5, 2015-01-01 00:08:01.230,-0.015,-0.002,1.045,26.489,20.081,-13.794, , , , , , ,-0.071,-0.055,-116.422
 12:21:45.071,eb:33:2e:f9:57:b5, 2015-01-01 00:08:01.230,-0.027,-0.004,1.062,27.832,20.508,-13.916, , , , , , ,0.06,0.044,-116.494
 12:21:45.071,eb:33:2e:f9:57:b5, 2015-01-01 00:08:01.230,-0.031,0.001,1.042,29.114,19.897,-13.916, , , , , , ,0.214,0.154,-116.559
 12:21:45.071,eb:33:2e:f9:57:b5, 2015-01-01 00:08:01.230,-0.043,-0.003,1.04,30.457,19.409,-14.038, , , , , , ,0.363,0.247,-116.631
 12:21:45.071,eb:33:2e:f9:57:b5, 2015-01-01 00:08:01.230,-0.068,-0.008,1.05,31.555,19.592,-13.916, , , , , , ,0.516,0.346,-116.697
 12:21:45.071,eb:33:2e:f9:57:b5, 2015-01-01 00:08:01.230,-0.089,-0.018,1.022,32.593,18.677,-12.939, , , , , , ,0.676,0.445,-116.763
 12:21:45.071,eb:33:2e:f9:57:b5, 2015-01-01 00:08:01.230,-0.114,-0.026,1.021,33.508,17.639,-11.841, , , , , , ,0.857,0.544,-116.823
 12:21:45.116,eb:33:2e:f9:57:b5, 2015-01-01 00:08:01.520,-0.11,-0.049,1.052,35.095,16.357,-9.949, , , , , , ,1.027,0.626,-116.873
 12:21:45.116,eb:33:2e:f9:57:b5, 2015-01-01 00:08:01.520,-0.08,-0.049,1.07,37.354,14.771,-8.24, , , , , , ,1.208,0.703,-116.917
 12:21:45.116,eb:33:2e:f9:57:b5, 2015-01-01 00:08:01.520,-0.063,-0.043,1.106,40.161,13.733,-7.08, , , , , , ,1.401,0.775,-116.949
 12:21:45.116,eb:33:2e:f9:57:b5, 2015-01-01 00:08:01.520,-0.048,-0.041,1.15,43.213,13.733,-6.165, , , , , , ,1.62,0.851,-116.982
 12:21:45.116,eb:33:2e:f9:57:b5, 2015-01-01 00:08:01.520,-0.034,-0.035,1.188,47.18,13.916,-5.676, , , , , , ,1.846,0.923,-117.01
 12:21:45.116,eb:33:2e:f9:57:b5, 2015-01-01 00:08:01.520,-0.015,-0.027,1.2,51.331,14.221,-5.31, , , , , , ,2.093,0.994,-117.032
 12:21:45.116,eb:33:2e:f9:57:b5, 2015-01-01 00:08:01.520,-0.04,-0.033,1.266,56.58,15.564,-5.92, , , , , , ,2.368,1.066,-117.054
 12:21:45.116,eb:33:2e:f9:57:b5, 2015-01-01 00:08:01.520,-0.02,-0.062,1.292,62.927,16.113,-6.165, , , , , , ,2.675,1.159,-117.081
 12:21:45.137,eb:33:2e:f9:57:b5, 2015-01-01 00:08:01.520,-0.003,-0.059,1.333,69.153,18.066,-5.981, , , , , , ,3.01,1.247,-117.109
 12:21:45.137,eb:33:2e:f9:57:b5, 2015-01-01 00:08:01.520,0.003,-0.052,1.348,75.378,20.203,-6.104, , , , , , ,3.373,1.34,-117.131
 12:21:45.137,eb:33:2e:f9:57:b5, 2015-01-01 00:08:01.520,-0.002,-0.06,1.371,81.909,23.315,-6.104, , , , , , ,3.768,1.456,-117.153
 12:21:45.137,eb:33:2e:f9:57:b5, 2015-01-01 00:08:01.520,0,-0.078,1.417,91.431,26.306,-6.653, , , , , , ,4.213,1.588,-117.175
 12:21:45.137,eb:33:2e:f9:57:b5, 2015-01-01 00:08:01.520,-0.021,-0.086,1.422,99.915,28.992,-6.836, , , , , , ,4.697,1.73,-117.202
 12:21:45.138,eb:33:2e:f9:57:b5, 2015-01-01 00:08:01.520,-0.022,-0.067,1.379,108.032,30.151,-7.324, , , , , , ,5.219,1.884,-117.219
 12:21:45.138,eb:33:2e:f9:57:b5, 2015-01-01 00:08:01.520,-0.022,-0.05,1.358,115.845,30.884,-7.324, , , , , , ,5.779,2.038,-117.241
 12:21:45.138,eb:33:2e:f9:57:b5, 2015-01-01 00:08:01.520,0.023,-0.042,1.349,123.779,31.006,-7.446, , , , , , ,6.389,2.208,-117.263
 12:21:45.183,eb:33:2e:f9:57:b5, 2015-01-01 00:08:01.520,0.036,0.008,1.377,132.324,30.64,-8.118, , , , , , ,7.031,2.362,-117.285
 12:21:45.183,eb:33:2e:f9:57:b5, 2015-01-01 00:08:01.520,0.006,0.026,1.349,140.686,29.602,-9.949, , , , , , ,7.718,2.516,-117.307
 12:21:45.183,eb:33:2e:f9:57:b5, 2015-01-01 00:08:01.520,0.008,-0.033,1.466,149.292,32.043,-10.437, , , , , , ,8.443,2.675,-117.334
 12:21:45.183,eb:33:2e:f9:57:b5, 2015-01-01 00:08:01.520,0.035,-0.045,1.508,158.691,34.485,-9.949, , , , , , ,9.229,2.856,-117.356
 12:21:45.183,eb:33:2e:f9:57:b5, 2015-01-01 00:08:01.520,0.003,-0.056,1.548,168.274,36.011,-10.315, , , , , , ,10.047,3.038,-117.383
 12:21:45.183,eb:33:2e:f9:57:b5, 2015-01-01 00:08:01.520,0.03,-0.069,1.652,179.199,38.94,-9.705, , , , , , ,10.92,3.235,-117.394
 12:21:45.183,eb:33:2e:f9:57:b5, 2015-01-01 00:08:01.520,0.027,-0.083,1.675,192.078,41.382,-10.925, , , , , , ,11.854,3.439,-117.405
 12:21:45.183,eb:33:2e:f9:57:b5, 2015-01-01 00:08:01.520,-0.008,-0.101,1.706,204.468,45.166,-12.085, , , , , , ,12.859,3.675,-117.416
 12:21:45.229,eb:33:2e:f9:57:b5, 2015-01-01 00:08:01.520,-0.04,-0.15,1.78,217.712,49.011,-12.207, , , , , , ,13.92,3.917,-117.416
 12:21:45.229,eb:33:2e:f9:57:b5, 2015-01-01 00:08:01.520,-0.034,-0.201,1.841,233.276,52.917,-12.146, , , , , , ,15.051,4.18,-117.411
 12:21:45.229,eb:33:2e:f9:57:b5, 2015-01-01 00:08:01.520,0.008,-0.199,1.854,249.146,56.519,-12.146, , , , , , ,16.271,4.46,-117.394
 12:21:45.229,eb:33:2e:f9:57:b5, 2015-01-01 00:08:01.520,0.114,-0.159,1.989,267.09,60.425,-13, , , , , , ,17.578,4.768,-117.367
 12:21:45.229,eb:33:2e:f9:57:b5, 2015-01-01 00:08:01.520,0.146,-0.199,2.083,286.133,65.674,-15.137, , , , , , ,18.973,5.092,-117.334
 12:21:45.229,eb:33:2e:f9:57:b5, 2015-01-01 00:08:01.520,0.141,-0.196,2.152,306.03,68.848,-16.968, , , , , , ,20.462,5.438,-117.29
 12:21:45.229,eb:33:2e:f9:57:b5, 2015-01-01 00:08:01.520,0.204,-0.119,2.482,330.139,73.73,-20.325, , , , , , ,22.066,5.801,-117.252
 12:21:45.229,eb:33:2e:f9:57:b5, 2015-01-01 00:08:01.520,0.455,-0.075,2.722,354.614,80.261,-23.926, , , , , , ,23.802,6.213,-117.202
 12:21:45.274,eb:33:2e:f9:57:b5, 2015-01-01 00:08:01.520,0.444,0.018,2.858,376.16,87.891,-32.043, , , , , , ,25.648,6.658,-117.153
 12:21:45.274,eb:33:2e:f9:57:b5, 2015-01-01 00:08:01.520,0.463,-0.079,3.161,385.986,108.948,-34.546, , , , , , ,27.565,7.18,-117.081
 12:21:45.274,eb:33:2e:f9:57:b5, 2015-01-01 00:08:01.520,0.647,-0.178,3.169,399.658,130.554,-36.804, , , , , , ,29.548,7.8,-116.944
 12:21:45.274,eb:33:2e:f9:57:b5, 2015-01-01 00:08:01.520,0.786,0.034,2.968,416.687,140.137,-42.419, , , , , , ,31.63,8.498,-116.768
 12:21:45.274,eb:33:2e:f9:57:b5, 2015-01-01 00:08:01.520,0.878,0.163,2.635,434.875,129.822,-52.368, , , , , , ,33.794,9.196,-116.598
 12:21:45.274,eb:33:2e:f9:57:b5, 2015-01-01 00:08:01.520,0.706,0.336,2.96,444.336,131.409,-63.416, , , , , , ,36.019,9.888,-116.472
 12:21:45.274,eb:33:2e:f9:57:b5, 2015-01-01 00:08:01.520,0.586,0.061,3.218,447.388,147.217,-71.289, , , , , , ,38.282,10.657,-116.312
 12:21:45.274,eb:33:2e:f9:57:b5, 2015-01-01 00:08:01.520,0.483,-0.067,3.251,434.448,169.922,-72.876, , , , , , ,40.529,11.503,-116.082
 12:21:45.295,eb:33:2e:f9:57:b5, 2015-01-01 00:08:01.520,0.542,-0.54,3.453,426.941,197.998,-70.923, , , , , , ,42.748,12.442,-115.719
 12:21:45.295,eb:33:2e:f9:57:b5, 2015-01-01 00:08:01.520,0.861,-0.483,2.656,432.861,190.674,-72.815, , , , , , ,44.995,13.403,-115.28
 12:21:45.295,eb:33:2e:f9:57:b5, 2015-01-01 00:08:01.520,1.02,-0.355,2.313,446.716,162.72,-80.383, , , , , , ,47.285,14.277,-114.901
 12:21:45.295,eb:33:2e:f9:57:b5, 2015-01-01 00:08:01.520,0.985,-0.591,2.239,463.257,128.296,-87.891, , , , , , ,49.631,15.073,-114.648
 12:21:45.295,eb:33:2e:f9:57:b5, 2015-01-01 00:08:01.520,1.342,-0.735,2.256,490.356,79.59,-103.943, , , , , , ,52.048,15.765,-114.565
 12:21:45.295,eb:33:2e:f9:57:b5, 2015-01-01 00:08:01.520,1.633,-1.053,2.204,506.348,53.101,-124.268, , , , , , ,54.52,16.414,-114.659
 12:21:45.295,eb:33:2e:f9:57:b5, 2015-01-01 00:08:01.520,1.671,-1.468,1.773,518.311,36.682,-149.78, , , , , , ,57.025,17.111,-114.884
 12:21:45.295,eb:33:2e:f9:57:b5, 2015-01-01 00:08:01.520,1.554,-1.689,1.028,521.667,25.269,-176.331, , , , , , ,59.518,17.891,-115.219
 12:21:45.340,eb:33:2e:f9:57:b5, 2015-01-01 00:08:01.520,0.097,-1.059,-0.253,476.379,16.785,-193.542, , , , , , ,61.913,18.77,-115.598
 12:21:45.340,eb:33:2e:f9:57:b5, 2015-01-01 00:08:01.520,-0.292,-0.106,-3.051,326.294,-44.25,-184.265, , , , , , ,63.693,19.583,-116.142
 12:21:45.340,eb:33:2e:f9:57:b5, 2015-01-01 00:08:01.520,-0.052,-0.81,-2.403,161.072,-79.651,-149.048, , , , , , ,64.578,20.165,-116.851
 12:21:45.340,eb:33:2e:f9:57:b5, 2015-01-01 00:08:01.520,0.353,-1.351,-0.5,21.851,-80.75,-104.004, , , , , , ,64.709,20.544,-117.532
 12:21:45.340,eb:33:2e:f9:57:b5, 2015-01-01 00:08:01.520,0.441,-1.495,1.143,-82.825,-48.706,-61.646, , , , , , ,64.319,20.759,-118.021
 12:21:45.340,eb:33:2e:f9:57:b5, 2015-01-01 00:08:01.520,0.387,-1.498,1.783,-150.452,-5.432,-26.123, , , , , , ,63.611,20.885,-118.218
 12:21:45.340,eb:33:2e:f9:57:b5, 2015-01-01 00:08:01.520,0.5,-1.47,1.852,-185.852,35.095,1.709, , , , , , ,62.765,20.967,-118.147
 12:21:45.340,eb:33:2e:f9:57:b5, 2015-01-01 00:08:01.520,0.663,-1.35,1.847,-197.51,72.449,20.386, , , , , , ,61.891,21.044,-117.845
 12:21:45.386,eb:33:2e:f9:57:b5, 2015-01-01 00:08:01.520,0.72,-1.097,1.715,-194.519,100.403,29.785, , , , , , ,61.089,21.138,-117.35
 12:21:45.386,eb:33:2e:f9:57:b5, 2015-01-01 00:08:01.520,0.659,-0.76,1.346,-184.875,111.267,31.494, , , , , , ,60.353,21.27,-116.752
 12:21:45.386,eb:33:2e:f9:57:b5, 2015-01-01 00:08:01.520,0.557,-0.465,0.812,-174.5,103.088,28.198, , , , , , ,59.672,21.407,-116.175
 12:21:45.386,eb:33:2e:f9:57:b5, 2015-01-01 00:08:01.520,0.485,-0.312,0.291,-166.748,78.979,22.644, , , , , , ,58.986,21.528,-115.697
 12:21:45.386,eb:33:2e:f9:57:b5, 2015-01-01 00:08:01.520,0.457,-0.267,-0.111,-163.757,44.678,16.418, , , , , , ,58.282,21.599,-115.373
 12:21:45.386,eb:33:2e:f9:57:b5, 2015-01-01 00:08:01.520,0.489,-0.26,-0.345,-166.26,6.592,10.193, , , , , , ,57.508,21.605,-115.23
 12:21:45.386,eb:33:2e:f9:57:b5, 2015-01-01 00:08:01.520,0.471,-0.284,-0.357,-173.645,-27.954,3.662, , , , , , ,56.64,21.539,-115.28
 12:21:45.387,eb:33:2e:f9:57:b5, 2015-01-01 00:08:01.520,0.464,-0.347,-0.259,-184.753,-56.702,-1.221, , , , , , ,55.651,21.401,-115.488
 12:21:45.430,eb:33:2e:f9:57:b5, 2015-01-01 00:08:01.835,0.456,-0.427,-0.063,-197.998,-76.66,-4.883, , , , , , ,54.569,21.22,-115.807
 12:21:45.430,eb:33:2e:f9:57:b5, 2015-01-01 00:08:01.835,0.447,-0.508,0.136,-212.585,-87.891,-7.202, , , , , , ,53.399,21,-116.186
 12:21:45.430,eb:33:2e:f9:57:b5, 2015-01-01 00:08:01.835,0.435,-0.569,0.308,-227.905,-91.858,-8.057, , , , , , ,52.141,20.753,-116.598
 12:21:45.430,eb:33:2e:f9:57:b5, 2015-01-01 00:08:01.835,0.42,-0.598,0.431,-242.92,-91.064,-8.545, , , , , , ,50.795,20.495,-117.015
 12:21:45.430,eb:33:2e:f9:57:b5, 2015-01-01 00:08:01.835,0.41,-0.591,0.504,-256.836,-88.501,-9.033, , , , , , ,49.4,20.242,-117.411
 12:21:45.430,eb:33:2e:f9:57:b5, 2015-01-01 00:08:01.835,0.403,-0.568,0.542,-268.86,-86.304,-10.254, , , , , , ,47.944,19.99,-117.79
 12:21:45.430,eb:33:2e:f9:57:b5, 2015-01-01 00:08:01.835,0.411,-0.533,0.552,-278.809,-85.999,-12.268, , , , , , ,46.439,19.742,-118.169
 12:21:45.430,eb:33:2e:f9:57:b5, 2015-01-01 00:08:01.835,0.418,-0.487,0.556,-286.865,-87.891,-15.442, , , , , , ,44.879,19.484,-118.559
 12:21:45.475,eb:33:2e:f9:57:b5, 2015-01-01 00:08:01.835,0.427,-0.441,0.551,-293.701,-92.163,-19.592, , , , , , ,43.292,19.221,-118.96
 12:21:45.475,eb:33:2e:f9:57:b5, 2015-01-01 00:08:01.835,0.439,-0.395,0.546,-299.561,-98.45,-24.475, , , , , , ,41.66,18.94,-119.383
 12:21:45.475,eb:33:2e:f9:57:b5, 2015-01-01 00:08:01.835,0.445,-0.362,0.551,-305.054,-106.14,-29.602, , , , , , ,39.996,18.644,-119.85
 12:21:45.475,eb:33:2e:f9:57:b5, 2015-01-01 00:08:01.835,0.457,-0.345,0.562,-310.181,-115.417,-35.034, , , , , , ,38.276,18.309,-120.361
 12:21:45.475,eb:33:2e:f9:57:b5, 2015-01-01 00:08:01.835,0.456,-0.332,0.588,-315.063,-125.427,-40.527, , , , , , ,36.541,17.941,-120.91
 12:21:45.475,eb:33:2e:f9:57:b5, 2015-01-01 00:08:01.835,0.456,-0.328,0.613,-319.824,-136.475,-45.776, , , , , , ,34.772,17.529,-121.498
 12:21:45.475,eb:33:2e:f9:57:b5, 2015-01-01 00:08:01.835,0.455,-0.333,0.667,-325.073,-149.78,-51.27, , , , , , ,32.964,17.067,-122.13
 12:21:45.475,eb:33:2e:f9:57:b5, 2015-01-01 00:08:01.835,0.452,-0.345,0.737,-328.918,-159.912,-55.054, , , , , , ,31.119,16.54,-122.805
 12:21:45.522,eb:33:2e:f9:57:b5, 2015-01-01 00:08:01.835,0.436,-0.359,0.826,-331.848,-168.823,-57.739, , , , , , ,29.273,15.969,-123.497
 12:21:45.522,eb:33:2e:f9:57:b5, 2015-01-01 00:08:01.835,0.43,-0.37,0.915,-333.74,-176.514,-59.448, , , , , , ,27.416,15.342,-124.189
 12:21:45.522,eb:33:2e:f9:57:b5, 2015-01-01 00:08:01.835,0.411,-0.378,1.015,-334.29,-183.044,-59.998, , , , , , ,25.565,14.667,-124.882
 12:21:45.522,eb:33:2e:f9:57:b5, 2015-01-01 00:08:01.835,0.375,-0.383,1.11,-333.618,-189.209,-59.326, , , , , , ,23.708,13.936,-125.568
 12:21:45.522,eb:33:2e:f9:57:b5, 2015-01-01 00:08:01.835,0.335,-0.387,1.181,-331.97,-195.618,-57.861, , , , , , ,21.89,13.156,-126.233
 12:21:45.522,eb:33:2e:f9:57:b5, 2015-01-01 00:08:01.835,0.312,-0.391,1.253,-329.651,-201.782,-54.199, , , , , , ,20.094,12.327,-126.865
 12:21:45.522,eb:33:2e:f9:57:b5, 2015-01-01 00:08:01.835,0.283,-0.41,1.319,-327.148,-207.642,-49.438, , , , , , ,18.331,11.442,-127.458
 12:21:45.522,eb:33:2e:f9:57:b5, 2015-01-01 00:08:01.835,0.249,-0.424,1.379,-324.585,-213.318,-43.091, , , , , , ,16.584,10.492,-128.007
 12:21:45.543,eb:33:2e:f9:57:b5, 2015-01-01 00:08:01.835,0.222,-0.447,1.431,-321.899,-218.994,-34.607, , , , , , ,14.881,9.498,-128.491
 12:21:45.543,eb:33:2e:f9:57:b5, 2015-01-01 00:08:01.835,0.2,-0.462,1.494,-319.763,-224.487,-25.024, , , , , , ,13.211,8.454,-128.903
 12:21:45.543,eb:33:2e:f9:57:b5, 2015-01-01 00:08:01.835,0.175,-0.473,1.565,-317.749,-229.858,-14.526, , , , , , ,11.574,7.361,-129.243
 12:21:45.543,eb:33:2e:f9:57:b5, 2015-01-01 00:08:01.835,0.149,-0.464,1.625,-316.223,-235.046,-3.052, , , , , , ,9.937,6.213,-129.507
 12:21:45.543,eb:33:2e:f9:57:b5, 2015-01-01 00:08:01.835,0.123,-0.444,1.675,-314.575,-241.394,8.423, , , , , , ,8.344,5.032,-129.677
 12:21:45.543,eb:33:2e:f9:57:b5, 2015-01-01 00:08:01.835,0.096,-0.405,1.735,-312.317,-249.023,20.203, , , , , , ,6.768,3.801,-129.754
 12:21:45.543,eb:33:2e:f9:57:b5, 2015-01-01 00:08:01.835,0.07,-0.364,1.826,-309.021,-257.385,31.494, , , , , , ,5.219,2.521,-129.754
 12:21:45.543,eb:33:2e:f9:57:b5, 2015-01-01 00:08:01.835,0.042,-0.31,1.939,-305.176,-264.893,42.603, , , , , , ,3.669,1.192,-129.666
 12:21:45.588,eb:33:2e:f9:57:b5, 2015-01-01 00:08:01.835,0.02,-0.242,2.058,-301.392,-270.874,53.04, , , , , , ,2.153,-0.159,-129.49
 12:21:45.588,eb:33:2e:f9:57:b5, 2015-01-01 00:08:01.835,-0.004,-0.144,2.184,-298.401,-274.048,62.866, , , , , , ,0.648,-1.533,-129.227
 12:21:45.588,eb:33:2e:f9:57:b5, 2015-01-01 00:08:01.835,-0.037,-0.034,2.309,-295.715,-274.048,71.594, , , , , , ,-0.84,-2.906,-128.881
 12:21:45.588,eb:33:2e:f9:57:b5, 2015-01-01 00:08:01.835,-0.076,0.094,2.425,-292.419,-272.095,78.613, , , , , , ,-2.357,-4.268,-128.463
 12:21:45.588,eb:33:2e:f9:57:b5, 2015-01-01 00:08:01.835,-0.129,0.254,2.523,-288.269,-268.86,84.167, , , , , , ,-3.851,-5.598,-127.98
 12:21:45.588,eb:33:2e:f9:57:b5, 2015-01-01 00:08:01.835,-0.206,0.429,2.594,-282.349,-265.259,87.769, , , , , , ,-5.334,-6.894,-127.43
 12:21:45.588,eb:33:2e:f9:57:b5, 2015-01-01 00:08:01.835,-0.313,0.608,2.632,-274.231,-262.634,89.905, , , , , , ,-6.801,-8.157,-126.843
 12:21:45.588,eb:33:2e:f9:57:b5, 2015-01-01 00:08:01.835,-0.458,0.8,2.65,-263.245,-262.268,90.698, , , , , , ,-8.256,-9.41,-126.216
 12:21:45.632,eb:33:2e:f9:57:b5, 2015-01-01 00:08:01.835,-0.639,1.009,2.66,-248.413,-263.977,90.21, , , , , , ,-9.646,-10.635,-125.552
 12:21:45.632,eb:33:2e:f9:57:b5, 2015-01-01 00:08:01.835,-0.836,1.239,2.691,-228.577,-267.517,88.257, , , , , , ,-10.964,-11.865,-124.86
 12:21:45.632,eb:33:2e:f9:57:b5, 2015-01-01 00:08:01.835,-1.006,1.519,2.756,-205.139,-271.362,84.412, , , , , , ,-12.195,-13.101,-124.151
 12:21:45.632,eb:33:2e:f9:57:b5, 2015-01-01 00:08:01.835,-1.152,1.83,2.837,-182.129,-273.01,79.468, , , , , , ,-13.337,-14.348,-123.426
 12:21:45.632,eb:33:2e:f9:57:b5, 2015-01-01 00:08:01.835,-1.278,2.086,2.903,-164.062,-267.578,74.646, , , , , , ,-14.376,-15.573,-122.706
 12:21:45.632,eb:33:2e:f9:57:b5, 2015-01-01 00:08:01.835,-1.405,2.258,2.977,-152.893,-250.366,70.557, , , , , , ,-15.359,-16.727,-121.998
 12:21:45.632,eb:33:2e:f9:57:b5, 2015-01-01 00:08:01.835,-1.571,2.335,2.986,-147.583,-221.313,68.665, , , , , , ,-16.309,-17.759,-121.317
 12:21:45.632,eb:33:2e:f9:57:b5, 2015-01-01 00:08:01.835,-1.642,2.386,2.933,-143.555,-175.598,68.542, , , , , , ,-17.249,-18.6,-120.668
 12:21:45.678,eb:33:2e:f9:57:b5, 2015-01-01 00:08:01.835,-1.695,2.433,2.909,-139.099,-130.432,70.251, , , , , , ,-18.149,-19.199,-120.081
 12:21:45.678,eb:33:2e:f9:57:b5, 2015-01-01 00:08:01.835,-1.693,2.59,2.819,-130.859,-87.28,72.693, , , , , , ,-19.001,-19.578,-119.542
 12:21:45.678,eb:33:2e:f9:57:b5, 2015-01-01 00:08:01.835,-1.628,2.742,2.651,-117.126,-49.805,72.449, , , , , , ,-19.775,-19.759,-119.064
 12:21:45.678,eb:33:2e:f9:57:b5, 2015-01-01 00:08:01.835,-1.604,2.914,2.431,-101.013,-17.639,72.205, , , , , , ,-20.462,-19.775,-118.647
 12:21:45.678,eb:33:2e:f9:57:b5, 2015-01-01 00:08:01.835,-1.557,3.087,2.117,-81.055,2.991,69.519, , , , , , ,-21.028,-19.671,-118.29
 12:21:45.678,eb:33:2e:f9:57:b5, 2015-01-01 00:08:01.835,-1.488,3.219,1.847,-58.655,14.221,65.918, , , , , , ,-21.473,-19.501,-117.971
 12:21:45.678,eb:33:2e:f9:57:b5, 2015-01-01 00:08:01.835,-1.43,3.271,1.688,-33.447,18.738,61.218, , , , , , ,-21.786,-19.303,-117.697
 12:21:45.679,eb:33:2e:f9:57:b5, 2015-01-01 00:08:01.835,-1.373,3.276,1.564,-7.629,19.287,56.763, , , , , , ,-21.956,-19.1,-117.444
 12:21:45.700,eb:33:2e:f9:57:b5, 2015-01-01 00:08:02.125,-1.316,3.23,1.477,17.578,18.066,52.002, , , , , , ,-21.995,-18.913,-117.219
 12:21:45.700,eb:33:2e:f9:57:b5, 2015-01-01 00:08:02.125,-1.308,3.129,1.444,41.26,16.968,47.546, , , , , , ,-21.901,-18.743,-117.01
 12:21:45.700,eb:33:2e:f9:57:b5, 2015-01-01 00:08:02.125,-1.313,2.976,1.434,62.927,16.602,45.349, , , , , , ,-21.693,-18.578,-116.812
 12:21:45.700,eb:33:2e:f9:57:b5, 2015-01-01 00:08:02.125,-1.333,2.769,1.481,82.947,18.494,44.739, , , , , , ,-21.368,-18.408,-116.631
 12:21:45.700,eb:33:2e:f9:57:b5, 2015-01-01 00:08:02.125,-1.333,2.547,1.56,100.342,24.292,45.959, , , , , , ,-20.956,-18.226,-116.45
 12:21:45.700,eb:33:2e:f9:57:b5, 2015-01-01 00:08:02.125,1.604,2.299,1.658,115.601,32.227,49.316, , , , , , ,-20.468,-18.007,-116.263
 12:21:45.700,eb:33:2e:f9:57:b5, 2015-01-01 00:08:02.125,-0.993,-0.015,7.801,184.692,234.619,46.509, , , , , , ,-19.633,-17.463,-116.378
 12:21:45.701,eb:33:2e:f9:57:b5, 2015-01-01 00:08:02.125,1.887,-0.317,0.659,188.782,245.728,61.035, , , , , , ,-18.649,-16.084,-116.537
 12:21:45.745,eb:33:2e:f9:57:b5, 2015-01-01 00:08:02.125,2.027,-0.721,0.991,174.255,299.011,44.556, , , , , , ,-17.699,-14.689,-116.702
 12:21:45.745,eb:33:2e:f9:57:b5, 2015-01-01 00:08:02.125,1.238,-1.001,0.975,165.466,320.679,43.579, , , , , , ,-16.787,-13.145,-116.966
 12:21:45.745,eb:33:2e:f9:57:b5, 2015-01-01 00:08:02.125,0.221,-1.88,1.005,194.885,299.744,69.153, , , , , , ,-15.864,-11.536,-117.158
 12:21:45.745,eb:33:2e:f9:57:b5, 2015-01-01 00:08:02.125,-0.073,-1.641,0.436,244.202,259.094,85.51, , , , , , ,-14.727,-10.102,-117.131
 12:21:45.745,eb:33:2e:f9:57:b5, 2015-01-01 00:08:02.125,-0.745,-0.831,0.396,283.386,227.844,95.886, , , , , , ,-13.414,-8.839,-116.977
 12:21:45.745,eb:33:2e:f9:57:b5, 2015-01-01 00:08:02.125,-0.73,-0.637,0.732,302.185,208.008,101.379, , , , , , ,-11.959,-7.679,-116.713
 12:21:45.745,eb:33:2e:f9:57:b5, 2015-01-01 00:08:02.125,-1.048,0.105,1.094,289.001,187.317,98.267, , , , , , ,-10.519,-6.619,-116.411
 12:21:45.746,eb:33:2e:f9:57:b5, 2015-01-01 00:08:02.125,-0.824,0.429,1.23,254.822,149.841,80.2, , , , , , ,-9.185,-5.718,-116.115
 12:21:45.789,eb:33:2e:f9:57:b5, 2015-01-01 00:08:02.125,-0.83,0.898,1.322,207.458,115.356,60.059, , , , , , ,-8.086,-5.026,-115.873
 12:21:45.789,eb:33:2e:f9:57:b5, 2015-01-01 00:08:02.125,-0.744,0.774,1.13,172.913,84.778,32.471, , , , , , ,-7.169,-4.515,-115.714
 12:21:45.789,eb:33:2e:f9:57:b5, 2015-01-01 00:08:02.125,-0.396,0.621,1.086,146.545,65.918,8.423, , , , , , ,-6.389,-4.147,-115.67
 12:21:45.789,eb:33:2e:f9:57:b5, 2015-01-01 00:08:02.125,0.001,0.459,1.292,119.08,51.575,3.54, , , , , , ,-5.718,-3.856,-115.681
 12:21:45.789,eb:33:2e:f9:57:b5, 2015-01-01 00:08:02.125,0.257,0.137,1.239,97.656,43.884,11.169, , , , , , ,-5.197,-3.62,-115.67
 12:21:45.789,eb:33:2e:f9:57:b5, 2015-01-01 00:08:02.125,0.208,-0.04,1.206,83.801,46.753,25.818, , , , , , ,-4.757,-3.389,-115.593
 12:21:45.789,eb:33:2e:f9:57:b5, 2015-01-01 00:08:02.125,0.096,-0.101,1.098,74.28,54.504,40.283, , , , , , ,-4.378,-3.12,-115.439
 12:21:45.789,eb:33:2e:f9:57:b5, 2015-01-01 00:08:02.125,-0.032,0.005,1.048,66.772,59.937,47.485, , , , , , ,-4.026,-2.802,-115.23
 12:21:45.835,eb:33:2e:f9:57:b5, 2015-01-01 00:08:02.125,-0.098,0.185,0.992,58.533,56.824,45.166, , , , , , ,-3.73,-2.499,-115.016
 12:21:45.835,eb:33:2e:f9:57:b5, 2015-01-01 00:08:02.125,-0.137,0.324,0.951,49.561,46.021,33.63, , , , , , ,-3.466,-2.23,-114.835
 12:21:45.835,eb:33:2e:f9:57:b5, 2015-01-01 00:08:02.125,-0.151,0.27,0.91,39.795,32.776,18.005, , , , , , ,-3.257,-2.038,-114.725
 12:21:45.835,eb:33:2e:f9:57:b5, 2015-01-01 00:08:02.125,-0.088,0.133,0.911,34.363,25.269,10.681, , , , , , ,-3.065,-1.884,-114.664
 12:21:45.835,eb:33:2e:f9:57:b5, 2015-01-01 00:08:02.125,-0.03,0.067,0.947,28.32,22.583,10.986, , , , , , ,-2.911,-1.763,-114.62
 12:21:45.835,eb:33:2e:f9:57:b5, 2015-01-01 00:08:02.125,-0.165,0.11,0.975,20.264,22.522,12.451, , , , , , ,-2.796,-1.648,-114.565
 12:21:45.835,eb:33:2e:f9:57:b5, 2015-01-01 00:08:02.125,-0.088,0.103,0.897,14.832,13.977,9.766, , , , , , ,-2.714,-1.56,-114.516
 12:21:45.835,eb:33:2e:f9:57:b5, 2015-01-01 00:08:02.125,-0.028,-0.003,0.957,14.404,11.292,6.592, , , , , , ,-2.631,-1.489,-114.478
 12:21:45.903,eb:33:2e:f9:57:b5, 2015-01-01 00:08:02.125,0.011,-0.001,0.984,14.587,8.972,3.479, , , , , , ,-2.56,-1.439,-114.456
 12:21:45.903,eb:33:2e:f9:57:b5, 2015-01-01 00:08:02.125,0.024,-0.017,1.018,13.855,9.399,3.113, , , , , , ,-2.488,-1.39,-114.439
 12:21:45.903,eb:33:2e:f9:57:b5, 2015-01-01 00:08:02.125,0.014,-0.017,1.028,12.939,11.536,3.967, , , , , , ,-2.422,-1.34,-114.423
 12:21:45.903,eb:33:2e:f9:57:b5, 2015-01-01 00:08:02.125,-0.007,0.005,1.002,11.902,12.451,3.723, , , , , , ,-2.351,-1.269,-114.406
 12:21:45.903,eb:33:2e:f9:57:b5, 2015-01-01 00:08:02.125,0.009,0.01,0.982,10.803,11.658,2.93, , , , , , ,-2.291,-1.208,-114.39
 12:21:45.903,eb:33:2e:f9:57:b5, 2015-01-01 00:08:02.125,0.028,-0.007,1,10.01,12.085,2.747, , , , , , ,-2.241,-1.148,-114.379
 12:21:45.903,eb:33:2e:f9:57:b5, 2015-01-01 00:08:02.125,0.029,0.002,1.015,9.399,13.916,2.014, , , , , , ,-2.197,-1.082,-114.368
 12:21:45.903,eb:33:2e:f9:57:b5, 2015-01-01 00:08:02.125,0.01,0.005,1.019,8.85,16.052,1.526, , , , , , ,-2.137,-0.994,-114.362
 12:21:45.939,eb:33:2e:f9:57:b5, 2015-01-01 00:08:02.125,-0.004,0.001,1.006,8.179,17.273,0.916, , , , , , ,-2.093,-0.912,-114.357
 12:21:45.939,eb:33:2e:f9:57:b5, 2015-01-01 00:08:02.125,-0.004,-0.002,0.999,7.568,17.578,0.549, , , , , , ,-2.054,-0.824,-114.357
 12:21:45.939,eb:33:2e:f9:57:b5, 2015-01-01 00:08:02.125,-0.018,-0.007,0.999,7.08,17.7,0.366, , , , , , ,-2.021,-0.736,-114.357
 12:21:45.939,eb:33:2e:f9:57:b5, 2015-01-01 00:08:02.125,-0.027,-0.013,0.994,6.592,17.029,0.305, , , , , , ,-1.972,-0.643,-114.357
 12:21:45.939,eb:33:2e:f9:57:b5, 2015-01-01 00:08:02.125,-0.035,-0.023,1,6.47,16.052,0, , , , , , ,-1.945,-0.56,-114.362
 12:21:45.939,eb:33:2e:f9:57:b5, 2015-01-01 00:08:02.125,-0.038,-0.032,1.006,6.714,15.198,-0.549, , , , , , ,-1.912,-0.483,-114.362
 12:21:45.939,eb:33:2e:f9:57:b5, 2015-01-01 00:08:02.125,-0.037,-0.035,1.006,7.08,14.099,-1.099, , , , , , ,-1.873,-0.412,-114.368
 12:21:45.939,eb:33:2e:f9:57:b5, 2015-01-01 00:08:02.125,-0.036,-0.025,1.001,7.202,13.062,-1.343, , , , , , ,-1.829,-0.335,-114.379
 12:21:45.947,eb:33:2e:f9:57:b5, 2015-01-01 00:08:02.125,-0.023,-0.023,0.996,7.507,11.78,-1.526, , , , , , ,-1.791,-0.275,-114.384
 12:21:45.947,eb:33:2e:f9:57:b5, 2015-01-01 00:08:02.125,-0.021,-0.027,1.004,7.812,11.169,-1.648, , , , , , ,-1.752,-0.22,-114.395
 12:21:45.947,eb:33:2e:f9:57:b5, 2015-01-01 00:08:02.125,-0.028,-0.018,1.001,7.996,10.376,-1.892, , , , , , ,-1.714,-0.165,-114.406
 12:21:45.948,eb:33:2e:f9:57:b5, 2015-01-01 00:08:02.125,-0.031,-0.029,1.01,8.667,9.705,-2.319, , , , , , ,-1.659,-0.104,-114.417
 12:21:45.948,eb:33:2e:f9:57:b5, 2015-01-01 00:08:02.125,-0.036,-0.021,0.999,8.972,8.728,-2.441, , , , , , ,-1.615,-0.06,-114.428
 12:21:45.948,eb:33:2e:f9:57:b5, 2015-01-01 00:08:02.125,-0.022,-0.021,0.993,9.216,7.568,-2.197, , , , , , ,-1.571,-0.022,-114.439
 12:21:45.948,eb:33:2e:f9:57:b5, 2015-01-01 00:08:02.125,-0.019,-0.018,1.009,9.705,7.263,-2.441, , , , , , ,-1.522,0.005,-114.456
 12:21:45.948,eb:33:2e:f9:57:b5, 2015-01-01 00:08:02.125,-0.025,-0.018,1.01,10.071,7.08,-2.625, , , , , , ,-1.461,0.049,-114.467
 12:21:45.992,eb:33:2e:f9:57:b5, 2015-01-01 00:08:02.125,-0.02,-0.021,1.006,10.498,6.775,-2.38, , , , , , ,-1.412,0.088,-114.478
 12:21:45.992,eb:33:2e:f9:57:b5, 2015-01-01 00:08:02.125,-0.013,-0.011,1.004,10.742,6.714,-2.38, , , , , , ,-1.357,0.115,-114.489
 12:21:45.992,eb:33:2e:f9:57:b5, 2015-01-01 00:08:02.125,-0.007,-0.002,0.995,10.437,6.714,-2.258, , , , , , ,-1.302,0.148,-114.5
 12:21:45.992,eb:33:2e:f9:57:b5, 2015-01-01 00:08:02.125,-0.014,0.006,0.988,9.949,6.653,-2.136, , , , , , ,-1.241,0.192,-114.51
 12:21:45.992,eb:33:2e:f9:57:b5, 2015-01-01 00:08:02.125,-0.007,0.01,0.983,8.911,6.775,-1.709, , , , , , ,-1.198,0.225,-114.521
 12:21:45.992,eb:33:2e:f9:57:b5, 2015-01-01 00:08:02.125,-0.018,0.011,0.984,7.996,7.019,-1.404, , , , , , ,-1.154,0.258,-114.527
 12:21:45.992,eb:33:2e:f9:57:b5, 2015-01-01 00:08:02.125,-0.012,0.011,0.976,7.446,6.47,-1.221, , , , , , ,-1.115,0.291,-114.538
 12:21:45.992,eb:33:2e:f9:57:b5, 2015-01-01 00:08:02.125,-0.025,0.012,0.98,6.714,6.409,-1.16, , , , , , ,-1.071,0.335,-114.538
 12:21:46.040,eb:33:2e:f9:57:b5, 2015-01-01 00:08:02.125,-0.012,0.006,0.978,5.92,6.287,-0.488, , , , , , ,-1.038,0.368,-114.543
 12:21:46.040,eb:33:2e:f9:57:b5, 2015-01-01 00:08:02.125,-0.019,0.011,0.99,5.493,6.409,-1.038, , , , , , ,-1.011,0.396,-114.549
 12:21:46.040,eb:33:2e:f9:57:b5, 2015-01-01 00:08:02.125,-0.023,0.009,0.994,4.883,7.385,-0.977, , , , , , ,-0.983,0.428,-114.554
 12:21:46.040,eb:33:2e:f9:57:b5, 2015-01-01 00:08:02.125,-0.017,0.006,1.001,4.761,7.568,-0.977, , , , , , ,-0.95,0.478,-114.56
 12:21:46.040,eb:33:2e:f9:57:b5, 2015-01-01 00:08:02.125,-0.015,0.013,1.003,4.395,8.667,-1.282, , , , , , ,-0.928,0.516,-114.565
 12:21:46.040,eb:33:2e:f9:57:b5, 2015-01-01 00:08:02.125,-0.036,0.008,1,4.272,9.155,-1.526, , , , , , ,-0.906,0.56,-114.571
 12:21:46.040,eb:33:2e:f9:57:b5, 2015-01-01 00:08:02.125,-0.021,-0.004,0.997,4.395,8.85,-1.221, , , , , , ,-0.884,0.604,-114.576
 12:21:46.040,eb:33:2e:f9:57:b5, 2015-01-01 00:08:02.125,-0.033,0.002,1.011,4.517,9.338,-1.526, , , , , , ,-0.851,0.659,-114.587
 12:21:46.082,eb:33:2e:f9:57:b5, 2015-01-01 00:08:02.485,-0.014,-0.003,1.011,5.005,9.033,-1.709, , , , , , ,-0.829,0.703,-114.593
 12:21:46.082,eb:33:2e:f9:57:b5, 2015-01-01 00:08:02.485,-0.007,-0.001,1.024,5.676,9.521,-2.075, , , , , , ,-0.802,0.753,-114.604
 12:21:46.083,eb:33:2e:f9:57:b5, 2015-01-01 00:08:02.485,-0.012,0.012,1.006,6.042,9.583,-2.625, , , , , , ,-0.775,0.797,-114.615
 12:21:46.083,eb:33:2e:f9:57:b5, 2015-01-01 00:08:02.485,0.018,0.015,0.992,6.653,8.301,-2.808, , , , , , ,-0.731,0.851,-114.631
 12:21:46.083,eb:33:2e:f9:57:b5, 2015-01-01 00:08:02.485,0.07,0.033,1.006,7.629,7.69,-4.7, , , , , , ,-0.692,0.884,-114.648
 12:21:46.083,eb:33:2e:f9:57:b5, 2015-01-01 00:08:02.485,-0.037,0.087,0.979,6.653,9.399,-7.629, , , , , , ,-0.659,0.934,-114.681
 12:21:46.083,eb:33:2e:f9:57:b5, 2015-01-01 00:08:02.485,-0.041,-0.016,1.034,7.812,9.155,-7.568, , , , , , ,-0.621,0.978,-114.719
 12:21:46.084,eb:33:2e:f9:57:b5, 2015-01-01 00:08:02.485,-0.068,-0.012,1.046,8.972,9.949,-7.568, , , , , , ,-0.571,1.033,-114.752
 12:21:46.105,eb:33:2e:f9:57:b5, 2015-01-01 00:08:02.485,-0.047,-0.041,1.096,11.841,9.644,-8.057, , , , , , ,-0.516,1.082,-114.791
 12:21:46.105,eb:33:2e:f9:57:b5, 2015-01-01 00:08:02.485,-0.036,-0.053,1.129,15.137,10.681,-8.667, , , , , , ,-0.45,1.132,-114.835
 12:21:46.105,eb:33:2e:f9:57:b5, 2015-01-01 00:08:02.485,-0.024,-0.022,1.076,17.7,10.62,-9.46, , , , , , ,-0.368,1.187,-114.879
 12:21:46.105,eb:33:2e:f9:57:b5, 2015-01-01 00:08:02.485,-0.014,-0.003,1.053,19.897,10.071,-10.254, , , , , , ,-0.264,1.247,-114.928
 12:21:46.105,eb:33:2e:f9:57:b5, 2015-01-01 00:08:02.485,-0.021,0,1.062,21.24,10.986,-10.925, , , , , , ,-0.159,1.296,-114.983
 12:21:46.105,eb:33:2e:f9:57:b5, 2015-01-01 00:08:02.485,-0.041,0.007,1.05,22.583,11.414,-11.658, , , , , , ,-0.049,1.351,-115.038
 12:21:46.105,eb:33:2e:f9:57:b5, 2015-01-01 00:08:02.485,-0.046,0.003,1.04,23.56,11.475,-11.902, , , , , , ,0.06,1.412,-115.098
 12:21:46.105,eb:33:2e:f9:57:b5, 2015-01-01 00:08:02.485,-0.057,0,1.045,24.414,12.207,-12.207, , , , , , ,0.187,1.478,-115.159
 12:21:46.149,eb:33:2e:f9:57:b5, 2015-01-01 00:08:02.485,-0.039,-0.005,1.056,25.635,12.451,-11.719, , , , , , ,0.313,1.538,-115.214
 12:21:46.149,eb:33:2e:f9:57:b5, 2015-01-01 00:08:02.485,-0.032,0.015,1.027,26.489,12.512,-11.963, , , , , , ,0.439,1.599,-115.274
 12:21:46.149,eb:33:2e:f9:57:b5, 2015-01-01 00:08:02.485,-0.058,0.03,1.019,26.794,13.306,-12.329, , , , , , ,0.571,1.664,-115.334
 12:21:46.149,eb:33:2e:f9:57:b5, 2015-01-01 00:08:02.485,-0.066,0.027,0.987,26.55,13.367,-12.085, , , , , , ,0.714,1.741,-115.395
 12:21:46.149,eb:33:2e:f9:57:b5, 2015-01-01 00:08:02.485,-0.053,0.014,1.019,27.1,13.184,-11.597, , , , , , ,0.846,1.807,-115.45
 12:21:46.149,eb:33:2e:f9:57:b5, 2015-01-01 00:08:02.485,-0.049,0.013,1.046,27.893,13.55,-11.353, , , , , , ,0.983,1.879,-115.505
 12:21:46.149,eb:33:2e:f9:57:b5, 2015-01-01 00:08:02.485,-0.069,0.003,1.07,29.236,13.855,-11.475, , , , , , ,1.126,1.945,-115.56
 12:21:46.150,eb:33:2e:f9:57:b5, 2015-01-01 00:08:02.485,-0.051,-0.017,1.099,31.372,14.038,-10.559, , , , , , ,1.285,2.027,-115.609
 12:21:46.194,eb:33:2e:f9:57:b5, 2015-01-01 00:08:02.485,-0.046,-0.024,1.134,34.18,14.771,-10.193, , , , , , ,1.45,2.098,-115.659
 12:21:46.194,eb:33:2e:f9:57:b5, 2015-01-01 00:08:02.485,-0.036,-0.023,1.158,37.354,15.686,-9.766, , , , , , ,1.626,2.175,-115.708
 12:21:46.194,eb:33:2e:f9:57:b5, 2015-01-01 00:08:02.485,-0.039,-0.02,1.196,40.771,17.09,-9.644, , , , , , ,1.818,2.258,-115.752
 12:21:46.194,eb:33:2e:f9:57:b5, 2015-01-01 00:08:02.485,-0.041,-0.029,1.225,44.983,18.799,-9.399, , , , , , ,2.049,2.362,-115.796
 12:21:46.194,eb:33:2e:f9:57:b5, 2015-01-01 00:08:02.485,-0.021,-0.034,1.258,49.683,20.142,-9.277, , , , , , ,2.285,2.461,-115.84
 12:21:46.194,eb:33:2e:f9:57:b5, 2015-01-01 00:08:02.485,-0.036,-0.052,1.325,55.054,23.071,-8.667, , , , , , ,2.543,2.571,-115.878
 12:21:46.194,eb:33:2e:f9:57:b5, 2015-01-01 00:08:02.485,-0.019,-0.053,1.347,61.829,24.536,-8.423, , , , , , ,2.84,2.692,-115.911
 12:21:46.194,eb:33:2e:f9:57:b5, 2015-01-01 00:08:02.485,-0.042,-0.048,1.347,68.665,26.306,-8.606, , , , , , ,3.175,2.829,-115.95
 12:21:46.241,eb:33:2e:f9:57:b5, 2015-01-01 00:08:02.485,-0.041,-0.069,1.37,75.989,27.71,-8.423, , , , , , ,3.538,2.966,-115.983
 12:21:46.241,eb:33:2e:f9:57:b5, 2015-01-01 00:08:02.485,-0.039,-0.065,1.421,84.473,28.992,-8.606, , , , , , ,3.944,3.109,-116.016
 12:21:46.241,eb:33:2e:f9:57:b5, 2015-01-01 00:08:02.485,-0.086,-0.087,1.42,92.346,31.25,-8.362, , , , , , ,4.389,3.263,-116.043
 12:21:46.241,eb:33:2e:f9:57:b5, 2015-01-01 00:08:02.485,-0.082,-0.102,1.404,100.525,32.776,-6.958, , , , , , ,4.883,3.439,-116.071
 12:21:46.241,eb:33:2e:f9:57:b5, 2015-01-01 00:08:02.485,-0.065,-0.089,1.406,108.765,33.936,-6.226, , , , , , ,5.405,3.604,-116.087
 12:21:46.241,eb:33:2e:f9:57:b5, 2015-01-01 00:08:02.485,-0.092,-0.08,1.404,116.211,35.95,-5.066, , , , , , ,5.971,3.785,-116.093
 12:21:46.241,eb:33:2e:f9:57:b5, 2015-01-01 00:08:02.485,-0.068,-0.08,1.361,124.573,35.95,-4.028, , , , , , ,6.575,3.961,-116.093
 12:21:46.241,eb:33:2e:f9:57:b5, 2015-01-01 00:08:02.485,-0.043,-0.071,1.407,134.155,35.95,-3.845, , , , , , ,7.24,4.153,-116.093
 12:21:46.263,eb:33:2e:f9:57:b5, 2015-01-01 00:08:02.485,-0.036,-0.063,1.422,143.433,37.231,-3.906, , , , , , ,7.938,4.334,-116.087
 12:21:46.263,eb:33:2e:f9:57:b5, 2015-01-01 00:08:02.485,-0.003,-0.041,1.392,153.076,37.354,-3.784, , , , , , ,8.685,4.521,-116.076
 12:21:46.263,eb:33:2e:f9:57:b5, 2015-01-01 00:08:02.485,0.009,-0.026,1.459,163.086,37.903,-5.066, , , , , , ,9.481,4.713,-116.071
 12:21:46.263,eb:33:2e:f9:57:b5, 2015-01-01 00:08:02.485,0.005,-0.024,1.503,173.584,39.795,-5.798, , , , , , ,10.333,4.916,-116.06
 12:21:46.263,eb:33:2e:f9:57:b5, 2015-01-01 00:08:02.485,0.038,-0.066,1.562,185.73,41.87,-8.179, , , , , , ,11.239,5.125,-116.054
 12:21:46.263,eb:33:2e:f9:57:b5, 2015-01-01 00:08:02.485,0.076,-0.064,1.595,197.205,45.715,-9.705, , , , , , ,12.2,5.35,-116.054
 12:21:46.263,eb:33:2e:f9:57:b5, 2015-01-01 00:08:02.485,0.086,-0.066,1.701,209.717,50.537,-12.085, , , , , , ,13.222,5.598,-116.054
 12:21:46.264,eb:33:2e:f9:57:b5, 2015-01-01 00:08:02.485,0.13,-0.074,1.78,222.229,57.495,-13.977, , , , , , ,14.321,5.883,-116.054
 12:21:46.308,eb:33:2e:f9:57:b5, 2015-01-01 00:08:02.485,0.164,-0.098,1.912,237.122,66.223,-17.212, , , , , , ,15.474,6.207,-116.049
 12:21:46.308,eb:33:2e:f9:57:b5, 2015-01-01 00:08:02.485,0.158,-0.104,1.943,253.601,73.608,-20.691, , , , , , ,16.71,6.575,-116.038
 12:21:46.308,eb:33:2e:f9:57:b5, 2015-01-01 00:08:02.485,0.151,-0.15,2.068,271.423,80.75,-23.438, , , , , , ,18.029,6.976,-116.032
 12:21:46.308,eb:33:2e:f9:57:b5, 2015-01-01 00:08:02.485,0.27,-0.216,2.295,291.626,89.966,-24.963, , , , , , ,19.457,7.427,-116.005
 12:21:46.308,eb:33:2e:f9:57:b5, 2015-01-01 00:08:02.485,0.425,-0.286,2.587,313.477,103.088,-26.917, , , , , , ,20.984,7.932,-115.961
 12:21:46.308,eb:33:2e:f9:57:b5, 2015-01-01 00:08:02.485,0.511,-0.102,2.75,344.055,117.432,-34.058, , , , , , ,22.648,8.503,-115.889
 12:21:46.308,eb:33:2e:f9:57:b5, 2015-01-01 00:08:02.485,0.463,-0.082,2.834,359.07,130.371,-39.734, , , , , , ,24.434,9.152,-115.818
 12:21:46.308,eb:33:2e:f9:57:b5, 2015-01-01 00:08:02.485,0.594,-0.098,3.042,371.704,153.442,-42.725, , , , , , ,26.29,9.893,-115.692
 12:21:46.353,eb:33:2e:f9:57:b5, 2015-01-01 00:08:02.485,0.661,-0.162,3.011,391.418,179.016,-46.57, , , , , , ,28.24,10.75,-115.505
 12:21:46.353,eb:33:2e:f9:57:b5, 2015-01-01 00:08:02.485,0.634,0.112,2.689,408.02,184.937,-53.406, , , , , , ,30.289,11.673,-115.263
 12:21:46.353,eb:33:2e:f9:57:b5, 2015-01-01 00:08:02.485,0.449,0.097,2.831,421.204,190.125,-60.242, , , , , , ,32.426,12.623,-115.016
 12:21:46.353,eb:33:2e:f9:57:b5, 2015-01-01 00:08:02.485,0.338,-0.043,2.902,424.622,191.589,-61.646, , , , , , ,34.612,13.596,-114.736
 12:21:46.353,eb:33:2e:f9:57:b5, 2015-01-01 00:08:02.485,0.386,0.011,3.085,418.518,192.383,-58.96, , , , , , ,36.793,14.546,-114.412
 12:21:46.353,eb:33:2e:f9:57:b5, 2015-01-01 00:08:02.485,0.551,0.044,3.262,420.715,201.233,-61.89, , , , , , ,38.985,15.507,-114.027
 12:21:46.353,eb:33:2e:f9:57:b5, 2015-01-01 00:08:02.485,0.633,-0.165,2.851,422.363,207.153,-64.148, , , , , , ,41.221,16.496,-113.593
 12:21:46.353,eb:33:2e:f9:57:b5, 2015-01-01 00:08:02.485,0.833,-0.199,2.63,423.828,202.82,-65.125, , , , , , ,43.473,17.474,-113.115
 12:21:46.398,eb:33:2e:f9:57:b5, 2015-01-01 00:08:02.795,0.689,-0.322,2.817,413.757,212.402,-68.054, , , , , , ,45.725,18.446,-112.61
 12:21:46.398,eb:33:2e:f9:57:b5, 2015-01-01 00:08:02.795,0.7,-0.59,2.895,406.677,223.755,-66.467, , , , , , ,47.961,19.451,-111.995
 12:21:46.398,eb:33:2e:f9:57:b5, 2015-01-01 00:08:02.795,1.021,-0.652,2.641,414.734,208.069,-72.571, , , , , , ,50.224,20.424,-111.368
 12:21:46.398,eb:33:2e:f9:57:b5, 2015-01-01 00:08:02.795,1.502,-1.18,2.629,429.993,190.674,-78.857, , , , , , ,52.542,21.33,-110.808
 12:21:46.398,eb:33:2e:f9:57:b5, 2015-01-01 00:08:02.795,1.732,-1.694,2.404,440.491,192.444,-87.036, , , , , , ,54.932,22.231,-110.242
 12:21:46.398,eb:33:2e:f9:57:b5, 2015-01-01 00:08:02.795,1.844,-1.457,2.063,454.407,197.144,-107.91, , , , , , ,57.393,23.181,-109.655
 12:21:46.398,eb:33:2e:f9:57:b5, 2015-01-01 00:08:02.795,1.654,-0.963,1.368,473.877,192.932,-151.062, , , , , , ,59.947,24.258,-109.116
 12:21:46.398,eb:33:2e:f9:57:b5, 2015-01-01 00:08:02.795,0.812,-0.305,-0.49,421.143,167.48,-184.326, , , , , , ,62.369,25.444,-108.71
 12:21:46.442,eb:33:2e:f9:57:b5, 2015-01-01 00:08:02.795,0.235,0.446,-2.563,289.612,96.008,-196.045, , , , , , ,64.155,26.592,-108.561
 12:21:46.442,eb:33:2e:f9:57:b5, 2015-01-01 00:08:02.795,0.267,0.052,-3.083,148.56,15.259,-197.998, , , , , , ,65.072,27.592,-108.792
 12:21:46.442,eb:33:2e:f9:57:b5, 2015-01-01 00:08:02.795,0.545,-0.474,-2.169,17.944,-51.941,-190.491, , , , , , ,65.127,28.411,-109.391
 12:21:46.442,eb:33:2e:f9:57:b5, 2015-01-01 00:08:02.795,0.761,-0.821,-0.621,-82.825,-90.027,-178.406, , , , , , ,64.49,29.075,-110.237
 12:21:46.442,eb:33:2e:f9:57:b5, 2015-01-01 00:08:02.795,0.785,-1.013,0.551,-149.841,-98.633,-165.161, , , , , , ,63.402,29.63,-111.171
 12:21:46.442,eb:33:2e:f9:57:b5, 2015-01-01 00:08:02.795,0.75,-1.134,1.159,-186.829,-89.6,-151.672, , , , , , ,62.084,30.108,-112.061
 12:21:46.442,eb:33:2e:f9:57:b5, 2015-01-01 00:08:02.795,0.744,-1.197,1.503,-200.439,-68.97,-138.977, , , , , , ,60.699,30.553,-112.857
 12:21:46.442,eb:33:2e:f9:57:b5, 2015-01-01 00:08:02.795,0.701,-1.178,1.682,-198.303,-40.527,-126.77, , , , , , ,59.359,30.992,-113.511
 12:21:46.464,eb:33:2e:f9:57:b5, 2015-01-01 00:08:02.795,0.583,-1.102,1.639,-187.866,-11.597,-113.708, , , , , , ,58.151,31.437,-113.983
 12:21:46.464,eb:33:2e:f9:57:b5, 2015-01-01 00:08:02.795,0.435,-0.984,1.332,-176.453,10.437,-99.792, , , , , , ,57.074,31.893,-114.302
 12:21:46.464,eb:33:2e:f9:57:b5, 2015-01-01 00:08:02.795,0.308,-0.862,0.874,-168.945,21.973,-85.022, , , , , , ,56.107,32.322,-114.505
 12:21:46.464,eb:33:2e:f9:57:b5, 2015-01-01 00:08:02.795,0.234,-0.771,0.419,-168.152,22.644,-69.763, , , , , , ,55.179,32.695,-114.653
 12:21:46.464,eb:33:2e:f9:57:b5, 2015-01-01 00:08:02.795,0.208,-0.718,0.07,-174.011,13.672,-53.711, , , , , , ,54.256,32.992,-114.774
 12:21:46.464,eb:33:2e:f9:57:b5, 2015-01-01 00:08:02.795,0.221,-0.687,-0.149,-184.57,-2.136,-38.025, , , , , , ,53.284,33.184,-114.901
 12:21:46.465,eb:33:2e:f9:57:b5, 2015-01-01 00:08:02.795,0.257,-0.669,-0.251,-197.693,-22.034,-23.132, , , , , , ,52.224,33.256,-115.071
 12:21:46.465,eb:33:2e:f9:57:b5, 2015-01-01 00:08:02.795,0.299,-0.666,-0.257,-210.938,-43.396,-9.46, , , , , , ,51.064,33.201,-115.302
 12:21:46.510,eb:33:2e:f9:57:b5, 2015-01-01 00:08:02.795,0.36,-0.67,-0.18,-222.107,-64.148,2.747, , , , , , ,49.828,33.03,-115.565
 12:21:46.510,eb:33:2e:f9:57:b5, 2015-01-01 00:08:02.795,0.402,-0.663,-0.011,-231.384,-85.754,15.503, , , , , , ,48.521,32.739,-115.867
 12:21:46.510,eb:33:2e:f9:57:b5, 2015-01-01 00:08:02.795,0.434,-0.642,0.15,-235.352,-100.342,24.597, , , , , , ,47.17,32.344,-116.197
 12:21:46.510,eb:33:2e:f9:57:b5, 2015-01-01 00:08:02.795,0.458,-0.611,0.292,-236.389,-111.633,32.471, , , , , , ,45.797,31.86,-116.548
 12:21:46.510,eb:33:2e:f9:57:b5, 2015-01-01 00:08:02.795,0.478,-0.574,0.4,-235.84,-120.239,39.246, , , , , , ,44.44,31.317,-116.884
 12:21:46.510,eb:33:2e:f9:57:b5, 2015-01-01 00:08:02.795,0.489,-0.528,0.468,-235.107,-127.075,44.922, , , , , , ,43.094,30.718,-117.197
 12:21:46.510,eb:33:2e:f9:57:b5, 2015-01-01 00:08:02.795,0.497,-0.474,0.488,-235.535,-133.728,49.683, , , , , , ,41.759,30.07,-117.504
 12:21:46.510,eb:33:2e:f9:57:b5, 2015-01-01 00:08:02.795,0.509,-0.413,0.481,-238.037,-140.991,53.162, , , , , , ,40.413,29.377,-117.812
 12:21:46.557,eb:33:2e:f9:57:b5, 2015-01-01 00:08:02.795,0.531,-0.355,0.474,-243.103,-148.987,55.664, , , , , , ,39.067,28.641,-118.103
 12:21:46.557,eb:33:2e:f9:57:b5, 2015-01-01 00:08:02.795,0.562,-0.301,0.477,-250.183,-157.837,56.885, , , , , , ,37.689,27.856,-118.389
 12:21:46.557,eb:33:2e:f9:57:b5, 2015-01-01 00:08:02.795,0.606,-0.254,0.503,-258.362,-166.992,56.641, , , , , , ,36.277,27.032,-118.691
 12:21:46.557,eb:33:2e:f9:57:b5, 2015-01-01 00:08:02.795,0.65,-0.211,0.563,-266.296,-175.842,54.932, , , , , , ,34.81,26.164,-119.004
 12:21:46.557,eb:33:2e:f9:57:b5, 2015-01-01 00:08:02.795,0.683,-0.177,0.643,-272.705,-183.96,51.575, , , , , , ,33.316,25.263,-119.323
 12:21:46.557,eb:33:2e:f9:57:b5, 2015-01-01 00:08:02.795,0.696,-0.136,0.721,-276.855,-192.566,46.692, , , , , , ,31.8,24.335,-119.652
 12:21:46.557,eb:33:2e:f9:57:b5, 2015-01-01 00:08:02.795,0.697,-0.089,0.784,-278.687,-201.416,40.71, , , , , , ,30.267,23.373,-120.004
 12:21:46.557,eb:33:2e:f9:57:b5, 2015-01-01 00:08:02.795,0.69,-0.048,0.85,-278.32,-210.754,33.752, , , , , , ,28.707,22.374,-120.394
 12:21:46.601,eb:33:2e:f9:57:b5, 2015-01-01 00:08:02.795,0.672,-0.009,0.927,-276.184,-220.459,26.367, , , , , , ,27.169,21.346,-120.8
 12:21:46.601,eb:33:2e:f9:57:b5, 2015-01-01 00:08:02.795,0.617,0.023,1.004,-273.315,-229.919,19.104, , , , , , ,25.642,20.286,-121.229
 12:21:46.601,eb:33:2e:f9:57:b5, 2015-01-01 00:08:02.795,0.471,0.039,1.07,-270.081,-239.685,12.756, , , , , , ,24.131,19.182,-121.679
 12:21:46.601,eb:33:2e:f9:57:b5, 2015-01-01 00:08:02.795,0.482,0.011,1.122,-268.311,-247.437,7.751, , , , , , ,22.621,18.034,-122.151
 12:21:46.601,eb:33:2e:f9:57:b5, 2015-01-01 00:08:02.795,0.375,0.016,1.289,-266.541,-254.7,4.456, , , , , , ,21.149,16.848,-122.613
 12:21:46.601,eb:33:2e:f9:57:b5, 2015-01-01 00:08:02.795,0.358,-0.03,1.478,-266.113,-256.714,3.784, , , , , , ,19.693,15.634,-123.052
 12:21:46.601,eb:33:2e:f9:57:b5, 2015-01-01 00:08:02.795,0.379,-0.038,1.56,-267.212,-255.737,6.104, , , , , , ,18.254,14.414,-123.453
 12:21:46.601,eb:33:2e:f9:57:b5, 2015-01-01 00:08:02.795,0.346,-0.081,1.574,-269.836,-252.869,9.216, , , , , , ,16.809,13.184,-123.816
 12:21:46.645,eb:33:2e:f9:57:b5, 2015-01-01 00:08:02.795,0.298,-0.095,1.597,-272.583,-251.526,11.963, , , , , , ,15.381,11.959,-124.118
 12:21:46.645,eb:33:2e:f9:57:b5, 2015-01-01 00:08:02.795,0.27,-0.109,1.646,-275.024,-251.099,16.846, , , , , , ,13.964,10.723,-124.365
 12:21:46.645,eb:33:2e:f9:57:b5, 2015-01-01 00:08:02.795,0.241,-0.128,1.722,-277.649,-249.512,23.743, , , , , , ,12.546,9.481,-124.552
 12:21:46.645,eb:33:2e:f9:57:b5, 2015-01-01 00:08:02.795,0.207,-0.134,1.801,-279.48,-247.437,31.738, , , , , , ,11.118,8.218,-124.673
 12:21:46.645,eb:33:2e:f9:57:b5, 2015-01-01 00:08:02.795,0.18,-0.117,1.835,-280.396,-246.826,40.466, , , , , , ,9.712,6.971,-124.717
 12:21:46.645,eb:33:2e:f9:57:b5, 2015-01-01 00:08:02.795,0.147,-0.081,1.863,-280.762,-248.413,49.438, , , , , , ,8.311,5.713,-124.678
 12:21:46.645,eb:33:2e:f9:57:b5, 2015-01-01 00:08:02.795,0.103,-0.025,1.891,-281.067,-252.319,58.594, , , , , , ,6.91,4.433,-124.574
 12:21:46.645,eb:33:2e:f9:57:b5, 2015-01-01 00:08:02.795,0.081,0.039,1.915,-280.396,-258.667,67.688, , , , , , ,5.504,3.115,-124.393
 12:21:46.667,eb:33:2e:f9:57:b5, 2015-01-01 00:08:03.085,0.074,0.112,1.977,-278.564,-265.991,76.538, , , , , , ,4.12,1.769,-124.14
 12:21:46.667,eb:33:2e:f9:57:b5, 2015-01-01 00:08:03.085,0.066,0.197,2.079,-275.757,-271.667,85.205, , , , , , ,2.736,0.401,-123.81
 12:21:46.667,eb:33:2e:f9:57:b5, 2015-01-01 00:08:03.085,0.04,0.3,2.196,-271.606,-274.902,93.201, , , , , , ,1.368,-0.983,-123.409
 12:21:46.667,eb:33:2e:f9:57:b5, 2015-01-01 00:08:03.085,0.02,0.476,2.347,-265.259,-275.513,102.051, , , , , , ,0,-2.379,-122.932
 12:21:46.667,eb:33:2e:f9:57:b5, 2015-01-01 00:08:03.085,-0.014,0.655,2.491,-259.521,-272.644,108.276, , , , , , ,-1.335,-3.746,-122.388
 12:21:46.667,eb:33:2e:f9:57:b5, 2015-01-01 00:08:03.085,-0.054,0.852,2.62,-254.272,-266.541,113.525, , , , , , ,-2.664,-5.07,-121.778
 12:21:46.668,eb:33:2e:f9:57:b5, 2015-01-01 00:08:03.085,-0.108,1.057,2.711,-250,-258.484,117.676, , , , , , ,-3.988,-6.345,-121.119
 12:21:46.668,eb:33:2e:f9:57:b5, 2015-01-01 00:08:03.085,-0.107,1.258,2.751,-246.582,-249.878,120.911, , , , , , ,-5.328,-7.57,-120.41
 12:21:46.713,eb:33:2e:f9:57:b5, 2015-01-01 00:08:03.085,-0.17,1.514,2.811,-244.873,-236.389,122.375, , , , , , ,-6.663,-8.712,-119.669
 12:21:46.713,eb:33:2e:f9:57:b5, 2015-01-01 00:08:03.085,-0.287,1.78,2.74,-241.333,-224.915,121.765, , , , , , ,-8.004,-9.772,-118.905
 12:21:46.713,eb:33:2e:f9:57:b5, 2015-01-01 00:08:03.085,-0.443,2.011,2.572,-232.239,-217.834,118.53, , , , , , ,-9.322,-10.767,-118.136
 12:21:46.713,eb:33:2e:f9:57:b5, 2015-01-01 00:08:03.085,-0.499,2.217,2.356,-214.294,-219.543,111.206, , , , , , ,-10.596,-11.755,-117.367
 12:21:46.713,eb:33:2e:f9:57:b5, 2015-01-01 00:08:03.085,-0.512,2.499,2.261,-190.308,-224.426,100.83, , , , , , ,-11.761,-12.744,-116.614
 12:21:46.713,eb:33:2e:f9:57:b5, 2015-01-01 00:08:03.085,-0.554,2.793,2.282,-162.537,-226.99,86.487, , , , , , ,-12.794,-13.755,-115.906
 12:21:46.713,eb:33:2e:f9:57:b5, 2015-01-01 00:08:03.085,-0.653,3.021,2.282,-134.888,-224.426,70.679, , , , , , ,-13.683,-14.766,-115.247
 12:21:46.713,eb:33:2e:f9:57:b5, 2015-01-01 00:08:03.085,-0.787,3.11,2.227,-108.643,-218.262,54.871, , , , , , ,-14.436,-15.771,-114.664
 12:21:46.825,eb:33:2e:f9:57:b5, 2015-01-01 00:08:03.085,-0.965,3.083,2.148,-85.205,-208.984,41.077, , , , , , ,-15.057,-16.743,-114.142
 12:21:46.825,eb:33:2e:f9:57:b5, 2015-01-01 00:08:03.085,-1.167,2.986,2.07,-64.636,-197.327,30.151, , , , , , ,-15.551,-17.672,-113.692
 12:21:46.825,eb:33:2e:f9:57:b5, 2015-01-01 00:08:03.085,-1.333,2.881,1.995,-46.387,-185.669,23.254, , , , , , ,-15.947,-18.556,-113.291
 12:21:46.825,eb:33:2e:f9:57:b5, 2015-01-01 00:08:03.085,-1.506,2.783,1.959,-30.396,-171.509,20.386, , , , , , ,-16.249,-19.385,-112.923
 12:21:46.825,eb:33:2e:f9:57:b5, 2015-01-01 00:08:03.085,-1.624,2.687,1.88,-15.686,-155.884,21.362, , , , , , ,-16.474,-20.132,-112.571
 12:21:46.825,eb:33:2e:f9:57:b5, 2015-01-01 00:08:03.085,-1.715,2.581,1.835,-1.16,-137.817,25.513, , , , , , ,-16.633,-20.797,-112.231
 12:21:46.825,eb:33:2e:f9:57:b5, 2015-01-01 00:08:03.085,-1.761,2.466,1.817,14.16,-117.126,32.837, , , , , , ,-16.716,-21.357,-111.885
 12:21:46.825,eb:33:2e:f9:57:b5, 2015-01-01 00:08:03.085,-1.808,2.382,1.829,29.907,-93.262,41.992, , , , , , ,-16.721,-21.797,-111.533
 12:21:46.827,eb:33:2e:f9:57:b5, 2015-01-01 00:08:03.085,-1.794,2.31,1.803,45.593,-69.702,52.307, , , , , , ,-16.666,-22.11,-111.16
 12:21:46.828,eb:33:2e:f9:57:b5, 2015-01-01 00:08:03.085,-1.735,2.282,1.743,59.143,-47.363,63.171, , , , , , ,-16.54,-22.297,-110.77
 12:21:46.828,eb:33:2e:f9:57:b5, 2015-01-01 00:08:03.085,-1.658,2.263,1.619,70.251,-29.236,73.242, , , , , , ,-16.37,-22.374,-110.352
 12:21:46.828,eb:33:2e:f9:57:b5, 2015-01-01 00:08:03.085,-1.553,2.231,1.507,81.421,-18.188,80.811, , , , , , ,-16.144,-22.368,-109.918
 12:21:46.828,eb:33:2e:f9:57:b5, 2015-01-01 00:08:03.085,-1.432,2.183,1.439,93.75,-13.306,85.876, , , , , , ,-15.875,-22.324,-109.462
 12:21:46.828,eb:33:2e:f9:57:b5, 2015-01-01 00:08:03.085,-1.262,2.067,1.473,109.436,-12.756,88.562, , , , , , ,-15.54,-22.269,-108.99
 12:21:46.829,eb:33:2e:f9:57:b5, 2015-01-01 00:08:03.085,0.971,1.818,1.533,129.395,-15.686,87.769, , , , , , ,-15.117,-22.214,-108.506
 12:21:46.829,eb:33:2e:f9:57:b5, 2015-01-01 00:08:03.085,-2.901,-3.497,8.395,209.29,336.609,167.603, , , , , , ,-14.233,-21.445,-108.298
 12:21:46.829,eb:33:2e:f9:57:b5, 2015-01-01 00:08:03.085,1.594,-0.731,-0.409,188.049,368.164,192.81, , , , , , ,-13.431,-19.424,-107.853
 12:21:46.829,eb:33:2e:f9:57:b5, 2015-01-01 00:08:03.085,1.54,-0.232,-0.001,175.598,398.438,181.763, , , , , , ,-12.7,-17.331,-107.325
 12:21:46.829,eb:33:2e:f9:57:b5, 2015-01-01 00:08:03.085,1.445,-0.614,0.555,171.753,437.561,162.842, , , , , , ,-11.942,-15.084,-106.935
 12:21:46.829,eb:33:2e:f9:57:b5, 2015-01-01 00:08:03.085,-0.115,-0.815,2.112,185.364,450.439,178.162, , , , , , ,-11.135,-12.711,-106.556
 12:21:46.829,eb:33:2e:f9:57:b5, 2015-01-01 00:08:03.085,-1.09,-1.457,0.997,222.839,395.264,186.584, , , , , , ,-10.206,-10.464,-106.046
 12:21:46.829,eb:33:2e:f9:57:b5, 2015-01-01 00:08:03.085,-1.375,-0.507,0.984,251.526,320.129,161.865, , , , , , ,-9.086,-8.597,-105.469
 12:21:46.829,eb:33:2e:f9:57:b5, 2015-01-01 00:08:03.085,-1.873,0.042,1.085,250.183,271.057,125.488, , , , , , ,-7.894,-7.064,-104.985
 12:21:46.829,eb:33:2e:f9:57:b5, 2015-01-01 00:08:03.085,-1.413,0.792,1.202,219.299,219.971,75.012, , , , , , ,-6.74,-5.801,-104.661
 12:21:46.872,eb:33:2e:f9:57:b5, 2015-01-01 00:08:03.085,-0.886,1.227,1.359,163.147,155.457,40.466, , , , , , ,-5.823,-4.867,-104.496
 12:21:46.872,eb:33:2e:f9:57:b5, 2015-01-01 00:08:03.085,-0.619,1.026,1.154,111.084,109.985,26.733, , , , , , ,-5.175,-4.224,-104.403
 12:21:46.872,eb:33:2e:f9:57:b5, 2015-01-01 00:08:03.085,-0.455,0.471,0.984,77.454,92.163,25.696, , , , , , ,-4.735,-3.73,-104.315
 12:21:46.872,eb:33:2e:f9:57:b5, 2015-01-01 00:08:03.085,-0.231,-0.085,0.92,59.57,84.351,41.687, , , , , , ,-4.4,-3.274,-104.178
 12:21:46.872,eb:33:2e:f9:57:b5, 2015-01-01 00:08:03.085,-0.088,-0.104,0.967,48.645,80.566,58.594, , , , , , ,-4.147,-2.851,-103.947
 12:21:46.872,eb:33:2e:f9:57:b5, 2015-01-01 00:08:03.085,-0.174,-0.037,1.02,44.25,78.308,60.242, , , , , , ,-3.933,-2.433,-103.672
 12:21:46.872,eb:33:2e:f9:57:b5, 2015-01-01 00:08:03.085,-0.613,0.192,0.927,39.612,73.059,43.579, , , , , , ,-3.735,-2.032,-103.442
 12:21:46.872,eb:33:2e:f9:57:b5, 2015-01-01 00:08:03.085,-0.328,0.65,0.572,27.588,33.142,9.583, , , , , , ,-3.56,-1.774,-103.348
 12:21:46.916,eb:33:2e:f9:57:b5, 2015-01-01 00:08:03.085,0.023,0.067,0.777,26.306,15.625,-2.136, , , , , , ,-3.433,-1.675,-103.343
 12:21:46.916,eb:33:2e:f9:57:b5, 2015-01-01 00:08:03.085,0.162,-0.116,1.029,26.672,18.005,2.502, , , , , , ,-3.296,-1.593,-103.354
 12:21:46.916,eb:33:2e:f9:57:b5, 2015-01-01 00:08:03.085,0.044,-0.026,1.087,22.217,22.949,10.803, , , , , , ,-3.181,-1.483,-103.321
 12:21:46.916,eb:33:2e:f9:57:b5, 2015-01-01 00:08:03.085,-0.104,0.106,1.03,17.944,25.269,8.728, , , , , , ,-3.071,-1.351,-103.277
 12:21:46.916,eb:33:2e:f9:57:b5, 2015-01-01 00:08:03.085,-0.056,0.005,0.924,17.639,20.264,4.456, , , , , , ,-2.983,-1.236,-103.25
 12:21:46.916,eb:33:2e:f9:57:b5, 2015-01-01 00:08:03.085,-0.002,-0.001,0.936,16.724,16.174,2.747, , , , , , ,-2.895,-1.154,-103.239
 12:21:46.916,eb:33:2e:f9:57:b5, 2015-01-01 00:08:03.085,-0.07,0.009,0.983,15.076,15.564,2.686, , , , , , ,-2.818,-1.071,-103.228
 12:21:46.916,eb:33:2e:f9:57:b5, 2015-01-01 00:08:03.085,-0.08,-0.013,0.945,13.916,12.207,2.563, , , , , , ,-2.73,-0.994,-103.217
 12:21:46.960,eb:33:2e:f9:57:b5, 2015-01-01 00:08:03.085,-0.036,-0.024,0.955,13.733,8.362,1.221, , , , , , ,-2.664,-0.945,-103.211
 12:21:46.960,eb:33:2e:f9:57:b5, 2015-01-01 00:08:03.085,0.014,-0.021,0.999,13.55,6.348,-0.061, , , , , , ,-2.593,-0.912,-103.211
 12:21:46.960,eb:33:2e:f9:57:b5, 2015-01-01 00:08:03.085,-0.009,-0.014,1.031,13.245,7.141,-0.793, , , , , , ,-2.527,-0.879,-103.217
 12:21:46.960,eb:33:2e:f9:57:b5, 2015-01-01 00:08:03.085,-0.012,-0.009,0.992,12.451,6.714,-0.977, , , , , , ,-2.45,-0.84,-103.222
 12:21:46.960,eb:33:2e:f9:57:b5, 2015-01-01 00:08:03.085,0.015,-0.005,0.981,11.658,6.042,-1.099, , , , , , ,-2.39,-0.807,-103.228
 12:21:46.960,eb:33:2e:f9:57:b5, 2015-01-01 00:08:03.085,0.021,0.002,1.008,11.169,7.08,-1.77, , , , , , ,-2.335,-0.775,-103.239
 12:21:46.960,eb:33:2e:f9:57:b5, 2015-01-01 00:08:03.085,0.008,-0.006,1.017,10.681,8.423,-2.563, , , , , , ,-2.28,-0.736,-103.25
 12:21:46.960,eb:33:2e:f9:57:b5, 2015-01-01 00:08:03.085,-0.037,-0.016,1.011,10.376,8.972,-2.93, , , , , , ,-2.214,-0.687,-103.266
 12:21:47.005,eb:33:2e:f9:57:b5, 2015-01-01 00:08:03.400,-0.054,-0.022,0.984,10.254,7.507,-2.808, , , , , , ,-2.159,-0.648,-103.282
 12:21:47.005,eb:33:2e:f9:57:b5, 2015-01-01 00:08:03.400,-0.038,-0.023,0.972,9.949,5.188,-2.258, , , , , , ,-2.109,-0.621,-103.299
 12:21:47.005,eb:33:2e:f9:57:b5, 2015-01-01 00:08:03.400,-0.033,-0.02,0.982,9.399,3.784,-1.953, , , , , , ,-2.065,-0.599,-103.31
 12:21:47.005,eb:33:2e:f9:57:b5, 2015-01-01 00:08:03.400,-0.026,-0.018,0.992,9.033,2.563,-2.014, , , , , , ,-2.005,-0.577,-103.315
 12:21:47.005,eb:33:2e:f9:57:b5, 2015-01-01 00:08:03.400,-0.042,-0.034,1.017,9.277,2.014,-1.709, , , , , , ,-1.956,-0.566,-103.326
 12:21:47.005,eb:33:2e:f9:57:b5, 2015-01-01 00:08:03.400,-0.022,-0.057,1.022,10.193,0.854,-0.977, , , , , , ,-1.912,-0.56,-103.337
 12:21:47.005,eb:33:2e:f9:57:b5, 2015-01-01 00:08:03.400,-0.012,-0.051,1.036,11.047,0.427,-0.671, , , , , , ,-1.857,-0.56,-103.337
 12:21:47.005,eb:33:2e:f9:57:b5, 2015-01-01 00:08:03.400,-0.018,-0.031,1.027,11.475,0.366,-0.793, , , , , , ,-1.785,-0.549,-103.343
 12:21:47.027,eb:33:2e:f9:57:b5, 2015-01-01 00:08:03.400,-0.017,-0.037,1.009,12.085,-1.404,-0.366, , , , , , ,-1.725,-0.555,-103.343
 12:21:47.027,eb:33:2e:f9:57:b5, 2015-01-01 00:08:03.400,0,-0.02,0.999,12.939,-3.235,-0.366, , , , , , ,-1.664,-0.566,-103.348
 12:21:47.027,eb:33:2e:f9:57:b5, 2015-01-01 00:08:03.400,-0.008,-0.004,1.013,13.794,-4.272,-1.038, , , , , , ,-1.599,-0.588,-103.348
 12:21:47.027,eb:33:2e:f9:57:b5, 2015-01-01 00:08:03.400,-0.034,-0.024,1.025,15.198,-5.188,-1.587, , , , , , ,-1.511,-0.604,-103.354
 12:21:47.027,eb:33:2e:f9:57:b5, 2015-01-01 00:08:03.400,-0.033,-0.039,1.018,16.724,-6.348,-1.282, , , , , , ,-1.428,-0.637,-103.359
 12:21:47.027,eb:33:2e:f9:57:b5, 2015-01-01 00:08:03.400,-0.024,-0.036,1.011,17.944,-8.057,-0.488, , , , , , ,-1.34,-0.676,-103.365
 12:21:47.027,eb:33:2e:f9:57:b5, 2015-01-01 00:08:03.400,-0.013,-0.011,0.997,18.311,-9.338,-0.366, , , , , , ,-1.252,-0.72,-103.365
 12:21:47.027,eb:33:2e:f9:57:b5, 2015-01-01 00:08:03.400,-0.002,-0.013,1.035,19.104,-9.399,-0.732, , , , , , ,-1.143,-0.758,-103.365
 12:21:47.073,eb:33:2e:f9:57:b5, 2015-01-01 00:08:03.400,-0.005,-0.015,1.051,20.081,-8.545,-0.977, , , , , , ,-1.049,-0.807,-103.37
 12:21:47.073,eb:33:2e:f9:57:b5, 2015-01-01 00:08:03.400,-0.018,-0.031,1.068,21.79,-7.629,-0.732, , , , , , ,-0.939,-0.846,-103.376
 12:21:47.073,eb:33:2e:f9:57:b5, 2015-01-01 00:08:03.400,-0.051,-0.018,1.017,22.888,-7.996,0, , , , , , ,-0.829,-0.884,-103.376
 12:21:47.073,eb:33:2e:f9:57:b5, 2015-01-01 00:08:03.400,-0.048,-0.043,1.043,24.292,-7.996,0.977, , , , , , ,-0.698,-0.917,-103.37
 12:21:47.073,eb:33:2e:f9:57:b5, 2015-01-01 00:08:03.400,0.013,-0.031,1,26.794,-11.963,0.977, , , , , , ,-0.571,-0.972,-103.365
 12:21:47.073,eb:33:2e:f9:57:b5, 2015-01-01 00:08:03.400,-0.024,-0.013,1.037,29.48,-14.038,0, , , , , , ,-0.428,-1.038,-103.365
 12:21:47.073,eb:33:2e:f9:57:b5, 2015-01-01 00:08:03.400,0.011,-0.024,0.996,29.907,-14.221,1.099, , , , , , ,-0.28,-1.11,-103.359
 12:21:47.073,eb:33:2e:f9:57:b5, 2015-01-01 00:08:03.400,0.033,0.029,0.978,29.297,-14.099,0.671, , , , , , ,-0.115,-1.176,-103.354
 12:21:47.117,eb:33:2e:f9:57:b5, 2015-01-01 00:08:03.400,0.028,0.039,1.005,28.809,-12.207,0.061, , , , , , ,0.022,-1.241,-103.354
 12:21:47.117,eb:33:2e:f9:57:b5, 2015-01-01 00:08:03.400,0.047,0.023,1.022,28.625,-10.376,-0.183, , , , , , ,0.165,-1.296,-103.354
 12:21:47.117,eb:33:2e:f9:57:b5, 2015-01-01 00:08:03.400,0.056,0.035,1.016,28.625,-8.972,-0.916, , , , , , ,0.308,-1.346,-103.359
 12:21:47.117,eb:33:2e:f9:57:b5, 2015-01-01 00:08:03.400,0.057,0.049,1.009,28.564,-7.629,-1.709, , , , , , ,0.461,-1.379,-103.365
 12:21:47.117,eb:33:2e:f9:57:b5, 2015-01-01 00:08:03.400,0.055,0.054,1.018,28.32,-5.676,-3.052, , , , , , ,0.604,-1.412,-103.376
 12:21:47.117,eb:33:2e:f9:57:b5, 2015-01-01 00:08:03.400,0.042,0.057,1.021,28.442,-4.517,-4.456, , , , , , ,0.747,-1.439,-103.398
 12:21:47.119,eb:33:2e:f9:57:b5, 2015-01-01 00:08:03.400,0.039,0.047,1.047,28.931,-3.418,-5.859, , , , , , ,0.89,-1.461,-103.425
 12:21:47.119,eb:33:2e:f9:57:b5, 2015-01-01 00:08:03.400,0.023,0.028,1.091,29.419,-0.488,-6.653, , , , , , ,1.049,-1.461,-103.453
 12:21:47.163,eb:33:2e:f9:57:b5, 2015-01-01 00:08:03.400,0.043,0.03,1.042,30.029,0.61,-7.08, , , , , , ,1.203,-1.461,-103.491
 12:21:47.163,eb:33:2e:f9:57:b5, 2015-01-01 00:08:03.400,0.05,0.058,1.03,29.968,2.258,-8.423, , , , , , ,1.351,-1.456,-103.53
 12:21:47.163,eb:33:2e:f9:57:b5, 2015-01-01 00:08:03.400,0.031,0.053,1.042,30.029,4.089,-8.972, , , , , , ,1.505,-1.434,-103.574
 12:21:47.163,eb:33:2e:f9:57:b5, 2015-01-01 00:08:03.400,0.055,0.044,1.059,30.029,5.92,-9.705, , , , , , ,1.67,-1.401,-103.618
 12:21:47.163,eb:33:2e:f9:57:b5, 2015-01-01 00:08:03.400,0.034,0.035,1.104,30.212,10.071,-10.193, , , , , , ,1.818,-1.357,-103.667
 12:21:47.163,eb:33:2e:f9:57:b5, 2015-01-01 00:08:03.400,0.042,0.062,1.019,31.006,10.315,-11.353, , , , , , ,1.972,-1.307,-103.722
 12:21:47.163,eb:33:2e:f9:57:b5, 2015-01-01 00:08:03.400,0.025,0.071,1.02,31.189,11.414,-12.268, , , , , , ,2.131,-1.247,-103.777
 12:21:47.163,eb:33:2e:f9:57:b5, 2015-01-01 00:08:03.400,0.026,0.061,1.018,31.128,12.756,-12.756, , , , , , ,2.302,-1.181,-103.837
 12:21:47.207,eb:33:2e:f9:57:b5, 2015-01-01 00:08:03.400,0.02,0.071,1.017,31.311,13.672,-13.55, , , , , , ,2.455,-1.11,-103.903
 12:21:47.207,eb:33:2e:f9:57:b5, 2015-01-01 00:08:03.400,0.01,0.068,1.013,31.616,14.587,-14.16, , , , , , ,2.615,-1.038,-103.969
 12:21:47.207,eb:33:2e:f9:57:b5, 2015-01-01 00:08:03.400,-0.01,0.061,1.018,31.677,15.503,-14.343, , , , , , ,2.774,-0.961,-104.035
 12:21:47.207,eb:33:2e:f9:57:b5, 2015-01-01 00:08:03.400,-0.025,0.053,0.999,31.616,15.991,-14.038, , , , , , ,2.944,-0.868,-104.101
 12:21:47.207,eb:33:2e:f9:57:b5, 2015-01-01 00:08:03.400,-0.049,0.057,0.985,31.25,16.235,-13.55, , , , , , ,3.104,-0.786,-104.167
 12:21:47.207,eb:33:2e:f9:57:b5, 2015-01-01 00:08:03.400,-0.055,0.048,0.974,30.884,15.747,-12.634, , , , , , ,3.257,-0.703,-104.227
 12:21:47.207,eb:33:2e:f9:57:b5, 2015-01-01 00:08:03.400,-0.043,0.044,0.979,30.884,15.137,-11.719, , , , , , ,3.411,-0.626,-104.282
 12:21:47.207,eb:33:2e:f9:57:b5, 2015-01-01 00:08:03.400,-0.021,0.045,0.992,31.128,14.832,-10.925, , , , , , ,3.582,-0.538,-104.337
 12:21:47.230,eb:33:2e:f9:57:b5, 2015-01-01 00:08:03.400,-0.002,0.06,1.016,31.372,15.32,-10.62, , , , , , ,3.741,-0.461,-104.381
 12:21:47.230,eb:33:2e:f9:57:b5, 2015-01-01 00:08:03.400,-0.003,0.063,1.046,32.349,15.808,-10.559, , , , , , ,3.9,-0.379,-104.431
 12:21:47.230,eb:33:2e:f9:57:b5, 2015-01-01 00:08:03.400,0.001,0.057,1.077,34.058,16.602,-10.864, , , , , , ,4.065,-0.297,-104.48
 12:21:47.230,eb:33:2e:f9:57:b5, 2015-01-01 00:08:03.400,0,0.047,1.123,36.072,18.127,-10.742, , , , , , ,4.252,-0.198,-104.524
 12:21:47.230,eb:33:2e:f9:57:b5, 2015-01-01 00:08:03.400,0.015,0.044,1.13,38.513,19.47,-10.864, , , , , , ,4.438,-0.099,-104.573
 12:21:47.230,eb:33:2e:f9:57:b5, 2015-01-01 00:08:03.400,0.046,0.049,1.162,41.565,20.996,-11.292, , , , , , ,4.642,0,-104.617
 12:21:47.230,eb:33:2e:f9:57:b5, 2015-01-01 00:08:03.400,0.037,0.05,1.21,45.166,23.804,-11.597, , , , , , ,4.861,0.121,-104.667
 12:21:47.230,eb:33:2e:f9:57:b5, 2015-01-01 00:08:03.400,0.024,0.038,1.232,49.316,26.245,-11.841, , , , , , ,5.109,0.258,-104.711
 12:21:47.275,eb:33:2e:f9:57:b5, 2015-01-01 00:08:03.400,0.016,-0.003,1.33,55.237,29.48,-11.841, , , , , , ,5.372,0.401,-104.76
 12:21:47.275,eb:33:2e:f9:57:b5, 2015-01-01 00:08:03.400,0.042,-0.019,1.38,62.927,31.799,-12.024, , , , , , ,5.669,0.56,-104.804
 12:21:47.275,eb:33:2e:f9:57:b5, 2015-01-01 00:08:03.400,0.015,-0.007,1.407,70.984,34.18,-12.573, , , , , , ,6.01,0.731,-104.848
 12:21:47.275,eb:33:2e:f9:57:b5, 2015-01-01 00:08:03.400,0.014,-0.018,1.393,79.041,36.499,-12.878, , , , , , ,6.4,0.923,-104.892
 12:21:47.275,eb:33:2e:f9:57:b5, 2015-01-01 00:08:03.400,0.002,-0.014,1.411,86.853,39.185,-12.756, , , , , , ,6.817,1.115,-104.93
 12:21:47.275,eb:33:2e:f9:57:b5, 2015-01-01 00:08:03.400,-0.033,-0.016,1.376,94.727,40.771,-12.512, , , , , , ,7.273,1.324,-104.969
 12:21:47.275,eb:33:2e:f9:57:b5, 2015-01-01 00:08:03.400,-0.072,-0.045,1.392,102.6,41.992,-11.414, , , , , , ,7.767,1.538,-105.002
 12:21:47.275,eb:33:2e:f9:57:b5, 2015-01-01 00:08:03.400,-0.063,-0.074,1.441,112.183,42.053,-10.01, , , , , , ,8.317,1.758,-105.024
 12:21:47.320,eb:33:2e:f9:57:b5, 2015-01-01 00:08:03.690,-0.032,-0.07,1.438,122.253,41.443,-8.301, , , , , , ,8.91,1.972,-105.04
 12:21:47.320,eb:33:2e:f9:57:b5, 2015-01-01 00:08:03.690,-0.043,-0.005,1.362,131.775,39.368,-7.263, , , , , , ,9.547,2.175,-105.046
 12:21:47.320,eb:33:2e:f9:57:b5, 2015-01-01 00:08:03.690,-0.006,0.003,1.37,142.151,36.133,-7.202, , , , , , ,10.239,2.368,-105.046
 12:21:47.320,eb:33:2e:f9:57:b5, 2015-01-01 00:08:03.690,-0.041,-0.042,1.474,151.611,37.781,-6.775, , , , , , ,10.986,2.56,-105.046
 12:21:47.321,eb:33:2e:f9:57:b5, 2015-01-01 00:08:03.690,-0.029,-0.076,1.526,161.987,40.344,-5.676, , , , , , ,11.777,2.758,-105.04
 12:21:47.321,eb:33:2e:f9:57:b5, 2015-01-01 00:08:03.690,-0.024,-0.062,1.522,173.523,40.894,-5.798, , , , , , ,12.623,2.966,-105.024
 12:21:47.321,eb:33:2e:f9:57:b5, 2015-01-01 00:08:03.690,-0.007,-0.045,1.533,185.608,41.138,-6.042, , , , , , ,13.524,3.17,-105.007
 12:21:47.321,eb:33:2e:f9:57:b5, 2015-01-01 00:08:03.690,-0.016,-0.059,1.59,198.242,42.48,-7.263, , , , , , ,14.502,3.384,-104.985
 12:21:47.365,eb:33:2e:f9:57:b5, 2015-01-01 00:08:03.690,0.023,-0.077,1.628,210.632,44.922,-7.812, , , , , , ,15.529,3.609,-104.963
 12:21:47.365,eb:33:2e:f9:57:b5, 2015-01-01 00:08:03.690,0.05,-0.095,1.72,225.403,47.913,-8.606, , , , , , ,16.628,3.845,-104.941
 12:21:47.365,eb:33:2e:f9:57:b5, 2015-01-01 00:08:03.690,0.05,-0.11,1.819,245.789,51.392,-11.475, , , , , , ,17.814,4.098,-104.914
 12:21:47.365,eb:33:2e:f9:57:b5, 2015-01-01 00:08:03.690,0.057,-0.148,1.925,264.16,56.396,-13.977, , , , , , ,19.111,4.378,-104.892
 12:21:47.365,eb:33:2e:f9:57:b5, 2015-01-01 00:08:03.690,0.062,-0.164,2.012,283.936,61.829,-15.686, , , , , , ,20.49,4.686,-104.859
 12:21:47.365,eb:33:2e:f9:57:b5, 2015-01-01 00:08:03.690,0.079,-0.196,2.217,307.19,66.833,-18.372, , , , , , ,21.984,5.015,-104.826
 12:21:47.365,eb:33:2e:f9:57:b5, 2015-01-01 00:08:03.690,0.054,-0.18,2.482,332.703,71.716,-22.156, , , , , , ,23.599,5.378,-104.782
 12:21:47.365,eb:33:2e:f9:57:b5, 2015-01-01 00:08:03.690,0.12,-0.129,2.648,356.384,75.562,-24.902, , , , , , ,25.345,5.768,-104.738
 12:21:47.410,eb:33:2e:f9:57:b5, 2015-01-01 00:08:03.690,0.25,-0.053,2.984,381.287,81.116,-28.87, , , , , , ,27.208,6.18,-104.689
 12:21:47.410,eb:33:2e:f9:57:b5, 2015-01-01 00:08:03.690,0.194,-0.121,3.054,405.09,86.975,-30.579, , , , , , ,29.191,6.625,-104.612
 12:21:47.410,eb:33:2e:f9:57:b5, 2015-01-01 00:08:03.690,0.218,-0.173,3.019,428.406,89.294,-30.762, , , , , , ,31.295,7.086,-104.524
 12:21:47.410,eb:33:2e:f9:57:b5, 2015-01-01 00:08:03.690,0.179,0.097,2.853,443.359,85.754,-35.4, , , , , , ,33.508,7.548,-104.425
 12:21:47.410,eb:33:2e:f9:57:b5, 2015-01-01 00:08:03.690,-0.008,-0.032,3.109,443.97,93.323,-35.889, , , , , , ,35.744,8.009,-104.321
 12:21:47.410,eb:33:2e:f9:57:b5, 2015-01-01 00:08:03.690,0.126,-0.208,3.695,448.425,122.681,-33.447, , , , , , ,38.002,8.553,-104.123
 12:21:47.410,eb:33:2e:f9:57:b5, 2015-01-01 00:08:03.690,0.339,-0.257,3.001,454.956,129.272,-31.433, , , , , , ,40.309,9.157,-103.826
 12:21:47.410,eb:33:2e:f9:57:b5, 2015-01-01 00:08:03.690,0.505,-0.032,2.265,461.06,101.868,-37.415, , , , , , ,42.643,9.701,-103.579
 12:21:47.432,eb:33:2e:f9:57:b5, 2015-01-01 00:08:03.690,0.561,-0.029,2.326,470.52,76.111,-46.204, , , , , , ,45,10.157,-103.431
 12:21:47.432,eb:33:2e:f9:57:b5, 2015-01-01 00:08:03.690,0.52,-0.257,2.543,481.934,60.852,-54.382, , , , , , ,47.395,10.574,-103.365
 12:21:47.432,eb:33:2e:f9:57:b5, 2015-01-01 00:08:03.690,0.478,-0.388,2.382,505.737,33.264,-63.354, , , , , , ,49.861,10.953,-103.387
 12:21:47.432,eb:33:2e:f9:57:b5, 2015-01-01 00:08:03.690,0.732,-0.451,2.009,533.63,-26.489,-80.872, , , , , , ,52.432,11.234,-103.64
 12:21:47.432,eb:33:2e:f9:57:b5, 2015-01-01 00:08:03.690,0.907,-0.669,2.646,549.438,-46.448,-94.177, , , , , , ,55.063,11.47,-104.079
 12:21:47.432,eb:33:2e:f9:57:b5, 2015-01-01 00:08:03.690,1.262,-0.899,2.675,559.753,-49.866,-111.755, , , , , , ,57.739,11.766,-104.573
 12:21:47.432,eb:33:2e:f9:57:b5, 2015-01-01 00:08:03.690,1.506,-1.237,2.574,559.998,-36.377,-133.484, , , , , , ,60.436,12.189,-105.095
 12:21:47.432,eb:33:2e:f9:57:b5, 2015-01-01 00:08:03.690,1.734,-1.363,2.342,561.279,-11.719,-165.344, , , , , , ,63.127,12.805,-105.557
 12:21:47.478,eb:33:2e:f9:57:b5, 2015-01-01 00:08:03.690,1.757,-0.85,1.895,557.617,16.052,-221.436, , , , , , ,65.836,13.7,-105.98
 12:21:47.478,eb:33:2e:f9:57:b5, 2015-01-01 00:08:03.690,0.794,-0.293,1.038,491.455,57.739,-266.296, , , , , , ,68.39,14.93,-106.282
 12:21:47.478,eb:33:2e:f9:57:b5, 2015-01-01 00:08:03.690,0.315,0.365,-0.944,341.248,64.27,-285.034, , , , , , ,70.362,16.353,-106.479
 12:21:47.478,eb:33:2e:f9:57:b5, 2015-01-01 00:08:03.690,0.246,0.068,-1.741,171.875,58.594,-288.513, , , , , , ,71.499,17.814,-106.666
 12:21:47.478,eb:33:2e:f9:57:b5, 2015-01-01 00:08:03.690,0.34,-0.434,-1.733,11.536,35.339,-281.189, , , , , , ,71.79,19.237,-106.908
 12:21:47.478,eb:33:2e:f9:57:b5, 2015-01-01 00:08:03.690,0.456,-0.859,-1.097,-114.502,-0.427,-270.203, , , , , , ,71.318,20.561,-107.287
 12:21:47.478,eb:33:2e:f9:57:b5, 2015-01-01 00:08:03.690,0.466,-1.08,-0.404,-201.477,-34.851,-258.911, , , , , , ,70.263,21.769,-107.864
 12:21:47.478,eb:33:2e:f9:57:b5, 2015-01-01 00:08:03.690,0.523,-1.268,0.117,-250.61,-66.833,-248.474, , , , , , ,68.796,22.857,-108.616
 12:21:47.523,eb:33:2e:f9:57:b5, 2015-01-01 00:08:03.690,0.594,-1.424,0.557,-270.63,-88.257,-238.22, , , , , , ,67.115,23.829,-109.523
 12:21:47.523,eb:33:2e:f9:57:b5, 2015-01-01 00:08:03.690,0.623,-1.464,0.886,-271.729,-97.778,-226.624, , , , , , ,65.347,24.697,-110.5
 12:21:47.523,eb:33:2e:f9:57:b5, 2015-01-01 00:08:03.690,0.552,-1.413,1.116,-261.658,-96.68,-213.684, , , , , , ,63.589,25.472,-111.511
 12:21:47.523,eb:33:2e:f9:57:b5, 2015-01-01 00:08:03.690,0.372,-1.294,1.115,-248.169,-91.125,-199.463, , , , , , ,61.88,26.164,-112.5
 12:21:47.523,eb:33:2e:f9:57:b5, 2015-01-01 00:08:03.690,0.222,-1.104,0.789,-236.816,-87.463,-180.542, , , , , , ,60.255,26.779,-113.439
 12:21:47.523,eb:33:2e:f9:57:b5, 2015-01-01 00:08:03.690,0.107,-1.033,0.535,-231.995,-87.036,-161.987, , , , , , ,58.672,27.285,-114.34
 12:21:47.523,eb:33:2e:f9:57:b5, 2015-01-01 00:08:03.690,0.039,-1.055,0.387,-230.042,-88.196,-140.991, , , , , , ,57.118,27.686,-115.208
 12:21:47.523,eb:33:2e:f9:57:b5, 2015-01-01 00:08:03.690,0.022,-1.076,0.33,-231.018,-89.661,-117.31, , , , , , ,55.569,27.966,-116.032
 12:21:47.569,eb:33:2e:f9:57:b5, 2015-01-01 00:08:03.690,-0.019,-1.073,0.313,-233.765,-92.224,-94.666, , , , , , ,54.047,28.125,-116.796
 12:21:47.569,eb:33:2e:f9:57:b5, 2015-01-01 00:08:03.690,-0.038,-1.045,0.255,-238.586,-97.29,-71.35, , , , , , ,52.531,28.169,-117.493
 12:21:47.569,eb:33:2e:f9:57:b5, 2015-01-01 00:08:03.690,-0.015,-1.022,0.227,-244.141,-104.37,-48.523, , , , , , ,51.01,28.081,-118.147
 12:21:47.569,eb:33:2e:f9:57:b5, 2015-01-01 00:08:03.690,0.042,-0.999,0.239,-249.817,-112.244,-27.1, , , , , , ,49.477,27.861,-118.757
 12:21:47.569,eb:33:2e:f9:57:b5, 2015-01-01 00:08:03.690,0.094,-0.962,0.299,-254.333,-120.3,-7.996, , , , , , ,47.955,27.532,-119.312
 12:21:47.569,eb:33:2e:f9:57:b5, 2015-01-01 00:08:03.690,0.137,-0.907,0.366,-257.263,-128.784,8.484, , , , , , ,46.439,27.098,-119.811
 12:21:47.569,eb:33:2e:f9:57:b5, 2015-01-01 00:08:03.690,0.175,-0.841,0.43,-258.972,-137.878,22.4, , , , , , ,44.934,26.57,-120.284
 12:21:47.569,eb:33:2e:f9:57:b5, 2015-01-01 00:08:03.690,0.218,-0.778,0.477,-260.437,-147.827,33.813, , , , , , ,43.423,25.944,-120.734
 12:21:47.613,eb:33:2e:f9:57:b5, 2015-01-01 00:08:04.000,0.262,-0.715,0.512,-262.39,-157.837,42.969, , , , , , ,41.935,25.247,-121.152
 12:21:47.613,eb:33:2e:f9:57:b5, 2015-01-01 00:08:04.000,0.302,-0.662,0.542,-265.503,-167.847,49.927, , , , , , ,40.441,24.472,-121.542
 12:21:47.613,eb:33:2e:f9:57:b5, 2015-01-01 00:08:04.000,0.348,-0.612,0.574,-269.775,-177.612,54.932, , , , , , ,38.947,23.632,-121.926
 12:21:47.613,eb:33:2e:f9:57:b5, 2015-01-01 00:08:04.000,0.392,-0.555,0.628,-275.146,-186.584,58.167, , , , , , ,37.419,22.731,-122.305
 12:21:47.613,eb:33:2e:f9:57:b5, 2015-01-01 00:08:04.000,0.429,-0.496,0.704,-281.006,-194.58,59.509, , , , , , ,35.887,21.786,-122.668
 12:21:47.613,eb:33:2e:f9:57:b5, 2015-01-01 00:08:04.000,0.45,-0.445,0.795,-286.743,-201.538,59.204, , , , , , ,34.332,20.803,-123.014
 12:21:47.613,eb:33:2e:f9:57:b5, 2015-01-01 00:08:04.000,0.477,-0.402,0.883,-291.992,-207.52,57.556, , , , , , ,32.767,19.786,-123.36
 12:21:47.613,eb:33:2e:f9:57:b5, 2015-01-01 00:08:04.000,0.497,-0.358,0.974,-296.753,-212.402,54.443, , , , , , ,31.163,18.737,-123.706
 12:21:47.635,eb:33:2e:f9:57:b5, 2015-01-01 00:08:04.000,0.497,-0.31,1.05,-300.72,-216.797,50.049, , , , , , ,29.559,17.677,-124.041
 12:21:47.635,eb:33:2e:f9:57:b5, 2015-01-01 00:08:04.000,0.489,-0.263,1.099,-304.138,-222.107,44.495, , , , , , ,27.944,16.6,-124.376
 12:21:47.635,eb:33:2e:f9:57:b5, 2015-01-01 00:08:04.000,0.467,-0.215,1.148,-307.068,-228.516,38.025, , , , , , ,26.318,15.502,-124.722
 12:21:47.635,eb:33:2e:f9:57:b5, 2015-01-01 00:08:04.000,0.436,-0.17,1.204,-309.814,-235.413,31.128, , , , , , ,24.659,14.37,-125.09
 12:21:47.635,eb:33:2e:f9:57:b5, 2015-01-01 00:08:04.000,0.408,-0.141,1.271,-312.561,-241.882,24.353, , , , , , ,23.016,13.222,-125.458
 12:21:47.635,eb:33:2e:f9:57:b5, 2015-01-01 00:08:04.000,0.374,-0.135,1.362,-314.636,-246.826,18.433, , , , , , ,21.363,12.047,-125.832
 12:21:47.635,eb:33:2e:f9:57:b5, 2015-01-01 00:08:04.000,0.327,-0.145,1.463,-315.857,-249.451,13.733, , , , , , ,19.709,10.854,-126.2
 12:21:47.635,eb:33:2e:f9:57:b5, 2015-01-01 00:08:04.000,0.274,-0.173,1.575,-315.735,-249.878,10.62, , , , , , ,18.051,9.641,-126.557
 12:21:47.680,eb:33:2e:f9:57:b5, 2015-01-01 00:08:04.000,0.204,-0.207,1.692,-314.575,-248.291,9.583, , , , , , ,16.419,8.438,-126.887
 12:21:47.680,eb:33:2e:f9:57:b5, 2015-01-01 00:08:04.000,0.139,-0.236,1.77,-313.232,-245.544,10.681, , , , , , ,14.81,7.234,-127.167
 12:21:47.680,eb:33:2e:f9:57:b5, 2015-01-01 00:08:04.000,0.094,-0.258,1.817,-312.622,-242.188,13.977, , , , , , ,13.222,6.037,-127.403
 12:21:47.680,eb:33:2e:f9:57:b5, 2015-01-01 00:08:04.000,0.039,-0.28,1.874,-312.622,-237.976,19.226, , , , , , ,11.618,4.839,-127.579
 12:21:47.680,eb:33:2e:f9:57:b5, 2015-01-01 00:08:04.000,-0.017,-0.288,1.908,-313.232,-234.436,26.062, , , , , , ,10.047,3.658,-127.689
 12:21:47.680,eb:33:2e:f9:57:b5, 2015-01-01 00:08:04.000,-0.083,-0.268,1.929,-313.599,-233.582,33.386, , , , , , ,8.476,2.477,-127.722
 12:21:47.680,eb:33:2e:f9:57:b5, 2015-01-01 00:08:04.000,-0.126,-0.224,1.97,-313.477,-236.45,42.908, , , , , , ,6.905,1.291,-127.683
 12:21:47.680,eb:33:2e:f9:57:b5, 2015-01-01 00:08:04.000,-0.165,-0.174,2.036,-312.622,-240.54,51.27, , , , , , ,5.323,0.066,-127.573
 12:21:47.726,eb:33:2e:f9:57:b5, 2015-01-01 00:08:04.000,-0.188,-0.108,2.127,-310.73,-244.141,59.875, , , , , , ,3.763,-1.165,-127.392
 12:21:47.726,eb:33:2e:f9:57:b5, 2015-01-01 00:08:04.000,-0.21,-0.035,2.246,-307.739,-245.3,69.214, , , , , , ,2.208,-2.406,-127.123
 12:21:47.726,eb:33:2e:f9:57:b5, 2015-01-01 00:08:04.000,-0.246,0.056,2.36,-303.101,-243.958,78.186, , , , , , ,0.665,-3.636,-126.777
 12:21:47.726,eb:33:2e:f9:57:b5, 2015-01-01 00:08:04.000,-0.281,0.179,2.479,-296.204,-240.479,86.731, , , , , , ,-0.879,-4.856,-126.359
 12:21:47.726,eb:33:2e:f9:57:b5, 2015-01-01 00:08:04.000,-0.322,0.347,2.581,-286.56,-235.168,94.055, , , , , , ,-2.379,-6.031,-125.865
 12:21:47.726,eb:33:2e:f9:57:b5, 2015-01-01 00:08:04.000,-0.361,0.557,2.673,-273.071,-229.126,100.037, , , , , , ,-3.84,-7.158,-125.31
 12:21:47.726,eb:33:2e:f9:57:b5, 2015-01-01 00:08:04.000,-0.419,0.807,2.786,-255.92,-222.351,104.248, , , , , , ,-5.235,-8.245,-124.7
 12:21:47.726,eb:33:2e:f9:57:b5, 2015-01-01 00:08:04.000,-0.5,1.082,2.899,-237.244,-213.684,106.873, , , , , , ,-6.581,-9.278,-124.052
 12:21:47.792,eb:33:2e:f9:57:b5, 2015-01-01 00:08:04.000,-0.585,1.375,2.968,-220.276,-202.209,108.276, , , , , , ,-7.828,-10.239,-123.376
 12:21:47.792,eb:33:2e:f9:57:b5, 2015-01-01 00:08:04.000,-0.678,1.667,2.953,-207.092,-189.27,108.459, , , , , , ,-9.02,-11.124,-122.684
 12:21:47.792,eb:33:2e:f9:57:b5, 2015-01-01 00:08:04.000,-0.746,1.946,2.846,-198.486,-175.537,107.178, , , , , , ,-10.168,-11.926,-121.987
 12:21:47.793,eb:33:2e:f9:57:b5, 2015-01-01 00:08:04.000,-0.794,2.194,2.722,-193.237,-160.767,104.797, , , , , , ,-11.305,-12.651,-121.295
 12:21:47.793,eb:33:2e:f9:57:b5, 2015-01-01 00:08:04.000,-0.833,2.417,2.602,-188.965,-145.264,101.013, , , , , , ,-12.409,-13.288,-120.619
 12:21:47.793,eb:33:2e:f9:57:b5, 2015-01-01 00:08:04.000,-0.872,2.61,2.475,-182.617,-130.005,95.52, , , , , , ,-13.491,-13.843,-119.965
 12:21:47.793,eb:33:2e:f9:57:b5, 2015-01-01 00:08:04.000,-0.903,2.781,2.328,-172.119,-116.028,89.05, , , , , , ,-14.524,-14.321,-119.355
 12:21:47.794,eb:33:2e:f9:57:b5, 2015-01-01 00:08:04.000,-0.931,2.923,2.16,-157.166,-103.76,80.994, , , , , , ,-15.491,-14.738,-118.79
 12:21:47.816,eb:33:2e:f9:57:b5, 2015-01-01 00:08:04.000,-0.933,3.047,1.995,-138.123,-93.506,72.327, , , , , , ,-16.359,-15.101,-118.273
 12:21:47.816,eb:33:2e:f9:57:b5, 2015-01-01 00:08:04.000,-0.98,3.153,1.896,-116.272,-84.9,62.988, , , , , , ,-17.106,-15.43,-117.806
 12:21:47.816,eb:33:2e:f9:57:b5, 2015-01-01 00:08:04.000,-1.074,3.237,1.798,-92.346,-78.308,53.223, , , , , , ,-17.726,-15.727,-117.4
 12:21:47.816,eb:33:2e:f9:57:b5, 2015-01-01 00:08:04.000,-1.142,3.284,1.686,-67.566,-75.073,43.701, , , , , , ,-18.215,-16.018,-117.043
 12:21:47.816,eb:33:2e:f9:57:b5, 2015-01-01 00:08:04.000,-1.223,3.27,1.59,-42.969,-72.693,35.217, , , , , , ,-18.567,-16.309,-116.73
 12:21:47.816,eb:33:2e:f9:57:b5, 2015-01-01 00:08:04.000,-1.31,3.18,1.521,-19.287,-69.946,28.442, , , , , , ,-18.787,-16.595,-116.455
 12:21:47.816,eb:33:2e:f9:57:b5, 2015-01-01 00:08:04.000,-1.384,3.059,1.491,2.93,-64.88,24.048, , , , , , ,-18.885,-16.87,-116.219
 12:21:47.817,eb:33:2e:f9:57:b5, 2015-01-01 00:08:04.000,-1.423,2.913,1.489,23.254,-57.068,21.667, , , , , , ,-18.869,-17.117,-116.005
 12:21:47.838,eb:33:2e:f9:57:b5, 2015-01-01 00:08:04.000,-1.446,2.744,1.574,42.297,-44.861,21.057, , , , , , ,-18.754,-17.32,-115.812
 12:21:47.838,eb:33:2e:f9:57:b5, 2015-01-01 00:08:04.000,-1.47,2.58,1.656,59.631,-27.71,21.973, , , , , , ,-18.539,-17.452,-115.648
 12:21:47.838,eb:33:2e:f9:57:b5, 2015-01-01 00:08:04.000,-1.466,2.441,1.634,74.158,-8.545,23.987, , , , , , ,-18.237,-17.496,-115.505
 12:21:47.838,eb:33:2e:f9:57:b5, 2015-01-01 00:08:04.000,-1.426,2.347,1.571,85.938,8.179,27.344, , , , , , ,-17.858,-17.441,-115.378
 12:21:47.838,eb:33:2e:f9:57:b5, 2015-01-01 00:08:04.000,-1.07,2.248,1.558,96.313,20.569,30.396, , , , , , ,-17.435,-17.32,-115.258
 12:21:47.838,eb:33:2e:f9:57:b5, 2015-01-01 00:08:04.000,-0.164,2.013,2.186,135.559,45.349,-6.653, , , , , , ,-16.897,-17.155,-115.208
 12:21:47.839,eb:33:2e:f9:57:b5, 2015-01-01 00:08:04.000,0.034,-1.177,7.29,163.025,311.646,69.092, , , , , , ,-16.024,-16.002,-115.356
 12:21:47.839,eb:33:2e:f9:57:b5, 2015-01-01 00:08:04.000,1.799,-0.199,1.715,164.917,285.4,79.956, , , , , , ,-15.178,-14.557,-115.389
 12:21:47.883,eb:33:2e:f9:57:b5, 2015-01-01 00:08:04.000,0.889,-0.759,0.994,147.339,345.276,66.284, , , , , , ,-14.392,-12.92,-115.461
 12:21:47.883,eb:33:2e:f9:57:b5, 2015-01-01 00:08:04.000,0.243,-0.502,1.167,152.283,344.36,67.322, , , , , , ,-13.629,-11.151,-115.565
 12:21:47.883,eb:33:2e:f9:57:b5, 2015-01-01 00:08:04.000,-0.536,-1.923,0.635,200.256,291.504,87.83, , , , , , ,-12.75,-9.503,-115.554
 12:21:47.883,eb:33:2e:f9:57:b5, 2015-01-01 00:08:04.000,-0.549,-1.321,0.596,248.596,235.474,87.646, , , , , , ,-11.613,-8.146,-115.389
 12:21:47.883,eb:33:2e:f9:57:b5, 2015-01-01 00:08:04.000,-0.814,-0.611,0.896,272.339,205.75,76.355, , , , , , ,-10.316,-7.009,-115.203
 12:21:47.883,eb:33:2e:f9:57:b5, 2015-01-01 00:08:04.000,-0.779,-0.078,1.192,272.888,186.89,58.472, , , , , , ,-8.959,-6.004,-115.043
 12:21:47.883,eb:33:2e:f9:57:b5, 2015-01-01 00:08:04.000,-0.619,0.484,1.131,254.7,161.011,36.072, , , , , , ,-7.657,-5.114,-114.939
 12:21:47.883,eb:33:2e:f9:57:b5, 2015-01-01 00:08:04.000,-0.882,0.598,1.27,219.727,120.117,20.325, , , , , , ,-6.465,-4.411,-114.901
 12:21:47.927,eb:33:2e:f9:57:b5, 2015-01-01 00:08:04.315,-0.417,1.229,1.242,154.541,82.092,4.028, , , , , , ,-5.565,-3.917,-114.901
 12:21:47.927,eb:33:2e:f9:57:b5, 2015-01-01 00:08:04.315,-0.267,0.674,1.168,110.474,56.519,3.906, , , , , , ,-4.933,-3.598,-114.917
 12:21:47.927,eb:33:2e:f9:57:b5, 2015-01-01 00:08:04.315,-0.153,0.35,1.099,79.468,55.115,12.146, , , , , , ,-4.477,-3.323,-114.895
 12:21:47.927,eb:33:2e:f9:57:b5, 2015-01-01 00:08:04.315,0.014,0.089,1.03,59.204,57.861,28.198, , , , , , ,-4.136,-3.021,-114.807
 12:21:47.927,eb:33:2e:f9:57:b5, 2015-01-01 00:08:04.315,0.051,0.001,1.052,45.898,60.364,44.617, , , , , , ,-3.895,-2.714,-114.637
 12:21:47.927,eb:33:2e:f9:57:b5, 2015-01-01 00:08:04.315,-0.314,0.029,1.019,38.086,66.833,46.753, , , , , , ,-3.697,-2.384,-114.423
 12:21:47.927,eb:33:2e:f9:57:b5, 2015-01-01 00:08:04.315,-0.451,0.399,0.745,27.039,48.462,28.564, , , , , , ,-3.543,-2.071,-114.247
 12:21:47.927,eb:33:2e:f9:57:b5, 2015-01-01 00:08:04.315,-0.203,0.217,0.643,18.799,19.409,12.085, , , , , , ,-3.428,-1.917,-114.17
 12:21:47.974,eb:33:2e:f9:57:b5, 2015-01-01 00:08:04.315,-0.028,0.081,0.876,19.348,13.55,-0.122, , , , , , ,-3.334,-1.84,-114.159
 12:21:47.974,eb:33:2e:f9:57:b5, 2015-01-01 00:08:04.315,0.092,-0.08,0.969,17.822,11.108,3.54, , , , , , ,-3.241,-1.78,-114.159
 12:21:47.974,eb:33:2e:f9:57:b5, 2015-01-01 00:08:04.315,-0.017,0.013,1.034,12.756,12.695,9.827, , , , , , ,-3.17,-1.719,-114.12
 12:21:47.974,eb:33:2e:f9:57:b5, 2015-01-01 00:08:04.315,-0.133,0.039,1.005,9.644,14.587,10.559, , , , , , ,-3.104,-1.637,-114.071
 12:21:47.974,eb:33:2e:f9:57:b5, 2015-01-01 00:08:04.315,-0.094,-0.01,0.913,9.277,8.972,6.531, , , , , , ,-3.06,-1.577,-114.033
 12:21:47.974,eb:33:2e:f9:57:b5, 2015-01-01 00:08:04.315,-0.023,-0.036,0.945,10.01,3.967,2.93, , , , , , ,-3.01,-1.549,-114.011
 12:21:47.974,eb:33:2e:f9:57:b5, 2015-01-01 00:08:04.315,-0.012,-0.037,1.002,9.827,3.174,2.197, , , , , , ,-2.961,-1.533,-114
 12:21:47.974,eb:33:2e:f9:57:b5, 2015-01-01 00:08:04.315,-0.028,-0.031,1.015,9.155,3.357,2.319, , , , , , ,-2.906,-1.505,-113.989
 12:21:47.995,eb:33:2e:f9:57:b5, 2015-01-01 00:08:04.315,-0.025,-0.044,1.002,9.094,2.502,1.709, , , , , , ,-2.856,-1.489,-113.978
 12:21:47.995,eb:33:2e:f9:57:b5, 2015-01-01 00:08:04.315,-0.009,-0.044,1.002,9.216,1.77,0.793, , , , , , ,-2.812,-1.478,-113.972
 12:21:47.995,eb:33:2e:f9:57:b5, 2015-01-01 00:08:04.315,0.019,-0.041,1.009,9.216,2.014,0.488, , , , , , ,-2.769,-1.472,-113.967
 12:21:47.995,eb:33:2e:f9:57:b5, 2015-01-01 00:08:04.315,0.026,-0.036,1.018,9.216,3.479,0.183, , , , , , ,-2.708,-1.445,-113.967
 12:21:47.995,eb:33:2e:f9:57:b5, 2015-01-01 00:08:04.315,0.031,-0.021,1.011,8.789,5.249,0.061, , , , , , ,-2.664,-1.423,-113.967
 12:21:47.995,eb:33:2e:f9:57:b5, 2015-01-01 00:08:04.315,0.018,-0.009,1.014,8.057,7.507,0, , , , , , ,-2.62,-1.39,-113.967
 12:21:47.995,eb:33:2e:f9:57:b5, 2015-01-01 00:08:04.315,0.023,-0.004,1.01,7.324,9.094,-0.549, , , , , , ,-2.587,-1.351,-113.972
 12:21:47.995,eb:33:2e:f9:57:b5, 2015-01-01 00:08:04.315,0.008,-0.013,1.012,6.836,10.376,-1.465, , , , , , ,-2.538,-1.291,-113.978
 12:21:48.040,eb:33:2e:f9:57:b5, 2015-01-01 00:08:04.315,-0.007,-0.021,1.012,6.531,11.414,-1.831, , , , , , ,-2.505,-1.236,-113.989
 12:21:48.040,eb:33:2e:f9:57:b5, 2015-01-01 00:08:04.315,-0.022,-0.026,1.003,6.165,11.841,-2.136, , , , , , ,-2.472,-1.176,-114
 12:21:48.040,eb:33:2e:f9:57:b5, 2015-01-01 00:08:04.315,-0.025,-0.03,0.996,5.737,11.536,-2.502, , , , , , ,-2.444,-1.121,-114.016
 12:21:48.040,eb:33:2e:f9:57:b5, 2015-01-01 00:08:04.315,-0.02,-0.032,1,5.615,11.23,-2.808, , , , , , ,-2.401,-1.055,-114.027
 12:21:48.040,eb:33:2e:f9:57:b5, 2015-01-01 00:08:04.315,-0.02,-0.038,1.015,5.615,11.353,-3.296, , , , , , ,-2.373,-1,-114.049
 12:21:48.040,eb:33:2e:f9:57:b5, 2015-01-01 00:08:04.315,-0.03,-0.043,1.024,5.981,11.658,-3.967, , , , , , ,-2.346,-0.945,-114.066
 12:21:48.040,eb:33:2e:f9:57:b5, 2015-01-01 00:08:04.315,-0.035,-0.048,1.02,6.409,11.658,-4.578, , , , , , ,-2.313,-0.884,-114.093
 12:21:48.040,eb:33:2e:f9:57:b5, 2015-01-01 00:08:04.315,-0.04,-0.045,1.006,6.653,10.925,-5.188, , , , , , ,-2.269,-0.818,-114.115
 12:21:48.085,eb:33:2e:f9:57:b5, 2015-01-01 00:08:04.315,-0.05,-0.045,1.007,7.08,10.193,-5.798, , , , , , ,-2.236,-0.769,-114.148
 12:21:48.085,eb:33:2e:f9:57:b5, 2015-01-01 00:08:04.315,-0.044,-0.045,0.992,7.324,8.85,-6.042, , , , , , ,-2.197,-0.725,-114.175
 12:21:48.085,eb:33:2e:f9:57:b5, 2015-01-01 00:08:04.315,-0.052,-0.042,0.992,7.568,7.446,-6.409, , , , , , ,-2.159,-0.687,-114.208
 12:21:48.085,eb:33:2e:f9:57:b5, 2015-01-01 00:08:04.315,-0.038,-0.045,0.986,7.812,5.859,-6.226, , , , , , ,-2.109,-0.643,-114.241
 12:21:48.085,eb:33:2e:f9:57:b5, 2015-01-01 00:08:04.315,-0.034,-0.04,0.999,8.179,5.005,-6.47, , , , , , ,-2.071,-0.621,-114.274
 12:21:48.085,eb:33:2e:f9:57:b5, 2015-01-01 00:08:04.315,-0.026,-0.035,0.996,8.423,4.211,-6.348, , , , , , ,-2.027,-0.599,-114.307
 12:21:48.085,eb:33:2e:f9:57:b5, 2015-01-01 00:08:04.315,-0.023,-0.029,0.995,8.362,3.54,-6.104, , , , , , ,-1.989,-0.582,-114.34
 12:21:48.086,eb:33:2e:f9:57:b5, 2015-01-01 00:08:04.315,-0.022,-0.026,0.992,8.301,2.93,-5.676, , , , , , ,-1.934,-0.555,-114.368
 12:21:48.131,eb:33:2e:f9:57:b5, 2015-01-01 00:08:04.315,-0.017,-0.029,0.994,8.24,2.197,-4.639, , , , , , ,-1.89,-0.544,-114.395
 12:21:48.131,eb:33:2e:f9:57:b5, 2015-01-01 00:08:04.315,-0.007,-0.022,1,8.423,1.77,-4.395, , , , , , ,-1.851,-0.538,-114.417
 12:21:48.131,eb:33:2e:f9:57:b5, 2015-01-01 00:08:04.315,-0.017,-0.016,0.997,8.24,2.197,-4.272, , , , , , ,-1.807,-0.527,-114.439
 12:21:48.131,eb:33:2e:f9:57:b5, 2015-01-01 00:08:04.315,0.002,-0.023,1,8.179,2.441,-3.479, , , , , , ,-1.752,-0.505,-114.456
 12:21:48.131,eb:33:2e:f9:57:b5, 2015-01-01 00:08:04.315,-0.003,-0.012,1.008,7.935,3.601,-3.54, , , , , , ,-1.714,-0.494,-114.472
 12:21:48.131,eb:33:2e:f9:57:b5, 2015-01-01 00:08:04.315,0,-0.007,0.996,7.202,4.7,-3.418, , , , , , ,-1.675,-0.472,-114.489
 12:21:48.131,eb:33:2e:f9:57:b5, 2015-01-01 00:08:04.315,-0.013,-0.005,0.99,6.47,5.615,-3.601, , , , , , ,-1.642,-0.445,-114.51
 12:21:48.131,eb:33:2e:f9:57:b5, 2015-01-01 00:08:04.315,-0.02,-0.008,0.986,5.737,6.165,-3.357, , , , , , ,-1.604,-0.406,-114.527
 12:21:48.176,eb:33:2e:f9:57:b5, 2015-01-01 00:08:04.315,-0.02,-0.011,0.981,5.188,6.165,-3.113, , , , , , ,-1.577,-0.379,-114.543
 12:21:48.176,eb:33:2e:f9:57:b5, 2015-01-01 00:08:04.315,-0.02,-0.01,0.981,4.761,5.737,-2.808, , , , , , ,-1.549,-0.352,-114.56
 12:21:48.176,eb:33:2e:f9:57:b5, 2015-01-01 00:08:04.315,-0.018,-0.015,0.992,4.578,5.798,-2.563, , , , , , ,-1.527,-0.319,-114.571
 12:21:48.176,eb:33:2e:f9:57:b5, 2015-01-01 00:08:04.315,-0.006,-0.016,0.992,4.578,5.554,-2.563, , , , , , ,-1.494,-0.28,-114.582
 12:21:48.176,eb:33:2e:f9:57:b5, 2015-01-01 00:08:04.315,0.005,-0.008,0.997,5.005,4.883,-3.052, , , , , , ,-1.472,-0.258,-114.598
 12:21:48.176,eb:33:2e:f9:57:b5, 2015-01-01 00:08:04.315,-0.029,-0.006,1.026,6.042,4.883,-4.089, , , , , , ,-1.445,-0.236,-114.615
 12:21:48.176,eb:33:2e:f9:57:b5, 2015-01-01 00:08:04.315,-0.031,-0.039,1.039,8.057,4.089,-4.211, , , , , , ,-1.406,-0.214,-114.637
 12:21:48.176,eb:33:2e:f9:57:b5, 2015-01-01 00:08:04.315,-0.058,-0.057,1.065,11.292,2.625,-4.578, , , , , , ,-1.346,-0.187,-114.659
 12:21:48.197,eb:33:2e:f9:57:b5, 2015-01-01 00:08:04.605,-0.032,-0.067,1.044,14.404,0.244,-4.15, , , , , , ,-1.28,-0.181,-114.681
 12:21:48.197,eb:33:2e:f9:57:b5, 2015-01-01 00:08:04.605,-0.05,-0.034,1.02,15.93,-0.427,-4.395, , , , , , ,-1.203,-0.187,-114.703
 12:21:48.197,eb:33:2e:f9:57:b5, 2015-01-01 00:08:04.605,-0.051,-0.033,1.016,17.517,-1.953,-4.456, , , , , , ,-1.121,-0.192,-114.725
 12:21:48.197,eb:33:2e:f9:57:b5, 2015-01-01 00:08:04.605,-0.036,-0.04,1.026,20.203,-3.967,-4.395, , , , , , ,-1.016,-0.198,-114.747
 12:21:48.197,eb:33:2e:f9:57:b5, 2015-01-01 00:08:04.605,-0.052,-0.033,1.046,22.339,-4.517,-4.944, , , , , , ,-0.906,-0.22,-114.769
 12:21:48.197,eb:33:2e:f9:57:b5, 2015-01-01 00:08:04.605,-0.024,-0.044,1.041,24.597,-5.615,-5.066, , , , , , ,-0.791,-0.253,-114.791
 12:21:48.198,eb:33:2e:f9:57:b5, 2015-01-01 00:08:04.605,-0.022,-0.023,1.049,26.062,-7.996,-7.08, , , , , , ,-0.659,-0.286,-114.818
 12:21:48.198,eb:33:2e:f9:57:b5, 2015-01-01 00:08:04.605,-0.003,-0.042,1.087,27.832,-5.737,-6.348, , , , , , ,-0.511,-0.308,-114.851
 12:21:48.243,eb:33:2e:f9:57:b5, 2015-01-01 00:08:04.605,0.003,-0.014,1.049,28.992,-3.723,-6.958, , , , , , ,-0.374,-0.33,-114.884
 12:21:48.243,eb:33:2e:f9:57:b5, 2015-01-01 00:08:04.605,0.014,0.013,1.025,29.358,-3.296,-8.484, , , , , , ,-0.225,-0.352,-114.922
 12:21:48.244,eb:33:2e:f9:57:b5, 2015-01-01 00:08:04.605,0.036,0.019,1.045,30.212,-2.441,-9.338, , , , , , ,-0.077,-0.363,-114.966
 12:21:48.244,eb:33:2e:f9:57:b5, 2015-01-01 00:08:04.605,0.046,0.023,1.066,31.494,-1.099,-10.925, , , , , , ,0.082,-0.363,-115.016
 12:21:48.244,eb:33:2e:f9:57:b5, 2015-01-01 00:08:04.605,0.017,0.034,1.066,32.41,1.038,-11.963, , , , , , ,0.247,-0.363,-115.071
 12:21:48.244,eb:33:2e:f9:57:b5, 2015-01-01 00:08:04.605,0.035,0.037,1.036,33.203,1.038,-13.55, , , , , , ,0.412,-0.357,-115.137
 12:21:48.244,eb:33:2e:f9:57:b5, 2015-01-01 00:08:04.605,0.03,0.03,1.09,33.997,3.479,-15.259, , , , , , ,0.577,-0.346,-115.208
 12:21:48.244,eb:33:2e:f9:57:b5, 2015-01-01 00:08:04.605,0.031,0.024,1.091,34.302,6.714,-15.991, , , , , , ,0.758,-0.308,-115.285
 12:21:48.288,eb:33:2e:f9:57:b5, 2015-01-01 00:08:04.605,0.005,0.02,1.109,34.18,11.169,-15.991, , , , , , ,0.934,-0.258,-115.362
 12:21:48.288,eb:33:2e:f9:57:b5, 2015-01-01 00:08:04.605,0.004,0.015,1.085,34.241,14.404,-15.747, , , , , , ,1.104,-0.192,-115.439
 12:21:48.288,eb:33:2e:f9:57:b5, 2015-01-01 00:08:04.605,0.024,0.035,1.043,34.241,16.418,-15.869, , , , , , ,1.274,-0.115,-115.516
 12:21:48.288,eb:33:2e:f9:57:b5, 2015-01-01 00:08:04.605,0.035,0.066,1.031,34.424,17.151,-16.235, , , , , , ,1.456,-0.016,-115.593
 12:21:48.288,eb:33:2e:f9:57:b5, 2015-01-01 00:08:04.605,0.019,0.072,1.04,35.217,17.883,-17.334, , , , , , ,1.631,0.066,-115.675
 12:21:48.288,eb:33:2e:f9:57:b5, 2015-01-01 00:08:04.605,-0.016,0.052,1.071,36.804,18.799,-18.005, , , , , , ,1.807,0.159,-115.763
 12:21:48.288,eb:33:2e:f9:57:b5, 2015-01-01 00:08:04.605,0,0.016,1.085,38.635,19.714,-18.066, , , , , , ,2,0.264,-115.845
 12:21:48.288,eb:33:2e:f9:57:b5, 2015-01-01 00:08:04.605,-0.014,0.011,1.143,41.138,21.179,-18.188, , , , , , ,2.208,0.379,-115.933
 12:21:48.357,eb:33:2e:f9:57:b5, 2015-01-01 00:08:04.605,-0.011,0.002,1.15,44.373,21.606,-18.25, , , , , , ,2.422,0.489,-116.021
 12:21:48.357,eb:33:2e:f9:57:b5, 2015-01-01 00:08:04.605,0,-0.024,1.249,48.523,23.56,-17.944, , , , , , ,2.653,0.604,-116.104
 12:21:48.357,eb:33:2e:f9:57:b5, 2015-01-01 00:08:04.605,-0.007,-0.048,1.334,52.49,28.076,-17.273, , , , , , ,2.906,0.736,-116.186
 12:21:48.357,eb:33:2e:f9:57:b5, 2015-01-01 00:08:04.605,-0.012,-0.062,1.344,57.007,32.593,-16.113, , , , , , ,3.192,0.906,-116.257
 12:21:48.357,eb:33:2e:f9:57:b5, 2015-01-01 00:08:04.605,-0.028,-0.055,1.344,61.646,36.011,-14.771, , , , , , ,3.488,1.082,-116.323
 12:21:48.357,eb:33:2e:f9:57:b5, 2015-01-01 00:08:04.605,-0.014,-0.045,1.318,67.383,37.659,-13.977, , , , , , ,3.812,1.274,-116.384
 12:21:48.357,eb:33:2e:f9:57:b5, 2015-01-01 00:08:04.605,-0.06,-0.028,1.302,73.303,38.757,-13.794, , , , , , ,4.164,1.467,-116.439
 12:21:48.357,eb:33:2e:f9:57:b5, 2015-01-01 00:08:04.605,-0.111,-0.068,1.277,78.735,39.673,-12.39, , , , , , ,4.559,1.681,-116.488
 12:21:48.378,eb:33:2e:f9:57:b5, 2015-01-01 00:08:04.605,-0.13,-0.113,1.312,84.717,40.771,-10.01, , , , , , ,4.966,1.884,-116.521
 12:21:48.378,eb:33:2e:f9:57:b5, 2015-01-01 00:08:04.605,-0.115,-0.13,1.36,92.102,41.26,-7.751, , , , , , ,5.411,2.093,-116.543
 12:21:48.378,eb:33:2e:f9:57:b5, 2015-01-01 00:08:04.605,-0.119,-0.114,1.339,99.426,41.443,-5.615, , , , , , ,5.894,2.302,-116.559
 12:21:48.378,eb:33:2e:f9:57:b5, 2015-01-01 00:08:04.605,-0.083,-0.089,1.283,106.628,40.527,-3.418, , , , , , ,6.422,2.516,-116.554
 12:21:48.378,eb:33:2e:f9:57:b5, 2015-01-01 00:08:04.605,-0.048,-0.063,1.346,115.601,38.879,-2.808, , , , , , ,6.982,2.714,-116.548
 12:21:48.378,eb:33:2e:f9:57:b5, 2015-01-01 00:08:04.605,-0.047,-0.04,1.349,125.244,39.368,-1.526, , , , , , ,7.586,2.911,-116.532
 12:21:48.378,eb:33:2e:f9:57:b5, 2015-01-01 00:08:04.605,-0.053,-0.031,1.348,133.606,39.246,-1.038, , , , , , ,8.24,3.104,-116.51
 12:21:48.378,eb:33:2e:f9:57:b5, 2015-01-01 00:08:04.605,-0.052,-0.033,1.396,142.639,38.452,-0.793, , , , , , ,8.943,3.307,-116.483
 12:21:48.400,eb:33:2e:f9:57:b5, 2015-01-01 00:08:04.605,-0.069,-0.073,1.44,152.1,39.001,-1.038, , , , , , ,9.684,3.499,-116.455
 12:21:48.400,eb:33:2e:f9:57:b5, 2015-01-01 00:08:04.605,-0.037,-0.1,1.524,162.842,39.917,-0.732, , , , , , ,10.481,3.691,-116.422
 12:21:48.400,eb:33:2e:f9:57:b5, 2015-01-01 00:08:04.605,-0.032,-0.08,1.565,173.157,42.358,-0.61, , , , , , ,11.327,3.895,-116.389
 12:21:48.400,eb:33:2e:f9:57:b5, 2015-01-01 00:08:04.605,0.013,-0.082,1.585,184.143,44.25,-1.282, , , , , , ,12.233,4.114,-116.345
 12:21:48.400,eb:33:2e:f9:57:b5, 2015-01-01 00:08:04.605,0.016,-0.085,1.67,196.045,48.279,-2.747, , , , , , ,13.195,4.345,-116.307
 12:21:48.400,eb:33:2e:f9:57:b5, 2015-01-01 00:08:04.605,0.022,-0.082,1.674,208.496,51.819,-4.578, , , , , , ,14.216,4.592,-116.263
 12:21:48.400,eb:33:2e:f9:57:b5, 2015-01-01 00:08:04.605,0,-0.086,1.717,222.473,54.504,-6.104, , , , , , ,15.298,4.861,-116.219
 12:21:48.400,eb:33:2e:f9:57:b5, 2015-01-01 00:08:04.605,-0.027,-0.136,1.777,237.549,56.396,-6.714, , , , , , ,16.469,5.147,-116.169
 12:21:48.446,eb:33:2e:f9:57:b5, 2015-01-01 00:08:04.605,-0.007,-0.221,1.946,253.784,61.279,-6.653, , , , , , ,17.71,5.438,-116.115
 12:21:48.446,eb:33:2e:f9:57:b5, 2015-01-01 00:08:04.605,0.053,-0.255,2.114,272.217,68.665,-6.897, , , , , , ,19.039,5.757,-116.043
 12:21:48.446,eb:33:2e:f9:57:b5, 2015-01-01 00:08:04.605,0.147,-0.199,2.249,292.48,77.881,-8.911, , , , , , ,20.468,6.119,-115.955
 12:21:48.446,eb:33:2e:f9:57:b5, 2015-01-01 00:08:04.605,0.172,-0.162,2.48,312.134,91.736,-12.146, , , , , , ,22.006,6.548,-115.845
 12:21:48.446,eb:33:2e:f9:57:b5, 2015-01-01 00:08:04.605,0.239,-0.26,2.669,329.651,109.863,-13.062, , , , , , ,23.637,7.042,-115.703
 12:21:48.446,eb:33:2e:f9:57:b5, 2015-01-01 00:08:04.605,0.347,-0.257,2.684,346.802,123.413,-15.198, , , , , , ,25.362,7.614,-115.516
 12:21:48.446,eb:33:2e:f9:57:b5, 2015-01-01 00:08:04.605,0.553,-0.041,2.737,368.774,127.014,-20.935, , , , , , ,27.186,8.218,-115.318
 12:21:48.446,eb:33:2e:f9:57:b5, 2015-01-01 00:08:04.605,0.483,0.029,2.646,389.343,134.888,-25.696, , , , , , ,29.125,8.86,-115.109
 12:21:48.491,eb:33:2e:f9:57:b5, 2015-01-01 00:08:04.605,0.46,0.043,2.753,403.442,147.583,-30.212, , , , , , ,31.157,9.547,-114.873
 12:21:48.491,eb:33:2e:f9:57:b5, 2015-01-01 00:08:04.605,0.538,0.042,3.004,413.635,161.926,-33.875, , , , , , ,33.25,10.294,-114.587
 12:21:48.491,eb:33:2e:f9:57:b5, 2015-01-01 00:08:04.605,0.505,-0.155,3.058,420.105,176.575,-34.607, , , , , , ,35.398,11.096,-114.247
 12:21:48.491,eb:33:2e:f9:57:b5, 2015-01-01 00:08:04.605,0.686,0.108,2.808,436.218,172.852,-42.114, , , , , , ,37.623,11.92,-113.868
 12:21:48.491,eb:33:2e:f9:57:b5, 2015-01-01 00:08:04.605,0.598,0.167,2.821,448.12,166.687,-50.537, , , , , , ,39.919,12.728,-113.516
 12:21:48.491,eb:33:2e:f9:57:b5, 2015-01-01 00:08:04.605,0.337,0.11,2.878,432.922,171.753,-52.795, , , , , , ,42.198,13.535,-113.148
 12:21:48.491,eb:33:2e:f9:57:b5, 2015-01-01 00:08:04.605,0.506,-0.044,3.364,427.734,188.293,-55.481, , , , , , ,44.445,14.376,-112.709
 12:21:48.491,eb:33:2e:f9:57:b5, 2015-01-01 00:08:04.605,0.574,-0.366,3.047,423.523,200.439,-55.359, , , , , , ,46.708,15.266,-112.187
 12:21:48.536,eb:33:2e:f9:57:b5, 2015-01-01 00:08:04.920,0.779,-0.474,2.642,421.021,195.74,-55.115, , , , , , ,48.966,16.133,-111.616
 12:21:48.536,eb:33:2e:f9:57:b5, 2015-01-01 00:08:04.920,1.019,-0.755,2.606,433.105,179.871,-61.035, , , , , , ,51.262,16.957,-111.055
 12:21:48.536,eb:33:2e:f9:57:b5, 2015-01-01 00:08:04.920,1.21,-1.074,2.519,454.529,160.278,-71.899, , , , , , ,53.63,17.732,-110.572
 12:21:48.536,eb:33:2e:f9:57:b5, 2015-01-01 00:08:04.920,1.428,-1.402,2.37,478.516,147.339,-84.595, , , , , , ,56.096,18.495,-110.165
 12:21:48.536,eb:33:2e:f9:57:b5, 2015-01-01 00:08:04.920,1.744,-1.045,2.434,498.352,153.32,-109.131, , , , , , ,58.672,19.308,-109.775
 12:21:48.536,eb:33:2e:f9:57:b5, 2015-01-01 00:08:04.920,1.825,-1.033,2.752,525.818,178.467,-146.729, , , , , , ,61.386,20.292,-109.347
 12:21:48.536,eb:33:2e:f9:57:b5, 2015-01-01 00:08:04.920,1.096,-1.023,1.808,539.673,197.083,-186.462, , , , , , ,64.259,21.489,-108.853
 12:21:48.536,eb:33:2e:f9:57:b5, 2015-01-01 00:08:04.920,0.064,0.158,-0.872,431.702,175.842,-213.44, , , , , , ,66.863,22.808,-108.375
 12:21:48.581,eb:33:2e:f9:57:b5, 2015-01-01 00:08:04.920,-0.224,0.4,-2.857,278.32,103.149,-216.614, , , , , , ,68.67,24.066,-108.138
 12:21:48.581,eb:33:2e:f9:57:b5, 2015-01-01 00:08:04.920,-0.087,-0.059,-3.264,110.291,19.897,-205.811, , , , , , ,69.489,25.148,-108.276
 12:21:48.581,eb:33:2e:f9:57:b5, 2015-01-01 00:08:04.920,0.166,-0.733,-2.001,-28.137,-42.542,-187.805, , , , , , ,69.401,26.032,-108.759
 12:21:48.581,eb:33:2e:f9:57:b5, 2015-01-01 00:08:04.920,0.385,-1.116,-0.511,-127.441,-80.383,-164.856, , , , , , ,68.626,26.724,-109.462
 12:21:48.581,eb:33:2e:f9:57:b5, 2015-01-01 00:08:04.920,0.459,-1.325,0.562,-185.486,-97.595,-141.602, , , , , , ,67.434,27.252,-110.259
 12:21:48.581,eb:33:2e:f9:57:b5, 2015-01-01 00:08:04.920,0.462,-1.462,1.202,-209.9,-96.802,-117.554, , , , , , ,66.055,27.642,-111.044
 12:21:48.581,eb:33:2e:f9:57:b5, 2015-01-01 00:08:04.920,0.468,-1.527,1.643,-209.534,-81.36,-92.651, , , , , , ,64.671,27.922,-111.742
 12:21:48.581,eb:33:2e:f9:57:b5, 2015-01-01 00:08:04.920,0.411,-1.476,1.936,-193.97,-56.58,-69.824, , , , , , ,63.402,28.13,-112.28
 12:21:48.603,eb:33:2e:f9:57:b5, 2015-01-01 00:08:04.920,0.341,-1.199,1.742,-177.124,-36.926,-50.293, , , , , , ,62.309,28.29,-112.654
 12:21:48.603,eb:33:2e:f9:57:b5, 2015-01-01 00:08:04.920,0.235,-0.909,1.33,-165.588,-23.621,-31.86, , , , , , ,61.342,28.394,-112.896
 12:21:48.603,eb:33:2e:f9:57:b5, 2015-01-01 00:08:04.920,0.15,-0.789,0.892,-160.034,-16.113,-13.794, , , , , , ,60.458,28.438,-113.049
 12:21:48.603,eb:33:2e:f9:57:b5, 2015-01-01 00:08:04.920,0.132,-0.76,0.5,-162.048,-13.672,5.432, , , , , , ,59.601,28.411,-113.132
 12:21:48.603,eb:33:2e:f9:57:b5, 2015-01-01 00:08:04.920,0.166,-0.739,0.258,-169.495,-16.357,22.705, , , , , , ,58.76,28.306,-113.159
 12:21:48.603,eb:33:2e:f9:57:b5, 2015-01-01 00:08:04.920,0.206,-0.697,0.132,-180.42,-23.499,38.086, , , , , , ,57.876,28.114,-113.154
 12:21:48.603,eb:33:2e:f9:57:b5, 2015-01-01 00:08:04.920,0.244,-0.637,0.097,-192.261,-34.668,50.72, , , , , , ,56.937,27.839,-113.159
 12:21:48.603,eb:33:2e:f9:57:b5, 2015-01-01 00:08:04.920,0.298,-0.591,0.078,-203.552,-49.194,60.425, , , , , , ,55.915,27.482,-113.192
 12:21:48.647,eb:33:2e:f9:57:b5, 2015-01-01 00:08:04.920,0.36,-0.557,0.084,-213.684,-64.636,67.627, , , , , , ,54.833,27.048,-113.258
 12:21:48.647,eb:33:2e:f9:57:b5, 2015-01-01 00:08:04.920,0.426,-0.541,0.12,-222.351,-79.224,72.449, , , , , , ,53.69,26.548,-113.351
 12:21:48.647,eb:33:2e:f9:57:b5, 2015-01-01 00:08:04.920,0.466,-0.517,0.197,-229.37,-91.553,74.951, , , , , , ,52.498,25.988,-113.494
 12:21:48.647,eb:33:2e:f9:57:b5, 2015-01-01 00:08:04.920,0.499,-0.48,0.286,-234.802,-102.295,75.684, , , , , , ,51.24,25.389,-113.67
 12:21:48.647,eb:33:2e:f9:57:b5, 2015-01-01 00:08:04.920,0.518,-0.438,0.382,-239.075,-111.084,74.524, , , , , , ,49.971,24.752,-113.868
 12:21:48.647,eb:33:2e:f9:57:b5, 2015-01-01 00:08:04.920,0.53,-0.397,0.452,-243.286,-118.774,72.083, , , , , , ,48.669,24.099,-114.082
 12:21:48.647,eb:33:2e:f9:57:b5, 2015-01-01 00:08:04.920,0.541,-0.358,0.493,-248.23,-125.793,68.542, , , , , , ,47.34,23.428,-114.324
 12:21:48.647,eb:33:2e:f9:57:b5, 2015-01-01 00:08:04.920,0.548,-0.323,0.512,-255.31,-132.141,64.575, , , , , , ,45.956,22.736,-114.598
 12:21:48.693,eb:33:2e:f9:57:b5, 2015-01-01 00:08:04.920,0.556,-0.294,0.521,-264.587,-138.428,59.692, , , , , , ,44.544,22.039,-114.884
 12:21:48.693,eb:33:2e:f9:57:b5, 2015-01-01 00:08:04.920,0.57,-0.274,0.532,-275.94,-144.653,54.321, , , , , , ,43.072,21.33,-115.186
 12:21:48.693,eb:33:2e:f9:57:b5, 2015-01-01 00:08:04.920,0.599,-0.264,0.562,-288.391,-150.635,48.462, , , , , , ,41.534,20.61,-115.521
 12:21:48.693,eb:33:2e:f9:57:b5, 2015-01-01 00:08:04.920,0.627,-0.262,0.623,-300.415,-155.762,41.931, , , , , , ,39.913,19.88,-115.884
 12:21:48.693,eb:33:2e:f9:57:b5, 2015-01-01 00:08:04.920,0.633,-0.263,0.696,-311.279,-159.79,35.156, , , , , , ,38.254,19.144,-116.257
 12:21:48.693,eb:33:2e:f9:57:b5, 2015-01-01 00:08:04.920,0.637,-0.257,0.758,-319.519,-164.124,27.649, , , , , , ,36.546,18.402,-116.642
 12:21:48.693,eb:33:2e:f9:57:b5, 2015-01-01 00:08:04.920,0.632,-0.236,0.83,-325.256,-168.091,19.958, , , , , , ,34.799,17.661,-117.054
 12:21:48.693,eb:33:2e:f9:57:b5, 2015-01-01 00:08:04.920,0.624,-0.209,0.897,-328.491,-172.18,12.146, , , , , , ,33.014,16.902,-117.493
 12:21:48.738,eb:33:2e:f9:57:b5, 2015-01-01 00:08:04.920,0.604,-0.18,0.955,-329.285,-176.575,4.639, , , , , , ,31.24,16.144,-117.944
 12:21:48.738,eb:33:2e:f9:57:b5, 2015-01-01 00:08:04.920,0.579,-0.154,1.023,-327.515,-182.922,-4.395, , , , , , ,29.465,15.364,-118.416
 12:21:48.738,eb:33:2e:f9:57:b5, 2015-01-01 00:08:04.920,0.559,-0.133,1.068,-324.646,-188.782,-11.536, , , , , , ,27.708,14.568,-118.916
 12:21:48.738,eb:33:2e:f9:57:b5, 2015-01-01 00:08:04.920,0.51,-0.113,1.128,-321.655,-195.007,-17.944, , , , , , ,25.95,13.733,-119.443
 12:21:48.738,eb:33:2e:f9:57:b5, 2015-01-01 00:08:04.920,0.473,-0.106,1.174,-318.97,-202.148,-23.56, , , , , , ,24.225,12.876,-119.976
 12:21:48.738,eb:33:2e:f9:57:b5, 2015-01-01 00:08:04.920,0.388,-0.088,1.232,-317.566,-209.9,-27.771, , , , , , ,22.516,11.981,-120.515
 12:21:48.738,eb:33:2e:f9:57:b5, 2015-01-01 00:08:04.920,0.424,-0.116,1.386,-319.092,-211.365,-31.25, , , , , , ,20.819,11.052,-121.053
 12:21:48.738,eb:33:2e:f9:57:b5, 2015-01-01 00:08:04.920,0.422,-0.104,1.449,-320.129,-215.637,-32.043, , , , , , ,19.105,10.085,-121.575
 12:21:48.761,eb:33:2e:f9:57:b5, 2015-01-01 00:08:04.920,0.391,-0.112,1.391,-321.838,-223.206,-34.119, , , , , , ,17.413,9.091,-122.08
 12:21:48.761,eb:33:2e:f9:57:b5, 2015-01-01 00:08:04.920,0.339,-0.118,1.442,-323.914,-230.347,-34.912, , , , , , ,15.721,8.053,-122.574
 12:21:48.761,eb:33:2e:f9:57:b5, 2015-01-01 00:08:04.920,0.309,-0.148,1.497,-325.623,-238.281,-34.302, , , , , , ,14.035,6.96,-123.047
 12:21:48.761,eb:33:2e:f9:57:b5, 2015-01-01 00:08:04.920,0.255,-0.172,1.59,-326.843,-245.544,-32.104, , , , , , ,12.332,5.806,-123.492
 12:21:48.761,eb:33:2e:f9:57:b5, 2015-01-01 00:08:04.920,0.172,-0.202,1.69,-327.087,-252.075,-28.015, , , , , , ,10.662,4.614,-123.887
 12:21:48.761,eb:33:2e:f9:57:b5, 2015-01-01 00:08:04.920,0.095,-0.222,1.778,-326.477,-258.484,-21.301, , , , , , ,9.003,3.373,-124.222
 12:21:48.761,eb:33:2e:f9:57:b5, 2015-01-01 00:08:04.920,0.024,-0.219,1.88,-325.317,-263.672,-12.878, , , , , , ,7.361,2.087,-124.492
 12:21:48.761,eb:33:2e:f9:57:b5, 2015-01-01 00:08:04.920,-0.063,-0.191,2.006,-324.402,-266.296,-2.258, , , , , , ,5.713,0.758,-124.673
 12:21:48.805,eb:33:2e:f9:57:b5, 2015-01-01 00:08:04.920,-0.121,-0.163,2.123,-323.059,-268.494,9.216, , , , , , ,4.092,-0.571,-124.766
 12:21:48.805,eb:33:2e:f9:57:b5, 2015-01-01 00:08:04.920,-0.185,-0.101,2.264,-321.167,-267.822,21.912, , , , , , ,2.483,-1.917,-124.755
 12:21:48.805,eb:33:2e:f9:57:b5, 2015-01-01 00:08:04.920,-0.227,-0.012,2.384,-318.542,-265.442,34.668, , , , , , ,0.873,-3.252,-124.645
 12:21:48.805,eb:33:2e:f9:57:b5, 2015-01-01 00:08:04.920,-0.26,0.116,2.504,-315.002,-260.376,47.241, , , , , , ,-0.736,-4.581,-124.437
 12:21:48.805,eb:33:2e:f9:57:b5, 2015-01-01 00:08:04.920,-0.308,0.283,2.629,-308.838,-255.31,57.617, , , , , , ,-2.324,-5.856,-124.129
 12:21:48.805,eb:33:2e:f9:57:b5, 2015-01-01 00:08:04.920,-0.383,0.498,2.754,-300.476,-250.061,66.956, , , , , , ,-3.889,-7.097,-123.739
 12:21:48.805,eb:33:2e:f9:57:b5, 2015-01-01 00:08:04.920,-0.441,0.733,2.842,-289.673,-246.826,74.28, , , , , , ,-5.422,-8.306,-123.278
 12:21:48.805,eb:33:2e:f9:57:b5, 2015-01-01 00:08:04.920,-0.528,0.985,2.898,-278.442,-242.92,80.322, , , , , , ,-6.938,-9.492,-122.75
 12:21:48.873,eb:33:2e:f9:57:b5, 2015-01-01 00:08:05.210,-0.636,1.225,2.934,-267.09,-239.075,85.327, , , , , , ,-8.399,-10.629,-122.162
 12:21:48.873,eb:33:2e:f9:57:b5, 2015-01-01 00:08:05.210,-0.77,1.438,2.951,-255.066,-234.863,89.05, , , , , , ,-9.822,-11.728,-121.531
 12:21:48.873,eb:33:2e:f9:57:b5, 2015-01-01 00:08:05.210,-0.927,1.654,2.929,-242.004,-230.103,91.309, , , , , , ,-11.201,-12.788,-120.855
 12:21:48.873,eb:33:2e:f9:57:b5, 2015-01-01 00:08:05.210,-1.029,1.898,2.887,-226.929,-224.426,92.102, , , , , , ,-12.546,-13.81,-120.152
 12:21:48.873,eb:33:2e:f9:57:b5, 2015-01-01 00:08:05.210,-1.118,2.196,2.878,-210.449,-215.027,91.187, , , , , , ,-13.81,-14.771,-119.432
 12:21:48.873,eb:33:2e:f9:57:b5, 2015-01-01 00:08:05.210,-1.187,2.505,2.86,-191.711,-200.806,88.257, , , , , , ,-14.996,-15.661,-118.713
 12:21:48.873,eb:33:2e:f9:57:b5, 2015-01-01 00:08:05.210,-1.255,2.79,2.825,-169.312,-180.664,83.252, , , , , , ,-16.084,-16.463,-118.021
 12:21:48.873,eb:33:2e:f9:57:b5, 2015-01-01 00:08:05.210,-1.335,3.007,2.75,-142.09,-156.189,77.026, , , , , , ,-17.045,-17.15,-117.372
 12:21:48.895,eb:33:2e:f9:57:b5, 2015-01-01 00:08:05.210,-1.414,3.125,2.631,-110.901,-130.005,70.74, , , , , , ,-17.842,-17.704,-116.785
 12:21:48.895,eb:33:2e:f9:57:b5, 2015-01-01 00:08:05.210,-1.509,3.183,2.458,-80.2,-103.882,64.88, , , , , , ,-18.463,-18.144,-116.263
 12:21:48.895,eb:33:2e:f9:57:b5, 2015-01-01 00:08:05.210,-1.606,3.214,2.231,-53.406,-81.482,59.875, , , , , , ,-18.929,-18.474,-115.801
 12:21:48.895,eb:33:2e:f9:57:b5, 2015-01-01 00:08:05.210,-1.671,3.223,1.969,-27.649,-62.866,54.993, , , , , , ,-19.248,-18.71,-115.395
 12:21:48.895,eb:33:2e:f9:57:b5, 2015-01-01 00:08:05.210,-1.67,3.213,1.761,-11.108,-53.65,51.392, , , , , , ,-19.457,-18.891,-115.032
 12:21:48.895,eb:33:2e:f9:57:b5, 2015-01-01 00:08:05.210,-1.703,3.163,1.621,2.808,-45.715,48.279, , , , , , ,-19.578,-19.039,-114.703
 12:21:48.895,eb:33:2e:f9:57:b5, 2015-01-01 00:08:05.210,-1.683,3.081,1.503,17.029,-38.94,46.814, , , , , , ,-19.622,-19.155,-114.39
 12:21:48.896,eb:33:2e:f9:57:b5, 2015-01-01 00:08:05.210,-1.664,2.98,1.517,33.264,-29.297,45.288, , , , , , ,-19.583,-19.232,-114.104
 12:21:48.941,eb:33:2e:f9:57:b5, 2015-01-01 00:08:05.210,-1.649,2.882,1.607,51.575,-15.32,43.945, , , , , , ,-19.446,-19.259,-113.84
 12:21:48.941,eb:33:2e:f9:57:b5, 2015-01-01 00:08:05.210,-1.577,2.812,1.659,70.19,0.122,43.579, , , , , , ,-19.21,-19.215,-113.615
 12:21:48.941,eb:33:2e:f9:57:b5, 2015-01-01 00:08:05.210,-1.527,2.749,1.687,86.731,18.127,42.48, , , , , , ,-18.875,-19.094,-113.417
 12:21:48.941,eb:33:2e:f9:57:b5, 2015-01-01 00:08:05.210,-1.416,2.663,1.636,101.868,31.921,41.687, , , , , , ,-18.435,-18.891,-113.253
 12:21:48.941,eb:33:2e:f9:57:b5, 2015-01-01 00:08:05.210,-1.247,2.529,1.585,115.845,41.626,39.185, , , , , , ,-17.93,-18.649,-113.115
 12:21:48.941,eb:33:2e:f9:57:b5, 2015-01-01 00:08:05.210,0.828,2.338,1.688,143.555,48.523,6.592, , , , , , ,-17.32,-18.397,-113.033
 12:21:48.941,eb:33:2e:f9:57:b5, 2015-01-01 00:08:05.210,-0.745,-2.191,9.137,185.73,319.397,73.608, , , , , , ,-16.381,-17.32,-113.198
 12:21:48.941,eb:33:2e:f9:57:b5, 2015-01-01 00:08:05.210,2.467,-0.441,1.214,175.049,310.73,90.21, , , , , , ,-15.463,-15.639,-113.236
 12:21:48.962,eb:33:2e:f9:57:b5, 2015-01-01 00:08:05.210,1.785,-1.37,0.614,163.574,312.805,73.853, , , , , , ,-14.628,-14.046,-113.253
 12:21:48.962,eb:33:2e:f9:57:b5, 2015-01-01 00:08:05.210,1.078,-1.54,0.803,166.931,331.909,66.711, , , , , , ,-13.788,-12.387,-113.318
 12:21:48.962,eb:33:2e:f9:57:b5, 2015-01-01 00:08:05.210,0.192,-1.571,0.856,193.542,314.331,80.078, , , , , , ,-12.881,-10.734,-113.324
 12:21:48.962,eb:33:2e:f9:57:b5, 2015-01-01 00:08:05.210,-0.832,-1.215,0.826,227.661,290.405,98.938, , , , , , ,-11.821,-9.141,-113.209
 12:21:48.962,eb:33:2e:f9:57:b5, 2015-01-01 00:08:05.210,-0.803,-0.504,0.689,249.39,244.995,96.008, , , , , , ,-10.651,-7.756,-112.978
 12:21:48.962,eb:33:2e:f9:57:b5, 2015-01-01 00:08:05.210,-1.048,-0.182,0.979,261.658,216.858,81.543, , , , , , ,-9.388,-6.57,-112.742
 12:21:48.962,eb:33:2e:f9:57:b5, 2015-01-01 00:08:05.210,-0.815,0.094,1.179,253.235,184.875,65.552, , , , , , ,-8.113,-5.532,-112.538
 12:21:48.962,eb:33:2e:f9:57:b5, 2015-01-01 00:08:05.210,-0.787,0.56,1.312,220.825,145.63,46.753, , , , , , ,-6.943,-4.68,-112.368
 12:21:49.009,eb:33:2e:f9:57:b5, 2015-01-01 00:08:05.210,-0.708,1.022,1.442,164.673,99.854,31.799, , , , , , ,-6.01,-4.081,-112.247
 12:21:49.009,eb:33:2e:f9:57:b5, 2015-01-01 00:08:05.210,-0.424,0.949,1.216,113.281,69.397,18.127, , , , , , ,-5.356,-3.669,-112.17
 12:21:49.009,eb:33:2e:f9:57:b5, 2015-01-01 00:08:05.210,-0.328,0.499,1.105,81.665,62.927,15.686, , , , , , ,-4.889,-3.345,-112.121
 12:21:49.009,eb:33:2e:f9:57:b5, 2015-01-01 00:08:05.210,-0.058,0.123,0.974,61.768,58.533,23.499, , , , , , ,-4.537,-3.027,-112.044
 12:21:49.009,eb:33:2e:f9:57:b5, 2015-01-01 00:08:05.210,0.113,-0.036,0.998,50.232,57.678,37.231, , , , , , ,-4.274,-2.73,-111.907
 12:21:49.009,eb:33:2e:f9:57:b5, 2015-01-01 00:08:05.210,0.005,-0.005,1.073,43.518,61.279,44.373, , , , , , ,-4.054,-2.417,-111.72
 12:21:49.009,eb:33:2e:f9:57:b5, 2015-01-01 00:08:05.210,-0.086,0.037,0.984,40.1,57.495,43.335, , , , , , ,-3.856,-2.104,-111.517
 12:21:49.009,eb:33:2e:f9:57:b5, 2015-01-01 00:08:05.210,-0.432,0.182,0.938,35.522,54.932,32.532, , , , , , ,-3.658,-1.802,-111.346
 12:21:49.053,eb:33:2e:f9:57:b5, 2015-01-01 00:08:05.210,-0.338,0.466,0.649,20.874,31.677,14.587, , , , , , ,-3.527,-1.571,-111.248
 12:21:49.053,eb:33:2e:f9:57:b5, 2015-01-01 00:08:05.210,-0.044,0.165,0.775,12.146,13.428,6.958, , , , , , ,-3.455,-1.478,-111.215
 12:21:49.053,eb:33:2e:f9:57:b5, 2015-01-01 00:08:05.210,0.056,-0.022,1.025,11.536,16.724,7.446, , , , , , ,-3.4,-1.401,-111.182
 12:21:49.053,eb:33:2e:f9:57:b5, 2015-01-01 00:08:05.210,0.04,-0.103,1.055,11.414,20.813,12.451, , , , , , ,-3.329,-1.296,-111.138
 12:21:49.053,eb:33:2e:f9:57:b5, 2015-01-01 00:08:05.210,-0.127,-0.017,1.041,10.132,23.132,14.16, , , , , , ,-3.279,-1.181,-111.072
 12:21:49.053,eb:33:2e:f9:57:b5, 2015-01-01 00:08:05.210,-0.135,-0.006,0.934,8.545,18.25,11.597, , , , , , ,-3.235,-1.071,-111.017
 12:21:49.053,eb:33:2e:f9:57:b5, 2015-01-01 00:08:05.210,-0.047,-0.015,0.924,7.507,11.536,9.766, , , , , , ,-3.197,-0.994,-110.967
 12:21:49.053,eb:33:2e:f9:57:b5, 2015-01-01 00:08:05.210,-0.009,-0.026,0.991,7.019,9.766,8.972, , , , , , ,-3.148,-0.934,-110.918
 12:21:49.098,eb:33:2e:f9:57:b5, 2015-01-01 00:08:05.210,-0.031,-0.044,1.023,7.202,10.254,8.667, , , , , , ,-3.115,-0.879,-110.88
 12:21:49.098,eb:33:2e:f9:57:b5, 2015-01-01 00:08:05.210,-0.02,-0.051,1.004,7.568,10.254,8.484, , , , , , ,-3.076,-0.829,-110.841
 12:21:49.098,eb:33:2e:f9:57:b5, 2015-01-01 00:08:05.210,-0.012,-0.036,1.008,7.69,10.254,7.385, , , , , , ,-3.038,-0.775,-110.803
 12:21:49.098,eb:33:2e:f9:57:b5, 2015-01-01 00:08:05.210,0.001,-0.025,1.007,7.69,10.498,6.104, , , , , , ,-2.988,-0.709,-110.77
 12:21:49.098,eb:33:2e:f9:57:b5, 2015-01-01 00:08:05.210,0.005,-0.023,1.013,7.629,11.658,4.883, , , , , , ,-2.95,-0.654,-110.748
 12:21:49.098,eb:33:2e:f9:57:b5, 2015-01-01 00:08:05.210,0.001,-0.019,1.014,7.446,13,4.028, , , , , , ,-2.911,-0.593,-110.731
 12:21:49.098,eb:33:2e:f9:57:b5, 2015-01-01 00:08:05.210,-0.011,-0.015,1.006,6.897,14.282,3.357, , , , , , ,-2.878,-0.522,-110.715
 12:21:49.098,eb:33:2e:f9:57:b5, 2015-01-01 00:08:05.210,-0.033,-0.014,1.001,6.409,14.832,2.502, , , , , , ,-2.829,-0.439,-110.704
 12:21:49.142,eb:33:2e:f9:57:b5, 2015-01-01 00:08:05.520,-0.038,-0.027,0.992,6.042,14.282,1.831, , , , , , ,-2.802,-0.363,-110.698
 12:21:49.142,eb:33:2e:f9:57:b5, 2015-01-01 00:08:05.520,-0.048,-0.03,0.999,5.981,13.55,1.038, , , , , , ,-2.774,-0.297,-110.693
 12:21:49.142,eb:33:2e:f9:57:b5, 2015-01-01 00:08:05.520,-0.048,-0.037,0.994,6.042,12.695,0.305, , , , , , ,-2.741,-0.231,-110.693
 12:21:49.142,eb:33:2e:f9:57:b5, 2015-01-01 00:08:05.520,-0.043,-0.041,0.999,6.165,11.658,-0.183, , , , , , ,-2.697,-0.159,-110.693
 12:21:49.142,eb:33:2e:f9:57:b5, 2015-01-01 00:08:05.520,-0.051,-0.04,1.007,6.409,11.047,-0.977, , , , , , ,-2.67,-0.104,-110.698
 12:21:49.142,eb:33:2e:f9:57:b5, 2015-01-01 00:08:05.520,-0.05,-0.038,1.002,6.592,10.132,-1.831, , , , , , ,-2.637,-0.055,-110.709
 12:21:49.142,eb:33:2e:f9:57:b5, 2015-01-01 00:08:05.520,-0.041,-0.042,1.004,6.836,9.155,-2.319, , , , , , ,-2.604,-0.005,-110.72
 12:21:49.142,eb:33:2e:f9:57:b5, 2015-01-01 00:08:05.520,-0.037,-0.042,1.014,7.507,8.423,-3.113, , , , , , ,-2.554,0.044,-110.737
 12:21:49.165,eb:33:2e:f9:57:b5, 2015-01-01 00:08:05.520,-0.05,-0.037,1.009,7.935,7.935,-4.028, , , , , , ,-2.516,0.082,-110.759
 12:21:49.165,eb:33:2e:f9:57:b5, 2015-01-01 00:08:05.520,-0.047,-0.038,0.994,8.301,6.653,-4.578, , , , , , ,-2.472,0.115,-110.781
 12:21:49.165,eb:33:2e:f9:57:b5, 2015-01-01 00:08:05.520,-0.054,-0.04,0.994,8.606,5.493,-4.883, , , , , , ,-2.433,0.143,-110.808
 12:21:49.165,eb:33:2e:f9:57:b5, 2015-01-01 00:08:05.520,-0.047,-0.034,0.975,8.423,3.784,-5.005, , , , , , ,-2.379,0.176,-110.83
 12:21:49.165,eb:33:2e:f9:57:b5, 2015-01-01 00:08:05.520,-0.044,-0.031,0.979,8.057,2.747,-5.249, , , , , , ,-2.335,0.187,-110.858
 12:21:49.165,eb:33:2e:f9:57:b5, 2015-01-01 00:08:05.520,-0.036,-0.028,0.988,7.874,2.014,-5.615, , , , , , ,-2.296,0.198,-110.885
 12:21:49.165,eb:33:2e:f9:57:b5, 2015-01-01 00:08:05.520,-0.019,-0.027,0.99,7.446,1.77,-5.981, , , , , , ,-2.258,0.209,-110.912
 12:21:49.165,eb:33:2e:f9:57:b5, 2015-01-01 00:08:05.520,-0.01,-0.02,0.994,7.324,1.648,-6.592, , , , , , ,-2.208,0.225,-110.945
 12:21:49.210,eb:33:2e:f9:57:b5, 2015-01-01 00:08:05.520,0.007,-0.012,0.993,7.263,1.831,-7.141, , , , , , ,-2.175,0.231,-110.978
 12:21:49.210,eb:33:2e:f9:57:b5, 2015-01-01 00:08:05.520,-0.014,-0.012,1.017,7.202,3.235,-7.629, , , , , , ,-2.137,0.242,-111.017
 12:21:49.210,eb:33:2e:f9:57:b5, 2015-01-01 00:08:05.520,-0.037,-0.014,1.005,7.324,3.784,-7.69, , , , , , ,-2.104,0.258,-111.055
 12:21:49.210,eb:33:2e:f9:57:b5, 2015-01-01 00:08:05.520,-0.03,-0.037,1.021,8.118,4.395,-7.385, , , , , , ,-2.054,0.286,-111.094
 12:21:49.210,eb:33:2e:f9:57:b5, 2015-01-01 00:08:05.520,-0.036,-0.045,1.058,9.216,5.737,-7.446, , , , , , ,-2.01,0.313,-111.132
 12:21:49.210,eb:33:2e:f9:57:b5, 2015-01-01 00:08:05.520,-0.025,-0.037,1.029,9.827,6.653,-7.08, , , , , , ,-1.961,0.341,-111.165
 12:21:49.210,eb:33:2e:f9:57:b5, 2015-01-01 00:08:05.520,-0.027,-0.01,1.003,9.705,7.08,-6.714, , , , , , ,-1.912,0.374,-111.204
 12:21:49.211,eb:33:2e:f9:57:b5, 2015-01-01 00:08:05.520,-0.021,-0.019,1.009,9.705,7.568,-6.348, , , , , , ,-1.851,0.417,-111.237
 12:21:49.256,eb:33:2e:f9:57:b5, 2015-01-01 00:08:05.520,-0.039,-0.019,1.012,9.521,8.423,-6.287, , , , , , ,-1.807,0.456,-111.27
 12:21:49.256,eb:33:2e:f9:57:b5, 2015-01-01 00:08:05.520,-0.037,-0.018,1,9.338,8.667,-5.981, , , , , , ,-1.758,0.5,-111.297
 12:21:49.256,eb:33:2e:f9:57:b5, 2015-01-01 00:08:05.520,-0.019,-0.009,1.002,9.216,8.85,-6.042, , , , , , ,-1.714,0.544,-111.33
 12:21:49.256,eb:33:2e:f9:57:b5, 2015-01-01 00:08:05.520,-0.002,-0.015,1.028,9.277,9.766,-6.042, , , , , , ,-1.653,0.599,-111.363
 12:21:49.256,eb:33:2e:f9:57:b5, 2015-01-01 00:08:05.520,0.018,0.003,1.007,9.277,10.193,-6.409, , , , , , ,-1.609,0.648,-111.396
 12:21:49.256,eb:33:2e:f9:57:b5, 2015-01-01 00:08:05.520,0.053,0.014,1.015,9.705,10.315,-7.446, , , , , , ,-1.566,0.698,-111.429
 12:21:49.256,eb:33:2e:f9:57:b5, 2015-01-01 00:08:05.520,0.045,0.032,1.033,10.498,10.254,-9.094, , , , , , ,-1.516,0.747,-111.473
 12:21:49.256,eb:33:2e:f9:57:b5, 2015-01-01 00:08:05.520,-0.016,0.02,1.083,12.085,11.047,-11.047, , , , , , ,-1.445,0.813,-111.522
 12:21:49.301,eb:33:2e:f9:57:b5, 2015-01-01 00:08:05.520,-0.104,-0.029,1.114,15.381,10.925,-12.207, , , , , , ,-1.379,0.862,-111.583
 12:21:49.302,eb:33:2e:f9:57:b5, 2015-01-01 00:08:05.520,-0.081,-0.123,1.228,21.79,9.705,-12.085, , , , , , ,-1.285,0.912,-111.643
 12:21:49.302,eb:33:2e:f9:57:b5, 2015-01-01 00:08:05.520,-0.035,-0.133,1.264,28.32,9.949,-12.024, , , , , , ,-1.159,0.961,-111.709
 12:21:49.302,eb:33:2e:f9:57:b5, 2015-01-01 00:08:05.520,-0.018,-0.042,1.119,32.654,8.179,-12.817, , , , , , ,-0.989,1.011,-111.769
 12:21:49.302,eb:33:2e:f9:57:b5, 2015-01-01 00:08:05.520,-0.043,-0.015,1.114,34.485,9.216,-13.367, , , , , , ,-0.824,1.055,-111.835
 12:21:49.302,eb:33:2e:f9:57:b5, 2015-01-01 00:08:05.520,-0.056,-0.061,1.169,35.217,13.428,-12.451, , , , , , ,-0.648,1.11,-111.901
 12:21:49.302,eb:33:2e:f9:57:b5, 2015-01-01 00:08:05.520,-0.083,-0.062,1.151,36.438,16.479,-11.353, , , , , , ,-0.472,1.187,-111.962
 12:21:49.302,eb:33:2e:f9:57:b5, 2015-01-01 00:08:05.520,-0.089,-0.054,1.066,37.964,16.479,-10.254, , , , , , ,-0.275,1.28,-112.011
 12:21:49.346,eb:33:2e:f9:57:b5, 2015-01-01 00:08:05.520,-0.091,-0.034,1.019,38.879,15.808,-9.155, , , , , , ,-0.082,1.357,-112.061
 12:21:49.346,eb:33:2e:f9:57:b5, 2015-01-01 00:08:05.520,-0.102,-0.029,1.011,39.429,15.381,-7.874, , , , , , ,0.104,1.439,-112.104
 12:21:49.346,eb:33:2e:f9:57:b5, 2015-01-01 00:08:05.520,-0.077,-0.017,0.985,40.161,13.672,-6.958, , , , , , ,0.308,1.511,-112.137
 12:21:49.346,eb:33:2e:f9:57:b5, 2015-01-01 00:08:05.520,-0.053,-0.002,0.998,40.649,12.939,-6.409, , , , , , ,0.516,1.582,-112.17
 12:21:49.346,eb:33:2e:f9:57:b5, 2015-01-01 00:08:05.520,-0.042,0.013,1.012,40.955,13.306,-6.104, , , , , , ,0.72,1.648,-112.203
 12:21:49.346,eb:33:2e:f9:57:b5, 2015-01-01 00:08:05.520,-0.015,0.017,1.044,41.931,13.733,-6.47, , , , , , ,0.928,1.719,-112.231
 12:21:49.346,eb:33:2e:f9:57:b5, 2015-01-01 00:08:05.520,-0.018,0.02,1.086,43.03,15.686,-7.019, , , , , , ,1.137,1.791,-112.264
 12:21:49.346,eb:33:2e:f9:57:b5, 2015-01-01 00:08:05.520,-0.021,0.026,1.069,43.701,17.883,-7.385, , , , , , ,1.368,1.884,-112.297
 12:21:49.367,eb:33:2e:f9:57:b5, 2015-01-01 00:08:05.520,-0.021,0.024,1.086,44.983,19.653,-7.935, , , , , , ,1.588,1.983,-112.33
 12:21:49.367,eb:33:2e:f9:57:b5, 2015-01-01 00:08:05.520,-0.023,0.014,1.121,46.387,21.973,-8.118, , , , , , ,1.813,2.087,-112.368
 12:21:49.367,eb:33:2e:f9:57:b5, 2015-01-01 00:08:05.520,-0.014,0.012,1.134,48.096,24.475,-8.24, , , , , , ,2.049,2.208,-112.407
 12:21:49.367,eb:33:2e:f9:57:b5, 2015-01-01 00:08:05.520,-0.019,0.014,1.163,50.293,27.039,-8.423, , , , , , ,2.307,2.346,-112.44
 12:21:49.367,eb:33:2e:f9:57:b5, 2015-01-01 00:08:05.520,-0.029,0.012,1.166,53.101,28.87,-8.85, , , , , , ,2.56,2.488,-112.478
 12:21:49.367,eb:33:2e:f9:57:b5, 2015-01-01 00:08:05.520,-0.035,0.004,1.185,56.335,30.457,-8.911, , , , , , ,2.834,2.642,-112.516
 12:21:49.367,eb:33:2e:f9:57:b5, 2015-01-01 00:08:05.520,-0.031,-0.012,1.229,60.547,32.41,-9.338, , , , , , ,3.126,2.802,-112.549
 12:21:49.367,eb:33:2e:f9:57:b5, 2015-01-01 00:08:05.520,-0.03,-0.021,1.271,65.308,34.973,-9.338, , , , , , ,3.45,2.983,-112.588
 12:21:49.412,eb:33:2e:f9:57:b5, 2015-01-01 00:08:05.520,-0.027,-0.026,1.288,71.533,37.903,-9.216, , , , , , ,3.796,3.164,-112.621
 12:21:49.412,eb:33:2e:f9:57:b5, 2015-01-01 00:08:05.520,-0.034,-0.03,1.325,77.637,39.978,-9.216, , , , , , ,4.169,3.362,-112.654
 12:21:49.412,eb:33:2e:f9:57:b5, 2015-01-01 00:08:05.520,-0.043,-0.035,1.361,85.144,41.443,-9.827, , , , , , ,4.576,3.571,-112.687
 12:21:49.412,eb:33:2e:f9:57:b5, 2015-01-01 00:08:05.520,-0.067,-0.038,1.387,93.323,41.809,-10.254, , , , , , ,5.032,3.796,-112.72
 12:21:49.412,eb:33:2e:f9:57:b5, 2015-01-01 00:08:05.520,-0.093,-0.061,1.383,101.135,43.213,-9.521, , , , , , ,5.521,4.01,-112.747
 12:21:49.414,eb:33:2e:f9:57:b5, 2015-01-01 00:08:05.520,-0.103,-0.071,1.37,109.131,43.03,-8.789, , , , , , ,6.048,4.23,-112.769
 12:21:49.414,eb:33:2e:f9:57:b5, 2015-01-01 00:08:05.520,-0.11,-0.082,1.381,117.554,42.664,-7.996, , , , , , ,6.619,4.444,-112.786
 12:21:49.414,eb:33:2e:f9:57:b5, 2015-01-01 00:08:05.520,-0.12,-0.096,1.408,126.343,43.213,-6.958, , , , , , ,7.24,4.675,-112.797
 12:21:49.458,eb:33:2e:f9:57:b5, 2015-01-01 00:08:05.810,-0.098,-0.103,1.43,135.132,43.701,-5.981, , , , , , ,7.899,4.894,-112.802
 12:21:49.458,eb:33:2e:f9:57:b5, 2015-01-01 00:08:05.810,-0.065,-0.088,1.445,144.775,43.945,-5.066, , , , , , ,8.602,5.114,-112.791
 12:21:49.458,eb:33:2e:f9:57:b5, 2015-01-01 00:08:05.810,-0.049,-0.074,1.495,155.029,44.8,-5.127, , , , , , ,9.355,5.334,-112.786
 12:21:49.458,eb:33:2e:f9:57:b5, 2015-01-01 00:08:05.810,-0.029,-0.073,1.524,165.405,46.631,-5.615, , , , , , ,10.173,5.576,-112.769
 12:21:49.458,eb:33:2e:f9:57:b5, 2015-01-01 00:08:05.810,0.014,-0.066,1.53,175.11,49.988,-6.042, , , , , , ,11.03,5.817,-112.758
 12:21:49.458,eb:33:2e:f9:57:b5, 2015-01-01 00:08:05.810,0.021,-0.055,1.529,184.814,53.65,-6.958, , , , , , ,11.937,6.081,-112.736
 12:21:49.458,eb:33:2e:f9:57:b5, 2015-01-01 00:08:05.810,0,-0.056,1.581,195.923,56.152,-8.301, , , , , , ,12.898,6.356,-112.714
 12:21:49.458,eb:33:2e:f9:57:b5, 2015-01-01 00:08:05.810,0.028,-0.089,1.707,208.313,59.998,-9.033, , , , , , ,13.925,6.658,-112.687
 12:21:49.502,eb:33:2e:f9:57:b5, 2015-01-01 00:08:05.810,0.078,-0.131,1.871,223.389,65.369,-10.132, , , , , , ,15.013,6.976,-112.654
 12:21:49.502,eb:33:2e:f9:57:b5, 2015-01-01 00:08:05.810,0.136,-0.148,1.9,238.708,73.059,-11.719, , , , , , ,16.177,7.328,-112.61
 12:21:49.502,eb:33:2e:f9:57:b5, 2015-01-01 00:08:05.810,0.2,-0.14,2.012,255.371,82.764,-15.076, , , , , , ,17.43,7.723,-112.56
 12:21:49.502,eb:33:2e:f9:57:b5, 2015-01-01 00:08:05.810,0.291,-0.134,2.196,271.545,96.375,-17.639, , , , , , ,18.77,8.19,-112.5
 12:21:49.502,eb:33:2e:f9:57:b5, 2015-01-01 00:08:05.810,0.375,-0.133,2.311,290.527,109.253,-22.583, , , , , , ,20.193,8.712,-112.423
 12:21:49.502,eb:33:2e:f9:57:b5, 2015-01-01 00:08:05.810,0.466,-0.146,2.372,311.951,117.981,-28.442, , , , , , ,21.725,9.294,-112.33
 12:21:49.502,eb:33:2e:f9:57:b5, 2015-01-01 00:08:05.810,0.476,-0.086,2.611,335.51,129.15,-36.865, , , , , , ,23.368,9.932,-112.247
 12:21:49.502,eb:33:2e:f9:57:b5, 2015-01-01 00:08:05.810,0.371,-0.109,2.925,357.056,148.315,-43.701, , , , , , ,25.131,10.662,-112.148
 12:21:49.526,eb:33:2e:f9:57:b5, 2015-01-01 00:08:05.810,0.288,-0.195,3.117,372.925,170.715,-46.021, , , , , , ,26.999,11.486,-111.995
 12:21:49.526,eb:33:2e:f9:57:b5, 2015-01-01 00:08:05.810,0.235,-0.158,3.146,388.428,186.462,-48.34, , , , , , ,28.954,12.398,-111.769
 12:21:49.526,eb:33:2e:f9:57:b5, 2015-01-01 00:08:05.810,0.389,-0.02,3.084,405.762,186.218,-49.316, , , , , , ,31.003,13.337,-111.511
 12:21:49.526,eb:33:2e:f9:57:b5, 2015-01-01 00:08:05.810,0.48,0.187,2.856,422.852,175.781,-56.213, , , , , , ,33.151,14.238,-111.253
 12:21:49.526,eb:33:2e:f9:57:b5, 2015-01-01 00:08:05.810,0.484,-0.016,3.208,431.763,188.416,-56.274, , , , , , ,35.359,15.15,-110.962
 12:21:49.526,eb:33:2e:f9:57:b5, 2015-01-01 00:08:05.810,0.526,-0.027,2.896,438.538,186.157,-60.303, , , , , , ,37.639,16.078,-110.621
 12:21:49.526,eb:33:2e:f9:57:b5, 2015-01-01 00:08:05.810,0.189,-0.208,3.449,422.729,214.355,-57.19, , , , , , ,39.908,17.045,-110.204
 12:21:49.526,eb:33:2e:f9:57:b5, 2015-01-01 00:08:05.810,0.321,-0.445,3.537,413.147,238.831,-53.528, , , , , , ,42.16,18.1,-109.627
 12:21:49.592,eb:33:2e:f9:57:b5, 2015-01-01 00:08:05.810,0.632,-0.414,2.849,408.386,231.323,-52.979, , , , , , ,44.418,19.144,-108.973
 12:21:49.592,eb:33:2e:f9:57:b5, 2015-01-01 00:08:05.810,0.903,-0.539,2.553,405.823,218.384,-52.612, , , , , , ,46.67,20.11,-108.32
 12:21:49.592,eb:33:2e:f9:57:b5, 2015-01-01 00:08:05.810,1.071,-0.911,2.386,410.156,210.327,-57.068, , , , , , ,48.933,21.028,-107.677
 12:21:49.592,eb:33:2e:f9:57:b5, 2015-01-01 00:08:05.810,1.086,-1.266,2.341,421.509,213.867,-62.012, , , , , , ,51.251,21.94,-107.012
 12:21:49.592,eb:33:2e:f9:57:b5, 2015-01-01 00:08:05.810,1.279,-1.57,2.222,445.496,216.797,-66.833, , , , , , ,53.696,22.852,-106.304
 12:21:49.592,eb:33:2e:f9:57:b5, 2015-01-01 00:08:05.810,1.427,-1.655,2.022,477.051,218.567,-78.003, , , , , , ,56.31,23.774,-105.551
 12:21:49.592,eb:33:2e:f9:57:b5, 2015-01-01 00:08:05.810,1.373,-1.273,1.952,521.118,219.849,-103.821, , , , , , ,59.128,24.752,-104.804
 12:21:49.592,eb:33:2e:f9:57:b5, 2015-01-01 00:08:05.810,0.889,-1.13,1.653,571.289,211.121,-133.728, , , , , , ,62.188,25.812,-104.095
 12:21:49.616,eb:33:2e:f9:57:b5, 2015-01-01 00:08:05.810,0.533,-0.41,0.167,559.143,170.898,-155.945, , , , , , ,65.297,26.9,-103.513
 12:21:49.616,eb:33:2e:f9:57:b5, 2015-01-01 00:08:05.810,0.178,0.171,-0.76,490.356,115.723,-168.64, , , , , , ,68.06,27.927,-103.156
 12:21:49.616,eb:33:2e:f9:57:b5, 2015-01-01 00:08:05.810,0.205,0.293,-1.367,389.038,50.659,-178.467, , , , , , ,70.247,28.883,-103.096
 12:21:49.616,eb:33:2e:f9:57:b5, 2015-01-01 00:08:05.810,0.338,0.097,-1.749,252.136,-2.625,-183.594, , , , , , ,71.658,29.767,-103.354
 12:21:49.616,eb:33:2e:f9:57:b5, 2015-01-01 00:08:05.810,0.294,-0.432,-1.677,99.365,-30.64,-175.659, , , , , , ,72.241,30.591,-103.793
 12:21:49.616,eb:33:2e:f9:57:b5, 2015-01-01 00:08:05.810,0.286,-1.004,-1.144,-36.255,-45.959,-155.945, , , , , , ,72.048,31.311,-104.304
 12:21:49.616,eb:33:2e:f9:57:b5, 2015-01-01 00:08:05.810,0.317,-1.294,-0.285,-136.841,-52.673,-133.545, , , , , , ,71.268,31.91,-104.848
 12:21:49.616,eb:33:2e:f9:57:b5, 2015-01-01 00:08:05.810,0.294,-1.311,0.465,-199.341,-55.359,-112.61, , , , , , ,70.082,32.388,-105.392
 12:21:49.660,eb:33:2e:f9:57:b5, 2015-01-01 00:08:05.810,0.334,-1.265,0.961,-226.196,-61.34,-96.252, , , , , , ,68.703,32.767,-105.936
 12:21:49.660,eb:33:2e:f9:57:b5, 2015-01-01 00:08:05.810,0.342,-1.21,1.265,-230.835,-63.416,-81.726, , , , , , ,67.253,33.052,-106.469
 12:21:49.660,eb:33:2e:f9:57:b5, 2015-01-01 00:08:05.810,0.345,-1.12,1.314,-224.243,-63.11,-67.2, , , , , , ,65.83,33.261,-106.99
 12:21:49.660,eb:33:2e:f9:57:b5, 2015-01-01 00:08:05.810,0.348,-0.948,1.125,-215.088,-61.707,-54.138, , , , , , ,64.457,33.398,-107.485
 12:21:49.660,eb:33:2e:f9:57:b5, 2015-01-01 00:08:05.810,0.345,-0.768,0.78,-208.679,-61.89,-42.542, , , , , , ,63.149,33.47,-107.941
 12:21:49.660,eb:33:2e:f9:57:b5, 2015-01-01 00:08:05.810,0.332,-0.664,0.426,-205.627,-66.589,-32.41, , , , , , ,61.87,33.486,-108.375
 12:21:49.660,eb:33:2e:f9:57:b5, 2015-01-01 00:08:05.810,0.312,-0.62,0.149,-206.238,-77.209,-23.132, , , , , , ,60.59,33.426,-108.836
 12:21:49.660,eb:33:2e:f9:57:b5, 2015-01-01 00:08:05.810,0.314,-0.596,-0.008,-209.9,-93.384,-14.526, , , , , , ,59.255,33.289,-109.341
 12:21:49.707,eb:33:2e:f9:57:b5, 2015-01-01 00:08:05.810,0.333,-0.566,-0.065,-216.431,-112.915,-6.836, , , , , , ,57.876,33.052,-109.913
 12:21:49.707,eb:33:2e:f9:57:b5, 2015-01-01 00:08:05.810,0.356,-0.552,-0.081,-225.708,-134.216,0.488, , , , , , ,56.42,32.723,-110.539
 12:21:49.707,eb:33:2e:f9:57:b5, 2015-01-01 00:08:05.810,0.375,-0.571,-0.082,-237,-156.067,7.629, , , , , , ,54.877,32.289,-111.242
 12:21:49.707,eb:33:2e:f9:57:b5, 2015-01-01 00:08:05.810,0.389,-0.609,-0.059,-249.329,-177.185,14.893, , , , , , ,53.234,31.74,-112.017
 12:21:49.707,eb:33:2e:f9:57:b5, 2015-01-01 00:08:05.810,0.406,-0.648,0.016,-261.414,-196.472,22.4, , , , , , ,51.531,31.086,-112.824
 12:21:49.707,eb:33:2e:f9:57:b5, 2015-01-01 00:08:05.810,0.428,-0.679,0.154,-271.851,-212.646,30.029, , , , , , ,49.768,30.328,-113.648
 12:21:49.707,eb:33:2e:f9:57:b5, 2015-01-01 00:08:05.810,0.438,-0.702,0.341,-280.762,-224.792,37.842, , , , , , ,47.966,29.471,-114.472
 12:21:49.708,eb:33:2e:f9:57:b5, 2015-01-01 00:08:05.810,0.436,-0.709,0.528,-288.757,-232.849,45.959, , , , , , ,46.137,28.531,-115.274
 12:21:49.729,eb:33:2e:f9:57:b5, 2015-01-01 00:08:06.125,0.441,-0.712,0.685,-296.387,-237.366,54.26, , , , , , ,44.319,27.515,-116.021
 12:21:49.729,eb:33:2e:f9:57:b5, 2015-01-01 00:08:06.125,0.463,-0.705,0.798,-304.871,-238.464,62.317, , , , , , ,42.506,26.45,-116.691
 12:21:49.729,eb:33:2e:f9:57:b5, 2015-01-01 00:08:06.125,0.493,-0.682,0.871,-314.88,-236.755,69.519, , , , , , ,40.688,25.334,-117.29
 12:21:49.729,eb:33:2e:f9:57:b5, 2015-01-01 00:08:06.125,0.518,-0.645,0.905,-325.745,-234.131,75.439, , , , , , ,38.848,24.192,-117.817
 12:21:49.729,eb:33:2e:f9:57:b5, 2015-01-01 00:08:06.125,0.552,-0.59,0.93,-337.891,-231.934,80.383, , , , , , ,37.002,23.033,-118.262
 12:21:49.729,eb:33:2e:f9:57:b5, 2015-01-01 00:08:06.125,0.589,-0.538,0.994,-345.398,-230.591,82.336, , , , , , ,35.145,21.857,-118.636
 12:21:49.729,eb:33:2e:f9:57:b5, 2015-01-01 00:08:06.125,0.621,-0.479,1.091,-349.304,-229.675,82.092, , , , , , ,33.283,20.676,-118.96
 12:21:49.729,eb:33:2e:f9:57:b5, 2015-01-01 00:08:06.125,0.641,-0.406,1.192,-349.731,-229.065,79.895, , , , , , ,31.415,19.484,-119.257
 12:21:49.774,eb:33:2e:f9:57:b5, 2015-01-01 00:08:06.125,0.652,-0.32,1.274,-347.412,-229.309,75.806, , , , , , ,29.592,18.298,-119.52
 12:21:49.774,eb:33:2e:f9:57:b5, 2015-01-01 00:08:06.125,0.644,-0.225,1.343,-343.75,-229.736,70.312, , , , , , ,27.79,17.117,-119.756
 12:21:49.774,eb:33:2e:f9:57:b5, 2015-01-01 00:08:06.125,0.623,-0.132,1.39,-339.478,-231.079,63.416, , , , , , ,26.016,15.941,-119.993
 12:21:49.774,eb:33:2e:f9:57:b5, 2015-01-01 00:08:06.125,0.609,-0.033,1.43,-334.9,-234.741,55.481, , , , , , ,24.247,14.749,-120.234
 12:21:49.774,eb:33:2e:f9:57:b5, 2015-01-01 00:08:06.125,0.494,0.071,1.492,-330.933,-238.525,46.875, , , , , , ,22.527,13.563,-120.482
 12:21:49.774,eb:33:2e:f9:57:b5, 2015-01-01 00:08:06.125,0.523,0.144,1.534,-327.148,-245.605,38.452, , , , , , ,20.819,12.36,-120.74
 12:21:49.774,eb:33:2e:f9:57:b5, 2015-01-01 00:08:06.125,0.448,0.211,1.675,-325.439,-250.549,30.151, , , , , , ,19.138,11.129,-121.014
 12:21:49.774,eb:33:2e:f9:57:b5, 2015-01-01 00:08:06.125,0.386,0.192,1.668,-325.012,-256.531,22.888, , , , , , ,17.441,9.871,-121.3
 12:21:49.817,eb:33:2e:f9:57:b5, 2015-01-01 00:08:06.125,0.319,0.161,1.666,-323.975,-263.123,16.846, , , , , , ,15.771,8.591,-121.586
 12:21:49.817,eb:33:2e:f9:57:b5, 2015-01-01 00:08:06.125,0.244,0.127,1.736,-322.144,-267.212,13.489, , , , , , ,14.117,7.289,-121.855
 12:21:49.817,eb:33:2e:f9:57:b5, 2015-01-01 00:08:06.125,0.201,0.05,1.863,-319.58,-266.602,14.832, , , , , , ,12.486,5.971,-122.097
 12:21:49.817,eb:33:2e:f9:57:b5, 2015-01-01 00:08:06.125,0.146,-0.042,2.032,-316.223,-260.498,19.409, , , , , , ,10.86,4.653,-122.283
 12:21:49.817,eb:33:2e:f9:57:b5, 2015-01-01 00:08:06.125,0.09,-0.107,2.142,-313.293,-250.732,26.978, , , , , , ,9.283,3.378,-122.388
 12:21:49.817,eb:33:2e:f9:57:b5, 2015-01-01 00:08:06.125,0.059,-0.133,2.183,-311.462,-240.479,36.316, , , , , , ,7.718,2.148,-122.404
 12:21:49.818,eb:33:2e:f9:57:b5, 2015-01-01 00:08:06.125,0.038,-0.119,2.196,-311.34,-231.14,46.082, , , , , , ,6.163,0.956,-122.333
 12:21:49.818,eb:33:2e:f9:57:b5, 2015-01-01 00:08:06.125,0.034,-0.069,2.174,-312.195,-225.586,55.054, , , , , , ,4.587,-0.209,-122.184
 12:21:49.862,eb:33:2e:f9:57:b5, 2015-01-01 00:08:06.125,0.055,0.004,2.145,-313.049,-224.243,62.561, , , , , , ,3.016,-1.351,-121.959
 12:21:49.862,eb:33:2e:f9:57:b5, 2015-01-01 00:08:06.125,0.109,0.092,2.142,-312.988,-225.891,68.054, , , , , , ,1.439,-2.488,-121.674
 12:21:49.862,eb:33:2e:f9:57:b5, 2015-01-01 00:08:06.125,0.148,0.197,2.192,-311.401,-227.783,70.801, , , , , , ,-0.132,-3.625,-121.333
 12:21:49.862,eb:33:2e:f9:57:b5, 2015-01-01 00:08:06.125,0.169,0.312,2.252,-307.495,-229.614,71.35, , , , , , ,-1.725,-4.779,-120.959
 12:21:49.862,eb:33:2e:f9:57:b5, 2015-01-01 00:08:06.125,0.167,0.438,2.318,-301.27,-230.164,69.214, , , , , , ,-3.285,-5.911,-120.553
 12:21:49.862,eb:33:2e:f9:57:b5, 2015-01-01 00:08:06.125,0.136,0.573,2.364,-293.091,-231.628,65.125, , , , , , ,-4.812,-7.042,-120.13
 12:21:49.862,eb:33:2e:f9:57:b5, 2015-01-01 00:08:06.125,0.123,0.726,2.405,-283.63,-232.178,59.57, , , , , , ,-6.306,-8.168,-119.707
 12:21:49.862,eb:33:2e:f9:57:b5, 2015-01-01 00:08:06.125,0.09,0.896,2.486,-273.376,-231.506,52.551, , , , , , ,-7.778,-9.294,-119.284
 12:21:49.908,eb:33:2e:f9:57:b5, 2015-01-01 00:08:06.125,0.021,1.06,2.544,-262.39,-230.835,44.373, , , , , , ,-9.185,-10.404,-118.867
 12:21:49.908,eb:33:2e:f9:57:b5, 2015-01-01 00:08:06.125,-0.042,1.219,2.55,-250.549,-231.201,35.4, , , , , , ,-10.536,-11.508,-118.471
 12:21:49.908,eb:33:2e:f9:57:b5, 2015-01-01 00:08:06.125,-0.129,1.381,2.556,-237.854,-231.812,26.367, , , , , , ,-11.832,-12.618,-118.087
 12:21:49.908,eb:33:2e:f9:57:b5, 2015-01-01 00:08:06.125,-0.275,1.537,2.521,-224.609,-231.873,17.456, , , , , , ,-13.079,-13.733,-117.724
 12:21:49.908,eb:33:2e:f9:57:b5, 2015-01-01 00:08:06.125,-0.48,1.679,2.436,-210.266,-233.093,9.583, , , , , , ,-14.249,-14.848,-117.378
 12:21:49.908,eb:33:2e:f9:57:b5, 2015-01-01 00:08:06.125,-0.644,1.786,2.303,-193.787,-236.694,2.075, , , , , , ,-15.342,-15.98,-117.037
 12:21:49.908,eb:33:2e:f9:57:b5, 2015-01-01 00:08:06.125,-0.76,1.864,2.234,-172.852,-241.76,-5.432, , , , , , ,-16.342,-17.139,-116.708
 12:21:49.908,eb:33:2e:f9:57:b5, 2015-01-01 00:08:06.125,-0.965,1.857,2.242,-155.884,-241.455,-9.766, , , , , , ,-17.271,-18.314,-116.378
 12:21:49.930,eb:33:2e:f9:57:b5, 2015-01-01 00:08:06.125,-1.154,1.792,2.247,-139.282,-236.267,-10.742, , , , , , ,-18.105,-19.473,-116.049
 12:21:49.930,eb:33:2e:f9:57:b5, 2015-01-01 00:08:06.125,-1.316,1.731,2.307,-123.84,-223.389,-7.385, , , , , , ,-18.875,-20.572,-115.708
 12:21:49.930,eb:33:2e:f9:57:b5, 2015-01-01 00:08:06.125,-1.449,1.715,2.389,-110.657,-201.05,0.854, , , , , , ,-19.578,-21.572,-115.351
 12:21:49.930,eb:33:2e:f9:57:b5, 2015-01-01 00:08:06.125,-1.524,1.741,2.442,-99.304,-170.166,13.062, , , , , , ,-20.248,-22.423,-114.972
 12:21:49.930,eb:33:2e:f9:57:b5, 2015-01-01 00:08:06.125,-1.553,1.834,2.453,-88.867,-132.202,27.405, , , , , , ,-20.863,-23.077,-114.582
 12:21:49.930,eb:33:2e:f9:57:b5, 2015-01-01 00:08:06.125,-1.54,2.009,2.37,-78.369,-91.187,42.053, , , , , , ,-21.434,-23.516,-114.186
 12:21:49.930,eb:33:2e:f9:57:b5, 2015-01-01 00:08:06.125,-1.473,2.271,2.215,-65.979,-54.016,54.26, , , , , , ,-21.945,-23.741,-113.796
 12:21:49.930,eb:33:2e:f9:57:b5, 2015-01-01 00:08:06.125,-1.401,2.539,2.04,-49.622,-25.085,62.256, , , , , , ,-22.385,-23.796,-113.417
 12:21:49.975,eb:33:2e:f9:57:b5, 2015-01-01 00:08:06.125,-1.335,2.75,1.833,-28.442,-7.019,65.186, , , , , , ,-22.714,-23.736,-113.066
 12:21:49.975,eb:33:2e:f9:57:b5, 2015-01-01 00:08:06.125,-1.287,2.891,1.607,-3.784,-0.366,63.599, , , , , , ,-22.917,-23.621,-112.736
 12:21:49.975,eb:33:2e:f9:57:b5, 2015-01-01 00:08:06.125,-1.258,2.941,1.407,22.034,-2.563,58.96, , , , , , ,-22.978,-23.505,-112.429
 12:21:49.975,eb:33:2e:f9:57:b5, 2015-01-01 00:08:06.125,-1.251,2.899,1.301,46.57,-8.545,52.734, , , , , , ,-22.906,-23.423,-112.137
 12:21:49.975,eb:33:2e:f9:57:b5, 2015-01-01 00:08:06.125,-1.251,2.776,1.32,68.054,-13.245,46.448, , , , , , ,-22.714,-23.384,-111.868
 12:21:49.975,eb:33:2e:f9:57:b5, 2015-01-01 00:08:06.125,-1.263,2.594,1.43,85.632,-12.512,41.87, , , , , , ,-22.418,-23.362,-111.621
 12:21:49.975,eb:33:2e:f9:57:b5, 2015-01-01 00:08:06.125,-1.279,2.389,1.565,99.365,-5.798,38.94, , , , , , ,-22.033,-23.329,-111.401
 12:21:49.975,eb:33:2e:f9:57:b5, 2015-01-01 00:08:06.125,-1.261,2.181,1.705,110.596,6.165,38.147, , , , , , ,-21.566,-23.247,-111.215
 12:21:50.021,eb:33:2e:f9:57:b5, 2015-01-01 00:08:06.125,-1.181,1.982,1.838,120.85,22.644,38.208, , , , , , ,-21.05,-23.104,-111.05
 12:21:50.021,eb:33:2e:f9:57:b5, 2015-01-01 00:08:06.125,-1.114,1.821,1.916,130.005,41.809,39.001, , , , , , ,-20.468,-22.879,-110.923
 12:21:50.021,eb:33:2e:f9:57:b5, 2015-01-01 00:08:06.125,0.226,1.671,1.923,139.404,58.35,39.856, , , , , , ,-19.83,-22.566,-110.819
 12:21:50.021,eb:33:2e:f9:57:b5, 2015-01-01 00:08:06.125,-1.203,0.197,4.735,177.49,192.322,15.076, , , , , , ,-18.995,-22.083,-110.907
 12:21:50.021,eb:33:2e:f9:57:b5, 2015-01-01 00:08:06.125,1.798,-2.924,2.776,158.569,378.784,110.535, , , , , , ,-18.094,-20.286,-111.017
 12:21:50.021,eb:33:2e:f9:57:b5, 2015-01-01 00:08:06.125,2.43,-1.453,0.965,132.935,385.498,119.934, , , , , , ,-17.386,-18.314,-111
 12:21:50.021,eb:33:2e:f9:57:b5, 2015-01-01 00:08:06.125,1.236,-2.126,0.506,132.568,397.339,105.286, , , , , , ,-16.716,-16.282,-111.061
 12:21:50.021,eb:33:2e:f9:57:b5, 2015-01-01 00:08:06.125,0.721,-1.692,0.58,151.794,389.16,107.849, , , , , , ,-15.974,-14.238,-111.105
 12:21:50.065,eb:33:2e:f9:57:b5, 2015-01-01 00:08:06.435,-0.998,-1.396,0.714,195.74,367.981,119.324, , , , , , ,-15.117,-12.239,-111.077
 12:21:50.065,eb:33:2e:f9:57:b5, 2015-01-01 00:08:06.435,-1.076,-1.272,-0.087,253.296,290.527,126.648, , , , , , ,-13.997,-10.547,-110.858
 12:21:50.065,eb:33:2e:f9:57:b5, 2015-01-01 00:08:06.435,-1.238,-0.745,0.05,297.119,230.774,113.708, , , , , , ,-12.645,-9.179,-110.566
 12:21:50.065,eb:33:2e:f9:57:b5, 2015-01-01 00:08:06.435,-0.961,-0.417,0.518,319.824,189.026,91.858, , , , , , ,-11.113,-8.053,-110.275
 12:21:50.065,eb:33:2e:f9:57:b5, 2015-01-01 00:08:06.435,-0.803,0.268,1.186,306.03,161.377,57.556, , , , , , ,-9.569,-7.136,-110.083
 12:21:50.065,eb:33:2e:f9:57:b5, 2015-01-01 00:08:06.435,-0.889,0.646,1.272,274.17,130.371,30.518, , , , , , ,-8.141,-6.4,-109.99
 12:21:50.065,eb:33:2e:f9:57:b5, 2015-01-01 00:08:06.435,-0.531,0.761,1.273,234.497,98.022,12.634, , , , , , ,-6.888,-5.839,-109.973
 12:21:50.065,eb:33:2e:f9:57:b5, 2015-01-01 00:08:06.435,-0.247,0.74,1.525,171.814,74.585,19.165, , , , , , ,-5.889,-5.405,-109.94
 12:21:50.110,eb:33:2e:f9:57:b5, 2015-01-01 00:08:06.435,-0.036,0.594,1.394,124.329,64.026,30.334, , , , , , ,-5.186,-5.059,-109.847
 12:21:50.110,eb:33:2e:f9:57:b5, 2015-01-01 00:08:06.435,0.007,0.364,1.234,88.684,61.035,47.058, , , , , , ,-4.697,-4.735,-109.677
 12:21:50.110,eb:33:2e:f9:57:b5, 2015-01-01 00:08:06.435,-0.054,0.09,1.092,67.627,61.035,62.866, , , , , , ,-4.34,-4.406,-109.413
 12:21:50.110,eb:33:2e:f9:57:b5, 2015-01-01 00:08:06.435,-0.063,0.053,1.006,56.091,58.777,69.275, , , , , , ,-4.048,-4.07,-109.1
 12:21:50.110,eb:33:2e:f9:57:b5, 2015-01-01 00:08:06.435,-0.042,0.267,1.033,47.241,54.26,63.232, , , , , , ,-3.818,-3.768,-108.781
 12:21:50.110,eb:33:2e:f9:57:b5, 2015-01-01 00:08:06.435,-0.19,0.255,1.009,42.297,50.171,48.218, , , , , , ,-3.615,-3.494,-108.528
 12:21:50.111,eb:33:2e:f9:57:b5, 2015-01-01 00:08:06.435,-0.296,0.324,0.864,33.691,41.321,32.471, , , , , , ,-3.439,-3.252,-108.353
 12:21:50.111,eb:33:2e:f9:57:b5, 2015-01-01 00:08:06.435,-0.318,0.327,0.79,21.79,24.048,18.494, , , , , , ,-3.296,-3.071,-108.237
 12:21:50.132,eb:33:2e:f9:57:b5, 2015-01-01 00:08:06.435,0.042,0.17,0.837,14.038,9.216,10.376, , , , , , ,-3.219,-2.999,-108.177
 12:21:50.132,eb:33:2e:f9:57:b5, 2015-01-01 00:08:06.435,0.09,-0.084,1.069,14.954,14.221,11.719, , , , , , ,-3.153,-2.944,-108.127
 12:21:50.132,eb:33:2e:f9:57:b5, 2015-01-01 00:08:06.435,-0.056,-0.03,1.056,15.015,18.433,12.085, , , , , , ,-3.076,-2.851,-108.073
 12:21:50.132,eb:33:2e:f9:57:b5, 2015-01-01 00:08:06.435,-0.174,0.045,0.938,12.695,13.55,8.789, , , , , , ,-2.999,-2.758,-108.023
 12:21:50.132,eb:33:2e:f9:57:b5, 2015-01-01 00:08:06.435,-0.042,0.001,0.894,11.169,5.249,5.676, , , , , , ,-2.944,-2.714,-107.99
 12:21:50.132,eb:33:2e:f9:57:b5, 2015-01-01 00:08:06.435,0.049,-0.029,0.972,10.62,2.197,4.639, , , , , , ,-2.889,-2.697,-107.968
 12:21:50.132,eb:33:2e:f9:57:b5, 2015-01-01 00:08:06.435,0.01,-0.019,1.033,10.193,4.272,3.479, , , , , , ,-2.84,-2.681,-107.946
 12:21:50.132,eb:33:2e:f9:57:b5, 2015-01-01 00:08:06.435,0.028,-0.026,1.014,9.888,5.249,2.686, , , , , , ,-2.774,-2.648,-107.935
 12:21:50.178,eb:33:2e:f9:57:b5, 2015-01-01 00:08:06.435,0.065,-0.003,1.015,9.094,6.775,1.648, , , , , , ,-2.73,-2.615,-107.924
 12:21:50.178,eb:33:2e:f9:57:b5, 2015-01-01 00:08:06.435,0.058,0.002,1.026,8.118,9.521,1.282, , , , , , ,-2.686,-2.576,-107.919
 12:21:50.178,eb:33:2e:f9:57:b5, 2015-01-01 00:08:06.435,0.029,-0.001,1.013,7.019,12.024,1.343, , , , , , ,-2.648,-2.521,-107.913
 12:21:50.178,eb:33:2e:f9:57:b5, 2015-01-01 00:08:06.435,0.012,-0.006,0.997,6.47,12.817,0.916, , , , , , ,-2.604,-2.444,-107.913
 12:21:50.178,eb:33:2e:f9:57:b5, 2015-01-01 00:08:06.435,0.007,-0.03,1.004,6.47,12.817,0.244, , , , , , ,-2.571,-2.384,-107.913
 12:21:50.178,eb:33:2e:f9:57:b5, 2015-01-01 00:08:06.435,0,-0.036,1.009,6.836,12.817,-0.305, , , , , , ,-2.538,-2.318,-107.913
 12:21:50.178,eb:33:2e:f9:57:b5, 2015-01-01 00:08:06.435,-0.001,-0.037,1.002,6.958,12.39,-0.793, , , , , , ,-2.505,-2.258,-107.919
 12:21:50.178,eb:33:2e:f9:57:b5, 2015-01-01 00:08:06.435,0.021,-0.021,0.994,6.897,11.902,-1.587, , , , , , ,-2.455,-2.186,-107.93
 12:21:50.224,eb:33:2e:f9:57:b5, 2015-01-01 00:08:06.435,0.005,-0.019,1.01,6.775,12.451,-2.441, , , , , , ,-2.422,-2.126,-107.941
 12:21:50.224,eb:33:2e:f9:57:b5, 2015-01-01 00:08:06.435,0.016,-0.022,1.006,6.775,12.573,-3.174, , , , , , ,-2.39,-2.065,-107.963
 12:21:50.224,eb:33:2e:f9:57:b5, 2015-01-01 00:08:06.435,-0.002,-0.032,1.033,7.324,13.428,-4.517, , , , , , ,-2.351,-2,-107.985
 12:21:50.224,eb:33:2e:f9:57:b5, 2015-01-01 00:08:06.435,-0.006,-0.045,1.034,8.179,13.55,-5.981, , , , , , ,-2.302,-1.923,-108.012
 12:21:50.224,eb:33:2e:f9:57:b5, 2015-01-01 00:08:06.435,-0.015,-0.049,1.028,8.911,13.489,-6.714, , , , , , ,-2.258,-1.857,-108.045
 12:21:50.224,eb:33:2e:f9:57:b5, 2015-01-01 00:08:06.435,-0.015,-0.052,1.016,9.46,12.756,-6.897, , , , , , ,-2.208,-1.796,-108.083
 12:21:50.224,eb:33:2e:f9:57:b5, 2015-01-01 00:08:06.435,-0.007,-0.055,1.011,10.193,11.78,-7.08, , , , , , ,-2.159,-1.736,-108.122
 12:21:50.224,eb:33:2e:f9:57:b5, 2015-01-01 00:08:06.435,-0.026,-0.051,1.016,11.169,10.925,-7.324, , , , , , ,-2.087,-1.67,-108.16
 12:21:50.267,eb:33:2e:f9:57:b5, 2015-01-01 00:08:06.435,-0.015,-0.046,0.996,11.536,9.094,-6.531, , , , , , ,-2.032,-1.62,-108.199
 12:21:50.267,eb:33:2e:f9:57:b5, 2015-01-01 00:08:06.435,-0.013,-0.042,0.997,11.658,7.446,-5.432, , , , , , ,-1.972,-1.582,-108.226
 12:21:50.267,eb:33:2e:f9:57:b5, 2015-01-01 00:08:06.435,0,-0.032,0.984,11.414,5.981,-4.15, , , , , , ,-1.917,-1.555,-108.254
 12:21:50.267,eb:33:2e:f9:57:b5, 2015-01-01 00:08:06.435,-0.006,-0.021,0.996,10.986,5.676,-3.113, , , , , , ,-1.846,-1.516,-108.27
 12:21:50.267,eb:33:2e:f9:57:b5, 2015-01-01 00:08:06.435,-0.003,-0.033,1.007,10.925,5.737,-1.038, , , , , , ,-1.791,-1.489,-108.281
 12:21:50.267,eb:33:2e:f9:57:b5, 2015-01-01 00:08:06.435,-0.012,-0.028,1.012,11.169,6.042,0.122, , , , , , ,-1.736,-1.456,-108.281
 12:21:50.267,eb:33:2e:f9:57:b5, 2015-01-01 00:08:06.435,0.027,-0.045,1.034,12.451,6.104,1.404, , , , , , ,-1.681,-1.428,-108.281
 12:21:50.267,eb:33:2e:f9:57:b5, 2015-01-01 00:08:06.435,0,-0.023,1.047,14.526,5.92,1.343, , , , , , ,-1.599,-1.39,-108.27
 12:21:50.313,eb:33:2e:f9:57:b5, 2015-01-01 00:08:06.435,0.011,-0.032,1.043,15.442,7.08,2.319, , , , , , ,-1.522,-1.357,-108.259
 12:21:50.313,eb:33:2e:f9:57:b5, 2015-01-01 00:08:06.435,0.033,-0.013,1.015,16.174,6.897,2.686, , , , , , ,-1.445,-1.318,-108.248
 12:21:50.313,eb:33:2e:f9:57:b5, 2015-01-01 00:08:06.435,0.012,0.008,0.995,16.785,5.615,1.953, , , , , , ,-1.362,-1.291,-108.237
 12:21:50.313,eb:33:2e:f9:57:b5, 2015-01-01 00:08:06.435,0.008,-0.009,1.001,18.127,3.662,1.77, , , , , , ,-1.263,-1.258,-108.226
 12:21:50.313,eb:33:2e:f9:57:b5, 2015-01-01 00:08:06.435,0.024,-0.012,1.007,19.958,0.549,0.916, , , , , , ,-1.165,-1.247,-108.221
 12:21:50.313,eb:33:2e:f9:57:b5, 2015-01-01 00:08:06.435,0.003,0.016,0.979,21.118,-1.77,-0.488, , , , , , ,-1.066,-1.252,-108.221
 12:21:50.313,eb:33:2e:f9:57:b5, 2015-01-01 00:08:06.435,-0.008,-0.009,1.029,23.315,-3.601,-1.892, , , , , , ,-0.95,-1.269,-108.226
 12:21:50.313,eb:33:2e:f9:57:b5, 2015-01-01 00:08:06.435,0.007,-0.014,1.073,25.146,-3.906,-2.563, , , , , , ,-0.818,-1.28,-108.237
 12:21:50.335,eb:33:2e:f9:57:b5, 2015-01-01 00:08:06.435,0.047,-0.037,1.163,27.222,-1.282,-4.15, , , , , , ,-0.687,-1.291,-108.254
 12:21:50.335,eb:33:2e:f9:57:b5, 2015-01-01 00:08:06.435,0.057,-0.02,1.189,29.968,0.854,-5.859, , , , , , ,-0.544,-1.291,-108.281
 12:21:50.335,eb:33:2e:f9:57:b5, 2015-01-01 00:08:06.435,0.015,0.006,1.143,31.86,3.418,-7.812, , , , , , ,-0.385,-1.28,-108.314
 12:21:50.335,eb:33:2e:f9:57:b5, 2015-01-01 00:08:06.435,-0.004,-0.008,1.122,32.349,6.47,-8.667, , , , , , ,-0.214,-1.247,-108.358
 12:21:50.335,eb:33:2e:f9:57:b5, 2015-01-01 00:08:06.435,0.028,-0.013,1.083,33.264,8.057,-8.911, , , , , , ,-0.044,-1.208,-108.402
 12:21:50.335,eb:33:2e:f9:57:b5, 2015-01-01 00:08:06.435,-0.004,0.016,1.054,33.936,9.705,-10.315, , , , , , ,0.115,-1.165,-108.452
 12:21:50.335,eb:33:2e:f9:57:b5, 2015-01-01 00:08:06.435,-0.016,0.003,1.032,34.668,10.193,-10.925, , , , , , ,0.291,-1.115,-108.506
 12:21:50.335,eb:33:2e:f9:57:b5, 2015-01-01 00:08:06.435,-0.009,-0.007,1.044,35.645,10.62,-10.864, , , , , , ,0.478,-1.049,-108.556
 12:21:50.381,eb:33:2e:f9:57:b5, 2015-01-01 00:08:06.730,0.005,0.009,1.032,36.682,10.376,-11.536, , , , , , ,0.659,-1,-108.611
 12:21:50.381,eb:33:2e:f9:57:b5, 2015-01-01 00:08:06.730,0,0.023,1.018,37.598,10.01,-11.841, , , , , , ,0.846,-0.945,-108.671
 12:21:50.381,eb:33:2e:f9:57:b5, 2015-01-01 00:08:06.730,0.042,0.028,1.031,38.696,9.521,-12.878, , , , , , ,1.038,-0.901,-108.732
 12:21:50.381,eb:33:2e:f9:57:b5, 2015-01-01 00:08:06.730,0.019,0.051,1.053,39.795,10.559,-14.343, , , , , , ,1.247,-0.835,-108.798
 12:21:50.381,eb:33:2e:f9:57:b5, 2015-01-01 00:08:06.730,0.047,0.042,1.061,40.649,11.23,-15.076, , , , , , ,1.45,-0.78,-108.869
 12:21:50.381,eb:33:2e:f9:57:b5, 2015-01-01 00:08:06.730,0.024,0.046,1.108,40.161,15.198,-15.503, , , , , , ,1.653,-0.714,-108.946
 12:21:50.381,eb:33:2e:f9:57:b5, 2015-01-01 00:08:06.730,0.017,0.032,1.095,40.222,18.677,-16.052, , , , , , ,1.857,-0.621,-109.023
 12:21:50.381,eb:33:2e:f9:57:b5, 2015-01-01 00:08:06.730,0.032,0.042,1.054,40.588,20.63,-16.602, , , , , , ,2.071,-0.511,-109.1
 12:21:50.425,eb:33:2e:f9:57:b5, 2015-01-01 00:08:06.730,0.042,0.066,1.028,40.771,22.278,-17.578, , , , , , ,2.274,-0.401,-109.182
 12:21:50.425,eb:33:2e:f9:57:b5, 2015-01-01 00:08:06.730,0.024,0.084,1.024,41.016,23.987,-19.104, , , , , , ,2.477,-0.28,-109.27
 12:21:50.425,eb:33:2e:f9:57:b5, 2015-01-01 00:08:06.730,0.013,0.075,1.017,40.833,25.818,-19.958, , , , , , ,2.681,-0.148,-109.363
 12:21:50.425,eb:33:2e:f9:57:b5, 2015-01-01 00:08:06.730,-0.01,0.079,1.01,40.71,27.527,-20.752, , , , , , ,2.895,0,-109.457
 12:21:50.425,eb:33:2e:f9:57:b5, 2015-01-01 00:08:06.730,-0.029,0.071,0.984,40.588,27.954,-20.935, , , , , , ,3.098,0.137,-109.55
 12:21:50.425,eb:33:2e:f9:57:b5, 2015-01-01 00:08:06.730,-0.043,0.062,0.987,40.527,28.015,-20.935, , , , , , ,3.301,0.28,-109.649
 12:21:50.425,eb:33:2e:f9:57:b5, 2015-01-01 00:08:06.730,-0.062,0.053,0.979,40.344,28.442,-20.081, , , , , , ,3.505,0.428,-109.742
 12:21:50.425,eb:33:2e:f9:57:b5, 2015-01-01 00:08:06.730,-0.084,0.071,0.946,39.612,27.588,-19.226, , , , , , ,3.713,0.582,-109.83
 12:21:50.470,eb:33:2e:f9:57:b5, 2015-01-01 00:08:06.730,-0.084,0.065,0.928,39.001,26.245,-18.188, , , , , , ,3.906,0.725,-109.918
 12:21:50.470,eb:33:2e:f9:57:b5, 2015-01-01 00:08:06.730,-0.085,0.049,0.981,38.208,26.062,-16.479, , , , , , ,4.098,0.862,-109.99
 12:21:50.470,eb:33:2e:f9:57:b5, 2015-01-01 00:08:06.730,-0.059,0.039,1.006,39.062,25.208,-15.381, , , , , , ,4.29,0.994,-110.061
 12:21:50.470,eb:33:2e:f9:57:b5, 2015-01-01 00:08:06.730,-0.028,0.041,1.071,40.71,25.085,-14.709, , , , , , ,4.499,1.132,-110.127
 12:21:50.470,eb:33:2e:f9:57:b5, 2015-01-01 00:08:06.730,-0.032,0.054,1.094,42.48,26.001,-14.404, , , , , , ,4.708,1.263,-110.187
 12:21:50.470,eb:33:2e:f9:57:b5, 2015-01-01 00:08:06.730,-0.04,0.055,1.097,44.556,26.611,-14.343, , , , , , ,4.922,1.401,-110.248
 12:21:50.471,eb:33:2e:f9:57:b5, 2015-01-01 00:08:06.730,-0.032,0.044,1.126,46.631,27.771,-13.916, , , , , , ,5.153,1.544,-110.308
 12:21:50.471,eb:33:2e:f9:57:b5, 2015-01-01 00:08:06.730,-0.042,0.043,1.181,49.988,29.053,-13.733, , , , , , ,5.405,1.703,-110.363
 12:21:50.493,eb:33:2e:f9:57:b5, 2015-01-01 00:08:06.730,-0.057,0.028,1.167,52.917,31.128,-12.756, , , , , , ,5.658,1.857,-110.413
 12:21:50.493,eb:33:2e:f9:57:b5, 2015-01-01 00:08:06.730,-0.072,0.038,1.148,55.237,32.227,-11.292, , , , , , ,5.927,2.021,-110.451
 12:21:50.493,eb:33:2e:f9:57:b5, 2015-01-01 00:08:06.730,-0.075,0.046,1.149,58.289,32.288,-10.315, , , , , , ,6.213,2.186,-110.49
 12:21:50.493,eb:33:2e:f9:57:b5, 2015-01-01 00:08:06.730,-0.062,0.025,1.229,63.171,32.41,-9.46, , , , , , ,6.526,2.362,-110.517
 12:21:50.493,eb:33:2e:f9:57:b5, 2015-01-01 00:08:06.730,-0.064,0.039,1.255,68.787,33.081,-8.362, , , , , , ,6.855,2.532,-110.544
 12:21:50.493,eb:33:2e:f9:57:b5, 2015-01-01 00:08:06.730,-0.09,0.018,1.251,74.036,33.386,-7.629, , , , , , ,7.218,2.703,-110.561
 12:21:50.493,eb:33:2e:f9:57:b5, 2015-01-01 00:08:06.730,-0.092,-0.015,1.3,79.895,34.546,-5.798, , , , , , ,7.603,2.873,-110.572
 12:21:50.493,eb:33:2e:f9:57:b5, 2015-01-01 00:08:06.730,-0.095,-0.018,1.347,86.731,35.461,-4.517, , , , , , ,8.031,3.06,-110.572
 12:21:50.538,eb:33:2e:f9:57:b5, 2015-01-01 00:08:06.730,-0.106,-0.027,1.361,94.421,35.95,-3.174, , , , , , ,8.492,3.241,-110.566
 12:21:50.538,eb:33:2e:f9:57:b5, 2015-01-01 00:08:06.730,-0.095,-0.015,1.335,101.685,36.316,-1.343, , , , , , ,8.987,3.417,-110.544
 12:21:50.538,eb:33:2e:f9:57:b5, 2015-01-01 00:08:06.730,-0.096,-0.002,1.341,109.802,35.706,-0.427, , , , , , ,9.52,3.598,-110.522
 12:21:50.538,eb:33:2e:f9:57:b5, 2015-01-01 00:08:06.730,-0.083,0.002,1.353,117.798,35.278,0.366, , , , , , ,10.102,3.779,-110.49
 12:21:50.538,eb:33:2e:f9:57:b5, 2015-01-01 00:08:06.730,-0.101,-0.006,1.386,125.671,36.743,1.465, , , , , , ,10.717,3.955,-110.451
 12:21:50.538,eb:33:2e:f9:57:b5, 2015-01-01 00:08:06.730,-0.052,-0.018,1.42,135.193,36.255,1.709, , , , , , ,11.376,4.136,-110.407
 12:21:50.538,eb:33:2e:f9:57:b5, 2015-01-01 00:08:06.730,-0.026,0.003,1.464,145.203,36.804,1.038, , , , , , ,12.085,4.312,-110.363
 12:21:50.538,eb:33:2e:f9:57:b5, 2015-01-01 00:08:06.730,0.006,0.017,1.496,155.701,37.903,0.061, , , , , , ,12.854,4.504,-110.319
 12:21:50.583,eb:33:2e:f9:57:b5, 2015-01-01 00:08:06.730,-0.004,0,1.5,165.466,40.649,-1.16, , , , , , ,13.667,4.697,-110.275
 12:21:50.583,eb:33:2e:f9:57:b5, 2015-01-01 00:08:06.730,0.02,-0.021,1.587,176.453,44.861,-2.258, , , , , , ,14.529,4.905,-110.231
 12:21:50.583,eb:33:2e:f9:57:b5, 2015-01-01 00:08:06.730,0.042,-0.013,1.604,189.575,47.546,-4.944, , , , , , ,15.452,5.136,-110.187
 12:21:50.583,eb:33:2e:f9:57:b5, 2015-01-01 00:08:06.730,-0.03,-0.032,1.688,203.613,51.88,-7.08, , , , , , ,16.452,5.394,-110.149
 12:21:50.583,eb:33:2e:f9:57:b5, 2015-01-01 00:08:06.730,-0.021,-0.1,1.729,217.712,56.763,-7.568, , , , , , ,17.518,5.663,-110.105
 12:21:50.583,eb:33:2e:f9:57:b5, 2015-01-01 00:08:06.730,0.021,-0.092,1.867,238.22,61.707,-8.545, , , , , , ,18.671,5.96,-110.05
 12:21:50.583,eb:33:2e:f9:57:b5, 2015-01-01 00:08:06.730,0.077,-0.12,1.93,256.47,66.345,-10.315, , , , , , ,19.924,6.279,-109.99
 12:21:50.583,eb:33:2e:f9:57:b5, 2015-01-01 00:08:06.730,0.098,-0.137,2.039,276.611,71.228,-12.817, , , , , , ,21.281,6.63,-109.918
 12:21:50.629,eb:33:2e:f9:57:b5, 2015-01-01 00:08:06.730,0.125,-0.113,2.222,298.95,76.721,-17.029, , , , , , ,22.736,7.004,-109.852
 12:21:50.629,eb:33:2e:f9:57:b5, 2015-01-01 00:08:06.730,0.087,-0.113,2.322,320.312,84.045,-21.24, , , , , , ,24.302,7.416,-109.775
 12:21:50.629,eb:33:2e:f9:57:b5, 2015-01-01 00:08:06.730,0.035,-0.14,2.534,340.942,92.712,-21.423, , , , , , ,25.977,7.866,-109.682
 12:21:50.629,eb:33:2e:f9:57:b5, 2015-01-01 00:08:06.730,0.178,-0.037,2.757,367.493,93.323,-24.78, , , , , , ,27.779,8.344,-109.572
 12:21:50.629,eb:33:2e:f9:57:b5, 2015-01-01 00:08:06.730,0.018,-0.107,2.769,385.315,102.356,-26.917, , , , , , ,29.696,8.839,-109.451
 12:21:50.629,eb:33:2e:f9:57:b5, 2015-01-01 00:08:06.730,-0.013,-0.084,2.872,392.7,118.408,-24.902, , , , , , ,31.674,9.382,-109.276
 12:21:50.629,eb:33:2e:f9:57:b5, 2015-01-01 00:08:06.730,0.104,-0.033,3.081,402.222,134.399,-22.522, , , , , , ,33.706,9.987,-109.017
 12:21:50.629,eb:33:2e:f9:57:b5, 2015-01-01 00:08:06.730,0.309,0.074,2.995,416.87,138.794,-22.034, , , , , , ,35.815,10.624,-108.715
 12:21:50.673,eb:33:2e:f9:57:b5, 2015-01-01 00:08:07.040,0.552,0.309,2.443,431.335,116.028,-25.146, , , , , , ,37.996,11.206,-108.419
 12:21:50.673,eb:33:2e:f9:57:b5, 2015-01-01 00:08:07.040,0.557,0.316,2.687,441.956,98.694,-34.973, , , , , , ,40.226,11.706,-108.204
 12:21:50.673,eb:33:2e:f9:57:b5, 2015-01-01 00:08:07.040,0.451,0.057,3.156,442.566,106.445,-41.382, , , , , , ,42.479,12.217,-108.018
 12:21:50.673,eb:33:2e:f9:57:b5, 2015-01-01 00:08:07.040,0.493,-0.312,3.404,443.054,130.31,-44.25, , , , , , ,44.747,12.81,-107.754
 12:21:50.673,eb:33:2e:f9:57:b5, 2015-01-01 00:08:07.040,0.715,-0.443,3.017,451.538,135.498,-50.781, , , , , , ,47.065,13.453,-107.424
 12:21:50.673,eb:33:2e:f9:57:b5, 2015-01-01 00:08:07.040,0.644,-0.494,2.714,450.989,132.385,-56.885, , , , , , ,49.395,14.101,-107.095
 12:21:50.673,eb:33:2e:f9:57:b5, 2015-01-01 00:08:07.040,0.698,-0.56,2.784,455.994,125.793,-62.683, , , , , , ,51.74,14.738,-106.782
 12:21:50.673,eb:33:2e:f9:57:b5, 2015-01-01 00:08:07.040,0.82,-0.878,3.062,471.497,125.366,-66.467, , , , , , ,54.141,15.381,-106.469
 12:21:50.696,eb:33:2e:f9:57:b5, 2015-01-01 00:08:07.040,1.207,-1.302,3.03,492.371,132.751,-72.327, , , , , , ,56.656,16.029,-106.128
 12:21:50.697,eb:33:2e:f9:57:b5, 2015-01-01 00:08:07.040,1.446,-1.636,2.517,504.333,146.973,-81.055, , , , , , ,59.271,16.732,-105.71
 12:21:50.697,eb:33:2e:f9:57:b5, 2015-01-01 00:08:07.040,1.526,-1.687,1.808,514.648,150.696,-91.98, , , , , , ,61.952,17.479,-105.249
 12:21:50.697,eb:33:2e:f9:57:b5, 2015-01-01 00:08:07.040,1.671,-1.316,1.714,548.706,150.146,-118.408, , , , , , ,64.742,18.298,-104.793
 12:21:50.697,eb:33:2e:f9:57:b5, 2015-01-01 00:08:07.040,1.189,-1.257,1.398,594.543,149.475,-152.832, , , , , , ,67.764,19.237,-104.37
 12:21:50.697,eb:33:2e:f9:57:b5, 2015-01-01 00:08:07.040,0.53,-0.707,0.267,602.112,131.714,-176.514, , , , , , ,70.911,20.27,-103.975
 12:21:50.697,eb:33:2e:f9:57:b5, 2015-01-01 00:08:07.040,0.253,0.056,-0.474,567.261,88.501,-187.683, , , , , , ,73.916,21.308,-103.722
 12:21:50.697,eb:33:2e:f9:57:b5, 2015-01-01 00:08:07.040,0.271,0.289,-0.126,517.029,48.279,-194.092, , , , , , ,76.619,22.319,-103.661
 12:21:50.743,eb:33:2e:f9:57:b5, 2015-01-01 00:08:07.040,0.28,0.086,0.547,452.759,23.56,-195.007, , , , , , ,78.997,23.307,-103.716
 12:21:50.743,eb:33:2e:f9:57:b5, 2015-01-01 00:08:07.040,0.158,-0.219,0.854,367.126,8.911,-186.096, , , , , , ,80.969,24.258,-103.81
 12:21:50.743,eb:33:2e:f9:57:b5, 2015-01-01 00:08:07.040,-0.135,-0.601,0.623,257.69,8.118,-164.734, , , , , , ,82.447,25.126,-103.909
 12:21:50.743,eb:33:2e:f9:57:b5, 2015-01-01 00:08:07.040,-0.294,-1.123,-0.177,126.648,14.038,-125.854, , , , , , ,83.32,25.84,-103.953
 12:21:50.743,eb:33:2e:f9:57:b5, 2015-01-01 00:08:07.040,-0.267,-1.687,-0.886,-9.583,20.02,-75.684, , , , , , ,83.557,26.329,-103.914
 12:21:50.743,eb:33:2e:f9:57:b5, 2015-01-01 00:08:07.040,-0.11,-1.991,-1.074,-129.822,16.113,-25.452, , , , , , ,83.172,26.565,-103.826
 12:21:50.743,eb:33:2e:f9:57:b5, 2015-01-01 00:08:07.040,0.042,-1.833,-0.711,-222.29,1.77,15.442, , , , , , ,82.249,26.57,-103.782
 12:21:50.743,eb:33:2e:f9:57:b5, 2015-01-01 00:08:07.040,0.149,-1.427,-0.043,-296.753,-19.958,51.27, , , , , , ,80.881,26.378,-103.821
 12:21:50.785,eb:33:2e:f9:57:b5, 2015-01-01 00:08:07.040,0.271,-1.139,0.394,-334.656,-37.415,71.411, , , , , , ,79.228,26.038,-103.925
 12:21:50.785,eb:33:2e:f9:57:b5, 2015-01-01 00:08:07.040,0.385,-0.885,0.625,-360.168,-51.941,85.083, , , , , , ,77.404,25.598,-104.079
 12:21:50.785,eb:33:2e:f9:57:b5, 2015-01-01 00:08:07.040,0.446,-0.639,0.665,-381.104,-63.11,93.14, , , , , , ,75.454,25.087,-104.277
 12:21:50.785,eb:33:2e:f9:57:b5, 2015-01-01 00:08:07.040,0.566,-0.451,0.6,-396.973,-78.918,94.788, , , , , , ,73.378,24.538,-104.524
 12:21:50.785,eb:33:2e:f9:57:b5, 2015-01-01 00:08:07.040,0.713,-0.373,0.6,-407.471,-97.168,89.05, , , , , , ,71.23,23.961,-104.843
 12:21:50.785,eb:33:2e:f9:57:b5, 2015-01-01 00:08:07.040,0.726,-0.343,0.576,-419.373,-109.192,80.872, , , , , , ,69.005,23.39,-105.216
 12:21:50.785,eb:33:2e:f9:57:b5, 2015-01-01 00:08:07.040,0.705,-0.365,0.459,-434.204,-118.042,71.533, , , , , , ,66.698,22.824,-105.639
 12:21:50.785,eb:33:2e:f9:57:b5, 2015-01-01 00:08:07.040,0.704,-0.374,0.348,-451.355,-124.39,61.951, , , , , , ,64.286,22.269,-106.1
 12:21:50.831,eb:33:2e:f9:57:b5, 2015-01-01 00:08:07.040,0.767,-0.362,0.291,-465.82,-133.301,51.086, , , , , , ,61.798,21.725,-106.584
 12:21:50.831,eb:33:2e:f9:57:b5, 2015-01-01 00:08:07.040,0.831,-0.339,0.363,-473.267,-144.958,36.682, , , , , , ,59.244,21.198,-107.122
 12:21:50.831,eb:33:2e:f9:57:b5, 2015-01-01 00:08:07.040,0.848,-0.304,0.521,-471.863,-159.241,19.348, , , , , , ,56.656,20.676,-107.743
 12:21:50.831,eb:33:2e:f9:57:b5, 2015-01-01 00:08:07.040,0.806,-0.236,0.697,-462.769,-174.133,0.854, , , , , , ,54.058,20.16,-108.463
 12:21:50.831,eb:33:2e:f9:57:b5, 2015-01-01 00:08:07.040,0.75,-0.149,0.841,-448.669,-187.988,-17.212, , , , , , ,51.509,19.649,-109.27
 12:21:50.831,eb:33:2e:f9:57:b5, 2015-01-01 00:08:07.040,0.674,-0.073,0.959,-432.495,-199.28,-33.752, , , , , , ,49.016,19.133,-110.149
 12:21:50.831,eb:33:2e:f9:57:b5, 2015-01-01 00:08:07.040,0.587,-0.048,1.011,-417.664,-207.092,-47.18, , , , , , ,46.593,18.6,-111.099
 12:21:50.831,eb:33:2e:f9:57:b5, 2015-01-01 00:08:07.040,0.533,-0.08,0.993,-407.41,-209.9,-56.763, , , , , , ,44.209,18.051,-112.088
 12:21:50.878,eb:33:2e:f9:57:b5, 2015-01-01 00:08:07.040,0.518,-0.125,0.965,-403.198,-207.642,-62.866, , , , , , ,41.885,17.496,-113.066
 12:21:50.878,eb:33:2e:f9:57:b5, 2015-01-01 00:08:07.040,0.499,-0.162,0.995,-404.48,-200.684,-65.491, , , , , , ,39.584,16.93,-114.016
 12:21:50.878,eb:33:2e:f9:57:b5, 2015-01-01 00:08:07.040,0.475,-0.193,1.081,-409.18,-190.613,-65.735, , , , , , ,37.293,16.375,-114.917
 12:21:50.878,eb:33:2e:f9:57:b5, 2015-01-01 00:08:07.040,0.467,-0.221,1.204,-414.49,-178.284,-64.392, , , , , , ,34.98,15.82,-115.757
 12:21:50.878,eb:33:2e:f9:57:b5, 2015-01-01 00:08:07.040,0.471,-0.231,1.322,-418.213,-165.1,-61.951, , , , , , ,32.69,15.287,-116.521
 12:21:50.878,eb:33:2e:f9:57:b5, 2015-01-01 00:08:07.040,0.455,-0.208,1.399,-418.945,-152.832,-59.265, , , , , , ,30.41,14.771,-117.208
 12:21:50.878,eb:33:2e:f9:57:b5, 2015-01-01 00:08:07.040,0.417,-0.169,1.402,-415.771,-145.63,-56.763, , , , , , ,28.163,14.266,-117.845
 12:21:50.878,eb:33:2e:f9:57:b5, 2015-01-01 00:08:07.040,0.407,-0.12,1.374,-408.997,-144.592,-53.528, , , , , , ,25.944,13.738,-118.438
 12:21:50.899,eb:33:2e:f9:57:b5, 2015-01-01 00:08:07.040,0.387,-0.091,1.384,-398.804,-147.522,-49.5, , , , , , ,23.796,13.184,-118.993
 12:21:50.899,eb:33:2e:f9:57:b5, 2015-01-01 00:08:07.040,0.372,-0.091,1.399,-386.353,-152.71,-43.64, , , , , , ,21.725,12.579,-119.504
 12:21:50.899,eb:33:2e:f9:57:b5, 2015-01-01 00:08:07.040,0.351,-0.124,1.424,-372.498,-159.607,-35.339, , , , , , ,19.731,11.915,-119.976
 12:21:50.899,eb:33:2e:f9:57:b5, 2015-01-01 00:08:07.040,0.302,-0.179,1.437,-358.887,-165.771,-24.719, , , , , , ,17.809,11.179,-120.388
 12:21:50.899,eb:33:2e:f9:57:b5, 2015-01-01 00:08:07.040,0.261,-0.242,1.407,-345.886,-173.34,-10.925, , , , , , ,15.991,10.388,-120.723
 12:21:50.899,eb:33:2e:f9:57:b5, 2015-01-01 00:08:07.040,0.227,-0.283,1.338,-334.473,-184.021,4.639, , , , , , ,14.255,9.52,-120.965
 12:21:50.899,eb:33:2e:f9:57:b5, 2015-01-01 00:08:07.040,0.212,-0.314,1.285,-324.463,-197.693,21.79, , , , , , ,12.585,8.569,-121.119
 12:21:50.899,eb:33:2e:f9:57:b5, 2015-01-01 00:08:07.040,0.217,-0.352,1.284,-315.552,-213.501,40.222, , , , , , ,10.964,7.509,-121.168
 12:21:50.943,eb:33:2e:f9:57:b5, 2015-01-01 00:08:07.040,0.225,-0.395,1.361,-305.725,-234.192,63.354, , , , , , ,9.421,6.35,-121.102
 12:21:50.943,eb:33:2e:f9:57:b5, 2015-01-01 00:08:07.040,0.252,-0.418,1.471,-298.279,-251.099,82.275, , , , , , ,7.932,5.087,-120.916
 12:21:50.943,eb:33:2e:f9:57:b5, 2015-01-01 00:08:07.040,0.272,-0.415,1.613,-292.542,-266.052,101.135, , , , , , ,6.482,3.735,-120.608
 12:21:50.943,eb:33:2e:f9:57:b5, 2015-01-01 00:08:07.040,0.31,-0.38,1.748,-288.452,-278.625,118.347, , , , , , ,5.032,2.307,-120.19
 12:21:50.943,eb:33:2e:f9:57:b5, 2015-01-01 00:08:07.040,0.347,-0.31,1.9,-286.072,-287.537,133.362, , , , , , ,3.615,0.84,-119.663
 12:21:50.943,eb:33:2e:f9:57:b5, 2015-01-01 00:08:07.040,0.383,-0.213,2.048,-284.973,-293.396,146.118, , , , , , ,2.186,-0.643,-119.026
 12:21:50.943,eb:33:2e:f9:57:b5, 2015-01-01 00:08:07.040,0.405,-0.093,2.215,-284.485,-295.837,155.762, , , , , , ,0.742,-2.142,-118.306
,,,,,,,,, , , , , , ,-0.736,-3.631,-117.504
,,,,,,,,, , , , , , ,-2.225,-5.081,-116.642
,,,,,,,,, , , , , , ,-3.735,-6.482,-115.73
,,,,,,,,, , , , , , ,-5.273,-7.833,-114.802
,,,,,,,,, , , , , , ,-6.855,-9.135,-113.857
,,,,,,,,, , , , , , ,-8.427,-10.344,-112.923
,,,,,,,,, , , , , , ,-9.998,-11.47,-112.033
,,,,,,,,, , , , , , ,-11.547,-12.519,-111.187
,,,,,,,,, , , , , , ,-13.068,-13.535,-110.413
,,,,,,,,, , , , , , ,-14.496,-14.54,-109.72
,,,,,,,,, , , , , , ,-15.826,-15.595,-109.116
,,,,,,,,, , , , , , ,-17.062,-16.694,-108.583
,,,,,,,,, , , , , , ,-18.199,-17.814,-108.127
,,,,,,,,, , , , , , ,-19.226,-18.913,-107.737
,,,,,,,,, , , , , , ,-20.149,-19.962,-107.397
,,,,,,,,, , , , , , ,-20.978,-20.923,-107.089
,,,,,,,,, , , , , , ,-21.725,-21.764,-106.82
,,,,,,,,, , , , , , ,-22.385,-22.462,-106.595
,,,,,,,,, , , , , , ,-22.95,-22.994,-106.436
,,,,,,,,, , , , , , ,-23.401,-23.351,-106.359
,,,,,,,,, , , , , , ,-23.714,-23.582,-106.359
,,,,,,,,, , , , , , ,-23.868,-23.736,-106.436
,,,,,,,,, , , , , , ,-23.862,-23.873,-106.567
,,,,,,,,, , , , , , ,-23.703,-24.011,-106.743
,,,,,,,,, , , , , , ,-23.401,-24.137,-106.952
,,,,,,,,, , , , , , ,-23.011,-24.225,-107.183
,,,,,,,,, , , , , , ,-22.544,-24.241,-107.441
,,,,,,,,, , , , , , ,-22.006,-24.153,-107.715
,,,,,,,,, , , , , , ,-20.797,-23.445,-108.484
,,,,,,,,, , , , , , ,-19.49,-21.594,-109.237
,,,,,,,,, , , , , , ,-18.259,-19.534,-109.99
,,,,,,,,, , , , , , ,-17.128,-17.128,-110.814
,,,,,,,,, , , , , , ,-16.122,-14.518,-111.495
,,,,,,,,, , , , , , ,-15.145,-12.047,-111.929
,,,,,,,,, , , , , , ,-13.975,-10.063,-112.022
,,,,,,,,, , , , , , ,-12.552,-8.602,-111.912
,,,,,,,,, , , , , , ,-11.019,-7.405,-111.725
,,,,,,,,, , , , , , ,-9.558,-6.356,-111.55
,,,,,,,,, , , , , , ,-8.262,-5.466,-111.412
,,,,,,,,, , , , , , ,-7.13,-4.757,-111.346
,,,,,,,,, , , , , , ,-6.13,-4.197,-111.357
,,,,,,,,, , , , , , ,-5.306,-3.779,-111.39
,,,,,,,,, , , , , , ,-4.664,-3.433,-111.368
,,,,,,,,, , , , , , ,-4.164,-3.093,-111.264
,,,,,,,,, , , , , , ,-3.741,-2.719,-111.083
,,,,,,,,, , , , , , ,-3.439,-2.379,-110.852
,,,,,,,,, , , , , , ,-3.203,-2.054,-110.627
,,,,,,,,, , , , , , ,-3.016,-1.736,-110.446
,,,,,,,,, , , , , , ,-2.889,-1.467,-110.325
,,,,,,,,, , , , , , ,-2.84,-1.346,-110.253
,,,,,,,,, , , , , , ,-2.807,-1.274,-110.193
,,,,,,,,, , , , , , ,-2.774,-1.187,-110.132
,,,,,,,,, , , , , , ,-2.725,-1.082,-110.072
,,,,,,,,, , , , , , ,-2.697,-1.022,-110.034
,,,,,,,,, , , , , , ,-2.67,-0.983,-110.001
,,,,,,,,, , , , , , ,-2.642,-0.945,-109.973
,,,,,,,,, , , , , , ,-2.604,-0.895,-109.957
,,,,,,,,, , , , , , ,-2.576,-0.862,-109.94
,,,,,,,,, , , , , , ,-2.549,-0.829,-109.929
,,,,,,,,, , , , , , ,-2.527,-0.797,-109.924
,,,,,,,,, , , , , , ,-2.488,-0.742,-109.924
,,,,,,,,, , , , , , ,-2.461,-0.687,-109.924
,,,,,,,,, , , , , , ,-2.433,-0.637,-109.935
,,,,,,,,, , , , , , ,-2.411,-0.593,-109.94
,,,,,,,,, , , , , , ,-2.373,-0.544,-109.951
,,,,,,,,, , , , , , ,-2.351,-0.511,-109.968
,,,,,,,,, , , , , , ,-2.329,-0.478,-109.984
,,,,,,,,, , , , , , ,-2.302,-0.439,-110.006
,,,,,,,,, , , , , , ,-2.258,-0.396,-110.028
,,,,,,,,, , , , , , ,-2.225,-0.368,-110.056
,,,,,,,,, , , , , , ,-2.186,-0.341,-110.089
,,,,,,,,, , , , , , ,-2.142,-0.319,-110.121
,,,,,,,,, , , , , , ,-2.087,-0.286,-110.149
,,,,,,,,, , , , , , ,-2.043,-0.275,-110.182
,,,,,,,,, , , , , , ,-2,-0.269,-110.204
,,,,,,,,, , , , , , ,-1.956,-0.269,-110.231
,,,,,,,,, , , , , , ,-1.901,-0.258,-110.253
,,,,,,,,, , , , , , ,-1.851,-0.253,-110.27
,,,,,,,,, , , , , , ,-1.802,-0.242,-110.286
,,,,,,,,, , , , , , ,-1.758,-0.225,-110.303
,,,,,,,,, , , , , , ,-1.697,-0.181,-110.314
,,,,,,,,, , , , , , ,-1.659,-0.143,-110.325
,,,,,,,,, , , , , , ,-1.62,-0.093,-110.33
,,,,,,,,, , , , , , ,-1.588,-0.033,-110.341
,,,,,,,,, , , , , , ,-1.549,0.038,-110.352
,,,,,,,,, , , , , , ,-1.527,0.104,-110.363
,,,,,,,,, , , , , , ,-1.505,0.176,-110.369
,,,,,,,,, , , , , , ,-1.483,0.247,-110.374
,,,,,,,,, , , , , , ,-1.456,0.324,-110.385
,,,,,,,,, , , , , , ,-1.439,0.401,-110.391
,,,,,,,,, , , , , , ,-1.423,0.478,-110.402
,,,,,,,,, , , , , , ,-1.406,0.56,-110.413
,,,,,,,,, , , , , , ,-1.379,0.659,-110.429
,,,,,,,,, , , , , , ,-1.351,0.747,-110.451
,,,,,,,,, , , , , , ,-1.324,0.835,-110.484
,,,,,,,,, , , , , , ,-1.296,0.917,-110.522
,,,,,,,,, , , , , , ,-1.247,1.005,-110.566
,,,,,,,,, , , , , , ,-1.208,1.071,-110.616
,,,,,,,,, , , , , , ,-1.159,1.132,-110.676
,,,,,,,,, , , , , , ,-1.099,1.198,-110.737
,,,,,,,,, , , , , , ,-1.016,1.274,-110.803
,,,,,,,,, , , , , , ,-0.928,1.351,-110.88
,,,,,,,,, , , , , , ,-0.84,1.434,-110.951
,,,,,,,,, , , , , , ,-0.747,1.538,-111.028
,,,,,,,,, , , , , , ,-0.637,1.67,-111.105
,,,,,,,,, , , , , , ,-0.533,1.791,-111.187
,,,,,,,,, , , , , , ,-0.423,1.923,-111.264
,,,,,,,,, , , , , , ,-0.308,2.049,-111.346
,,,,,,,,, , , , , , ,-0.181,2.192,-111.423
,,,,,,,,, , , , , , ,-0.055,2.329,-111.5
,,,,,,,,, , , , , , ,0.071,2.466,-111.577
,,,,,,,,, , , , , , ,0.209,2.604,-111.649
,,,,,,,,, , , , , , ,0.374,2.752,-111.714
,,,,,,,,, , , , , , ,0.538,2.889,-111.78
,,,,,,,,, , , , , , ,0.714,3.038,-111.835
,,,,,,,,, , , , , , ,0.906,3.197,-111.896
,,,,,,,,, , , , , , ,1.126,3.378,-111.94
,,,,,,,,, , , , , , ,1.357,3.565,-111.984
,,,,,,,,, , , , , , ,1.62,3.757,-112.017
,,,,,,,,, , , , , , ,1.917,3.961,-112.05
,,,,,,,,, , , , , , ,2.258,4.186,-112.083
,,,,,,,,, , , , , , ,2.626,4.411,-112.11
,,,,,,,,, , , , , , ,3.038,4.647,-112.137
,,,,,,,,, , , , , , ,3.494,4.889,-112.159
,,,,,,,,, , , , , , ,4.005,5.131,-112.181
,,,,,,,,, , , , , , ,4.559,5.35,-112.198
,,,,,,,,, , , , , , ,5.158,5.565,-112.203
,,,,,,,,, , , , , , ,5.812,5.757,-112.203
,,,,,,,,, , , , , , ,6.526,5.949,-112.192
,,,,,,,,, , , , , , ,7.289,6.125,-112.181
,,,,,,,,, , , , , , ,8.102,6.301,-112.154
,,,,,,,,, , , , , , ,8.976,6.493,-112.115
,,,,,,,,, , , , , , ,9.91,6.713,-112.072
,,,,,,,,, , , , , , ,10.898,6.932,-112.028
,,,,,,,,, , , , , , ,11.953,7.163,-111.989
,,,,,,,,, , , , , , ,13.063,7.427,-111.956
,,,,,,,,, , , , , , ,14.26,7.729,-111.912
,,,,,,,,, , , , , , ,15.529,8.042,-111.863
,,,,,,,,, , , , , , ,16.902,8.399,-111.791
,,,,,,,,, , , , , , ,18.386,8.817,-111.709
,,,,,,,,, , , , , , ,19.995,9.3,-111.616
,,,,,,,,, , , , , , ,21.72,9.827,-111.522
,,,,,,,,, , , , , , ,23.571,10.432,-111.401
,,,,,,,,, , , , , , ,25.554,11.118,-111.259
,,,,,,,,, , , , , , ,27.675,11.887,-111.088
,,,,,,,,, , , , , , ,29.91,12.695,-110.901
,,,,,,,,, , , , , , ,32.239,13.519,-110.709
,,,,,,,,, , , , , , ,34.612,14.414,-110.468
,,,,,,,,, , , , , , ,37.007,15.419,-110.083
,,,,,,,,, , , , , , ,39.463,16.441,-109.627
,,,,,,,,, , , , , , ,41.968,17.441,-109.166
,,,,,,,,, , , , , , ,44.434,18.391,-108.721
,,,,,,,,, , , , , , ,46.89,19.336,-108.248
,,,,,,,,, , , , , , ,49.389,20.358,-107.655
,,,,,,,,, , , , , , ,51.938,21.429,-106.924
,,,,,,,,, , , , , , ,54.536,22.478,-106.128
,,,,,,,,, , , , , , ,57.195,23.522,-105.282
,,,,,,,,, , , , , , ,60.018,24.626,-104.425
,,,,,,,,, , , , , , ,63.149,25.862,-103.535
,,,,,,,,, , , , , , ,66.44,27.186,-102.706
,,,,,,,,, , , , , , ,69.494,28.51,-102.03
,,,,,,,,, , , , , , ,72.142,29.795,-101.585
,,,,,,,,, , , , , , ,74.125,31.031,-101.47
,,,,,,,,, , , , , , ,75.322,32.245,-101.646
,,,,,,,,, , , , , , ,75.707,33.426,-102.03
,,,,,,,,, , , , , , ,75.306,34.497,-102.612
,,,,,,,,, , , , , , ,74.218,35.409,-103.392
,,,,,,,,, , , , , , ,72.62,36.145,-104.348
,,,,,,,,, , , , , , ,70.681,36.694,-105.403
,,,,,,,,, , , , , , ,68.588,37.073,-106.485
,,,,,,,,, , , , , , ,66.462,37.293,-107.562
,,,,,,,,, , , , , , ,64.391,37.386,-108.589
,,,,,,,,, , , , , , ,62.38,37.365,-109.539
,,,,,,,,, , , , , , ,60.458,37.238,-110.38
,,,,,,,,, , , , , , ,58.607,37.024,-111.116
,,,,,,,,, , , , , , ,56.816,36.716,-111.769
,,,,,,,,, , , , , , ,55.08,36.326,-112.352
,,,,,,,,, , , , , , ,53.416,35.859,-112.868
,,,,,,,,, , , , , , ,51.784,35.299,-113.351
,,,,,,,,, , , , , , ,50.164,34.645,-113.84
,,,,,,,,, , , , , , ,48.516,33.887,-114.34
,,,,,,,,, , , , , , ,46.862,33.025,-114.835
,,,,,,,,, , , , , , ,45.17,32.064,-115.323
,,,,,,,,, , , , , , ,43.451,31.009,-115.807
,,,,,,,,, , , , , , ,41.688,29.872,-116.279
,,,,,,,,, , , , , , ,39.93,28.685,-116.691
,,,,,,,,, , , , , , ,38.156,27.455,-117.054
,,,,,,,,, , , , , , ,36.37,26.202,-117.367
,,,,,,,,, , , , , , ,34.541,24.933,-117.653
,,,,,,,,, , , , , , ,32.717,23.665,-117.889
,,,,,,,,, , , , , , ,30.883,22.401,-118.092
,,,,,,,,, , , , , , ,29.048,21.149,-118.279
,,,,,,,,, , , , , , ,27.202,19.902,-118.466
,,,,,,,,, , , , , , ,25.395,18.677,-118.641
,,,,,,,,, , , , , , ,23.615,17.463,-118.823
,,,,,,,,, , , , , , ,21.857,16.254,-119.02
,,,,,,,,, , , , , , ,20.094,15.04,-119.235
,,,,,,,,, , , , , , ,18.364,13.843,-119.46
,,,,,,,,, , , , , , ,16.65,12.651,-119.674
,,,,,,,,, , , , , , ,14.936,11.47,-119.888
,,,,,,,,, , , , , , ,13.211,10.294,-120.081
,,,,,,,,, , , , , , ,11.508,9.141,-120.234
,,,,,,,,, , , , , , ,9.8,8.015,-120.339
,,,,,,,,, , , , , , ,8.08,6.927,-120.399
,,,,,,,,, , , , , , ,6.323,5.861,-120.405
,,,,,,,,, , , , , , ,4.576,4.856,-120.355
,,,,,,,,, , , , , , ,2.807,3.889,-120.262
,,,,,,,,, , , , , , ,1.027,2.944,-120.146
,,,,,,,,, , , , , , ,-0.769,1.994,-120.015
,,,,,,,,, , , , , , ,-2.543,1.044,-119.883
,,,,,,,,, , , , , , ,-4.307,0.066,-119.767
,,,,,,,,, , , , , , ,-6.064,-0.945,-119.674
,,,,,,,,, , , , , , ,-7.839,-2.01,-119.614
,,,,,,,,, , , , , , ,-9.586,-3.098,-119.586
,,,,,,,,, , , , , , ,-11.332,-4.219,-119.597
,,,,,,,,, , , , , , ,-13.074,-5.35,-119.641
,,,,,,,,, , , , , , ,-14.804,-6.498,-119.713
,,,,,,,,, , , , , , ,-16.458,-7.625,-119.806
,,,,,,,,, , , , , , ,-18.023,-8.734,-119.905
,,,,,,,,, , , , , , ,-19.462,-9.822,-120.004
,,,,,,,,, , , , , , ,-20.781,-10.904,-120.086
,,,,,,,,, , , , , , ,-21.923,-11.942,-120.152
,,,,,,,,, , , , , , ,-22.917,-12.953,-120.179
,,,,,,,,, , , , , , ,-23.752,-13.947,-120.141
,,,,,,,,, , , , , , ,-24.445,-14.941,-120.009
,,,,,,,,, , , , , , ,-24.994,-15.925,-119.789
,,,,,,,,, , , , , , ,-25.428,-16.919,-119.454
,,,,,,,,, , , , , , ,-25.796,-17.93,-119.009
,,,,,,,,, , , , , , ,-26.12,-18.875,-118.499
,,,,,,,,, , , , , , ,-26.428,-19.633,-117.971
,,,,,,,,, , , , , , ,-26.708,-20.083,-117.482
,,,,,,,,, , , , , , ,-26.917,-20.198,-117.043
,,,,,,,,, , , , , , ,-27.004,-20.045,-116.658
,,,,,,,,, , , , , , ,-26.938,-19.72,-116.301
,,,,,,,,, , , , , , ,-26.713,-19.325,-115.95
,,,,,,,,, , , , , , ,-26.356,-18.929,-115.582
,,,,,,,,, , , , , , ,-25.889,-18.561,-115.197
,,,,,,,,, , , , , , ,-25.252,-18.287,-114.873
,,,,,,,,, , , , , , ,-24.12,-16.924,-114.906
,,,,,,,,, , , , , , ,-23.11,-15.128,-114.89
,,,,,,,,, , , , , , ,-22.088,-13.184,-114.857
,,,,,,,,, , , , , , ,-20.973,-11.453,-114.681
,,,,,,,,, , , , , , ,-19.633,-10.118,-114.23
,,,,,,,,, , , , , , ,-18.073,-9.135,-113.637
,,,,,,,,, , , , , , ,-16.419,-8.295,-113.022
,,,,,,,,, , , , , , ,-14.832,-7.498,-112.423
,,,,,,,,, , , , , , ,-13.37,-6.768,-111.901
,,,,,,,,, , , , , , ,-12.041,-6.147,-111.528
,,,,,,,,, , , , , , ,-10.833,-5.636,-111.374
,,,,,,,,, , , , , , ,-9.778,-5.208,-111.401
,,,,,,,,, , , , , , ,-8.849,-4.828,-111.533
,,,,,,,,, , , , , , ,-7.987,-4.488,-111.676
,,,,,,,,, , , , , , ,-7.174,-4.153,-111.758
,,,,,,,,, , , , , , ,-6.432,-3.812,-111.736
,,,,,,,,, , , , , , ,-5.795,-3.439,-111.605
,,,,,,,,, , , , , , ,-5.279,-3.06,-111.379
,,,,,,,,, , , , , , ,-4.839,-2.675,-111.127
,,,,,,,,, , , , , , ,-4.482,-2.335,-110.896
,,,,,,,,, , , , , , ,-4.169,-2.043,-110.72
,,,,,,,,, , , , , , ,-3.889,-1.78,-110.594
,,,,,,,,, , , , , , ,-3.636,-1.533,-110.495
,,,,,,,,, , , , , , ,-3.433,-1.318,-110.391
,,,,,,,,, , , , , , ,-3.268,-1.11,-110.281
,,,,,,,,, , , , , , ,-3.137,-0.906,-110.16
,,,,,,,,, , , , , , ,-3.027,-0.709,-110.05
,,,,,,,,, , , , , , ,-2.961,-0.577,-109.979
,,,,,,,,, , , , , , ,-2.922,-0.494,-109.94
,,,,,,,,, , , , , , ,-2.889,-0.423,-109.918
,,,,,,,,, , , , , , ,-2.845,-0.319,-109.885
,,,,,,,,, , , , , , ,-2.818,-0.209,-109.858
,,,,,,,,, , , , , , ,-2.802,-0.11,-109.841
,,,,,,,,, , , , , , ,-2.791,-0.027,-109.83
,,,,,,,,, , , , , , ,-2.769,0.049,-109.83
,,,,,,,,, , , , , , ,-2.758,0.115,-109.836
,,,,,,,,, , , , , , ,-2.741,0.187,-109.841
,,,,,,,,, , , , , , ,-2.73,0.253,-109.847
,,,,,,,,, , , , , , ,-2.703,0.324,-109.863
,,,,,,,,, , , , , , ,-2.681,0.379,-109.88
,,,,,,,,, , , , , , ,-2.664,0.428,-109.896
,,,,,,,,, , , , , , ,-2.648,0.467,-109.913
,,,,,,,,, , , , , , ,-2.615,0.516,-109.929
,,,,,,,,, , , , , , ,-2.593,0.549,-109.946
,,,,,,,,, , , , , , ,-2.576,0.577,-109.968
,,,,,,,,, , , , , , ,-2.554,0.604,-109.984
,,,,,,,,, , , , , , ,-2.521,0.632,-110.001
,,,,,,,,, , , , , , ,-2.499,0.643,-110.017
,,,,,,,,, , , , , , ,-2.477,0.654,-110.034
,,,,,,,,, , , , , , ,-2.45,0.665,-110.045
,,,,,,,,, , , , , , ,-2.411,0.692,-110.056
,,,,,,,,, , , , , , ,-2.39,0.714,-110.072
,,,,,,,,, , , , , , ,-2.362,0.742,-110.083
,,,,,,,,, , , , , , ,-2.335,0.775,-110.099
,,,,,,,,, , , , , , ,-2.302,0.818,-110.11
,,,,,,,,, , , , , , ,-2.274,0.862,-110.127
,,,,,,,,, , , , , , ,-2.252,0.912,-110.138
,,,,,,,,, , , , , , ,-2.23,0.961,-110.154
,,,,,,,,, , , , , , ,-2.192,1.033,-110.171
,,,,,,,,, , , , , , ,-2.17,1.099,-110.187
,,,,,,,,, , , , , , ,-2.142,1.165,-110.209
,,,,,,,,, , , , , , ,-2.115,1.236,-110.231
,,,,,,,,, , , , , , ,-2.071,1.324,-110.248
,,,,,,,,, , , , , , ,-2.043,1.401,-110.27
,,,,,,,,, , , , , , ,-2.01,1.483,-110.292
,,,,,,,,, , , , , , ,-1.983,1.56,-110.314
,,,,,,,,, , , , , , ,-1.939,1.648,-110.336
,,,,,,,,, , , , , , ,-1.912,1.725,-110.352
,,,,,,,,, , , , , , ,-1.879,1.802,-110.374
,,,,,,,,, , , , , , ,-1.851,1.879,-110.391
,,,,,,,,, , , , , , ,-1.813,1.967,-110.413
,,,,,,,,, , , , , , ,-1.78,2.049,-110.435
,,,,,,,,, , , , , , ,-1.752,2.131,-110.457
,,,,,,,,, , , , , , ,-1.725,2.214,-110.479
,,,,,,,,, , , , , , ,-1.686,2.313,-110.506
,,,,,,,,, , , , , , ,-1.659,2.406,-110.533
,,,,,,,,, , , , , , ,-1.626,2.499,-110.572
,,,,,,,,, , , , , , ,-1.599,2.598,-110.61
,,,,,,,,, , , , , , ,-1.555,2.719,-110.654
,,,,,,,,, , , , , , ,-1.516,2.845,-110.704
,,,,,,,,, , , , , , ,-1.478,2.983,-110.764
,,,,,,,,, , , , , , ,-1.439,3.137,-110.825
,,,,,,,,, , , , , , ,-1.39,3.312,-110.891
,,,,,,,,, , , , , , ,-1.351,3.477,-110.956
,,,,,,,,, , , , , , ,-1.313,3.647,-111.022
,,,,,,,,, , , , , , ,-1.274,3.823,-111.083
,,,,,,,,, , , , , , ,-1.23,4.005,-111.138
,,,,,,,,, , , , , , ,-1.198,4.169,-111.187
,,,,,,,,, , , , , , ,-1.159,4.323,-111.231
,,,,,,,,, , , , , , ,-1.126,4.471,-111.264
,,,,,,,,, , , , , , ,-1.071,4.62,-111.302
,,,,,,,,, , , , , , ,-1.027,4.746,-111.341
,,,,,,,,, , , , , , ,-0.978,4.828,-111.396
,,,,,,,,, , , , , , ,-0.912,4.911,-111.462
,,,,,,,,, , , , , , ,-0.797,5.015,-111.533
,,,,,,,,, , , , , , ,-0.659,5.153,-111.588
,,,,,,,,, , , , , , ,-0.472,5.317,-111.627
,,,,,,,,, , , , , , ,-0.225,5.482,-111.654
,,,,,,,,, , , , , , ,0.055,5.652,-111.676
,,,,,,,,, , , , , , ,0.363,5.823,-111.698
,,,,,,,,, , , , , , ,0.709,5.999,-111.72
,,,,,,,,, , , , , , ,1.099,6.18,-111.742
,,,,,,,,, , , , , , ,1.538,6.378,-111.758
,,,,,,,,, , , , , , ,2.01,6.57,-111.769
,,,,,,,,, , , , , , ,2.538,6.751,-111.775
,,,,,,,,, , , , , , ,3.115,6.932,-111.775
,,,,,,,,, , , , , , ,3.763,7.119,-111.775
,,,,,,,,, , , , , , ,4.46,7.278,-111.775
,,,,,,,,, , , , , , ,5.229,7.432,-111.78
,,,,,,,,, , , , , , ,6.064,7.581,-111.786
,,,,,,,,, , , , , , ,6.976,7.729,-111.797
,,,,,,,,, , , , , , ,7.949,7.866,-111.808
,,,,,,,,, , , , , , ,8.998,8.004,-111.813
,,,,,,,,, , , , , , ,10.124,8.168,-111.808
,,,,,,,,, , , , , , ,11.332,8.372,-111.786
,,,,,,,,, , , , , , ,12.634,8.586,-111.747
,,,,,,,,, , , , , , ,14.035,8.849,-111.693
,,,,,,,,, , , , , , ,15.551,9.168,-111.638
,,,,,,,,, , , , , , ,17.183,9.569,-111.583
,,,,,,,,, , , , , , ,18.929,10.058,-111.522
,,,,,,,,, , , , , , ,20.797,10.657,-111.44
,,,,,,,,, , , , , , ,22.808,11.376,-111.335
,,,,,,,,, , , , , , ,24.972,12.217,-111.182
,,,,,,,,, , , , , , ,27.285,13.134,-110.989
,,,,,,,,, , , , , , ,29.724,14.095,-110.753
,,,,,,,,, , , , , , ,32.239,15.079,-110.468
,,,,,,,,, , , , , , ,34.805,16.106,-110.105
,,,,,,,,, , , , , , ,37.381,17.172,-109.627
,,,,,,,,, , , , , , ,39.941,18.215,-109.083
,,,,,,,,, , , , , , ,42.484,19.221,-108.501
,,,,,,,,, , , , , , ,45.011,20.209,-107.869
,,,,,,,,, , , , , , ,47.571,21.204,-107.166
,,,,,,,,, , , , , , ,50.175,22.225,-106.386
,,,,,,,,, , , , , , ,52.861,23.231,-105.557
,,,,,,,,, , , , , , ,55.651,24.252,-104.711
,,,,,,,,, , , , , , ,58.683,25.367,-103.859
,,,,,,,,, , , , , , ,62.007,26.587,-103.019
,,,,,,,,, , , , , , ,65.319,27.834,-102.272
,,,,,,,,, , , , , , ,68.318,29.031,-101.728
,,,,,,,,, , , , , , ,70.829,30.146,-101.492
,,,,,,,,, , , , , , ,72.669,31.179,-101.596
,,,,,,,,, , , , , , ,73.746,32.151,-101.959
,,,,,,,,, , , , , , ,74.009,33.025,-102.486
,,,,,,,,, , , , , , ,73.564,33.777,-103.096
,,,,,,,,, , , , , , ,72.537,34.376,-103.755
,,,,,,,,, , , , , , ,71.093,34.821,-104.464
,,,,,,,,, , , , , , ,69.384,35.129,-105.211
,,,,,,,,, , , , , , ,67.555,35.31,-105.952
,,,,,,,,, , , , , , ,65.709,35.398,-106.628
,,,,,,,,, , , , , , ,63.896,35.409,-107.238
,,,,,,,,, , , , , , ,62.122,35.354,-107.754
,,,,,,,,, , , , , , ,60.419,35.25,-108.193
,,,,,,,,, , , , , , ,58.782,35.085,-108.572
,,,,,,,,, , , , , , ,57.211,34.86,-108.94
,,,,,,,,, , , , , , ,55.684,34.552,-109.336
,,,,,,,,, , , , , , ,54.218,34.156,-109.764
,,,,,,,,, , , , , , ,52.767,33.662,-110.237
,,,,,,,,, , , , , , ,51.312,33.063,-110.77
,,,,,,,,, , , , , , ,49.828,32.349,-111.341
,,,,,,,,, , , , , , ,48.329,31.536,-111.918
,,,,,,,,, , , , , , ,46.807,30.63,-112.478
,,,,,,,,, , , , , , ,45.264,29.63,-113.022
,,,,,,,,, , , , , , ,43.687,28.548,-113.527
,,,,,,,,, , , , , , ,42.122,27.416,-113.967
,,,,,,,,, , , , , , ,40.551,26.241,-114.34
,,,,,,,,, , , , , , ,38.979,25.038,-114.664
,,,,,,,,, , , , , , ,37.392,23.813,-114.939
,,,,,,,,, , , , , , ,35.815,22.577,-115.159
,,,,,,,,, , , , , , ,34.239,21.341,-115.34
,,,,,,,,, , , , , , ,32.651,20.105,-115.505
,,,,,,,,, , , , , , ,31.031,18.858,-115.653
,,,,,,,,, , , , , , ,29.416,17.611,-115.796
,,,,,,,,, , , , , , ,27.779,16.353,-115.939
,,,,,,,,, , , , , , ,26.125,15.073,-116.104
,,,,,,,,, , , , , , ,24.439,13.755,-116.296
,,,,,,,,, , , , , , ,22.747,12.404,-116.499
,,,,,,,,, , , , , , ,21.044,11.025,-116.702
,,,,,,,,, , , , , , ,19.33,9.624,-116.9
,,,,,,,,, , , , , , ,17.6,8.201,-117.081
,,,,,,,,, , , , , , ,15.892,6.79,-117.224
,,,,,,,,, , , , , , ,14.183,5.4,-117.312
,,,,,,,,, , , , , , ,12.486,4.043,-117.35
,,,,,,,,, , , , , , ,10.772,2.714,-117.334
,,,,,,,,, , , , , , ,9.086,1.434,-117.257
,,,,,,,,, , , , , , ,7.399,0.17,-117.131
,,,,,,,,, , , , , , ,5.707,-1.093,-116.96
,,,,,,,,, , , , , , ,3.977,-2.384,-116.746
,,,,,,,,, , , , , , ,2.23,-3.686,-116.488
,,,,,,,,, , , , , , ,0.45,-5.01,-116.18
,,,,,,,,, , , , , , ,-1.351,-6.339,-115.829
,,,,,,,,, , , , , , ,-3.192,-7.674,-115.422
,,,,,,,,, , , , , , ,-4.999,-8.97,-114.977
,,,,,,,,, , , , , , ,-6.779,-10.228,-114.489
,,,,,,,,, , , , , , ,-8.514,-11.437,-113.972
,,,,,,,,, , , , , , ,-10.217,-12.574,-113.423
,,,,,,,,, , , , , , ,-11.838,-13.623,-112.863
,,,,,,,,, , , , , , ,-13.387,-14.595,-112.308
,,,,,,,,, , , , , , ,-14.875,-15.518,-111.753
,,,,,,,,, , , , , , ,-16.293,-16.414,-111.204
,,,,,,,,, , , , , , ,-17.6,-17.271,-110.687
,,,,,,,,, , , , , , ,-18.803,-18.094,-110.204
,,,,,,,,, , , , , , ,-19.88,-18.885,-109.759
,,,,,,,,, , , , , , ,-20.836,-19.649,-109.341
,,,,,,,,, , , , , , ,-21.649,-20.38,-108.962
,,,,,,,,, , , , , , ,-22.335,-21.077,-108.6
,,,,,,,,, , , , , , ,-22.89,-21.714,-108.254
,,,,,,,,, , , , , , ,-23.329,-22.28,-107.924
,,,,,,,,, , , , , , ,-23.665,-22.769,-107.606
,,,,,,,,, , , , , , ,-23.906,-23.187,-107.314
,,,,,,,,, , , , , , ,-24.066,-23.516,-107.045
,,,,,,,,, , , , , , ,-24.142,-23.714,-106.826
,,,,,,,,, , , , , , ,-24.137,-23.758,-106.666
,,,,,,,,, , , , , , ,-24.033,-23.654,-106.584
,,,,,,,,, , , , , , ,-23.818,-23.417,-106.551
,,,,,,,,, , , , , , ,-23.483,-23.093,-106.573
,,,,,,,,, , , , , , ,-23.049,-22.731,-106.633
,,,,,,,,, , , , , , ,-22.456,-22.385,-106.793
,,,,,,,,, , , , , , ,-21.22,-21.215,-107.419
,,,,,,,,, , , , , , ,-19.99,-19.402,-108.04
,,,,,,,,, , , , , , ,-18.831,-17.419,-108.754
,,,,,,,,, , , , , , ,-17.721,-15.205,-109.462
,,,,,,,,, , , , , , ,-16.523,-13.041,-109.935
,,,,,,,,, , , , , , ,-15.156,-11.091,-110.204
,,,,,,,,, , , , , , ,-13.672,-9.382,-110.308
,,,,,,,,, , , , , , ,-12.151,-7.91,-110.286
,,,,,,,,, , , , , , ,-10.712,-6.674,-110.171
,,,,,,,,, , , , , , ,-9.41,-5.641,-110.006
,,,,,,,,, , , , , , ,-8.256,-4.796,-109.863
,,,,,,,,, , , , , , ,-7.234,-4.103,-109.737
,,,,,,,,, , , , , , ,-6.372,-3.56,-109.622
,,,,,,,,, , , , , , ,-5.641,-3.104,-109.512
,,,,,,,,, , , , , , ,-4.993,-2.714,-109.385
,,,,,,,,, , , , , , ,-4.411,-2.362,-109.215
,,,,,,,,, , , , , , ,-3.9,-2.027,-109.006
,,,,,,,,, , , , , , ,-3.477,-1.675,-108.798
,,,,,,,,, , , , , , ,-3.164,-1.357,-108.6
,,,,,,,,, , , , , , ,-2.922,-1.011,-108.424
,,,,,,,,, , , , , , ,-2.741,-0.714,-108.298
,,,,,,,,, , , , , , ,-2.604,-0.5,-108.199
,,,,,,,,, , , , , , ,-2.499,-0.335,-108.122
,,,,,,,,, , , , , , ,-2.401,-0.187,-108.045
,,,,,,,,, , , , , , ,-2.313,-0.044,-107.979
,,,,,,,,, , , , , , ,-2.214,0.088,-107.913
,,,,,,,,, , , , , , ,-2.137,0.209,-107.853
,,,,,,,,, , , , , , ,-2.071,0.319,-107.798
,,,,,,,,, , , , , , ,-2.01,0.412,-107.754
,,,,,,,,, , , , , , ,-1.939,0.505,-107.715
,,,,,,,,, , , , , , ,-1.89,0.582,-107.688
,,,,,,,,, , , , , , ,-1.84,0.659,-107.672
,,,,,,,,, , , , , , ,-1.796,0.736,-107.661
,,,,,,,,, , , , , , ,-1.741,0.835,-107.65
,,,,,,,,, , , , , , ,-1.703,0.917,-107.655
,,,,,,,,, , , , , , ,-1.659,0.994,-107.661
,,,,,,,,, , , , , , ,-1.62,1.06,-107.672
,,,,,,,,, , , , , , ,-1.571,1.126,-107.682
,,,,,,,,, , , , , , ,-1.533,1.17,-107.693
,,,,,,,,, , , , , , ,-1.494,1.208,-107.715
,,,,,,,,, , , , , , ,-1.456,1.241,-107.732
,,,,,,,,, , , , , , ,-1.406,1.285,-107.754
,,,,,,,,, , , , , , ,-1.373,1.313,-107.776
,,,,,,,,, , , , , , ,-1.34,1.34,-107.803
,,,,,,,,, , , , , , ,-1.302,1.357,-107.836
,,,,,,,,, , , , , , ,-1.252,1.384,-107.864
,,,,,,,,, , , , , , ,-1.208,1.395,-107.897
,,,,,,,,, , , , , , ,-1.159,1.401,-107.935
,,,,,,,,, , , , , , ,-1.11,1.401,-107.963
,,,,,,,,, , , , , , ,-1.038,1.412,-107.985
,,,,,,,,, , , , , , ,-0.978,1.412,-108.007
,,,,,,,,, , , , , , ,-0.906,1.406,-108.029
,,,,,,,,, , , , , , ,-0.84,1.401,-108.04
,,,,,,,,, , , , , , ,-0.758,1.406,-108.045
,,,,,,,,, , , , , , ,-0.687,1.406,-108.051
,,,,,,,,, , , , , , ,-0.621,1.406,-108.056
,,,,,,,,, , , , , , ,-0.555,1.417,-108.056
,,,,,,,,, , , , , , ,-0.483,1.445,-108.067
,,,,,,,,, , , , , , ,-0.428,1.461,-108.078
,,,,,,,,, , , , , , ,-0.374,1.483,-108.089
,,,,,,,,, , , , , , ,-0.319,1.505,-108.1
,,,,,,,,, , , , , , ,-0.258,1.538,-108.111
,,,,,,,,, , , , , , ,-0.203,1.56,-108.133
,,,,,,,,, , , , , , ,-0.148,1.588,-108.16
,,,,,,,,, , , , , , ,-0.082,1.604,-108.21
,,,,,,,,, , , , , , ,0,1.642,-108.265
,,,,,,,,, , , , , , ,0.082,1.697,-108.32
,,,,,,,,, , , , , , ,0.187,1.725,-108.375
,,,,,,,,, , , , , , ,0.302,1.758,-108.424
,,,,,,,,, , , , , , ,0.439,1.785,-108.468
,,,,,,,,, , , , , , ,0.577,1.807,-108.517
,,,,,,,,, , , , , , ,0.709,1.84,-108.561
,,,,,,,,, , , , , , ,0.829,1.873,-108.616
,,,,,,,,, , , , , , ,0.978,1.912,-108.671
,,,,,,,,, , , , , , ,1.121,1.945,-108.726
,,,,,,,,, , , , , , ,1.269,1.983,-108.787
,,,,,,,,, , , , , , ,1.406,2.021,-108.858
,,,,,,,,, , , , , , ,1.56,2.087,-108.924
,,,,,,,,, , , , , , ,1.708,2.153,-108.995
,,,,,,,,, , , , , , ,1.846,2.225,-109.072
,,,,,,,,, , , , , , ,1.989,2.307,-109.149
,,,,,,,,, , , , , , ,2.142,2.411,-109.221
,,,,,,,,, , , , , , ,2.285,2.505,-109.286
,,,,,,,,, , , , , , ,2.428,2.604,-109.347
,,,,,,,,, , , , , , ,2.571,2.697,-109.402
,,,,,,,,, , , , , , ,2.736,2.796,-109.451
,,,,,,,,, , , , , , ,2.889,2.889,-109.495
,,,,,,,,, , , , , , ,3.049,2.977,-109.534
,,,,,,,,, , , , , , ,3.224,3.071,-109.567
,,,,,,,,, , , , , , ,3.428,3.175,-109.6
,,,,,,,,, , , , , , ,3.631,3.279,-109.627
,,,,,,,,, , , , , , ,3.856,3.378,-109.649
,,,,,,,,, , , , , , ,4.109,3.477,-109.671
,,,,,,,,, , , , , , ,4.395,3.593,-109.682
,,,,,,,,, , , , , , ,4.686,3.691,-109.693
,,,,,,,,, , , , , , ,5.004,3.801,-109.704
,,,,,,,,, , , , , , ,5.35,3.911,-109.709
,,,,,,,,, , , , , , ,5.735,4.032,-109.709
,,,,,,,,, , , , , , ,6.141,4.147,-109.709
,,,,,,,,, , , , , , ,6.586,4.268,-109.715
,,,,,,,,, , , , , , ,7.059,4.395,-109.72
,,,,,,,,, , , , , , ,7.575,4.543,-109.726
,,,,,,,,, , , , , , ,8.113,4.691,-109.731
,,,,,,,,, , , , , , ,8.685,4.856,-109.737
,,,,,,,,, , , , , , ,9.294,5.032,-109.742
,,,,,,,,, , , , , , ,9.943,5.235,-109.737
,,,,,,,,, , , , , , ,10.624,5.438,-109.731
,,,,,,,,, , , , , , ,11.343,5.641,-109.72
,,,,,,,,, , , , , , ,12.112,5.85,-109.698
,,,,,,,,, , , , , , ,12.936,6.064,-109.671
,,,,,,,,, , , , , , ,13.815,6.268,-109.644
,,,,,,,,, , , , , , ,14.749,6.482,-109.6
,,,,,,,,, , , , , , ,15.749,6.696,-109.55
,,,,,,,,, , , , , , ,16.842,6.927,-109.484
,,,,,,,,, , , , , , ,18.034,7.169,-109.424
,,,,,,,,, , , , , , ,19.325,7.443,-109.352
,,,,,,,,, , , , , , ,20.726,7.762,-109.286
,,,,,,,,, , , , , , ,22.264,8.152,-109.21
,,,,,,,,, , , , , , ,23.945,8.58,-109.133
,,,,,,,,, , , , , , ,25.779,9.064,-109.056
,,,,,,,,, , , , , , ,27.757,9.547,-109.001
,,,,,,,,, , , , , , ,29.866,10.031,-108.968
,,,,,,,,, , , , , , ,32.042,10.53,-108.918
,,,,,,,,, , , , , , ,34.272,11.074,-108.836
,,,,,,,,, , , , , , ,36.535,11.706,-108.699
,,,,,,,,, , , , , , ,38.809,12.327,-108.534
,,,,,,,,, , , , , , ,41.111,12.766,-108.55
,,,,,,,,, , , , , , ,43.456,13.068,-108.77
,,,,,,,,, , , , , , ,45.84,13.321,-109.149
,,,,,,,,, , , , , , ,48.268,13.574,-109.578
,,,,,,,,, , , , , , ,50.663,13.87,-110.067
,,,,,,,,, , , , , , ,53.015,14.266,-110.528
,,,,,,,,, , , , , , ,55.36,14.766,-110.984
,,,,,,,,, , , , , , ,57.772,15.37,-111.363
,,,,,,,,, , , , , , ,60.375,16.084,-111.654
,,,,,,,,, , , , , , ,63.259,16.859,-111.83
,,,,,,,,, , , , , , ,66.264,17.65,-111.907
,,,,,,,,, , , , , , ,69.066,18.347,-111.945
,,,,,,,,, , , , , , ,71.581,18.913,-111.934
,,,,,,,,, , , , , , ,73.784,19.33,-111.802
,,,,,,,,, , , , , , ,75.707,19.578,-111.572
,,,,,,,,, , , , , , ,77.399,19.666,-111.237
,,,,,,,,, , , , , , ,78.909,19.611,-110.808
,,,,,,,,, , , , , , ,80.222,19.413,-110.292
,,,,,,,,, , , , , , ,81.332,19.094,-109.742
,,,,,,,,, , , , , , ,82.216,18.677,-109.182
,,,,,,,,, , , , , , ,82.897,18.182,-108.638
,,,,,,,,, , , , , , ,83.342,17.65,-108.133
,,,,,,,,, , , , , , ,83.568,17.117,-107.71
,,,,,,,,, , , , , , ,83.573,16.606,-107.358
,,,,,,,,, , , , , , ,83.397,16.139,-107.067
,,,,,,,,, , , , , , ,83.029,15.743,-106.837
,,,,,,,,, , , , , , ,82.485,15.43,-106.71
,,,,,,,,, , , , , , ,81.771,15.222,-106.677
,,,,,,,,, , , , , , ,80.92,15.117,-106.754
,,,,,,,,, , , , , , ,79.942,15.128,-106.93
,,,,,,,,, , , , , , ,78.843,15.227,-107.232
,,,,,,,,, , , , , , ,77.635,15.414,-107.639
,,,,,,,,, , , , , , ,76.349,15.661,-108.122
,,,,,,,,, , , , , , ,74.982,15.941,-108.655
,,,,,,,,, , , , , , ,73.537,16.238,-109.243
,,,,,,,,, , , , , , ,72.01,16.518,-109.869
,,,,,,,,, , , , , , ,70.422,16.76,-110.517
,,,,,,,,, , , , , , ,68.752,16.941,-111.193
,,,,,,,,, , , , , , ,66.978,17.029,-111.929
,,,,,,,,, , , , , , ,65.083,16.996,-112.709
,,,,,,,,, , , , , , ,63.078,16.826,-113.494
,,,,,,,,, , , , , , ,60.952,16.518,-114.23
,,,,,,,,, , , , , , ,58.711,16.078,-114.89
,,,,,,,,, , , , , , ,56.36,15.524,-115.422
,,,,,,,,, , , , , , ,53.965,14.881,-115.818
,,,,,,,,, , , , , , ,51.542,14.167,-116.076
,,,,,,,,, , , , , , ,49.131,13.409,-116.213
,,,,,,,,, , , , , , ,46.73,12.612,-116.252
,,,,,,,,, , , , , , ,44.412,11.799,-116.202
,,,,,,,,, , , , , , ,42.177,10.964,-116.104
,,,,,,,,, , , , , , ,40.045,10.102,-115.988
,,,,,,,,, , , , , , ,38.007,9.201,-115.867
,,,,,,,,, , , , , , ,36.096,8.273,-115.746
,,,,,,,,, , , , , , ,34.288,7.3,-115.615
,,,,,,,,, , , , , , ,32.552,6.29,-115.483
,,,,,,,,, , , , , , ,30.844,5.246,-115.334
,,,,,,,,, , , , , , ,29.158,4.186,-115.148
,,,,,,,,, , , , , , ,27.444,3.131,-114.922
,,,,,,,,, , , , , , ,25.681,2.082,-114.664
,,,,,,,,, , , , , , ,23.829,1.044,-114.384
,,,,,,,,, , , , , , ,21.945,0.027,-114.099
,,,,,,,,, , , , , , ,20.006,-0.967,-113.813
,,,,,,,,, , , , , , ,18.034,-1.945,-113.544
,,,,,,,,, , , , , , ,16.013,-2.906,-113.302
,,,,,,,,, , , , , , ,13.986,-3.856,-113.099
,,,,,,,,, , , , , , ,11.948,-4.807,-112.934
,,,,,,,,, , , , , , ,9.904,-5.757,-112.808
,,,,,,,,, , , , , , ,7.85,-6.729,-112.72
,,,,,,,,, , , , , , ,5.828,-7.69,-112.654
,,,,,,,,, , , , , , ,3.823,-8.646,-112.588
,,,,,,,,, , , , , , ,1.857,-9.564,-112.511
,,,,,,,,, , , , , , ,-0.088,-10.443,-112.401
,,,,,,,,, , , , , , ,-1.978,-11.255,-112.253
,,,,,,,,, , , , , , ,-3.812,-11.997,-112.066
,,,,,,,,, , , , , , ,-5.603,-12.678,-111.83
,,,,,,,,, , , , , , ,-7.361,-13.304,-111.539
,,,,,,,,, , , , , , ,-9.042,-13.881,-111.226
,,,,,,,,, , , , , , ,-10.662,-14.409,-110.885
,,,,,,,,, , , , , , ,-12.206,-14.897,-110.544
,,,,,,,,, , , , , , ,-13.667,-15.353,-110.209
,,,,,,,,, , , , , , ,-15.007,-15.776,-109.902
,,,,,,,,, , , , , , ,-16.216,-16.166,-109.649
,,,,,,,,, , , , , , ,-17.287,-16.507,-109.457
,,,,,,,,, , , , , , ,-18.221,-16.798,-109.347
,,,,,,,,, , , , , , ,-19.017,-17.051,-109.319
,,,,,,,,, , , , , , ,-19.688,-17.271,-109.385
,,,,,,,,, , , , , , ,-20.237,-17.479,-109.517
,,,,,,,,, , , , , , ,-20.676,-17.682,-109.715
,,,,,,,,, , , , , , ,-21.006,-17.891,-109.968
,,,,,,,,, , , , , , ,-21.22,-18.111,-110.253
,,,,,,,,, , , , , , ,-21.313,-18.325,-110.561
,,,,,,,,, , , , , , ,-21.308,-18.512,-110.885
,,,,,,,,, , , , , , ,-21.226,-18.655,-111.209
,,,,,,,,, , , , , , ,-21.055,-18.737,-111.539
,,,,,,,,, , , , , , ,-20.347,-18.325,-112.236
,,,,,,,,, , , , , , ,-19.473,-17.199,-112.928
,,,,,,,,, , , , , , ,-18.622,-15.699,-113.654
,,,,,,,,, , , , , , ,-17.82,-13.936,-114.489
,,,,,,,,, , , , , , ,-16.891,-12.382,-115.054
,,,,,,,,, , , , , , ,-15.798,-11.107,-115.417
,,,,,,,,, , , , , , ,-14.557,-10.063,-115.615
,,,,,,,,, , , , , , ,-13.222,-9.135,-115.67
,,,,,,,,, , , , , , ,-11.898,-8.267,-115.626
,,,,,,,,, , , , , , ,-10.607,-7.41,-115.521
,,,,,,,,, , , , , , ,-9.426,-6.57,-115.378
,,,,,,,,, , , , , , ,-8.355,-5.85,-115.208
,,,,,,,,, , , , , , ,-7.427,-5.268,-115.054
,,,,,,,,, , , , , , ,-6.608,-4.757,-114.928
,,,,,,,,, , , , , , ,-5.894,-4.29,-114.824
,,,,,,,,, , , , , , ,-5.268,-3.851,-114.719
,,,,,,,,, , , , , , ,-4.757,-3.466,-114.593
,,,,,,,,, , , , , , ,-4.356,-3.12,-114.45
,,,,,,,,, , , , , , ,-4.048,-2.812,-114.302
,,,,,,,,, , , , , , ,-3.796,-2.516,-114.142
,,,,,,,,, , , , , , ,-3.587,-2.247,-113.989
,,,,,,,,, , , , , , ,-3.4,-1.983,-113.84
,,,,,,,,, , , , , , ,-3.268,-1.774,-113.73
,,,,,,,,, , , , , , ,-3.186,-1.664,-113.659
,,,,,,,,, , , , , , ,-3.115,-1.593,-113.61
,,,,,,,,, , , , , , ,-3.038,-1.516,-113.566
,,,,,,,,, , , , , , ,-2.983,-1.45,-113.511
,,,,,,,,, , , , , , ,-2.944,-1.395,-113.461
,,,,,,,,, , , , , , ,-2.9,-1.357,-113.428
,,,,,,,,, , , , , , ,-2.851,-1.318,-113.406
,,,,,,,,, , , , , , ,-2.812,-1.296,-113.384
,,,,,,,,, , , , , , ,-2.78,-1.28,-113.368
,,,,,,,,, , , , , , ,-2.752,-1.263,-113.357
,,,,,,,,, , , , , , ,-2.714,-1.236,-113.351
,,,,,,,,, , , , , , ,-2.686,-1.214,-113.346
,,,,,,,,, , , , , , ,-2.67,-1.198,-113.346
,,,,,,,,, , , , , , ,-2.648,-1.181,-113.346
,,,,,,,,, , , , , , ,-2.62,-1.154,-113.346
,,,,,,,,, , , , , , ,-2.604,-1.143,-113.351
,,,,,,,,, , , , , , ,-2.587,-1.132,-113.357
,,,,,,,,, , , , , , ,-2.571,-1.126,-113.362
,,,,,,,,, , , , , , ,-2.543,-1.104,-113.373
,,,,,,,,, , , , , , ,-2.521,-1.099,-113.384
,,,,,,,,, , , , , , ,-2.505,-1.099,-113.395
,,,,,,,,, , , , , , ,-2.483,-1.099,-113.406
,,,,,,,,, , , , , , ,-2.444,-1.099,-113.423
,,,,,,,,, , , , , , ,-2.422,-1.104,-113.439
,,,,,,,,, , , , , , ,-2.395,-1.121,-113.456
,,,,,,,,, , , , , , ,-2.373,-1.132,-113.472
,,,,,,,,, , , , , , ,-2.335,-1.132,-113.494
,,,,,,,,, , , , , , ,-2.307,-1.143,-113.511
,,,,,,,,, , , , , , ,-2.274,-1.154,-113.533
,,,,,,,,, , , , , , ,-2.247,-1.159,-113.555
,,,,,,,,, , , , , , ,-2.208,-1.148,-113.571
,,,,,,,,, , , , , , ,-2.186,-1.148,-113.593
,,,,,,,,, , , , , , ,-2.159,-1.143,-113.61
,,,,,,,,, , , , , , ,-2.137,-1.126,-113.632
,,,,,,,,, , , , , , ,-2.104,-1.093,-113.648
,,,,,,,,, , , , , , ,-2.082,-1.06,-113.67
,,,,,,,,, , , , , , ,-2.06,-1.022,-113.692
,,,,,,,,, , , , , , ,-2.038,-0.978,-113.714
,,,,,,,,, , , , , , ,-2.005,-0.917,-113.736
,,,,,,,,, , , , , , ,-1.983,-0.857,-113.758
,,,,,,,,, , , , , , ,-1.961,-0.791,-113.785
,,,,,,,,, , , , , , ,-1.939,-0.72,-113.807
,,,,,,,,, , , , , , ,-1.901,-0.637,-113.835
,,,,,,,,, , , , , , ,-1.879,-0.56,-113.857
,,,,,,,,, , , , , , ,-1.857,-0.483,-113.879
,,,,,,,,, , , , , , ,-1.835,-0.401,-113.901
,,,,,,,,, , , , , , ,-1.802,-0.308,-113.923
,,,,,,,,, , , , , , ,-1.785,-0.22,-113.945
,,,,,,,,, , , , , , ,-1.763,-0.132,-113.972
,,,,,,,,, , , , , , ,-1.747,-0.038,-113.994
,,,,,,,,, , , , , , ,-1.714,0.055,-114.022
,,,,,,,,, , , , , , ,-1.697,0.143,-114.049
,,,,,,,,, , , , , , ,-1.681,0.231,-114.071
,,,,,,,,, , , , , , ,-1.659,0.313,-114.093
,,,,,,,,, , , , , , ,-1.626,0.406,-114.115
,,,,,,,,, , , , , , ,-1.604,0.489,-114.142
,,,,,,,,, , , , , , ,-1.577,0.566,-114.164
,,,,,,,,, , , , , , ,-1.555,0.648,-114.192
,,,,,,,,, , , , , , ,-1.516,0.736,-114.219
,,,,,,,,, , , , , , ,-1.483,0.818,-114.258
,,,,,,,,, , , , , , ,-1.45,0.901,-114.291
,,,,,,,,, , , , , , ,-1.417,0.978,-114.335
,,,,,,,,, , , , , , ,-1.368,1.066,-114.373
,,,,,,,,, , , , , , ,-1.329,1.137,-114.417
,,,,,,,,, , , , , , ,-1.291,1.214,-114.456
,,,,,,,,, , , , , , ,-1.241,1.28,-114.494
,,,,,,,,, , , , , , ,-1.181,1.357,-114.532
,,,,,,,,, , , , , , ,-1.126,1.417,-114.571
,,,,,,,,, , , , , , ,-1.06,1.478,-114.609
,,,,,,,,, , , , , , ,-0.967,1.522,-114.642
,,,,,,,,, , , , , , ,-0.857,1.56,-114.681
,,,,,,,,, , , , , , ,-0.747,1.593,-114.719
,,,,,,,,, , , , , , ,-0.632,1.642,-114.758
,,,,,,,,, , , , , , ,-0.5,1.697,-114.796
,,,,,,,,, , , , , , ,-0.33,1.769,-114.835
,,,,,,,,, , , , , , ,-0.148,1.824,-114.873
,,,,,,,,, , , , , , ,0.06,1.873,-114.911
,,,,,,,,, , , , , , ,0.308,1.906,-114.961
,,,,,,,,, , , , , , ,0.593,1.945,-115.01
,,,,,,,,, , , , , , ,0.906,1.972,-115.065
,,,,,,,,, , , , , , ,1.241,2.016,-115.109
,,,,,,,,, , , , , , ,1.62,2.082,-115.148
,,,,,,,,, , , , , , ,2.054,2.159,-115.192
,,,,,,,,, , , , , , ,2.527,2.23,-115.247
,,,,,,,,, , , , , , ,3.032,2.329,-115.302
,,,,,,,,, , , , , , ,3.587,2.439,-115.367
,,,,,,,,, , , , , , ,4.197,2.576,-115.439
,,,,,,,,, , , , , , ,4.828,2.703,-115.51
,,,,,,,,, , , , , , ,5.51,2.862,-115.565
,,,,,,,,, , , , , , ,6.229,3.054,-115.598
,,,,,,,,, , , , , , ,7.009,3.279,-115.626
,,,,,,,,, , , , , , ,7.828,3.499,-115.653
,,,,,,,,, , , , , , ,8.685,3.741,-115.659
,,,,,,,,, , , , , , ,9.591,3.999,-115.648
,,,,,,,,, , , , , , ,10.569,4.252,-115.631
,,,,,,,,, , , , , , ,11.602,4.493,-115.615
,,,,,,,,, , , , , , ,12.695,4.73,-115.582
,,,,,,,,, , , , , , ,13.859,4.966,-115.554
,,,,,,,,, , , , , , ,15.106,5.213,-115.532
,,,,,,,,, , , , , , ,16.441,5.444,-115.51
,,,,,,,,, , , , , , ,17.864,5.68,-115.483
,,,,,,,,, , , , , , ,19.396,5.933,-115.444
,,,,,,,,, , , , , , ,21.05,6.224,-115.389
,,,,,,,,, , , , , , ,22.802,6.553,-115.307
,,,,,,,,, , , , , , ,24.659,6.938,-115.192
,,,,,,,,, , , , , , ,26.609,7.427,-114.999
,,,,,,,,, , , , , , ,28.669,7.987,-114.747
,,,,,,,,, , , , , , ,30.833,8.531,-114.516
,,,,,,,,, , , , , , ,33.096,9.086,-114.313
,,,,,,,,, , , , , , ,35.425,9.723,-114.071
,,,,,,,,, , , , , , ,37.771,10.453,-113.747
,,,,,,,,, , , , , , ,40.122,11.234,-113.368
,,,,,,,,, , , , , , ,42.49,12.063,-112.912
,,,,,,,,, , , , , , ,44.879,12.914,-112.434
,,,,,,,,, , , , , , ,47.28,13.799,-111.918
,,,,,,,,, , , , , , ,49.691,14.65,-111.379
,,,,,,,,, , , , , , ,52.141,15.397,-110.918
,,,,,,,,, , , , , , ,54.651,16.007,-110.709
,,,,,,,,, , , , , , ,57.156,16.54,-110.693
,,,,,,,,, , , , , , ,59.672,17.089,-110.753
,,,,,,,,, , , , , , ,62.276,17.737,-110.841
,,,,,,,,, , , , , , ,65.11,18.578,-110.901
,,,,,,,,, , , , , , ,68.242,19.633,-110.858
,,,,,,,,, , , , , , ,71.384,20.786,-110.72
,,,,,,,,, , , , , , ,74.13,21.912,-110.544
,,,,,,,,, , , , , , ,76.295,22.917,-110.407
,,,,,,,,, , , , , , ,77.75,23.73,-110.314
,,,,,,,,, , , , , , ,78.508,24.302,-110.204
,,,,,,,,, , , , , , ,78.635,24.615,-110.006
,,,,,,,,, , , , , , ,78.239,24.681,-109.72
,,,,,,,,, , , , , , ,77.443,24.543,-109.336
,,,,,,,,, , , , , , ,76.388,24.274,-108.842
,,,,,,,,, , , , , , ,75.163,23.934,-108.259
,,,,,,,,, , , , , , ,73.861,23.571,-107.677
,,,,,,,,, , , , , , ,72.521,23.22,-107.122
,,,,,,,,, , , , , , ,71.191,22.901,-106.611
,,,,,,,,, , , , , , ,69.84,22.61,-106.199
,,,,,,,,, , , , , , ,68.45,22.341,-105.925
,,,,,,,,, , , , , , ,67,22.083,-105.787
,,,,,,,,, , , , , , ,65.517,21.841,-105.809
,,,,,,,,, , , , , , ,63.962,21.599,-105.991
,,,,,,,,, , , , , , ,62.336,21.352,-106.364
,,,,,,,,, , , , , , ,60.628,21.083,-106.897
,,,,,,,,, , , , , , ,58.865,20.803,-107.534
,,,,,,,,, , , , , , ,57.047,20.5,-108.226
,,,,,,,,, , , , , , ,55.173,20.193,-108.957
,,,,,,,,, , , , , , ,53.234,19.885,-109.688
,,,,,,,,, , , , , , ,51.268,19.6,-110.363
,,,,,,,,, , , , , , ,49.257,19.347,-110.973
,,,,,,,,, , , , , , ,47.219,19.138,-111.528
,,,,,,,,, , , , , , ,45.143,18.962,-112.039
,,,,,,,,, , , , , , ,43.061,18.82,-112.522
,,,,,,,,, , , , , , ,40.968,18.682,-113.005
,,,,,,,,, , , , , , ,38.859,18.528,-113.522
,,,,,,,,, , , , , , ,36.738,18.336,-114.088
,,,,,,,,, , , , , , ,34.64,18.089,-114.703
,,,,,,,,, , , , , , ,32.547,17.77,-115.362
,,,,,,,,, , , , , , ,30.465,17.364,-116.065
,,,,,,,,, , , , , , ,28.383,16.853,-116.807
,,,,,,,,, , , , , , ,26.334,16.249,-117.554
,,,,,,,,, , , , , , ,24.307,15.546,-118.295
,,,,,,,,, , , , , , ,22.324,14.738,-119.015
,,,,,,,,, , , , , , ,20.363,13.843,-119.691
,,,,,,,,, , , , , , ,18.468,12.876,-120.306
,,,,,,,,, , , , , , ,16.617,11.849,-120.833
,,,,,,,,, , , , , , ,14.821,10.772,-121.284
,,,,,,,,, , , , , , ,13.052,9.63,-121.657
,,,,,,,,, , , , , , ,11.349,8.432,-121.948
,,,,,,,,, , , , , , ,9.695,7.163,-122.157
,,,,,,,,, , , , , , ,8.091,5.817,-122.294
,,,,,,,,, , , , , , ,6.509,4.4,-122.349
,,,,,,,,, , , , , , ,4.971,2.966,-122.316
,,,,,,,,, , , , , , ,3.439,1.522,-122.179
,,,,,,,,, , , , , , ,1.912,0.071,-121.965
,,,,,,,,, , , , , , ,0.352,-1.401,-121.657
,,,,,,,,, , , , , , ,-1.192,-2.856,-121.273
,,,,,,,,, , , , , , ,-2.736,-4.301,-120.817
,,,,,,,,, , , , , , ,-4.274,-5.707,-120.306
,,,,,,,,, , , , , , ,-5.812,-7.064,-119.745
,,,,,,,,, , , , , , ,-7.306,-8.339,-119.158
,,,,,,,,, , , , , , ,-8.767,-9.553,-118.548
,,,,,,,,, , , , , , ,-10.19,-10.706,-117.933
,,,,,,,,, , , , , , ,-11.585,-11.827,-117.312
,,,,,,,,, , , , , , ,-12.92,-12.909,-116.713
,,,,,,,,, , , , , , ,-14.2,-13.969,-116.125
,,,,,,,,, , , , , , ,-15.419,-15.018,-115.56
,,,,,,,,, , , , , , ,-16.595,-16.04,-115.016
,,,,,,,,, , , , , , ,-17.682,-16.996,-114.51
,,,,,,,,, , , , , , ,-18.71,-17.858,-114.049
,,,,,,,,, , , , , , ,-19.677,-18.583,-113.632
,,,,,,,,, , , , , , ,-20.588,-19.155,-113.258
,,,,,,,,, , , , , , ,-21.429,-19.561,-112.945
,,,,,,,,, , , , , , ,-22.187,-19.83,-112.687
,,,,,,,,, , , , , , ,-22.852,-20.001,-112.462
,,,,,,,,, , , , , , ,-23.406,-20.116,-112.269
,,,,,,,,, , , , , , ,-23.835,-20.209,-112.099
,,,,,,,,, , , , , , ,-24.12,-20.292,-111.945
,,,,,,,,, , , , , , ,-24.263,-20.369,-111.797
,,,,,,,,, , , , , , ,-24.274,-20.418,-111.654
,,,,,,,,, , , , , , ,-24.181,-20.429,-111.522
,,,,,,,,, , , , , , ,-23.983,-20.391,-111.396
,,,,,,,,, , , , , , ,-23.708,-20.281,-111.27
,,,,,,,,, , , , , , ,-23.346,-20.099,-111.143
,,,,,,,,, , , , , , ,-22.928,-19.858,-111.006
,,,,,,,,, , , , , , ,-22.44,-19.561,-110.858
,,,,,,,,, , , , , , ,-21.874,-19.199,-110.687
,,,,,,,,, , , , , , ,-21.143,-18.803,-110.621
,,,,,,,,, , , , , , ,-20.171,-17.49,-110.808
,,,,,,,,, , , , , , ,-19.226,-16.095,-110.934
,,,,,,,,, , , , , , ,-18.254,-14.639,-111.132
,,,,,,,,, , , , , , ,-17.199,-13.068,-111.226
,,,,,,,,, , , , , , ,-16.013,-11.519,-111.099
,,,,,,,,, , , , , , ,-14.678,-10.107,-110.792
,,,,,,,,, , , , , , ,-13.217,-8.855,-110.369
,,,,,,,,, , , , , , ,-11.739,-7.74,-109.924
,,,,,,,,, , , , , , ,-10.393,-6.883,-109.545
,,,,,,,,, , , , , , ,-9.283,-6.224,-109.259
,,,,,,,,, , , , , , ,-8.366,-5.707,-109.111
,,,,,,,,, , , , , , ,-7.564,-5.273,-109.067
,,,,,,,,, , , , , , ,-6.839,-4.905,-109.067
,,,,,,,,, , , , , , ,-6.191,-4.598,-109.045
,,,,,,,,, , , , , , ,-5.62,-4.301,-108.962
,,,,,,,,, , , , , , ,-5.131,-3.988,-108.809
,,,,,,,,, , , , , , ,-4.735,-3.697,-108.611
,,,,,,,,, , , , , , ,-4.4,-3.417,-108.413
,,,,,,,,, , , , , , ,-4.098,-3.175,-108.254
,,,,,,,,, , , , , , ,-3.823,-2.994,-108.144
,,,,,,,,, , , , , , ,-3.582,-2.856,-108.078
,,,,,,,,, , , , , , ,-3.378,-2.725,-108.023
,,,,,,,,, , , , , , ,-3.214,-2.582,-107.941
,,,,,,,,, , , , , , ,-3.076,-2.417,-107.847
,,,,,,,,, , , , , , ,-2.972,-2.258,-107.759
,,,,,,,,, , , , , , ,-2.889,-2.148,-107.71
,,,,,,,,, , , , , , ,-2.818,-2.076,-107.693
,,,,,,,,, , , , , , ,-2.73,-1.994,-107.688
,,,,,,,,, , , , , , ,-2.664,-1.906,-107.672
,,,,,,,,, , , , , , ,-2.604,-1.802,-107.655
,,,,,,,,, , , , , , ,-2.554,-1.703,-107.639
,,,,,,,,, , , , , , ,-2.494,-1.588,-107.633
,,,,,,,,, , , , , , ,-2.444,-1.478,-107.628
,,,,,,,,, , , , , , ,-2.401,-1.357,-107.628
,,,,,,,,, , , , , , ,-2.362,-1.247,-107.628
,,,,,,,,, , , , , , ,-2.307,-1.143,-107.633
,,,,,,,,, , , , , , ,-2.269,-1.055,-107.639
,,,,,,,,, , , , , , ,-2.23,-0.983,-107.644
,,,,,,,,, , , , , , ,-2.192,-0.917,-107.655
,,,,,,,,, , , , , , ,-2.137,-0.846,-107.666
,,,,,,,,, , , , , , ,-2.087,-0.786,-107.688
,,,,,,,,, , , , , , ,-2.038,-0.731,-107.71
,,,,,,,,, , , , , , ,-1.989,-0.676,-107.732
,,,,,,,,, , , , , , ,-1.923,-0.621,-107.748
,,,,,,,,, , , , , , ,-1.868,-0.582,-107.77
,,,,,,,,, , , , , , ,-1.818,-0.549,-107.792
,,,,,,,,, , , , , , ,-1.769,-0.511,-107.814
,,,,,,,,, , , , , , ,-1.703,-0.461,-107.831
,,,,,,,,, , , , , , ,-1.653,-0.417,-107.847
,,,,,,,,, , , , , , ,-1.604,-0.374,-107.869
,,,,,,,,, , , , , , ,-1.555,-0.33,-107.886
,,,,,,,,, , , , , , ,-1.494,-0.275,-107.902
,,,,,,,,, , , , , , ,-1.45,-0.231,-107.913
,,,,,,,,, , , , , , ,-1.406,-0.176,-107.924
,,,,,,,,, , , , , , ,-1.368,-0.121,-107.935
,,,,,,,,, , , , , , ,-1.313,-0.055,-107.941
,,,,,,,,, , , , , , ,-1.28,0,-107.946
,,,,,,,,, , , , , , ,-1.247,0.066,-107.952
,,,,,,,,, , , , , , ,-1.214,0.137,-107.957
,,,,,,,,, , , , , , ,-1.176,0.214,-107.963
,,,,,,,,, , , , , , ,-1.143,0.286,-107.968
,,,,,,,,, , , , , , ,-1.115,0.352,-107.974
,,,,,,,,, , , , , , ,-1.082,0.412,-107.985
,,,,,,,,, , , , , , ,-1.033,0.472,-107.996
,,,,,,,,, , , , , , ,-0.989,0.516,-108.007
,,,,,,,,, , , , , , ,-0.939,0.549,-108.023
,,,,,,,,, , , , , , ,-0.879,0.582,-108.045
,,,,,,,,, , , , , , ,-0.791,0.604,-108.067
,,,,,,,,, , , , , , ,-0.709,0.621,-108.1
,,,,,,,,, , , , , , ,-0.621,0.632,-108.138
,,,,,,,,, , , , , , ,-0.511,0.637,-108.177
,,,,,,,,, , , , , , ,-0.374,0.637,-108.215
,,,,,,,,, , , , , , ,-0.242,0.632,-108.259
,,,,,,,,, , , , , , ,-0.093,0.621,-108.309
,,,,,,,,, , , , , , ,0.055,0.61,-108.364
,,,,,,,,, , , , , , ,0.22,0.61,-108.424
,,,,,,,,, , , , , , ,0.379,0.615,-108.49
,,,,,,,,, , , , , , ,0.538,0.632,-108.55
,,,,,,,,, , , , , , ,0.709,0.643,-108.611
,,,,,,,,, , , , , , ,0.89,0.676,-108.671
,,,,,,,,, , , , , , ,1.066,0.703,-108.737
,,,,,,,,, , , , , , ,1.236,0.747,-108.803
,,,,,,,,, , , , , , ,1.412,0.807,-108.864
,,,,,,,,, , , , , , ,1.604,0.89,-108.929
,,,,,,,,, , , , , , ,1.785,0.961,-109.001
,,,,,,,,, , , , , , ,1.967,1.049,-109.072
,,,,,,,,, , , , , , ,2.148,1.137,-109.138
,,,,,,,,, , , , , , ,2.351,1.236,-109.199
,,,,,,,,, , , , , , ,2.538,1.335,-109.259
,,,,,,,,, , , , , , ,2.736,1.434,-109.314
,,,,,,,,, , , , , , ,2.933,1.533,-109.363
,,,,,,,,, , , , , , ,3.148,1.637,-109.413
,,,,,,,,, , , , , , ,3.356,1.736,-109.446
,,,,,,,,, , , , , , ,3.576,1.829,-109.479
,,,,,,,,, , , , , , ,3.801,1.923,-109.495
,,,,,,,,, , , , , , ,4.065,2.027,-109.512
,,,,,,,,, , , , , , ,4.334,2.137,-109.528
,,,,,,,,, , , , , , ,4.636,2.263,-109.545
,,,,,,,,, , , , , , ,4.977,2.406,-109.567
,,,,,,,,, , , , , , ,5.361,2.565,-109.583
,,,,,,,,, , , , , , ,5.773,2.73,-109.605
,,,,,,,,, , , , , , ,6.224,2.911,-109.616
,,,,,,,,, , , , , , ,6.713,3.098,-109.633
,,,,,,,,, , , , , , ,7.262,3.296,-109.633
,,,,,,,,, , , , , , ,7.844,3.488,-109.633
,,,,,,,,, , , , , , ,8.47,3.675,-109.622
,,,,,,,,, , , , , , ,9.146,3.867,-109.611
,,,,,,,,, , , , , , ,9.877,4.065,-109.589
,,,,,,,,, , , , , , ,10.64,4.252,-109.561
,,,,,,,,, , , , , , ,11.459,4.438,-109.528
,,,,,,,,, , , , , , ,12.332,4.636,-109.501
,,,,,,,,, , , , , , ,13.277,4.85,-109.468
,,,,,,,,, , , , , , ,14.277,5.076,-109.451
,,,,,,,,, , , , , , ,15.342,5.323,-109.435
,,,,,,,,, , , , , , ,16.479,5.603,-109.424
,,,,,,,,, , , , , , ,17.704,5.911,-109.413
,,,,,,,,, , , , , , ,19.023,6.224,-109.391
,,,,,,,,, , , , , , ,20.468,6.548,-109.358
,,,,,,,,, , , , , , ,22.05,6.894,-109.325
,,,,,,,,, , , , , , ,23.785,7.295,-109.265
,,,,,,,,, , , , , , ,25.648,7.767,-109.171
,,,,,,,,, , , , , , ,27.631,8.311,-109.034
,,,,,,,,, , , , , , ,29.745,8.91,-108.88
,,,,,,,,, , , , , , ,31.965,9.564,-108.688
,,,,,,,,, , , , , , ,34.25,10.245,-108.435
,,,,,,,,, , , , , , ,36.606,10.948,-108.127
,,,,,,,,, , , , , , ,39.034,11.656,-107.787
,,,,,,,,, , , , , , ,41.484,12.354,-107.43
,,,,,,,,, , , , , , ,43.945,13.019,-107.078
,,,,,,,,, , , , , , ,46.406,13.661,-106.727
,,,,,,,,, , , , , , ,48.829,14.299,-106.353
,,,,,,,,, , , , , , ,51.218,14.925,-105.974
,,,,,,,,, , , , , , ,53.624,15.518,-105.628
,,,,,,,,, , , , , , ,56.074,16.095,-105.298
,,,,,,,,, , , , , , ,58.574,16.677,-104.985
,,,,,,,,, , , , , , ,61.1,17.314,-104.667
,,,,,,,,, , , , , , ,63.721,18.04,-104.304
,,,,,,,,, , , , , , ,66.555,18.924,-103.925
,,,,,,,,, , , , , , ,69.626,19.962,-103.557
,,,,,,,,, , , , , , ,72.609,21.061,-103.244
,,,,,,,,, , , , , , ,75.262,22.159,-103.035
,,,,,,,,, , , , , , ,77.41,23.231,-102.942
,,,,,,,,, , , , , , ,78.909,24.252,-102.947
,,,,,,,,, , , , , , ,79.684,25.181,-102.98
,,,,,,,,, , , , , , ,79.761,25.95,-102.98
,,,,,,,,, , , , , , ,79.206,26.532,-102.969
,,,,,,,,, , , , , , ,78.14,26.927,-103.002
,,,,,,,,, , , , , , ,76.69,27.175,-103.09
,,,,,,,,, , , , , , ,75.02,27.312,-103.2
,,,,,,,,, , , , , , ,73.196,27.356,-103.299
,,,,,,,,, , , , , , ,71.29,27.328,-103.458
,,,,,,,,, , , , , , ,69.329,27.252,-103.689
,,,,,,,,, , , , , , ,67.368,27.147,-103.975
,,,,,,,,, , , , , , ,65.385,27.01,-104.304
,,,,,,,,, , , , , , ,63.369,26.84,-104.716
,,,,,,,,, , , , , , ,61.293,26.625,-105.205
,,,,,,,,, , , , , , ,59.2,26.367,-105.787
,,,,,,,,, , , , , , ,57.074,26.054,-106.463
,,,,,,,,, , , , , , ,54.921,25.67,-107.265
,,,,,,,,, , , , , , ,52.734,25.203,-108.166
,,,,,,,,, , , , , , ,50.559,24.653,-109.144
,,,,,,,,, , , , , , ,48.389,24.027,-110.149
,,,,,,,,, , , , , , ,46.23,23.335,-111.165
,,,,,,,,, , , , , , ,44.072,22.588,-112.154
,,,,,,,,, , , , , , ,41.951,21.819,-113.082
,,,,,,,,, , , , , , ,39.831,21.044,-113.939
,,,,,,,,, , , , , , ,37.711,20.275,-114.741
,,,,,,,,, , , , , , ,35.563,19.512,-115.494
,,,,,,,,, , , , , , ,33.426,18.765,-116.202
,,,,,,,,, , , , , , ,31.3,18.034,-116.878
,,,,,,,,, , , , , , ,29.196,17.303,-117.554
,,,,,,,,, , , , , , ,27.114,16.545,-118.251
,,,,,,,,, , , , , , ,25.104,15.776,-118.954
,,,,,,,,, , , , , , ,23.154,14.952,-119.674
,,,,,,,,, , , , , , ,21.264,14.068,-120.405
,,,,,,,,, , , , , , ,19.424,13.096,-121.135
,,,,,,,,, , , , , , ,17.661,12.074,-121.827
,,,,,,,,, , , , , , ,15.963,10.997,-122.454
,,,,,,,,, , , , , , ,14.315,9.899,-123.003
,,,,,,,,, , , , , , ,12.695,8.778,-123.437
,,,,,,,,, , , , , , ,11.14,7.668,-123.761
,,,,,,,,, , , , , , ,9.63,6.553,-123.959
,,,,,,,,, , , , , , ,8.163,5.416,-124.052
,,,,,,,,, , , , , , ,6.724,4.241,-124.03
,,,,,,,,, , , , , , ,5.35,3.049,-123.904
,,,,,,,,, , , , , , ,4.01,1.818,-123.668
,,,,,,,,, , , , , , ,2.692,0.544,-123.344
,,,,,,,,, , , , , , ,1.351,-0.775,-122.926
,,,,,,,,, , , , , , ,0.016,-2.126,-122.426
,,,,,,,,, , , , , , ,-1.351,-3.516,-121.849
,,,,,,,,, , , , , , ,-2.763,-4.938,-121.201
,,,,,,,,, , , , , , ,-4.246,-6.4,-120.493
,,,,,,,,, , , , , , ,-5.746,-7.855,-119.729
,,,,,,,,, , , , , , ,-7.289,-9.294,-118.922
,,,,,,,,, , , , , , ,-8.855,-10.684,-118.076
,,,,,,,,, , , , , , ,-10.453,-12.014,-117.202
,,,,,,,,, , , , , , ,-12.025,-13.239,-116.329
,,,,,,,,, , , , , , ,-13.563,-14.376,-115.466
,,,,,,,,, , , , , , ,-15.051,-15.441,-114.626
,,,,,,,,, , , , , , ,-16.49,-16.469,-113.807
,,,,,,,,, , , , , , ,-17.825,-17.468,-113.033
,,,,,,,,, , , , , , ,-19.078,-18.452,-112.297
,,,,,,,,, , , , , , ,-20.242,-19.402,-111.594
,,,,,,,,, , , , , , ,-21.335,-20.308,-110.918
,,,,,,,,, , , , , , ,-22.335,-21.116,-110.297
,,,,,,,,, , , , , , ,-23.264,-21.83,-109.726
,,,,,,,,, , , , , , ,-24.126,-22.462,-109.193
,,,,,,,,, , , , , , ,-24.922,-23.016,-108.715
,,,,,,,,, , , , , , ,-25.604,-23.494,-108.325
,,,,,,,,, , , , , , ,-26.153,-23.928,-108.023
,,,,,,,,, , , , , , ,-26.559,-24.351,-107.792
,,,,,,,,, , , , , , ,-26.801,-24.785,-107.633
,,,,,,,,, , , , , , ,-26.873,-25.208,-107.534
,,,,,,,,, , , , , , ,-26.79,-25.587,-107.507
,,,,,,,,, , , , , , ,-26.57,-25.862,-107.523
,,,,,,,,, , , , , , ,-26.235,-25.994,-107.584
,,,,,,,,, , , , , , ,-25.829,-25.961,-107.672
,,,,,,,,, , , , , , ,-25.373,-25.774,-107.765
,,,,,,,,, , , , , , ,-24.868,-25.461,-107.853
,,,,,,,,, , , , , , ,-24.302,-25.054,-107.93
,,,,,,,,, , , , , , ,-23.703,-24.604,-107.985
,,,,,,,,, , , , , , ,-23.038,-24.153,-108.029
,,,,,,,,, , , , , , ,-21.758,-23.115,-108.556
,,,,,,,,, , , , , , ,-20.468,-21.572,-109.056
,,,,,,,,, , , , , , ,-19.182,-19.951,-109.622
,,,,,,,,, , , , , , ,-17.957,-18.127,-110.215
,,,,,,,,, , , , , , ,-16.82,-16.051,-110.72
,,,,,,,,, , , , , , ,-15.76,-13.821,-111.138
,,,,,,,,, , , , , , ,-14.601,-11.777,-111.237
,,,,,,,,, , , , , , ,-13.211,-10.179,-111.121
,,,,,,,,, , , , , , ,-11.678,-8.97,-110.918
,,,,,,,,, , , , , , ,-10.19,-7.998,-110.704
,,,,,,,,, , , , , , ,-8.915,-7.152,-110.511
,,,,,,,,, , , , , , ,-7.811,-6.411,-110.396
,,,,,,,,, , , , , , ,-6.812,-5.768,-110.319
,,,,,,,,, , , , , , ,-5.911,-5.219,-110.259
,,,,,,,,, , , , , , ,-5.109,-4.763,-110.193
,,,,,,,,, , , , , , ,-4.389,-4.356,-110.121
,,,,,,,,, , , , , , ,-3.812,-3.994,-110.001
,,,,,,,,, , , , , , ,-3.351,-3.642,-109.836
,,,,,,,,, , , , , , ,-2.983,-3.329,-109.649
,,,,,,,,, , , , , , ,-2.681,-3.049,-109.473
,,,,,,,,, , , , , , ,-2.433,-2.812,-109.325
,,,,,,,,, , , , , , ,-2.225,-2.609,-109.199
,,,,,,,,, , , , , , ,-2.06,-2.422,-109.083
,,,,,,,,, , , , , , ,-1.934,-2.263,-108.962
,,,,,,,,, , , , , , ,-1.846,-2.115,-108.847
,,,,,,,,, , , , , , ,-1.769,-1.994,-108.754
,,,,,,,,, , , , , , ,-1.714,-1.912,-108.693
,,,,,,,,, , , , , , ,-1.664,-1.846,-108.655
,,,,,,,,, , , , , , ,-1.615,-1.785,-108.627
,,,,,,,,, , , , , , ,-1.56,-1.697,-108.6
,,,,,,,,, , , , , , ,-1.522,-1.615,-108.567
,,,,,,,,, , , , , , ,-1.483,-1.533,-108.55
,,,,,,,,, , , , , , ,-1.445,-1.45,-108.528
,,,,,,,,, , , , , , ,-1.401,-1.357,-108.517
,,,,,,,,, , , , , , ,-1.373,-1.274,-108.501
,,,,,,,,, , , , , , ,-1.351,-1.192,-108.49
,,,,,,,,, , , , , , ,-1.329,-1.104,-108.479
,,,,,,,,, , , , , , ,-1.291,-1.011,-108.468
,,,,,,,,, , , , , , ,-1.274,-0.928,-108.463
,,,,,,,,, , , , , , ,-1.252,-0.857,-108.457
,,,,,,,,, , , , , , ,-1.236,-0.786,-108.452
,,,,,,,,, , , , , , ,-1.208,-0.714,-108.452
,,,,,,,,, , , , , , ,-1.192,-0.659,-108.457
,,,,,,,,, , , , , , ,-1.176,-0.604,-108.463
,,,,,,,,, , , , , , ,-1.165,-0.555,-108.468
,,,,,,,,, , , , , , ,-1.137,-0.505,-108.479
,,,,,,,,, , , , , , ,-1.121,-0.467,-108.49
,,,,,,,,, , , , , , ,-1.099,-0.434,-108.501
,,,,,,,,, , , , , , ,-1.082,-0.401,-108.517
,,,,,,,,, , , , , , ,-1.049,-0.368,-108.534
,,,,,,,,, , , , , , ,-1.027,-0.341,-108.545
,,,,,,,,, , , , , , ,-1.005,-0.319,-108.567
,,,,,,,,, , , , , , ,-0.983,-0.297,-108.578
,,,,,,,,, , , , , , ,-0.956,-0.264,-108.594
,,,,,,,,, , , , , , ,-0.934,-0.236,-108.605
,,,,,,,,, , , , , , ,-0.917,-0.203,-108.616
,,,,,,,,, , , , , , ,-0.901,-0.176,-108.633
,,,,,,,,, , , , , , ,-0.873,-0.132,-108.638
,,,,,,,,, , , , , , ,-0.857,-0.088,-108.655
,,,,,,,,, , , , , , ,-0.84,-0.044,-108.666
,,,,,,,,, , , , , , ,-0.818,0,-108.677
,,,,,,,,, , , , , , ,-0.791,0.06,-108.682
,,,,,,,,, , , , , , ,-0.775,0.11,-108.693
,,,,,,,,, , , , , , ,-0.758,0.165,-108.71
,,,,,,,,, , , , , , ,-0.747,0.22,-108.721
,,,,,,,,, , , , , , ,-0.714,0.286,-108.726
,,,,,,,,, , , , , , ,-0.698,0.341,-108.737
,,,,,,,,, , , , , , ,-0.681,0.396,-108.754
,,,,,,,,, , , , , , ,-0.665,0.45,-108.759
,,,,,,,,, , , , , , ,-0.632,0.505,-108.77
,,,,,,,,, , , , , , ,-0.615,0.549,-108.781
,,,,,,,,, , , , , , ,-0.599,0.599,-108.798
,,,,,,,,, , , , , , ,-0.582,0.637,-108.803
,,,,,,,,, , , , , , ,-0.555,0.676,-108.809
,,,,,,,,, , , , , , ,-0.538,0.709,-108.82
,,,,,,,,, , , , , , ,-0.522,0.742,-108.825
,,,,,,,,, , , , , , ,-0.505,0.775,-108.836
,,,,,,,,, , , , , , ,-0.478,0.818,-108.847
,,,,,,,,, , , , , , ,-0.456,0.857,-108.864
,,,,,,,,, , , , , , ,-0.439,0.901,-108.885
,,,,,,,,, , , , , , ,-0.417,0.95,-108.907
,,,,,,,,, , , , , , ,-0.385,1.016,-108.935
,,,,,,,,, , , , , , ,-0.363,1.077,-108.962
,,,,,,,,, , , , , , ,-0.341,1.143,-108.995
,,,,,,,,, , , , , , ,-0.319,1.203,-109.028
,,,,,,,,, , , , , , ,-0.286,1.274,-109.067
,,,,,,,,, , , , , , ,-0.264,1.34,-109.105
,,,,,,,,, , , , , , ,-0.236,1.401,-109.149
,,,,,,,,, , , , , , ,-0.214,1.467,-109.199
,,,,,,,,, , , , , , ,-0.181,1.549,-109.248
,,,,,,,,, , , , , , ,-0.159,1.62,-109.297
,,,,,,,,, , , , , , ,-0.132,1.703,-109.347
,,,,,,,,, , , , , , ,-0.088,1.791,-109.396
,,,,,,,,, , , , , , ,-0.022,1.884,-109.44
,,,,,,,,, , , , , , ,0.049,1.972,-109.484
,,,,,,,,, , , , , , ,0.148,2.06,-109.523
,,,,,,,,, , , , , , ,0.253,2.153,-109.561
,,,,,,,,, , , , , , ,0.385,2.247,-109.594
,,,,,,,,, , , , , , ,0.522,2.335,-109.622
,,,,,,,,, , , , , , ,0.676,2.422,-109.649
,,,,,,,,, , , , , , ,0.857,2.51,-109.671
,,,,,,,,, , , , , , ,1.066,2.598,-109.688
,,,,,,,,, , , , , , ,1.296,2.686,-109.709
,,,,,,,,, , , , , , ,1.555,2.78,-109.731
,,,,,,,,, , , , , , ,1.84,2.895,-109.753
,,,,,,,,, , , , , , ,2.164,3.027,-109.77
,,,,,,,,, , , , , , ,2.516,3.159,-109.792
,,,,,,,,, , , , , , ,2.906,3.307,-109.819
,,,,,,,,, , , , , , ,3.329,3.466,-109.847
,,,,,,,,, , , , , , ,3.812,3.647,-109.874
,,,,,,,,, , , , , , ,4.329,3.84,-109.902
,,,,,,,,, , , , , , ,4.9,4.037,-109.929
,,,,,,,,, , , , , , ,5.526,4.252,-109.962
,,,,,,,,, , , , , , ,6.213,4.477,-109.99
,,,,,,,,, , , , , , ,6.943,4.713,-110.017
,,,,,,,,, , , , , , ,7.734,4.944,-110.039
,,,,,,,,, , , , , , ,8.586,5.18,-110.072
,,,,,,,,, , , , , , ,9.503,5.444,-110.083
,,,,,,,,, , , , , , ,10.486,5.696,-110.089
,,,,,,,,, , , , , , ,11.547,5.933,-110.078
,,,,,,,,, , , , , , ,12.689,6.174,-110.061
,,,,,,,,, , , , , , ,13.925,6.454,-110.034
,,,,,,,,, , , , , , ,15.26,6.757,-110.001
,,,,,,,,, , , , , , ,16.705,7.07,-109.968
,,,,,,,,, , , , , , ,18.27,7.432,-109.924
,,,,,,,,, , , , , , ,19.973,7.877,-109.858
,,,,,,,,, , , , , , ,21.813,8.388,-109.786
,,,,,,,,, , , , , , ,23.796,8.987,-109.709
,,,,,,,,, , , , , , ,25.906,9.69,-109.589
,,,,,,,,, , , , , , ,28.12,10.47,-109.418
,,,,,,,,, , , , , , ,30.46,11.299,-109.199
,,,,,,,,, , , , , , ,32.904,12.09,-108.968
,,,,,,,,, , , , , , ,35.403,12.783,-108.814
,,,,,,,,, , , , , , ,37.897,13.486,-108.638
,,,,,,,,, , , , , , ,40.402,14.249,-108.375
,,,,,,,,, , , , , , ,42.891,15.007,-108.105
,,,,,,,,, , , , , , ,45.308,15.743,-107.869
,,,,,,,,, , , , , , ,47.653,16.474,-107.639
,,,,,,,,, , , , , , ,50.015,17.21,-107.435
,,,,,,,,, , , , , , ,52.449,17.941,-107.287
,,,,,,,,, , , , , , ,54.987,18.688,-107.216
,,,,,,,,, , , , , , ,57.612,19.495,-107.144
,,,,,,,,, , , , , , ,60.359,20.424,-107.067
,,,,,,,,, , , , , , ,63.287,21.533,-106.941
,,,,,,,,, , , , , , ,66.352,22.819,-106.776
,,,,,,,,, , , , , , ,69.285,24.175,-106.573
,,,,,,,,, , , , , , ,71.988,25.549,-106.348
,,,,,,,,, , , , , , ,74.339,26.895,-106.128
,,,,,,,,, , , , , , ,76.157,28.147,-106.018
,,,,,,,,, , , , , , ,77.261,29.257,-106.018
,,,,,,,,, , , , , , ,77.591,30.146,-106.106
,,,,,,,,, , , , , , ,77.069,30.751,-106.309
,,,,,,,,, , , , , , ,75.861,31.069,-106.683
,,,,,,,,, , , , , , ,74.196,31.174,-107.194
,,,,,,,,, , , , , , ,72.274,31.108,-107.754
,,,,,,,,, , , , , , ,70.208,30.905,-108.27
,,,,,,,,, , , , , , ,68.077,30.591,-108.803
,,,,,,,,, , , , , , ,65.929,30.207,-109.336
,,,,,,,,, , , , , , ,63.82,29.767,-109.863
,,,,,,,,, , , , , , ,61.71,29.284,-110.385
,,,,,,,,, , , , , , ,59.59,28.746,-110.956
,,,,,,,,, , , , , , ,57.415,28.147,-111.577
,,,,,,,,, , , , , , ,55.239,27.504,-112.242
,,,,,,,,, , , , , , ,53.064,26.807,-112.95
,,,,,,,,, , , , , , ,50.916,26.049,-113.741
,,,,,,,,, , , , , , ,48.807,25.23,-114.582
,,,,,,,,, , , , , , ,46.774,24.346,-115.444
,,,,,,,,, , , , , , ,44.808,23.412,-116.285
,,,,,,,,, , , , , , ,42.913,22.434,-117.103
,,,,,,,,, , , , , , ,41.061,21.429,-117.845
