Time,Device name,Chip Time(),Acceleration X(g),Acceleration Y(g),Acceleration Z(g),Angular velocity X(°/s),Angular velocity Y(°/s),Angular velocity Z(°/s),ShiftX(mm),ShiftY(mm),ShiftZ(mm),SpeedX(mm/s),SpeedY(mm/s),SpeedZ(mm/s),Angle X(°),Angle Y(°),Angle Z(°)
 09:39:02.872,eb:33:2e:f9:57:b5, 2015-01-01 00:27:38.775,-0.084,-0.134,1.306,72.754,28.809,-7.812, , , , , , ,3.021,3.62,-107.051
 09:39:02.872,eb:33:2e:f9:57:b5, 2015-01-01 00:27:38.775,-0.038,0.036,1.138,77.148,22.4,-7.324, , , , , , ,3.4,3.746,-107.078
 09:39:02.872,eb:33:2e:f9:57:b5, 2015-01-01 00:27:38.775,-0.067,0.045,1.228,81.177,20.325,-8.484, , , , , , ,3.79,3.851,-107.117
 09:39:02.872,eb:33:2e:f9:57:b5, 2015-01-01 00:27:38.775,-0.037,-0.042,1.4,86.243,25.085,-7.324, , , , , , ,4.208,3.966,-107.15
 09:39:02.873,eb:33:2e:f9:57:b5, 2015-01-01 00:27:38.775,0.023,-0.021,1.396,92.407,27.405,-6.653, , , , , , ,4.658,4.103,-107.172
 09:39:02.873,eb:33:2e:f9:57:b5, 2015-01-01 00:27:38.775,-0.014,0.031,1.337,99.365,27.283,-8.118, , , , , , ,5.136,4.241,-107.194
 09:39:02.873,eb:33:2e:f9:57:b5, 2015-01-01 00:27:38.775,-0.04,0.034,1.313,105.469,26.245,-8.85, , , , , , ,5.647,4.378,-107.227
 09:39:02.873,eb:33:2e:f9:57:b5, 2015-01-01 00:27:38.775,-0.069,0.005,1.361,111.023,28.015,-9.46, , , , , , ,6.191,4.515,-107.26
 09:39:02.936,eb:33:2e:f9:57:b5, 2015-01-01 00:27:38.775,-0.097,-0.014,1.44,116.272,31.067,-9.766, , , , , , ,6.757,4.669,-107.287
 09:39:02.936,eb:33:2e:f9:57:b5, 2015-01-01 00:27:38.775,-0.099,-0.043,1.414,122.925,32.532,-9.399, , , , , , ,7.355,4.834,-107.314
 09:39:02.936,eb:33:2e:f9:57:b5, 2015-01-01 00:27:38.775,-0.131,-0.057,1.355,130.31,32.715,-8.606, , , , , , ,7.987,5.004,-107.342
 09:39:02.936,eb:33:2e:f9:57:b5, 2015-01-01 00:27:38.775,-0.152,-0.031,1.364,135.559,31.982,-7.751, , , , , , ,8.652,5.169,-107.358
 09:39:02.936,eb:33:2e:f9:57:b5, 2015-01-01 00:27:38.775,-0.14,-0.117,1.468,142.517,36.438,-5.676, , , , , , ,9.349,5.345,-107.364
 09:39:02.936,eb:33:2e:f9:57:b5, 2015-01-01 00:27:38.775,0.026,-0.051,1.479,151.917,37.659,-4.089, , , , , , ,10.091,5.526,-107.353
 09:39:02.936,eb:33:2e:f9:57:b5, 2015-01-01 00:27:38.775,0.024,0.061,1.415,159.668,36.621,-6.531, , , , , , ,10.871,5.713,-107.347
 09:39:02.936,eb:33:2e:f9:57:b5, 2015-01-01 00:27:38.775,0.053,0.059,1.374,170.166,34.058,-11.353, , , , , , ,11.7,5.894,-107.358
 09:39:03.026,eb:33:2e:f9:57:b5, 2015-01-01 00:27:38.775,0.054,0.063,1.422,179.199,34.607,-15.93, , , , , , ,12.574,6.075,-107.391
 09:39:03.026,eb:33:2e:f9:57:b5, 2015-01-01 00:27:38.775,0.078,0.081,1.495,187.805,35.95,-20.996, , , , , , ,13.491,6.268,-107.446
 09:39:03.026,eb:33:2e:f9:57:b5, 2015-01-01 00:27:38.775,0.008,0.039,1.495,197.449,37.659,-24.963, , , , , , ,14.447,6.476,-107.512
 09:39:03.026,eb:33:2e:f9:57:b5, 2015-01-01 00:27:38.775,0.004,0.049,1.57,205.627,36.255,-27.71, , , , , , ,15.447,6.691,-107.595
 09:39:03.027,eb:33:2e:f9:57:b5, 2015-01-01 00:27:38.775,0.025,0.01,1.758,216.553,38.208,-28.687, , , , , , ,16.496,6.905,-107.682
 09:39:03.027,eb:33:2e:f9:57:b5, 2015-01-01 00:27:38.775,0.058,-0.055,1.895,229.004,39.673,-29.541, , , , , , ,17.606,7.13,-107.77
 09:39:03.027,eb:33:2e:f9:57:b5, 2015-01-01 00:27:38.775,0.138,-0.041,2.063,241.394,44.189,-29.663, , , , , , ,18.776,7.377,-107.842
 09:39:03.027,eb:33:2e:f9:57:b5, 2015-01-01 00:27:38.775,0.237,-0.094,2.156,257.08,48.828,-29.724, , , , , , ,20.023,7.646,-107.902
 09:39:03.029,eb:33:2e:f9:57:b5, 2015-01-01 00:27:38.775,0.373,-0.05,2.249,271.667,52.856,-31.799, , , , , , ,21.341,7.943,-107.957
 09:39:03.029,eb:33:2e:f9:57:b5, 2015-01-01 00:27:38.775,0.379,-0.011,2.421,285.645,61.523,-36.499, , , , , , ,22.731,8.267,-108.012
 09:39:03.029,eb:33:2e:f9:57:b5, 2015-01-01 00:27:38.775,0.438,-0.071,2.591,301.27,71.777,-41.687, , , , , , ,24.197,8.657,-108.056
 09:39:03.029,eb:33:2e:f9:57:b5, 2015-01-01 00:27:38.775,0.502,-0.102,2.72,318.359,82.886,-46.082, , , , , , ,25.746,9.108,-108.094
 09:39:03.029,eb:33:2e:f9:57:b5, 2015-01-01 00:27:38.775,0.562,-0.097,2.743,335.754,92.224,-51.514, , , , , , ,27.389,9.619,-108.116
 09:39:03.029,eb:33:2e:f9:57:b5, 2015-01-01 00:27:38.775,0.544,-0.084,2.872,346.191,101.44,-59.082, , , , , , ,29.097,10.179,-108.133
 09:39:03.029,eb:33:2e:f9:57:b5, 2015-01-01 00:27:38.775,0.696,-0.199,3.207,355.164,112.427,-67.017, , , , , , ,30.85,10.8,-108.144
 09:39:03.030,eb:33:2e:f9:57:b5, 2015-01-01 00:27:38.775,0.696,-0.592,3.299,374.695,137.329,-69.58, , , , , , ,32.69,11.519,-108.105
 09:39:03.030,eb:33:2e:f9:57:b5, 2015-01-01 00:27:38.775,0.641,-0.629,3.162,394.897,156.128,-73.12, , , , , , ,34.645,12.338,-107.985
 09:39:03.030,eb:33:2e:f9:57:b5, 2015-01-01 00:27:38.775,0.423,-0.729,3.048,416.077,170.044,-78.674, , , , , , ,36.716,13.228,-107.809
 09:39:03.030,eb:33:2e:f9:57:b5, 2015-01-01 00:27:38.775,0.229,-0.818,3.074,436.34,181.396,-81.055, , , , , , ,38.914,14.172,-107.584
 09:39:03.030,eb:33:2e:f9:57:b5, 2015-01-01 00:27:38.775,0.309,-0.666,2.948,457.703,177.856,-79.59, , , , , , ,41.232,15.128,-107.292
 09:39:03.030,eb:33:2e:f9:57:b5, 2015-01-01 00:27:38.775,0.551,-0.582,2.743,485.046,153.625,-80.994, , , , , , ,43.66,16.007,-107.029
 09:39:03.030,eb:33:2e:f9:57:b5, 2015-01-01 00:27:38.775,0.546,-0.684,2.005,510.742,122.803,-92.712, , , , , , ,46.219,16.787,-106.859
 09:39:03.030,eb:33:2e:f9:57:b5, 2015-01-01 00:27:38.775,0.629,-0.186,2.159,493.225,103.027,-104.614, , , , , , ,48.752,17.523,-106.793
 09:39:03.032,eb:33:2e:f9:57:b5, 2015-01-01 00:27:38.775,0.557,-0.58,2.464,473.022,113.831,-113.037, , , , , , ,51.163,18.292,-106.732
 09:39:03.228,eb:33:2e:f9:57:b5, 2015-01-01 00:27:38.775,0.205,-0.928,2.732,466.37,152.405,-122.192, , , , , , ,53.553,19.16,-106.567
 09:39:03.228,eb:33:2e:f9:57:b5, 2015-01-01 00:27:38.775,-0.001,-1.556,2.986,464.05,205.811,-101.624, , , , , , ,56.047,20.154,-106.095
 09:39:03.229,eb:33:2e:f9:57:b5, 2015-01-01 00:27:38.775,0.195,-1.199,1.787,440.613,207.092,-82.642, , , , , , ,58.541,21.088,-105.408
 09:39:03.229,eb:33:2e:f9:57:b5, 2015-01-01 00:27:38.775,0.554,-0.816,1.12,398.438,188.904,-66.284, , , , , , ,60.886,21.901,-104.7
 09:39:03.229,eb:33:2e:f9:57:b5, 2015-01-01 00:27:38.775,0.33,-2.118,0.264,335.205,162.476,-44.983, , , , , , ,62.941,22.544,-104.013
 09:39:03.229,eb:33:2e:f9:57:b5, 2015-01-01 00:27:38.775,0.229,-1.449,-0.4,278.015,135.132,-38.208, , , , , , ,64.677,23.066,-103.387
 09:39:03.229,eb:33:2e:f9:57:b5, 2015-01-01 00:27:38.775,0.105,-0.141,-0.008,206.604,93.384,-25.94, , , , , , ,66.05,23.423,-102.936
 09:39:03.229,eb:33:2e:f9:57:b5, 2015-01-01 00:27:38.775,0.035,-0.013,0.256,112.671,72.632,-8.911, , , , , , ,66.945,23.659,-102.563
 09:39:03.273,eb:33:2e:f9:57:b5, 2015-01-01 00:27:38.775,0.246,-0.846,-0.038,36.133,45.288,7.935, , , , , , ,67.374,23.758,-102.283
 09:39:03.273,eb:33:2e:f9:57:b5, 2015-01-01 00:27:38.775,0.225,-1.329,-0.039,-41.443,32.715,26.611, , , , , , ,67.412,23.736,-102.063
 09:39:03.273,eb:33:2e:f9:57:b5, 2015-01-01 00:27:38.775,0.149,-1.174,0.351,-88.135,30.396,40.283, , , , , , ,67.148,23.637,-101.832
 09:39:03.273,eb:33:2e:f9:57:b5, 2015-01-01 00:27:38.775,0.203,-1.013,0.619,-113.77,19.775,51.331, , , , , , ,66.709,23.467,-101.607
 09:39:03.273,eb:33:2e:f9:57:b5, 2015-01-01 00:27:38.775,0.286,-1.012,0.632,-125,6.714,59.082, , , , , , ,66.16,23.231,-101.431
 09:39:03.273,eb:33:2e:f9:57:b5, 2015-01-01 00:27:38.775,0.339,-1.062,0.548,-127.625,-4.944,64.209, , , , , , ,65.577,22.945,-101.299
 09:39:03.273,eb:33:2e:f9:57:b5, 2015-01-01 00:27:38.775,0.355,-1.046,0.501,-124.695,-14.343,67.078, , , , , , ,64.984,22.621,-101.201
 09:39:03.273,eb:33:2e:f9:57:b5, 2015-01-01 00:27:38.775,0.358,-0.972,0.505,-118.652,-22.4,67.383, , , , , , ,64.396,22.275,-101.14
 09:39:03.275,eb:33:2e:f9:57:b5, 2015-01-01 00:27:38.775,0.329,-0.9,0.494,-112.61,-27.527,66.284, , , , , , ,63.825,21.918,-101.118
 09:39:03.275,eb:33:2e:f9:57:b5, 2015-01-01 00:27:38.775,0.3,-0.85,0.428,-109.741,-31.189,64.819, , , , , , ,63.27,21.555,-101.102
 09:39:03.275,eb:33:2e:f9:57:b5, 2015-01-01 00:27:38.775,0.266,-0.8,0.364,-111.511,-33.264,63.354, , , , , , ,62.721,21.198,-101.102
 09:39:03.275,eb:33:2e:f9:57:b5, 2015-01-01 00:27:38.775,0.241,-0.736,0.302,-118.53,-34.912,61.523, , , , , , ,62.139,20.841,-101.113
 09:39:03.275,eb:33:2e:f9:57:b5, 2015-01-01 00:27:38.775,0.225,-0.68,0.256,-130.249,-35.767,59.143, , , , , , ,61.49,20.49,-101.135
 09:39:03.275,eb:33:2e:f9:57:b5, 2015-01-01 00:27:38.775,0.216,-0.65,0.222,-145.813,-36.316,56.335, , , , , , ,60.787,20.149,-101.157
 09:39:03.275,eb:33:2e:f9:57:b5, 2015-01-01 00:27:38.775,0.21,-0.635,0.187,-164.124,-37.476,53.406, , , , , , ,59.991,19.819,-101.184
 09:39:03.275,eb:33:2e:f9:57:b5, 2015-01-01 00:27:38.775,0.208,-0.624,0.159,-184.021,-39.917,50.354, , , , , , ,59.095,19.501,-101.228
 09:39:03.277,eb:33:2e:f9:57:b5, 2015-01-01 00:27:38.775,0.21,-0.604,0.136,-204.773,-44.067,46.997, , , , , , ,58.079,19.182,-101.294
 09:39:03.277,eb:33:2e:f9:57:b5, 2015-01-01 00:27:38.775,0.213,-0.582,0.126,-225.525,-50.11,43.457, , , , , , ,56.964,18.864,-101.376
 09:39:03.277,eb:33:2e:f9:57:b5, 2015-01-01 00:27:38.775,0.21,-0.568,0.138,-245.544,-57.983,39.856, , , , , , ,55.739,18.539,-101.492
 09:39:03.277,eb:33:2e:f9:57:b5, 2015-01-01 00:27:38.775,0.206,-0.565,0.183,-263.916,-66.833,36.499, , , , , , ,54.404,18.199,-101.656
 09:39:03.277,eb:33:2e:f9:57:b5, 2015-01-01 00:27:38.775,0.199,-0.57,0.262,-280.396,-75.439,34.18, , , , , , ,52.954,17.842,-101.86
 09:39:03.277,eb:33:2e:f9:57:b5, 2015-01-01 00:27:38.775,0.194,-0.571,0.356,-295.166,-82.825,32.776, , , , , , ,51.438,17.468,-102.085
 09:39:03.277,eb:33:2e:f9:57:b5, 2015-01-01 00:27:38.775,0.194,-0.566,0.458,-308.777,-88.623,32.288, , , , , , ,49.85,17.067,-102.321
 09:39:03.277,eb:33:2e:f9:57:b5, 2015-01-01 00:27:38.775,0.194,-0.559,0.556,-321.838,-92.651,32.898, , , , , , ,48.192,16.644,-102.574
 09:39:03.279,eb:33:2e:f9:57:b5, 2015-01-01 00:27:38.775,0.193,-0.548,0.638,-334.778,-95.459,34.302, , , , , , ,46.461,16.194,-102.821
 09:39:03.279,eb:33:2e:f9:57:b5, 2015-01-01 00:27:38.775,0.198,-0.538,0.704,-347.534,-97.9,36.316, , , , , , ,44.681,15.727,-103.052
 09:39:03.279,eb:33:2e:f9:57:b5, 2015-01-01 00:27:38.775,0.206,-0.525,0.777,-359.68,-100.464,38.94, , , , , , ,42.847,15.238,-103.266
 09:39:03.279,eb:33:2e:f9:57:b5, 2015-01-01 00:27:38.775,0.208,-0.506,0.861,-370.483,-102.905,42.053, , , , , , ,40.968,14.722,-103.464
 09:39:03.279,eb:33:2e:f9:57:b5, 2015-01-01 00:27:38.775,0.219,-0.472,0.951,-379.395,-105.469,45.654, , , , , , ,39.023,14.178,-103.64
 09:39:03.279,eb:33:2e:f9:57:b5, 2015-01-01 00:27:38.775,0.237,-0.425,1.055,-386.047,-107.483,49.5, , , , , , ,37.073,13.607,-103.788
 09:39:03.279,eb:33:2e:f9:57:b5, 2015-01-01 00:27:38.775,0.265,-0.367,1.168,-390.015,-109.07,53.101, , , , , , ,35.101,13.013,-103.898
 09:39:03.279,eb:33:2e:f9:57:b5, 2015-01-01 00:27:38.775,0.299,-0.3,1.271,-391.235,-110.718,55.786, , , , , , ,33.124,12.404,-103.98
 09:39:03.282,eb:33:2e:f9:57:b5, 2015-01-01 00:27:38.775,0.338,-0.222,1.355,-389.893,-112.671,56.885, , , , , , ,31.141,11.777,-104.052
 09:39:03.282,eb:33:2e:f9:57:b5, 2015-01-01 00:27:38.775,0.385,-0.126,1.418,-386.597,-115.784,56.396, , , , , , ,29.191,11.14,-104.09
 09:39:03.282,eb:33:2e:f9:57:b5, 2015-01-01 00:27:38.775,0.433,0,1.48,-380.92,-120.789,52.856, , , , , , ,27.268,10.486,-104.134
 09:39:03.282,eb:33:2e:f9:57:b5, 2015-01-01 00:27:38.775,0.469,0.107,1.54,-375.549,-125.305,47.791, , , , , , ,25.367,9.822,-104.183
 09:39:03.282,eb:33:2e:f9:57:b5, 2015-01-01 00:27:38.775,0.487,0.214,1.589,-370.117,-130.554,40.771, , , , , , ,23.478,9.141,-104.255
 09:39:03.282,eb:33:2e:f9:57:b5, 2015-01-01 00:27:38.775,0.487,0.306,1.634,-364.868,-136.597,32.227, , , , , , ,21.627,8.448,-104.348
 09:39:03.283,eb:33:2e:f9:57:b5, 2015-01-01 00:27:38.775,0.472,0.367,1.698,-360.413,-142.029,23.254, , , , , , ,19.797,7.745,-104.474
 09:39:03.283,eb:33:2e:f9:57:b5, 2015-01-01 00:27:38.775,0.453,0.395,1.789,-356.506,-145.081,14.465, , , , , , ,17.985,7.037,-104.623
 09:39:03.386,eb:33:2e:f9:57:b5, 2015-01-01 00:27:38.775,0.426,0.399,1.891,-353.455,-144.836,6.409, , , , , , ,16.177,6.323,-104.799
 09:39:03.386,eb:33:2e:f9:57:b5, 2015-01-01 00:27:38.775,0.395,0.392,1.973,-351.257,-141.968,-0.61, , , , , , ,14.398,5.625,-104.98
 09:39:03.386,eb:33:2e:f9:57:b5, 2015-01-01 00:27:38.775,0.357,0.384,2.021,-349.792,-137.817,-6.714, , , , , , ,12.623,4.955,-105.161
 09:39:03.386,eb:33:2e:f9:57:b5, 2015-01-01 00:27:38.775,0.321,0.374,2.037,-348.755,-134.46,-11.475, , , , , , ,10.865,4.296,-105.348
 09:39:03.386,eb:33:2e:f9:57:b5, 2015-01-01 00:27:38.775,0.299,0.359,2.04,-346.863,-132.996,-15.137, , , , , , ,9.091,3.647,-105.535
 09:39:03.386,eb:33:2e:f9:57:b5, 2015-01-01 00:27:38.775,0.291,0.344,2.045,-343.567,-133.789,-17.7, , , , , , ,7.355,2.994,-105.716
 09:39:03.386,eb:33:2e:f9:57:b5, 2015-01-01 00:27:38.775,0.283,0.337,2.051,-338.684,-136.841,-19.592, , , , , , ,5.641,2.335,-105.886
 09:39:03.387,eb:33:2e:f9:57:b5, 2015-01-01 00:27:38.775,0.275,0.34,2.048,-332.458,-142.334,-21.118, , , , , , ,3.961,1.642,-106.046
 09:39:03.391,eb:33:2e:f9:57:b5, 2015-01-01 00:27:38.775,0.248,0.344,2.05,-325.378,-149.475,-22.4, , , , , , ,2.296,0.912,-106.199
 09:39:03.391,eb:33:2e:f9:57:b5, 2015-01-01 00:27:38.775,0.201,0.345,2.044,-317.749,-158.508,-23.743, , , , , , ,0.692,0.137,-106.337
 09:39:03.391,eb:33:2e:f9:57:b5, 2015-01-01 00:27:38.775,0.145,0.34,2.042,-310.059,-169.25,-25.085, , , , , , ,-0.868,-0.681,-106.458
 09:39:03.391,eb:33:2e:f9:57:b5, 2015-01-01 00:27:38.775,0.04,0.333,2.071,-302.551,-180.115,-26.55, , , , , , ,-2.395,-1.566,-106.562
 09:39:03.391,eb:33:2e:f9:57:b5, 2015-01-01 00:27:38.775,-0.06,0.319,2.089,-296.448,-190.552,-27.1, , , , , , ,-3.906,-2.51,-106.65
 09:39:03.391,eb:33:2e:f9:57:b5, 2015-01-01 00:27:38.775,-0.183,0.282,2.191,-291.809,-196.472,-26.794, , , , , , ,-5.372,-3.494,-106.705
 09:39:03.391,eb:33:2e:f9:57:b5, 2015-01-01 00:27:38.775,-0.295,0.299,2.312,-288.574,-198.181,-25.269, , , , , , ,-6.817,-4.488,-106.727
 09:39:03.391,eb:33:2e:f9:57:b5, 2015-01-01 00:27:38.775,-0.441,0.378,2.425,-287.842,-195.801,-22.278, , , , , , ,-8.262,-5.482,-106.716
 09:39:03.430,eb:33:2e:f9:57:b5, 2015-01-01 00:27:39.425,-0.59,0.44,2.517,-289.124,-189.88,-17.517, , , , , , ,-9.728,-6.454,-106.666
 09:39:03.430,eb:33:2e:f9:57:b5, 2015-01-01 00:27:39.425,-0.706,0.48,2.607,-291.565,-179.504,-10.437, , , , , , ,-11.195,-7.377,-106.562
 09:39:03.430,eb:33:2e:f9:57:b5, 2015-01-01 00:27:39.425,-0.8,0.537,2.706,-293.884,-163.818,-0.732, , , , , , ,-12.678,-8.212,-106.408
 09:39:03.430,eb:33:2e:f9:57:b5, 2015-01-01 00:27:39.425,-0.866,0.618,2.78,-294.922,-144.531,11.108, , , , , , ,-14.183,-8.948,-106.199
 09:39:03.430,eb:33:2e:f9:57:b5, 2015-01-01 00:27:39.425,-0.885,0.71,2.807,-293.518,-123.23,24.475, , , , , , ,-15.716,-9.569,-105.936
 09:39:03.430,eb:33:2e:f9:57:b5, 2015-01-01 00:27:39.425,-0.86,0.833,2.788,-289.368,-102.173,38.757, , , , , , ,-17.232,-10.052,-105.612
 09:39:03.430,eb:33:2e:f9:57:b5, 2015-01-01 00:27:39.425,-0.78,1.007,2.725,-282.532,-83.252,52.673, , , , , , ,-18.726,-10.41,-105.244
 09:39:03.431,eb:33:2e:f9:57:b5, 2015-01-01 00:27:39.425,-0.666,1.23,2.626,-273.743,-66.833,64.819, , , , , , ,-20.187,-10.657,-104.832
 09:39:03.499,eb:33:2e:f9:57:b5, 2015-01-01 00:27:39.425,-0.543,1.483,2.489,-263.123,-53.406,73.914, , , , , , ,-21.621,-10.811,-104.387
 09:39:03.499,eb:33:2e:f9:57:b5, 2015-01-01 00:27:39.425,-0.459,1.754,2.315,-249.207,-44.373,78.979, , , , , , ,-22.983,-10.882,-103.931
 09:39:03.499,eb:33:2e:f9:57:b5, 2015-01-01 00:27:39.425,-0.414,2.045,2.077,-230.591,-43.152,79.285, , , , , , ,-24.263,-10.92,-103.475
 09:39:03.499,eb:33:2e:f9:57:b5, 2015-01-01 00:27:39.425,-0.436,2.414,1.731,-201.599,-55.359,73.303, , , , , , ,-25.428,-10.986,-103.013
 09:39:03.499,eb:33:2e:f9:57:b5, 2015-01-01 00:27:39.425,-0.547,2.719,1.491,-173.34,-74.585,63.599, , , , , , ,-26.45,-11.14,-102.557
 09:39:03.499,eb:33:2e:f9:57:b5, 2015-01-01 00:27:39.425,-0.747,2.981,1.388,-142.944,-95.337,51.27, , , , , , ,-27.318,-11.404,-102.096
 09:39:03.499,eb:33:2e:f9:57:b5, 2015-01-01 00:27:39.425,-0.981,3.14,1.471,-112.183,-108.337,38.513, , , , , , ,-28.032,-11.761,-101.656
 09:39:03.499,eb:33:2e:f9:57:b5, 2015-01-01 00:27:39.425,-1.226,3.193,1.702,-82.397,-105.896,27.222, , , , , , ,-28.586,-12.162,-101.25
 09:39:03.499,eb:33:2e:f9:57:b5, 2015-01-01 00:27:39.425,-1.429,3.163,1.955,-54.81,-87.036,18.982, , , , , , ,-28.993,-12.535,-100.915
 09:39:03.499,eb:33:2e:f9:57:b5, 2015-01-01 00:27:39.425,-1.502,3.072,2.141,-29.541,-54.81,13.672, , , , , , ,-29.246,-12.794,-100.673
 09:39:03.499,eb:33:2e:f9:57:b5, 2015-01-01 00:27:39.425,-1.44,2.942,2.235,-6.409,-13.733,10.071, , , , , , ,-29.355,-12.903,-100.547
 09:39:03.499,eb:33:2e:f9:57:b5, 2015-01-01 00:27:39.425,-1.286,2.81,2.193,14.832,27.405,6.348, , , , , , ,-29.323,-12.832,-100.541
 09:39:03.499,eb:33:2e:f9:57:b5, 2015-01-01 00:27:39.425,-1.066,2.697,2.033,34.18,59.998,0.427, , , , , , ,-29.174,-12.618,-100.646
 09:39:03.500,eb:33:2e:f9:57:b5, 2015-01-01 00:27:39.425,-0.83,2.585,1.834,51.147,81.36,-8.057, , , , , , ,-28.905,-12.31,-100.849
 09:39:03.500,eb:33:2e:f9:57:b5, 2015-01-01 00:27:39.425,-0.31,2.465,1.628,65.369,92.041,-19.104, , , , , , ,-28.548,-11.953,-101.135
 09:39:03.500,eb:33:2e:f9:57:b5, 2015-01-01 00:27:39.425,0.631,2.018,2.41,188.782,-8.728,-66.467, , , , , , ,-27.949,-11.799,-101.437
 09:39:03.502,eb:33:2e:f9:57:b5, 2015-01-01 00:27:39.425,-0.079,2.854,4.711,276.001,231.934,-77.698, , , , , , ,-26.51,-11.201,-102.228
 09:39:03.502,eb:33:2e:f9:57:b5, 2015-01-01 00:27:39.425,0.903,1.212,1.123,281.616,145.569,-133.972, , , , , , ,-24.939,-10.723,-103.134
 09:39:03.502,eb:33:2e:f9:57:b5, 2015-01-01 00:27:39.425,0.104,-0.31,1.672,292.664,195.679,-128.967, , , , , , ,-23.329,-10.157,-104.134
 09:39:03.502,eb:33:2e:f9:57:b5, 2015-01-01 00:27:39.425,0.022,-1.021,1.096,311.096,174.683,-101.135, , , , , , ,-21.66,-9.536,-105.018
 09:39:03.502,eb:33:2e:f9:57:b5, 2015-01-01 00:27:39.425,0.023,-1.207,0.978,323.73,168.274,-64.636, , , , , , ,-19.951,-8.882,-105.71
 09:39:03.502,eb:33:2e:f9:57:b5, 2015-01-01 00:27:39.425,-0.062,-1.052,0.942,331.665,147.156,-41.26, , , , , , ,-18.243,-8.245,-106.205
 09:39:03.502,eb:33:2e:f9:57:b5, 2015-01-01 00:27:39.425,-0.351,-1.139,0.947,349.426,141.541,-21.729, , , , , , ,-16.485,-7.608,-106.562
 09:39:03.502,eb:33:2e:f9:57:b5, 2015-01-01 00:27:39.425,-0.659,-0.455,1.103,347.656,141.052,-1.343, , , , , , ,-14.7,-6.938,-106.798
 09:39:03.543,eb:33:2e:f9:57:b5, 2015-01-01 00:27:39.425,-0.411,0.169,1.128,323.425,126.404,10.254, , , , , , ,-13.013,-6.268,-106.93
 09:39:03.543,eb:33:2e:f9:57:b5, 2015-01-01 00:27:39.425,-0.55,0.607,1.261,285.278,114.38,11.414, , , , , , ,-11.508,-5.68,-107.001
 09:39:03.543,eb:33:2e:f9:57:b5, 2015-01-01 00:27:39.425,-0.306,0.709,1.127,249.39,95.459,7.935, , , , , , ,-10.184,-5.158,-107.051
 09:39:03.543,eb:33:2e:f9:57:b5, 2015-01-01 00:27:39.425,-0.188,0.726,1.298,209.9,75.439,-1.404, , , , , , ,-9.053,-4.752,-107.106
 09:39:03.543,eb:33:2e:f9:57:b5, 2015-01-01 00:27:39.425,-0.167,0.574,1.244,177.124,62.744,-13.794, , , , , , ,-8.097,-4.422,-107.205
 09:39:03.543,eb:33:2e:f9:57:b5, 2015-01-01 00:27:39.425,-0.115,0.448,1.227,151.184,48.584,-23.682, , , , , , ,-7.284,-4.169,-107.336
 09:39:03.543,eb:33:2e:f9:57:b5, 2015-01-01 00:27:39.425,-0.067,0.196,1.074,136.841,38.635,-31.25, , , , , , ,-6.564,-3.977,-107.507
 09:39:03.545,eb:33:2e:f9:57:b5, 2015-01-01 00:27:39.425,0.009,0.039,0.99,130.127,32.654,-33.63, , , , , , ,-5.889,-3.823,-107.688
 09:39:03.589,eb:33:2e:f9:57:b5, 2015-01-01 00:27:39.425,0.045,-0.105,0.971,128.174,31.067,-31.067, , , , , , ,-5.235,-3.686,-107.869
 09:39:03.589,eb:33:2e:f9:57:b5, 2015-01-01 00:27:39.425,0.165,0.008,1.077,120.3,32.288,-23.743, , , , , , ,-4.609,-3.538,-108.012
 09:39:03.589,eb:33:2e:f9:57:b5, 2015-01-01 00:27:39.425,0.15,-0.044,1.082,117.371,39.734,-17.639, , , , , , ,-4.01,-3.367,-108.127
 09:39:03.589,eb:33:2e:f9:57:b5, 2015-01-01 00:27:39.425,0.048,0.008,1.04,114.258,45.41,-13.245, , , , , , ,-3.428,-3.153,-108.215
 09:39:03.589,eb:33:2e:f9:57:b5, 2015-01-01 00:27:39.425,-0.011,0.245,1.049,101.379,48.157,-11.475, , , , , , ,-2.889,-2.917,-108.292
 09:39:03.589,eb:33:2e:f9:57:b5, 2015-01-01 00:27:39.425,-0.025,0.391,1.045,80.994,51.575,-11.658, , , , , , ,-2.439,-2.67,-108.358
 09:39:03.589,eb:33:2e:f9:57:b5, 2015-01-01 00:27:39.425,-0.042,0.317,0.999,66.162,49.133,-11.475, , , , , , ,-2.076,-2.422,-108.424
 09:39:03.589,eb:33:2e:f9:57:b5, 2015-01-01 00:27:39.425,-0.056,0.21,0.974,55.725,44.739,-10.62, , , , , , ,-1.774,-2.186,-108.49
 09:39:03.656,eb:33:2e:f9:57:b5, 2015-01-01 00:27:39.425,0.008,0.231,0.998,41.87,38.086,-7.141, , , , , , ,-1.533,-1.983,-108.539
 09:39:03.656,eb:33:2e:f9:57:b5, 2015-01-01 00:27:39.425,-0.007,0.119,1.027,33.203,34.729,-3.113, , , , , , ,-1.351,-1.807,-108.567
 09:39:03.656,eb:33:2e:f9:57:b5, 2015-01-01 00:27:39.425,-0.055,0.076,1.02,27.71,32.715,-0.183, , , , , , ,-1.203,-1.642,-108.578
 09:39:03.656,eb:33:2e:f9:57:b5, 2015-01-01 00:27:39.425,-0.048,0.037,0.996,24.231,30.64,1.953, , , , , , ,-1.077,-1.483,-108.572
 09:39:03.656,eb:33:2e:f9:57:b5, 2015-01-01 00:27:39.425,-0.059,0.043,0.973,21.912,27.222,1.282, , , , , , ,-0.961,-1.34,-108.567
 09:39:03.656,eb:33:2e:f9:57:b5, 2015-01-01 00:27:39.425,-0.056,0.054,0.957,19.287,22.766,-0.061, , , , , , ,-0.862,-1.214,-108.567
 09:39:03.656,eb:33:2e:f9:57:b5, 2015-01-01 00:27:39.425,-0.063,0.059,0.955,16.357,17.761,-1.221, , , , , , ,-0.775,-1.121,-108.572
 09:39:03.656,eb:33:2e:f9:57:b5, 2015-01-01 00:27:39.425,-0.053,0.049,0.961,13.611,13.245,-1.16, , , , , , ,-0.703,-1.044,-108.578
 09:39:03.679,eb:33:2e:f9:57:b5, 2015-01-01 00:27:39.425,-0.012,0.033,0.969,11.292,9.583,-0.244, , , , , , ,-0.643,-0.989,-108.583
 09:39:03.679,eb:33:2e:f9:57:b5, 2015-01-01 00:27:39.425,-0.011,0.032,0.99,9.521,7.751,0.061, , , , , , ,-0.593,-0.945,-108.583
 09:39:03.679,eb:33:2e:f9:57:b5, 2015-01-01 00:27:39.425,-0.033,0.04,0.983,8.057,5.615,-0.427, , , , , , ,-0.549,-0.917,-108.583
 09:39:03.679,eb:33:2e:f9:57:b5, 2015-01-01 00:27:39.425,-0.042,0.036,0.972,6.836,2.686,-1.404, , , , , , ,-0.511,-0.895,-108.589
 09:39:03.679,eb:33:2e:f9:57:b5, 2015-01-01 00:27:39.425,-0.029,0.026,0.968,5.981,-0.305,-2.075, , , , , , ,-0.478,-0.89,-108.594
 09:39:03.679,eb:33:2e:f9:57:b5, 2015-01-01 00:27:39.425,-0.006,0.016,0.985,5.371,-2.441,-2.319, , , , , , ,-0.456,-0.901,-108.611
 09:39:03.679,eb:33:2e:f9:57:b5, 2015-01-01 00:27:39.425,-0.001,0.006,1.005,5.188,-3.174,-2.502, , , , , , ,-0.428,-0.917,-108.622
 09:39:03.679,eb:33:2e:f9:57:b5, 2015-01-01 00:27:39.425,-0.008,0,1.011,5.31,-3.54,-2.441, , , , , , ,-0.401,-0.934,-108.633
 09:39:03.703,eb:33:2e:f9:57:b5, 2015-01-01 00:27:39.425,-0.016,-0.006,1.012,5.859,-4.089,-2.258, , , , , , ,-0.374,-0.95,-108.644
 09:39:03.703,eb:33:2e:f9:57:b5, 2015-01-01 00:27:39.425,-0.003,-0.021,1.016,7.019,-4.761,-1.892, , , , , , ,-0.341,-0.978,-108.655
 09:39:03.703,eb:33:2e:f9:57:b5, 2015-01-01 00:27:39.425,0.022,-0.024,1.023,8.362,-4.822,-1.465, , , , , , ,-0.302,-1,-108.66
 09:39:03.703,eb:33:2e:f9:57:b5, 2015-01-01 00:27:39.425,0.022,-0.018,1.032,9.46,-3.784,-1.282, , , , , , ,-0.258,-1.022,-108.671
 09:39:03.703,eb:33:2e:f9:57:b5, 2015-01-01 00:27:39.425,0.008,-0.015,1.03,10.437,-2.625,-0.977, , , , , , ,-0.209,-1.038,-108.671
 09:39:03.703,eb:33:2e:f9:57:b5, 2015-01-01 00:27:39.425,0.006,-0.011,1.018,11.169,-1.648,-0.427, , , , , , ,-0.154,-1.049,-108.677
 09:39:03.703,eb:33:2e:f9:57:b5, 2015-01-01 00:27:39.425,0.021,-0.002,1.007,11.597,-1.282,-0.366, , , , , , ,-0.099,-1.055,-108.677
 09:39:03.703,eb:33:2e:f9:57:b5, 2015-01-01 00:27:39.425,0.028,0.009,1.008,11.719,-0.488,-0.61, , , , , , ,-0.038,-1.06,-108.682
 09:39:03.815,eb:33:2e:f9:57:b5, 2015-01-01 00:27:39.825,0.043,0.01,1.011,11.658,1.221,-0.671, , , , , , ,0.011,-1.06,-108.682
 09:39:03.815,eb:33:2e:f9:57:b5, 2015-01-01 00:27:39.825,0.06,0.015,1.017,11.353,3.784,-0.305, , , , , , ,0.071,-1.044,-108.688
 09:39:03.815,eb:33:2e:f9:57:b5, 2015-01-01 00:27:39.825,0.061,0.015,1.026,10.742,7.629,0, , , , , , ,0.121,-1.016,-108.688
 09:39:03.815,eb:33:2e:f9:57:b5, 2015-01-01 00:27:39.825,0.047,0.021,1.025,10.071,11.169,0.061, , , , , , ,0.176,-0.967,-108.688
 09:39:03.815,eb:33:2e:f9:57:b5, 2015-01-01 00:27:39.825,0.033,0.019,1.014,9.827,14.038,0, , , , , , ,0.225,-0.901,-108.682
 09:39:03.815,eb:33:2e:f9:57:b5, 2015-01-01 00:27:39.825,0.023,0.012,1.007,9.827,15.686,-0.366, , , , , , ,0.275,-0.824,-108.688
 09:39:03.815,eb:33:2e:f9:57:b5, 2015-01-01 00:27:39.825,0.018,0.014,1.004,9.888,16.541,-1.038, , , , , , ,0.324,-0.747,-108.688
 09:39:03.815,eb:33:2e:f9:57:b5, 2015-01-01 00:27:39.825,0.019,0.022,0.997,9.705,16.418,-2.014, , , , , , ,0.368,-0.665,-108.699
 09:39:03.815,eb:33:2e:f9:57:b5, 2015-01-01 00:27:39.825,0.017,0.026,0.995,9.216,17.273,-2.441, , , , , , ,0.417,-0.577,-108.704
 09:39:03.815,eb:33:2e:f9:57:b5, 2015-01-01 00:27:39.825,0.028,0.03,0.992,8.423,18.494,-2.319, , , , , , ,0.461,-0.489,-108.721
 09:39:03.815,eb:33:2e:f9:57:b5, 2015-01-01 00:27:39.825,0.038,0.032,1.004,7.812,19.531,-2.319, , , , , , ,0.5,-0.396,-108.726
 09:39:03.815,eb:33:2e:f9:57:b5, 2015-01-01 00:27:39.825,0.037,0.029,1.01,7.446,21.118,-2.319, , , , , , ,0.538,-0.291,-108.737
 09:39:03.815,eb:33:2e:f9:57:b5, 2015-01-01 00:27:39.825,0.062,0.031,1.006,7.019,22.4,-2.014, , , , , , ,0.571,-0.181,-108.748
 09:39:03.815,eb:33:2e:f9:57:b5, 2015-01-01 00:27:39.825,0.044,0.033,1.016,6.714,25.269,-1.953, , , , , , ,0.61,-0.06,-108.759
 09:39:03.815,eb:33:2e:f9:57:b5, 2015-01-01 00:27:39.825,0.026,0.037,1,6.104,27.283,-1.465, , , , , , ,0.637,0.066,-108.765
 09:39:03.816,eb:33:2e:f9:57:b5, 2015-01-01 00:27:39.825,0.003,0.04,0.99,5.615,28.503,-1.038, , , , , , ,0.665,0.203,-108.77
 09:39:03.836,eb:33:2e:f9:57:b5, 2015-01-01 00:27:39.825,-0.003,0.037,0.984,5.249,28.748,-0.549, , , , , , ,0.692,0.352,-108.77
 09:39:03.836,eb:33:2e:f9:57:b5, 2015-01-01 00:27:39.825,0.004,0.022,0.995,5.493,29.114,-0.122, , , , , , ,0.72,0.494,-108.77
 09:39:03.836,eb:33:2e:f9:57:b5, 2015-01-01 00:27:39.825,-0.001,0.02,1.006,5.981,29.785,-0.244, , , , , , ,0.747,0.643,-108.77
 09:39:03.836,eb:33:2e:f9:57:b5, 2015-01-01 00:27:39.825,-0.01,0.012,1.018,6.836,30.762,-0.305, , , , , , ,0.78,0.791,-108.77
 09:39:03.836,eb:33:2e:f9:57:b5, 2015-01-01 00:27:39.825,-0.019,0.009,1.018,8.057,31.555,-0.366, , , , , , ,0.818,0.95,-108.765
 09:39:03.836,eb:33:2e:f9:57:b5, 2015-01-01 00:27:39.825,-0.051,0.009,1.014,9.338,32.043,-0.671, , , , , , ,0.862,1.11,-108.765
 09:39:03.836,eb:33:2e:f9:57:b5, 2015-01-01 00:27:39.825,-0.074,0.004,1,10.498,31.067,-0.977, , , , , , ,0.912,1.263,-108.77
 09:39:03.836,eb:33:2e:f9:57:b5, 2015-01-01 00:27:39.825,-0.075,0.007,0.99,11.658,28.748,-1.282, , , , , , ,0.967,1.412,-108.77
 09:39:03.881,eb:33:2e:f9:57:b5, 2015-01-01 00:27:39.825,-0.075,-0.006,1.008,13.306,27.222,-1.404, , , , , , ,1.027,1.555,-108.776
 09:39:03.881,eb:33:2e:f9:57:b5, 2015-01-01 00:27:39.825,-0.057,-0.006,1.014,14.954,25.757,-1.465, , , , , , ,1.099,1.686,-108.781
 09:39:03.881,eb:33:2e:f9:57:b5, 2015-01-01 00:27:39.825,-0.042,-0.007,1.028,16.846,25.635,-1.587, , , , , , ,1.181,1.813,-108.787
 09:39:03.881,eb:33:2e:f9:57:b5, 2015-01-01 00:27:39.825,-0.039,-0.002,1.03,18.738,26.123,-1.709, , , , , , ,1.269,1.945,-108.792
 09:39:03.881,eb:33:2e:f9:57:b5, 2015-01-01 00:27:39.825,-0.045,0.003,1.028,20.447,26.489,-1.77, , , , , , ,1.368,2.076,-108.798
 09:39:03.881,eb:33:2e:f9:57:b5, 2015-01-01 00:27:39.825,-0.032,0,1.034,22.278,26.428,-1.343, , , , , , ,1.472,2.208,-108.803
 09:39:03.881,eb:33:2e:f9:57:b5, 2015-01-01 00:27:39.825,-0.035,-0.005,1.032,24.109,24.414,0.488, , , , , , ,1.588,2.329,-108.798
 09:39:03.881,eb:33:2e:f9:57:b5, 2015-01-01 00:27:39.825,-0.004,0.014,1.054,26.184,24.963,-0.549, , , , , , ,1.714,2.45,-108.792
 09:39:03.927,eb:33:2e:f9:57:b5, 2015-01-01 00:27:39.825,-0.019,0.014,1.078,28.076,27.588,-1.221, , , , , , ,1.851,2.587,-108.792
 09:39:03.927,eb:33:2e:f9:57:b5, 2015-01-01 00:27:39.825,-0.038,0.031,1.048,29.419,29.236,-1.892, , , , , , ,1.994,2.73,-108.798
 09:39:03.927,eb:33:2e:f9:57:b5, 2015-01-01 00:27:39.825,-0.055,0.033,1.024,30.396,30.212,-1.709, , , , , , ,2.148,2.878,-108.798
 09:39:03.927,eb:33:2e:f9:57:b5, 2015-01-01 00:27:39.825,-0.073,0.029,1.027,31.677,30.701,-1.648, , , , , , ,2.302,3.027,-108.803
 09:39:03.927,eb:33:2e:f9:57:b5, 2015-01-01 00:27:39.825,-0.04,0.026,1.03,33.63,29.602,-1.648, , , , , , ,2.466,3.181,-108.803
 09:39:03.927,eb:33:2e:f9:57:b5, 2015-01-01 00:27:39.825,-0.035,0.059,1.028,34.607,29.602,-3.052, , , , , , ,2.637,3.329,-108.809
 09:39:03.927,eb:33:2e:f9:57:b5, 2015-01-01 00:27:39.825,-0.021,0.07,1.022,35.706,30.09,-4.089, , , , , , ,2.807,3.477,-108.82
 09:39:03.927,eb:33:2e:f9:57:b5, 2015-01-01 00:27:39.825,-0.038,0.052,1.083,37.354,31.86,-5.127, , , , , , ,2.988,3.636,-108.836
 09:39:03.950,eb:33:2e:f9:57:b5, 2015-01-01 00:27:39.825,-0.041,0.05,1.119,39.429,32.104,-5.92, , , , , , ,3.186,3.796,-108.853
 09:39:03.950,eb:33:2e:f9:57:b5, 2015-01-01 00:27:39.825,-0.048,0.01,1.156,42.664,33.569,-5.371, , , , , , ,3.389,3.961,-108.875
 09:39:03.950,eb:33:2e:f9:57:b5, 2015-01-01 00:27:39.825,-0.02,0.043,1.115,44.556,34.302,-4.883, , , , , , ,3.604,4.131,-108.885
 09:39:03.951,eb:33:2e:f9:57:b5, 2015-01-01 00:27:39.825,-0.023,0.067,1.237,45.837,35.645,-6.042, , , , , , ,3.829,4.307,-108.902
 09:39:03.951,eb:33:2e:f9:57:b5, 2015-01-01 00:27:39.825,0.008,0.025,1.304,50.842,36.743,-6.165, , , , , , ,4.07,4.493,-108.918
 09:39:03.951,eb:33:2e:f9:57:b5, 2015-01-01 00:27:39.825,-0.039,0.079,1.24,52.917,37.598,-7.69, , , , , , ,4.334,4.68,-108.94
 09:39:03.951,eb:33:2e:f9:57:b5, 2015-01-01 00:27:39.825,-0.263,0.116,1.201,62.012,26.306,-7.324, , , , , , ,4.614,4.839,-108.968
 09:39:03.951,eb:33:2e:f9:57:b5, 2015-01-01 00:27:39.825,-0.161,-0.173,1.734,78.247,19.775,-2.808, , , , , , ,4.971,4.944,-108.984
 09:39:03.994,eb:33:2e:f9:57:b5, 2015-01-01 00:27:39.825,-0.143,-0.155,1.644,90.088,28.32,1.892, , , , , , ,5.405,5.07,-108.968
 09:39:03.994,eb:33:2e:f9:57:b5, 2015-01-01 00:27:39.825,-0.083,0.028,1.333,96.985,23.01,1.526, , , , , , ,5.878,5.197,-108.946
 09:39:03.994,eb:33:2e:f9:57:b5, 2015-01-01 00:27:39.825,-0.135,0.051,1.292,104.126,15.869,-0.61, , , , , , ,6.383,5.29,-108.935
 09:39:03.994,eb:33:2e:f9:57:b5, 2015-01-01 00:27:39.825,-0.197,-0.011,1.338,110.84,13.245,-0.732, , , , , , ,6.921,5.361,-108.929
 09:39:03.994,eb:33:2e:f9:57:b5, 2015-01-01 00:27:39.825,-0.215,-0.069,1.373,118.958,11.23,0.854, , , , , , ,7.504,5.422,-108.924
 09:39:03.994,eb:33:2e:f9:57:b5, 2015-01-01 00:27:39.825,-0.231,-0.062,1.357,127.441,7.69,2.625, , , , , , ,8.124,5.466,-108.907
 09:39:03.994,eb:33:2e:f9:57:b5, 2015-01-01 00:27:39.825,-0.215,-0.044,1.331,134.399,2.991,4.089, , , , , , ,8.784,5.488,-108.885
 09:39:03.994,eb:33:2e:f9:57:b5, 2015-01-01 00:27:39.825,-0.193,-0.025,1.386,141.357,-0.244,5.188, , , , , , ,9.476,5.488,-108.858
 09:39:04.083,eb:33:2e:f9:57:b5, 2015-01-01 00:27:39.825,-0.174,-0.04,1.389,150.085,-3.784,5.737, , , , , , ,10.212,5.471,-108.831
 09:39:04.083,eb:33:2e:f9:57:b5, 2015-01-01 00:27:39.825,-0.13,-0.045,1.395,159.668,-6.531,6.165, , , , , , ,10.992,5.438,-108.809
 09:39:04.083,eb:33:2e:f9:57:b5, 2015-01-01 00:27:39.825,-0.094,-0.025,1.441,168.274,-7.568,5.676, , , , , , ,11.816,5.394,-108.787
 09:39:04.083,eb:33:2e:f9:57:b5, 2015-01-01 00:27:39.825,-0.023,-0.004,1.522,176.819,-6.775,4.333, , , , , , ,12.684,5.35,-108.77
 09:39:04.083,eb:33:2e:f9:57:b5, 2015-01-01 00:27:39.825,0.025,0.01,1.568,186.096,-4.211,2.502, , , , , , ,13.596,5.323,-108.759
 09:39:04.083,eb:33:2e:f9:57:b5, 2015-01-01 00:27:39.825,0.062,0.033,1.616,195.068,0.854,0.366, , , , , , ,14.551,5.312,-108.754
 09:39:04.083,eb:33:2e:f9:57:b5, 2015-01-01 00:27:39.825,0.163,0.009,1.687,205.383,7.08,-2.014, , , , , , ,15.557,5.334,-108.754
 09:39:04.083,eb:33:2e:f9:57:b5, 2015-01-01 00:27:39.825,0.195,0.023,1.708,217.468,15.991,-5.066, , , , , , ,16.617,5.4,-108.754
 09:39:04.086,eb:33:2e:f9:57:b5, 2015-01-01 00:27:40.160,0.146,0.049,1.686,225.403,21.362,-7.385, , , , , , ,17.732,5.504,-108.754
 09:39:04.086,eb:33:2e:f9:57:b5, 2015-01-01 00:27:40.160,0.163,0.06,1.747,235.962,24.597,-11.719, , , , , , ,18.885,5.63,-108.765
 09:39:04.086,eb:33:2e:f9:57:b5, 2015-01-01 00:27:40.160,0.162,0.003,1.884,249.817,29.297,-15.381, , , , , , ,20.105,5.779,-108.787
 09:39:04.086,eb:33:2e:f9:57:b5, 2015-01-01 00:27:40.160,0.143,-0.018,1.982,264.587,35.522,-17.517, , , , , , ,21.396,5.966,-108.809
 09:39:04.086,eb:33:2e:f9:57:b5, 2015-01-01 00:27:40.160,0.213,-0.028,2.137,278.809,40.649,-19.104, , , , , , ,22.758,6.174,-108.82
 09:39:04.086,eb:33:2e:f9:57:b5, 2015-01-01 00:27:40.160,0.302,-0.085,2.272,293.884,49.011,-20.447, , , , , , ,24.192,6.427,-108.82
 09:39:04.086,eb:33:2e:f9:57:b5, 2015-01-01 00:27:40.160,0.351,0.008,2.298,308.472,56.396,-23.682, , , , , , ,25.708,6.718,-108.803
 09:39:04.086,eb:33:2e:f9:57:b5, 2015-01-01 00:27:40.160,0.512,0.159,2.464,319.519,55.908,-29.907, , , , , , ,27.285,7.031,-108.803
 09:39:04.130,eb:33:2e:f9:57:b5, 2015-01-01 00:27:40.160,0.497,0.038,2.531,342.773,63.416,-38.818, , , , , , ,28.943,7.377,-108.814
 09:39:04.130,eb:33:2e:f9:57:b5, 2015-01-01 00:27:40.160,0.605,0.1,2.635,354.858,64.514,-46.814, , , , , , ,30.69,7.767,-108.847
 09:39:04.130,eb:33:2e:f9:57:b5, 2015-01-01 00:27:40.160,0.643,-0.012,2.851,375.488,75.256,-57.19, , , , , , ,32.514,8.201,-108.891
 09:39:04.130,eb:33:2e:f9:57:b5, 2015-01-01 00:27:40.160,0.699,-0.025,2.939,391.174,83.862,-66.04, , , , , , ,34.431,8.707,-108.929
 09:39:04.130,eb:33:2e:f9:57:b5, 2015-01-01 00:27:40.160,0.678,-0.081,3.036,404.236,97.656,-73.792, , , , , , ,36.42,9.283,-108.957
 09:39:04.131,eb:33:2e:f9:57:b5, 2015-01-01 00:27:40.160,0.69,-0.211,3.128,415.222,111.145,-78.979, , , , , , ,38.474,9.937,-108.94
 09:39:04.131,eb:33:2e:f9:57:b5, 2015-01-01 00:27:40.160,0.755,-0.262,3.106,429.565,118.591,-86.426, , , , , , ,40.6,10.651,-108.885
 09:39:04.131,eb:33:2e:f9:57:b5, 2015-01-01 00:27:40.160,0.715,-0.288,3.089,445.251,126.648,-95.764, , , , , , ,42.808,11.415,-108.82
 09:39:04.174,eb:33:2e:f9:57:b5, 2015-01-01 00:27:40.160,0.535,-0.313,3.09,455.688,137.817,-105.286, , , , , , ,45.082,12.239,-108.726
 09:39:04.174,eb:33:2e:f9:57:b5, 2015-01-01 00:27:40.160,0.297,-0.526,3.264,466.37,157.898,-106.628, , , , , , ,47.422,13.145,-108.55
 09:39:04.174,eb:33:2e:f9:57:b5, 2015-01-01 00:27:40.160,0.435,-0.153,3.224,480.896,165.405,-116.516, , , , , , ,49.861,14.106,-108.287
 09:39:04.174,eb:33:2e:f9:57:b5, 2015-01-01 00:27:40.160,0.419,-0.25,3.296,488.403,179.81,-124.634, , , , , , ,52.366,15.123,-107.996
 09:39:04.174,eb:33:2e:f9:57:b5, 2015-01-01 00:27:40.160,0.324,-0.509,3.478,489.441,216.431,-121.582, , , , , , ,54.926,16.21,-107.54
 09:39:04.174,eb:33:2e:f9:57:b5, 2015-01-01 00:27:40.160,0.314,-0.754,3.314,483.154,250.549,-105.957, , , , , , ,57.563,17.336,-106.837
 09:39:04.174,eb:33:2e:f9:57:b5, 2015-01-01 00:27:40.160,0.357,-0.716,2.464,442.627,268.555,-91.003, , , , , , ,60.156,18.43,-105.919
 09:39:04.174,eb:33:2e:f9:57:b5, 2015-01-01 00:27:40.160,0.256,-0.748,1.207,384.033,272.034,-78.735, , , , , , ,62.534,19.446,-104.865
 09:39:04.197,eb:33:2e:f9:57:b5, 2015-01-01 00:27:40.160,0.589,-0.578,0.565,340.027,259.949,-56.763, , , , , , ,64.677,20.319,-103.771
 09:39:04.197,eb:33:2e:f9:57:b5, 2015-01-01 00:27:40.160,0.823,-1.064,0.595,304.321,238.281,-44.495, , , , , , ,66.654,21.05,-102.673
 09:39:04.197,eb:33:2e:f9:57:b5, 2015-01-01 00:27:40.160,0.079,-2.495,-0.144,254.578,215.942,-27.71, , , , , , ,68.412,21.643,-101.624
 09:39:04.197,eb:33:2e:f9:57:b5, 2015-01-01 00:27:40.160,0.378,-1.143,-2.315,162.72,133.606,-30.884, , , , , , ,69.747,22.099,-100.789
 09:39:04.197,eb:33:2e:f9:57:b5, 2015-01-01 00:27:40.160,0.581,0.602,-1.532,28.809,37.842,-22.888, , , , , , ,70.258,22.324,-100.508
 09:39:04.197,eb:33:2e:f9:57:b5, 2015-01-01 00:27:40.160,0.49,0.352,0.036,-69.031,-2.319,-16.968, , , , , , ,70.098,22.445,-100.47
 09:39:04.197,eb:33:2e:f9:57:b5, 2015-01-01 00:27:40.160,0.315,-1.045,1.121,-107.483,-13.123,2.869, , , , , , ,69.587,22.44,-100.552
 09:39:04.197,eb:33:2e:f9:57:b5, 2015-01-01 00:27:40.160,0.375,-1.607,1.112,-130.371,1.16,12.817, , , , , , ,68.978,22.396,-100.541
 09:39:04.240,eb:33:2e:f9:57:b5, 2015-01-01 00:27:40.160,0.575,-1.62,1.08,-143.616,1.526,20.752, , , , , , ,68.28,22.308,-100.519
 09:39:04.240,eb:33:2e:f9:57:b5, 2015-01-01 00:27:40.160,0.52,-1.432,1.325,-141.296,18.921,25.208, , , , , , ,67.599,22.22,-100.415
 09:39:04.240,eb:33:2e:f9:57:b5, 2015-01-01 00:27:40.160,0.502,-1.226,1.336,-129.15,34.973,28.687, , , , , , ,67,22.154,-100.212
 09:39:04.240,eb:33:2e:f9:57:b5, 2015-01-01 00:27:40.160,0.531,-1.098,1.093,-114.319,39.795,30.945, , , , , , ,66.495,22.088,-99.954
 09:39:04.240,eb:33:2e:f9:57:b5, 2015-01-01 00:27:40.160,0.551,-1.027,0.662,-103.699,32.715,31.677, , , , , , ,66.033,22.017,-99.717
 09:39:04.240,eb:33:2e:f9:57:b5, 2015-01-01 00:27:40.160,0.554,-0.974,0.259,-101.257,17.212,31.067, , , , , , ,65.594,21.923,-99.531
 09:39:04.240,eb:33:2e:f9:57:b5, 2015-01-01 00:27:40.160,0.527,-0.905,0.026,-106.567,-2.747,29.724, , , , , , ,65.11,21.797,-99.432
 09:39:04.240,eb:33:2e:f9:57:b5, 2015-01-01 00:27:40.160,0.484,-0.822,-0.075,-117.92,-25.452,28.076, , , , , , ,64.539,21.627,-99.443
 09:39:04.331,eb:33:2e:f9:57:b5, 2015-01-01 00:27:40.160,0.429,-0.779,-0.085,-134.583,-46.387,26.672, , , , , , ,63.836,21.418,-99.575
 09:39:04.331,eb:33:2e:f9:57:b5, 2015-01-01 00:27:40.160,0.379,-0.802,-0.032,-155.457,-62.134,26.489, , , , , , ,63.023,21.176,-99.783
 09:39:04.331,eb:33:2e:f9:57:b5, 2015-01-01 00:27:40.160,0.332,-0.85,0.058,-179.565,-71.045,27.71, , , , , , ,62.084,20.896,-100.036
 09:39:04.331,eb:33:2e:f9:57:b5, 2015-01-01 00:27:40.160,0.292,-0.884,0.176,-210.754,-74.402,30.64, , , , , , ,60.996,20.594,-100.311
 09:39:04.331,eb:33:2e:f9:57:b5, 2015-01-01 00:27:40.160,0.265,-0.885,0.261,-236.267,-73.792,33.936, , , , , , ,59.755,20.264,-100.58
 09:39:04.331,eb:33:2e:f9:57:b5, 2015-01-01 00:27:40.160,0.256,-0.869,0.33,-259.705,-72.754,37.476, , , , , , ,58.42,19.924,-100.816
 09:39:04.331,eb:33:2e:f9:57:b5, 2015-01-01 00:27:40.160,0.255,-0.844,0.371,-280.518,-72.998,41.016, , , , , , ,56.981,19.561,-101.025
 09:39:04.331,eb:33:2e:f9:57:b5, 2015-01-01 00:27:40.160,0.254,-0.804,0.382,-298.706,-75.989,44.067, , , , , , ,55.453,19.171,-101.228
 09:39:04.335,eb:33:2e:f9:57:b5, 2015-01-01 00:27:40.160,0.255,-0.752,0.385,-314.514,-82.703,46.448, , , , , , ,53.828,18.754,-101.442
 09:39:04.335,eb:33:2e:f9:57:b5, 2015-01-01 00:27:40.160,0.262,-0.703,0.424,-327.942,-91.797,47.791, , , , , , ,52.141,18.298,-101.662
 09:39:04.335,eb:33:2e:f9:57:b5, 2015-01-01 00:27:40.160,0.263,-0.662,0.492,-339.294,-101.074,48.584, , , , , , ,50.389,17.803,-101.904
 09:39:04.335,eb:33:2e:f9:57:b5, 2015-01-01 00:27:40.160,0.268,-0.624,0.571,-348.938,-108.826,49.194, , , , , , ,48.587,17.276,-102.156
 09:39:04.335,eb:33:2e:f9:57:b5, 2015-01-01 00:27:40.160,0.271,-0.587,0.681,-356.262,-113.892,49.683, , , , , , ,46.719,16.71,-102.426
 09:39:04.336,eb:33:2e:f9:57:b5, 2015-01-01 00:27:40.160,0.272,-0.541,0.812,-360.84,-116.211,49.988, , , , , , ,44.852,16.128,-102.678
 09:39:04.336,eb:33:2e:f9:57:b5, 2015-01-01 00:27:40.160,0.269,-0.483,0.943,-362.305,-116.028,49.988, , , , , , ,42.979,15.535,-102.909
 09:39:04.336,eb:33:2e:f9:57:b5, 2015-01-01 00:27:40.160,0.265,-0.414,1.047,-361.389,-114.563,49.683, , , , , , ,41.111,14.936,-103.118
 09:39:04.377,eb:33:2e:f9:57:b5, 2015-01-01 00:27:40.160,0.266,-0.349,1.129,-358.704,-112.366,49.072, , , , , , ,39.243,14.337,-103.31
 09:39:04.377,eb:33:2e:f9:57:b5, 2015-01-01 00:27:40.160,0.263,-0.289,1.189,-354.858,-110.046,48.279, , , , , , ,37.419,13.755,-103.469
 09:39:04.377,eb:33:2e:f9:57:b5, 2015-01-01 00:27:40.160,0.261,-0.229,1.224,-350.83,-108.643,46.875, , , , , , ,35.623,13.173,-103.601
 09:39:04.377,eb:33:2e:f9:57:b5, 2015-01-01 00:27:40.160,0.266,-0.177,1.242,-347.29,-108.337,45.044, , , , , , ,33.854,12.596,-103.727
 09:39:04.377,eb:33:2e:f9:57:b5, 2015-01-01 00:27:40.160,0.275,-0.132,1.256,-344.604,-109.314,42.725, , , , , , ,32.075,12.014,-103.854
 09:39:04.377,eb:33:2e:f9:57:b5, 2015-01-01 00:27:40.160,0.29,-0.084,1.266,-343.262,-111.633,39.673, , , , , , ,30.333,11.431,-103.964
 09:39:04.377,eb:33:2e:f9:57:b5, 2015-01-01 00:27:40.160,0.31,-0.04,1.279,-343.445,-114.868,35.522, , , , , , ,28.592,10.849,-104.084
 09:39:04.377,eb:33:2e:f9:57:b5, 2015-01-01 00:27:40.160,0.306,0.007,1.293,-344.849,-119.202,30.64, , , , , , ,26.845,10.25,-104.216
 09:39:04.399,eb:33:2e:f9:57:b5, 2015-01-01 00:27:40.160,0.307,0.059,1.287,-347.351,-125.305,25.269, , , , , , ,25.065,9.63,-104.37
 09:39:04.399,eb:33:2e:f9:57:b5, 2015-01-01 00:27:40.160,0.312,0.094,1.332,-350.159,-130.92,19.592, , , , , , ,23.291,8.998,-104.535
 09:39:04.399,eb:33:2e:f9:57:b5, 2015-01-01 00:27:40.160,0.302,0.113,1.418,-352.295,-134.399,14.099, , , , , , ,21.506,8.35,-104.716
 09:39:04.399,eb:33:2e:f9:57:b5, 2015-01-01 00:27:40.160,0.286,0.123,1.511,-353.333,-136.108,9.033, , , , , , ,19.715,7.696,-104.908
 09:39:04.399,eb:33:2e:f9:57:b5, 2015-01-01 00:27:40.160,0.273,0.121,1.601,-353.149,-135.986,4.761, , , , , , ,17.897,7.031,-105.106
 09:39:04.399,eb:33:2e:f9:57:b5, 2015-01-01 00:27:40.160,0.26,0.108,1.676,-351.746,-134.827,1.221, , , , , , ,16.111,6.378,-105.293
 09:39:04.399,eb:33:2e:f9:57:b5, 2015-01-01 00:27:40.160,0.248,0.099,1.724,-349.487,-133.789,-1.587, , , , , , ,14.337,5.729,-105.469
 09:39:04.399,eb:33:2e:f9:57:b5, 2015-01-01 00:27:40.160,0.246,0.089,1.755,-346.497,-133.606,-3.845, , , , , , ,12.585,5.087,-105.639
 09:39:04.443,eb:33:2e:f9:57:b5, 2015-01-01 00:27:40.160,0.251,0.089,1.79,-342.468,-134.46,-5.981, , , , , , ,10.822,4.422,-105.809
 09:39:04.443,eb:33:2e:f9:57:b5, 2015-01-01 00:27:40.160,0.259,0.099,1.833,-337.341,-136.169,-7.751, , , , , , ,9.113,3.763,-105.963
 09:39:04.443,eb:33:2e:f9:57:b5, 2015-01-01 00:27:40.160,0.267,0.12,1.877,-331.238,-139.038,-9.338, , , , , , ,7.438,3.087,-106.106
 09:39:04.443,eb:33:2e:f9:57:b5, 2015-01-01 00:27:40.160,0.27,0.139,1.919,-324.646,-142.212,-11.047, , , , , , ,5.79,2.39,-106.238
 09:39:04.443,eb:33:2e:f9:57:b5, 2015-01-01 00:27:40.160,0.277,0.153,1.948,-317.932,-146.729,-12.756, , , , , , ,4.158,1.664,-106.364
 09:39:04.444,eb:33:2e:f9:57:b5, 2015-01-01 00:27:40.160,0.281,0.174,1.979,-310.974,-153.87,-14.587, , , , , , ,2.587,0.917,-106.479
 09:39:04.444,eb:33:2e:f9:57:b5, 2015-01-01 00:27:40.160,0.274,0.194,2.017,-307.19,-160.95,-15.686, , , , , , ,1.044,0.126,-106.578
 09:39:04.444,eb:33:2e:f9:57:b5, 2015-01-01 00:27:40.160,0.254,0.221,2.044,-306.702,-169.189,-16.907, , , , , , ,-0.489,-0.698,-106.666
 09:39:04.511,eb:33:2e:f9:57:b5, 2015-01-01 00:27:40.565,0.212,0.247,2.05,-311.035,-178.894,-17.7, , , , , , ,-2.054,-1.582,-106.738
 09:39:04.511,eb:33:2e:f9:57:b5, 2015-01-01 00:27:40.565,0.132,0.257,2.062,-319.458,-190.002,-17.822, , , , , , ,-3.631,-2.516,-106.782
 09:39:04.511,eb:33:2e:f9:57:b5, 2015-01-01 00:27:40.565,0.014,0.272,2.093,-330.078,-202.087,-17.151, , , , , , ,-5.262,-3.505,-106.793
 09:39:04.511,eb:33:2e:f9:57:b5, 2015-01-01 00:27:40.565,-0.09,0.291,2.141,-340.698,-214.905,-15.076, , , , , , ,-6.949,-4.559,-106.76
 09:39:04.511,eb:33:2e:f9:57:b5, 2015-01-01 00:27:40.565,-0.188,0.311,2.26,-349.121,-224.915,-12.146, , , , , , ,-8.712,-5.674,-106.677
 09:39:04.511,eb:33:2e:f9:57:b5, 2015-01-01 00:27:40.565,-0.271,0.375,2.408,-353.821,-231.323,-7.751, , , , , , ,-10.486,-6.812,-106.529
 09:39:04.511,eb:33:2e:f9:57:b5, 2015-01-01 00:27:40.565,-0.357,0.491,2.596,-354.492,-232.849,-1.709, , , , , , ,-12.288,-7.96,-106.32
 09:39:04.511,eb:33:2e:f9:57:b5, 2015-01-01 00:27:40.565,-0.449,0.608,2.83,-350.708,-227.722,5.615, , , , , , ,-14.095,-9.075,-106.04
 09:39:04.513,eb:33:2e:f9:57:b5, 2015-01-01 00:27:40.565,-0.544,0.735,3.051,-343.567,-215.088,14.465, , , , , , ,-15.908,-10.14,-105.699
 09:39:04.513,eb:33:2e:f9:57:b5, 2015-01-01 00:27:40.565,-0.62,0.882,3.224,-334.717,-195.618,25.024, , , , , , ,-17.677,-11.085,-105.298
 09:39:04.513,eb:33:2e:f9:57:b5, 2015-01-01 00:27:40.565,-0.671,1.046,3.339,-324.768,-169.861,36.56, , , , , , ,-19.413,-11.893,-104.854
 09:39:04.513,eb:33:2e:f9:57:b5, 2015-01-01 00:27:40.565,-0.689,1.235,3.374,-313.11,-140.991,48.523, , , , , , ,-21.105,-12.53,-104.37
 09:39:04.513,eb:33:2e:f9:57:b5, 2015-01-01 00:27:40.565,-0.659,1.479,3.313,-299.255,-112.732,59.021, , , , , , ,-22.758,-13.008,-103.87
 09:39:04.513,eb:33:2e:f9:57:b5, 2015-01-01 00:27:40.565,-0.579,1.797,3.143,-283.508,-88.562,66.833, , , , , , ,-24.324,-13.332,-103.37
 09:39:04.513,eb:33:2e:f9:57:b5, 2015-01-01 00:27:40.565,-0.467,2.186,2.889,-265.564,-70.923,69.824, , , , , , ,-25.807,-13.535,-102.881
 09:39:04.513,eb:33:2e:f9:57:b5, 2015-01-01 00:27:40.565,-0.417,2.612,2.59,-243.53,-61.646,66.223, , , , , , ,-27.18,-13.672,-102.415
 09:39:04.557,eb:33:2e:f9:57:b5, 2015-01-01 00:27:40.565,-0.479,3.048,2.22,-214.905,-65.125,55.481, , , , , , ,-28.433,-13.815,-101.992
 09:39:04.557,eb:33:2e:f9:57:b5, 2015-01-01 00:27:40.565,-0.661,3.49,1.791,-180.42,-84.961,38.94, , , , , , ,-29.498,-14.035,-101.591
 09:39:04.557,eb:33:2e:f9:57:b5, 2015-01-01 00:27:40.565,-0.994,3.865,1.468,-143.555,-114.807,19.348, , , , , , ,-30.388,-14.414,-101.206
 09:39:04.557,eb:33:2e:f9:57:b5, 2015-01-01 00:27:40.565,-1.385,4.098,1.356,-106.934,-143.372,0.671, , , , , , ,-31.091,-14.963,-100.822
 09:39:04.557,eb:33:2e:f9:57:b5, 2015-01-01 00:27:40.565,-1.737,4.185,1.538,-71.167,-156.86,-13.062, , , , , , ,-31.63,-15.639,-100.443
 09:39:04.557,eb:33:2e:f9:57:b5, 2015-01-01 00:27:40.565,-1.944,4.131,1.987,-35.767,-144.836,-20.264, , , , , , ,-31.976,-16.337,-100.102
 09:39:04.557,eb:33:2e:f9:57:b5, 2015-01-01 00:27:40.565,-1.932,3.939,2.526,-0.916,-103.821,-21.973, , , , , , ,-32.119,-16.913,-99.86
 09:39:04.557,eb:33:2e:f9:57:b5, 2015-01-01 00:27:40.565,-1.715,3.625,2.924,31.738,-39.551,-20.63, , , , , , ,-32.053,-17.254,-99.772
 09:39:04.669,eb:33:2e:f9:57:b5, 2015-01-01 00:27:40.565,-1.386,3.248,3,60.242,33.691,-19.348, , , , , , ,-31.778,-17.287,-99.871
 09:39:04.669,eb:33:2e:f9:57:b5, 2015-01-01 00:27:40.565,-1.035,2.91,2.72,82.703,95.825,-20.325, , , , , , ,-31.322,-17.029,-100.157
 09:39:04.669,eb:33:2e:f9:57:b5, 2015-01-01 00:27:40.565,-0.711,2.641,2.258,99.182,133.789,-25.574, , , , , , ,-30.734,-16.573,-100.585
 09:39:04.669,eb:33:2e:f9:57:b5, 2015-01-01 00:27:40.565,-0.464,2.367,1.817,111.267,148.438,-34.546, , , , , , ,-30.059,-16.029,-101.107
 09:39:04.669,eb:33:2e:f9:57:b5, 2015-01-01 00:27:40.565,-0.113,2.079,1.477,120.361,145.203,-45.776, , , , , , ,-29.317,-15.485,-101.673
 09:39:04.669,eb:33:2e:f9:57:b5, 2015-01-01 00:27:40.565,2.318,1.014,2.021,236.938,-39.185,-86.243, , , , , , ,-28.411,-15.26,-102.156
 09:39:04.669,eb:33:2e:f9:57:b5, 2015-01-01 00:27:40.565,1.155,-2.371,0.036,296.936,255.127,-95.642, , , , , , ,-26.735,-14.623,-103.134
 09:39:04.669,eb:33:2e:f9:57:b5, 2015-01-01 00:27:40.565,0.729,-1.148,-0.3,295.593,130.493,-129.517, , , , , , ,-25.043,-14.31,-104.013
 09:39:04.671,eb:33:2e:f9:57:b5, 2015-01-01 00:27:40.565,1.208,-1.554,1.685,311.707,155.029,-110.352, , , , , , ,-23.307,-13.854,-104.886
 09:39:04.671,eb:33:2e:f9:57:b5, 2015-01-01 00:27:40.565,-0.102,-1.786,1.524,335.327,180.603,-99.121, , , , , , ,-21.484,-13.315,-105.694
 09:39:04.671,eb:33:2e:f9:57:b5, 2015-01-01 00:27:40.565,-0.595,-1.521,1.159,375.305,229.065,-61.523, , , , , , ,-19.517,-12.448,-106.43
 09:39:04.671,eb:33:2e:f9:57:b5, 2015-01-01 00:27:40.565,-1.183,-1.46,0.982,413.086,248.291,-26.917, , , , , , ,-17.397,-11.354,-107.018
 09:39:04.671,eb:33:2e:f9:57:b5, 2015-01-01 00:27:40.565,-1.195,-0.312,0.44,420.41,210.449,-9.583, , , , , , ,-15.216,-10.261,-107.424
 09:39:04.671,eb:33:2e:f9:57:b5, 2015-01-01 00:27:40.565,-0.875,0.631,0.633,386.597,156.799,-1.16, , , , , , ,-13.162,-9.41,-107.666
 09:39:04.671,eb:33:2e:f9:57:b5, 2015-01-01 00:27:40.565,-0.399,1.153,1.073,327.759,115.54,3.052, , , , , , ,-11.382,-8.767,-107.803
 09:39:04.671,eb:33:2e:f9:57:b5, 2015-01-01 00:27:40.565,-0.196,1.072,1.391,272.644,94.727,1.892, , , , , , ,-9.899,-8.267,-107.88
 09:39:04.671,eb:33:2e:f9:57:b5, 2015-01-01 00:27:40.565,-0.169,0.916,1.637,221.497,89.111,-8.484, , , , , , ,-8.674,-7.817,-107.974
 09:39:04.671,eb:33:2e:f9:57:b5, 2015-01-01 00:27:40.565,-0.232,0.519,1.476,188.11,85.693,-18.311, , , , , , ,-7.663,-7.399,-108.111
 09:39:04.671,eb:33:2e:f9:57:b5, 2015-01-01 00:27:40.565,-0.265,0.289,1.222,169.373,79.651,-24.902, , , , , , ,-6.762,-7.004,-108.276
 09:39:04.671,eb:33:2e:f9:57:b5, 2015-01-01 00:27:40.565,-0.162,0.147,0.992,157.471,64.453,-26.978, , , , , , ,-5.933,-6.663,-108.446
 09:39:04.671,eb:33:2e:f9:57:b5, 2015-01-01 00:27:40.565,-0.111,-0.014,0.934,151.001,52.612,-22.583, , , , , , ,-5.147,-6.389,-108.6
 09:39:04.671,eb:33:2e:f9:57:b5, 2015-01-01 00:27:40.565,0.245,0.229,1.135,131.287,44.8,-13.672, , , , , , ,-4.427,-6.158,-108.704
 09:39:04.672,eb:33:2e:f9:57:b5, 2015-01-01 00:27:40.565,0.302,0.207,1.11,115.479,48.828,-7.568, , , , , , ,-3.818,-5.938,-108.77
 09:39:04.672,eb:33:2e:f9:57:b5, 2015-01-01 00:27:40.565,0.158,0.192,1.079,106.445,60.547,-3.479, , , , , , ,-3.263,-5.658,-108.814
 09:39:04.714,eb:33:2e:f9:57:b5, 2015-01-01 00:27:40.565,0.035,0.27,1.019,93.994,67.139,-2.502, , , , , , ,-2.763,-5.328,-108.847
 09:39:04.714,eb:33:2e:f9:57:b5, 2015-01-01 00:27:40.565,0.113,0.243,0.959,81.665,62.5,-0.549, , , , , , ,-2.324,-5.004,-108.869
 09:39:04.714,eb:33:2e:f9:57:b5, 2015-01-01 00:27:40.565,0.07,0.23,1.049,70.801,61.89,-1.953, , , , , , ,-1.95,-4.697,-108.885
 09:39:04.714,eb:33:2e:f9:57:b5, 2015-01-01 00:27:40.565,0.026,0.246,1.037,59.082,57.129,-3.174, , , , , , ,-1.631,-4.4,-108.907
 09:39:04.714,eb:33:2e:f9:57:b5, 2015-01-01 00:27:40.565,-0.026,0.229,1.018,47.302,50.903,-2.258, , , , , , ,-1.362,-4.131,-108.929
 09:39:04.714,eb:33:2e:f9:57:b5, 2015-01-01 00:27:40.565,-0.042,0.186,0.946,35.339,37.17,1.282, , , , , , ,-1.165,-3.917,-108.935
 09:39:04.714,eb:33:2e:f9:57:b5, 2015-01-01 00:27:40.565,-0.019,0.16,0.979,26.123,29.297,3.906, , , , , , ,-1.022,-3.757,-108.924
 09:39:04.714,eb:33:2e:f9:57:b5, 2015-01-01 00:27:40.565,-0.005,0.106,0.997,21.667,24.963,3.906, , , , , , ,-0.906,-3.625,-108.902
 09:39:04.758,eb:33:2e:f9:57:b5, 2015-01-01 00:27:40.565,-0.026,0.041,0.998,20.02,23.315,2.075, , , , , , ,-0.802,-3.499,-108.891
 09:39:04.758,eb:33:2e:f9:57:b5, 2015-01-01 00:27:40.565,-0.001,0.056,0.934,18.066,17.639,0.61, , , , , , ,-0.703,-3.4,-108.885
 09:39:04.758,eb:33:2e:f9:57:b5, 2015-01-01 00:27:40.565,0.004,0.091,0.951,14.771,12.512,-0.427, , , , , , ,-0.626,-3.329,-108.885
 09:39:04.758,eb:33:2e:f9:57:b5, 2015-01-01 00:27:40.565,0.033,0.073,0.979,12.085,9.583,-0.427, , , , , , ,-0.56,-3.279,-108.885
 09:39:04.758,eb:33:2e:f9:57:b5, 2015-01-01 00:27:40.565,0.051,0.03,1.021,11.108,8.972,-0.244, , , , , , ,-0.5,-3.23,-108.891
 09:39:04.758,eb:33:2e:f9:57:b5, 2015-01-01 00:27:40.565,0.03,0.01,1.046,11.475,9.583,-0.366, , , , , , ,-0.445,-3.186,-108.891
 09:39:04.758,eb:33:2e:f9:57:b5, 2015-01-01 00:27:40.565,0.006,0.01,1.022,12.207,9.46,-1.099, , , , , , ,-0.385,-3.137,-108.896
 09:39:04.758,eb:33:2e:f9:57:b5, 2015-01-01 00:27:40.565,-0.009,0.018,0.994,12.207,8.118,-1.526, , , , , , ,-0.324,-3.093,-108.902
 09:39:04.827,eb:33:2e:f9:57:b5, 2015-01-01 00:27:40.565,0.001,0.029,0.976,11.597,5.066,-1.892, , , , , , ,-0.264,-3.06,-108.907
 09:39:04.827,eb:33:2e:f9:57:b5, 2015-01-01 00:27:40.565,0.021,0.029,0.985,10.986,2.747,-2.136, , , , , , ,-0.203,-3.043,-108.918
 09:39:04.827,eb:33:2e:f9:57:b5, 2015-01-01 00:27:40.565,0.041,0.021,1.003,10.925,1.282,-2.502, , , , , , ,-0.154,-3.032,-108.929
 09:39:04.827,eb:33:2e:f9:57:b5, 2015-01-01 00:27:40.565,0.041,0.005,1.024,11.536,1.465,-2.93, , , , , , ,-0.093,-3.027,-108.946
 09:39:04.827,eb:33:2e:f9:57:b5, 2015-01-01 00:27:40.565,0.031,0.002,1.02,12.39,1.709,-3.601, , , , , , ,-0.033,-3.016,-108.962
 09:39:04.827,eb:33:2e:f9:57:b5, 2015-01-01 00:27:40.565,0.047,0.012,1.013,12.695,1.587,-3.662, , , , , , ,0.027,-3.01,-108.979
 09:39:04.827,eb:33:2e:f9:57:b5, 2015-01-01 00:27:40.565,0.056,0.017,1.021,12.939,2.258,-4.028, , , , , , ,0.093,-2.999,-109.001
 09:39:04.827,eb:33:2e:f9:57:b5, 2015-01-01 00:27:40.565,0.067,0.014,1.027,13.367,3.418,-4.395, , , , , , ,0.159,-2.983,-109.017
 09:39:04.848,eb:33:2e:f9:57:b5, 2015-01-01 00:27:40.920,0.066,0.011,1.031,14.038,5.493,-4.7, , , , , , ,0.231,-2.961,-109.045
 09:39:04.848,eb:33:2e:f9:57:b5, 2015-01-01 00:27:40.920,0.061,0.014,1.026,14.343,7.751,-5.005, , , , , , ,0.302,-2.922,-109.067
 09:39:04.848,eb:33:2e:f9:57:b5, 2015-01-01 00:27:40.920,0.072,0.026,1.013,14.099,9.705,-5.127, , , , , , ,0.374,-2.878,-109.089
 09:39:04.848,eb:33:2e:f9:57:b5, 2015-01-01 00:27:40.920,0.083,0.037,1.011,13.367,11.963,-5.31, , , , , , ,0.445,-2.823,-109.116
 09:39:04.848,eb:33:2e:f9:57:b5, 2015-01-01 00:27:40.920,0.098,0.042,1.018,12.756,14.648,-5.188, , , , , , ,0.511,-2.752,-109.144
 09:39:04.848,eb:33:2e:f9:57:b5, 2015-01-01 00:27:40.920,0.106,0.041,1.029,12.695,17.883,-5.371, , , , , , ,0.577,-2.67,-109.166
 09:39:04.849,eb:33:2e:f9:57:b5, 2015-01-01 00:27:40.920,0.096,0.037,1.036,12.878,21.301,-5.493, , , , , , ,0.643,-2.571,-109.193
 09:39:04.849,eb:33:2e:f9:57:b5, 2015-01-01 00:27:40.920,0.08,0.023,1.043,13.428,24.231,-5.127, , , , , , ,0.709,-2.455,-109.221
 09:39:04.872,eb:33:2e:f9:57:b5, 2015-01-01 00:27:40.920,0.064,0.028,1.021,13.428,27.1,-4.578, , , , , , ,0.78,-2.324,-109.243
 09:39:04.872,eb:33:2e:f9:57:b5, 2015-01-01 00:27:40.920,0.037,0.031,1.013,13.428,29.236,-3.845, , , , , , ,0.846,-2.181,-109.259
 09:39:04.872,eb:33:2e:f9:57:b5, 2015-01-01 00:27:40.920,0.02,0.038,0.99,13.062,29.968,-3.174, , , , , , ,0.912,-2.032,-109.276
 09:39:04.872,eb:33:2e:f9:57:b5, 2015-01-01 00:27:40.920,0,0.036,0.978,12.634,29.968,-2.502, , , , , , ,0.978,-1.884,-109.286
 09:39:04.872,eb:33:2e:f9:57:b5, 2015-01-01 00:27:40.920,-0.004,0.034,0.968,12.634,28.748,-1.709, , , , , , ,1.044,-1.736,-109.292
 09:39:04.872,eb:33:2e:f9:57:b5, 2015-01-01 00:27:40.920,-0.011,0.028,0.961,12.695,27.832,-1.282, , , , , , ,1.104,-1.593,-109.297
 09:39:04.872,eb:33:2e:f9:57:b5, 2015-01-01 00:27:40.920,-0.001,0.027,0.967,13.306,26.184,-1.038, , , , , , ,1.17,-1.461,-109.297
 09:39:04.872,eb:33:2e:f9:57:b5, 2015-01-01 00:27:40.920,0.01,0.05,0.975,13.611,24.292,-1.465, , , , , , ,1.236,-1.335,-109.303
 09:39:04.939,eb:33:2e:f9:57:b5, 2015-01-01 00:27:40.920,0.001,0.045,0.987,14.404,23.315,-2.075, , , , , , ,1.313,-1.214,-109.308
 09:39:04.939,eb:33:2e:f9:57:b5, 2015-01-01 00:27:40.920,0.006,0.035,0.99,15.381,21.973,-2.075, , , , , , ,1.384,-1.104,-109.314
 09:39:04.939,eb:33:2e:f9:57:b5, 2015-01-01 00:27:40.920,0.001,0.044,0.987,16.052,20.874,-2.014, , , , , , ,1.461,-0.994,-109.325
 09:39:04.939,eb:33:2e:f9:57:b5, 2015-01-01 00:27:40.920,0.015,0.044,0.988,16.663,19.409,-1.587, , , , , , ,1.544,-0.895,-109.33
 09:39:04.939,eb:33:2e:f9:57:b5, 2015-01-01 00:27:40.920,0.019,0.054,0.992,16.907,19.043,-1.587, , , , , , ,1.631,-0.797,-109.336
 09:39:04.939,eb:33:2e:f9:57:b5, 2015-01-01 00:27:40.920,0.014,0.06,0.994,16.785,19.714,-2.014, , , , , , ,1.714,-0.703,-109.341
 09:39:04.939,eb:33:2e:f9:57:b5, 2015-01-01 00:27:40.920,0.02,0.063,1,16.785,19.714,-2.686, , , , , , ,1.796,-0.604,-109.347
 09:39:04.939,eb:33:2e:f9:57:b5, 2015-01-01 00:27:40.920,0.041,0.062,1.011,17.09,20.02,-3.418, , , , , , ,1.884,-0.505,-109.363
 09:39:04.962,eb:33:2e:f9:57:b5, 2015-01-01 00:27:40.920,0.039,0.062,1.035,17.822,21.423,-4.639, , , , , , ,1.972,-0.396,-109.38
 09:39:04.962,eb:33:2e:f9:57:b5, 2015-01-01 00:27:40.920,0.052,0.056,1.044,19.165,23.376,-6.104, , , , , , ,2.065,-0.286,-109.402
 09:39:04.962,eb:33:2e:f9:57:b5, 2015-01-01 00:27:40.920,0.044,0.057,1.059,20.691,25.208,-7.446, , , , , , ,2.164,-0.159,-109.429
 09:39:04.962,eb:33:2e:f9:57:b5, 2015-01-01 00:27:40.920,0.061,0.062,1.063,21.79,27.344,-8.85, , , , , , ,2.274,-0.027,-109.468
 09:39:04.962,eb:33:2e:f9:57:b5, 2015-01-01 00:27:40.920,0.042,0.064,1.082,22.949,30.212,-10.559, , , , , , ,2.39,0.115,-109.512
 09:39:04.962,eb:33:2e:f9:57:b5, 2015-01-01 00:27:40.920,0.017,0.058,1.06,23.743,32.837,-11.475, , , , , , ,2.505,0.28,-109.561
 09:39:04.962,eb:33:2e:f9:57:b5, 2015-01-01 00:27:40.920,0.003,0.066,1.034,24.231,33.813,-12.146, , , , , , ,2.626,0.445,-109.611
 09:39:04.962,eb:33:2e:f9:57:b5, 2015-01-01 00:27:40.920,-0.009,0.039,1.062,24.902,35.889,-12.085, , , , , , ,2.747,0.626,-109.66
 09:39:05.007,eb:33:2e:f9:57:b5, 2015-01-01 00:27:40.920,-0.031,0.058,1.024,25.513,36.499,-12.39, , , , , , ,2.873,0.813,-109.715
 09:39:05.007,eb:33:2e:f9:57:b5, 2015-01-01 00:27:40.920,-0.011,0.059,1.006,26.062,35.767,-12.512, , , , , , ,3.005,0.994,-109.764
 09:39:05.007,eb:33:2e:f9:57:b5, 2015-01-01 00:27:40.920,-0.024,0.067,1.018,26.672,35.583,-13.245, , , , , , ,3.131,1.176,-109.819
 09:39:05.007,eb:33:2e:f9:57:b5, 2015-01-01 00:27:40.920,-0.009,0.037,1.063,28.687,34.79,-12.939, , , , , , ,3.268,1.357,-109.874
 09:39:05.007,eb:33:2e:f9:57:b5, 2015-01-01 00:27:40.920,-0.024,0.041,1.1,30.823,34.668,-12.878, , , , , , ,3.422,1.533,-109.929
 09:39:05.007,eb:33:2e:f9:57:b5, 2015-01-01 00:27:40.920,-0.152,0.005,1.176,35.645,34.18,-11.414, , , , , , ,3.587,1.708,-109.979
 09:39:05.007,eb:33:2e:f9:57:b5, 2015-01-01 00:27:40.920,-0.101,-0.05,1.187,41.687,29.297,-6.836, , , , , , ,3.779,1.868,-110.012
 09:39:05.007,eb:33:2e:f9:57:b5, 2015-01-01 00:27:40.920,-0.126,0.05,1.037,45.227,23.499,-4.211, , , , , , ,3.999,2,-110.028
 09:39:05.050,eb:33:2e:f9:57:b5, 2015-01-01 00:27:40.920,-0.234,0.089,1.019,50.781,9.949,-3.418, , , , , , ,4.241,2.082,-110.039
 09:39:05.050,eb:33:2e:f9:57:b5, 2015-01-01 00:27:40.920,-0.239,-0.076,1.315,61.34,0.305,0.366, , , , , , ,4.526,2.098,-110.045
 09:39:05.050,eb:33:2e:f9:57:b5, 2015-01-01 00:27:40.920,-0.208,-0.077,1.378,70.129,-2.441,4.028, , , , , , ,4.861,2.093,-110.034
 09:39:05.050,eb:33:2e:f9:57:b5, 2015-01-01 00:27:40.920,-0.192,-0.013,1.353,75.684,-6.042,4.883, , , , , , ,5.229,2.065,-110.012
 09:39:05.051,eb:33:2e:f9:57:b5, 2015-01-01 00:27:40.920,-0.203,-0.011,1.297,80.811,-8.118,6.287, , , , , , ,5.625,2.032,-109.984
 09:39:05.051,eb:33:2e:f9:57:b5, 2015-01-01 00:27:40.920,-0.173,-0.001,1.24,85.449,-11.536,8.301, , , , , , ,6.042,1.972,-109.951
 09:39:05.051,eb:33:2e:f9:57:b5, 2015-01-01 00:27:40.920,-0.185,0.007,1.289,90.332,-13.184,9.583, , , , , , ,6.487,1.906,-109.913
 09:39:05.051,eb:33:2e:f9:57:b5, 2015-01-01 00:27:40.920,-0.188,-0.013,1.301,96.008,-13.916,11.108, , , , , , ,6.954,1.829,-109.869
 09:39:05.074,eb:33:2e:f9:57:b5, 2015-01-01 00:27:40.920,-0.145,-0.004,1.288,101.746,-16.724,12.573, , , , , , ,7.46,1.752,-109.819
 09:39:05.074,eb:33:2e:f9:57:b5, 2015-01-01 00:27:40.920,-0.102,0.007,1.278,108.215,-20.752,13.367, , , , , , ,7.987,1.648,-109.764
 09:39:05.074,eb:33:2e:f9:57:b5, 2015-01-01 00:27:40.920,-0.054,0.019,1.299,115.234,-24.231,13.672, , , , , , ,8.547,1.522,-109.715
 09:39:05.074,eb:33:2e:f9:57:b5, 2015-01-01 00:27:40.920,0.005,0.04,1.362,122.62,-25.757,13, , , , , , ,9.146,1.384,-109.666
 09:39:05.074,eb:33:2e:f9:57:b5, 2015-01-01 00:27:40.920,0.072,0.039,1.411,131.165,-26.123,11.78, , , , , , ,9.789,1.252,-109.627
 09:39:05.074,eb:33:2e:f9:57:b5, 2015-01-01 00:27:40.920,0.088,0.056,1.429,139.954,-25.391,9.705, , , , , , ,10.47,1.115,-109.6
 09:39:05.074,eb:33:2e:f9:57:b5, 2015-01-01 00:27:40.920,0.12,0.07,1.439,148.438,-24.963,7.019, , , , , , ,11.195,0.978,-109.578
 09:39:05.074,eb:33:2e:f9:57:b5, 2015-01-01 00:27:40.920,0.128,0.055,1.498,157.776,-22.888,3.906, , , , , , ,11.964,0.857,-109.578
 09:39:05.119,eb:33:2e:f9:57:b5, 2015-01-01 00:27:40.920,0.183,0.063,1.52,167.542,-19.165,1.099, , , , , , ,12.783,0.758,-109.589
 09:39:05.120,eb:33:2e:f9:57:b5, 2015-01-01 00:27:40.920,0.22,0.095,1.562,177.124,-11.841,-2.441, , , , , , ,13.651,0.681,-109.611
 09:39:05.120,eb:33:2e:f9:57:b5, 2015-01-01 00:27:40.920,0.231,0.093,1.567,185.913,-5.737,-5.798, , , , , , ,14.557,0.648,-109.644
 09:39:05.120,eb:33:2e:f9:57:b5, 2015-01-01 00:27:40.920,0.214,0.077,1.548,195.618,0.488,-9.521, , , , , , ,15.518,0.648,-109.682
 09:39:05.120,eb:33:2e:f9:57:b5, 2015-01-01 00:27:40.920,0.205,0.07,1.553,205.566,6.165,-13.123, , , , , , ,16.529,0.687,-109.731
 09:39:05.120,eb:33:2e:f9:57:b5, 2015-01-01 00:27:40.920,0.208,0.087,1.571,213.745,13.611,-15.93, , , , , , ,17.578,0.758,-109.792
 09:39:05.122,eb:33:2e:f9:57:b5, 2015-01-01 00:27:40.920,0.214,0.08,1.607,220.825,22.217,-17.761, , , , , , ,18.666,0.873,-109.841
 09:39:05.122,eb:33:2e:f9:57:b5, 2015-01-01 00:27:40.920,0.225,0.061,1.645,229.431,30.945,-19.836, , , , , , ,19.792,1.033,-109.885
 09:39:05.164,eb:33:2e:f9:57:b5, 2015-01-01 00:27:40.920,0.225,0.046,1.634,240.112,37.476,-22.156, , , , , , ,20.973,1.236,-109.924
 09:39:05.164,eb:33:2e:f9:57:b5, 2015-01-01 00:27:40.920,0.229,0.052,1.617,250.732,42.603,-24.841, , , , , , ,22.203,1.467,-109.957
 09:39:05.164,eb:33:2e:f9:57:b5, 2015-01-01 00:27:40.920,0.199,0.048,1.628,261.169,49.255,-27.1, , , , , , ,23.489,1.736,-109.984
 09:39:05.164,eb:33:2e:f9:57:b5, 2015-01-01 00:27:40.920,0.206,0.078,1.667,270.996,53.711,-29.724, , , , , , ,24.824,2.027,-110.012
 09:39:05.164,eb:33:2e:f9:57:b5, 2015-01-01 00:27:40.920,0.237,0.071,1.752,281.677,57.678,-32.898, , , , , , ,26.208,2.357,-110.034
 09:39:05.164,eb:33:2e:f9:57:b5, 2015-01-01 00:27:40.920,0.239,0.038,1.745,295.105,60.608,-35.217, , , , , , ,27.653,2.697,-110.05
 09:39:05.164,eb:33:2e:f9:57:b5, 2015-01-01 00:27:40.920,0.207,0.173,1.812,305.908,56.763,-39.429, , , , , , ,29.158,3.043,-110.078
 09:39:05.164,eb:33:2e:f9:57:b5, 2015-01-01 00:27:40.920,0.182,0.138,1.883,318.115,51.697,-43.457, , , , , , ,30.718,3.384,-110.121
 09:39:05.209,eb:33:2e:f9:57:b5, 2015-01-01 00:27:41.280,0.242,0.137,2.093,330.811,49.561,-46.936, , , , , , ,32.344,3.719,-110.187
 09:39:05.209,eb:33:2e:f9:57:b5, 2015-01-01 00:27:41.280,0.359,0.125,2.348,346.191,49.072,-49.316, , , , , , ,34.036,4.054,-110.253
 09:39:05.209,eb:33:2e:f9:57:b5, 2015-01-01 00:27:41.280,0.559,0.164,2.427,364.746,46.021,-54.565, , , , , , ,35.815,4.406,-110.33
 09:39:05.209,eb:33:2e:f9:57:b5, 2015-01-01 00:27:41.280,0.75,0.298,2.527,382.69,37.354,-63.171, , , , , , ,37.683,4.746,-110.446
 09:39:05.209,eb:33:2e:f9:57:b5, 2015-01-01 00:27:41.280,0.765,0.212,2.554,399.475,33.447,-74.28, , , , , , ,39.628,5.098,-110.616
 09:39:05.209,eb:33:2e:f9:57:b5, 2015-01-01 00:27:41.280,0.748,0.247,2.885,411.072,42.358,-84.656, , , , , , ,41.644,5.499,-110.797
 09:39:05.209,eb:33:2e:f9:57:b5, 2015-01-01 00:27:41.280,0.752,0.093,3.343,416.443,67.505,-91.675, , , , , , ,43.704,6.01,-110.934
 09:39:05.209,eb:33:2e:f9:57:b5, 2015-01-01 00:27:41.280,0.702,-0.05,3.496,427.49,96.619,-96.13, , , , , , ,45.813,6.641,-110.967
 09:39:05.275,eb:33:2e:f9:57:b5, 2015-01-01 00:27:41.280,0.662,-0.038,3.542,440.247,122.009,-100.586, , , , , , ,47.988,7.383,-110.901
 09:39:05.275,eb:33:2e:f9:57:b5, 2015-01-01 00:27:41.280,0.599,-0.188,3.477,454.346,141.052,-102.844, , , , , , ,50.251,8.207,-110.726
 09:39:05.275,eb:33:2e:f9:57:b5, 2015-01-01 00:27:41.280,0.666,-0.066,3.216,461.426,143.433,-109.253, , , , , , ,52.586,9.075,-110.49
 09:39:05.275,eb:33:2e:f9:57:b5, 2015-01-01 00:27:41.280,0.731,-0.005,3.429,459.229,144.897,-118.713, , , , , , ,54.926,9.959,-110.248
 09:39:05.275,eb:33:2e:f9:57:b5, 2015-01-01 00:27:41.280,0.494,-0.326,3.779,466.919,177.246,-123.779, , , , , , ,57.288,10.92,-109.918
 09:39:05.275,eb:33:2e:f9:57:b5, 2015-01-01 00:27:41.280,0.507,-0.921,3.512,490.601,212.158,-121.948, , , , , , ,59.804,11.959,-109.369
 09:39:05.275,eb:33:2e:f9:57:b5, 2015-01-01 00:27:41.280,0.836,-0.924,2.797,487.854,225.83,-125.244, , , , , , ,62.408,13.035,-108.693
 09:39:05.275,eb:33:2e:f9:57:b5, 2015-01-01 00:27:41.280,0.644,-0.716,2.813,461.609,261.658,-110.535, , , , , , ,64.979,14.106,-107.82
 09:39:05.299,eb:33:2e:f9:57:b5, 2015-01-01 00:27:41.280,0.334,-0.718,2.097,424.133,282.227,-96.497, , , , , , ,67.434,15.128,-106.732
 09:39:05.299,eb:33:2e:f9:57:b5, 2015-01-01 00:27:41.280,0.362,-0.792,0.553,373.413,267.7,-78.979, , , , , , ,69.725,16.029,-105.562
 09:39:05.299,eb:33:2e:f9:57:b5, 2015-01-01 00:27:41.280,0.676,-1.18,-0.28,304.565,240.479,-52.49, , , , , , ,71.702,16.743,-104.431
 09:39:05.299,eb:33:2e:f9:57:b5, 2015-01-01 00:27:41.280,0.59,-1.648,-0.19,239.624,220.154,-34.607, , , , , , ,73.345,17.287,-103.359
 09:39:05.299,eb:33:2e:f9:57:b5, 2015-01-01 00:27:41.280,0.366,-0.927,-1.826,172.302,142.273,-55.847, , , , , , ,74.625,17.759,-102.464
 09:39:05.299,eb:33:2e:f9:57:b5, 2015-01-01 00:27:41.280,0.722,1.042,-1.586,14.099,42.725,-59.937, , , , , , ,75.108,18.138,-102.178
 09:39:05.299,eb:33:2e:f9:57:b5, 2015-01-01 00:27:41.280,0.512,0.618,-0.159,-107.727,4.15,-61.34, , , , , , ,74.789,18.468,-102.156
 09:39:05.299,eb:33:2e:f9:57:b5, 2015-01-01 00:27:41.280,0.716,-0.46,0.621,-169.189,-27.71,-51.392, , , , , , ,73.987,18.715,-102.327
 09:39:05.367,eb:33:2e:f9:57:b5, 2015-01-01 00:27:41.280,0.379,-1.646,1.705,-183.533,9.155,-36.804, , , , , , ,73.043,18.891,-102.453
 09:39:05.367,eb:33:2e:f9:57:b5, 2015-01-01 00:27:41.280,0.505,-1.655,1.392,-192.017,30.457,-28.259, , , , , , ,72.125,19.083,-102.365
 09:39:05.367,eb:33:2e:f9:57:b5, 2015-01-01 00:27:41.280,0.591,-1.389,1.491,-193.054,39.795,-23.193, , , , , , ,71.197,19.254,-102.228
 09:39:05.367,eb:33:2e:f9:57:b5, 2015-01-01 00:27:41.280,0.505,-1.148,1.518,-180.786,54.688,-20.752, , , , , , ,70.329,19.44,-102.025
 09:39:05.367,eb:33:2e:f9:57:b5, 2015-01-01 00:27:41.280,0.478,-1.019,1.306,-166.138,64.514,-17.883, , , , , , ,69.543,19.633,-101.761
 09:39:05.367,eb:33:2e:f9:57:b5, 2015-01-01 00:27:41.280,0.459,-1.028,0.991,-154.846,67.2,-13.794, , , , , , ,68.846,19.825,-101.459
 09:39:05.367,eb:33:2e:f9:57:b5, 2015-01-01 00:27:41.280,0.445,-1.062,0.573,-149.963,60.364,-8.179, , , , , , ,68.192,19.99,-101.162
 09:39:05.367,eb:33:2e:f9:57:b5, 2015-01-01 00:27:41.280,0.422,-1.041,0.212,-152.832,45.532,-1.709, , , , , , ,67.516,20.105,-100.915
 09:39:05.370,eb:33:2e:f9:57:b5, 2015-01-01 00:27:41.280,0.392,-0.965,-0.027,-163.696,24.658,4.761, , , , , , ,66.758,20.16,-100.756
 09:39:05.370,eb:33:2e:f9:57:b5, 2015-01-01 00:27:41.280,0.376,-0.887,-0.171,-181.58,-0.061,11.475, , , , , , ,65.912,20.138,-100.69
 09:39:05.370,eb:33:2e:f9:57:b5, 2015-01-01 00:27:41.280,0.357,-0.86,-0.215,-204.529,-24.475,18.738, , , , , , ,64.924,20.034,-100.723
 09:39:05.370,eb:33:2e:f9:57:b5, 2015-01-01 00:27:41.280,0.322,-0.891,-0.156,-229.858,-44.983,27.1, , , , , , ,63.781,19.847,-100.849
 09:39:05.370,eb:33:2e:f9:57:b5, 2015-01-01 00:27:41.280,0.299,-0.933,-0.027,-254.761,-60.181,36.316, , , , , , ,62.474,19.578,-101.041
 09:39:05.370,eb:33:2e:f9:57:b5, 2015-01-01 00:27:41.280,0.284,-0.949,0.152,-277.344,-69.397,46.021, , , , , , ,61.062,19.232,-101.245
 09:39:05.370,eb:33:2e:f9:57:b5, 2015-01-01 00:27:41.280,0.274,-0.928,0.33,-296.936,-73.73,55.664, , , , , , ,59.551,18.831,-101.437
 09:39:05.370,eb:33:2e:f9:57:b5, 2015-01-01 00:27:41.280,0.271,-0.883,0.468,-314.27,-74.646,65.063, , , , , , ,57.958,18.375,-101.607
 09:39:05.412,eb:33:2e:f9:57:b5, 2015-01-01 00:27:41.280,0.284,-0.827,0.571,-329.346,-74.158,73.486, , , , , , ,56.277,17.875,-101.744
 09:39:05.412,eb:33:2e:f9:57:b5, 2015-01-01 00:27:41.280,0.305,-0.761,0.66,-341.797,-73.914,80.383, , , , , , ,54.564,17.342,-101.832
 09:39:05.412,eb:33:2e:f9:57:b5, 2015-01-01 00:27:41.280,0.33,-0.678,0.708,-351.44,-75.5,85.022, , , , , , ,52.806,16.782,-101.887
 09:39:05.412,eb:33:2e:f9:57:b5, 2015-01-01 00:27:41.280,0.364,-0.581,0.72,-359.253,-79.651,87.646, , , , , , ,51.01,16.205,-101.926
 09:39:05.412,eb:33:2e:f9:57:b5, 2015-01-01 00:27:41.280,0.401,-0.485,0.743,-365.723,-85.449,88.318, , , , , , ,49.158,15.595,-101.975
 09:39:05.412,eb:33:2e:f9:57:b5, 2015-01-01 00:27:41.280,0.425,-0.408,0.787,-370.605,-92.346,87.097, , , , , , ,47.302,14.969,-102.019
 09:39:05.412,eb:33:2e:f9:57:b5, 2015-01-01 00:27:41.280,0.445,-0.34,0.841,-374.084,-99.976,84.351, , , , , , ,45.423,14.321,-102.074
 09:39:05.413,eb:33:2e:f9:57:b5, 2015-01-01 00:27:41.280,0.461,-0.285,0.917,-376.099,-107.239,80.383, , , , , , ,43.528,13.661,-102.151
 09:39:05.434,eb:33:2e:f9:57:b5, 2015-01-01 00:27:41.280,0.471,-0.233,1.014,-376.587,-113.159,75.5, , , , , , ,41.6,12.986,-102.25
 09:39:05.434,eb:33:2e:f9:57:b5, 2015-01-01 00:27:41.280,0.479,-0.175,1.115,-375.793,-117.432,69.946, , , , , , ,39.694,12.31,-102.36
 09:39:05.434,eb:33:2e:f9:57:b5, 2015-01-01 00:27:41.280,0.479,-0.109,1.204,-374.329,-120.728,63.599, , , , , , ,37.793,11.635,-102.475
 09:39:05.434,eb:33:2e:f9:57:b5, 2015-01-01 00:27:41.280,0.468,-0.042,1.266,-373.169,-123.962,56.641, , , , , , ,35.898,10.97,-102.607
 09:39:05.434,eb:33:2e:f9:57:b5, 2015-01-01 00:27:41.280,0.45,0.015,1.316,-373.413,-128.174,47.424, , , , , , ,33.975,10.294,-102.772
 09:39:05.434,eb:33:2e:f9:57:b5, 2015-01-01 00:27:41.280,0.425,0.045,1.354,-375.305,-131.409,39.49, , , , , , ,32.069,9.635,-102.947
 09:39:05.434,eb:33:2e:f9:57:b5, 2015-01-01 00:27:41.280,0.401,0.055,1.408,-378.174,-133.484,31.921, , , , , , ,30.152,8.976,-103.145
 09:39:05.434,eb:33:2e:f9:57:b5, 2015-01-01 00:27:41.280,0.384,0.061,1.471,-381.104,-134.216,24.78, , , , , , ,28.218,8.322,-103.354
 09:39:05.523,eb:33:2e:f9:57:b5, 2015-01-01 00:27:41.280,0.338,0.075,1.54,-383.423,-133.85,17.761, , , , , , ,26.252,7.668,-103.579
 09:39:05.523,eb:33:2e:f9:57:b5, 2015-01-01 00:27:41.280,0.301,0.078,1.618,-383.911,-132.263,12.329, , , , , , ,24.302,7.037,-103.799
 09:39:05.523,eb:33:2e:f9:57:b5, 2015-01-01 00:27:41.280,0.317,0.117,1.68,-382.935,-130.066,6.165, , , , , , ,22.357,6.416,-104.019
 09:39:05.523,eb:33:2e:f9:57:b5, 2015-01-01 00:27:41.280,0.305,0.148,1.658,-380.31,-132.751,0.183, , , , , , ,20.424,5.801,-104.249
 09:39:05.523,eb:33:2e:f9:57:b5, 2015-01-01 00:27:41.280,0.279,0.157,1.698,-375.732,-135.315,-5.432, , , , , , ,18.484,5.164,-104.496
 09:39:05.523,eb:33:2e:f9:57:b5, 2015-01-01 00:27:41.280,0.273,0.163,1.768,-369.934,-138.489,-10.193, , , , , , ,16.6,4.521,-104.744
 09:39:05.523,eb:33:2e:f9:57:b5, 2015-01-01 00:27:41.280,0.258,0.167,1.831,-364.807,-141.052,-14.221, , , , , , ,14.749,3.862,-104.991
 09:39:05.523,eb:33:2e:f9:57:b5, 2015-01-01 00:27:41.280,0.253,0.16,1.86,-361.145,-143.127,-17.7, , , , , , ,12.92,3.192,-105.244
 09:39:05.527,eb:33:2e:f9:57:b5, 2015-01-01 00:27:41.280,0.263,0.147,1.888,-358.337,-144.653,-20.752, , , , , , ,11.085,2.494,-105.496
 09:39:05.527,eb:33:2e:f9:57:b5, 2015-01-01 00:27:41.280,0.275,0.151,1.917,-355.896,-146.79,-24.048, , , , , , ,9.289,1.796,-105.732
 09:39:05.527,eb:33:2e:f9:57:b5, 2015-01-01 00:27:41.280,0.284,0.172,1.944,-352.966,-150.635,-27.954, , , , , , ,7.509,1.077,-105.974
 09:39:05.527,eb:33:2e:f9:57:b5, 2015-01-01 00:27:41.280,0.292,0.199,1.984,-348.511,-155.884,-32.166, , , , , , ,5.751,0.335,-106.216
 09:39:05.527,eb:33:2e:f9:57:b5, 2015-01-01 00:27:41.280,0.299,0.226,2.052,-342.407,-161.072,-36.194, , , , , , ,3.999,-0.45,-106.458
 09:39:05.527,eb:33:2e:f9:57:b5, 2015-01-01 00:27:41.280,0.281,0.248,2.139,-334.961,-164.978,-39.856, , , , , , ,2.313,-1.258,-106.694
 09:39:05.527,eb:33:2e:f9:57:b5, 2015-01-01 00:27:41.280,0.245,0.276,2.199,-327.637,-168.762,-43.091, , , , , , ,0.665,-2.087,-106.924
 09:39:05.527,eb:33:2e:f9:57:b5, 2015-01-01 00:27:41.280,0.195,0.296,2.212,-322.449,-173.035,-45.349, , , , , , ,-0.939,-2.944,-107.15
 09:39:05.570,eb:33:2e:f9:57:b5, 2015-01-01 00:27:41.280,0.126,0.295,2.203,-320.557,-178.162,-46.326, , , , , , ,-2.56,-3.845,-107.353
 09:39:05.570,eb:33:2e:f9:57:b5, 2015-01-01 00:27:41.280,0.034,0.29,2.192,-322.144,-184.082,-45.593, , , , , , ,-4.153,-4.768,-107.529
 09:39:05.570,eb:33:2e:f9:57:b5, 2015-01-01 00:27:41.280,-0.082,0.282,2.198,-326.843,-190.186,-42.725, , , , , , ,-5.768,-5.718,-107.666
 09:39:05.570,eb:33:2e:f9:57:b5, 2015-01-01 00:27:41.280,-0.19,0.266,2.231,-333.191,-195.251,-37.354, , , , , , ,-7.41,-6.707,-107.754
 09:39:05.570,eb:33:2e:f9:57:b5, 2015-01-01 00:27:41.280,-0.308,0.24,2.337,-339.111,-197.327,-29.541, , , , , , ,-9.119,-7.712,-107.776
 09:39:05.570,eb:33:2e:f9:57:b5, 2015-01-01 00:27:41.280,-0.398,0.271,2.444,-343.201,-197.998,-19.47, , , , , , ,-10.838,-8.707,-107.721
 09:39:05.570,eb:33:2e:f9:57:b5, 2015-01-01 00:27:41.280,-0.468,0.36,2.565,-344.727,-196.289,-7.263, , , , , , ,-12.585,-9.684,-107.578
 09:39:05.570,eb:33:2e:f9:57:b5, 2015-01-01 00:27:41.280,-0.529,0.461,2.721,-342.651,-191.589,5.798, , , , , , ,-14.343,-10.629,-107.347
 09:39:05.613,eb:33:2e:f9:57:b5, 2015-01-01 00:27:41.680,-0.567,0.589,2.844,-337.952,-183.594,19.47, , , , , , ,-16.128,-11.525,-107.029
 09:39:05.613,eb:33:2e:f9:57:b5, 2015-01-01 00:27:41.680,-0.584,0.747,2.922,-331.787,-172.729,33.63, , , , , , ,-17.886,-12.332,-106.622
 09:39:05.613,eb:33:2e:f9:57:b5, 2015-01-01 00:27:41.680,-0.583,0.93,2.975,-324.158,-159.973,47.424, , , , , , ,-19.627,-13.046,-106.15
 09:39:05.613,eb:33:2e:f9:57:b5, 2015-01-01 00:27:41.680,-0.563,1.155,2.999,-315.186,-146.729,59.998, , , , , , ,-21.352,-13.661,-105.612
 09:39:05.613,eb:33:2e:f9:57:b5, 2015-01-01 00:27:41.680,-0.527,1.414,2.99,-304.382,-133.667,70.618, , , , , , ,-23.055,-14.183,-105.018
 09:39:05.613,eb:33:2e:f9:57:b5, 2015-01-01 00:27:41.680,-0.487,1.722,2.919,-291.809,-121.216,78.613, , , , , , ,-24.697,-14.612,-104.398
 09:39:05.613,eb:33:2e:f9:57:b5, 2015-01-01 00:27:41.680,-0.459,2.081,2.787,-276.672,-110.413,83.191, , , , , , ,-26.274,-14.952,-103.766
 09:39:05.613,eb:33:2e:f9:57:b5, 2015-01-01 00:27:41.680,-0.455,2.545,2.583,-251.587,-102.6,83.008, , , , , , ,-27.757,-15.233,-103.129
 09:39:05.636,eb:33:2e:f9:57:b5, 2015-01-01 00:27:41.680,-0.529,2.921,2.393,-222.351,-101.624,76.843, , , , , , ,-29.108,-15.491,-102.513
 09:39:05.636,eb:33:2e:f9:57:b5, 2015-01-01 00:27:41.680,-0.706,3.3,2.114,-186.768,-109.863,65.613, , , , , , ,-30.278,-15.776,-101.92
 09:39:05.636,eb:33:2e:f9:57:b5, 2015-01-01 00:27:41.680,-0.99,3.64,1.822,-149.292,-125.671,51.453, , , , , , ,-31.256,-16.144,-101.349
 09:39:05.636,eb:33:2e:f9:57:b5, 2015-01-01 00:27:41.680,-1.328,3.867,1.679,-112.854,-140.503,37.292, , , , , , ,-32.053,-16.606,-100.789
 09:39:05.636,eb:33:2e:f9:57:b5, 2015-01-01 00:27:41.680,-1.608,3.997,1.74,-78.369,-145.386,25.452, , , , , , ,-32.679,-17.139,-100.25
 09:39:05.636,eb:33:2e:f9:57:b5, 2015-01-01 00:27:41.680,-1.776,4.035,2.003,-46.753,-132.996,17.273, , , , , , ,-33.118,-17.672,-99.767
 09:39:05.636,eb:33:2e:f9:57:b5, 2015-01-01 00:27:41.680,-1.795,3.955,2.378,-18.372,-98.511,12.146, , , , , , ,-33.387,-18.111,-99.377
 09:39:05.636,eb:33:2e:f9:57:b5, 2015-01-01 00:27:41.680,-1.655,3.737,2.733,8.179,-42.908,8.972, , , , , , ,-33.475,-18.358,-99.135
 09:39:05.682,eb:33:2e:f9:57:b5, 2015-01-01 00:27:41.680,-1.424,3.427,2.88,33.447,24.17,5.554, , , , , , ,-33.371,-18.353,-99.097
 09:39:05.682,eb:33:2e:f9:57:b5, 2015-01-01 00:27:41.680,-1.158,3.101,2.715,56.458,85.327,1.038, , , , , , ,-33.085,-18.083,-99.261
 09:39:05.682,eb:33:2e:f9:57:b5, 2015-01-01 00:27:41.680,-0.905,2.791,2.363,76.965,127.38,-5.432, , , , , , ,-32.64,-17.622,-99.597
 09:39:05.682,eb:33:2e:f9:57:b5, 2015-01-01 00:27:41.680,-0.71,2.492,1.938,94.177,145.752,-14.465, , , , , , ,-32.069,-17.056,-100.036
 09:39:05.682,eb:33:2e:f9:57:b5, 2015-01-01 00:27:41.680,-0.572,2.181,1.496,106.934,143.372,-25.208, , , , , , ,-31.41,-16.49,-100.53
 09:39:05.682,eb:33:2e:f9:57:b5, 2015-01-01 00:27:41.680,-0.478,1.841,1.148,116.333,127.441,-35.4, , , , , , ,-30.707,-15.996,-101.03
 09:39:05.682,eb:33:2e:f9:57:b5, 2015-01-01 00:27:41.680,0.272,1.51,0.973,124.451,105.103,-44.067, , , , , , ,-29.971,-15.606,-101.519
 09:39:05.682,eb:33:2e:f9:57:b5, 2015-01-01 00:27:41.680,3.369,0.407,2.466,210.266,-40.283,-110.046, , , , , , ,-29.086,-15.595,-101.926
 09:39:05.727,eb:33:2e:f9:57:b5, 2015-01-01 00:27:41.680,0.091,-3.316,4.811,284.546,207.825,-116.943, , , , , , ,-27.504,-15.304,-102.881
 09:39:05.727,eb:33:2e:f9:57:b5, 2015-01-01 00:27:41.680,1.646,-1.223,-0.292,295.593,28.687,-179.199, , , , , , ,-25.796,-15.403,-103.716
 09:39:05.727,eb:33:2e:f9:57:b5, 2015-01-01 00:27:41.680,1.61,-1.246,1.502,283.875,49.438,-173.645, , , , , , ,-24.12,-15.513,-104.656
 09:39:05.727,eb:33:2e:f9:57:b5, 2015-01-01 00:27:41.680,-0.229,-1.716,1.727,308.35,116.516,-172.18, , , , , , ,-22.352,-15.48,-105.634
 09:39:05.727,eb:33:2e:f9:57:b5, 2015-01-01 00:27:41.680,0.052,-2.367,1.725,371.521,173.95,-111.572, , , , , , ,-20.38,-15.018,-106.6
 09:39:05.727,eb:33:2e:f9:57:b5, 2015-01-01 00:27:41.680,-0.739,-1.018,1.324,407.104,193.787,-86.487, , , , , , ,-18.199,-14.282,-107.391
 09:39:05.727,eb:33:2e:f9:57:b5, 2015-01-01 00:27:41.680,-0.941,-0.714,1.23,423.218,190.308,-62.378, , , , , , ,-15.947,-13.469,-108.034
 09:39:05.727,eb:33:2e:f9:57:b5, 2015-01-01 00:27:41.680,-1.083,0.527,1.128,389.526,167.725,-39.001, , , , , , ,-13.804,-12.673,-108.517
 09:39:05.793,eb:33:2e:f9:57:b5, 2015-01-01 00:27:41.680,-0.683,1.236,1.247,320.312,127.38,-22.217, , , , , , ,-11.986,-11.992,-108.825
 09:39:05.793,eb:33:2e:f9:57:b5, 2015-01-01 00:27:41.680,-0.338,1.251,1.348,249.023,99.182,-16.724, , , , , , ,-10.563,-11.481,-109.023
 09:39:05.793,eb:33:2e:f9:57:b5, 2015-01-01 00:27:41.680,-0.176,0.876,1.496,196.838,90.881,-18.311, , , , , , ,-9.454,-11.03,-109.193
 09:39:05.793,eb:33:2e:f9:57:b5, 2015-01-01 00:27:41.680,-0.138,0.475,1.468,167.48,86.121,-21.973, , , , , , ,-8.531,-10.613,-109.369
 09:39:05.793,eb:33:2e:f9:57:b5, 2015-01-01 00:27:41.680,-0.097,0.367,1.367,141.357,81.909,-24.231, , , , , , ,-7.734,-10.212,-109.55
 09:39:05.793,eb:33:2e:f9:57:b5, 2015-01-01 00:27:41.680,-0.103,-0.063,1.164,132.08,73.486,-18.005, , , , , , ,-7.037,-9.844,-109.704
 09:39:05.793,eb:33:2e:f9:57:b5, 2015-01-01 00:27:41.680,-0.045,-0.183,0.894,131.226,61.279,-14.038, , , , , , ,-6.361,-9.525,-109.819
 09:39:05.793,eb:33:2e:f9:57:b5, 2015-01-01 00:27:41.680,0.264,-0.132,0.841,128.235,51.88,-11.902, , , , , , ,-5.696,-9.256,-109.913
 09:39:05.815,eb:33:2e:f9:57:b5, 2015-01-01 00:27:41.680,0.402,0.275,1,106.812,52.551,-12.573, , , , , , ,-5.092,-9.003,-110.001
 09:39:05.815,eb:33:2e:f9:57:b5, 2015-01-01 00:27:41.680,0.217,0.239,1.055,96.069,61.829,-14.526, , , , , , ,-4.581,-8.718,-110.094
 09:39:05.815,eb:33:2e:f9:57:b5, 2015-01-01 00:27:41.680,0.131,0.272,0.972,83.679,63.843,-15.442, , , , , , ,-4.12,-8.41,-110.193
 09:39:05.815,eb:33:2e:f9:57:b5, 2015-01-01 00:27:41.680,0.198,0.317,0.927,65.857,59.082,-11.169, , , , , , ,-3.746,-8.108,-110.281
 09:39:05.815,eb:33:2e:f9:57:b5, 2015-01-01 00:27:41.680,0.159,0.214,0.958,53.528,56.213,-5.981, , , , , , ,-3.439,-7.822,-110.341
 09:39:05.815,eb:33:2e:f9:57:b5, 2015-01-01 00:27:41.680,0.113,0.212,0.98,41.016,52.917,0.671, , , , , , ,-3.208,-7.553,-110.363
 09:39:05.815,eb:33:2e:f9:57:b5, 2015-01-01 00:27:41.680,0.012,0.136,0.982,32.959,48.096,4.272, , , , , , ,-3.027,-7.3,-110.363
 09:39:05.815,eb:33:2e:f9:57:b5, 2015-01-01 00:27:41.680,-0.023,0.063,0.96,28.32,40.466,5.371, , , , , , ,-2.884,-7.081,-110.347
 09:39:05.838,eb:33:2e:f9:57:b5, 2015-01-01 00:27:41.680,-0.044,0.002,0.987,27.771,31.189,3.296, , , , , , ,-2.736,-6.899,-110.336
 09:39:05.838,eb:33:2e:f9:57:b5, 2015-01-01 00:27:41.680,0,-0.033,0.984,28.687,22.339,0.244, , , , , , ,-2.598,-6.773,-110.336
 09:39:05.838,eb:33:2e:f9:57:b5, 2015-01-01 00:27:41.680,0.084,-0.033,0.988,29.419,15.015,-1.709, , , , , , ,-2.45,-6.685,-110.341
 09:39:05.838,eb:33:2e:f9:57:b5, 2015-01-01 00:27:41.680,0.097,-0.001,1.026,28.259,11.902,-1.404, , , , , , ,-2.307,-6.619,-110.352
 09:39:05.838,eb:33:2e:f9:57:b5, 2015-01-01 00:27:41.680,0.061,0.013,1.028,26.672,9.583,0.427, , , , , , ,-2.159,-6.564,-110.358
 09:39:05.838,eb:33:2e:f9:57:b5, 2015-01-01 00:27:41.680,0.034,0.004,1.018,25.757,6.836,1.587, , , , , , ,-2.032,-6.526,-110.352
 09:39:05.838,eb:33:2e:f9:57:b5, 2015-01-01 00:27:41.680,0.033,-0.006,0.993,25.757,3.54,1.038, , , , , , ,-1.906,-6.498,-110.347
 09:39:05.838,eb:33:2e:f9:57:b5, 2015-01-01 00:27:41.680,0.048,0.001,0.987,25.818,-0.244,0.122, , , , , , ,-1.774,-6.493,-110.341
 09:39:05.884,eb:33:2e:f9:57:b5, 2015-01-01 00:27:41.680,0.088,0.005,1.009,25.574,-2.991,-0.183, , , , , , ,-1.642,-6.498,-110.341
 09:39:05.884,eb:33:2e:f9:57:b5, 2015-01-01 00:27:41.680,0.102,0.003,1.032,25.33,-2.93,-0.977, , , , , , ,-1.516,-6.515,-110.347
 09:39:05.884,eb:33:2e:f9:57:b5, 2015-01-01 00:27:41.680,0.095,-0.002,1.042,25.391,-1.343,-1.648, , , , , , ,-1.39,-6.526,-110.352
 09:39:05.884,eb:33:2e:f9:57:b5, 2015-01-01 00:27:41.680,0.073,0.005,1.022,25.269,0,-2.563, , , , , , ,-1.258,-6.531,-110.363
 09:39:05.884,eb:33:2e:f9:57:b5, 2015-01-01 00:27:41.680,0.061,0.009,0.999,25.269,-0.427,-3.845, , , , , , ,-1.126,-6.526,-110.38
 09:39:05.884,eb:33:2e:f9:57:b5, 2015-01-01 00:27:41.680,0.096,0.004,0.994,25.574,-1.892,-5.066, , , , , , ,-0.994,-6.531,-110.402
 09:39:05.885,eb:33:2e:f9:57:b5, 2015-01-01 00:27:41.680,0.111,0.017,1.002,25.757,-2.686,-7.08, , , , , , ,-0.862,-6.548,-110.429
 09:39:05.885,eb:33:2e:f9:57:b5, 2015-01-01 00:27:41.680,0.132,0.021,1.009,25.269,-2.319,-8.118, , , , , , ,-0.731,-6.564,-110.473
 09:39:05.928,eb:33:2e:f9:57:b5, 2015-01-01 00:27:41.995,0.153,0.028,1.021,24.231,-0.427,-7.935, , , , , , ,-0.599,-6.564,-110.511
 09:39:05.928,eb:33:2e:f9:57:b5, 2015-01-01 00:27:41.995,0.134,0.039,1.019,22.827,3.357,-7.446, , , , , , ,-0.478,-6.553,-110.55
 09:39:05.928,eb:33:2e:f9:57:b5, 2015-01-01 00:27:41.995,0.069,0.014,1.025,22.766,6.836,-6.409, , , , , , ,-0.363,-6.531,-110.583
 09:39:05.928,eb:33:2e:f9:57:b5, 2015-01-01 00:27:41.995,0.068,-0.009,1.002,23.315,8.118,-3.906, , , , , , ,-0.242,-6.493,-110.61
 09:39:05.928,eb:33:2e:f9:57:b5, 2015-01-01 00:27:41.995,0.055,0.021,0.972,23.071,8.301,-3.174, , , , , , ,-0.115,-6.443,-110.627
 09:39:05.928,eb:33:2e:f9:57:b5, 2015-01-01 00:27:41.995,0.083,0.013,0.986,23.682,6.958,-2.014, , , , , , ,0,-6.411,-110.638
 09:39:05.928,eb:33:2e:f9:57:b5, 2015-01-01 00:27:41.995,0.113,0.025,0.976,23.56,7.141,-1.404, , , , , , ,0.115,-6.372,-110.643
 09:39:05.928,eb:33:2e:f9:57:b5, 2015-01-01 00:27:41.995,0.128,0.042,0.971,22.278,8.301,-1.465, , , , , , ,0.225,-6.334,-110.654
 09:39:05.975,eb:33:2e:f9:57:b5, 2015-01-01 00:27:41.995,0.123,0.04,0.983,21.545,9.338,-1.831, , , , , , ,0.346,-6.284,-110.66
 09:39:05.975,eb:33:2e:f9:57:b5, 2015-01-01 00:27:41.995,0.062,0.022,0.992,21.606,9.827,-1.892, , , , , , ,0.45,-6.235,-110.671
 09:39:05.975,eb:33:2e:f9:57:b5, 2015-01-01 00:27:41.995,0.052,-0.006,1.005,23.438,8.606,0.61, , , , , , ,0.566,-6.191,-110.671
 09:39:05.975,eb:33:2e:f9:57:b5, 2015-01-01 00:27:41.995,0.056,0.038,0.963,22.827,7.874,2.747, , , , , , ,0.681,-6.152,-110.66
 09:39:05.975,eb:33:2e:f9:57:b5, 2015-01-01 00:27:41.995,0.086,0.031,0.971,22.644,7.202,4.7, , , , , , ,0.797,-6.108,-110.643
 09:39:05.975,eb:33:2e:f9:57:b5, 2015-01-01 00:27:41.995,0.118,0.053,0.955,21.79,6.897,5.188, , , , , , ,0.906,-6.075,-110.616
 09:39:05.975,eb:33:2e:f9:57:b5, 2015-01-01 00:27:41.995,0.115,0.058,0.976,21.179,6.592,4.456, , , , , , ,1.011,-6.042,-110.588
 09:39:05.975,eb:33:2e:f9:57:b5, 2015-01-01 00:27:41.995,0.101,0.058,0.975,20.935,6.775,4.639, , , , , , ,1.11,-6.015,-110.566
 09:39:06.041,eb:33:2e:f9:57:b5, 2015-01-01 00:27:41.995,0.085,0.036,1.012,21.851,7.08,6.165, , , , , , ,1.219,-5.971,-110.539
 09:39:06.041,eb:33:2e:f9:57:b5, 2015-01-01 00:27:41.995,0.132,0.038,0.994,22.644,5.859,7.874, , , , , , ,1.329,-5.944,-110.5
 09:39:06.041,eb:33:2e:f9:57:b5, 2015-01-01 00:27:41.995,0.123,0.037,1.016,23.499,3.662,10.071, , , , , , ,1.439,-5.922,-110.451
 09:39:06.041,eb:33:2e:f9:57:b5, 2015-01-01 00:27:41.995,0.149,0.069,0.99,23.499,4.15,9.033, , , , , , ,1.549,-5.9,-110.402
 09:39:06.041,eb:33:2e:f9:57:b5, 2015-01-01 00:27:41.995,0.142,0.077,0.997,23.254,5.066,7.019, , , , , , ,1.67,-5.872,-110.363
 09:39:06.041,eb:33:2e:f9:57:b5, 2015-01-01 00:27:41.995,0.139,0.08,0.976,22.949,5.615,5.676, , , , , , ,1.78,-5.85,-110.33
 09:39:06.041,eb:33:2e:f9:57:b5, 2015-01-01 00:27:41.995,0.11,0.087,0.98,22.583,6.287,3.784, , , , , , ,1.895,-5.817,-110.308
 09:39:06.041,eb:33:2e:f9:57:b5, 2015-01-01 00:27:41.995,0.101,0.072,0.984,22.278,7.629,3.113, , , , , , ,2,-5.784,-110.292
 09:39:06.043,eb:33:2e:f9:57:b5, 2015-01-01 00:27:41.995,0.098,0.07,0.981,21.851,8.972,2.747, , , , , , ,2.12,-5.735,-110.27
 09:39:06.043,eb:33:2e:f9:57:b5, 2015-01-01 00:27:41.995,0.121,0.061,1,21.973,10.864,2.258, , , , , , ,2.225,-5.691,-110.259
 09:39:06.043,eb:33:2e:f9:57:b5, 2015-01-01 00:27:41.995,0.155,0.067,1.012,22.278,13.306,1.526, , , , , , ,2.335,-5.63,-110.248
 09:39:06.043,eb:33:2e:f9:57:b5, 2015-01-01 00:27:41.995,0.167,0.085,1.007,22.156,16.479,-0.122, , , , , , ,2.444,-5.554,-110.237
 09:39:06.043,eb:33:2e:f9:57:b5, 2015-01-01 00:27:41.995,0.162,0.076,1.03,22.583,20.264,-1.343, , , , , , ,2.565,-5.455,-110.237
 09:39:06.043,eb:33:2e:f9:57:b5, 2015-01-01 00:27:41.995,0.164,0.071,1.032,23.254,23.743,-2.258, , , , , , ,2.681,-5.345,-110.242
 09:39:06.043,eb:33:2e:f9:57:b5, 2015-01-01 00:27:41.995,0.165,0.079,1.031,23.804,27.71,-3.54, , , , , , ,2.796,-5.213,-110.253
 09:39:06.043,eb:33:2e:f9:57:b5, 2015-01-01 00:27:41.995,0.155,0.081,1.035,24.475,31.372,-4.761, , , , , , ,2.917,-5.065,-110.264
 09:39:06.086,eb:33:2e:f9:57:b5, 2015-01-01 00:27:41.995,0.141,0.08,1.029,25.391,34.302,-5.615, , , , , , ,3.054,-4.889,-110.286
 09:39:06.086,eb:33:2e:f9:57:b5, 2015-01-01 00:27:41.995,0.119,0.081,1.022,26.001,36.865,-6.348, , , , , , ,3.181,-4.713,-110.303
 09:39:06.086,eb:33:2e:f9:57:b5, 2015-01-01 00:27:41.995,0.097,0.087,1.005,26.489,38.269,-7.019, , , , , , ,3.312,-4.521,-110.325
 09:39:06.086,eb:33:2e:f9:57:b5, 2015-01-01 00:27:41.995,0.082,0.082,1.011,27.283,38.025,-7.751, , , , , , ,3.45,-4.329,-110.352
 09:39:06.086,eb:33:2e:f9:57:b5, 2015-01-01 00:27:41.995,0.074,0.073,1.021,29.053,36.255,-8.484, , , , , , ,3.604,-4.136,-110.38
 09:39:06.086,eb:33:2e:f9:57:b5, 2015-01-01 00:27:41.995,0.06,0.062,1.099,31.067,35.767,-9.399, , , , , , ,3.752,-3.955,-110.418
 09:39:06.086,eb:33:2e:f9:57:b5, 2015-01-01 00:27:41.995,0.037,0.039,1.143,34.18,36.926,-9.888, , , , , , ,3.917,-3.768,-110.451
 09:39:06.086,eb:33:2e:f9:57:b5, 2015-01-01 00:27:41.995,0.001,0.066,1.083,36.743,34.485,-10.559, , , , , , ,4.098,-3.587,-110.49
 09:39:06.132,eb:33:2e:f9:57:b5, 2015-01-01 00:27:41.995,-0.014,0.035,1.117,39.612,32.166,-10.254, , , , , , ,4.301,-3.417,-110.528
 09:39:06.132,eb:33:2e:f9:57:b5, 2015-01-01 00:27:41.995,0.042,0.02,1.185,42.603,30.579,-9.216, , , , , , ,4.51,-3.257,-110.566
 09:39:06.132,eb:33:2e:f9:57:b5, 2015-01-01 00:27:41.995,0.048,0.027,1.168,47.363,29.48,-8.972, , , , , , ,4.735,-3.104,-110.599
 09:39:06.132,eb:33:2e:f9:57:b5, 2015-01-01 00:27:41.995,-0.024,0.11,1.079,50.659,25.94,-11.047, , , , , , ,4.988,-2.966,-110.638
 09:39:06.132,eb:33:2e:f9:57:b5, 2015-01-01 00:27:41.995,-0.089,0.074,1.082,52.429,24.231,-10.62, , , , , , ,5.251,-2.829,-110.682
 09:39:06.132,eb:33:2e:f9:57:b5, 2015-01-01 00:27:41.995,-0.085,0.025,1.11,56.641,20.386,-8.301, , , , , , ,5.526,-2.719,-110.715
 09:39:06.132,eb:33:2e:f9:57:b5, 2015-01-01 00:27:41.995,-0.079,0.045,1.09,61.218,14.648,-6.775, , , , , , ,5.828,-2.626,-110.742
 09:39:06.132,eb:33:2e:f9:57:b5, 2015-01-01 00:27:41.995,-0.078,0.068,1.102,65.186,7.935,-6.348, , , , , , ,6.147,-2.571,-110.77
 09:39:06.175,eb:33:2e:f9:57:b5, 2015-01-01 00:27:41.995,-0.03,0.046,1.177,68.97,4.578,-4.639, , , , , , ,6.493,-2.538,-110.792
 09:39:06.175,eb:33:2e:f9:57:b5, 2015-01-01 00:27:41.995,-0.017,0.02,1.313,74.341,6.104,-2.869, , , , , , ,6.85,-2.51,-110.808
 09:39:06.175,eb:33:2e:f9:57:b5, 2015-01-01 00:27:41.995,-0.026,0.037,1.298,80.688,6.897,-1.648, , , , , , ,7.24,-2.477,-110.814
 09:39:06.175,eb:33:2e:f9:57:b5, 2015-01-01 00:27:41.995,-0.022,0.077,1.239,85.388,4.211,-2.258, , , , , , ,7.657,-2.444,-110.819
 09:39:06.175,eb:33:2e:f9:57:b5, 2015-01-01 00:27:41.995,-0.031,0.077,1.202,90.088,0.671,-2.747, , , , , , ,8.108,-2.428,-110.83
 09:39:06.175,eb:33:2e:f9:57:b5, 2015-01-01 00:27:41.995,0.004,0.077,1.235,94.421,-2.197,-2.38, , , , , , ,8.569,-2.433,-110.841
 09:39:06.175,eb:33:2e:f9:57:b5, 2015-01-01 00:27:41.995,0.045,0.057,1.283,100.586,-2.991,-1.953, , , , , , ,9.058,-2.444,-110.852
 09:39:06.175,eb:33:2e:f9:57:b5, 2015-01-01 00:27:41.995,0.128,0.098,1.265,107.361,-6.653,-2.625, , , , , , ,9.58,-2.472,-110.869
 09:39:06.199,eb:33:2e:f9:57:b5, 2015-01-01 00:27:42.285,0.16,0.146,1.306,113.098,-9.155,-4.761, , , , , , ,10.146,-2.505,-110.896
 09:39:06.199,eb:33:2e:f9:57:b5, 2015-01-01 00:27:42.285,0.13,0.146,1.37,118.347,-9.338,-7.019, , , , , , ,10.728,-2.549,-110.934
 09:39:06.199,eb:33:2e:f9:57:b5, 2015-01-01 00:27:42.285,0.053,0.037,1.481,124.695,-2.502,-7.629, , , , , , ,11.338,-2.565,-110.978
 09:39:06.199,eb:33:2e:f9:57:b5, 2015-01-01 00:27:42.285,0.091,-0.007,1.536,132.324,5.493,-5.188, , , , , , ,11.981,-2.549,-111.006
 09:39:06.199,eb:33:2e:f9:57:b5, 2015-01-01 00:27:42.285,0.146,0.05,1.436,141.357,6.897,-5.127, , , , , , ,12.678,-2.505,-111.022
 09:39:06.199,eb:33:2e:f9:57:b5, 2015-01-01 00:27:42.285,0.101,0.117,1.319,149.048,5.188,-7.019, , , , , , ,13.409,-2.466,-111.044
 09:39:06.199,eb:33:2e:f9:57:b5, 2015-01-01 00:27:42.285,0.097,0.127,1.297,155.212,2.197,-8.362, , , , , , ,14.172,-2.444,-111.077
 09:39:06.199,eb:33:2e:f9:57:b5, 2015-01-01 00:27:42.285,0.095,0.113,1.365,161.804,1.648,-9.094, , , , , , ,14.969,-2.422,-111.121
 09:39:06.288,eb:33:2e:f9:57:b5, 2015-01-01 00:27:42.285,0.107,0.118,1.401,169.128,1.953,-9.827, , , , , , ,15.809,-2.395,-111.16
 09:39:06.288,eb:33:2e:f9:57:b5, 2015-01-01 00:27:42.285,0.09,0.094,1.396,177.307,3.113,-10.437, , , , , , ,16.677,-2.373,-111.209
 09:39:06.288,eb:33:2e:f9:57:b5, 2015-01-01 00:27:42.285,0.094,0.097,1.38,185.181,3.418,-11.047, , , , , , ,17.589,-2.34,-111.253
 09:39:06.288,eb:33:2e:f9:57:b5, 2015-01-01 00:27:42.285,0.094,0.099,1.376,193.115,4.517,-11.353, , , , , , ,18.539,-2.307,-111.302
 09:39:06.288,eb:33:2e:f9:57:b5, 2015-01-01 00:27:42.285,0.168,0.146,1.44,199.768,5.31,-12.695, , , , , , ,19.534,-2.258,-111.346
 09:39:06.288,eb:33:2e:f9:57:b5, 2015-01-01 00:27:42.285,0.235,0.149,1.545,208.252,6.958,-14.282, , , , , , ,20.561,-2.203,-111.401
 09:39:06.288,eb:33:2e:f9:57:b5, 2015-01-01 00:27:42.285,0.271,0.152,1.525,218.567,7.446,-18.433, , , , , , ,21.632,-2.142,-111.467
 09:39:06.288,eb:33:2e:f9:57:b5, 2015-01-01 00:27:42.285,0.288,0.135,1.561,228.577,10.437,-22.217, , , , , , ,22.758,-2.06,-111.544
 09:39:06.288,eb:33:2e:f9:57:b5, 2015-01-01 00:27:42.285,0.273,0.14,1.722,236.694,17.944,-25.146, , , , , , ,23.928,-1.939,-111.627
 09:39:06.290,eb:33:2e:f9:57:b5, 2015-01-01 00:27:42.285,0.295,0.108,1.799,247.62,26.672,-28.259, , , , , , ,25.148,-1.78,-111.698
 09:39:06.290,eb:33:2e:f9:57:b5, 2015-01-01 00:27:42.285,0.299,0.117,1.816,261.047,31.555,-32.532, , , , , , ,26.428,-1.582,-111.775
 09:39:06.290,eb:33:2e:f9:57:b5, 2015-01-01 00:27:42.285,0.276,0.124,1.802,275.085,34.607,-36.194, , , , , , ,27.773,-1.351,-111.852
 09:39:06.290,eb:33:2e:f9:57:b5, 2015-01-01 00:27:42.285,0.282,0.12,1.876,289.551,34.119,-40.466, , , , , , ,29.196,-1.104,-111.94
 09:39:06.290,eb:33:2e:f9:57:b5, 2015-01-01 00:27:42.285,0.372,0.068,2.119,308.655,36.865,-44.739, , , , , , ,30.701,-0.84,-112.039
 09:39:06.290,eb:33:2e:f9:57:b5, 2015-01-01 00:27:42.285,0.487,0.016,2.338,325.317,46.082,-46.814, , , , , , ,32.294,-0.544,-112.121
 09:39:06.290,eb:33:2e:f9:57:b5, 2015-01-01 00:27:42.285,0.53,0.154,2.478,340.637,54.26,-51.025, , , , , , ,33.964,-0.198,-112.187
 09:39:06.356,eb:33:2e:f9:57:b5, 2015-01-01 00:27:42.285,0.67,0.344,2.65,356.873,57.007,-57.922, , , , , , ,35.717,0.192,-112.253
 09:39:06.356,eb:33:2e:f9:57:b5, 2015-01-01 00:27:42.285,0.747,0.222,2.688,375,59.143,-63.66, , , , , , ,37.551,0.604,-112.33
 09:39:06.356,eb:33:2e:f9:57:b5, 2015-01-01 00:27:42.285,0.76,0.146,2.632,390.381,57.007,-70.068, , , , , , ,39.474,1.044,-112.412
 09:39:06.356,eb:33:2e:f9:57:b5, 2015-01-01 00:27:42.285,0.787,0.091,2.825,403.625,60.669,-78.125, , , , , , ,41.462,1.511,-112.505
 09:39:06.356,eb:33:2e:f9:57:b5, 2015-01-01 00:27:42.285,0.795,0.143,3.179,413.269,74.341,-86.609, , , , , , ,43.506,2.049,-112.582
 09:39:06.356,eb:33:2e:f9:57:b5, 2015-01-01 00:27:42.285,0.831,-0.079,3.372,428.833,94.177,-91.431, , , , , , ,45.61,2.664,-112.599
 09:39:06.356,eb:33:2e:f9:57:b5, 2015-01-01 00:27:42.285,0.745,-0.301,3.096,450.317,112.244,-95.459, , , , , , ,47.823,3.373,-112.533
 09:39:06.356,eb:33:2e:f9:57:b5, 2015-01-01 00:27:42.285,0.751,-0.186,2.854,463.379,110.046,-104.614, , , , , , ,50.12,4.12,-112.44
 09:39:06.380,eb:33:2e:f9:57:b5, 2015-01-01 00:27:42.285,0.604,0.017,2.892,475.342,102.417,-121.399, , , , , , ,52.471,4.889,-112.39
 09:39:06.380,eb:33:2e:f9:57:b5, 2015-01-01 00:27:42.285,0.312,-0.279,3.266,491.272,114.319,-134.766, , , , , , ,54.899,5.735,-112.346
 09:39:06.380,eb:33:2e:f9:57:b5, 2015-01-01 00:27:42.285,0.228,-0.725,3.25,510.132,142.151,-131.47, , , , , , ,57.431,6.658,-112.159
 09:39:06.380,eb:33:2e:f9:57:b5, 2015-01-01 00:27:42.285,0.501,-0.222,3.415,517.822,154.541,-124.634, , , , , , ,60.046,7.592,-111.846
 09:39:06.380,eb:33:2e:f9:57:b5, 2015-01-01 00:27:42.285,0.685,-0.489,3.31,520.02,175.659,-110.168, , , , , , ,62.693,8.498,-111.396
 09:39:06.380,eb:33:2e:f9:57:b5, 2015-01-01 00:27:42.285,0.769,-0.422,3.039,514.099,207.275,-99.731, , , , , , ,65.385,9.393,-110.742
 09:39:06.380,eb:33:2e:f9:57:b5, 2015-01-01 00:27:42.285,0.676,-0.647,2.371,489.563,228.149,-88.44, , , , , , ,68.033,10.256,-109.902
 09:39:06.380,eb:33:2e:f9:57:b5, 2015-01-01 00:27:42.285,0.545,-0.366,1.323,446.35,250.061,-72.754, , , , , , ,70.543,11.058,-108.891
 09:39:06.401,eb:33:2e:f9:57:b5, 2015-01-01 00:27:42.285,0.407,-0.317,0.319,365.479,259.827,-60.852, , , , , , ,72.757,11.766,-107.765
 09:39:06.401,eb:33:2e:f9:57:b5, 2015-01-01 00:27:42.285,0.214,-1.455,-0.072,264.343,268.066,-37.964, , , , , , ,74.537,12.371,-106.534
 09:39:06.401,eb:33:2e:f9:57:b5, 2015-01-01 00:27:42.285,0.411,-2.157,-0.401,200.989,266.418,2.747, , , , , , ,75.927,12.788,-105.222
 09:39:06.401,eb:33:2e:f9:57:b5, 2015-01-01 00:27:42.285,0.101,-3.164,-0.562,171.448,215.332,36.316, , , , , , ,77.113,12.953,-103.953
 09:39:06.402,eb:33:2e:f9:57:b5, 2015-01-01 00:27:42.285,0.277,-0.234,-1.167,31.677,129.272,50.842, , , , , , ,77.789,12.881,-103.173
 09:39:06.402,eb:33:2e:f9:57:b5, 2015-01-01 00:27:42.285,0.354,0.569,-0.774,-123.84,102.417,64.941, , , , , , ,77.596,12.711,-102.513
 09:39:06.402,eb:33:2e:f9:57:b5, 2015-01-01 00:27:42.285,0.695,0.042,0.027,-207.947,65.796,67.078, , , , , , ,76.8,12.469,-102.041
 09:39:06.402,eb:33:2e:f9:57:b5, 2015-01-01 00:27:42.285,1.032,-0.628,0.762,-242.981,52.063,64.88, , , , , , ,75.718,12.211,-101.678
 09:39:06.445,eb:33:2e:f9:57:b5, 2015-01-01 00:27:42.285,0.918,-1.208,1.256,-259.766,73.303,58.105, , , , , , ,74.515,11.997,-101.299
 09:39:06.445,eb:33:2e:f9:57:b5, 2015-01-01 00:27:42.285,0.89,-1.358,1.12,-258.118,82.825,43.579, , , , , , ,73.306,11.871,-100.822
 09:39:06.445,eb:33:2e:f9:57:b5, 2015-01-01 00:27:42.285,1.001,-1.173,1.123,-241.028,68.787,26.917, , , , , , ,72.147,11.821,-100.404
 09:39:06.445,eb:33:2e:f9:57:b5, 2015-01-01 00:27:42.285,0.857,-0.911,1.208,-218.506,60.913,9.644, , , , , , ,71.076,11.843,-100.069
 09:39:06.445,eb:33:2e:f9:57:b5, 2015-01-01 00:27:42.285,0.708,-0.731,0.927,-201.843,53.711,-6.287, , , , , , ,70.076,11.937,-99.8
 09:39:06.445,eb:33:2e:f9:57:b5, 2015-01-01 00:27:42.285,0.693,-0.7,0.554,-190.735,38.94,-20.325, , , , , , ,69.142,12.085,-99.613
 09:39:06.445,eb:33:2e:f9:57:b5, 2015-01-01 00:27:42.285,0.662,-0.714,0.286,-185.913,19.104,-34.79, , , , , , ,68.22,12.272,-99.531
 09:39:06.446,eb:33:2e:f9:57:b5, 2015-01-01 00:27:42.285,0.583,-0.696,0.146,-192.2,3.967,-44.861, , , , , , ,67.269,12.48,-99.564
 09:39:06.491,eb:33:2e:f9:57:b5, 2015-01-01 00:27:42.285,0.487,-0.67,0.067,-206.97,-10.01,-52.185, , , , , , ,66.22,12.695,-99.695
 09:39:06.491,eb:33:2e:f9:57:b5, 2015-01-01 00:27:42.285,0.393,-0.675,0.065,-227.6,-21.79,-56.152, , , , , , ,65.083,12.909,-99.893
 09:39:06.491,eb:33:2e:f9:57:b5, 2015-01-01 00:27:42.285,0.302,-0.724,0.126,-251.709,-29.358,-56.702, , , , , , ,63.814,13.107,-100.135
 09:39:06.491,eb:33:2e:f9:57:b5, 2015-01-01 00:27:42.285,0.23,-0.798,0.219,-276.855,-31.982,-53.833, , , , , , ,62.413,13.282,-100.41
 09:39:06.491,eb:33:2e:f9:57:b5, 2015-01-01 00:27:42.285,0.189,-0.866,0.343,-299.988,-30.273,-47.791, , , , , , ,60.881,13.425,-100.679
 09:39:06.491,eb:33:2e:f9:57:b5, 2015-01-01 00:27:42.285,0.156,-0.897,0.485,-319.458,-25.208,-39.673, , , , , , ,59.266,13.546,-100.915
 09:39:06.491,eb:33:2e:f9:57:b5, 2015-01-01 00:27:42.285,0.133,-0.879,0.582,-335.083,-19.836,-31.006, , , , , , ,57.574,13.634,-101.102
 09:39:06.491,eb:33:2e:f9:57:b5, 2015-01-01 00:27:42.285,0.149,-0.816,0.607,-348.145,-17.151,-22.949, , , , , , ,55.822,13.694,-101.25
 09:39:06.536,eb:33:2e:f9:57:b5, 2015-01-01 00:27:42.595,0.176,-0.732,0.608,-359.619,-17.151,-15.747, , , , , , ,53.992,13.716,-101.387
 09:39:06.536,eb:33:2e:f9:57:b5, 2015-01-01 00:27:42.595,0.203,-0.633,0.593,-369.507,-20.813,-9.644, , , , , , ,52.136,13.711,-101.503
 09:39:06.536,eb:33:2e:f9:57:b5, 2015-01-01 00:27:42.595,0.234,-0.534,0.607,-376.953,-28.32,-5.188, , , , , , ,50.235,13.656,-101.624
 09:39:06.536,eb:33:2e:f9:57:b5, 2015-01-01 00:27:42.595,0.258,-0.459,0.646,-381.714,-38.208,-1.892, , , , , , ,48.301,13.557,-101.766
 09:39:06.536,eb:33:2e:f9:57:b5, 2015-01-01 00:27:42.595,0.277,-0.4,0.67,-384.644,-49.438,0.793, , , , , , ,46.318,13.403,-101.942
 09:39:06.536,eb:33:2e:f9:57:b5, 2015-01-01 00:27:42.595,0.293,-0.361,0.7,-386.23,-61.096,2.93, , , , , , ,44.346,13.195,-102.145
 09:39:06.536,eb:33:2e:f9:57:b5, 2015-01-01 00:27:42.595,0.296,-0.345,0.772,-385.681,-72.144,5.188, , , , , , ,42.363,12.931,-102.365
 09:39:06.536,eb:33:2e:f9:57:b5, 2015-01-01 00:27:42.595,0.298,-0.333,0.88,-382.385,-81.604,7.629, , , , , , ,40.386,12.618,-102.601
 09:39:06.582,eb:33:2e:f9:57:b5, 2015-01-01 00:27:42.595,0.292,-0.308,1.005,-376.648,-88.562,10.315, , , , , , ,38.414,12.25,-102.854
 09:39:06.582,eb:33:2e:f9:57:b5, 2015-01-01 00:27:42.595,0.282,-0.267,1.104,-369.751,-93.994,13.062, , , , , , ,36.502,11.849,-103.09
 09:39:06.582,eb:33:2e:f9:57:b5, 2015-01-01 00:27:42.595,0.274,-0.221,1.162,-363.464,-98.633,15.93, , , , , , ,34.623,11.409,-103.315
 09:39:06.582,eb:33:2e:f9:57:b5, 2015-01-01 00:27:42.595,0.269,-0.187,1.195,-358.765,-103.088,18.86, , , , , , ,32.783,10.937,-103.53
 09:39:06.582,eb:33:2e:f9:57:b5, 2015-01-01 00:27:42.595,0.278,-0.158,1.219,-355.286,-107.849,21.667, , , , , , ,30.938,10.432,-103.733
 09:39:06.582,eb:33:2e:f9:57:b5, 2015-01-01 00:27:42.595,0.279,-0.128,1.247,-352.966,-113.22,23.743, , , , , , ,29.136,9.888,-103.914
 09:39:06.582,eb:33:2e:f9:57:b5, 2015-01-01 00:27:42.595,0.263,-0.083,1.248,-352.112,-120.605,25.452, , , , , , ,27.345,9.311,-104.084
 09:39:06.582,eb:33:2e:f9:57:b5, 2015-01-01 00:27:42.595,0.253,-0.035,1.24,-352.539,-130.005,26.794, , , , , , ,25.554,8.69,-104.249
 09:39:06.603,eb:33:2e:f9:57:b5, 2015-01-01 00:27:42.595,0.256,-0.006,1.288,-353.943,-139.465,27.954, , , , , , ,23.741,8.009,-104.414
 09:39:06.603,eb:33:2e:f9:57:b5, 2015-01-01 00:27:42.595,0.257,0.006,1.393,-355.286,-146.545,29.236, , , , , , ,21.945,7.289,-104.562
 09:39:06.603,eb:33:2e:f9:57:b5, 2015-01-01 00:27:42.595,0.245,0.015,1.522,-356.079,-150.452,30.457, , , , , , ,20.149,6.537,-104.689
 09:39:06.603,eb:33:2e:f9:57:b5, 2015-01-01 00:27:42.595,0.231,0.019,1.631,-356.079,-152.039,31.86, , , , , , ,18.358,5.768,-104.793
 09:39:06.603,eb:33:2e:f9:57:b5, 2015-01-01 00:27:42.595,0.217,0.019,1.725,-355.347,-151.855,33.447, , , , , , ,16.545,4.988,-104.87
 09:39:06.603,eb:33:2e:f9:57:b5, 2015-01-01 00:27:42.595,0.195,0.02,1.793,-354.309,-151.245,35.034, , , , , , ,14.766,4.208,-104.908
 09:39:06.603,eb:33:2e:f9:57:b5, 2015-01-01 00:27:42.595,0.176,0.025,1.82,-353.21,-151.794,36.316, , , , , , ,12.997,3.433,-104.919
 09:39:06.603,eb:33:2e:f9:57:b5, 2015-01-01 00:27:42.595,0.169,0.029,1.838,-352.051,-154.053,37.354, , , , , , ,11.234,2.642,-104.897
 09:39:06.648,eb:33:2e:f9:57:b5, 2015-01-01 00:27:42.595,0.169,0.036,1.891,-350.22,-157.776,38.025, , , , , , ,9.454,1.835,-104.859
 09:39:06.648,eb:33:2e:f9:57:b5, 2015-01-01 00:27:42.595,0.179,0.047,1.963,-347.534,-160.4,38.147, , , , , , ,7.712,1.016,-104.788
 09:39:06.648,eb:33:2e:f9:57:b5, 2015-01-01 00:27:42.595,0.184,0.064,2.067,-343.933,-161.255,38.147, , , , , , ,5.982,0.192,-104.694
 09:39:06.648,eb:33:2e:f9:57:b5, 2015-01-01 00:27:42.595,0.18,0.088,2.188,-339.294,-159.79,38.513, , , , , , ,4.274,-0.621,-104.573
 09:39:06.648,eb:33:2e:f9:57:b5, 2015-01-01 00:27:42.595,0.174,0.122,2.31,-334.229,-156.128,38.94, , , , , , ,2.565,-1.428,-104.431
 09:39:06.648,eb:33:2e:f9:57:b5, 2015-01-01 00:27:42.595,0.171,0.167,2.411,-329.346,-151.184,39.551, , , , , , ,0.901,-2.203,-104.255
 09:39:06.648,eb:33:2e:f9:57:b5, 2015-01-01 00:27:42.595,0.15,0.221,2.49,-325.439,-145.935,40.344, , , , , , ,-0.736,-2.944,-104.057
 09:39:06.648,eb:33:2e:f9:57:b5, 2015-01-01 00:27:42.595,0.114,0.295,2.537,-323.364,-141.785,41.26, , , , , , ,-2.373,-3.653,-103.832
 09:39:06.694,eb:33:2e:f9:57:b5, 2015-01-01 00:27:42.595,0.082,0.381,2.565,-323.608,-138.855,42.542, , , , , , ,-4.032,-4.351,-103.585
 09:39:06.694,eb:33:2e:f9:57:b5, 2015-01-01 00:27:42.595,0.077,0.469,2.596,-326.111,-136.169,44.067, , , , , , ,-5.68,-5.015,-103.31
 09:39:06.694,eb:33:2e:f9:57:b5, 2015-01-01 00:27:42.595,0.08,0.58,2.651,-330.383,-132.141,44.983, , , , , , ,-7.35,-5.658,-103.008
 09:39:06.694,eb:33:2e:f9:57:b5, 2015-01-01 00:27:42.595,0.103,0.747,2.679,-336.121,-128.479,44.983, , , , , , ,-9.053,-6.268,-102.695
 09:39:06.694,eb:33:2e:f9:57:b5, 2015-01-01 00:27:42.595,0.128,0.949,2.708,-342.468,-125.061,43.64, , , , , , ,-10.816,-6.861,-102.365
 09:39:06.694,eb:33:2e:f9:57:b5, 2015-01-01 00:27:42.595,0.142,1.14,2.738,-347.473,-121.704,40.466, , , , , , ,-12.585,-7.421,-102.03
 09:39:06.694,eb:33:2e:f9:57:b5, 2015-01-01 00:27:42.595,0.165,1.322,2.736,-349.792,-119.08,36.072, , , , , , ,-14.376,-7.96,-101.706
 09:39:06.694,eb:33:2e:f9:57:b5, 2015-01-01 00:27:42.595,0.119,1.484,2.771,-347.717,-113.525,32.227, , , , , , ,-16.172,-8.481,-101.382
 09:39:06.762,eb:33:2e:f9:57:b5, 2015-01-01 00:27:42.595,0.103,1.635,2.779,-342.285,-111.755,28.625, , , , , , ,-17.963,-8.981,-101.069
 09:39:06.762,eb:33:2e:f9:57:b5, 2015-01-01 00:27:42.595,0.061,1.817,2.794,-331.97,-107.483,25.085, , , , , , ,-19.693,-9.459,-100.767
 09:39:06.762,eb:33:2e:f9:57:b5, 2015-01-01 00:27:42.595,0.026,2.046,2.75,-317.383,-104.004,20.447, , , , , , ,-21.363,-9.915,-100.47
 09:39:06.762,eb:33:2e:f9:57:b5, 2015-01-01 00:27:42.595,-0.02,2.327,2.625,-298.218,-102.295,13.672, , , , , , ,-22.945,-10.36,-100.195
 09:39:06.762,eb:33:2e:f9:57:b5, 2015-01-01 00:27:42.595,-0.144,2.659,2.41,-272.888,-104.797,2.991, , , , , , ,-24.423,-10.822,-99.948
 09:39:06.762,eb:33:2e:f9:57:b5, 2015-01-01 00:27:42.595,-0.365,3.047,2.064,-241.089,-117.676,-10.986, , , , , , ,-25.735,-11.338,-99.728
 09:39:06.762,eb:33:2e:f9:57:b5, 2015-01-01 00:27:42.595,-0.657,3.437,1.701,-204.956,-141.724,-26.672, , , , , , ,-26.878,-11.975,-99.531
 09:39:06.762,eb:33:2e:f9:57:b5, 2015-01-01 00:27:42.595,-0.977,3.729,1.517,-166.687,-168.03,-41.626, , , , , , ,-27.834,-12.755,-99.316
 09:39:06.783,eb:33:2e:f9:57:b5, 2015-01-01 00:27:42.595,-1.292,3.917,1.543,-127.563,-185.059,-53.528, , , , , , ,-28.608,-13.667,-99.102
 09:39:06.783,eb:33:2e:f9:57:b5, 2015-01-01 00:27:42.595,-1.522,4.067,1.718,-89.233,-185.974,-60.974, , , , , , ,-29.18,-14.628,-98.899
 09:39:06.783,eb:33:2e:f9:57:b5, 2015-01-01 00:27:42.595,-1.598,4.159,2.012,-53.162,-166.443,-64.636, , , , , , ,-29.559,-15.551,-98.74
 09:39:06.783,eb:33:2e:f9:57:b5, 2015-01-01 00:27:42.595,-1.489,4.124,2.362,-19.226,-124.756,-65.552, , , , , , ,-29.745,-16.337,-98.668
 09:39:06.783,eb:33:2e:f9:57:b5, 2015-01-01 00:27:42.595,-1.246,3.943,2.625,13.123,-65.002,-65.735, , , , , , ,-29.724,-16.891,-98.734
 09:39:06.783,eb:33:2e:f9:57:b5, 2015-01-01 00:27:42.595,0.607,3.644,2.658,63.171,-34.546,-77.454, , , , , , ,-29.482,-17.205,-98.959
 09:39:06.784,eb:33:2e:f9:57:b5, 2015-01-01 00:27:42.595,-2.237,2.46,9.931,228.943,263.184,-85.388, , , , , , ,-28.433,-17.084,-99.624
 09:39:06.784,eb:33:2e:f9:57:b5, 2015-01-01 00:27:42.595,0.143,3.848,3.154,286.194,346.924,-84.351, , , , , , ,-26.757,-15.634,-100.849
 09:39:06.829,eb:33:2e:f9:57:b5, 2015-01-01 00:27:42.595,0.14,3.436,2.73,313.477,361.145,-127.93, , , , , , ,-24.862,-14.299,-102.167
 09:39:06.829,eb:33:2e:f9:57:b5, 2015-01-01 00:27:42.595,-0.663,0.147,0.446,315.979,297.913,-145.386, , , , , , ,-22.983,-13.085,-103.519
 09:39:06.829,eb:33:2e:f9:57:b5, 2015-01-01 00:27:42.595,-0.922,-1.287,0.894,355.957,229.736,-99.792, , , , , , ,-21.039,-12.134,-104.606
 09:39:06.829,eb:33:2e:f9:57:b5, 2015-01-01 00:27:42.595,-0.831,-1.566,0.791,387.451,186.157,-24.475, , , , , , ,-19.039,-11.294,-105.216
 09:39:06.829,eb:33:2e:f9:57:b5, 2015-01-01 00:27:42.595,-0.493,-1.229,0.948,399.963,167.725,17.273, , , , , , ,-16.996,-10.464,-105.469
 09:39:06.829,eb:33:2e:f9:57:b5, 2015-01-01 00:27:42.595,-0.381,-0.818,1.344,405.273,169.373,30.64, , , , , , ,-14.969,-9.63,-105.573
 09:39:06.829,eb:33:2e:f9:57:b5, 2015-01-01 00:27:42.595,-0.709,-0.108,1.873,396.79,189.453,37.659, , , , , , ,-12.947,-8.712,-105.623
 09:39:06.829,eb:33:2e:f9:57:b5, 2015-01-01 00:27:42.595,-0.663,0.628,1.76,357.117,191.528,45.41, , , , , , ,-11.069,-7.723,-105.612
 09:39:06.874,eb:33:2e:f9:57:b5, 2015-01-01 00:27:42.910,-0.807,0.924,1.327,306.519,163.879,38.94, , , , , , ,-9.437,-6.817,-105.557
 09:39:06.874,eb:33:2e:f9:57:b5, 2015-01-01 00:27:42.910,-0.806,0.82,0.885,262.756,125.305,29.053, , , , , , ,-8.042,-6.092,-105.502
 09:39:06.874,eb:33:2e:f9:57:b5, 2015-01-01 00:27:42.910,-0.495,0.933,0.844,217.834,85.876,15.686, , , , , , ,-6.866,-5.576,-105.463
 09:39:06.874,eb:33:2e:f9:57:b5, 2015-01-01 00:27:42.910,-0.267,0.837,0.975,181.335,57.434,-2.014, , , , , , ,-5.894,-5.24,-105.469
 09:39:06.874,eb:33:2e:f9:57:b5, 2015-01-01 00:27:42.910,-0.013,0.541,1.101,160.034,42.358,-19.653, , , , , , ,-5.037,-4.999,-105.557
 09:39:06.874,eb:33:2e:f9:57:b5, 2015-01-01 00:27:42.910,0.024,0.266,1.098,146.423,32.471,-31.067, , , , , , ,-4.268,-4.834,-105.71
 09:39:06.874,eb:33:2e:f9:57:b5, 2015-01-01 00:27:42.910,0.074,-0.108,1.05,143.555,30.64,-31.372, , , , , , ,-3.538,-4.691,-105.881
 09:39:06.874,eb:33:2e:f9:57:b5, 2015-01-01 00:27:42.910,0.277,-0.18,1.073,140.991,35.889,-24.353, , , , , , ,-2.812,-4.532,-106.029
 09:39:06.919,eb:33:2e:f9:57:b5, 2015-01-01 00:27:42.910,0.415,0.028,1.078,134.033,56.702,-14.832, , , , , , ,-2.109,-4.296,-106.133
 09:39:06.919,eb:33:2e:f9:57:b5, 2015-01-01 00:27:42.910,0.588,0.427,1.098,111.145,83.679,-2.93, , , , , , ,-1.494,-3.933,-106.183
 09:39:06.919,eb:33:2e:f9:57:b5, 2015-01-01 00:27:42.910,0.707,0.798,1.095,76.233,113.098,11.169, , , , , , ,-1.049,-3.433,-106.166
 09:39:06.919,eb:33:2e:f9:57:b5, 2015-01-01 00:27:42.910,0.456,0.835,1.052,37.537,133.728,21.423, , , , , , ,-0.78,-2.807,-106.095
 09:39:06.919,eb:33:2e:f9:57:b5, 2015-01-01 00:27:42.910,0.317,0.622,1.045,20.203,128.54,24.902, , , , , , ,-0.643,-2.142,-105.969
 09:39:06.919,eb:33:2e:f9:57:b5, 2015-01-01 00:27:42.910,-0.067,0.25,1.148,14.282,138.977,22.217, , , , , , ,-0.566,-1.461,-105.859
 09:39:06.919,eb:33:2e:f9:57:b5, 2015-01-01 00:27:42.910,-0.301,0.062,0.998,15.625,123.169,18.127, , , , , , ,-0.494,-0.813,-105.765
 09:39:06.919,eb:33:2e:f9:57:b5, 2015-01-01 00:27:42.910,-0.585,0.05,0.911,15.137,106.689,12.573, , , , , , ,-0.417,-0.242,-105.694
 09:39:06.963,eb:33:2e:f9:57:b5, 2015-01-01 00:27:42.910,-0.562,0.118,0.708,9.644,73.914,11.78, , , , , , ,-0.346,0.198,-105.639
 09:39:06.964,eb:33:2e:f9:57:b5, 2015-01-01 00:27:42.910,-0.408,0.072,0.709,5.92,44.678,10.559, , , , , , ,-0.308,0.478,-105.584
 09:39:06.964,eb:33:2e:f9:57:b5, 2015-01-01 00:27:42.910,-0.223,0.026,0.777,5.432,21.667,7.446, , , , , , ,-0.28,0.626,-105.54
 09:39:06.964,eb:33:2e:f9:57:b5, 2015-01-01 00:27:42.910,-0.06,0.052,0.871,4.272,9.705,5.31, , , , , , ,-0.258,0.692,-105.507
 09:39:06.964,eb:33:2e:f9:57:b5, 2015-01-01 00:27:42.910,0.043,0.11,0.964,0.671,7.202,5.066, , , , , , ,-0.236,0.736,-105.48
 09:39:06.964,eb:33:2e:f9:57:b5, 2015-01-01 00:27:42.910,0.056,0.106,1.046,-2.319,11.047,5.127, , , , , , ,-0.242,0.78,-105.458
 09:39:06.964,eb:33:2e:f9:57:b5, 2015-01-01 00:27:42.910,0.001,0.06,1.078,-2.869,16.357,4.333, , , , , , ,-0.258,0.851,-105.43
 09:39:06.964,eb:33:2e:f9:57:b5, 2015-01-01 00:27:42.910,-0.031,0.026,1.057,-1.77,18.738,3.54, , , , , , ,-0.269,0.945,-105.414
 09:39:07.031,eb:33:2e:f9:57:b5, 2015-01-01 00:27:42.910,-0.026,0.008,1.056,-0.122,20.081,3.235, , , , , , ,-0.258,1.044,-105.397
 09:39:07.031,eb:33:2e:f9:57:b5, 2015-01-01 00:27:42.910,-0.044,0.009,1.058,1.16,21.973,3.357, , , , , , ,-0.258,1.154,-105.381
 09:39:07.031,eb:33:2e:f9:57:b5, 2015-01-01 00:27:42.910,-0.139,0.008,1.042,2.258,23.376,2.869, , , , , , ,-0.247,1.263,-105.364
 09:39:07.031,eb:33:2e:f9:57:b5, 2015-01-01 00:27:42.910,-0.182,-0.009,0.97,3.662,19.47,2.991, , , , , , ,-0.236,1.373,-105.348
 09:39:07.031,eb:33:2e:f9:57:b5, 2015-01-01 00:27:42.910,-0.157,-0.004,0.942,4.578,12.451,3.418, , , , , , ,-0.203,1.456,-105.331
 09:39:07.031,eb:33:2e:f9:57:b5, 2015-01-01 00:27:42.910,-0.119,-0.009,0.963,5.859,7.141,3.662, , , , , , ,-0.176,1.5,-105.315
 09:39:07.032,eb:33:2e:f9:57:b5, 2015-01-01 00:27:42.910,-0.092,-0.012,0.986,7.263,4.028,4.089, , , , , , ,-0.143,1.527,-105.293
 09:39:07.032,eb:33:2e:f9:57:b5, 2015-01-01 00:27:42.910,-0.07,-0.008,1.003,8.484,2.197,4.822, , , , , , ,-0.104,1.538,-105.271
 09:39:07.032,eb:33:2e:f9:57:b5, 2015-01-01 00:27:42.910,-0.054,0.011,1.008,9.277,1.221,5.005, , , , , , ,-0.044,1.555,-105.244
 09:39:07.032,eb:33:2e:f9:57:b5, 2015-01-01 00:27:42.910,-0.028,0.021,1.011,9.827,0.427,4.883, , , , , , ,0,1.555,-105.222
 09:39:07.033,eb:33:2e:f9:57:b5, 2015-01-01 00:27:42.910,-0.031,0.019,1.028,10.498,0.977,4.456, , , , , , ,0.049,1.56,-105.2
 09:39:07.033,eb:33:2e:f9:57:b5, 2015-01-01 00:27:42.910,-0.03,0.006,1.026,11.536,1.709,4.456, , , , , , ,0.104,1.566,-105.178
 09:39:07.033,eb:33:2e:f9:57:b5, 2015-01-01 00:27:42.910,0.002,0.016,1.018,12.634,1.892,3.845, , , , , , ,0.176,1.577,-105.15
 09:39:07.033,eb:33:2e:f9:57:b5, 2015-01-01 00:27:42.910,0.019,0.031,1.039,13.733,3.601,2.747, , , , , , ,0.242,1.593,-105.134
 09:39:07.033,eb:33:2e:f9:57:b5, 2015-01-01 00:27:42.910,0.03,0.034,1.038,14.221,6.775,2.38, , , , , , ,0.313,1.62,-105.123
 09:39:07.033,eb:33:2e:f9:57:b5, 2015-01-01 00:27:42.910,0.024,0.036,1.04,14.587,10.437,2.38, , , , , , ,0.385,1.664,-105.112
 09:39:07.076,eb:33:2e:f9:57:b5, 2015-01-01 00:27:42.910,0.035,0.033,1.042,15.137,13.489,2.258, , , , , , ,0.472,1.73,-105.095
 09:39:07.076,eb:33:2e:f9:57:b5, 2015-01-01 00:27:42.910,0.02,0.035,1.052,16.296,15.991,1.953, , , , , , ,0.549,1.802,-105.084
 09:39:07.076,eb:33:2e:f9:57:b5, 2015-01-01 00:27:42.910,-0.018,0.033,1.033,17.151,19.165,2.014, , , , , , ,0.632,1.895,-105.073
 09:39:07.076,eb:33:2e:f9:57:b5, 2015-01-01 00:27:42.910,-0.023,0.023,1.023,17.883,20.569,2.563, , , , , , ,0.72,1.994,-105.062
 09:39:07.076,eb:33:2e:f9:57:b5, 2015-01-01 00:27:42.910,-0.023,0.04,1.036,18.86,20.63,1.892, , , , , , ,0.824,2.104,-105.046
 09:39:07.076,eb:33:2e:f9:57:b5, 2015-01-01 00:27:42.910,-0.075,0.043,1.029,19.592,21.24,0.916, , , , , , ,0.923,2.208,-105.04
 09:39:07.076,eb:33:2e:f9:57:b5, 2015-01-01 00:27:42.910,-0.087,0.02,1.015,20.691,20.081,0.671, , , , , , ,1.022,2.307,-105.035
 09:39:07.076,eb:33:2e:f9:57:b5, 2015-01-01 00:27:42.910,-0.092,0.021,0.988,21.545,18.494,0.427, , , , , , ,1.126,2.406,-105.029
 09:39:07.122,eb:33:2e:f9:57:b5, 2015-01-01 00:27:42.910,-0.046,0.03,0.989,22.4,15.442,0.061, , , , , , ,1.252,2.494,-105.024
 09:39:07.122,eb:33:2e:f9:57:b5, 2015-01-01 00:27:42.910,-0.001,0.056,1.009,23.315,14.16,-1.221, , , , , , ,1.362,2.565,-105.024
 09:39:07.122,eb:33:2e:f9:57:b5, 2015-01-01 00:27:42.910,0.036,0.065,1.043,23.804,15.747,-2.991, , , , , , ,1.478,2.642,-105.035
 09:39:07.122,eb:33:2e:f9:57:b5, 2015-01-01 00:27:42.910,0.078,0.076,1.108,25.085,18.555,-5.005, , , , , , ,1.599,2.725,-105.051
 09:39:07.122,eb:33:2e:f9:57:b5, 2015-01-01 00:27:42.910,0.093,0.084,1.16,26.245,23.193,-8.057, , , , , , ,1.741,2.84,-105.084
 09:39:07.123,eb:33:2e:f9:57:b5, 2015-01-01 00:27:42.910,0.04,0.083,1.131,27.039,28.687,-10.986, , , , , , ,1.873,2.972,-105.128
 09:39:07.123,eb:33:2e:f9:57:b5, 2015-01-01 00:27:42.910,0.033,0.081,1.083,27.771,31.738,-12.695, , , , , , ,2.005,3.126,-105.183
 09:39:07.123,eb:33:2e:f9:57:b5, 2015-01-01 00:27:42.910,-0.005,0.1,1.056,27.954,34.119,-14.893, , , , , , ,2.137,3.296,-105.249
 09:39:07.166,eb:33:2e:f9:57:b5, 2015-01-01 00:27:42.910,0.026,0.081,1.079,28.32,35.156,-16.113, , , , , , ,2.285,3.477,-105.315
 09:39:07.166,eb:33:2e:f9:57:b5, 2015-01-01 00:27:42.910,0.042,0.111,1.077,28.137,36.255,-18.677, , , , , , ,2.422,3.658,-105.397
 09:39:07.166,eb:33:2e:f9:57:b5, 2015-01-01 00:27:42.910,0.034,0.096,1.12,28.931,38.757,-21.118, , , , , , ,2.56,3.851,-105.491
 09:39:07.166,eb:33:2e:f9:57:b5, 2015-01-01 00:27:42.910,0.031,0.089,1.082,29.724,40.283,-22.827, , , , , , ,2.697,4.054,-105.59
 09:39:07.166,eb:33:2e:f9:57:b5, 2015-01-01 00:27:42.910,0.018,0.119,1.002,29.907,40.466,-25.94, , , , , , ,2.851,4.268,-105.705
 09:39:07.166,eb:33:2e:f9:57:b5, 2015-01-01 00:27:42.910,0.004,0.122,0.994,30.701,38.269,-28.503, , , , , , ,2.988,4.471,-105.831
 09:39:07.166,eb:33:2e:f9:57:b5, 2015-01-01 00:27:42.910,0.008,0.139,0.963,32.227,33.752,-30.151, , , , , , ,3.137,4.653,-105.969
 09:39:07.167,eb:33:2e:f9:57:b5, 2015-01-01 00:27:42.910,-0.042,0.149,0.964,34.668,28.259,-31.311, , , , , , ,3.29,4.818,-106.117
 09:39:07.168,eb:33:2e:f9:57:b5, 2015-01-01 00:27:42.910,-0.092,0.13,1.045,38.696,22.522,-30.762, , , , , , ,3.477,4.949,-106.26
 09:39:07.168,eb:33:2e:f9:57:b5, 2015-01-01 00:27:42.910,-0.138,0.061,1.184,43.335,20.813,-28.564, , , , , , ,3.669,5.065,-106.403
 09:39:07.168,eb:33:2e:f9:57:b5, 2015-01-01 00:27:42.910,-0.273,0.041,1.232,46.936,24.414,-26.917, , , , , , ,3.884,5.186,-106.534
 09:39:07.168,eb:33:2e:f9:57:b5, 2015-01-01 00:27:42.910,-0.271,-0.038,1.29,50.537,26.611,-21.606, , , , , , ,4.12,5.323,-106.644
 09:39:07.168,eb:33:2e:f9:57:b5, 2015-01-01 00:27:42.910,-0.245,-0.024,1.215,53.406,29.297,-16.663, , , , , , ,4.384,5.477,-106.721
 09:39:07.168,eb:33:2e:f9:57:b5, 2015-01-01 00:27:42.910,-0.22,0.032,1.122,55.786,27.344,-14.099, , , , , , ,4.653,5.62,-106.787
 09:39:07.168,eb:33:2e:f9:57:b5, 2015-01-01 00:27:42.910,-0.204,0.035,1.108,58.716,24.17,-12.573, , , , , , ,4.933,5.751,-106.842
 09:39:07.168,eb:33:2e:f9:57:b5, 2015-01-01 00:27:42.910,-0.225,0.021,1.163,61.707,23.743,-11.108, , , , , , ,5.229,5.878,-106.891
 09:39:07.211,eb:33:2e:f9:57:b5, 2015-01-01 00:27:42.910,-0.251,0.021,1.165,64.758,22.827,-9.46, , , , , , ,5.554,6.004,-106.924
 09:39:07.211,eb:33:2e:f9:57:b5, 2015-01-01 00:27:42.910,-0.279,0.032,1.105,67.444,20.02,-7.751, , , , , , ,5.883,6.114,-106.957
 09:39:07.211,eb:33:2e:f9:57:b5, 2015-01-01 00:27:42.910,-0.302,0.035,1.083,70.007,16.235,-5.493, , , , , , ,6.224,6.202,-106.979
 09:39:07.211,eb:33:2e:f9:57:b5, 2015-01-01 00:27:42.910,-0.306,0.017,1.105,72.815,13,-2.747, , , , , , ,6.581,6.273,-106.99
 09:39:07.211,eb:33:2e:f9:57:b5, 2015-01-01 00:27:42.910,-0.258,0.015,1.106,75.806,10.254,0.122, , , , , , ,6.965,6.339,-106.99
 09:39:07.211,eb:33:2e:f9:57:b5, 2015-01-01 00:27:42.910,-0.208,0.044,1.089,79.163,6.958,2.197, , , , , , ,7.35,6.378,-106.974
 09:39:07.211,eb:33:2e:f9:57:b5, 2015-01-01 00:27:42.910,-0.185,0.075,1.093,82.703,3.906,3.235, , , , , , ,7.762,6.4,-106.957
 09:39:07.211,eb:33:2e:f9:57:b5, 2015-01-01 00:27:42.910,-0.16,0.073,1.138,86.548,2.136,4.089, , , , , , ,8.185,6.411,-106.935
 09:39:07.257,eb:33:2e:f9:57:b5, 2015-01-01 00:27:43.310,-0.126,0.063,1.21,91.064,1.77,5.005, , , , , , ,8.646,6.422,-106.908
 09:39:07.257,eb:33:2e:f9:57:b5, 2015-01-01 00:27:43.310,-0.082,0.058,1.28,96.741,2.686,5.676, , , , , , ,9.119,6.427,-106.88
 09:39:07.257,eb:33:2e:f9:57:b5, 2015-01-01 00:27:43.310,-0.057,0.077,1.324,102.905,4.089,5.493, , , , , , ,9.624,6.438,-106.848
 09:39:07.257,eb:33:2e:f9:57:b5, 2015-01-01 00:27:43.310,-0.072,0.093,1.332,109.436,5.066,4.7, , , , , , ,10.162,6.46,-106.82
 09:39:07.257,eb:33:2e:f9:57:b5, 2015-01-01 00:27:43.310,-0.07,0.093,1.348,115.967,5.31,4.089, , , , , , ,10.739,6.487,-106.787
 09:39:07.257,eb:33:2e:f9:57:b5, 2015-01-01 00:27:43.310,-0.062,0.085,1.398,122.681,6.47,3.54, , , , , , ,11.343,6.509,-106.765
 09:39:07.257,eb:33:2e:f9:57:b5, 2015-01-01 00:27:43.310,-0.066,0.077,1.437,130.066,7.996,3.235, , , , , , ,11.981,6.542,-106.738
 09:39:07.257,eb:33:2e:f9:57:b5, 2015-01-01 00:27:43.310,-0.06,0.084,1.393,137.573,8.667,3.113, , , , , , ,12.656,6.581,-106.716
 09:39:07.301,eb:33:2e:f9:57:b5, 2015-01-01 00:27:43.310,-0.095,0.103,1.373,144.104,9.705,2.502, , , , , , ,13.376,6.625,-106.688
 09:39:07.301,eb:33:2e:f9:57:b5, 2015-01-01 00:27:43.310,-0.127,0.078,1.357,150.574,10.193,2.502, , , , , , ,14.117,6.674,-106.666
 09:39:07.301,eb:33:2e:f9:57:b5, 2015-01-01 00:27:43.310,-0.133,0.05,1.365,157.593,11.353,3.418, , , , , , ,14.892,6.718,-106.633
 09:39:07.301,eb:33:2e:f9:57:b5, 2015-01-01 00:27:43.310,-0.103,0.044,1.378,164.917,12.451,4.089, , , , , , ,15.705,6.773,-106.6
 09:39:07.301,eb:33:2e:f9:57:b5, 2015-01-01 00:27:43.310,-0.114,0.048,1.407,171.997,15.137,4.333, , , , , , ,16.567,6.839,-106.556
 09:39:07.302,eb:33:2e:f9:57:b5, 2015-01-01 00:27:43.310,-0.02,0.047,1.397,179.443,17.517,4.578, , , , , , ,17.452,6.91,-106.512
 09:39:07.302,eb:33:2e:f9:57:b5, 2015-01-01 00:27:43.310,0.052,0.115,1.429,188.416,20.203,3.601, , , , , , ,18.38,6.993,-106.458
 09:39:07.302,eb:33:2e:f9:57:b5, 2015-01-01 00:27:43.310,0.094,0.163,1.443,194.946,22.827,0.977, , , , , , ,19.347,7.092,-106.414
 09:39:07.345,eb:33:2e:f9:57:b5, 2015-01-01 00:27:43.310,0.18,0.192,1.461,202.637,24.963,-2.625, , , , , , ,20.358,7.213,-106.375
 09:39:07.345,eb:33:2e:f9:57:b5, 2015-01-01 00:27:43.310,0.231,0.192,1.48,210.449,29.663,-7.141, , , , , , ,21.396,7.35,-106.353
 09:39:07.345,eb:33:2e:f9:57:b5, 2015-01-01 00:27:43.310,0.252,0.225,1.538,218.018,35.583,-12.573, , , , , , ,22.473,7.526,-106.337
 09:39:07.345,eb:33:2e:f9:57:b5, 2015-01-01 00:27:43.310,0.307,0.245,1.594,226.624,41.565,-18.921, , , , , , ,23.588,7.734,-106.337
 09:39:07.345,eb:33:2e:f9:57:b5, 2015-01-01 00:27:43.310,0.309,0.253,1.612,236.816,44.983,-25.574, , , , , , ,24.752,7.987,-106.348
 09:39:07.345,eb:33:2e:f9:57:b5, 2015-01-01 00:27:43.310,0.231,0.297,1.596,247.498,44.861,-32.776, , , , , , ,25.966,8.256,-106.386
 09:39:07.345,eb:33:2e:f9:57:b5, 2015-01-01 00:27:43.310,0.188,0.298,1.679,257.935,40.222,-39.185, , , , , , ,27.224,8.525,-106.458
 09:39:07.345,eb:33:2e:f9:57:b5, 2015-01-01 00:27:43.310,0.138,0.247,1.981,269.043,42.48,-44.312, , , , , , ,28.531,8.806,-106.551
 09:39:07.369,eb:33:2e:f9:57:b5, 2015-01-01 00:27:43.310,0.179,0.175,2.303,282.41,50.964,-47.363, , , , , , ,29.905,9.124,-106.639
 09:39:07.369,eb:33:2e:f9:57:b5, 2015-01-01 00:27:43.310,0.192,0.071,2.352,298.401,60.852,-48.706, , , , , , ,31.355,9.492,-106.699
 09:39:07.369,eb:33:2e:f9:57:b5, 2015-01-01 00:27:43.310,0.215,0.132,2.253,313.11,62.195,-51.88, , , , , , ,32.882,9.893,-106.749
 09:39:07.369,eb:33:2e:f9:57:b5, 2015-01-01 00:27:43.310,0.339,0.175,2.23,326.172,53.528,-59.387, , , , , , ,34.47,10.283,-106.826
 09:39:07.369,eb:33:2e:f9:57:b5, 2015-01-01 00:27:43.310,0.391,0.066,2.399,341.309,50.11,-65.491, , , , , , ,36.129,10.679,-106.935
 09:39:07.369,eb:33:2e:f9:57:b5, 2015-01-01 00:27:43.310,0.398,-0.032,2.546,359.802,53.101,-71.777, , , , , , ,37.864,11.091,-107.056
 09:39:07.369,eb:33:2e:f9:57:b5, 2015-01-01 00:27:43.310,0.412,0.005,2.718,377.869,58.105,-77.82, , , , , , ,39.694,11.547,-107.172
 09:39:07.369,eb:33:2e:f9:57:b5, 2015-01-01 00:27:43.310,0.441,0.062,2.862,392.395,59.082,-86.67, , , , , , ,41.605,12.041,-107.298
 09:39:07.437,eb:33:2e:f9:57:b5, 2015-01-01 00:27:43.310,0.526,0.134,3.056,404.663,62.378,-96.252, , , , , , ,43.572,12.579,-107.441
 09:39:07.437,eb:33:2e:f9:57:b5, 2015-01-01 00:27:43.310,0.604,-0.167,3.126,422.729,67.139,-100.647, , , , , , ,45.615,13.156,-107.567
 09:39:07.437,eb:33:2e:f9:57:b5, 2015-01-01 00:27:43.310,0.627,-0.362,2.815,448.181,61.34,-108.643, , , , , , ,47.774,13.76,-107.693
 09:39:07.437,eb:33:2e:f9:57:b5, 2015-01-01 00:27:43.310,0.393,-0.322,2.652,471.375,53.406,-123.23, , , , , , ,50.043,14.392,-107.869
 09:39:07.437,eb:33:2e:f9:57:b5, 2015-01-01 00:27:43.310,0.246,0.116,3.039,484.863,50.11,-141.113, , , , , , ,52.383,15.073,-108.1
 09:39:07.437,eb:33:2e:f9:57:b5, 2015-01-01 00:27:43.310,0.072,-0.202,3.554,500.793,68.115,-146.362, , , , , , ,54.8,15.831,-108.298
 09:39:07.437,eb:33:2e:f9:57:b5, 2015-01-01 00:27:43.310,0.124,-0.962,3.24,517.09,87.28,-144.104, , , , , , ,57.332,16.661,-108.369
 09:39:07.437,eb:33:2e:f9:57:b5, 2015-01-01 00:27:43.310,0.409,-0.565,3.098,519.897,101.624,-144.47, , , , , , ,59.941,17.523,-108.331
 09:39:07.459,eb:33:2e:f9:57:b5, 2015-01-01 00:27:43.310,0.343,-0.217,3.444,511.78,131.775,-143.738, , , , , , ,62.567,18.435,-108.16
 09:39:07.459,eb:33:2e:f9:57:b5, 2015-01-01 00:27:43.310,0.075,-0.779,2.916,476.929,185.425,-129.211, , , , , , ,65.182,19.407,-107.699
 09:39:07.459,eb:33:2e:f9:57:b5, 2015-01-01 00:27:43.310,-0.04,-1.478,1.44,426.88,218.262,-100.342, , , , , , ,67.681,20.341,-106.919
 09:39:07.459,eb:33:2e:f9:57:b5, 2015-01-01 00:27:43.310,0.096,-1.313,0.541,386.353,216.736,-70.618, , , , , , ,70.01,21.11,-105.991
 09:39:07.459,eb:33:2e:f9:57:b5, 2015-01-01 00:27:43.310,0.348,-0.819,0.53,366.272,184.998,-47.852, , , , , , ,72.202,21.698,-105.079
 09:39:07.459,eb:33:2e:f9:57:b5, 2015-01-01 00:27:43.310,0.115,-0.671,0.229,328.003,140.137,-38.086, , , , , , ,74.218,22.132,-104.321
 09:39:07.459,eb:33:2e:f9:57:b5, 2015-01-01 00:27:43.310,-0.532,-1.463,-0.669,259.949,83.984,2.258, , , , , , ,75.861,22.363,-103.76
 09:39:07.459,eb:33:2e:f9:57:b5, 2015-01-01 00:27:43.310,-0.075,0.562,-1.349,109.863,29.297,38.879, , , , , , ,76.838,22.286,-103.497
 09:39:07.504,eb:33:2e:f9:57:b5, 2015-01-01 00:27:43.310,-0.008,0.037,0.095,-38.147,36.377,84.29, , , , , , ,77.003,21.989,-103.26
 09:39:07.504,eb:33:2e:f9:57:b5, 2015-01-01 00:27:43.310,0.131,-0.597,0.618,-108.948,53.833,99.915, , , , , , ,76.723,21.583,-102.892
 09:39:07.504,eb:33:2e:f9:57:b5, 2015-01-01 00:27:43.310,0.311,-0.877,0.844,-170.41,76.355,110.718, , , , , , ,76.163,21.143,-102.409
 09:39:07.504,eb:33:2e:f9:57:b5, 2015-01-01 00:27:43.310,0.476,-0.912,1.123,-218.567,102.844,119.019, , , , , , ,75.383,20.693,-101.777
 09:39:07.504,eb:33:2e:f9:57:b5, 2015-01-01 00:27:43.310,0.628,-0.829,1.334,-239.99,117.126,121.277, , , , , , ,74.46,20.259,-101.036
 09:39:07.504,eb:33:2e:f9:57:b5, 2015-01-01 00:27:43.310,0.723,-0.638,1.268,-241.15,114.197,116.455, , , , , , ,73.515,19.847,-100.261
 09:39:07.504,eb:33:2e:f9:57:b5, 2015-01-01 00:27:43.310,0.754,-0.455,0.94,-230.225,95.154,103.516, , , , , , ,72.57,19.473,-99.558
 09:39:07.504,eb:33:2e:f9:57:b5, 2015-01-01 00:27:43.310,0.779,-0.326,0.496,-213.013,61.096,85.022, , , , , , ,71.647,19.149,-99.031
 09:39:07.572,eb:33:2e:f9:57:b5, 2015-01-01 00:27:43.310,0.798,-0.292,0.184,-196.106,20.996,63.354, , , , , , ,70.719,18.864,-98.729
 09:39:07.572,eb:33:2e:f9:57:b5, 2015-01-01 00:27:43.310,0.764,-0.339,0.072,-182.922,-15.259,42.053, , , , , , ,69.802,18.622,-98.646
 09:39:07.572,eb:33:2e:f9:57:b5, 2015-01-01 00:27:43.310,0.701,-0.423,0.101,-173.584,-44.678,23.071, , , , , , ,68.879,18.424,-98.751
 09:39:07.572,eb:33:2e:f9:57:b5, 2015-01-01 00:27:43.310,0.588,-0.471,0.175,-169.617,-64.636,8.179, , , , , , ,67.945,18.254,-99.003
 09:39:07.572,eb:33:2e:f9:57:b5, 2015-01-01 00:27:43.310,0.484,-0.482,0.221,-172.241,-77.393,-3.113, , , , , , ,66.967,18.105,-99.36
 09:39:07.572,eb:33:2e:f9:57:b5, 2015-01-01 00:27:43.310,0.396,-0.506,0.273,-181.213,-82.886,-11.597, , , , , , ,65.951,17.979,-99.772
 09:39:07.572,eb:33:2e:f9:57:b5, 2015-01-01 00:27:43.310,0.313,-0.562,0.327,-196.045,-81.482,-16.907, , , , , , ,64.869,17.875,-100.195
 09:39:07.572,eb:33:2e:f9:57:b5, 2015-01-01 00:27:43.310,0.23,-0.633,0.354,-216.309,-75.317,-18.86, , , , , , ,63.704,17.792,-100.607
 09:39:07.576,eb:33:2e:f9:57:b5, 2015-01-01 00:27:43.645,0.164,-0.7,0.357,-239.99,-66.895,-17.761, , , , , , ,62.424,17.71,-100.992
 09:39:07.576,eb:33:2e:f9:57:b5, 2015-01-01 00:27:43.645,0.122,-0.753,0.366,-264.343,-58.044,-14.465, , , , , , ,61.051,17.633,-101.316
 09:39:07.576,eb:33:2e:f9:57:b5, 2015-01-01 00:27:43.645,0.107,-0.775,0.367,-287.17,-51.697,-9.766, , , , , , ,59.573,17.551,-101.585
 09:39:07.576,eb:33:2e:f9:57:b5, 2015-01-01 00:27:43.645,0.107,-0.773,0.356,-307.068,-49.744,-4.944, , , , , , ,58.002,17.452,-101.832
 09:39:07.576,eb:33:2e:f9:57:b5, 2015-01-01 00:27:43.645,0.122,-0.761,0.347,-323.242,-52.795,-0.061, , , , , , ,56.327,17.32,-102.068
 09:39:07.576,eb:33:2e:f9:57:b5, 2015-01-01 00:27:43.645,0.14,-0.747,0.371,-335.144,-59.57,4.578, , , , , , ,54.602,17.144,-102.305
 09:39:07.577,eb:33:2e:f9:57:b5, 2015-01-01 00:27:43.645,0.157,-0.725,0.412,-343.506,-68.237,9.277, , , , , , ,52.822,16.924,-102.552
 09:39:07.577,eb:33:2e:f9:57:b5, 2015-01-01 00:27:43.645,0.167,-0.69,0.447,-349.487,-78.247,14.099, , , , , , ,51.01,16.644,-102.821
 09:39:07.616,eb:33:2e:f9:57:b5, 2015-01-01 00:27:43.645,0.171,-0.651,0.482,-354.37,-89.294,18.799, , , , , , ,49.147,16.304,-103.112
 09:39:07.616,eb:33:2e:f9:57:b5, 2015-01-01 00:27:43.645,0.167,-0.62,0.536,-359.253,-99.915,23.987, , , , , , ,47.28,15.903,-103.409
 09:39:07.616,eb:33:2e:f9:57:b5, 2015-01-01 00:27:43.645,0.164,-0.6,0.629,-363.892,-108.398,29.541, , , , , , ,45.385,15.441,-103.7
 09:39:07.616,eb:33:2e:f9:57:b5, 2015-01-01 00:27:43.645,0.155,-0.58,0.75,-367.432,-113.586,35.828, , , , , , ,43.478,14.925,-103.986
 09:39:07.616,eb:33:2e:f9:57:b5, 2015-01-01 00:27:43.645,0.155,-0.543,0.876,-369.69,-116.211,42.053, , , , , , ,41.55,14.359,-104.244
 09:39:07.616,eb:33:2e:f9:57:b5, 2015-01-01 00:27:43.645,0.159,-0.498,0.994,-370.605,-116.638,48.279, , , , , , ,39.65,13.766,-104.458
 09:39:07.616,eb:33:2e:f9:57:b5, 2015-01-01 00:27:43.645,0.182,-0.439,1.083,-370.667,-116.516,53.65, , , , , , ,37.755,13.151,-104.623
 09:39:07.616,eb:33:2e:f9:57:b5, 2015-01-01 00:27:43.645,0.219,-0.372,1.148,-370.483,-116.272,57.983, , , , , , ,35.87,12.513,-104.749
 09:39:07.661,eb:33:2e:f9:57:b5, 2015-01-01 00:27:43.645,0.273,-0.293,1.197,-369.873,-117.065,60.547, , , , , , ,33.981,11.86,-104.848
 09:39:07.661,eb:33:2e:f9:57:b5, 2015-01-01 00:27:43.645,0.333,-0.184,1.236,-368.469,-121.643,60.12, , , , , , ,32.119,11.195,-104.919
 09:39:07.661,eb:33:2e:f9:57:b5, 2015-01-01 00:27:43.645,0.389,-0.077,1.258,-367.371,-128.174,56.946, , , , , , ,30.262,10.508,-104.991
 09:39:07.661,eb:33:2e:f9:57:b5, 2015-01-01 00:27:43.645,0.44,0.036,1.275,-366.699,-137.146,50.476, , , , , , ,28.411,9.794,-105.09
 09:39:07.661,eb:33:2e:f9:57:b5, 2015-01-01 00:27:43.645,0.467,0.15,1.293,-366.455,-147.888,40.894, , , , , , ,26.532,9.047,-105.227
 09:39:07.661,eb:33:2e:f9:57:b5, 2015-01-01 00:27:43.645,0.484,0.255,1.319,-366.638,-160.095,29.114, , , , , , ,24.67,8.273,-105.414
 09:39:07.661,eb:33:2e:f9:57:b5, 2015-01-01 00:27:43.645,0.481,0.335,1.404,-366.638,-170.959,16.357, , , , , , ,22.802,7.465,-105.65
 09:39:07.661,eb:33:2e:f9:57:b5, 2015-01-01 00:27:43.645,0.452,0.378,1.539,-366.028,-178.101,2.991, , , , , , ,20.934,6.63,-105.941
 09:39:07.751,eb:33:2e:f9:57:b5, 2015-01-01 00:27:43.645,0.405,0.392,1.686,-364.807,-180.481,-9.766, , , , , , ,19.05,5.784,-106.282
 09:39:07.751,eb:33:2e:f9:57:b5, 2015-01-01 00:27:43.645,0.349,0.377,1.832,-363.281,-177.307,-21.179, , , , , , ,17.194,4.96,-106.639
 09:39:07.751,eb:33:2e:f9:57:b5, 2015-01-01 00:27:43.645,0.282,0.342,1.958,-361.572,-168.823,-30.579, , , , , , ,15.353,4.169,-107.012
 09:39:07.751,eb:33:2e:f9:57:b5, 2015-01-01 00:27:43.645,0.221,0.303,2.041,-359.558,-158.02,-37.842, , , , , , ,13.524,3.428,-107.386
 09:39:07.751,eb:33:2e:f9:57:b5, 2015-01-01 00:27:43.645,0.168,0.267,2.073,-357.056,-147.461,-43.152, , , , , , ,11.689,2.719,-107.754
 09:39:07.751,eb:33:2e:f9:57:b5, 2015-01-01 00:27:43.645,0.134,0.234,2.059,-354.065,-140.076,-46.753, , , , , , ,9.899,2.06,-108.111
 09:39:07.751,eb:33:2e:f9:57:b5, 2015-01-01 00:27:43.645,0.113,0.2,2.021,-350.647,-136.902,-48.889, , , , , , ,8.124,1.417,-108.457
 09:39:07.751,eb:33:2e:f9:57:b5, 2015-01-01 00:27:43.645,0.103,0.169,1.993,-346.375,-138.184,-49.805, , , , , , ,6.378,0.769,-108.792
 09:39:07.754,eb:33:2e:f9:57:b5, 2015-01-01 00:27:43.645,0.1,0.147,2.004,-341.187,-142.7,-49.316, , , , , , ,4.636,0.082,-109.111
 09:39:07.754,eb:33:2e:f9:57:b5, 2015-01-01 00:27:43.645,0.091,0.135,2.066,-334.839,-148.193,-47.363, , , , , , ,2.95,-0.626,-109.396
 09:39:07.754,eb:33:2e:f9:57:b5, 2015-01-01 00:27:43.645,0.06,0.138,2.152,-327.698,-153.503,-44.189, , , , , , ,1.302,-1.379,-109.655
 09:39:07.754,eb:33:2e:f9:57:b5, 2015-01-01 00:27:43.645,0.012,0.151,2.219,-320.679,-158.936,-39.49, , , , , , ,-0.308,-2.159,-109.869
 09:39:07.754,eb:33:2e:f9:57:b5, 2015-01-01 00:27:43.645,-0.057,0.169,2.266,-315.002,-164.917,-33.264, , , , , , ,-1.906,-2.983,-110.034
 09:39:07.754,eb:33:2e:f9:57:b5, 2015-01-01 00:27:43.645,-0.137,0.2,2.282,-311.951,-171.753,-25.635, , , , , , ,-3.466,-3.834,-110.138
 09:39:07.754,eb:33:2e:f9:57:b5, 2015-01-01 00:27:43.645,-0.234,0.237,2.275,-312.5,-179.504,-16.357, , , , , , ,-5.026,-4.724,-110.171
 09:39:07.754,eb:33:2e:f9:57:b5, 2015-01-01 00:27:43.645,-0.328,0.278,2.259,-316.956,-187.927,-5.127, , , , , , ,-6.603,-5.647,-110.127
 09:39:07.774,eb:33:2e:f9:57:b5, 2015-01-01 00:27:43.645,-0.427,0.306,2.296,-324.585,-194.214,8.24, , , , , , ,-8.245,-6.608,-109.99
 09:39:07.775,eb:33:2e:f9:57:b5, 2015-01-01 00:27:43.645,-0.515,0.36,2.39,-334.106,-196.655,23.254, , , , , , ,-9.932,-7.564,-109.748
 09:39:07.775,eb:33:2e:f9:57:b5, 2015-01-01 00:27:43.645,-0.586,0.469,2.508,-343.933,-194.763,39.551, , , , , , ,-11.678,-8.492,-109.396
 09:39:07.775,eb:33:2e:f9:57:b5, 2015-01-01 00:27:43.645,-0.656,0.582,2.673,-350.342,-187.317,56.519, , , , , , ,-13.497,-9.371,-108.94
 09:39:07.775,eb:33:2e:f9:57:b5, 2015-01-01 00:27:43.645,-0.71,0.688,2.833,-350.708,-176.514,73.73, , , , , , ,-15.364,-10.173,-108.38
 09:39:07.775,eb:33:2e:f9:57:b5, 2015-01-01 00:27:43.645,-0.72,0.823,2.935,-344.604,-163.635,90.881, , , , , , ,-17.221,-10.865,-107.732
 09:39:07.775,eb:33:2e:f9:57:b5, 2015-01-01 00:27:43.645,-0.69,1.01,3.008,-332.703,-148.987,106.812, , , , , , ,-19.056,-11.448,-106.996
 09:39:07.775,eb:33:2e:f9:57:b5, 2015-01-01 00:27:43.645,-0.605,1.252,3.054,-315.918,-132.874,120.544, , , , , , ,-20.83,-11.909,-106.199
 09:39:07.819,eb:33:2e:f9:57:b5, 2015-01-01 00:27:43.645,-0.475,1.563,3.073,-295.105,-114.807,130.432, , , , , , ,-22.538,-12.244,-105.364
 09:39:07.819,eb:33:2e:f9:57:b5, 2015-01-01 00:27:43.645,-0.335,1.955,3.014,-271.851,-95.886,134.949, , , , , , ,-24.126,-12.453,-104.529
 09:39:07.819,eb:33:2e:f9:57:b5, 2015-01-01 00:27:43.645,-0.13,2.412,2.833,-246.46,-80.994,132.019, , , , , , ,-25.587,-12.568,-103.722
 09:39:07.819,eb:33:2e:f9:57:b5, 2015-01-01 00:27:43.645,-0.082,3.006,2.48,-212.463,-72.937,115.234, , , , , , ,-26.889,-12.634,-102.98
 09:39:07.819,eb:33:2e:f9:57:b5, 2015-01-01 00:27:43.645,-0.236,3.523,1.97,-179.016,-85.449,90.82, , , , , , ,-28.004,-12.75,-102.338
 09:39:07.819,eb:33:2e:f9:57:b5, 2015-01-01 00:27:43.645,-0.516,4.018,1.379,-141.602,-122.009,60.059, , , , , , ,-28.916,-13.041,-101.75
 09:39:07.819,eb:33:2e:f9:57:b5, 2015-01-01 00:27:43.645,-0.898,4.342,1.076,-104.309,-167.603,27.466, , , , , , ,-29.641,-13.596,-101.19
 09:39:07.819,eb:33:2e:f9:57:b5, 2015-01-01 00:27:43.645,-1.303,4.449,1.146,-69.824,-202.881,-1.282, , , , , , ,-30.19,-14.398,-100.657
 09:39:07.909,eb:33:2e:f9:57:b5, 2015-01-01 00:27:43.645,-1.631,4.396,1.54,-38.086,-212.83,-22.461, , , , , , ,-30.569,-15.348,-100.168
 09:39:07.909,eb:33:2e:f9:57:b5, 2015-01-01 00:27:43.645,-1.782,4.211,2.163,-7.69,-187.622,-35.034, , , , , , ,-30.778,-16.287,-99.772
 09:39:07.909,eb:33:2e:f9:57:b5, 2015-01-01 00:27:43.645,-1.72,3.921,2.793,22.156,-127.441,-40.71, , , , , , ,-30.795,-17.051,-99.542
 09:39:07.909,eb:33:2e:f9:57:b5, 2015-01-01 00:27:43.645,-1.449,3.592,3.148,49.194,-45.105,-43.03, , , , , , ,-30.608,-17.501,-99.52
 09:39:07.909,eb:33:2e:f9:57:b5, 2015-01-01 00:27:43.645,-1.108,3.272,3.124,70.801,41.077,-45.593, , , , , , ,-30.218,-17.578,-99.739
 09:39:07.909,eb:33:2e:f9:57:b5, 2015-01-01 00:27:43.645,0.786,3,2.75,87.219,109.436,-51.086, , , , , , ,-29.685,-17.336,-100.179
 09:39:07.909,eb:33:2e:f9:57:b5, 2015-01-01 00:27:43.645,0.612,1.399,6.846,245.361,158.752,-127.197, , , , , , ,-28.669,-17.155,-100.833
 09:39:07.909,eb:33:2e:f9:57:b5, 2015-01-01 00:27:43.645,0.767,1.808,2.85,281.799,377.075,-113.708, , , , , , ,-26.895,-15.87,-102.167
 09:39:07.911,eb:33:2e:f9:57:b5, 2015-01-01 00:27:43.960,0.995,-0.786,0.009,283.081,226.807,-167.603, , , , , , ,-25.126,-15.079,-103.458
 09:39:07.911,eb:33:2e:f9:57:b5, 2015-01-01 00:27:43.960,0.236,-0.013,1.011,260.498,228.333,-169.373, , , , , , ,-23.439,-14.359,-104.744
 09:39:07.946,eb:33:2e:f9:57:b5, 2015-01-01 00:27:43.960,0.351,-1.207,1.38,268.188,170.837,-151.245, , , , , , ,-21.852,-13.804,-105.881
 09:39:07.948,eb:33:2e:f9:57:b5, 2015-01-01 00:27:43.960,-0.852,-1.803,1.515,304.932,182.556,-105.652, , , , , , ,-20.204,-13.217,-106.826
 09:39:07.948,eb:33:2e:f9:57:b5, 2015-01-01 00:27:43.960,-0.729,-1.982,1.171,362.854,218.323,-43.03, , , , , , ,-18.342,-12.36,-107.479
 09:39:07.948,eb:33:2e:f9:57:b5, 2015-01-01 00:27:43.960,-0.67,-0.925,0.927,385.925,219.055,-14.465, , , , , , ,-16.348,-11.332,-107.946
 09:39:07.948,eb:33:2e:f9:57:b5, 2015-01-01 00:27:43.960,-0.789,-0.179,0.95,383.24,198.364,-0.183, , , , , , ,-14.365,-10.338,-108.254
 09:39:07.948,eb:33:2e:f9:57:b5, 2015-01-01 00:27:43.960,-0.773,0.272,0.994,364.807,176.941,10.498, , , , , , ,-12.464,-9.443,-108.435
 09:39:07.948,eb:33:2e:f9:57:b5, 2015-01-01 00:27:43.960,-0.466,1.038,1.354,316.65,150.269,9.766, , , , , , ,-10.745,-8.63,-108.545
 09:39:07.948,eb:33:2e:f9:57:b5, 2015-01-01 00:27:43.960,-0.235,1.071,1.497,260.925,130.493,4.395, , , , , , ,-9.316,-7.943,-108.638
 09:39:07.948,eb:33:2e:f9:57:b5, 2015-01-01 00:27:43.960,-0.252,0.805,1.431,211.792,120.056,-2.258, , , , , , ,-8.157,-7.339,-108.732
 09:39:07.948,eb:33:2e:f9:57:b5, 2015-01-01 00:27:43.960,-0.229,0.521,1.271,176.758,113.708,-9.338, , , , , , ,-7.196,-6.768,-108.842
 09:39:07.948,eb:33:2e:f9:57:b5, 2015-01-01 00:27:43.960,-0.107,0.465,1.221,150.085,104.492,-16.357, , , , , , ,-6.361,-6.224,-108.979
 09:39:07.948,eb:33:2e:f9:57:b5, 2015-01-01 00:27:43.960,-0.072,0.16,1.053,137.512,93.506,-18.372, , , , , , ,-5.641,-5.751,-109.116
 09:39:07.948,eb:33:2e:f9:57:b5, 2015-01-01 00:27:43.960,0.043,0.087,0.958,127.319,83.069,-15.564, , , , , , ,-4.971,-5.323,-109.243
 09:39:07.948,eb:33:2e:f9:57:b5, 2015-01-01 00:27:43.960,0.133,0.106,0.953,114.685,77.087,-10.62, , , , , , ,-4.367,-4.938,-109.336
 09:39:07.976,eb:33:2e:f9:57:b5, 2015-01-01 00:27:43.960,0.134,0.107,1.017,107.483,81.665,-7.629, , , , , , ,-3.796,-4.537,-109.407
 09:39:07.976,eb:33:2e:f9:57:b5, 2015-01-01 00:27:43.960,0.128,0.181,1.038,100.159,84.229,-8.179, , , , , , ,-3.274,-4.125,-109.473
 09:39:07.976,eb:33:2e:f9:57:b5, 2015-01-01 00:27:43.960,0.148,0.286,1.042,86.853,84.9,-8.606, , , , , , ,-2.807,-3.708,-109.539
 09:39:07.976,eb:33:2e:f9:57:b5, 2015-01-01 00:27:43.960,0.091,0.32,1.041,71.228,83.801,-7.507, , , , , , ,-2.422,-3.29,-109.594
 09:39:07.976,eb:33:2e:f9:57:b5, 2015-01-01 00:27:43.960,-0.047,0.297,1.009,54.626,80.811,-5.859, , , , , , ,-2.098,-2.867,-109.644
 09:39:07.976,eb:33:2e:f9:57:b5, 2015-01-01 00:27:43.960,-0.158,0.217,0.955,43.518,71.472,-3.479, , , , , , ,-1.857,-2.494,-109.682
 09:39:07.976,eb:33:2e:f9:57:b5, 2015-01-01 00:27:43.960,-0.141,0.175,0.894,32.41,54.382,0.244, , , , , , ,-1.675,-2.192,-109.693
 09:39:07.976,eb:33:2e:f9:57:b5, 2015-01-01 00:27:43.960,-0.153,0.115,0.934,25.818,43.03,0.427, , , , , , ,-1.533,-1.956,-109.698
 09:39:08.023,eb:33:2e:f9:57:b5, 2015-01-01 00:27:43.960,-0.12,0.058,0.94,22.888,32.654,-1.038, , , , , , ,-1.401,-1.763,-109.704
 09:39:08.023,eb:33:2e:f9:57:b5, 2015-01-01 00:27:43.960,-0.053,0.033,0.941,21.362,24.841,-2.38, , , , , , ,-1.291,-1.626,-109.715
 09:39:08.023,eb:33:2e:f9:57:b5, 2015-01-01 00:27:43.960,-0.021,0.052,0.96,19.348,18.25,-2.625, , , , , , ,-1.192,-1.522,-109.731
 09:39:08.023,eb:33:2e:f9:57:b5, 2015-01-01 00:27:43.960,0.02,0.051,0.998,17.334,15.991,-1.648, , , , , , ,-1.104,-1.439,-109.742
 09:39:08.023,eb:33:2e:f9:57:b5, 2015-01-01 00:27:43.960,0.017,0.038,1.038,16.235,15.991,-1.099, , , , , , ,-1.005,-1.351,-109.748
 09:39:08.023,eb:33:2e:f9:57:b5, 2015-01-01 00:27:43.960,-0.004,0.017,1.05,15.93,16.602,-1.038, , , , , , ,-0.928,-1.274,-109.753
 09:39:08.023,eb:33:2e:f9:57:b5, 2015-01-01 00:27:43.960,-0.055,0.013,1.041,16.174,16.663,-1.404, , , , , , ,-0.846,-1.192,-109.764
 09:39:08.023,eb:33:2e:f9:57:b5, 2015-01-01 00:27:43.960,-0.077,0.006,1.01,16.663,13.855,-0.977, , , , , , ,-0.764,-1.115,-109.77
 09:39:08.066,eb:33:2e:f9:57:b5, 2015-01-01 00:27:43.960,-0.045,-0.003,1,17.456,9.949,-0.488, , , , , , ,-0.665,-1.049,-109.77
 09:39:08.067,eb:33:2e:f9:57:b5, 2015-01-01 00:27:43.960,-0.037,-0.002,1.011,18.433,7.69,-1.16, , , , , , ,-0.577,-1.005,-109.775
 09:39:08.067,eb:33:2e:f9:57:b5, 2015-01-01 00:27:43.960,-0.032,0.003,1.014,19.226,5.371,-2.197, , , , , , ,-0.483,-0.978,-109.786
 09:39:08.067,eb:33:2e:f9:57:b5, 2015-01-01 00:27:43.960,-0.017,0.019,1.003,19.287,3.296,-3.113, , , , , , ,-0.385,-0.956,-109.797
 09:39:08.067,eb:33:2e:f9:57:b5, 2015-01-01 00:27:43.960,-0.005,0.031,1.003,18.799,2.502,-3.906, , , , , , ,-0.28,-0.934,-109.814
 09:39:08.067,eb:33:2e:f9:57:b5, 2015-01-01 00:27:43.960,0.009,0.037,1.002,18.066,2.258,-4.333, , , , , , ,-0.187,-0.923,-109.836
 09:39:08.068,eb:33:2e:f9:57:b5, 2015-01-01 00:27:43.960,0.018,0.037,1.008,17.334,2.502,-5.005, , , , , , ,-0.099,-0.912,-109.858
 09:39:08.068,eb:33:2e:f9:57:b5, 2015-01-01 00:27:43.960,0.01,0.036,1.006,16.785,3.357,-5.493, , , , , , ,-0.016,-0.901,-109.885
 09:39:08.111,eb:33:2e:f9:57:b5, 2015-01-01 00:27:43.960,0.02,0.032,1.001,16.113,3.967,-5.371, , , , , , ,0.077,-0.873,-109.913
 09:39:08.111,eb:33:2e:f9:57:b5, 2015-01-01 00:27:43.960,0.044,0.04,1.002,15.259,4.883,-5.31, , , , , , ,0.154,-0.851,-109.94
 09:39:08.111,eb:33:2e:f9:57:b5, 2015-01-01 00:27:43.960,0.041,0.04,1.019,14.648,7.141,-5.676, , , , , , ,0.225,-0.824,-109.968
 09:39:08.111,eb:33:2e:f9:57:b5, 2015-01-01 00:27:43.960,0.069,0.032,1.018,14.282,10.132,-5.249, , , , , , ,0.297,-0.78,-109.995
 09:39:08.111,eb:33:2e:f9:57:b5, 2015-01-01 00:27:43.960,0.076,0.026,1.05,15.076,13.55,-5.188, , , , , , ,0.385,-0.709,-110.017
 09:39:08.111,eb:33:2e:f9:57:b5, 2015-01-01 00:27:43.960,0.065,0.035,1.035,14.954,18.494,-4.761, , , , , , ,0.461,-0.626,-110.045
 09:39:08.111,eb:33:2e:f9:57:b5, 2015-01-01 00:27:43.960,0.048,0.038,1.026,14.465,23.193,-4.089, , , , , , ,0.533,-0.522,-110.061
 09:39:08.111,eb:33:2e:f9:57:b5, 2015-01-01 00:27:43.960,0.02,0.046,1.006,13.855,27.344,-3.296, , , , , , ,0.604,-0.396,-110.078
 09:39:08.133,eb:33:2e:f9:57:b5, 2015-01-01 00:27:43.960,0,0.05,0.983,13.184,29.358,-2.502, , , , , , ,0.681,-0.242,-110.089
 09:39:08.133,eb:33:2e:f9:57:b5, 2015-01-01 00:27:43.960,-0.04,0.044,0.975,12.146,30.457,-1.77, , , , , , ,0.747,-0.093,-110.099
 09:39:08.133,eb:33:2e:f9:57:b5, 2015-01-01 00:27:43.960,0.006,0.047,0.956,11.719,29.236,-0.549, , , , , , ,0.802,0.049,-110.099
 09:39:08.133,eb:33:2e:f9:57:b5, 2015-01-01 00:27:43.960,-0.004,0.033,1.009,12.573,29.663,-0.732, , , , , , ,0.862,0.198,-110.099
 09:39:08.133,eb:33:2e:f9:57:b5, 2015-01-01 00:27:43.960,-0.014,0.043,0.981,12.756,29.968,-0.732, , , , , , ,0.939,0.352,-110.099
 09:39:08.133,eb:33:2e:f9:57:b5, 2015-01-01 00:27:43.960,0.027,0.047,0.979,12.634,28.625,-0.793, , , , , , ,1,0.5,-110.105
 09:39:08.133,eb:33:2e:f9:57:b5, 2015-01-01 00:27:43.960,0.045,0.046,1.057,14.343,27.893,-2.197, , , , , , ,1.066,0.637,-110.105
 09:39:08.133,eb:33:2e:f9:57:b5, 2015-01-01 00:27:43.960,-0.012,0.035,1.072,16.174,29.48,-3.235, , , , , , ,1.143,0.78,-110.121
 09:39:08.179,eb:33:2e:f9:57:b5, 2015-01-01 00:27:43.960,0.025,0.067,1.004,16.541,28.503,-3.052, , , , , , ,1.241,0.934,-110.132
 09:39:08.179,eb:33:2e:f9:57:b5, 2015-01-01 00:27:43.960,-0.014,0.046,0.994,17.029,27.1,-0.977, , , , , , ,1.324,1.071,-110.132
 09:39:08.179,eb:33:2e:f9:57:b5, 2015-01-01 00:27:43.960,-0.018,0.062,0.998,17.212,28.015,-1.953, , , , , , ,1.406,1.208,-110.138
 09:39:08.179,eb:33:2e:f9:57:b5, 2015-01-01 00:27:43.960,-0.008,0.06,0.996,17.334,28.809,-2.38, , , , , , ,1.494,1.351,-110.143
 09:39:08.179,eb:33:2e:f9:57:b5, 2015-01-01 00:27:43.960,-0.004,0.063,1.004,17.639,29.907,-2.808, , , , , , ,1.593,1.505,-110.154
 09:39:08.179,eb:33:2e:f9:57:b5, 2015-01-01 00:27:43.960,-0.003,0.058,1.034,18.677,30.823,-3.113, , , , , , ,1.681,1.653,-110.165
 09:39:08.179,eb:33:2e:f9:57:b5, 2015-01-01 00:27:43.960,0.028,0.048,1.077,20.081,32.043,-3.784, , , , , , ,1.78,1.813,-110.176
 09:39:08.179,eb:33:2e:f9:57:b5, 2015-01-01 00:27:43.960,0.003,0.058,1.061,21.729,34.729,-4.7, , , , , , ,1.884,1.983,-110.193
 09:39:08.224,eb:33:2e:f9:57:b5, 2015-01-01 00:27:43.960,-0.013,0.062,1.034,22.827,36.621,-5.371, , , , , , ,2.005,2.17,-110.209
 09:39:08.224,eb:33:2e:f9:57:b5, 2015-01-01 00:27:43.960,-0.038,0.057,1.031,23.804,38.025,-5.493, , , , , , ,2.12,2.357,-110.231
 09:39:08.224,eb:33:2e:f9:57:b5, 2015-01-01 00:27:43.960,-0.054,0.049,1.043,25.024,39.062,-5.31, , , , , , ,2.241,2.549,-110.248
 09:39:08.224,eb:33:2e:f9:57:b5, 2015-01-01 00:27:43.960,-0.035,0.04,1.066,26.672,38.696,-5.127, , , , , , ,2.373,2.747,-110.264
 09:39:08.224,eb:33:2e:f9:57:b5, 2015-01-01 00:27:43.960,-0.062,0.073,1.023,27.771,38.94,-6.104, , , , , , ,2.521,2.944,-110.286
 09:39:08.224,eb:33:2e:f9:57:b5, 2015-01-01 00:27:43.960,-0.069,0.066,1.021,28.015,38.94,-6.592, , , , , , ,2.659,3.142,-110.308
 09:39:08.224,eb:33:2e:f9:57:b5, 2015-01-01 00:27:43.960,-0.085,0.062,1.012,28.992,38.391,-6.897, , , , , , ,2.796,3.334,-110.33
 09:39:08.224,eb:33:2e:f9:57:b5, 2015-01-01 00:27:43.960,-0.095,0.062,1.005,30.151,36.682,-6.897, , , , , , ,2.944,3.521,-110.358
 09:39:08.291,eb:33:2e:f9:57:b5, 2015-01-01 00:27:44.315,-0.113,0.078,0.965,30.884,33.875,-7.019, , , , , , ,3.109,3.708,-110.38
 09:39:08.291,eb:33:2e:f9:57:b5, 2015-01-01 00:27:44.315,-0.126,0.072,0.984,31.677,30.212,-7.324, , , , , , ,3.263,3.867,-110.407
 09:39:08.291,eb:33:2e:f9:57:b5, 2015-01-01 00:27:44.315,-0.191,0.066,0.995,33.264,26.062,-7.019, , , , , , ,3.422,4.005,-110.435
 09:39:08.291,eb:33:2e:f9:57:b5, 2015-01-01 00:27:44.315,-0.252,0.006,1.076,36.56,22.522,-3.967, , , , , , ,3.593,4.125,-110.457
 09:39:08.291,eb:33:2e:f9:57:b5, 2015-01-01 00:27:44.315,-0.199,-0.043,1.133,41.87,16.907,0.854, , , , , , ,3.807,4.23,-110.451
 09:39:08.291,eb:33:2e:f9:57:b5, 2015-01-01 00:27:44.315,-0.184,0.02,1.073,46.082,10.803,3.113, , , , , , ,4.026,4.296,-110.435
 09:39:08.291,eb:33:2e:f9:57:b5, 2015-01-01 00:27:44.315,-0.211,0.069,1.055,49.072,3.906,3.54, , , , , , ,4.268,4.329,-110.413
 09:39:08.291,eb:33:2e:f9:57:b5, 2015-01-01 00:27:44.315,-0.225,0.015,1.202,53.528,0.854,5.371, , , , , , ,4.526,4.334,-110.391
 09:39:08.313,eb:33:2e:f9:57:b5, 2015-01-01 00:27:44.315,-0.2,-0.01,1.235,57.007,-0.061,7.507, , , , , , ,4.818,4.34,-110.352
 09:39:08.313,eb:33:2e:f9:57:b5, 2015-01-01 00:27:44.315,-0.168,0.014,1.198,61.34,-2.93,9.399, , , , , , ,5.12,4.329,-110.314
 09:39:08.313,eb:33:2e:f9:57:b5, 2015-01-01 00:27:44.315,-0.153,0.062,1.156,64.88,-7.202,9.705, , , , , , ,5.438,4.296,-110.264
 09:39:08.313,eb:33:2e:f9:57:b5, 2015-01-01 00:27:44.315,-0.166,0.052,1.22,68.787,-8.545,10.193, , , , , , ,5.779,4.246,-110.22
 09:39:08.313,eb:33:2e:f9:57:b5, 2015-01-01 00:27:44.315,-0.187,0.035,1.256,73.486,-9.155,10.925, , , , , , ,6.152,4.202,-110.165
 09:39:08.314,eb:33:2e:f9:57:b5, 2015-01-01 00:27:44.315,-0.194,0.03,1.252,78.857,-11.475,12.085, , , , , , ,6.537,4.147,-110.116
 09:39:08.314,eb:33:2e:f9:57:b5, 2015-01-01 00:27:44.315,-0.204,0.025,1.242,84.106,-14.099,13.245, , , , , , ,6.949,4.07,-110.056
 09:39:08.314,eb:33:2e:f9:57:b5, 2015-01-01 00:27:44.315,-0.191,0.012,1.234,90.82,-17.395,14.954, , , , , , ,7.394,3.983,-109.995
 09:39:08.336,eb:33:2e:f9:57:b5, 2015-01-01 00:27:44.315,-0.146,0.02,1.258,96.68,-20.264,15.93, , , , , , ,7.883,3.884,-109.929
 09:39:08.336,eb:33:2e:f9:57:b5, 2015-01-01 00:27:44.315,-0.116,0.026,1.3,103.088,-22.949,16.357, , , , , , ,8.388,3.763,-109.863
 09:39:08.336,eb:33:2e:f9:57:b5, 2015-01-01 00:27:44.315,-0.116,0.042,1.341,109.497,-24.231,16.357, , , , , , ,8.926,3.631,-109.803
 09:39:08.336,eb:33:2e:f9:57:b5, 2015-01-01 00:27:44.315,-0.092,0.032,1.364,116.333,-25.757,16.602, , , , , , ,9.498,3.494,-109.737
 09:39:08.336,eb:33:2e:f9:57:b5, 2015-01-01 00:27:44.315,-0.07,0.033,1.371,124.329,-27.161,16.602, , , , , , ,10.113,3.356,-109.677
 09:39:08.336,eb:33:2e:f9:57:b5, 2015-01-01 00:27:44.315,-0.016,0.058,1.348,132.507,-29.358,16.113, , , , , , ,10.761,3.203,-109.622
 09:39:08.336,eb:33:2e:f9:57:b5, 2015-01-01 00:27:44.315,0.057,0.081,1.406,140.686,-29.785,14.404, , , , , , ,11.453,3.038,-109.572
 09:39:08.336,eb:33:2e:f9:57:b5, 2015-01-01 00:27:44.315,0.13,0.1,1.478,149.231,-28.687,11.902, , , , , , ,12.184,2.878,-109.539
 09:39:08.380,eb:33:2e:f9:57:b5, 2015-01-01 00:27:44.315,0.17,0.104,1.519,158.264,-24.231,8.301, , , , , , ,12.969,2.747,-109.523
 09:39:08.380,eb:33:2e:f9:57:b5, 2015-01-01 00:27:44.315,0.236,0.102,1.509,166.748,-19.104,4.7, , , , , , ,13.782,2.637,-109.517
 09:39:08.380,eb:33:2e:f9:57:b5, 2015-01-01 00:27:44.315,0.256,0.125,1.557,174.438,-11.902,0.427, , , , , , ,14.639,2.56,-109.523
 09:39:08.380,eb:33:2e:f9:57:b5, 2015-01-01 00:27:44.315,0.238,0.138,1.587,182.739,-3.967,-4.028, , , , , , ,15.535,2.527,-109.539
 09:39:08.380,eb:33:2e:f9:57:b5, 2015-01-01 00:27:44.315,0.25,0.125,1.567,191.528,2.686,-7.996, , , , , , ,16.479,2.543,-109.572
 09:39:08.380,eb:33:2e:f9:57:b5, 2015-01-01 00:27:44.315,0.223,0.135,1.549,199.036,10.559,-12.085, , , , , , ,17.457,2.593,-109.611
 09:39:08.380,eb:33:2e:f9:57:b5, 2015-01-01 00:27:44.315,0.189,0.137,1.517,206.116,18.066,-15.747, , , , , , ,18.474,2.686,-109.655
 09:39:08.380,eb:33:2e:f9:57:b5, 2015-01-01 00:27:44.315,0.174,0.116,1.514,214.111,24.963,-19.348, , , , , , ,19.523,2.818,-109.704
 09:39:08.427,eb:33:2e:f9:57:b5, 2015-01-01 00:27:44.315,0.171,0.154,1.551,221.252,31.555,-22.705, , , , , , ,20.621,2.999,-109.753
 09:39:08.427,eb:33:2e:f9:57:b5, 2015-01-01 00:27:44.315,0.188,0.146,1.616,228.699,37.903,-26.367, , , , , , ,21.747,3.208,-109.803
 09:39:08.427,eb:33:2e:f9:57:b5, 2015-01-01 00:27:44.315,0.22,0.079,1.599,238.953,44.922,-29.663, , , , , , ,22.917,3.455,-109.852
 09:39:08.427,eb:33:2e:f9:57:b5, 2015-01-01 00:27:44.315,0.293,0.104,1.57,249.451,49.622,-33.997, , , , , , ,24.137,3.741,-109.907
 09:39:08.427,eb:33:2e:f9:57:b5, 2015-01-01 00:27:44.315,0.286,0.163,1.65,259.277,53.894,-39.124, , , , , , ,25.417,4.059,-109.962
 09:39:08.427,eb:33:2e:f9:57:b5, 2015-01-01 00:27:44.315,0.251,0.127,1.754,272.156,57.8,-43.335, , , , , , ,26.746,4.406,-110.028
 09:39:08.427,eb:33:2e:f9:57:b5, 2015-01-01 00:27:44.315,0.26,0.129,1.875,286.072,58.838,-47.119, , , , , , ,28.141,4.768,-110.094
 09:39:08.427,eb:33:2e:f9:57:b5, 2015-01-01 00:27:44.315,0.234,0.133,1.962,302.673,57.007,-51.392, , , , , , ,29.614,5.142,-110.171
 09:39:08.473,eb:33:2e:f9:57:b5, 2015-01-01 00:27:44.315,0.276,0.182,2.045,322.144,48.584,-57.434, , , , , , ,31.185,5.515,-110.275
 09:39:08.473,eb:33:2e:f9:57:b5, 2015-01-01 00:27:44.315,0.335,0.152,2.213,342.041,39.062,-63.416, , , , , , ,32.838,5.856,-110.424
 09:39:08.473,eb:33:2e:f9:57:b5, 2015-01-01 00:27:44.315,0.498,0.312,2.429,362.732,28.442,-69.153, , , , , , ,34.59,6.18,-110.605
 09:39:08.473,eb:33:2e:f9:57:b5, 2015-01-01 00:27:44.315,0.548,0.369,2.559,380.188,12.085,-78.43, , , , , , ,36.425,6.465,-110.858
 09:39:08.473,eb:33:2e:f9:57:b5, 2015-01-01 00:27:44.315,0.571,0.334,2.739,394.409,3.174,-89.6, , , , , , ,38.342,6.757,-111.176
 09:39:08.473,eb:33:2e:f9:57:b5, 2015-01-01 00:27:44.315,0.665,0.2,3.221,405.212,16.052,-97.839, , , , , , ,40.303,7.092,-111.522
 09:39:08.473,eb:33:2e:f9:57:b5, 2015-01-01 00:27:44.315,0.631,-0.131,3.423,420.471,45.227,-99.854, , , , , , ,42.336,7.542,-111.78
 09:39:08.473,eb:33:2e:f9:57:b5, 2015-01-01 00:27:44.315,0.59,-0.117,3.246,428.284,63.049,-108.398, , , , , , ,44.44,8.102,-111.973
 09:39:08.517,eb:33:2e:f9:57:b5, 2015-01-01 00:27:44.315,0.41,-0.185,3.358,429.932,87.402,-114.746, , , , , , ,46.566,8.778,-112.094
 09:39:08.517,eb:33:2e:f9:57:b5, 2015-01-01 00:27:44.315,0.422,-0.316,3.569,444.092,124.207,-117.554, , , , , , ,48.757,9.575,-112.083
 09:39:08.517,eb:33:2e:f9:57:b5, 2015-01-01 00:27:44.315,0.51,-0.295,3.489,452.759,150.391,-118.652, , , , , , ,51.037,10.481,-111.912
 09:39:08.518,eb:33:2e:f9:57:b5, 2015-01-01 00:27:44.315,0.572,-0.316,3.3,460.693,166.87,-123.352, , , , , , ,53.372,11.448,-111.649
 09:39:08.518,eb:33:2e:f9:57:b5, 2015-01-01 00:27:44.315,0.472,-0.324,3.171,467.834,191.162,-134.277, , , , , , ,55.767,12.502,-111.286
 09:39:08.518,eb:33:2e:f9:57:b5, 2015-01-01 00:27:44.315,0.457,-0.793,3.331,477.417,219.421,-129.639, , , , , , ,58.25,13.629,-110.764
 09:39:08.518,eb:33:2e:f9:57:b5, 2015-01-01 00:27:44.315,0.572,-0.74,2.91,489.624,243.469,-121.277, , , , , , ,60.848,14.755,-110.034
 09:39:08.519,eb:33:2e:f9:57:b5, 2015-01-01 00:27:44.315,0.749,-0.592,2.654,494.08,254.761,-116.333, , , , , , ,63.545,15.859,-109.177
 09:39:08.539,eb:33:2e:f9:57:b5, 2015-01-01 00:27:44.605,0.376,-0.917,2.32,476.624,270.508,-102.844, , , , , , ,66.248,16.919,-108.171
 09:39:08.539,eb:33:2e:f9:57:b5, 2015-01-01 00:27:44.605,0.312,-1.207,0.598,425.72,249.39,-82.764, , , , , , ,68.818,17.842,-107.084
 09:39:08.539,eb:33:2e:f9:57:b5, 2015-01-01 00:27:44.605,0.667,-1.384,-0.975,342.896,196.472,-57.8, , , , , , ,71.005,18.534,-106.122
 09:39:08.539,eb:33:2e:f9:57:b5, 2015-01-01 00:27:44.605,0.965,-1.521,-1.659,249.329,137.939,-46.143, , , , , , ,72.669,19.012,-105.397
 09:39:08.539,eb:33:2e:f9:57:b5, 2015-01-01 00:27:44.605,0.534,-1.066,-0.701,196.899,99.487,-46.448, , , , , , ,73.889,19.402,-104.892
 09:39:08.539,eb:33:2e:f9:57:b5, 2015-01-01 00:27:44.605,0.028,0.07,-0.015,134.888,58.411,-52.612, , , , , , ,74.817,19.742,-104.584
 09:39:08.539,eb:33:2e:f9:57:b5, 2015-01-01 00:27:44.605,0.028,0.603,0.097,30.701,32.104,-45.898, , , , , , ,75.229,20.034,-104.431
 09:39:08.539,eb:33:2e:f9:57:b5, 2015-01-01 00:27:44.605,0.228,-0.101,0.407,-52.917,22.278,-30.884, , , , , , ,75.141,20.248,-104.354
 09:39:08.583,eb:33:2e:f9:57:b5, 2015-01-01 00:27:44.605,0.372,-0.833,0.625,-108.887,21.851,-13.428, , , , , , ,74.718,20.374,-104.282
 09:39:08.583,eb:33:2e:f9:57:b5, 2015-01-01 00:27:44.605,0.277,-1.23,0.909,-152.1,47.241,2.625, , , , , , ,74.097,20.44,-104.106
 09:39:08.583,eb:33:2e:f9:57:b5, 2015-01-01 00:27:44.605,0.223,-1.228,1.062,-180.237,74.707,15.93, , , , , , ,73.367,20.473,-103.755
 09:39:08.583,eb:33:2e:f9:57:b5, 2015-01-01 00:27:44.605,0.287,-0.982,1.115,-191.895,87.219,25.024, , , , , , ,72.587,20.495,-103.293
 09:39:08.583,eb:33:2e:f9:57:b5, 2015-01-01 00:27:44.605,0.335,-0.777,1.084,-195.435,88.806,30.64, , , , , , ,71.774,20.495,-102.799
 09:39:08.583,eb:33:2e:f9:57:b5, 2015-01-01 00:27:44.605,0.371,-0.749,0.889,-195.374,84.106,34.424, , , , , , ,70.966,20.473,-102.305
 09:39:08.583,eb:33:2e:f9:57:b5, 2015-01-01 00:27:44.605,0.414,-0.831,0.604,-192.444,74.524,37.109, , , , , , ,70.159,20.435,-101.843
 09:39:08.583,eb:33:2e:f9:57:b5, 2015-01-01 00:27:44.605,0.451,-0.859,0.325,-189.819,60.12,39.001, , , , , , ,69.34,20.369,-101.442
 09:39:08.630,eb:33:2e:f9:57:b5, 2015-01-01 00:27:44.605,0.452,-0.79,0.141,-190.491,41.504,39.307, , , , , , ,68.489,20.275,-101.124
 09:39:08.630,eb:33:2e:f9:57:b5, 2015-01-01 00:27:44.605,0.44,-0.685,0.042,-195.129,19.714,38.269, , , , , , ,67.599,20.149,-100.909
 09:39:08.630,eb:33:2e:f9:57:b5, 2015-01-01 00:27:44.605,0.42,-0.616,0.003,-203.613,-2.38,37.048, , , , , , ,66.632,19.984,-100.794
 09:39:08.630,eb:33:2e:f9:57:b5, 2015-01-01 00:27:44.605,0.405,-0.598,0,-216.003,-22.339,36.133, , , , , , ,65.583,19.792,-100.789
 09:39:08.630,eb:33:2e:f9:57:b5, 2015-01-01 00:27:44.605,0.394,-0.612,0.044,-231.995,-37.415,36.133, , , , , , ,64.413,19.556,-100.865
 09:39:08.630,eb:33:2e:f9:57:b5, 2015-01-01 00:27:44.605,0.381,-0.631,0.135,-250.244,-46.692,36.682, , , , , , ,63.16,19.297,-100.986
 09:39:08.630,eb:33:2e:f9:57:b5, 2015-01-01 00:27:44.605,0.366,-0.64,0.241,-269.836,-50.842,37.72, , , , , , ,61.798,19.017,-101.124
 09:39:08.630,eb:33:2e:f9:57:b5, 2015-01-01 00:27:44.605,0.347,-0.639,0.334,-290.039,-51.27,39.185, , , , , , ,60.342,18.726,-101.266
 09:39:08.673,eb:33:2e:f9:57:b5, 2015-01-01 00:27:44.605,0.332,-0.633,0.4,-309.998,-50.293,40.649, , , , , , ,58.777,18.419,-101.398
 09:39:08.673,eb:33:2e:f9:57:b5, 2015-01-01 00:27:44.605,0.33,-0.625,0.455,-328.918,-49.683,41.87, , , , , , ,57.134,18.111,-101.503
 09:39:08.673,eb:33:2e:f9:57:b5, 2015-01-01 00:27:44.605,0.328,-0.603,0.523,-348.511,-49.805,43.03, , , , , , ,55.399,17.798,-101.591
 09:39:08.673,eb:33:2e:f9:57:b5, 2015-01-01 00:27:44.605,0.346,-0.561,0.583,-361.328,-52.124,43.03, , , , , , ,53.591,17.474,-101.678
 09:39:08.673,eb:33:2e:f9:57:b5, 2015-01-01 00:27:44.605,0.377,-0.501,0.661,-370.361,-56.03,41.809, , , , , , ,51.713,17.139,-101.777
 09:39:08.673,eb:33:2e:f9:57:b5, 2015-01-01 00:27:44.605,0.405,-0.427,0.72,-376.282,-60.364,39.673, , , , , , ,49.807,16.793,-101.882
 09:39:08.673,eb:33:2e:f9:57:b5, 2015-01-01 00:27:44.605,0.416,-0.348,0.756,-379.944,-65.552,36.743, , , , , , ,47.878,16.441,-101.997
 09:39:08.673,eb:33:2e:f9:57:b5, 2015-01-01 00:27:44.605,0.439,-0.273,0.786,-381.714,-71.899,32.654, , , , , , ,45.934,16.078,-102.14
 09:39:08.720,eb:33:2e:f9:57:b5, 2015-01-01 00:27:44.605,0.444,-0.211,0.838,-381.531,-78.308,28.259, , , , , , ,43.962,15.699,-102.316
 09:39:08.720,eb:33:2e:f9:57:b5, 2015-01-01 00:27:44.605,0.424,-0.155,0.887,-379.7,-85.693,23.56, , , , , , ,42.001,15.309,-102.513
 09:39:08.720,eb:33:2e:f9:57:b5, 2015-01-01 00:27:44.605,0.414,-0.102,0.928,-376.953,-94.604,18.311, , , , , , ,40.051,14.897,-102.739
 09:39:08.720,eb:33:2e:f9:57:b5, 2015-01-01 00:27:44.605,0.395,-0.062,0.995,-373.535,-102.905,13.184, , , , , , ,38.106,14.464,-103.002
 09:39:08.720,eb:33:2e:f9:57:b5, 2015-01-01 00:27:44.605,0.379,-0.04,1.073,-369.873,-110.229,8.728, , , , , , ,36.161,14.002,-103.299
 09:39:08.720,eb:33:2e:f9:57:b5, 2015-01-01 00:27:44.605,0.356,-0.027,1.156,-366.638,-115.234,5.005, , , , , , ,34.244,13.519,-103.612
 09:39:08.720,eb:33:2e:f9:57:b5, 2015-01-01 00:27:44.605,0.321,-0.016,1.239,-364.319,-117.798,2.258, , , , , , ,32.344,13.019,-103.925
 09:39:08.720,eb:33:2e:f9:57:b5, 2015-01-01 00:27:44.605,0.294,-0.008,1.296,-363.281,-119.629,0.305, , , , , , ,30.454,12.508,-104.238
 09:39:08.741,eb:33:2e:f9:57:b5, 2015-01-01 00:27:44.605,0.275,0.002,1.336,-363.22,-120.85,-0.732, , , , , , ,28.553,11.981,-104.551
 09:39:08.741,eb:33:2e:f9:57:b5, 2015-01-01 00:27:44.605,0.266,0.021,1.37,-363.831,-121.948,-1.221, , , , , , ,26.675,11.442,-104.843
 09:39:08.741,eb:33:2e:f9:57:b5, 2015-01-01 00:27:44.605,0.258,0.034,1.419,-363.77,-123.047,-1.77, , , , , , ,24.802,10.893,-105.117
 09:39:08.741,eb:33:2e:f9:57:b5, 2015-01-01 00:27:44.605,0.234,0.055,1.459,-362.366,-124.939,-1.892, , , , , , ,22.939,10.327,-105.386
 09:39:08.741,eb:33:2e:f9:57:b5, 2015-01-01 00:27:44.605,0.228,0.084,1.465,-359.741,-128.845,-1.526, , , , , , ,21.066,9.734,-105.639
 09:39:08.741,eb:33:2e:f9:57:b5, 2015-01-01 00:27:44.605,0.228,0.097,1.512,-356.445,-132.202,-0.61, , , , , , ,19.237,9.119,-105.875
 09:39:08.741,eb:33:2e:f9:57:b5, 2015-01-01 00:27:44.605,0.22,0.1,1.579,-352.722,-134.46,0.793, , , , , , ,17.435,8.481,-106.084
 09:39:08.741,eb:33:2e:f9:57:b5, 2015-01-01 00:27:44.605,0.204,0.101,1.616,-349.426,-136.292,2.686, , , , , , ,15.656,7.833,-106.271
 09:39:08.787,eb:33:2e:f9:57:b5, 2015-01-01 00:27:44.605,0.197,0.088,1.625,-347.046,-138.794,5.188, , , , , , ,13.87,7.152,-106.43
 09:39:08.787,eb:33:2e:f9:57:b5, 2015-01-01 00:27:44.605,0.204,0.065,1.641,-345.154,-141.724,8.179, , , , , , ,12.129,6.46,-106.556
 09:39:08.787,eb:33:2e:f9:57:b5, 2015-01-01 00:27:44.605,0.224,0.044,1.674,-343.14,-145.142,11.292, , , , , , ,10.393,5.74,-106.644
 09:39:08.787,eb:33:2e:f9:57:b5, 2015-01-01 00:27:44.605,0.248,0.031,1.716,-340.149,-149.292,13.855, , , , , , ,8.679,5.004,-106.705
 09:39:08.787,eb:33:2e:f9:57:b5, 2015-01-01 00:27:44.605,0.271,0.032,1.753,-335.571,-155.09,15.442, , , , , , ,6.971,4.23,-106.738
 09:39:08.787,eb:33:2e:f9:57:b5, 2015-01-01 00:27:44.605,0.291,0.048,1.791,-329.346,-162.903,15.869, , , , , , ,5.306,3.428,-106.743
 09:39:08.787,eb:33:2e:f9:57:b5, 2015-01-01 00:27:44.605,0.303,0.076,1.846,-321.594,-171.997,15.137, , , , , , ,3.686,2.582,-106.732
 09:39:08.787,eb:33:2e:f9:57:b5, 2015-01-01 00:27:44.605,0.289,0.117,1.914,-313.354,-181.458,13.306, , , , , , ,2.098,1.686,-106.71
 09:39:08.832,eb:33:2e:f9:57:b5, 2015-01-01 00:27:44.605,0.242,0.151,1.992,-305.054,-190.552,11.169, , , , , , ,0.538,0.742,-106.672
 09:39:08.832,eb:33:2e:f9:57:b5, 2015-01-01 00:27:44.605,0.18,0.174,2.069,-297.668,-199.097,9.338, , , , , , ,-0.961,-0.231,-106.617
 09:39:08.832,eb:33:2e:f9:57:b5, 2015-01-01 00:27:44.605,0.098,0.18,2.16,-292.542,-205.688,9.216, , , , , , ,-2.433,-1.247,-106.54
 09:39:08.832,eb:33:2e:f9:57:b5, 2015-01-01 00:27:44.605,-0.027,0.186,2.265,-291.321,-209.534,11.169, , , , , , ,-3.895,-2.285,-106.43
 09:39:08.832,eb:33:2e:f9:57:b5, 2015-01-01 00:27:44.605,-0.14,0.206,2.365,-296.326,-210.815,16.296, , , , , , ,-5.394,-3.34,-106.276
 09:39:08.832,eb:33:2e:f9:57:b5, 2015-01-01 00:27:44.605,-0.249,0.232,2.433,-304.993,-209.717,22.4, , , , , , ,-6.916,-4.373,-106.068
 09:39:08.832,eb:33:2e:f9:57:b5, 2015-01-01 00:27:44.605,-0.348,0.288,2.483,-315.918,-207.764,29.48, , , , , , ,-8.498,-5.389,-105.793
 09:39:08.832,eb:33:2e:f9:57:b5, 2015-01-01 00:27:44.605,-0.419,0.37,2.524,-326.233,-205.994,36.56, , , , , , ,-10.146,-6.383,-105.458
 09:39:08.876,eb:33:2e:f9:57:b5, 2015-01-01 00:27:44.920,-0.45,0.481,2.601,-333.862,-203.186,43.274, , , , , , ,-11.865,-7.355,-105.057
 09:39:08.876,eb:33:2e:f9:57:b5, 2015-01-01 00:27:44.920,-0.453,0.631,2.729,-337.28,-198.181,49.683, , , , , , ,-13.612,-8.284,-104.606
 09:39:08.876,eb:33:2e:f9:57:b5, 2015-01-01 00:27:44.920,-0.468,0.81,2.898,-336.182,-188.904,56.03, , , , , , ,-15.375,-9.152,-104.095
 09:39:08.876,eb:33:2e:f9:57:b5, 2015-01-01 00:27:44.920,-0.495,0.993,3.065,-330.75,-174.927,62.134, , , , , , ,-17.133,-9.937,-103.552
 09:39:08.876,eb:33:2e:f9:57:b5, 2015-01-01 00:27:44.920,-0.513,1.201,3.186,-322.021,-156.006,68.237, , , , , , ,-18.88,-10.618,-102.975
 09:39:08.876,eb:33:2e:f9:57:b5, 2015-01-01 00:27:44.920,-0.496,1.434,3.245,-311.157,-132.141,74.036, , , , , , ,-20.572,-11.168,-102.382
 09:39:08.876,eb:33:2e:f9:57:b5, 2015-01-01 00:27:44.920,-0.456,1.702,3.23,-298.218,-105.225,78.186, , , , , , ,-22.203,-11.569,-101.805
 09:39:08.876,eb:33:2e:f9:57:b5, 2015-01-01 00:27:44.920,-0.413,2.03,3.095,-283.203,-79.956,79.529, , , , , , ,-23.763,-11.827,-101.255
 09:39:08.899,eb:33:2e:f9:57:b5, 2015-01-01 00:27:44.920,-0.365,2.428,2.841,-265.259,-61.401,76.843, , , , , , ,-25.247,-11.981,-100.745
 09:39:08.899,eb:33:2e:f9:57:b5, 2015-01-01 00:27:44.920,-0.318,2.871,2.52,-242.92,-52.979,68.298, , , , , , ,-26.603,-12.074,-100.289
 09:39:08.899,eb:33:2e:f9:57:b5, 2015-01-01 00:27:44.920,-0.433,3.314,2.169,-213.745,-55.481,53.101, , , , , , ,-27.817,-12.173,-99.893
 09:39:08.899,eb:33:2e:f9:57:b5, 2015-01-01 00:27:44.920,-0.713,3.733,1.703,-177.246,-75.623,32.959, , , , , , ,-28.856,-12.371,-99.547
 09:39:08.899,eb:33:2e:f9:57:b5, 2015-01-01 00:27:44.920,-1.11,4.06,1.3,-136.902,-109.863,11.414, , , , , , ,-29.696,-12.739,-99.218
 09:39:08.899,eb:33:2e:f9:57:b5, 2015-01-01 00:27:44.920,-1.523,4.22,1.18,-96.802,-142.944,-7.019, , , , , , ,-30.333,-13.304,-98.882
 09:39:08.899,eb:33:2e:f9:57:b5, 2015-01-01 00:27:44.920,-1.853,4.235,1.41,-58.533,-158.752,-19.47, , , , , , ,-30.784,-14.008,-98.547
 09:39:08.899,eb:33:2e:f9:57:b5, 2015-01-01 00:27:44.920,-1.996,4.119,1.908,-22.278,-146.179,-24.902, , , , , , ,-31.042,-14.727,-98.24
 09:39:08.944,eb:33:2e:f9:57:b5, 2015-01-01 00:27:44.920,-1.903,3.882,2.488,11.658,-100.586,-24.048, , , , , , ,-31.102,-15.309,-98.026
 09:39:08.944,eb:33:2e:f9:57:b5, 2015-01-01 00:27:44.920,-1.626,3.556,2.905,41.809,-29.785,-20.508, , , , , , ,-30.97,-15.623,-97.965
 09:39:08.944,eb:33:2e:f9:57:b5, 2015-01-01 00:27:44.920,-0.399,3.212,2.933,66.162,46.387,-18.188, , , , , , ,-30.652,-15.601,-98.097
 09:39:08.944,eb:33:2e:f9:57:b5, 2015-01-01 00:27:44.920,1.314,2.161,5.338,236.206,38.818,-86.975, , , , , , ,-29.877,-15.579,-98.377
 09:39:08.944,eb:33:2e:f9:57:b5, 2015-01-01 00:27:44.920,0.27,3.927,4.417,316.589,310.181,-89.783, , , , , , ,-28.114,-14.683,-99.393
 09:39:08.944,eb:33:2e:f9:57:b5, 2015-01-01 00:27:44.920,1.211,1.151,0.114,311.584,179.871,-169.189, , , , , , ,-26.263,-14.062,-100.547
 09:39:08.944,eb:33:2e:f9:57:b5, 2015-01-01 00:27:44.920,0.015,-0.343,0.901,309.082,228.943,-175.11, , , , , , ,-24.395,-13.447,-101.86
 09:39:08.944,eb:33:2e:f9:57:b5, 2015-01-01 00:27:44.920,0.304,-0.176,1.416,303.711,192.383,-165.649, , , , , , ,-22.577,-12.838,-103.074
 09:39:08.988,eb:33:2e:f9:57:b5, 2015-01-01 00:27:44.920,-0.235,-1.155,1.275,312.073,180.115,-130.554, , , , , , ,-20.803,-12.261,-104.128
 09:39:08.988,eb:33:2e:f9:57:b5, 2015-01-01 00:27:44.920,-0.078,-1.52,1.575,334.534,190.979,-85.266, , , , , , ,-19.012,-11.574,-104.941
 09:39:08.988,eb:33:2e:f9:57:b5, 2015-01-01 00:27:44.920,-0.46,-1.159,1.398,354.187,203.186,-54.81, , , , , , ,-17.155,-10.745,-105.579
 09:39:08.988,eb:33:2e:f9:57:b5, 2015-01-01 00:27:44.920,-0.734,-0.665,1.328,361.267,201.782,-25.574, , , , , , ,-15.271,-9.816,-106.046
 09:39:08.988,eb:33:2e:f9:57:b5, 2015-01-01 00:27:44.920,-0.794,0.109,1.088,341.98,180.054,-7.935, , , , , , ,-13.447,-8.904,-106.353
 09:39:08.988,eb:33:2e:f9:57:b5, 2015-01-01 00:27:44.920,-0.591,0.612,1.003,300.232,139.282,0.305, , , , , , ,-11.827,-8.146,-106.54
 09:39:08.988,eb:33:2e:f9:57:b5, 2015-01-01 00:27:44.920,-0.321,0.82,1.177,255.493,119.141,0.122, , , , , , ,-10.443,-7.526,-106.655
 09:39:08.988,eb:33:2e:f9:57:b5, 2015-01-01 00:27:44.920,-0.108,0.678,1.153,213.44,103.149,-2.991, , , , , , ,-9.283,-6.993,-106.76
 09:39:09.035,eb:33:2e:f9:57:b5, 2015-01-01 00:27:44.920,0,0.493,1.238,180.786,93.689,-8.057, , , , , , ,-8.289,-6.504,-106.864
 09:39:09.035,eb:33:2e:f9:57:b5, 2015-01-01 00:27:44.920,-0.037,0.429,1.298,155.151,93.14,-16.235, , , , , , ,-7.454,-6.059,-106.996
 09:39:09.035,eb:33:2e:f9:57:b5, 2015-01-01 00:27:44.920,-0.04,0.279,1.137,137.39,92.224,-21.362, , , , , , ,-6.718,-5.603,-107.15
 09:39:09.035,eb:33:2e:f9:57:b5, 2015-01-01 00:27:44.920,0.01,0.028,0.994,129.761,86.609,-19.47, , , , , , ,-6.042,-5.175,-107.303
 09:39:09.035,eb:33:2e:f9:57:b5, 2015-01-01 00:27:44.920,0.026,-0.088,0.946,126.526,79.895,-13.306, , , , , , ,-5.383,-4.763,-107.424
 09:39:09.035,eb:33:2e:f9:57:b5, 2015-01-01 00:27:44.920,0.126,-0.014,0.929,118.164,75.256,-4.089, , , , , , ,-4.763,-4.389,-107.496
 09:39:09.035,eb:33:2e:f9:57:b5, 2015-01-01 00:27:44.920,0.164,0.299,1.008,99.792,80.139,2.258, , , , , , ,-4.224,-3.999,-107.529
 09:39:09.035,eb:33:2e:f9:57:b5, 2015-01-01 00:27:44.920,0.133,0.398,1.026,81.055,86.304,5.249, , , , , , ,-3.785,-3.582,-107.534
 09:39:09.079,eb:33:2e:f9:57:b5, 2015-01-01 00:27:44.920,0.012,0.355,1.007,66.345,88.562,4.089, , , , , , ,-3.411,-3.131,-107.534
 09:39:09.079,eb:33:2e:f9:57:b5, 2015-01-01 00:27:44.920,-0.107,0.258,0.962,54.932,82.031,2.747, , , , , , ,-3.115,-2.708,-107.545
 09:39:09.079,eb:33:2e:f9:57:b5, 2015-01-01 00:27:44.920,-0.121,0.252,0.967,44.128,73.914,1.465, , , , , , ,-2.867,-2.324,-107.556
 09:39:09.079,eb:33:2e:f9:57:b5, 2015-01-01 00:27:44.920,-0.112,0.225,0.925,33.569,56.091,1.221, , , , , , ,-2.681,-2.01,-107.562
 09:39:09.079,eb:33:2e:f9:57:b5, 2015-01-01 00:27:44.920,-0.161,0.131,0.968,25.879,46.753,0.305, , , , , , ,-2.521,-1.747,-107.573
 09:39:09.079,eb:33:2e:f9:57:b5, 2015-01-01 00:27:44.920,-0.075,0.043,0.949,21.79,35.767,1.404, , , , , , ,-2.411,-1.555,-107.573
 09:39:09.079,eb:33:2e:f9:57:b5, 2015-01-01 00:27:44.920,-0.068,0.008,0.984,19.897,30.884,1.038, , , , , , ,-2.307,-1.39,-107.573
 09:39:09.079,eb:33:2e:f9:57:b5, 2015-01-01 00:27:44.920,-0.083,0.044,0.959,17.029,25.208,0.732, , , , , , ,-2.214,-1.252,-107.573
 09:39:09.102,eb:33:2e:f9:57:b5, 2015-01-01 00:27:44.920,-0.096,0.097,0.92,12.512,17.273,-0.305, , , , , , ,-2.126,-1.143,-107.578
 09:39:09.102,eb:33:2e:f9:57:b5, 2015-01-01 00:27:44.920,-0.045,0.097,0.917,8.24,9.521,-1.221, , , , , , ,-2.082,-1.077,-107.584
 09:39:09.102,eb:33:2e:f9:57:b5, 2015-01-01 00:27:44.920,0.012,0.061,0.958,5.493,4.7,-1.648, , , , , , ,-2.049,-1.049,-107.589
 09:39:09.102,eb:33:2e:f9:57:b5, 2015-01-01 00:27:44.920,0.024,0.031,1.013,4.089,4.272,-2.014, , , , , , ,-2.027,-1.027,-107.6
 09:39:09.102,eb:33:2e:f9:57:b5, 2015-01-01 00:27:44.920,-0.011,0.019,1.026,3.296,5.371,-2.38, , , , , , ,-1.994,-0.994,-107.611
 09:39:09.102,eb:33:2e:f9:57:b5, 2015-01-01 00:27:44.920,-0.046,0.017,1,2.502,4.761,-2.686, , , , , , ,-1.978,-0.972,-107.628
 09:39:09.102,eb:33:2e:f9:57:b5, 2015-01-01 00:27:44.920,-0.051,0.018,0.975,1.709,2.197,-3.113, , , , , , ,-1.972,-0.956,-107.639
 09:39:09.102,eb:33:2e:f9:57:b5, 2015-01-01 00:27:44.920,-0.037,0.017,0.97,1.038,-0.854,-3.723, , , , , , ,-1.967,-0.956,-107.661
 09:39:09.146,eb:33:2e:f9:57:b5, 2015-01-01 00:27:44.920,-0.015,0.008,0.984,0.732,-2.991,-4.272, , , , , , ,-1.945,-0.961,-107.677
 09:39:09.146,eb:33:2e:f9:57:b5, 2015-01-01 00:27:44.920,0.002,0.001,1.005,0.854,-3.54,-4.578, , , , , , ,-1.939,-0.978,-107.699
 09:39:09.146,eb:33:2e:f9:57:b5, 2015-01-01 00:27:44.920,0,-0.001,1.02,1.038,-2.93,-4.822, , , , , , ,-1.939,-1,-107.721
 09:39:09.146,eb:33:2e:f9:57:b5, 2015-01-01 00:27:44.920,-0.006,-0.013,1.022,1.709,-2.197,-4.883, , , , , , ,-1.928,-1.011,-107.743
 09:39:09.146,eb:33:2e:f9:57:b5, 2015-01-01 00:27:44.920,-0.007,-0.028,1.022,3.052,-1.77,-4.944, , , , , , ,-1.901,-1.016,-107.77
 09:39:09.146,eb:33:2e:f9:57:b5, 2015-01-01 00:27:44.920,-0.02,-0.038,1.023,4.761,-1.404,-5.127, , , , , , ,-1.884,-1.027,-107.792
 09:39:09.146,eb:33:2e:f9:57:b5, 2015-01-01 00:27:44.920,0.003,-0.042,1.019,6.592,-1.465,-5.127, , , , , , ,-1.851,-1.033,-107.82
 09:39:09.146,eb:33:2e:f9:57:b5, 2015-01-01 00:27:44.920,0.007,-0.047,1.034,9.155,-0.549,-5.31, , , , , , ,-1.813,-1.044,-107.842
 09:39:09.191,eb:33:2e:f9:57:b5, 2015-01-01 00:27:45.210,0.003,-0.046,1.031,11.536,0.244,-5.615, , , , , , ,-1.747,-1.033,-107.869
 09:39:09.191,eb:33:2e:f9:57:b5, 2015-01-01 00:27:45.210,0.009,-0.04,1.021,13.733,0.488,-6.042, , , , , , ,-1.681,-1.033,-107.902
 09:39:09.191,eb:33:2e:f9:57:b5, 2015-01-01 00:27:45.210,0.025,-0.025,1.02,15.686,0.854,-6.348, , , , , , ,-1.604,-1.033,-107.93
 09:39:09.191,eb:33:2e:f9:57:b5, 2015-01-01 00:27:45.210,0.042,-0.022,1.034,17.09,2.136,-6.714, , , , , , ,-1.527,-1.027,-107.963
 09:39:09.191,eb:33:2e:f9:57:b5, 2015-01-01 00:27:45.210,0.062,-0.023,1.044,18.616,4.578,-6.592, , , , , , ,-1.417,-1.005,-107.996
 09:39:09.191,eb:33:2e:f9:57:b5, 2015-01-01 00:27:45.210,0.065,-0.008,1.041,19.531,7.935,-6.714, , , , , , ,-1.324,-0.972,-108.029
 09:39:09.191,eb:33:2e:f9:57:b5, 2015-01-01 00:27:45.210,0.05,0.004,1.035,19.836,11.597,-6.592, , , , , , ,-1.225,-0.923,-108.067
 09:39:09.191,eb:33:2e:f9:57:b5, 2015-01-01 00:27:45.210,0.023,0.019,1.019,19.531,14.282,-6.409, , , , , , ,-1.126,-0.857,-108.1
 09:39:09.237,eb:33:2e:f9:57:b5, 2015-01-01 00:27:45.210,0.009,0.027,1,19.043,14.648,-6.653, , , , , , ,-1.016,-0.78,-108.133
 09:39:09.237,eb:33:2e:f9:57:b5, 2015-01-01 00:27:45.210,-0.018,0.037,0.985,18.433,13.733,-7.019, , , , , , ,-0.923,-0.709,-108.166
 09:39:09.237,eb:33:2e:f9:57:b5, 2015-01-01 00:27:45.210,-0.035,0.034,0.979,17.883,12.085,-7.202, , , , , , ,-0.835,-0.648,-108.204
 09:39:09.237,eb:33:2e:f9:57:b5, 2015-01-01 00:27:45.210,-0.025,0.018,0.981,17.517,10.498,-6.592, , , , , , ,-0.747,-0.593,-108.237
 09:39:09.237,eb:33:2e:f9:57:b5, 2015-01-01 00:27:45.210,-0.015,0.017,0.983,17.029,9.705,-6.042, , , , , , ,-0.643,-0.533,-108.27
 09:39:09.237,eb:33:2e:f9:57:b5, 2015-01-01 00:27:45.210,-0.007,0.018,0.994,16.846,9.583,-5.615, , , , , , ,-0.56,-0.489,-108.298
 09:39:09.237,eb:33:2e:f9:57:b5, 2015-01-01 00:27:45.210,0.002,0.016,1.001,17.09,9.705,-5.432, , , , , , ,-0.478,-0.439,-108.325
 09:39:09.237,eb:33:2e:f9:57:b5, 2015-01-01 00:27:45.210,-0.001,0.021,0.997,17.395,10.376,-5.554, , , , , , ,-0.39,-0.39,-108.353
 09:39:09.281,eb:33:2e:f9:57:b5, 2015-01-01 00:27:45.210,0.001,0.011,1.011,18.188,10.864,-5.493, , , , , , ,-0.286,-0.33,-108.38
 09:39:09.281,eb:33:2e:f9:57:b5, 2015-01-01 00:27:45.210,0.005,0.018,1.008,18.921,11.475,-5.31, , , , , , ,-0.192,-0.275,-108.408
 09:39:09.281,eb:33:2e:f9:57:b5, 2015-01-01 00:27:45.210,0.009,0.02,1.012,19.226,13.062,-4.639, , , , , , ,-0.099,-0.214,-108.435
 09:39:09.281,eb:33:2e:f9:57:b5, 2015-01-01 00:27:45.210,0.018,0.029,1.007,19.287,14.526,-4.395, , , , , , ,-0.005,-0.143,-108.457
 09:39:09.281,eb:33:2e:f9:57:b5, 2015-01-01 00:27:45.210,0.013,0.039,1.004,19.226,16.418,-4.395, , , , , , ,0.099,-0.06,-108.474
 09:39:09.281,eb:33:2e:f9:57:b5, 2015-01-01 00:27:45.210,0.006,0.035,1.011,19.47,18.188,-4.089, , , , , , ,0.198,0.022,-108.495
 09:39:09.281,eb:33:2e:f9:57:b5, 2015-01-01 00:27:45.210,0.034,0.027,1.026,20.081,19.592,-3.845, , , , , , ,0.297,0.115,-108.517
 09:39:09.282,eb:33:2e:f9:57:b5, 2015-01-01 00:27:45.210,0.044,0.037,1.046,20.691,21.667,-4.211, , , , , , ,0.396,0.22,-108.534
 09:39:09.326,eb:33:2e:f9:57:b5, 2015-01-01 00:27:45.210,0.042,0.047,1.047,21.057,23.804,-4.7, , , , , , ,0.516,0.341,-108.556
 09:39:09.326,eb:33:2e:f9:57:b5, 2015-01-01 00:27:45.210,0.011,0.046,1.048,21.423,26.428,-5.371, , , , , , ,0.621,0.467,-108.578
 09:39:09.326,eb:33:2e:f9:57:b5, 2015-01-01 00:27:45.210,-0.001,0.045,1.026,22.034,27.588,-5.554, , , , , , ,0.725,0.604,-108.605
 09:39:09.326,eb:33:2e:f9:57:b5, 2015-01-01 00:27:45.210,0.003,0.034,1.029,22.827,28.564,-5.676, , , , , , ,0.84,0.747,-108.633
 09:39:09.326,eb:33:2e:f9:57:b5, 2015-01-01 00:27:45.210,-0.013,0.044,1.018,23.376,29.846,-6.104, , , , , , ,0.967,0.901,-108.66
 09:39:09.326,eb:33:2e:f9:57:b5, 2015-01-01 00:27:45.210,-0.022,0.033,1.026,24.048,30.762,-6.042, , , , , , ,1.088,1.055,-108.688
 09:39:09.326,eb:33:2e:f9:57:b5, 2015-01-01 00:27:45.210,-0.004,0.035,1.017,24.78,30.64,-5.737, , , , , , ,1.208,1.208,-108.71
 09:39:09.326,eb:33:2e:f9:57:b5, 2015-01-01 00:27:45.210,-0.034,0.018,0.997,25.574,27.405,-1.648, , , , , , ,1.329,1.351,-108.726
 09:39:09.348,eb:33:2e:f9:57:b5, 2015-01-01 00:27:45.210,-0.018,0.035,1.018,26.428,28.931,-3.479, , , , , , ,1.472,1.5,-108.737
 09:39:09.348,eb:33:2e:f9:57:b5, 2015-01-01 00:27:45.210,-0.044,0.06,1.059,26.733,30.396,-4.883, , , , , , ,1.609,1.648,-108.754
 09:39:09.348,eb:33:2e:f9:57:b5, 2015-01-01 00:27:45.210,-0.042,0.045,1.058,27.527,29.602,-4.333, , , , , , ,1.741,1.802,-108.77
 09:39:09.348,eb:33:2e:f9:57:b5, 2015-01-01 00:27:45.210,-0.017,0.029,1.062,29.114,29.663,-3.601, , , , , , ,1.884,1.945,-108.787
 09:39:09.348,eb:33:2e:f9:57:b5, 2015-01-01 00:27:45.210,-0.042,0.08,1.01,30.457,28.259,-3.906, , , , , , ,2.043,2.098,-108.798
 09:39:09.348,eb:33:2e:f9:57:b5, 2015-01-01 00:27:45.210,-0.082,0.035,1.102,33.142,28.381,-2.869, , , , , , ,2.203,2.241,-108.814
 09:39:09.348,eb:33:2e:f9:57:b5, 2015-01-01 00:27:45.210,-0.001,-0.004,1.138,37.964,24.902,-0.916, , , , , , ,2.379,2.373,-108.814
 09:39:09.348,eb:33:2e:f9:57:b5, 2015-01-01 00:27:45.210,-0.094,0.101,1.057,42.542,17.395,-2.686, , , , , , ,2.582,2.477,-108.82
 09:39:09.394,eb:33:2e:f9:57:b5, 2015-01-01 00:27:45.210,-0.17,-0.008,1.261,48.889,13,-0.732, , , , , , ,2.829,2.554,-108.825
 09:39:09.394,eb:33:2e:f9:57:b5, 2015-01-01 00:27:45.210,-0.136,-0.062,1.291,58.411,6.042,4.028, , , , , , ,3.098,2.598,-108.809
 09:39:09.394,eb:33:2e:f9:57:b5, 2015-01-01 00:27:45.210,-0.124,0.015,1.212,64.636,0.732,5.615, , , , , , ,3.411,2.609,-108.781
 09:39:09.394,eb:33:2e:f9:57:b5, 2015-01-01 00:27:45.210,-0.14,0.017,1.291,69.397,-1.465,5.676, , , , , , ,3.752,2.604,-108.754
 09:39:09.394,eb:33:2e:f9:57:b5, 2015-01-01 00:27:45.210,-0.149,-0.014,1.311,75.317,-5.493,6.287, , , , , , ,4.131,2.587,-108.721
 09:39:09.394,eb:33:2e:f9:57:b5, 2015-01-01 00:27:45.210,-0.163,-0.012,1.283,80.872,-7.324,8.179, , , , , , ,4.521,2.549,-108.688
 09:39:09.394,eb:33:2e:f9:57:b5, 2015-01-01 00:27:45.210,-0.156,0.028,1.268,85.999,-10.681,8.545, , , , , , ,4.944,2.499,-108.649
 09:39:09.394,eb:33:2e:f9:57:b5, 2015-01-01 00:27:45.210,-0.182,0.021,1.327,90.881,-12.817,8.24, , , , , , ,5.389,2.433,-108.611
 09:39:09.439,eb:33:2e:f9:57:b5, 2015-01-01 00:27:45.210,-0.186,-0.029,1.318,96.191,-13,9.338, , , , , , ,5.872,2.373,-108.572
 09:39:09.439,eb:33:2e:f9:57:b5, 2015-01-01 00:27:45.210,-0.122,-0.018,1.295,101.807,-15.442,10.864, , , , , , ,6.372,2.296,-108.528
 09:39:09.439,eb:33:2e:f9:57:b5, 2015-01-01 00:27:45.210,-0.079,0.008,1.311,107.971,-18.494,10.62, , , , , , ,6.899,2.197,-108.484
 09:39:09.439,eb:33:2e:f9:57:b5, 2015-01-01 00:27:45.210,-0.042,0.021,1.318,114.38,-20.508,9.827, , , , , , ,7.46,2.093,-108.446
 09:39:09.439,eb:33:2e:f9:57:b5, 2015-01-01 00:27:45.210,-0.011,0.02,1.344,121.521,-21.423,9.216, , , , , , ,8.064,1.989,-108.413
 09:39:09.439,eb:33:2e:f9:57:b5, 2015-01-01 00:27:45.210,0.021,0.032,1.39,129.272,-21.118,8.423, , , , , , ,8.696,1.879,-108.38
 09:39:09.439,eb:33:2e:f9:57:b5, 2015-01-01 00:27:45.210,0.054,0.049,1.428,137.39,-21.118,6.592, , , , , , ,9.366,1.763,-108.364
 09:39:09.439,eb:33:2e:f9:57:b5, 2015-01-01 00:27:45.210,0.054,0.042,1.432,146.301,-19.287,4.578, , , , , , ,10.08,1.664,-108.353
 09:39:09.483,eb:33:2e:f9:57:b5, 2015-01-01 00:27:45.525,0.075,0.061,1.445,154.419,-16.907,2.441, , , , , , ,10.849,1.577,-108.353
 09:39:09.483,eb:33:2e:f9:57:b5, 2015-01-01 00:27:45.525,0.108,0.049,1.487,162.354,-13.611,0.488, , , , , , ,11.646,1.5,-108.358
 09:39:09.483,eb:33:2e:f9:57:b5, 2015-01-01 00:27:45.525,0.13,0.027,1.485,171.387,-9.216,-1.404, , , , , , ,12.48,1.445,-108.375
 09:39:09.483,eb:33:2e:f9:57:b5, 2015-01-01 00:27:45.525,0.158,0.056,1.506,179.688,-5.859,-4.028, , , , , , ,13.359,1.412,-108.397
 09:39:09.483,eb:33:2e:f9:57:b5, 2015-01-01 00:27:45.525,0.198,0.075,1.504,188.293,-2.869,-7.202, , , , , , ,14.299,1.406,-108.43
 09:39:09.483,eb:33:2e:f9:57:b5, 2015-01-01 00:27:45.525,0.147,0.092,1.523,195.557,1.953,-10.01, , , , , , ,15.26,1.412,-108.474
 09:39:09.484,eb:33:2e:f9:57:b5, 2015-01-01 00:27:45.525,0.096,0.059,1.482,203.43,8.057,-11.475, , , , , , ,16.254,1.456,-108.517
 09:39:09.484,eb:33:2e:f9:57:b5, 2015-01-01 00:27:45.525,0.081,0.071,1.496,210.754,12.512,-13.306, , , , , , ,17.292,1.527,-108.561
 09:39:09.505,eb:33:2e:f9:57:b5, 2015-01-01 00:27:45.525,0.091,0.062,1.554,218.994,16.418,-15.381, , , , , , ,18.38,1.626,-108.605
 09:39:09.505,eb:33:2e:f9:57:b5, 2015-01-01 00:27:45.525,0.163,0.039,1.568,228.943,21.729,-17.029, , , , , , ,19.501,1.747,-108.649
 09:39:09.505,eb:33:2e:f9:57:b5, 2015-01-01 00:27:45.525,0.221,0.079,1.583,240.112,26.001,-20.447, , , , , , ,20.676,1.89,-108.699
 09:39:09.505,eb:33:2e:f9:57:b5, 2015-01-01 00:27:45.525,0.269,0.075,1.583,250.549,30.762,-24.536, , , , , , ,21.907,2.065,-108.748
 09:39:09.505,eb:33:2e:f9:57:b5, 2015-01-01 00:27:45.525,0.289,0.102,1.626,261.475,35.034,-29.541, , , , , , ,23.198,2.28,-108.814
 09:39:09.505,eb:33:2e:f9:57:b5, 2015-01-01 00:27:45.525,0.3,0.148,1.687,271.667,36.804,-34.668, , , , , , ,24.532,2.51,-108.891
 09:39:09.505,eb:33:2e:f9:57:b5, 2015-01-01 00:27:45.525,0.199,0.105,1.802,284.058,40.588,-38.94, , , , , , ,25.922,2.763,-108.973
 09:39:09.505,eb:33:2e:f9:57:b5, 2015-01-01 00:27:45.525,0.226,0.154,1.946,297.729,41.382,-44.25, , , , , , ,27.378,3.043,-109.067
 09:39:09.551,eb:33:2e:f9:57:b5, 2015-01-01 00:27:45.525,0.188,0.062,2.052,313.171,43.274,-46.326, , , , , , ,28.916,3.34,-109.171
 09:39:09.551,eb:33:2e:f9:57:b5, 2015-01-01 00:27:45.525,0.26,0.133,2.222,326.721,41.565,-50.964, , , , , , ,30.515,3.642,-109.281
 09:39:09.551,eb:33:2e:f9:57:b5, 2015-01-01 00:27:45.525,0.424,0.08,2.411,344.116,43.762,-53.711, , , , , , ,32.19,3.961,-109.391
 09:39:09.551,eb:33:2e:f9:57:b5, 2015-01-01 00:27:45.525,0.55,0.077,2.424,364.746,41.504,-58.838, , , , , , ,33.959,4.296,-109.512
 09:39:09.551,eb:33:2e:f9:57:b5, 2015-01-01 00:27:45.525,0.539,0.163,2.43,384.216,33.264,-67.566, , , , , , ,35.837,4.636,-109.666
 09:39:09.551,eb:33:2e:f9:57:b5, 2015-01-01 00:27:45.525,0.533,0.165,2.689,399.414,28.015,-76.538, , , , , , ,37.787,4.971,-109.874
 09:39:09.551,eb:33:2e:f9:57:b5, 2015-01-01 00:27:45.525,0.642,0.067,2.982,415.283,33.63,-81.238, , , , , , ,39.809,5.345,-110.083
 09:39:09.551,eb:33:2e:f9:57:b5, 2015-01-01 00:27:45.525,0.811,0.085,3.069,431.946,38.757,-87.402, , , , , , ,41.918,5.762,-110.281
 09:39:09.596,eb:33:2e:f9:57:b5, 2015-01-01 00:27:45.525,0.732,0.049,3.024,443.726,42.908,-96.619, , , , , , ,44.099,6.235,-110.479
 09:39:09.596,eb:33:2e:f9:57:b5, 2015-01-01 00:27:45.525,0.61,-0.03,3.104,451.965,49.866,-107.666, , , , , , ,46.313,6.762,-110.682
 09:39:09.596,eb:33:2e:f9:57:b5, 2015-01-01 00:27:45.525,0.546,-0.112,3.437,460.388,70.435,-114.685, , , , , , ,48.582,7.383,-110.83
 09:39:09.596,eb:33:2e:f9:57:b5, 2015-01-01 00:27:45.525,0.517,-0.293,3.622,470.52,97.656,-118.774, , , , , , ,50.905,8.113,-110.88
 09:39:09.596,eb:33:2e:f9:57:b5, 2015-01-01 00:27:45.525,0.5,-0.24,3.717,483.154,124.451,-126.404, , , , , , ,53.3,8.948,-110.808
 09:39:09.596,eb:33:2e:f9:57:b5, 2015-01-01 00:27:45.525,0.455,-0.53,3.606,503.296,150.33,-131.531, , , , , , ,55.811,9.877,-110.61
 09:39:09.597,eb:33:2e:f9:57:b5, 2015-01-01 00:27:45.525,0.609,-0.431,3.312,510.62,165.344,-142.09, , , , , , ,58.409,10.893,-110.303
 09:39:09.597,eb:33:2e:f9:57:b5, 2015-01-01 00:27:45.525,0.533,-1.038,3.35,512.024,197.449,-132.996, , , , , , ,61.051,11.948,-109.858
 09:39:09.641,eb:33:2e:f9:57:b5, 2015-01-01 00:27:45.525,0.604,-1.019,3.024,509.705,226.807,-117.493, , , , , , ,63.748,12.997,-109.171
 09:39:09.642,eb:33:2e:f9:57:b5, 2015-01-01 00:27:45.525,0.563,-0.854,2.401,496.704,243.53,-102.783, , , , , , ,66.467,13.986,-108.298
 09:39:09.642,eb:33:2e:f9:57:b5, 2015-01-01 00:27:45.525,0.588,-0.558,1.799,464.539,250.305,-84.778, , , , , , ,69.115,14.881,-107.281
 09:39:09.642,eb:33:2e:f9:57:b5, 2015-01-01 00:27:45.525,0.45,-1.11,0.384,405.579,239.258,-67.993, , , , , , ,71.554,15.645,-106.21
 09:39:09.642,eb:33:2e:f9:57:b5, 2015-01-01 00:27:45.525,0.665,-1.301,-0.712,331.482,205.383,-51.636, , , , , , ,73.619,16.254,-105.216
 09:39:09.642,eb:33:2e:f9:57:b5, 2015-01-01 00:27:45.525,0.918,-1.166,-0.239,279.48,179.138,-41.077, , , , , , ,75.361,16.721,-104.337
 09:39:09.642,eb:33:2e:f9:57:b5, 2015-01-01 00:27:45.525,-0.243,-1.851,-0.508,248.535,149.353,-50.11, , , , , , ,76.888,17.122,-103.541
 09:39:09.642,eb:33:2e:f9:57:b5, 2015-01-01 00:27:45.525,0.328,0.403,-1.9,101.99,54.138,-43.701, , , , , , ,77.866,17.452,-103.167
 09:39:09.664,eb:33:2e:f9:57:b5, 2015-01-01 00:27:45.525,0.415,0.825,-1.027,-59.57,19.47,-32.41, , , , , , ,77.888,17.666,-103.035
 09:39:09.664,eb:33:2e:f9:57:b5, 2015-01-01 00:27:45.525,0.551,-0.177,0.025,-149.292,-11.658,-20.325, , , , , , ,77.283,17.787,-103.068
 09:39:09.664,eb:33:2e:f9:57:b5, 2015-01-01 00:27:45.525,0.495,-1.153,0.951,-192.139,-12.573,-1.648, , , , , , ,76.36,17.814,-103.162
 09:39:09.664,eb:33:2e:f9:57:b5, 2015-01-01 00:27:45.525,0.347,-1.551,1.209,-223.572,36.621,7.935, , , , , , ,75.333,17.82,-103.057
 09:39:09.664,eb:33:2e:f9:57:b5, 2015-01-01 00:27:45.525,0.593,-1.273,1.055,-239.319,38.33,13.367, , , , , , ,74.218,17.809,-102.854
 09:39:09.664,eb:33:2e:f9:57:b5, 2015-01-01 00:27:45.525,0.554,-1.005,1.303,-238.892,48.645,14.038, , , , , , ,73.087,17.803,-102.612
 09:39:09.664,eb:33:2e:f9:57:b5, 2015-01-01 00:27:45.525,0.52,-0.821,1.262,-230.469,54.932,11.719, , , , , , ,72.004,17.825,-102.321
 09:39:09.664,eb:33:2e:f9:57:b5, 2015-01-01 00:27:45.525,0.527,-0.792,1.071,-219.849,55.786,8.972, , , , , , ,70.972,17.864,-102.025
 09:39:09.710,eb:33:2e:f9:57:b5, 2015-01-01 00:27:45.525,0.516,-0.824,0.76,-210.205,51.147,6.47, , , , , , ,69.972,17.919,-101.755
 09:39:09.710,eb:33:2e:f9:57:b5, 2015-01-01 00:27:45.525,0.527,-0.838,0.423,-205.261,38.696,3.662, , , , , , ,69.005,17.974,-101.53
 09:39:09.710,eb:33:2e:f9:57:b5, 2015-01-01 00:27:45.525,0.479,-0.801,0.179,-207.397,23.499,0.916, , , , , , ,68.022,18.018,-101.371
 09:39:09.710,eb:33:2e:f9:57:b5, 2015-01-01 00:27:45.525,0.419,-0.727,-0.003,-216.431,3.601,-1.831, , , , , , ,66.978,18.04,-101.316
 09:39:09.710,eb:33:2e:f9:57:b5, 2015-01-01 00:27:45.525,0.365,-0.663,-0.101,-230.957,-19.165,-3.479, , , , , , ,65.819,18.034,-101.376
 09:39:09.710,eb:33:2e:f9:57:b5, 2015-01-01 00:27:45.525,0.32,-0.656,-0.103,-249.695,-40.833,-3.296, , , , , , ,64.561,17.979,-101.541
 09:39:09.710,eb:33:2e:f9:57:b5, 2015-01-01 00:27:45.525,0.278,-0.707,-0.011,-270.569,-57.434,-0.916, , , , , , ,63.171,17.88,-101.783
 09:39:09.710,eb:33:2e:f9:57:b5, 2015-01-01 00:27:45.525,0.25,-0.771,0.148,-291.504,-67.017,3.479, , , , , , ,61.661,17.721,-102.074
 09:39:09.798,eb:33:2e:f9:57:b5, 2015-01-01 00:27:45.525,0.225,-0.814,0.34,-310.852,-69.824,9.338, , , , , , ,60.04,17.523,-102.382
 09:39:09.798,eb:33:2e:f9:57:b5, 2015-01-01 00:27:45.525,0.19,-0.82,0.509,-327.698,-66.895,16.357, , , , , , ,58.354,17.287,-102.656
 09:39:09.798,eb:33:2e:f9:57:b5, 2015-01-01 00:27:45.525,0.184,-0.793,0.624,-342.163,-61.89,23.987, , , , , , ,56.602,17.029,-102.876
 09:39:09.798,eb:33:2e:f9:57:b5, 2015-01-01 00:27:45.525,0.195,-0.747,0.712,-354.248,-56.641,31.006, , , , , , ,54.8,16.743,-103.046
 09:39:09.798,eb:33:2e:f9:57:b5, 2015-01-01 00:27:45.525,0.225,-0.678,0.756,-364.197,-52.856,37.292, , , , , , ,52.949,16.441,-103.173
 09:39:09.802,eb:33:2e:f9:57:b5, 2015-01-01 00:27:45.525,0.268,-0.593,0.788,-371.826,-51.636,42.114, , , , , , ,51.081,16.122,-103.255
 09:39:09.802,eb:33:2e:f9:57:b5, 2015-01-01 00:27:45.525,0.303,-0.491,0.794,-377.747,-53.589,45.044, , , , , , ,49.18,15.787,-103.315
 09:39:09.802,eb:33:2e:f9:57:b5, 2015-01-01 00:27:45.525,0.323,-0.393,0.782,-382.507,-59.082,46.448, , , , , , ,47.263,15.425,-103.376
 09:39:09.802,eb:33:2e:f9:57:b5, 2015-01-01 00:27:45.525,0.347,-0.314,0.773,-386.23,-67.81,46.753, , , , , , ,45.297,15.029,-103.453
 09:39:09.802,eb:33:2e:f9:57:b5, 2015-01-01 00:27:45.525,0.376,-0.264,0.811,-388.489,-77.515,45.959, , , , , , ,43.336,14.606,-103.552
 09:39:09.802,eb:33:2e:f9:57:b5, 2015-01-01 00:27:45.525,0.4,-0.222,0.883,-388.611,-86.853,44.617, , , , , , ,41.358,14.145,-103.661
 09:39:09.802,eb:33:2e:f9:57:b5, 2015-01-01 00:27:45.525,0.407,-0.178,0.979,-386.292,-95.032,42.786, , , , , , ,39.391,13.651,-103.799
 09:39:09.802,eb:33:2e:f9:57:b5, 2015-01-01 00:27:45.525,0.397,-0.13,1.076,-381.958,-102.539,40.405, , , , , , ,37.414,13.129,-103.958
 09:39:09.803,eb:33:2e:f9:57:b5, 2015-01-01 00:27:45.525,0.398,-0.084,1.153,-376.953,-109.802,37.598, , , , , , ,35.48,12.585,-104.123
 09:39:09.803,eb:33:2e:f9:57:b5, 2015-01-01 00:27:45.525,0.395,-0.048,1.223,-372.498,-115.906,34.668, , , , , , ,33.569,12.014,-104.299
 09:39:09.803,eb:33:2e:f9:57:b5, 2015-01-01 00:27:45.525,0.381,-0.021,1.293,-369.141,-120.972,31.799, , , , , , ,31.679,11.42,-104.485
 09:39:09.844,eb:33:2e:f9:57:b5, 2015-01-01 00:27:45.835,0.37,0.007,1.36,-366.943,-124.695,28.992, , , , , , ,29.784,10.811,-104.678
 09:39:09.844,eb:33:2e:f9:57:b5, 2015-01-01 00:27:45.835,0.371,0.04,1.43,-366.028,-127.075,26.062, , , , , , ,27.916,10.19,-104.87
 09:39:09.844,eb:33:2e:f9:57:b5, 2015-01-01 00:27:45.835,0.328,0.083,1.487,-366.516,-128.662,22.888, , , , , , ,26.054,9.564,-105.051
 09:39:09.844,eb:33:2e:f9:57:b5, 2015-01-01 00:27:45.835,0.318,0.133,1.517,-368.103,-130.31,19.836, , , , , , ,24.186,8.926,-105.233
 09:39:09.844,eb:33:2e:f9:57:b5, 2015-01-01 00:27:45.835,0.315,0.178,1.533,-370.422,-133.85,15.808, , , , , , ,22.291,8.278,-105.425
 09:39:09.844,eb:33:2e:f9:57:b5, 2015-01-01 00:27:45.835,0.302,0.197,1.618,-371.033,-134.766,12.573, , , , , , ,20.407,7.625,-105.606
 09:39:09.844,eb:33:2e:f9:57:b5, 2015-01-01 00:27:45.835,0.297,0.204,1.713,-369.568,-134.827,9.644, , , , , , ,18.534,6.971,-105.776
 09:39:09.844,eb:33:2e:f9:57:b5, 2015-01-01 00:27:45.835,0.281,0.202,1.804,-366.333,-133.606,7.324, , , , , , ,16.672,6.317,-105.947
 09:39:09.866,eb:33:2e:f9:57:b5, 2015-01-01 00:27:45.835,0.267,0.199,1.85,-361.755,-132.874,5.676, , , , , , ,14.815,5.663,-106.1
 09:39:09.866,eb:33:2e:f9:57:b5, 2015-01-01 00:27:45.835,0.252,0.199,1.863,-356.75,-133.24,4.395, , , , , , ,13.008,5.01,-106.238
 09:39:09.866,eb:33:2e:f9:57:b5, 2015-01-01 00:27:45.835,0.242,0.201,1.857,-351.685,-135.315,3.357, , , , , , ,11.228,4.351,-106.359
 09:39:09.866,eb:33:2e:f9:57:b5, 2015-01-01 00:27:45.835,0.254,0.199,1.869,-346.558,-138.428,2.441, , , , , , ,9.476,3.669,-106.469
 09:39:09.866,eb:33:2e:f9:57:b5, 2015-01-01 00:27:45.835,0.271,0.19,1.923,-340.942,-140.747,1.77, , , , , , ,7.734,2.966,-106.567
 09:39:09.866,eb:33:2e:f9:57:b5, 2015-01-01 00:27:45.835,0.28,0.19,1.993,-334.656,-141.968,1.343, , , , , , ,6.042,2.263,-106.644
 09:39:09.866,eb:33:2e:f9:57:b5, 2015-01-01 00:27:45.835,0.287,0.198,2.055,-327.393,-142.578,0.916, , , , , , ,4.389,1.555,-106.699
 09:39:09.866,eb:33:2e:f9:57:b5, 2015-01-01 00:27:45.835,0.28,0.212,2.108,-319.397,-143.433,0.854, , , , , , ,2.774,0.84,-106.743
 09:39:09.911,eb:33:2e:f9:57:b5, 2015-01-01 00:27:45.835,0.26,0.245,2.125,-311.646,-146.729,0.793, , , , , , ,1.181,0.104,-106.765
 09:39:09.911,eb:33:2e:f9:57:b5, 2015-01-01 00:27:45.835,0.237,0.284,2.111,-305.908,-153.137,1.16, , , , , , ,-0.357,-0.643,-106.765
 09:39:09.911,eb:33:2e:f9:57:b5, 2015-01-01 00:27:45.835,0.182,0.315,2.111,-303.711,-161.621,2.808, , , , , , ,-1.879,-1.434,-106.738
 09:39:09.911,eb:33:2e:f9:57:b5, 2015-01-01 00:27:45.835,0.099,0.353,2.111,-305.969,-171.265,5.615, , , , , , ,-3.406,-2.269,-106.677
 09:39:09.911,eb:33:2e:f9:57:b5, 2015-01-01 00:27:45.835,0.003,0.388,2.122,-312.683,-181.091,10.254, , , , , , ,-4.982,-3.164,-106.573
 09:39:09.911,eb:33:2e:f9:57:b5, 2015-01-01 00:27:45.835,-0.102,0.421,2.168,-322.266,-189.392,16.846, , , , , , ,-6.586,-4.081,-106.408
 09:39:09.911,eb:33:2e:f9:57:b5, 2015-01-01 00:27:45.835,-0.188,0.476,2.234,-333.252,-195.618,25.085, , , , , , ,-8.251,-5.026,-106.172
 09:39:09.911,eb:33:2e:f9:57:b5, 2015-01-01 00:27:45.835,-0.261,0.528,2.355,-343.079,-197.876,34.546, , , , , , ,-9.976,-5.977,-105.864
 09:39:09.955,eb:33:2e:f9:57:b5, 2015-01-01 00:27:45.835,-0.304,0.621,2.508,-349.304,-195.923,44.25, , , , , , ,-11.772,-6.916,-105.474
 09:39:09.955,eb:33:2e:f9:57:b5, 2015-01-01 00:27:45.835,-0.336,0.775,2.666,-350.22,-190.125,53.955, , , , , , ,-13.585,-7.8,-105.018
 09:39:09.955,eb:33:2e:f9:57:b5, 2015-01-01 00:27:45.835,-0.365,0.956,2.815,-345.093,-182.19,62.683, , , , , , ,-15.403,-8.624,-104.491
 09:39:09.955,eb:33:2e:f9:57:b5, 2015-01-01 00:27:45.835,-0.422,1.145,2.903,-334.9,-173.523,70.068, , , , , , ,-17.188,-9.382,-103.914
 09:39:09.955,eb:33:2e:f9:57:b5, 2015-01-01 00:27:45.835,-0.46,1.337,2.882,-322.205,-166.199,76.233, , , , , , ,-18.946,-10.08,-103.288
 09:39:09.955,eb:33:2e:f9:57:b5, 2015-01-01 00:27:45.835,-0.467,1.51,2.852,-308.594,-158.386,81.421, , , , , , ,-20.638,-10.706,-102.629
 09:39:09.955,eb:33:2e:f9:57:b5, 2015-01-01 00:27:45.835,-0.429,1.692,2.855,-294.8,-146.729,85.571, , , , , , ,-22.269,-11.255,-101.953
 09:39:09.955,eb:33:2e:f9:57:b5, 2015-01-01 00:27:45.835,-0.318,1.944,2.873,-280.64,-129.456,87.036, , , , , , ,-23.84,-11.717,-101.272
 09:39:10.024,eb:33:2e:f9:57:b5, 2015-01-01 00:27:45.835,-0.182,2.284,2.88,-264.526,-106.995,83.618, , , , , , ,-25.34,-12.074,-100.624
 09:39:10.024,eb:33:2e:f9:57:b5, 2015-01-01 00:27:45.835,-0.148,2.691,2.763,-244.019,-85.754,72.693, , , , , , ,-26.724,-12.327,-100.052
 09:39:10.024,eb:33:2e:f9:57:b5, 2015-01-01 00:27:45.835,-0.197,3.151,2.411,-218.201,-78.186,54.321, , , , , , ,-27.971,-12.535,-99.586
 09:39:10.024,eb:33:2e:f9:57:b5, 2015-01-01 00:27:45.835,-0.345,3.596,1.988,-188.354,-87.524,29.968, , , , , , ,-29.059,-12.805,-99.201
 09:39:10.024,eb:33:2e:f9:57:b5, 2015-01-01 00:27:45.835,-0.622,3.926,1.651,-156.677,-108.887,2.38, , , , , , ,-29.982,-13.206,-98.888
 09:39:10.024,eb:33:2e:f9:57:b5, 2015-01-01 00:27:45.835,-1.057,4.087,1.479,-125.549,-132.385,-24.17, , , , , , ,-30.734,-13.777,-98.63
 09:39:10.024,eb:33:2e:f9:57:b5, 2015-01-01 00:27:45.835,-1.38,4.069,1.55,-90.637,-147.766,-49.133, , , , , , ,-31.306,-14.491,-98.427
 09:39:10.024,eb:33:2e:f9:57:b5, 2015-01-01 00:27:45.835,-1.609,3.935,1.848,-62.927,-137.695,-61.462, , , , , , ,-31.712,-15.255,-98.289
 09:39:10.046,eb:33:2e:f9:57:b5, 2015-01-01 00:27:45.835,-1.676,3.744,2.241,-34.912,-103.027,-66.772, , , , , , ,-31.948,-15.93,-98.251
 09:39:10.046,eb:33:2e:f9:57:b5, 2015-01-01 00:27:45.835,-1.588,3.509,2.61,-5.737,-47.913,-66.956, , , , , , ,-32.014,-16.414,-98.35
 09:39:10.046,eb:33:2e:f9:57:b5, 2015-01-01 00:27:45.835,-1.396,3.225,2.782,23.682,17.212,-64.209, , , , , , ,-31.877,-16.628,-98.619
 09:39:10.046,eb:33:2e:f9:57:b5, 2015-01-01 00:27:45.835,-1.16,2.936,2.655,51.208,76.599,-60.913, , , , , , ,-31.553,-16.562,-99.042
 09:39:10.046,eb:33:2e:f9:57:b5, 2015-01-01 00:27:45.835,-0.933,2.663,2.297,74.158,117.432,-58.899, , , , , , ,-31.064,-16.276,-99.591
 09:39:10.046,eb:33:2e:f9:57:b5, 2015-01-01 00:27:45.835,-0.771,2.376,1.873,91.064,136.78,-57.983, , , , , , ,-30.471,-15.864,-100.195
 09:39:10.046,eb:33:2e:f9:57:b5, 2015-01-01 00:27:45.835,0.74,2.05,1.489,115.845,108.154,-65.002, , , , , , ,-29.8,-15.436,-100.811
 09:39:10.046,eb:33:2e:f9:57:b5, 2015-01-01 00:27:45.835,-0.641,-1.464,9.141,249.573,284.912,-91.064, , , , , , ,-28.537,-15.035,-101.585
 09:39:10.068,eb:33:2e:f9:57:b5, 2015-01-01 00:27:45.835,1.382,-0.679,-0.01,252.625,193.481,-104.37, , , , , , ,-26.977,-13.964,-102.673
 09:39:10.068,eb:33:2e:f9:57:b5, 2015-01-01 00:27:45.835,0.213,-1.666,1.275,265.93,142.639,-111.145, , , , , , ,-25.472,-13.585,-103.524
 09:39:10.068,eb:33:2e:f9:57:b5, 2015-01-01 00:27:45.835,0.993,-1.625,0.906,279.236,97.046,-91.309, , , , , , ,-23.939,-13.26,-104.244
 09:39:10.068,eb:33:2e:f9:57:b5, 2015-01-01 00:27:45.835,-0.549,-1.252,0.882,306.885,127.075,-81.36, , , , , , ,-22.33,-12.925,-104.87
 09:39:10.068,eb:33:2e:f9:57:b5, 2015-01-01 00:27:45.835,-0.526,-2.17,1.088,367.859,168.518,-39.49, , , , , , ,-20.479,-12.321,-105.403
 09:39:10.068,eb:33:2e:f9:57:b5, 2015-01-01 00:27:45.835,-0.667,-1.326,1.035,410.4,197.571,-14.221, , , , , , ,-18.413,-11.475,-105.848
 09:39:10.068,eb:33:2e:f9:57:b5, 2015-01-01 00:27:45.835,-0.867,-0.259,1.206,412.17,182.983,-2.563, , , , , , ,-16.276,-10.574,-106.172
 09:39:10.068,eb:33:2e:f9:57:b5, 2015-01-01 00:27:45.835,-0.909,0.486,1.239,384.888,172.424,3.113, , , , , , ,-14.249,-9.728,-106.397
 09:39:10.114,eb:33:2e:f9:57:b5, 2015-01-01 00:27:45.835,-0.389,1.081,1.236,329.041,136.108,7.141, , , , , , ,-12.437,-8.965,-106.556
 09:39:10.114,eb:33:2e:f9:57:b5, 2015-01-01 00:27:45.835,-0.282,1.242,1.492,266.541,113.403,0.244, , , , , , ,-10.975,-8.366,-106.661
 09:39:10.114,eb:33:2e:f9:57:b5, 2015-01-01 00:27:45.835,-0.32,0.974,1.438,214.355,104.858,-10.742, , , , , , ,-9.783,-7.844,-106.793
 09:39:10.114,eb:33:2e:f9:57:b5, 2015-01-01 00:27:45.835,-0.289,0.668,1.327,173.767,99.121,-19.714, , , , , , ,-8.817,-7.355,-106.957
 09:39:10.114,eb:33:2e:f9:57:b5, 2015-01-01 00:27:45.835,-0.189,0.301,1.15,150.146,84.656,-23.132, , , , , , ,-7.987,-6.91,-107.133
 09:39:10.114,eb:33:2e:f9:57:b5, 2015-01-01 00:27:45.835,-0.057,0.13,1.11,136.841,70.312,-23.621, , , , , , ,-7.262,-6.553,-107.303
 09:39:10.114,eb:33:2e:f9:57:b5, 2015-01-01 00:27:45.835,0.03,0.043,1.02,126.77,61.279,-22.949, , , , , , ,-6.592,-6.251,-107.457
 09:39:10.114,eb:33:2e:f9:57:b5, 2015-01-01 00:27:45.835,0.148,0.031,0.985,117.92,57.556,-20.813, , , , , , ,-5.966,-5.971,-107.6
 09:39:10.159,eb:33:2e:f9:57:b5, 2015-01-01 00:27:46.195,0.177,0.113,1.005,107.666,58.655,-19.104, , , , , , ,-5.378,-5.685,-107.726
 09:39:10.159,eb:33:2e:f9:57:b5, 2015-01-01 00:27:46.195,0.123,0.228,1.01,94.849,62.134,-18.005, , , , , , ,-4.867,-5.389,-107.847
 09:39:10.160,eb:33:2e:f9:57:b5, 2015-01-01 00:27:46.195,0.098,0.254,0.99,81.421,64.087,-16.663, , , , , , ,-4.427,-5.087,-107.957
 09:39:10.160,eb:33:2e:f9:57:b5, 2015-01-01 00:27:46.195,0.178,0.227,0.971,68.726,63.049,-13.367, , , , , , ,-4.048,-4.774,-108.056
 09:39:10.160,eb:33:2e:f9:57:b5, 2015-01-01 00:27:46.195,0.244,0.284,1.024,51.88,62.195,-6.836, , , , , , ,-3.735,-4.46,-108.122
 09:39:10.160,eb:33:2e:f9:57:b5, 2015-01-01 00:27:46.195,0.119,0.168,1.086,41.565,70.679,0.061, , , , , , ,-3.51,-4.131,-108.16
 09:39:10.160,eb:33:2e:f9:57:b5, 2015-01-01 00:27:46.195,0.015,0.102,1.048,33.325,73.181,6.836, , , , , , ,-3.329,-3.763,-108.16
 09:39:10.160,eb:33:2e:f9:57:b5, 2015-01-01 00:27:46.195,-0.034,0.038,1.013,28.137,71.289,11.108, , , , , , ,-3.181,-3.4,-108.133
 09:39:10.205,eb:33:2e:f9:57:b5, 2015-01-01 00:27:46.195,-0.054,0.013,0.991,24.109,65.063,11.719, , , , , , ,-3.038,-3.049,-108.089
 09:39:10.205,eb:33:2e:f9:57:b5, 2015-01-01 00:27:46.195,-0.065,0.023,0.956,21.423,57.312,9.705, , , , , , ,-2.928,-2.747,-108.051
 09:39:10.205,eb:33:2e:f9:57:b5, 2015-01-01 00:27:46.195,-0.042,0.032,0.938,18.616,49.255,8.179, , , , , , ,-2.834,-2.483,-108.023
 09:39:10.205,eb:33:2e:f9:57:b5, 2015-01-01 00:27:46.195,-0.003,0.044,0.959,15.442,44.312,7.751, , , , , , ,-2.752,-2.252,-107.99
 09:39:10.205,eb:33:2e:f9:57:b5, 2015-01-01 00:27:46.195,0.007,0.042,0.982,12.329,40.283,7.874, , , , , , ,-2.67,-2.032,-107.963
 09:39:10.205,eb:33:2e:f9:57:b5, 2015-01-01 00:27:46.195,-0.024,0.033,1.003,9.521,37.903,7.629, , , , , , ,-2.615,-1.84,-107.935
 09:39:10.205,eb:33:2e:f9:57:b5, 2015-01-01 00:27:46.195,-0.042,0.027,0.986,7.446,33.569,6.897, , , , , , ,-2.576,-1.659,-107.902
 09:39:10.205,eb:33:2e:f9:57:b5, 2015-01-01 00:27:46.195,-0.06,0.016,0.976,6.348,28.198,5.249, , , , , , ,-2.543,-1.505,-107.88
 09:39:10.248,eb:33:2e:f9:57:b5, 2015-01-01 00:27:46.195,-0.039,-0.001,0.97,6.042,22.583,3.601, , , , , , ,-2.499,-1.373,-107.864
 09:39:10.248,eb:33:2e:f9:57:b5, 2015-01-01 00:27:46.195,-0.014,-0.014,0.99,6.47,18.86,2.258, , , , , , ,-2.472,-1.274,-107.853
 09:39:10.248,eb:33:2e:f9:57:b5, 2015-01-01 00:27:46.195,-0.009,-0.02,1.008,7.08,17.212,1.099, , , , , , ,-2.439,-1.187,-107.847
 09:39:10.248,eb:33:2e:f9:57:b5, 2015-01-01 00:27:46.195,0.002,-0.026,1.015,7.751,16.479,0.305, , , , , , ,-2.401,-1.104,-107.847
 09:39:10.248,eb:33:2e:f9:57:b5, 2015-01-01 00:27:46.195,-0.019,-0.018,1.017,8.179,16.296,-0.61, , , , , , ,-2.346,-1.016,-107.853
 09:39:10.248,eb:33:2e:f9:57:b5, 2015-01-01 00:27:46.195,-0.026,-0.021,1.003,8.728,14.893,-1.465, , , , , , ,-2.302,-0.939,-107.864
 09:39:10.248,eb:33:2e:f9:57:b5, 2015-01-01 00:27:46.195,-0.005,-0.026,1.001,9.033,13.306,-2.014, , , , , , ,-2.258,-0.868,-107.875
 09:39:10.248,eb:33:2e:f9:57:b5, 2015-01-01 00:27:46.195,-0.004,-0.026,1.017,9.216,13.611,-2.258, , , , , , ,-2.214,-0.802,-107.886
 09:39:10.270,eb:33:2e:f9:57:b5, 2015-01-01 00:27:46.195,-0.013,-0.02,1.007,9.277,13.916,-2.014, , , , , , ,-2.153,-0.725,-107.897
 09:39:10.270,eb:33:2e:f9:57:b5, 2015-01-01 00:27:46.195,-0.014,-0.016,1,9.094,14.16,-1.343, , , , , , ,-2.104,-0.659,-107.908
 09:39:10.270,eb:33:2e:f9:57:b5, 2015-01-01 00:27:46.195,-0.011,-0.01,0.987,8.667,13.672,-1.038, , , , , , ,-2.065,-0.588,-107.919
 09:39:10.270,eb:33:2e:f9:57:b5, 2015-01-01 00:27:46.195,0,-0.005,0.978,8.24,12.817,-1.221, , , , , , ,-2.021,-0.522,-107.924
 09:39:10.270,eb:33:2e:f9:57:b5, 2015-01-01 00:27:46.195,0.019,-0.004,0.979,7.874,12.268,-1.465, , , , , , ,-1.967,-0.456,-107.935
 09:39:10.270,eb:33:2e:f9:57:b5, 2015-01-01 00:27:46.195,0.016,0,0.989,7.568,12.817,-1.77, , , , , , ,-1.928,-0.396,-107.941
 09:39:10.270,eb:33:2e:f9:57:b5, 2015-01-01 00:27:46.195,0.022,-0.006,0.993,7.385,13.55,-1.526, , , , , , ,-1.895,-0.33,-107.952
 09:39:10.270,eb:33:2e:f9:57:b5, 2015-01-01 00:27:46.195,0.012,-0.011,0.999,7.751,14.526,-1.526, , , , , , ,-1.857,-0.258,-107.963
 09:39:10.316,eb:33:2e:f9:57:b5, 2015-01-01 00:27:46.195,0.021,-0.01,0.993,7.812,14.954,-1.282, , , , , , ,-1.802,-0.176,-107.968
 09:39:10.316,eb:33:2e:f9:57:b5, 2015-01-01 00:27:46.195,0.017,-0.006,1.001,7.996,15.93,-1.221, , , , , , ,-1.763,-0.099,-107.979
 09:39:10.316,eb:33:2e:f9:57:b5, 2015-01-01 00:27:46.195,0.019,-0.007,1.001,7.996,17.334,-0.854, , , , , , ,-1.725,-0.016,-107.985
 09:39:10.316,eb:33:2e:f9:57:b5, 2015-01-01 00:27:46.195,0.023,-0.005,1.004,8.301,18.372,-0.793, , , , , , ,-1.681,0.066,-107.996
 09:39:10.316,eb:33:2e:f9:57:b5, 2015-01-01 00:27:46.195,0.016,-0.006,1.012,8.789,19.653,-0.977, , , , , , ,-1.626,0.17,-108.001
 09:39:10.316,eb:33:2e:f9:57:b5, 2015-01-01 00:27:46.195,0.013,-0.013,1.015,9.766,20.874,-0.977, , , , , , ,-1.582,0.269,-108.007
 09:39:10.316,eb:33:2e:f9:57:b5, 2015-01-01 00:27:46.195,-0.021,-0.012,1.009,10.437,22.339,-1.038, , , , , , ,-1.527,0.379,-108.012
 09:39:10.316,eb:33:2e:f9:57:b5, 2015-01-01 00:27:46.195,-0.045,0.002,0.979,10.437,21.606,-1.099, , , , , , ,-1.478,0.489,-108.023
 09:39:10.362,eb:33:2e:f9:57:b5, 2015-01-01 00:27:46.195,-0.051,-0.004,0.97,10.498,20.325,-0.61, , , , , , ,-1.412,0.599,-108.029
 09:39:10.362,eb:33:2e:f9:57:b5, 2015-01-01 00:27:46.195,-0.035,-0.011,0.971,10.986,18.311,-0.366, , , , , , ,-1.357,0.692,-108.034
 09:39:10.362,eb:33:2e:f9:57:b5, 2015-01-01 00:27:46.195,-0.015,-0.009,0.987,11.536,17.395,-0.366, , , , , , ,-1.302,0.78,-108.034
 09:39:10.362,eb:33:2e:f9:57:b5, 2015-01-01 00:27:46.195,-0.007,-0.006,1.006,12.207,18.066,-0.61, , , , , , ,-1.241,0.868,-108.04
 09:39:10.362,eb:33:2e:f9:57:b5, 2015-01-01 00:27:46.195,0.002,-0.004,1.013,12.878,18.86,-0.671, , , , , , ,-1.165,0.967,-108.045
 09:39:10.362,eb:33:2e:f9:57:b5, 2015-01-01 00:27:46.195,0.006,-0.004,1.022,13.733,20.386,-0.977, , , , , , ,-1.099,1.066,-108.051
 09:39:10.362,eb:33:2e:f9:57:b5, 2015-01-01 00:27:46.195,-0.003,0,1.031,14.404,21.912,-1.099, , , , , , ,-1.033,1.17,-108.056
 09:39:10.362,eb:33:2e:f9:57:b5, 2015-01-01 00:27:46.195,-0.01,0.01,1.017,14.587,22.949,-0.916, , , , , , ,-0.961,1.285,-108.062
 09:39:10.406,eb:33:2e:f9:57:b5, 2015-01-01 00:27:46.195,-0.022,0.001,1.018,14.832,23.865,-0.305, , , , , , ,-0.868,1.406,-108.067
 09:39:10.406,eb:33:2e:f9:57:b5, 2015-01-01 00:27:46.195,-0.025,-0.005,1.019,15.442,24.231,0.366, , , , , , ,-0.797,1.527,-108.067
 09:39:10.406,eb:33:2e:f9:57:b5, 2015-01-01 00:27:46.195,-0.024,-0.004,1.018,16.235,24.719,0.61, , , , , , ,-0.714,1.648,-108.067
 09:39:10.406,eb:33:2e:f9:57:b5, 2015-01-01 00:27:46.195,-0.021,0.002,1.014,17.151,25.391,0.427, , , , , , ,-0.632,1.774,-108.067
 09:39:10.406,eb:33:2e:f9:57:b5, 2015-01-01 00:27:46.195,-0.036,0.019,1.014,17.7,25.94,0, , , , , , ,-0.533,1.912,-108.062
 09:39:10.406,eb:33:2e:f9:57:b5, 2015-01-01 00:27:46.195,-0.063,0.016,1.006,18.188,26.062,-0.671, , , , , , ,-0.445,2.038,-108.067
 09:39:10.406,eb:33:2e:f9:57:b5, 2015-01-01 00:27:46.195,-0.074,-0.004,1.006,19.165,25.269,-0.61, , , , , , ,-0.352,2.17,-108.073
 09:39:10.406,eb:33:2e:f9:57:b5, 2015-01-01 00:27:46.195,-0.069,0.001,0.997,20.386,23.804,-0.549, , , , , , ,-0.253,2.291,-108.073
 09:39:10.428,eb:33:2e:f9:57:b5, 2015-01-01 00:27:46.485,-0.07,0.003,1.003,21.545,22.888,-0.854, , , , , , ,-0.132,2.411,-108.078
 09:39:10.428,eb:33:2e:f9:57:b5, 2015-01-01 00:27:46.485,-0.061,0.007,1.007,22.644,22.156,-1.099, , , , , , ,-0.022,2.527,-108.078
 09:39:10.428,eb:33:2e:f9:57:b5, 2015-01-01 00:27:46.485,-0.062,0.01,1.018,23.926,21.729,-1.892, , , , , , ,0.088,2.631,-108.089
 09:39:10.428,eb:33:2e:f9:57:b5, 2015-01-01 00:27:46.485,-0.043,0.016,1.014,25.085,20.874,-2.625, , , , , , ,0.209,2.736,-108.1
 09:39:10.428,eb:33:2e:f9:57:b5, 2015-01-01 00:27:46.485,0.002,0.021,1.052,26.611,20.691,-4.15, , , , , , ,0.352,2.851,-108.116
 09:39:10.428,eb:33:2e:f9:57:b5, 2015-01-01 00:27:46.485,0.012,0.045,1.098,27.771,22.583,-6.836, , , , , , ,0.489,2.955,-108.144
 09:39:10.428,eb:33:2e:f9:57:b5, 2015-01-01 00:27:46.485,0.025,0,1.187,29.724,26.55,-8.423, , , , , , ,0.632,3.082,-108.182
 09:39:10.428,eb:33:2e:f9:57:b5, 2015-01-01 00:27:46.485,-0.03,0.006,1.156,32.898,29.968,-9.338, , , , , , ,0.786,3.224,-108.221
 09:39:10.474,eb:33:2e:f9:57:b5, 2015-01-01 00:27:46.485,0.011,-0.042,1.181,37.292,30.518,-7.935, , , , , , ,0.972,3.384,-108.259
 09:39:10.474,eb:33:2e:f9:57:b5, 2015-01-01 00:27:46.485,-0.019,0.013,1.143,40.039,33.386,-7.996, , , , , , ,1.165,3.543,-108.298
 09:39:10.474,eb:33:2e:f9:57:b5, 2015-01-01 00:27:46.485,-0.004,0.013,1.16,42.48,35.095,-7.812, , , , , , ,1.368,3.713,-108.336
 09:39:10.474,eb:33:2e:f9:57:b5, 2015-01-01 00:27:46.485,0.031,0.023,1.181,44.678,37.537,-7.751, , , , , , ,1.588,3.9,-108.369
 09:39:10.474,eb:33:2e:f9:57:b5, 2015-01-01 00:27:46.485,0.057,0.049,1.161,46.387,40.894,-9.216, , , , , , ,1.824,4.103,-108.402
 09:39:10.474,eb:33:2e:f9:57:b5, 2015-01-01 00:27:46.485,0.05,0.09,1.146,47.668,43.335,-12.329, , , , , , ,2.054,4.318,-108.452
 09:39:10.474,eb:33:2e:f9:57:b5, 2015-01-01 00:27:46.485,0.015,0.087,1.143,49.072,44.556,-15.015, , , , , , ,2.291,4.537,-108.512
 09:39:10.476,eb:33:2e:f9:57:b5, 2015-01-01 00:27:46.485,-0.052,0.07,1.141,50.354,46.021,-16.235, , , , , , ,2.538,4.768,-108.583
 09:39:10.519,eb:33:2e:f9:57:b5, 2015-01-01 00:27:46.485,-0.227,0.037,1.188,52.856,46.875,-15.32, , , , , , ,2.802,5.01,-108.649
 09:39:10.519,eb:33:2e:f9:57:b5, 2015-01-01 00:27:46.485,-0.212,-0.08,1.387,61.218,42.603,-9.033, , , , , , ,3.082,5.24,-108.699
 09:39:10.519,eb:33:2e:f9:57:b5, 2015-01-01 00:27:46.485,-0.095,-0.089,1.417,70.74,38.147,-4.578, , , , , , ,3.417,5.438,-108.715
 09:39:10.519,eb:33:2e:f9:57:b5, 2015-01-01 00:27:46.485,-0.102,0.011,1.267,76.965,38.208,-4.272, , , , , , ,3.785,5.63,-108.726
 09:39:10.519,eb:33:2e:f9:57:b5, 2015-01-01 00:27:46.485,-0.089,0.029,1.309,83.74,33.203,-4.395, , , , , , ,4.202,5.812,-108.732
 09:39:10.519,eb:33:2e:f9:57:b5, 2015-01-01 00:27:46.485,-0.106,-0.01,1.386,90.637,32.776,-4.333, , , , , , ,4.642,5.977,-108.743
 09:39:10.519,eb:33:2e:f9:57:b5, 2015-01-01 00:27:46.485,-0.121,-0.02,1.394,96.619,34.18,-4.639, , , , , , ,5.109,6.147,-108.748
 09:39:10.519,eb:33:2e:f9:57:b5, 2015-01-01 00:27:46.485,-0.126,-0.022,1.414,103.76,33.508,-5.005, , , , , , ,5.614,6.317,-108.754
 09:39:10.563,eb:33:2e:f9:57:b5, 2015-01-01 00:27:46.485,-0.14,-0.039,1.409,112.305,32.532,-5.31, , , , , , ,6.169,6.487,-108.765
 09:39:10.563,eb:33:2e:f9:57:b5, 2015-01-01 00:27:46.485,-0.125,0,1.4,120.483,30.762,-5.31, , , , , , ,6.757,6.647,-108.77
 09:39:10.563,eb:33:2e:f9:57:b5, 2015-01-01 00:27:46.485,-0.207,-0.028,1.382,127.93,28.87,-5.92, , , , , , ,7.377,6.795,-108.781
 09:39:10.563,eb:33:2e:f9:57:b5, 2015-01-01 00:27:46.485,-0.217,-0.046,1.306,135.559,26.489,-4.395, , , , , , ,8.036,6.932,-108.787
 09:39:10.563,eb:33:2e:f9:57:b5, 2015-01-01 00:27:46.485,-0.231,-0.056,1.361,143.066,25.024,-3.357, , , , , , ,8.751,7.07,-108.787
 09:39:10.563,eb:33:2e:f9:57:b5, 2015-01-01 00:27:46.485,-0.205,-0.06,1.432,151.428,24.292,-2.014, , , , , , ,9.487,7.191,-108.781
 09:39:10.563,eb:33:2e:f9:57:b5, 2015-01-01 00:27:46.485,-0.068,-0.009,1.435,160.278,22.705,-1.404, , , , , , ,10.272,7.306,-108.765
 09:39:10.563,eb:33:2e:f9:57:b5, 2015-01-01 00:27:46.485,-0.042,0.066,1.446,168.518,20.569,-3.54, , , , , , ,11.102,7.416,-108.759
 09:39:10.609,eb:33:2e:f9:57:b5, 2015-01-01 00:27:46.485,-0.07,-0.013,1.323,177.979,19.47,-6.287, , , , , , ,11.981,7.526,-108.759
 09:39:10.609,eb:33:2e:f9:57:b5, 2015-01-01 00:27:46.485,0.009,-0.004,1.354,187.744,17.822,-9.46, , , , , , ,12.898,7.625,-108.781
 09:39:10.609,eb:33:2e:f9:57:b5, 2015-01-01 00:27:46.485,0.044,0.057,1.497,196.35,20.142,-12.512, , , , , , ,13.859,7.729,-108.814
 09:39:10.609,eb:33:2e:f9:57:b5, 2015-01-01 00:27:46.485,0.071,0.073,1.566,205.566,24.353,-15.625, , , , , , ,14.859,7.855,-108.853
 09:39:10.609,eb:33:2e:f9:57:b5, 2015-01-01 00:27:46.485,0.164,0.11,1.69,213.44,28.32,-18.616, , , , , , ,15.914,8.009,-108.902
 09:39:10.609,eb:33:2e:f9:57:b5, 2015-01-01 00:27:46.485,0.171,0.092,1.858,222.534,36.743,-20.325, , , , , , ,17.001,8.196,-108.951
 09:39:10.609,eb:33:2e:f9:57:b5, 2015-01-01 00:27:46.485,0.224,0.024,1.968,234.985,44.067,-21.545, , , , , , ,18.144,8.421,-108.984
 09:39:10.609,eb:33:2e:f9:57:b5, 2015-01-01 00:27:46.485,0.222,-0.011,2.061,248.474,52.307,-22.766, , , , , , ,19.352,8.69,-109.012
 09:39:10.632,eb:33:2e:f9:57:b5, 2015-01-01 00:27:46.485,0.238,-0.028,2.18,263.489,59.326,-25.574, , , , , , ,20.649,9.003,-109.028
 09:39:10.632,eb:33:2e:f9:57:b5, 2015-01-01 00:27:46.485,0.308,-0.01,2.316,279.48,64.758,-29.053, , , , , , ,22.011,9.344,-109.045
 09:39:10.632,eb:33:2e:f9:57:b5, 2015-01-01 00:27:46.485,0.346,-0.01,2.42,296.082,69.641,-32.837, , , , , , ,23.45,9.717,-109.056
 09:39:10.632,eb:33:2e:f9:57:b5, 2015-01-01 00:27:46.485,0.481,0.114,2.602,313.843,72.571,-37.231, , , , , , ,24.977,10.113,-109.067
 09:39:10.632,eb:33:2e:f9:57:b5, 2015-01-01 00:27:46.485,0.649,0.12,2.64,336.243,67.993,-45.044, , , , , , ,26.62,10.525,-109.1
 09:39:10.632,eb:33:2e:f9:57:b5, 2015-01-01 00:27:46.485,0.772,0.165,2.667,358.765,62.256,-53.833, , , , , , ,28.35,10.926,-109.177
 09:39:10.632,eb:33:2e:f9:57:b5, 2015-01-01 00:27:46.485,0.66,0.104,2.668,377.319,58.777,-65.002, , , , , , ,30.179,11.332,-109.297
 09:39:10.632,eb:33:2e:f9:57:b5, 2015-01-01 00:27:46.485,0.463,0.168,2.757,389.587,59.387,-79.59, , , , , , ,32.069,11.777,-109.457
 09:39:10.675,eb:33:2e:f9:57:b5, 2015-01-01 00:27:46.485,0.339,-0.021,3.134,397.644,70.129,-90.271, , , , , , ,34.008,12.283,-109.649
 09:39:10.675,eb:33:2e:f9:57:b5, 2015-01-01 00:27:46.485,0.308,-0.292,3.323,413.513,91.492,-96.191, , , , , , ,36.008,12.892,-109.797
 09:39:10.675,eb:33:2e:f9:57:b5, 2015-01-01 00:27:46.485,0.402,-0.219,3.216,424.988,110.84,-101.562, , , , , , ,38.095,13.612,-109.88
 09:39:10.675,eb:33:2e:f9:57:b5, 2015-01-01 00:27:46.485,0.423,-0.376,3.125,433.411,124.756,-101.013, , , , , , ,40.232,14.387,-109.902
 09:39:10.675,eb:33:2e:f9:57:b5, 2015-01-01 00:27:46.485,0.443,-0.465,2.447,445.19,119.202,-110.474, , , , , , ,42.446,15.2,-109.885
 09:39:10.675,eb:33:2e:f9:57:b5, 2015-01-01 00:27:46.485,0.396,-0.212,2.493,452.759,117.554,-122.803, , , , , , ,44.687,16.029,-109.907
 09:39:10.675,eb:33:2e:f9:57:b5, 2015-01-01 00:27:46.485,0.416,-0.254,2.816,451.111,125.977,-130.859, , , , , , ,46.945,16.913,-109.918
 09:39:10.675,eb:33:2e:f9:57:b5, 2015-01-01 00:27:46.485,0.264,-0.723,2.836,450.378,152.588,-131.226, , , , , , ,49.224,17.875,-109.83
 09:39:10.721,eb:33:2e:f9:57:b5, 2015-01-01 00:27:46.485,0.559,-0.451,2.732,442.322,180.176,-126.221, , , , , , ,51.531,18.902,-109.578
 09:39:10.721,eb:33:2e:f9:57:b5, 2015-01-01 00:27:46.485,0.693,0.073,2.633,428.284,201.965,-123.901, , , , , , ,53.839,19.973,-109.16
 09:39:10.721,eb:33:2e:f9:57:b5, 2015-01-01 00:27:46.485,0.389,-0.358,2.035,392.517,227.051,-124.512, , , , , , ,56.085,21.11,-108.589
 09:39:10.721,eb:33:2e:f9:57:b5, 2015-01-01 00:27:46.485,0.228,-0.953,0.696,342.163,232.666,-116.272, , , , , , ,58.151,22.242,-107.891
 09:39:10.721,eb:33:2e:f9:57:b5, 2015-01-01 00:27:46.485,0.562,-1.227,0.332,303.955,219.36,-91.248, , , , , , ,60.035,23.258,-107.128
 09:39:10.721,eb:33:2e:f9:57:b5, 2015-01-01 00:27:46.485,0.621,-1.895,0.213,259.46,183.533,-74.036, , , , , , ,61.721,24.099,-106.392
 09:39:10.721,eb:33:2e:f9:57:b5, 2015-01-01 00:27:46.485,0.132,-1.274,-0.899,205.933,145.386,-85.083, , , , , , ,63.111,24.829,-105.793
 09:39:10.721,eb:33:2e:f9:57:b5, 2015-01-01 00:27:46.485,0.329,0.397,-1.334,124.268,61.279,-85.815, , , , , , ,64.012,25.411,-105.546
 09:39:10.789,eb:33:2e:f9:57:b5, 2015-01-01 00:27:46.795,0.192,0.642,0.019,44.312,30.823,-77.881, , , , , , ,64.374,25.873,-105.54
 09:39:10.789,eb:33:2e:f9:57:b5, 2015-01-01 00:27:46.795,0.074,-0.543,0.596,2.625,16.418,-66.406, , , , , , ,64.44,26.241,-105.595
 09:39:10.789,eb:33:2e:f9:57:b5, 2015-01-01 00:27:46.795,0.345,-1.106,0.043,-39.795,-16.541,-48.584, , , , , , ,64.254,26.488,-105.743
 09:39:10.789,eb:33:2e:f9:57:b5, 2015-01-01 00:27:46.795,0.222,-1.405,0.209,-78.247,-20.813,-28.992, , , , , , ,63.847,26.603,-105.947
 09:39:10.789,eb:33:2e:f9:57:b5, 2015-01-01 00:27:46.795,0.114,-1.42,0.585,-96.863,-14.16,-9.949, , , , , , ,63.325,26.642,-106.073
 09:39:10.789,eb:33:2e:f9:57:b5, 2015-01-01 00:27:46.795,0.116,-1.22,0.847,-99.548,-8.85,7.507, , , , , , ,62.803,26.614,-106.128
 09:39:10.789,eb:33:2e:f9:57:b5, 2015-01-01 00:27:46.795,0.134,-1.059,0.827,-96.497,-6.348,23.865, , , , , , ,62.314,26.521,-106.111
 09:39:10.789,eb:33:2e:f9:57:b5, 2015-01-01 00:27:46.795,0.172,-1.047,0.616,-92.712,-7.874,39.307, , , , , , ,61.864,26.356,-106.062
 09:39:10.812,eb:33:2e:f9:57:b5, 2015-01-01 00:27:46.795,0.197,-1.064,0.42,-89.294,-11.963,53.894, , , , , , ,61.436,26.12,-105.991
 09:39:10.812,eb:33:2e:f9:57:b5, 2015-01-01 00:27:46.795,0.206,-0.991,0.288,-87.158,-18.86,66.101, , , , , , ,61.035,25.812,-105.903
 09:39:10.812,eb:33:2e:f9:57:b5, 2015-01-01 00:27:46.795,0.198,-0.869,0.198,-87.341,-28.687,75.562, , , , , , ,60.628,25.439,-105.82
 09:39:10.812,eb:33:2e:f9:57:b5, 2015-01-01 00:27:46.795,0.188,-0.785,0.133,-90.942,-39.978,83.191, , , , , , ,60.205,24.999,-105.771
 09:39:10.812,eb:33:2e:f9:57:b5, 2015-01-01 00:27:46.795,0.188,-0.751,0.084,-99.304,-50.72,89.417, , , , , , ,59.722,24.505,-105.76
 09:39:10.812,eb:33:2e:f9:57:b5, 2015-01-01 00:27:46.795,0.199,-0.724,0.055,-112.671,-59.326,94.36, , , , , , ,59.183,23.961,-105.771
 09:39:10.812,eb:33:2e:f9:57:b5, 2015-01-01 00:27:46.795,0.201,-0.687,0.048,-130.554,-65.552,97.778, , , , , , ,58.557,23.384,-105.787
 09:39:10.812,eb:33:2e:f9:57:b5, 2015-01-01 00:27:46.795,0.2,-0.651,0.067,-151.917,-70.068,99.548, , , , , , ,57.827,22.786,-105.82
 09:39:10.834,eb:33:2e:f9:57:b5, 2015-01-01 00:27:46.795,0.205,-0.625,0.105,-174.988,-72.998,99.915, , , , , , ,56.97,22.17,-105.859
 09:39:10.834,eb:33:2e:f9:57:b5, 2015-01-01 00:27:46.795,0.21,-0.602,0.154,-198.12,-74.89,99.304, , , , , , ,56.014,21.55,-105.897
 09:39:10.834,eb:33:2e:f9:57:b5, 2015-01-01 00:27:46.795,0.213,-0.582,0.201,-220.154,-76.965,97.656, , , , , , ,54.937,20.923,-105.93
 09:39:10.834,eb:33:2e:f9:57:b5, 2015-01-01 00:27:46.795,0.221,-0.567,0.241,-240.112,-80.566,95.276, , , , , , ,53.762,20.303,-105.974
 09:39:10.834,eb:33:2e:f9:57:b5, 2015-01-01 00:27:46.795,0.229,-0.551,0.287,-260.925,-86.914,91.492, , , , , , ,52.465,19.677,-106.04
 09:39:10.834,eb:33:2e:f9:57:b5, 2015-01-01 00:27:46.795,0.232,-0.537,0.323,-273.254,-91.797,88.745, , , , , , ,51.092,19.045,-106.122
 09:39:10.834,eb:33:2e:f9:57:b5, 2015-01-01 00:27:46.795,0.233,-0.511,0.389,-289.978,-98.755,84.045, , , , , , ,49.642,18.408,-106.221
 09:39:10.834,eb:33:2e:f9:57:b5, 2015-01-01 00:27:46.795,0.239,-0.494,0.477,-301.697,-102.661,80.2, , , , , , ,48.12,17.765,-106.337
 09:39:10.880,eb:33:2e:f9:57:b5, 2015-01-01 00:27:46.795,0.243,-0.477,0.596,-310.547,-103.76,76.66, , , , , , ,46.533,17.128,-106.463
 09:39:10.880,eb:33:2e:f9:57:b5, 2015-01-01 00:27:46.795,0.235,-0.451,0.708,-316.406,-102.295,73.608, , , , , , ,44.929,16.496,-106.578
 09:39:10.880,eb:33:2e:f9:57:b5, 2015-01-01 00:27:46.795,0.221,-0.421,0.792,-319.641,-99.365,70.923, , , , , , ,43.308,15.886,-106.672
 09:39:10.880,eb:33:2e:f9:57:b5, 2015-01-01 00:27:46.795,0.211,-0.391,0.856,-320.618,-96.313,68.604, , , , , , ,41.682,15.287,-106.743
 09:39:10.880,eb:33:2e:f9:57:b5, 2015-01-01 00:27:46.795,0.21,-0.354,0.907,-320.74,-93.14,66.956, , , , , , ,40.051,14.705,-106.804
 09:39:10.880,eb:33:2e:f9:57:b5, 2015-01-01 00:27:46.795,0.223,-0.306,0.945,-320.618,-90.21,65.369, , , , , , ,38.436,14.145,-106.842
 09:39:10.880,eb:33:2e:f9:57:b5, 2015-01-01 00:27:46.795,0.232,-0.254,0.958,-321.106,-88.684,63.232, , , , , , ,36.826,13.596,-106.859
 09:39:10.880,eb:33:2e:f9:57:b5, 2015-01-01 00:27:46.795,0.251,-0.199,0.943,-322.815,-89.844,60.425, , , , , , ,35.211,13.052,-106.87
 09:39:10.923,eb:33:2e:f9:57:b5, 2015-01-01 00:27:46.795,0.271,-0.152,0.944,-325.256,-93.079,56.702, , , , , , ,33.569,12.508,-106.891
 09:39:10.923,eb:33:2e:f9:57:b5, 2015-01-01 00:27:46.795,0.303,-0.116,0.966,-327.82,-97.778,52.002, , , , , , ,31.926,11.953,-106.924
 09:39:10.923,eb:33:2e:f9:57:b5, 2015-01-01 00:27:46.795,0.326,-0.08,1.018,-330.017,-102.417,46.631, , , , , , ,30.273,11.398,-106.974
 09:39:10.923,eb:33:2e:f9:57:b5, 2015-01-01 00:27:46.795,0.336,-0.033,1.06,-332.336,-107.117,40.588, , , , , , ,28.597,10.833,-107.051
 09:39:10.923,eb:33:2e:f9:57:b5, 2015-01-01 00:27:46.795,0.359,0.022,1.101,-334.534,-111.45,33.936, , , , , , ,26.895,10.256,-107.15
 09:39:10.923,eb:33:2e:f9:57:b5, 2015-01-01 00:27:46.795,0.377,0.067,1.173,-336.243,-114.563,26.672, , , , , , ,25.197,9.679,-107.265
 09:39:10.923,eb:33:2e:f9:57:b5, 2015-01-01 00:27:46.795,0.381,0.104,1.25,-336.853,-116.455,18.982, , , , , , ,23.489,9.108,-107.402
 09:39:10.923,eb:33:2e:f9:57:b5, 2015-01-01 00:27:46.795,0.376,0.139,1.319,-336.426,-117.798,11.108, , , , , , ,21.78,8.536,-107.567
 09:39:10.970,eb:33:2e:f9:57:b5, 2015-01-01 00:27:46.795,0.377,0.168,1.385,-334.9,-118.958,3.296, , , , , , ,20.056,7.965,-107.754
 09:39:10.970,eb:33:2e:f9:57:b5, 2015-01-01 00:27:46.795,0.371,0.193,1.461,-332.52,-119.507,-3.967, , , , , , ,18.364,7.405,-107.957
 09:39:10.970,eb:33:2e:f9:57:b5, 2015-01-01 00:27:46.795,0.355,0.208,1.525,-329.712,-119.568,-10.803, , , , , , ,16.677,6.844,-108.177
 09:39:10.970,eb:33:2e:f9:57:b5, 2015-01-01 00:27:46.795,0.339,0.208,1.562,-327.087,-119.873,-16.663, , , , , , ,15.007,6.29,-108.408
 09:39:10.970,eb:33:2e:f9:57:b5, 2015-01-01 00:27:46.795,0.326,0.195,1.591,-325.012,-120.544,-21.24, , , , , , ,13.337,5.724,-108.655
 09:39:10.970,eb:33:2e:f9:57:b5, 2015-01-01 00:27:46.795,0.311,0.172,1.626,-323.12,-121.521,-24.475, , , , , , ,11.695,5.153,-108.902
 09:39:10.971,eb:33:2e:f9:57:b5, 2015-01-01 00:27:46.795,0.293,0.147,1.672,-320.557,-122.559,-26.306, , , , , , ,10.063,4.576,-109.144
 09:39:10.971,eb:33:2e:f9:57:b5, 2015-01-01 00:27:46.795,0.273,0.126,1.717,-316.711,-124.756,-26.917, , , , , , ,8.454,3.988,-109.374
 09:39:11.013,eb:33:2e:f9:57:b5, 2015-01-01 00:27:46.795,0.259,0.109,1.76,-311.523,-128.357,-25.94, , , , , , ,6.855,3.367,-109.594
 09:39:11.013,eb:33:2e:f9:57:b5, 2015-01-01 00:27:46.795,0.246,0.097,1.815,-305.481,-132.69,-23.682, , , , , , ,5.301,2.73,-109.786
 09:39:11.013,eb:33:2e:f9:57:b5, 2015-01-01 00:27:46.795,0.234,0.092,1.875,-299.316,-137.146,-20.264, , , , , , ,3.785,2.065,-109.946
 09:39:11.013,eb:33:2e:f9:57:b5, 2015-01-01 00:27:46.795,0.218,0.085,1.933,-293.701,-141.541,-15.686, , , , , , ,2.302,1.368,-110.072
 09:39:11.013,eb:33:2e:f9:57:b5, 2015-01-01 00:27:46.795,0.196,0.078,1.987,-289.49,-146.057,-10.01, , , , , , ,0.829,0.643,-110.154
 09:39:11.013,eb:33:2e:f9:57:b5, 2015-01-01 00:27:46.795,0.164,0.076,2.026,-287.659,-150.94,-3.662, , , , , , ,-0.61,-0.099,-110.187
 09:39:11.013,eb:33:2e:f9:57:b5, 2015-01-01 00:27:46.795,0.117,0.08,2.036,-288.879,-157.043,2.93, , , , , , ,-2.054,-0.873,-110.165
 09:39:11.013,eb:33:2e:f9:57:b5, 2015-01-01 00:27:46.795,0.066,0.084,2.036,-293.701,-166.87,11.169, , , , , , ,-3.516,-1.681,-110.089
 09:39:11.082,eb:33:2e:f9:57:b5, 2015-01-01 00:27:47.085,0.005,0.089,2.058,-298.523,-177.063,18.25, , , , , , ,-5.015,-2.549,-109.946
 09:39:11.082,eb:33:2e:f9:57:b5, 2015-01-01 00:27:47.085,-0.076,0.113,2.102,-302.673,-187.805,25.146, , , , , , ,-6.537,-3.45,-109.742
 09:39:11.082,eb:33:2e:f9:57:b5, 2015-01-01 00:27:47.085,-0.152,0.136,2.152,-304.993,-198.608,32.104, , , , , , ,-8.075,-4.395,-109.473
 09:39:11.082,eb:33:2e:f9:57:b5, 2015-01-01 00:27:47.085,-0.239,0.174,2.252,-304.504,-206.909,38.269, , , , , , ,-9.63,-5.378,-109.133
 09:39:11.082,eb:33:2e:f9:57:b5, 2015-01-01 00:27:47.085,-0.302,0.265,2.331,-301.208,-213.562,43.579, , , , , , ,-11.201,-6.383,-108.737
 09:39:11.082,eb:33:2e:f9:57:b5, 2015-01-01 00:27:47.085,-0.384,0.403,2.415,-296.204,-217.834,48.096, , , , , , ,-12.75,-7.394,-108.281
 09:39:11.082,eb:33:2e:f9:57:b5, 2015-01-01 00:27:47.085,-0.474,0.536,2.515,-289.978,-218.506,52.246, , , , , , ,-14.282,-8.399,-107.776
 09:39:11.082,eb:33:2e:f9:57:b5, 2015-01-01 00:27:47.085,-0.556,0.656,2.64,-283.325,-212.83,56.641, , , , , , ,-15.798,-9.371,-107.221
 09:39:11.083,eb:33:2e:f9:57:b5, 2015-01-01 00:27:47.085,-0.651,0.787,2.813,-277.1,-198.425,61.89, , , , , , ,-17.309,-10.278,-106.633
 09:39:11.083,eb:33:2e:f9:57:b5, 2015-01-01 00:27:47.085,-0.731,0.925,2.974,-271.362,-175.049,68.237, , , , , , ,-18.792,-11.052,-106.024
 09:39:11.083,eb:33:2e:f9:57:b5, 2015-01-01 00:27:47.085,-0.733,1.078,3.06,-265.564,-143.738,75.684, , , , , , ,-20.253,-11.673,-105.408
 09:39:11.083,eb:33:2e:f9:57:b5, 2015-01-01 00:27:47.085,-0.66,1.266,3.073,-258.118,-107.971,82.52, , , , , , ,-21.687,-12.101,-104.804
 09:39:11.083,eb:33:2e:f9:57:b5, 2015-01-01 00:27:47.085,-0.533,1.543,2.993,-247.498,-72.571,86.426, , , , , , ,-23.077,-12.343,-104.233
 09:39:11.083,eb:33:2e:f9:57:b5, 2015-01-01 00:27:47.085,-0.396,1.898,2.78,-232.117,-44.922,84.473, , , , , , ,-24.384,-12.426,-103.716
 09:39:11.083,eb:33:2e:f9:57:b5, 2015-01-01 00:27:47.085,-0.319,2.305,2.424,-210.51,-31.86,75.195, , , , , , ,-25.582,-12.42,-103.271
 09:39:11.083,eb:33:2e:f9:57:b5, 2015-01-01 00:27:47.085,-0.371,2.765,1.935,-183.777,-38.696,58.594, , , , , , ,-26.636,-12.426,-102.892
 09:39:11.126,eb:33:2e:f9:57:b5, 2015-01-01 00:27:47.085,-0.568,3.215,1.437,-154.846,-65.002,36.987, , , , , , ,-27.543,-12.563,-102.557
 09:39:11.126,eb:33:2e:f9:57:b5, 2015-01-01 00:27:47.085,-0.862,3.526,1.143,-125.183,-99.915,14.343, , , , , , ,-28.301,-12.887,-102.244
 09:39:11.126,eb:33:2e:f9:57:b5, 2015-01-01 00:27:47.085,-1.2,3.634,1.173,-94.91,-127.38,-5.066, , , , , , ,-28.905,-13.398,-101.948
 09:39:11.126,eb:33:2e:f9:57:b5, 2015-01-01 00:27:47.085,-1.518,3.602,1.441,-64.392,-136.963,-17.883, , , , , , ,-29.355,-14.019,-101.667
 09:39:11.126,eb:33:2e:f9:57:b5, 2015-01-01 00:27:47.085,-1.711,3.475,1.824,-33.997,-124.817,-23.193, , , , , , ,-29.641,-14.645,-101.431
 09:39:11.126,eb:33:2e:f9:57:b5, 2015-01-01 00:27:47.085,-1.734,3.271,2.232,-3.967,-89.966,-21.973, , , , , , ,-29.767,-15.161,-101.261
 09:39:11.126,eb:33:2e:f9:57:b5, 2015-01-01 00:27:47.085,-1.597,3,2.539,24.536,-37.659,-16.663, , , , , , ,-29.718,-15.469,-101.201
 09:39:11.126,eb:33:2e:f9:57:b5, 2015-01-01 00:27:47.085,-1.345,2.707,2.618,50.171,20.752,-10.498, , , , , , ,-29.504,-15.513,-101.25
 09:39:11.171,eb:33:2e:f9:57:b5, 2015-01-01 00:27:47.085,-1.061,2.458,2.439,71.411,71.838,-5.981, , , , , , ,-29.13,-15.298,-101.42
 09:39:11.171,eb:33:2e:f9:57:b5, 2015-01-01 00:27:47.085,-0.788,2.253,2.108,88.013,106.201,-4.578, , , , , , ,-28.658,-14.903,-101.673
 09:39:11.171,eb:33:2e:f9:57:b5, 2015-01-01 00:27:47.085,-0.571,2.05,1.76,100.952,122.559,-6.653, , , , , , ,-28.098,-14.398,-101.992
 09:39:11.171,eb:33:2e:f9:57:b5, 2015-01-01 00:27:47.085,0.508,1.846,1.452,110.596,122.986,-10.925, , , , , , ,-27.482,-13.87,-102.332
 09:39:11.171,eb:33:2e:f9:57:b5, 2015-01-01 00:27:47.085,2.007,0.602,3.425,207.153,29.663,-68.787, , , , , , ,-26.636,-13.656,-102.651
 09:39:11.171,eb:33:2e:f9:57:b5, 2015-01-01 00:27:47.085,0.512,-0.715,2.736,242.065,231.445,-58.655, , , , , , ,-25.28,-12.843,-103.447
 09:39:11.171,eb:33:2e:f9:57:b5, 2015-01-01 00:27:47.085,1.082,-1.401,0.335,254.089,108.582,-100.342, , , , , , ,-23.89,-12.475,-104.134
 09:39:11.171,eb:33:2e:f9:57:b5, 2015-01-01 00:27:47.085,0.702,-0.531,1.566,249.817,128.296,-98.572, , , , , , ,-22.473,-12.096,-104.859
 09:39:11.217,eb:33:2e:f9:57:b5, 2015-01-01 00:27:47.085,0.757,-1.014,1.03,252.747,123.108,-96.924, , , , , , ,-21.066,-11.706,-105.557
 09:39:11.217,eb:33:2e:f9:57:b5, 2015-01-01 00:27:47.085,-0.116,-0.989,1.42,277.466,168.945,-75.439, , , , , , ,-19.616,-11.157,-106.243
 09:39:11.217,eb:33:2e:f9:57:b5, 2015-01-01 00:27:47.085,-0.616,-1.346,1.031,315.063,202.515,-46.509, , , , , , ,-18.007,-10.349,-106.826
 09:39:11.217,eb:33:2e:f9:57:b5, 2015-01-01 00:27:47.085,-0.574,-0.686,0.966,330.75,207.764,-24.841, , , , , , ,-16.287,-9.393,-107.292
 09:39:11.217,eb:33:2e:f9:57:b5, 2015-01-01 00:27:47.085,-0.884,-0.083,0.884,324.097,182.983,-14.526, , , , , , ,-14.584,-8.476,-107.644
 09:39:11.217,eb:33:2e:f9:57:b5, 2015-01-01 00:27:47.085,-0.768,0.312,0.761,304.871,152.71,-8.667, , , , , , ,-12.98,-7.685,-107.897
 09:39:11.218,eb:33:2e:f9:57:b5, 2015-01-01 00:27:47.085,-0.535,0.712,0.94,266.846,115.723,-12.39, , , , , , ,-11.536,-7.064,-108.083
 09:39:11.218,eb:33:2e:f9:57:b5, 2015-01-01 00:27:47.085,-0.305,0.894,1.201,219.238,84.717,-18.127, , , , , , ,-10.333,-6.614,-108.254
 09:39:11.239,eb:33:2e:f9:57:b5, 2015-01-01 00:27:47.085,-0.185,0.585,1.318,185.669,72.327,-24.658, , , , , , ,-9.305,-6.246,-108.43
 09:39:11.239,eb:33:2e:f9:57:b5, 2015-01-01 00:27:47.085,-0.173,0.398,1.32,160.583,63.232,-31.738, , , , , , ,-8.438,-5.944,-108.622
 09:39:11.239,eb:33:2e:f9:57:b5, 2015-01-01 00:27:47.085,-0.121,0.085,1.17,149.719,57.495,-36.194, , , , , , ,-7.652,-5.674,-108.836
 09:39:11.239,eb:33:2e:f9:57:b5, 2015-01-01 00:27:47.085,-0.045,0.032,1.1,141.418,49.5,-36.56, , , , , , ,-6.91,-5.433,-109.056
 09:39:11.239,eb:33:2e:f9:57:b5, 2015-01-01 00:27:47.085,0.035,0.065,1.127,129.639,46.57,-31.067, , , , , , ,-6.202,-5.213,-109.254
 09:39:11.239,eb:33:2e:f9:57:b5, 2015-01-01 00:27:47.085,0.077,0.098,1.064,116.638,48.828,-23.438, , , , , , ,-5.581,-4.988,-109.407
 09:39:11.239,eb:33:2e:f9:57:b5, 2015-01-01 00:27:47.085,0.091,0.187,1.04,101.318,52.612,-16.113, , , , , , ,-5.037,-4.741,-109.528
 09:39:11.240,eb:33:2e:f9:57:b5, 2015-01-01 00:27:47.085,-0.004,0.165,0.984,90.271,53.04,-11.353, , , , , , ,-4.554,-4.488,-109.616
 09:39:11.284,eb:33:2e:f9:57:b5, 2015-01-01 00:27:47.085,-0.024,0.27,0.973,75.562,50.659,-9.033, , , , , , ,-4.125,-4.219,-109.682
 09:39:11.284,eb:33:2e:f9:57:b5, 2015-01-01 00:27:47.085,-0.01,0.177,0.944,65.247,45.227,-7.446, , , , , , ,-3.779,-3.988,-109.742
 09:39:11.284,eb:33:2e:f9:57:b5, 2015-01-01 00:27:47.085,0.046,0.177,0.955,55.786,40.588,-6.714, , , , , , ,-3.477,-3.779,-109.786
 09:39:11.284,eb:33:2e:f9:57:b5, 2015-01-01 00:27:47.085,0.08,0.113,1.001,49.683,40.405,-5.859, , , , , , ,-3.219,-3.582,-109.83
 09:39:11.284,eb:33:2e:f9:57:b5, 2015-01-01 00:27:47.085,0.102,0.116,1.046,42.603,42.114,-4.272, , , , , , ,-2.972,-3.367,-109.869
 09:39:11.284,eb:33:2e:f9:57:b5, 2015-01-01 00:27:47.085,0.038,0.1,1.068,34.912,45.105,-1.526, , , , , , ,-2.78,-3.153,-109.891
 09:39:11.284,eb:33:2e:f9:57:b5, 2015-01-01 00:27:47.085,-0.005,0.09,1.018,28.259,44.739,1.648, , , , , , ,-2.626,-2.922,-109.896
 09:39:11.284,eb:33:2e:f9:57:b5, 2015-01-01 00:27:47.085,-0.046,0.075,0.973,23.254,39.734,3.54, , , , , , ,-2.499,-2.719,-109.891
 09:39:11.330,eb:33:2e:f9:57:b5, 2015-01-01 00:27:47.085,-0.032,0.073,0.963,18.86,35.583,4.333, , , , , , ,-2.384,-2.521,-109.88
 09:39:11.330,eb:33:2e:f9:57:b5, 2015-01-01 00:27:47.085,-0.044,0.061,0.972,15.991,31.006,3.235, , , , , , ,-2.302,-2.357,-109.869
 09:39:11.330,eb:33:2e:f9:57:b5, 2015-01-01 00:27:47.085,-0.044,0.029,0.962,14.221,25.024,2.258, , , , , , ,-2.23,-2.219,-109.858
 09:39:11.330,eb:33:2e:f9:57:b5, 2015-01-01 00:27:47.085,-0.034,0.015,0.977,12.817,19.958,2.014, , , , , , ,-2.164,-2.109,-109.852
 09:39:11.330,eb:33:2e:f9:57:b5, 2015-01-01 00:27:47.085,-0.02,0.011,0.985,11.841,15.808,2.258, , , , , , ,-2.087,-2.016,-109.841
 09:39:11.330,eb:33:2e:f9:57:b5, 2015-01-01 00:27:47.085,-0.021,0.004,0.992,11.108,12.695,2.441, , , , , , ,-2.032,-1.945,-109.836
 09:39:11.330,eb:33:2e:f9:57:b5, 2015-01-01 00:27:47.085,-0.021,0.005,0.985,10.559,9.338,2.38, , , , , , ,-1.978,-1.895,-109.825
 09:39:11.331,eb:33:2e:f9:57:b5, 2015-01-01 00:27:47.085,-0.028,0.008,0.987,10.315,5.737,1.831, , , , , , ,-1.928,-1.857,-109.814
 09:39:11.373,eb:33:2e:f9:57:b5, 2015-01-01 00:27:47.400,-0.016,-0.005,0.994,10.559,2.686,1.77, , , , , , ,-1.862,-1.829,-109.803
 09:39:11.373,eb:33:2e:f9:57:b5, 2015-01-01 00:27:47.400,0,-0.021,1.011,11.292,0.854,1.709, , , , , , ,-1.807,-1.824,-109.797
 09:39:11.373,eb:33:2e:f9:57:b5, 2015-01-01 00:27:47.400,-0.009,-0.026,1.019,12.451,0.061,1.404, , , , , , ,-1.747,-1.824,-109.786
 09:39:11.373,eb:33:2e:f9:57:b5, 2015-01-01 00:27:47.400,-0.023,-0.017,1.003,13.184,-1.099,0.977, , , , , , ,-1.686,-1.824,-109.781
 09:39:11.373,eb:33:2e:f9:57:b5, 2015-01-01 00:27:47.400,-0.025,-0.011,0.988,13.794,-3.296,0.488, , , , , , ,-1.604,-1.829,-109.775
 09:39:11.373,eb:33:2e:f9:57:b5, 2015-01-01 00:27:47.400,0.009,-0.012,0.993,14.648,-5.615,0.122, , , , , , ,-1.533,-1.857,-109.775
 09:39:11.373,eb:33:2e:f9:57:b5, 2015-01-01 00:27:47.400,0.05,-0.014,1.017,15.564,-6.104,-0.488, , , , , , ,-1.456,-1.884,-109.77
 09:39:11.373,eb:33:2e:f9:57:b5, 2015-01-01 00:27:47.400,0.062,0,1.036,16.174,-4.883,-1.465, , , , , , ,-1.379,-1.917,-109.775
 09:39:11.396,eb:33:2e:f9:57:b5, 2015-01-01 00:27:47.400,0.064,0.005,1.033,16.479,-2.197,-2.014, , , , , , ,-1.28,-1.923,-109.786
 09:39:11.396,eb:33:2e:f9:57:b5, 2015-01-01 00:27:47.400,0.059,0.014,1.023,16.357,0.427,-2.808, , , , , , ,-1.198,-1.928,-109.797
 09:39:11.396,eb:33:2e:f9:57:b5, 2015-01-01 00:27:47.400,0.062,0.022,1.011,15.991,2.441,-3.601, , , , , , ,-1.121,-1.923,-109.814
 09:39:11.396,eb:33:2e:f9:57:b5, 2015-01-01 00:27:47.400,0.073,0.019,1.016,15.991,4.883,-3.967, , , , , , ,-1.038,-1.901,-109.83
 09:39:11.396,eb:33:2e:f9:57:b5, 2015-01-01 00:27:47.400,0.089,0.008,1.029,16.174,8.667,-4.333, , , , , , ,-0.945,-1.857,-109.852
 09:39:11.396,eb:33:2e:f9:57:b5, 2015-01-01 00:27:47.400,0.093,0.009,1.037,16.296,13,-4.822, , , , , , ,-0.862,-1.802,-109.88
 09:39:11.396,eb:33:2e:f9:57:b5, 2015-01-01 00:27:47.400,0.052,0.022,1.027,16.113,16.724,-5.371, , , , , , ,-0.78,-1.73,-109.902
 09:39:11.396,eb:33:2e:f9:57:b5, 2015-01-01 00:27:47.400,0.028,0.021,1.01,16.113,18.494,-5.371, , , , , , ,-0.698,-1.642,-109.935
 09:39:11.441,eb:33:2e:f9:57:b5, 2015-01-01 00:27:47.400,0.022,0.021,1,15.93,19.531,-5.005, , , , , , ,-0.604,-1.538,-109.957
 09:39:11.441,eb:33:2e:f9:57:b5, 2015-01-01 00:27:47.400,-0.006,0.033,0.979,15.442,19.592,-4.639, , , , , , ,-0.527,-1.439,-109.984
 09:39:11.441,eb:33:2e:f9:57:b5, 2015-01-01 00:27:47.400,-0.031,0.021,0.974,14.832,18.921,-4.333, , , , , , ,-0.45,-1.346,-110.006
 09:39:11.441,eb:33:2e:f9:57:b5, 2015-01-01 00:27:47.400,-0.029,-0.006,0.998,15.076,18.005,-3.174, , , , , , ,-0.379,-1.252,-110.023
 09:39:11.441,eb:33:2e:f9:57:b5, 2015-01-01 00:27:47.400,-0.022,0.013,0.974,15.137,16.296,-2.747, , , , , , ,-0.286,-1.159,-110.039
 09:39:11.441,eb:33:2e:f9:57:b5, 2015-01-01 00:27:47.400,-0.01,0.015,0.981,15.32,14.771,-2.625, , , , , , ,-0.209,-1.082,-110.05
 09:39:11.441,eb:33:2e:f9:57:b5, 2015-01-01 00:27:47.400,0.004,0.016,0.991,15.564,13.916,-2.563, , , , , , ,-0.132,-1.016,-110.067
 09:39:11.441,eb:33:2e:f9:57:b5, 2015-01-01 00:27:47.400,0.017,0.014,1.003,15.747,14.771,-2.563, , , , , , ,-0.055,-0.945,-110.078
 09:39:11.486,eb:33:2e:f9:57:b5, 2015-01-01 00:27:47.400,0.035,0.015,1.013,16.113,16.418,-2.197, , , , , , ,0.033,-0.857,-110.089
 09:39:11.486,eb:33:2e:f9:57:b5, 2015-01-01 00:27:47.400,0.044,0.011,1.027,16.968,18.921,-1.831, , , , , , ,0.115,-0.769,-110.099
 09:39:11.486,eb:33:2e:f9:57:b5, 2015-01-01 00:27:47.400,0.038,0.017,1.031,17.456,22.095,-1.709, , , , , , ,0.198,-0.665,-110.105
 09:39:11.486,eb:33:2e:f9:57:b5, 2015-01-01 00:27:47.400,0.038,0.031,1.014,17.639,24.658,-1.709, , , , , , ,0.286,-0.549,-110.116
 09:39:11.486,eb:33:2e:f9:57:b5, 2015-01-01 00:27:47.400,0.036,0.041,1.01,17.456,27.039,-1.953, , , , , , ,0.39,-0.412,-110.121
 09:39:11.486,eb:33:2e:f9:57:b5, 2015-01-01 00:27:47.400,0.041,0.05,1.002,17.151,28.992,-2.136, , , , , , ,0.472,-0.269,-110.132
 09:39:11.486,eb:33:2e:f9:57:b5, 2015-01-01 00:27:47.400,0.047,0.045,1.017,17.212,30.029,-2.747, , , , , , ,0.56,-0.121,-110.143
 09:39:11.486,eb:33:2e:f9:57:b5, 2015-01-01 00:27:47.400,0.054,0.044,1.028,17.334,31.738,-3.357, , , , , , ,0.643,0.027,-110.154
 09:39:11.531,eb:33:2e:f9:57:b5, 2015-01-01 00:27:47.400,0.051,0.053,1.019,17.456,34.241,-4.272, , , , , , ,0.747,0.203,-110.171
 09:39:11.531,eb:33:2e:f9:57:b5, 2015-01-01 00:27:47.400,0.042,0.038,1.053,18.25,36.621,-4.883, , , , , , ,0.835,0.379,-110.193
 09:39:11.531,eb:33:2e:f9:57:b5, 2015-01-01 00:27:47.400,0.022,0.042,1.055,19.47,38.025,-5.676, , , , , , ,0.928,0.566,-110.215
 09:39:11.531,eb:33:2e:f9:57:b5, 2015-01-01 00:27:47.400,0,0.021,1.072,21.667,38.452,-5.859, , , , , , ,1.033,0.758,-110.242
 09:39:11.531,eb:33:2e:f9:57:b5, 2015-01-01 00:27:47.400,-0.03,0.02,1.041,23.926,39.551,-5.859, , , , , , ,1.159,0.961,-110.264
 09:39:11.531,eb:33:2e:f9:57:b5, 2015-01-01 00:27:47.400,-0.042,0.023,1.015,25.146,39.49,-5.493, , , , , , ,1.28,1.159,-110.292
 09:39:11.532,eb:33:2e:f9:57:b5, 2015-01-01 00:27:47.400,-0.051,0.026,1.005,26.184,38.818,-5.188, , , , , , ,1.412,1.357,-110.308
 09:39:11.532,eb:33:2e:f9:57:b5, 2015-01-01 00:27:47.400,-0.061,0.045,0.988,26.611,37.109,-5.066, , , , , , ,1.538,1.544,-110.33
 09:39:11.578,eb:33:2e:f9:57:b5, 2015-01-01 00:27:47.400,-0.052,0.052,0.957,26.978,31.311,-2.258, , , , , , ,1.686,1.725,-110.347
 09:39:11.578,eb:33:2e:f9:57:b5, 2015-01-01 00:27:47.400,-0.038,0.062,0.999,27.344,31.128,-3.906, , , , , , ,1.824,1.879,-110.358
 09:39:11.578,eb:33:2e:f9:57:b5, 2015-01-01 00:27:47.400,-0.016,0.048,1.025,28.32,30.64,-4.578, , , , , , ,1.961,2.038,-110.369
 09:39:11.578,eb:33:2e:f9:57:b5, 2015-01-01 00:27:47.400,-0.002,0.046,1.073,30.09,30.212,-5.554, , , , , , ,2.104,2.186,-110.391
 09:39:11.578,eb:33:2e:f9:57:b5, 2015-01-01 00:27:47.400,-0.018,0.037,1.116,33.264,29.541,-6.47, , , , , , ,2.28,2.346,-110.413
 09:39:11.578,eb:33:2e:f9:57:b5, 2015-01-01 00:27:47.400,-0.043,0.03,1.095,36.133,28.992,-6.47, , , , , , ,2.45,2.488,-110.44
 09:39:11.578,eb:33:2e:f9:57:b5, 2015-01-01 00:27:47.400,-0.137,0.036,1.105,37.842,28.015,-6.226, , , , , , ,2.631,2.631,-110.468
 09:39:11.578,eb:33:2e:f9:57:b5, 2015-01-01 00:27:47.400,-0.168,-0.005,1.118,42.053,21.851,-3.296, , , , , , ,2.834,2.758,-110.484
 09:39:11.600,eb:33:2e:f9:57:b5, 2015-01-01 00:27:47.400,-0.25,-0.007,1.158,49.988,12.024,0.793, , , , , , ,3.082,2.845,-110.484
 09:39:11.600,eb:33:2e:f9:57:b5, 2015-01-01 00:27:47.400,-0.242,-0.04,1.205,56.458,3.296,5.066, , , , , , ,3.351,2.873,-110.462
 09:39:11.600,eb:33:2e:f9:57:b5, 2015-01-01 00:27:47.400,-0.224,-0.041,1.178,61.279,-0.244,9.521, , , , , , ,3.647,2.878,-110.424
 09:39:11.600,eb:33:2e:f9:57:b5, 2015-01-01 00:27:47.400,-0.187,0.016,1.107,65.979,-8.972,11.536, , , , , , ,3.972,2.851,-110.369
 09:39:11.600,eb:33:2e:f9:57:b5, 2015-01-01 00:27:47.400,-0.19,0.032,1.125,70.862,-17.09,11.963, , , , , , ,4.329,2.785,-110.314
 09:39:11.600,eb:33:2e:f9:57:b5, 2015-01-01 00:27:47.400,-0.178,0.005,1.211,75.989,-21.851,12.939, , , , , , ,4.702,2.675,-110.259
 09:39:11.600,eb:33:2e:f9:57:b5, 2015-01-01 00:27:47.400,-0.145,-0.013,1.275,82.397,-25.696,13.977, , , , , , ,5.098,2.549,-110.198
 09:39:11.600,eb:33:2e:f9:57:b5, 2015-01-01 00:27:47.400,-0.136,0.015,1.241,88.989,-30.273,14.099, , , , , , ,5.532,2.401,-110.143
 09:39:11.668,eb:33:2e:f9:57:b5, 2015-01-01 00:27:47.400,-0.118,0.042,1.249,93.14,-33.264,13, , , , , , ,6.01,2.241,-110.089
 09:39:11.668,eb:33:2e:f9:57:b5, 2015-01-01 00:27:47.400,-0.1,-0.009,1.378,98.206,-32.41,13.062, , , , , , ,6.487,2.065,-110.045
 09:39:11.668,eb:33:2e:f9:57:b5, 2015-01-01 00:27:47.400,-0.055,-0.008,1.378,104.675,-31.311,13.489, , , , , , ,6.998,1.901,-109.995
 09:39:11.669,eb:33:2e:f9:57:b5, 2015-01-01 00:27:47.400,-0.022,0.022,1.334,110.84,-31.372,13.123, , , , , , ,7.542,1.736,-109.946
 09:39:11.669,eb:33:2e:f9:57:b5, 2015-01-01 00:27:47.400,-0.01,0.039,1.303,117.126,-32.227,11.841, , , , , , ,8.13,1.577,-109.907
 09:39:11.669,eb:33:2e:f9:57:b5, 2015-01-01 00:27:47.400,0.017,0.045,1.354,122.864,-31.555,10.559, , , , , , ,8.729,1.412,-109.874
 09:39:11.669,eb:33:2e:f9:57:b5, 2015-01-01 00:27:47.400,0.059,0.04,1.388,130.371,-30.579,9.399, , , , , , ,9.366,1.247,-109.847
 09:39:11.669,eb:33:2e:f9:57:b5, 2015-01-01 00:27:47.400,0.083,0.05,1.379,138.123,-29.114,7.08, , , , , , ,10.042,1.093,-109.83
 09:39:11.690,eb:33:2e:f9:57:b5, 2015-01-01 00:27:47.690,0.089,0.056,1.368,145.935,-27.161,4.761, , , , , , ,10.767,0.961,-109.83
 09:39:11.690,eb:33:2e:f9:57:b5, 2015-01-01 00:27:47.690,0.143,0.062,1.399,154.114,-25.208,2.563, , , , , , ,11.519,0.829,-109.836
 09:39:11.690,eb:33:2e:f9:57:b5, 2015-01-01 00:27:47.690,0.205,0.076,1.428,162.537,-22.4,-0.488, , , , , , ,12.316,0.709,-109.858
 09:39:11.690,eb:33:2e:f9:57:b5, 2015-01-01 00:27:47.690,0.216,0.111,1.454,169.617,-16.846,-3.479, , , , , , ,13.151,0.615,-109.885
 09:39:11.690,eb:33:2e:f9:57:b5, 2015-01-01 00:27:47.690,0.158,0.106,1.484,177.002,-10.071,-6.348, , , , , , ,14.03,0.566,-109.929
 09:39:11.690,eb:33:2e:f9:57:b5, 2015-01-01 00:27:47.690,0.149,0.093,1.475,186.707,-4.333,-9.46, , , , , , ,14.941,0.544,-109.973
 09:39:11.690,eb:33:2e:f9:57:b5, 2015-01-01 00:27:47.690,0.124,0.072,1.503,195.007,0,-11.963, , , , , , ,15.897,0.549,-110.028
 09:39:11.690,eb:33:2e:f9:57:b5, 2015-01-01 00:27:47.690,0.099,0.106,1.491,202.82,2.563,-13.916, , , , , , ,16.897,0.577,-110.089
 09:39:11.734,eb:33:2e:f9:57:b5, 2015-01-01 00:27:47.690,0.024,0.093,1.5,210.388,4.272,-15.869, , , , , , ,17.941,0.621,-110.154
 09:39:11.734,eb:33:2e:f9:57:b5, 2015-01-01 00:27:47.690,0.039,0.053,1.529,218.872,6.897,-16.541, , , , , , ,19.017,0.676,-110.226
 09:39:11.734,eb:33:2e:f9:57:b5, 2015-01-01 00:27:47.690,0.072,0.028,1.564,228.577,10.742,-16.785, , , , , , ,20.138,0.747,-110.286
 09:39:11.734,eb:33:2e:f9:57:b5, 2015-01-01 00:27:47.690,0.094,0.038,1.562,239.136,13.184,-17.639, , , , , , ,21.313,0.835,-110.341
 09:39:11.734,eb:33:2e:f9:57:b5, 2015-01-01 00:27:47.690,0.146,0.064,1.575,250.854,12.817,-20.508, , , , , , ,22.549,0.939,-110.407
 09:39:11.734,eb:33:2e:f9:57:b5, 2015-01-01 00:27:47.690,0.191,0.086,1.675,263.062,12.634,-23.621, , , , , , ,23.84,1.038,-110.484
 09:39:11.734,eb:33:2e:f9:57:b5, 2015-01-01 00:27:47.690,0.246,0.095,1.76,275.696,12.451,-26.855, , , , , , ,25.192,1.148,-110.572
 09:39:11.734,eb:33:2e:f9:57:b5, 2015-01-01 00:27:47.690,0.17,0.088,1.884,289.124,12.146,-31.86, , , , , , ,26.603,1.263,-110.682
 09:39:11.801,eb:33:2e:f9:57:b5, 2015-01-01 00:27:47.690,0.159,0.086,2.036,303.894,13.306,-36.255, , , , , , ,28.103,1.406,-110.808
 09:39:11.801,eb:33:2e:f9:57:b5, 2015-01-01 00:27:47.690,0.309,0.11,2.402,316.345,19.531,-39.612, , , , , , ,29.652,1.571,-110.94
 09:39:11.801,eb:33:2e:f9:57:b5, 2015-01-01 00:27:47.690,0.405,-0.048,2.509,334.656,33.752,-40.344, , , , , , ,31.284,1.791,-111.033
 09:39:11.801,eb:33:2e:f9:57:b5, 2015-01-01 00:27:47.690,0.569,0.108,2.443,354.126,37.048,-46.143, , , , , , ,33.014,2.06,-111.121
 09:39:11.801,eb:33:2e:f9:57:b5, 2015-01-01 00:27:47.690,0.55,0.089,2.486,371.216,38.818,-53.162, , , , , , ,34.838,2.368,-111.22
 09:39:11.801,eb:33:2e:f9:57:b5, 2015-01-01 00:27:47.690,0.703,0.218,2.738,383.911,41.87,-60.852, , , , , , ,36.727,2.697,-111.341
 09:39:11.801,eb:33:2e:f9:57:b5, 2015-01-01 00:27:47.690,0.753,0.093,3.097,398.376,59.204,-65.186, , , , , , ,38.683,3.093,-111.429
 09:39:11.801,eb:33:2e:f9:57:b5, 2015-01-01 00:27:47.690,0.851,-0.004,3.102,415.588,76.294,-69.641, , , , , , ,40.721,3.582,-111.467
 09:39:11.801,eb:33:2e:f9:57:b5, 2015-01-01 00:27:47.690,0.936,0.146,2.978,428.589,81.726,-79.529, , , , , , ,42.847,4.142,-111.478
 09:39:11.802,eb:33:2e:f9:57:b5, 2015-01-01 00:27:47.690,0.718,0.03,3.024,436.157,93.201,-89.417, , , , , , ,45.011,4.752,-111.484
 09:39:11.802,eb:33:2e:f9:57:b5, 2015-01-01 00:27:47.690,0.644,-0.206,3.234,446.228,109.375,-94.727, , , , , , ,47.219,5.444,-111.429
 09:39:11.802,eb:33:2e:f9:57:b5, 2015-01-01 00:27:47.690,0.65,-0.163,3.27,459.045,122.742,-101.318, , , , , , ,49.499,6.202,-111.319
 09:39:11.802,eb:33:2e:f9:57:b5, 2015-01-01 00:27:47.690,0.631,-0.252,3.408,476.074,140.564,-107.727, , , , , , ,51.861,7.026,-111.138
 09:39:11.802,eb:33:2e:f9:57:b5, 2015-01-01 00:27:47.690,0.348,-0.56,3.158,493.835,163.147,-112.183, , , , , , ,54.333,7.938,-110.852
 09:39:11.802,eb:33:2e:f9:57:b5, 2015-01-01 00:27:47.690,0.45,-0.406,2.866,510.62,160.095,-114.624, , , , , , ,56.904,8.871,-110.479
 09:39:11.802,eb:33:2e:f9:57:b5, 2015-01-01 00:27:47.690,0.681,-0.36,2.721,523.621,142.273,-124.695, , , , , , ,59.551,9.772,-110.165
 09:39:11.847,eb:33:2e:f9:57:b5, 2015-01-01 00:27:47.690,0.577,-0.562,3.123,522.278,162.659,-120.605, , , , , , ,62.227,10.679,-109.803
 09:39:11.847,eb:33:2e:f9:57:b5, 2015-01-01 00:27:47.690,0.562,-0.75,2.901,521.912,197.327,-106.262, , , , , , ,64.946,11.585,-109.215
 09:39:11.847,eb:33:2e:f9:57:b5, 2015-01-01 00:27:47.690,0.568,-0.585,2.384,518.921,216.248,-93.689, , , , , , ,67.714,12.464,-108.424
 09:39:11.847,eb:33:2e:f9:57:b5, 2015-01-01 00:27:47.690,0.605,-0.747,1.651,483.032,221.252,-77.454, , , , , , ,70.417,13.25,-107.534
 09:39:11.847,eb:33:2e:f9:57:b5, 2015-01-01 00:27:47.690,0.459,-1.051,0.477,410.95,225.037,-59.875, , , , , , ,72.845,13.92,-106.551
 09:39:11.847,eb:33:2e:f9:57:b5, 2015-01-01 00:27:47.690,0.625,-1.501,-0.465,322.815,206.726,-44.25, , , , , , ,74.883,14.458,-105.551
 09:39:11.847,eb:33:2e:f9:57:b5, 2015-01-01 00:27:47.690,0.591,-1.949,-0.882,231.262,177.429,-31.311, , , , , , ,76.443,14.865,-104.65
 09:39:11.847,eb:33:2e:f9:57:b5, 2015-01-01 00:27:47.690,0.05,-1.109,-0.428,160.217,152.771,-22.766, , , , , , ,77.596,15.178,-103.837
 09:39:11.914,eb:33:2e:f9:57:b5, 2015-01-01 00:27:47.690,0.085,0.276,-0.461,48.767,116.943,-16.479, , , , , , ,78.245,15.414,-103.206
 09:39:11.914,eb:33:2e:f9:57:b5, 2015-01-01 00:27:47.690,0.327,0.305,-0.231,-69.763,84.534,-5.798, , , , , , ,78.245,15.562,-102.717
 09:39:11.914,eb:33:2e:f9:57:b5, 2015-01-01 00:27:47.690,0.509,-0.413,0.027,-148.193,52.429,2.991, , , , , , ,77.734,15.634,-102.382
 09:39:11.914,eb:33:2e:f9:57:b5, 2015-01-01 00:27:47.690,0.651,-0.95,0.266,-203.064,33.875,11.78, , , , , , ,76.877,15.634,-102.173
 09:39:11.914,eb:33:2e:f9:57:b5, 2015-01-01 00:27:47.690,0.476,-1.34,0.778,-238.586,49.438,20.325, , , , , , ,75.795,15.595,-101.948
 09:39:11.914,eb:33:2e:f9:57:b5, 2015-01-01 00:27:47.690,0.471,-1.2,0.832,-252.258,58.472,20.081, , , , , , ,74.641,15.573,-101.635
 09:39:11.914,eb:33:2e:f9:57:b5, 2015-01-01 00:27:47.690,0.601,-0.891,0.984,-251.77,49.011,16.174, , , , , , ,73.449,15.557,-101.338
 09:39:11.914,eb:33:2e:f9:57:b5, 2015-01-01 00:27:47.690,0.581,-0.722,1.174,-244.629,45.349,9.399, , , , , , ,72.279,15.568,-101.091
 09:39:11.937,eb:33:2e:f9:57:b5, 2015-01-01 00:27:47.690,0.527,-0.733,1.044,-238.037,46.204,3.296, , , , , , ,71.125,15.612,-100.86
 09:39:11.937,eb:33:2e:f9:57:b5, 2015-01-01 00:27:47.690,0.511,-0.809,0.73,-232.971,44.312,-0.427, , , , , , ,70.01,15.683,-100.635
 09:39:11.937,eb:33:2e:f9:57:b5, 2015-01-01 00:27:47.690,0.513,-0.816,0.446,-231.75,37.231,-3.967, , , , , , ,68.901,15.765,-100.437
 09:39:11.937,eb:33:2e:f9:57:b5, 2015-01-01 00:27:47.690,0.486,-0.743,0.272,-236.206,25.94,-8.606, , , , , , ,67.764,15.853,-100.305
 09:39:11.937,eb:33:2e:f9:57:b5, 2015-01-01 00:27:47.690,0.432,-0.667,0.174,-246.033,11.597,-13.55, , , , , , ,66.561,15.941,-100.245
 09:39:11.937,eb:33:2e:f9:57:b5, 2015-01-01 00:27:47.690,0.375,-0.634,0.114,-259.949,-4.333,-17.151, , , , , , ,65.281,16.018,-100.272
 09:39:11.937,eb:33:2e:f9:57:b5, 2015-01-01 00:27:47.690,0.33,-0.654,0.101,-276.978,-19.287,-18.494, , , , , , ,63.902,16.068,-100.371
 09:39:11.937,eb:33:2e:f9:57:b5, 2015-01-01 00:27:47.690,0.299,-0.708,0.16,-295.898,-30.64,-17.395, , , , , , ,62.413,16.089,-100.536
 09:39:11.981,eb:33:2e:f9:57:b5, 2015-01-01 00:27:47.690,0.284,-0.763,0.289,-314.392,-36.926,-14.526, , , , , , ,60.804,16.073,-100.739
 09:39:11.981,eb:33:2e:f9:57:b5, 2015-01-01 00:27:47.690,0.27,-0.795,0.443,-330.811,-37.292,-10.071, , , , , , ,59.128,16.029,-100.942
 09:39:11.981,eb:33:2e:f9:57:b5, 2015-01-01 00:27:47.690,0.266,-0.797,0.571,-344.238,-34.546,-4.822, , , , , , ,57.382,15.969,-101.113
 09:39:11.981,eb:33:2e:f9:57:b5, 2015-01-01 00:27:47.690,0.266,-0.766,0.649,-354.492,-31.738,0.427, , , , , , ,55.585,15.881,-101.261
 09:39:11.981,eb:33:2e:f9:57:b5, 2015-01-01 00:27:47.690,0.274,-0.708,0.672,-362.305,-31.372,5.188, , , , , , ,53.74,15.776,-101.387
 09:39:11.981,eb:33:2e:f9:57:b5, 2015-01-01 00:27:47.690,0.29,-0.634,0.663,-368.652,-34.241,9.705, , , , , , ,51.877,15.645,-101.503
 09:39:11.981,eb:33:2e:f9:57:b5, 2015-01-01 00:27:47.690,0.326,-0.556,0.66,-373.779,-40.833,13.123, , , , , , ,49.982,15.48,-101.613
 09:39:11.981,eb:33:2e:f9:57:b5, 2015-01-01 00:27:47.690,0.348,-0.473,0.662,-378.113,-49.561,15.442, , , , , , ,48.065,15.271,-101.739
 09:39:12.004,eb:33:2e:f9:57:b5, 2015-01-01 00:27:47.690,0.362,-0.403,0.671,-381.775,-60.059,16.968, , , , , , ,46.104,15.018,-101.898
 09:39:12.004,eb:33:2e:f9:57:b5, 2015-01-01 00:27:47.690,0.381,-0.358,0.715,-384.033,-71.045,18.066, , , , , , ,44.143,14.722,-102.079
 09:39:12.004,eb:33:2e:f9:57:b5, 2015-01-01 00:27:47.690,0.396,-0.332,0.808,-384.094,-80.261,18.799, , , , , , ,42.166,14.376,-102.277
 09:39:12.004,eb:33:2e:f9:57:b5, 2015-01-01 00:27:47.690,0.413,-0.303,0.924,-381.287,-87.341,18.982, , , , , , ,40.199,13.997,-102.491
 09:39:12.004,eb:33:2e:f9:57:b5, 2015-01-01 00:27:47.690,0.414,-0.254,1.024,-375.916,-93.079,18.494, , , , , , ,38.238,13.579,-102.717
 09:39:12.004,eb:33:2e:f9:57:b5, 2015-01-01 00:27:47.690,0.414,-0.192,1.074,-369.629,-99.426,17.273, , , , , , ,36.321,13.14,-102.947
 09:39:12.004,eb:33:2e:f9:57:b5, 2015-01-01 00:27:47.690,0.414,-0.141,1.113,-363.403,-106.14,15.503, , , , , , ,34.437,12.673,-103.184
 09:39:12.004,eb:33:2e:f9:57:b5, 2015-01-01 00:27:47.690,0.401,-0.101,1.151,-358.032,-112.854,13.55, , , , , , ,32.58,12.167,-103.436
 09:39:12.049,eb:33:2e:f9:57:b5, 2015-01-01 00:27:47.690,0.396,-0.059,1.189,-353.882,-121.033,10.864, , , , , , ,30.729,11.635,-103.705
 09:39:12.049,eb:33:2e:f9:57:b5, 2015-01-01 00:27:47.690,0.391,-0.029,1.233,-352.295,-126.953,8.545, , , , , , ,28.911,11.069,-103.98
 09:39:12.049,eb:33:2e:f9:57:b5, 2015-01-01 00:27:47.690,0.376,-0.011,1.3,-351.501,-131.775,6.47, , , , , , ,27.098,10.475,-104.255
 09:39:12.049,eb:33:2e:f9:57:b5, 2015-01-01 00:27:47.690,0.313,0.031,1.373,-352.173,-133.667,3.845, , , , , , ,25.291,9.871,-104.529
 09:39:12.049,eb:33:2e:f9:57:b5, 2015-01-01 00:27:47.690,0.211,0.05,1.394,-353.638,-137.024,2.869, , , , , , ,23.456,9.234,-104.804
 09:39:12.049,eb:33:2e:f9:57:b5, 2015-01-01 00:27:47.690,0.301,0.094,1.594,-355.164,-130.127,3.906, , , , , , ,21.643,8.613,-105.046
 09:39:12.049,eb:33:2e:f9:57:b5, 2015-01-01 00:27:47.690,0.393,0.075,1.376,-357.239,-140.381,0, , , , , , ,19.825,7.976,-105.276
 09:39:12.049,eb:33:2e:f9:57:b5, 2015-01-01 00:27:47.690,0.317,0.129,1.396,-357.666,-147.4,-3.418, , , , , , ,18.007,7.295,-105.524
 09:39:12.094,eb:33:2e:f9:57:b5, 2015-01-01 00:27:48.090,0.358,0.108,1.455,-355.591,-157.654,-6.287, , , , , , ,16.172,6.564,-105.782
 09:39:12.094,eb:33:2e:f9:57:b5, 2015-01-01 00:27:48.090,0.341,0.069,1.63,-351.99,-163.513,-8.301, , , , , , ,14.376,5.795,-106.029
 09:39:12.094,eb:33:2e:f9:57:b5, 2015-01-01 00:27:48.090,0.322,0.046,1.706,-348.511,-167.297,-9.644, , , , , , ,12.601,4.999,-106.271
 09:39:12.094,eb:33:2e:f9:57:b5, 2015-01-01 00:27:48.090,0.302,0.027,1.773,-344.849,-169.312,-10.254, , , , , , ,10.849,4.18,-106.49
 09:39:12.094,eb:33:2e:f9:57:b5, 2015-01-01 00:27:48.090,0.296,0.033,1.814,-341.248,-171.387,-10.681, , , , , , ,9.102,3.34,-106.694
 09:39:12.094,eb:33:2e:f9:57:b5, 2015-01-01 00:27:48.090,0.294,0.054,1.846,-338.44,-174.622,-11.047, , , , , , ,7.394,2.488,-106.87
 09:39:12.094,eb:33:2e:f9:57:b5, 2015-01-01 00:27:48.090,0.283,0.074,1.881,-336.426,-178.589,-10.986, , , , , , ,5.702,1.615,-107.029
 09:39:12.094,eb:33:2e:f9:57:b5, 2015-01-01 00:27:48.090,0.258,0.103,1.926,-335.266,-182.983,-10.437, , , , , , ,4.021,0.72,-107.155
 09:39:12.140,eb:33:2e:f9:57:b5, 2015-01-01 00:27:48.090,0.216,0.131,2,-334.473,-186.523,-8.911, , , , , , ,2.324,-0.209,-107.26
 09:39:12.140,eb:33:2e:f9:57:b5, 2015-01-01 00:27:48.090,0.151,0.15,2.093,-333.679,-188.965,-5.859, , , , , , ,0.654,-1.148,-107.32
 09:39:12.142,eb:33:2e:f9:57:b5, 2015-01-01 00:27:48.090,0.074,0.172,2.177,-333.13,-190.491,-0.977, , , , , , ,-1.011,-2.098,-107.331
 09:39:12.142,eb:33:2e:f9:57:b5, 2015-01-01 00:27:48.090,0.002,0.193,2.258,-333.374,-191.345,5.798, , , , , , ,-2.681,-3.054,-107.281
 09:39:12.142,eb:33:2e:f9:57:b5, 2015-01-01 00:27:48.090,-0.079,0.216,2.339,-334.717,-191.223,14.465, , , , , , ,-4.378,-4.016,-107.172
 09:39:12.142,eb:33:2e:f9:57:b5, 2015-01-01 00:27:48.090,-0.158,0.257,2.4,-337.341,-191.04,24.475, , , , , , ,-6.075,-4.96,-106.979
 09:39:12.142,eb:33:2e:f9:57:b5, 2015-01-01 00:27:48.090,-0.222,0.318,2.464,-340.637,-190.796,35.339, , , , , , ,-7.795,-5.889,-106.71
 09:39:12.142,eb:33:2e:f9:57:b5, 2015-01-01 00:27:48.090,-0.278,0.414,2.548,-343.384,-190.002,46.57, , , , , , ,-9.553,-6.801,-106.353
 09:39:12.160,eb:33:2e:f9:57:b5, 2015-01-01 00:27:48.090,-0.323,0.556,2.636,-344.421,-188.965,57.739, , , , , , ,-11.343,-7.69,-105.919
 09:39:12.160,eb:33:2e:f9:57:b5, 2015-01-01 00:27:48.090,-0.352,0.718,2.736,-342.468,-186.951,68.237, , , , , , ,-13.14,-8.542,-105.397
 09:39:12.160,eb:33:2e:f9:57:b5, 2015-01-01 00:27:48.090,-0.399,0.9,2.846,-337.219,-183.838,77.881, , , , , , ,-14.93,-9.349,-104.81
 09:39:12.160,eb:33:2e:f9:57:b5, 2015-01-01 00:27:48.090,-0.427,1.107,2.911,-329.346,-180.786,86.792, , , , , , ,-16.705,-10.113,-104.15
 09:39:12.160,eb:33:2e:f9:57:b5, 2015-01-01 00:27:48.090,-0.429,1.291,2.992,-319.214,-174.866,95.337, , , , , , ,-18.468,-10.827,-103.431
 09:39:12.160,eb:33:2e:f9:57:b5, 2015-01-01 00:27:48.090,-0.381,1.474,3.101,-307.739,-162.781,103.21, , , , , , ,-20.182,-11.459,-102.662
 09:39:12.160,eb:33:2e:f9:57:b5, 2015-01-01 00:27:48.090,-0.25,1.728,3.213,-296.082,-141.846,109.253, , , , , , ,-21.846,-11.97,-101.876
 09:39:12.160,eb:33:2e:f9:57:b5, 2015-01-01 00:27:48.090,-0.081,2.099,3.309,-283.508,-111.572,110.84, , , , , , ,-23.45,-12.332,-101.113
 09:39:12.205,eb:33:2e:f9:57:b5, 2015-01-01 00:27:48.090,0.098,2.572,3.261,-267.334,-79.651,104.858, , , , , , ,-24.988,-12.535,-100.41
 09:39:12.205,eb:33:2e:f9:57:b5, 2015-01-01 00:27:48.090,0.156,3.099,2.992,-244.08,-55.908,88.867, , , , , , ,-26.384,-12.618,-99.822
 09:39:12.205,eb:33:2e:f9:57:b5, 2015-01-01 00:27:48.090,0.05,3.752,2.294,-205.322,-57.739,57.129, , , , , , ,-27.598,-12.695,-99.377
 09:39:12.205,eb:33:2e:f9:57:b5, 2015-01-01 00:27:48.090,-0.25,4.23,1.671,-167.236,-88.196,23.621, , , , , , ,-28.586,-12.931,-99.025
 09:39:12.205,eb:33:2e:f9:57:b5, 2015-01-01 00:27:48.090,-0.708,4.518,1.278,-127.991,-132.69,-10.437, , , , , , ,-29.377,-13.431,-98.729
 09:39:12.205,eb:33:2e:f9:57:b5, 2015-01-01 00:27:48.090,-1.209,4.576,1.252,-90.454,-170.593,-39.124, , , , , , ,-29.971,-14.183,-98.454
 09:39:12.205,eb:33:2e:f9:57:b5, 2015-01-01 00:27:48.090,-1.638,4.48,1.543,-55.542,-186.218,-57.8, , , , , , ,-30.383,-15.101,-98.212
 09:39:12.205,eb:33:2e:f9:57:b5, 2015-01-01 00:27:48.090,-1.864,4.277,2.026,-21.912,-171.631,-65.735, , , , , , ,-30.608,-16.035,-98.02
 09:39:12.253,eb:33:2e:f9:57:b5, 2015-01-01 00:27:48.090,-1.83,3.995,2.579,11.353,-124.268,-65.613, , , , , , ,-30.641,-16.837,-97.932
 09:39:12.253,eb:33:2e:f9:57:b5, 2015-01-01 00:27:48.090,-1.589,3.658,3.003,43.64,-51.575,-60.791, , , , , , ,-30.465,-17.347,-97.998
 09:39:12.253,eb:33:2e:f9:57:b5, 2015-01-01 00:27:48.090,-1.23,3.315,3.103,73.12,29.358,-55.908, , , , , , ,-30.086,-17.507,-98.251
 09:39:12.253,eb:33:2e:f9:57:b5, 2015-01-01 00:27:48.090,0.677,3.004,2.846,129.517,33.813,-70.74, , , , , , ,-29.482,-17.402,-98.668
 09:39:12.253,eb:33:2e:f9:57:b5, 2015-01-01 00:27:48.090,-1.065,1.569,9.692,298.828,352.905,-77.881, , , , , , ,-27.922,-16.924,-99.514
 09:39:12.253,eb:33:2e:f9:57:b5, 2015-01-01 00:27:48.090,1.503,1.117,0.677,292.908,257.812,-113.098, , , , , , ,-26.104,-15.639,-100.712
 09:39:12.253,eb:33:2e:f9:57:b5, 2015-01-01 00:27:48.090,0.417,-1.108,0.506,299.072,222.351,-131.287, , , , , , ,-24.324,-14.892,-101.81
 09:39:12.253,eb:33:2e:f9:57:b5, 2015-01-01 00:27:48.090,0.132,0.167,0.572,268.188,167.786,-133.972, , , , , , ,-22.659,-14.244,-102.843
 09:39:12.296,eb:33:2e:f9:57:b5, 2015-01-01 00:27:48.090,-0.16,-1.799,1.139,295.898,137.207,-103.516, , , , , , ,-21.044,-13.81,-103.705
 09:39:12.296,eb:33:2e:f9:57:b5, 2015-01-01 00:27:48.090,-0.812,-1.678,1.424,343.933,172.363,-50.171, , , , , , ,-19.276,-13.206,-104.337
 09:39:12.296,eb:33:2e:f9:57:b5, 2015-01-01 00:27:48.090,-0.551,-1.467,1.214,382.874,205.627,-23.438, , , , , , ,-17.331,-12.338,-104.799
 09:39:12.296,eb:33:2e:f9:57:b5, 2015-01-01 00:27:48.090,-0.62,-0.626,1.416,390.198,199.402,-8.118, , , , , , ,-15.309,-11.387,-105.161
 09:39:12.296,eb:33:2e:f9:57:b5, 2015-01-01 00:27:48.090,-0.831,0.191,1.285,377.563,189.331,2.38, , , , , , ,-13.326,-10.448,-105.408
 09:39:12.296,eb:33:2e:f9:57:b5, 2015-01-01 00:27:48.090,-0.773,0.767,1.373,338.318,166.26,7.568, , , , , , ,-11.525,-9.586,-105.573
 09:39:12.296,eb:33:2e:f9:57:b5, 2015-01-01 00:27:48.090,-0.556,0.995,1.194,291.687,140.137,0.61, , , , , , ,-9.948,-8.844,-105.694
 09:39:12.296,eb:33:2e:f9:57:b5, 2015-01-01 00:27:48.090,-0.41,0.838,1.056,243.225,110.962,-10.681, , , , , , ,-8.619,-8.245,-105.82
 09:39:12.342,eb:33:2e:f9:57:b5, 2015-01-01 00:27:48.090,-0.194,0.742,1.154,200.134,90.271,-21.118, , , , , , ,-7.498,-7.767,-105.98
 09:39:12.342,eb:33:2e:f9:57:b5, 2015-01-01 00:27:48.090,0.054,0.644,1.326,160.034,75.5,-26.001, , , , , , ,-6.597,-7.388,-106.15
 09:39:12.342,eb:33:2e:f9:57:b5, 2015-01-01 00:27:48.090,0.103,0.382,1.263,134.705,75.378,-29.236, , , , , , ,-5.861,-7.031,-106.331
 09:39:12.342,eb:33:2e:f9:57:b5, 2015-01-01 00:27:48.090,0.159,0.068,1.123,124.756,76.538,-25.391, , , , , , ,-5.202,-6.663,-106.507
 09:39:12.342,eb:33:2e:f9:57:b5, 2015-01-01 00:27:48.090,0.154,-0.088,0.992,122.009,75.623,-20.691, , , , , , ,-4.554,-6.29,-106.655
 09:39:12.342,eb:33:2e:f9:57:b5, 2015-01-01 00:27:48.090,0.274,0.109,1.026,109.375,76.904,-11.414, , , , , , ,-3.972,-5.922,-106.76
 09:39:12.342,eb:33:2e:f9:57:b5, 2015-01-01 00:27:48.090,0.247,0.202,1.08,96.436,92.102,-3.052, , , , , , ,-3.455,-5.499,-106.82
 09:39:12.342,eb:33:2e:f9:57:b5, 2015-01-01 00:27:48.090,0.149,0.255,1.024,83.862,103.271,0.549, , , , , , ,-3.01,-5.004,-106.848
 09:39:12.363,eb:33:2e:f9:57:b5, 2015-01-01 00:27:48.405,0.173,0.386,0.979,65.979,102.173,2.502, , , , , , ,-2.626,-4.482,-106.864
 09:39:12.363,eb:33:2e:f9:57:b5, 2015-01-01 00:27:48.405,0.16,0.362,0.999,49.255,99.731,5.676, , , , , , ,-2.351,-3.977,-106.864
 09:39:12.363,eb:33:2e:f9:57:b5, 2015-01-01 00:27:48.405,-0.044,0.277,1.004,37.048,95.337,7.263, , , , , , ,-2.142,-3.488,-106.853
 09:39:12.363,eb:33:2e:f9:57:b5, 2015-01-01 00:27:48.405,-0.131,0.138,0.915,26.306,82.581,10.559, , , , , , ,-1.994,-3.038,-106.82
 09:39:12.363,eb:33:2e:f9:57:b5, 2015-01-01 00:27:48.405,-0.226,0.032,0.951,22.583,73.608,10.986, , , , , , ,-1.862,-2.648,-106.782
 09:39:12.363,eb:33:2e:f9:57:b5, 2015-01-01 00:27:48.405,-0.214,0.035,0.902,19.958,57.556,9.827, , , , , , ,-1.758,-2.324,-106.738
 09:39:12.363,eb:33:2e:f9:57:b5, 2015-01-01 00:27:48.405,-0.192,0.058,0.879,16.968,41.26,6.836, , , , , , ,-1.67,-2.087,-106.705
 09:39:12.363,eb:33:2e:f9:57:b5, 2015-01-01 00:27:48.405,-0.091,0.063,0.876,13.916,26.55,5.127, , , , , , ,-1.599,-1.923,-106.677
 09:39:12.410,eb:33:2e:f9:57:b5, 2015-01-01 00:27:48.405,0,0.049,0.936,12.024,18.799,3.967, , , , , , ,-1.522,-1.813,-106.661
 09:39:12.410,eb:33:2e:f9:57:b5, 2015-01-01 00:27:48.405,0.064,0.02,1.003,11.475,16.724,3.723, , , , , , ,-1.461,-1.725,-106.644
 09:39:12.410,eb:33:2e:f9:57:b5, 2015-01-01 00:27:48.405,0.04,0.008,1.055,11.597,18.555,2.808, , , , , , ,-1.406,-1.637,-106.628
 09:39:12.410,eb:33:2e:f9:57:b5, 2015-01-01 00:27:48.405,-0.005,0.003,1.049,11.597,19.897,2.441, , , , , , ,-1.351,-1.538,-106.617
 09:39:12.410,eb:33:2e:f9:57:b5, 2015-01-01 00:27:48.405,-0.036,0.005,1.025,11.963,18.677,1.587, , , , , , ,-1.274,-1.439,-106.611
 09:39:12.410,eb:33:2e:f9:57:b5, 2015-01-01 00:27:48.405,-0.048,0.008,0.994,12.146,16.174,0.916, , , , , , ,-1.214,-1.351,-106.606
 09:39:12.410,eb:33:2e:f9:57:b5, 2015-01-01 00:27:48.405,-0.058,0.002,0.979,12.268,12.939,0, , , , , , ,-1.154,-1.28,-106.606
 09:39:12.410,eb:33:2e:f9:57:b5, 2015-01-01 00:27:48.405,-0.026,0.001,0.978,12.695,8.667,-0.732, , , , , , ,-1.093,-1.23,-106.606
 09:39:12.457,eb:33:2e:f9:57:b5, 2015-01-01 00:27:48.405,-0.015,0.001,1,13.367,6.287,-2.197, , , , , , ,-1.011,-1.187,-106.617
 09:39:12.457,eb:33:2e:f9:57:b5, 2015-01-01 00:27:48.405,0,-0.002,1.009,14.038,4.822,-3.296, , , , , , ,-0.945,-1.159,-106.628
 09:39:12.457,eb:33:2e:f9:57:b5, 2015-01-01 00:27:48.405,0.005,0.005,1.015,14.587,4.028,-4.517, , , , , , ,-0.873,-1.143,-106.65
 09:39:12.457,eb:33:2e:f9:57:b5, 2015-01-01 00:27:48.405,0.005,0.011,1.013,15.015,3.601,-5.615, , , , , , ,-0.797,-1.126,-106.677
 09:39:12.457,eb:33:2e:f9:57:b5, 2015-01-01 00:27:48.405,0,0.004,1.016,15.442,3.296,-6.348, , , , , , ,-0.709,-1.099,-106.705
 09:39:12.457,eb:33:2e:f9:57:b5, 2015-01-01 00:27:48.405,-0.008,-0.004,1.013,16.052,2.686,-6.47, , , , , , ,-0.626,-1.088,-106.738
 09:39:12.457,eb:33:2e:f9:57:b5, 2015-01-01 00:27:48.405,-0.005,-0.012,1.017,17.09,1.648,-5.92, , , , , , ,-0.544,-1.077,-106.771
 09:39:12.457,eb:33:2e:f9:57:b5, 2015-01-01 00:27:48.405,0.02,0,1.01,17.822,0.671,-5.737, , , , , , ,-0.456,-1.071,-106.798
 09:39:12.498,eb:33:2e:f9:57:b5, 2015-01-01 00:27:48.405,0.03,0.015,1.016,18.127,0.977,-6.409, , , , , , ,-0.352,-1.066,-106.826
 09:39:12.498,eb:33:2e:f9:57:b5, 2015-01-01 00:27:48.405,0.042,0.022,1.012,18.127,1.587,-7.202, , , , , , ,-0.264,-1.06,-106.864
 09:39:12.498,eb:33:2e:f9:57:b5, 2015-01-01 00:27:48.405,0.049,0.021,1.014,18.066,3.052,-7.69, , , , , , ,-0.17,-1.044,-106.902
 09:39:12.498,eb:33:2e:f9:57:b5, 2015-01-01 00:27:48.405,0.064,0.026,1.02,18.372,4.395,-8.24, , , , , , ,-0.082,-1.027,-106.941
 09:39:12.498,eb:33:2e:f9:57:b5, 2015-01-01 00:27:48.405,0.061,0.022,1.039,19.104,6.531,-8.789, , , , , , ,0.022,-0.994,-106.985
 09:39:12.498,eb:33:2e:f9:57:b5, 2015-01-01 00:27:48.405,0.021,0.03,1.013,18.982,9.644,-8.972, , , , , , ,0.121,-0.95,-107.029
 09:39:12.498,eb:33:2e:f9:57:b5, 2015-01-01 00:27:48.405,0.006,0.033,0.977,18.188,10.681,-8.423, , , , , , ,0.214,-0.901,-107.067
 09:39:12.498,eb:33:2e:f9:57:b5, 2015-01-01 00:27:48.405,-0.002,0.035,0.969,17.151,11.719,-7.568, , , , , , ,0.297,-0.846,-107.111
 09:39:12.566,eb:33:2e:f9:57:b5, 2015-01-01 00:27:48.405,-0.02,0.039,0.956,16.418,11.658,-7.202, , , , , , ,0.401,-0.78,-107.144
 09:39:12.566,eb:33:2e:f9:57:b5, 2015-01-01 00:27:48.405,-0.027,0.025,0.963,15.747,10.742,-6.226, , , , , , ,0.478,-0.725,-107.177
 09:39:12.566,eb:33:2e:f9:57:b5, 2015-01-01 00:27:48.405,-0.015,0.024,0.965,15.32,9.583,-5.371, , , , , , ,0.555,-0.676,-107.205
 09:39:12.566,eb:33:2e:f9:57:b5, 2015-01-01 00:27:48.405,-0.005,0.029,0.972,14.954,9.094,-4.761, , , , , , ,0.632,-0.632,-107.232
 09:39:12.568,eb:33:2e:f9:57:b5, 2015-01-01 00:27:48.405,0.008,0.036,0.977,14.587,9.094,-4.456, , , , , , ,0.72,-0.577,-107.249
 09:39:12.568,eb:33:2e:f9:57:b5, 2015-01-01 00:27:48.405,0.02,0.042,0.987,14.343,9.338,-4.211, , , , , , ,0.791,-0.533,-107.271
 09:39:12.568,eb:33:2e:f9:57:b5, 2015-01-01 00:27:48.405,0.033,0.037,1.008,14.832,10.315,-4.211, , , , , , ,0.862,-0.483,-107.292
 09:39:12.568,eb:33:2e:f9:57:b5, 2015-01-01 00:27:48.405,0.038,0.038,1.017,15.381,11.536,-4.456, , , , , , ,0.934,-0.428,-107.314
 09:39:12.568,eb:33:2e:f9:57:b5, 2015-01-01 00:27:48.405,0.031,0.042,1.017,15.564,13.367,-4.7, , , , , , ,1.027,-0.357,-107.336
 09:39:12.569,eb:33:2e:f9:57:b5, 2015-01-01 00:27:48.405,0.023,0.043,1.009,15.808,15.259,-5.127, , , , , , ,1.104,-0.286,-107.358
 09:39:12.569,eb:33:2e:f9:57:b5, 2015-01-01 00:27:48.405,0.029,0.053,0.996,15.686,16.479,-5.31, , , , , , ,1.187,-0.203,-107.38
 09:39:12.569,eb:33:2e:f9:57:b5, 2015-01-01 00:27:48.405,0.028,0.055,1.002,15.625,17.7,-5.859, , , , , , ,1.263,-0.121,-107.408
 09:39:12.569,eb:33:2e:f9:57:b5, 2015-01-01 00:27:48.405,0.037,0.057,1.009,15.93,18.677,-6.47, , , , , , ,1.357,-0.022,-107.435
 09:39:12.569,eb:33:2e:f9:57:b5, 2015-01-01 00:27:48.405,0.029,0.059,1.018,16.174,19.775,-7.263, , , , , , ,1.434,0.071,-107.468
 09:39:12.569,eb:33:2e:f9:57:b5, 2015-01-01 00:27:48.405,0.011,0.058,1.01,16.357,21.179,-7.69, , , , , , ,1.516,0.176,-107.501
 09:39:12.569,eb:33:2e:f9:57:b5, 2015-01-01 00:27:48.405,0.003,0.055,1.001,16.479,22.034,-7.629, , , , , , ,1.593,0.28,-107.54
 09:39:12.612,eb:33:2e:f9:57:b5, 2015-01-01 00:27:48.405,-0.001,0.058,0.995,16.541,22.705,-7.69, , , , , , ,1.692,0.401,-107.573
 09:39:12.612,eb:33:2e:f9:57:b5, 2015-01-01 00:27:48.405,-0.008,0.062,0.994,16.541,22.766,-7.568, , , , , , ,1.774,0.516,-107.606
 09:39:12.612,eb:33:2e:f9:57:b5, 2015-01-01 00:27:48.405,-0.018,0.053,1.004,16.724,23.254,-7.324, , , , , , ,1.857,0.632,-107.639
 09:39:12.612,eb:33:2e:f9:57:b5, 2015-01-01 00:27:48.405,-0.017,0.048,1.004,16.968,23.315,-6.775, , , , , , ,1.939,0.747,-107.672
 09:39:12.612,eb:33:2e:f9:57:b5, 2015-01-01 00:27:48.405,0,0.042,1.04,17.883,23.682,-6.592, , , , , , ,2.038,0.873,-107.699
 09:39:12.612,eb:33:2e:f9:57:b5, 2015-01-01 00:27:48.405,-0.006,0.029,1.07,19.531,24.902,-6.47, , , , , , ,2.131,0.994,-107.726
 09:39:12.612,eb:33:2e:f9:57:b5, 2015-01-01 00:27:48.405,-0.028,0.043,1.04,20.752,25.696,-6.714, , , , , , ,2.23,1.126,-107.754
 09:39:12.612,eb:33:2e:f9:57:b5, 2015-01-01 00:27:48.405,-0.061,0.047,1.02,21.729,25.452,-6.653, , , , , , ,2.34,1.252,-107.781
 09:39:12.657,eb:33:2e:f9:57:b5, 2015-01-01 00:27:48.405,-0.076,0.042,1.006,22.705,24.17,-6.226, , , , , , ,2.461,1.384,-107.809
 09:39:12.657,eb:33:2e:f9:57:b5, 2015-01-01 00:27:48.405,-0.067,0.023,1.042,24.597,21.606,-5.371, , , , , , ,2.582,1.5,-107.831
 09:39:12.657,eb:33:2e:f9:57:b5, 2015-01-01 00:27:48.405,-0.016,0.018,1.053,26.917,19.104,-4.333, , , , , , ,2.708,1.599,-107.853
 09:39:12.657,eb:33:2e:f9:57:b5, 2015-01-01 00:27:48.405,-0.006,0.06,1.034,28.564,17.273,-4.761, , , , , , ,2.845,1.686,-107.869
 09:39:12.657,eb:33:2e:f9:57:b5, 2015-01-01 00:27:48.405,-0.015,0.062,1.058,30.457,15.686,-5.127, , , , , , ,3.01,1.78,-107.886
 09:39:12.657,eb:33:2e:f9:57:b5, 2015-01-01 00:27:48.405,-0.083,0.051,1.099,33.63,14.038,-4.944, , , , , , ,3.17,1.851,-107.908
 09:39:12.657,eb:33:2e:f9:57:b5, 2015-01-01 00:27:48.405,-0.114,0,1.166,38.452,11.841,-2.563, , , , , , ,3.351,1.917,-107.924
 09:39:12.657,eb:33:2e:f9:57:b5, 2015-01-01 00:27:48.405,-0.083,-0.019,1.208,43.335,10.071,0.244, , , , , , ,3.554,1.967,-107.924
 09:39:12.700,eb:33:2e:f9:57:b5, 2015-01-01 00:27:48.720,-0.076,0.015,1.175,47.913,8.301,2.014, , , , , , ,3.801,2.021,-107.913
 09:39:12.700,eb:33:2e:f9:57:b5, 2015-01-01 00:27:48.720,-0.069,0.041,1.148,52.063,5.432,3.052, , , , , , ,4.054,2.049,-107.897
 09:39:12.700,eb:33:2e:f9:57:b5, 2015-01-01 00:27:48.720,-0.093,0.048,1.15,56.335,3.174,3.723, , , , , , ,4.323,2.071,-107.875
 09:39:12.700,eb:33:2e:f9:57:b5, 2015-01-01 00:27:48.720,-0.106,0.043,1.146,59.937,0.977,4.761, , , , , , ,4.62,2.076,-107.853
 09:39:12.700,eb:33:2e:f9:57:b5, 2015-01-01 00:27:48.720,-0.116,0.039,1.185,63.721,-0.122,5.676, , , , , , ,4.944,2.082,-107.825
 09:39:12.700,eb:33:2e:f9:57:b5, 2015-01-01 00:27:48.720,-0.159,0.045,1.182,68.176,-2.563,5.859, , , , , , ,5.273,2.071,-107.798
 09:39:12.700,eb:33:2e:f9:57:b5, 2015-01-01 00:27:48.720,-0.181,0.029,1.246,72.693,-4.272,6.226, , , , , , ,5.63,2.049,-107.765
 09:39:12.700,eb:33:2e:f9:57:b5, 2015-01-01 00:27:48.720,-0.155,-0.009,1.313,77.759,-5.005,7.751, , , , , , ,6.004,2.021,-107.732
 09:39:12.746,eb:33:2e:f9:57:b5, 2015-01-01 00:27:48.720,-0.107,0.006,1.263,84.045,-8.85,8.789, , , , , , ,6.427,1.989,-107.693
 09:39:12.746,eb:33:2e:f9:57:b5, 2015-01-01 00:27:48.720,-0.125,0.038,1.242,89.722,-12.512,8.667, , , , , , ,6.866,1.923,-107.655
 09:39:12.746,eb:33:2e:f9:57:b5, 2015-01-01 00:27:48.720,-0.138,0.028,1.286,95.215,-15.686,8.85, , , , , , ,7.333,1.846,-107.622
 09:39:12.746,eb:33:2e:f9:57:b5, 2015-01-01 00:27:48.720,-0.103,0.003,1.315,101.868,-18.188,9.644, , , , , , ,7.828,1.752,-107.584
 09:39:12.746,eb:33:2e:f9:57:b5, 2015-01-01 00:27:48.720,-0.039,0.028,1.317,108.765,-21.362,9.766, , , , , , ,8.372,1.653,-107.551
 09:39:12.746,eb:33:2e:f9:57:b5, 2015-01-01 00:27:48.720,-0.009,0.047,1.319,115.845,-23.499,8.606, , , , , , ,8.937,1.533,-107.523
 09:39:12.746,eb:33:2e:f9:57:b5, 2015-01-01 00:27:48.720,0.012,0.042,1.346,123.352,-24.353,7.568, , , , , , ,9.536,1.406,-107.501
 09:39:12.746,eb:33:2e:f9:57:b5, 2015-01-01 00:27:48.720,0.064,0.037,1.401,131.653,-23.987,6.165, , , , , , ,10.179,1.28,-107.49
 09:39:12.769,eb:33:2e:f9:57:b5, 2015-01-01 00:27:48.720,0.116,0.049,1.459,140.076,-21.606,4.089, , , , , , ,10.871,1.17,-107.485
 09:39:12.769,eb:33:2e:f9:57:b5, 2015-01-01 00:27:48.720,0.104,0.056,1.486,148.621,-17.7,1.953, , , , , , ,11.596,1.071,-107.49
 09:39:12.769,eb:33:2e:f9:57:b5, 2015-01-01 00:27:48.720,0.089,0.063,1.448,157.654,-14.16,0.183, , , , , , ,12.365,0.994,-107.496
 09:39:12.769,eb:33:2e:f9:57:b5, 2015-01-01 00:27:48.720,0.132,0.08,1.459,166.016,-12.939,-1.892, , , , , , ,13.178,0.934,-107.518
 09:39:12.769,eb:33:2e:f9:57:b5, 2015-01-01 00:27:48.720,0.122,0.08,1.455,174.927,-11.719,-5.127, , , , , , ,14.046,0.884,-107.551
 09:39:12.770,eb:33:2e:f9:57:b5, 2015-01-01 00:27:48.720,0.12,0.085,1.419,183.838,-9.766,-7.202, , , , , , ,14.947,0.84,-107.595
 09:39:12.770,eb:33:2e:f9:57:b5, 2015-01-01 00:27:48.720,0.092,0.091,1.426,192.078,-8.423,-9.583, , , , , , ,15.886,0.807,-107.644
 09:39:12.770,eb:33:2e:f9:57:b5, 2015-01-01 00:27:48.720,0.082,0.082,1.459,200.684,-7.141,-12.146, , , , , , ,16.875,0.786,-107.71
 09:39:12.814,eb:33:2e:f9:57:b5, 2015-01-01 00:27:48.720,0.112,0.075,1.544,209.29,-5.493,-14.771, , , , , , ,17.913,0.78,-107.787
 09:39:12.814,eb:33:2e:f9:57:b5, 2015-01-01 00:27:48.720,0.115,0.054,1.6,219.238,-0.305,-16.418, , , , , , ,18.984,0.791,-107.864
 09:39:12.814,eb:33:2e:f9:57:b5, 2015-01-01 00:27:48.720,0.134,0.072,1.627,229.004,1.221,-18.677, , , , , , ,20.105,0.824,-107.946
 09:39:12.814,eb:33:2e:f9:57:b5, 2015-01-01 00:27:48.720,0.126,0.055,1.631,240.417,3.723,-20.325, , , , , , ,21.286,0.868,-108.034
 09:39:12.814,eb:33:2e:f9:57:b5, 2015-01-01 00:27:48.720,0.149,0.058,1.657,251.831,5.859,-22.278, , , , , , ,22.527,0.939,-108.122
 09:39:12.814,eb:33:2e:f9:57:b5, 2015-01-01 00:27:48.720,0.133,0.047,1.707,264.526,7.263,-24.658, , , , , , ,23.824,1.016,-108.215
 09:39:12.814,eb:33:2e:f9:57:b5, 2015-01-01 00:27:48.720,0.14,0.037,1.784,279.175,7.507,-27.649, , , , , , ,25.186,1.104,-108.32
 09:39:12.814,eb:33:2e:f9:57:b5, 2015-01-01 00:27:48.720,0.122,-0.013,1.925,294.556,7.812,-31.433, , , , , , ,26.625,1.203,-108.441
 09:39:12.859,eb:33:2e:f9:57:b5, 2015-01-01 00:27:48.720,0.079,-0.009,2.039,311.829,9.094,-33.264, , , , , , ,28.152,1.318,-108.561
 09:39:12.859,eb:33:2e:f9:57:b5, 2015-01-01 00:27:48.720,0.151,0.102,2.175,329.285,9.644,-37.048, , , , , , ,29.762,1.45,-108.693
 09:39:12.859,eb:33:2e:f9:57:b5, 2015-01-01 00:27:48.720,0.27,-0.01,2.328,346.069,12.634,-39.368, , , , , , ,31.454,1.593,-108.831
 09:39:12.859,eb:33:2e:f9:57:b5, 2015-01-01 00:27:48.720,0.354,0.029,2.378,362.427,15.625,-42.786, , , , , , ,33.228,1.763,-108.968
 09:39:12.859,eb:33:2e:f9:57:b5, 2015-01-01 00:27:48.720,0.367,0.132,2.548,381.042,15.747,-47.913, , , , , , ,35.096,1.961,-109.111
 09:39:12.859,eb:33:2e:f9:57:b5, 2015-01-01 00:27:48.720,0.527,0.164,2.777,399.475,14.282,-53.162, , , , , , ,37.051,2.17,-109.276
 09:39:12.859,eb:33:2e:f9:57:b5, 2015-01-01 00:27:48.720,0.527,0.091,2.874,416.443,17.639,-57.007, , , , , , ,39.089,2.401,-109.44
 09:39:12.859,eb:33:2e:f9:57:b5, 2015-01-01 00:27:48.720,0.687,0.085,2.981,430.054,20.264,-64.758, , , , , , ,41.21,2.675,-109.611
 09:39:12.905,eb:33:2e:f9:57:b5, 2015-01-01 00:27:48.720,0.673,-0.029,3.061,451.599,30.029,-72.327, , , , , , ,43.412,3.01,-109.781
 09:39:12.905,eb:33:2e:f9:57:b5, 2015-01-01 00:27:48.720,0.566,0.037,3.014,463.501,37.415,-82.52, , , , , , ,45.703,3.4,-109.94
 09:39:12.905,eb:33:2e:f9:57:b5, 2015-01-01 00:27:48.720,0.388,-0.147,3.203,470.764,54.443,-88.44, , , , , , ,48.032,3.878,-110.061
 09:39:12.905,eb:33:2e:f9:57:b5, 2015-01-01 00:27:48.720,0.462,-0.151,3.35,476.501,69.092,-94.91, , , , , , ,50.394,4.433,-110.121
 09:39:12.905,eb:33:2e:f9:57:b5, 2015-01-01 00:27:48.720,0.442,-0.266,3.614,491.272,97.656,-100.403, , , , , , ,52.822,5.087,-110.094
 09:39:12.905,eb:33:2e:f9:57:b5, 2015-01-01 00:27:48.720,0.314,-0.683,3.496,509.766,133.362,-100.647, , , , , , ,55.349,5.839,-109.902
 09:39:12.905,eb:33:2e:f9:57:b5, 2015-01-01 00:27:48.720,0.589,-0.412,3.187,526.733,141.479,-106.506, , , , , , ,57.98,6.658,-109.594
 09:39:12.905,eb:33:2e:f9:57:b5, 2015-01-01 00:27:48.720,0.583,-0.702,3.285,543.701,152.222,-106.384, , , , , , ,60.705,7.493,-109.243
 09:39:12.949,eb:33:2e:f9:57:b5, 2015-01-01 00:27:48.720,0.675,-0.442,2.976,544.312,167.175,-96.924, , , , , , ,63.495,8.322,-108.754
 09:39:12.949,eb:33:2e:f9:57:b5, 2015-01-01 00:27:48.720,0.768,-0.376,2.767,531.006,184.387,-87.891, , , , , , ,66.275,9.108,-108.144
 09:39:12.949,eb:33:2e:f9:57:b5, 2015-01-01 00:27:48.720,0.589,-0.84,2.421,506.409,213.257,-75.378, , , , , , ,68.989,9.866,-107.347
 09:39:12.951,eb:33:2e:f9:57:b5, 2015-01-01 00:27:48.720,0.657,-0.861,1.155,460.327,227.661,-56.213, , , , , , ,71.565,10.541,-106.386
 09:39:12.951,eb:33:2e:f9:57:b5, 2015-01-01 00:27:48.720,0.803,-0.627,0.293,398.071,224.121,-45.227, , , , , , ,73.861,11.107,-105.364
 09:39:12.951,eb:33:2e:f9:57:b5, 2015-01-01 00:27:48.720,0.832,-1.252,0.053,329.468,214.722,-38.025, , , , , , ,75.855,11.596,-104.337
 09:39:12.951,eb:33:2e:f9:57:b5, 2015-01-01 00:27:48.720,0.645,-2.37,-0.706,246.216,187.317,-28.442, , , , , , ,77.443,11.986,-103.376
 09:39:12.951,eb:33:2e:f9:57:b5, 2015-01-01 00:27:48.720,0.178,-1.705,-1.022,176.392,157.532,-31.006, , , , , , ,78.629,12.31,-102.546
 09:39:12.972,eb:33:2e:f9:57:b5, 2015-01-01 00:27:48.720,0.355,0.082,-1.1,71.411,93.445,-33.447, , , , , , ,79.338,12.585,-101.997
 09:39:12.972,eb:33:2e:f9:57:b5, 2015-01-01 00:27:48.720,0.423,0.631,-0.429,-54.443,60.12,-29.48, , , , , , ,79.376,12.805,-101.656
 09:39:12.972,eb:33:2e:f9:57:b5, 2015-01-01 00:27:48.720,0.569,-0.064,0.062,-135.742,29.297,-27.344, , , , , , ,78.882,12.98,-101.47
 09:39:12.972,eb:33:2e:f9:57:b5, 2015-01-01 00:27:48.720,0.745,-0.82,0.37,-187.5,10.864,-23.315, , , , , , ,78.047,13.118,-101.415
 09:39:12.972,eb:33:2e:f9:57:b5, 2015-01-01 00:27:48.720,0.607,-1.368,0.729,-223.389,28.503,-18.616, , , , , , ,77.003,13.239,-101.343
 09:39:12.972,eb:33:2e:f9:57:b5, 2015-01-01 00:27:48.720,0.593,-1.298,0.661,-247.62,36.499,-18.25, , , , , , ,75.844,13.37,-101.184
 09:39:12.972,eb:33:2e:f9:57:b5, 2015-01-01 00:27:48.720,0.598,-1.037,0.84,-259.155,35.095,-19.348, , , , , , ,74.597,13.508,-101.03
 09:39:12.972,eb:33:2e:f9:57:b5, 2015-01-01 00:27:48.720,0.498,-0.841,1.036,-259.216,35.583,-23.804, , , , , , ,73.334,13.661,-100.882
 09:39:13.016,eb:33:2e:f9:57:b5, 2015-01-01 00:27:49.030,0.497,-0.797,0.973,-255.676,30.701,-28.931, , , , , , ,72.065,13.837,-100.767
 09:39:13.016,eb:33:2e:f9:57:b5, 2015-01-01 00:27:49.030,0.471,-0.866,0.792,-253.296,28.87,-31.616, , , , , , ,70.812,14.03,-100.673
 09:39:13.016,eb:33:2e:f9:57:b5, 2015-01-01 00:27:49.030,0.455,-0.923,0.554,-253.174,25.94,-32.776, , , , , , ,69.565,14.227,-100.591
 09:39:13.016,eb:33:2e:f9:57:b5, 2015-01-01 00:27:49.030,0.427,-0.9,0.395,-255.554,19.775,-33.63, , , , , , ,68.302,14.425,-100.547
 09:39:13.016,eb:33:2e:f9:57:b5, 2015-01-01 00:27:49.030,0.374,-0.815,0.311,-261.169,10.315,-34.668, , , , , , ,66.995,14.606,-100.547
 09:39:13.016,eb:33:2e:f9:57:b5, 2015-01-01 00:27:49.030,0.322,-0.734,0.233,-270.386,-2.502,-35.339, , , , , , ,65.649,14.777,-100.607
 09:39:13.016,eb:33:2e:f9:57:b5, 2015-01-01 00:27:49.030,0.277,-0.703,0.164,-283.508,-16.724,-34.058, , , , , , ,64.221,14.908,-100.728
 09:39:13.016,eb:33:2e:f9:57:b5, 2015-01-01 00:27:49.030,0.247,-0.724,0.147,-299.622,-29.907,-30.823, , , , , , ,62.704,14.996,-100.92
 09:39:13.083,eb:33:2e:f9:57:b5, 2015-01-01 00:27:49.030,0.224,-0.767,0.2,-317.017,-40.649,-26.245, , , , , , ,61.078,15.035,-101.162
 09:39:13.083,eb:33:2e:f9:57:b5, 2015-01-01 00:27:49.030,0.208,-0.804,0.333,-337.28,-48.889,-18.921, , , , , , ,59.365,15.013,-101.426
 09:39:13.083,eb:33:2e:f9:57:b5, 2015-01-01 00:27:49.030,0.202,-0.801,0.466,-351.929,-51.636,-12.146, , , , , , ,57.563,14.947,-101.684
 09:39:13.083,eb:33:2e:f9:57:b5, 2015-01-01 00:27:49.030,0.205,-0.765,0.592,-363.831,-51.697,-5.249, , , , , , ,55.701,14.837,-101.931
 09:39:13.083,eb:33:2e:f9:57:b5, 2015-01-01 00:27:49.030,0.225,-0.697,0.689,-373.291,-50.72,1.16, , , , , , ,53.778,14.694,-102.156
 09:39:13.083,eb:33:2e:f9:57:b5, 2015-01-01 00:27:49.030,0.246,-0.612,0.762,-380.493,-50.11,6.836, , , , , , ,51.839,14.518,-102.349
 09:39:13.083,eb:33:2e:f9:57:b5, 2015-01-01 00:27:49.030,0.282,-0.517,0.814,-385.437,-51.514,10.559, , , , , , ,49.878,14.326,-102.519
 09:39:13.083,eb:33:2e:f9:57:b5, 2015-01-01 00:27:49.030,0.315,-0.428,0.846,-389.038,-55.664,12.634, , , , , , ,47.895,14.101,-102.689
 09:39:13.105,eb:33:2e:f9:57:b5, 2015-01-01 00:27:49.030,0.34,-0.347,0.836,-392.395,-62.317,13.367, , , , , , ,45.879,13.848,-102.87
 09:39:13.105,eb:33:2e:f9:57:b5, 2015-01-01 00:27:49.030,0.353,-0.28,0.807,-395.935,-71.228,13, , , , , , ,43.857,13.563,-103.068
 09:39:13.105,eb:33:2e:f9:57:b5, 2015-01-01 00:27:49.030,0.374,-0.226,0.807,-398.804,-82.52,11.658, , , , , , ,41.814,13.233,-103.288
 09:39:13.105,eb:33:2e:f9:57:b5, 2015-01-01 00:27:49.030,0.384,-0.184,0.864,-399.841,-94.238,9.705, , , , , , ,39.76,12.859,-103.552
 09:39:13.105,eb:33:2e:f9:57:b5, 2015-01-01 00:27:49.030,0.386,-0.143,0.961,-398.315,-105.469,7.141, , , , , , ,37.678,12.431,-103.843
 09:39:13.105,eb:33:2e:f9:57:b5, 2015-01-01 00:27:49.030,0.376,-0.114,1.074,-394.653,-115.051,5.005, , , , , , ,35.629,11.97,-104.161
 09:39:13.105,eb:33:2e:f9:57:b5, 2015-01-01 00:27:49.030,0.355,-0.086,1.189,-390.015,-121.948,3.052, , , , , , ,33.602,11.464,-104.491
 09:39:13.105,eb:33:2e:f9:57:b5, 2015-01-01 00:27:49.030,0.335,-0.068,1.291,-385.193,-126.465,2.014, , , , , , ,31.597,10.931,-104.821
 09:39:13.153,eb:33:2e:f9:57:b5, 2015-01-01 00:27:49.030,0.32,-0.048,1.383,-380.676,-128.54,1.526, , , , , , ,29.608,10.371,-105.15
 09:39:13.153,eb:33:2e:f9:57:b5, 2015-01-01 00:27:49.030,0.303,-0.021,1.454,-376.709,-129.333,1.16, , , , , , ,27.658,9.8,-105.458
 09:39:13.153,eb:33:2e:f9:57:b5, 2015-01-01 00:27:49.030,0.261,0.022,1.479,-373.657,-130.859,1.038, , , , , , ,25.735,9.218,-105.749
 09:39:13.153,eb:33:2e:f9:57:b5, 2015-01-01 00:27:49.030,0.237,0.07,1.462,-372.192,-134.277,1.404, , , , , , ,23.829,8.608,-106.024
 09:39:13.153,eb:33:2e:f9:57:b5, 2015-01-01 00:27:49.030,0.231,0.088,1.498,-371.46,-137.329,2.319, , , , , , ,21.912,7.971,-106.287
 09:39:13.153,eb:33:2e:f9:57:b5, 2015-01-01 00:27:49.030,0.231,0.09,1.578,-370.178,-138.55,3.601, , , , , , ,20.023,7.317,-106.523
 09:39:13.153,eb:33:2e:f9:57:b5, 2015-01-01 00:27:49.030,0.227,0.095,1.66,-367.798,-138.611,5.249, , , , , , ,18.155,6.658,-106.727
 09:39:13.153,eb:33:2e:f9:57:b5, 2015-01-01 00:27:49.030,0.22,0.102,1.719,-363.953,-139.038,6.775, , , , , , ,16.304,5.982,-106.902
 09:39:13.174,eb:33:2e:f9:57:b5, 2015-01-01 00:27:49.030,0.22,0.108,1.751,-359.314,-140.625,8.362, , , , , , ,14.464,5.29,-107.056
 09:39:13.174,eb:33:2e:f9:57:b5, 2015-01-01 00:27:49.030,0.222,0.115,1.771,-354.431,-143.494,9.766, , , , , , ,12.667,4.587,-107.177
 09:39:13.174,eb:33:2e:f9:57:b5, 2015-01-01 00:27:49.030,0.224,0.125,1.784,-349.854,-147.888,10.925, , , , , , ,10.904,3.862,-107.271
 09:39:13.174,eb:33:2e:f9:57:b5, 2015-01-01 00:27:49.030,0.223,0.134,1.811,-345.398,-153.564,11.719, , , , , , ,9.163,3.104,-107.347
 09:39:13.174,eb:33:2e:f9:57:b5, 2015-01-01 00:27:49.030,0.227,0.147,1.861,-340.881,-159.729,12.268, , , , , , ,7.421,2.307,-107.402
 09:39:13.174,eb:33:2e:f9:57:b5, 2015-01-01 00:27:49.030,0.235,0.164,1.941,-335.999,-164.795,12.756, , , , , , ,5.729,1.489,-107.435
 09:39:13.174,eb:33:2e:f9:57:b5, 2015-01-01 00:27:49.030,0.237,0.189,2.04,-330.627,-167.786,13.55, , , , , , ,4.065,0.654,-107.441
 09:39:13.175,eb:33:2e:f9:57:b5, 2015-01-01 00:27:49.030,0.222,0.23,2.127,-325.745,-169.495,14.526, , , , , , ,2.428,-0.187,-107.413
 09:39:13.241,eb:33:2e:f9:57:b5, 2015-01-01 00:27:49.030,0.216,0.275,2.181,-322.327,-170.959,15.625, , , , , , ,0.786,-1.049,-107.364
 09:39:13.241,eb:33:2e:f9:57:b5, 2015-01-01 00:27:49.030,0.203,0.311,2.224,-321.228,-172.058,17.273, , , , , , ,-0.818,-1.912,-107.281
 09:39:13.241,eb:33:2e:f9:57:b5, 2015-01-01 00:27:49.030,0.168,0.344,2.262,-323.059,-172.974,19.348, , , , , , ,-2.433,-2.774,-107.161
 09:39:13.241,eb:33:2e:f9:57:b5, 2015-01-01 00:27:49.030,0.132,0.374,2.311,-328.552,-174.316,22.888, , , , , , ,-4.076,-3.636,-107.007
 09:39:13.241,eb:33:2e:f9:57:b5, 2015-01-01 00:27:49.030,0.081,0.407,2.365,-335.388,-175.232,26.55, , , , , , ,-5.773,-4.504,-106.804
 09:39:13.241,eb:33:2e:f9:57:b5, 2015-01-01 00:27:49.030,0.02,0.46,2.417,-342.59,-176.453,30.762, , , , , , ,-7.493,-5.361,-106.556
 09:39:13.241,eb:33:2e:f9:57:b5, 2015-01-01 00:27:49.030,-0.034,0.514,2.476,-348.022,-178.711,35.156, , , , , , ,-9.256,-6.218,-106.265
 09:39:13.241,eb:33:2e:f9:57:b5, 2015-01-01 00:27:49.030,-0.065,0.599,2.548,-350.891,-181.335,39.307, , , , , , ,-11.047,-7.07,-105.914
 09:39:13.263,eb:33:2e:f9:57:b5, 2015-01-01 00:27:49.030,-0.095,0.731,2.633,-350.647,-183.533,43.274, , , , , , ,-12.876,-7.932,-105.518
 09:39:13.263,eb:33:2e:f9:57:b5, 2015-01-01 00:27:49.030,-0.138,0.885,2.738,-346.619,-184.082,46.814, , , , , , ,-14.683,-8.773,-105.073
 09:39:13.263,eb:33:2e:f9:57:b5, 2015-01-01 00:27:49.030,-0.193,1.035,2.849,-338.867,-181.702,50.354, , , , , , ,-16.474,-9.586,-104.584
 09:39:13.263,eb:33:2e:f9:57:b5, 2015-01-01 00:27:49.030,-0.248,1.194,2.953,-328.369,-175.354,54.26, , , , , , ,-18.226,-10.36,-104.062
 09:39:13.263,eb:33:2e:f9:57:b5, 2015-01-01 00:27:49.030,-0.288,1.362,3.04,-315.308,-164.551,58.594, , , , , , ,-19.951,-11.074,-103.502
 09:39:13.263,eb:33:2e:f9:57:b5, 2015-01-01 00:27:49.030,-0.305,1.558,3.074,-300.232,-149.719,62.561, , , , , , ,-21.599,-11.695,-102.931
 09:39:13.263,eb:33:2e:f9:57:b5, 2015-01-01 00:27:49.030,-0.282,1.804,3.026,-283.569,-132.263,65.063, , , , , , ,-23.17,-12.217,-102.354
 09:39:13.263,eb:33:2e:f9:57:b5, 2015-01-01 00:27:49.030,-0.232,2.106,2.912,-264.526,-114.502,64.27, , , , , , ,-24.653,-12.64,-101.799
 09:39:13.354,eb:33:2e:f9:57:b5, 2015-01-01 00:27:49.030,-0.229,2.462,2.704,-242.065,-100.403,58.533, , , , , , ,-26.032,-12.991,-101.283
 09:39:13.354,eb:33:2e:f9:57:b5, 2015-01-01 00:27:49.030,-0.331,2.865,2.332,-216.125,-97.351,46.143, , , , , , ,-27.274,-13.31,-100.822
 09:39:13.355,eb:33:2e:f9:57:b5, 2015-01-01 00:27:49.030,-0.506,3.286,1.844,-187.866,-110.168,28.564, , , , , , ,-28.367,-13.689,-100.41
 09:39:13.355,eb:33:2e:f9:57:b5, 2015-01-01 00:27:49.030,-0.782,3.65,1.491,-158.203,-132.812,8.423, , , , , , ,-29.312,-14.189,-100.025
 09:39:13.355,eb:33:2e:f9:57:b5, 2015-01-01 00:27:49.030,-1.118,3.904,1.372,-126.709,-155.09,-11.169, , , , , , ,-30.103,-14.837,-99.668
 09:39:13.356,eb:33:2e:f9:57:b5, 2015-01-01 00:27:49.030,-1.402,4.068,1.473,-94.116,-167.969,-27.344, , , , , , ,-30.729,-15.601,-99.333
 09:39:13.356,eb:33:2e:f9:57:b5, 2015-01-01 00:27:49.030,-1.567,4.102,1.818,-60.852,-160.706,-37.781, , , , , , ,-31.179,-16.397,-99.042
 09:39:13.356,eb:33:2e:f9:57:b5, 2015-01-01 00:27:49.030,-1.584,3.965,2.322,-26.123,-126.16,-41.992, , , , , , ,-31.443,-17.111,-98.839
 09:39:13.356,eb:33:2e:f9:57:b5, 2015-01-01 00:27:49.030,-1.457,3.667,2.773,8.545,-66.895,-41.504, , , , , , ,-31.481,-17.617,-98.778
 09:39:13.356,eb:33:2e:f9:57:b5, 2015-01-01 00:27:49.030,-1.239,3.267,2.916,39.001,4.517,-38.513, , , , , , ,-31.311,-17.825,-98.888
 09:39:13.356,eb:33:2e:f9:57:b5, 2015-01-01 00:27:49.030,-0.984,2.871,2.691,62.256,70.312,-34.607, , , , , , ,-30.959,-17.726,-99.179
 09:39:13.356,eb:33:2e:f9:57:b5, 2015-01-01 00:27:49.030,-0.73,2.54,2.277,79.041,117.249,-31.86, , , , , , ,-30.471,-17.38,-99.591
 09:39:13.356,eb:33:2e:f9:57:b5, 2015-01-01 00:27:49.030,-0.526,2.257,1.852,91.431,140.991,-31.311, , , , , , ,-29.877,-16.88,-100.091
 09:39:13.356,eb:33:2e:f9:57:b5, 2015-01-01 00:27:49.030,-0.384,1.997,1.469,100.525,143.25,-32.227, , , , , , ,-29.246,-16.331,-100.602
 09:39:13.356,eb:33:2e:f9:57:b5, 2015-01-01 00:27:49.030,-0.298,1.721,1.197,108.276,130.31,-33.386, , , , , , ,-28.581,-15.815,-101.102
 09:39:13.356,eb:33:2e:f9:57:b5, 2015-01-01 00:27:49.030,1.681,1.429,1.069,116.76,106.934,-34.973, , , , , , ,-27.9,-15.375,-101.547
 09:39:13.376,eb:33:2e:f9:57:b5, 2015-01-01 00:27:49.345,-1.285,-3.351,8.53,230.53,238.77,-77.209, , , , , , ,-26.763,-15.189,-102.057
 09:39:13.376,eb:33:2e:f9:57:b5, 2015-01-01 00:27:49.345,1.425,-1.629,-0.448,264.526,124.084,-61.462, , , , , , ,-25.312,-14.26,-102.777
 09:39:13.376,eb:33:2e:f9:57:b5, 2015-01-01 00:27:49.345,0.557,-0.553,0.705,259.521,125,-65.491, , , , , , ,-23.862,-13.848,-103.359
 09:39:13.376,eb:33:2e:f9:57:b5, 2015-01-01 00:27:49.345,0.297,-1.398,1.002,266.846,117.432,-56.152, , , , , , ,-22.423,-13.403,-103.898
 09:39:13.376,eb:33:2e:f9:57:b5, 2015-01-01 00:27:49.345,-0.17,-1.525,1.212,308.716,167.48,-38.696, , , , , , ,-20.836,-12.81,-104.387
 09:39:13.376,eb:33:2e:f9:57:b5, 2015-01-01 00:27:49.345,-0.684,-1.263,1.315,342.224,219.116,-18.738, , , , , , ,-19.083,-11.909,-104.859
 09:39:13.376,eb:33:2e:f9:57:b5, 2015-01-01 00:27:49.345,-0.775,-0.878,1.257,365.479,248.23,3.113, , , , , , ,-17.216,-10.778,-105.271
 09:39:13.376,eb:33:2e:f9:57:b5, 2015-01-01 00:27:49.345,-0.807,0.044,1.065,355.286,223.45,8.911, , , , , , ,-15.353,-9.635,-105.562
 09:39:13.489,eb:33:2e:f9:57:b5, 2015-01-01 00:27:49.345,-0.953,0.494,0.734,327.637,181.458,2.93, , , , , , ,-13.607,-8.663,-105.787
 09:39:13.489,eb:33:2e:f9:57:b5, 2015-01-01 00:27:49.345,-0.684,0.825,0.746,289.429,136.292,-6.653, , , , , , ,-12.052,-7.905,-105.974
 09:39:13.489,eb:33:2e:f9:57:b5, 2015-01-01 00:27:49.345,-0.373,1.044,1.276,237.366,110.84,-17.273, , , , , , ,-10.734,-7.328,-106.161
 09:39:13.489,eb:33:2e:f9:57:b5, 2015-01-01 00:27:49.345,-0.204,0.611,1.258,199.219,91.858,-23.01, , , , , , ,-9.646,-6.866,-106.359
 09:39:13.489,eb:33:2e:f9:57:b5, 2015-01-01 00:27:49.345,-0.2,0.279,1.234,178.04,80.566,-27.344, , , , , , ,-8.685,-6.46,-106.551
 09:39:13.489,eb:33:2e:f9:57:b5, 2015-01-01 00:27:49.345,-0.156,0.137,1.201,163.635,73.975,-28.381, , , , , , ,-7.811,-6.103,-106.749
 09:39:13.489,eb:33:2e:f9:57:b5, 2015-01-01 00:27:49.345,-0.065,0.135,1.146,146.667,64.209,-24.353, , , , , , ,-7.031,-5.784,-106.924
 09:39:13.489,eb:33:2e:f9:57:b5, 2015-01-01 00:27:49.345,-0.015,0.097,1.089,132.568,59.57,-18.494, , , , , , ,-6.334,-5.493,-107.067
 09:39:13.491,eb:33:2e:f9:57:b5, 2015-01-01 00:27:49.345,0.049,0.168,1.039,119.568,60.669,-14.954, , , , , , ,-5.68,-5.197,-107.177
 09:39:13.491,eb:33:2e:f9:57:b5, 2015-01-01 00:27:49.345,0.084,0.238,0.992,105.408,60.913,-14.587, , , , , , ,-5.12,-4.9,-107.281
 09:39:13.491,eb:33:2e:f9:57:b5, 2015-01-01 00:27:49.345,0.088,0.215,0.998,93.506,61.707,-14.465, , , , , , ,-4.62,-4.603,-107.38
 09:39:13.491,eb:33:2e:f9:57:b5, 2015-01-01 00:27:49.345,0.074,0.183,0.998,83.923,62.195,-15.015, , , , , , ,-4.175,-4.301,-107.474
 09:39:13.491,eb:33:2e:f9:57:b5, 2015-01-01 00:27:49.345,0.061,0.145,1.005,76.477,60.852,-14.893, , , , , , ,-3.757,-3.988,-107.573
 09:39:13.491,eb:33:2e:f9:57:b5, 2015-01-01 00:27:49.345,0.117,0.226,1.037,64.88,58.838,-12.695, , , , , , ,-3.4,-3.697,-107.661
 09:39:13.491,eb:33:2e:f9:57:b5, 2015-01-01 00:27:49.345,0.112,0.206,1.03,51.025,55.542,-5.92, , , , , , ,-3.115,-3.417,-107.721
 09:39:13.491,eb:33:2e:f9:57:b5, 2015-01-01 00:27:49.345,-0.033,0.181,1.012,37.72,53.833,0.854, , , , , , ,-2.9,-3.142,-107.743
 09:39:13.491,eb:33:2e:f9:57:b5, 2015-01-01 00:27:49.345,-0.1,0.14,0.967,26.978,46.814,6.592, , , , , , ,-2.73,-2.884,-107.732
 09:39:13.491,eb:33:2e:f9:57:b5, 2015-01-01 00:27:49.345,-0.106,0.063,0.979,21.851,40.222,7.263, , , , , , ,-2.615,-2.67,-107.704
 09:39:13.491,eb:33:2e:f9:57:b5, 2015-01-01 00:27:49.345,-0.049,0.019,0.939,20.203,31.189,4.639, , , , , , ,-2.51,-2.494,-107.682
 09:39:13.492,eb:33:2e:f9:57:b5, 2015-01-01 00:27:49.345,-0.058,0.058,0.923,17.822,22.339,0.793, , , , , , ,-2.417,-2.368,-107.677
 09:39:13.492,eb:33:2e:f9:57:b5, 2015-01-01 00:27:49.345,-0.026,0.076,0.911,14.099,14.893,-0.366, , , , , , ,-2.324,-2.274,-107.682
 09:39:13.493,eb:33:2e:f9:57:b5, 2015-01-01 00:27:49.345,0.039,0.056,0.95,10.376,10.986,0.671, , , , , , ,-2.269,-2.214,-107.682
 09:39:13.493,eb:33:2e:f9:57:b5, 2015-01-01 00:27:49.345,0.035,0.034,1.016,8.118,11.353,1.221, , , , , , ,-2.225,-2.159,-107.677
 09:39:13.493,eb:33:2e:f9:57:b5, 2015-01-01 00:27:49.345,-0.011,0.005,1.037,7.874,11.902,0.366, , , , , , ,-2.186,-2.098,-107.677
 09:39:13.534,eb:33:2e:f9:57:b5, 2015-01-01 00:27:49.345,-0.028,-0.021,1.018,9.033,10.62,-0.732, , , , , , ,-2.126,-2.038,-107.682
 09:39:13.534,eb:33:2e:f9:57:b5, 2015-01-01 00:27:49.345,-0.03,-0.019,1.003,9.949,8.301,-1.831, , , , , , ,-2.076,-1.989,-107.688
 09:39:13.534,eb:33:2e:f9:57:b5, 2015-01-01 00:27:49.345,-0.038,-0.009,0.994,10.01,6.104,-2.319, , , , , , ,-2.032,-1.956,-107.699
 09:39:13.534,eb:33:2e:f9:57:b5, 2015-01-01 00:27:49.345,-0.042,-0.011,0.989,10.071,3.601,-2.686, , , , , , ,-1.983,-1.934,-107.715
 09:39:13.534,eb:33:2e:f9:57:b5, 2015-01-01 00:27:49.345,-0.037,-0.021,0.986,10.498,1.221,-3.296, , , , , , ,-1.912,-1.917,-107.732
 09:39:13.534,eb:33:2e:f9:57:b5, 2015-01-01 00:27:49.345,-0.019,-0.025,0.995,11.23,-0.854,-3.784, , , , , , ,-1.857,-1.917,-107.748
 09:39:13.534,eb:33:2e:f9:57:b5, 2015-01-01 00:27:49.345,0.007,-0.032,1.01,12.207,-2.197,-3.845, , , , , , ,-1.802,-1.928,-107.765
 09:39:13.534,eb:33:2e:f9:57:b5, 2015-01-01 00:27:49.345,0.03,-0.022,1.017,12.939,-1.953,-4.15, , , , , , ,-1.736,-1.945,-107.787
 09:39:13.602,eb:33:2e:f9:57:b5, 2015-01-01 00:27:49.345,0.028,-0.01,1.022,13.733,-1.526,-5.066, , , , , , ,-1.653,-1.945,-107.809
 09:39:13.602,eb:33:2e:f9:57:b5, 2015-01-01 00:27:49.345,0.039,-0.012,1.023,14.465,-1.16,-5.554, , , , , , ,-1.582,-1.95,-107.836
 09:39:13.602,eb:33:2e:f9:57:b5, 2015-01-01 00:27:49.345,0.041,-0.01,1.022,15.198,-0.427,-6.042, , , , , , ,-1.511,-1.961,-107.864
 09:39:13.602,eb:33:2e:f9:57:b5, 2015-01-01 00:27:49.345,0.044,-0.01,1.021,15.808,0.671,-6.287, , , , , , ,-1.428,-1.961,-107.897
 09:39:13.602,eb:33:2e:f9:57:b5, 2015-01-01 00:27:49.345,0.045,-0.002,1.016,16.174,1.831,-6.714, , , , , , ,-1.335,-1.945,-107.93
 09:39:13.602,eb:33:2e:f9:57:b5, 2015-01-01 00:27:49.345,0.049,-0.002,1.022,16.724,2.869,-7.141, , , , , , ,-1.252,-1.934,-107.963
 09:39:13.602,eb:33:2e:f9:57:b5, 2015-01-01 00:27:49.345,0.062,0.002,1.021,16.968,3.906,-7.507, , , , , , ,-1.165,-1.917,-108.001
 09:39:13.602,eb:33:2e:f9:57:b5, 2015-01-01 00:27:49.345,0.083,-0.004,1.038,17.944,5.127,-7.874, , , , , , ,-1.077,-1.895,-108.04
 09:39:13.623,eb:33:2e:f9:57:b5, 2015-01-01 00:27:49.345,0.083,0,1.051,19.165,7.629,-8.423, , , , , , ,-0.967,-1.857,-108.078
 09:39:13.623,eb:33:2e:f9:57:b5, 2015-01-01 00:27:49.345,0.068,0.01,1.037,19.714,10.62,-8.789, , , , , , ,-0.868,-1.813,-108.122
 09:39:13.623,eb:33:2e:f9:57:b5, 2015-01-01 00:27:49.345,0.041,0.013,1.022,19.592,13.489,-8.728, , , , , , ,-0.769,-1.752,-108.166
 09:39:13.625,eb:33:2e:f9:57:b5, 2015-01-01 00:27:49.345,-0.003,0.019,0.991,18.677,15.564,-8.179, , , , , , ,-0.676,-1.681,-108.21
 09:39:13.625,eb:33:2e:f9:57:b5, 2015-01-01 00:27:49.345,-0.025,0.017,0.965,17.761,15.686,-7.08, , , , , , ,-0.571,-1.593,-108.248
 09:39:13.625,eb:33:2e:f9:57:b5, 2015-01-01 00:27:49.345,-0.042,0.021,0.94,16.724,14.099,-6.226, , , , , , ,-0.483,-1.522,-108.281
 09:39:13.625,eb:33:2e:f9:57:b5, 2015-01-01 00:27:49.345,-0.026,0.018,0.933,15.747,11.536,-5.249, , , , , , ,-0.401,-1.456,-108.309
 09:39:13.625,eb:33:2e:f9:57:b5, 2015-01-01 00:27:49.345,-0.002,0.025,0.946,14.893,9.46,-4.883, , , , , , ,-0.33,-1.406,-108.336
 09:39:13.671,eb:33:2e:f9:57:b5, 2015-01-01 00:27:49.345,0.021,0.025,0.966,14.343,8.789,-4.761, , , , , , ,-0.236,-1.357,-108.358
 09:39:13.671,eb:33:2e:f9:57:b5, 2015-01-01 00:27:49.345,0.023,0.024,0.991,14.099,9.46,-5.005, , , , , , ,-0.17,-1.313,-108.386
 09:39:13.671,eb:33:2e:f9:57:b5, 2015-01-01 00:27:49.345,0.038,0.024,0.997,13.916,10.437,-4.883, , , , , , ,-0.099,-1.263,-108.408
 09:39:13.671,eb:33:2e:f9:57:b5, 2015-01-01 00:27:49.345,0.038,0.035,1,13.611,11.963,-5.005, , , , , , ,-0.033,-1.208,-108.435
 09:39:13.671,eb:33:2e:f9:57:b5, 2015-01-01 00:27:49.345,0.025,0.035,1.002,13.428,13.794,-5.066, , , , , , ,0.049,-1.137,-108.457
 09:39:13.671,eb:33:2e:f9:57:b5, 2015-01-01 00:27:49.345,0.027,0.032,0.999,13.245,15.198,-4.883, , , , , , ,0.115,-1.06,-108.484
 09:39:13.671,eb:33:2e:f9:57:b5, 2015-01-01 00:27:49.345,0.026,0.029,1.007,13.245,16.663,-4.639, , , , , , ,0.181,-0.983,-108.506
 09:39:13.671,eb:33:2e:f9:57:b5, 2015-01-01 00:27:49.345,0.024,0.034,1.006,13.489,17.578,-4.761, , , , , , ,0.247,-0.895,-108.528
 09:39:13.715,eb:33:2e:f9:57:b5, 2015-01-01 00:27:49.345,0.023,0.034,1.008,13.672,18.555,-4.7, , , , , , ,0.33,-0.797,-108.55
 09:39:13.715,eb:33:2e:f9:57:b5, 2015-01-01 00:27:49.345,0.023,0.033,1.012,13.733,19.714,-4.639, , , , , , ,0.396,-0.703,-108.572
 09:39:13.715,eb:33:2e:f9:57:b5, 2015-01-01 00:27:49.345,0.021,0.039,1.001,13.611,20.813,-4.761, , , , , , ,0.461,-0.604,-108.594
 09:39:13.715,eb:33:2e:f9:57:b5, 2015-01-01 00:27:49.345,-0.007,0.051,0.985,13.184,21.729,-5.127, , , , , , ,0.527,-0.494,-108.622
 09:39:13.715,eb:33:2e:f9:57:b5, 2015-01-01 00:27:49.345,-0.008,0.038,0.986,13.062,21.667,-4.822, , , , , , ,0.61,-0.379,-108.644
 09:39:13.715,eb:33:2e:f9:57:b5, 2015-01-01 00:27:49.345,-0.016,0.045,0.981,12.878,21.24,-5.31, , , , , , ,0.676,-0.275,-108.666
 09:39:13.715,eb:33:2e:f9:57:b5, 2015-01-01 00:27:49.345,0.032,0.032,0.997,13.184,20.203,-5.188, , , , , , ,0.736,-0.17,-108.693
 09:39:13.715,eb:33:2e:f9:57:b5, 2015-01-01 00:27:49.345,0.001,0.073,0.956,12.939,19.104,-6.409, , , , , , ,0.802,-0.071,-108.721
 09:39:13.735,eb:33:2e:f9:57:b5, 2015-01-01 00:27:49.765,0.007,0.005,1.032,14.221,18.494,-4.333, , , , , , ,0.884,0.027,-108.743
 09:39:13.735,eb:33:2e:f9:57:b5, 2015-01-01 00:27:49.765,0.021,0.034,1.027,15.198,19.531,-4.883, , , , , , ,0.956,0.121,-108.765
 09:39:13.735,eb:33:2e:f9:57:b5, 2015-01-01 00:27:49.765,0.057,0.044,1.02,16.113,20.264,-5.798, , , , , , ,1.033,0.22,-108.792
 09:39:13.735,eb:33:2e:f9:57:b5, 2015-01-01 00:27:49.765,0.021,0.083,0.993,16.968,19.958,-7.751, , , , , , ,1.115,0.319,-108.825
 09:39:13.735,eb:33:2e:f9:57:b5, 2015-01-01 00:27:49.765,0.018,0.029,1.054,18.188,20.935,-8.24, , , , , , ,1.219,0.434,-108.864
 09:39:13.735,eb:33:2e:f9:57:b5, 2015-01-01 00:27:49.765,0.039,0.038,1.067,19.287,21.118,-9.521, , , , , , ,1.313,0.538,-108.902
 09:39:13.735,eb:33:2e:f9:57:b5, 2015-01-01 00:27:49.765,0.033,0.028,1.088,20.691,22.888,-10.742, , , , , , ,1.412,0.648,-108.951
 09:39:13.735,eb:33:2e:f9:57:b5, 2015-01-01 00:27:49.765,-0.026,0.053,1.049,22.034,21.973,-12.39, , , , , , ,1.516,0.758,-109.006
 09:39:13.781,eb:33:2e:f9:57:b5, 2015-01-01 00:27:49.765,-0.048,0,1.098,25.269,21.179,-10.803, , , , , , ,1.648,0.879,-109.061
 09:39:13.781,eb:33:2e:f9:57:b5, 2015-01-01 00:27:49.765,-0.126,0.025,1.013,29.663,15.747,-8.545, , , , , , ,1.785,0.967,-109.105
 09:39:13.781,eb:33:2e:f9:57:b5, 2015-01-01 00:27:49.765,-0.149,-0.047,1.147,34.363,12.451,-5.127, , , , , , ,1.945,1.038,-109.138
 09:39:13.781,eb:33:2e:f9:57:b5, 2015-01-01 00:27:49.765,-0.088,-0.055,1.14,39.856,7.446,-1.404, , , , , , ,2.131,1.082,-109.149
 09:39:13.781,eb:33:2e:f9:57:b5, 2015-01-01 00:27:49.765,-0.071,0.006,1.129,44.495,2.136,-0.854, , , , , , ,2.362,1.11,-109.149
 09:39:13.781,eb:33:2e:f9:57:b5, 2015-01-01 00:27:49.765,-0.092,0.003,1.206,47.974,1.343,-0.854, , , , , , ,2.593,1.115,-109.155
 09:39:13.781,eb:33:2e:f9:57:b5, 2015-01-01 00:27:49.765,-0.103,-0.032,1.243,52.979,0.916,0.671, , , , , , ,2.845,1.121,-109.155
 09:39:13.781,eb:33:2e:f9:57:b5, 2015-01-01 00:27:49.765,-0.092,-0.006,1.217,57.373,-1.709,1.648, , , , , , ,3.126,1.121,-109.149
 09:39:13.826,eb:33:2e:f9:57:b5, 2015-01-01 00:27:49.765,-0.114,0.035,1.109,61.951,-7.751,1.831, , , , , , ,3.439,1.099,-109.138
 09:39:13.826,eb:33:2e:f9:57:b5, 2015-01-01 00:27:49.765,-0.188,0.033,1.176,65.369,-9.949,1.404, , , , , , ,3.757,1.049,-109.133
 09:39:13.826,eb:33:2e:f9:57:b5, 2015-01-01 00:27:49.765,-0.228,-0.042,1.322,69.763,-7.507,2.869, , , , , , ,4.098,1.005,-109.127
 09:39:13.826,eb:33:2e:f9:57:b5, 2015-01-01 00:27:49.765,-0.188,-0.053,1.287,74.89,-8.423,5.31, , , , , , ,4.46,0.967,-109.105
 09:39:13.826,eb:33:2e:f9:57:b5, 2015-01-01 00:27:49.765,-0.115,-0.003,1.186,79.834,-13.367,6.897, , , , , , ,4.861,0.912,-109.078
 09:39:13.827,eb:33:2e:f9:57:b5, 2015-01-01 00:27:49.765,-0.066,0.039,1.174,84.656,-19.653,6.714, , , , , , ,5.273,0.824,-109.05
 09:39:13.827,eb:33:2e:f9:57:b5, 2015-01-01 00:27:49.765,-0.045,0.031,1.238,89.966,-22.156,6.409, , , , , , ,5.713,0.709,-109.028
 09:39:13.827,eb:33:2e:f9:57:b5, 2015-01-01 00:27:49.765,-0.052,0.014,1.324,94.971,-20.569,6.287, , , , , , ,6.18,0.599,-109.006
 09:39:13.872,eb:33:2e:f9:57:b5, 2015-01-01 00:27:49.765,-0.058,-0.002,1.32,100.769,-18.921,6.592, , , , , , ,6.685,0.505,-108.984
 09:39:13.872,eb:33:2e:f9:57:b5, 2015-01-01 00:27:49.765,-0.042,0.035,1.247,106.445,-20.935,6.714, , , , , , ,7.202,0.401,-108.962
 09:39:13.872,eb:33:2e:f9:57:b5, 2015-01-01 00:27:49.765,-0.056,0.059,1.21,111.45,-23.743,5.981, , , , , , ,7.751,0.286,-108.946
 09:39:13.872,eb:33:2e:f9:57:b5, 2015-01-01 00:27:49.765,-0.039,0.058,1.221,116.455,-26.062,5.493, , , , , , ,8.322,0.154,-108.935
 09:39:13.872,eb:33:2e:f9:57:b5, 2015-01-01 00:27:49.765,0.01,0.052,1.274,121.948,-27.527,4.944, , , , , , ,8.932,0.027,-108.929
 09:39:13.872,eb:33:2e:f9:57:b5, 2015-01-01 00:27:49.765,0.065,0.051,1.322,128.235,-27.1,3.967, , , , , , ,9.558,-0.11,-108.929
 09:39:13.872,eb:33:2e:f9:57:b5, 2015-01-01 00:27:49.765,0.106,0.074,1.353,135.071,-25.696,2.38, , , , , , ,10.223,-0.242,-108.935
 09:39:13.872,eb:33:2e:f9:57:b5, 2015-01-01 00:27:49.765,0.146,0.085,1.368,142.334,-23.682,0, , , , , , ,10.915,-0.363,-108.951
 09:39:13.893,eb:33:2e:f9:57:b5, 2015-01-01 00:27:49.765,0.139,0.085,1.39,149.902,-19.958,-2.808, , , , , , ,11.662,-0.461,-108.979
 09:39:13.893,eb:33:2e:f9:57:b5, 2015-01-01 00:27:49.765,0.142,0.101,1.409,158.325,-15.991,-6.653, , , , , , ,12.437,-0.544,-109.023
 09:39:13.893,eb:33:2e:f9:57:b5, 2015-01-01 00:27:49.765,0.179,0.085,1.427,165.955,-12.939,-9.827, , , , , , ,13.25,-0.604,-109.078
 09:39:13.893,eb:33:2e:f9:57:b5, 2015-01-01 00:27:49.765,0.169,0.096,1.437,173.828,-8.972,-13.062, , , , , , ,14.101,-0.643,-109.149
 09:39:13.893,eb:33:2e:f9:57:b5, 2015-01-01 00:27:49.765,0.152,0.105,1.416,181.641,-5.066,-15.869, , , , , , ,15.007,-0.648,-109.232
 09:39:13.893,eb:33:2e:f9:57:b5, 2015-01-01 00:27:49.765,0.139,0.109,1.422,188.477,-1.526,-17.822, , , , , , ,15.936,-0.643,-109.314
 09:39:13.893,eb:33:2e:f9:57:b5, 2015-01-01 00:27:49.765,0.111,0.125,1.44,195.007,1.953,-19.165, , , , , , ,16.897,-0.615,-109.402
 09:39:13.894,eb:33:2e:f9:57:b5, 2015-01-01 00:27:49.765,0.097,0.108,1.441,202.332,4.15,-20.752, , , , , , ,17.897,-0.566,-109.49
 09:39:13.939,eb:33:2e:f9:57:b5, 2015-01-01 00:27:49.765,0.08,0.095,1.397,211.304,5.371,-22.034, , , , , , ,18.946,-0.505,-109.589
 09:39:13.939,eb:33:2e:f9:57:b5, 2015-01-01 00:27:49.765,0.069,0.104,1.414,218.445,6.165,-23.315, , , , , , ,20.023,-0.439,-109.688
 09:39:13.939,eb:33:2e:f9:57:b5, 2015-01-01 00:27:49.765,0.041,0.084,1.462,226.257,8.667,-24.17, , , , , , ,21.138,-0.363,-109.781
 09:39:13.939,eb:33:2e:f9:57:b5, 2015-01-01 00:27:49.765,0.088,0.076,1.526,235.413,11.169,-24.719, , , , , , ,22.297,-0.269,-109.874
 09:39:13.939,eb:33:2e:f9:57:b5, 2015-01-01 00:27:49.765,0.166,0.08,1.555,246.46,13.733,-26.367, , , , , , ,23.516,-0.154,-109.968
 09:39:13.939,eb:33:2e:f9:57:b5, 2015-01-01 00:27:49.765,0.09,0.069,1.553,257.446,14.648,-29.297, , , , , , ,24.78,-0.038,-110.072
 09:39:13.939,eb:33:2e:f9:57:b5, 2015-01-01 00:27:49.765,0.083,0.082,1.513,269.348,11.414,-32.227, , , , , , ,26.098,0.082,-110.182
 09:39:13.939,eb:33:2e:f9:57:b5, 2015-01-01 00:27:49.765,0.022,0.076,1.636,281.189,9.277,-34.607, , , , , , ,27.477,0.203,-110.308
 09:39:14.007,eb:33:2e:f9:57:b5, 2015-01-01 00:27:49.765,0.068,0.052,1.77,295.349,7.996,-35.828, , , , , , ,28.932,0.33,-110.446
 09:39:14.007,eb:33:2e:f9:57:b5, 2015-01-01 00:27:49.765,0.166,0.119,1.985,310.547,6.409,-38.208, , , , , , ,30.454,0.45,-110.588
 09:39:14.007,eb:33:2e:f9:57:b5, 2015-01-01 00:27:49.765,0.287,0.11,2.092,328.369,4.028,-41.504, , , , , , ,32.058,0.577,-110.742
 09:39:14.007,eb:33:2e:f9:57:b5, 2015-01-01 00:27:49.765,0.388,0.217,2.221,343.384,3.479,-46.57, , , , , , ,33.739,0.709,-110.918
 09:39:14.007,eb:33:2e:f9:57:b5, 2015-01-01 00:27:49.765,0.539,0.207,2.471,360.901,6.165,-52.673, , , , , , ,35.513,0.879,-111.116
 09:39:14.007,eb:33:2e:f9:57:b5, 2015-01-01 00:27:49.765,0.633,0.195,2.452,380.127,4.272,-59.57, , , , , , ,37.37,1.071,-111.324
 09:39:14.007,eb:33:2e:f9:57:b5, 2015-01-01 00:27:49.765,0.672,0.272,2.477,395.569,0.549,-68.909, , , , , , ,39.315,1.274,-111.572
 09:39:14.007,eb:33:2e:f9:57:b5, 2015-01-01 00:27:49.765,0.656,0.182,2.749,408.447,7.08,-76.355, , , , , , ,41.32,1.522,-111.841
 09:39:14.053,eb:33:2e:f9:57:b5, 2015-01-01 00:27:49.765,0.633,0.24,3.064,416.504,25.269,-82.031, , , , , , ,43.385,1.862,-112.083
 09:39:14.053,eb:33:2e:f9:57:b5, 2015-01-01 00:27:49.765,0.554,0.179,3.297,425.964,54.871,-85.205, , , , , , ,45.489,2.313,-112.231
 09:39:14.053,eb:33:2e:f9:57:b5, 2015-01-01 00:27:49.765,0.593,0.144,3.342,434.875,77.393,-86.304, , , , , , ,47.642,2.862,-112.269
 09:39:14.053,eb:33:2e:f9:57:b5, 2015-01-01 00:27:49.765,0.594,0.163,3.153,443.481,91.187,-89.661, , , , , , ,49.845,3.472,-112.236
 09:39:14.054,eb:33:2e:f9:57:b5, 2015-01-01 00:27:49.765,0.511,0.203,3.208,445.862,104.736,-91.919, , , , , , ,52.075,4.142,-112.137
 09:39:14.054,eb:33:2e:f9:57:b5, 2015-01-01 00:27:49.765,0.572,0.137,3.323,450.134,117.493,-91.98, , , , , , ,54.333,4.85,-111.962
 09:39:14.054,eb:33:2e:f9:57:b5, 2015-01-01 00:27:49.765,0.739,0.066,3.292,460.632,128.845,-93.567, , , , , , ,56.629,5.587,-111.703
 09:39:14.054,eb:33:2e:f9:57:b5, 2015-01-01 00:27:49.765,0.692,-0.025,3.342,470.093,153.87,-100.403, , , , , , ,58.997,6.372,-111.363
 09:39:14.097,eb:33:2e:f9:57:b5, 2015-01-01 00:27:49.765,0.607,-0.412,3.187,484.802,194.031,-98.816, , , , , , ,61.452,7.251,-110.83
 09:39:14.097,eb:33:2e:f9:57:b5, 2015-01-01 00:27:49.765,0.644,-0.373,2.856,486.694,216.919,-98.877, , , , , , ,63.979,8.174,-110.127
 09:39:14.097,eb:33:2e:f9:57:b5, 2015-01-01 00:27:49.765,0.435,-0.813,1.736,469.177,226.257,-86.182, , , , , , ,66.495,9.064,-109.286
 09:39:14.097,eb:33:2e:f9:57:b5, 2015-01-01 00:27:49.765,0.601,-0.663,0.727,440.857,200.867,-72.693, , , , , , ,68.901,9.827,-108.435
 09:39:14.097,eb:33:2e:f9:57:b5, 2015-01-01 00:27:49.765,0.876,-0.79,0.333,406.799,166.077,-64.331, , , , , , ,71.125,10.453,-107.693
 09:39:14.097,eb:33:2e:f9:57:b5, 2015-01-01 00:27:49.765,0.896,-0.957,0.36,359.68,144.958,-62.134, , , , , , ,73.136,10.986,-107.056
 09:39:14.097,eb:33:2e:f9:57:b5, 2015-01-01 00:27:49.765,0.811,-0.809,0.529,330.322,130.92,-67.993, , , , , , ,74.943,11.481,-106.469
 09:39:14.097,eb:33:2e:f9:57:b5, 2015-01-01 00:27:49.765,0.593,-0.317,1.037,332.336,117.676,-78.247, , , , , , ,76.707,11.992,-105.958
 09:39:14.097,eb:33:2e:f9:57:b5, 2015-01-01 00:27:49.765,0.282,0.365,1.413,304.871,121.277,-84.229, , , , , , ,78.398,12.524,-105.458
 09:39:14.097,eb:33:2e:f9:57:b5, 2015-01-01 00:27:49.765,0.258,0.511,1.027,235.291,129.456,-78.247, , , , , , ,79.849,13.046,-104.903
 09:39:14.097,eb:33:2e:f9:57:b5, 2015-01-01 00:27:49.765,0.376,0.007,0.579,161.987,132.385,-67.261, , , , , , ,80.936,13.508,-104.288
 09:39:14.097,eb:33:2e:f9:57:b5, 2015-01-01 00:27:49.765,0.4,-0.533,0.347,100.22,136.536,-60.852, , , , , , ,81.705,13.92,-103.656
 09:39:14.097,eb:33:2e:f9:57:b5, 2015-01-01 00:27:49.765,0.32,-0.772,0.155,39.307,147.949,-58.838, , , , , , ,82.183,14.315,-102.969
 09:39:14.097,eb:33:2e:f9:57:b5, 2015-01-01 00:27:49.765,0.266,-0.708,-0.048,-18.311,150.818,-56.519, , , , , , ,82.386,14.7,-102.239
 09:39:14.097,eb:33:2e:f9:57:b5, 2015-01-01 00:27:49.765,0.254,-0.579,-0.062,-65.613,140.076,-52.124, , , , , , ,82.326,15.062,-101.519
 09:39:14.097,eb:33:2e:f9:57:b5, 2015-01-01 00:27:49.765,0.247,-0.533,-0.016,-102.356,121.521,-47.485, , , , , , ,82.046,15.397,-100.893
 09:39:14.142,eb:33:2e:f9:57:b5, 2015-01-01 00:27:50.100,0.242,-0.566,-0.053,-131.47,99.182,-42.664, , , , , , ,81.573,15.694,-100.371
 09:39:14.142,eb:33:2e:f9:57:b5, 2015-01-01 00:27:50.100,0.255,-0.611,-0.115,-155.945,76.05,-37.537, , , , , , ,80.953,15.952,-99.965
 09:39:14.142,eb:33:2e:f9:57:b5, 2015-01-01 00:27:50.100,0.262,-0.628,-0.097,-177.979,56.58,-31.982, , , , , , ,80.184,16.177,-99.657
 09:39:14.142,eb:33:2e:f9:57:b5, 2015-01-01 00:27:50.100,0.25,-0.612,0.003,-198.608,43.03,-26.367, , , , , , ,79.294,16.359,-99.437
 09:39:14.142,eb:33:2e:f9:57:b5, 2015-01-01 00:27:50.100,0.227,-0.586,0.117,-218.384,35.645,-20.325, , , , , , ,78.278,16.507,-99.272
 09:39:14.142,eb:33:2e:f9:57:b5, 2015-01-01 00:27:50.100,0.214,-0.574,0.202,-237.732,32.532,-13.916, , , , , , ,77.168,16.622,-99.119
 09:39:14.142,eb:33:2e:f9:57:b5, 2015-01-01 00:27:50.100,0.215,-0.583,0.255,-256.714,32.288,-7.446, , , , , , ,75.965,16.71,-98.959
 09:39:14.142,eb:33:2e:f9:57:b5, 2015-01-01 00:27:50.100,0.232,-0.605,0.287,-274.719,33.02,-1.221, , , , , , ,74.669,16.771,-98.8
 09:39:14.186,eb:33:2e:f9:57:b5, 2015-01-01 00:27:50.100,0.255,-0.614,0.301,-291.443,33.447,4.089, , , , , , ,73.284,16.809,-98.635
 09:39:14.186,eb:33:2e:f9:57:b5, 2015-01-01 00:27:50.100,0.282,-0.604,0.294,-307.068,32.227,8.24, , , , , , ,71.829,16.826,-98.459
 09:39:14.186,eb:33:2e:f9:57:b5, 2015-01-01 00:27:50.100,0.312,-0.581,0.271,-322.083,28.442,11.475, , , , , , ,70.291,16.826,-98.284
 09:39:14.186,eb:33:2e:f9:57:b5, 2015-01-01 00:27:50.100,0.357,-0.557,0.241,-336.243,21.484,13.55, , , , , , ,68.681,16.809,-98.141
 09:39:14.186,eb:33:2e:f9:57:b5, 2015-01-01 00:27:50.100,0.406,-0.534,0.224,-349.487,11.902,14.221, , , , , , ,66.973,16.771,-98.042
 09:39:14.186,eb:33:2e:f9:57:b5, 2015-01-01 00:27:50.100,0.45,-0.519,0.236,-361.267,0.61,13.428, , , , , , ,65.204,16.716,-97.987
 09:39:14.186,eb:33:2e:f9:57:b5, 2015-01-01 00:27:50.100,0.479,-0.52,0.279,-370.544,-10.986,12.085, , , , , , ,63.369,16.644,-97.982
 09:39:14.186,eb:33:2e:f9:57:b5, 2015-01-01 00:27:50.100,0.499,-0.522,0.345,-376.77,-22.278,10.193, , , , , , ,61.479,16.556,-98.042
 09:39:14.254,eb:33:2e:f9:57:b5, 2015-01-01 00:27:50.100,0.503,-0.509,0.418,-380.676,-32.532,7.996, , , , , , ,59.535,16.447,-98.152
 09:39:14.254,eb:33:2e:f9:57:b5, 2015-01-01 00:27:50.100,0.488,-0.488,0.489,-383.179,-41.626,6.042, , , , , , ,57.579,16.315,-98.306
 09:39:14.254,eb:33:2e:f9:57:b5, 2015-01-01 00:27:50.100,0.464,-0.468,0.544,-384.644,-49.744,5.066, , , , , , ,55.607,16.166,-98.487
 09:39:14.254,eb:33:2e:f9:57:b5, 2015-01-01 00:27:50.100,0.45,-0.449,0.607,-386.23,-58.472,5.005, , , , , , ,53.613,15.985,-98.701
 09:39:14.254,eb:33:2e:f9:57:b5, 2015-01-01 00:27:50.100,0.435,-0.434,0.661,-388,-64.087,6.104, , , , , , ,51.597,15.771,-98.948
 09:39:14.254,eb:33:2e:f9:57:b5, 2015-01-01 00:27:50.100,0.419,-0.405,0.697,-390.625,-68.787,7.69, , , , , , ,49.581,15.535,-99.196
 09:39:14.254,eb:33:2e:f9:57:b5, 2015-01-01 00:27:50.100,0.423,-0.355,0.716,-394.226,-73.792,9.644, , , , , , ,47.554,15.26,-99.437
 09:39:14.254,eb:33:2e:f9:57:b5, 2015-01-01 00:27:50.100,0.434,-0.301,0.763,-398.438,-78.43,11.78, , , , , , ,45.5,14.958,-99.684
 09:39:14.299,eb:33:2e:f9:57:b5, 2015-01-01 00:27:50.100,0.436,-0.253,0.826,-402.527,-83.008,13.55, , , , , , ,43.418,14.617,-99.937
 09:39:14.299,eb:33:2e:f9:57:b5, 2015-01-01 00:27:50.100,0.445,-0.22,0.879,-406.006,-88.196,15.198, , , , , , ,41.331,14.249,-100.184
 09:39:14.299,eb:33:2e:f9:57:b5, 2015-01-01 00:27:50.100,0.462,-0.202,0.942,-408.142,-92.957,16.541, , , , , , ,39.232,13.854,-100.421
 09:39:14.299,eb:33:2e:f9:57:b5, 2015-01-01 00:27:50.100,0.488,-0.191,1.016,-408.02,-97.412,17.456, , , , , , ,37.134,13.42,-100.657
 09:39:14.299,eb:33:2e:f9:57:b5, 2015-01-01 00:27:50.100,0.507,-0.167,1.097,-405.151,-101.929,17.7, , , , , , ,35.03,12.958,-100.887
 09:39:14.299,eb:33:2e:f9:57:b5, 2015-01-01 00:27:50.100,0.521,-0.126,1.17,-399.658,-107.178,17.517, , , , , , ,32.97,12.475,-101.113
 09:39:14.299,eb:33:2e:f9:57:b5, 2015-01-01 00:27:50.100,0.533,-0.076,1.229,-392.944,-113.342,16.418, , , , , , ,30.943,11.959,-101.338
 09:39:14.299,eb:33:2e:f9:57:b5, 2015-01-01 00:27:50.100,0.56,-0.024,1.272,-386.108,-120.117,14.526, , , , , , ,28.949,11.409,-101.569
 09:39:14.301,eb:33:2e:f9:57:b5, 2015-01-01 00:27:50.100,0.555,0.023,1.32,-379.822,-127.136,11.841, , , , , , ,26.977,10.827,-101.81
 09:39:14.301,eb:33:2e:f9:57:b5, 2015-01-01 00:27:50.100,0.434,0.077,1.326,-374.878,-135.681,8.606, , , , , , ,25.043,10.212,-102.063
 09:39:14.301,eb:33:2e:f9:57:b5, 2015-01-01 00:27:50.100,0.519,0.135,1.487,-370.85,-137.878,7.568, , , , , , ,23.137,9.564,-102.305
 09:39:14.301,eb:33:2e:f9:57:b5, 2015-01-01 00:27:50.100,0.555,0.12,1.376,-369.812,-148.315,4.761, , , , , , ,21.248,8.888,-102.552
 09:39:14.301,eb:33:2e:f9:57:b5, 2015-01-01 00:27:50.100,0.487,0.135,1.444,-369.385,-153.931,2.075, , , , , , ,19.341,8.163,-102.805
 09:39:14.301,eb:33:2e:f9:57:b5, 2015-01-01 00:27:50.100,0.498,0.113,1.512,-369.324,-160.645,0.305, , , , , , ,17.463,7.41,-103.052
 09:39:14.301,eb:33:2e:f9:57:b5, 2015-01-01 00:27:50.100,0.47,0.085,1.651,-368.958,-163.696,-0.488, , , , , , ,15.584,6.63,-103.288
 09:39:14.301,eb:33:2e:f9:57:b5, 2015-01-01 00:27:50.100,0.437,0.059,1.739,-368.774,-165.833,-0.427, , , , , , ,13.716,5.834,-103.502
 09:39:14.344,eb:33:2e:f9:57:b5, 2015-01-01 00:27:50.100,0.404,0.034,1.798,-368.53,-168.335,0.305, , , , , , ,11.838,5.004,-103.689
 09:39:14.344,eb:33:2e:f9:57:b5, 2015-01-01 00:27:50.100,0.377,0.018,1.838,-368.469,-172.241,1.892, , , , , , ,9.981,4.169,-103.843
 09:39:14.344,eb:33:2e:f9:57:b5, 2015-01-01 00:27:50.100,0.353,-0.001,1.891,-368.225,-178.04,4.089, , , , , , ,8.13,3.296,-103.969
 09:39:14.344,eb:33:2e:f9:57:b5, 2015-01-01 00:27:50.100,0.322,-0.018,1.967,-367.249,-185.242,6.592, , , , , , ,6.284,2.39,-104.052
 09:39:14.344,eb:33:2e:f9:57:b5, 2015-01-01 00:27:50.100,0.283,-0.029,2.041,-365.417,-193.726,9.46, , , , , , ,4.433,1.428,-104.101
 09:39:14.344,eb:33:2e:f9:57:b5, 2015-01-01 00:27:50.100,0.246,-0.034,2.121,-363.098,-203.308,13, , , , , , ,2.609,0.428,-104.106
 09:39:14.344,eb:33:2e:f9:57:b5, 2015-01-01 00:27:50.100,0.196,-0.028,2.231,-360.474,-212.28,17.212, , , , , , ,0.802,-0.615,-104.057
 09:39:14.344,eb:33:2e:f9:57:b5, 2015-01-01 00:27:50.100,0.129,-0.011,2.364,-357.605,-219.849,22.156, , , , , , ,-0.989,-1.697,-103.958
 09:39:14.388,eb:33:2e:f9:57:b5, 2015-01-01 00:27:50.100,0.058,0.023,2.503,-354.736,-225.708,28.259, , , , , , ,-2.796,-2.823,-103.793
 09:39:14.388,eb:33:2e:f9:57:b5, 2015-01-01 00:27:50.100,-0.019,0.077,2.647,-352.234,-229.98,35.034, , , , , , ,-4.581,-3.955,-103.557
 09:39:14.388,eb:33:2e:f9:57:b5, 2015-01-01 00:27:50.100,-0.109,0.172,2.759,-351.685,-233.276,42.175, , , , , , ,-6.361,-5.092,-103.25
 09:39:14.388,eb:33:2e:f9:57:b5, 2015-01-01 00:27:50.100,-0.21,0.301,2.82,-354.248,-235.474,49.622, , , , , , ,-8.168,-6.224,-102.865
 09:39:14.388,eb:33:2e:f9:57:b5, 2015-01-01 00:27:50.100,-0.344,0.424,2.882,-359.009,-236.145,57.007, , , , , , ,-10.025,-7.355,-102.409
 09:39:14.389,eb:33:2e:f9:57:b5, 2015-01-01 00:27:50.100,-0.423,0.601,2.963,-365.662,-234.314,65.918, , , , , , ,-11.915,-8.454,-101.876
 09:39:14.389,eb:33:2e:f9:57:b5, 2015-01-01 00:27:50.100,-0.488,0.776,3.089,-369.385,-228.333,73.608, , , , , , ,-13.854,-9.503,-101.266
 09:39:14.391,eb:33:2e:f9:57:b5, 2015-01-01 00:27:50.100,-0.562,0.959,3.276,-368.53,-216.553,81.177, , , , , , ,-15.815,-10.475,-100.596
 09:39:14.434,eb:33:2e:f9:57:b5, 2015-01-01 00:27:50.440,-0.607,1.143,3.46,-361.633,-199.524,88.623, , , , , , ,-17.792,-11.349,-99.871
 09:39:14.434,eb:33:2e:f9:57:b5, 2015-01-01 00:27:50.440,-0.56,1.341,3.631,-349.243,-175.415,95.764, , , , , , ,-19.72,-12.079,-99.113
 09:39:14.434,eb:33:2e:f9:57:b5, 2015-01-01 00:27:50.440,-0.38,1.61,3.785,-333.313,-140.259,100.769, , , , , , ,-21.583,-12.634,-98.366
 09:39:14.434,eb:33:2e:f9:57:b5, 2015-01-01 00:27:50.440,-0.099,1.997,3.865,-314.27,-93.811,99.731, , , , , , ,-23.351,-12.964,-97.663
 09:39:14.434,eb:33:2e:f9:57:b5, 2015-01-01 00:27:50.440,0.073,2.526,3.717,-290.039,-45.776,87.708, , , , , , ,-24.994,-13.068,-97.092
 09:39:14.434,eb:33:2e:f9:57:b5, 2015-01-01 00:27:50.440,0.144,3.224,3.124,-260.01,-20.325,63.904, , , , , , ,-26.45,-13.035,-96.685
 09:39:14.434,eb:33:2e:f9:57:b5, 2015-01-01 00:27:50.440,0.059,3.976,2.332,-225.891,-27.466,29.602, , , , , , ,-27.708,-13.03,-96.438
 09:39:14.434,eb:33:2e:f9:57:b5, 2015-01-01 00:27:50.440,-0.277,4.583,1.575,-190.063,-64.636,-11.475, , , , , , ,-28.762,-13.233,-96.295
 09:39:14.479,eb:33:2e:f9:57:b5, 2015-01-01 00:27:50.440,-0.865,4.908,1.041,-154.358,-117.981,-51.819, , , , , , ,-29.625,-13.744,-96.213
 09:39:14.479,eb:33:2e:f9:57:b5, 2015-01-01 00:27:50.440,-1.524,4.911,0.963,-119.507,-164.795,-82.581, , , , , , ,-30.306,-14.562,-96.152
 09:39:14.479,eb:33:2e:f9:57:b5, 2015-01-01 00:27:50.440,-2.077,4.702,1.406,-84.412,-184.265,-98.877, , , , , , ,-30.817,-15.573,-96.103
 09:39:14.479,eb:33:2e:f9:57:b5, 2015-01-01 00:27:50.440,-2.36,4.373,2.197,-46.814,-163.513,-100.342, , , , , , ,-31.135,-16.584,-96.081
 09:39:14.479,eb:33:2e:f9:57:b5, 2015-01-01 00:27:50.440,-2.313,3.937,3.054,-6.775,-98.145,-89.783, , , , , , ,-31.218,-17.38,-96.163
 09:39:14.479,eb:33:2e:f9:57:b5, 2015-01-01 00:27:50.440,-1.995,3.417,3.575,31.006,-0.183,-72.205, , , , , , ,-31.064,-17.759,-96.405
 09:39:14.479,eb:33:2e:f9:57:b5, 2015-01-01 00:27:50.440,-1.553,2.922,3.488,61.951,100.586,-53.894, , , , , , ,-30.679,-17.655,-96.85
 09:39:14.479,eb:33:2e:f9:57:b5, 2015-01-01 00:27:50.440,-1.07,2.598,2.969,85.327,175.842,-40.527, , , , , , ,-30.119,-17.128,-97.449
 09:39:14.500,eb:33:2e:f9:57:b5, 2015-01-01 00:27:50.440,-0.66,2.393,2.339,102.966,215.271,-34.973, , , , , , ,-29.421,-16.337,-98.146
 09:39:14.500,eb:33:2e:f9:57:b5, 2015-01-01 00:27:50.440,2.251,2.213,1.704,116.699,214.905,-38.696, , , , , , ,-28.669,-15.469,-98.86
 09:39:14.500,eb:33:2e:f9:57:b5, 2015-01-01 00:27:50.440,0.909,-0.122,7.375,192.871,220.642,-104.858, , , , , , ,-27.642,-14.936,-99.651
 09:39:14.500,eb:33:2e:f9:57:b5, 2015-01-01 00:27:50.440,1.136,-2.069,1.218,226.257,208.374,-96.619, , , , , , ,-26.312,-13.997,-100.657
 09:39:14.500,eb:33:2e:f9:57:b5, 2015-01-01 00:27:50.440,0.804,-1.102,0.87,235.779,142.7,-116.577, , , , , , ,-24.928,-13.585,-101.53
 09:39:14.500,eb:33:2e:f9:57:b5, 2015-01-01 00:27:50.440,0.939,-1.153,1.318,229.675,121.765,-112.671, , , , , , ,-23.582,-13.222,-102.321
 09:39:14.501,eb:33:2e:f9:57:b5, 2015-01-01 00:27:50.440,0.128,-1.707,1.402,255.493,137.329,-98.816, , , , , , ,-22.203,-12.838,-103.09
 09:39:14.501,eb:33:2e:f9:57:b5, 2015-01-01 00:27:50.440,0.416,-1.604,1.501,298.584,184.998,-69.702, , , , , , ,-20.638,-12.222,-103.777
 09:39:14.545,eb:33:2e:f9:57:b5, 2015-01-01 00:27:50.440,-0.349,-1,1.078,328.308,222.351,-53.589, , , , , , ,-18.907,-11.332,-104.431
 09:39:14.545,eb:33:2e:f9:57:b5, 2015-01-01 00:27:50.440,-0.95,-0.708,1.057,344.116,225.647,-27.283, , , , , , ,-17.106,-10.305,-104.963
 09:39:14.545,eb:33:2e:f9:57:b5, 2015-01-01 00:27:50.440,-0.732,-0.234,1.044,334.717,208.557,-1.465, , , , , , ,-15.342,-9.267,-105.326
 09:39:14.545,eb:33:2e:f9:57:b5, 2015-01-01 00:27:50.440,-0.789,0.202,0.734,310.73,169.434,6.836, , , , , , ,-13.705,-8.372,-105.54
 09:39:14.545,eb:33:2e:f9:57:b5, 2015-01-01 00:27:50.440,-0.697,0.547,0.734,276.917,130.676,6.714, , , , , , ,-12.217,-7.646,-105.672
 09:39:14.545,eb:33:2e:f9:57:b5, 2015-01-01 00:27:50.440,-0.397,0.933,1.079,225.22,99.67,1.648, , , , , , ,-10.97,-7.103,-105.765
 09:39:14.545,eb:33:2e:f9:57:b5, 2015-01-01 00:27:50.440,-0.3,0.792,1.301,180.969,84.412,-5.798, , , , , , ,-9.976,-6.663,-105.859
 09:39:14.545,eb:33:2e:f9:57:b5, 2015-01-01 00:27:50.440,-0.224,0.5,1.223,146.545,73.547,-18.25, , , , , , ,-9.163,-6.279,-105.996
 09:39:14.592,eb:33:2e:f9:57:b5, 2015-01-01 00:27:50.440,-0.117,0.165,1.091,131.348,61.89,-23.865, , , , , , ,-8.448,-5.966,-106.155
 09:39:14.592,eb:33:2e:f9:57:b5, 2015-01-01 00:27:50.440,0.012,-0.038,1.019,125.244,51.208,-25.33, , , , , , ,-7.795,-5.713,-106.32
 09:39:14.592,eb:33:2e:f9:57:b5, 2015-01-01 00:27:50.440,0.06,-0.07,0.995,121.277,47.058,-23.193, , , , , , ,-7.163,-5.488,-106.474
 09:39:14.592,eb:33:2e:f9:57:b5, 2015-01-01 00:27:50.440,0.151,-0.011,0.983,114.868,46.692,-18.616, , , , , , ,-6.564,-5.268,-106.606
 09:39:14.592,eb:33:2e:f9:57:b5, 2015-01-01 00:27:50.440,0.17,0.013,0.975,108.032,47.241,-13.855, , , , , , ,-5.988,-5.032,-106.71
 09:39:14.592,eb:33:2e:f9:57:b5, 2015-01-01 00:27:50.440,0.134,0.13,1.026,96.619,50.659,-10.62, , , , , , ,-5.466,-4.801,-106.793
 09:39:14.592,eb:33:2e:f9:57:b5, 2015-01-01 00:27:50.440,0.097,0.258,1.001,81.177,51.941,-8.545, , , , , , ,-5.032,-4.548,-106.864
 09:39:14.592,eb:33:2e:f9:57:b5, 2015-01-01 00:27:50.440,0.012,0.204,1.002,71.35,53.528,-8.545, , , , , , ,-4.653,-4.285,-106.924
 09:39:14.637,eb:33:2e:f9:57:b5, 2015-01-01 00:27:50.440,0.004,0.187,0.984,62.134,50.476,-9.888, , , , , , ,-4.301,-4.021,-106.996
 09:39:14.637,eb:33:2e:f9:57:b5, 2015-01-01 00:27:50.440,0.036,0.155,0.995,52.673,47.241,-10.376, , , , , , ,-4.016,-3.785,-107.062
 09:39:14.637,eb:33:2e:f9:57:b5, 2015-01-01 00:27:50.440,0.044,0.177,1.021,41.565,45.349,-10.01, , , , , , ,-3.785,-3.56,-107.128
 09:39:14.637,eb:33:2e:f9:57:b5, 2015-01-01 00:27:50.440,-0.029,0.124,1.033,33.569,44.983,-8.728, , , , , , ,-3.598,-3.34,-107.194
 09:39:14.637,eb:33:2e:f9:57:b5, 2015-01-01 00:27:50.440,-0.045,0.083,0.987,27.1,40.894,-6.47, , , , , , ,-3.428,-3.12,-107.243
 09:39:14.637,eb:33:2e:f9:57:b5, 2015-01-01 00:27:50.440,-0.013,0.036,0.974,22.217,36.072,-3.906, , , , , , ,-3.307,-2.933,-107.276
 09:39:14.637,eb:33:2e:f9:57:b5, 2015-01-01 00:27:50.440,-0.004,0.011,0.995,19.226,34.058,-2.319, , , , , , ,-3.208,-2.758,-107.303
 09:39:14.637,eb:33:2e:f9:57:b5, 2015-01-01 00:27:50.440,0.037,0.014,0.995,16.174,32.104,-0.549, , , , , , ,-3.12,-2.598,-107.314
 09:39:14.659,eb:33:2e:f9:57:b5, 2015-01-01 00:27:50.440,0.003,0.017,1.006,13.855,31.067,-0.244, , , , , , ,-3.027,-2.433,-107.325
 09:39:14.659,eb:33:2e:f9:57:b5, 2015-01-01 00:27:50.440,-0.013,0.007,0.992,11.719,29.236,0.366, , , , , , ,-2.966,-2.285,-107.336
 09:39:14.659,eb:33:2e:f9:57:b5, 2015-01-01 00:27:50.440,-0.023,0.002,0.993,9.888,27.161,0.732, , , , , , ,-2.911,-2.142,-107.336
 09:39:14.659,eb:33:2e:f9:57:b5, 2015-01-01 00:27:50.440,-0.01,-0.008,0.996,8.606,25.024,1.465, , , , , , ,-2.867,-2.016,-107.336
 09:39:14.659,eb:33:2e:f9:57:b5, 2015-01-01 00:27:50.440,-0.009,-0.011,0.999,7.507,23.499,2.075, , , , , , ,-2.812,-1.884,-107.336
 09:39:14.659,eb:33:2e:f9:57:b5, 2015-01-01 00:27:50.440,-0.023,-0.009,0.994,6.47,21.851,2.319, , , , , , ,-2.78,-1.774,-107.331
 09:39:14.659,eb:33:2e:f9:57:b5, 2015-01-01 00:27:50.440,-0.039,-0.007,0.99,5.615,19.592,2.197, , , , , , ,-2.752,-1.67,-107.32
 09:39:14.660,eb:33:2e:f9:57:b5, 2015-01-01 00:27:50.440,-0.021,-0.012,0.981,5.005,17.212,1.77, , , , , , ,-2.725,-1.582,-107.314
 09:39:14.726,eb:33:2e:f9:57:b5, 2015-01-01 00:27:50.440,-0.018,-0.017,0.99,4.883,15.137,1.221, , , , , , ,-2.686,-1.494,-107.314
 09:39:14.726,eb:33:2e:f9:57:b5, 2015-01-01 00:27:50.440,-0.011,-0.021,0.992,4.883,13.428,0.854, , , , , , ,-2.664,-1.423,-107.309
 09:39:14.726,eb:33:2e:f9:57:b5, 2015-01-01 00:27:50.440,-0.012,-0.021,0.997,4.883,12.085,0.427, , , , , , ,-2.637,-1.362,-107.309
 09:39:14.726,eb:33:2e:f9:57:b5, 2015-01-01 00:27:50.440,-0.021,-0.018,0.996,4.883,10.986,0.061, , , , , , ,-2.615,-1.302,-107.309
 09:39:14.726,eb:33:2e:f9:57:b5, 2015-01-01 00:27:50.440,-0.012,-0.017,0.989,4.761,9.216,-0.244, , , , , , ,-2.576,-1.247,-107.314
 09:39:14.726,eb:33:2e:f9:57:b5, 2015-01-01 00:27:50.440,-0.005,-0.017,0.991,4.761,7.935,-0.671, , , , , , ,-2.554,-1.208,-107.32
 09:39:14.726,eb:33:2e:f9:57:b5, 2015-01-01 00:27:50.440,0.012,-0.023,0.999,5.066,7.019,-1.16, , , , , , ,-2.527,-1.17,-107.325
 09:39:14.726,eb:33:2e:f9:57:b5, 2015-01-01 00:27:50.440,0.015,-0.021,1.004,5.371,6.897,-1.892, , , , , , ,-2.505,-1.137,-107.331
 09:39:14.749,eb:33:2e:f9:57:b5, 2015-01-01 00:27:50.440,0.023,-0.02,1,5.615,6.897,-2.258, , , , , , ,-2.461,-1.099,-107.347
 09:39:14.749,eb:33:2e:f9:57:b5, 2015-01-01 00:27:50.440,0.022,-0.018,1.004,5.798,7.69,-2.38, , , , , , ,-2.428,-1.06,-107.358
 09:39:14.749,eb:33:2e:f9:57:b5, 2015-01-01 00:27:50.440,0.02,-0.016,1.002,5.737,8.423,-2.319, , , , , , ,-2.401,-1.022,-107.369
 09:39:14.749,eb:33:2e:f9:57:b5, 2015-01-01 00:27:50.440,0.025,-0.015,1.003,5.737,9.521,-1.953, , , , , , ,-2.373,-0.978,-107.386
 09:39:14.749,eb:33:2e:f9:57:b5, 2015-01-01 00:27:50.440,0.025,-0.017,1.006,5.737,10.864,-1.648, , , , , , ,-2.329,-0.917,-107.397
 09:39:14.749,eb:33:2e:f9:57:b5, 2015-01-01 00:27:50.440,0.021,-0.021,1.008,5.92,12.39,-1.282, , , , , , ,-2.302,-0.862,-107.402
 09:39:14.749,eb:33:2e:f9:57:b5, 2015-01-01 00:27:50.440,0.017,-0.027,1.01,6.409,13.977,-0.854, , , , , , ,-2.269,-0.797,-107.413
 09:39:14.749,eb:33:2e:f9:57:b5, 2015-01-01 00:27:50.440,0.013,-0.033,1.013,7.08,15.381,-0.488, , , , , , ,-2.236,-0.72,-107.419
 09:39:14.816,eb:33:2e:f9:57:b5, 2015-01-01 00:27:50.440,0.009,-0.037,1.015,7.935,16.907,-0.305, , , , , , ,-2.186,-0.632,-107.424
 09:39:14.816,eb:33:2e:f9:57:b5, 2015-01-01 00:27:50.440,-0.003,-0.039,1.016,8.911,18.066,-0.122, , , , , , ,-2.142,-0.544,-107.424
 09:39:14.816,eb:33:2e:f9:57:b5, 2015-01-01 00:27:50.440,-0.003,-0.049,1.023,10.559,19.104,0.305, , , , , , ,-2.093,-0.45,-107.43
 09:39:14.816,eb:33:2e:f9:57:b5, 2015-01-01 00:27:50.440,-0.005,-0.059,1.027,12.451,20.63,0.549, , , , , , ,-2.038,-0.352,-107.43
 09:39:14.816,eb:33:2e:f9:57:b5, 2015-01-01 00:27:50.440,-0.005,-0.059,1.025,14.526,21.24,0.61, , , , , , ,-1.956,-0.242,-107.43
 09:39:14.816,eb:33:2e:f9:57:b5, 2015-01-01 00:27:50.440,-0.018,-0.046,1.026,16.663,20.813,0.061, , , , , , ,-1.873,-0.137,-107.43
 09:39:14.816,eb:33:2e:f9:57:b5, 2015-01-01 00:27:50.440,-0.041,-0.026,1.007,17.883,19.653,-0.122, , , , , , ,-1.791,-0.033,-107.435
 09:39:14.816,eb:33:2e:f9:57:b5, 2015-01-01 00:27:50.440,-0.047,-0.011,0.98,18.311,17.883,-0.122, , , , , , ,-1.697,0.049,-107.435
 09:39:14.838,eb:33:2e:f9:57:b5, 2015-01-01 00:27:50.440,-0.033,-0.005,0.964,18.372,15.808,-0.305, , , , , , ,-1.593,0.143,-107.441
 09:39:14.838,eb:33:2e:f9:57:b5, 2015-01-01 00:27:50.440,-0.008,-0.001,0.974,18.433,13.855,-0.793, , , , , , ,-1.5,0.214,-107.446
 09:39:14.838,eb:33:2e:f9:57:b5, 2015-01-01 00:27:50.440,0.009,0.011,0.988,18.311,13.55,-1.404, , , , , , ,-1.412,0.28,-107.452
 09:39:14.838,eb:33:2e:f9:57:b5, 2015-01-01 00:27:50.440,0,0.016,1.003,17.944,14.465,-1.892, , , , , , ,-1.318,0.352,-107.463
 09:39:14.838,eb:33:2e:f9:57:b5, 2015-01-01 00:27:50.440,0.008,0.004,1.013,17.883,16.113,-1.77, , , , , , ,-1.214,0.434,-107.474
 09:39:14.838,eb:33:2e:f9:57:b5, 2015-01-01 00:27:50.440,0.009,0.002,1.02,18.25,18.127,-1.77, , , , , , ,-1.126,0.522,-107.485
 09:39:14.838,eb:33:2e:f9:57:b5, 2015-01-01 00:27:50.440,0.009,0.012,1.021,18.494,19.897,-2.319, , , , , , ,-1.038,0.615,-107.496
 09:39:14.838,eb:33:2e:f9:57:b5, 2015-01-01 00:27:50.440,0.026,0.006,1.033,19.043,21.79,-2.502, , , , , , ,-0.945,0.72,-107.507
 09:39:14.862,eb:33:2e:f9:57:b5, 2015-01-01 00:27:50.440,0.011,0.008,1.052,19.653,24.414,-2.93, , , , , , ,-0.829,0.84,-107.523
 09:39:14.862,eb:33:2e:f9:57:b5, 2015-01-01 00:27:50.440,0,0.006,1.047,20.264,26.489,-3.113, , , , , , ,-0.731,0.972,-107.54
 09:39:14.862,eb:33:2e:f9:57:b5, 2015-01-01 00:27:50.440,-0.031,0.001,1.04,21.118,29.053,-3.479, , , , , , ,-0.632,1.11,-107.556
 09:39:14.862,eb:33:2e:f9:57:b5, 2015-01-01 00:27:50.440,-0.042,-0.011,1.031,22.461,29.907,-3.54, , , , , , ,-0.522,1.258,-107.578
 09:39:14.862,eb:33:2e:f9:57:b5, 2015-01-01 00:27:50.440,-0.049,-0.012,1.027,23.804,30.09,-3.54, , , , , , ,-0.39,1.417,-107.595
 09:39:14.862,eb:33:2e:f9:57:b5, 2015-01-01 00:27:50.440,-0.064,-0.004,1.017,24.841,30.029,-3.479, , , , , , ,-0.269,1.566,-107.611
 09:39:14.862,eb:33:2e:f9:57:b5, 2015-01-01 00:27:50.440,-0.062,-0.006,1.014,26.001,28.748,-3.113, , , , , , ,-0.143,1.708,-107.628
 09:39:14.862,eb:33:2e:f9:57:b5, 2015-01-01 00:27:50.440,-0.089,-0.004,1.016,27.1,28.198,-2.686, , , , , , ,-0.011,1.851,-107.644
 09:39:14.907,eb:33:2e:f9:57:b5, 2015-01-01 00:27:50.905,-0.062,-0.013,1.013,28.564,26.001,-1.587, , , , , , ,0.137,1.994,-107.655
 09:39:14.907,eb:33:2e:f9:57:b5, 2015-01-01 00:27:50.905,-0.006,-0.012,1.042,30.762,23.865,-0.793, , , , , , ,0.286,2.115,-107.661
 09:39:14.907,eb:33:2e:f9:57:b5, 2015-01-01 00:27:50.905,-0.006,-0.012,1.063,33.691,20.325,0.916, , , , , , ,0.445,2.219,-107.655
 09:39:14.907,eb:33:2e:f9:57:b5, 2015-01-01 00:27:50.905,-0.042,0.018,1.062,35.156,22.278,0, , , , , , ,0.621,2.329,-107.65
 09:39:14.907,eb:33:2e:f9:57:b5, 2015-01-01 00:27:50.905,-0.016,0.021,1.04,36.377,21.973,-0.305, , , , , , ,0.813,2.444,-107.65
 09:39:14.907,eb:33:2e:f9:57:b5, 2015-01-01 00:27:50.905,0.012,0.013,1.062,38.94,22.461,-1.404, , , , , , ,1,2.554,-107.655
 09:39:14.907,eb:33:2e:f9:57:b5, 2015-01-01 00:27:50.905,0.012,0.069,1.024,40.71,22.278,-3.357, , , , , , ,1.198,2.67,-107.661
 09:39:14.907,eb:33:2e:f9:57:b5, 2015-01-01 00:27:50.905,0.045,0.089,1.078,41.626,21.606,-5.859, , , , , , ,1.401,2.78,-107.682
 09:39:14.951,eb:33:2e:f9:57:b5, 2015-01-01 00:27:50.905,-0.002,0.081,1.128,43.884,20.569,-8.301, , , , , , ,1.631,2.889,-107.715
 09:39:14.951,eb:33:2e:f9:57:b5, 2015-01-01 00:27:50.905,-0.086,-0.023,1.325,47.363,25.33,-7.935, , , , , , ,1.857,3.005,-107.754
 09:39:14.951,eb:33:2e:f9:57:b5, 2015-01-01 00:27:50.905,-0.01,-0.077,1.273,53.894,23.743,-3.967, , , , , , ,2.109,3.131,-107.776
 09:39:14.951,eb:33:2e:f9:57:b5, 2015-01-01 00:27:50.905,-0.085,0.036,1.204,58.35,23.743,-4.456, , , , , , ,2.39,3.246,-107.792
 09:39:14.951,eb:33:2e:f9:57:b5, 2015-01-01 00:27:50.905,-0.098,-0.022,1.264,63.965,23.071,-2.686, , , , , , ,2.714,3.373,-107.803
 09:39:14.951,eb:33:2e:f9:57:b5, 2015-01-01 00:27:50.905,-0.202,-0.014,1.292,70.068,23.865,-0.427, , , , , , ,3.049,3.488,-107.803
 09:39:14.951,eb:33:2e:f9:57:b5, 2015-01-01 00:27:50.905,-0.123,-0.072,1.405,78.308,19.47,3.296, , , , , , ,3.422,3.598,-107.787
 09:39:14.952,eb:33:2e:f9:57:b5, 2015-01-01 00:27:50.905,-0.084,-0.055,1.42,86.548,16.296,4.15, , , , , , ,3.845,3.68,-107.759
 09:39:15.019,eb:33:2e:f9:57:b5, 2015-01-01 00:27:50.905,-0.093,0.01,1.313,92.041,14.343,2.93, , , , , , ,4.307,3.763,-107.737
 09:39:15.019,eb:33:2e:f9:57:b5, 2015-01-01 00:27:50.905,-0.104,0.022,1.401,99.365,12.451,0.854, , , , , , ,4.79,3.823,-107.721
 09:39:15.019,eb:33:2e:f9:57:b5, 2015-01-01 00:27:50.905,-0.074,-0.049,1.523,107.544,14.526,1.343, , , , , , ,5.312,3.889,-107.71
 09:39:15.019,eb:33:2e:f9:57:b5, 2015-01-01 00:27:50.905,-0.003,-0.046,1.472,115.54,14.038,1.404, , , , , , ,5.872,3.961,-107.693
 09:39:15.019,eb:33:2e:f9:57:b5, 2015-01-01 00:27:50.905,0.034,0.019,1.375,122.742,10.437,-1.16, , , , , , ,6.487,4.026,-107.688
 09:39:15.019,eb:33:2e:f9:57:b5, 2015-01-01 00:27:50.905,0.009,0.015,1.42,130.737,8.911,-4.639, , , , , , ,7.119,4.076,-107.699
 09:39:15.019,eb:33:2e:f9:57:b5, 2015-01-01 00:27:50.905,-0.037,-0.052,1.555,140.32,12.695,-6.104, , , , , , ,7.8,4.131,-107.715
 09:39:15.019,eb:33:2e:f9:57:b5, 2015-01-01 00:27:50.905,-0.048,-0.079,1.579,151.306,16.968,-6.042, , , , , , ,8.531,4.213,-107.737
 09:39:15.042,eb:33:2e:f9:57:b5, 2015-01-01 00:27:50.905,-0.085,-0.048,1.484,161.438,17.639,-5.981, , , , , , ,9.333,4.307,-107.754
 09:39:15.042,eb:33:2e:f9:57:b5, 2015-01-01 00:27:50.905,-0.129,-0.019,1.422,170.166,15.808,-6.104, , , , , , ,10.162,4.395,-107.77
 09:39:15.042,eb:33:2e:f9:57:b5, 2015-01-01 00:27:50.905,-0.132,-0.022,1.429,179.016,12.695,-5.615, , , , , , ,11.036,4.471,-107.781
 09:39:15.042,eb:33:2e:f9:57:b5, 2015-01-01 00:27:50.905,-0.113,-0.045,1.414,188.416,10.254,-4.7, , , , , , ,11.959,4.526,-107.798
 09:39:15.042,eb:33:2e:f9:57:b5, 2015-01-01 00:27:50.905,-0.095,-0.022,1.413,196.411,8.85,-4.028, , , , , , ,12.936,4.587,-107.803
 09:39:15.042,eb:33:2e:f9:57:b5, 2015-01-01 00:27:50.905,-0.048,-0.011,1.496,203.735,8.667,-4.333, , , , , , ,13.936,4.631,-107.814
 09:39:15.043,eb:33:2e:f9:57:b5, 2015-01-01 00:27:50.905,0.017,-0.008,1.576,211.121,11.047,-4.333, , , , , , ,14.98,4.686,-107.82
 09:39:15.043,eb:33:2e:f9:57:b5, 2015-01-01 00:27:50.905,0.115,0.026,1.559,220.642,11.597,-6.042, , , , , , ,16.057,4.746,-107.831
 09:39:15.110,eb:33:2e:f9:57:b5, 2015-01-01 00:27:50.905,0.127,0.043,1.558,231.445,12.268,-9.644, , , , , , ,17.205,4.823,-107.853
 09:39:15.110,eb:33:2e:f9:57:b5, 2015-01-01 00:27:50.905,0.14,0.021,1.621,242.92,14.282,-13.367, , , , , , ,18.391,4.9,-107.891
 09:39:15.110,eb:33:2e:f9:57:b5, 2015-01-01 00:27:50.905,0.196,-0.003,1.771,254.578,18.738,-17.029, , , , , , ,19.633,5.004,-107.935
 09:39:15.110,eb:33:2e:f9:57:b5, 2015-01-01 00:27:50.905,0.209,-0.004,2.03,269.165,28.32,-20.813, , , , , , ,20.945,5.153,-107.985
 09:39:15.110,eb:33:2e:f9:57:b5, 2015-01-01 00:27:50.905,0.223,-0.03,2.15,284.18,35.828,-23.987, , , , , , ,22.341,5.35,-108.029
 09:39:15.110,eb:33:2e:f9:57:b5, 2015-01-01 00:27:50.905,0.334,-0.038,2.249,300.049,39.917,-27.588, , , , , , ,23.802,5.581,-108.073
 09:39:15.110,eb:33:2e:f9:57:b5, 2015-01-01 00:27:50.905,0.431,-0.009,2.399,316.162,49.744,-31.372, , , , , , ,25.345,5.85,-108.111
 09:39:15.110,eb:33:2e:f9:57:b5, 2015-01-01 00:27:50.905,0.566,0.065,2.621,332.397,59.509,-37.354, , , , , , ,26.971,6.174,-108.144
 09:39:15.110,eb:33:2e:f9:57:b5, 2015-01-01 00:27:50.905,0.639,0.125,2.801,350.098,65.186,-45.898, , , , , , ,28.691,6.553,-108.182
 09:39:15.110,eb:33:2e:f9:57:b5, 2015-01-01 00:27:50.905,0.61,0.023,2.814,371.704,71.594,-54.26, , , , , , ,30.498,6.982,-108.232
 09:39:15.111,eb:33:2e:f9:57:b5, 2015-01-01 00:27:50.905,0.742,0.071,2.878,389.648,71.472,-63.965, , , , , , ,32.399,7.449,-108.298
 09:39:15.111,eb:33:2e:f9:57:b5, 2015-01-01 00:27:50.905,0.878,0.038,2.993,406.677,74.646,-71.96, , , , , , ,34.387,7.943,-108.38
 09:39:15.111,eb:33:2e:f9:57:b5, 2015-01-01 00:27:50.905,0.945,-0.043,3.01,421.875,78.125,-83.13, , , , , , ,36.458,8.487,-108.479
 09:39:15.111,eb:33:2e:f9:57:b5, 2015-01-01 00:27:50.905,0.859,-0.215,2.99,437.866,82.275,-94.727, , , , , , ,38.595,9.069,-108.6
 09:39:15.111,eb:33:2e:f9:57:b5, 2015-01-01 00:27:50.905,0.675,-0.444,2.958,453.308,89.478,-103.699, , , , , , ,40.809,9.723,-108.704
 09:39:15.111,eb:33:2e:f9:57:b5, 2015-01-01 00:27:50.905,0.719,-0.381,3.057,472.046,96.863,-116.028, , , , , , ,43.11,10.443,-108.809
 09:39:15.178,eb:33:2e:f9:57:b5, 2015-01-01 00:27:50.905,0.466,-0.294,3.272,489.38,113.403,-121.033, , , , , , ,45.511,11.245,-108.864
 09:39:15.178,eb:33:2e:f9:57:b5, 2015-01-01 00:27:50.905,0.396,-0.261,3.011,506.531,112.732,-127.808, , , , , , ,48.016,12.09,-108.869
 09:39:15.178,eb:33:2e:f9:57:b5, 2015-01-01 00:27:50.905,0.58,0.359,2.972,509.827,97.656,-144.287, , , , , , ,50.548,12.942,-108.924
 09:39:15.178,eb:33:2e:f9:57:b5, 2015-01-01 00:27:50.905,0.49,0.028,3.411,499.084,120.789,-149.902, , , , , , ,53.058,13.859,-108.957
 09:39:15.178,eb:33:2e:f9:57:b5, 2015-01-01 00:27:50.905,0.334,-0.625,3.336,492.615,167.542,-150.33, , , , , , ,55.569,14.908,-108.798
 09:39:15.178,eb:33:2e:f9:57:b5, 2015-01-01 00:27:50.905,0.492,-1.033,2.99,484.619,207.031,-137.573, , , , , , ,58.129,16.029,-108.364
 09:39:15.178,eb:33:2e:f9:57:b5, 2015-01-01 00:27:50.905,0.627,-1.294,2.388,458.923,231.506,-119.995, , , , , , ,60.667,17.144,-107.693
 09:39:15.178,eb:33:2e:f9:57:b5, 2015-01-01 00:27:50.905,0.689,-1.019,1.833,424.866,247.131,-105.652, , , , , , ,63.116,18.199,-106.848
 09:39:15.198,eb:33:2e:f9:57:b5, 2015-01-01 00:27:50.905,0.589,-1.241,1.37,398.499,251.221,-95.52, , , , , , ,65.462,19.182,-105.892
 09:39:15.198,eb:33:2e:f9:57:b5, 2015-01-01 00:27:50.905,0.637,-0.978,0.878,363.342,246.216,-85.876, , , , , , ,67.692,20.094,-104.865
 09:39:15.198,eb:33:2e:f9:57:b5, 2015-01-01 00:27:50.905,0.54,-1.489,0.381,320.312,227.6,-74.341, , , , , , ,69.741,20.891,-103.837
 09:39:15.198,eb:33:2e:f9:57:b5, 2015-01-01 00:27:50.905,-0.085,-1.43,-1.037,251.465,201.294,-76.965, , , , , , ,71.505,21.594,-102.887
 09:39:15.198,eb:33:2e:f9:57:b5, 2015-01-01 00:27:50.905,0.352,0.252,-2.128,107.544,124.756,-70.557, , , , , , ,72.592,22.181,-102.222
 09:39:15.198,eb:33:2e:f9:57:b5, 2015-01-01 00:27:50.905,0.373,0.493,-1.242,-36.926,71.594,-63.354, , , , , , ,72.817,22.637,-101.849
 09:39:15.198,eb:33:2e:f9:57:b5, 2015-01-01 00:27:50.905,0.429,-0.405,-0.539,-133.667,24.292,-50.537, , , , , , ,72.372,22.967,-101.717
 09:39:15.198,eb:33:2e:f9:57:b5, 2015-01-01 00:27:50.905,0.262,-1.427,0.238,-190.308,13.184,-28.931, , , , , , ,71.526,23.165,-101.711
 09:39:15.289,eb:33:2e:f9:57:b5, 2015-01-01 00:27:50.905,0.218,-1.634,0.586,-225.22,21.606,-13, , , , , , ,70.477,23.286,-101.646
 09:39:15.289,eb:33:2e:f9:57:b5, 2015-01-01 00:27:50.905,0.373,-1.468,0.985,-235.229,14.282,-1.16, , , , , , ,69.34,23.34,-101.569
 09:39:15.289,eb:33:2e:f9:57:b5, 2015-01-01 00:27:50.905,0.376,-1.278,1.374,-223.206,18.311,5.493, , , , , , ,68.225,23.357,-101.475
 09:39:15.289,eb:33:2e:f9:57:b5, 2015-01-01 00:27:50.905,0.393,-1.137,1.341,-204.956,25.757,11.047, , , , , , ,67.214,23.357,-101.343
 09:39:15.289,eb:33:2e:f9:57:b5, 2015-01-01 00:27:50.905,0.419,-1.126,1.065,-183.105,33.264,17.7, , , , , , ,66.313,23.346,-101.162
 09:39:15.289,eb:33:2e:f9:57:b5, 2015-01-01 00:27:50.905,0.432,-1.096,0.726,-169.556,35.095,23.254, , , , , , ,65.528,23.324,-100.942
 09:39:15.289,eb:33:2e:f9:57:b5, 2015-01-01 00:27:50.905,0.418,-0.992,0.423,-163.086,29.297,27.588, , , , , , ,64.786,23.269,-100.717
 09:39:15.289,eb:33:2e:f9:57:b5, 2015-01-01 00:27:50.905,0.381,-0.856,0.188,-164.368,16.602,31.128, , , , , , ,64.039,23.187,-100.541
 09:39:15.291,eb:33:2e:f9:57:b5, 2015-01-01 00:27:50.905,0.354,-0.753,-0.012,-173.767,-2.38,34.485, , , , , , ,63.221,23.044,-100.437
 09:39:15.291,eb:33:2e:f9:57:b5, 2015-01-01 00:27:50.905,0.332,-0.719,-0.158,-190.735,-23.865,38.147, , , , , , ,62.309,22.846,-100.421
 09:39:15.291,eb:33:2e:f9:57:b5, 2015-01-01 00:27:51.905,0.315,-0.751,-0.189,-213.44,-43.579,42.358, , , , , , ,61.26,22.582,-100.481
 09:39:15.291,eb:33:2e:f9:57:b5, 2015-01-01 00:27:51.265,0.3,-0.81,-0.091,-237.976,-58.228,47.485, , , , , , ,60.068,22.253,-100.613
 09:39:15.291,eb:33:2e:f9:57:b5, 2015-01-01 00:27:51.265,0.289,-0.84,0.078,-261.841,-67.139,52.795, , , , , , ,58.733,21.874,-100.778
 09:39:15.291,eb:33:2e:f9:57:b5, 2015-01-01 00:27:51.265,0.289,-0.839,0.253,-283.447,-71.045,58.289, , , , , , ,57.299,21.451,-100.937
 09:39:15.291,eb:33:2e:f9:57:b5, 2015-01-01 00:27:51.265,0.296,-0.821,0.415,-301.88,-71.045,63.66, , , , , , ,55.772,20.995,-101.069
 09:39:15.291,eb:33:2e:f9:57:b5, 2015-01-01 00:27:51.265,0.309,-0.78,0.537,-317.261,-68.909,68.481, , , , , , ,54.179,20.522,-101.168
 09:39:15.312,eb:33:2e:f9:57:b5, 2015-01-01 00:27:51.265,0.33,-0.712,0.612,-329.834,-67.2,72.327, , , , , , ,52.515,20.034,-101.239
 09:39:15.313,eb:33:2e:f9:57:b5, 2015-01-01 00:27:51.265,0.355,-0.631,0.657,-339.966,-67.444,74.646, , , , , , ,50.817,19.534,-101.277
 09:39:15.313,eb:33:2e:f9:57:b5, 2015-01-01 00:27:51.265,0.379,-0.544,0.667,-348.572,-70.435,75.745, , , , , , ,49.087,19.023,-101.294
 09:39:15.313,eb:33:2e:f9:57:b5, 2015-01-01 00:27:51.265,0.397,-0.469,0.67,-356.445,-75.012,75.684, , , , , , ,47.307,18.495,-101.316
 09:39:15.313,eb:33:2e:f9:57:b5, 2015-01-01 00:27:51.265,0.407,-0.416,0.701,-363.037,-80.261,75.073, , , , , , ,45.483,17.952,-101.343
 09:39:15.313,eb:33:2e:f9:57:b5, 2015-01-01 00:27:51.265,0.411,-0.365,0.759,-367.554,-85.815,73.853, , , , , , ,43.643,17.391,-101.376
 09:39:15.314,eb:33:2e:f9:57:b5, 2015-01-01 00:27:51.265,0.417,-0.308,0.841,-369.629,-91.064,72.144, , , , , , ,41.786,16.815,-101.409
 09:39:15.314,eb:33:2e:f9:57:b5, 2015-01-01 00:27:51.265,0.42,-0.25,0.94,-368.958,-95.032,70.068, , , , , , ,39.924,16.227,-101.448
 09:39:15.356,eb:33:2e:f9:57:b5, 2015-01-01 00:27:51.265,0.429,-0.197,1.039,-366.028,-97.961,67.566, , , , , , ,38.057,15.628,-101.492
 09:39:15.356,eb:33:2e:f9:57:b5, 2015-01-01 00:27:51.265,0.429,-0.148,1.128,-361.45,-99.67,64.575, , , , , , ,36.227,15.035,-101.53
 09:39:15.356,eb:33:2e:f9:57:b5, 2015-01-01 00:27:51.265,0.43,-0.095,1.188,-356.445,-101.135,61.218, , , , , , ,34.426,14.442,-101.563
 09:39:15.356,eb:33:2e:f9:57:b5, 2015-01-01 00:27:51.265,0.433,-0.032,1.227,-352.173,-102.478,57.129, , , , , , ,32.646,13.854,-101.602
 09:39:15.356,eb:33:2e:f9:57:b5, 2015-01-01 00:27:51.265,0.446,0.025,1.271,-349.304,-103.455,52.49, , , , , , ,30.866,13.266,-101.651
 09:39:15.357,eb:33:2e:f9:57:b5, 2015-01-01 00:27:51.265,0.466,0.081,1.316,-347.839,-104.126,46.936, , , , , , ,29.114,12.695,-101.695
 09:39:15.357,eb:33:2e:f9:57:b5, 2015-01-01 00:27:51.265,0.457,0.138,1.34,-348.022,-105.713,40.222, , , , , , ,27.361,12.129,-101.755
 09:39:15.357,eb:33:2e:f9:57:b5, 2015-01-01 00:27:51.265,0.406,0.188,1.328,-349.06,-109.802,33.997, , , , , , ,25.598,11.563,-101.838
 09:39:15.401,eb:33:2e:f9:57:b5, 2015-01-01 00:27:51.265,0.366,0.225,1.389,-351.44,-111.45,26.978, , , , , , ,23.807,10.992,-101.937
 09:39:15.401,eb:33:2e:f9:57:b5, 2015-01-01 00:27:51.265,0.333,0.221,1.388,-353.638,-117.371,21.851, , , , , , ,22.022,10.41,-102.052
 09:39:15.401,eb:33:2e:f9:57:b5, 2015-01-01 00:27:51.265,0.38,0.197,1.511,-354.065,-115.967,20.386, , , , , , ,20.226,9.827,-102.167
 09:39:15.401,eb:33:2e:f9:57:b5, 2015-01-01 00:27:51.265,0.403,0.238,1.515,-353.21,-118.286,14.893, , , , , , ,18.441,9.256,-102.288
 09:39:15.401,eb:33:2e:f9:57:b5, 2015-01-01 00:27:51.265,0.322,0.251,1.532,-351.501,-123.474,11.841, , , , , , ,16.639,8.641,-102.409
 09:39:15.401,eb:33:2e:f9:57:b5, 2015-01-01 00:27:51.265,0.345,0.217,1.564,-348.145,-128.113,10.132, , , , , , ,14.87,8.02,-102.53
 09:39:15.401,eb:33:2e:f9:57:b5, 2015-01-01 00:27:51.265,0.323,0.19,1.699,-342.957,-131.165,9.46, , , , , , ,13.129,7.377,-102.645
 09:39:15.401,eb:33:2e:f9:57:b5, 2015-01-01 00:27:51.265,0.318,0.179,1.729,-339.355,-132.69,9.827, , , , , , ,11.409,6.718,-102.739
 09:39:15.445,eb:33:2e:f9:57:b5, 2015-01-01 00:27:51.265,0.328,0.157,1.773,-335.693,-132.996,10.864, , , , , , ,9.695,6.048,-102.81
 09:39:15.445,eb:33:2e:f9:57:b5, 2015-01-01 00:27:51.265,0.351,0.148,1.814,-331.665,-133.301,12.146, , , , , , ,8.026,5.378,-102.859
 09:39:15.445,eb:33:2e:f9:57:b5, 2015-01-01 00:27:51.265,0.376,0.16,1.842,-327.271,-134.827,13.184, , , , , , ,6.378,4.708,-102.876
 09:39:15.445,eb:33:2e:f9:57:b5, 2015-01-01 00:27:51.265,0.399,0.175,1.869,-322.266,-137.878,13.977, , , , , , ,4.752,4.016,-102.876
 09:39:15.445,eb:33:2e:f9:57:b5, 2015-01-01 00:27:51.265,0.419,0.2,1.899,-317.017,-142.7,14.404, , , , , , ,3.142,3.301,-102.854
 09:39:15.445,eb:33:2e:f9:57:b5, 2015-01-01 00:27:51.265,0.425,0.236,1.922,-312.744,-149.353,14.16, , , , , , ,1.571,2.565,-102.81
 09:39:15.445,eb:33:2e:f9:57:b5, 2015-01-01 00:27:51.265,0.412,0.273,1.943,-310.425,-157.776,13.489, , , , , , ,0.016,1.791,-102.755
 09:39:15.445,eb:33:2e:f9:57:b5, 2015-01-01 00:27:51.265,0.38,0.302,1.976,-310.364,-166.87,13.062, , , , , , ,-1.533,0.978,-102.678
 09:39:15.469,eb:33:2e:f9:57:b5, 2015-01-01 00:27:51.265,0.312,0.334,2.037,-312.012,-175.049,13.367, , , , , , ,-3.104,0.11,-102.579
 09:39:15.469,eb:33:2e:f9:57:b5, 2015-01-01 00:27:51.265,0.222,0.375,2.103,-314.575,-182.556,14.771, , , , , , ,-4.675,-0.78,-102.448
 09:39:15.469,eb:33:2e:f9:57:b5, 2015-01-01 00:27:51.265,0.115,0.433,2.158,-318.237,-190.002,17.212, , , , , , ,-6.262,-1.703,-102.277
 09:39:15.469,eb:33:2e:f9:57:b5, 2015-01-01 00:27:51.265,0.034,0.499,2.19,-322.876,-197.327,20.447, , , , , , ,-7.877,-2.659,-102.063
 09:39:15.469,eb:33:2e:f9:57:b5, 2015-01-01 00:27:51.265,-0.045,0.556,2.264,-327.332,-202.576,23.926, , , , , , ,-9.536,-3.642,-101.799
 09:39:15.469,eb:33:2e:f9:57:b5, 2015-01-01 00:27:51.265,-0.103,0.66,2.335,-330.078,-206.482,27.1, , , , , , ,-11.206,-4.625,-101.486
 09:39:15.469,eb:33:2e:f9:57:b5, 2015-01-01 00:27:51.265,-0.151,0.81,2.413,-329.895,-209.534,29.724, , , , , , ,-12.892,-5.62,-101.129
 09:39:15.469,eb:33:2e:f9:57:b5, 2015-01-01 00:27:51.265,-0.209,0.969,2.52,-325.745,-211.548,31.433, , , , , , ,-14.573,-6.608,-100.723
 09:39:15.560,eb:33:2e:f9:57:b5, 2015-01-01 00:27:51.265,-0.32,1.126,2.616,-317.627,-212.341,32.166, , , , , , ,-16.249,-7.597,-100.283
 09:39:15.560,eb:33:2e:f9:57:b5, 2015-01-01 00:27:51.265,-0.445,1.26,2.628,-307.19,-213.379,32.715, , , , , , ,-17.875,-8.564,-99.811
 09:39:15.560,eb:33:2e:f9:57:b5, 2015-01-01 00:27:51.265,-0.531,1.343,2.642,-295.776,-212.219,34.119, , , , , , ,-19.457,-9.525,-99.311
 09:39:15.561,eb:33:2e:f9:57:b5, 2015-01-01 00:27:51.265,-0.546,1.423,2.753,-283.997,-202.759,36.743, , , , , , ,-20.995,-10.437,-98.773
 09:39:15.561,eb:33:2e:f9:57:b5, 2015-01-01 00:27:51.265,-0.452,1.58,2.948,-271.484,-180.359,39.001, , , , , , ,-22.495,-11.255,-98.234
 09:39:15.561,eb:33:2e:f9:57:b5, 2015-01-01 00:27:51.265,-0.369,1.869,3.154,-256.897,-144.226,38.269, , , , , , ,-23.912,-11.915,-97.729
 09:39:15.561,eb:33:2e:f9:57:b5, 2015-01-01 00:27:51.265,-0.378,2.294,3.126,-239.624,-106.14,32.471, , , , , , ,-25.236,-12.393,-97.311
 09:39:15.561,eb:33:2e:f9:57:b5, 2015-01-01 00:27:51.265,-0.377,2.777,2.785,-220.642,-81.116,20.996, , , , , , ,-26.444,-12.739,-96.993
 09:39:15.561,eb:33:2e:f9:57:b5, 2015-01-01 00:27:51.265,-0.447,3.201,2.384,-200.195,-69.336,5.127, , , , , , ,-27.543,-13.046,-96.768
 09:39:15.561,eb:33:2e:f9:57:b5, 2015-01-01 00:27:51.265,-0.618,3.518,1.99,-177.002,-71.472,-13.733, , , , , , ,-28.51,-13.365,-96.625
 09:39:15.561,eb:33:2e:f9:57:b5, 2015-01-01 00:27:51.265,-0.857,3.698,1.683,-150.085,-83.496,-32.593, , , , , , ,-29.339,-13.771,-96.548
 09:39:15.561,eb:33:2e:f9:57:b5, 2015-01-01 00:27:51.265,-1.167,3.763,1.553,-119.995,-96.863,-48.096, , , , , , ,-30.009,-14.277,-96.504
 09:39:15.561,eb:33:2e:f9:57:b5, 2015-01-01 00:27:51.265,-1.453,3.746,1.586,-87.83,-104.614,-58.105, , , , , , ,-30.52,-14.859,-96.482
 09:39:15.561,eb:33:2e:f9:57:b5, 2015-01-01 00:27:51.265,-1.627,3.654,1.78,-54.26,-99.182,-61.951, , , , , , ,-30.861,-15.458,-96.482
 09:39:15.561,eb:33:2e:f9:57:b5, 2015-01-01 00:27:51.265,-1.663,3.489,2.063,-20.691,-76.233,-59.937, , , , , , ,-31.02,-15.985,-96.526
 09:39:15.561,eb:33:2e:f9:57:b5, 2015-01-01 00:27:51.265,-1.552,3.266,2.323,10.986,-37.415,-54.016, , , , , , ,-30.998,-16.364,-96.636
 09:39:15.605,eb:33:2e:f9:57:b5, 2015-01-01 00:27:51.265,-1.361,2.941,2.415,44.434,17.883,-45.471, , , , , , ,-30.773,-16.512,-96.844
 09:39:15.605,eb:33:2e:f9:57:b5, 2015-01-01 00:27:51.265,-1.123,2.684,2.273,67.322,58.105,-39.307, , , , , , ,-30.399,-16.436,-97.141
 09:39:15.605,eb:33:2e:f9:57:b5, 2015-01-01 00:27:51.265,-0.889,2.444,2.036,85.754,85.815,-35.767, , , , , , ,-29.899,-16.199,-97.515
 09:39:15.605,eb:33:2e:f9:57:b5, 2015-01-01 00:27:51.265,-0.706,2.2,1.801,100.464,100.403,-34.851, , , , , , ,-29.317,-15.875,-97.916
 09:39:15.606,eb:33:2e:f9:57:b5, 2015-01-01 00:27:51.265,-0.596,1.935,1.601,111.938,104.431,-35.95, , , , , , ,-28.647,-15.507,-98.344
 09:39:15.606,eb:33:2e:f9:57:b5, 2015-01-01 00:27:51.265,-0.088,1.646,1.444,120.361,101.013,-37.231, , , , , , ,-27.949,-15.139,-98.762
 09:39:15.606,eb:33:2e:f9:57:b5, 2015-01-01 00:27:51.265,2.562,0.125,2.421,201.172,-53.833,-51.697, , , , , , ,-27.142,-15.062,-99.069
 09:39:15.606,eb:33:2e:f9:57:b5, 2015-01-01 00:27:51.265,-0.246,-3.856,2.72,233.826,303.101,-34.302, , , , , , ,-25.84,-14.249,-99.805
 09:39:15.626,eb:33:2e:f9:57:b5, 2015-01-01 00:27:51.265,1.201,-1.729,-0.619,232.178,79.834,-43.396, , , , , , ,-24.521,-13.744,-100.305
 09:39:15.626,eb:33:2e:f9:57:b5, 2015-01-01 00:27:51.265,1.088,-1.287,1.395,227.722,91.37,-46.753, , , , , , ,-23.302,-13.447,-100.673
 09:39:15.626,eb:33:2e:f9:57:b5, 2015-01-01 00:27:51.265,-0.265,-2.063,1.226,269.043,153.32,-47.119, , , , , , ,-21.945,-12.991,-101.14
 09:39:15.626,eb:33:2e:f9:57:b5, 2015-01-01 00:27:51.265,-0.307,-1.959,1.697,321.594,240.112,-16.296, , , , , , ,-20.33,-12.079,-101.656
 09:39:15.626,eb:33:2e:f9:57:b5, 2015-01-01 00:27:51.265,-0.994,-1.266,1.091,363.953,286.011,7.446, , , , , , ,-18.479,-10.8,-102.129
 09:39:15.626,eb:33:2e:f9:57:b5, 2015-01-01 00:27:51.265,-1.52,-0.567,0.73,383.362,282.532,24.597, , , , , , ,-16.529,-9.393,-102.48
 09:39:15.626,eb:33:2e:f9:57:b5, 2015-01-01 00:27:51.265,-1.178,0.157,0.516,372.131,227.112,29.48, , , , , , ,-14.601,-8.141,-102.684
 09:39:15.627,eb:33:2e:f9:57:b5, 2015-01-01 00:27:51.265,-0.787,1.077,0.85,324.829,172.485,24.048, , , , , , ,-12.859,-7.158,-102.788
 09:39:15.671,eb:33:2e:f9:57:b5, 2015-01-01 00:27:51.265,-0.341,1.314,1.479,263,132.202,12.085, , , , , , ,-11.393,-6.416,-102.859
 09:39:15.671,eb:33:2e:f9:57:b5, 2015-01-01 00:27:51.265,-0.348,1.004,1.54,204.407,105.042,1.648, , , , , , ,-10.256,-5.856,-102.936
 09:39:15.671,eb:33:2e:f9:57:b5, 2015-01-01 00:27:51.265,-0.468,0.607,1.421,167.969,90.149,-13.672, , , , , , ,-9.338,-5.383,-103.057
 09:39:15.671,eb:33:2e:f9:57:b5, 2015-01-01 00:27:51.265,-0.473,0.225,1.197,151.794,72.266,-24.841, , , , , , ,-8.542,-5.01,-103.228
 09:39:15.671,eb:33:2e:f9:57:b5, 2015-01-01 00:27:51.265,-0.333,-0.017,1.07,146.79,54.932,-26.489, , , , , , ,-7.767,-4.719,-103.403
 09:39:15.671,eb:33:2e:f9:57:b5, 2015-01-01 00:27:51.265,-0.055,-0.165,0.99,147.4,40.039,-22.522, , , , , , ,-7.026,-4.51,-103.552
 09:39:15.671,eb:33:2e:f9:57:b5, 2015-01-01 00:27:51.265,0.196,-0.06,1.009,142.517,28.137,-21.79, , , , , , ,-6.29,-4.362,-103.683
 09:39:15.671,eb:33:2e:f9:57:b5, 2015-01-01 00:27:51.265,0.292,0.021,1.084,133.606,32.471,-20.813, , , , , , ,-5.592,-4.23,-103.804
 09:39:15.716,eb:33:2e:f9:57:b5, 2015-01-01 00:27:51.690,0.269,0.308,1.116,115.479,40.283,-20.874, , , , , , ,-4.955,-4.048,-103.925
 09:39:15.716,eb:33:2e:f9:57:b5, 2015-01-01 00:27:51.690,0.1,0.229,1.049,103.76,49.927,-21.606, , , , , , ,-4.406,-3.823,-104.052
 09:39:15.716,eb:33:2e:f9:57:b5, 2015-01-01 00:27:51.690,0.083,0.24,0.962,91.003,53.894,-19.958, , , , , , ,-3.917,-3.571,-104.172
 09:39:15.716,eb:33:2e:f9:57:b5, 2015-01-01 00:27:51.690,0.174,0.254,0.967,75.623,54.016,-15.076, , , , , , ,-3.505,-3.307,-104.277
 09:39:15.716,eb:33:2e:f9:57:b5, 2015-01-01 00:27:51.690,0.154,0.212,1.06,64.27,59.814,-11.78, , , , , , ,-3.142,-3.021,-104.359
 09:39:15.716,eb:33:2e:f9:57:b5, 2015-01-01 00:27:51.690,0.043,0.176,1.095,54.321,66.589,-8.972, , , , , , ,-2.851,-2.703,-104.425
 09:39:15.716,eb:33:2e:f9:57:b5, 2015-01-01 00:27:51.690,-0.065,0.166,1.057,44.25,69.275,-6.47, , , , , , ,-2.604,-2.362,-104.48
 09:39:15.717,eb:33:2e:f9:57:b5, 2015-01-01 00:27:51.690,-0.125,0.133,0.968,35.156,61.523,-3.662, , , , , , ,-2.411,-2.038,-104.518
 09:39:15.806,eb:33:2e:f9:57:b5, 2015-01-01 00:27:51.690,-0.09,0.128,0.911,26.55,49.133,-1.892, , , , , , ,-2.241,-1.763,-104.54
 09:39:15.806,eb:33:2e:f9:57:b5, 2015-01-01 00:27:51.690,-0.05,0.069,0.922,19.775,37.964,-0.854, , , , , , ,-2.131,-1.555,-104.557
 09:39:15.806,eb:33:2e:f9:57:b5, 2015-01-01 00:27:51.690,-0.016,0.042,0.954,15.991,32.41,-0.244, , , , , , ,-2.049,-1.379,-104.568
 09:39:15.806,eb:33:2e:f9:57:b5, 2015-01-01 00:27:51.690,-0.022,0.036,0.989,12.268,29.602,0.854, , , , , , ,-1.978,-1.23,-104.568
 09:39:15.806,eb:33:2e:f9:57:b5, 2015-01-01 00:27:51.690,-0.032,0.042,0.997,8.911,27.405,1.953, , , , , , ,-1.912,-1.082,-104.568
 09:39:15.806,eb:33:2e:f9:57:b5, 2015-01-01 00:27:51.690,-0.046,0.024,0.996,6.409,25.513,2.563, , , , , , ,-1.873,-0.95,-104.557
 09:39:15.806,eb:33:2e:f9:57:b5, 2015-01-01 00:27:51.690,-0.062,0.015,0.984,4.761,22.339,2.563, , , , , , ,-1.851,-0.835,-104.551
 09:39:15.806,eb:33:2e:f9:57:b5, 2015-01-01 00:27:51.690,-0.06,0.01,0.977,3.662,18.86,2.38, , , , , , ,-1.829,-0.731,-104.54
 09:39:15.808,eb:33:2e:f9:57:b5, 2015-01-01 00:27:51.690,-0.045,0.004,0.979,2.869,15.564,2.075, , , , , , ,-1.802,-0.643,-104.529
 09:39:15.809,eb:33:2e:f9:57:b5, 2015-01-01 00:27:51.690,-0.034,-0.001,0.986,2.197,13.367,1.892, , , , , , ,-1.785,-0.571,-104.524
 09:39:15.809,eb:33:2e:f9:57:b5, 2015-01-01 00:27:51.690,-0.028,-0.007,0.99,1.77,11.963,1.77, , , , , , ,-1.78,-0.511,-104.518
 09:39:15.809,eb:33:2e:f9:57:b5, 2015-01-01 00:27:51.690,-0.03,-0.004,0.994,1.404,10.742,1.648, , , , , , ,-1.774,-0.45,-104.507
 09:39:15.809,eb:33:2e:f9:57:b5, 2015-01-01 00:27:51.690,-0.031,-0.003,0.993,1.038,9.644,1.465, , , , , , ,-1.752,-0.396,-104.502
 09:39:15.809,eb:33:2e:f9:57:b5, 2015-01-01 00:27:51.690,-0.034,-0.006,0.991,0.854,8.545,1.282, , , , , , ,-1.747,-0.352,-104.496
 09:39:15.809,eb:33:2e:f9:57:b5, 2015-01-01 00:27:51.690,-0.03,-0.018,0.992,1.282,7.324,1.16, , , , , , ,-1.741,-0.313,-104.491
 09:39:15.809,eb:33:2e:f9:57:b5, 2015-01-01 00:27:51.690,-0.028,-0.03,0.997,2.197,6.653,0.916, , , , , , ,-1.736,-0.28,-104.485
 09:39:15.852,eb:33:2e:f9:57:b5, 2015-01-01 00:27:51.690,0.011,-0.037,1.003,3.418,5.981,0.916, , , , , , ,-1.703,-0.242,-104.48
 09:39:15.852,eb:33:2e:f9:57:b5, 2015-01-01 00:27:51.690,0.01,-0.021,1.023,4.272,7.263,0.305, , , , , , ,-1.686,-0.209,-104.48
 09:39:15.852,eb:33:2e:f9:57:b5, 2015-01-01 00:27:51.690,0,-0.016,1.018,4.822,8.667,0.061, , , , , , ,-1.664,-0.17,-104.48
 09:39:15.852,eb:33:2e:f9:57:b5, 2015-01-01 00:27:51.690,0.005,-0.036,1.026,5.92,10.376,0.549, , , , , , ,-1.637,-0.121,-104.48
 09:39:15.852,eb:33:2e:f9:57:b5, 2015-01-01 00:27:51.690,0.019,-0.045,1.026,7.568,12.207,0.854, , , , , , ,-1.588,-0.055,-104.48
 09:39:15.852,eb:33:2e:f9:57:b5, 2015-01-01 00:27:51.690,0.023,-0.038,1.026,8.911,14.465,0.916, , , , , , ,-1.549,0.005,-104.474
 09:39:15.852,eb:33:2e:f9:57:b5, 2015-01-01 00:27:51.690,0.025,-0.018,1.019,9.583,16.724,1.099, , , , , , ,-1.5,0.082,-104.474
 09:39:15.852,eb:33:2e:f9:57:b5, 2015-01-01 00:27:51.690,0.002,-0.004,1.015,9.644,19.226,1.404, , , , , , ,-1.456,0.176,-104.469
 09:39:15.896,eb:33:2e:f9:57:b5, 2015-01-01 00:27:51.690,-0.008,-0.004,1,9.521,20.264,1.953, , , , , , ,-1.39,0.28,-104.458
 09:39:15.896,eb:33:2e:f9:57:b5, 2015-01-01 00:27:51.690,-0.006,-0.005,0.987,9.399,20.325,2.441, , , , , , ,-1.346,0.385,-104.453
 09:39:15.896,eb:33:2e:f9:57:b5, 2015-01-01 00:27:51.690,-0.017,0.008,0.977,9.399,19.043,2.014, , , , , , ,-1.296,0.483,-104.442
 09:39:15.896,eb:33:2e:f9:57:b5, 2015-01-01 00:27:51.690,-0.02,-0.004,0.988,9.766,18.311,1.831, , , , , , ,-1.252,0.571,-104.436
 09:39:15.896,eb:33:2e:f9:57:b5, 2015-01-01 00:27:51.690,-0.021,-0.011,0.999,10.315,18.127,1.831, , , , , , ,-1.187,0.67,-104.425
 09:39:15.896,eb:33:2e:f9:57:b5, 2015-01-01 00:27:51.690,-0.027,-0.008,0.994,10.681,17.761,1.587, , , , , , ,-1.132,0.764,-104.42
 09:39:15.896,eb:33:2e:f9:57:b5, 2015-01-01 00:27:51.690,-0.054,-0.008,0.992,11.353,17.212,1.221, , , , , , ,-1.077,0.846,-104.414
 09:39:15.896,eb:33:2e:f9:57:b5, 2015-01-01 00:27:51.690,-0.056,-0.014,0.985,12.207,15.747,1.16, , , , , , ,-1.022,0.928,-104.409
 09:39:15.919,eb:33:2e:f9:57:b5, 2015-01-01 00:27:51.690,-0.048,-0.021,0.992,13.611,13.977,0.854, , , , , , ,-0.939,1.011,-104.403
 09:39:15.919,eb:33:2e:f9:57:b5, 2015-01-01 00:27:51.690,-0.027,-0.022,1.003,15.015,13,0.488, , , , , , ,-0.868,1.077,-104.403
 09:39:15.919,eb:33:2e:f9:57:b5, 2015-01-01 00:27:51.690,0.011,-0.015,1.014,16.357,13.184,0, , , , , , ,-0.791,1.143,-104.403
 09:39:15.919,eb:33:2e:f9:57:b5, 2015-01-01 00:27:51.690,0.01,-0.003,1.038,17.883,15.442,-0.977, , , , , , ,-0.703,1.208,-104.403
 09:39:15.919,eb:33:2e:f9:57:b5, 2015-01-01 00:27:51.690,0.01,0.003,1.033,18.86,18.005,-1.587, , , , , , ,-0.599,1.302,-104.414
 09:39:15.919,eb:33:2e:f9:57:b5, 2015-01-01 00:27:51.690,0.019,0,1.034,19.775,20.813,-2.075, , , , , , ,-0.5,1.401,-104.425
 09:39:15.919,eb:33:2e:f9:57:b5, 2015-01-01 00:27:51.690,0.009,0.012,1.031,20.508,23.254,-2.563, , , , , , ,-0.401,1.511,-104.436
 09:39:15.919,eb:33:2e:f9:57:b5, 2015-01-01 00:27:51.690,-0.003,0.009,1.03,21.362,25.94,-2.808, , , , , , ,-0.297,1.631,-104.447
 09:39:15.963,eb:33:2e:f9:57:b5, 2015-01-01 00:27:51.690,0.003,0.001,1.04,22.644,27.161,-2.686, , , , , , ,-0.176,1.774,-104.464
 09:39:15.963,eb:33:2e:f9:57:b5, 2015-01-01 00:27:51.690,-0.019,-0.002,1.06,24.475,28.442,-2.869, , , , , , ,-0.055,1.912,-104.474
 09:39:15.963,eb:33:2e:f9:57:b5, 2015-01-01 00:27:51.690,-0.031,0,1.034,25.574,29.541,-2.319, , , , , , ,0.06,2.06,-104.491
 09:39:15.963,eb:33:2e:f9:57:b5, 2015-01-01 00:27:51.690,-0.048,0.011,1.02,26.367,28.748,-1.099, , , , , , ,0.192,2.203,-104.496
 09:39:15.963,eb:33:2e:f9:57:b5, 2015-01-01 00:27:51.690,-0.05,0.021,1.015,27.161,26.855,-0.977, , , , , , ,0.341,2.346,-104.502
 09:39:15.963,eb:33:2e:f9:57:b5, 2015-01-01 00:27:51.690,-0.022,0.033,1.027,27.222,25.085,-1.038, , , , , , ,0.472,2.477,-104.507
 09:39:15.963,eb:33:2e:f9:57:b5, 2015-01-01 00:27:51.690,-0.031,0,1.097,28.87,26.123,-1.831, , , , , , ,0.615,2.604,-104.513
 09:39:15.963,eb:33:2e:f9:57:b5, 2015-01-01 00:27:51.690,-0.065,0.015,1.048,30.334,26.917,-2.625, , , , , , ,0.764,2.736,-104.524
 09:39:16.031,eb:33:2e:f9:57:b5, 2015-01-01 00:27:51.690,-0.049,0.015,1.027,31.372,26.306,-2.808, , , , , , ,0.928,2.873,-104.535
 09:39:16.031,eb:33:2e:f9:57:b5, 2015-01-01 00:27:51.690,-0.046,0.03,1.036,32.288,26.306,-3.601, , , , , , ,1.088,3.005,-104.546
 09:39:16.031,eb:33:2e:f9:57:b5, 2015-01-01 00:27:51.690,-0.045,0.039,1.023,33.203,26.367,-4.639, , , , , , ,1.252,3.137,-104.568
 09:39:16.031,eb:33:2e:f9:57:b5, 2015-01-01 00:27:51.690,-0.033,0.034,1.042,34.302,26.855,-5.127, , , , , , ,1.417,3.268,-104.584
 09:39:16.031,eb:33:2e:f9:57:b5, 2015-01-01 00:27:51.690,0.004,0.038,1.11,36.194,27.161,-6.409, , , , , , ,1.609,3.411,-104.612
 09:39:16.031,eb:33:2e:f9:57:b5, 2015-01-01 00:27:51.690,-0.007,0.012,1.161,39.429,29.114,-7.446, , , , , , ,1.796,3.554,-104.645
 09:39:16.031,eb:33:2e:f9:57:b5, 2015-01-01 00:27:51.690,0.001,0.043,1.135,41.382,30.762,-9.277, , , , , , ,1.994,3.702,-104.678
 09:39:16.031,eb:33:2e:f9:57:b5, 2015-01-01 00:27:51.690,-0.004,0.032,1.155,43.579,32.41,-10.437, , , , , , ,2.203,3.862,-104.722
 09:39:16.034,eb:33:2e:f9:57:b5, 2015-01-01 00:27:52.045,-0.006,0.053,1.127,45.776,33.813,-11.414, , , , , , ,2.439,4.037,-104.771
 09:39:16.034,eb:33:2e:f9:57:b5, 2015-01-01 00:27:52.045,0,0.064,1.157,48.34,33.936,-12.512, , , , , , ,2.67,4.208,-104.821
 09:39:16.034,eb:33:2e:f9:57:b5, 2015-01-01 00:27:52.045,-0.014,0.107,1.044,49.5,31.738,-13.611, , , , , , ,2.911,4.378,-104.881
 09:39:16.034,eb:33:2e:f9:57:b5, 2015-01-01 00:27:52.045,-0.286,0.15,1.003,50.781,23.926,-15.808, , , , , , ,3.159,4.515,-104.947
 09:39:16.034,eb:33:2e:f9:57:b5, 2015-01-01 00:27:52.045,-0.308,-0.134,1.528,60.791,20.569,-8.911, , , , , , ,3.444,4.636,-105.007
 09:39:16.034,eb:33:2e:f9:57:b5, 2015-01-01 00:27:52.045,-0.14,-0.257,1.71,74.097,24.231,1.221, , , , , , ,3.79,4.746,-105.007
 09:39:16.034,eb:33:2e:f9:57:b5, 2015-01-01 00:27:52.045,-0.065,-0.039,1.351,81.116,24.048,2.686, , , , , , ,4.186,4.867,-104.985
 09:39:16.034,eb:33:2e:f9:57:b5, 2015-01-01 00:27:52.045,-0.089,0.077,1.248,85.754,19.104,0.305, , , , , , ,4.603,4.971,-104.969
 09:39:16.076,eb:33:2e:f9:57:b5, 2015-01-01 00:27:52.045,-0.083,0,1.363,92.834,16.602,0, , , , , , ,5.07,5.065,-104.963
 09:39:16.076,eb:33:2e:f9:57:b5, 2015-01-01 00:27:52.045,-0.083,-0.042,1.447,100.037,19.043,0.366, , , , , , ,5.554,5.153,-104.952
 09:39:16.076,eb:33:2e:f9:57:b5, 2015-01-01 00:27:52.045,-0.078,-0.025,1.444,108.032,20.264,-0.061, , , , , , ,6.075,5.251,-104.941
 09:39:16.076,eb:33:2e:f9:57:b5, 2015-01-01 00:27:52.045,-0.104,-0.017,1.402,116.455,18.066,-1.343, , , , , , ,6.641,5.345,-104.936
 09:39:16.076,eb:33:2e:f9:57:b5, 2015-01-01 00:27:52.045,-0.117,-0.027,1.376,126.648,15.564,-1.892, , , , , , ,7.267,5.433,-104.93
 09:39:16.076,eb:33:2e:f9:57:b5, 2015-01-01 00:27:52.045,-0.128,-0.03,1.398,135.132,14.038,-2.197, , , , , , ,7.927,5.504,-104.93
 09:39:16.076,eb:33:2e:f9:57:b5, 2015-01-01 00:27:52.045,-0.08,-0.028,1.42,142.212,13.306,-2.502, , , , , , ,8.624,5.576,-104.93
 09:39:16.076,eb:33:2e:f9:57:b5, 2015-01-01 00:27:52.045,-0.065,-0.02,1.506,149.597,15.93,-3.296, , , , , , ,9.355,5.647,-104.936
 09:39:16.122,eb:33:2e:f9:57:b5, 2015-01-01 00:27:52.045,-0.076,-0.021,1.493,158.691,17.944,-4.15, , , , , , ,10.14,5.74,-104.936
 09:39:16.122,eb:33:2e:f9:57:b5, 2015-01-01 00:27:52.045,-0.017,-0.026,1.45,168.396,18.372,-4.883, , , , , , ,10.959,5.834,-104.947
 09:39:16.122,eb:33:2e:f9:57:b5, 2015-01-01 00:27:52.045,0.017,0.026,1.472,174.744,22.217,-5.798, , , , , , ,11.821,5.944,-104.952
 09:39:16.122,eb:33:2e:f9:57:b5, 2015-01-01 00:27:52.045,0.056,0.022,1.566,181.335,28.198,-6.897, , , , , , ,12.711,6.075,-104.952
 09:39:16.122,eb:33:2e:f9:57:b5, 2015-01-01 00:27:52.045,0.065,0.016,1.566,189.514,35.278,-8.667, , , , , , ,13.656,6.246,-104.952
 09:39:16.122,eb:33:2e:f9:57:b5, 2015-01-01 00:27:52.045,0.096,0.064,1.551,196.899,41.138,-10.742, , , , , , ,14.623,6.443,-104.952
 09:39:16.122,eb:33:2e:f9:57:b5, 2015-01-01 00:27:52.045,0.144,0.078,1.552,204.468,45.654,-13.123, , , , , , ,15.628,6.674,-104.952
 09:39:16.122,eb:33:2e:f9:57:b5, 2015-01-01 00:27:52.045,0.175,0.104,1.522,213.135,49.988,-16.418, , , , , , ,16.677,6.927,-104.958
 09:39:16.167,eb:33:2e:f9:57:b5, 2015-01-01 00:27:52.045,0.188,0.144,1.538,222.168,50.537,-20.874, , , , , , ,17.781,7.202,-104.974
 09:39:16.167,eb:33:2e:f9:57:b5, 2015-01-01 00:27:52.045,0.196,0.129,1.632,232.361,47.974,-24.658, , , , , , ,18.913,7.471,-105.007
 09:39:16.167,eb:33:2e:f9:57:b5, 2015-01-01 00:27:52.045,0.191,0.056,1.759,245.117,48.218,-27.71, , , , , , ,20.105,7.74,-105.051
 09:39:16.167,eb:33:2e:f9:57:b5, 2015-01-01 00:27:52.045,0.229,0.055,1.958,258.606,50.781,-30.579, , , , , , ,21.363,8.02,-105.101
 09:39:16.167,eb:33:2e:f9:57:b5, 2015-01-01 00:27:52.045,0.197,0.004,2.139,272.827,56.335,-33.203, , , , , , ,22.703,8.333,-105.15
 09:39:16.167,eb:33:2e:f9:57:b5, 2015-01-01 00:27:52.045,0.264,-0.002,2.309,288.269,59.509,-36.011, , , , , , ,24.104,8.674,-105.194
 09:39:16.167,eb:33:2e:f9:57:b5, 2015-01-01 00:27:52.045,0.235,-0.07,2.432,307.373,65.186,-38.94, , , , , , ,25.593,9.036,-105.227
 09:39:16.167,eb:33:2e:f9:57:b5, 2015-01-01 00:27:52.045,0.353,-0.001,2.52,326.355,62.561,-43.335, , , , , , ,27.18,9.415,-105.271
 09:39:16.211,eb:33:2e:f9:57:b5, 2015-01-01 00:27:52.045,0.436,-0.073,2.712,344.299,65.979,-48.035, , , , , , ,28.867,9.811,-105.326
 09:39:16.211,eb:33:2e:f9:57:b5, 2015-01-01 00:27:52.045,0.337,-0.087,2.857,361.938,78.064,-52.795, , , , , , ,30.635,10.25,-105.37
 09:39:16.211,eb:33:2e:f9:57:b5, 2015-01-01 00:27:52.045,0.368,-0.075,2.98,373.047,84.9,-59.448, , , , , , ,32.47,10.75,-105.386
 09:39:16.211,eb:33:2e:f9:57:b5, 2015-01-01 00:27:52.045,0.428,-0.28,3.091,388.672,94.849,-63.171, , , , , , ,34.376,11.299,-105.403
 09:39:16.211,eb:33:2e:f9:57:b5, 2015-01-01 00:27:52.045,0.478,-0.371,2.928,411.011,103.027,-65.125, , , , , , ,36.398,11.904,-105.364
 09:39:16.211,eb:33:2e:f9:57:b5, 2015-01-01 00:27:52.045,0.438,-0.253,2.754,427.612,97.961,-75.806, , , , , , ,38.507,12.519,-105.342
 09:39:16.211,eb:33:2e:f9:57:b5, 2015-01-01 00:27:52.045,0.357,-0.317,2.964,444.336,100.098,-86.792, , , , , , ,40.693,13.151,-105.348
 09:39:16.212,eb:33:2e:f9:57:b5, 2015-01-01 00:27:52.045,0.363,-0.536,3.196,458.069,112.366,-92.59, , , , , , ,42.957,13.854,-105.331
 09:39:16.234,eb:33:2e:f9:57:b5, 2015-01-01 00:27:52.045,0.413,-0.635,3.247,471.741,126.648,-94.91, , , , , , ,45.313,14.617,-105.238
 09:39:16.234,eb:33:2e:f9:57:b5, 2015-01-01 00:27:52.045,0.28,-0.7,3.088,491.089,145.264,-100.769, , , , , , ,47.769,15.447,-105.073
 09:39:16.234,eb:33:2e:f9:57:b5, 2015-01-01 00:27:52.045,0.394,-0.429,2.869,504.211,146.24,-112.366, , , , , , ,50.328,16.331,-104.854
 09:39:16.234,eb:33:2e:f9:57:b5, 2015-01-01 00:27:52.045,0.408,-0.357,3.13,499.695,157.349,-119.751, , , , , , ,52.899,17.265,-104.623
 09:39:16.234,eb:33:2e:f9:57:b5, 2015-01-01 00:27:52.045,0.433,-0.579,3.403,500.183,188.965,-117.554, , , , , , ,55.514,18.259,-104.233
 09:39:16.234,eb:33:2e:f9:57:b5, 2015-01-01 00:27:52.045,0.439,-0.948,3.124,497.864,210.815,-114.929, , , , , , ,58.195,19.297,-103.672
 09:39:16.234,eb:33:2e:f9:57:b5, 2015-01-01 00:27:52.045,0.292,-0.96,2.146,449.89,238.892,-113.342, , , , , , ,60.809,20.363,-102.942
 09:39:16.234,eb:33:2e:f9:57:b5, 2015-01-01 00:27:52.045,0.186,-1.191,1.432,392.7,271.912,-84.595, , , , , , ,63.237,21.407,-101.959
 09:39:16.278,eb:33:2e:f9:57:b5, 2015-01-01 00:27:52.045,0.615,-1.6,0.177,319.275,255.737,-53.223, , , , , , ,65.407,22.275,-100.822
 09:39:16.278,eb:33:2e:f9:57:b5, 2015-01-01 00:27:52.045,0.713,-2.884,-1.944,201.904,193.42,-27.71, , , , , , ,67.055,22.885,-99.816
 09:39:16.278,eb:33:2e:f9:57:b5, 2015-01-01 00:27:52.045,0.521,-1.556,-1.92,103.821,139.221,-15.747, , , , , , ,68.022,23.291,-99.031
 09:39:16.278,eb:33:2e:f9:57:b5, 2015-01-01 00:27:52.045,0.284,0.011,-0.619,45.593,64.392,-14.587, , , , , , ,68.566,23.527,-98.591
 09:39:16.278,eb:33:2e:f9:57:b5, 2015-01-01 00:27:52.045,0.171,0.174,0.439,-36.804,27.222,-7.446, , , , , , ,68.604,23.648,-98.41
 09:39:16.278,eb:33:2e:f9:57:b5, 2015-01-01 00:27:52.045,0.502,-0.786,0.397,-96.558,-5.066,6.348, , , , , , ,68.242,23.659,-98.377
 09:39:16.278,eb:33:2e:f9:57:b5, 2015-01-01 00:27:52.045,0.503,-1.61,0.643,-127.625,-10.01,21.484, , , , , , ,67.648,23.566,-98.394
 09:39:16.278,eb:33:2e:f9:57:b5, 2015-01-01 00:27:52.045,0.4,-1.786,0.988,-141.296,6.653,34.241, , , , , , ,66.984,23.428,-98.333
 09:39:16.324,eb:33:2e:f9:57:b5, 2015-01-01 00:27:52.045,0.437,-1.454,1.195,-140.93,20.325,42.786, , , , , , ,66.324,23.275,-98.174
 09:39:16.324,eb:33:2e:f9:57:b5, 2015-01-01 00:27:52.045,0.479,-1.129,1.247,-131.47,27.527,49.011, , , , , , ,65.737,23.11,-97.949
 09:39:16.324,eb:33:2e:f9:57:b5, 2015-01-01 00:27:52.045,0.49,-0.998,0.968,-122.681,28.137,53.345, , , , , , ,65.204,22.934,-97.685
 09:39:16.324,eb:33:2e:f9:57:b5, 2015-01-01 00:27:52.045,0.517,-0.983,0.512,-120.544,20.935,56.58, , , , , , ,64.698,22.736,-97.438
 09:39:16.324,eb:33:2e:f9:57:b5, 2015-01-01 00:27:52.045,0.534,-0.931,0.163,-125.244,6.958,58.105, , , , , , ,64.144,22.5,-97.245
 09:39:16.324,eb:33:2e:f9:57:b5, 2015-01-01 00:27:52.045,0.511,-0.814,0,-135.864,-11.902,57.495, , , , , , ,63.534,22.231,-97.125
 09:39:16.324,eb:33:2e:f9:57:b5, 2015-01-01 00:27:52.045,0.468,-0.718,-0.05,-151.672,-32.471,55.42, , , , , , ,62.814,21.929,-97.097
 09:39:16.324,eb:33:2e:f9:57:b5, 2015-01-01 00:27:52.045,0.434,-0.691,-0.051,-171.936,-51.086,52.917, , , , , , ,61.963,21.583,-97.174
 09:39:16.369,eb:33:2e:f9:57:b5, 2015-01-01 00:27:52.360,0.401,-0.715,-0.007,-195.557,-64.941,50.964, , , , , , ,60.969,21.215,-97.328
 09:39:16.369,eb:33:2e:f9:57:b5, 2015-01-01 00:27:52.360,0.363,-0.74,0.069,-221.069,-73.669,49.377, , , , , , ,59.843,20.819,-97.526
 09:39:16.369,eb:33:2e:f9:57:b5, 2015-01-01 00:27:52.360,0.329,-0.75,0.168,-246.826,-78.735,48.279, , , , , , ,58.579,20.413,-97.74
 09:39:16.369,eb:33:2e:f9:57:b5, 2015-01-01 00:27:52.360,0.3,-0.757,0.277,-270.935,-81.055,47.791, , , , , , ,57.189,19.995,-97.971
 09:39:16.369,eb:33:2e:f9:57:b5, 2015-01-01 00:27:52.360,0.273,-0.763,0.38,-292.175,-82.031,48.279, , , , , , ,55.679,19.567,-98.196
 09:39:16.369,eb:33:2e:f9:57:b5, 2015-01-01 00:27:52.360,0.267,-0.745,0.452,-309.998,-84.167,48.401, , , , , , ,54.091,19.133,-98.41
 09:39:16.369,eb:33:2e:f9:57:b5, 2015-01-01 00:27:52.360,0.265,-0.701,0.489,-325.378,-88.318,48.401, , , , , , ,52.427,18.677,-98.619
 09:39:16.369,eb:33:2e:f9:57:b5, 2015-01-01 00:27:52.360,0.268,-0.657,0.523,-338.806,-93.811,47.852, , , , , , ,50.685,18.204,-98.839
 09:39:16.390,eb:33:2e:f9:57:b5, 2015-01-01 00:27:52.360,0.272,-0.617,0.582,-349.915,-99.243,47.058, , , , , , ,48.867,17.704,-99.069
 09:39:16.390,eb:33:2e:f9:57:b5, 2015-01-01 00:27:52.360,0.268,-0.568,0.656,-358.521,-104.065,46.143, , , , , , ,47.021,17.188,-99.305
 09:39:16.390,eb:33:2e:f9:57:b5, 2015-01-01 00:27:52.360,0.27,-0.511,0.734,-364.502,-108.887,44.983, , , , , , ,45.137,16.655,-99.542
 09:39:16.390,eb:33:2e:f9:57:b5, 2015-01-01 00:27:52.360,0.26,-0.457,0.839,-367.615,-112.122,43.762, , , , , , ,43.237,16.1,-99.778
 09:39:16.390,eb:33:2e:f9:57:b5, 2015-01-01 00:27:52.360,0.253,-0.413,0.965,-367.615,-113.525,42.908, , , , , , ,41.32,15.535,-100.014
 09:39:16.390,eb:33:2e:f9:57:b5, 2015-01-01 00:27:52.360,0.247,-0.367,1.085,-364.624,-112.854,42.236, , , , , , ,39.43,14.963,-100.228
 09:39:16.390,eb:33:2e:f9:57:b5, 2015-01-01 00:27:52.360,0.24,-0.31,1.169,-359.863,-111.206,41.626, , , , , , ,37.568,14.392,-100.415
 09:39:16.391,eb:33:2e:f9:57:b5, 2015-01-01 00:27:52.360,0.241,-0.236,1.23,-353.088,-109.619,40.527, , , , , , ,35.75,13.832,-100.585
 09:39:16.437,eb:33:2e:f9:57:b5, 2015-01-01 00:27:52.360,0.24,-0.18,1.267,-347.351,-109.07,39.062, , , , , , ,33.942,13.26,-100.739
 09:39:16.437,eb:33:2e:f9:57:b5, 2015-01-01 00:27:52.360,0.236,-0.127,1.279,-342.285,-109.863,37.231, , , , , , ,32.19,12.7,-100.882
 09:39:16.437,eb:33:2e:f9:57:b5, 2015-01-01 00:27:52.360,0.233,-0.075,1.285,-338.928,-111.572,35.034, , , , , , ,30.46,12.129,-101.019
 09:39:16.437,eb:33:2e:f9:57:b5, 2015-01-01 00:27:52.360,0.231,-0.029,1.296,-337.585,-113.525,32.349, , , , , , ,28.74,11.558,-101.157
 09:39:16.437,eb:33:2e:f9:57:b5, 2015-01-01 00:27:52.360,0.229,0.017,1.307,-338.196,-116.15,29.053, , , , , , ,27.004,10.97,-101.299
 09:39:16.437,eb:33:2e:f9:57:b5, 2015-01-01 00:27:52.360,0.22,0.057,1.319,-340.271,-119.568,25.269, , , , , , ,25.28,10.382,-101.442
 09:39:16.437,eb:33:2e:f9:57:b5, 2015-01-01 00:27:52.360,0.198,0.084,1.342,-343.079,-123.413,21.729, , , , , , ,23.538,9.778,-101.585
 09:39:16.437,eb:33:2e:f9:57:b5, 2015-01-01 00:27:52.360,0.193,0.099,1.38,-345.642,-126.709,18.677, , , , , , ,21.791,9.157,-101.739
 09:39:16.549,eb:33:2e:f9:57:b5, 2015-01-01 00:27:52.360,0.191,0.102,1.462,-346.863,-127.991,16.174, , , , , , ,20.017,8.525,-101.893
 09:39:16.549,eb:33:2e:f9:57:b5, 2015-01-01 00:27:52.360,0.189,0.098,1.542,-346.436,-127.686,14.343, , , , , , ,18.259,7.894,-102.03
 09:39:16.549,eb:33:2e:f9:57:b5, 2015-01-01 00:27:52.360,0.199,0.094,1.602,-344.36,-126.892,13, , , , , , ,16.512,7.267,-102.156
 09:39:16.549,eb:33:2e:f9:57:b5, 2015-01-01 00:27:52.360,0.216,0.095,1.64,-341.187,-126.648,11.78, , , , , , ,14.788,6.641,-102.272
 09:39:16.549,eb:33:2e:f9:57:b5, 2015-01-01 00:27:52.360,0.241,0.107,1.648,-337.463,-127.991,10.071, , , , , , ,13.063,5.999,-102.376
 09:39:16.549,eb:33:2e:f9:57:b5, 2015-01-01 00:27:52.360,0.277,0.135,1.64,-333.862,-131.714,7.324, , , , , , ,11.371,5.356,-102.469
 09:39:16.549,eb:33:2e:f9:57:b5, 2015-01-01 00:27:52.360,0.317,0.168,1.65,-330.078,-137.634,3.479, , , , , , ,9.706,4.686,-102.568
 09:39:16.549,eb:33:2e:f9:57:b5, 2015-01-01 00:27:52.360,0.346,0.209,1.695,-325.806,-144.287,-1.465, , , , , , ,8.058,3.983,-102.678
 09:39:16.571,eb:33:2e:f9:57:b5, 2015-01-01 00:27:52.360,0.358,0.25,1.767,-320.984,-149.841,-7.507, , , , , , ,6.416,3.246,-102.799
 09:39:16.571,eb:33:2e:f9:57:b5, 2015-01-01 00:27:52.360,0.347,0.285,1.846,-315.491,-154.114,-14.099, , , , , , ,4.818,2.488,-102.931
 09:39:16.571,eb:33:2e:f9:57:b5, 2015-01-01 00:27:52.360,0.309,0.314,1.92,-309.753,-157.043,-20.569, , , , , , ,3.252,1.719,-103.074
 09:39:16.571,eb:33:2e:f9:57:b5, 2015-01-01 00:27:52.360,0.265,0.335,1.978,-304.016,-159.485,-26.489, , , , , , ,1.714,0.928,-103.228
 09:39:16.571,eb:33:2e:f9:57:b5, 2015-01-01 00:27:52.360,0.209,0.346,2.044,-298.401,-161.255,-31.311, , , , , , ,0.192,0.121,-103.392
 09:39:16.571,eb:33:2e:f9:57:b5, 2015-01-01 00:27:52.360,0.134,0.349,2.107,-292.969,-162.781,-34.546, , , , , , ,-1.28,-0.687,-103.552
 09:39:16.571,eb:33:2e:f9:57:b5, 2015-01-01 00:27:52.360,0.036,0.347,2.167,-288.086,-163.818,-35.706, , , , , , ,-2.73,-1.511,-103.7
 09:39:16.571,eb:33:2e:f9:57:b5, 2015-01-01 00:27:52.360,-0.067,0.34,2.221,-283.936,-165.1,-34.729, , , , , , ,-4.153,-2.346,-103.826
 09:39:16.594,eb:33:2e:f9:57:b5, 2015-01-01 00:27:52.360,-0.183,0.349,2.261,-281.494,-166.87,-31.494, , , , , , ,-5.581,-3.197,-103.92
 09:39:16.594,eb:33:2e:f9:57:b5, 2015-01-01 00:27:52.360,-0.275,0.377,2.27,-281.494,-169.128,-26.489, , , , , , ,-6.987,-4.048,-103.969
 09:39:16.594,eb:33:2e:f9:57:b5, 2015-01-01 00:27:52.360,-0.363,0.402,2.309,-282.776,-170.654,-20.02, , , , , , ,-8.399,-4.911,-103.969
 09:39:16.594,eb:33:2e:f9:57:b5, 2015-01-01 00:27:52.360,-0.424,0.48,2.349,-284.729,-172.119,-12.39, , , , , , ,-9.822,-5.768,-103.909
 09:39:16.594,eb:33:2e:f9:57:b5, 2015-01-01 00:27:52.360,-0.479,0.621,2.401,-287.842,-173.523,-3.906, , , , , , ,-11.288,-6.636,-103.788
 09:39:16.594,eb:33:2e:f9:57:b5, 2015-01-01 00:27:52.360,-0.526,0.768,2.481,-291.748,-173.035,4.272, , , , , , ,-12.761,-7.482,-103.601
 09:39:16.594,eb:33:2e:f9:57:b5, 2015-01-01 00:27:52.360,-0.553,0.897,2.566,-295.654,-168.823,12.634, , , , , , ,-14.271,-8.3,-103.354
 09:39:16.594,eb:33:2e:f9:57:b5, 2015-01-01 00:27:52.360,-0.573,1.028,2.644,-298.462,-159.851,20.996, , , , , , ,-15.804,-9.069,-103.052
 09:39:16.617,eb:33:2e:f9:57:b5, 2015-01-01 00:27:52.360,-0.589,1.166,2.71,-298.279,-147.095,29.419, , , , , , ,-17.369,-9.772,-102.7
 09:39:16.617,eb:33:2e:f9:57:b5, 2015-01-01 00:27:52.360,-0.569,1.372,2.772,-291.809,-129.395,38.635, , , , , , ,-18.913,-10.371,-102.316
 09:39:16.617,eb:33:2e:f9:57:b5, 2015-01-01 00:27:52.360,-0.521,1.613,2.783,-281.006,-114.563,44.495, , , , , , ,-20.418,-10.865,-101.909
 09:39:16.617,eb:33:2e:f9:57:b5, 2015-01-01 00:27:52.360,-0.474,1.923,2.721,-265.808,-100.525,47.363, , , , , , ,-21.863,-11.277,-101.497
 09:39:16.617,eb:33:2e:f9:57:b5, 2015-01-01 00:27:52.360,-0.436,2.278,2.565,-245.972,-89.661,46.57, , , , , , ,-23.225,-11.624,-101.085
 09:39:16.617,eb:33:2e:f9:57:b5, 2015-01-01 00:27:52.360,-0.484,2.637,2.365,-220.642,-83.801,41.565, , , , , , ,-24.461,-11.926,-100.706
 09:39:16.617,eb:33:2e:f9:57:b5, 2015-01-01 00:27:52.360,-0.664,3.007,2.074,-189.514,-87.341,32.349, , , , , , ,-25.543,-12.233,-100.355
 09:39:16.617,eb:33:2e:f9:57:b5, 2015-01-01 00:27:52.360,-0.884,3.35,1.724,-154.175,-103.76,20.203, , , , , , ,-26.461,-12.612,-100.025
 09:39:16.639,eb:33:2e:f9:57:b5, 2015-01-01 00:27:52.360,-1.159,3.593,1.527,-117.371,-123.291,7.507, , , , , , ,-27.197,-13.107,-99.695
 09:39:16.639,eb:33:2e:f9:57:b5, 2015-01-01 00:27:52.360,-1.445,3.732,1.505,-81.97,-136.108,-3.418, , , , , , ,-27.751,-13.689,-99.382
 09:39:16.639,eb:33:2e:f9:57:b5, 2015-01-01 00:27:52.360,-1.647,3.801,1.632,-48.95,-136.047,-11.23, , , , , , ,-28.136,-14.315,-99.091
 09:39:16.639,eb:33:2e:f9:57:b5, 2015-01-01 00:27:52.360,-1.72,3.789,1.893,-18.127,-119.019,-15.442, , , , , , ,-28.35,-14.908,-98.844
 09:39:16.639,eb:33:2e:f9:57:b5, 2015-01-01 00:27:52.360,-0.753,3.685,2.192,10.498,-84.412,-17.639, , , , , , ,-28.394,-15.392,-98.674
 09:39:16.639,eb:33:2e:f9:57:b5, 2015-01-01 00:27:52.360,-1.551,2.515,5.907,129.456,-9.338,-46.326, , , , , , ,-28.054,-15.82,-98.63
 09:39:16.639,eb:33:2e:f9:57:b5, 2015-01-01 00:27:52.360,-1.665,3.318,5.318,212.097,207.703,-22.278, , , , , , ,-27.004,-15.112,-99.163
 09:39:16.639,eb:33:2e:f9:57:b5, 2015-01-01 00:27:52.360,-0.099,3.717,3.725,277.405,224.731,-63.171, , , , , , ,-25.565,-14.271,-99.86
 09:39:16.684,eb:33:2e:f9:57:b5, 2015-01-01 00:27:52.360,0.151,3.244,2.667,294.678,259.277,-104.797, , , , , , ,-23.857,-13.299,-100.838
 09:39:16.684,eb:33:2e:f9:57:b5, 2015-01-01 00:27:52.360,-0.449,0.395,0.734,289.795,221.558,-119.934, , , , , , ,-22.181,-12.448,-101.86
 09:39:16.684,eb:33:2e:f9:57:b5, 2015-01-01 00:27:52.360,-0.322,-0.646,1.103,306.58,174.316,-82.092, , , , , , ,-20.506,-11.744,-102.7
 09:39:16.684,eb:33:2e:f9:57:b5, 2015-01-01 00:27:52.360,-0.138,-1.013,1.117,317.871,134.521,-43.274, , , , , , ,-18.842,-11.157,-103.228
 09:39:16.684,eb:33:2e:f9:57:b5, 2015-01-01 00:27:52.360,-0.229,-1.089,1.073,332.825,146.729,-26.123, , , , , , ,-17.128,-10.547,-103.601
 09:39:16.684,eb:33:2e:f9:57:b5, 2015-01-01 00:27:52.360,-0.395,-1.03,1.485,347.534,174.683,-9.705, , , , , , ,-15.364,-9.789,-103.914
 09:39:16.684,eb:33:2e:f9:57:b5, 2015-01-01 00:27:52.360,-0.767,-0.514,1.575,351.257,198.547,5.188, , , , , , ,-13.568,-8.877,-104.156
 09:39:16.684,eb:33:2e:f9:57:b5, 2015-01-01 00:27:52.360,-0.9,0.273,1.372,329.407,196.106,10.498, , , , , , ,-11.843,-7.888,-104.337
 09:39:16.729,eb:33:2e:f9:57:b5, 2015-01-01 00:27:52.715,-0.895,0.567,1.075,296.143,165.1,11.597, , , , , , ,-10.261,-6.993,-104.453
 09:39:16.729,eb:33:2e:f9:57:b5, 2015-01-01 00:27:52.715,-0.577,0.954,0.95,250.977,130.371,4.333, , , , , , ,-8.904,-6.262,-104.535
 09:39:16.729,eb:33:2e:f9:57:b5, 2015-01-01 00:27:52.715,-0.376,0.824,0.914,207.642,90.088,-3.601, , , , , , ,-7.773,-5.746,-104.617
 09:39:16.729,eb:33:2e:f9:57:b5, 2015-01-01 00:27:52.715,-0.196,0.617,1.048,176.208,60.608,-14.343, , , , , , ,-6.828,-5.394,-104.711
 09:39:16.729,eb:33:2e:f9:57:b5, 2015-01-01 00:27:52.715,0.025,0.501,1.323,151.428,43.274,-28.259, , , , , , ,-5.993,-5.158,-104.848
 09:39:16.729,eb:33:2e:f9:57:b5, 2015-01-01 00:27:52.715,0.132,0.312,1.246,132.263,38.513,-36.804, , , , , , ,-5.279,-4.977,-105.04
 09:39:16.729,eb:33:2e:f9:57:b5, 2015-01-01 00:27:52.715,0.242,0.002,1.109,125.244,41.321,-37.292, , , , , , ,-4.631,-4.796,-105.244
 09:39:16.729,eb:33:2e:f9:57:b5, 2015-01-01 00:27:52.715,0.205,-0.212,1.05,126.404,51.392,-29.907, , , , , , ,-3.988,-4.576,-105.43
 09:39:16.774,eb:33:2e:f9:57:b5, 2015-01-01 00:27:52.715,0.276,-0.024,1.092,119.629,66.223,-16.602, , , , , , ,-3.34,-4.274,-105.562
 09:39:16.774,eb:33:2e:f9:57:b5, 2015-01-01 00:27:52.715,0.293,0.146,1.035,107.422,80.078,-2.991, , , , , , ,-2.78,-3.906,-105.623
 09:39:16.774,eb:33:2e:f9:57:b5, 2015-01-01 00:27:52.715,0.157,0.372,1.037,90.515,98.572,3.906, , , , , , ,-2.291,-3.45,-105.639
 09:39:16.774,eb:33:2e:f9:57:b5, 2015-01-01 00:27:52.715,0.115,0.493,0.922,63.416,98.022,9.46, , , , , , ,-1.917,-2.95,-105.617
 09:39:16.774,eb:33:2e:f9:57:b5, 2015-01-01 00:27:52.715,0.016,0.459,0.948,44.434,95.642,8.728, , , , , , ,-1.642,-2.455,-105.584
 09:39:16.774,eb:33:2e:f9:57:b5, 2015-01-01 00:27:52.715,-0.114,0.317,0.919,30.212,81.421,6.348, , , , , , ,-1.472,-2.027,-105.557
 09:39:16.774,eb:33:2e:f9:57:b5, 2015-01-01 00:27:52.715,-0.229,0.139,0.919,22.827,69.397,3.845, , , , , , ,-1.346,-1.653,-105.546
 09:39:16.774,eb:33:2e:f9:57:b5, 2015-01-01 00:27:52.715,-0.29,0.048,0.937,19.104,55.603,3.113, , , , , , ,-1.247,-1.346,-105.535
 09:39:16.841,eb:33:2e:f9:57:b5, 2015-01-01 00:27:52.715,-0.29,0.032,0.908,16.602,39.734,2.991, , , , , , ,-1.143,-1.11,-105.524
 09:39:16.841,eb:33:2e:f9:57:b5, 2015-01-01 00:27:52.715,-0.204,0.039,0.869,13.611,22.522,3.601, , , , , , ,-1.071,-0.961,-105.513
 09:39:16.841,eb:33:2e:f9:57:b5, 2015-01-01 00:27:52.715,-0.108,0.039,0.904,11.597,9.46,3.052, , , , , , ,-1.011,-0.89,-105.496
 09:39:16.841,eb:33:2e:f9:57:b5, 2015-01-01 00:27:52.715,-0.033,0.046,0.949,10.315,1.404,1.404, , , , , , ,-0.956,-0.873,-105.485
 09:39:16.841,eb:33:2e:f9:57:b5, 2015-01-01 00:27:52.715,0.008,0.042,0.993,9.521,-1.709,0.061, , , , , , ,-0.89,-0.868,-105.48
 09:39:16.841,eb:33:2e:f9:57:b5, 2015-01-01 00:27:52.715,0.005,0.034,1.033,8.972,-1.953,-0.183, , , , , , ,-0.846,-0.879,-105.48
 09:39:16.841,eb:33:2e:f9:57:b5, 2015-01-01 00:27:52.715,-0.003,0.008,1.049,9.277,-1.221,-0.061, , , , , , ,-0.802,-0.884,-105.48
 09:39:16.842,eb:33:2e:f9:57:b5, 2015-01-01 00:27:52.715,-0.045,0.006,1.034,9.949,-1.16,-0.916, , , , , , ,-0.753,-0.895,-105.485
 09:39:16.844,eb:33:2e:f9:57:b5, 2015-01-01 00:27:52.715,-0.084,0.017,0.989,10.193,-4.028,-2.075, , , , , , ,-0.687,-0.901,-105.491
 09:39:16.844,eb:33:2e:f9:57:b5, 2015-01-01 00:27:52.715,-0.077,0.02,0.958,10.193,-9.277,-2.991, , , , , , ,-0.637,-0.934,-105.507
 09:39:16.844,eb:33:2e:f9:57:b5, 2015-01-01 00:27:52.715,-0.042,0.006,0.975,10.559,-13.977,-3.54, , , , , , ,-0.588,-1,-105.518
 09:39:16.845,eb:33:2e:f9:57:b5, 2015-01-01 00:27:52.715,-0.017,-0.007,1.01,11.597,-16.479,-4.15, , , , , , ,-0.533,-1.077,-105.54
 09:39:16.845,eb:33:2e:f9:57:b5, 2015-01-01 00:27:52.715,-0.009,-0.02,1.029,13.123,-17.029,-4.639, , , , , , ,-0.45,-1.154,-105.562
 09:39:16.845,eb:33:2e:f9:57:b5, 2015-01-01 00:27:52.715,-0.029,-0.014,1.029,14.404,-17.212,-4.944, , , , , , ,-0.385,-1.241,-105.584
 09:39:16.845,eb:33:2e:f9:57:b5, 2015-01-01 00:27:52.715,-0.03,-0.006,1.011,15.076,-18.188,-4.761, , , , , , ,-0.308,-1.329,-105.606
 09:39:16.845,eb:33:2e:f9:57:b5, 2015-01-01 00:27:52.715,-0.011,0.004,0.996,15.442,-19.836,-5.066, , , , , , ,-0.231,-1.428,-105.634
 09:39:16.886,eb:33:2e:f9:57:b5, 2015-01-01 00:27:52.715,0.007,0.009,0.999,15.991,-20.996,-6.042, , , , , , ,-0.137,-1.522,-105.661
 09:39:16.886,eb:33:2e:f9:57:b5, 2015-01-01 00:27:52.715,0.036,0.007,1.008,17.151,-21.912,-7.324, , , , , , ,-0.055,-1.631,-105.694
 09:39:16.886,eb:33:2e:f9:57:b5, 2015-01-01 00:27:52.715,0.07,-0.005,1.046,18.188,-20.325,-7.69, , , , , , ,0.027,-1.741,-105.732
 09:39:16.886,eb:33:2e:f9:57:b5, 2015-01-01 00:27:52.715,0.055,-0.008,1.06,19.592,-16.479,-7.874, , , , , , ,0.126,-1.829,-105.771
 09:39:16.886,eb:33:2e:f9:57:b5, 2015-01-01 00:27:52.715,0.049,0.002,1.04,20.63,-12.878,-7.874, , , , , , ,0.242,-1.895,-105.809
 09:39:16.887,eb:33:2e:f9:57:b5, 2015-01-01 00:27:52.715,0.061,0.016,1.027,20.996,-9.949,-7.996, , , , , , ,0.346,-1.95,-105.848
 09:39:16.887,eb:33:2e:f9:57:b5, 2015-01-01 00:27:52.715,0.059,0.011,1.028,21.362,-6.348,-7.385, , , , , , ,0.456,-1.989,-105.886
 09:39:16.887,eb:33:2e:f9:57:b5, 2015-01-01 00:27:52.715,0.081,0.021,1.021,21.301,-2.686,-6.531, , , , , , ,0.56,-2.01,-105.925
 09:39:16.953,eb:33:2e:f9:57:b5, 2015-01-01 00:27:52.715,0.084,0.04,1.024,20.752,0.977,-6.409, , , , , , ,0.681,-2.005,-105.958
 09:39:16.953,eb:33:2e:f9:57:b5, 2015-01-01 00:27:52.715,0.075,0.042,1.025,20.386,4.517,-6.653, , , , , , ,0.786,-1.989,-105.991
 09:39:16.953,eb:33:2e:f9:57:b5, 2015-01-01 00:27:52.715,0.065,0.039,1.016,20.325,7.507,-6.897, , , , , , ,0.884,-1.961,-106.024
 09:39:16.953,eb:33:2e:f9:57:b5, 2015-01-01 00:27:52.715,0.066,0.031,1.025,20.752,9.155,-7.385, , , , , , ,0.989,-1.917,-106.057
 09:39:16.953,eb:33:2e:f9:57:b5, 2015-01-01 00:27:52.715,0.048,0.044,1.017,21.423,10.071,-8.545, , , , , , ,1.11,-1.857,-106.095
 09:39:16.954,eb:33:2e:f9:57:b5, 2015-01-01 00:27:52.715,0.01,0.026,1.025,22.095,10.742,-8.911, , , , , , ,1.219,-1.807,-106.139
 09:39:16.954,eb:33:2e:f9:57:b5, 2015-01-01 00:27:52.715,0.008,0.03,0.992,22.217,10.864,-8.118, , , , , , ,1.329,-1.752,-106.177
 09:39:16.954,eb:33:2e:f9:57:b5, 2015-01-01 00:27:52.715,0.034,0.033,0.997,22.339,11.292,-7.385, , , , , , ,1.445,-1.697,-106.216
 09:39:16.999,eb:33:2e:f9:57:b5, 2015-01-01 00:27:52.715,0.068,0.06,0.979,21.912,11.902,-7.69, , , , , , ,1.571,-1.631,-106.254
 09:39:16.999,eb:33:2e:f9:57:b5, 2015-01-01 00:27:52.715,0.065,0.06,1.014,21.729,12.817,-8.362, , , , , , ,1.681,-1.566,-106.293
 09:39:16.999,eb:33:2e:f9:57:b5, 2015-01-01 00:27:52.715,0.062,0.062,1.005,21.606,14.282,-8.606, , , , , , ,1.785,-1.5,-106.331
 09:39:16.999,eb:33:2e:f9:57:b5, 2015-01-01 00:27:52.715,0.052,0.073,0.991,20.996,15.137,-9.399, , , , , , ,1.895,-1.423,-106.375
 09:39:16.999,eb:33:2e:f9:57:b5, 2015-01-01 00:27:52.715,-0.009,0.073,0.994,20.691,15.503,-9.888, , , , , , ,2.016,-1.335,-106.419
 09:39:16.999,eb:33:2e:f9:57:b5, 2015-01-01 00:27:52.715,-0.004,0.061,0.962,20.142,14.832,-8.85, , , , , , ,2.115,-1.258,-106.463
 09:39:16.999,eb:33:2e:f9:57:b5, 2015-01-01 00:27:52.715,0.001,0.069,0.961,19.592,14.343,-8.24, , , , , , ,2.214,-1.187,-106.507
 09:39:16.999,eb:33:2e:f9:57:b5, 2015-01-01 00:27:52.715,-0.001,0.064,0.981,19.653,13.55,-7.568, , , , , , ,2.313,-1.115,-106.54
 09:39:17.022,eb:33:2e:f9:57:b5, 2015-01-01 00:27:52.715,-0.006,0.044,1.008,20.691,13.184,-6.348, , , , , , ,2.428,-1.038,-106.573
 09:39:17.022,eb:33:2e:f9:57:b5, 2015-01-01 00:27:52.715,0.008,0.033,1.015,21.912,13.733,-5.005, , , , , , ,2.532,-0.972,-106.595
 09:39:17.022,eb:33:2e:f9:57:b5, 2015-01-01 00:27:52.715,-0.008,0.065,0.987,22.034,13.855,-4.7, , , , , , ,2.642,-0.901,-106.617
 09:39:17.022,eb:33:2e:f9:57:b5, 2015-01-01 00:27:52.715,-0.003,0.071,0.974,21.851,13.184,-4.028, , , , , , ,2.752,-0.835,-106.633
 09:39:17.022,eb:33:2e:f9:57:b5, 2015-01-01 00:27:52.715,0.016,0.075,0.981,21.667,12.695,-3.357, , , , , , ,2.878,-0.764,-106.65
 09:39:17.022,eb:33:2e:f9:57:b5, 2015-01-01 00:27:52.715,0.024,0.08,0.995,21.667,12.39,-3.052, , , , , , ,2.983,-0.703,-106.661
 09:39:17.022,eb:33:2e:f9:57:b5, 2015-01-01 00:27:52.715,0.026,0.062,1.015,22.461,12.024,-1.953, , , , , , ,3.093,-0.643,-106.672
 09:39:17.022,eb:33:2e:f9:57:b5, 2015-01-01 00:27:52.715,0.036,0.073,1.025,23.621,13,-3.113, , , , , , ,3.208,-0.577,-106.677
 09:39:17.044,eb:33:2e:f9:57:b5, 2015-01-01 00:27:53.030,0.021,0.082,1.017,24.841,13.428,-3.906, , , , , , ,3.345,-0.505,-106.694
 09:39:17.044,eb:33:2e:f9:57:b5, 2015-01-01 00:27:53.030,0.001,0.077,1.023,26.123,13.672,-3.784, , , , , , ,3.472,-0.434,-106.71
 09:39:17.044,eb:33:2e:f9:57:b5, 2015-01-01 00:27:53.030,-0.035,0.058,1.049,28.259,13.428,-2.686, , , , , , ,3.609,-0.368,-106.721
 09:39:17.044,eb:33:2e:f9:57:b5, 2015-01-01 00:27:53.030,-0.072,0.037,1.076,31.189,12.695,-0.977, , , , , , ,3.757,-0.302,-106.727
 09:39:17.044,eb:33:2e:f9:57:b5, 2015-01-01 00:27:53.030,-0.078,0.026,1.073,34.18,10.681,1.282, , , , , , ,3.933,-0.236,-106.716
 09:39:17.044,eb:33:2e:f9:57:b5, 2015-01-01 00:27:53.030,-0.082,0.007,1.146,37.476,9.399,2.869, , , , , , ,4.114,-0.192,-106.705
 09:39:17.044,eb:33:2e:f9:57:b5, 2015-01-01 00:27:53.030,-0.067,0.027,1.078,40.71,6.775,4.7, , , , , , ,4.312,-0.154,-106.677
 09:39:17.044,eb:33:2e:f9:57:b5, 2015-01-01 00:27:53.030,-0.077,0.052,1.055,43.152,4.028,5.798, , , , , , ,4.521,-0.132,-106.65
 09:39:17.088,eb:33:2e:f9:57:b5, 2015-01-01 00:27:53.030,-0.083,0.048,1.065,45.959,1.221,7.202, , , , , , ,4.757,-0.115,-106.617
 09:39:17.088,eb:33:2e:f9:57:b5, 2015-01-01 00:27:53.030,-0.076,0.047,1.089,49.255,-1.77,8.301, , , , , , ,4.999,-0.121,-106.573
 09:39:17.088,eb:33:2e:f9:57:b5, 2015-01-01 00:27:53.030,-0.045,0.06,1.069,52.673,-6.592,8.911, , , , , , ,5.251,-0.148,-106.534
 09:39:17.089,eb:33:2e:f9:57:b5, 2015-01-01 00:27:53.030,-0.058,0.092,1.043,56.091,-12.878,7.751, , , , , , ,5.526,-0.203,-106.496
 09:39:17.089,eb:33:2e:f9:57:b5, 2015-01-01 00:27:53.030,-0.083,0.085,1.066,59.326,-18.982,6.775, , , , , , ,5.828,-0.286,-106.469
 09:39:17.089,eb:33:2e:f9:57:b5, 2015-01-01 00:27:53.030,-0.095,0.062,1.148,62.744,-22.949,6.226, , , , , , ,6.136,-0.396,-106.447
 09:39:17.089,eb:33:2e:f9:57:b5, 2015-01-01 00:27:53.030,-0.075,0.039,1.278,67.017,-23.987,5.859, , , , , , ,6.46,-0.522,-106.43
 09:39:17.089,eb:33:2e:f9:57:b5, 2015-01-01 00:27:53.030,-0.056,-0.022,1.384,73.425,-20.996,6.287, , , , , , ,6.812,-0.632,-106.414
 09:39:17.134,eb:33:2e:f9:57:b5, 2015-01-01 00:27:53.030,0.003,0.032,1.24,79.834,-23.499,5.981, , , , , , ,7.213,-0.742,-106.392
 09:39:17.134,eb:33:2e:f9:57:b5, 2015-01-01 00:27:53.030,0.008,0.101,1.16,84.9,-28.992,3.235, , , , , , ,7.625,-0.879,-106.386
 09:39:17.134,eb:33:2e:f9:57:b5, 2015-01-01 00:27:53.030,-0.009,0.095,1.236,89.417,-30.884,0.732, , , , , , ,8.064,-1.033,-106.397
 09:39:17.135,eb:33:2e:f9:57:b5, 2015-01-01 00:27:53.030,-0.02,0.052,1.392,93.994,-26.794,-0.061, , , , , , ,8.52,-1.176,-106.419
 09:39:17.135,eb:33:2e:f9:57:b5, 2015-01-01 00:27:53.030,0.03,0.023,1.367,101.44,-25.024,0.305, , , , , , ,9.031,-1.291,-106.436
 09:39:17.135,eb:33:2e:f9:57:b5, 2015-01-01 00:27:53.030,0.039,0.08,1.268,108.398,-27.039,-1.221, , , , , , ,9.558,-1.423,-106.463
 09:39:17.135,eb:33:2e:f9:57:b5, 2015-01-01 00:27:53.030,0.024,0.088,1.254,115.295,-29.785,-3.235, , , , , , ,10.118,-1.56,-106.496
 09:39:17.135,eb:33:2e:f9:57:b5, 2015-01-01 00:27:53.030,0.041,0.066,1.335,122.437,-29.541,-4.028, , , , , , ,10.717,-1.703,-106.545
 09:39:17.157,eb:33:2e:f9:57:b5, 2015-01-01 00:27:53.030,0.137,0.084,1.355,130.554,-30.579,-5.066, , , , , , ,11.365,-1.84,-106.595
 09:39:17.157,eb:33:2e:f9:57:b5, 2015-01-01 00:27:53.030,0.153,0.114,1.336,139.221,-31.799,-7.996, , , , , , ,12.047,-1.989,-106.661
 09:39:17.157,eb:33:2e:f9:57:b5, 2015-01-01 00:27:53.030,0.113,0.112,1.309,146.362,-31.86,-11.108, , , , , , ,12.766,-2.137,-106.743
 09:39:17.157,eb:33:2e:f9:57:b5, 2015-01-01 00:27:53.030,0.136,0.086,1.392,152.466,-27.71,-12.451, , , , , , ,13.519,-2.269,-106.831
 09:39:17.157,eb:33:2e:f9:57:b5, 2015-01-01 00:27:53.030,0.224,0.067,1.502,159.668,-20.569,-13.306, , , , , , ,14.321,-2.357,-106.924
 09:39:17.157,eb:33:2e:f9:57:b5, 2015-01-01 00:27:53.030,0.245,0.098,1.495,168.884,-13.794,-15.137, , , , , , ,15.15,-2.417,-107.012
 09:39:17.157,eb:33:2e:f9:57:b5, 2015-01-01 00:27:53.030,0.225,0.138,1.409,178.223,-11.414,-18.127, , , , , , ,16.024,-2.455,-107.106
 09:39:17.157,eb:33:2e:f9:57:b5, 2015-01-01 00:27:53.030,0.178,0.143,1.361,186.89,-10.437,-21.362, , , , , , ,16.946,-2.483,-107.221
 09:39:17.202,eb:33:2e:f9:57:b5, 2015-01-01 00:27:53.030,0.126,0.123,1.383,194.763,-7.263,-23.254, , , , , , ,17.919,-2.483,-107.342
 09:39:17.202,eb:33:2e:f9:57:b5, 2015-01-01 00:27:53.030,0.136,0.135,1.507,200.623,-3.357,-24.048, , , , , , ,18.913,-2.466,-107.463
 09:39:17.202,eb:33:2e:f9:57:b5, 2015-01-01 00:27:53.030,0.16,0.108,1.622,209.229,3.113,-23.682, , , , , , ,19.946,-2.428,-107.573
 09:39:17.202,eb:33:2e:f9:57:b5, 2015-01-01 00:27:53.030,0.154,0.104,1.646,219.543,4.944,-25.146, , , , , , ,21.028,-2.368,-107.682
 09:39:17.202,eb:33:2e:f9:57:b5, 2015-01-01 00:27:53.030,0.129,0.054,1.578,230.774,7.996,-25.391, , , , , , ,22.17,-2.28,-107.787
 09:39:17.202,eb:33:2e:f9:57:b5, 2015-01-01 00:27:53.030,0.141,0.049,1.65,241.272,8.362,-25.757, , , , , , ,23.357,-2.197,-107.891
 09:39:17.202,eb:33:2e:f9:57:b5, 2015-01-01 00:27:53.030,0.149,0.074,1.744,254.089,8.362,-26.428, , , , , , ,24.604,-2.104,-107.99
 09:39:17.202,eb:33:2e:f9:57:b5, 2015-01-01 00:27:53.030,0.198,0.052,1.819,268.921,5.92,-27.649, , , , , , ,25.922,-2.01,-108.094
 09:39:17.270,eb:33:2e:f9:57:b5, 2015-01-01 00:27:53.030,0.207,0.145,2.057,281.616,2.563,-30.762, , , , , , ,27.318,-1.928,-108.221
 09:39:17.270,eb:33:2e:f9:57:b5, 2015-01-01 00:27:53.030,0.277,-0.01,2.17,300.232,3.479,-33.325, , , , , , ,28.784,-1.84,-108.358
 09:39:17.270,eb:33:2e:f9:57:b5, 2015-01-01 00:27:53.030,0.42,-0.003,2.401,318.359,10.925,-35.4, , , , , , ,30.344,-1.719,-108.484
 09:39:17.270,eb:33:2e:f9:57:b5, 2015-01-01 00:27:53.030,0.607,0.025,2.527,340.82,16.602,-39.368, , , , , , ,32.003,-1.56,-108.605
 09:39:17.270,eb:33:2e:f9:57:b5, 2015-01-01 00:27:53.030,0.716,0.06,2.48,362.183,18.616,-47.058, , , , , , ,33.783,-1.362,-108.743
 09:39:17.270,eb:33:2e:f9:57:b5, 2015-01-01 00:27:53.030,0.717,0.099,2.586,380.737,22.4,-55.481, , , , , , ,35.656,-1.126,-108.896
 09:39:17.270,eb:33:2e:f9:57:b5, 2015-01-01 00:27:53.030,0.731,0.17,2.889,398.193,33.264,-63.965, , , , , , ,37.612,-0.835,-109.05
 09:39:17.270,eb:33:2e:f9:57:b5, 2015-01-01 00:27:53.030,0.793,0,3.283,418.823,58.838,-68.665, , , , , , ,39.661,-0.439,-109.166
 09:39:17.312,eb:33:2e:f9:57:b5, 2015-01-01 00:27:53.030,0.793,-0.088,3.064,437.256,69.58,-72.266, , , , , , ,41.814,0.044,-109.215
 09:39:17.312,eb:33:2e:f9:57:b5, 2015-01-01 00:27:53.030,0.845,0.069,2.894,451.233,64.819,-82.275, , , , , , ,44.044,0.555,-109.27
 09:39:17.312,eb:33:2e:f9:57:b5, 2015-01-01 00:27:53.030,0.638,0.135,3.181,456.97,76.721,-92.773, , , , , , ,46.318,1.121,-109.33
 09:39:17.312,eb:33:2e:f9:57:b5, 2015-01-01 00:27:53.030,0.622,-0.278,3.539,467.041,102.722,-94.971, , , , , , ,48.631,1.78,-109.308
 09:39:17.312,eb:33:2e:f9:57:b5, 2015-01-01 00:27:53.030,0.744,-0.321,3.281,489.685,112.854,-97.412, , , , , , ,51.031,2.505,-109.193
 09:39:17.312,eb:33:2e:f9:57:b5, 2015-01-01 00:27:53.030,0.44,-0.11,3.237,506.165,120.85,-113.037, , , , , , ,53.547,3.279,-109.061
 09:39:17.312,eb:33:2e:f9:57:b5, 2015-01-01 00:27:53.030,-0.069,-0.604,3.47,514.404,148.987,-112.732, , , , , , ,56.113,4.142,-108.82
 09:39:17.312,eb:33:2e:f9:57:b5, 2015-01-01 00:27:53.030,0.277,-0.4,3.292,530.518,150.33,-104.858, , , , , , ,58.755,5.004,-108.474
 09:39:17.358,eb:33:2e:f9:57:b5, 2015-01-01 00:27:53.030,0.791,0.009,3.265,549.133,141.785,-96.68, , , , , , ,61.501,5.795,-108.089
 09:39:17.358,eb:33:2e:f9:57:b5, 2015-01-01 00:27:53.030,0.735,-0.212,3.123,532.776,161.743,-89.111, , , , , , ,64.259,6.553,-107.633
 09:39:17.358,eb:33:2e:f9:57:b5, 2015-01-01 00:27:53.030,0.266,-0.37,2.627,515.137,197.205,-76.111, , , , , , ,66.945,7.3,-106.946
 09:39:17.358,eb:33:2e:f9:57:b5, 2015-01-01 00:27:53.030,0.255,-0.156,1.263,472.412,212.524,-57.434, , , , , , ,69.532,7.993,-106.095
 09:39:17.358,eb:33:2e:f9:57:b5, 2015-01-01 00:27:53.030,0.28,-0.228,0.034,381.958,223.633,-36.682, , , , , , ,71.757,8.564,-105.134
 09:39:17.358,eb:33:2e:f9:57:b5, 2015-01-01 00:27:53.030,0.267,-0.981,0.053,290.405,246.826,-15.93, , , , , , ,73.553,9.042,-104.019
 09:39:17.358,eb:33:2e:f9:57:b5, 2015-01-01 00:27:53.030,0.424,-1.715,0.078,225.952,248.474,12.146, , , , , , ,75.004,9.377,-102.783
 09:39:17.358,eb:33:2e:f9:57:b5, 2015-01-01 00:27:53.030,0.3,-3.005,-0.87,144.287,215.637,41.26, , , , , , ,76.097,9.514,-101.607
 09:39:17.382,eb:33:2e:f9:57:b5, 2015-01-01 00:27:53.030,0.533,-0.753,-1.374,31.067,142.334,59.021, , , , , , ,76.641,9.47,-100.695
 09:39:17.382,eb:33:2e:f9:57:b5, 2015-01-01 00:27:53.030,0.532,0.694,-0.411,-99.609,99.487,63.171, , , , , , ,76.487,9.3,-100.058
 09:39:17.382,eb:33:2e:f9:57:b5, 2015-01-01 00:27:53.030,0.751,0.295,0.281,-170.227,55.603,61.462, , , , , , ,75.822,9.086,-99.613
 09:39:17.382,eb:33:2e:f9:57:b5, 2015-01-01 00:27:53.030,0.957,-0.654,0.843,-186.462,28.137,58.35, , , , , , ,74.943,8.839,-99.36
 09:39:17.382,eb:33:2e:f9:57:b5, 2015-01-01 00:27:53.030,0.892,-1.261,1.094,-179.565,29.053,45.105, , , , , , ,74.048,8.635,-99.152
 09:39:17.382,eb:33:2e:f9:57:b5, 2015-01-01 00:27:53.030,0.963,-1.291,1.002,-164.001,18.066,27.893, , , , , , ,73.213,8.498,-98.992
 09:39:17.382,eb:33:2e:f9:57:b5, 2015-01-01 00:27:53.030,0.892,-0.98,1.088,-141.235,8.545,9.033, , , , , , ,72.471,8.432,-98.899
 09:39:17.382,eb:33:2e:f9:57:b5, 2015-01-01 00:27:53.030,0.725,-0.673,1.124,-120.056,7.446,-8.301, , , , , , ,71.834,8.454,-98.866
 09:39:17.404,eb:33:2e:f9:57:b5, 2015-01-01 00:27:53.030,0.597,-0.58,1.012,-107.727,13.245,-22.278, , , , , , ,71.268,8.553,-98.849
 09:39:17.404,eb:33:2e:f9:57:b5, 2015-01-01 00:27:53.030,0.544,-0.646,0.788,-104.675,19.531,-32.715, , , , , , ,70.746,8.712,-98.811
 09:39:17.404,eb:33:2e:f9:57:b5, 2015-01-01 00:27:53.030,0.498,-0.725,0.552,-113.22,27.222,-39.978, , , , , , ,70.208,8.932,-98.756
 09:39:17.404,eb:33:2e:f9:57:b5, 2015-01-01 00:27:53.030,0.418,-0.764,0.352,-133.118,36.377,-44.861, , , , , , ,69.593,9.19,-98.674
 09:39:17.404,eb:33:2e:f9:57:b5, 2015-01-01 00:27:53.030,0.351,-0.765,0.206,-160.645,42.419,-47.974, , , , , , ,68.851,9.481,-98.569
 09:39:17.404,eb:33:2e:f9:57:b5, 2015-01-01 00:27:53.030,0.324,-0.743,0.121,-191.284,43.884,-50.049, , , , , , ,67.972,9.789,-98.454
 09:39:17.404,eb:33:2e:f9:57:b5, 2015-01-01 00:27:53.030,0.321,-0.728,0.091,-221.802,41.931,-51.331, , , , , , ,66.94,10.107,-98.344
 09:39:17.404,eb:33:2e:f9:57:b5, 2015-01-01 00:27:53.030,0.317,-0.743,0.095,-249.817,38.208,-52.246, , , , , , ,65.759,10.421,-98.267
 09:39:17.448,eb:33:2e:f9:57:b5, 2015-01-01 00:27:53.435,0.311,-0.762,0.099,-274.17,32.104,-52.917, , , , , , ,64.429,10.734,-98.223
 09:39:17.448,eb:33:2e:f9:57:b5, 2015-01-01 00:27:53.435,0.311,-0.76,0.104,-298.645,21.729,-53.223, , , , , , ,62.985,11.03,-98.223
 09:39:17.448,eb:33:2e:f9:57:b5, 2015-01-01 00:27:53.435,0.306,-0.731,0.135,-315.674,11.658,-53.345, , , , , , ,61.425,11.305,-98.273
 09:39:17.448,eb:33:2e:f9:57:b5, 2015-01-01 00:27:53.435,0.283,-0.698,0.19,-330.139,2.014,-52.734, , , , , , ,59.782,11.547,-98.377
 09:39:17.448,eb:33:2e:f9:57:b5, 2015-01-01 00:27:53.435,0.261,-0.666,0.25,-342.712,-7.568,-51.208, , , , , , ,58.046,11.761,-98.536
 09:39:17.448,eb:33:2e:f9:57:b5, 2015-01-01 00:27:53.435,0.234,-0.642,0.318,-353.516,-16.724,-48.523, , , , , , ,56.255,11.931,-98.729
 09:39:17.448,eb:33:2e:f9:57:b5, 2015-01-01 00:27:53.435,0.204,-0.627,0.391,-363.037,-24.902,-44.312, , , , , , ,54.41,12.057,-98.948
 09:39:17.448,eb:33:2e:f9:57:b5, 2015-01-01 00:27:53.435,0.202,-0.616,0.483,-371.155,-31.799,-38.757, , , , , , ,52.515,12.134,-99.196
 09:39:17.493,eb:33:2e:f9:57:b5, 2015-01-01 00:27:53.435,0.188,-0.608,0.613,-377.38,-35.278,-32.043, , , , , , ,50.57,12.167,-99.448
 09:39:17.493,eb:33:2e:f9:57:b5, 2015-01-01 00:27:53.435,0.183,-0.594,0.714,-381.653,-36.438,-24.475, , , , , , ,48.62,12.151,-99.679
 09:39:17.493,eb:33:2e:f9:57:b5, 2015-01-01 00:27:53.435,0.179,-0.568,0.783,-384.094,-36.194,-15.93, , , , , , ,46.659,12.101,-99.877
 09:39:17.493,eb:33:2e:f9:57:b5, 2015-01-01 00:27:53.435,0.186,-0.533,0.835,-384.583,-36.316,-7.141, , , , , , ,44.698,12.014,-100.052
 09:39:17.493,eb:33:2e:f9:57:b5, 2015-01-01 00:27:53.435,0.197,-0.491,0.874,-383.301,-37.598,1.526, , , , , , ,42.731,11.882,-100.19
 09:39:17.493,eb:33:2e:f9:57:b5, 2015-01-01 00:27:53.435,0.211,-0.44,0.899,-380.249,-40.833,9.949, , , , , , ,40.803,11.711,-100.3
 09:39:17.493,eb:33:2e:f9:57:b5, 2015-01-01 00:27:53.435,0.23,-0.376,0.914,-376.404,-46.57,17.761, , , , , , ,38.892,11.497,-100.382
 09:39:17.493,eb:33:2e:f9:57:b5, 2015-01-01 00:27:53.435,0.263,-0.313,0.928,-372.253,-54.932,24.78, , , , , , ,37.007,11.223,-100.453
 09:39:17.562,eb:33:2e:f9:57:b5, 2015-01-01 00:27:53.435,0.299,-0.259,0.962,-368.408,-64.697,30.762, , , , , , ,35.123,10.893,-100.525
 09:39:17.562,eb:33:2e:f9:57:b5, 2015-01-01 00:27:53.435,0.315,-0.206,0.995,-365.295,-75.684,35.767, , , , , , ,33.278,10.497,-100.585
 09:39:17.562,eb:33:2e:f9:57:b5, 2015-01-01 00:27:53.435,0.335,-0.146,1.001,-363.464,-88.196,40.283, , , , , , ,31.448,10.047,-100.646
 09:39:17.562,eb:33:2e:f9:57:b5, 2015-01-01 00:27:53.435,0.354,-0.092,1.035,-362.854,-101.196,44.067, , , , , , ,29.619,9.525,-100.706
 09:39:17.562,eb:33:2e:f9:57:b5, 2015-01-01 00:27:53.435,0.357,-0.045,1.091,-363.159,-114.197,47.119, , , , , , ,27.773,8.926,-100.772
 09:39:17.562,eb:33:2e:f9:57:b5, 2015-01-01 00:27:53.435,0.288,0,1.159,-364.197,-126.465,49.561, , , , , , ,25.944,8.278,-100.827
 09:39:17.562,eb:33:2e:f9:57:b5, 2015-01-01 00:27:53.435,0.334,-0.051,1.369,-365.051,-130.737,53.528, , , , , , ,24.115,7.57,-100.865
 09:39:17.562,eb:33:2e:f9:57:b5, 2015-01-01 00:27:53.435,0.412,0.027,1.405,-365.54,-138.977,55.054, , , , , , ,22.286,6.844,-100.887
 09:39:17.562,eb:33:2e:f9:57:b5, 2015-01-01 00:27:53.435,0.359,0.066,1.475,-365.845,-142.456,55.237, , , , , , ,20.435,6.075,-100.887
 09:39:17.563,eb:33:2e:f9:57:b5, 2015-01-01 00:27:53.435,0.382,0.069,1.545,-365.54,-145.203,55.42, , , , , , ,18.605,5.306,-100.871
 09:39:17.563,eb:33:2e:f9:57:b5, 2015-01-01 00:27:53.435,0.383,0.081,1.688,-364.075,-144.531,55.054, , , , , , ,16.787,4.526,-100.827
 09:39:17.563,eb:33:2e:f9:57:b5, 2015-01-01 00:27:53.435,0.377,0.099,1.771,-362.366,-142.273,54.077, , , , , , ,14.974,3.763,-100.761
 09:39:17.563,eb:33:2e:f9:57:b5, 2015-01-01 00:27:53.435,0.387,0.107,1.823,-360.474,-139.832,52.673, , , , , , ,13.151,3.01,-100.673
 09:39:17.563,eb:33:2e:f9:57:b5, 2015-01-01 00:27:53.435,0.399,0.114,1.875,-358.093,-137.329,50.476, , , , , , ,11.36,2.28,-100.569
 09:39:17.563,eb:33:2e:f9:57:b5, 2015-01-01 00:27:53.435,0.394,0.138,1.919,-355.164,-136.047,47.485, , , , , , ,9.58,1.56,-100.453
 09:39:17.563,eb:33:2e:f9:57:b5, 2015-01-01 00:27:53.435,0.378,0.179,1.946,-352.173,-137.146,43.762, , , , , , ,7.811,0.851,-100.333
 09:39:17.605,eb:33:2e:f9:57:b5, 2015-01-01 00:27:53.435,0.366,0.212,1.986,-349.304,-139.893,39.978, , , , , , ,6.042,0.132,-100.212
 09:39:17.605,eb:33:2e:f9:57:b5, 2015-01-01 00:27:53.435,0.334,0.237,2.056,-346.375,-142.517,36.743, , , , , , ,4.301,-0.588,-100.085
 09:39:17.605,eb:33:2e:f9:57:b5, 2015-01-01 00:27:53.435,0.289,0.278,2.144,-343.567,-145.569,33.936, , , , , , ,2.576,-1.318,-99.954
 09:39:17.605,eb:33:2e:f9:57:b5, 2015-01-01 00:27:53.435,0.236,0.319,2.196,-342.712,-148.865,32.288, , , , , , ,0.851,-2.06,-99.811
 09:39:17.605,eb:33:2e:f9:57:b5, 2015-01-01 00:27:53.435,0.191,0.37,2.235,-343.689,-153.076,31.372, , , , , , ,-0.884,-2.823,-99.651
 09:39:17.606,eb:33:2e:f9:57:b5, 2015-01-01 00:27:53.435,0.152,0.435,2.28,-346.069,-157.654,30.64, , , , , , ,-2.62,-3.598,-99.476
 09:39:17.606,eb:33:2e:f9:57:b5, 2015-01-01 00:27:53.435,0.095,0.526,2.338,-349.426,-162.415,30.09, , , , , , ,-4.378,-4.395,-99.278
 09:39:17.606,eb:33:2e:f9:57:b5, 2015-01-01 00:27:53.435,0.046,0.63,2.398,-353.088,-166.687,29.541, , , , , , ,-6.152,-5.202,-99.053
 09:39:17.652,eb:33:2e:f9:57:b5, 2015-01-01 00:27:53.435,-0.004,0.729,2.519,-356.14,-168.823,28.809, , , , , , ,-7.976,-6.026,-98.8
 09:39:17.652,eb:33:2e:f9:57:b5, 2015-01-01 00:27:53.435,-0.05,0.871,2.639,-358.032,-168.274,28.198, , , , , , ,-9.794,-6.839,-98.525
 09:39:17.652,eb:33:2e:f9:57:b5, 2015-01-01 00:27:53.435,-0.095,1.051,2.771,-358.276,-164.246,27.466, , , , , , ,-11.624,-7.63,-98.24
 09:39:17.652,eb:33:2e:f9:57:b5, 2015-01-01 00:27:53.435,-0.134,1.217,2.925,-355.286,-156.189,26.306, , , , , , ,-13.453,-8.383,-97.932
 09:39:17.652,eb:33:2e:f9:57:b5, 2015-01-01 00:27:53.435,-0.126,1.36,3.063,-348.267,-143.433,25.085, , , , , , ,-15.276,-9.075,-97.614
 09:39:17.652,eb:33:2e:f9:57:b5, 2015-01-01 00:27:53.435,-0.128,1.485,3.178,-337.341,-124.512,24.109, , , , , , ,-17.034,-9.679,-97.311
 09:39:17.652,eb:33:2e:f9:57:b5, 2015-01-01 00:27:53.435,-0.183,1.662,3.183,-324.036,-102.356,21.912, , , , , , ,-18.732,-10.173,-97.031
 09:39:17.652,eb:33:2e:f9:57:b5, 2015-01-01 00:27:53.435,-0.208,1.966,3.049,-308.716,-84.656,17.761, , , , , , ,-20.352,-10.574,-96.779
 09:39:17.764,eb:33:2e:f9:57:b5, 2015-01-01 00:27:53.435,-0.191,2.371,2.897,-291.199,-72.083,11.047, , , , , , ,-21.896,-10.909,-96.57
 09:39:17.764,eb:33:2e:f9:57:b5, 2015-01-01 00:27:53.435,-0.164,2.847,2.74,-269.653,-64.575,-0.488, , , , , , ,-23.324,-11.212,-96.416
 09:39:17.764,eb:33:2e:f9:57:b5, 2015-01-01 00:27:53.435,-0.236,3.368,2.499,-243.713,-63.904,-17.09, , , , , , ,-24.609,-11.525,-96.339
 09:39:17.764,eb:33:2e:f9:57:b5, 2015-01-01 00:27:53.435,-0.428,3.841,2.144,-214.417,-74.219,-38.147, , , , , , ,-25.746,-11.898,-96.323
 09:39:17.764,eb:33:2e:f9:57:b5, 2015-01-01 00:27:53.435,-0.718,4.172,1.805,-182.739,-92.285,-60.791, , , , , , ,-26.719,-12.398,-96.367
 09:39:17.764,eb:33:2e:f9:57:b5, 2015-01-01 00:27:53.435,-1.069,4.284,1.674,-147.888,-107.971,-81.604, , , , , , ,-27.51,-13.024,-96.465
 09:39:17.764,eb:33:2e:f9:57:b5, 2015-01-01 00:27:53.435,-1.395,4.249,1.757,-110.474,-113.831,-97.534, , , , , , ,-28.109,-13.733,-96.614
 09:39:17.764,eb:33:2e:f9:57:b5, 2015-01-01 00:27:53.435,-1.653,4.123,2.007,-72.815,-101.379,-105.652, , , , , , ,-28.499,-14.458,-96.817
 09:39:17.766,eb:33:2e:f9:57:b5, 2015-01-01 00:27:53.720,-1.775,3.932,2.334,-36.194,-67.688,-106.506, , , , , , ,-28.674,-15.079,-97.097
 09:39:17.766,eb:33:2e:f9:57:b5, 2015-01-01 00:27:53.720,-1.717,3.697,2.557,-1.526,-17.944,-102.295, , , , , , ,-28.652,-15.496,-97.476
 09:39:17.766,eb:33:2e:f9:57:b5, 2015-01-01 00:27:53.720,-1.529,3.429,2.529,28.992,35.339,-95.032, , , , , , ,-28.438,-15.667,-97.965
 09:39:17.766,eb:33:2e:f9:57:b5, 2015-01-01 00:27:53.720,-1.268,3.125,2.323,54.81,80.872,-87.341, , , , , , ,-28.059,-15.606,-98.536
 09:39:17.766,eb:33:2e:f9:57:b5, 2015-01-01 00:27:53.720,-0.93,2.802,2.051,76.965,112.549,-80.261, , , , , , ,-27.537,-15.348,-99.163
 09:39:17.766,eb:33:2e:f9:57:b5, 2015-01-01 00:27:53.720,1.453,2.389,1.875,140.015,44.678,-93.628, , , , , , ,-26.878,-15.084,-99.778
 09:39:17.766,eb:33:2e:f9:57:b5, 2015-01-01 00:27:53.720,-1.411,0.168,8.692,262.695,328.552,-96.313, , , , , , ,-25.461,-14.54,-100.717
 09:39:17.766,eb:33:2e:f9:57:b5, 2015-01-01 00:27:53.720,1.512,-0.386,-0.534,270.813,118.958,-131.042, , , , , , ,-23.879,-13.744,-101.711
 09:39:17.766,eb:33:2e:f9:57:b5, 2015-01-01 00:27:53.720,0.491,-1.101,0.917,276.794,112.427,-120.972, , , , , , ,-22.286,-13.475,-102.552
 09:39:17.766,eb:33:2e:f9:57:b5, 2015-01-01 00:27:53.720,0.169,-0.876,0.708,273.01,77.454,-108.643, , , , , , ,-20.764,-13.277,-103.266
 09:39:17.766,eb:33:2e:f9:57:b5, 2015-01-01 00:27:53.720,0.005,-2.325,1.359,326.477,121.826,-55.664, , , , , , ,-19.127,-12.953,-103.826
 09:39:17.766,eb:33:2e:f9:57:b5, 2015-01-01 00:27:53.720,-0.887,-1.449,1.463,368.347,178.101,-26.367, , , , , , ,-17.265,-12.261,-104.249
 09:39:17.766,eb:33:2e:f9:57:b5, 2015-01-01 00:27:53.720,-0.911,-0.961,1.254,407.288,217.224,7.263, , , , , , ,-15.216,-11.272,-104.557
 09:39:17.767,eb:33:2e:f9:57:b5, 2015-01-01 00:27:53.720,-0.922,-0.071,1.17,403.015,208.862,23.071, , , , , , ,-13.145,-10.217,-104.738
 09:39:17.767,eb:33:2e:f9:57:b5, 2015-01-01 00:27:53.720,-0.772,0.825,1.259,362.671,179.321,24.109, , , , , , ,-11.228,-9.261,-104.821
 09:39:17.767,eb:33:2e:f9:57:b5, 2015-01-01 00:27:53.720,-0.395,1.253,1.201,304.26,142.944,13, , , , , , ,-9.58,-8.47,-104.875
 09:39:17.832,eb:33:2e:f9:57:b5, 2015-01-01 00:27:53.720,-0.386,1.439,1.51,239.075,115.601,-4.883, , , , , , ,-8.229,-7.85,-104.958
 09:39:17.832,eb:33:2e:f9:57:b5, 2015-01-01 00:27:53.720,-0.314,1.017,1.307,187.134,106.689,-22.278, , , , , , ,-7.18,-7.317,-105.112
 09:39:17.832,eb:33:2e:f9:57:b5, 2015-01-01 00:27:53.720,-0.203,0.581,1.191,153.137,92.468,-33.569, , , , , , ,-6.328,-6.844,-105.32
 09:39:17.832,eb:33:2e:f9:57:b5, 2015-01-01 00:27:53.720,-0.086,0.228,1.134,134.216,81.177,-36.804, , , , , , ,-5.598,-6.438,-105.546
 09:39:17.832,eb:33:2e:f9:57:b5, 2015-01-01 00:27:53.720,-0.059,0.083,1.06,120.544,70.74,-32.593, , , , , , ,-4.933,-6.075,-105.754
 09:39:17.832,eb:33:2e:f9:57:b5, 2015-01-01 00:27:53.720,0.127,0.183,1.079,105.286,70.496,-22.034, , , , , , ,-4.356,-5.74,-105.914
 09:39:17.832,eb:33:2e:f9:57:b5, 2015-01-01 00:27:53.720,0.198,0.058,1.027,95.398,74.646,-9.583, , , , , , ,-3.851,-5.383,-106.018
 09:39:17.832,eb:33:2e:f9:57:b5, 2015-01-01 00:27:53.720,0.17,0.042,1.008,90.271,80.383,-1.038, , , , , , ,-3.389,-4.999,-106.057
 09:39:17.876,eb:33:2e:f9:57:b5, 2015-01-01 00:27:53.720,0.05,0.122,1.015,83.313,87.524,1.343, , , , , , ,-2.939,-4.565,-106.078
 09:39:17.876,eb:33:2e:f9:57:b5, 2015-01-01 00:27:53.720,0.082,0.221,0.96,72.266,83.435,2.502, , , , , , ,-2.554,-4.136,-106.089
 09:39:17.876,eb:33:2e:f9:57:b5, 2015-01-01 00:27:53.720,0.045,0.296,0.992,59.631,83.801,0.366, , , , , , ,-2.23,-3.719,-106.1
 09:39:17.876,eb:33:2e:f9:57:b5, 2015-01-01 00:27:53.720,0.044,0.417,0.892,39.49,68.359,0.793, , , , , , ,-1.994,-3.334,-106.111
 09:39:17.876,eb:33:2e:f9:57:b5, 2015-01-01 00:27:53.720,-0.09,0.249,0.986,26.184,61.829,2.197, , , , , , ,-1.824,-3.01,-106.117
 09:39:17.876,eb:33:2e:f9:57:b5, 2015-01-01 00:27:53.720,-0.063,0.088,0.946,19.531,54.016,7.385, , , , , , ,-1.719,-2.73,-106.1
 09:39:17.876,eb:33:2e:f9:57:b5, 2015-01-01 00:27:53.720,-0.084,0.003,1.028,18.066,51.086,9.827, , , , , , ,-1.626,-2.466,-106.062
 09:39:17.876,eb:33:2e:f9:57:b5, 2015-01-01 00:27:53.720,-0.165,0.042,0.981,16.357,42.419,7.202, , , , , , ,-1.544,-2.23,-106.024
 09:39:17.899,eb:33:2e:f9:57:b5, 2015-01-01 00:27:53.720,-0.149,0.052,0.897,14.404,27.466,4.089, , , , , , ,-1.456,-2.054,-106.002
 09:39:17.899,eb:33:2e:f9:57:b5, 2015-01-01 00:27:53.720,-0.054,0.042,0.902,13.367,14.282,2.502, , , , , , ,-1.384,-1.961,-105.991
 09:39:17.899,eb:33:2e:f9:57:b5, 2015-01-01 00:27:53.720,0.052,0.004,0.983,13.489,7.874,3.235, , , , , , ,-1.318,-1.912,-105.974
 09:39:17.899,eb:33:2e:f9:57:b5, 2015-01-01 00:27:53.720,0.041,0.012,1.062,13.672,8.484,3.113, , , , , , ,-1.252,-1.873,-105.958
 09:39:17.899,eb:33:2e:f9:57:b5, 2015-01-01 00:27:53.720,0.006,0.003,1.069,14.038,10.559,2.808, , , , , , ,-1.17,-1.818,-105.947
 09:39:17.899,eb:33:2e:f9:57:b5, 2015-01-01 00:27:53.720,-0.047,-0.006,1.037,14.893,10.62,1.892, , , , , , ,-1.099,-1.763,-105.936
 09:39:17.900,eb:33:2e:f9:57:b5, 2015-01-01 00:27:53.720,-0.057,0.005,0.985,15.015,7.812,1.099, , , , , , ,-1.022,-1.719,-105.93
 09:39:17.900,eb:33:2e:f9:57:b5, 2015-01-01 00:27:53.720,-0.043,0.031,0.962,14.16,3.113,0.061, , , , , , ,-0.95,-1.692,-105.925
 09:39:17.944,eb:33:2e:f9:57:b5, 2015-01-01 00:27:53.720,-0.007,0.024,0.98,13.55,-0.305,-0.671, , , , , , ,-0.868,-1.681,-105.93
 09:39:17.944,eb:33:2e:f9:57:b5, 2015-01-01 00:27:53.720,0.019,0.004,1.01,13.794,-1.587,-1.465, , , , , , ,-0.802,-1.686,-105.936
 09:39:17.944,eb:33:2e:f9:57:b5, 2015-01-01 00:27:53.720,0.022,-0.005,1.029,14.648,-0.916,-2.502, , , , , , ,-0.731,-1.697,-105.941
 09:39:17.944,eb:33:2e:f9:57:b5, 2015-01-01 00:27:53.720,0.008,0.001,1.022,15.137,0.061,-3.418, , , , , , ,-0.654,-1.697,-105.958
 09:39:17.944,eb:33:2e:f9:57:b5, 2015-01-01 00:27:53.720,0.001,0.013,1.003,15.015,0.183,-3.845, , , , , , ,-0.566,-1.692,-105.98
 09:39:17.944,eb:33:2e:f9:57:b5, 2015-01-01 00:27:53.720,0.002,0.019,0.992,14.771,-0.305,-4.456, , , , , , ,-0.489,-1.692,-105.996
 09:39:17.944,eb:33:2e:f9:57:b5, 2015-01-01 00:27:53.720,0.047,0.012,0.997,14.832,-0.671,-4.761, , , , , , ,-0.417,-1.697,-106.024
,,,,,,,,, , , , , , ,-0.341,-1.697,-106.046
,,,,,,,,, , , , , , ,-0.253,-1.67,-106.073
,,,,,,,,, , , , , , ,-0.181,-1.637,-106.1
,,,,,,,,, , , , , , ,-0.11,-1.582,-106.128
,,,,,,,,, , , , , , ,-0.049,-1.516,-106.161
,,,,,,,,, , , , , , ,0.022,-1.434,-106.188
,,,,,,,,, , , , , , ,0.082,-1.346,-106.221
,,,,,,,,, , , , , , ,0.137,-1.252,-106.249
,,,,,,,,, , , , , , ,0.192,-1.148,-106.271
,,,,,,,,, , , , , , ,0.264,-1.027,-106.293
,,,,,,,,, , , , , , ,0.313,-0.912,-106.309
,,,,,,,,, , , , , , ,0.363,-0.786,-106.32
,,,,,,,,, , , , , , ,0.412,-0.648,-106.331
,,,,,,,,, , , , , , ,0.472,-0.505,-106.342
,,,,,,,,, , , , , , ,0.516,-0.363,-106.348
,,,,,,,,, , , , , , ,0.56,-0.214,-106.353
,,,,,,,,, , , , , , ,0.604,-0.066,-106.359
,,,,,,,,, , , , , , ,0.659,0.093,-106.364
,,,,,,,,, , , , , , ,0.709,0.247,-106.37
,,,,,,,,, , , , , , ,0.753,0.406,-106.375
,,,,,,,,, , , , , , ,0.802,0.577,-106.386
,,,,,,,,, , , , , , ,0.873,0.753,-106.392
,,,,,,,,, , , , , , ,0.928,0.923,-106.403
,,,,,,,,, , , , , , ,0.994,1.093,-106.408
,,,,,,,,, , , , , , ,1.06,1.258,-106.419
,,,,,,,,, , , , , , ,1.148,1.423,-106.43
,,,,,,,,, , , , , , ,1.23,1.571,-106.436
,,,,,,,,, , , , , , ,1.313,1.703,-106.436
,,,,,,,,, , , , , , ,1.401,1.84,-106.447
,,,,,,,,, , , , , , ,1.511,1.978,-106.452
,,,,,,,,, , , , , , ,1.604,2.104,-106.463
,,,,,,,,, , , , , , ,1.703,2.236,-106.469
,,,,,,,,, , , , , , ,1.813,2.362,-106.474
,,,,,,,,, , , , , , ,1.939,2.499,-106.485
,,,,,,,,, , , , , , ,2.065,2.626,-106.49
,,,,,,,,, , , , , , ,2.197,2.752,-106.501
,,,,,,,,, , , , , , ,2.346,2.884,-106.512
,,,,,,,,, , , , , , ,2.521,3.016,-106.518
,,,,,,,,, , , , , , ,2.703,3.142,-106.529
,,,,,,,,, , , , , , ,2.895,3.252,-106.534
,,,,,,,,, , , , , , ,3.104,3.356,-106.534
,,,,,,,,, , , , , , ,3.345,3.444,-106.523
,,,,,,,,, , , , , , ,3.598,3.494,-106.501
,,,,,,,,, , , , , , ,3.873,3.521,-106.479
,,,,,,,,, , , , , , ,4.186,3.532,-106.441
,,,,,,,,, , , , , , ,4.537,3.521,-106.386
,,,,,,,,, , , , , , ,4.905,3.472,-106.331
,,,,,,,,, , , , , , ,5.306,3.395,-106.276
,,,,,,,,, , , , , , ,5.735,3.29,-106.21
,,,,,,,,, , , , , , ,6.202,3.192,-106.144
,,,,,,,,, , , , , , ,6.685,3.082,-106.078
,,,,,,,,, , , , , , ,7.202,2.966,-106.002
,,,,,,,,, , , , , , ,7.751,2.834,-105.93
,,,,,,,,, , , , , , ,8.35,2.697,-105.864
,,,,,,,,, , , , , , ,8.965,2.543,-105.809
,,,,,,,,, , , , , , ,9.624,2.379,-105.749
,,,,,,,,, , , , , , ,10.327,2.219,-105.71
,,,,,,,,, , , , , , ,11.085,2.065,-105.683
,,,,,,,,, , , , , , ,11.871,1.912,-105.667
,,,,,,,,, , , , , , ,12.706,1.78,-105.667
,,,,,,,,, , , , , , ,13.574,1.664,-105.672
,,,,,,,,, , , , , , ,14.502,1.588,-105.683
,,,,,,,,, , , , , , ,15.447,1.511,-105.705
,,,,,,,,, , , , , , ,16.43,1.45,-105.743
,,,,,,,,, , , , , , ,17.446,1.423,-105.782
,,,,,,,,, , , , , , ,18.528,1.434,-105.831
,,,,,,,,, , , , , , ,19.649,1.472,-105.892
,,,,,,,,, , , , , , ,20.825,1.56,-105.963
,,,,,,,,, , , , , , ,22.061,1.686,-106.057
,,,,,,,,, , , , , , ,23.362,1.868,-106.161
,,,,,,,,, , , , , , ,24.719,2.098,-106.276
,,,,,,,,, , , , , , ,26.142,2.362,-106.403
,,,,,,,,, , , , , , ,27.642,2.659,-106.551
,,,,,,,,, , , , , , ,29.229,2.983,-106.705
,,,,,,,,, , , , , , ,30.888,3.312,-106.864
,,,,,,,,, , , , , , ,32.629,3.625,-107.051
,,,,,,,,, , , , , , ,34.453,3.9,-107.314
,,,,,,,,, , , , , , ,36.365,4.153,-107.644
,,,,,,,,, , , , , , ,38.353,4.417,-108.001
,,,,,,,,, , , , , , ,40.413,4.73,-108.331
,,,,,,,,, , , , , , ,42.534,5.098,-108.644
,,,,,,,,, , , , , , ,44.698,5.532,-108.94
,,,,,,,,, , , , , , ,46.868,6.059,-109.171
,,,,,,,,, , , , , , ,49.087,6.696,-109.265
,,,,,,,,, , , , , , ,51.372,7.438,-109.254
,,,,,,,,, , , , , , ,53.707,8.289,-109.138
,,,,,,,,, , , , , , ,56.102,9.245,-108.825
,,,,,,,,, , , , , , ,58.579,10.272,-108.314
,,,,,,,,, , , , , , ,61.15,11.332,-107.6
,,,,,,,,, , , , , , ,63.743,12.409,-106.6
,,,,,,,,, , , , , , ,66.27,13.442,-105.326
,,,,,,,,, , , , , , ,68.604,14.343,-103.903
,,,,,,,,, , , , , , ,70.593,15.035,-102.618
,,,,,,,,, , , , , , ,72.191,15.535,-101.596
,,,,,,,,, , , , , , ,73.46,15.908,-100.86
,,,,,,,,, , , , , , ,74.355,16.254,-100.525
,,,,,,,,, , , , , , ,74.647,16.567,-100.47
,,,,,,,,, , , , , , ,74.515,16.859,-100.497
,,,,,,,,, , , , , , ,74.174,17.117,-100.536
,,,,,,,,, , , , , , ,73.647,17.331,-100.503
,,,,,,,,, , , , , , ,73.015,17.529,-100.294
,,,,,,,,, , , , , , ,72.367,17.71,-99.976
,,,,,,,,, , , , , , ,71.768,17.88,-99.58
,,,,,,,,, , , , , , ,71.208,18.034,-99.113
,,,,,,,,, , , , , , ,70.664,18.16,-98.652
,,,,,,,,, , , , , , ,70.087,18.243,-98.234
,,,,,,,,, , , , , , ,69.456,18.27,-97.888
,,,,,,,,, , , , , , ,68.73,18.243,-97.63
,,,,,,,,, , , , , , ,67.89,18.149,-97.498
,,,,,,,,, , , , , , ,66.901,17.996,-97.482
,,,,,,,,, , , , , , ,65.803,17.781,-97.553
,,,,,,,,, , , , , , ,64.578,17.518,-97.657
,,,,,,,,, , , , , , ,63.248,17.216,-97.789
,,,,,,,,, , , , , , ,61.815,16.88,-97.916
,,,,,,,,, , , , , , ,60.304,16.518,-98.026
,,,,,,,,, , , , , , ,58.722,16.144,-98.102
,,,,,,,,, , , , , , ,57.068,15.749,-98.179
,,,,,,,,, , , , , , ,55.338,15.337,-98.251
,,,,,,,,, , , , , , ,53.569,14.908,-98.322
,,,,,,,,, , , , , , ,51.757,14.469,-98.388
,,,,,,,,, , , , , , ,49.922,14.013,-98.459
,,,,,,,,, , , , , , ,48.043,13.541,-98.536
,,,,,,,,, , , , , , ,46.159,13.052,-98.608
,,,,,,,,, , , , , , ,44.258,12.552,-98.663
,,,,,,,,, , , , , , ,42.341,12.036,-98.712
,,,,,,,,, , , , , , ,40.408,11.508,-98.745
,,,,,,,,, , , , , , ,38.491,10.964,-98.767
,,,,,,,,, , , , , , ,36.579,10.415,-98.762
,,,,,,,,, , , , , , ,34.684,9.86,-98.751
,,,,,,,,, , , , , , ,32.783,9.294,-98.734
,,,,,,,,, , , , , , ,30.91,8.723,-98.712
,,,,,,,,, , , , , , ,29.042,8.135,-98.707
,,,,,,,,, , , , , , ,27.175,7.526,-98.723
,,,,,,,,, , , , , , ,25.285,6.888,-98.756
,,,,,,,,, , , , , , ,23.423,6.262,-98.778
,,,,,,,,, , , , , , ,21.577,5.669,-98.784
,,,,,,,,, , , , , , ,19.72,5.054,-98.795
,,,,,,,,, , , , , , ,17.853,4.417,-98.817
,,,,,,,,, , , , , , ,16.013,3.752,-98.844
,,,,,,,,, , , , , , ,14.183,3.071,-98.888
,,,,,,,,, , , , , , ,12.36,2.384,-98.926
,,,,,,,,, , , , , , ,10.519,1.686,-98.959
,,,,,,,,, , , , , , ,8.707,1.011,-98.987
,,,,,,,,, , , , , , ,6.894,0.363,-99.014
,,,,,,,,, , , , , , ,5.092,-0.269,-99.031
,,,,,,,,, , , , , , ,3.285,-0.89,-99.047
,,,,,,,,, , , , , , ,1.516,-1.5,-99.058
,,,,,,,,, , , , , , ,-0.225,-2.109,-99.053
,,,,,,,,, , , , , , ,-1.945,-2.714,-99.031
,,,,,,,,, , , , , , ,-3.653,-3.334,-98.987
,,,,,,,,, , , , , , ,-5.323,-3.966,-98.915
,,,,,,,,, , , , , , ,-6.982,-4.62,-98.811
,,,,,,,,, , , , , , ,-8.641,-5.306,-98.668
,,,,,,,,, , , , , , ,-10.344,-6.026,-98.498
,,,,,,,,, , , , , , ,-12.047,-6.768,-98.289
,,,,,,,,, , , , , , ,-13.766,-7.548,-98.058
,,,,,,,,, , , , , , ,-15.491,-8.344,-97.784
,,,,,,,,, , , , , , ,-17.21,-9.146,-97.482
,,,,,,,,, , , , , , ,-18.875,-9.91,-97.152
,,,,,,,,, , , , , , ,-20.484,-10.585,-96.823
,,,,,,,,, , , , , , ,-22.028,-11.151,-96.509
,,,,,,,,, , , , , , ,-23.5,-11.624,-96.224
,,,,,,,,, , , , , , ,-24.868,-12.025,-95.993
,,,,,,,,, , , , , , ,-26.131,-12.398,-95.834
,,,,,,,,, , , , , , ,-27.252,-12.799,-95.735
,,,,,,,,, , , , , , ,-28.213,-13.288,-95.696
,,,,,,,,, , , , , , ,-28.971,-13.914,-95.707
,,,,,,,,, , , , , , ,-29.526,-14.678,-95.757
,,,,,,,,, , , , , , ,-29.888,-15.524,-95.817
,,,,,,,,, , , , , , ,-30.07,-16.37,-95.916
,,,,,,,,, , , , , , ,-30.092,-17.133,-96.053
,,,,,,,,, , , , , , ,-29.965,-17.743,-96.257
,,,,,,,,, , , , , , ,-29.718,-18.16,-96.52
,,,,,,,,, , , , , , ,-29.344,-18.38,-96.855
,,,,,,,,, , , , , , ,-28.883,-18.43,-97.245
,,,,,,,,, , , , , , ,-28.328,-18.353,-97.674
,,,,,,,,, , , , , , ,-27.702,-18.204,-98.091
,,,,,,,,, , , , , , ,-27.004,-18.023,-98.47
,,,,,,,,, , , , , , ,-26.274,-17.847,-98.773
,,,,,,,,, , , , , , ,-25.532,-17.688,-98.981
,,,,,,,,, , , , , , ,-24.791,-17.534,-99.058
,,,,,,,,, , , , , , ,-24,-17.485,-98.981
,,,,,,,,, , , , , , ,-22.874,-16.935,-99.13
,,,,,,,,, , , , , , ,-21.638,-16.375,-99.234
,,,,,,,,, , , , , , ,-20.253,-16.232,-99.163
,,,,,,,,, , , , , , ,-18.831,-16.161,-99.124
,,,,,,,,, , , , , , ,-17.265,-15.892,-99.179
,,,,,,,,, , , , , , ,-15.474,-15.298,-99.349
,,,,,,,,, , , , , , ,-13.623,-14.469,-99.569
,,,,,,,,, , , , , , ,-11.865,-13.53,-99.772
,,,,,,,,, , , , , , ,-10.371,-12.722,-99.921
,,,,,,,,, , , , , , ,-9.141,-12.052,-100.085
,,,,,,,,, , , , , , ,-8.179,-11.536,-100.267
,,,,,,,,, , , , , , ,-7.443,-11.206,-100.432
,,,,,,,,, , , , , , ,-6.85,-10.986,-100.574
,,,,,,,,, , , , , , ,-6.279,-10.794,-100.712
,,,,,,,,, , , , , , ,-5.724,-10.613,-100.844
,,,,,,,,, , , , , , ,-5.197,-10.432,-100.97
,,,,,,,,, , , , , , ,-4.73,-10.272,-101.091
,,,,,,,,, , , , , , ,-4.345,-10.14,-101.206
,,,,,,,,, , , , , , ,-4.026,-10.003,-101.294
,,,,,,,,, , , , , , ,-3.741,-9.855,-101.36
,,,,,,,,, , , , , , ,-3.51,-9.706,-101.398
,,,,,,,,, , , , , , ,-3.307,-9.536,-101.42
,,,,,,,,, , , , , , ,-3.126,-9.355,-101.426
,,,,,,,,, , , , , , ,-2.944,-9.179,-101.431
,,,,,,,,, , , , , , ,-2.796,-9.036,-101.426
,,,,,,,,, , , , , , ,-2.664,-8.91,-101.426
,,,,,,,,, , , , , , ,-2.538,-8.806,-101.42
,,,,,,,,, , , , , , ,-2.406,-8.707,-101.42
,,,,,,,,, , , , , , ,-2.28,-8.613,-101.415
,,,,,,,,, , , , , , ,-2.153,-8.52,-101.409
,,,,,,,,, , , , , , ,-2.021,-8.438,-101.415
,,,,,,,,, , , , , , ,-1.879,-8.355,-101.426
,,,,,,,,, , , , , , ,-1.747,-8.284,-101.442
,,,,,,,,, , , , , , ,-1.609,-8.218,-101.464
,,,,,,,,, , , , , , ,-1.472,-8.157,-101.492
,,,,,,,,, , , , , , ,-1.313,-8.102,-101.525
,,,,,,,,, , , , , , ,-1.17,-8.075,-101.558
,,,,,,,,, , , , , , ,-1.022,-8.058,-101.591
,,,,,,,,, , , , , , ,-0.868,-8.036,-101.624
,,,,,,,,, , , , , , ,-0.698,-7.998,-101.662
,,,,,,,,, , , , , , ,-0.549,-7.949,-101.695
,,,,,,,,, , , , , , ,-0.401,-7.888,-101.722
,,,,,,,,, , , , , , ,-0.264,-7.811,-101.739
,,,,,,,,, , , , , , ,-0.115,-7.729,-101.755
,,,,,,,,, , , , , , ,0.005,-7.646,-101.766
,,,,,,,,, , , , , , ,0.137,-7.564,-101.772
,,,,,,,,, , , , , , ,0.269,-7.476,-101.772
,,,,,,,,, , , , , , ,0.412,-7.361,-101.772
,,,,,,,,, , , , , , ,0.538,-7.245,-101.772
,,,,,,,,, , , , , , ,0.659,-7.119,-101.772
,,,,,,,,, , , , , , ,0.775,-6.982,-101.772
,,,,,,,,, , , , , , ,0.895,-6.823,-101.766
,,,,,,,,, , , , , , ,0.994,-6.663,-101.766
,,,,,,,,, , , , , , ,1.093,-6.487,-101.766
,,,,,,,,, , , , , , ,1.187,-6.295,-101.766
,,,,,,,,, , , , , , ,1.285,-6.07,-101.772
,,,,,,,,, , , , , , ,1.362,-5.834,-101.772
,,,,,,,,, , , , , , ,1.434,-5.581,-101.783
,,,,,,,,, , , , , , ,1.5,-5.306,-101.794
,,,,,,,,, , , , , , ,1.582,-5.021,-101.81
,,,,,,,,, , , , , , ,1.653,-4.724,-101.832
,,,,,,,,, , , , , , ,1.725,-4.422,-101.86
,,,,,,,,, , , , , , ,1.796,-4.114,-101.887
,,,,,,,,, , , , , , ,1.879,-3.807,-101.915
,,,,,,,,, , , , , , ,1.945,-3.521,-101.937
,,,,,,,,, , , , , , ,2.016,-3.246,-101.959
,,,,,,,,, , , , , , ,2.087,-2.994,-101.986
,,,,,,,,, , , , , , ,2.175,-2.747,-102.008
,,,,,,,,, , , , , , ,2.247,-2.532,-102.036
,,,,,,,,, , , , , , ,2.324,-2.335,-102.063
,,,,,,,,, , , , , , ,2.401,-2.164,-102.09
,,,,,,,,, , , , , , ,2.494,-2,-102.118
,,,,,,,,, , , , , , ,2.582,-1.862,-102.14
,,,,,,,,, , , , , , ,2.675,-1.736,-102.162
,,,,,,,,, , , , , , ,2.78,-1.626,-102.178
,,,,,,,,, , , , , , ,2.911,-1.527,-102.195
,,,,,,,,, , , , , , ,3.043,-1.445,-102.206
,,,,,,,,, , , , , , ,3.186,-1.362,-102.217
,,,,,,,,, , , , , , ,3.345,-1.28,-102.222
,,,,,,,,, , , , , , ,3.56,-1.203,-102.217
,,,,,,,,, , , , , , ,3.796,-1.154,-102.2
,,,,,,,,, , , , , , ,4.054,-1.115,-102.178
,,,,,,,,, , , , , , ,4.34,-1.104,-102.156
,,,,,,,,, , , , , , ,4.675,-1.099,-102.129
,,,,,,,,, , , , , , ,5.021,-1.121,-102.107
,,,,,,,,, , , , , , ,5.389,-1.154,-102.074
,,,,,,,,, , , , , , ,5.779,-1.208,-102.036
,,,,,,,,, , , , , , ,6.207,-1.28,-101.992
,,,,,,,,, , , , , , ,6.647,-1.384,-101.948
,,,,,,,,, , , , , , ,7.114,-1.516,-101.904
,,,,,,,,, , , , , , ,7.614,-1.653,-101.86
,,,,,,,,, , , , , , ,8.157,-1.796,-101.821
,,,,,,,,, , , , , , ,8.723,-1.961,-101.794
,,,,,,,,, , , , , , ,9.316,-2.131,-101.777
,,,,,,,,, , , , , , ,9.943,-2.302,-101.772
,,,,,,,,, , , , , , ,10.618,-2.455,-101.766
,,,,,,,,, , , , , , ,11.316,-2.609,-101.777
,,,,,,,,, , , , , , ,12.047,-2.752,-101.805
,,,,,,,,, , , , , , ,12.821,-2.867,-101.843
,,,,,,,,, , , , , , ,13.64,-2.939,-101.887
,,,,,,,,, , , , , , ,14.485,-2.977,-101.937
,,,,,,,,, , , , , , ,15.37,-2.994,-101.992
,,,,,,,,, , , , , , ,16.298,-2.988,-102.047
,,,,,,,,, , , , , , ,17.271,-2.977,-102.118
,,,,,,,,, , , , , , ,18.27,-2.977,-102.2
,,,,,,,,, , , , , , ,19.308,-2.977,-102.294
,,,,,,,,, , , , , , ,20.385,-2.961,-102.393
,,,,,,,,, , , , , , ,21.5,-2.917,-102.48
,,,,,,,,, , , , , , ,22.654,-2.851,-102.557
,,,,,,,,, , , , , , ,23.851,-2.774,-102.651
,,,,,,,,, , , , , , ,25.104,-2.686,-102.755
,,,,,,,,, , , , , , ,26.417,-2.571,-102.87
,,,,,,,,, , , , , , ,27.779,-2.417,-102.975
,,,,,,,,, , , , , , ,29.224,-2.252,-103.085
,,,,,,,,, , , , , , ,30.745,-2.076,-103.222
,,,,,,,,, , , , , , ,32.355,-1.879,-103.376
,,,,,,,,, , , , , , ,34.052,-1.62,-103.497
,,,,,,,,, , , , , , ,35.848,-1.329,-103.607
,,,,,,,,, , , , , , ,37.716,-1.011,-103.766
,,,,,,,,, , , , , , ,39.644,-0.61,-103.903
,,,,,,,,, , , , , , ,41.633,-0.126,-103.964
,,,,,,,,, , , , , , ,43.726,0.385,-104.002
,,,,,,,,, , , , , , ,45.895,0.901,-104.112
,,,,,,,,, , , , , , ,48.12,1.456,-104.26
,,,,,,,,, , , , , , ,50.367,2.137,-104.304
,,,,,,,,, , , , , , ,52.646,2.906,-104.161
,,,,,,,,, , , , , , ,54.981,3.68,-104.002
,,,,,,,,, , , , , , ,57.376,4.488,-103.843
,,,,,,,,, , , , , , ,59.908,5.334,-103.568
,,,,,,,,, , , , , , ,62.518,6.108,-103.25
,,,,,,,,, , , , , , ,65.143,6.779,-102.98
,,,,,,,,, , , , , , ,67.747,7.383,-102.711
,,,,,,,,, , , , , , ,70.296,7.949,-102.376
,,,,,,,,, , , , , , ,72.587,8.454,-101.97
,,,,,,,,, , , , , , ,74.449,8.877,-101.464
,,,,,,,,, , , , , , ,75.899,9.212,-100.898
,,,,,,,,, , , , , , ,76.987,9.426,-100.366
,,,,,,,,, , , , , , ,77.756,9.547,-99.816
,,,,,,,,, , , , , , ,78.096,9.597,-99.388
,,,,,,,,, , , , , , ,77.921,9.608,-99.042
,,,,,,,,, , , , , , ,77.415,9.597,-98.762
,,,,,,,,, , , , , , ,76.723,9.575,-98.503
,,,,,,,,, , , , , , ,75.927,9.575,-98.185
,,,,,,,,, , , , , , ,75.064,9.597,-97.861
,,,,,,,,, , , , , , ,74.202,9.63,-97.619
,,,,,,,,, , , , , , ,73.372,9.69,-97.421
,,,,,,,,, , , , , , ,72.559,9.783,-97.278
,,,,,,,,, , , , , , ,71.741,9.893,-97.18
,,,,,,,,, , , , , , ,70.933,10.025,-97.125
,,,,,,,,, , , , , , ,70.093,10.168,-97.081
,,,,,,,,, , , , , , ,69.181,10.316,-97.075
,,,,,,,,, , , , , , ,68.137,10.464,-97.097
,,,,,,,,, , , , , , ,66.984,10.602,-97.141
,,,,,,,,, , , , , , ,65.693,10.734,-97.191
,,,,,,,,, , , , , , ,64.276,10.849,-97.256
,,,,,,,,, , , , , , ,62.732,10.948,-97.322
,,,,,,,,, , , , , , ,61.106,11.03,-97.388
,,,,,,,,, , , , , , ,59.409,11.102,-97.438
,,,,,,,,, , , , , , ,57.656,11.162,-97.493
,,,,,,,,, , , , , , ,55.844,11.212,-97.542
,,,,,,,,, , , , , , ,54.025,11.25,-97.586
,,,,,,,,, , , , , , ,52.185,11.277,-97.625
,,,,,,,,, , , , , , ,50.334,11.288,-97.685
,,,,,,,,, , , , , , ,48.466,11.272,-97.756
,,,,,,,,, , , , , , ,46.609,11.228,-97.844
,,,,,,,,, , , , , , ,44.742,11.146,-97.943
,,,,,,,,, , , , , , ,42.874,11.03,-98.064
,,,,,,,,, , , , , , ,40.995,10.876,-98.19
,,,,,,,,, , , , , , ,39.144,10.69,-98.322
,,,,,,,,, , , , , , ,37.304,10.464,-98.448
,,,,,,,,, , , , , , ,35.475,10.206,-98.575
,,,,,,,,, , , , , , ,33.64,9.904,-98.701
,,,,,,,,, , , , , , ,31.822,9.575,-98.828
,,,,,,,,, , , , , , ,30.015,9.207,-98.948
,,,,,,,,, , , , , , ,28.218,8.795,-99.075
,,,,,,,,, , , , , , ,26.406,8.333,-99.207
,,,,,,,,, , , , , , ,24.626,7.833,-99.333
,,,,,,,,, , , , , , ,22.868,7.3,-99.454
,,,,,,,,, , , , , , ,21.121,6.729,-99.58
,,,,,,,,, , , , , , ,19.38,6.119,-99.706
,,,,,,,,, , , , , , ,17.677,5.488,-99.838
,,,,,,,,, , , , , , ,15.985,4.828,-99.97
,,,,,,,,, , , , , , ,14.31,4.136,-100.113
,,,,,,,,, , , , , , ,12.634,3.411,-100.256
,,,,,,,,, , , , , , ,10.992,2.686,-100.399
,,,,,,,,, , , , , , ,9.371,1.967,-100.536
,,,,,,,,, , , , , , ,7.778,1.258,-100.662
,,,,,,,,, , , , , , ,6.191,0.555,-100.778
,,,,,,,,, , , , , , ,4.653,-0.137,-100.876
,,,,,,,,, , , , , , ,3.131,-0.835,-100.964
,,,,,,,,, , , , , , ,1.637,-1.549,-101.041
,,,,,,,,, , , , , , ,0.132,-2.296,-101.096
,,,,,,,,, , , , , , ,-1.34,-3.06,-101.129
,,,,,,,,, , , , , , ,-2.818,-3.862,-101.14
,,,,,,,,, , , , , , ,-4.307,-4.702,-101.118
,,,,,,,,, , , , , , ,-5.845,-5.598,-101.058
,,,,,,,,, , , , , , ,-7.416,-6.526,-100.953
,,,,,,,,, , , , , , ,-9.053,-7.476,-100.805
,,,,,,,,, , , , , , ,-10.761,-8.432,-100.602
,,,,,,,,, , , , , , ,-12.541,-9.355,-100.344
,,,,,,,,, , , , , , ,-14.343,-10.217,-100.042
,,,,,,,,, , , , , , ,-16.15,-10.981,-99.701
,,,,,,,,, , , , , , ,-17.93,-11.618,-99.322
,,,,,,,,, , , , , , ,-19.655,-12.112,-98.926
,,,,,,,,, , , , , , ,-21.275,-12.442,-98.547
,,,,,,,,, , , , , , ,-22.764,-12.645,-98.229
,,,,,,,,, , , , , , ,-24.104,-12.799,-97.965
,,,,,,,,, , , , , , ,-25.28,-13.019,-97.767
,,,,,,,,, , , , , , ,-26.268,-13.398,-97.635
,,,,,,,,, , , , , , ,-27.076,-14.019,-97.537
,,,,,,,,, , , , , , ,-27.708,-14.897,-97.443
,,,,,,,,, , , , , , ,-28.18,-15.969,-97.361
,,,,,,,,, , , , , , ,-28.488,-17.084,-97.311
,,,,,,,,, , , , , , ,-28.597,-18.078,-97.344
,,,,,,,,, , , , , , ,-28.499,-18.781,-97.493
,,,,,,,,, , , , , , ,-28.18,-19.105,-97.8
,,,,,,,,, , , , , , ,-27.686,-19.028,-98.267
,,,,,,,,, , , , , , ,-27.043,-18.66,-98.855
,,,,,,,,, , , , , , ,-25.73,-17.99,-99.745
,,,,,,,,, , , , , , ,-24.131,-16.562,-100.898
,,,,,,,,, , , , , , ,-22.615,-15.804,-101.887
,,,,,,,,, , , , , , ,-21.171,-15.249,-102.755
,,,,,,,,, , , , , , ,-19.704,-14.936,-103.453
,,,,,,,,, , , , , , ,-18.078,-14.496,-103.98
,,,,,,,,, , , , , , ,-16.304,-13.832,-104.387
,,,,,,,,, , , , , , ,-14.387,-12.98,-104.711
,,,,,,,,, , , , , , ,-12.442,-12.003,-104.974
,,,,,,,,, , , , , , ,-10.607,-11.041,-105.189
,,,,,,,,, , , , , , ,-9.02,-10.168,-105.359
,,,,,,,,, , , , , , ,-7.69,-9.382,-105.507
,,,,,,,,, , , , , , ,-6.614,-8.69,-105.683
,,,,,,,,, , , , , , ,-5.691,-8.086,-105.886
,,,,,,,,, , , , , , ,-4.916,-7.559,-106.095
,,,,,,,,, , , , , , ,-4.219,-7.075,-106.287
,,,,,,,,, , , , , , ,-3.598,-6.625,-106.447
,,,,,,,,, , , , , , ,-3.032,-6.169,-106.545
,,,,,,,,, , , , , , ,-2.532,-5.685,-106.6
,,,,,,,,, , , , , , ,-2.104,-5.186,-106.617
,,,,,,,,, , , , , , ,-1.763,-4.68,-106.611
,,,,,,,,, , , , , , ,-1.478,-4.18,-106.606
,,,,,,,,, , , , , , ,-1.28,-3.719,-106.584
,,,,,,,,, , , , , , ,-1.132,-3.29,-106.545
,,,,,,,,, , , , , , ,-1.016,-2.867,-106.496
,,,,,,,,, , , , , , ,-0.912,-2.466,-106.447
,,,,,,,,, , , , , , ,-0.835,-2.153,-106.408
,,,,,,,,, , , , , , ,-0.769,-1.95,-106.392
,,,,,,,,, , , , , , ,-0.714,-1.846,-106.381
,,,,,,,,, , , , , , ,-0.648,-1.807,-106.375
,,,,,,,,, , , , , , ,-0.61,-1.796,-106.37
,,,,,,,,, , , , , , ,-0.577,-1.796,-106.359
,,,,,,,,, , , , , , ,-0.544,-1.796,-106.353
,,,,,,,,, , , , , , ,-0.489,-1.785,-106.353
,,,,,,,,, , , , , , ,-0.45,-1.785,-106.353
,,,,,,,,, , , , , , ,-0.417,-1.791,-106.353
,,,,,,,,, , , , , , ,-0.379,-1.807,-106.353
,,,,,,,,, , , , , , ,-0.313,-1.813,-106.353
,,,,,,,,, , , , , , ,-0.264,-1.824,-106.359
,,,,,,,,, , , , , , ,-0.209,-1.835,-106.364
,,,,,,,,, , , , , , ,-0.148,-1.84,-106.364
,,,,,,,,, , , , , , ,-0.077,-1.84,-106.37
,,,,,,,,, , , , , , ,-0.011,-1.846,-106.381
,,,,,,,,, , , , , , ,0.044,-1.829,-106.386
,,,,,,,,, , , , , , ,0.104,-1.796,-106.403
,,,,,,,,, , , , , , ,0.187,-1.73,-106.425
,,,,,,,,, , , , , , ,0.258,-1.648,-106.452
,,,,,,,,, , , , , , ,0.324,-1.549,-106.485
,,,,,,,,, , , , , , ,0.396,-1.423,-106.518
,,,,,,,,, , , , , , ,0.478,-1.274,-106.556
,,,,,,,,, , , , , , ,0.544,-1.121,-106.589
,,,,,,,,, , , , , , ,0.599,-0.961,-106.622
,,,,,,,,, , , , , , ,0.648,-0.791,-106.644
,,,,,,,,, , , , , , ,0.703,-0.61,-106.666
,,,,,,,,, , , , , , ,0.742,-0.434,-106.677
,,,,,,,,, , , , , , ,0.775,-0.253,-106.683
,,,,,,,,, , , , , , ,0.807,-0.071,-106.688
,,,,,,,,, , , , , , ,0.851,0.11,-106.683
,,,,,,,,, , , , , , ,0.884,0.28,-106.683
,,,,,,,,, , , , , , ,0.912,0.445,-106.677
,,,,,,,,, , , , , , ,0.95,0.604,-106.672
,,,,,,,,, , , , , , ,1.005,0.775,-106.672
,,,,,,,,, , , , , , ,1.049,0.939,-106.672
,,,,,,,,, , , , , , ,1.099,1.104,-106.672
,,,,,,,,, , , , , , ,1.148,1.263,-106.672
,,,,,,,,, , , , , , ,1.219,1.423,-106.672
,,,,,,,,, , , , , , ,1.285,1.566,-106.666
,,,,,,,,, , , , , , ,1.357,1.697,-106.655
,,,,,,,,, , , , , , ,1.434,1.813,-106.644
,,,,,,,,, , , , , , ,1.538,1.934,-106.633
,,,,,,,,, , , , , , ,1.626,2.043,-106.617
,,,,,,,,, , , , , , ,1.725,2.159,-106.6
,,,,,,,,, , , , , , ,1.829,2.269,-106.589
,,,,,,,,, , , , , , ,1.956,2.395,-106.567
,,,,,,,,, , , , , , ,2.071,2.516,-106.551
,,,,,,,,, , , , , , ,2.197,2.631,-106.534
,,,,,,,,, , , , , , ,2.329,2.752,-106.512
,,,,,,,,, , , , , , ,2.488,2.878,-106.49
,,,,,,,,, , , , , , ,2.648,2.999,-106.463
,,,,,,,,, , , , , , ,2.812,3.115,-106.436
,,,,,,,,, , , , , , ,2.983,3.219,-106.419
,,,,,,,,, , , , , , ,3.175,3.329,-106.403
,,,,,,,,, , , , , , ,3.356,3.428,-106.392
,,,,,,,,, , , , , , ,3.543,3.527,-106.375
,,,,,,,,, , , , , , ,3.746,3.62,-106.359
,,,,,,,,, , , , , , ,3.972,3.708,-106.337
,,,,,,,,, , , , , , ,4.202,3.779,-106.32
,,,,,,,,, , , , , , ,4.444,3.829,-106.304
,,,,,,,,, , , , , , ,4.708,3.878,-106.276
,,,,,,,,, , , , , , ,5.026,3.911,-106.238
,,,,,,,,, , , , , , ,5.361,3.922,-106.188
,,,,,,,,, , , , , , ,5.718,3.9,-106.144
,,,,,,,,, , , , , , ,6.108,3.862,-106.095
,,,,,,,,, , , , , , ,6.537,3.812,-106.051
,,,,,,,,, , , , , , ,6.976,3.757,-106.018
,,,,,,,,, , , , , , ,7.449,3.708,-105.98
,,,,,,,,, , , , , , ,7.949,3.647,-105.941
,,,,,,,,, , , , , , ,8.487,3.593,-105.897
,,,,,,,,, , , , , , ,9.042,3.516,-105.859
,,,,,,,,, , , , , , ,9.63,3.433,-105.826
,,,,,,,,, , , , , , ,10.245,3.356,-105.798
,,,,,,,,, , , , , , ,10.915,3.301,-105.776
,,,,,,,,, , , , , , ,11.618,3.257,-105.765
,,,,,,,,, , , , , , ,12.365,3.224,-105.754
,,,,,,,,, , , , , , ,13.151,3.203,-105.749
,,,,,,,,, , , , , , ,13.997,3.192,-105.743
,,,,,,,,, , , , , , ,14.865,3.181,-105.743
,,,,,,,,, , , , , , ,15.776,3.159,-105.749
,,,,,,,,, , , , , , ,16.732,3.12,-105.765
,,,,,,,,, , , , , , ,17.737,3.087,-105.798
,,,,,,,,, , , , , , ,18.776,3.043,-105.842
,,,,,,,,, , , , , , ,19.852,3.016,-105.897
,,,,,,,,, , , , , , ,20.978,3.032,-105.963
,,,,,,,,, , , , , , ,22.176,3.087,-106.04
,,,,,,,,, , , , , , ,23.434,3.181,-106.133
,,,,,,,,, , , , , , ,24.752,3.301,-106.249
,,,,,,,,, , , , , , ,26.142,3.466,-106.37
,,,,,,,,, , , , , , ,27.625,3.686,-106.485
,,,,,,,,, , , , , , ,29.202,3.944,-106.589
,,,,,,,,, , , , , , ,30.866,4.219,-106.699
,,,,,,,,, , , , , , ,32.635,4.493,-106.859
,,,,,,,,, , , , , , ,34.503,4.774,-107.062
,,,,,,,,, , , , , , ,36.453,5.081,-107.287
,,,,,,,,, , , , , , ,38.496,5.438,-107.485
,,,,,,,,, , , , , , ,40.627,5.828,-107.688
,,,,,,,,, , , , , , ,42.841,6.229,-107.902
,,,,,,,,, , , , , , ,45.11,6.658,-108.16
,,,,,,,,, , , , , , ,47.406,7.18,-108.364
,,,,,,,,, , , , , , ,49.807,7.844,-108.391
,,,,,,,,, , , , , , ,52.339,8.586,-108.27
,,,,,,,,, , , , , , ,54.992,9.327,-108.16
,,,,,,,,, , , , , , ,57.689,10.107,-108.067
,,,,,,,,, , , , , , ,60.419,10.942,-107.82
,,,,,,,,, , , , , , ,63.149,11.794,-107.271
,,,,,,,,, , , , , , ,65.819,12.563,-106.512
,,,,,,,,, , , , , , ,68.406,13.26,-105.579
,,,,,,,,, , , , , , ,70.856,13.898,-104.529
,,,,,,,,, , , , , , ,73.015,14.453,-103.409
,,,,,,,,, , , , , , ,74.855,14.854,-102.387
,,,,,,,,, , , , , , ,76.393,15.128,-101.492
,,,,,,,,, , , , , , ,77.52,15.287,-100.904
,,,,,,,,, , , , , , ,77.794,15.353,-100.596
,,,,,,,,, , , , , , ,77.388,15.364,-100.437
,,,,,,,,, , , , , , ,76.597,15.331,-100.388
,,,,,,,,, , , , , , ,75.641,15.276,-100.322
,,,,,,,,, , , , , , ,74.597,15.233,-100.157
,,,,,,,,, , , , , , ,73.521,15.178,-99.987
,,,,,,,,, , , , , , ,72.51,15.139,-99.75
,,,,,,,,, , , , , , ,71.581,15.139,-99.481
,,,,,,,,, , , , , , ,70.703,15.178,-99.201
,,,,,,,,, , , , , , ,69.868,15.249,-98.921
,,,,,,,,, , , , , , ,69.027,15.337,-98.652
,,,,,,,,, , , , , , ,68.148,15.436,-98.438
,,,,,,,,, , , , , , ,67.176,15.529,-98.306
,,,,,,,,, , , , , , ,66.105,15.606,-98.256
,,,,,,,,, , , , , , ,64.902,15.661,-98.273
,,,,,,,,, , , , , , ,63.561,15.677,-98.361
,,,,,,,,, , , , , , ,62.078,15.672,-98.476
,,,,,,,,, , , , , , ,60.502,15.639,-98.586
,,,,,,,,, , , , , , ,58.832,15.595,-98.657
,,,,,,,,, , , , , , ,57.096,15.54,-98.707
,,,,,,,,, , , , , , ,55.3,15.474,-98.734
,,,,,,,,, , , , , , ,53.481,15.392,-98.745
,,,,,,,,, , , , , , ,51.63,15.282,-98.751
,,,,,,,,, , , , , , ,49.763,15.139,-98.778
,,,,,,,,, , , , , , ,47.867,14.952,-98.833
,,,,,,,,, , , , , , ,45.972,14.716,-98.915
,,,,,,,,, , , , , , ,44.066,14.436,-99.003
,,,,,,,,, , , , , , ,42.16,14.101,-99.119
,,,,,,,,, , , , , , ,40.243,13.711,-99.24
,,,,,,,,, , , , , , ,38.348,13.282,-99.349
,,,,,,,,, , , , , , ,36.458,12.827,-99.432
,,,,,,,,, , , , , , ,34.579,12.338,-99.503
,,,,,,,,, , , , , , ,32.684,11.827,-99.553
,,,,,,,,, , , , , , ,30.817,11.299,-99.575
,,,,,,,,, , , , , , ,28.954,10.75,-99.58
,,,,,,,,, , , , , , ,27.087,10.179,-99.58
,,,,,,,,, , , , , , ,25.203,9.569,-99.58
,,,,,,,,, , , , , , ,23.346,8.937,-99.575
,,,,,,,,, , , , , , ,21.495,8.289,-99.558
,,,,,,,,, , , , , , ,19.66,7.619,-99.542
,,,,,,,,, , , , , , ,17.825,6.927,-99.525
,,,,,,,,, , , , , , ,16.029,6.218,-99.509
,,,,,,,,, , , , , , ,14.255,5.488,-99.492
,,,,,,,,, , , , , , ,12.497,4.746,-99.481
,,,,,,,,, , , , , , ,10.723,3.972,-99.481
,,,,,,,,, , , , , , ,8.97,3.192,-99.487
,,,,,,,,, , , , , , ,7.213,2.395,-99.492
,,,,,,,,, , , , , , ,5.455,1.582,-99.498
,,,,,,,,, , , , , , ,3.664,0.753,-99.487
,,,,,,,,, , , , , , ,1.884,-0.066,-99.448
,,,,,,,,, , , , , , ,0.088,-0.89,-99.377
,,,,,,,,, , , , , , ,-1.714,-1.719,-99.267
,,,,,,,,, , , , , , ,-3.554,-2.576,-99.113
,,,,,,,,, , , , , , ,-5.378,-3.444,-98.915
,,,,,,,,, , , , , , ,-7.191,-4.345,-98.679
,,,,,,,,, , , , , , ,-8.998,-5.268,-98.399
,,,,,,,,, , , , , , ,-10.805,-6.218,-98.069
,,,,,,,,, , , , , , ,-12.579,-7.169,-97.696
,,,,,,,,, , , , , , ,-14.337,-8.108,-97.289
,,,,,,,,, , , , , , ,-16.078,-9.014,-96.833
,,,,,,,,, , , , , , ,-17.82,-9.871,-96.334
,,,,,,,,, , , , , , ,-19.517,-10.624,-95.828
,,,,,,,,, , , , , , ,-21.176,-11.245,-95.334
,,,,,,,,, , , , , , ,-22.786,-11.717,-94.878
,,,,,,,,, , , , , , ,-24.351,-12.057,-94.493
,,,,,,,,, , , , , , ,-25.823,-12.272,-94.213
,,,,,,,,, , , , , , ,-27.175,-12.415,-94.065
,,,,,,,,, , , , , , ,-28.367,-12.546,-94.043
,,,,,,,,, , , , , , ,-29.383,-12.772,-94.136
,,,,,,,,, , , , , , ,-30.196,-13.145,-94.307
,,,,,,,,, , , , , , ,-30.795,-13.694,-94.532
,,,,,,,,, , , , , , ,-31.185,-14.398,-94.768
,,,,,,,,, , , , , , ,-31.377,-15.183,-95.015
,,,,,,,,, , , , , , ,-31.382,-15.936,-95.262
,,,,,,,,, , , , , , ,-31.218,-16.54,-95.532
,,,,,,,,, , , , , , ,-30.894,-16.913,-95.834
,,,,,,,,, , , , , , ,-30.41,-17.023,-96.185
,,,,,,,,, , , , , , ,-29.828,-16.908,-96.559
,,,,,,,,, , , , , , ,-29.152,-16.644,-96.949
,,,,,,,,, , , , , , ,-28.4,-16.315,-97.306
,,,,,,,,, , , , , , ,-27.499,-16.15,-97.57
,,,,,,,,, , , , , , ,-26.18,-15.364,-98.163
,,,,,,,,, , , , , , ,-24.835,-14.826,-98.586
,,,,,,,,, , , , , , ,-23.522,-14.788,-98.817
,,,,,,,,, , , , , , ,-22.137,-14.777,-99.097
,,,,,,,,, , , , , , ,-20.528,-14.414,-99.498
,,,,,,,,, , , , , , ,-18.633,-13.623,-99.97
,,,,,,,,, , , , , , ,-16.589,-12.585,-100.475
,,,,,,,,, , , , , , ,-14.562,-11.481,-100.92
,,,,,,,,, , , , , , ,-12.783,-10.437,-101.255
,,,,,,,,, , , , , , ,-11.36,-9.498,-101.508
,,,,,,,,, , , , , , ,-10.289,-8.58,-101.739
,,,,,,,,, , , , , , ,-9.503,-7.74,-101.953
,,,,,,,,, , , , , , ,-8.866,-6.96,-102.173
,,,,,,,,, , , , , , ,-8.256,-6.246,-102.409
,,,,,,,,, , , , , , ,-7.625,-5.63,-102.623
,,,,,,,,, , , , , , ,-6.96,-5.087,-102.805
,,,,,,,,, , , , , , ,-6.339,-4.592,-102.947
,,,,,,,,, , , , , , ,-5.751,-4.065,-103.057
,,,,,,,,, , , , , , ,-5.219,-3.505,-103.151
,,,,,,,,, , , , , , ,-4.724,-2.922,-103.239
,,,,,,,,, , , , , , ,-4.307,-2.384,-103.326
,,,,,,,,, , , , , , ,-3.955,-1.912,-103.403
,,,,,,,,, , , , , , ,-3.669,-1.461,-103.469
,,,,,,,,, , , , , , ,-3.433,-1.055,-103.524
,,,,,,,,, , , , , , ,-3.263,-0.692,-103.568
,,,,,,,,, , , , , , ,-3.126,-0.357,-103.585
,,,,,,,,, , , , , , ,-2.994,-0.049,-103.601
,,,,,,,,, , , , , , ,-2.862,0.198,-103.618
,,,,,,,,, , , , , , ,-2.774,0.379,-103.64
,,,,,,,,, , , , , , ,-2.697,0.494,-103.656
,,,,,,,,, , , , , , ,-2.631,0.577,-103.667
,,,,,,,,, , , , , , ,-2.549,0.654,-103.667
,,,,,,,,, , , , , , ,-2.488,0.725,-103.667
,,,,,,,,, , , , , , ,-2.428,0.791,-103.672
,,,,,,,,, , , , , , ,-2.373,0.851,-103.672
,,,,,,,,, , , , , , ,-2.296,0.906,-103.672
,,,,,,,,, , , , , , ,-2.236,0.95,-103.672
,,,,,,,,, , , , , , ,-2.175,0.994,-103.678
,,,,,,,,, , , , , , ,-2.104,1.044,-103.678
,,,,,,,,, , , , , , ,-2.021,1.104,-103.678
,,,,,,,,, , , , , , ,-1.945,1.159,-103.683
,,,,,,,,, , , , , , ,-1.873,1.214,-103.694
,,,,,,,,, , , , , , ,-1.796,1.274,-103.705
,,,,,,,,, , , , , , ,-1.708,1.351,-103.716
,,,,,,,,, , , , , , ,-1.631,1.417,-103.727
,,,,,,,,, , , , , , ,-1.555,1.494,-103.749
,,,,,,,,, , , , , , ,-1.478,1.571,-103.771
,,,,,,,,, , , , , , ,-1.379,1.664,-103.793
,,,,,,,,, , , , , , ,-1.302,1.747,-103.815
,,,,,,,,, , , , , , ,-1.225,1.835,-103.837
,,,,,,,,, , , , , , ,-1.148,1.923,-103.865
,,,,,,,,, , , , , , ,-1.055,2.016,-103.887
,,,,,,,,, , , , , , ,-0.983,2.098,-103.909
,,,,,,,,, , , , , , ,-0.912,2.181,-103.931
,,,,,,,,, , , , , , ,-0.846,2.263,-103.958
,,,,,,,,, , , , , , ,-0.758,2.351,-103.98
,,,,,,,,, , , , , , ,-0.692,2.433,-104.002
,,,,,,,,, , , , , , ,-0.626,2.516,-104.024
,,,,,,,,, , , , , , ,-0.56,2.609,-104.046
,,,,,,,,, , , , , , ,-0.472,2.725,-104.062
,,,,,,,,, , , , , , ,-0.39,2.834,-104.073
,,,,,,,,, , , , , , ,-0.297,2.955,-104.09
,,,,,,,,, , , , , , ,-0.192,3.082,-104.101
,,,,,,,,, , , , , , ,-0.066,3.219,-104.117
,,,,,,,,, , , , , , ,0.044,3.356,-104.134
,,,,,,,,, , , , , , ,0.159,3.494,-104.145
,,,,,,,,, , , , , , ,0.28,3.62,-104.15
,,,,,,,,, , , , , , ,0.423,3.752,-104.156
,,,,,,,,, , , , , , ,0.544,3.867,-104.156
,,,,,,,,, , , , , , ,0.676,3.966,-104.145
,,,,,,,,, , , , , , ,0.813,4.065,-104.134
,,,,,,,,, , , , , , ,0.972,4.158,-104.123
,,,,,,,,, , , , , , ,1.121,4.235,-104.106
,,,,,,,,, , , , , , ,1.269,4.307,-104.095
,,,,,,,,, , , , , , ,1.423,4.373,-104.079
,,,,,,,,, , , , , , ,1.593,4.438,-104.068
,,,,,,,,, , , , , , ,1.763,4.504,-104.057
,,,,,,,,, , , , , , ,1.945,4.57,-104.046
,,,,,,,,, , , , , , ,2.142,4.653,-104.046
,,,,,,,,, , , , , , ,2.362,4.741,-104.052
,,,,,,,,, , , , , , ,2.576,4.856,-104.068
,,,,,,,,, , , , , , ,2.807,4.993,-104.095
,,,,,,,,, , , , , , ,3.06,5.136,-104.128
,,,,,,,,, , , , , , ,3.34,5.279,-104.167
,,,,,,,,, , , , , , ,3.625,5.405,-104.205
,,,,,,,,, , , , , , ,3.933,5.526,-104.238
,,,,,,,,, , , , , , ,4.257,5.636,-104.271
,,,,,,,,, , , , , , ,4.62,5.751,-104.299
,,,,,,,,, , , , , , ,4.988,5.861,-104.321
,,,,,,,,, , , , , , ,5.378,5.971,-104.337
,,,,,,,,, , , , , , ,5.795,6.07,-104.348
,,,,,,,,, , , , , , ,6.251,6.169,-104.348
,,,,,,,,, , , , , , ,6.718,6.268,-104.348
,,,,,,,,, , , , , , ,7.207,6.361,-104.343
,,,,,,,,, , , , , , ,7.723,6.443,-104.337
,,,,,,,,, , , , , , ,8.278,6.526,-104.332
,,,,,,,,, , , , , , ,8.839,6.608,-104.321
,,,,,,,,, , , , , , ,9.421,6.702,-104.299
,,,,,,,,, , , , , , ,10.031,6.779,-104.271
,,,,,,,,, , , , , , ,10.679,6.85,-104.233
,,,,,,,,, , , , , , ,11.354,6.916,-104.194
,,,,,,,,, , , , , , ,12.074,6.976,-104.161
,,,,,,,,, , , , , , ,12.827,7.037,-104.134
,,,,,,,,, , , , , , ,13.634,7.108,-104.112
,,,,,,,,, , , , , , ,14.469,7.169,-104.09
,,,,,,,,, , , , , , ,15.348,7.224,-104.057
,,,,,,,,, , , , , , ,16.265,7.267,-104.03
,,,,,,,,, , , , , , ,17.243,7.284,-104.002
,,,,,,,,, , , , , , ,18.243,7.284,-103.986
,,,,,,,,, , , , , , ,19.292,7.267,-103.975
,,,,,,,,, , , , , , ,20.396,7.256,-103.98
,,,,,,,,, , , , , , ,21.566,7.267,-103.991
,,,,,,,,, , , , , , ,22.78,7.289,-104.019
,,,,,,,,, , , , , , ,24.055,7.333,-104.062
,,,,,,,,, , , , , , ,25.411,7.405,-104.139
,,,,,,,,, , , , , , ,26.856,7.52,-104.244
,,,,,,,,, , , , , , ,28.35,7.668,-104.376
,,,,,,,,, , , , , , ,29.91,7.872,-104.518
,,,,,,,,, , , , , , ,31.536,8.108,-104.694
,,,,,,,,, , , , , , ,33.261,8.377,-104.881
,,,,,,,,, , , , , , ,35.057,8.657,-105.101
,,,,,,,,, , , , , , ,36.942,8.943,-105.359
,,,,,,,,, , , , , , ,38.903,9.229,-105.667
,,,,,,,,, , , , , , ,40.952,9.547,-105.991
,,,,,,,,, , , , , , ,43.055,9.888,-106.309
,,,,,,,,, , , , , , ,45.225,10.267,-106.6
,,,,,,,,, , , , , , ,47.494,10.673,-106.88
,,,,,,,,, , , , , , ,49.85,11.091,-107.199
,,,,,,,,, , , , , , ,52.306,11.596,-107.463
,,,,,,,,, , , , , , ,54.888,12.189,-107.556
,,,,,,,,, , , , , , ,57.662,12.783,-107.474
,,,,,,,,, , , , , , ,60.623,13.326,-107.364
,,,,,,,,, , , , , , ,63.633,13.826,-107.336
,,,,,,,,, , , , , , ,66.489,14.337,-107.303
,,,,,,,,, , , , , , ,69.17,14.908,-107.067
,,,,,,,,, , , , , , ,71.609,15.524,-106.556
,,,,,,,,, , , , , , ,73.773,16.089,-105.793
,,,,,,,,, , , , , , ,75.613,16.556,-104.837
,,,,,,,,, , , , , , ,77.212,16.913,-103.793
,,,,,,,,, , , , , , ,78.734,17.194,-102.772
,,,,,,,,, , , , , , ,79.876,17.408,-101.893
,,,,,,,,, , , , , , ,80.491,17.551,-101.107
,,,,,,,,, , , , , , ,80.673,17.628,-100.448
,,,,,,,,, , , , , , ,80.453,17.672,-99.849
,,,,,,,,, , , , , , ,79.909,17.704,-99.261
,,,,,,,,, , , , , , ,79.124,17.732,-98.685
,,,,,,,,, , , , , , ,78.184,17.759,-98.19
,,,,,,,,, , , , , , ,77.146,17.814,-97.762
,,,,,,,,, , , , , , ,76.069,17.886,-97.372
,,,,,,,,, , , , , , ,74.954,17.985,-97.004
,,,,,,,,, , , , , , ,73.801,18.1,-96.702
,,,,,,,,, , , , , , ,72.609,18.237,-96.476
,,,,,,,,, , , , , , ,71.389,18.386,-96.317
,,,,,,,,, , , , , , ,70.137,18.55,-96.218
,,,,,,,,, , , , , , ,68.835,18.715,-96.185
,,,,,,,,, , , , , , ,67.456,18.875,-96.213
,,,,,,,,, , , , , , ,66.017,19.028,-96.273
,,,,,,,,, , , , , , ,64.501,19.171,-96.361
,,,,,,,,, , , , , , ,62.897,19.286,-96.487
,,,,,,,,, , , , , , ,61.205,19.38,-96.636
,,,,,,,,, , , , , , ,59.453,19.44,-96.801
,,,,,,,,, , , , , , ,57.645,19.468,-96.965
,,,,,,,,, , , , , , ,55.8,19.462,-97.141
,,,,,,,,, , , , , , ,53.921,19.418,-97.333
,,,,,,,,, , , , , , ,52.064,19.341,-97.531
,,,,,,,,, , , , , , ,50.224,19.221,-97.734
,,,,,,,,, , , , , , ,48.4,19.05,-97.96
,,,,,,,,, , , , , , ,46.588,18.825,-98.207
,,,,,,,,, , , , , , ,44.802,18.55,-98.459
,,,,,,,,, , , , , , ,43.028,18.221,-98.718
,,,,,,,,, , , , , , ,41.243,17.825,-98.987
,,,,,,,,, , , , , , ,39.424,17.369,-99.261
,,,,,,,,, , , , , , ,37.595,16.87,-99.514
,,,,,,,,, , , , , , ,35.75,16.331,-99.734
,,,,,,,,, , , , , , ,33.893,15.765,-99.932
,,,,,,,,, , , , , , ,32.02,15.161,-100.107
,,,,,,,,, , , , , , ,30.157,14.535,-100.261
,,,,,,,,, , , , , , ,28.29,13.876,-100.41
,,,,,,,,, , , , , , ,26.428,13.173,-100.569
,,,,,,,,, , , , , , ,24.554,12.431,-100.739
,,,,,,,,, , , , , , ,22.709,11.662,-100.92
,,,,,,,,, , , , , , ,20.88,10.865,-101.102
,,,,,,,,, , , , , , ,19.072,10.052,-101.283
,,,,,,,,, , , , , , ,17.26,9.234,-101.464
,,,,,,,,, , , , , , ,15.48,8.421,-101.629
,,,,,,,,, , , , , , ,13.711,7.619,-101.777
,,,,,,,,, , , , , , ,11.948,6.817,-101.909
,,,,,,,,, , , , , , ,10.184,5.999,-102.03
,,,,,,,,, , , , , , ,8.448,5.175,-102.134
,,,,,,,,, , , , , , ,6.735,4.323,-102.228
,,,,,,,,, , , , , , ,5.043,3.455,-102.294
,,,,,,,,, , , , , , ,3.356,2.549,-102.332
,,,,,,,,, , , , , , ,1.697,1.637,-102.338
,,,,,,,,, , , , , , ,0.038,0.714,-102.288
,,,,,,,,, , , , , , ,-1.637,-0.192,-102.189
,,,,,,,,, , , , , , ,-3.373,-1.104,-102.019
,,,,,,,,, , , , , , ,-5.125,-1.989,-101.788
,,,,,,,,, , , , , , ,-6.916,-2.862,-101.497
,,,,,,,,, , , , , , ,-8.745,-3.719,-101.146
,,,,,,,,, , , , , , ,-10.618,-4.57,-100.728
,,,,,,,,, , , , , , ,-12.486,-5.4,-100.256
,,,,,,,,, , , , , , ,-14.343,-6.202,-99.723
,,,,,,,,, , , , , , ,-16.172,-6.949,-99.141
,,,,,,,,, , , , , , ,-17.979,-7.619,-98.509
,,,,,,,,, , , , , , ,-19.726,-8.163,-97.855
,,,,,,,,, , , , , , ,-21.401,-8.564,-97.213
,,,,,,,,, , , , , , ,-23.005,-8.778,-96.608
,,,,,,,,, , , , , , ,-24.527,-8.8,-96.092
,,,,,,,,, , , , , , ,-25.944,-8.696,-95.696
,,,,,,,,, , , , , , ,-27.241,-8.553,-95.433
,,,,,,,,, , , , , , ,-28.4,-8.47,-95.279
,,,,,,,,, , , , , , ,-29.388,-8.514,-95.224
,,,,,,,,, , , , , , ,-30.174,-8.756,-95.235
,,,,,,,,, , , , , , ,-30.751,-9.207,-95.29
,,,,,,,,, , , , , , ,-31.097,-9.833,-95.339
,,,,,,,,, , , , , , ,-31.207,-10.53,-95.405
,,,,,,,,, , , , , , ,-31.13,-11.162,-95.499
,,,,,,,,, , , , , , ,-30.894,-11.613,-95.652
,,,,,,,,, , , , , , ,-30.52,-11.821,-95.872
,,,,,,,,, , , , , , ,-30.004,-11.794,-96.169
,,,,,,,,, , , , , , ,-28.856,-11.629,-96.713
,,,,,,,,, , , , , , ,-27.356,-10.767,-97.663
,,,,,,,,, , , , , , ,-25.873,-10.448,-98.476
,,,,,,,,, , , , , , ,-24.335,-10.058,-99.245
,,,,,,,,, , , , , , ,-22.835,-9.789,-99.877
,,,,,,,,, , , , , , ,-21.275,-9.421,-100.421
,,,,,,,,, , , , , , ,-19.589,-8.817,-100.871
,,,,,,,,, , , , , , ,-17.798,-8.113,-101.266
,,,,,,,,, , , , , , ,-15.996,-7.432,-101.58
,,,,,,,,, , , , , , ,-14.271,-6.839,-101.843
,,,,,,,,, , , , , , ,-12.739,-6.312,-102.074
,,,,,,,,, , , , , , ,-11.404,-5.817,-102.288
,,,,,,,,, , , , , , ,-10.283,-5.389,-102.491
,,,,,,,,, , , , , , ,-9.316,-5.004,-102.7
,,,,,,,,, , , , , , ,-8.465,-4.68,-102.909
,,,,,,,,, , , , , , ,-7.657,-4.373,-103.118
,,,,,,,,, , , , , , ,-6.91,-4.076,-103.321
,,,,,,,,, , , , , , ,-6.207,-3.774,-103.502
,,,,,,,,, , , , , , ,-5.587,-3.466,-103.634
,,,,,,,,, , , , , , ,-5.048,-3.142,-103.733
,,,,,,,,, , , , , , ,-4.609,-2.791,-103.804
,,,,,,,,, , , , , , ,-4.252,-2.411,-103.865
,,,,,,,,, , , , , , ,-3.961,-2.038,-103.903
,,,,,,,,, , , , , , ,-3.68,-1.659,-103.942
,,,,,,,,, , , , , , ,-3.444,-1.28,-103.98
,,,,,,,,, , , , , , ,-3.235,-0.917,-104.008
,,,,,,,,, , , , , , ,-3.038,-0.571,-104.035
,,,,,,,,, , , , , , ,-2.845,-0.242,-104.046
,,,,,,,,, , , , , , ,-2.714,0.038,-104.046
,,,,,,,,, , , , , , ,-2.604,0.28,-104.046
,,,,,,,,, , , , , , ,-2.516,0.494,-104.041
,,,,,,,,, , , , , , ,-2.417,0.692,-104.041
,,,,,,,,, , , , , , ,-2.34,0.873,-104.046
,,,,,,,,, , , , , , ,-2.269,1.044,-104.052
,,,,,,,,, , , , , , ,-2.203,1.203,-104.057
,,,,,,,,, , , , , , ,-2.137,1.34,-104.062
,,,,,,,,, , , , , , ,-2.093,1.445,-104.062
,,,,,,,,, , , , , , ,-2.049,1.527,-104.068
,,,,,,,,, , , , , , ,-2.005,1.588,-104.079
,,,,,,,,, , , , , , ,-1.945,1.642,-104.09
,,,,,,,,, , , , , , ,-1.901,1.686,-104.101
,,,,,,,,, , , , , , ,-1.851,1.73,-104.117
,,,,,,,,, , , , , , ,-1.791,1.769,-104.128
,,,,,,,,, , , , , , ,-1.714,1.807,-104.145
,,,,,,,,, , , , , , ,-1.653,1.829,-104.161
,,,,,,,,, , , , , , ,-1.582,1.851,-104.183
,,,,,,,,, , , , , , ,-1.511,1.873,-104.205
,,,,,,,,, , , , , , ,-1.412,1.917,-104.222
,,,,,,,,, , , , , , ,-1.329,1.961,-104.244
,,,,,,,,, , , , , , ,-1.241,2.021,-104.266
,,,,,,,,, , , , , , ,-1.154,2.087,-104.282
,,,,,,,,, , , , , , ,-1.049,2.159,-104.293
,,,,,,,,, , , , , , ,-0.967,2.219,-104.304
,,,,,,,,, , , , , , ,-0.879,2.274,-104.31
,,,,,,,,, , , , , , ,-0.802,2.335,-104.321
,,,,,,,,, , , , , , ,-0.709,2.401,-104.326
,,,,,,,,, , , , , , ,-0.637,2.45,-104.337
,,,,,,,,, , , , , , ,-0.566,2.505,-104.348
,,,,,,,,, , , , , , ,-0.5,2.549,-104.354
,,,,,,,,, , , , , , ,-0.423,2.604,-104.365
,,,,,,,,, , , , , , ,-0.363,2.642,-104.376
,,,,,,,,, , , , , , ,-0.302,2.681,-104.387
,,,,,,,,, , , , , , ,-0.242,2.719,-104.403
,,,,,,,,, , , , , , ,-0.159,2.769,-104.414
,,,,,,,,, , , , , , ,-0.093,2.818,-104.436
,,,,,,,,, , , , , , ,-0.027,2.884,-104.458
,,,,,,,,, , , , , , ,0.038,2.961,-104.48
,,,,,,,,, , , , , , ,0.121,3.054,-104.502
,,,,,,,,, , , , , , ,0.192,3.153,-104.529
,,,,,,,,, , , , , , ,0.258,3.252,-104.551
,,,,,,,,, , , , , , ,0.324,3.367,-104.573
,,,,,,,,, , , , , , ,0.412,3.494,-104.601
,,,,,,,,, , , , , , ,0.478,3.615,-104.623
,,,,,,,,, , , , , , ,0.549,3.746,-104.645
,,,,,,,,, , , , , , ,0.626,3.884,-104.672
,,,,,,,,, , , , , , ,0.72,4.032,-104.694
,,,,,,,,, , , , , , ,0.807,4.18,-104.722
,,,,,,,,, , , , , , ,0.901,4.329,-104.744
,,,,,,,,, , , , , , ,1.005,4.477,-104.766
,,,,,,,,, , , , , , ,1.126,4.625,-104.782
,,,,,,,,, , , , , , ,1.241,4.757,-104.799
,,,,,,,,, , , , , , ,1.368,4.883,-104.815
,,,,,,,,, , , , , , ,1.505,5.004,-104.826
,,,,,,,,, , , , , , ,1.681,5.136,-104.832
,,,,,,,,, , , , , , ,1.857,5.273,-104.843
,,,,,,,,, , , , , , ,2.043,5.427,-104.865
,,,,,,,,, , , , , , ,2.241,5.603,-104.897
,,,,,,,,, , , , , , ,2.461,5.801,-104.93
,,,,,,,,, , , , , , ,2.681,5.999,-104.969
,,,,,,,,, , , , , , ,2.9,6.196,-105.007
,,,,,,,,, , , , , , ,3.126,6.383,-105.04
,,,,,,,,, , , , , , ,3.362,6.564,-105.073
,,,,,,,,, , , , , , ,3.587,6.729,-105.117
,,,,,,,,, , , , , , ,3.823,6.894,-105.172
,,,,,,,,, , , , , , ,4.087,7.037,-105.222
,,,,,,,,, , , , , , ,4.422,7.152,-105.249
,,,,,,,,, , , , , , ,4.785,7.229,-105.255
,,,,,,,,, , , , , , ,5.175,7.284,-105.249
,,,,,,,,, , , , , , ,5.587,7.3,-105.249
,,,,,,,,, , , , , , ,6.031,7.306,-105.238
,,,,,,,,, , , , , , ,6.482,7.311,-105.222
,,,,,,,,, , , , , , ,6.96,7.317,-105.205
,,,,,,,,, , , , , , ,7.46,7.322,-105.178
,,,,,,,,, , , , , , ,8.004,7.328,-105.15
,,,,,,,,, , , , , , ,8.569,7.317,-105.123
,,,,,,,,, , , , , , ,9.168,7.295,-105.101
,,,,,,,,, , , , , , ,9.8,7.267,-105.084
,,,,,,,,, , , , , , ,10.47,7.256,-105.068
,,,,,,,,, , , , , , ,11.162,7.245,-105.04
,,,,,,,,, , , , , , ,11.893,7.234,-105.013
,,,,,,,,, , , , , , ,12.656,7.213,-104.985
,,,,,,,,, , , , , , ,13.464,7.185,-104.963
,,,,,,,,, , , , , , ,14.299,7.141,-104.958
,,,,,,,,, , , , , , ,15.172,7.097,-104.958
,,,,,,,,, , , , , , ,16.089,7.064,-104.974
,,,,,,,,, , , , , , ,17.067,7.053,-105.007
,,,,,,,,, , , , , , ,18.078,7.048,-105.068
,,,,,,,,, , , , , , ,19.144,7.075,-105.145
,,,,,,,,, , , , , , ,20.264,7.147,-105.244
,,,,,,,,, , , , , , ,21.451,7.256,-105.348
,,,,,,,,, , , , , , ,22.692,7.394,-105.458
,,,,,,,,, , , , , , ,24,7.57,-105.568
,,,,,,,,, , , , , , ,25.384,7.762,-105.694
,,,,,,,,, , , , , , ,26.851,7.96,-105.848
,,,,,,,,, , , , , , ,28.4,8.163,-106.029
,,,,,,,,, , , , , , ,30.037,8.372,-106.238
,,,,,,,,, , , , , , ,31.745,8.553,-106.496
,,,,,,,,, , , , , , ,33.525,8.734,-106.798
,,,,,,,,, , , , , , ,35.37,8.954,-107.1
,,,,,,,,, , , , , , ,37.304,9.256,-107.353
,,,,,,,,, , , , , , ,39.32,9.651,-107.551
,,,,,,,,, , , , , , ,41.424,10.14,-107.688
,,,,,,,,, , , , , , ,43.594,10.706,-107.759
,,,,,,,,, , , , , , ,45.813,11.36,-107.748
,,,,,,,,, , , , , , ,48.153,12.112,-107.617
,,,,,,,,, , , , , , ,50.625,12.925,-107.347
,,,,,,,,, , , , , , ,53.119,13.727,-107.056
,,,,,,,,, , , , , , ,55.569,14.524,-106.765
,,,,,,,,, , , , , , ,58.008,15.386,-106.342
,,,,,,,,, , , , , , ,60.496,16.326,-105.634
,,,,,,,,, , , , , , ,63.029,17.254,-104.645
,,,,,,,,, , , , , , ,65.506,18.083,-103.568
,,,,,,,,, , , , , , ,67.78,18.809,-102.491
,,,,,,,,, , , , , , ,69.879,19.402,-101.426
,,,,,,,,, , , , , , ,71.933,19.885,-100.41
,,,,,,,,, , , , , , ,73.96,20.363,-99.509
,,,,,,,,, , , , , , ,75.498,20.792,-98.926
,,,,,,,,, , , , , , ,76.382,21.165,-98.427
,,,,,,,,, , , , , , ,76.772,21.5,-98.069
,,,,,,,,, , , , , , ,76.723,21.808,-97.861
,,,,,,,,, , , , , , ,76.278,22.088,-97.718
,,,,,,,,, , , , , , ,75.515,22.302,-97.635
,,,,,,,,, , , , , , ,74.575,22.445,-97.614
,,,,,,,,, , , , , , ,73.526,22.511,-97.625
,,,,,,,,, , , , , , ,72.422,22.505,-97.668
,,,,,,,,, , , , , , ,71.279,22.434,-97.712
,,,,,,,,, , , , , , ,70.131,22.313,-97.734
,,,,,,,,, , , , , , ,68.989,22.143,-97.723
,,,,,,,,, , , , , , ,67.846,21.94,-97.712
,,,,,,,,, , , , , , ,66.703,21.698,-97.69
,,,,,,,,, , , , , , ,65.566,21.423,-97.657
,,,,,,,,, , , , , , ,64.396,21.127,-97.625
,,,,,,,,, , , , , , ,63.166,20.797,-97.619
,,,,,,,,, , , , , , ,61.826,20.44,-97.663
,,,,,,,,, , , , , , ,60.397,20.061,-97.745
,,,,,,,,, , , , , , ,58.865,19.66,-97.855
,,,,,,,,, , , , , , ,57.244,19.248,-97.998
,,,,,,,,, , , , , , ,55.536,18.825,-98.163
,,,,,,,,, , , , , , ,53.784,18.397,-98.322
,,,,,,,,, , , , , , ,52.004,17.968,-98.465
,,,,,,,,, , , , , , ,50.202,17.534,-98.608
,,,,,,,,, , , , , , ,48.378,17.106,-98.74
,,,,,,,,, , , , , , ,46.56,16.677,-98.855
,,,,,,,,, , , , , , ,44.725,16.249,-98.959
,,,,,,,,, , , , , , ,42.885,15.809,-99.075
,,,,,,,,, , , , , , ,41.017,15.359,-99.196
,,,,,,,,, , , , , , ,39.161,14.892,-99.333
,,,,,,,,, , , , , , ,37.288,14.403,-99.481
,,,,,,,,, , , , , , ,35.403,13.898,-99.662
,,,,,,,,, , , , , , ,33.503,13.37,-99.86
,,,,,,,,, , , , , , ,31.613,12.838,-100.074
,,,,,,,,, , , , , , ,29.729,12.294,-100.305
,,,,,,,,, , , , , , ,27.845,11.75,-100.58
,,,,,,,,, , , , , , ,25.944,11.184,-100.898
,,,,,,,,, , , , , , ,24.071,10.591,-101.272
,,,,,,,,, , , , , , ,22.198,9.965,-101.695
,,,,,,,,, , , , , , ,20.341,9.311,-102.167
,,,,,,,,, , , , , , ,18.479,8.635,-102.667
,,,,,,,,, , , , , , ,16.65,7.965,-103.178
,,,,,,,,, , , , , , ,14.843,7.3,-103.683
,,,,,,,,, , , , , , ,13.068,6.647,-104.183
,,,,,,,,, , , , , , ,11.31,5.977,-104.672
,,,,,,,,, , , , , , ,9.613,5.29,-105.145
,,,,,,,,, , , , , , ,7.96,4.559,-105.606
,,,,,,,,, , , , , , ,6.35,3.774,-106.057
,,,,,,,,, , , , , , ,4.763,2.906,-106.496
,,,,,,,,, , , , , , ,3.224,1.978,-106.913
,,,,,,,,, , , , , , ,1.686,0.983,-107.303
,,,,,,,,, , , , , , ,0.132,-0.071,-107.666
,,,,,,,,, , , , , , ,-1.467,-1.203,-107.985
,,,,,,,,, , , , , , ,-3.087,-2.384,-108.259
,,,,,,,,, , , , , , ,-4.73,-3.625,-108.479
,,,,,,,,, , , , , , ,-6.389,-4.922,-108.627
,,,,,,,,, , , , , , ,-8.053,-6.279,-108.699
,,,,,,,,, , , , , , ,-9.69,-7.652,-108.688
,,,,,,,,, , , , , , ,-11.288,-9.031,-108.578
,,,,,,,,, , , , , , ,-12.843,-10.382,-108.369
,,,,,,,,, , , , , , ,-14.381,-11.678,-108.062
,,,,,,,,, , , , , , ,-15.875,-12.865,-107.666
,,,,,,,,, , , , , , ,-17.347,-13.909,-107.194
,,,,,,,,, , , , , , ,-18.809,-14.76,-106.677
,,,,,,,,, , , , , , ,-20.248,-15.397,-106.144
,,,,,,,,, , , , , , ,-21.638,-15.809,-105.634
,,,,,,,,, , , , , , ,-22.95,-16.029,-105.183
,,,,,,,,, , , , , , ,-24.164,-16.144,-104.81
,,,,,,,,, , , , , , ,-25.241,-16.254,-104.507
,,,,,,,,, , , , , , ,-26.153,-16.463,-104.249
,,,,,,,,, , , , , , ,-26.884,-16.859,-104.013
,,,,,,,,, , , , , , ,-27.444,-17.43,-103.771
,,,,,,,,, , , , , , ,-27.828,-18.138,-103.53
,,,,,,,,, , , , , , ,-28.054,-18.88,-103.299
,,,,,,,,, , , , , , ,-28.114,-19.55,-103.118
,,,,,,,,, , , , , , ,-28.004,-20.034,-103.002
,,,,,,,,, , , , , , ,-27.724,-20.264,-103.008
,,,,,,,,, , , , , , ,-27.307,-20.259,-103.118
,,,,,,,,, , , , , , ,-26.411,-19.973,-103.469
,,,,,,,,, , , , , , ,-24.944,-18.364,-104.343
,,,,,,,,, , , , , , ,-23.505,-17.298,-105.09
,,,,,,,,, , , , , , ,-22.148,-16.644,-105.705
,,,,,,,,, , , , , , ,-20.934,-16.249,-106.26
,,,,,,,,, , , , , , ,-19.66,-15.848,-106.853
,,,,,,,,, , , , , , ,-18.221,-15.194,-107.402
,,,,,,,,, , , , , , ,-16.694,-14.365,-107.858
,,,,,,,,, , , , , , ,-15.079,-13.387,-108.21
,,,,,,,,, , , , , , ,-13.464,-12.365,-108.457
,,,,,,,,, , , , , , ,-11.959,-11.431,-108.633
,,,,,,,,, , , , , , ,-10.64,-10.574,-108.765
,,,,,,,,, , , , , , ,-9.509,-9.811,-108.902
,,,,,,,,, , , , , , ,-8.52,-9.157,-109.061
,,,,,,,,, , , , , , ,-7.619,-8.586,-109.237
,,,,,,,,, , , , , , ,-6.817,-8.097,-109.413
,,,,,,,,, , , , , , ,-6.064,-7.619,-109.572
,,,,,,,,, , , , , , ,-5.345,-7.147,-109.72
,,,,,,,,, , , , , , ,-4.691,-6.641,-109.836
,,,,,,,,, , , , , , ,-4.147,-6.114,-109.896
,,,,,,,,, , , , , , ,-3.669,-5.521,-109.935
,,,,,,,,, , , , , , ,-3.23,-4.834,-109.957
,,,,,,,,, , , , , , ,-2.802,-4.048,-109.973
,,,,,,,,, , , , , , ,-2.406,-3.186,-109.984
,,,,,,,,, , , , , , ,-2.065,-2.313,-109.979
,,,,,,,,, , , , , , ,-1.78,-1.467,-109.946
,,,,,,,,, , , , , , ,-1.555,-0.731,-109.891
,,,,,,,,, , , , , , ,-1.406,-0.121,-109.819
,,,,,,,,, , , , , , ,-1.285,0.297,-109.748
,,,,,,,,, , , , , , ,-1.165,0.626,-109.698
,,,,,,,,, , , , , , ,-1.016,0.906,-109.66
,,,,,,,,, , , , , , ,-0.879,1.165,-109.622
,,,,,,,,, , , , , , ,-0.753,1.395,-109.572
,,,,,,,,, , , , , , ,-0.643,1.593,-109.528
,,,,,,,,, , , , , , ,-0.522,1.758,-109.49
,,,,,,,,, , , , , , ,-0.423,1.917,-109.462
,,,,,,,,, , , , , , ,-0.319,2.087,-109.44
,,,,,,,,, , , , , , ,-0.225,2.263,-109.424
,,,,,,,,, , , , , , ,-0.126,2.422,-109.402
,,,,,,,,, , , , , , ,-0.049,2.538,-109.385
,,,,,,,,, , , , , , ,0.016,2.631,-109.374
,,,,,,,,, , , , , , ,0.088,2.725,-109.374
,,,,,,,,, , , , , , ,0.17,2.834,-109.38
,,,,,,,,, , , , , , ,0.242,2.961,-109.391
,,,,,,,,, , , , , , ,0.319,3.109,-109.402
,,,,,,,,, , , , , , ,0.401,3.268,-109.418
,,,,,,,,, , , , , , ,0.5,3.433,-109.429
,,,,,,,,, , , , , , ,0.588,3.582,-109.44
,,,,,,,,, , , , , , ,0.687,3.719,-109.451
,,,,,,,,, , , , , , ,0.786,3.84,-109.457
,,,,,,,,, , , , , , ,0.901,3.955,-109.457
,,,,,,,,, , , , , , ,1.011,4.048,-109.457
,,,,,,,,, , , , , , ,1.126,4.142,-109.451
,,,,,,,,, , , , , , ,1.236,4.235,-109.446
,,,,,,,,, , , , , , ,1.368,4.334,-109.446
,,,,,,,,, , , , , , ,1.478,4.417,-109.451
,,,,,,,,, , , , , , ,1.593,4.504,-109.451
,,,,,,,,, , , , , , ,1.697,4.592,-109.462
,,,,,,,,, , , , , , ,1.813,4.697,-109.484
,,,,,,,,, , , , , , ,1.912,4.796,-109.517
,,,,,,,,, , , , , , ,2,4.894,-109.55
,,,,,,,,, , , , , , ,2.087,4.993,-109.583
,,,,,,,,, , , , , , ,2.186,5.098,-109.611
,,,,,,,,, , , , , , ,2.269,5.197,-109.644
,,,,,,,,, , , , , , ,2.346,5.29,-109.671
,,,,,,,,, , , , , , ,2.417,5.389,-109.709
,,,,,,,,, , , , , , ,2.499,5.493,-109.737
,,,,,,,,, , , , , , ,2.571,5.592,-109.764
,,,,,,,,, , , , , , ,2.637,5.68,-109.781
,,,,,,,,, , , , , , ,2.703,5.768,-109.792
,,,,,,,,, , , , , , ,2.785,5.856,-109.797
,,,,,,,,, , , , , , ,2.845,5.927,-109.797
,,,,,,,,, , , , , , ,2.906,5.988,-109.786
,,,,,,,,, , , , , , ,2.972,6.042,-109.77
,,,,,,,,, , , , , , ,3.049,6.092,-109.748
,,,,,,,,, , , , , , ,3.115,6.13,-109.715
,,,,,,,,, , , , , , ,3.186,6.158,-109.677
,,,,,,,,, , , , , , ,3.263,6.174,-109.638
,,,,,,,,, , , , , , ,3.356,6.196,-109.594
,,,,,,,,, , , , , , ,3.444,6.196,-109.55
,,,,,,,,, , , , , , ,3.543,6.191,-109.495
,,,,,,,,, , , , , , ,3.647,6.174,-109.446
,,,,,,,,, , , , , , ,3.768,6.158,-109.391
,,,,,,,,, , , , , , ,3.889,6.13,-109.33
,,,,,,,,, , , , , , ,4.016,6.097,-109.265
,,,,,,,,, , , , , , ,4.147,6.059,-109.199
,,,,,,,,, , , , , , ,4.301,6.026,-109.127
,,,,,,,,, , , , , , ,4.449,5.982,-109.061
,,,,,,,,, , , , , , ,4.603,5.933,-108.984
,,,,,,,,, , , , , , ,4.768,5.883,-108.913
,,,,,,,,, , , , , , ,4.949,5.839,-108.836
,,,,,,,,, , , , , , ,5.125,5.784,-108.77
,,,,,,,,, , , , , , ,5.301,5.724,-108.699
,,,,,,,,, , , , , , ,5.488,5.652,-108.644
,,,,,,,,, , , , , , ,5.691,5.587,-108.583
,,,,,,,,, , , , , , ,5.883,5.504,-108.534
,,,,,,,,, , , , , , ,6.081,5.411,-108.479
,,,,,,,,, , , , , , ,6.284,5.317,-108.43
,,,,,,,,, , , , , , ,6.504,5.229,-108.375
,,,,,,,,, , , , , , ,6.718,5.131,-108.32
,,,,,,,,, , , , , , ,6.938,5.037,-108.265
,,,,,,,,, , , , , , ,7.169,4.938,-108.215
,,,,,,,,, , , , , , ,7.416,4.85,-108.171
,,,,,,,,, , , , , , ,7.663,4.752,-108.133
,,,,,,,,, , , , , , ,7.927,4.653,-108.089
,,,,,,,,, , , , , , ,8.207,4.565,-108.045
,,,,,,,,, , , , , , ,8.509,4.488,-108.001
,,,,,,,,, , , , , , ,8.806,4.4,-107.963
,,,,,,,,, , , , , , ,9.102,4.312,-107.924
,,,,,,,,, , , , , , ,9.41,4.224,-107.891
,,,,,,,,, , , , , , ,9.734,4.153,-107.853
,,,,,,,,, , , , , , ,10.047,4.076,-107.814
,,,,,,,,, , , , , , ,10.366,4.01,-107.776
,,,,,,,,, , , , , , ,10.679,3.95,-107.754
,,,,,,,,, , , , , , ,10.997,3.895,-107.737
,,,,,,,,, , , , , , ,11.294,3.829,-107.732
,,,,,,,,, , , , , , ,11.58,3.757,-107.721
,,,,,,,,, , , , , , ,11.854,3.68,-107.71
,,,,,,,,, , , , , , ,12.129,3.598,-107.704
,,,,,,,,, , , , , , ,12.387,3.499,-107.693
,,,,,,,,, , , , , , ,12.634,3.4,-107.688
,,,,,,,,, , , , , , ,12.881,3.318,-107.682
,,,,,,,,, , , , , , ,13.129,3.246,-107.682
,,,,,,,,, , , , , , ,13.354,3.175,-107.693
,,,,,,,,, , , , , , ,13.568,3.126,-107.715
,,,,,,,,, , , , , , ,13.777,3.087,-107.743
,,,,,,,,, , , , , , ,14.002,3.065,-107.781
,,,,,,,,, , , , , , ,14.216,3.049,-107.814
,,,,,,,,, , , , , , ,14.447,3.038,-107.836
,,,,,,,,, , , , , , ,14.7,3.043,-107.864
,,,,,,,,, , , , , , ,14.996,3.076,-107.886
,,,,,,,,, , , , , , ,15.298,3.137,-107.913
,,,,,,,,, , , , , , ,15.623,3.23,-107.946
,,,,,,,,, , , , , , ,15.963,3.34,-107.996
,,,,,,,,, , , , , , ,16.331,3.477,-108.04
,,,,,,,,, , , , , , ,16.705,3.62,-108.089
,,,,,,,,, , , , , , ,17.089,3.768,-108.116
,,,,,,,,, , , , , , ,17.485,3.928,-108.144
,,,,,,,,, , , , , , ,17.902,4.092,-108.171
,,,,,,,,, , , , , , ,18.303,4.274,-108.204
,,,,,,,,, , , , , , ,18.699,4.482,-108.237
,,,,,,,,, , , , , , ,19.105,4.702,-108.27
