Time,Device name,Chip Time(),Acceleration X(g),Acceleration Y(g),Acceleration Z(g),Angular velocity X(°/s),Angular velocity Y(°/s),Angular velocity Z(°/s),ShiftX(mm),ShiftY(mm),ShiftZ(mm),SpeedX(mm/s),SpeedY(mm/s),SpeedZ(mm/s),Angle X(°),Angle Y(°),Angle Z(°)
 09:36:57.134,eb:33:2e:f9:57:b5, 2015-01-01 00:25:34.090,0.003,-0.007,0.994,0.244,-0.061,0, , , , , , ,-0.439,-0.264,-108.358
 09:36:57.135,eb:33:2e:f9:57:b5, 2015-01-01 00:25:34.090,0.003,-0.008,0.995,0.244,-0.061,0, , , , , , ,-0.439,-0.264,-108.358
 09:36:57.135,eb:33:2e:f9:57:b5, 2015-01-01 00:25:34.090,0.004,-0.008,0.994,0.244,-0.061,0, , , , , , ,-0.439,-0.264,-108.358
 09:36:57.135,eb:33:2e:f9:57:b5, 2015-01-01 00:25:34.090,0.003,-0.007,0.994,0.244,0,0, , , , , , ,-0.439,-0.264,-108.358
 09:36:57.135,eb:33:2e:f9:57:b5, 2015-01-01 00:25:34.090,0.002,-0.007,0.995,0.305,0,0, , , , , , ,-0.439,-0.264,-108.358
 09:36:57.135,eb:33:2e:f9:57:b5, 2015-01-01 00:25:34.090,0.001,-0.008,0.994,0.305,0,0, , , , , , ,-0.439,-0.264,-108.358
 09:36:57.135,eb:33:2e:f9:57:b5, 2015-01-01 00:25:34.090,0.003,-0.007,0.994,0.366,-0.061,0, , , , , , ,-0.439,-0.264,-108.358
 09:36:57.135,eb:33:2e:f9:57:b5, 2015-01-01 00:25:34.090,0.002,-0.007,0.995,0.305,0,0, , , , , , ,-0.439,-0.264,-108.358
 09:36:57.181,eb:33:2e:f9:57:b5, 2015-01-01 00:25:34.090,0.002,-0.006,0.994,0.366,0,0.061, , , , , , ,-0.439,-0.264,-108.358
 09:36:57.181,eb:33:2e:f9:57:b5, 2015-01-01 00:25:34.090,0.002,-0.005,0.994,0.366,0,0, , , , , , ,-0.439,-0.264,-108.358
 09:36:57.181,eb:33:2e:f9:57:b5, 2015-01-01 00:25:34.090,0.002,-0.005,0.994,0.366,0,0, , , , , , ,-0.439,-0.264,-108.358
 09:36:57.181,eb:33:2e:f9:57:b5, 2015-01-01 00:25:34.090,0.003,-0.006,0.994,0.427,0,0, , , , , , ,-0.439,-0.264,-108.358
 09:36:57.181,eb:33:2e:f9:57:b5, 2015-01-01 00:25:34.090,0.003,-0.006,0.994,0.305,0,0, , , , , , ,-0.439,-0.264,-108.358
 09:36:57.181,eb:33:2e:f9:57:b5, 2015-01-01 00:25:34.090,0.003,-0.005,0.994,0.305,0,0, , , , , , ,-0.439,-0.264,-108.358
 09:36:57.181,eb:33:2e:f9:57:b5, 2015-01-01 00:25:34.090,0.003,-0.007,0.993,0.305,0,0, , , , , , ,-0.439,-0.264,-108.358
 09:36:57.181,eb:33:2e:f9:57:b5, 2015-01-01 00:25:34.090,0.003,-0.006,0.993,0.305,0,0, , , , , , ,-0.439,-0.264,-108.358
 09:36:57.202,eb:33:2e:f9:57:b5, 2015-01-01 00:25:34.090,0.001,-0.004,0.993,0.305,0,-0.061, , , , , , ,-0.434,-0.264,-108.358
 09:36:57.202,eb:33:2e:f9:57:b5, 2015-01-01 00:25:34.090,0.002,-0.005,0.992,0.244,-0.061,-0.061, , , , , , ,-0.434,-0.264,-108.358
 09:36:57.202,eb:33:2e:f9:57:b5, 2015-01-01 00:25:34.090,0.004,-0.006,0.992,0.183,-0.061,-0.122, , , , , , ,-0.434,-0.264,-108.358
 09:36:57.202,eb:33:2e:f9:57:b5, 2015-01-01 00:25:34.090,0.004,-0.006,0.994,0.183,0,-0.061, , , , , , ,-0.434,-0.264,-108.358
 09:36:57.202,eb:33:2e:f9:57:b5, 2015-01-01 00:25:34.090,0.003,-0.006,0.994,0.183,0,-0.061, , , , , , ,-0.434,-0.264,-108.358
 09:36:57.202,eb:33:2e:f9:57:b5, 2015-01-01 00:25:34.090,0.001,-0.005,0.993,0.183,0,-0.122, , , , , , ,-0.434,-0.264,-108.358
 09:36:57.204,eb:33:2e:f9:57:b5, 2015-01-01 00:25:34.090,0.002,-0.005,0.992,0.183,0,-0.061, , , , , , ,-0.434,-0.264,-108.358
 09:36:57.204,eb:33:2e:f9:57:b5, 2015-01-01 00:25:34.090,0.002,-0.006,0.993,0.122,0,-0.122, , , , , , ,-0.434,-0.264,-108.358
 09:36:57.270,eb:33:2e:f9:57:b5, 2015-01-01 00:25:34.090,0.005,-0.008,0.994,0.183,-0.061,-0.122, , , , , , ,-0.434,-0.258,-108.358
 09:36:57.270,eb:33:2e:f9:57:b5, 2015-01-01 00:25:34.090,0.004,-0.007,0.996,0.244,0,-0.061, , , , , , ,-0.434,-0.258,-108.358
 09:36:57.270,eb:33:2e:f9:57:b5, 2015-01-01 00:25:34.090,0.003,-0.006,0.995,0.244,0,-0.061, , , , , , ,-0.434,-0.258,-108.358
 09:36:57.270,eb:33:2e:f9:57:b5, 2015-01-01 00:25:34.090,0.002,-0.006,0.994,0.244,0,-0.061, , , , , , ,-0.434,-0.258,-108.358
 09:36:57.270,eb:33:2e:f9:57:b5, 2015-01-01 00:25:34.090,0.002,-0.006,0.994,0.244,0.061,0, , , , , , ,-0.434,-0.258,-108.358
 09:36:57.270,eb:33:2e:f9:57:b5, 2015-01-01 00:25:34.090,0.002,-0.007,0.994,0.244,0.061,0, , , , , , ,-0.434,-0.258,-108.358
 09:36:57.270,eb:33:2e:f9:57:b5, 2015-01-01 00:25:34.090,0.003,-0.007,0.994,0.244,0.061,-0.061, , , , , , ,-0.434,-0.258,-108.358
 09:36:57.270,eb:33:2e:f9:57:b5, 2015-01-01 00:25:34.090,0.002,-0.007,0.995,0.305,0.061,-0.061, , , , , , ,-0.434,-0.258,-108.358
 09:36:57.294,eb:33:2e:f9:57:b5, 2015-01-01 00:25:34.090,0.001,-0.007,0.993,0.305,0.061,0, , , , , , ,-0.434,-0.258,-108.358
 09:36:57.294,eb:33:2e:f9:57:b5, 2015-01-01 00:25:34.090,0.001,-0.007,0.993,0.244,0,0, , , , , , ,-0.434,-0.258,-108.358
 09:36:57.294,eb:33:2e:f9:57:b5, 2015-01-01 00:25:34.090,0.002,-0.007,0.992,0.305,-0.061,0, , , , , , ,-0.434,-0.258,-108.358
 09:36:57.294,eb:33:2e:f9:57:b5, 2015-01-01 00:25:34.090,0.001,-0.006,0.993,0.305,-0.122,0, , , , , , ,-0.434,-0.258,-108.358
 09:36:57.294,eb:33:2e:f9:57:b5, 2015-01-01 00:25:34.090,0.002,-0.006,0.992,0.305,-0.122,0, , , , , , ,-0.434,-0.258,-108.358
 09:36:57.294,eb:33:2e:f9:57:b5, 2015-01-01 00:25:34.090,0.002,-0.006,0.993,0.244,-0.122,0, , , , , , ,-0.434,-0.258,-108.358
 09:36:57.294,eb:33:2e:f9:57:b5, 2015-01-01 00:25:34.090,0.002,-0.006,0.992,0.244,-0.183,0, , , , , , ,-0.434,-0.258,-108.358
 09:36:57.294,eb:33:2e:f9:57:b5, 2015-01-01 00:25:34.090,0.004,-0.007,0.994,0.244,-0.122,0, , , , , , ,-0.434,-0.258,-108.358
 09:36:57.339,eb:33:2e:f9:57:b5, 2015-01-01 00:25:34.090,0.002,-0.007,0.995,0.244,-0.122,0, , , , , , ,-0.434,-0.258,-108.358
 09:36:57.339,eb:33:2e:f9:57:b5, 2015-01-01 00:25:34.090,0.002,-0.007,0.995,0.305,-0.122,0.061, , , , , , ,-0.434,-0.258,-108.358
 09:36:57.339,eb:33:2e:f9:57:b5, 2015-01-01 00:25:34.090,0.004,-0.008,0.995,0.305,-0.061,0.061, , , , , , ,-0.434,-0.258,-108.358
 09:36:57.339,eb:33:2e:f9:57:b5, 2015-01-01 00:25:34.090,0.003,-0.005,0.995,0.366,0,0.061, , , , , , ,-0.434,-0.258,-108.358
 09:36:57.339,eb:33:2e:f9:57:b5, 2015-01-01 00:25:34.090,0.003,-0.005,0.994,0.305,0,0.061, , , , , , ,-0.434,-0.258,-108.358
 09:36:57.339,eb:33:2e:f9:57:b5, 2015-01-01 00:25:34.090,0.001,-0.004,0.993,0.244,0,0, , , , , , ,-0.434,-0.258,-108.358
 09:36:57.339,eb:33:2e:f9:57:b5, 2015-01-01 00:25:34.090,0.002,-0.005,0.991,0.244,-0.061,0, , , , , , ,-0.434,-0.258,-108.358
 09:36:57.339,eb:33:2e:f9:57:b5, 2015-01-01 00:25:34.090,0.002,-0.005,0.991,0.244,-0.122,0, , , , , , ,-0.434,-0.258,-108.358
 09:36:57.383,eb:33:2e:f9:57:b5, 2015-01-01 00:25:34.090,0.004,-0.006,0.992,0.183,-0.183,0, , , , , , ,-0.434,-0.258,-108.358
 09:36:57.383,eb:33:2e:f9:57:b5, 2015-01-01 00:25:34.090,0.004,-0.006,0.994,0.183,-0.122,0, , , , , , ,-0.434,-0.258,-108.358
 09:36:57.383,eb:33:2e:f9:57:b5, 2015-01-01 00:25:34.090,0.002,-0.005,0.994,0.183,-0.061,0, , , , , , ,-0.434,-0.258,-108.358
 09:36:57.383,eb:33:2e:f9:57:b5, 2015-01-01 00:25:34.090,0.002,-0.005,0.993,0.244,-0.122,0, , , , , , ,-0.434,-0.258,-108.358
 09:36:57.383,eb:33:2e:f9:57:b5, 2015-01-01 00:25:34.090,0.002,-0.005,0.993,0.244,-0.122,0, , , , , , ,-0.434,-0.258,-108.358
 09:36:57.383,eb:33:2e:f9:57:b5, 2015-01-01 00:25:34.090,0.003,-0.006,0.994,0.244,-0.122,0, , , , , , ,-0.434,-0.258,-108.358
 09:36:57.383,eb:33:2e:f9:57:b5, 2015-01-01 00:25:34.090,0.003,-0.006,0.994,0.183,-0.183,0, , , , , , ,-0.434,-0.258,-108.358
 09:36:57.383,eb:33:2e:f9:57:b5, 2015-01-01 00:25:34.090,0.003,-0.006,0.994,0.244,-0.122,0, , , , , , ,-0.434,-0.258,-108.358
 09:36:57.404,eb:33:2e:f9:57:b5, 2015-01-01 00:25:34.405,0.003,-0.006,0.993,0.244,-0.122,0, , , , , , ,-0.434,-0.258,-108.358
 09:36:57.404,eb:33:2e:f9:57:b5, 2015-01-01 00:25:34.405,0.003,-0.005,0.993,0.183,-0.122,0, , , , , , ,-0.434,-0.258,-108.358
 09:36:57.404,eb:33:2e:f9:57:b5, 2015-01-01 00:25:34.405,0.002,-0.005,0.994,0.183,-0.122,0, , , , , , ,-0.434,-0.258,-108.358
 09:36:57.404,eb:33:2e:f9:57:b5, 2015-01-01 00:25:34.405,0.003,-0.006,0.994,0.183,-0.122,0, , , , , , ,-0.434,-0.258,-108.358
 09:36:57.404,eb:33:2e:f9:57:b5, 2015-01-01 00:25:34.405,0.003,-0.006,0.993,0.244,-0.183,0, , , , , , ,-0.434,-0.258,-108.358
 09:36:57.404,eb:33:2e:f9:57:b5, 2015-01-01 00:25:34.405,0.003,-0.006,0.994,0.183,-0.122,0, , , , , , ,-0.434,-0.258,-108.358
 09:36:57.404,eb:33:2e:f9:57:b5, 2015-01-01 00:25:34.405,0.004,-0.007,0.993,0.244,-0.061,0, , , , , , ,-0.434,-0.258,-108.358
 09:36:57.404,eb:33:2e:f9:57:b5, 2015-01-01 00:25:34.405,0.004,-0.006,0.994,0.244,-0.061,0, , , , , , ,-0.434,-0.258,-108.358
 09:36:57.450,eb:33:2e:f9:57:b5, 2015-01-01 00:25:34.405,0.003,-0.007,0.995,0.305,0,0, , , , , , ,-0.434,-0.258,-108.358
 09:36:57.450,eb:33:2e:f9:57:b5, 2015-01-01 00:25:34.405,0.002,-0.008,0.995,0.366,0,0, , , , , , ,-0.434,-0.258,-108.358
 09:36:57.450,eb:33:2e:f9:57:b5, 2015-01-01 00:25:34.405,0.004,-0.009,0.996,0.366,0,0, , , , , , ,-0.434,-0.258,-108.358
 09:36:57.450,eb:33:2e:f9:57:b5, 2015-01-01 00:25:34.405,0.004,-0.005,0.995,0.366,0.061,0, , , , , , ,-0.434,-0.258,-108.358
 09:36:57.451,eb:33:2e:f9:57:b5, 2015-01-01 00:25:34.405,0.001,-0.003,0.993,0.366,0.061,0, , , , , , ,-0.434,-0.253,-108.358
 09:36:57.451,eb:33:2e:f9:57:b5, 2015-01-01 00:25:34.405,0.001,-0.004,0.992,0.305,0,0, , , , , , ,-0.434,-0.253,-108.358
 09:36:57.451,eb:33:2e:f9:57:b5, 2015-01-01 00:25:34.405,0.002,-0.005,0.992,0.244,-0.061,0, , , , , , ,-0.434,-0.253,-108.358
 09:36:57.451,eb:33:2e:f9:57:b5, 2015-01-01 00:25:34.405,0.002,-0.005,0.993,0.305,-0.122,0, , , , , , ,-0.434,-0.253,-108.358
 09:36:57.494,eb:33:2e:f9:57:b5, 2015-01-01 00:25:34.405,0.004,-0.008,0.994,0.305,-0.122,0, , , , , , ,-0.428,-0.253,-108.358
 09:36:57.494,eb:33:2e:f9:57:b5, 2015-01-01 00:25:34.405,0.003,-0.005,0.994,0.305,-0.061,0, , , , , , ,-0.428,-0.253,-108.358
 09:36:57.494,eb:33:2e:f9:57:b5, 2015-01-01 00:25:34.405,0.002,-0.004,0.993,0.244,-0.122,0, , , , , , ,-0.428,-0.253,-108.358
 09:36:57.494,eb:33:2e:f9:57:b5, 2015-01-01 00:25:34.405,0.002,-0.004,0.993,0.183,-0.183,0, , , , , , ,-0.428,-0.253,-108.358
 09:36:57.494,eb:33:2e:f9:57:b5, 2015-01-01 00:25:34.405,0.004,-0.005,0.993,0.122,-0.183,-0.061, , , , , , ,-0.428,-0.253,-108.358
 09:36:57.494,eb:33:2e:f9:57:b5, 2015-01-01 00:25:34.405,0.005,-0.005,0.993,0.183,-0.183,-0.061, , , , , , ,-0.428,-0.253,-108.358
 09:36:57.494,eb:33:2e:f9:57:b5, 2015-01-01 00:25:34.405,0.004,-0.006,0.994,0.183,-0.061,0, , , , , , ,-0.428,-0.253,-108.358
 09:36:57.495,eb:33:2e:f9:57:b5, 2015-01-01 00:25:34.405,0.002,-0.006,0.994,0.183,-0.061,0, , , , , , ,-0.428,-0.253,-108.358
 09:36:57.540,eb:33:2e:f9:57:b5, 2015-01-01 00:25:34.405,0.001,-0.006,0.994,0.183,-0.122,0, , , , , , ,-0.428,-0.253,-108.358
 09:36:57.540,eb:33:2e:f9:57:b5, 2015-01-01 00:25:34.405,0.002,-0.006,0.994,0.183,-0.244,0, , , , , , ,-0.428,-0.253,-108.358
 09:36:57.540,eb:33:2e:f9:57:b5, 2015-01-01 00:25:34.405,0.004,-0.006,0.994,0.183,-0.244,0, , , , , , ,-0.428,-0.253,-108.358
 09:36:57.540,eb:33:2e:f9:57:b5, 2015-01-01 00:25:34.405,0.003,-0.006,0.995,0.244,-0.183,0, , , , , , ,-0.428,-0.253,-108.358
 09:36:57.540,eb:33:2e:f9:57:b5, 2015-01-01 00:25:34.405,0.001,-0.006,0.994,0.244,-0.183,0, , , , , , ,-0.428,-0.253,-108.358
 09:36:57.540,eb:33:2e:f9:57:b5, 2015-01-01 00:25:34.405,0.003,-0.005,0.992,0.244,-0.183,0, , , , , , ,-0.428,-0.253,-108.358
 09:36:57.540,eb:33:2e:f9:57:b5, 2015-01-01 00:25:34.405,0.003,-0.005,0.992,0.183,-0.244,0, , , , , , ,-0.428,-0.253,-108.358
 09:36:57.540,eb:33:2e:f9:57:b5, 2015-01-01 00:25:34.405,0.003,-0.005,0.993,0.183,-0.244,0, , , , , , ,-0.428,-0.253,-108.358
 09:36:57.586,eb:33:2e:f9:57:b5, 2015-01-01 00:25:34.405,0.004,-0.006,0.994,0.244,-0.244,0, , , , , , ,-0.428,-0.253,-108.358
 09:36:57.586,eb:33:2e:f9:57:b5, 2015-01-01 00:25:34.405,0.003,-0.006,0.995,0.244,-0.183,0, , , , , , ,-0.428,-0.253,-108.358
 09:36:57.586,eb:33:2e:f9:57:b5, 2015-01-01 00:25:34.405,0.004,-0.005,0.994,0.305,-0.183,0, , , , , , ,-0.428,-0.253,-108.358
 09:36:57.586,eb:33:2e:f9:57:b5, 2015-01-01 00:25:34.405,0.003,-0.005,0.994,0.305,-0.183,-0.061, , , , , , ,-0.428,-0.253,-108.358
 09:36:57.586,eb:33:2e:f9:57:b5, 2015-01-01 00:25:34.405,0.002,-0.004,0.994,0.305,-0.183,0, , , , , , ,-0.428,-0.253,-108.358
 09:36:57.586,eb:33:2e:f9:57:b5, 2015-01-01 00:25:34.405,0.003,-0.005,0.992,0.183,-0.305,0, , , , , , ,-0.428,-0.253,-108.358
 09:36:57.586,eb:33:2e:f9:57:b5, 2015-01-01 00:25:34.405,0.003,-0.004,0.993,0.244,-0.305,-0.122, , , , , , ,-0.428,-0.253,-108.358
 09:36:57.586,eb:33:2e:f9:57:b5, 2015-01-01 00:25:34.405,0.003,-0.005,0.993,0.244,-0.244,-0.061, , , , , , ,-0.428,-0.253,-108.358
 09:36:57.608,eb:33:2e:f9:57:b5, 2015-01-01 00:25:34.405,0.003,-0.005,0.993,0.244,-0.305,-0.061, , , , , , ,-0.428,-0.253,-108.358
 09:36:57.608,eb:33:2e:f9:57:b5, 2015-01-01 00:25:34.405,0.004,-0.005,0.993,0.244,-0.366,-0.061, , , , , , ,-0.428,-0.253,-108.358
 09:36:57.608,eb:33:2e:f9:57:b5, 2015-01-01 00:25:34.405,0.004,-0.003,0.992,0.183,-0.366,-0.061, , , , , , ,-0.428,-0.253,-108.358
 09:36:57.608,eb:33:2e:f9:57:b5, 2015-01-01 00:25:34.405,0.003,-0.004,0.992,0.122,-0.366,-0.061, , , , , , ,-0.428,-0.253,-108.358
 09:36:57.608,eb:33:2e:f9:57:b5, 2015-01-01 00:25:34.405,0.004,-0.005,0.993,0,-0.366,-0.061, , , , , , ,-0.428,-0.253,-108.358
 09:36:57.608,eb:33:2e:f9:57:b5, 2015-01-01 00:25:34.405,0.004,-0.005,0.994,0,-0.305,0, , , , , , ,-0.428,-0.253,-108.358
 09:36:57.608,eb:33:2e:f9:57:b5, 2015-01-01 00:25:34.405,0.005,-0.004,0.993,0,-0.366,0, , , , , , ,-0.428,-0.253,-108.358
 09:36:57.608,eb:33:2e:f9:57:b5, 2015-01-01 00:25:34.405,0.003,-0.005,0.994,0,-0.366,-0.061, , , , , , ,-0.428,-0.253,-108.358
 09:36:57.653,eb:33:2e:f9:57:b5, 2015-01-01 00:25:34.405,0.004,-0.006,0.993,0.061,-0.427,-0.122, , , , , , ,-0.428,-0.253,-108.358
 09:36:57.653,eb:33:2e:f9:57:b5, 2015-01-01 00:25:34.405,0.004,-0.005,0.993,0,-0.427,-0.122, , , , , , ,-0.428,-0.253,-108.358
 09:36:57.653,eb:33:2e:f9:57:b5, 2015-01-01 00:25:34.405,0.005,-0.005,0.994,0,-0.427,-0.061, , , , , , ,-0.428,-0.253,-108.364
 09:36:57.653,eb:33:2e:f9:57:b5, 2015-01-01 00:25:34.405,0.005,-0.005,0.996,0,-0.305,-0.061, , , , , , ,-0.428,-0.253,-108.364
 09:36:57.653,eb:33:2e:f9:57:b5, 2015-01-01 00:25:34.405,0.005,-0.007,0.996,0,-0.244,-0.061, , , , , , ,-0.423,-0.253,-108.358
 09:36:57.653,eb:33:2e:f9:57:b5, 2015-01-01 00:25:34.405,0.004,-0.007,0.996,0.122,-0.183,0, , , , , , ,-0.423,-0.253,-108.358
 09:36:57.653,eb:33:2e:f9:57:b5, 2015-01-01 00:25:34.405,0.003,-0.006,0.995,0.122,-0.244,-0.122, , , , , , ,-0.423,-0.253,-108.364
 09:36:57.653,eb:33:2e:f9:57:b5, 2015-01-01 00:25:34.405,0.002,-0.006,0.993,0.183,-0.305,-0.122, , , , , , ,-0.423,-0.253,-108.364
 09:36:57.724,eb:33:2e:f9:57:b5, 2015-01-01 00:25:34.405,0.005,-0.007,0.993,0.244,-0.366,-0.122, , , , , , ,-0.423,-0.253,-108.358
 09:36:57.724,eb:33:2e:f9:57:b5, 2015-01-01 00:25:34.405,0.004,-0.007,0.994,0.244,-0.366,-0.061, , , , , , ,-0.423,-0.253,-108.358
 09:36:57.724,eb:33:2e:f9:57:b5, 2015-01-01 00:25:34.405,0.002,-0.004,0.994,0.183,-0.366,-0.061, , , , , , ,-0.423,-0.253,-108.364
 09:36:57.724,eb:33:2e:f9:57:b5, 2015-01-01 00:25:34.405,0.004,-0.004,0.993,0.122,-0.427,-0.061, , , , , , ,-0.423,-0.253,-108.364
 09:36:57.724,eb:33:2e:f9:57:b5, 2015-01-01 00:25:34.405,0.006,-0.005,0.994,0.183,-0.427,-0.061, , , , , , ,-0.423,-0.253,-108.364
 09:36:57.724,eb:33:2e:f9:57:b5, 2015-01-01 00:25:34.405,0.008,-0.006,0.996,0.183,-0.366,0, , , , , , ,-0.423,-0.253,-108.364
 09:36:57.724,eb:33:2e:f9:57:b5, 2015-01-01 00:25:34.405,0.007,-0.006,0.997,0.305,-0.183,-0.061, , , , , , ,-0.423,-0.253,-108.364
 09:36:57.724,eb:33:2e:f9:57:b5, 2015-01-01 00:25:34.405,0.003,-0.004,0.995,0.244,-0.061,-0.061, , , , , , ,-0.423,-0.253,-108.364
 09:36:57.742,eb:33:2e:f9:57:b5, 2015-01-01 00:25:34.715,0.005,-0.004,0.993,0.183,-0.061,-0.061, , , , , , ,-0.423,-0.253,-108.364
 09:36:57.742,eb:33:2e:f9:57:b5, 2015-01-01 00:25:34.715,0.008,-0.004,0.994,0.122,-0.061,-0.061, , , , , , ,-0.423,-0.253,-108.364
 09:36:57.742,eb:33:2e:f9:57:b5, 2015-01-01 00:25:34.715,0.007,-0.004,0.996,0.183,0,-0.061, , , , , , ,-0.423,-0.253,-108.364
 09:36:57.742,eb:33:2e:f9:57:b5, 2015-01-01 00:25:34.715,0.006,-0.004,0.996,0.122,0.061,0, , , , , , ,-0.423,-0.253,-108.364
 09:36:57.742,eb:33:2e:f9:57:b5, 2015-01-01 00:25:34.715,0.005,-0.005,0.995,0.122,0.183,0, , , , , , ,-0.423,-0.253,-108.364
 09:36:57.742,eb:33:2e:f9:57:b5, 2015-01-01 00:25:34.715,0.003,-0.006,0.994,0.183,0.183,-0.061, , , , , , ,-0.423,-0.253,-108.364
 09:36:57.742,eb:33:2e:f9:57:b5, 2015-01-01 00:25:34.715,0.002,-0.006,0.993,0.122,0.061,0, , , , , , ,-0.423,-0.253,-108.364
 09:36:57.742,eb:33:2e:f9:57:b5, 2015-01-01 00:25:34.715,0.003,-0.005,0.992,0.122,0,0, , , , , , ,-0.423,-0.253,-108.364
 09:36:57.786,eb:33:2e:f9:57:b5, 2015-01-01 00:25:34.715,0.004,-0.006,0.993,0.122,-0.061,0, , , , , , ,-0.423,-0.253,-108.364
 09:36:57.786,eb:33:2e:f9:57:b5, 2015-01-01 00:25:34.715,0.003,-0.006,0.993,0.122,-0.061,-0.061, , , , , , ,-0.423,-0.253,-108.364
 09:36:57.786,eb:33:2e:f9:57:b5, 2015-01-01 00:25:34.715,0.003,-0.006,0.993,0.122,-0.183,0, , , , , , ,-0.423,-0.253,-108.364
 09:36:57.786,eb:33:2e:f9:57:b5, 2015-01-01 00:25:34.715,0.004,-0.006,0.993,0.122,-0.244,0, , , , , , ,-0.423,-0.253,-108.364
 09:36:57.786,eb:33:2e:f9:57:b5, 2015-01-01 00:25:34.715,0.005,-0.005,0.993,0.122,-0.244,-0.061, , , , , , ,-0.423,-0.253,-108.364
 09:36:57.786,eb:33:2e:f9:57:b5, 2015-01-01 00:25:34.715,0.003,-0.004,0.994,0.183,-0.244,0, , , , , , ,-0.423,-0.253,-108.364
 09:36:57.786,eb:33:2e:f9:57:b5, 2015-01-01 00:25:34.715,0.004,-0.005,0.993,0.122,-0.244,0, , , , , , ,-0.423,-0.253,-108.364
 09:36:57.786,eb:33:2e:f9:57:b5, 2015-01-01 00:25:34.715,0.004,-0.005,0.993,0.183,-0.366,0, , , , , , ,-0.423,-0.253,-108.364
 09:36:57.810,eb:33:2e:f9:57:b5, 2015-01-01 00:25:34.715,0.005,-0.005,0.993,0.122,-0.366,-0.061, , , , , , ,-0.423,-0.253,-108.364
 09:36:57.810,eb:33:2e:f9:57:b5, 2015-01-01 00:25:34.715,0.005,-0.005,0.993,0.122,-0.366,-0.061, , , , , , ,-0.423,-0.253,-108.364
 09:36:57.810,eb:33:2e:f9:57:b5, 2015-01-01 00:25:34.715,0.005,-0.005,0.993,0.061,-0.305,-0.061, , , , , , ,-0.423,-0.253,-108.364
 09:36:57.810,eb:33:2e:f9:57:b5, 2015-01-01 00:25:34.715,0.005,-0.004,0.992,0,-0.366,-0.061, , , , , , ,-0.423,-0.253,-108.364
 09:36:57.810,eb:33:2e:f9:57:b5, 2015-01-01 00:25:34.715,0.004,-0.005,0.992,0,-0.366,-0.061, , , , , , ,-0.423,-0.253,-108.364
 09:36:57.810,eb:33:2e:f9:57:b5, 2015-01-01 00:25:34.715,0.005,-0.005,0.992,0,-0.427,-0.061, , , , , , ,-0.423,-0.253,-108.364
 09:36:57.810,eb:33:2e:f9:57:b5, 2015-01-01 00:25:34.715,0.004,-0.005,0.994,0,-0.427,-0.061, , , , , , ,-0.423,-0.253,-108.364
 09:36:57.810,eb:33:2e:f9:57:b5, 2015-01-01 00:25:34.715,0.004,-0.004,0.992,-0.061,-0.488,-0.061, , , , , , ,-0.423,-0.253,-108.364
 09:36:57.854,eb:33:2e:f9:57:b5, 2015-01-01 00:25:34.715,0.005,-0.004,0.991,-0.061,-0.549,-0.061, , , , , , ,-0.417,-0.253,-108.364
 09:36:57.854,eb:33:2e:f9:57:b5, 2015-01-01 00:25:34.715,0.006,-0.005,0.992,-0.122,-0.61,0, , , , , , ,-0.417,-0.253,-108.364
 09:36:57.854,eb:33:2e:f9:57:b5, 2015-01-01 00:25:34.715,0.006,-0.005,0.993,-0.061,-0.549,0, , , , , , ,-0.417,-0.253,-108.364
 09:36:57.854,eb:33:2e:f9:57:b5, 2015-01-01 00:25:34.715,0.004,-0.006,0.994,-0.122,-0.488,0, , , , , , ,-0.417,-0.253,-108.364
 09:36:57.854,eb:33:2e:f9:57:b5, 2015-01-01 00:25:34.715,0.004,-0.006,0.993,-0.061,-0.61,0, , , , , , ,-0.417,-0.253,-108.364
 09:36:57.854,eb:33:2e:f9:57:b5, 2015-01-01 00:25:34.715,0.006,-0.005,0.993,-0.122,-0.61,0, , , , , , ,-0.417,-0.253,-108.364
 09:36:57.854,eb:33:2e:f9:57:b5, 2015-01-01 00:25:34.715,0.006,-0.005,0.993,-0.122,-0.61,0, , , , , , ,-0.417,-0.253,-108.364
 09:36:57.854,eb:33:2e:f9:57:b5, 2015-01-01 00:25:34.715,0.005,-0.006,0.994,-0.122,-0.549,0, , , , , , ,-0.417,-0.253,-108.364
 09:36:57.900,eb:33:2e:f9:57:b5, 2015-01-01 00:25:34.715,0.005,-0.007,0.994,-0.061,-0.549,0, , , , , , ,-0.417,-0.253,-108.364
 09:36:57.900,eb:33:2e:f9:57:b5, 2015-01-01 00:25:34.715,0.007,-0.006,0.993,-0.122,-0.61,0, , , , , , ,-0.417,-0.253,-108.364
 09:36:57.900,eb:33:2e:f9:57:b5, 2015-01-01 00:25:34.715,0.006,-0.006,0.995,-0.061,-0.549,0, , , , , , ,-0.417,-0.253,-108.364
 09:36:57.900,eb:33:2e:f9:57:b5, 2015-01-01 00:25:34.715,0.006,-0.006,0.995,0,-0.549,-0.061, , , , , , ,-0.417,-0.253,-108.364
 09:36:57.900,eb:33:2e:f9:57:b5, 2015-01-01 00:25:34.715,0.005,-0.006,0.994,-0.061,-0.488,0, , , , , , ,-0.417,-0.253,-108.364
 09:36:57.900,eb:33:2e:f9:57:b5, 2015-01-01 00:25:34.715,0.006,-0.005,0.994,0,-0.61,0, , , , , , ,-0.417,-0.253,-108.364
 09:36:57.902,eb:33:2e:f9:57:b5, 2015-01-01 00:25:34.715,0.006,-0.005,0.994,0,-0.549,0, , , , , , ,-0.417,-0.253,-108.364
 09:36:57.902,eb:33:2e:f9:57:b5, 2015-01-01 00:25:34.715,0.006,-0.005,0.994,0,-0.488,0, , , , , , ,-0.417,-0.253,-108.364
 09:36:57.944,eb:33:2e:f9:57:b5, 2015-01-01 00:25:34.715,0.007,-0.005,0.993,0,-0.427,0, , , , , , ,-0.417,-0.253,-108.364
 09:36:57.944,eb:33:2e:f9:57:b5, 2015-01-01 00:25:34.715,0.007,-0.005,0.994,-0.061,-0.366,0, , , , , , ,-0.417,-0.253,-108.364
 09:36:57.944,eb:33:2e:f9:57:b5, 2015-01-01 00:25:34.715,0.007,-0.005,0.993,-0.061,-0.366,0, , , , , , ,-0.417,-0.253,-108.364
 09:36:57.944,eb:33:2e:f9:57:b5, 2015-01-01 00:25:34.715,0.007,-0.004,0.994,0,-0.305,0, , , , , , ,-0.417,-0.253,-108.364
 09:36:57.944,eb:33:2e:f9:57:b5, 2015-01-01 00:25:34.715,0.006,-0.005,0.996,0,-0.183,0, , , , , , ,-0.417,-0.253,-108.364
 09:36:57.944,eb:33:2e:f9:57:b5, 2015-01-01 00:25:34.715,0.006,-0.007,0.995,0,-0.122,-0.061, , , , , , ,-0.417,-0.253,-108.364
 09:36:57.944,eb:33:2e:f9:57:b5, 2015-01-01 00:25:34.715,0.005,-0.007,0.995,0,-0.183,0, , , , , , ,-0.417,-0.253,-108.364
 09:36:57.944,eb:33:2e:f9:57:b5, 2015-01-01 00:25:34.715,0.006,-0.006,0.995,0,-0.244,0, , , , , , ,-0.417,-0.253,-108.364
 09:36:57.968,eb:33:2e:f9:57:b5, 2015-01-01 00:25:34.715,0.006,-0.007,0.995,0,-0.305,0, , , , , , ,-0.417,-0.253,-108.364
 09:36:57.968,eb:33:2e:f9:57:b5, 2015-01-01 00:25:34.715,0.006,-0.007,0.994,0,-0.244,0, , , , , , ,-0.417,-0.253,-108.364
 09:36:57.968,eb:33:2e:f9:57:b5, 2015-01-01 00:25:34.715,0.006,-0.006,0.993,0,-0.305,0, , , , , , ,-0.417,-0.253,-108.364
 09:36:57.968,eb:33:2e:f9:57:b5, 2015-01-01 00:25:34.715,0.006,-0.006,0.993,0,-0.366,0, , , , , , ,-0.417,-0.253,-108.364
 09:36:57.968,eb:33:2e:f9:57:b5, 2015-01-01 00:25:34.715,0.007,-0.006,0.993,0,-0.366,0, , , , , , ,-0.417,-0.258,-108.364
 09:36:57.968,eb:33:2e:f9:57:b5, 2015-01-01 00:25:34.715,0.007,-0.006,0.993,0,-0.366,0, , , , , , ,-0.417,-0.258,-108.364
 09:36:57.968,eb:33:2e:f9:57:b5, 2015-01-01 00:25:34.715,0.006,-0.007,0.994,0,-0.366,0, , , , , , ,-0.417,-0.258,-108.364
 09:36:57.968,eb:33:2e:f9:57:b5, 2015-01-01 00:25:34.715,0.006,-0.007,0.995,0.061,-0.366,0, , , , , , ,-0.417,-0.258,-108.364
 09:36:58.012,eb:33:2e:f9:57:b5, 2015-01-01 00:25:34.715,0.006,-0.007,0.994,0.061,-0.427,0, , , , , , ,-0.417,-0.258,-108.364
 09:36:58.012,eb:33:2e:f9:57:b5, 2015-01-01 00:25:34.715,0.006,-0.006,0.994,0,-0.427,-0.061, , , , , , ,-0.417,-0.258,-108.364
 09:36:58.012,eb:33:2e:f9:57:b5, 2015-01-01 00:25:34.715,0.007,-0.006,0.994,0.061,-0.488,0, , , , , , ,-0.417,-0.258,-108.364
 09:36:58.012,eb:33:2e:f9:57:b5, 2015-01-01 00:25:34.715,0.008,-0.007,0.993,0.061,-0.427,0, , , , , , ,-0.417,-0.258,-108.364
 09:36:58.013,eb:33:2e:f9:57:b5, 2015-01-01 00:25:34.715,0.007,-0.007,0.994,0.122,-0.366,0, , , , , , ,-0.417,-0.258,-108.364
 09:36:58.013,eb:33:2e:f9:57:b5, 2015-01-01 00:25:34.715,0.007,-0.006,0.993,0.061,-0.305,0, , , , , , ,-0.417,-0.258,-108.364
 09:36:58.013,eb:33:2e:f9:57:b5, 2015-01-01 00:25:34.715,0.008,-0.006,0.993,0,-0.366,0, , , , , , ,-0.417,-0.258,-108.364
 09:36:58.014,eb:33:2e:f9:57:b5, 2015-01-01 00:25:34.715,0.009,-0.005,0.994,0,-0.244,0, , , , , , ,-0.417,-0.258,-108.364
 09:36:58.058,eb:33:2e:f9:57:b5, 2015-01-01 00:25:34.715,0.006,-0.006,0.995,0,-0.122,0, , , , , , ,-0.417,-0.258,-108.364
 09:36:58.058,eb:33:2e:f9:57:b5, 2015-01-01 00:25:34.715,0.004,-0.006,0.993,0,-0.061,0, , , , , , ,-0.417,-0.258,-108.364
 09:36:58.058,eb:33:2e:f9:57:b5, 2015-01-01 00:25:34.715,0.006,-0.005,0.992,-0.061,-0.122,0, , , , , , ,-0.417,-0.258,-108.364
 09:36:58.058,eb:33:2e:f9:57:b5, 2015-01-01 00:25:34.715,0.006,-0.005,0.992,-0.122,-0.183,0, , , , , , ,-0.417,-0.258,-108.364
 09:36:58.058,eb:33:2e:f9:57:b5, 2015-01-01 00:25:34.715,0.008,-0.004,0.993,-0.122,-0.244,0, , , , , , ,-0.417,-0.258,-108.364
 09:36:58.058,eb:33:2e:f9:57:b5, 2015-01-01 00:25:34.715,0.008,-0.006,0.994,-0.122,-0.183,0, , , , , , ,-0.417,-0.258,-108.364
 09:36:58.058,eb:33:2e:f9:57:b5, 2015-01-01 00:25:34.715,0.007,-0.007,0.996,-0.061,-0.122,0, , , , , , ,-0.417,-0.258,-108.364
 09:36:58.058,eb:33:2e:f9:57:b5, 2015-01-01 00:25:34.715,0.006,-0.007,0.994,-0.061,-0.183,0, , , , , , ,-0.417,-0.258,-108.364
 09:36:58.104,eb:33:2e:f9:57:b5, 2015-01-01 00:25:34.715,0.006,-0.007,0.994,0,-0.244,0, , , , , , ,-0.417,-0.258,-108.364
 09:36:58.104,eb:33:2e:f9:57:b5, 2015-01-01 00:25:34.715,0.007,-0.006,0.994,0,-0.183,0, , , , , , ,-0.417,-0.258,-108.364
 09:36:58.104,eb:33:2e:f9:57:b5, 2015-01-01 00:25:34.715,0.007,-0.006,0.995,0,-0.183,0, , , , , , ,-0.417,-0.258,-108.364
 09:36:58.104,eb:33:2e:f9:57:b5, 2015-01-01 00:25:34.715,0.007,-0.006,0.995,0,-0.183,0, , , , , , ,-0.417,-0.258,-108.364
 09:36:58.104,eb:33:2e:f9:57:b5, 2015-01-01 00:25:34.715,0.008,-0.006,0.995,0,-0.122,-0.061, , , , , , ,-0.412,-0.258,-108.364
 09:36:58.104,eb:33:2e:f9:57:b5, 2015-01-01 00:25:34.715,0.007,-0.007,0.995,0.122,-0.122,0, , , , , , ,-0.412,-0.258,-108.364
 09:36:58.104,eb:33:2e:f9:57:b5, 2015-01-01 00:25:34.715,0.008,-0.007,0.995,0.122,-0.061,0, , , , , , ,-0.412,-0.258,-108.364
 09:36:58.104,eb:33:2e:f9:57:b5, 2015-01-01 00:25:34.715,0.005,-0.006,0.995,0.061,-0.061,0, , , , , , ,-0.412,-0.258,-108.364
 09:36:58.147,eb:33:2e:f9:57:b5, 2015-01-01 00:25:34.715,0.006,-0.007,0.994,0.061,-0.122,0, , , , , , ,-0.412,-0.264,-108.364
 09:36:58.147,eb:33:2e:f9:57:b5, 2015-01-01 00:25:34.715,0.008,-0.007,0.994,0.122,-0.122,0.061, , , , , , ,-0.412,-0.264,-108.364
 09:36:58.147,eb:33:2e:f9:57:b5, 2015-01-01 00:25:34.715,0.008,-0.007,0.994,0.183,-0.122,0, , , , , , ,-0.412,-0.264,-108.364
 09:36:58.147,eb:33:2e:f9:57:b5, 2015-01-01 00:25:34.715,0.01,-0.006,0.995,0.183,-0.061,0, , , , , , ,-0.412,-0.264,-108.364
 09:36:58.147,eb:33:2e:f9:57:b5, 2015-01-01 00:25:34.715,0.006,-0.006,0.995,0.244,0,0, , , , , , ,-0.412,-0.264,-108.364
 09:36:58.147,eb:33:2e:f9:57:b5, 2015-01-01 00:25:34.715,0.008,-0.006,0.993,0.183,-0.061,0.061, , , , , , ,-0.412,-0.264,-108.364
 09:36:58.147,eb:33:2e:f9:57:b5, 2015-01-01 00:25:34.715,0.007,-0.006,0.995,0.183,0,0.122, , , , , , ,-0.412,-0.264,-108.364
 09:36:58.147,eb:33:2e:f9:57:b5, 2015-01-01 00:25:34.715,0.007,-0.007,0.995,0.183,0,0.061, , , , , , ,-0.412,-0.264,-108.364
 09:36:58.170,eb:33:2e:f9:57:b5, 2015-01-01 00:25:35.165,0.007,-0.006,0.993,0.244,0,0.061, , , , , , ,-0.412,-0.264,-108.364
 09:36:58.170,eb:33:2e:f9:57:b5, 2015-01-01 00:25:35.165,0.008,-0.007,0.994,0.183,0,0, , , , , , ,-0.412,-0.264,-108.364
 09:36:58.170,eb:33:2e:f9:57:b5, 2015-01-01 00:25:35.165,0.007,-0.005,0.995,0.183,0,0, , , , , , ,-0.412,-0.264,-108.364
 09:36:58.170,eb:33:2e:f9:57:b5, 2015-01-01 00:25:35.165,0.006,-0.005,0.993,0.183,0,0, , , , , , ,-0.412,-0.264,-108.364
 09:36:58.170,eb:33:2e:f9:57:b5, 2015-01-01 00:25:35.165,0.006,-0.006,0.993,0.183,-0.061,0.061, , , , , , ,-0.412,-0.264,-108.364
 09:36:58.170,eb:33:2e:f9:57:b5, 2015-01-01 00:25:35.165,0.008,-0.005,0.993,0.183,-0.061,0.061, , , , , , ,-0.412,-0.264,-108.364
 09:36:58.170,eb:33:2e:f9:57:b5, 2015-01-01 00:25:35.165,0.008,-0.005,0.992,0.122,-0.122,0, , , , , , ,-0.412,-0.264,-108.364
 09:36:58.170,eb:33:2e:f9:57:b5, 2015-01-01 00:25:35.165,0.008,-0.006,0.994,0.122,-0.061,0.061, , , , , , ,-0.412,-0.264,-108.364
 09:36:58.214,eb:33:2e:f9:57:b5, 2015-01-01 00:25:35.165,0.008,-0.005,0.993,0.061,0,0.061, , , , , , ,-0.412,-0.264,-108.364
 09:36:58.214,eb:33:2e:f9:57:b5, 2015-01-01 00:25:35.165,0.009,-0.005,0.992,0.061,0,0.061, , , , , , ,-0.412,-0.264,-108.364
 09:36:58.214,eb:33:2e:f9:57:b5, 2015-01-01 00:25:35.165,0.008,-0.006,0.993,0.061,0,0.061, , , , , , ,-0.412,-0.264,-108.364
 09:36:58.214,eb:33:2e:f9:57:b5, 2015-01-01 00:25:35.165,0.008,-0.006,0.994,0.061,0,0.061, , , , , , ,-0.412,-0.264,-108.364
 09:36:58.214,eb:33:2e:f9:57:b5, 2015-01-01 00:25:35.165,0.008,-0.007,0.993,0.061,-0.061,0, , , , , , ,-0.412,-0.264,-108.364
 09:36:58.214,eb:33:2e:f9:57:b5, 2015-01-01 00:25:35.165,0.007,-0.006,0.994,0.122,0,0, , , , , , ,-0.412,-0.264,-108.364
 09:36:58.214,eb:33:2e:f9:57:b5, 2015-01-01 00:25:35.165,0.008,-0.006,0.994,0.061,0,0, , , , , , ,-0.412,-0.264,-108.364
 09:36:58.214,eb:33:2e:f9:57:b5, 2015-01-01 00:25:35.165,0.008,-0.005,0.995,0.061,0,0, , , , , , ,-0.412,-0.264,-108.364
 09:36:58.259,eb:33:2e:f9:57:b5, 2015-01-01 00:25:35.165,0.007,-0.006,0.995,0.122,0,0, , , , , , ,-0.412,-0.269,-108.364
 09:36:58.259,eb:33:2e:f9:57:b5, 2015-01-01 00:25:35.165,0.007,-0.006,0.995,0.183,0,0.061, , , , , , ,-0.412,-0.269,-108.364
 09:36:58.259,eb:33:2e:f9:57:b5, 2015-01-01 00:25:35.165,0.008,-0.007,0.995,0.122,0,0, , , , , , ,-0.412,-0.269,-108.364
 09:36:58.259,eb:33:2e:f9:57:b5, 2015-01-01 00:25:35.165,0.007,-0.007,0.995,0.122,0,0, , , , , , ,-0.412,-0.269,-108.364
 09:36:58.259,eb:33:2e:f9:57:b5, 2015-01-01 00:25:35.165,0.008,-0.006,0.995,0.122,0,0, , , , , , ,-0.412,-0.269,-108.364
 09:36:58.259,eb:33:2e:f9:57:b5, 2015-01-01 00:25:35.165,0.008,-0.006,0.994,0.183,0,0, , , , , , ,-0.412,-0.269,-108.364
 09:36:58.259,eb:33:2e:f9:57:b5, 2015-01-01 00:25:35.165,0.008,-0.006,0.994,0.183,0,0, , , , , , ,-0.412,-0.269,-108.364
 09:36:58.259,eb:33:2e:f9:57:b5, 2015-01-01 00:25:35.165,0.008,-0.006,0.995,0.122,0.061,0, , , , , , ,-0.412,-0.269,-108.364
 09:36:58.306,eb:33:2e:f9:57:b5, 2015-01-01 00:25:35.165,0.008,-0.006,0.994,0.122,0.061,0, , , , , , ,-0.412,-0.269,-108.364
 09:36:58.306,eb:33:2e:f9:57:b5, 2015-01-01 00:25:35.165,0.007,-0.007,0.994,0.122,0.061,0, , , , , , ,-0.412,-0.269,-108.364
 09:36:58.306,eb:33:2e:f9:57:b5, 2015-01-01 00:25:35.165,0.007,-0.006,0.994,0.122,0,0, , , , , , ,-0.412,-0.269,-108.364
 09:36:58.306,eb:33:2e:f9:57:b5, 2015-01-01 00:25:35.165,0.007,-0.005,0.994,0.061,0,0, , , , , , ,-0.412,-0.269,-108.364
 09:36:58.306,eb:33:2e:f9:57:b5, 2015-01-01 00:25:35.165,0.009,-0.006,0.994,0.122,0,0, , , , , , ,-0.412,-0.269,-108.364
 09:36:58.306,eb:33:2e:f9:57:b5, 2015-01-01 00:25:35.165,0.008,-0.006,0.994,0.122,0.061,0.061, , , , , , ,-0.412,-0.269,-108.364
 09:36:58.306,eb:33:2e:f9:57:b5, 2015-01-01 00:25:35.165,0.007,-0.006,0.995,0.122,0.061,0, , , , , , ,-0.412,-0.269,-108.364
 09:36:58.306,eb:33:2e:f9:57:b5, 2015-01-01 00:25:35.165,0.007,-0.006,0.994,0.061,0,0, , , , , , ,-0.412,-0.269,-108.364
 09:36:58.350,eb:33:2e:f9:57:b5, 2015-01-01 00:25:35.165,0.007,-0.006,0.994,0.122,0,0, , , , , , ,-0.412,-0.269,-108.364
 09:36:58.350,eb:33:2e:f9:57:b5, 2015-01-01 00:25:35.165,0.007,-0.006,0.993,0.061,0,0, , , , , , ,-0.412,-0.269,-108.364
 09:36:58.350,eb:33:2e:f9:57:b5, 2015-01-01 00:25:35.165,0.008,-0.006,0.994,0.122,0,0, , , , , , ,-0.412,-0.269,-108.364
 09:36:58.350,eb:33:2e:f9:57:b5, 2015-01-01 00:25:35.165,0.008,-0.006,0.995,0.122,0,0, , , , , , ,-0.412,-0.269,-108.364
 09:36:58.350,eb:33:2e:f9:57:b5, 2015-01-01 00:25:35.165,0.008,-0.006,0.995,0.122,0,0, , , , , , ,-0.412,-0.269,-108.364
 09:36:58.350,eb:33:2e:f9:57:b5, 2015-01-01 00:25:35.165,0.009,-0.007,0.995,0.183,0,0, , , , , , ,-0.412,-0.269,-108.364
 09:36:58.350,eb:33:2e:f9:57:b5, 2015-01-01 00:25:35.165,0.008,-0.007,0.994,0.183,0,0, , , , , , ,-0.412,-0.269,-108.364
 09:36:58.350,eb:33:2e:f9:57:b5, 2015-01-01 00:25:35.165,0.008,-0.008,0.994,0.244,0,0, , , , , , ,-0.412,-0.269,-108.364
 09:36:58.373,eb:33:2e:f9:57:b5, 2015-01-01 00:25:35.165,0.008,-0.007,0.994,0.244,0.061,0, , , , , , ,-0.412,-0.275,-108.364
 09:36:58.373,eb:33:2e:f9:57:b5, 2015-01-01 00:25:35.165,0.006,-0.006,0.994,0.366,0.061,0, , , , , , ,-0.412,-0.275,-108.364
 09:36:58.373,eb:33:2e:f9:57:b5, 2015-01-01 00:25:35.165,0.004,-0.007,0.993,0.427,0,-0.061, , , , , , ,-0.412,-0.275,-108.364
 09:36:58.373,eb:33:2e:f9:57:b5, 2015-01-01 00:25:35.165,0.007,-0.008,0.993,0.61,-0.183,-0.061, , , , , , ,-0.412,-0.275,-108.364
 09:36:58.373,eb:33:2e:f9:57:b5, 2015-01-01 00:25:35.165,0.008,-0.009,0.997,0.732,-0.122,-0.122, , , , , , ,-0.412,-0.275,-108.364
 09:36:58.373,eb:33:2e:f9:57:b5, 2015-01-01 00:25:35.165,0.008,-0.008,0.997,0.793,-0.061,-0.061, , , , , , ,-0.412,-0.275,-108.364
 09:36:58.373,eb:33:2e:f9:57:b5, 2015-01-01 00:25:35.165,0.004,-0.001,0.991,0.671,-0.183,-0.244, , , , , , ,-0.412,-0.275,-108.364
 09:36:58.373,eb:33:2e:f9:57:b5, 2015-01-01 00:25:35.165,0.007,-0.005,0.991,0.671,-0.244,-0.244, , , , , , ,-0.412,-0.275,-108.364
 09:36:58.418,eb:33:2e:f9:57:b5, 2015-01-01 00:25:35.165,0.012,-0.006,0.994,0.671,-0.366,-0.305, , , , , , ,-0.412,-0.275,-108.364
 09:36:58.418,eb:33:2e:f9:57:b5, 2015-01-01 00:25:35.165,0.009,-0.003,0.995,0.671,-0.183,-0.305, , , , , , ,-0.412,-0.275,-108.364
 09:36:58.418,eb:33:2e:f9:57:b5, 2015-01-01 00:25:35.165,0.008,-0.004,0.993,0.549,-0.122,-0.244, , , , , , ,-0.412,-0.275,-108.364
 09:36:58.418,eb:33:2e:f9:57:b5, 2015-01-01 00:25:35.165,0.008,-0.004,0.991,0.427,-0.122,-0.122, , , , , , ,-0.412,-0.275,-108.364
 09:36:58.418,eb:33:2e:f9:57:b5, 2015-01-01 00:25:35.165,0.008,-0.004,0.992,0.427,-0.122,-0.183, , , , , , ,-0.412,-0.275,-108.364
 09:36:58.419,eb:33:2e:f9:57:b5, 2015-01-01 00:25:35.165,0.009,-0.004,0.993,0.427,-0.122,-0.183, , , , , , ,-0.412,-0.275,-108.364
 09:36:58.420,eb:33:2e:f9:57:b5, 2015-01-01 00:25:35.165,0.009,-0.006,0.994,0.366,-0.183,-0.183, , , , , , ,-0.412,-0.275,-108.364
 09:36:58.420,eb:33:2e:f9:57:b5, 2015-01-01 00:25:35.165,0.007,-0.006,0.995,0.427,-0.061,-0.061, , , , , , ,-0.412,-0.275,-108.364
 09:36:58.462,eb:33:2e:f9:57:b5, 2015-01-01 00:25:35.165,0.007,-0.006,0.993,0.427,-0.122,-0.122, , , , , , ,-0.412,-0.275,-108.364
 09:36:58.462,eb:33:2e:f9:57:b5, 2015-01-01 00:25:35.165,0.009,-0.005,0.993,0.427,-0.122,-0.122, , , , , , ,-0.412,-0.275,-108.364
 09:36:58.463,eb:33:2e:f9:57:b5, 2015-01-01 00:25:35.165,0.009,-0.005,0.994,0.427,-0.122,-0.122, , , , , , ,-0.412,-0.275,-108.364
 09:36:58.463,eb:33:2e:f9:57:b5, 2015-01-01 00:25:35.165,0.009,-0.004,0.995,0.427,-0.183,-0.183, , , , , , ,-0.412,-0.275,-108.364
 09:36:58.463,eb:33:2e:f9:57:b5, 2015-01-01 00:25:35.165,0.008,-0.005,0.995,0.366,-0.061,-0.183, , , , , , ,-0.406,-0.28,-108.364
 09:36:58.463,eb:33:2e:f9:57:b5, 2015-01-01 00:25:35.165,0.008,-0.005,0.993,0.366,-0.061,-0.122, , , , , , ,-0.406,-0.28,-108.364
 09:36:58.463,eb:33:2e:f9:57:b5, 2015-01-01 00:25:35.165,0.008,-0.005,0.993,0.305,-0.061,-0.183, , , , , , ,-0.406,-0.28,-108.364
 09:36:58.463,eb:33:2e:f9:57:b5, 2015-01-01 00:25:35.165,0.008,-0.005,0.993,0.305,-0.061,-0.183, , , , , , ,-0.406,-0.28,-108.364
 09:36:58.507,eb:33:2e:f9:57:b5, 2015-01-01 00:25:35.475,0.009,-0.005,0.992,0.244,-0.061,-0.122, , , , , , ,-0.406,-0.28,-108.364
 09:36:58.507,eb:33:2e:f9:57:b5, 2015-01-01 00:25:35.475,0.008,-0.004,0.993,0.305,-0.061,-0.244, , , , , , ,-0.406,-0.28,-108.364
 09:36:58.507,eb:33:2e:f9:57:b5, 2015-01-01 00:25:35.475,0.006,-0.005,0.994,0.366,-0.061,-0.244, , , , , , ,-0.406,-0.28,-108.364
 09:36:58.507,eb:33:2e:f9:57:b5, 2015-01-01 00:25:35.475,0.003,-0.004,0.993,0.305,-0.122,-0.305, , , , , , ,-0.406,-0.28,-108.364
 09:36:58.507,eb:33:2e:f9:57:b5, 2015-01-01 00:25:35.475,0.008,-0.006,0.991,0.366,-0.366,-0.305, , , , , , ,-0.406,-0.28,-108.364
 09:36:58.507,eb:33:2e:f9:57:b5, 2015-01-01 00:25:35.475,0.008,-0.005,0.994,0.366,-0.305,-0.366, , , , , , ,-0.406,-0.28,-108.364
 09:36:58.507,eb:33:2e:f9:57:b5, 2015-01-01 00:25:35.475,0.006,-0.005,0.992,0.427,-0.427,-0.366, , , , , , ,-0.406,-0.28,-108.369
 09:36:58.507,eb:33:2e:f9:57:b5, 2015-01-01 00:25:35.475,0.007,-0.007,0.994,0.488,-0.488,-0.244, , , , , , ,-0.406,-0.28,-108.369
 09:36:58.554,eb:33:2e:f9:57:b5, 2015-01-01 00:25:35.475,0.009,-0.005,0.995,0.488,-0.549,-0.244, , , , , , ,-0.406,-0.28,-108.369
 09:36:58.554,eb:33:2e:f9:57:b5, 2015-01-01 00:25:35.475,0.008,-0.004,0.995,0.366,-0.488,-0.305, , , , , , ,-0.406,-0.28,-108.369
 09:36:58.554,eb:33:2e:f9:57:b5, 2015-01-01 00:25:35.475,0.007,-0.006,0.992,0.366,-0.61,-0.244, , , , , , ,-0.406,-0.28,-108.369
 09:36:58.554,eb:33:2e:f9:57:b5, 2015-01-01 00:25:35.475,0.009,-0.005,0.992,0.366,-0.671,-0.244, , , , , , ,-0.406,-0.28,-108.369
 09:36:58.554,eb:33:2e:f9:57:b5, 2015-01-01 00:25:35.475,0.01,-0.003,0.993,0.427,-0.671,-0.244, , , , , , ,-0.406,-0.28,-108.369
 09:36:58.555,eb:33:2e:f9:57:b5, 2015-01-01 00:25:35.475,0.011,-0.005,0.996,0.366,-0.61,-0.244, , , , , , ,-0.406,-0.28,-108.369
 09:36:58.555,eb:33:2e:f9:57:b5, 2015-01-01 00:25:35.475,0.01,-0.002,0.995,0.366,-0.427,-0.183, , , , , , ,-0.406,-0.28,-108.369
 09:36:58.555,eb:33:2e:f9:57:b5, 2015-01-01 00:25:35.475,0.009,-0.002,0.993,0.244,-0.366,-0.183, , , , , , ,-0.406,-0.28,-108.369
 09:36:58.598,eb:33:2e:f9:57:b5, 2015-01-01 00:25:35.475,0.009,-0.003,0.992,0.244,-0.366,-0.244, , , , , , ,-0.406,-0.286,-108.369
 09:36:58.598,eb:33:2e:f9:57:b5, 2015-01-01 00:25:35.475,0.009,-0.004,0.994,0.183,-0.305,-0.244, , , , , , ,-0.406,-0.286,-108.369
 09:36:58.598,eb:33:2e:f9:57:b5, 2015-01-01 00:25:35.475,0.008,-0.004,0.993,0.122,-0.244,-0.305, , , , , , ,-0.406,-0.286,-108.369
 09:36:58.598,eb:33:2e:f9:57:b5, 2015-01-01 00:25:35.475,0.009,-0.004,0.992,0.061,-0.244,-0.244, , , , , , ,-0.406,-0.286,-108.369
 09:36:58.598,eb:33:2e:f9:57:b5, 2015-01-01 00:25:35.475,0.01,-0.004,0.993,0,-0.183,-0.183, , , , , , ,-0.406,-0.286,-108.369
 09:36:58.598,eb:33:2e:f9:57:b5, 2015-01-01 00:25:35.475,0.01,-0.004,0.993,0.061,-0.183,-0.244, , , , , , ,-0.406,-0.286,-108.369
 09:36:58.599,eb:33:2e:f9:57:b5, 2015-01-01 00:25:35.475,0.009,-0.006,0.994,0.061,-0.183,-0.244, , , , , , ,-0.406,-0.286,-108.369
 09:36:58.599,eb:33:2e:f9:57:b5, 2015-01-01 00:25:35.475,0.008,-0.006,0.995,0.061,-0.122,-0.183, , , , , , ,-0.406,-0.286,-108.369
 09:36:58.621,eb:33:2e:f9:57:b5, 2015-01-01 00:25:35.475,0.006,-0.004,0.994,0.061,-0.061,-0.183, , , , , , ,-0.406,-0.286,-108.369
 09:36:58.621,eb:33:2e:f9:57:b5, 2015-01-01 00:25:35.475,0.008,-0.004,0.993,0.061,-0.122,-0.122, , , , , , ,-0.406,-0.286,-108.369
 09:36:58.621,eb:33:2e:f9:57:b5, 2015-01-01 00:25:35.475,0.011,-0.004,0.994,0,-0.183,-0.122, , , , , , ,-0.406,-0.286,-108.369
 09:36:58.621,eb:33:2e:f9:57:b5, 2015-01-01 00:25:35.475,0.012,-0.005,0.996,0,-0.122,-0.183, , , , , , ,-0.406,-0.286,-108.369
 09:36:58.621,eb:33:2e:f9:57:b5, 2015-01-01 00:25:35.475,0.006,-0.007,0.995,0.061,0.122,-0.122, , , , , , ,-0.401,-0.286,-108.369
 09:36:58.621,eb:33:2e:f9:57:b5, 2015-01-01 00:25:35.475,0.004,-0.005,0.991,0,0,-0.061, , , , , , ,-0.401,-0.286,-108.369
 09:36:58.621,eb:33:2e:f9:57:b5, 2015-01-01 00:25:35.475,0.007,-0.004,0.991,0,-0.305,-0.061, , , , , , ,-0.401,-0.286,-108.369
 09:36:58.621,eb:33:2e:f9:57:b5, 2015-01-01 00:25:35.475,0.011,-0.004,0.993,0,-0.305,0, , , , , , ,-0.401,-0.286,-108.369
 09:36:58.666,eb:33:2e:f9:57:b5, 2015-01-01 00:25:35.475,0.011,-0.006,0.994,0,-0.183,0, , , , , , ,-0.401,-0.286,-108.369
 09:36:58.666,eb:33:2e:f9:57:b5, 2015-01-01 00:25:35.475,0.01,-0.005,0.996,0.061,-0.061,0, , , , , , ,-0.401,-0.286,-108.369
 09:36:58.666,eb:33:2e:f9:57:b5, 2015-01-01 00:25:35.475,0.009,-0.006,0.995,0.061,-0.061,-0.122, , , , , , ,-0.401,-0.286,-108.369
 09:36:58.666,eb:33:2e:f9:57:b5, 2015-01-01 00:25:35.475,0.007,-0.005,0.994,0.122,-0.061,0, , , , , , ,-0.401,-0.286,-108.369
 09:36:58.666,eb:33:2e:f9:57:b5, 2015-01-01 00:25:35.475,0.008,-0.005,0.993,0.122,-0.183,0, , , , , , ,-0.401,-0.291,-108.369
 09:36:58.666,eb:33:2e:f9:57:b5, 2015-01-01 00:25:35.475,0.011,-0.004,0.993,0.061,-0.183,0, , , , , , ,-0.401,-0.291,-108.369
 09:36:58.666,eb:33:2e:f9:57:b5, 2015-01-01 00:25:35.475,0.01,-0.003,0.994,0.061,-0.122,-0.061, , , , , , ,-0.401,-0.291,-108.369
 09:36:58.667,eb:33:2e:f9:57:b5, 2015-01-01 00:25:35.475,0.009,-0.004,0.994,0,0,-0.061, , , , , , ,-0.401,-0.291,-108.369
 09:36:58.710,eb:33:2e:f9:57:b5, 2015-01-01 00:25:35.475,0.01,-0.004,0.994,0,-0.061,-0.061, , , , , , ,-0.401,-0.291,-108.369
 09:36:58.710,eb:33:2e:f9:57:b5, 2015-01-01 00:25:35.475,0.009,-0.004,0.993,0,-0.061,-0.061, , , , , , ,-0.401,-0.291,-108.369
 09:36:58.710,eb:33:2e:f9:57:b5, 2015-01-01 00:25:35.475,0.008,-0.005,0.993,0,0,-0.061, , , , , , ,-0.401,-0.291,-108.369
 09:36:58.710,eb:33:2e:f9:57:b5, 2015-01-01 00:25:35.475,0.01,-0.005,0.993,0,-0.061,0, , , , , , ,-0.401,-0.291,-108.369
 09:36:58.710,eb:33:2e:f9:57:b5, 2015-01-01 00:25:35.475,0.01,-0.005,0.994,0,-0.061,0, , , , , , ,-0.401,-0.291,-108.369
 09:36:58.710,eb:33:2e:f9:57:b5, 2015-01-01 00:25:35.475,0.009,-0.005,0.994,0,-0.061,0, , , , , , ,-0.401,-0.291,-108.369
 09:36:58.710,eb:33:2e:f9:57:b5, 2015-01-01 00:25:35.475,0.01,-0.005,0.994,0,-0.061,0, , , , , , ,-0.401,-0.291,-108.369
 09:36:58.710,eb:33:2e:f9:57:b5, 2015-01-01 00:25:35.475,0.01,-0.005,0.993,0,0,0, , , , , , ,-0.401,-0.291,-108.369
 09:36:58.755,eb:33:2e:f9:57:b5, 2015-01-01 00:25:35.475,0.01,-0.004,0.992,-0.061,0,0, , , , , , ,-0.401,-0.291,-108.369
 09:36:58.755,eb:33:2e:f9:57:b5, 2015-01-01 00:25:35.475,0.009,-0.004,0.994,-0.061,0,0, , , , , , ,-0.401,-0.291,-108.369
 09:36:58.755,eb:33:2e:f9:57:b5, 2015-01-01 00:25:35.475,0.008,-0.006,0.994,-0.061,0,0, , , , , , ,-0.401,-0.291,-108.369
 09:36:58.755,eb:33:2e:f9:57:b5, 2015-01-01 00:25:35.475,0.01,-0.005,0.994,0,0,0, , , , , , ,-0.401,-0.291,-108.369
 09:36:58.755,eb:33:2e:f9:57:b5, 2015-01-01 00:25:35.475,0.009,-0.005,0.994,0,0,0, , , , , , ,-0.401,-0.297,-108.369
 09:36:58.755,eb:33:2e:f9:57:b5, 2015-01-01 00:25:35.475,0.008,-0.005,0.993,0,0,-0.061, , , , , , ,-0.401,-0.297,-108.369
 09:36:58.755,eb:33:2e:f9:57:b5, 2015-01-01 00:25:35.475,0.008,-0.005,0.994,0,0,0, , , , , , ,-0.401,-0.297,-108.369
 09:36:58.755,eb:33:2e:f9:57:b5, 2015-01-01 00:25:35.475,0.01,-0.006,0.994,0,0,-0.061, , , , , , ,-0.401,-0.297,-108.369
 09:36:58.778,eb:33:2e:f9:57:b5, 2015-01-01 00:25:35.765,0.009,-0.005,0.995,0.061,0,-0.061, , , , , , ,-0.401,-0.297,-108.369
 09:36:58.778,eb:33:2e:f9:57:b5, 2015-01-01 00:25:35.765,0.009,-0.005,0.995,0.061,0,0, , , , , , ,-0.401,-0.297,-108.369
 09:36:58.778,eb:33:2e:f9:57:b5, 2015-01-01 00:25:35.765,0.009,-0.005,0.995,0.122,0,-0.061, , , , , , ,-0.401,-0.297,-108.369
 09:36:58.778,eb:33:2e:f9:57:b5, 2015-01-01 00:25:35.765,0.009,-0.006,0.994,0.122,0,-0.061, , , , , , ,-0.401,-0.297,-108.369
 09:36:58.778,eb:33:2e:f9:57:b5, 2015-01-01 00:25:35.765,0.01,-0.005,0.993,0.122,0,-0.061, , , , , , ,-0.401,-0.297,-108.369
 09:36:58.778,eb:33:2e:f9:57:b5, 2015-01-01 00:25:35.765,0.009,-0.005,0.993,0.122,0,0, , , , , , ,-0.401,-0.297,-108.369
 09:36:58.778,eb:33:2e:f9:57:b5, 2015-01-01 00:25:35.765,0.01,-0.006,0.993,0.122,0,0, , , , , , ,-0.401,-0.297,-108.369
 09:36:58.778,eb:33:2e:f9:57:b5, 2015-01-01 00:25:35.765,0.01,-0.006,0.995,0.122,0,0, , , , , , ,-0.401,-0.297,-108.369
 09:36:58.845,eb:33:2e:f9:57:b5, 2015-01-01 00:25:35.765,0.008,-0.005,0.995,0.122,0,-0.061, , , , , , ,-0.396,-0.302,-108.369
 09:36:58.845,eb:33:2e:f9:57:b5, 2015-01-01 00:25:35.765,0.009,-0.004,0.994,0.122,0,0, , , , , , ,-0.396,-0.302,-108.369
 09:36:58.845,eb:33:2e:f9:57:b5, 2015-01-01 00:25:35.765,0.009,-0.004,0.994,0.061,0,0, , , , , , ,-0.396,-0.297,-108.369
 09:36:58.845,eb:33:2e:f9:57:b5, 2015-01-01 00:25:35.765,0.009,-0.005,0.994,0.061,0,0, , , , , , ,-0.396,-0.297,-108.369
 09:36:58.845,eb:33:2e:f9:57:b5, 2015-01-01 00:25:35.765,0.009,-0.004,0.994,0.122,0,0, , , , , , ,-0.396,-0.302,-108.369
 09:36:58.845,eb:33:2e:f9:57:b5, 2015-01-01 00:25:35.765,0.009,-0.004,0.992,0.061,0,0, , , , , , ,-0.396,-0.302,-108.369
 09:36:58.846,eb:33:2e:f9:57:b5, 2015-01-01 00:25:35.765,0.009,-0.004,0.992,0.061,0,0, , , , , , ,-0.396,-0.302,-108.369
 09:36:58.846,eb:33:2e:f9:57:b5, 2015-01-01 00:25:35.765,0.009,-0.004,0.992,0,0,0, , , , , , ,-0.396,-0.302,-108.369
 09:36:58.868,eb:33:2e:f9:57:b5, 2015-01-01 00:25:35.765,0.009,-0.004,0.992,0,0,0, , , , , , ,-0.396,-0.302,-108.369
 09:36:58.868,eb:33:2e:f9:57:b5, 2015-01-01 00:25:35.765,0.009,-0.006,0.993,0,0,0, , , , , , ,-0.396,-0.302,-108.369
 09:36:58.868,eb:33:2e:f9:57:b5, 2015-01-01 00:25:35.765,0.01,-0.006,0.994,0,0,-0.061, , , , , , ,-0.396,-0.302,-108.369
 09:36:58.868,eb:33:2e:f9:57:b5, 2015-01-01 00:25:35.765,0.01,-0.006,0.994,0.061,0,0, , , , , , ,-0.396,-0.302,-108.369
 09:36:58.868,eb:33:2e:f9:57:b5, 2015-01-01 00:25:35.765,0.01,-0.005,0.995,0,0,0, , , , , , ,-0.396,-0.302,-108.369
 09:36:58.868,eb:33:2e:f9:57:b5, 2015-01-01 00:25:35.765,0.009,-0.005,0.995,0,0,0, , , , , , ,-0.396,-0.302,-108.369
 09:36:58.868,eb:33:2e:f9:57:b5, 2015-01-01 00:25:35.765,0.01,-0.006,0.995,0.061,0,0, , , , , , ,-0.396,-0.302,-108.369
 09:36:58.868,eb:33:2e:f9:57:b5, 2015-01-01 00:25:35.765,0.01,-0.005,0.994,0.061,0,0, , , , , , ,-0.396,-0.302,-108.369
 09:36:58.913,eb:33:2e:f9:57:b5, 2015-01-01 00:25:35.765,0.01,-0.005,0.995,0.061,0,0, , , , , , ,-0.396,-0.308,-108.369
 09:36:58.913,eb:33:2e:f9:57:b5, 2015-01-01 00:25:35.765,0.011,-0.005,0.994,0.061,0,0, , , , , , ,-0.396,-0.308,-108.369
 09:36:58.913,eb:33:2e:f9:57:b5, 2015-01-01 00:25:35.765,0.011,-0.005,0.994,0,0.061,0, , , , , , ,-0.396,-0.308,-108.369
 09:36:58.913,eb:33:2e:f9:57:b5, 2015-01-01 00:25:35.765,0.01,-0.005,0.994,0.061,0.122,0, , , , , , ,-0.396,-0.308,-108.369
 09:36:58.913,eb:33:2e:f9:57:b5, 2015-01-01 00:25:35.765,0.009,-0.006,0.993,0.061,0.183,0, , , , , , ,-0.396,-0.308,-108.369
 09:36:58.913,eb:33:2e:f9:57:b5, 2015-01-01 00:25:35.765,0.008,-0.006,0.994,0.061,0.183,0.061, , , , , , ,-0.396,-0.308,-108.369
 09:36:58.913,eb:33:2e:f9:57:b5, 2015-01-01 00:25:35.765,0.009,-0.005,0.993,0.122,0.183,0.061, , , , , , ,-0.396,-0.308,-108.369
 09:36:58.913,eb:33:2e:f9:57:b5, 2015-01-01 00:25:35.765,0.009,-0.004,0.994,0.061,0.122,0.061, , , , , , ,-0.396,-0.308,-108.369
 09:36:58.935,eb:33:2e:f9:57:b5, 2015-01-01 00:25:35.765,0.009,-0.004,0.994,0.061,0.122,0.061, , , , , , ,-0.396,-0.308,-108.369
 09:36:58.935,eb:33:2e:f9:57:b5, 2015-01-01 00:25:35.765,0.009,-0.004,0.994,0.061,0.183,0.061, , , , , , ,-0.396,-0.308,-108.369
 09:36:58.935,eb:33:2e:f9:57:b5, 2015-01-01 00:25:35.765,0.009,-0.005,0.994,0.122,0.122,0.061, , , , , , ,-0.396,-0.308,-108.369
 09:36:58.935,eb:33:2e:f9:57:b5, 2015-01-01 00:25:35.765,0.01,-0.005,0.994,0.061,0.061,0.061, , , , , , ,-0.396,-0.308,-108.369
 09:36:58.935,eb:33:2e:f9:57:b5, 2015-01-01 00:25:35.765,0.009,-0.005,0.994,0.061,0.122,0.061, , , , , , ,-0.396,-0.308,-108.369
 09:36:58.935,eb:33:2e:f9:57:b5, 2015-01-01 00:25:35.765,0.01,-0.005,0.994,0.061,0.183,0.061, , , , , , ,-0.396,-0.308,-108.369
 09:36:58.935,eb:33:2e:f9:57:b5, 2015-01-01 00:25:35.765,0.01,-0.005,0.994,0.122,0.183,0.122, , , , , , ,-0.396,-0.308,-108.369
 09:36:58.935,eb:33:2e:f9:57:b5, 2015-01-01 00:25:35.765,0.011,-0.005,0.994,0.061,0.183,0.061, , , , , , ,-0.396,-0.308,-108.369
 09:36:58.979,eb:33:2e:f9:57:b5, 2015-01-01 00:25:35.765,0.01,-0.005,0.993,0.122,0.183,0.061, , , , , , ,-0.396,-0.313,-108.369
 09:36:58.979,eb:33:2e:f9:57:b5, 2015-01-01 00:25:35.765,0.009,-0.005,0.992,0,0.244,0, , , , , , ,-0.396,-0.313,-108.369
 09:36:58.979,eb:33:2e:f9:57:b5, 2015-01-01 00:25:35.765,0.01,-0.005,0.993,0,0.183,0.061, , , , , , ,-0.396,-0.313,-108.369
 09:36:58.979,eb:33:2e:f9:57:b5, 2015-01-01 00:25:35.765,0.01,-0.005,0.994,0,0.244,0.061, , , , , , ,-0.396,-0.313,-108.369
 09:36:58.979,eb:33:2e:f9:57:b5, 2015-01-01 00:25:35.765,0.01,-0.006,0.994,0,0.305,0, , , , , , ,-0.396,-0.313,-108.369
 09:36:58.979,eb:33:2e:f9:57:b5, 2015-01-01 00:25:35.765,0.009,-0.006,0.996,0,0.305,0, , , , , , ,-0.396,-0.313,-108.369
 09:36:58.979,eb:33:2e:f9:57:b5, 2015-01-01 00:25:35.765,0.009,-0.005,0.996,0.061,0.305,0.061, , , , , , ,-0.396,-0.313,-108.369
 09:36:58.979,eb:33:2e:f9:57:b5, 2015-01-01 00:25:35.765,0.009,-0.004,0.994,0.061,0.366,0, , , , , , ,-0.396,-0.313,-108.369
 09:36:59.025,eb:33:2e:f9:57:b5, 2015-01-01 00:25:35.765,0.008,-0.004,0.993,0.061,0.427,0.061, , , , , , ,-0.39,-0.313,-108.369
 09:36:59.025,eb:33:2e:f9:57:b5, 2015-01-01 00:25:35.765,0.006,-0.006,0.992,0.061,0.305,0, , , , , , ,-0.39,-0.313,-108.369
 09:36:59.025,eb:33:2e:f9:57:b5, 2015-01-01 00:25:35.765,0.006,-0.008,0.992,0.061,0.183,0, , , , , , ,-0.39,-0.313,-108.369
 09:36:59.025,eb:33:2e:f9:57:b5, 2015-01-01 00:25:35.765,0.009,-0.007,0.994,0.122,0.061,0, , , , , , ,-0.39,-0.313,-108.369
 09:36:59.025,eb:33:2e:f9:57:b5, 2015-01-01 00:25:35.765,0.008,-0.006,0.995,0.244,0,0, , , , , , ,-0.39,-0.313,-108.369
 09:36:59.025,eb:33:2e:f9:57:b5, 2015-01-01 00:25:35.765,0.008,-0.006,0.995,0.183,0.061,0, , , , , , ,-0.39,-0.313,-108.369
 09:36:59.025,eb:33:2e:f9:57:b5, 2015-01-01 00:25:35.765,0.008,-0.006,0.994,0.244,0.061,0.061, , , , , , ,-0.39,-0.313,-108.369
 09:36:59.025,eb:33:2e:f9:57:b5, 2015-01-01 00:25:35.765,0.009,-0.006,0.993,0.244,0.061,0.061, , , , , , ,-0.39,-0.313,-108.369
 09:36:59.071,eb:33:2e:f9:57:b5, 2015-01-01 00:25:35.765,0.01,-0.006,0.993,0.244,0,0.061, , , , , , ,-0.39,-0.313,-108.369
 09:36:59.071,eb:33:2e:f9:57:b5, 2015-01-01 00:25:35.765,0.01,-0.005,0.993,0.244,0.061,0.061, , , , , , ,-0.39,-0.313,-108.369
 09:36:59.071,eb:33:2e:f9:57:b5, 2015-01-01 00:25:35.765,0.01,-0.005,0.994,0.183,0.183,0.061, , , , , , ,-0.39,-0.313,-108.369
 09:36:59.071,eb:33:2e:f9:57:b5, 2015-01-01 00:25:35.765,0.011,-0.004,0.994,0.183,0.183,0, , , , , , ,-0.39,-0.313,-108.369
 09:36:59.071,eb:33:2e:f9:57:b5, 2015-01-01 00:25:35.765,0.01,-0.004,0.994,0.183,0.244,0.061, , , , , , ,-0.39,-0.319,-108.369
 09:36:59.071,eb:33:2e:f9:57:b5, 2015-01-01 00:25:35.765,0.01,-0.005,0.993,0.122,0.244,0.061, , , , , , ,-0.39,-0.319,-108.369
 09:36:59.071,eb:33:2e:f9:57:b5, 2015-01-01 00:25:35.765,0.01,-0.005,0.993,0.122,0.244,0.061, , , , , , ,-0.39,-0.319,-108.369
 09:36:59.071,eb:33:2e:f9:57:b5, 2015-01-01 00:25:35.765,0.009,-0.004,0.995,0.183,0.305,0.061, , , , , , ,-0.39,-0.319,-108.369
 09:36:59.115,eb:33:2e:f9:57:b5, 2015-01-01 00:25:36.080,0.009,-0.004,0.994,0.122,0.305,0.061, , , , , , ,-0.39,-0.319,-108.369
 09:36:59.115,eb:33:2e:f9:57:b5, 2015-01-01 00:25:36.080,0.009,-0.004,0.993,0.122,0.305,0.061, , , , , , ,-0.39,-0.319,-108.369
 09:36:59.115,eb:33:2e:f9:57:b5, 2015-01-01 00:25:36.080,0.009,-0.005,0.992,0.061,0.305,0.061, , , , , , ,-0.39,-0.319,-108.369
 09:36:59.115,eb:33:2e:f9:57:b5, 2015-01-01 00:25:36.080,0.009,-0.005,0.993,0,0.305,0.061, , , , , , ,-0.39,-0.319,-108.369
 09:36:59.115,eb:33:2e:f9:57:b5, 2015-01-01 00:25:36.080,0.009,-0.004,0.993,0,0.305,0.061, , , , , , ,-0.39,-0.319,-108.369
 09:36:59.115,eb:33:2e:f9:57:b5, 2015-01-01 00:25:36.080,0.009,-0.005,0.993,0,0.305,0.061, , , , , , ,-0.39,-0.319,-108.369
 09:36:59.115,eb:33:2e:f9:57:b5, 2015-01-01 00:25:36.080,0.009,-0.005,0.993,0.061,0.305,0.061, , , , , , ,-0.39,-0.319,-108.369
 09:36:59.115,eb:33:2e:f9:57:b5, 2015-01-01 00:25:36.080,0.009,-0.005,0.994,0,0.305,0.061, , , , , , ,-0.39,-0.319,-108.369
 09:36:59.137,eb:33:2e:f9:57:b5, 2015-01-01 00:25:36.080,0.009,-0.005,0.994,0,0.366,0.061, , , , , , ,-0.39,-0.319,-108.369
 09:36:59.137,eb:33:2e:f9:57:b5, 2015-01-01 00:25:36.080,0.011,-0.005,0.995,0.061,0.366,0, , , , , , ,-0.39,-0.319,-108.369
 09:36:59.137,eb:33:2e:f9:57:b5, 2015-01-01 00:25:36.080,0.01,-0.006,0.995,0.122,0.488,0.061, , , , , , ,-0.39,-0.319,-108.369
 09:36:59.137,eb:33:2e:f9:57:b5, 2015-01-01 00:25:36.080,0.009,-0.006,0.996,0.122,0.488,0.061, , , , , , ,-0.39,-0.319,-108.369
 09:36:59.137,eb:33:2e:f9:57:b5, 2015-01-01 00:25:36.080,0.009,-0.005,0.995,0.183,0.61,0.061, , , , , , ,-0.39,-0.324,-108.369
 09:36:59.137,eb:33:2e:f9:57:b5, 2015-01-01 00:25:36.080,0.009,-0.005,0.993,0.122,0.61,0.061, , , , , , ,-0.39,-0.324,-108.369
 09:36:59.137,eb:33:2e:f9:57:b5, 2015-01-01 00:25:36.080,0.009,-0.005,0.994,0.122,0.61,0.061, , , , , , ,-0.39,-0.324,-108.369
 09:36:59.137,eb:33:2e:f9:57:b5, 2015-01-01 00:25:36.080,0.009,-0.005,0.996,0.122,0.671,0.061, , , , , , ,-0.39,-0.324,-108.369
 09:36:59.182,eb:33:2e:f9:57:b5, 2015-01-01 00:25:36.080,0.008,-0.006,0.995,0.183,0.671,0.061, , , , , , ,-0.39,-0.324,-108.369
 09:36:59.182,eb:33:2e:f9:57:b5, 2015-01-01 00:25:36.080,0.007,-0.005,0.994,0.183,0.671,0.061, , , , , , ,-0.39,-0.324,-108.369
 09:36:59.182,eb:33:2e:f9:57:b5, 2015-01-01 00:25:36.080,0.007,-0.005,0.994,0.183,0.549,0.122, , , , , , ,-0.39,-0.324,-108.369
 09:36:59.182,eb:33:2e:f9:57:b5, 2015-01-01 00:25:36.080,0.01,-0.006,0.995,0.244,0.549,0.061, , , , , , ,-0.39,-0.324,-108.369
 09:36:59.182,eb:33:2e:f9:57:b5, 2015-01-01 00:25:36.080,0.011,-0.007,0.996,0.244,0.671,0.183, , , , , , ,-0.39,-0.324,-108.369
 09:36:59.182,eb:33:2e:f9:57:b5, 2015-01-01 00:25:36.080,0.006,-0.003,0.994,0.244,0.732,0.183, , , , , , ,-0.39,-0.324,-108.369
 09:36:59.182,eb:33:2e:f9:57:b5, 2015-01-01 00:25:36.080,0.005,-0.004,0.991,0.183,0.671,0.122, , , , , , ,-0.39,-0.324,-108.369
 09:36:59.183,eb:33:2e:f9:57:b5, 2015-01-01 00:25:36.080,0.008,-0.003,0.99,0.122,0.488,0.183, , , , , , ,-0.39,-0.324,-108.369
 09:36:59.227,eb:33:2e:f9:57:b5, 2015-01-01 00:25:36.080,0.008,-0.005,0.993,0.122,0.488,0.061, , , , , , ,-0.39,-0.324,-108.369
 09:36:59.227,eb:33:2e:f9:57:b5, 2015-01-01 00:25:36.080,0.009,-0.005,0.993,0.122,0.427,0.122, , , , , , ,-0.39,-0.324,-108.369
 09:36:59.227,eb:33:2e:f9:57:b5, 2015-01-01 00:25:36.080,0.008,-0.005,0.994,0.122,0.549,0.183, , , , , , ,-0.39,-0.324,-108.369
 09:36:59.227,eb:33:2e:f9:57:b5, 2015-01-01 00:25:36.080,0.007,-0.005,0.993,0.061,0.488,0.122, , , , , , ,-0.39,-0.324,-108.369
 09:36:59.227,eb:33:2e:f9:57:b5, 2015-01-01 00:25:36.080,0.007,-0.005,0.993,0.061,0.549,0.122, , , , , , ,-0.39,-0.324,-108.369
 09:36:59.227,eb:33:2e:f9:57:b5, 2015-01-01 00:25:36.080,0.006,-0.005,0.992,0.122,0.488,0.122, , , , , , ,-0.39,-0.324,-108.369
 09:36:59.227,eb:33:2e:f9:57:b5, 2015-01-01 00:25:36.080,0.007,-0.006,0.994,0.122,0.488,0.122, , , , , , ,-0.39,-0.324,-108.369
 09:36:59.227,eb:33:2e:f9:57:b5, 2015-01-01 00:25:36.080,0.007,-0.006,0.995,0.183,0.488,0.183, , , , , , ,-0.39,-0.324,-108.369
 09:36:59.274,eb:33:2e:f9:57:b5, 2015-01-01 00:25:36.080,0.007,-0.006,0.995,0.183,0.366,0.122, , , , , , ,-0.385,-0.33,-108.369
 09:36:59.274,eb:33:2e:f9:57:b5, 2015-01-01 00:25:36.080,0.008,-0.006,0.993,0.244,0.427,0.122, , , , , , ,-0.385,-0.33,-108.369
 09:36:59.274,eb:33:2e:f9:57:b5, 2015-01-01 00:25:36.080,0.007,-0.004,0.993,0.183,0.366,0.122, , , , , , ,-0.385,-0.33,-108.369
 09:36:59.274,eb:33:2e:f9:57:b5, 2015-01-01 00:25:36.080,0.008,-0.005,0.992,0.183,0.366,0.122, , , , , , ,-0.385,-0.33,-108.369
 09:36:59.274,eb:33:2e:f9:57:b5, 2015-01-01 00:25:36.080,0.008,-0.004,0.992,0.122,0.305,0.122, , , , , , ,-0.385,-0.33,-108.369
 09:36:59.274,eb:33:2e:f9:57:b5, 2015-01-01 00:25:36.080,0.008,-0.004,0.993,0.122,0.366,0.061, , , , , , ,-0.385,-0.33,-108.369
 09:36:59.274,eb:33:2e:f9:57:b5, 2015-01-01 00:25:36.080,0.007,-0.004,0.995,0.122,0.366,0.061, , , , , , ,-0.385,-0.33,-108.369
 09:36:59.274,eb:33:2e:f9:57:b5, 2015-01-01 00:25:36.080,0.008,-0.005,0.995,0.061,0.366,0.061, , , , , , ,-0.385,-0.33,-108.369
 09:36:59.318,eb:33:2e:f9:57:b5, 2015-01-01 00:25:36.080,0.007,-0.005,0.995,0.122,0.427,0.122, , , , , , ,-0.385,-0.33,-108.369
 09:36:59.318,eb:33:2e:f9:57:b5, 2015-01-01 00:25:36.080,0.006,-0.004,0.994,0.122,0.366,0.061, , , , , , ,-0.385,-0.33,-108.369
 09:36:59.318,eb:33:2e:f9:57:b5, 2015-01-01 00:25:36.080,0.005,-0.006,0.994,0.122,0.427,0.122, , , , , , ,-0.385,-0.33,-108.369
 09:36:59.318,eb:33:2e:f9:57:b5, 2015-01-01 00:25:36.080,0.006,-0.004,0.992,0.061,0.305,0.061, , , , , , ,-0.385,-0.33,-108.369
 09:36:59.318,eb:33:2e:f9:57:b5, 2015-01-01 00:25:36.080,0.006,-0.004,0.992,0.061,0.244,0.061, , , , , , ,-0.385,-0.33,-108.369
 09:36:59.318,eb:33:2e:f9:57:b5, 2015-01-01 00:25:36.080,0.007,-0.004,0.991,0.061,0.061,0.122, , , , , , ,-0.385,-0.33,-108.369
 09:36:59.318,eb:33:2e:f9:57:b5, 2015-01-01 00:25:36.080,0.008,-0.004,0.994,0,0.122,0.122, , , , , , ,-0.385,-0.33,-108.369
 09:36:59.318,eb:33:2e:f9:57:b5, 2015-01-01 00:25:36.080,0.007,-0.004,0.993,0.061,0.061,0.122, , , , , , ,-0.385,-0.33,-108.369
 09:36:59.341,eb:33:2e:f9:57:b5, 2015-01-01 00:25:36.080,0.007,-0.005,0.993,0,0.061,0.122, , , , , , ,-0.385,-0.33,-108.369
 09:36:59.341,eb:33:2e:f9:57:b5, 2015-01-01 00:25:36.080,0.008,-0.005,0.993,0,0,0.061, , , , , , ,-0.385,-0.33,-108.369
 09:36:59.341,eb:33:2e:f9:57:b5, 2015-01-01 00:25:36.080,0.008,-0.005,0.994,0,0,0.122, , , , , , ,-0.385,-0.33,-108.369
 09:36:59.341,eb:33:2e:f9:57:b5, 2015-01-01 00:25:36.080,0.008,-0.005,0.994,-0.061,0.061,0.061, , , , , , ,-0.385,-0.33,-108.369
 09:36:59.341,eb:33:2e:f9:57:b5, 2015-01-01 00:25:36.080,0.007,-0.004,0.993,0,0,0.061, , , , , , ,-0.385,-0.33,-108.369
 09:36:59.341,eb:33:2e:f9:57:b5, 2015-01-01 00:25:36.080,0.008,-0.005,0.993,0,0.061,0.061, , , , , , ,-0.385,-0.33,-108.369
 09:36:59.341,eb:33:2e:f9:57:b5, 2015-01-01 00:25:36.080,0.008,-0.005,0.993,0,0.061,0.061, , , , , , ,-0.385,-0.33,-108.369
 09:36:59.341,eb:33:2e:f9:57:b5, 2015-01-01 00:25:36.080,0.009,-0.004,0.993,0,0.122,0, , , , , , ,-0.385,-0.33,-108.369
 09:36:59.385,eb:33:2e:f9:57:b5, 2015-01-01 00:25:36.080,0.008,-0.005,0.994,0,0.244,0, , , , , , ,-0.385,-0.33,-108.369
 09:36:59.385,eb:33:2e:f9:57:b5, 2015-01-01 00:25:36.080,0.007,-0.005,0.994,0,0.244,0, , , , , , ,-0.385,-0.33,-108.369
 09:36:59.385,eb:33:2e:f9:57:b5, 2015-01-01 00:25:36.080,0.007,-0.006,0.995,0,0.244,0, , , , , , ,-0.385,-0.33,-108.369
 09:36:59.385,eb:33:2e:f9:57:b5, 2015-01-01 00:25:36.080,0.008,-0.006,0.995,0.061,0.183,0, , , , , , ,-0.385,-0.33,-108.369
 09:36:59.385,eb:33:2e:f9:57:b5, 2015-01-01 00:25:36.080,0.006,-0.007,0.997,0.122,0.305,0, , , , , , ,-0.385,-0.33,-108.369
 09:36:59.385,eb:33:2e:f9:57:b5, 2015-01-01 00:25:36.080,0.006,-0.006,0.994,0.122,0.305,0, , , , , , ,-0.385,-0.33,-108.369
 09:36:59.385,eb:33:2e:f9:57:b5, 2015-01-01 00:25:36.080,0.007,-0.005,0.993,0.183,0.244,0, , , , , , ,-0.385,-0.33,-108.369
 09:36:59.386,eb:33:2e:f9:57:b5, 2015-01-01 00:25:36.080,0.006,-0.005,0.994,0.122,0.305,0, , , , , , ,-0.385,-0.33,-108.369
 09:36:59.430,eb:33:2e:f9:57:b5, 2015-01-01 00:25:36.370,0.006,-0.006,0.994,0.122,0.183,0, , , , , , ,-0.385,-0.33,-108.369
 09:36:59.430,eb:33:2e:f9:57:b5, 2015-01-01 00:25:36.370,0.006,-0.005,0.994,0.122,0.122,0, , , , , , ,-0.385,-0.33,-108.369
 09:36:59.430,eb:33:2e:f9:57:b5, 2015-01-01 00:25:36.370,0.006,-0.005,0.994,0.183,0.122,0, , , , , , ,-0.385,-0.33,-108.375
 09:36:59.430,eb:33:2e:f9:57:b5, 2015-01-01 00:25:36.370,0.006,-0.005,0.993,0.183,0.122,0, , , , , , ,-0.385,-0.33,-108.375
 09:36:59.430,eb:33:2e:f9:57:b5, 2015-01-01 00:25:36.370,0.006,-0.005,0.993,0.244,0.061,0, , , , , , ,-0.385,-0.33,-108.369
 09:36:59.430,eb:33:2e:f9:57:b5, 2015-01-01 00:25:36.370,0.006,-0.005,0.993,0.244,0,0, , , , , , ,-0.385,-0.33,-108.369
 09:36:59.430,eb:33:2e:f9:57:b5, 2015-01-01 00:25:36.370,0.008,-0.005,0.992,0.183,0,0, , , , , , ,-0.385,-0.33,-108.375
 09:36:59.430,eb:33:2e:f9:57:b5, 2015-01-01 00:25:36.370,0.008,-0.006,0.994,0.183,0,0, , , , , , ,-0.385,-0.33,-108.375
 09:36:59.474,eb:33:2e:f9:57:b5, 2015-01-01 00:25:36.370,0.008,-0.006,0.994,0.183,0,0, , , , , , ,-0.385,-0.335,-108.375
 09:36:59.474,eb:33:2e:f9:57:b5, 2015-01-01 00:25:36.370,0.007,-0.005,0.994,0.183,0.061,0, , , , , , ,-0.385,-0.335,-108.375
 09:36:59.474,eb:33:2e:f9:57:b5, 2015-01-01 00:25:36.370,0.008,-0.006,0.994,0.183,0.061,0, , , , , , ,-0.385,-0.335,-108.375
 09:36:59.474,eb:33:2e:f9:57:b5, 2015-01-01 00:25:36.370,0.008,-0.006,0.995,0.244,0.061,0, , , , , , ,-0.385,-0.335,-108.375
 09:36:59.474,eb:33:2e:f9:57:b5, 2015-01-01 00:25:36.370,0.007,-0.005,0.995,0.244,0.122,0, , , , , , ,-0.385,-0.335,-108.375
 09:36:59.474,eb:33:2e:f9:57:b5, 2015-01-01 00:25:36.370,0.007,-0.005,0.994,0.244,0.183,0, , , , , , ,-0.385,-0.335,-108.375
 09:36:59.475,eb:33:2e:f9:57:b5, 2015-01-01 00:25:36.370,0.008,-0.005,0.994,0.244,0.183,0, , , , , , ,-0.385,-0.335,-108.375
 09:36:59.475,eb:33:2e:f9:57:b5, 2015-01-01 00:25:36.370,0.007,-0.005,0.994,0.183,0.244,-0.061, , , , , , ,-0.385,-0.335,-108.375
 09:36:59.521,eb:33:2e:f9:57:b5, 2015-01-01 00:25:36.370,0.007,-0.005,0.993,0.183,0.183,-0.061, , , , , , ,-0.379,-0.335,-108.375
 09:36:59.521,eb:33:2e:f9:57:b5, 2015-01-01 00:25:36.370,0.008,-0.004,0.993,0.183,0.244,0, , , , , , ,-0.379,-0.335,-108.375
 09:36:59.521,eb:33:2e:f9:57:b5, 2015-01-01 00:25:36.370,0.007,-0.004,0.993,0.183,0.244,0, , , , , , ,-0.379,-0.335,-108.375
 09:36:59.521,eb:33:2e:f9:57:b5, 2015-01-01 00:25:36.370,0.008,-0.005,0.993,0.183,0.244,0, , , , , , ,-0.379,-0.335,-108.375
 09:36:59.521,eb:33:2e:f9:57:b5, 2015-01-01 00:25:36.370,0.008,-0.004,0.994,0.122,0.183,0, , , , , , ,-0.379,-0.335,-108.375
 09:36:59.521,eb:33:2e:f9:57:b5, 2015-01-01 00:25:36.370,0.008,-0.004,0.994,0.183,0.183,0, , , , , , ,-0.379,-0.335,-108.375
 09:36:59.521,eb:33:2e:f9:57:b5, 2015-01-01 00:25:36.370,0.007,-0.004,0.994,0.122,0.244,0, , , , , , ,-0.379,-0.335,-108.375
 09:36:59.521,eb:33:2e:f9:57:b5, 2015-01-01 00:25:36.370,0.005,-0.004,0.993,0.183,0.305,0, , , , , , ,-0.379,-0.335,-108.375
 09:36:59.542,eb:33:2e:f9:57:b5, 2015-01-01 00:25:36.370,0.006,-0.005,0.993,0.122,0.244,0, , , , , , ,-0.379,-0.335,-108.375
 09:36:59.542,eb:33:2e:f9:57:b5, 2015-01-01 00:25:36.370,0.006,-0.006,0.994,0.183,0.183,0, , , , , , ,-0.379,-0.335,-108.375
 09:36:59.542,eb:33:2e:f9:57:b5, 2015-01-01 00:25:36.370,0.006,-0.005,0.993,0.183,0.122,0, , , , , , ,-0.379,-0.335,-108.375
 09:36:59.542,eb:33:2e:f9:57:b5, 2015-01-01 00:25:36.370,0.006,-0.005,0.994,0.183,0.061,0, , , , , , ,-0.379,-0.335,-108.375
 09:36:59.542,eb:33:2e:f9:57:b5, 2015-01-01 00:25:36.370,0.007,-0.005,0.994,0.244,0.122,0, , , , , , ,-0.379,-0.335,-108.375
 09:36:59.542,eb:33:2e:f9:57:b5, 2015-01-01 00:25:36.370,0.006,-0.006,0.994,0.244,0.122,0, , , , , , ,-0.379,-0.335,-108.375
 09:36:59.543,eb:33:2e:f9:57:b5, 2015-01-01 00:25:36.370,0.005,-0.005,0.994,0.244,0.122,0, , , , , , ,-0.379,-0.335,-108.375
 09:36:59.543,eb:33:2e:f9:57:b5, 2015-01-01 00:25:36.370,0.007,-0.005,0.993,0.244,0,0, , , , , , ,-0.379,-0.335,-108.375
 09:36:59.590,eb:33:2e:f9:57:b5, 2015-01-01 00:25:36.370,0.007,-0.005,0.993,0.244,0,0, , , , , , ,-0.379,-0.335,-108.375
 09:36:59.590,eb:33:2e:f9:57:b5, 2015-01-01 00:25:36.370,0.006,-0.005,0.993,0.183,0.061,0, , , , , , ,-0.379,-0.335,-108.375
 09:36:59.590,eb:33:2e:f9:57:b5, 2015-01-01 00:25:36.370,0.007,-0.004,0.993,0.183,0,0, , , , , , ,-0.379,-0.335,-108.375
 09:36:59.590,eb:33:2e:f9:57:b5, 2015-01-01 00:25:36.370,0.007,-0.005,0.994,0.183,0,0, , , , , , ,-0.379,-0.335,-108.375
 09:36:59.590,eb:33:2e:f9:57:b5, 2015-01-01 00:25:36.370,0.006,-0.005,0.995,0.183,0,-0.061, , , , , , ,-0.379,-0.335,-108.375
 09:36:59.590,eb:33:2e:f9:57:b5, 2015-01-01 00:25:36.370,0.006,-0.005,0.995,0.183,0.061,0, , , , , , ,-0.379,-0.335,-108.375
 09:36:59.590,eb:33:2e:f9:57:b5, 2015-01-01 00:25:36.370,0.006,-0.006,0.994,0.244,0,0, , , , , , ,-0.379,-0.335,-108.375
 09:36:59.590,eb:33:2e:f9:57:b5, 2015-01-01 00:25:36.370,0.007,-0.006,0.994,0.244,0,0, , , , , , ,-0.379,-0.335,-108.375
 09:36:59.633,eb:33:2e:f9:57:b5, 2015-01-01 00:25:36.370,0.007,-0.005,0.994,0.244,0,0, , , , , , ,-0.379,-0.335,-108.375
 09:36:59.634,eb:33:2e:f9:57:b5, 2015-01-01 00:25:36.370,0.006,-0.005,0.994,0.244,0,0, , , , , , ,-0.379,-0.335,-108.375
 09:36:59.634,eb:33:2e:f9:57:b5, 2015-01-01 00:25:36.370,0.007,-0.004,0.994,0.183,0,0.061, , , , , , ,-0.379,-0.335,-108.375
 09:36:59.634,eb:33:2e:f9:57:b5, 2015-01-01 00:25:36.370,0.007,-0.005,0.993,0.183,-0.061,0.061, , , , , , ,-0.379,-0.335,-108.375
 09:36:59.634,eb:33:2e:f9:57:b5, 2015-01-01 00:25:36.370,0.008,-0.005,0.994,0.244,-0.061,0, , , , , , ,-0.379,-0.335,-108.375
 09:36:59.634,eb:33:2e:f9:57:b5, 2015-01-01 00:25:36.370,0.007,-0.005,0.994,0.244,-0.061,0, , , , , , ,-0.379,-0.335,-108.375
 09:36:59.634,eb:33:2e:f9:57:b5, 2015-01-01 00:25:36.370,0.007,-0.004,0.993,0.244,0,0, , , , , , ,-0.379,-0.335,-108.375
 09:36:59.634,eb:33:2e:f9:57:b5, 2015-01-01 00:25:36.370,0.007,-0.004,0.993,0.183,0,0, , , , , , ,-0.379,-0.335,-108.375
 09:36:59.678,eb:33:2e:f9:57:b5, 2015-01-01 00:25:36.370,0.007,-0.004,0.993,0.183,-0.061,0, , , , , , ,-0.379,-0.335,-108.375
 09:36:59.678,eb:33:2e:f9:57:b5, 2015-01-01 00:25:36.370,0.005,-0.005,0.993,0.244,-0.122,0, , , , , , ,-0.379,-0.335,-108.375
 09:36:59.678,eb:33:2e:f9:57:b5, 2015-01-01 00:25:36.370,0.007,-0.005,0.993,0.244,-0.122,0, , , , , , ,-0.379,-0.335,-108.375
 09:36:59.678,eb:33:2e:f9:57:b5, 2015-01-01 00:25:36.370,0.007,-0.005,0.994,0.244,-0.122,0, , , , , , ,-0.379,-0.335,-108.375
 09:36:59.678,eb:33:2e:f9:57:b5, 2015-01-01 00:25:36.370,0.007,-0.005,0.994,0.244,-0.122,0, , , , , , ,-0.379,-0.335,-108.375
 09:36:59.678,eb:33:2e:f9:57:b5, 2015-01-01 00:25:36.370,0.007,-0.004,0.994,0.183,-0.183,0, , , , , , ,-0.379,-0.335,-108.375
 09:36:59.678,eb:33:2e:f9:57:b5, 2015-01-01 00:25:36.370,0.007,-0.005,0.994,0.244,-0.122,0, , , , , , ,-0.379,-0.335,-108.375
 09:36:59.678,eb:33:2e:f9:57:b5, 2015-01-01 00:25:36.370,0.007,-0.003,0.992,0.183,-0.122,-0.061, , , , , , ,-0.379,-0.335,-108.375
 09:36:59.700,eb:33:2e:f9:57:b5, 2015-01-01 00:25:36.685,0.007,-0.003,0.992,0.183,-0.183,-0.061, , , , , , ,-0.379,-0.335,-108.375
 09:36:59.700,eb:33:2e:f9:57:b5, 2015-01-01 00:25:36.685,0.008,-0.003,0.992,0.061,-0.122,0, , , , , , ,-0.379,-0.335,-108.375
 09:36:59.700,eb:33:2e:f9:57:b5, 2015-01-01 00:25:36.685,0.008,-0.003,0.993,0.122,-0.122,-0.061, , , , , , ,-0.379,-0.335,-108.375
 09:36:59.702,eb:33:2e:f9:57:b5, 2015-01-01 00:25:36.685,0.008,-0.005,0.995,0.122,-0.061,-0.122, , , , , , ,-0.379,-0.335,-108.375
 09:36:59.702,eb:33:2e:f9:57:b5, 2015-01-01 00:25:36.685,0.006,-0.005,0.995,0.183,-0.061,-0.061, , , , , , ,-0.379,-0.335,-108.375
 09:36:59.702,eb:33:2e:f9:57:b5, 2015-01-01 00:25:36.685,0.007,-0.006,0.994,0.183,-0.122,-0.061, , , , , , ,-0.379,-0.335,-108.375
 09:36:59.702,eb:33:2e:f9:57:b5, 2015-01-01 00:25:36.685,0.006,-0.005,0.994,0.183,-0.122,0, , , , , , ,-0.379,-0.335,-108.375
 09:36:59.702,eb:33:2e:f9:57:b5, 2015-01-01 00:25:36.685,0.006,-0.005,0.993,0.244,-0.122,-0.061, , , , , , ,-0.379,-0.335,-108.375
 09:36:59.746,eb:33:2e:f9:57:b5, 2015-01-01 00:25:36.685,0.006,-0.004,0.993,0.183,-0.122,-0.122, , , , , , ,-0.374,-0.341,-108.375
 09:36:59.746,eb:33:2e:f9:57:b5, 2015-01-01 00:25:36.685,0.008,-0.004,0.993,0.183,-0.244,-0.122, , , , , , ,-0.374,-0.341,-108.375
 09:36:59.746,eb:33:2e:f9:57:b5, 2015-01-01 00:25:36.685,0.009,-0.004,0.994,0.183,-0.183,-0.061, , , , , , ,-0.374,-0.341,-108.375
 09:36:59.746,eb:33:2e:f9:57:b5, 2015-01-01 00:25:36.685,0.008,-0.004,0.994,0.183,-0.061,-0.061, , , , , , ,-0.374,-0.341,-108.375
 09:36:59.746,eb:33:2e:f9:57:b5, 2015-01-01 00:25:36.685,0.007,-0.004,0.994,0.183,-0.122,-0.061, , , , , , ,-0.374,-0.341,-108.375
 09:36:59.746,eb:33:2e:f9:57:b5, 2015-01-01 00:25:36.685,0.007,-0.005,0.994,0.183,-0.061,-0.061, , , , , , ,-0.374,-0.341,-108.375
 09:36:59.746,eb:33:2e:f9:57:b5, 2015-01-01 00:25:36.685,0.008,-0.004,0.994,0.122,-0.122,-0.061, , , , , , ,-0.374,-0.341,-108.375
 09:36:59.746,eb:33:2e:f9:57:b5, 2015-01-01 00:25:36.685,0.006,-0.005,0.995,0.244,-0.061,-0.061, , , , , , ,-0.374,-0.341,-108.375
 09:36:59.789,eb:33:2e:f9:57:b5, 2015-01-01 00:25:36.685,0.006,-0.005,0.995,0.244,0,-0.061, , , , , , ,-0.374,-0.341,-108.375
 09:36:59.789,eb:33:2e:f9:57:b5, 2015-01-01 00:25:36.685,0.007,-0.004,0.994,0.183,0,-0.061, , , , , , ,-0.374,-0.341,-108.375
 09:36:59.789,eb:33:2e:f9:57:b5, 2015-01-01 00:25:36.685,0.006,-0.004,0.994,0.244,-0.061,-0.061, , , , , , ,-0.374,-0.341,-108.375
 09:36:59.789,eb:33:2e:f9:57:b5, 2015-01-01 00:25:36.685,0.008,-0.005,0.994,0.244,-0.061,0, , , , , , ,-0.374,-0.341,-108.375
 09:36:59.789,eb:33:2e:f9:57:b5, 2015-01-01 00:25:36.685,0.009,-0.005,0.994,0.244,-0.061,0, , , , , , ,-0.374,-0.341,-108.375
 09:36:59.789,eb:33:2e:f9:57:b5, 2015-01-01 00:25:36.685,0.009,-0.005,0.995,0.244,-0.061,-0.122, , , , , , ,-0.374,-0.341,-108.375
 09:36:59.789,eb:33:2e:f9:57:b5, 2015-01-01 00:25:36.685,0.008,-0.005,0.995,0.244,0,-0.061, , , , , , ,-0.374,-0.341,-108.375
 09:36:59.789,eb:33:2e:f9:57:b5, 2015-01-01 00:25:36.685,0.008,-0.004,0.994,0.305,0,-0.061, , , , , , ,-0.374,-0.341,-108.375
 09:36:59.834,eb:33:2e:f9:57:b5, 2015-01-01 00:25:36.685,0.008,-0.005,0.994,0.305,0,-0.061, , , , , , ,-0.374,-0.341,-108.375
 09:36:59.834,eb:33:2e:f9:57:b5, 2015-01-01 00:25:36.685,0.009,-0.004,0.995,0.305,0,0, , , , , , ,-0.374,-0.341,-108.375
 09:36:59.834,eb:33:2e:f9:57:b5, 2015-01-01 00:25:36.685,0.008,-0.003,0.994,0.305,0.122,0, , , , , , ,-0.374,-0.341,-108.375
 09:36:59.834,eb:33:2e:f9:57:b5, 2015-01-01 00:25:36.685,0.008,-0.003,0.993,0.305,0.122,0, , , , , , ,-0.374,-0.341,-108.375
 09:36:59.834,eb:33:2e:f9:57:b5, 2015-01-01 00:25:36.685,0.008,-0.004,0.993,0.244,0.183,0, , , , , , ,-0.374,-0.341,-108.375
 09:36:59.834,eb:33:2e:f9:57:b5, 2015-01-01 00:25:36.685,0.008,-0.004,0.995,0.244,0.122,0, , , , , , ,-0.374,-0.341,-108.375
 09:36:59.834,eb:33:2e:f9:57:b5, 2015-01-01 00:25:36.685,0.008,-0.005,0.994,0.183,0.244,-0.061, , , , , , ,-0.374,-0.341,-108.375
 09:36:59.834,eb:33:2e:f9:57:b5, 2015-01-01 00:25:36.685,0.008,-0.004,0.994,0.244,0.183,0, , , , , , ,-0.374,-0.341,-108.375
 09:36:59.880,eb:33:2e:f9:57:b5, 2015-01-01 00:25:36.685,0.007,-0.005,0.995,0.183,0.305,-0.061, , , , , , ,-0.374,-0.341,-108.375
 09:36:59.880,eb:33:2e:f9:57:b5, 2015-01-01 00:25:36.685,0.006,-0.005,0.995,0.244,0.305,-0.061, , , , , , ,-0.374,-0.341,-108.375
 09:36:59.880,eb:33:2e:f9:57:b5, 2015-01-01 00:25:36.685,0.005,-0.005,0.993,0.244,0.244,-0.061, , , , , , ,-0.374,-0.341,-108.375
 09:36:59.880,eb:33:2e:f9:57:b5, 2015-01-01 00:25:36.685,0.006,-0.005,0.993,0.244,0.122,0, , , , , , ,-0.374,-0.341,-108.375
 09:36:59.880,eb:33:2e:f9:57:b5, 2015-01-01 00:25:36.685,0.008,-0.005,0.993,0.244,0.061,0, , , , , , ,-0.374,-0.341,-108.375
 09:36:59.880,eb:33:2e:f9:57:b5, 2015-01-01 00:25:36.685,0.007,-0.004,0.995,0.244,0.061,0, , , , , , ,-0.374,-0.341,-108.375
 09:36:59.880,eb:33:2e:f9:57:b5, 2015-01-01 00:25:36.685,0.007,-0.004,0.995,0.244,0.122,0, , , , , , ,-0.374,-0.341,-108.375
 09:36:59.880,eb:33:2e:f9:57:b5, 2015-01-01 00:25:36.685,0.006,-0.004,0.993,0.244,0.122,0, , , , , , ,-0.374,-0.341,-108.375
 09:36:59.902,eb:33:2e:f9:57:b5, 2015-01-01 00:25:36.685,0.005,-0.003,0.992,0.244,0,0, , , , , , ,-0.374,-0.341,-108.375
 09:36:59.902,eb:33:2e:f9:57:b5, 2015-01-01 00:25:36.685,0.007,-0.004,0.992,0.244,0,0, , , , , , ,-0.374,-0.341,-108.375
 09:36:59.902,eb:33:2e:f9:57:b5, 2015-01-01 00:25:36.685,0.007,-0.005,0.994,0.244,0,0, , , , , , ,-0.374,-0.341,-108.375
 09:36:59.902,eb:33:2e:f9:57:b5, 2015-01-01 00:25:36.685,0.007,-0.005,0.994,0.305,0,0.061, , , , , , ,-0.374,-0.341,-108.375
 09:36:59.902,eb:33:2e:f9:57:b5, 2015-01-01 00:25:36.685,0.007,-0.005,0.994,0.244,0,0, , , , , , ,-0.368,-0.341,-108.375
 09:36:59.902,eb:33:2e:f9:57:b5, 2015-01-01 00:25:36.685,0.007,-0.003,0.994,0.244,-0.061,0.122, , , , , , ,-0.368,-0.341,-108.375
 09:36:59.902,eb:33:2e:f9:57:b5, 2015-01-01 00:25:36.685,0.008,-0.004,0.993,0.244,-0.122,0.061, , , , , , ,-0.368,-0.341,-108.375
 09:36:59.902,eb:33:2e:f9:57:b5, 2015-01-01 00:25:36.685,0.008,-0.005,0.994,0.183,-0.122,0.061, , , , , , ,-0.368,-0.341,-108.375
 09:36:59.948,eb:33:2e:f9:57:b5, 2015-01-01 00:25:36.685,0.008,-0.004,0.994,0.244,-0.061,0.122, , , , , , ,-0.368,-0.346,-108.375
 09:36:59.948,eb:33:2e:f9:57:b5, 2015-01-01 00:25:36.685,0.007,-0.004,0.995,0.305,-0.122,0.122, , , , , , ,-0.368,-0.346,-108.375
 09:36:59.948,eb:33:2e:f9:57:b5, 2015-01-01 00:25:36.685,0.006,-0.004,0.995,0.305,-0.122,0.122, , , , , , ,-0.368,-0.346,-108.375
 09:36:59.948,eb:33:2e:f9:57:b5, 2015-01-01 00:25:36.685,0.006,-0.004,0.994,0.305,-0.183,0.122, , , , , , ,-0.368,-0.346,-108.375
 09:36:59.948,eb:33:2e:f9:57:b5, 2015-01-01 00:25:36.685,0.007,-0.004,0.993,0.305,-0.183,0.122, , , , , , ,-0.368,-0.346,-108.375
 09:36:59.948,eb:33:2e:f9:57:b5, 2015-01-01 00:25:36.685,0.007,-0.004,0.994,0.305,-0.183,0.122, , , , , , ,-0.368,-0.346,-108.375
 09:36:59.948,eb:33:2e:f9:57:b5, 2015-01-01 00:25:36.685,0.007,-0.004,0.994,0.305,-0.183,0.122, , , , , , ,-0.368,-0.346,-108.375
 09:36:59.948,eb:33:2e:f9:57:b5, 2015-01-01 00:25:36.685,0.007,-0.004,0.993,0.305,-0.183,0.122, , , , , , ,-0.368,-0.346,-108.375
 09:36:59.993,eb:33:2e:f9:57:b5, 2015-01-01 00:25:36.685,0.007,-0.004,0.993,0.244,-0.305,0.183, , , , , , ,-0.368,-0.346,-108.375
 09:36:59.993,eb:33:2e:f9:57:b5, 2015-01-01 00:25:36.685,0.007,-0.004,0.993,0.244,-0.366,0.183, , , , , , ,-0.368,-0.346,-108.375
 09:36:59.993,eb:33:2e:f9:57:b5, 2015-01-01 00:25:36.685,0.007,-0.004,0.994,0.244,-0.366,0.183, , , , , , ,-0.368,-0.346,-108.375
 09:36:59.993,eb:33:2e:f9:57:b5, 2015-01-01 00:25:36.685,0.008,-0.004,0.993,0.244,-0.366,0.122, , , , , , ,-0.368,-0.346,-108.375
 09:36:59.993,eb:33:2e:f9:57:b5, 2015-01-01 00:25:36.685,0.007,-0.003,0.993,0.244,-0.427,0.183, , , , , , ,-0.368,-0.346,-108.375
 09:36:59.993,eb:33:2e:f9:57:b5, 2015-01-01 00:25:36.685,0.008,-0.003,0.991,0.305,-0.427,0.183, , , , , , ,-0.368,-0.346,-108.375
 09:36:59.993,eb:33:2e:f9:57:b5, 2015-01-01 00:25:36.685,0.008,-0.003,0.992,0.244,-0.488,0.183, , , , , , ,-0.368,-0.346,-108.375
 09:36:59.993,eb:33:2e:f9:57:b5, 2015-01-01 00:25:36.685,0.007,-0.003,0.992,0.183,-0.488,0.244, , , , , , ,-0.368,-0.346,-108.375
 09:37:00.038,eb:33:2e:f9:57:b5, 2015-01-01 00:25:36.995,0.007,-0.003,0.992,0.122,-0.549,0.244, , , , , , ,-0.368,-0.346,-108.375
 09:37:00.038,eb:33:2e:f9:57:b5, 2015-01-01 00:25:36.995,0.008,-0.003,0.993,0.061,-0.61,0.183, , , , , , ,-0.368,-0.346,-108.375
 09:37:00.038,eb:33:2e:f9:57:b5, 2015-01-01 00:25:36.995,0.009,-0.004,0.993,0.122,-0.61,0.183, , , , , , ,-0.368,-0.346,-108.375
 09:37:00.038,eb:33:2e:f9:57:b5, 2015-01-01 00:25:36.995,0.01,-0.003,0.994,0.183,-0.549,0.183, , , , , , ,-0.368,-0.346,-108.375
 09:37:00.038,eb:33:2e:f9:57:b5, 2015-01-01 00:25:36.995,0.01,-0.003,0.994,0.183,-0.488,0.183, , , , , , ,-0.368,-0.346,-108.375
 09:37:00.038,eb:33:2e:f9:57:b5, 2015-01-01 00:25:36.995,0.008,-0.002,0.994,0.183,-0.366,0.183, , , , , , ,-0.368,-0.346,-108.375
 09:37:00.038,eb:33:2e:f9:57:b5, 2015-01-01 00:25:36.995,0.009,-0.002,0.994,0.183,-0.366,0.183, , , , , , ,-0.368,-0.346,-108.375
 09:37:00.038,eb:33:2e:f9:57:b5, 2015-01-01 00:25:36.995,0.01,-0.004,0.994,0.244,-0.366,0.061, , , , , , ,-0.368,-0.346,-108.375
 09:37:00.085,eb:33:2e:f9:57:b5, 2015-01-01 00:25:36.995,0.009,-0.004,0.995,0.244,-0.366,0.061, , , , , , ,-0.368,-0.346,-108.375
 09:37:00.085,eb:33:2e:f9:57:b5, 2015-01-01 00:25:36.995,0.01,-0.005,0.996,0.244,-0.244,0.061, , , , , , ,-0.368,-0.346,-108.375
 09:37:00.085,eb:33:2e:f9:57:b5, 2015-01-01 00:25:36.995,0.01,-0.005,0.996,0.366,-0.183,0.061, , , , , , ,-0.368,-0.346,-108.375
 09:37:00.085,eb:33:2e:f9:57:b5, 2015-01-01 00:25:36.995,0.007,-0.005,0.998,0.488,-0.061,0, , , , , , ,-0.368,-0.346,-108.375
 09:37:00.085,eb:33:2e:f9:57:b5, 2015-01-01 00:25:36.995,0.009,-0.005,0.995,0.427,-0.183,0.061, , , , , , ,-0.363,-0.346,-108.375
 09:37:00.085,eb:33:2e:f9:57:b5, 2015-01-01 00:25:36.995,0.009,-0.004,0.995,0.427,-0.122,0.122, , , , , , ,-0.363,-0.346,-108.375
 09:37:00.085,eb:33:2e:f9:57:b5, 2015-01-01 00:25:36.995,0.006,-0.004,0.996,0.427,-0.061,0.122, , , , , , ,-0.363,-0.346,-108.375
 09:37:00.085,eb:33:2e:f9:57:b5, 2015-01-01 00:25:36.995,0.006,-0.005,0.992,0.488,-0.122,0.122, , , , , , ,-0.363,-0.346,-108.375
 09:37:00.106,eb:33:2e:f9:57:b5, 2015-01-01 00:25:36.995,0.006,-0.005,0.993,0.549,-0.305,0.061, , , , , , ,-0.363,-0.346,-108.375
 09:37:00.106,eb:33:2e:f9:57:b5, 2015-01-01 00:25:36.995,0.007,-0.003,0.992,0.549,-0.427,0.061, , , , , , ,-0.363,-0.346,-108.375
 09:37:00.106,eb:33:2e:f9:57:b5, 2015-01-01 00:25:36.995,0.009,-0.003,0.993,0.549,-0.549,0.061, , , , , , ,-0.363,-0.346,-108.375
 09:37:00.106,eb:33:2e:f9:57:b5, 2015-01-01 00:25:36.995,0.009,-0.003,0.993,0.549,-0.488,0.061, , , , , , ,-0.363,-0.346,-108.375
 09:37:00.106,eb:33:2e:f9:57:b5, 2015-01-01 00:25:36.995,0.012,-0.002,0.991,0.549,-0.549,0.061, , , , , , ,-0.363,-0.352,-108.375
 09:37:00.106,eb:33:2e:f9:57:b5, 2015-01-01 00:25:36.995,0.014,-0.002,0.994,0.488,-0.427,0, , , , , , ,-0.363,-0.352,-108.375
 09:37:00.106,eb:33:2e:f9:57:b5, 2015-01-01 00:25:36.995,0.011,-0.003,0.996,0.488,-0.122,-0.122, , , , , , ,-0.363,-0.352,-108.375
 09:37:00.106,eb:33:2e:f9:57:b5, 2015-01-01 00:25:36.995,0.011,-0.004,0.995,0.549,-0.061,-0.183, , , , , , ,-0.363,-0.352,-108.375
 09:37:00.149,eb:33:2e:f9:57:b5, 2015-01-01 00:25:36.995,0.001,-0.003,0.994,0.61,0,-0.183, , , , , , ,-0.363,-0.352,-108.375
 09:37:00.149,eb:33:2e:f9:57:b5, 2015-01-01 00:25:36.995,0,-0.003,0.987,0.488,-0.366,-0.122, , , , , , ,-0.363,-0.352,-108.375
 09:37:00.149,eb:33:2e:f9:57:b5, 2015-01-01 00:25:36.995,0.002,-0.003,0.986,0.366,-0.854,-0.061, , , , , , ,-0.363,-0.352,-108.375
 09:37:00.149,eb:33:2e:f9:57:b5, 2015-01-01 00:25:36.995,0.015,-0.003,0.988,0.427,-1.16,-0.061, , , , , , ,-0.363,-0.352,-108.375
 09:37:00.149,eb:33:2e:f9:57:b5, 2015-01-01 00:25:36.995,0.015,-0.004,0.996,0.427,-0.916,-0.061, , , , , , ,-0.363,-0.352,-108.375
 09:37:00.149,eb:33:2e:f9:57:b5, 2015-01-01 00:25:36.995,0.012,-0.003,0.997,0.488,-0.732,0, , , , , , ,-0.363,-0.352,-108.375
 09:37:00.149,eb:33:2e:f9:57:b5, 2015-01-01 00:25:36.995,0.01,-0.005,0.997,0.549,-0.488,-0.061, , , , , , ,-0.363,-0.352,-108.375
 09:37:00.149,eb:33:2e:f9:57:b5, 2015-01-01 00:25:36.995,0.01,-0.005,0.995,0.671,-0.488,-0.061, , , , , , ,-0.363,-0.352,-108.375
 09:37:00.195,eb:33:2e:f9:57:b5, 2015-01-01 00:25:36.995,0.01,-0.004,0.995,0.671,-0.427,0, , , , , , ,-0.363,-0.352,-108.375
 09:37:00.195,eb:33:2e:f9:57:b5, 2015-01-01 00:25:36.995,0.01,-0.003,0.995,0.732,-0.305,-0.061, , , , , , ,-0.363,-0.352,-108.375
 09:37:00.195,eb:33:2e:f9:57:b5, 2015-01-01 00:25:36.995,0.01,-0.003,0.994,0.732,-0.244,-0.122, , , , , , ,-0.363,-0.352,-108.375
 09:37:00.195,eb:33:2e:f9:57:b5, 2015-01-01 00:25:36.995,0.009,-0.002,0.993,0.732,-0.183,-0.122, , , , , , ,-0.363,-0.352,-108.375
 09:37:00.195,eb:33:2e:f9:57:b5, 2015-01-01 00:25:36.995,0.008,-0.002,0.992,0.732,-0.305,-0.061, , , , , , ,-0.363,-0.352,-108.375
 09:37:00.195,eb:33:2e:f9:57:b5, 2015-01-01 00:25:36.995,0.008,-0.003,0.993,0.671,-0.427,0, , , , , , ,-0.363,-0.352,-108.375
 09:37:00.195,eb:33:2e:f9:57:b5, 2015-01-01 00:25:36.995,0.008,-0.002,0.992,0.61,-0.427,0, , , , , , ,-0.363,-0.352,-108.375
 09:37:00.195,eb:33:2e:f9:57:b5, 2015-01-01 00:25:36.995,0.009,-0.002,0.992,0.671,-0.488,-0.061, , , , , , ,-0.363,-0.352,-108.375
 09:37:00.241,eb:33:2e:f9:57:b5, 2015-01-01 00:25:36.995,0.011,-0.004,0.994,0.671,-0.549,-0.061, , , , , , ,-0.357,-0.352,-108.375
 09:37:00.241,eb:33:2e:f9:57:b5, 2015-01-01 00:25:36.995,0.02,-0.003,0.996,0.732,-0.427,-0.061, , , , , , ,-0.357,-0.352,-108.375
 09:37:00.241,eb:33:2e:f9:57:b5, 2015-01-01 00:25:36.995,0.011,-0.001,1.001,0.793,-0.061,-0.244, , , , , , ,-0.357,-0.352,-108.375
 09:37:00.241,eb:33:2e:f9:57:b5, 2015-01-01 00:25:36.995,-0.001,-0.005,0.995,0.793,0.122,-0.183, , , , , , ,-0.357,-0.352,-108.375
 09:37:00.241,eb:33:2e:f9:57:b5, 2015-01-01 00:25:36.995,0.004,-0.003,0.984,0.732,-0.488,-0.061, , , , , , ,-0.357,-0.357,-108.375
 09:37:00.241,eb:33:2e:f9:57:b5, 2015-01-01 00:25:36.995,0.01,0,0.986,0.671,-0.854,-0.122, , , , , , ,-0.357,-0.357,-108.375
 09:37:00.241,eb:33:2e:f9:57:b5, 2015-01-01 00:25:36.995,0.013,-0.002,0.994,0.671,-0.854,-0.122, , , , , , ,-0.357,-0.357,-108.375
 09:37:00.241,eb:33:2e:f9:57:b5, 2015-01-01 00:25:36.995,0.015,-0.003,0.998,0.61,-0.671,-0.061, , , , , , ,-0.357,-0.357,-108.375
 09:37:00.287,eb:33:2e:f9:57:b5, 2015-01-01 00:25:36.995,0.011,-0.002,0.998,0.549,-0.427,-0.122, , , , , , ,-0.357,-0.357,-108.375
 09:37:00.287,eb:33:2e:f9:57:b5, 2015-01-01 00:25:36.995,0.012,-0.001,0.996,0.61,-0.366,-0.061, , , , , , ,-0.357,-0.357,-108.375
 09:37:00.287,eb:33:2e:f9:57:b5, 2015-01-01 00:25:36.995,0.013,-0.001,0.996,0.61,-0.305,-0.122, , , , , , ,-0.357,-0.357,-108.375
 09:37:00.287,eb:33:2e:f9:57:b5, 2015-01-01 00:25:36.995,0.013,-0.001,0.996,0.61,-0.122,-0.122, , , , , , ,-0.357,-0.357,-108.375
 09:37:00.287,eb:33:2e:f9:57:b5, 2015-01-01 00:25:36.995,0.011,-0.002,0.996,0.549,0,-0.061, , , , , , ,-0.357,-0.357,-108.375
 09:37:00.287,eb:33:2e:f9:57:b5, 2015-01-01 00:25:36.995,0.012,-0.002,0.994,0.488,0.061,0, , , , , , ,-0.357,-0.357,-108.375
 09:37:00.287,eb:33:2e:f9:57:b5, 2015-01-01 00:25:36.995,0.01,-0.001,0.993,0.427,0.122,-0.061, , , , , , ,-0.357,-0.357,-108.375
 09:37:00.287,eb:33:2e:f9:57:b5, 2015-01-01 00:25:36.995,0.01,-0.001,0.992,0.427,0.122,-0.122, , , , , , ,-0.357,-0.357,-108.375
 09:37:00.306,eb:33:2e:f9:57:b5, 2015-01-01 00:25:37.285,0.008,-0.001,0.992,0.366,0.061,-0.061, , , , , , ,-0.357,-0.357,-108.375
 09:37:00.306,eb:33:2e:f9:57:b5, 2015-01-01 00:25:37.285,0.008,-0.002,0.992,0.366,0,-0.061, , , , , , ,-0.357,-0.357,-108.375
 09:37:00.306,eb:33:2e:f9:57:b5, 2015-01-01 00:25:37.285,0.01,-0.002,0.992,0.305,-0.061,-0.061, , , , , , ,-0.357,-0.357,-108.375
 09:37:00.306,eb:33:2e:f9:57:b5, 2015-01-01 00:25:37.285,0.01,-0.002,0.994,0.305,-0.122,-0.061, , , , , , ,-0.357,-0.357,-108.375
 09:37:00.306,eb:33:2e:f9:57:b5, 2015-01-01 00:25:37.285,0.01,-0.002,0.995,0.244,-0.183,-0.061, , , , , , ,-0.352,-0.363,-108.375
 09:37:00.306,eb:33:2e:f9:57:b5, 2015-01-01 00:25:37.285,0.01,-0.001,0.994,0.244,-0.122,-0.122, , , , , , ,-0.352,-0.363,-108.375
 09:37:00.306,eb:33:2e:f9:57:b5, 2015-01-01 00:25:37.285,0.009,-0.001,0.993,0.305,-0.122,-0.061, , , , , , ,-0.352,-0.363,-108.375
 09:37:00.306,eb:33:2e:f9:57:b5, 2015-01-01 00:25:37.285,0.011,-0.002,0.993,0.244,-0.305,-0.061, , , , , , ,-0.352,-0.363,-108.375
 09:37:00.352,eb:33:2e:f9:57:b5, 2015-01-01 00:25:37.285,0.011,-0.002,0.994,0.244,-0.244,-0.122, , , , , , ,-0.352,-0.363,-108.375
 09:37:00.352,eb:33:2e:f9:57:b5, 2015-01-01 00:25:37.285,0.011,-0.001,0.993,0.244,-0.244,-0.061, , , , , , ,-0.352,-0.363,-108.375
 09:37:00.352,eb:33:2e:f9:57:b5, 2015-01-01 00:25:37.285,0.01,0,0.994,0.183,-0.122,-0.061, , , , , , ,-0.352,-0.363,-108.375
 09:37:00.352,eb:33:2e:f9:57:b5, 2015-01-01 00:25:37.285,0.011,0,0.993,0.183,-0.183,-0.061, , , , , , ,-0.352,-0.363,-108.375
 09:37:00.352,eb:33:2e:f9:57:b5, 2015-01-01 00:25:37.285,0.011,0,0.993,0.183,-0.183,-0.061, , , , , , ,-0.352,-0.363,-108.375
 09:37:00.352,eb:33:2e:f9:57:b5, 2015-01-01 00:25:37.285,0.012,-0.001,0.994,0.122,-0.122,-0.061, , , , , , ,-0.352,-0.363,-108.375
 09:37:00.352,eb:33:2e:f9:57:b5, 2015-01-01 00:25:37.285,0.011,-0.002,0.995,0.122,0,-0.061, , , , , , ,-0.352,-0.363,-108.375
 09:37:00.352,eb:33:2e:f9:57:b5, 2015-01-01 00:25:37.285,0.011,-0.002,0.995,0.061,0,-0.061, , , , , , ,-0.352,-0.363,-108.375
 09:37:00.397,eb:33:2e:f9:57:b5, 2015-01-01 00:25:37.285,0.011,-0.002,0.995,0.061,0,0, , , , , , ,-0.352,-0.363,-108.375
 09:37:00.397,eb:33:2e:f9:57:b5, 2015-01-01 00:25:37.285,0.011,-0.001,0.995,0.122,0,-0.061, , , , , , ,-0.352,-0.363,-108.375
 09:37:00.397,eb:33:2e:f9:57:b5, 2015-01-01 00:25:37.285,0.012,-0.001,0.995,0.183,0,-0.061, , , , , , ,-0.352,-0.363,-108.375
 09:37:00.397,eb:33:2e:f9:57:b5, 2015-01-01 00:25:37.285,0.011,-0.001,0.995,0.122,0.122,0, , , , , , ,-0.352,-0.363,-108.375
 09:37:00.397,eb:33:2e:f9:57:b5, 2015-01-01 00:25:37.285,0.011,-0.001,0.995,0.122,0.183,-0.061, , , , , , ,-0.346,-0.368,-108.375
 09:37:00.397,eb:33:2e:f9:57:b5, 2015-01-01 00:25:37.285,0.01,-0.001,0.994,0.122,0.183,0, , , , , , ,-0.346,-0.368,-108.375
 09:37:00.397,eb:33:2e:f9:57:b5, 2015-01-01 00:25:37.285,0.011,0,0.994,0.122,0.244,-0.061, , , , , , ,-0.346,-0.368,-108.375
 09:37:00.397,eb:33:2e:f9:57:b5, 2015-01-01 00:25:37.285,0.011,-0.001,0.994,0.061,0.244,-0.061, , , , , , ,-0.346,-0.368,-108.375
 09:37:00.443,eb:33:2e:f9:57:b5, 2015-01-01 00:25:37.285,0.012,-0.002,0.994,0.061,0.366,-0.061, , , , , , ,-0.346,-0.368,-108.375
 09:37:00.443,eb:33:2e:f9:57:b5, 2015-01-01 00:25:37.285,0.009,0,0.993,0,0.366,-0.061, , , , , , ,-0.346,-0.368,-108.375
 09:37:00.443,eb:33:2e:f9:57:b5, 2015-01-01 00:25:37.285,0.01,0,0.991,0,0.244,-0.122, , , , , , ,-0.346,-0.368,-108.375
 09:37:00.443,eb:33:2e:f9:57:b5, 2015-01-01 00:25:37.285,0.011,0,0.992,0,0.244,-0.122, , , , , , ,-0.346,-0.368,-108.375
 09:37:00.443,eb:33:2e:f9:57:b5, 2015-01-01 00:25:37.285,0.012,-0.001,0.993,-0.061,0.305,-0.061, , , , , , ,-0.346,-0.368,-108.375
 09:37:00.443,eb:33:2e:f9:57:b5, 2015-01-01 00:25:37.285,0.01,-0.002,0.993,-0.061,0.366,-0.122, , , , , , ,-0.346,-0.368,-108.375
 09:37:00.443,eb:33:2e:f9:57:b5, 2015-01-01 00:25:37.285,0.01,-0.002,0.993,-0.122,0.366,-0.183, , , , , , ,-0.346,-0.368,-108.375
 09:37:00.443,eb:33:2e:f9:57:b5, 2015-01-01 00:25:37.285,0.01,-0.001,0.992,-0.122,0.305,-0.122, , , , , , ,-0.346,-0.368,-108.375
 09:37:00.488,eb:33:2e:f9:57:b5, 2015-01-01 00:25:37.285,0.01,-0.002,0.995,-0.061,0.305,-0.122, , , , , , ,-0.346,-0.368,-108.375
 09:37:00.488,eb:33:2e:f9:57:b5, 2015-01-01 00:25:37.285,0.01,-0.003,0.995,-0.061,0.305,-0.061, , , , , , ,-0.346,-0.368,-108.375
 09:37:00.488,eb:33:2e:f9:57:b5, 2015-01-01 00:25:37.285,0.011,-0.004,0.995,-0.061,0.305,-0.122, , , , , , ,-0.341,-0.368,-108.375
 09:37:00.488,eb:33:2e:f9:57:b5, 2015-01-01 00:25:37.285,0.011,-0.003,0.997,0,0.366,-0.061, , , , , , ,-0.341,-0.368,-108.375
 09:37:00.488,eb:33:2e:f9:57:b5, 2015-01-01 00:25:37.285,0.012,-0.002,0.997,0,0.427,0, , , , , , ,-0.341,-0.374,-108.375
 09:37:00.488,eb:33:2e:f9:57:b5, 2015-01-01 00:25:37.285,0.011,-0.002,0.996,0,0.549,0, , , , , , ,-0.341,-0.374,-108.375
 09:37:00.488,eb:33:2e:f9:57:b5, 2015-01-01 00:25:37.285,0.01,-0.002,0.995,0.061,0.61,0, , , , , , ,-0.341,-0.374,-108.375
 09:37:00.488,eb:33:2e:f9:57:b5, 2015-01-01 00:25:37.285,0.01,-0.003,0.995,0,0.671,0, , , , , , ,-0.341,-0.374,-108.375
 09:37:00.510,eb:33:2e:f9:57:b5, 2015-01-01 00:25:37.285,0.011,-0.002,0.995,0.122,0.732,0, , , , , , ,-0.341,-0.374,-108.375
 09:37:00.510,eb:33:2e:f9:57:b5, 2015-01-01 00:25:37.285,0.01,-0.001,0.995,0.061,0.732,0, , , , , , ,-0.341,-0.374,-108.375
 09:37:00.510,eb:33:2e:f9:57:b5, 2015-01-01 00:25:37.285,0.009,-0.003,0.994,0.122,0.732,0, , , , , , ,-0.341,-0.374,-108.375
 09:37:00.510,eb:33:2e:f9:57:b5, 2015-01-01 00:25:37.285,0.01,-0.002,0.995,0.122,0.854,0, , , , , , ,-0.341,-0.374,-108.375
 09:37:00.510,eb:33:2e:f9:57:b5, 2015-01-01 00:25:37.285,0.009,-0.002,0.995,0.122,0.854,0.061, , , , , , ,-0.341,-0.374,-108.375
 09:37:00.510,eb:33:2e:f9:57:b5, 2015-01-01 00:25:37.285,0.008,-0.002,0.995,0.183,0.854,0.061, , , , , , ,-0.341,-0.374,-108.375
 09:37:00.510,eb:33:2e:f9:57:b5, 2015-01-01 00:25:37.285,0.009,-0.001,0.995,0.061,0.854,0.061, , , , , , ,-0.341,-0.374,-108.375
 09:37:00.510,eb:33:2e:f9:57:b5, 2015-01-01 00:25:37.285,0.01,-0.003,0.993,0.122,0.854,0.122, , , , , , ,-0.341,-0.374,-108.375
 09:37:00.557,eb:33:2e:f9:57:b5, 2015-01-01 00:25:37.285,0.008,-0.003,0.993,0.061,0.854,0.183, , , , , , ,-0.341,-0.374,-108.375
 09:37:00.557,eb:33:2e:f9:57:b5, 2015-01-01 00:25:37.285,0.008,-0.002,0.993,0,0.793,0.183, , , , , , ,-0.341,-0.374,-108.375
 09:37:00.557,eb:33:2e:f9:57:b5, 2015-01-01 00:25:37.285,0.009,-0.002,0.992,0,0.732,0.244, , , , , , ,-0.341,-0.374,-108.375
 09:37:00.557,eb:33:2e:f9:57:b5, 2015-01-01 00:25:37.285,0.008,-0.002,0.993,0,0.793,0.183, , , , , , ,-0.341,-0.374,-108.375
 09:37:00.557,eb:33:2e:f9:57:b5, 2015-01-01 00:25:37.285,0.008,-0.002,0.993,0.061,0.732,0.244, , , , , , ,-0.335,-0.379,-108.375
 09:37:00.557,eb:33:2e:f9:57:b5, 2015-01-01 00:25:37.285,0.009,-0.002,0.994,0.061,0.732,0.183, , , , , , ,-0.335,-0.379,-108.375
 09:37:00.557,eb:33:2e:f9:57:b5, 2015-01-01 00:25:37.285,0.008,-0.001,0.995,0,0.732,0.183, , , , , , ,-0.335,-0.379,-108.375
 09:37:00.557,eb:33:2e:f9:57:b5, 2015-01-01 00:25:37.285,0.007,-0.001,0.996,0.061,0.732,0.183, , , , , , ,-0.335,-0.379,-108.375
 09:37:00.601,eb:33:2e:f9:57:b5, 2015-01-01 00:25:37.285,0.008,-0.001,0.995,0.061,0.732,0.183, , , , , , ,-0.335,-0.379,-108.375
 09:37:00.601,eb:33:2e:f9:57:b5, 2015-01-01 00:25:37.285,0.009,-0.002,0.996,0.183,0.732,0.122, , , , , , ,-0.335,-0.379,-108.375
 09:37:00.601,eb:33:2e:f9:57:b5, 2015-01-01 00:25:37.285,0.009,-0.003,0.997,0.244,0.732,0.183, , , , , , ,-0.335,-0.379,-108.375
 09:37:00.601,eb:33:2e:f9:57:b5, 2015-01-01 00:25:37.285,0.015,-0.006,1.002,0.427,0.916,0.305, , , , , , ,-0.335,-0.379,-108.375
 09:37:00.601,eb:33:2e:f9:57:b5, 2015-01-01 00:25:37.285,0.005,0.004,0.994,0.244,1.099,0.122, , , , , , ,-0.335,-0.379,-108.375
 09:37:00.601,eb:33:2e:f9:57:b5, 2015-01-01 00:25:37.285,0.002,0,0.989,0.183,0.854,0.122, , , , , , ,-0.335,-0.379,-108.375
 09:37:00.601,eb:33:2e:f9:57:b5, 2015-01-01 00:25:37.285,0.007,0,0.986,0,0.488,0.122, , , , , , ,-0.335,-0.379,-108.375
 09:37:00.601,eb:33:2e:f9:57:b5, 2015-01-01 00:25:37.285,0.01,-0.002,0.991,0.061,0.366,0.061, , , , , , ,-0.335,-0.379,-108.375
 09:37:00.644,eb:33:2e:f9:57:b5, 2015-01-01 00:25:37.600,0.01,-0.002,0.993,0.122,0.488,0, , , , , , ,-0.335,-0.379,-108.375
 09:37:00.644,eb:33:2e:f9:57:b5, 2015-01-01 00:25:37.600,0.008,-0.002,0.994,0.061,0.549,0, , , , , , ,-0.335,-0.379,-108.375
 09:37:00.644,eb:33:2e:f9:57:b5, 2015-01-01 00:25:37.600,0.006,-0.001,0.991,0.061,0.61,-0.061, , , , , , ,-0.335,-0.379,-108.375
 09:37:00.644,eb:33:2e:f9:57:b5, 2015-01-01 00:25:37.600,0.007,-0.002,0.991,0,0.488,-0.061, , , , , , ,-0.335,-0.379,-108.375
 09:37:00.644,eb:33:2e:f9:57:b5, 2015-01-01 00:25:37.600,0.006,-0.001,0.992,0,0.366,-0.061, , , , , , ,-0.335,-0.379,-108.375
 09:37:00.644,eb:33:2e:f9:57:b5, 2015-01-01 00:25:37.600,0.008,-0.001,0.991,-0.061,0.366,-0.061, , , , , , ,-0.335,-0.379,-108.375
 09:37:00.644,eb:33:2e:f9:57:b5, 2015-01-01 00:25:37.600,0.007,-0.002,0.991,-0.122,0.305,0, , , , , , ,-0.335,-0.379,-108.375
 09:37:00.644,eb:33:2e:f9:57:b5, 2015-01-01 00:25:37.600,0.008,-0.002,0.992,-0.122,0.305,-0.061, , , , , , ,-0.335,-0.379,-108.375
 09:37:00.669,eb:33:2e:f9:57:b5, 2015-01-01 00:25:37.600,0.009,-0.001,0.994,-0.122,0.244,-0.061, , , , , , ,-0.33,-0.379,-108.375
 09:37:00.669,eb:33:2e:f9:57:b5, 2015-01-01 00:25:37.600,0.009,-0.003,0.994,-0.061,0.305,0, , , , , , ,-0.33,-0.379,-108.375
 09:37:00.669,eb:33:2e:f9:57:b5, 2015-01-01 00:25:37.600,0.009,-0.003,0.995,-0.061,0.366,0, , , , , , ,-0.33,-0.379,-108.375
 09:37:00.669,eb:33:2e:f9:57:b5, 2015-01-01 00:25:37.600,0.009,-0.003,0.996,0,0.366,0, , , , , , ,-0.33,-0.379,-108.375
 09:37:00.669,eb:33:2e:f9:57:b5, 2015-01-01 00:25:37.600,0.008,-0.001,0.995,-0.061,0.427,0, , , , , , ,-0.33,-0.379,-108.375
 09:37:00.669,eb:33:2e:f9:57:b5, 2015-01-01 00:25:37.600,0.008,-0.002,0.993,-0.122,0.488,0.061, , , , , , ,-0.33,-0.379,-108.375
 09:37:00.669,eb:33:2e:f9:57:b5, 2015-01-01 00:25:37.600,0.008,-0.003,0.993,-0.061,0.366,0, , , , , , ,-0.33,-0.379,-108.375
 09:37:00.669,eb:33:2e:f9:57:b5, 2015-01-01 00:25:37.600,0.006,-0.004,0.994,0,0.427,0, , , , , , ,-0.33,-0.379,-108.375
 09:37:00.713,eb:33:2e:f9:57:b5, 2015-01-01 00:25:37.600,0.005,-0.003,0.993,0,0.366,0, , , , , , ,-0.33,-0.379,-108.375
 09:37:00.713,eb:33:2e:f9:57:b5, 2015-01-01 00:25:37.600,0.006,-0.001,0.992,0,0.244,0, , , , , , ,-0.33,-0.379,-108.375
 09:37:00.713,eb:33:2e:f9:57:b5, 2015-01-01 00:25:37.600,0.006,-0.001,0.993,0,0.122,0, , , , , , ,-0.33,-0.379,-108.375
 09:37:00.713,eb:33:2e:f9:57:b5, 2015-01-01 00:25:37.600,0.005,-0.003,0.992,0,0.061,0.061, , , , , , ,-0.33,-0.379,-108.375
 09:37:00.714,eb:33:2e:f9:57:b5, 2015-01-01 00:25:37.600,0.006,-0.002,0.992,0,0,0, , , , , , ,-0.33,-0.385,-108.375
 09:37:00.714,eb:33:2e:f9:57:b5, 2015-01-01 00:25:37.600,0.006,0,0.992,-0.061,0,0, , , , , , ,-0.33,-0.385,-108.375
 09:37:00.714,eb:33:2e:f9:57:b5, 2015-01-01 00:25:37.600,0.007,-0.001,0.992,-0.061,0,0, , , , , , ,-0.33,-0.385,-108.375
 09:37:00.714,eb:33:2e:f9:57:b5, 2015-01-01 00:25:37.600,0.008,-0.002,0.992,-0.122,-0.061,0, , , , , , ,-0.33,-0.385,-108.375
 09:37:00.758,eb:33:2e:f9:57:b5, 2015-01-01 00:25:37.600,0.007,-0.002,0.992,-0.122,0,0, , , , , , ,-0.324,-0.385,-108.375
 09:37:00.758,eb:33:2e:f9:57:b5, 2015-01-01 00:25:37.600,0.007,-0.002,0.992,-0.122,-0.061,0, , , , , , ,-0.324,-0.385,-108.375
 09:37:00.758,eb:33:2e:f9:57:b5, 2015-01-01 00:25:37.600,0.008,-0.002,0.992,-0.183,-0.061,0, , , , , , ,-0.324,-0.385,-108.375
 09:37:00.758,eb:33:2e:f9:57:b5, 2015-01-01 00:25:37.600,0.006,-0.002,0.993,-0.122,-0.122,0, , , , , , ,-0.324,-0.385,-108.375
 09:37:00.758,eb:33:2e:f9:57:b5, 2015-01-01 00:25:37.600,0.007,-0.002,0.994,-0.122,-0.183,0, , , , , , ,-0.324,-0.385,-108.375
 09:37:00.758,eb:33:2e:f9:57:b5, 2015-01-01 00:25:37.600,0.008,-0.003,0.994,-0.183,-0.244,0.061, , , , , , ,-0.324,-0.385,-108.375
 09:37:00.758,eb:33:2e:f9:57:b5, 2015-01-01 00:25:37.600,0.006,-0.003,0.993,-0.122,-0.244,0, , , , , , ,-0.324,-0.385,-108.375
 09:37:00.758,eb:33:2e:f9:57:b5, 2015-01-01 00:25:37.600,0.007,-0.003,0.993,-0.122,-0.366,0, , , , , , ,-0.324,-0.385,-108.375
 09:37:00.803,eb:33:2e:f9:57:b5, 2015-01-01 00:25:37.600,0.008,-0.004,0.994,-0.122,-0.427,0, , , , , , ,-0.324,-0.385,-108.375
 09:37:00.803,eb:33:2e:f9:57:b5, 2015-01-01 00:25:37.600,0.009,-0.004,0.994,-0.061,-0.427,0.061, , , , , , ,-0.324,-0.385,-108.375
 09:37:00.803,eb:33:2e:f9:57:b5, 2015-01-01 00:25:37.600,0.008,-0.003,0.995,-0.061,-0.427,0, , , , , , ,-0.324,-0.385,-108.375
 09:37:00.803,eb:33:2e:f9:57:b5, 2015-01-01 00:25:37.600,0.008,-0.003,0.995,-0.061,-0.427,0, , , , , , ,-0.324,-0.385,-108.375
 09:37:00.803,eb:33:2e:f9:57:b5, 2015-01-01 00:25:37.600,0.008,-0.003,0.995,0,-0.427,0, , , , , , ,-0.324,-0.385,-108.375
 09:37:00.803,eb:33:2e:f9:57:b5, 2015-01-01 00:25:37.600,0.009,-0.003,0.994,0,-0.427,0, , , , , , ,-0.324,-0.385,-108.375
 09:37:00.803,eb:33:2e:f9:57:b5, 2015-01-01 00:25:37.600,0.009,-0.002,0.995,0,-0.366,0, , , , , , ,-0.324,-0.385,-108.375
 09:37:00.803,eb:33:2e:f9:57:b5, 2015-01-01 00:25:37.600,0.008,-0.003,0.995,0,-0.366,0, , , , , , ,-0.324,-0.385,-108.375
 09:37:00.849,eb:33:2e:f9:57:b5, 2015-01-01 00:25:37.600,0.008,-0.003,0.993,0.061,-0.427,0, , , , , , ,-0.324,-0.385,-108.375
 09:37:00.849,eb:33:2e:f9:57:b5, 2015-01-01 00:25:37.600,0.009,-0.002,0.993,0.061,-0.366,0.061, , , , , , ,-0.324,-0.385,-108.375
 09:37:00.849,eb:33:2e:f9:57:b5, 2015-01-01 00:25:37.600,0.01,-0.002,0.995,0.061,-0.366,0.061, , , , , , ,-0.324,-0.385,-108.375
 09:37:00.849,eb:33:2e:f9:57:b5, 2015-01-01 00:25:37.600,0.009,-0.003,0.995,0.122,-0.244,0, , , , , , ,-0.324,-0.385,-108.375
 09:37:00.849,eb:33:2e:f9:57:b5, 2015-01-01 00:25:37.600,0.008,-0.002,0.995,0.122,-0.244,0, , , , , , ,-0.324,-0.385,-108.375
 09:37:00.849,eb:33:2e:f9:57:b5, 2015-01-01 00:25:37.600,0.008,-0.002,0.994,0.122,-0.244,0.061, , , , , , ,-0.324,-0.385,-108.375
 09:37:00.849,eb:33:2e:f9:57:b5, 2015-01-01 00:25:37.600,0.008,-0.002,0.993,0.183,-0.305,0.061, , , , , , ,-0.324,-0.385,-108.375
 09:37:00.849,eb:33:2e:f9:57:b5, 2015-01-01 00:25:37.600,0.009,-0.002,0.993,0.183,-0.305,0.061, , , , , , ,-0.324,-0.385,-108.375
 09:37:00.871,eb:33:2e:f9:57:b5, 2015-01-01 00:25:37.600,0.009,-0.002,0.993,0.183,-0.244,0.061, , , , , , ,-0.319,-0.385,-108.375
 09:37:00.871,eb:33:2e:f9:57:b5, 2015-01-01 00:25:37.600,0.008,-0.002,0.993,0.122,-0.244,0.061, , , , , , ,-0.319,-0.385,-108.375
 09:37:00.871,eb:33:2e:f9:57:b5, 2015-01-01 00:25:37.600,0.009,-0.001,0.993,0.061,-0.183,0.122, , , , , , ,-0.319,-0.385,-108.375
 09:37:00.871,eb:33:2e:f9:57:b5, 2015-01-01 00:25:37.600,0.009,-0.001,0.994,0.061,-0.183,0.122, , , , , , ,-0.319,-0.385,-108.375
 09:37:00.871,eb:33:2e:f9:57:b5, 2015-01-01 00:25:37.600,0.008,-0.002,0.994,0.061,-0.122,0.122, , , , , , ,-0.319,-0.385,-108.369
 09:37:00.871,eb:33:2e:f9:57:b5, 2015-01-01 00:25:37.600,0.009,-0.002,0.993,0,-0.122,0.122, , , , , , ,-0.319,-0.385,-108.369
 09:37:00.871,eb:33:2e:f9:57:b5, 2015-01-01 00:25:37.600,0.01,-0.002,0.993,0.061,-0.122,0.122, , , , , , ,-0.319,-0.385,-108.375
 09:37:00.871,eb:33:2e:f9:57:b5, 2015-01-01 00:25:37.600,0.01,-0.002,0.993,0.061,-0.122,0.061, , , , , , ,-0.319,-0.385,-108.375
 09:37:00.915,eb:33:2e:f9:57:b5, 2015-01-01 00:25:37.600,0.008,-0.003,0.994,0.061,-0.183,0.061, , , , , , ,-0.319,-0.385,-108.369
 09:37:00.915,eb:33:2e:f9:57:b5, 2015-01-01 00:25:37.600,0.008,-0.002,0.993,0.061,-0.122,0.061, , , , , , ,-0.319,-0.385,-108.369
 09:37:00.915,eb:33:2e:f9:57:b5, 2015-01-01 00:25:37.600,0.009,-0.003,0.993,0.061,-0.244,0.061, , , , , , ,-0.319,-0.385,-108.369
 09:37:00.915,eb:33:2e:f9:57:b5, 2015-01-01 00:25:37.600,0.008,-0.002,0.993,0.061,-0.305,0.122, , , , , , ,-0.319,-0.385,-108.369
 09:37:00.915,eb:33:2e:f9:57:b5, 2015-01-01 00:25:37.600,0.008,-0.002,0.993,0.122,-0.244,0.061, , , , , , ,-0.319,-0.385,-108.369
 09:37:00.915,eb:33:2e:f9:57:b5, 2015-01-01 00:25:37.600,0.009,-0.002,0.992,0.122,-0.366,0.061, , , , , , ,-0.319,-0.385,-108.369
 09:37:00.915,eb:33:2e:f9:57:b5, 2015-01-01 00:25:37.600,0.01,-0.002,0.994,0.122,-0.366,0, , , , , , ,-0.319,-0.385,-108.369
 09:37:00.915,eb:33:2e:f9:57:b5, 2015-01-01 00:25:37.600,0.01,-0.002,0.995,0.122,-0.244,0, , , , , , ,-0.319,-0.385,-108.369
 09:37:00.959,eb:33:2e:f9:57:b5, 2015-01-01 00:25:37.890,0.01,-0.002,0.995,0.122,-0.183,0, , , , , , ,-0.319,-0.385,-108.369
 09:37:00.959,eb:33:2e:f9:57:b5, 2015-01-01 00:25:37.890,0.01,-0.003,0.994,0.183,-0.183,0, , , , , , ,-0.319,-0.385,-108.369
 09:37:00.959,eb:33:2e:f9:57:b5, 2015-01-01 00:25:37.890,0.01,-0.002,0.994,0.122,-0.061,0, , , , , , ,-0.319,-0.385,-108.369
 09:37:00.959,eb:33:2e:f9:57:b5, 2015-01-01 00:25:37.890,0.01,-0.003,0.995,0.183,0,0, , , , , , ,-0.319,-0.385,-108.369
 09:37:00.959,eb:33:2e:f9:57:b5, 2015-01-01 00:25:37.890,0.009,-0.003,0.995,0.122,0,0, , , , , , ,-0.319,-0.39,-108.369
 09:37:00.959,eb:33:2e:f9:57:b5, 2015-01-01 00:25:37.890,0.008,-0.004,0.993,0.122,0,0, , , , , , ,-0.319,-0.39,-108.369
 09:37:00.959,eb:33:2e:f9:57:b5, 2015-01-01 00:25:37.890,0.009,-0.003,0.993,0.183,0,0, , , , , , ,-0.319,-0.39,-108.369
 09:37:00.959,eb:33:2e:f9:57:b5, 2015-01-01 00:25:37.890,0.009,-0.002,0.993,0.244,-0.122,0, , , , , , ,-0.319,-0.39,-108.369
 09:37:01.004,eb:33:2e:f9:57:b5, 2015-01-01 00:25:37.890,0.008,-0.002,0.993,0.244,-0.061,-0.061, , , , , , ,-0.313,-0.39,-108.369
 09:37:01.004,eb:33:2e:f9:57:b5, 2015-01-01 00:25:37.890,0.008,-0.001,0.993,0.183,-0.122,-0.061, , , , , , ,-0.313,-0.39,-108.369
 09:37:01.004,eb:33:2e:f9:57:b5, 2015-01-01 00:25:37.890,0.008,-0.002,0.993,0.244,-0.122,-0.061, , , , , , ,-0.313,-0.39,-108.369
 09:37:01.004,eb:33:2e:f9:57:b5, 2015-01-01 00:25:37.890,0.009,-0.001,0.993,0.183,-0.122,0, , , , , , ,-0.313,-0.39,-108.369
 09:37:01.004,eb:33:2e:f9:57:b5, 2015-01-01 00:25:37.890,0.009,-0.002,0.995,0.183,-0.122,0, , , , , , ,-0.313,-0.39,-108.369
 09:37:01.004,eb:33:2e:f9:57:b5, 2015-01-01 00:25:37.890,0.011,-0.003,0.995,0.244,-0.122,0, , , , , , ,-0.313,-0.39,-108.369
 09:37:01.005,eb:33:2e:f9:57:b5, 2015-01-01 00:25:37.890,0.01,-0.002,0.995,0.305,-0.122,-0.061, , , , , , ,-0.313,-0.39,-108.369
 09:37:01.005,eb:33:2e:f9:57:b5, 2015-01-01 00:25:37.890,0.009,-0.002,0.994,0.305,-0.061,-0.122, , , , , , ,-0.313,-0.39,-108.369
 09:37:01.050,eb:33:2e:f9:57:b5, 2015-01-01 00:25:37.890,0.009,-0.003,0.994,0.366,-0.122,-0.061, , , , , , ,-0.313,-0.39,-108.369
 09:37:01.050,eb:33:2e:f9:57:b5, 2015-01-01 00:25:37.890,0.009,-0.003,0.994,0.366,-0.122,0, , , , , , ,-0.313,-0.39,-108.369
 09:37:01.050,eb:33:2e:f9:57:b5, 2015-01-01 00:25:37.890,0.008,-0.002,0.993,0.366,-0.122,-0.061, , , , , , ,-0.313,-0.39,-108.369
 09:37:01.050,eb:33:2e:f9:57:b5, 2015-01-01 00:25:37.890,0.009,-0.003,0.993,0.366,-0.244,-0.122, , , , , , ,-0.313,-0.39,-108.369
 09:37:01.050,eb:33:2e:f9:57:b5, 2015-01-01 00:25:37.890,0.01,-0.003,0.994,0.427,-0.183,-0.061, , , , , , ,-0.313,-0.39,-108.369
 09:37:01.050,eb:33:2e:f9:57:b5, 2015-01-01 00:25:37.890,0.01,-0.003,0.995,0.427,-0.183,-0.122, , , , , , ,-0.313,-0.39,-108.369
 09:37:01.051,eb:33:2e:f9:57:b5, 2015-01-01 00:25:37.890,0.009,-0.002,0.995,0.427,-0.122,-0.061, , , , , , ,-0.313,-0.39,-108.369
 09:37:01.051,eb:33:2e:f9:57:b5, 2015-01-01 00:25:37.890,0.008,-0.003,0.994,0.427,-0.061,0, , , , , , ,-0.313,-0.39,-108.369
 09:37:01.072,eb:33:2e:f9:57:b5, 2015-01-01 00:25:37.890,0.009,-0.002,0.993,0.366,-0.122,0, , , , , , ,-0.313,-0.39,-108.369
 09:37:01.072,eb:33:2e:f9:57:b5, 2015-01-01 00:25:37.890,0.009,-0.002,0.993,0.305,-0.122,0, , , , , , ,-0.313,-0.39,-108.369
 09:37:01.072,eb:33:2e:f9:57:b5, 2015-01-01 00:25:37.890,0.01,-0.002,0.993,0.305,-0.122,0, , , , , , ,-0.313,-0.39,-108.369
 09:37:01.072,eb:33:2e:f9:57:b5, 2015-01-01 00:25:37.890,0.01,-0.002,0.994,0.244,-0.183,0, , , , , , ,-0.313,-0.39,-108.369
 09:37:01.072,eb:33:2e:f9:57:b5, 2015-01-01 00:25:37.890,0.009,-0.002,0.993,0.305,-0.122,0, , , , , , ,-0.313,-0.39,-108.369
 09:37:01.074,eb:33:2e:f9:57:b5, 2015-01-01 00:25:37.890,0.008,-0.001,0.993,0.183,-0.183,0, , , , , , ,-0.313,-0.39,-108.369
 09:37:01.074,eb:33:2e:f9:57:b5, 2015-01-01 00:25:37.890,0.009,-0.003,0.993,0.244,-0.244,0, , , , , , ,-0.313,-0.39,-108.369
 09:37:01.074,eb:33:2e:f9:57:b5, 2015-01-01 00:25:37.890,0.009,-0.003,0.993,0.244,-0.305,0, , , , , , ,-0.313,-0.39,-108.369
 09:37:01.118,eb:33:2e:f9:57:b5, 2015-01-01 00:25:37.890,0.01,-0.002,0.993,0.183,-0.305,0, , , , , , ,-0.308,-0.396,-108.369
 09:37:01.118,eb:33:2e:f9:57:b5, 2015-01-01 00:25:37.890,0.008,-0.001,0.991,0.122,-0.305,0, , , , , , ,-0.308,-0.396,-108.369
 09:37:01.118,eb:33:2e:f9:57:b5, 2015-01-01 00:25:37.890,0.009,-0.001,0.991,0.122,-0.305,0, , , , , , ,-0.308,-0.396,-108.369
 09:37:01.118,eb:33:2e:f9:57:b5, 2015-01-01 00:25:37.890,0.009,-0.002,0.991,0.061,-0.366,0, , , , , , ,-0.308,-0.396,-108.369
 09:37:01.118,eb:33:2e:f9:57:b5, 2015-01-01 00:25:37.890,0.011,-0.001,0.993,0.061,-0.366,0, , , , , , ,-0.308,-0.396,-108.369
 09:37:01.118,eb:33:2e:f9:57:b5, 2015-01-01 00:25:37.890,0.011,-0.002,0.994,0.061,-0.366,0, , , , , , ,-0.308,-0.396,-108.369
 09:37:01.118,eb:33:2e:f9:57:b5, 2015-01-01 00:25:37.890,0.011,0,0.994,0.061,-0.244,0, , , , , , ,-0.308,-0.396,-108.369
 09:37:01.118,eb:33:2e:f9:57:b5, 2015-01-01 00:25:37.890,0.011,-0.002,0.995,0.061,-0.305,0, , , , , , ,-0.308,-0.396,-108.369
 09:37:01.163,eb:33:2e:f9:57:b5, 2015-01-01 00:25:37.890,0.012,-0.002,0.994,0.122,-0.305,-0.061, , , , , , ,-0.308,-0.396,-108.369
 09:37:01.163,eb:33:2e:f9:57:b5, 2015-01-01 00:25:37.890,0.01,-0.002,0.995,0.122,-0.305,-0.061, , , , , , ,-0.308,-0.396,-108.369
 09:37:01.163,eb:33:2e:f9:57:b5, 2015-01-01 00:25:37.890,0.01,-0.002,0.994,0.122,-0.244,-0.061, , , , , , ,-0.308,-0.396,-108.369
 09:37:01.163,eb:33:2e:f9:57:b5, 2015-01-01 00:25:37.890,0.009,-0.002,0.994,0.183,-0.244,-0.122, , , , , , ,-0.308,-0.396,-108.369
 09:37:01.163,eb:33:2e:f9:57:b5, 2015-01-01 00:25:37.890,0.011,-0.002,0.993,0.183,-0.305,-0.122, , , , , , ,-0.308,-0.396,-108.369
 09:37:01.163,eb:33:2e:f9:57:b5, 2015-01-01 00:25:37.890,0.012,-0.002,0.994,0.122,-0.305,-0.061, , , , , , ,-0.308,-0.396,-108.369
 09:37:01.163,eb:33:2e:f9:57:b5, 2015-01-01 00:25:37.890,0.01,-0.002,0.995,0.122,-0.183,0, , , , , , ,-0.308,-0.396,-108.369
 09:37:01.163,eb:33:2e:f9:57:b5, 2015-01-01 00:25:37.890,0.011,-0.003,0.995,0.183,-0.061,0, , , , , , ,-0.308,-0.396,-108.369
 09:37:01.208,eb:33:2e:f9:57:b5, 2015-01-01 00:25:37.890,0.011,-0.002,0.995,0.122,-0.061,-0.061, , , , , , ,-0.308,-0.396,-108.369
 09:37:01.208,eb:33:2e:f9:57:b5, 2015-01-01 00:25:37.890,0.01,-0.002,0.995,0.122,0,0, , , , , , ,-0.308,-0.396,-108.369
 09:37:01.208,eb:33:2e:f9:57:b5, 2015-01-01 00:25:37.890,0.009,-0.002,0.993,0.122,0,0, , , , , , ,-0.308,-0.396,-108.369
 09:37:01.208,eb:33:2e:f9:57:b5, 2015-01-01 00:25:37.890,0.01,-0.002,0.993,0.122,0,0, , , , , , ,-0.308,-0.396,-108.369
 09:37:01.208,eb:33:2e:f9:57:b5, 2015-01-01 00:25:37.890,0.01,-0.002,0.994,0.061,0,0, , , , , , ,-0.308,-0.401,-108.369
 09:37:01.208,eb:33:2e:f9:57:b5, 2015-01-01 00:25:37.890,0.011,-0.002,0.993,0.122,0,0, , , , , , ,-0.308,-0.401,-108.369
 09:37:01.208,eb:33:2e:f9:57:b5, 2015-01-01 00:25:37.890,0.01,-0.002,0.994,0.122,0,0, , , , , , ,-0.308,-0.401,-108.369
 09:37:01.208,eb:33:2e:f9:57:b5, 2015-01-01 00:25:37.890,0.011,-0.002,0.995,0.122,0.061,0, , , , , , ,-0.308,-0.401,-108.369
 09:37:01.254,eb:33:2e:f9:57:b5, 2015-01-01 00:25:38.205,0.011,-0.003,0.994,0.122,0.061,0, , , , , , ,-0.302,-0.401,-108.369
 09:37:01.254,eb:33:2e:f9:57:b5, 2015-01-01 00:25:38.205,0.01,-0.002,0.994,0.122,0.122,0, , , , , , ,-0.302,-0.401,-108.369
 09:37:01.254,eb:33:2e:f9:57:b5, 2015-01-01 00:25:38.205,0.01,-0.002,0.993,0.122,0.122,0, , , , , , ,-0.302,-0.401,-108.369
 09:37:01.254,eb:33:2e:f9:57:b5, 2015-01-01 00:25:38.205,0.01,-0.002,0.993,0.122,0.122,0, , , , , , ,-0.302,-0.401,-108.369
 09:37:01.254,eb:33:2e:f9:57:b5, 2015-01-01 00:25:38.205,0.01,-0.001,0.993,0.122,0.122,0, , , , , , ,-0.302,-0.401,-108.369
 09:37:01.254,eb:33:2e:f9:57:b5, 2015-01-01 00:25:38.205,0.01,-0.001,0.994,0.061,0.183,0, , , , , , ,-0.302,-0.401,-108.369
 09:37:01.254,eb:33:2e:f9:57:b5, 2015-01-01 00:25:38.205,0.009,-0.001,0.994,0.061,0.183,0, , , , , , ,-0.302,-0.401,-108.369
 09:37:01.254,eb:33:2e:f9:57:b5, 2015-01-01 00:25:38.205,0.01,-0.002,0.994,0.122,0.122,0, , , , , , ,-0.302,-0.401,-108.369
 09:37:01.276,eb:33:2e:f9:57:b5, 2015-01-01 00:25:38.205,0.01,-0.002,0.994,0.122,0.122,0, , , , , , ,-0.302,-0.401,-108.369
 09:37:01.276,eb:33:2e:f9:57:b5, 2015-01-01 00:25:38.205,0.011,-0.002,0.994,0.122,0.122,0, , , , , , ,-0.302,-0.401,-108.369
 09:37:01.276,eb:33:2e:f9:57:b5, 2015-01-01 00:25:38.205,0.011,-0.002,0.994,0.061,0.061,0.061, , , , , , ,-0.302,-0.401,-108.369
 09:37:01.276,eb:33:2e:f9:57:b5, 2015-01-01 00:25:38.205,0.01,-0.001,0.995,0.122,0.122,0.061, , , , , , ,-0.302,-0.401,-108.369
 09:37:01.276,eb:33:2e:f9:57:b5, 2015-01-01 00:25:38.205,0.01,-0.002,0.994,0.061,0.183,0, , , , , , ,-0.302,-0.401,-108.369
 09:37:01.276,eb:33:2e:f9:57:b5, 2015-01-01 00:25:38.205,0.01,-0.001,0.994,0.061,0.183,0, , , , , , ,-0.302,-0.401,-108.369
 09:37:01.276,eb:33:2e:f9:57:b5, 2015-01-01 00:25:38.205,0.011,-0.002,0.993,0,0.244,0, , , , , , ,-0.302,-0.401,-108.369
 09:37:01.276,eb:33:2e:f9:57:b5, 2015-01-01 00:25:38.205,0.01,-0.001,0.993,0,0.305,0, , , , , , ,-0.302,-0.401,-108.369
 09:37:01.320,eb:33:2e:f9:57:b5, 2015-01-01 00:25:38.205,0.01,0,0.993,0,0.305,0, , , , , , ,-0.302,-0.406,-108.369
 09:37:01.320,eb:33:2e:f9:57:b5, 2015-01-01 00:25:38.205,0.01,-0.001,0.992,0,0.244,-0.061, , , , , , ,-0.302,-0.406,-108.369
 09:37:01.320,eb:33:2e:f9:57:b5, 2015-01-01 00:25:38.205,0.009,-0.002,0.992,-0.061,0.244,0, , , , , , ,-0.302,-0.406,-108.369
 09:37:01.320,eb:33:2e:f9:57:b5, 2015-01-01 00:25:38.205,0.011,-0.002,0.994,0,0.183,0, , , , , , ,-0.302,-0.406,-108.369
 09:37:01.320,eb:33:2e:f9:57:b5, 2015-01-01 00:25:38.205,0.011,-0.002,0.995,0,0.183,0, , , , , , ,-0.297,-0.406,-108.369
 09:37:01.320,eb:33:2e:f9:57:b5, 2015-01-01 00:25:38.205,0.01,-0.003,0.996,0.061,0.305,0, , , , , , ,-0.297,-0.406,-108.369
 09:37:01.320,eb:33:2e:f9:57:b5, 2015-01-01 00:25:38.205,0.01,-0.003,0.995,0.061,0.305,0, , , , , , ,-0.297,-0.406,-108.369
 09:37:01.320,eb:33:2e:f9:57:b5, 2015-01-01 00:25:38.205,0.01,-0.003,0.996,0.061,0.366,0, , , , , , ,-0.297,-0.406,-108.369
 09:37:01.364,eb:33:2e:f9:57:b5, 2015-01-01 00:25:38.205,0.01,-0.003,0.996,0.122,0.427,0, , , , , , ,-0.297,-0.406,-108.369
 09:37:01.364,eb:33:2e:f9:57:b5, 2015-01-01 00:25:38.205,0.01,-0.004,0.996,0.122,0.488,0, , , , , , ,-0.297,-0.406,-108.369
 09:37:01.364,eb:33:2e:f9:57:b5, 2015-01-01 00:25:38.205,0.011,-0.003,0.995,0.183,0.488,0.061, , , , , , ,-0.297,-0.406,-108.369
 09:37:01.364,eb:33:2e:f9:57:b5, 2015-01-01 00:25:38.205,0.01,-0.002,0.995,0.183,0.488,0, , , , , , ,-0.297,-0.406,-108.369
 09:37:01.364,eb:33:2e:f9:57:b5, 2015-01-01 00:25:38.205,0.01,-0.001,0.995,0.244,0.488,0, , , , , , ,-0.297,-0.406,-108.369
 09:37:01.364,eb:33:2e:f9:57:b5, 2015-01-01 00:25:38.205,0.009,-0.002,0.995,0.244,0.488,0, , , , , , ,-0.297,-0.406,-108.369
 09:37:01.364,eb:33:2e:f9:57:b5, 2015-01-01 00:25:38.205,0.01,-0.002,0.994,0.305,0.488,0.061, , , , , , ,-0.297,-0.406,-108.369
 09:37:01.364,eb:33:2e:f9:57:b5, 2015-01-01 00:25:38.205,0.009,-0.002,0.994,0.305,0.488,0.061, , , , , , ,-0.297,-0.406,-108.369
 09:37:01.411,eb:33:2e:f9:57:b5, 2015-01-01 00:25:38.205,0.01,-0.002,0.994,0.305,0.488,0.061, , , , , , ,-0.297,-0.406,-108.369
 09:37:01.411,eb:33:2e:f9:57:b5, 2015-01-01 00:25:38.205,0.01,-0.002,0.994,0.305,0.488,0.061, , , , , , ,-0.297,-0.406,-108.369
 09:37:01.411,eb:33:2e:f9:57:b5, 2015-01-01 00:25:38.205,0.009,-0.001,0.994,0.305,0.488,0, , , , , , ,-0.297,-0.406,-108.369
 09:37:01.411,eb:33:2e:f9:57:b5, 2015-01-01 00:25:38.205,0.009,-0.002,0.993,0.244,0.549,0, , , , , , ,-0.297,-0.406,-108.369
 09:37:01.411,eb:33:2e:f9:57:b5, 2015-01-01 00:25:38.205,0.01,-0.001,0.994,0.244,0.549,0.061, , , , , , ,-0.297,-0.412,-108.369
 09:37:01.411,eb:33:2e:f9:57:b5, 2015-01-01 00:25:38.205,0.009,-0.002,0.995,0.244,0.549,0.122, , , , , , ,-0.297,-0.412,-108.369
 09:37:01.411,eb:33:2e:f9:57:b5, 2015-01-01 00:25:38.205,0.009,-0.003,0.995,0.244,0.549,0.122, , , , , , ,-0.297,-0.412,-108.369
 09:37:01.411,eb:33:2e:f9:57:b5, 2015-01-01 00:25:38.205,0.011,-0.003,0.995,0.244,0.61,0.122, , , , , , ,-0.297,-0.412,-108.369
 09:37:01.433,eb:33:2e:f9:57:b5, 2015-01-01 00:25:38.205,0.008,-0.003,0.995,0.244,0.61,0.122, , , , , , ,-0.297,-0.412,-108.369
 09:37:01.433,eb:33:2e:f9:57:b5, 2015-01-01 00:25:38.205,0.01,-0.002,0.994,0.305,0.61,0.122, , , , , , ,-0.297,-0.412,-108.369
 09:37:01.433,eb:33:2e:f9:57:b5, 2015-01-01 00:25:38.205,0.009,-0.002,0.994,0.305,0.671,0.061, , , , , , ,-0.297,-0.412,-108.369
 09:37:01.433,eb:33:2e:f9:57:b5, 2015-01-01 00:25:38.205,0.009,-0.002,0.993,0.366,0.671,0.061, , , , , , ,-0.297,-0.412,-108.369
 09:37:01.433,eb:33:2e:f9:57:b5, 2015-01-01 00:25:38.205,0.01,-0.002,0.995,0.305,0.671,0.061, , , , , , ,-0.291,-0.412,-108.369
 09:37:01.433,eb:33:2e:f9:57:b5, 2015-01-01 00:25:38.205,0.009,-0.002,0.996,0.427,0.732,0.061, , , , , , ,-0.291,-0.412,-108.369
 09:37:01.433,eb:33:2e:f9:57:b5, 2015-01-01 00:25:38.205,0.008,-0.001,0.994,0.366,0.793,0.061, , , , , , ,-0.291,-0.412,-108.369
 09:37:01.433,eb:33:2e:f9:57:b5, 2015-01-01 00:25:38.205,0.008,-0.001,0.993,0.366,0.732,0.061, , , , , , ,-0.291,-0.412,-108.369
 09:37:01.478,eb:33:2e:f9:57:b5, 2015-01-01 00:25:38.205,0.009,-0.001,0.993,0.305,0.732,0.061, , , , , , ,-0.291,-0.412,-108.369
 09:37:01.478,eb:33:2e:f9:57:b5, 2015-01-01 00:25:38.205,0.009,-0.001,0.992,0.305,0.671,0.061, , , , , , ,-0.291,-0.412,-108.369
 09:37:01.478,eb:33:2e:f9:57:b5, 2015-01-01 00:25:38.205,0.008,-0.001,0.992,0.305,0.793,0.061, , , , , , ,-0.291,-0.412,-108.369
 09:37:01.478,eb:33:2e:f9:57:b5, 2015-01-01 00:25:38.205,0.009,-0.001,0.992,0.244,0.793,0.061, , , , , , ,-0.291,-0.412,-108.369
 09:37:01.478,eb:33:2e:f9:57:b5, 2015-01-01 00:25:38.205,0.007,-0.001,0.992,0.244,0.793,0, , , , , , ,-0.291,-0.412,-108.369
 09:37:01.478,eb:33:2e:f9:57:b5, 2015-01-01 00:25:38.205,0.007,-0.001,0.992,0.244,0.732,0, , , , , , ,-0.291,-0.412,-108.369
 09:37:01.478,eb:33:2e:f9:57:b5, 2015-01-01 00:25:38.205,0.008,-0.001,0.993,0.183,0.732,0, , , , , , ,-0.291,-0.412,-108.369
 09:37:01.478,eb:33:2e:f9:57:b5, 2015-01-01 00:25:38.205,0.008,-0.002,0.994,0.183,0.732,0, , , , , , ,-0.291,-0.412,-108.369
 09:37:01.524,eb:33:2e:f9:57:b5, 2015-01-01 00:25:38.205,0.008,-0.004,0.995,0.244,0.732,0, , , , , , ,-0.291,-0.412,-108.369
 09:37:01.524,eb:33:2e:f9:57:b5, 2015-01-01 00:25:38.205,0.008,-0.004,0.994,0.244,0.793,0.061, , , , , , ,-0.291,-0.412,-108.369
 09:37:01.524,eb:33:2e:f9:57:b5, 2015-01-01 00:25:38.205,0.006,0,0.993,0.244,0.793,0, , , , , , ,-0.291,-0.412,-108.369
 09:37:01.524,eb:33:2e:f9:57:b5, 2015-01-01 00:25:38.205,0.008,-0.003,0.994,0.305,0.793,0.061, , , , , , ,-0.291,-0.412,-108.369
 09:37:01.524,eb:33:2e:f9:57:b5, 2015-01-01 00:25:38.205,0.009,-0.004,0.996,0.366,0.793,0.061, , , , , , ,-0.291,-0.412,-108.369
 09:37:01.524,eb:33:2e:f9:57:b5, 2015-01-01 00:25:38.205,0.006,0,0.995,0.305,0.854,0.061, , , , , , ,-0.291,-0.412,-108.369
 09:37:01.524,eb:33:2e:f9:57:b5, 2015-01-01 00:25:38.205,0.006,0,0.992,0.305,0.732,0, , , , , , ,-0.291,-0.412,-108.369
 09:37:01.524,eb:33:2e:f9:57:b5, 2015-01-01 00:25:38.205,0.008,-0.002,0.993,0.305,0.61,0, , , , , , ,-0.291,-0.412,-108.369
 09:37:01.568,eb:33:2e:f9:57:b5, 2015-01-01 00:25:38.515,0.008,-0.002,0.994,0.305,0.61,0, , , , , , ,-0.291,-0.412,-108.369
 09:37:01.568,eb:33:2e:f9:57:b5, 2015-01-01 00:25:38.515,0.009,-0.003,0.994,0.366,0.671,0.061, , , , , , ,-0.291,-0.412,-108.369
 09:37:01.568,eb:33:2e:f9:57:b5, 2015-01-01 00:25:38.515,0.006,-0.001,0.994,0.305,0.671,0, , , , , , ,-0.291,-0.412,-108.369
 09:37:01.568,eb:33:2e:f9:57:b5, 2015-01-01 00:25:38.515,0.005,0,0.991,0.305,0.671,0, , , , , , ,-0.291,-0.412,-108.369
 09:37:01.568,eb:33:2e:f9:57:b5, 2015-01-01 00:25:38.515,0.008,0,0.991,0.183,0.549,0, , , , , , ,-0.286,-0.412,-108.369
 09:37:01.568,eb:33:2e:f9:57:b5, 2015-01-01 00:25:38.515,0.008,-0.001,0.994,0.183,0.549,0, , , , , , ,-0.286,-0.412,-108.369
 09:37:01.568,eb:33:2e:f9:57:b5, 2015-01-01 00:25:38.515,0.008,-0.002,0.994,0.122,0.61,0, , , , , , ,-0.286,-0.412,-108.369
 09:37:01.568,eb:33:2e:f9:57:b5, 2015-01-01 00:25:38.515,0.007,-0.002,0.994,0.183,0.61,0, , , , , , ,-0.286,-0.412,-108.369
 09:37:01.612,eb:33:2e:f9:57:b5, 2015-01-01 00:25:38.515,0.007,-0.001,0.993,0.183,0.671,0, , , , , , ,-0.286,-0.412,-108.369
 09:37:01.612,eb:33:2e:f9:57:b5, 2015-01-01 00:25:38.515,0.007,0,0.993,0.183,0.61,0, , , , , , ,-0.286,-0.412,-108.369
 09:37:01.612,eb:33:2e:f9:57:b5, 2015-01-01 00:25:38.515,0.006,-0.002,0.993,0.183,0.61,0, , , , , , ,-0.286,-0.412,-108.369
 09:37:01.612,eb:33:2e:f9:57:b5, 2015-01-01 00:25:38.515,0.006,-0.003,0.994,0.244,0.488,0.061, , , , , , ,-0.286,-0.412,-108.369
 09:37:01.612,eb:33:2e:f9:57:b5, 2015-01-01 00:25:38.515,0.005,-0.002,0.994,0.244,0.549,0.061, , , , , , ,-0.286,-0.412,-108.369
 09:37:01.612,eb:33:2e:f9:57:b5, 2015-01-01 00:25:38.515,0.006,-0.002,0.994,0.244,0.488,0.061, , , , , , ,-0.286,-0.412,-108.369
 09:37:01.613,eb:33:2e:f9:57:b5, 2015-01-01 00:25:38.515,0.008,-0.002,0.994,0.244,0.427,0.061, , , , , , ,-0.286,-0.412,-108.369
 09:37:01.613,eb:33:2e:f9:57:b5, 2015-01-01 00:25:38.515,0.007,-0.001,0.995,0.244,0.488,0, , , , , , ,-0.286,-0.412,-108.369
 09:37:01.635,eb:33:2e:f9:57:b5, 2015-01-01 00:25:38.515,0.005,-0.001,0.993,0.244,0.488,0, , , , , , ,-0.286,-0.412,-108.369
 09:37:01.635,eb:33:2e:f9:57:b5, 2015-01-01 00:25:38.515,0.004,0,0.99,0.183,0.366,0.061, , , , , , ,-0.286,-0.412,-108.369
 09:37:01.635,eb:33:2e:f9:57:b5, 2015-01-01 00:25:38.515,0.006,-0.001,0.99,0.183,0.122,0.061, , , , , , ,-0.286,-0.412,-108.369
 09:37:01.635,eb:33:2e:f9:57:b5, 2015-01-01 00:25:38.515,0.007,-0.002,0.992,0.183,0,0.061, , , , , , ,-0.286,-0.412,-108.369
 09:37:01.635,eb:33:2e:f9:57:b5, 2015-01-01 00:25:38.515,0.007,-0.002,0.994,0.183,0,0, , , , , , ,-0.286,-0.412,-108.369
 09:37:01.635,eb:33:2e:f9:57:b5, 2015-01-01 00:25:38.515,0.006,-0.001,0.993,0.183,0,0, , , , , , ,-0.286,-0.412,-108.369
 09:37:01.635,eb:33:2e:f9:57:b5, 2015-01-01 00:25:38.515,0.005,-0.001,0.993,0.183,0,0, , , , , , ,-0.286,-0.412,-108.369
 09:37:01.635,eb:33:2e:f9:57:b5, 2015-01-01 00:25:38.515,0.006,-0.002,0.993,0.183,0,0, , , , , , ,-0.286,-0.412,-108.369
 09:37:01.681,eb:33:2e:f9:57:b5, 2015-01-01 00:25:38.515,0.007,-0.002,0.993,0.183,-0.061,0, , , , , , ,-0.286,-0.412,-108.369
 09:37:01.681,eb:33:2e:f9:57:b5, 2015-01-01 00:25:38.515,0.007,-0.002,0.994,0.244,0,0, , , , , , ,-0.286,-0.412,-108.369
 09:37:01.681,eb:33:2e:f9:57:b5, 2015-01-01 00:25:38.515,0.006,-0.001,0.993,0.244,-0.061,0.061, , , , , , ,-0.286,-0.412,-108.369
 09:37:01.681,eb:33:2e:f9:57:b5, 2015-01-01 00:25:38.515,0.006,-0.001,0.993,0.122,-0.061,0.061, , , , , , ,-0.286,-0.412,-108.369
 09:37:01.681,eb:33:2e:f9:57:b5, 2015-01-01 00:25:38.515,0.007,-0.001,0.993,0.183,-0.061,0, , , , , , ,-0.28,-0.412,-108.369
 09:37:01.681,eb:33:2e:f9:57:b5, 2015-01-01 00:25:38.515,0.007,0,0.994,0.122,-0.122,0.061, , , , , , ,-0.28,-0.412,-108.369
 09:37:01.681,eb:33:2e:f9:57:b5, 2015-01-01 00:25:38.515,0.006,-0.002,0.995,0.122,-0.122,0.061, , , , , , ,-0.28,-0.412,-108.369
 09:37:01.681,eb:33:2e:f9:57:b5, 2015-01-01 00:25:38.515,0.005,-0.002,0.993,0.183,-0.122,0.061, , , , , , ,-0.28,-0.412,-108.369
 09:37:01.726,eb:33:2e:f9:57:b5, 2015-01-01 00:25:38.515,0.006,-0.001,0.993,0.183,-0.122,0.061, , , , , , ,-0.28,-0.412,-108.369
 09:37:01.726,eb:33:2e:f9:57:b5, 2015-01-01 00:25:38.515,0.006,-0.001,0.993,0.122,-0.183,0, , , , , , ,-0.28,-0.412,-108.369
 09:37:01.726,eb:33:2e:f9:57:b5, 2015-01-01 00:25:38.515,0.007,0,0.993,0.061,-0.183,0.061, , , , , , ,-0.28,-0.412,-108.369
 09:37:01.726,eb:33:2e:f9:57:b5, 2015-01-01 00:25:38.515,0.008,0,0.993,0.061,-0.244,0, , , , , , ,-0.28,-0.412,-108.369
 09:37:01.726,eb:33:2e:f9:57:b5, 2015-01-01 00:25:38.515,0.008,0,0.993,0,-0.244,0, , , , , , ,-0.28,-0.412,-108.369
 09:37:01.726,eb:33:2e:f9:57:b5, 2015-01-01 00:25:38.515,0.008,0,0.993,0,-0.183,0, , , , , , ,-0.28,-0.412,-108.369
 09:37:01.726,eb:33:2e:f9:57:b5, 2015-01-01 00:25:38.515,0.008,-0.001,0.994,0,-0.183,0, , , , , , ,-0.28,-0.412,-108.369
 09:37:01.726,eb:33:2e:f9:57:b5, 2015-01-01 00:25:38.515,0.008,-0.001,0.993,0.061,-0.183,0.061, , , , , , ,-0.28,-0.412,-108.369
 09:37:01.770,eb:33:2e:f9:57:b5, 2015-01-01 00:25:38.515,0.008,-0.001,0.994,0,-0.122,0, , , , , , ,-0.28,-0.412,-108.369
 09:37:01.770,eb:33:2e:f9:57:b5, 2015-01-01 00:25:38.515,0.007,-0.001,0.995,0.061,-0.061,0, , , , , , ,-0.28,-0.412,-108.369
 09:37:01.770,eb:33:2e:f9:57:b5, 2015-01-01 00:25:38.515,0.007,-0.001,0.995,0.061,-0.122,0.061, , , , , , ,-0.28,-0.412,-108.369
 09:37:01.770,eb:33:2e:f9:57:b5, 2015-01-01 00:25:38.515,0.007,-0.002,0.995,0.122,-0.122,0.061, , , , , , ,-0.28,-0.412,-108.369
 09:37:01.770,eb:33:2e:f9:57:b5, 2015-01-01 00:25:38.515,0.007,-0.002,0.994,0.183,-0.183,0.061, , , , , , ,-0.28,-0.412,-108.369
 09:37:01.770,eb:33:2e:f9:57:b5, 2015-01-01 00:25:38.515,0.006,-0.002,0.994,0.122,-0.183,0, , , , , , ,-0.28,-0.412,-108.369
 09:37:01.770,eb:33:2e:f9:57:b5, 2015-01-01 00:25:38.515,0.007,-0.001,0.994,0.183,-0.183,0, , , , , , ,-0.28,-0.412,-108.369
 09:37:01.770,eb:33:2e:f9:57:b5, 2015-01-01 00:25:38.515,0.008,-0.001,0.993,0.183,-0.244,0, , , , , , ,-0.28,-0.412,-108.369
 09:37:01.815,eb:33:2e:f9:57:b5, 2015-01-01 00:25:38.515,0.007,-0.001,0.994,0.183,-0.122,0.061, , , , , , ,-0.275,-0.412,-108.369
 09:37:01.815,eb:33:2e:f9:57:b5, 2015-01-01 00:25:38.515,0.008,-0.001,0.994,0.183,-0.244,0.061, , , , , , ,-0.275,-0.412,-108.369
 09:37:01.815,eb:33:2e:f9:57:b5, 2015-01-01 00:25:38.515,0.007,-0.001,0.994,0.183,-0.244,0, , , , , , ,-0.275,-0.412,-108.369
 09:37:01.815,eb:33:2e:f9:57:b5, 2015-01-01 00:25:38.515,0.007,-0.001,0.993,0.183,-0.244,0.061, , , , , , ,-0.275,-0.412,-108.369
 09:37:01.815,eb:33:2e:f9:57:b5, 2015-01-01 00:25:38.515,0.007,-0.001,0.992,0.122,-0.244,0.061, , , , , , ,-0.275,-0.412,-108.369
 09:37:01.815,eb:33:2e:f9:57:b5, 2015-01-01 00:25:38.515,0.007,0,0.993,0.122,-0.244,0, , , , , , ,-0.275,-0.412,-108.369
 09:37:01.815,eb:33:2e:f9:57:b5, 2015-01-01 00:25:38.515,0.007,-0.001,0.992,0.183,-0.183,0, , , , , , ,-0.275,-0.412,-108.369
 09:37:01.815,eb:33:2e:f9:57:b5, 2015-01-01 00:25:38.515,0.008,-0.001,0.993,0.122,-0.305,0.061, , , , , , ,-0.275,-0.412,-108.369
 09:37:01.838,eb:33:2e:f9:57:b5, 2015-01-01 00:25:38.805,0.008,-0.001,0.993,0.061,-0.305,0, , , , , , ,-0.275,-0.412,-108.369
 09:37:01.838,eb:33:2e:f9:57:b5, 2015-01-01 00:25:38.805,0.008,-0.001,0.992,0.122,-0.427,0, , , , , , ,-0.275,-0.412,-108.369
 09:37:01.838,eb:33:2e:f9:57:b5, 2015-01-01 00:25:38.805,0.008,-0.001,0.993,0.061,-0.366,0, , , , , , ,-0.275,-0.412,-108.369
 09:37:01.838,eb:33:2e:f9:57:b5, 2015-01-01 00:25:38.805,0.007,-0.001,0.993,0.122,-0.427,0, , , , , , ,-0.275,-0.412,-108.369
 09:37:01.838,eb:33:2e:f9:57:b5, 2015-01-01 00:25:38.805,0.009,-0.002,0.993,0.061,-0.488,0, , , , , , ,-0.275,-0.412,-108.369
 09:37:01.839,eb:33:2e:f9:57:b5, 2015-01-01 00:25:38.805,0.009,-0.001,0.993,0.183,-0.488,0, , , , , , ,-0.275,-0.412,-108.369
 09:37:01.839,eb:33:2e:f9:57:b5, 2015-01-01 00:25:38.805,0.008,-0.001,0.994,0.122,-0.366,0, , , , , , ,-0.275,-0.412,-108.369
 09:37:01.839,eb:33:2e:f9:57:b5, 2015-01-01 00:25:38.805,0.007,-0.001,0.994,0.122,-0.366,0, , , , , , ,-0.275,-0.412,-108.369
 09:37:01.882,eb:33:2e:f9:57:b5, 2015-01-01 00:25:38.805,0.007,-0.001,0.993,0.183,-0.366,0, , , , , , ,-0.275,-0.412,-108.369
 09:37:01.882,eb:33:2e:f9:57:b5, 2015-01-01 00:25:38.805,0.007,-0.002,0.994,0.183,-0.427,0, , , , , , ,-0.275,-0.412,-108.369
 09:37:01.882,eb:33:2e:f9:57:b5, 2015-01-01 00:25:38.805,0.008,-0.001,0.994,0.122,-0.488,0, , , , , , ,-0.275,-0.412,-108.369
 09:37:01.882,eb:33:2e:f9:57:b5, 2015-01-01 00:25:38.805,0.008,-0.001,0.994,0.122,-0.488,0, , , , , , ,-0.275,-0.412,-108.369
 09:37:01.883,eb:33:2e:f9:57:b5, 2015-01-01 00:25:38.805,0.008,-0.001,0.994,0.122,-0.488,-0.061, , , , , , ,-0.269,-0.412,-108.369
 09:37:01.883,eb:33:2e:f9:57:b5, 2015-01-01 00:25:38.805,0.008,0,0.993,0.122,-0.488,0, , , , , , ,-0.269,-0.412,-108.369
 09:37:01.883,eb:33:2e:f9:57:b5, 2015-01-01 00:25:38.805,0.008,-0.001,0.994,0.122,-0.488,-0.061, , , , , , ,-0.269,-0.412,-108.369
 09:37:01.883,eb:33:2e:f9:57:b5, 2015-01-01 00:25:38.805,0.008,-0.001,0.993,0.122,-0.488,-0.061, , , , , , ,-0.269,-0.412,-108.369
 09:37:01.927,eb:33:2e:f9:57:b5, 2015-01-01 00:25:38.805,0.009,0,0.993,0.122,-0.549,-0.061, , , , , , ,-0.269,-0.412,-108.369
 09:37:01.927,eb:33:2e:f9:57:b5, 2015-01-01 00:25:38.805,0.009,-0.001,0.994,0.122,-0.488,0, , , , , , ,-0.269,-0.412,-108.369
 09:37:01.927,eb:33:2e:f9:57:b5, 2015-01-01 00:25:38.805,0.01,-0.001,0.994,0.061,-0.427,0, , , , , , ,-0.269,-0.412,-108.369
 09:37:01.927,eb:33:2e:f9:57:b5, 2015-01-01 00:25:38.805,0.008,-0.001,0.995,0.061,-0.305,-0.061, , , , , , ,-0.269,-0.412,-108.369
 09:37:01.927,eb:33:2e:f9:57:b5, 2015-01-01 00:25:38.805,0.008,-0.001,0.993,0,-0.366,-0.061, , , , , , ,-0.269,-0.412,-108.369
 09:37:01.927,eb:33:2e:f9:57:b5, 2015-01-01 00:25:38.805,0.009,-0.001,0.993,0.061,-0.427,-0.061, , , , , , ,-0.269,-0.412,-108.369
 09:37:01.927,eb:33:2e:f9:57:b5, 2015-01-01 00:25:38.805,0.008,-0.001,0.993,0,-0.427,-0.122, , , , , , ,-0.269,-0.412,-108.369
 09:37:01.927,eb:33:2e:f9:57:b5, 2015-01-01 00:25:38.805,0.01,-0.001,0.995,0.061,-0.305,-0.061, , , , , , ,-0.269,-0.412,-108.369
 09:37:01.972,eb:33:2e:f9:57:b5, 2015-01-01 00:25:38.805,0.01,-0.002,0.995,0.122,-0.366,-0.061, , , , , , ,-0.269,-0.417,-108.369
 09:37:01.972,eb:33:2e:f9:57:b5, 2015-01-01 00:25:38.805,0.009,-0.002,0.995,0.183,-0.305,0, , , , , , ,-0.269,-0.417,-108.369
 09:37:01.972,eb:33:2e:f9:57:b5, 2015-01-01 00:25:38.805,0.009,-0.002,0.995,0.183,-0.244,0, , , , , , ,-0.269,-0.417,-108.369
 09:37:01.972,eb:33:2e:f9:57:b5, 2015-01-01 00:25:38.805,0.009,-0.002,0.993,0.244,-0.305,0, , , , , , ,-0.269,-0.417,-108.369
 09:37:01.972,eb:33:2e:f9:57:b5, 2015-01-01 00:25:38.805,0.009,0,0.994,0.244,-0.305,-0.122, , , , , , ,-0.269,-0.417,-108.369
 09:37:01.972,eb:33:2e:f9:57:b5, 2015-01-01 00:25:38.805,0.01,-0.001,0.995,0.305,-0.244,-0.061, , , , , , ,-0.269,-0.417,-108.369
 09:37:01.972,eb:33:2e:f9:57:b5, 2015-01-01 00:25:38.805,0.01,-0.001,0.994,0.366,-0.244,-0.061, , , , , , ,-0.269,-0.417,-108.369
 09:37:01.972,eb:33:2e:f9:57:b5, 2015-01-01 00:25:38.805,0.007,0,0.994,0.366,-0.244,-0.183, , , , , , ,-0.269,-0.417,-108.369
 09:37:02.018,eb:33:2e:f9:57:b5, 2015-01-01 00:25:38.805,0.008,-0.001,0.992,0.305,-0.366,-0.183, , , , , , ,-0.264,-0.417,-108.369
 09:37:02.018,eb:33:2e:f9:57:b5, 2015-01-01 00:25:38.805,0.008,0,0.992,0.305,-0.427,-0.183, , , , , , ,-0.264,-0.417,-108.369
 09:37:02.018,eb:33:2e:f9:57:b5, 2015-01-01 00:25:38.805,0.008,0,0.992,0.305,-0.427,-0.244, , , , , , ,-0.264,-0.417,-108.369
 09:37:02.018,eb:33:2e:f9:57:b5, 2015-01-01 00:25:38.805,0.009,0,0.992,0.305,-0.488,-0.183, , , , , , ,-0.264,-0.417,-108.369
 09:37:02.018,eb:33:2e:f9:57:b5, 2015-01-01 00:25:38.805,0.009,-0.001,0.993,0.305,-0.488,-0.244, , , , , , ,-0.264,-0.417,-108.369
 09:37:02.018,eb:33:2e:f9:57:b5, 2015-01-01 00:25:38.805,0.009,-0.001,0.993,0.305,-0.488,-0.244, , , , , , ,-0.264,-0.417,-108.369
 09:37:02.018,eb:33:2e:f9:57:b5, 2015-01-01 00:25:38.805,0.011,-0.001,0.994,0.244,-0.488,-0.244, , , , , , ,-0.264,-0.417,-108.369
 09:37:02.018,eb:33:2e:f9:57:b5, 2015-01-01 00:25:38.805,0.011,-0.001,0.995,0.244,-0.488,-0.183, , , , , , ,-0.264,-0.417,-108.369
 09:37:02.040,eb:33:2e:f9:57:b5, 2015-01-01 00:25:38.805,0.011,-0.002,0.996,0.244,-0.366,-0.122, , , , , , ,-0.264,-0.417,-108.369
 09:37:02.040,eb:33:2e:f9:57:b5, 2015-01-01 00:25:38.805,0.011,-0.001,0.995,0.183,-0.305,-0.122, , , , , , ,-0.264,-0.417,-108.369
 09:37:02.040,eb:33:2e:f9:57:b5, 2015-01-01 00:25:38.805,0.01,-0.001,0.996,0.244,-0.183,-0.244, , , , , , ,-0.264,-0.417,-108.369
 09:37:02.040,eb:33:2e:f9:57:b5, 2015-01-01 00:25:38.805,0.009,-0.001,0.996,0.305,-0.122,-0.183, , , , , , ,-0.264,-0.417,-108.369
 09:37:02.040,eb:33:2e:f9:57:b5, 2015-01-01 00:25:38.805,0.01,-0.002,0.995,0.366,-0.122,-0.183, , , , , , ,-0.264,-0.417,-108.369
 09:37:02.040,eb:33:2e:f9:57:b5, 2015-01-01 00:25:38.805,0.01,-0.002,0.996,0.366,-0.122,-0.183, , , , , , ,-0.264,-0.417,-108.369
 09:37:02.040,eb:33:2e:f9:57:b5, 2015-01-01 00:25:38.805,0.009,-0.002,0.995,0.427,-0.061,-0.183, , , , , , ,-0.264,-0.417,-108.369
 09:37:02.040,eb:33:2e:f9:57:b5, 2015-01-01 00:25:38.805,0.01,-0.002,0.995,0.427,-0.122,-0.183, , , , , , ,-0.264,-0.417,-108.369
 09:37:02.088,eb:33:2e:f9:57:b5, 2015-01-01 00:25:38.805,0.01,-0.001,0.995,0.427,-0.122,-0.183, , , , , , ,-0.264,-0.417,-108.369
 09:37:02.088,eb:33:2e:f9:57:b5, 2015-01-01 00:25:38.805,0.01,-0.001,0.995,0.488,-0.061,-0.122, , , , , , ,-0.264,-0.417,-108.369
 09:37:02.088,eb:33:2e:f9:57:b5, 2015-01-01 00:25:38.805,0.01,-0.001,0.995,0.549,0,-0.122, , , , , , ,-0.264,-0.417,-108.369
 09:37:02.088,eb:33:2e:f9:57:b5, 2015-01-01 00:25:38.805,0.01,-0.001,0.995,0.488,0,-0.122, , , , , , ,-0.264,-0.417,-108.369
 09:37:02.088,eb:33:2e:f9:57:b5, 2015-01-01 00:25:38.805,0.011,-0.002,0.994,0.488,0.061,-0.122, , , , , , ,-0.264,-0.417,-108.364
 09:37:02.088,eb:33:2e:f9:57:b5, 2015-01-01 00:25:38.805,0.011,0,0.994,0.549,0.061,-0.122, , , , , , ,-0.264,-0.417,-108.364
 09:37:02.089,eb:33:2e:f9:57:b5, 2015-01-01 00:25:38.805,0.009,0,0.993,0.549,0.122,-0.061, , , , , , ,-0.264,-0.417,-108.364
 09:37:02.089,eb:33:2e:f9:57:b5, 2015-01-01 00:25:38.805,0.008,-0.001,0.993,0.488,0.122,-0.061, , , , , , ,-0.264,-0.417,-108.364
 09:37:02.131,eb:33:2e:f9:57:b5, 2015-01-01 00:25:38.805,0.008,0,0.992,0.488,0.061,-0.061, , , , , , ,-0.258,-0.423,-108.364
 09:37:02.131,eb:33:2e:f9:57:b5, 2015-01-01 00:25:38.805,0.009,0,0.993,0.427,0.061,-0.122, , , , , , ,-0.258,-0.423,-108.364
 09:37:02.131,eb:33:2e:f9:57:b5, 2015-01-01 00:25:38.805,0.008,0,0.993,0.488,0,-0.183, , , , , , ,-0.258,-0.423,-108.364
 09:37:02.131,eb:33:2e:f9:57:b5, 2015-01-01 00:25:38.805,0.008,0,0.994,0.488,0,-0.183, , , , , , ,-0.258,-0.423,-108.364
 09:37:02.131,eb:33:2e:f9:57:b5, 2015-01-01 00:25:38.805,0.008,0,0.993,0.488,0,-0.122, , , , , , ,-0.258,-0.423,-108.364
 09:37:02.131,eb:33:2e:f9:57:b5, 2015-01-01 00:25:38.805,0.009,0,0.993,0.427,-0.061,-0.122, , , , , , ,-0.258,-0.423,-108.364
 09:37:02.132,eb:33:2e:f9:57:b5, 2015-01-01 00:25:38.805,0.009,0,0.994,0.427,-0.061,-0.122, , , , , , ,-0.258,-0.423,-108.364
 09:37:02.132,eb:33:2e:f9:57:b5, 2015-01-01 00:25:38.805,0.009,0,0.993,0.427,-0.061,-0.183, , , , , , ,-0.258,-0.423,-108.364
 09:37:02.176,eb:33:2e:f9:57:b5, 2015-01-01 00:25:39.120,0.01,0,0.995,0.427,0,-0.183, , , , , , ,-0.258,-0.423,-108.364
 09:37:02.176,eb:33:2e:f9:57:b5, 2015-01-01 00:25:39.120,0.01,0,0.994,0.366,0,-0.122, , , , , , ,-0.258,-0.423,-108.364
 09:37:02.213,eb:33:2e:f9:57:b5, 2015-01-01 00:25:39.120,0.011,0,0.994,0.366,0,-0.183, , , , , , ,-0.258,-0.423,-108.364
 09:37:02.213,eb:33:2e:f9:57:b5, 2015-01-01 00:25:39.120,0.01,0,0.994,0.366,0,-0.122, , , , , , ,-0.258,-0.423,-108.364
 09:37:02.213,eb:33:2e:f9:57:b5, 2015-01-01 00:25:39.120,0.01,-0.001,0.994,0.366,0,-0.122, , , , , , ,-0.258,-0.423,-108.364
 09:37:02.213,eb:33:2e:f9:57:b5, 2015-01-01 00:25:39.120,0.01,0,0.995,0.366,0,-0.122, , , , , , ,-0.258,-0.423,-108.364
 09:37:02.213,eb:33:2e:f9:57:b5, 2015-01-01 00:25:39.120,0.01,0,0.995,0.427,0,-0.122, , , , , , ,-0.258,-0.423,-108.364
 09:37:02.213,eb:33:2e:f9:57:b5, 2015-01-01 00:25:39.120,0.01,0,0.995,0.488,0,-0.061, , , , , , ,-0.258,-0.423,-108.364
 09:37:02.213,eb:33:2e:f9:57:b5, 2015-01-01 00:25:39.120,0.009,0,0.996,0.488,0.122,-0.122, , , , , , ,-0.253,-0.423,-108.364
 09:37:02.213,eb:33:2e:f9:57:b5, 2015-01-01 00:25:39.120,0.008,0,0.995,0.427,0.122,-0.122, , , , , , ,-0.253,-0.423,-108.364
 09:37:02.213,eb:33:2e:f9:57:b5, 2015-01-01 00:25:39.120,0.008,0,0.994,0.427,0.061,-0.122, , , , , , ,-0.253,-0.423,-108.364
 09:37:02.213,eb:33:2e:f9:57:b5, 2015-01-01 00:25:39.120,0.008,0,0.993,0.366,0,-0.061, , , , , , ,-0.253,-0.423,-108.364
 09:37:02.213,eb:33:2e:f9:57:b5, 2015-01-01 00:25:39.120,0.008,0,0.993,0.427,0,-0.122, , , , , , ,-0.253,-0.423,-108.364
 09:37:02.213,eb:33:2e:f9:57:b5, 2015-01-01 00:25:39.120,0.009,0,0.994,0.366,-0.061,-0.183, , , , , , ,-0.253,-0.423,-108.364
 09:37:02.214,eb:33:2e:f9:57:b5, 2015-01-01 00:25:39.120,0.01,0,0.994,0.366,0,-0.122, , , , , , ,-0.253,-0.423,-108.364
 09:37:02.214,eb:33:2e:f9:57:b5, 2015-01-01 00:25:39.120,0.009,0.001,0.993,0.366,0,-0.061, , , , , , ,-0.253,-0.423,-108.364
 09:37:02.243,eb:33:2e:f9:57:b5, 2015-01-01 00:25:39.120,0.01,0.001,0.992,0.244,0,-0.061, , , , , , ,-0.253,-0.423,-108.364
 09:37:02.243,eb:33:2e:f9:57:b5, 2015-01-01 00:25:39.120,0.009,0,0.993,0.244,0,-0.122, , , , , , ,-0.253,-0.423,-108.364
 09:37:02.243,eb:33:2e:f9:57:b5, 2015-01-01 00:25:39.120,0.009,0,0.992,0.244,0,-0.061, , , , , , ,-0.253,-0.423,-108.364
 09:37:02.243,eb:33:2e:f9:57:b5, 2015-01-01 00:25:39.120,0.01,0,0.993,0.183,0,-0.061, , , , , , ,-0.253,-0.423,-108.364
 09:37:02.243,eb:33:2e:f9:57:b5, 2015-01-01 00:25:39.120,0.01,0,0.994,0.183,0,-0.061, , , , , , ,-0.253,-0.423,-108.364
 09:37:02.243,eb:33:2e:f9:57:b5, 2015-01-01 00:25:39.120,0.011,0,0.994,0.183,0,-0.061, , , , , , ,-0.253,-0.423,-108.364
 09:37:02.243,eb:33:2e:f9:57:b5, 2015-01-01 00:25:39.120,0.01,0,0.994,0.183,0,-0.122, , , , , , ,-0.253,-0.423,-108.364
 09:37:02.243,eb:33:2e:f9:57:b5, 2015-01-01 00:25:39.120,0.009,0,0.994,0.244,0.061,-0.061, , , , , , ,-0.253,-0.423,-108.364
 09:37:02.288,eb:33:2e:f9:57:b5, 2015-01-01 00:25:39.120,0.011,0,0.993,0.183,0.061,-0.061, , , , , , ,-0.247,-0.428,-108.364
 09:37:02.288,eb:33:2e:f9:57:b5, 2015-01-01 00:25:39.120,0.01,0,0.993,0.183,0,-0.122, , , , , , ,-0.247,-0.428,-108.364
 09:37:02.288,eb:33:2e:f9:57:b5, 2015-01-01 00:25:39.120,0.01,0,0.993,0.244,0,-0.122, , , , , , ,-0.247,-0.428,-108.364
 09:37:02.288,eb:33:2e:f9:57:b5, 2015-01-01 00:25:39.120,0.009,0,0.993,0.183,0,-0.122, , , , , , ,-0.247,-0.428,-108.364
 09:37:02.288,eb:33:2e:f9:57:b5, 2015-01-01 00:25:39.120,0.009,0,0.994,0.183,0,-0.122, , , , , , ,-0.247,-0.428,-108.364
 09:37:02.288,eb:33:2e:f9:57:b5, 2015-01-01 00:25:39.120,0.009,0,0.994,0.122,0,-0.061, , , , , , ,-0.247,-0.428,-108.364
 09:37:02.288,eb:33:2e:f9:57:b5, 2015-01-01 00:25:39.120,0.009,0,0.994,0.183,-0.061,-0.122, , , , , , ,-0.247,-0.428,-108.364
 09:37:02.288,eb:33:2e:f9:57:b5, 2015-01-01 00:25:39.120,0.011,0,0.994,0.122,0,-0.061, , , , , , ,-0.247,-0.428,-108.364
 09:37:02.332,eb:33:2e:f9:57:b5, 2015-01-01 00:25:39.120,0.01,0,0.995,0.183,0,-0.061, , , , , , ,-0.247,-0.428,-108.364
 09:37:02.332,eb:33:2e:f9:57:b5, 2015-01-01 00:25:39.120,0.009,0,0.994,0.122,0,-0.061, , , , , , ,-0.247,-0.428,-108.364
 09:37:02.332,eb:33:2e:f9:57:b5, 2015-01-01 00:25:39.120,0.01,0,0.994,0.122,0,-0.061, , , , , , ,-0.247,-0.428,-108.364
 09:37:02.332,eb:33:2e:f9:57:b5, 2015-01-01 00:25:39.120,0.01,0,0.993,0.122,0,-0.061, , , , , , ,-0.247,-0.428,-108.364
 09:37:02.332,eb:33:2e:f9:57:b5, 2015-01-01 00:25:39.120,0.01,0,0.993,0,0,-0.061, , , , , , ,-0.247,-0.428,-108.364
 09:37:02.332,eb:33:2e:f9:57:b5, 2015-01-01 00:25:39.120,0.009,0,0.992,0.061,0,0, , , , , , ,-0.247,-0.428,-108.364
 09:37:02.332,eb:33:2e:f9:57:b5, 2015-01-01 00:25:39.120,0.009,0,0.993,0,0,0, , , , , , ,-0.247,-0.428,-108.364
 09:37:02.332,eb:33:2e:f9:57:b5, 2015-01-01 00:25:39.120,0.009,0,0.993,0,0,-0.061, , , , , , ,-0.247,-0.428,-108.364
 09:37:02.377,eb:33:2e:f9:57:b5, 2015-01-01 00:25:39.120,0.01,0,0.993,0,0,-0.061, , , , , , ,-0.242,-0.428,-108.364
 09:37:02.377,eb:33:2e:f9:57:b5, 2015-01-01 00:25:39.120,0.011,0,0.994,0,0,-0.061, , , , , , ,-0.242,-0.428,-108.364
 09:37:02.377,eb:33:2e:f9:57:b5, 2015-01-01 00:25:39.120,0.011,0,0.994,0,0,-0.061, , , , , , ,-0.242,-0.428,-108.364
 09:37:02.377,eb:33:2e:f9:57:b5, 2015-01-01 00:25:39.120,0.011,0,0.993,0,0,-0.061, , , , , , ,-0.242,-0.428,-108.364
 09:37:02.377,eb:33:2e:f9:57:b5, 2015-01-01 00:25:39.120,0.01,0,0.994,-0.061,0.061,0, , , , , , ,-0.242,-0.428,-108.364
 09:37:02.377,eb:33:2e:f9:57:b5, 2015-01-01 00:25:39.120,0.009,0,0.993,-0.061,0.061,0, , , , , , ,-0.242,-0.428,-108.364
 09:37:02.377,eb:33:2e:f9:57:b5, 2015-01-01 00:25:39.120,0.009,0,0.993,-0.061,0,0, , , , , , ,-0.242,-0.428,-108.364
 09:37:02.377,eb:33:2e:f9:57:b5, 2015-01-01 00:25:39.120,0.009,-0.001,0.994,-0.061,0,0, , , , , , ,-0.242,-0.428,-108.364
 09:37:02.400,eb:33:2e:f9:57:b5, 2015-01-01 00:25:39.120,0.009,-0.001,0.995,0,0,0, , , , , , ,-0.242,-0.428,-108.364
 09:37:02.400,eb:33:2e:f9:57:b5, 2015-01-01 00:25:39.120,0.009,0,0.993,0,0,0.061, , , , , , ,-0.242,-0.428,-108.364
 09:37:02.400,eb:33:2e:f9:57:b5, 2015-01-01 00:25:39.120,0.009,0,0.993,-0.061,-0.061,0.061, , , , , , ,-0.242,-0.428,-108.364
 09:37:02.400,eb:33:2e:f9:57:b5, 2015-01-01 00:25:39.120,0.013,0,0.994,-0.061,0,0.061, , , , , , ,-0.242,-0.428,-108.364
 09:37:02.400,eb:33:2e:f9:57:b5, 2015-01-01 00:25:39.120,0.01,0,0.995,-0.061,0.061,0, , , , , , ,-0.242,-0.434,-108.364
 09:37:02.400,eb:33:2e:f9:57:b5, 2015-01-01 00:25:39.120,0.009,0,0.993,-0.061,0.061,0.061, , , , , , ,-0.242,-0.434,-108.364
 09:37:02.400,eb:33:2e:f9:57:b5, 2015-01-01 00:25:39.120,0.01,0,0.993,-0.122,0,0.122, , , , , , ,-0.242,-0.434,-108.364
 09:37:02.402,eb:33:2e:f9:57:b5, 2015-01-01 00:25:39.120,0.01,0,0.994,-0.183,0.122,0.122, , , , , , ,-0.242,-0.434,-108.364
 09:37:02.445,eb:33:2e:f9:57:b5, 2015-01-01 00:25:39.120,0.01,-0.001,0.995,-0.183,0.122,0.122, , , , , , ,-0.242,-0.434,-108.364
 09:37:02.445,eb:33:2e:f9:57:b5, 2015-01-01 00:25:39.120,0.01,-0.001,0.994,-0.122,0.122,0.122, , , , , , ,-0.242,-0.434,-108.364
 09:37:02.445,eb:33:2e:f9:57:b5, 2015-01-01 00:25:39.120,0.009,-0.001,0.994,-0.061,0.183,0.061, , , , , , ,-0.242,-0.434,-108.364
 09:37:02.445,eb:33:2e:f9:57:b5, 2015-01-01 00:25:39.120,0.008,-0.001,0.993,-0.061,0.183,0.183, , , , , , ,-0.242,-0.434,-108.364
 09:37:02.445,eb:33:2e:f9:57:b5, 2015-01-01 00:25:39.120,0.008,0,0.992,0,0.061,0.061, , , , , , ,-0.236,-0.434,-108.364
 09:37:02.445,eb:33:2e:f9:57:b5, 2015-01-01 00:25:39.120,0.008,0,0.992,0,0,0, , , , , , ,-0.236,-0.434,-108.364
 09:37:02.445,eb:33:2e:f9:57:b5, 2015-01-01 00:25:39.120,0.008,0,0.994,0,0,0.061, , , , , , ,-0.236,-0.434,-108.364
 09:37:02.446,eb:33:2e:f9:57:b5, 2015-01-01 00:25:39.120,0.009,0,0.993,0,-0.061,0.061, , , , , , ,-0.236,-0.434,-108.364
 09:37:02.490,eb:33:2e:f9:57:b5, 2015-01-01 00:25:39.410,0.009,0,0.994,0,-0.122,0.061, , , , , , ,-0.236,-0.434,-108.364
 09:37:02.490,eb:33:2e:f9:57:b5, 2015-01-01 00:25:39.410,0.01,0,0.995,0,-0.244,0.061, , , , , , ,-0.236,-0.434,-108.364
 09:37:02.490,eb:33:2e:f9:57:b5, 2015-01-01 00:25:39.410,0.01,-0.001,0.995,0.122,-0.183,0.061, , , , , , ,-0.236,-0.434,-108.364
 09:37:02.490,eb:33:2e:f9:57:b5, 2015-01-01 00:25:39.410,0.009,0,0.995,0.122,-0.122,0, , , , , , ,-0.236,-0.434,-108.364
 09:37:02.490,eb:33:2e:f9:57:b5, 2015-01-01 00:25:39.410,0.009,0,0.993,0.122,-0.122,0, , , , , , ,-0.236,-0.434,-108.364
 09:37:02.490,eb:33:2e:f9:57:b5, 2015-01-01 00:25:39.410,0.008,0,0.992,0.122,-0.183,0.061, , , , , , ,-0.236,-0.434,-108.364
 09:37:02.490,eb:33:2e:f9:57:b5, 2015-01-01 00:25:39.410,0.01,0,0.993,0.183,-0.305,0.061, , , , , , ,-0.236,-0.434,-108.364
 09:37:02.490,eb:33:2e:f9:57:b5, 2015-01-01 00:25:39.410,0.011,0,0.994,0.122,-0.305,0, , , , , , ,-0.236,-0.434,-108.364
 09:37:02.537,eb:33:2e:f9:57:b5, 2015-01-01 00:25:39.410,0.011,0,0.995,0.183,-0.244,0, , , , , , ,-0.236,-0.434,-108.364
 09:37:02.537,eb:33:2e:f9:57:b5, 2015-01-01 00:25:39.410,0.009,0,0.995,0.122,-0.183,0, , , , , , ,-0.236,-0.434,-108.364
 09:37:02.537,eb:33:2e:f9:57:b5, 2015-01-01 00:25:39.410,0.01,0,0.993,0.183,-0.183,0, , , , , , ,-0.236,-0.434,-108.364
 09:37:02.537,eb:33:2e:f9:57:b5, 2015-01-01 00:25:39.410,0.01,0,0.993,0.183,-0.244,0.061, , , , , , ,-0.236,-0.434,-108.364
 09:37:02.537,eb:33:2e:f9:57:b5, 2015-01-01 00:25:39.410,0.01,-0.001,0.994,0.244,-0.183,0, , , , , , ,-0.231,-0.434,-108.364
 09:37:02.537,eb:33:2e:f9:57:b5, 2015-01-01 00:25:39.410,0.01,0,0.994,0.183,-0.183,0, , , , , , ,-0.231,-0.434,-108.364
 09:37:02.537,eb:33:2e:f9:57:b5, 2015-01-01 00:25:39.410,0.011,0,0.993,0.183,-0.061,0, , , , , , ,-0.231,-0.434,-108.364
 09:37:02.537,eb:33:2e:f9:57:b5, 2015-01-01 00:25:39.410,0.01,0.001,0.993,0.122,-0.061,0, , , , , , ,-0.231,-0.434,-108.364
 09:37:02.580,eb:33:2e:f9:57:b5, 2015-01-01 00:25:39.410,0.01,0,0.993,0.122,-0.061,0, , , , , , ,-0.231,-0.439,-108.364
 09:37:02.580,eb:33:2e:f9:57:b5, 2015-01-01 00:25:39.410,0.009,0,0.993,0.183,-0.122,0, , , , , , ,-0.231,-0.439,-108.364
 09:37:02.580,eb:33:2e:f9:57:b5, 2015-01-01 00:25:39.410,0.009,0,0.993,0.183,-0.183,0, , , , , , ,-0.231,-0.439,-108.364
 09:37:02.580,eb:33:2e:f9:57:b5, 2015-01-01 00:25:39.410,0.009,0,0.993,0.183,-0.183,0, , , , , , ,-0.231,-0.439,-108.364
 09:37:02.581,eb:33:2e:f9:57:b5, 2015-01-01 00:25:39.410,0.01,-0.001,0.992,0.183,-0.305,0, , , , , , ,-0.231,-0.439,-108.364
 09:37:02.581,eb:33:2e:f9:57:b5, 2015-01-01 00:25:39.410,0.01,-0.001,0.993,0.183,-0.305,0, , , , , , ,-0.231,-0.439,-108.364
 09:37:02.581,eb:33:2e:f9:57:b5, 2015-01-01 00:25:39.410,0.01,-0.001,0.994,0.305,-0.244,0, , , , , , ,-0.231,-0.439,-108.364
 09:37:02.581,eb:33:2e:f9:57:b5, 2015-01-01 00:25:39.410,0.01,0,0.995,0.305,-0.244,0, , , , , , ,-0.231,-0.439,-108.364
 09:37:02.604,eb:33:2e:f9:57:b5, 2015-01-01 00:25:39.410,0.01,-0.001,0.994,0.305,-0.244,0, , , , , , ,-0.231,-0.439,-108.364
 09:37:02.604,eb:33:2e:f9:57:b5, 2015-01-01 00:25:39.410,0.011,0,0.994,0.366,-0.305,0, , , , , , ,-0.231,-0.439,-108.364
 09:37:02.604,eb:33:2e:f9:57:b5, 2015-01-01 00:25:39.410,0.01,0,0.994,0.366,-0.244,0, , , , , , ,-0.231,-0.439,-108.364
 09:37:02.604,eb:33:2e:f9:57:b5, 2015-01-01 00:25:39.410,0.009,-0.001,0.994,0.427,-0.244,0, , , , , , ,-0.231,-0.439,-108.364
 09:37:02.604,eb:33:2e:f9:57:b5, 2015-01-01 00:25:39.410,0.01,0,0.994,0.427,-0.305,0, , , , , , ,-0.231,-0.439,-108.364
 09:37:02.604,eb:33:2e:f9:57:b5, 2015-01-01 00:25:39.410,0.011,0,0.994,0.488,-0.305,-0.061, , , , , , ,-0.231,-0.439,-108.364
 09:37:02.604,eb:33:2e:f9:57:b5, 2015-01-01 00:25:39.410,0.01,0,0.993,0.488,-0.366,-0.061, , , , , , ,-0.231,-0.439,-108.364
 09:37:02.604,eb:33:2e:f9:57:b5, 2015-01-01 00:25:39.410,0.011,0,0.994,0.488,-0.366,-0.061, , , , , , ,-0.231,-0.439,-108.364
 09:37:02.649,eb:33:2e:f9:57:b5, 2015-01-01 00:25:39.410,0.01,0,0.993,0.549,-0.366,-0.061, , , , , , ,-0.225,-0.439,-108.364
 09:37:02.649,eb:33:2e:f9:57:b5, 2015-01-01 00:25:39.410,0.01,0,0.993,0.61,-0.427,-0.122, , , , , , ,-0.225,-0.439,-108.364
 09:37:02.649,eb:33:2e:f9:57:b5, 2015-01-01 00:25:39.410,0.01,0,0.993,0.61,-0.488,-0.122, , , , , , ,-0.225,-0.439,-108.364
 09:37:02.649,eb:33:2e:f9:57:b5, 2015-01-01 00:25:39.410,0.011,0,0.994,0.549,-0.488,-0.122, , , , , , ,-0.225,-0.439,-108.364
 09:37:02.649,eb:33:2e:f9:57:b5, 2015-01-01 00:25:39.410,0.011,0,0.995,0.549,-0.488,-0.061, , , , , , ,-0.225,-0.439,-108.364
 09:37:02.649,eb:33:2e:f9:57:b5, 2015-01-01 00:25:39.410,0.011,0,0.995,0.549,-0.366,-0.122, , , , , , ,-0.225,-0.439,-108.364
 09:37:02.649,eb:33:2e:f9:57:b5, 2015-01-01 00:25:39.410,0.01,0,0.994,0.549,-0.366,-0.122, , , , , , ,-0.225,-0.439,-108.364
 09:37:02.649,eb:33:2e:f9:57:b5, 2015-01-01 00:25:39.410,0.01,0,0.993,0.61,-0.427,-0.122, , , , , , ,-0.225,-0.439,-108.364
 09:37:02.694,eb:33:2e:f9:57:b5, 2015-01-01 00:25:39.410,0.009,0.001,0.992,0.549,-0.427,-0.122, , , , , , ,-0.225,-0.439,-108.364
 09:37:02.694,eb:33:2e:f9:57:b5, 2015-01-01 00:25:39.410,0.012,0.001,0.992,0.549,-0.549,-0.122, , , , , , ,-0.225,-0.439,-108.364
 09:37:02.694,eb:33:2e:f9:57:b5, 2015-01-01 00:25:39.410,0.011,0.001,0.994,0.488,-0.549,-0.122, , , , , , ,-0.225,-0.439,-108.364
 09:37:02.694,eb:33:2e:f9:57:b5, 2015-01-01 00:25:39.410,0.01,0,0.993,0.488,-0.549,-0.122, , , , , , ,-0.225,-0.439,-108.364
 09:37:02.694,eb:33:2e:f9:57:b5, 2015-01-01 00:25:39.410,0.011,0,0.993,0.549,-0.61,-0.122, , , , , , ,-0.225,-0.445,-108.364
 09:37:02.694,eb:33:2e:f9:57:b5, 2015-01-01 00:25:39.410,0.012,0,0.993,0.488,-0.61,-0.122, , , , , , ,-0.225,-0.445,-108.364
 09:37:02.694,eb:33:2e:f9:57:b5, 2015-01-01 00:25:39.410,0.013,0.001,0.994,0.488,-0.549,-0.183, , , , , , ,-0.225,-0.445,-108.364
 09:37:02.694,eb:33:2e:f9:57:b5, 2015-01-01 00:25:39.410,0.012,0.001,0.994,0.427,-0.549,-0.183, , , , , , ,-0.225,-0.445,-108.364
 09:37:02.738,eb:33:2e:f9:57:b5, 2015-01-01 00:25:39.410,0.012,0,0.993,0.488,-0.488,-0.244, , , , , , ,-0.22,-0.445,-108.358
 09:37:02.738,eb:33:2e:f9:57:b5, 2015-01-01 00:25:39.410,0.011,0,0.992,0.488,-0.549,-0.244, , , , , , ,-0.22,-0.445,-108.358
 09:37:02.738,eb:33:2e:f9:57:b5, 2015-01-01 00:25:39.410,0.01,0,0.993,0.488,-0.61,-0.244, , , , , , ,-0.22,-0.445,-108.358
 09:37:02.738,eb:33:2e:f9:57:b5, 2015-01-01 00:25:39.410,0.011,0.001,0.993,0.549,-0.671,-0.305, , , , , , ,-0.22,-0.445,-108.358
 09:37:02.738,eb:33:2e:f9:57:b5, 2015-01-01 00:25:39.410,0.009,0.001,0.994,0.61,-0.61,-0.305, , , , , , ,-0.22,-0.445,-108.358
 09:37:02.738,eb:33:2e:f9:57:b5, 2015-01-01 00:25:39.410,0.014,0,0.993,0.549,-0.732,-0.305, , , , , , ,-0.22,-0.445,-108.358
 09:37:02.738,eb:33:2e:f9:57:b5, 2015-01-01 00:25:39.410,0.012,0.001,0.995,0.549,-0.732,-0.427, , , , , , ,-0.22,-0.445,-108.358
 09:37:02.738,eb:33:2e:f9:57:b5, 2015-01-01 00:25:39.410,0.011,0,0.995,0.488,-0.671,-0.366, , , , , , ,-0.22,-0.445,-108.358
 09:37:02.782,eb:33:2e:f9:57:b5, 2015-01-01 00:25:39.720,0.013,0.001,0.994,0.427,-0.732,-0.305, , , , , , ,-0.22,-0.445,-108.358
 09:37:02.782,eb:33:2e:f9:57:b5, 2015-01-01 00:25:39.720,0.012,0,0.993,0.427,-0.61,-0.305, , , , , , ,-0.22,-0.445,-108.358
 09:37:02.784,eb:33:2e:f9:57:b5, 2015-01-01 00:25:39.720,0.011,0.001,0.991,0.427,-0.732,-0.305, , , , , , ,-0.22,-0.445,-108.358
 09:37:02.784,eb:33:2e:f9:57:b5, 2015-01-01 00:25:39.720,0.014,0.002,0.992,0.305,-0.732,-0.305, , , , , , ,-0.22,-0.445,-108.358
 09:37:02.784,eb:33:2e:f9:57:b5, 2015-01-01 00:25:39.720,0.012,0.002,0.995,0.305,-0.61,-0.366, , , , , , ,-0.22,-0.445,-108.358
 09:37:02.784,eb:33:2e:f9:57:b5, 2015-01-01 00:25:39.720,0.014,0,0.994,0.244,-0.549,-0.305, , , , , , ,-0.22,-0.445,-108.358
 09:37:02.784,eb:33:2e:f9:57:b5, 2015-01-01 00:25:39.720,0.014,0.001,0.995,0.244,-0.549,-0.305, , , , , , ,-0.22,-0.445,-108.358
 09:37:02.784,eb:33:2e:f9:57:b5, 2015-01-01 00:25:39.720,0.013,0.002,0.993,0.305,-0.488,-0.366, , , , , , ,-0.22,-0.445,-108.358
 09:37:02.805,eb:33:2e:f9:57:b5, 2015-01-01 00:25:39.720,0.012,0.002,0.993,0.244,-0.427,-0.305, , , , , , ,-0.214,-0.45,-108.358
 09:37:02.805,eb:33:2e:f9:57:b5, 2015-01-01 00:25:39.720,0.011,0.001,0.992,0.183,-0.427,-0.305, , , , , , ,-0.214,-0.45,-108.358
 09:37:02.805,eb:33:2e:f9:57:b5, 2015-01-01 00:25:39.720,0.013,0.001,0.991,0.122,-0.488,-0.244, , , , , , ,-0.214,-0.45,-108.358
 09:37:02.805,eb:33:2e:f9:57:b5, 2015-01-01 00:25:39.720,0.014,0.001,0.993,0.061,-0.427,-0.305, , , , , , ,-0.214,-0.45,-108.358
 09:37:02.805,eb:33:2e:f9:57:b5, 2015-01-01 00:25:39.720,0.014,0.002,0.993,0.061,-0.488,-0.305, , , , , , ,-0.214,-0.45,-108.358
 09:37:02.805,eb:33:2e:f9:57:b5, 2015-01-01 00:25:39.720,0.013,0.002,0.994,0.061,-0.366,-0.366, , , , , , ,-0.214,-0.45,-108.358
 09:37:02.805,eb:33:2e:f9:57:b5, 2015-01-01 00:25:39.720,0.01,0.002,0.995,0,-0.366,-0.366, , , , , , ,-0.214,-0.45,-108.358
 09:37:02.806,eb:33:2e:f9:57:b5, 2015-01-01 00:25:39.720,0.012,0,0.993,0.061,-0.427,-0.305, , , , , , ,-0.214,-0.45,-108.358
 09:37:02.852,eb:33:2e:f9:57:b5, 2015-01-01 00:25:39.720,0.013,0,0.992,0.122,-0.61,-0.305, , , , , , ,-0.214,-0.45,-108.358
 09:37:02.852,eb:33:2e:f9:57:b5, 2015-01-01 00:25:39.720,0.014,0.001,0.993,0.122,-0.671,-0.305, , , , , , ,-0.214,-0.45,-108.358
 09:37:02.852,eb:33:2e:f9:57:b5, 2015-01-01 00:25:39.720,0.014,0.001,0.994,0.122,-0.671,-0.305, , , , , , ,-0.214,-0.45,-108.358
 09:37:02.852,eb:33:2e:f9:57:b5, 2015-01-01 00:25:39.720,0.013,0.002,0.993,0.122,-0.671,-0.305, , , , , , ,-0.214,-0.45,-108.358
 09:37:02.852,eb:33:2e:f9:57:b5, 2015-01-01 00:25:39.720,0.015,0.001,0.991,0,-0.732,-0.305, , , , , , ,-0.209,-0.456,-108.358
 09:37:02.852,eb:33:2e:f9:57:b5, 2015-01-01 00:25:39.720,0.015,0,0.995,0.061,-0.549,-0.366, , , , , , ,-0.209,-0.456,-108.358
 09:37:02.852,eb:33:2e:f9:57:b5, 2015-01-01 00:25:39.720,0.017,0,0.996,0.122,-0.427,-0.427, , , , , , ,-0.209,-0.456,-108.358
 09:37:02.852,eb:33:2e:f9:57:b5, 2015-01-01 00:25:39.720,0.015,0,0.995,0.122,-0.244,-0.366, , , , , , ,-0.209,-0.456,-108.358
 09:37:02.895,eb:33:2e:f9:57:b5, 2015-01-01 00:25:39.720,0.012,0,0.994,0.122,-0.183,-0.366, , , , , , ,-0.209,-0.456,-108.358
 09:37:02.895,eb:33:2e:f9:57:b5, 2015-01-01 00:25:39.720,0.013,0,0.992,0.122,-0.305,-0.305, , , , , , ,-0.209,-0.456,-108.358
 09:37:02.895,eb:33:2e:f9:57:b5, 2015-01-01 00:25:39.720,0.012,0,0.992,0.183,-0.305,-0.366, , , , , , ,-0.209,-0.456,-108.358
 09:37:02.895,eb:33:2e:f9:57:b5, 2015-01-01 00:25:39.720,0.011,0,0.991,0.183,-0.427,-0.305, , , , , , ,-0.209,-0.456,-108.358
 09:37:02.895,eb:33:2e:f9:57:b5, 2015-01-01 00:25:39.720,0.013,0.002,0.991,0.122,-0.549,-0.305, , , , , , ,-0.209,-0.456,-108.358
 09:37:02.895,eb:33:2e:f9:57:b5, 2015-01-01 00:25:39.720,0.01,0.001,0.993,0.122,-0.61,-0.305, , , , , , ,-0.209,-0.456,-108.358
 09:37:02.895,eb:33:2e:f9:57:b5, 2015-01-01 00:25:39.720,0.012,0,0.992,0.061,-0.732,-0.244, , , , , , ,-0.209,-0.456,-108.358
 09:37:02.895,eb:33:2e:f9:57:b5, 2015-01-01 00:25:39.720,0.013,0,0.992,0.061,-0.732,-0.305, , , , , , ,-0.209,-0.456,-108.358
 09:37:02.941,eb:33:2e:f9:57:b5, 2015-01-01 00:25:39.720,0.014,0,0.993,0.122,-0.854,-0.366, , , , , , ,-0.209,-0.456,-108.358
 09:37:02.941,eb:33:2e:f9:57:b5, 2015-01-01 00:25:39.720,0.015,0,0.996,0.122,-0.732,-0.366, , , , , , ,-0.209,-0.456,-108.358
 09:37:02.941,eb:33:2e:f9:57:b5, 2015-01-01 00:25:39.720,0.015,0.001,0.996,0.183,-0.793,-0.305, , , , , , ,-0.209,-0.456,-108.358
 09:37:02.941,eb:33:2e:f9:57:b5, 2015-01-01 00:25:39.720,0.016,0,0.996,0.244,-0.671,-0.244, , , , , , ,-0.209,-0.456,-108.358
 09:37:02.941,eb:33:2e:f9:57:b5, 2015-01-01 00:25:39.720,0.013,0,0.996,0.183,-0.61,-0.244, , , , , , ,-0.203,-0.461,-108.358
 09:37:02.941,eb:33:2e:f9:57:b5, 2015-01-01 00:25:39.720,0.014,0,0.994,0.244,-0.61,-0.305, , , , , , ,-0.203,-0.461,-108.358
 09:37:02.941,eb:33:2e:f9:57:b5, 2015-01-01 00:25:39.720,0.015,0,0.995,0.305,-0.61,-0.305, , , , , , ,-0.203,-0.461,-108.358
 09:37:02.941,eb:33:2e:f9:57:b5, 2015-01-01 00:25:39.720,0.016,0,0.995,0.305,-0.61,-0.244, , , , , , ,-0.203,-0.461,-108.358
 09:37:02.986,eb:33:2e:f9:57:b5, 2015-01-01 00:25:39.720,0.017,0.002,0.996,0.305,-0.549,-0.305, , , , , , ,-0.203,-0.461,-108.358
 09:37:02.986,eb:33:2e:f9:57:b5, 2015-01-01 00:25:39.720,0.016,0.001,0.996,0.244,-0.366,-0.305, , , , , , ,-0.203,-0.461,-108.358
 09:37:02.986,eb:33:2e:f9:57:b5, 2015-01-01 00:25:39.720,0.015,0.001,0.996,0.305,-0.305,-0.244, , , , , , ,-0.203,-0.461,-108.358
 09:37:02.986,eb:33:2e:f9:57:b5, 2015-01-01 00:25:39.720,0.014,0.001,0.994,0.305,-0.244,-0.244, , , , , , ,-0.203,-0.461,-108.358
 09:37:02.986,eb:33:2e:f9:57:b5, 2015-01-01 00:25:39.720,0.015,0.001,0.994,0.244,-0.244,-0.183, , , , , , ,-0.203,-0.467,-108.358
 09:37:02.986,eb:33:2e:f9:57:b5, 2015-01-01 00:25:39.720,0.014,0.002,0.992,0.244,-0.183,-0.183, , , , , , ,-0.203,-0.467,-108.358
 09:37:02.986,eb:33:2e:f9:57:b5, 2015-01-01 00:25:39.720,0.014,0.001,0.993,0.122,-0.183,-0.244, , , , , , ,-0.203,-0.467,-108.358
 09:37:02.986,eb:33:2e:f9:57:b5, 2015-01-01 00:25:39.720,0.015,0,0.993,0.122,-0.183,-0.183, , , , , , ,-0.203,-0.467,-108.358
 09:37:03.007,eb:33:2e:f9:57:b5, 2015-01-01 00:25:39.720,0.015,0,0.995,0.183,-0.183,-0.183, , , , , , ,-0.203,-0.467,-108.358
 09:37:03.007,eb:33:2e:f9:57:b5, 2015-01-01 00:25:39.720,0.014,0.001,0.994,0.183,-0.122,-0.183, , , , , , ,-0.203,-0.467,-108.358
 09:37:03.007,eb:33:2e:f9:57:b5, 2015-01-01 00:25:39.720,0.013,0,0.993,0.122,-0.122,-0.183, , , , , , ,-0.203,-0.467,-108.358
 09:37:03.007,eb:33:2e:f9:57:b5, 2015-01-01 00:25:39.720,0.013,0.002,0.992,0.122,-0.183,-0.122, , , , , , ,-0.203,-0.467,-108.358
 09:37:03.007,eb:33:2e:f9:57:b5, 2015-01-01 00:25:39.720,0.014,0.001,0.993,0.122,-0.183,-0.183, , , , , , ,-0.198,-0.467,-108.358
 09:37:03.007,eb:33:2e:f9:57:b5, 2015-01-01 00:25:39.720,0.016,0.001,0.994,0.122,-0.183,-0.122, , , , , , ,-0.198,-0.467,-108.358
 09:37:03.007,eb:33:2e:f9:57:b5, 2015-01-01 00:25:39.720,0.015,0.002,0.993,0.061,-0.061,-0.122, , , , , , ,-0.198,-0.467,-108.358
 09:37:03.007,eb:33:2e:f9:57:b5, 2015-01-01 00:25:39.720,0.015,0.002,0.993,0.122,0,-0.122, , , , , , ,-0.198,-0.467,-108.358
 09:37:03.053,eb:33:2e:f9:57:b5, 2015-01-01 00:25:39.720,0.015,0.001,0.994,0.061,0,-0.061, , , , , , ,-0.198,-0.472,-108.358
 09:37:03.053,eb:33:2e:f9:57:b5, 2015-01-01 00:25:39.720,0.015,0.001,0.994,0.061,0,-0.122, , , , , , ,-0.198,-0.472,-108.358
 09:37:03.053,eb:33:2e:f9:57:b5, 2015-01-01 00:25:39.720,0.015,0.001,0.994,0.122,0,-0.122, , , , , , ,-0.198,-0.472,-108.358
 09:37:03.053,eb:33:2e:f9:57:b5, 2015-01-01 00:25:39.720,0.014,0.001,0.994,0.122,0.061,-0.061, , , , , , ,-0.198,-0.472,-108.358
 09:37:03.053,eb:33:2e:f9:57:b5, 2015-01-01 00:25:39.720,0.015,0,0.993,0.122,0.061,-0.122, , , , , , ,-0.198,-0.472,-108.358
 09:37:03.053,eb:33:2e:f9:57:b5, 2015-01-01 00:25:39.720,0.014,0,0.994,0.122,0,-0.122, , , , , , ,-0.198,-0.472,-108.358
 09:37:03.053,eb:33:2e:f9:57:b5, 2015-01-01 00:25:39.720,0.014,0,0.995,0.122,0.061,-0.061, , , , , , ,-0.198,-0.472,-108.358
 09:37:03.053,eb:33:2e:f9:57:b5, 2015-01-01 00:25:39.720,0.014,0.001,0.994,0.122,0,-0.061, , , , , , ,-0.198,-0.472,-108.358
 09:37:03.099,eb:33:2e:f9:57:b5, 2015-01-01 00:25:40.035,0.014,0,0.993,0.122,0,-0.122, , , , , , ,-0.192,-0.472,-108.358
 09:37:03.099,eb:33:2e:f9:57:b5, 2015-01-01 00:25:40.035,0.014,0.001,0.993,0.122,0,-0.061, , , , , , ,-0.192,-0.472,-108.358
 09:37:03.099,eb:33:2e:f9:57:b5, 2015-01-01 00:25:40.035,0.014,0,0.993,0.122,0,-0.061, , , , , , ,-0.192,-0.472,-108.358
 09:37:03.099,eb:33:2e:f9:57:b5, 2015-01-01 00:25:40.035,0.014,0,0.993,0.061,0,-0.061, , , , , , ,-0.192,-0.472,-108.358
 09:37:03.099,eb:33:2e:f9:57:b5, 2015-01-01 00:25:40.035,0.014,0,0.992,0.061,0,0, , , , , , ,-0.192,-0.478,-108.358
 09:37:03.099,eb:33:2e:f9:57:b5, 2015-01-01 00:25:40.035,0.014,0.001,0.993,0.061,0.061,0, , , , , , ,-0.192,-0.478,-108.358
 09:37:03.099,eb:33:2e:f9:57:b5, 2015-01-01 00:25:40.035,0.014,0.001,0.992,0,0.061,0, , , , , , ,-0.192,-0.478,-108.358
 09:37:03.099,eb:33:2e:f9:57:b5, 2015-01-01 00:25:40.035,0.013,0,0.993,0,0,0, , , , , , ,-0.192,-0.478,-108.358
 09:37:03.142,eb:33:2e:f9:57:b5, 2015-01-01 00:25:40.035,0.015,0,0.994,0,0,0, , , , , , ,-0.192,-0.478,-108.358
 09:37:03.142,eb:33:2e:f9:57:b5, 2015-01-01 00:25:40.035,0.014,0,0.995,0.061,0,0, , , , , , ,-0.192,-0.478,-108.358
 09:37:03.142,eb:33:2e:f9:57:b5, 2015-01-01 00:25:40.035,0.014,0,0.995,0.122,0.061,0, , , , , , ,-0.192,-0.478,-108.358
 09:37:03.142,eb:33:2e:f9:57:b5, 2015-01-01 00:25:40.035,0.015,0.001,0.993,0.061,0,0, , , , , , ,-0.192,-0.478,-108.358
 09:37:03.142,eb:33:2e:f9:57:b5, 2015-01-01 00:25:40.035,0.014,0.002,0.994,0.061,0,0, , , , , , ,-0.192,-0.483,-108.358
 09:37:03.142,eb:33:2e:f9:57:b5, 2015-01-01 00:25:40.035,0.015,0.002,0.993,0,0,0, , , , , , ,-0.192,-0.483,-108.358
 09:37:03.142,eb:33:2e:f9:57:b5, 2015-01-01 00:25:40.035,0.015,0.001,0.994,0.061,0,0, , , , , , ,-0.192,-0.483,-108.358
 09:37:03.142,eb:33:2e:f9:57:b5, 2015-01-01 00:25:40.035,0.015,0.001,0.994,0,0.061,0, , , , , , ,-0.192,-0.483,-108.358
 09:37:03.165,eb:33:2e:f9:57:b5, 2015-01-01 00:25:40.035,0.015,0,0.994,0,0.061,0, , , , , , ,-0.187,-0.483,-108.358
 09:37:03.165,eb:33:2e:f9:57:b5, 2015-01-01 00:25:40.035,0.015,0.001,0.995,0.061,0.061,0, , , , , , ,-0.187,-0.483,-108.358
 09:37:03.165,eb:33:2e:f9:57:b5, 2015-01-01 00:25:40.035,0.015,0.001,0.995,0.061,0.122,0, , , , , , ,-0.187,-0.483,-108.358
 09:37:03.165,eb:33:2e:f9:57:b5, 2015-01-01 00:25:40.035,0.015,0,0.994,0.061,0.122,0, , , , , , ,-0.187,-0.483,-108.358
 09:37:03.165,eb:33:2e:f9:57:b5, 2015-01-01 00:25:40.035,0.015,0.001,0.995,0.061,0.061,0, , , , , , ,-0.187,-0.483,-108.358
 09:37:03.165,eb:33:2e:f9:57:b5, 2015-01-01 00:25:40.035,0.016,0.001,0.995,0.061,0.122,0, , , , , , ,-0.187,-0.483,-108.358
 09:37:03.165,eb:33:2e:f9:57:b5, 2015-01-01 00:25:40.035,0.016,0.001,0.995,0.061,0.183,0, , , , , , ,-0.187,-0.483,-108.358
 09:37:03.165,eb:33:2e:f9:57:b5, 2015-01-01 00:25:40.035,0.016,0.001,0.993,0.061,0.305,0, , , , , , ,-0.187,-0.483,-108.358
 09:37:03.210,eb:33:2e:f9:57:b5, 2015-01-01 00:25:40.035,0.015,0,0.993,0.061,0.427,0, , , , , , ,-0.187,-0.489,-108.358
 09:37:03.210,eb:33:2e:f9:57:b5, 2015-01-01 00:25:40.035,0.014,0.001,0.993,0,0.427,0.061, , , , , , ,-0.187,-0.489,-108.358
 09:37:03.211,eb:33:2e:f9:57:b5, 2015-01-01 00:25:40.035,0.013,0.002,0.992,0.061,0.366,0, , , , , , ,-0.187,-0.489,-108.358
 09:37:03.211,eb:33:2e:f9:57:b5, 2015-01-01 00:25:40.035,0.013,0.002,0.993,0,0.427,0, , , , , , ,-0.187,-0.489,-108.358
 09:37:03.211,eb:33:2e:f9:57:b5, 2015-01-01 00:25:40.035,0.013,0,0.994,0,0.366,0, , , , , , ,-0.187,-0.489,-108.358
 09:37:03.211,eb:33:2e:f9:57:b5, 2015-01-01 00:25:40.035,0.014,0,0.994,0,0.366,0.061, , , , , , ,-0.187,-0.489,-108.358
 09:37:03.211,eb:33:2e:f9:57:b5, 2015-01-01 00:25:40.035,0.016,0,0.995,0,0.427,0, , , , , , ,-0.187,-0.489,-108.358
 09:37:03.211,eb:33:2e:f9:57:b5, 2015-01-01 00:25:40.035,0.014,0,0.994,0,0.549,0, , , , , , ,-0.187,-0.489,-108.358
 09:37:03.255,eb:33:2e:f9:57:b5, 2015-01-01 00:25:40.035,0.013,0,0.993,0,0.549,0, , , , , , ,-0.181,-0.489,-108.358
 09:37:03.255,eb:33:2e:f9:57:b5, 2015-01-01 00:25:40.035,0.012,0,0.991,0,0.427,0.061, , , , , , ,-0.181,-0.489,-108.358
 09:37:03.255,eb:33:2e:f9:57:b5, 2015-01-01 00:25:40.035,0.014,0.001,0.992,-0.061,0.305,0.061, , , , , , ,-0.181,-0.489,-108.358
 09:37:03.255,eb:33:2e:f9:57:b5, 2015-01-01 00:25:40.035,0.015,0.001,0.993,0,0.305,0.061, , , , , , ,-0.181,-0.489,-108.358
 09:37:03.255,eb:33:2e:f9:57:b5, 2015-01-01 00:25:40.035,0.015,0.001,0.994,0,0.244,0, , , , , , ,-0.181,-0.494,-108.358
 09:37:03.255,eb:33:2e:f9:57:b5, 2015-01-01 00:25:40.035,0.013,0.001,0.994,0,0.305,0, , , , , , ,-0.181,-0.494,-108.358
 09:37:03.255,eb:33:2e:f9:57:b5, 2015-01-01 00:25:40.035,0.014,0,0.993,0,0.366,0, , , , , , ,-0.181,-0.494,-108.358
 09:37:03.255,eb:33:2e:f9:57:b5, 2015-01-01 00:25:40.035,0.014,0.001,0.993,0,0.305,0, , , , , , ,-0.181,-0.494,-108.358
 09:37:03.300,eb:33:2e:f9:57:b5, 2015-01-01 00:25:40.035,0.014,0.001,0.993,0,0.366,0, , , , , , ,-0.181,-0.494,-108.358
 09:37:03.300,eb:33:2e:f9:57:b5, 2015-01-01 00:25:40.035,0.013,0.001,0.993,-0.061,0.427,0, , , , , , ,-0.181,-0.494,-108.358
 09:37:03.300,eb:33:2e:f9:57:b5, 2015-01-01 00:25:40.035,0.014,0.001,0.993,0,0.427,0, , , , , , ,-0.181,-0.494,-108.358
 09:37:03.300,eb:33:2e:f9:57:b5, 2015-01-01 00:25:40.035,0.014,0,0.993,0,0.427,0, , , , , , ,-0.181,-0.494,-108.358
 09:37:03.300,eb:33:2e:f9:57:b5, 2015-01-01 00:25:40.035,0.015,0,0.995,0,0.488,0, , , , , , ,-0.181,-0.494,-108.358
 09:37:03.300,eb:33:2e:f9:57:b5, 2015-01-01 00:25:40.035,0.014,0,0.995,0,0.549,0, , , , , , ,-0.181,-0.494,-108.358
 09:37:03.300,eb:33:2e:f9:57:b5, 2015-01-01 00:25:40.035,0.012,0,0.994,0,0.61,0, , , , , , ,-0.181,-0.494,-108.358
 09:37:03.300,eb:33:2e:f9:57:b5, 2015-01-01 00:25:40.035,0.012,0.001,0.994,0,0.61,0.061, , , , , , ,-0.181,-0.494,-108.358
 09:37:03.369,eb:33:2e:f9:57:b5, 2015-01-01 00:25:40.035,0.014,0,0.994,0,0.488,0, , , , , , ,-0.176,-0.5,-108.358
 09:37:03.369,eb:33:2e:f9:57:b5, 2015-01-01 00:25:40.035,0.013,0,0.994,0,0.549,0, , , , , , ,-0.176,-0.5,-108.358
 09:37:03.369,eb:33:2e:f9:57:b5, 2015-01-01 00:25:40.035,0.014,0,0.995,0,0.549,0.061, , , , , , ,-0.176,-0.5,-108.358
 09:37:03.369,eb:33:2e:f9:57:b5, 2015-01-01 00:25:40.035,0.014,0.001,0.995,0,0.61,0.122, , , , , , ,-0.176,-0.5,-108.358
 09:37:03.369,eb:33:2e:f9:57:b5, 2015-01-01 00:25:40.035,0.014,0.002,0.993,0,0.671,0.061, , , , , , ,-0.176,-0.5,-108.353
 09:37:03.370,eb:33:2e:f9:57:b5, 2015-01-01 00:25:40.035,0.012,0.002,0.994,-0.061,0.732,0.061, , , , , , ,-0.176,-0.5,-108.353
 09:37:03.370,eb:33:2e:f9:57:b5, 2015-01-01 00:25:40.035,0.011,0.001,0.993,-0.061,0.671,0.061, , , , , , ,-0.176,-0.5,-108.353
 09:37:03.370,eb:33:2e:f9:57:b5, 2015-01-01 00:25:40.035,0.012,0,0.993,-0.061,0.61,0.122, , , , , , ,-0.176,-0.5,-108.353
 09:37:03.370,eb:33:2e:f9:57:b5, 2015-01-01 00:25:40.035,0.013,0,0.994,-0.061,0.671,0.183, , , , , , ,-0.176,-0.5,-108.353
 09:37:03.370,eb:33:2e:f9:57:b5, 2015-01-01 00:25:40.035,0.013,0.001,0.994,-0.061,0.671,0.122, , , , , , ,-0.176,-0.5,-108.353
 09:37:03.370,eb:33:2e:f9:57:b5, 2015-01-01 00:25:40.035,0.014,0.002,0.993,-0.122,0.793,0.122, , , , , , ,-0.176,-0.5,-108.353
 09:37:03.370,eb:33:2e:f9:57:b5, 2015-01-01 00:25:40.035,0.013,0.001,0.994,-0.122,0.732,0.183, , , , , , ,-0.176,-0.5,-108.353
 09:37:03.370,eb:33:2e:f9:57:b5, 2015-01-01 00:25:40.035,0.014,0.001,0.993,-0.183,0.732,0.122, , , , , , ,-0.176,-0.505,-108.353
 09:37:03.370,eb:33:2e:f9:57:b5, 2015-01-01 00:25:40.035,0.014,0.001,0.994,-0.183,0.793,0.122, , , , , , ,-0.176,-0.505,-108.353
 09:37:03.370,eb:33:2e:f9:57:b5, 2015-01-01 00:25:40.035,0.013,0.001,0.994,-0.244,0.793,0.061, , , , , , ,-0.176,-0.505,-108.353
 09:37:03.370,eb:33:2e:f9:57:b5, 2015-01-01 00:25:40.035,0.012,0.001,0.992,-0.244,0.854,0.122, , , , , , ,-0.176,-0.505,-108.353
 09:37:03.412,eb:33:2e:f9:57:b5, 2015-01-01 00:25:40.325,0.013,0,0.992,-0.305,0.793,0.061, , , , , , ,-0.17,-0.505,-108.353
 09:37:03.412,eb:33:2e:f9:57:b5, 2015-01-01 00:25:40.325,0.013,0.001,0.992,-0.305,0.793,0.061, , , , , , ,-0.17,-0.505,-108.353
 09:37:03.412,eb:33:2e:f9:57:b5, 2015-01-01 00:25:40.325,0.013,0.001,0.993,-0.183,0.793,0.122, , , , , , ,-0.17,-0.505,-108.353
 09:37:03.412,eb:33:2e:f9:57:b5, 2015-01-01 00:25:40.325,0.012,0,0.993,-0.183,0.793,0.061, , , , , , ,-0.17,-0.505,-108.353
 09:37:03.412,eb:33:2e:f9:57:b5, 2015-01-01 00:25:40.325,0.013,0,0.993,-0.183,0.793,0.061, , , , , , ,-0.17,-0.505,-108.353
 09:37:03.412,eb:33:2e:f9:57:b5, 2015-01-01 00:25:40.325,0.012,0.001,0.993,-0.183,0.793,0.061, , , , , , ,-0.17,-0.505,-108.353
 09:37:03.412,eb:33:2e:f9:57:b5, 2015-01-01 00:25:40.325,0.013,0,0.994,-0.122,0.854,0.122, , , , , , ,-0.17,-0.505,-108.353
 09:37:03.412,eb:33:2e:f9:57:b5, 2015-01-01 00:25:40.325,0.014,0,0.995,-0.122,0.854,0.061, , , , , , ,-0.17,-0.505,-108.353
 09:37:03.481,eb:33:2e:f9:57:b5, 2015-01-01 00:25:40.325,0.012,-0.001,0.996,-0.061,0.916,0.061, , , , , , ,-0.17,-0.505,-108.353
 09:37:03.481,eb:33:2e:f9:57:b5, 2015-01-01 00:25:40.325,0.008,0,0.991,-0.061,0.854,0.061, , , , , , ,-0.17,-0.505,-108.353
 09:37:03.481,eb:33:2e:f9:57:b5, 2015-01-01 00:25:40.325,0.008,0.002,0.989,-0.122,0.732,0.061, , , , , , ,-0.17,-0.505,-108.353
 09:37:03.481,eb:33:2e:f9:57:b5, 2015-01-01 00:25:40.325,0.01,0.002,0.989,-0.183,0.488,0.061, , , , , , ,-0.17,-0.505,-108.353
 09:37:03.481,eb:33:2e:f9:57:b5, 2015-01-01 00:25:40.325,0.012,0.001,0.991,-0.244,0.366,0.061, , , , , , ,-0.17,-0.511,-108.353
 09:37:03.481,eb:33:2e:f9:57:b5, 2015-01-01 00:25:40.325,0.012,0,0.992,-0.244,0.366,0.061, , , , , , ,-0.17,-0.511,-108.353
 09:37:03.481,eb:33:2e:f9:57:b5, 2015-01-01 00:25:40.325,0.013,0,0.994,-0.244,0.427,0, , , , , , ,-0.17,-0.511,-108.353
 09:37:03.483,eb:33:2e:f9:57:b5, 2015-01-01 00:25:40.325,0.014,0.002,0.994,-0.305,0.488,0, , , , , , ,-0.17,-0.511,-108.353
 09:37:03.502,eb:33:2e:f9:57:b5, 2015-01-01 00:25:40.325,0.011,0,0.994,-0.305,0.549,0, , , , , , ,-0.17,-0.511,-108.353
 09:37:03.502,eb:33:2e:f9:57:b5, 2015-01-01 00:25:40.325,0.01,-0.001,0.994,-0.305,0.488,0.061, , , , , , ,-0.17,-0.511,-108.353
 09:37:03.502,eb:33:2e:f9:57:b5, 2015-01-01 00:25:40.325,0.012,-0.002,0.993,-0.183,0.488,0.061, , , , , , ,-0.17,-0.511,-108.353
 09:37:03.502,eb:33:2e:f9:57:b5, 2015-01-01 00:25:40.325,0.011,0,0.993,-0.183,0.427,0, , , , , , ,-0.17,-0.511,-108.353
 09:37:03.502,eb:33:2e:f9:57:b5, 2015-01-01 00:25:40.325,0.011,0,0.992,-0.183,0.366,0, , , , , , ,-0.165,-0.511,-108.353
 09:37:03.502,eb:33:2e:f9:57:b5, 2015-01-01 00:25:40.325,0.011,0,0.993,-0.122,0.305,0, , , , , , ,-0.165,-0.511,-108.353
 09:37:03.502,eb:33:2e:f9:57:b5, 2015-01-01 00:25:40.325,0.011,0,0.993,-0.122,0.305,0, , , , , , ,-0.165,-0.511,-108.353
 09:37:03.502,eb:33:2e:f9:57:b5, 2015-01-01 00:25:40.325,0.012,0,0.993,-0.061,0.305,0, , , , , , ,-0.165,-0.511,-108.353
 09:37:03.550,eb:33:2e:f9:57:b5, 2015-01-01 00:25:40.325,0.012,0,0.994,-0.061,0.244,0, , , , , , ,-0.165,-0.511,-108.353
 09:37:03.550,eb:33:2e:f9:57:b5, 2015-01-01 00:25:40.325,0.011,0,0.995,0,0.305,0, , , , , , ,-0.165,-0.511,-108.353
 09:37:03.550,eb:33:2e:f9:57:b5, 2015-01-01 00:25:40.325,0.011,0,0.993,-0.061,0.305,0, , , , , , ,-0.165,-0.511,-108.353
 09:37:03.550,eb:33:2e:f9:57:b5, 2015-01-01 00:25:40.325,0.012,0.001,0.993,-0.061,0.244,0, , , , , , ,-0.165,-0.511,-108.353
 09:37:03.550,eb:33:2e:f9:57:b5, 2015-01-01 00:25:40.325,0.011,0.001,0.993,-0.122,0.244,0, , , , , , ,-0.165,-0.511,-108.353
 09:37:03.550,eb:33:2e:f9:57:b5, 2015-01-01 00:25:40.325,0.011,0.001,0.992,-0.122,0.244,0, , , , , , ,-0.165,-0.511,-108.353
 09:37:03.550,eb:33:2e:f9:57:b5, 2015-01-01 00:25:40.325,0.01,0,0.992,-0.122,0.183,0, , , , , , ,-0.165,-0.511,-108.353
 09:37:03.550,eb:33:2e:f9:57:b5, 2015-01-01 00:25:40.325,0.01,0,0.993,-0.061,0.183,0, , , , , , ,-0.165,-0.511,-108.353
 09:37:03.571,eb:33:2e:f9:57:b5, 2015-01-01 00:25:40.325,0.01,0,0.992,-0.183,0.122,0, , , , , , ,-0.165,-0.511,-108.353
 09:37:03.571,eb:33:2e:f9:57:b5, 2015-01-01 00:25:40.325,0.01,0,0.992,-0.183,0.122,0, , , , , , ,-0.165,-0.511,-108.353
 09:37:03.571,eb:33:2e:f9:57:b5, 2015-01-01 00:25:40.325,0.01,0,0.993,-0.122,0.061,0, , , , , , ,-0.165,-0.511,-108.353
 09:37:03.571,eb:33:2e:f9:57:b5, 2015-01-01 00:25:40.325,0.011,0,0.993,-0.122,0,0, , , , , , ,-0.165,-0.511,-108.353
 09:37:03.571,eb:33:2e:f9:57:b5, 2015-01-01 00:25:40.325,0.012,0,0.994,-0.183,0,0.061, , , , , , ,-0.165,-0.511,-108.353
 09:37:03.571,eb:33:2e:f9:57:b5, 2015-01-01 00:25:40.325,0.012,0,0.994,-0.122,0,0, , , , , , ,-0.165,-0.511,-108.353
 09:37:03.571,eb:33:2e:f9:57:b5, 2015-01-01 00:25:40.325,0.012,0,0.995,-0.122,0.061,0.061, , , , , , ,-0.165,-0.511,-108.353
 09:37:03.571,eb:33:2e:f9:57:b5, 2015-01-01 00:25:40.325,0.011,0,0.995,0,0,0.061, , , , , , ,-0.165,-0.511,-108.353
 09:37:03.615,eb:33:2e:f9:57:b5, 2015-01-01 00:25:40.325,0.012,-0.001,0.995,0,0.061,0, , , , , , ,-0.165,-0.516,-108.353
 09:37:03.615,eb:33:2e:f9:57:b5, 2015-01-01 00:25:40.325,0.01,-0.001,0.995,0,0.061,0, , , , , , ,-0.165,-0.516,-108.353
 09:37:03.615,eb:33:2e:f9:57:b5, 2015-01-01 00:25:40.325,0.011,-0.001,0.995,0,0.122,0, , , , , , ,-0.165,-0.516,-108.353
 09:37:03.615,eb:33:2e:f9:57:b5, 2015-01-01 00:25:40.325,0.012,-0.001,0.995,0,0.061,0, , , , , , ,-0.165,-0.516,-108.353
 09:37:03.615,eb:33:2e:f9:57:b5, 2015-01-01 00:25:40.325,0.012,0,0.995,0,0.122,0.061, , , , , , ,-0.159,-0.516,-108.353
 09:37:03.615,eb:33:2e:f9:57:b5, 2015-01-01 00:25:40.325,0.011,0,0.994,0,0.122,0, , , , , , ,-0.159,-0.516,-108.353
 09:37:03.615,eb:33:2e:f9:57:b5, 2015-01-01 00:25:40.325,0.011,0,0.994,0,0.122,0.061, , , , , , ,-0.159,-0.516,-108.353
 09:37:03.615,eb:33:2e:f9:57:b5, 2015-01-01 00:25:40.325,0.011,0,0.993,0,0.122,0.061, , , , , , ,-0.159,-0.516,-108.353
 09:37:03.660,eb:33:2e:f9:57:b5, 2015-01-01 00:25:40.325,0.01,0,0.993,0,0.122,0.122, , , , , , ,-0.159,-0.516,-108.353
 09:37:03.660,eb:33:2e:f9:57:b5, 2015-01-01 00:25:40.325,0.011,0,0.992,-0.061,0.061,0.061, , , , , , ,-0.159,-0.516,-108.353
 09:37:03.660,eb:33:2e:f9:57:b5, 2015-01-01 00:25:40.325,0.012,0,0.992,0,0.061,0.061, , , , , , ,-0.159,-0.516,-108.353
 09:37:03.660,eb:33:2e:f9:57:b5, 2015-01-01 00:25:40.325,0.012,0,0.992,-0.061,0.061,0.061, , , , , , ,-0.159,-0.516,-108.353
 09:37:03.660,eb:33:2e:f9:57:b5, 2015-01-01 00:25:40.325,0.01,0,0.993,-0.061,0.061,0.061, , , , , , ,-0.159,-0.516,-108.353
 09:37:03.660,eb:33:2e:f9:57:b5, 2015-01-01 00:25:40.325,0.011,0,0.993,-0.061,0.061,0.061, , , , , , ,-0.159,-0.516,-108.353
 09:37:03.660,eb:33:2e:f9:57:b5, 2015-01-01 00:25:40.325,0.011,-0.001,0.994,-0.061,0,0.061, , , , , , ,-0.159,-0.516,-108.353
 09:37:03.660,eb:33:2e:f9:57:b5, 2015-01-01 00:25:40.325,0.011,-0.001,0.994,-0.061,0.061,0.122, , , , , , ,-0.159,-0.516,-108.353
 09:37:03.705,eb:33:2e:f9:57:b5, 2015-01-01 00:25:40.640,0.011,0,0.993,0,0,0.122, , , , , , ,-0.159,-0.516,-108.353
 09:37:03.705,eb:33:2e:f9:57:b5, 2015-01-01 00:25:40.640,0.012,0,0.994,0,0,0.122, , , , , , ,-0.159,-0.516,-108.353
 09:37:03.705,eb:33:2e:f9:57:b5, 2015-01-01 00:25:40.640,0.011,-0.002,0.994,0,0,0.122, , , , , , ,-0.159,-0.516,-108.353
 09:37:03.705,eb:33:2e:f9:57:b5, 2015-01-01 00:25:40.640,0.011,-0.001,0.995,0,0,0.122, , , , , , ,-0.159,-0.516,-108.353
 09:37:03.705,eb:33:2e:f9:57:b5, 2015-01-01 00:25:40.640,0.011,0,0.995,0,0,0.183, , , , , , ,-0.159,-0.516,-108.353
 09:37:03.705,eb:33:2e:f9:57:b5, 2015-01-01 00:25:40.640,0.012,0,0.995,0,0.061,0.122, , , , , , ,-0.159,-0.516,-108.353
 09:37:03.705,eb:33:2e:f9:57:b5, 2015-01-01 00:25:40.640,0.012,0,0.995,0,0.061,0.122, , , , , , ,-0.159,-0.516,-108.353
 09:37:03.705,eb:33:2e:f9:57:b5, 2015-01-01 00:25:40.640,0.012,-0.001,0.994,0,0.122,0.122, , , , , , ,-0.159,-0.516,-108.353
 09:37:03.750,eb:33:2e:f9:57:b5, 2015-01-01 00:25:40.640,0.012,0,0.994,0,0.183,0.183, , , , , , ,-0.159,-0.522,-108.353
 09:37:03.750,eb:33:2e:f9:57:b5, 2015-01-01 00:25:40.640,0.013,0,0.994,0,0.244,0.183, , , , , , ,-0.159,-0.522,-108.353
 09:37:03.750,eb:33:2e:f9:57:b5, 2015-01-01 00:25:40.640,0.012,0,0.994,0,0.244,0.244, , , , , , ,-0.159,-0.522,-108.353
 09:37:03.750,eb:33:2e:f9:57:b5, 2015-01-01 00:25:40.640,0.01,-0.001,0.994,0,0.305,0.183, , , , , , ,-0.159,-0.522,-108.353
 09:37:03.750,eb:33:2e:f9:57:b5, 2015-01-01 00:25:40.640,0.011,-0.001,0.994,0.061,0.305,0.183, , , , , , ,-0.159,-0.522,-108.353
 09:37:03.750,eb:33:2e:f9:57:b5, 2015-01-01 00:25:40.640,0.011,-0.001,0.994,0,0.305,0.183, , , , , , ,-0.159,-0.522,-108.353
 09:37:03.750,eb:33:2e:f9:57:b5, 2015-01-01 00:25:40.640,0.01,-0.001,0.994,0,0.244,0.183, , , , , , ,-0.159,-0.522,-108.353
 09:37:03.750,eb:33:2e:f9:57:b5, 2015-01-01 00:25:40.640,0.01,-0.001,0.994,0.061,0.244,0.122, , , , , , ,-0.159,-0.522,-108.353
 09:37:03.772,eb:33:2e:f9:57:b5, 2015-01-01 00:25:40.640,0.01,-0.001,0.994,0.061,0.183,0.183, , , , , , ,-0.159,-0.522,-108.353
 09:37:03.772,eb:33:2e:f9:57:b5, 2015-01-01 00:25:40.640,0.01,0,0.994,0.061,0.244,0.244, , , , , , ,-0.159,-0.522,-108.353
 09:37:03.772,eb:33:2e:f9:57:b5, 2015-01-01 00:25:40.640,0.011,0,0.995,0.122,0.244,0.183, , , , , , ,-0.159,-0.522,-108.353
 09:37:03.772,eb:33:2e:f9:57:b5, 2015-01-01 00:25:40.640,0.01,-0.001,0.995,0.061,0.305,0.183, , , , , , ,-0.159,-0.522,-108.353
 09:37:03.772,eb:33:2e:f9:57:b5, 2015-01-01 00:25:40.640,0.01,-0.001,0.994,0.122,0.305,0.183, , , , , , ,-0.154,-0.522,-108.353
 09:37:03.772,eb:33:2e:f9:57:b5, 2015-01-01 00:25:40.640,0.011,0,0.994,0.061,0.305,0.183, , , , , , ,-0.154,-0.522,-108.353
 09:37:03.772,eb:33:2e:f9:57:b5, 2015-01-01 00:25:40.640,0.012,0,0.995,0.122,0.305,0.183, , , , , , ,-0.154,-0.522,-108.353
 09:37:03.772,eb:33:2e:f9:57:b5, 2015-01-01 00:25:40.640,0.013,0,0.995,0.061,0.427,0.244, , , , , , ,-0.154,-0.522,-108.353
 09:37:03.817,eb:33:2e:f9:57:b5, 2015-01-01 00:25:40.640,0.013,0,0.994,0.122,0.488,0.244, , , , , , ,-0.154,-0.522,-108.353
 09:37:03.817,eb:33:2e:f9:57:b5, 2015-01-01 00:25:40.640,0.014,-0.001,0.994,0.183,0.549,0.244, , , , , , ,-0.154,-0.522,-108.353
 09:37:03.817,eb:33:2e:f9:57:b5, 2015-01-01 00:25:40.640,0.012,0,0.994,0.122,0.671,0.244, , , , , , ,-0.154,-0.522,-108.353
 09:37:03.817,eb:33:2e:f9:57:b5, 2015-01-01 00:25:40.640,0.009,0,0.992,0.122,0.671,0.183, , , , , , ,-0.154,-0.522,-108.353
 09:37:03.817,eb:33:2e:f9:57:b5, 2015-01-01 00:25:40.640,0.008,0,0.991,0.122,0.549,0.122, , , , , , ,-0.154,-0.522,-108.353
 09:37:03.817,eb:33:2e:f9:57:b5, 2015-01-01 00:25:40.640,0.008,-0.001,0.991,0.122,0.427,0.122, , , , , , ,-0.154,-0.522,-108.353
 09:37:03.817,eb:33:2e:f9:57:b5, 2015-01-01 00:25:40.640,0.01,-0.001,0.992,0.061,0.244,0.183, , , , , , ,-0.154,-0.522,-108.353
 09:37:03.817,eb:33:2e:f9:57:b5, 2015-01-01 00:25:40.640,0.012,0,0.992,0.122,0.122,0.183, , , , , , ,-0.154,-0.522,-108.353
 09:37:03.863,eb:33:2e:f9:57:b5, 2015-01-01 00:25:40.640,0.011,0,0.995,0.122,0.183,0.183, , , , , , ,-0.154,-0.522,-108.353
 09:37:03.863,eb:33:2e:f9:57:b5, 2015-01-01 00:25:40.640,0.009,0,0.994,0.122,0.244,0.183, , , , , , ,-0.154,-0.522,-108.353
 09:37:03.863,eb:33:2e:f9:57:b5, 2015-01-01 00:25:40.640,0.01,0,0.992,0.061,0.183,0.183, , , , , , ,-0.154,-0.522,-108.353
 09:37:03.863,eb:33:2e:f9:57:b5, 2015-01-01 00:25:40.640,0.01,0,0.992,0.122,0.122,0.183, , , , , , ,-0.154,-0.522,-108.353
 09:37:03.863,eb:33:2e:f9:57:b5, 2015-01-01 00:25:40.640,0.012,0,0.993,0.061,0.183,0.122, , , , , , ,-0.154,-0.522,-108.353
 09:37:03.863,eb:33:2e:f9:57:b5, 2015-01-01 00:25:40.640,0.012,0,0.994,0.061,0.244,0.122, , , , , , ,-0.154,-0.522,-108.353
 09:37:03.863,eb:33:2e:f9:57:b5, 2015-01-01 00:25:40.640,0.011,0,0.994,0.061,0.305,0.122, , , , , , ,-0.154,-0.522,-108.353
 09:37:03.863,eb:33:2e:f9:57:b5, 2015-01-01 00:25:40.640,0.011,0,0.994,0.061,0.366,0.061, , , , , , ,-0.154,-0.522,-108.353
 09:37:03.909,eb:33:2e:f9:57:b5, 2015-01-01 00:25:40.640,0.011,0,0.994,0.061,0.427,0.061, , , , , , ,-0.154,-0.527,-108.353
 09:37:03.909,eb:33:2e:f9:57:b5, 2015-01-01 00:25:40.640,0.01,0,0.994,0,0.427,0.122, , , , , , ,-0.154,-0.527,-108.353
 09:37:03.909,eb:33:2e:f9:57:b5, 2015-01-01 00:25:40.640,0.009,0,0.993,0,0.488,0.122, , , , , , ,-0.154,-0.527,-108.353
 09:37:03.909,eb:33:2e:f9:57:b5, 2015-01-01 00:25:40.640,0.01,0,0.993,0.061,0.427,0.061, , , , , , ,-0.154,-0.527,-108.353
 09:37:03.909,eb:33:2e:f9:57:b5, 2015-01-01 00:25:40.640,0.01,-0.001,0.993,0,0.427,0.122, , , , , , ,-0.154,-0.527,-108.353
 09:37:03.909,eb:33:2e:f9:57:b5, 2015-01-01 00:25:40.640,0.012,0,0.993,0.061,0.427,0.061, , , , , , ,-0.154,-0.527,-108.353
 09:37:03.909,eb:33:2e:f9:57:b5, 2015-01-01 00:25:40.640,0.011,0,0.993,0,0.427,0.061, , , , , , ,-0.154,-0.527,-108.353
 09:37:03.909,eb:33:2e:f9:57:b5, 2015-01-01 00:25:40.640,0.01,0,0.994,0,0.488,0.061, , , , , , ,-0.154,-0.527,-108.353
 09:37:03.931,eb:33:2e:f9:57:b5, 2015-01-01 00:25:40.640,0.01,0,0.994,0.061,0.488,0, , , , , , ,-0.154,-0.527,-108.353
 09:37:03.931,eb:33:2e:f9:57:b5, 2015-01-01 00:25:40.640,0.01,0,0.994,0.122,0.488,0, , , , , , ,-0.154,-0.527,-108.353
 09:37:03.931,eb:33:2e:f9:57:b5, 2015-01-01 00:25:40.640,0.01,0,0.993,0.061,0.488,0, , , , , , ,-0.154,-0.527,-108.353
 09:37:03.931,eb:33:2e:f9:57:b5, 2015-01-01 00:25:40.640,0.01,0,0.995,0.061,0.488,0.061, , , , , , ,-0.154,-0.527,-108.353
 09:37:03.931,eb:33:2e:f9:57:b5, 2015-01-01 00:25:40.640,0.009,-0.001,0.994,0.061,0.549,0.061, , , , , , ,-0.148,-0.527,-108.353
 09:37:03.931,eb:33:2e:f9:57:b5, 2015-01-01 00:25:40.640,0.01,-0.001,0.995,0.122,0.488,0.061, , , , , , ,-0.148,-0.527,-108.353
 09:37:03.931,eb:33:2e:f9:57:b5, 2015-01-01 00:25:40.640,0.009,-0.001,0.994,0.122,0.488,0, , , , , , ,-0.148,-0.527,-108.353
 09:37:03.931,eb:33:2e:f9:57:b5, 2015-01-01 00:25:40.640,0.009,0,0.994,0.061,0.549,0.061, , , , , , ,-0.148,-0.527,-108.353
 09:37:03.975,eb:33:2e:f9:57:b5, 2015-01-01 00:25:40.640,0.009,0,0.994,0.061,0.488,0.061, , , , , , ,-0.148,-0.527,-108.353
 09:37:03.975,eb:33:2e:f9:57:b5, 2015-01-01 00:25:40.640,0.009,0,0.993,0.122,0.488,0.061, , , , , , ,-0.148,-0.527,-108.353
 09:37:03.975,eb:33:2e:f9:57:b5, 2015-01-01 00:25:40.640,0.009,-0.001,0.993,0.122,0.427,0.061, , , , , , ,-0.148,-0.527,-108.353
 09:37:03.975,eb:33:2e:f9:57:b5, 2015-01-01 00:25:40.640,0.009,-0.001,0.993,0.061,0.427,0.061, , , , , , ,-0.148,-0.527,-108.353
 09:37:03.975,eb:33:2e:f9:57:b5, 2015-01-01 00:25:40.640,0.009,-0.001,0.994,0.122,0.366,0.061, , , , , , ,-0.148,-0.527,-108.353
 09:37:03.975,eb:33:2e:f9:57:b5, 2015-01-01 00:25:40.640,0.009,0,0.994,0.122,0.366,0.122, , , , , , ,-0.148,-0.527,-108.353
 09:37:03.975,eb:33:2e:f9:57:b5, 2015-01-01 00:25:40.640,0.01,0,0.995,0.122,0.427,0.061, , , , , , ,-0.148,-0.527,-108.353
 09:37:03.975,eb:33:2e:f9:57:b5, 2015-01-01 00:25:40.640,0.009,-0.001,0.995,0.183,0.488,0.122, , , , , , ,-0.148,-0.527,-108.353
 09:37:04.020,eb:33:2e:f9:57:b5, 2015-01-01 00:25:40.930,0.009,-0.001,0.994,0.183,0.488,0.122, , , , , , ,-0.148,-0.527,-108.353
 09:37:04.020,eb:33:2e:f9:57:b5, 2015-01-01 00:25:40.930,0.009,0,0.994,0.244,0.488,0.061, , , , , , ,-0.148,-0.527,-108.353
 09:37:04.020,eb:33:2e:f9:57:b5, 2015-01-01 00:25:40.930,0.009,0,0.993,0.244,0.427,0.061, , , , , , ,-0.148,-0.527,-108.353
 09:37:04.020,eb:33:2e:f9:57:b5, 2015-01-01 00:25:40.930,0.009,0,0.992,0.244,0.305,0.061, , , , , , ,-0.148,-0.527,-108.353
 09:37:04.020,eb:33:2e:f9:57:b5, 2015-01-01 00:25:40.930,0.01,0,0.992,0.244,0.366,0.061, , , , , , ,-0.148,-0.527,-108.353
 09:37:04.020,eb:33:2e:f9:57:b5, 2015-01-01 00:25:40.930,0.009,0,0.993,0.244,0.366,0.061, , , , , , ,-0.148,-0.527,-108.353
 09:37:04.020,eb:33:2e:f9:57:b5, 2015-01-01 00:25:40.930,0.01,0,0.993,0.244,0.366,0.061, , , , , , ,-0.148,-0.527,-108.353
 09:37:04.020,eb:33:2e:f9:57:b5, 2015-01-01 00:25:40.930,0.01,0,0.994,0.244,0.366,0.061, , , , , , ,-0.148,-0.527,-108.353
 09:37:04.065,eb:33:2e:f9:57:b5, 2015-01-01 00:25:40.930,0.009,-0.001,0.993,0.244,0.427,0.061, , , , , , ,-0.148,-0.527,-108.353
 09:37:04.065,eb:33:2e:f9:57:b5, 2015-01-01 00:25:40.930,0.008,-0.001,0.993,0.244,0.366,0, , , , , , ,-0.148,-0.527,-108.353
 09:37:04.065,eb:33:2e:f9:57:b5, 2015-01-01 00:25:40.930,0.009,0,0.993,0.244,0.305,0, , , , , , ,-0.148,-0.527,-108.353
 09:37:04.065,eb:33:2e:f9:57:b5, 2015-01-01 00:25:40.930,0.01,-0.001,0.993,0.183,0.244,0.061, , , , , , ,-0.148,-0.527,-108.353
 09:37:04.065,eb:33:2e:f9:57:b5, 2015-01-01 00:25:40.930,0.01,0,0.993,0.244,0.366,0.061, , , , , , ,-0.148,-0.527,-108.353
 09:37:04.066,eb:33:2e:f9:57:b5, 2015-01-01 00:25:40.930,0.009,0,0.994,0.183,0.427,0.061, , , , , , ,-0.148,-0.527,-108.353
 09:37:04.066,eb:33:2e:f9:57:b5, 2015-01-01 00:25:40.930,0.009,0,0.994,0.183,0.488,0.061, , , , , , ,-0.148,-0.527,-108.353
 09:37:04.066,eb:33:2e:f9:57:b5, 2015-01-01 00:25:40.930,0.009,0,0.993,0.183,0.427,0.061, , , , , , ,-0.148,-0.527,-108.353
 09:37:04.109,eb:33:2e:f9:57:b5, 2015-01-01 00:25:40.930,0.01,0,0.993,0.183,0.427,0, , , , , , ,-0.148,-0.527,-108.347
 09:37:04.109,eb:33:2e:f9:57:b5, 2015-01-01 00:25:40.930,0.008,0,0.993,0.122,0.488,0.061, , , , , , ,-0.148,-0.527,-108.347
 09:37:04.109,eb:33:2e:f9:57:b5, 2015-01-01 00:25:40.930,0.009,0,0.993,0.122,0.427,0.061, , , , , , ,-0.148,-0.527,-108.347
 09:37:04.109,eb:33:2e:f9:57:b5, 2015-01-01 00:25:40.930,0.008,0,0.993,0.122,0.427,0.061, , , , , , ,-0.148,-0.527,-108.347
 09:37:04.109,eb:33:2e:f9:57:b5, 2015-01-01 00:25:40.930,0.009,0,0.993,0.122,0.366,0.061, , , , , , ,-0.148,-0.527,-108.347
 09:37:04.109,eb:33:2e:f9:57:b5, 2015-01-01 00:25:40.930,0.009,0,0.994,0.122,0.427,0, , , , , , ,-0.148,-0.527,-108.347
 09:37:04.109,eb:33:2e:f9:57:b5, 2015-01-01 00:25:40.930,0.008,0,0.994,0.122,0.366,0.061, , , , , , ,-0.148,-0.527,-108.347
 09:37:04.109,eb:33:2e:f9:57:b5, 2015-01-01 00:25:40.930,0.009,0,0.993,0.061,0.427,0, , , , , , ,-0.148,-0.527,-108.347
 09:37:04.156,eb:33:2e:f9:57:b5, 2015-01-01 00:25:40.930,0.01,0,0.993,0.061,0.427,0, , , , , , ,-0.143,-0.527,-108.347
 09:37:04.156,eb:33:2e:f9:57:b5, 2015-01-01 00:25:40.930,0.009,0,0.994,0.122,0.427,0, , , , , , ,-0.143,-0.527,-108.347
 09:37:04.156,eb:33:2e:f9:57:b5, 2015-01-01 00:25:40.930,0.008,0,0.994,0.122,0.366,0, , , , , , ,-0.143,-0.527,-108.347
 09:37:04.156,eb:33:2e:f9:57:b5, 2015-01-01 00:25:40.930,0.008,0,0.994,0.122,0.366,0, , , , , , ,-0.143,-0.527,-108.347
 09:37:04.156,eb:33:2e:f9:57:b5, 2015-01-01 00:25:40.930,0.008,0,0.993,0.122,0.366,0, , , , , , ,-0.143,-0.527,-108.347
 09:37:04.156,eb:33:2e:f9:57:b5, 2015-01-01 00:25:40.930,0.009,0,0.993,0.122,0.366,0, , , , , , ,-0.143,-0.527,-108.347
 09:37:04.156,eb:33:2e:f9:57:b5, 2015-01-01 00:25:40.930,0.009,0,0.994,0.183,0.366,-0.061, , , , , , ,-0.143,-0.527,-108.347
 09:37:04.156,eb:33:2e:f9:57:b5, 2015-01-01 00:25:40.930,0.009,0,0.994,0.183,0.427,-0.061, , , , , , ,-0.143,-0.527,-108.347
 09:37:04.178,eb:33:2e:f9:57:b5, 2015-01-01 00:25:40.930,0.008,0,0.994,0.183,0.427,-0.061, , , , , , ,-0.143,-0.527,-108.347
 09:37:04.178,eb:33:2e:f9:57:b5, 2015-01-01 00:25:40.930,0.007,-0.001,0.994,0.244,0.427,0, , , , , , ,-0.143,-0.527,-108.347
 09:37:04.178,eb:33:2e:f9:57:b5, 2015-01-01 00:25:40.930,0.007,-0.001,0.995,0.244,0.488,0, , , , , , ,-0.143,-0.527,-108.347
 09:37:04.178,eb:33:2e:f9:57:b5, 2015-01-01 00:25:40.930,0.007,-0.001,0.994,0.183,0.488,0, , , , , , ,-0.143,-0.527,-108.347
 09:37:04.178,eb:33:2e:f9:57:b5, 2015-01-01 00:25:40.930,0.008,0,0.994,0.244,0.488,0, , , , , , ,-0.143,-0.527,-108.347
 09:37:04.178,eb:33:2e:f9:57:b5, 2015-01-01 00:25:40.930,0.008,0,0.993,0.244,0.488,0, , , , , , ,-0.143,-0.527,-108.347
 09:37:04.178,eb:33:2e:f9:57:b5, 2015-01-01 00:25:40.930,0.008,0,0.993,0.244,0.427,0, , , , , , ,-0.143,-0.527,-108.347
 09:37:04.178,eb:33:2e:f9:57:b5, 2015-01-01 00:25:40.930,0.009,-0.001,0.993,0.183,0.427,0, , , , , , ,-0.143,-0.527,-108.347
 09:37:04.224,eb:33:2e:f9:57:b5, 2015-01-01 00:25:40.930,0.008,-0.001,0.994,0.244,0.366,0, , , , , , ,-0.143,-0.527,-108.347
 09:37:04.224,eb:33:2e:f9:57:b5, 2015-01-01 00:25:40.930,0.008,-0.001,0.994,0.244,0.366,0, , , , , , ,-0.143,-0.527,-108.347
 09:37:04.224,eb:33:2e:f9:57:b5, 2015-01-01 00:25:40.930,0.008,0,0.994,0.244,0.366,0.061, , , , , , ,-0.143,-0.527,-108.347
 09:37:04.224,eb:33:2e:f9:57:b5, 2015-01-01 00:25:40.930,0.008,-0.001,0.994,0.244,0.305,0, , , , , , ,-0.143,-0.527,-108.347
 09:37:04.224,eb:33:2e:f9:57:b5, 2015-01-01 00:25:40.930,0.008,-0.001,0.994,0.305,0.305,0.061, , , , , , ,-0.143,-0.527,-108.347
 09:37:04.224,eb:33:2e:f9:57:b5, 2015-01-01 00:25:40.930,0.008,-0.001,0.994,0.305,0.244,0, , , , , , ,-0.143,-0.527,-108.347
 09:37:04.224,eb:33:2e:f9:57:b5, 2015-01-01 00:25:40.930,0.008,0,0.994,0.366,0.244,0, , , , , , ,-0.143,-0.527,-108.347
 09:37:04.224,eb:33:2e:f9:57:b5, 2015-01-01 00:25:40.930,0.009,0,0.994,0.366,0.305,0, , , , , , ,-0.143,-0.527,-108.347
 09:37:04.267,eb:33:2e:f9:57:b5, 2015-01-01 00:25:40.930,0.009,0,0.994,0.305,0.366,0, , , , , , ,-0.143,-0.527,-108.347
 09:37:04.267,eb:33:2e:f9:57:b5, 2015-01-01 00:25:40.930,0.008,0,0.993,0.305,0.305,0, , , , , , ,-0.143,-0.527,-108.347
 09:37:04.267,eb:33:2e:f9:57:b5, 2015-01-01 00:25:40.930,0.008,0,0.993,0.305,0.305,0, , , , , , ,-0.143,-0.527,-108.347
 09:37:04.267,eb:33:2e:f9:57:b5, 2015-01-01 00:25:40.930,0.008,0,0.993,0.305,0.366,0, , , , , , ,-0.143,-0.527,-108.347
 09:37:04.267,eb:33:2e:f9:57:b5, 2015-01-01 00:25:40.930,0.007,0,0.993,0.305,0.305,-0.061, , , , , , ,-0.143,-0.527,-108.347
 09:37:04.267,eb:33:2e:f9:57:b5, 2015-01-01 00:25:40.930,0.007,0,0.993,0.366,0.366,0, , , , , , ,-0.143,-0.527,-108.347
 09:37:04.267,eb:33:2e:f9:57:b5, 2015-01-01 00:25:40.930,0.007,0,0.994,0.427,0.366,0, , , , , , ,-0.143,-0.527,-108.347
 09:37:04.267,eb:33:2e:f9:57:b5, 2015-01-01 00:25:40.930,0.006,0,0.993,0.366,0.183,0, , , , , , ,-0.143,-0.527,-108.347
 09:37:04.313,eb:33:2e:f9:57:b5, 2015-01-01 00:25:41.240,0.007,0,0.994,0.366,0.183,-0.061, , , , , , ,-0.143,-0.527,-108.347
 09:37:04.313,eb:33:2e:f9:57:b5, 2015-01-01 00:25:41.240,0.009,-0.001,0.994,0.427,0.122,0, , , , , , ,-0.143,-0.527,-108.347
 09:37:04.313,eb:33:2e:f9:57:b5, 2015-01-01 00:25:41.240,0.008,0,0.994,0.427,0.122,0.061, , , , , , ,-0.143,-0.527,-108.347
 09:37:04.313,eb:33:2e:f9:57:b5, 2015-01-01 00:25:41.240,0.008,0,0.995,0.488,0.183,0.061, , , , , , ,-0.143,-0.527,-108.347
 09:37:04.313,eb:33:2e:f9:57:b5, 2015-01-01 00:25:41.240,0.008,0,0.994,0.488,0.244,0, , , , , , ,-0.137,-0.527,-108.347
 09:37:04.313,eb:33:2e:f9:57:b5, 2015-01-01 00:25:41.240,0.008,0,0.994,0.488,0.244,0, , , , , , ,-0.137,-0.527,-108.347
 09:37:04.313,eb:33:2e:f9:57:b5, 2015-01-01 00:25:41.240,0.006,0,0.993,0.488,0.305,0.061, , , , , , ,-0.137,-0.527,-108.347
 09:37:04.313,eb:33:2e:f9:57:b5, 2015-01-01 00:25:41.240,0.007,0,0.994,0.488,0.244,0.061, , , , , , ,-0.137,-0.527,-108.347
 09:37:04.335,eb:33:2e:f9:57:b5, 2015-01-01 00:25:41.240,0.008,-0.001,0.994,0.549,0.305,0.061, , , , , , ,-0.137,-0.527,-108.347
 09:37:04.335,eb:33:2e:f9:57:b5, 2015-01-01 00:25:41.240,0.008,0,0.995,0.61,0.305,0.061, , , , , , ,-0.137,-0.527,-108.347
 09:37:04.335,eb:33:2e:f9:57:b5, 2015-01-01 00:25:41.240,0.007,0,0.995,0.61,0.305,0.061, , , , , , ,-0.137,-0.527,-108.347
 09:37:04.335,eb:33:2e:f9:57:b5, 2015-01-01 00:25:41.240,0.008,0,0.995,0.61,0.305,0.122, , , , , , ,-0.137,-0.527,-108.347
 09:37:04.335,eb:33:2e:f9:57:b5, 2015-01-01 00:25:41.240,0.008,0,0.995,0.671,0.427,0.122, , , , , , ,-0.137,-0.527,-108.347
 09:37:04.335,eb:33:2e:f9:57:b5, 2015-01-01 00:25:41.240,0.008,-0.001,0.996,0.671,0.549,0.122, , , , , , ,-0.137,-0.527,-108.347
 09:37:04.335,eb:33:2e:f9:57:b5, 2015-01-01 00:25:41.240,0.005,-0.002,0.995,0.671,0.61,0.183, , , , , , ,-0.137,-0.527,-108.347
 09:37:04.335,eb:33:2e:f9:57:b5, 2015-01-01 00:25:41.240,0.012,-0.007,1,0.916,0.61,0.244, , , , , , ,-0.137,-0.527,-108.347
 09:37:04.380,eb:33:2e:f9:57:b5, 2015-01-01 00:25:41.240,0.008,0,0.999,0.977,0.793,0.305, , , , , , ,-0.137,-0.527,-108.347
 09:37:04.380,eb:33:2e:f9:57:b5, 2015-01-01 00:25:41.240,0.003,0.005,0.992,0.916,0.671,0.061, , , , , , ,-0.137,-0.527,-108.347
 09:37:04.380,eb:33:2e:f9:57:b5, 2015-01-01 00:25:41.240,0.004,0.001,0.989,0.854,0.61,0.183, , , , , , ,-0.137,-0.527,-108.347
 09:37:04.380,eb:33:2e:f9:57:b5, 2015-01-01 00:25:41.240,0.007,0.003,0.989,0.671,0.244,0.061, , , , , , ,-0.137,-0.527,-108.347
 09:37:04.380,eb:33:2e:f9:57:b5, 2015-01-01 00:25:41.240,0.006,0.002,0.991,0.671,0.244,0, , , , , , ,-0.137,-0.527,-108.347
 09:37:04.380,eb:33:2e:f9:57:b5, 2015-01-01 00:25:41.240,0.008,0,0.992,0.671,0.061,0.061, , , , , , ,-0.137,-0.527,-108.347
 09:37:04.380,eb:33:2e:f9:57:b5, 2015-01-01 00:25:41.240,0.008,0,0.994,0.732,0.061,0.061, , , , , , ,-0.137,-0.527,-108.347
 09:37:04.380,eb:33:2e:f9:57:b5, 2015-01-01 00:25:41.240,0.008,0,0.995,0.732,0.183,0.061, , , , , , ,-0.137,-0.527,-108.347
 09:37:04.426,eb:33:2e:f9:57:b5, 2015-01-01 00:25:41.240,0.007,0.002,0.994,0.671,0.183,0, , , , , , ,-0.137,-0.522,-108.347
 09:37:04.426,eb:33:2e:f9:57:b5, 2015-01-01 00:25:41.240,0.008,0.001,0.993,0.671,0.244,0, , , , , , ,-0.137,-0.522,-108.347
 09:37:04.426,eb:33:2e:f9:57:b5, 2015-01-01 00:25:41.240,0.009,0.002,0.994,0.671,0.305,0, , , , , , ,-0.137,-0.522,-108.347
 09:37:04.426,eb:33:2e:f9:57:b5, 2015-01-01 00:25:41.240,0.009,0.001,0.994,0.61,0.366,0, , , , , , ,-0.137,-0.522,-108.347
 09:37:04.426,eb:33:2e:f9:57:b5, 2015-01-01 00:25:41.240,0.006,0.002,0.993,0.61,0.427,0, , , , , , ,-0.137,-0.522,-108.347
 09:37:04.426,eb:33:2e:f9:57:b5, 2015-01-01 00:25:41.240,0.005,0.001,0.993,0.61,0.366,0, , , , , , ,-0.137,-0.522,-108.347
 09:37:04.426,eb:33:2e:f9:57:b5, 2015-01-01 00:25:41.240,0.006,0.001,0.993,0.61,0.305,0, , , , , , ,-0.137,-0.522,-108.347
 09:37:04.426,eb:33:2e:f9:57:b5, 2015-01-01 00:25:41.240,0.007,0,0.995,0.61,0.305,0.061, , , , , , ,-0.137,-0.522,-108.347
 09:37:04.470,eb:33:2e:f9:57:b5, 2015-01-01 00:25:41.240,0.006,0,0.995,0.671,0.366,0.061, , , , , , ,-0.132,-0.522,-108.347
 09:37:04.470,eb:33:2e:f9:57:b5, 2015-01-01 00:25:41.240,0.006,0.001,0.994,0.671,0.244,0, , , , , , ,-0.132,-0.522,-108.347
 09:37:04.470,eb:33:2e:f9:57:b5, 2015-01-01 00:25:41.240,0.005,0.002,0.993,0.671,0.244,0, , , , , , ,-0.132,-0.522,-108.347
 09:37:04.470,eb:33:2e:f9:57:b5, 2015-01-01 00:25:41.240,0.005,0.001,0.993,0.671,0.183,0, , , , , , ,-0.132,-0.522,-108.347
 09:37:04.470,eb:33:2e:f9:57:b5, 2015-01-01 00:25:41.240,0.007,0.002,0.994,0.732,0.183,0.061, , , , , , ,-0.132,-0.522,-108.347
 09:37:04.470,eb:33:2e:f9:57:b5, 2015-01-01 00:25:41.240,0.007,0.001,0.995,0.671,0.122,0.061, , , , , , ,-0.132,-0.522,-108.347
 09:37:04.470,eb:33:2e:f9:57:b5, 2015-01-01 00:25:41.240,0.008,0.002,0.995,0.61,0.122,0.061, , , , , , ,-0.132,-0.522,-108.347
 09:37:04.470,eb:33:2e:f9:57:b5, 2015-01-01 00:25:41.240,0.007,0.002,0.995,0.61,0.244,0.122, , , , , , ,-0.132,-0.522,-108.347
 09:37:04.516,eb:33:2e:f9:57:b5, 2015-01-01 00:25:41.240,0.007,0.002,0.995,0.671,0.305,0.061, , , , , , ,-0.132,-0.522,-108.347
 09:37:04.516,eb:33:2e:f9:57:b5, 2015-01-01 00:25:41.240,0.007,0.001,0.994,0.671,0.305,0.061, , , , , , ,-0.132,-0.522,-108.347
 09:37:04.516,eb:33:2e:f9:57:b5, 2015-01-01 00:25:41.240,0.006,0.002,0.994,0.61,0.305,0.061, , , , , , ,-0.132,-0.522,-108.347
 09:37:04.516,eb:33:2e:f9:57:b5, 2015-01-01 00:25:41.240,0.006,0.002,0.992,0.549,0.244,0, , , , , , ,-0.132,-0.522,-108.347
 09:37:04.516,eb:33:2e:f9:57:b5, 2015-01-01 00:25:41.240,0.005,0.002,0.992,0.549,0.305,0, , , , , , ,-0.132,-0.522,-108.347
 09:37:04.516,eb:33:2e:f9:57:b5, 2015-01-01 00:25:41.240,0.006,0.002,0.992,0.549,0.183,0, , , , , , ,-0.132,-0.522,-108.347
 09:37:04.516,eb:33:2e:f9:57:b5, 2015-01-01 00:25:41.240,0.007,0.002,0.993,0.549,0.122,0, , , , , , ,-0.132,-0.522,-108.347
 09:37:04.516,eb:33:2e:f9:57:b5, 2015-01-01 00:25:41.240,0.007,0.002,0.994,0.488,0.183,0, , , , , , ,-0.132,-0.522,-108.347
 09:37:04.538,eb:33:2e:f9:57:b5, 2015-01-01 00:25:41.240,0.007,0.003,0.993,0.427,0.183,-0.122, , , , , , ,-0.132,-0.522,-108.347
 09:37:04.538,eb:33:2e:f9:57:b5, 2015-01-01 00:25:41.240,0.007,0.002,0.993,0.427,0.183,-0.061, , , , , , ,-0.132,-0.522,-108.347
 09:37:04.538,eb:33:2e:f9:57:b5, 2015-01-01 00:25:41.240,0.006,0.002,0.992,0.427,0.183,0, , , , , , ,-0.132,-0.522,-108.347
 09:37:04.538,eb:33:2e:f9:57:b5, 2015-01-01 00:25:41.240,0.007,0.003,0.993,0.305,0.244,0, , , , , , ,-0.132,-0.522,-108.347
 09:37:04.538,eb:33:2e:f9:57:b5, 2015-01-01 00:25:41.240,0.006,0.003,0.992,0.305,0.244,0, , , , , , ,-0.126,-0.522,-108.342
 09:37:04.538,eb:33:2e:f9:57:b5, 2015-01-01 00:25:41.240,0.006,0.002,0.992,0.244,0.244,0, , , , , , ,-0.126,-0.522,-108.342
 09:37:04.538,eb:33:2e:f9:57:b5, 2015-01-01 00:25:41.240,0.006,0.001,0.992,0.244,0.122,0, , , , , , ,-0.126,-0.522,-108.342
 09:37:04.538,eb:33:2e:f9:57:b5, 2015-01-01 00:25:41.240,0.007,0.001,0.993,0.183,0.183,0, , , , , , ,-0.126,-0.522,-108.342
 09:37:04.583,eb:33:2e:f9:57:b5, 2015-01-01 00:25:41.240,0.007,0.001,0.994,0.183,0.183,0, , , , , , ,-0.126,-0.522,-108.342
 09:37:04.583,eb:33:2e:f9:57:b5, 2015-01-01 00:25:41.240,0.006,0.002,0.994,0.183,0.183,0.061, , , , , , ,-0.126,-0.522,-108.342
 09:37:04.583,eb:33:2e:f9:57:b5, 2015-01-01 00:25:41.240,0.005,0.003,0.993,0.183,0.183,0.061, , , , , , ,-0.126,-0.522,-108.342
 09:37:04.583,eb:33:2e:f9:57:b5, 2015-01-01 00:25:41.240,0.004,0.003,0.993,0.183,0.122,0, , , , , , ,-0.126,-0.522,-108.342
 09:37:04.583,eb:33:2e:f9:57:b5, 2015-01-01 00:25:41.240,0.006,0.002,0.992,0.122,0.061,0, , , , , , ,-0.126,-0.516,-108.342
 09:37:04.583,eb:33:2e:f9:57:b5, 2015-01-01 00:25:41.240,0.007,0.002,0.992,0.183,0,0, , , , , , ,-0.126,-0.516,-108.342
 09:37:04.583,eb:33:2e:f9:57:b5, 2015-01-01 00:25:41.240,0.008,0.003,0.993,0.122,0.061,0.061, , , , , , ,-0.126,-0.516,-108.342
 09:37:04.583,eb:33:2e:f9:57:b5, 2015-01-01 00:25:41.240,0.007,0.003,0.994,0.061,0.061,0, , , , , , ,-0.126,-0.516,-108.342
 09:37:04.627,eb:33:2e:f9:57:b5, 2015-01-01 00:25:41.530,0.006,0.002,0.993,0.061,0,0, , , , , , ,-0.121,-0.516,-108.342
 09:37:04.627,eb:33:2e:f9:57:b5, 2015-01-01 00:25:41.530,0.006,0.002,0.993,0.061,0.061,0, , , , , , ,-0.121,-0.516,-108.342
 09:37:04.627,eb:33:2e:f9:57:b5, 2015-01-01 00:25:41.530,0.007,0.001,0.994,0.061,0.061,0, , , , , , ,-0.126,-0.516,-108.342
 09:37:04.627,eb:33:2e:f9:57:b5, 2015-01-01 00:25:41.530,0.007,0.002,0.994,0.061,0,0, , , , , , ,-0.126,-0.516,-108.342
 09:37:04.627,eb:33:2e:f9:57:b5, 2015-01-01 00:25:41.530,0.006,0.002,0.994,0.061,0,0, , , , , , ,-0.121,-0.516,-108.342
 09:37:04.627,eb:33:2e:f9:57:b5, 2015-01-01 00:25:41.530,0.007,0.002,0.994,0.122,0.061,0, , , , , , ,-0.121,-0.516,-108.342
 09:37:04.627,eb:33:2e:f9:57:b5, 2015-01-01 00:25:41.530,0.007,0.002,0.994,0.122,0.122,0, , , , , , ,-0.121,-0.516,-108.342
 09:37:04.627,eb:33:2e:f9:57:b5, 2015-01-01 00:25:41.530,0.006,0.001,0.994,0.122,0.061,0, , , , , , ,-0.121,-0.516,-108.342
 09:37:04.673,eb:33:2e:f9:57:b5, 2015-01-01 00:25:41.530,0.005,0,0.995,0.122,0.061,0, , , , , , ,-0.121,-0.516,-108.342
 09:37:04.673,eb:33:2e:f9:57:b5, 2015-01-01 00:25:41.530,0.007,0.001,0.994,0.183,0,0, , , , , , ,-0.121,-0.516,-108.342
 09:37:04.673,eb:33:2e:f9:57:b5, 2015-01-01 00:25:41.530,0.006,0,0.995,0.244,0.061,0.061, , , , , , ,-0.121,-0.516,-108.342
 09:37:04.673,eb:33:2e:f9:57:b5, 2015-01-01 00:25:41.530,0.007,0.001,0.995,0.183,0.061,0.061, , , , , , ,-0.121,-0.516,-108.342
 09:37:04.673,eb:33:2e:f9:57:b5, 2015-01-01 00:25:41.530,0.005,0.001,0.995,0.244,0.122,0.061, , , , , , ,-0.121,-0.516,-108.342
 09:37:04.673,eb:33:2e:f9:57:b5, 2015-01-01 00:25:41.530,0.005,0.002,0.993,0.244,0.122,0.061, , , , , , ,-0.121,-0.516,-108.342
 09:37:04.673,eb:33:2e:f9:57:b5, 2015-01-01 00:25:41.530,0.006,0.001,0.993,0.244,0.061,0.061, , , , , , ,-0.121,-0.516,-108.342
 09:37:04.673,eb:33:2e:f9:57:b5, 2015-01-01 00:25:41.530,0.006,0.001,0.994,0.305,0,0, , , , , , ,-0.121,-0.516,-108.342
 09:37:04.719,eb:33:2e:f9:57:b5, 2015-01-01 00:25:41.530,0.007,0.002,0.993,0.244,0,0.061, , , , , , ,-0.121,-0.516,-108.342
 09:37:04.719,eb:33:2e:f9:57:b5, 2015-01-01 00:25:41.530,0.008,0.002,0.994,0.244,0,0.061, , , , , , ,-0.121,-0.516,-108.342
 09:37:04.719,eb:33:2e:f9:57:b5, 2015-01-01 00:25:41.530,0.006,0.003,0.995,0.305,0.122,0.061, , , , , , ,-0.121,-0.516,-108.342
 09:37:04.719,eb:33:2e:f9:57:b5, 2015-01-01 00:25:41.530,0.006,0.002,0.993,0.244,0.061,0.122, , , , , , ,-0.121,-0.516,-108.342
 09:37:04.719,eb:33:2e:f9:57:b5, 2015-01-01 00:25:41.530,0.006,0.002,0.993,0.244,0,0.061, , , , , , ,-0.115,-0.516,-108.342
 09:37:04.719,eb:33:2e:f9:57:b5, 2015-01-01 00:25:41.530,0.007,0.002,0.993,0.244,0,0, , , , , , ,-0.115,-0.516,-108.342
 09:37:04.719,eb:33:2e:f9:57:b5, 2015-01-01 00:25:41.530,0.007,0.001,0.995,0.305,0,0.061, , , , , , ,-0.115,-0.516,-108.342
 09:37:04.720,eb:33:2e:f9:57:b5, 2015-01-01 00:25:41.530,0.007,0.003,0.994,0.244,0,0, , , , , , ,-0.115,-0.516,-108.342
 09:37:04.739,eb:33:2e:f9:57:b5, 2015-01-01 00:25:41.530,0.007,0.003,0.994,0.244,0.061,0.061, , , , , , ,-0.115,-0.511,-108.342
 09:37:04.739,eb:33:2e:f9:57:b5, 2015-01-01 00:25:41.530,0.005,0.003,0.993,0.244,0,0.061, , , , , , ,-0.115,-0.511,-108.342
 09:37:04.739,eb:33:2e:f9:57:b5, 2015-01-01 00:25:41.530,0.007,0.003,0.993,0.305,0,0.061, , , , , , ,-0.115,-0.511,-108.342
 09:37:04.739,eb:33:2e:f9:57:b5, 2015-01-01 00:25:41.530,0.007,0.003,0.994,0.183,0,0.061, , , , , , ,-0.115,-0.511,-108.342
 09:37:04.739,eb:33:2e:f9:57:b5, 2015-01-01 00:25:41.530,0.008,0.003,0.994,0.183,0.061,0, , , , , , ,-0.115,-0.511,-108.342
 09:37:04.741,eb:33:2e:f9:57:b5, 2015-01-01 00:25:41.530,0.007,0.003,0.994,0.183,0.122,0, , , , , , ,-0.115,-0.511,-108.342
 09:37:04.741,eb:33:2e:f9:57:b5, 2015-01-01 00:25:41.530,0.005,0.002,0.993,0.122,0.183,0, , , , , , ,-0.115,-0.511,-108.342
 09:37:04.743,eb:33:2e:f9:57:b5, 2015-01-01 00:25:41.530,0.007,0.002,0.991,0.122,0.122,0, , , , , , ,-0.115,-0.511,-108.342
 09:37:04.787,eb:33:2e:f9:57:b5, 2015-01-01 00:25:41.530,0.008,0.003,0.993,0.122,0.122,0, , , , , , ,-0.11,-0.511,-108.342
 09:37:04.787,eb:33:2e:f9:57:b5, 2015-01-01 00:25:41.530,0.007,0.003,0.993,0.122,0.183,0, , , , , , ,-0.11,-0.511,-108.342
 09:37:04.787,eb:33:2e:f9:57:b5, 2015-01-01 00:25:41.530,0.006,0.002,0.994,0.061,0.183,0, , , , , , ,-0.115,-0.511,-108.342
 09:37:04.787,eb:33:2e:f9:57:b5, 2015-01-01 00:25:41.530,0.006,0.002,0.994,0.061,0.183,0.061, , , , , , ,-0.115,-0.511,-108.342
 09:37:04.787,eb:33:2e:f9:57:b5, 2015-01-01 00:25:41.530,0.005,0.003,0.993,0.061,0.183,0, , , , , , ,-0.11,-0.511,-108.342
 09:37:04.787,eb:33:2e:f9:57:b5, 2015-01-01 00:25:41.530,0.005,0.003,0.992,0.061,0.122,0, , , , , , ,-0.11,-0.511,-108.342
 09:37:04.787,eb:33:2e:f9:57:b5, 2015-01-01 00:25:41.530,0.007,0.002,0.993,0.061,0.061,0, , , , , , ,-0.11,-0.511,-108.342
 09:37:04.787,eb:33:2e:f9:57:b5, 2015-01-01 00:25:41.530,0.008,0.002,0.995,0.122,0.061,-0.061, , , , , , ,-0.11,-0.511,-108.342
 09:37:04.831,eb:33:2e:f9:57:b5, 2015-01-01 00:25:41.530,0.006,0.002,0.995,0.122,0.122,0, , , , , , ,-0.11,-0.511,-108.342
 09:37:04.831,eb:33:2e:f9:57:b5, 2015-01-01 00:25:41.530,0.005,0.002,0.994,0.122,0.122,0, , , , , , ,-0.11,-0.511,-108.342
 09:37:04.831,eb:33:2e:f9:57:b5, 2015-01-01 00:25:41.530,0.006,0.001,0.996,0.183,0.061,0, , , , , , ,-0.11,-0.511,-108.342
 09:37:04.831,eb:33:2e:f9:57:b5, 2015-01-01 00:25:41.530,0.007,0,0.996,0.244,0,0, , , , , , ,-0.11,-0.511,-108.342
 09:37:04.831,eb:33:2e:f9:57:b5, 2015-01-01 00:25:41.530,0.007,0.001,0.996,0.244,0.122,0, , , , , , ,-0.11,-0.511,-108.336
 09:37:04.831,eb:33:2e:f9:57:b5, 2015-01-01 00:25:41.530,0.007,0.003,0.995,0.244,0.061,0, , , , , , ,-0.11,-0.511,-108.336
 09:37:04.831,eb:33:2e:f9:57:b5, 2015-01-01 00:25:41.530,0.007,0.003,0.994,0.305,0.183,0, , , , , , ,-0.11,-0.511,-108.336
 09:37:04.831,eb:33:2e:f9:57:b5, 2015-01-01 00:25:41.530,0.006,0.003,0.993,0.244,0.122,0, , , , , , ,-0.11,-0.511,-108.336
 09:37:04.876,eb:33:2e:f9:57:b5, 2015-01-01 00:25:41.530,0.006,0.002,0.993,0.244,0.061,0, , , , , , ,-0.104,-0.511,-108.336
 09:37:04.876,eb:33:2e:f9:57:b5, 2015-01-01 00:25:41.530,0.007,0.002,0.993,0.244,0.061,-0.061, , , , , , ,-0.104,-0.511,-108.336
 09:37:04.876,eb:33:2e:f9:57:b5, 2015-01-01 00:25:41.530,0.007,0.002,0.994,0.244,0.122,0, , , , , , ,-0.104,-0.511,-108.336
 09:37:04.876,eb:33:2e:f9:57:b5, 2015-01-01 00:25:41.530,0.007,0.002,0.994,0.305,0.122,-0.061, , , , , , ,-0.104,-0.511,-108.336
 09:37:04.876,eb:33:2e:f9:57:b5, 2015-01-01 00:25:41.530,0.006,0.003,0.994,0.305,0.183,-0.061, , , , , , ,-0.104,-0.511,-108.336
 09:37:04.876,eb:33:2e:f9:57:b5, 2015-01-01 00:25:41.530,0.006,0.003,0.994,0.305,0.183,0, , , , , , ,-0.104,-0.511,-108.336
 09:37:04.876,eb:33:2e:f9:57:b5, 2015-01-01 00:25:41.530,0.006,0.002,0.994,0.305,0.305,-0.061, , , , , , ,-0.104,-0.511,-108.336
 09:37:04.876,eb:33:2e:f9:57:b5, 2015-01-01 00:25:41.530,0.006,0.002,0.994,0.305,0.305,-0.061, , , , , , ,-0.104,-0.511,-108.336
 09:37:04.897,eb:33:2e:f9:57:b5, 2015-01-01 00:25:41.845,0.006,0.002,0.994,0.305,0.244,-0.061, , , , , , ,-0.104,-0.505,-108.336
 09:37:04.897,eb:33:2e:f9:57:b5, 2015-01-01 00:25:41.845,0.005,0.002,0.994,0.305,0.244,0, , , , , , ,-0.104,-0.505,-108.336
 09:37:04.897,eb:33:2e:f9:57:b5, 2015-01-01 00:25:41.845,0.005,0.002,0.994,0.305,0.244,-0.122, , , , , , ,-0.104,-0.505,-108.336
 09:37:04.897,eb:33:2e:f9:57:b5, 2015-01-01 00:25:41.845,0.005,0.002,0.994,0.305,0.122,-0.061, , , , , , ,-0.104,-0.505,-108.336
 09:37:04.897,eb:33:2e:f9:57:b5, 2015-01-01 00:25:41.845,0.006,0.001,0.995,0.366,0.061,0, , , , , , ,-0.104,-0.505,-108.336
 09:37:04.897,eb:33:2e:f9:57:b5, 2015-01-01 00:25:41.845,0.007,0.003,0.995,0.366,0.061,0, , , , , , ,-0.104,-0.505,-108.336
 09:37:04.897,eb:33:2e:f9:57:b5, 2015-01-01 00:25:41.845,0.006,0.003,0.994,0.366,0.061,-0.061, , , , , , ,-0.104,-0.505,-108.336
 09:37:04.898,eb:33:2e:f9:57:b5, 2015-01-01 00:25:41.845,0.006,0.002,0.993,0.366,0.061,0, , , , , , ,-0.104,-0.505,-108.336
 09:37:04.943,eb:33:2e:f9:57:b5, 2015-01-01 00:25:41.845,0.007,0.003,0.993,0.366,0,0, , , , , , ,-0.099,-0.505,-108.336
 09:37:04.943,eb:33:2e:f9:57:b5, 2015-01-01 00:25:41.845,0.006,0.003,0.993,0.305,0.061,0, , , , , , ,-0.099,-0.505,-108.336
 09:37:04.943,eb:33:2e:f9:57:b5, 2015-01-01 00:25:41.845,0.007,0.003,0.994,0.366,0.122,0, , , , , , ,-0.099,-0.505,-108.336
 09:37:04.943,eb:33:2e:f9:57:b5, 2015-01-01 00:25:41.845,0.006,0.003,0.994,0.305,0.122,0, , , , , , ,-0.099,-0.505,-108.336
 09:37:04.943,eb:33:2e:f9:57:b5, 2015-01-01 00:25:41.845,0.006,0.003,0.993,0.183,0.122,0, , , , , , ,-0.099,-0.505,-108.336
 09:37:04.943,eb:33:2e:f9:57:b5, 2015-01-01 00:25:41.845,0.006,0.004,0.992,0.183,0.183,0, , , , , , ,-0.099,-0.505,-108.336
 09:37:04.943,eb:33:2e:f9:57:b5, 2015-01-01 00:25:41.845,0.006,0.003,0.992,0.122,0.244,0, , , , , , ,-0.099,-0.505,-108.336
 09:37:04.943,eb:33:2e:f9:57:b5, 2015-01-01 00:25:41.845,0.007,0.003,0.992,0.061,0.183,0, , , , , , ,-0.099,-0.505,-108.336
 09:37:04.987,eb:33:2e:f9:57:b5, 2015-01-01 00:25:41.845,0.006,0.004,0.992,0,0.244,0, , , , , , ,-0.099,-0.505,-108.336
 09:37:04.987,eb:33:2e:f9:57:b5, 2015-01-01 00:25:41.845,0.005,0.003,0.992,0,0.244,0, , , , , , ,-0.099,-0.505,-108.336
 09:37:04.987,eb:33:2e:f9:57:b5, 2015-01-01 00:25:41.845,0.006,0.003,0.992,-0.061,0.244,0, , , , , , ,-0.099,-0.505,-108.336
 09:37:04.987,eb:33:2e:f9:57:b5, 2015-01-01 00:25:41.845,0.006,0.004,0.992,-0.122,0.183,0, , , , , , ,-0.099,-0.505,-108.336
 09:37:04.987,eb:33:2e:f9:57:b5, 2015-01-01 00:25:41.845,0.007,0.003,0.992,-0.183,0.183,0, , , , , , ,-0.099,-0.505,-108.336
 09:37:04.987,eb:33:2e:f9:57:b5, 2015-01-01 00:25:41.845,0.007,0.003,0.993,-0.183,0.122,0.061, , , , , , ,-0.099,-0.505,-108.336
 09:37:04.988,eb:33:2e:f9:57:b5, 2015-01-01 00:25:41.845,0.004,0.002,0.993,-0.244,0.122,0.061, , , , , , ,-0.099,-0.505,-108.336
 09:37:04.988,eb:33:2e:f9:57:b5, 2015-01-01 00:25:41.845,0.005,0.002,0.991,-0.183,0.061,0, , , , , , ,-0.099,-0.505,-108.336
 09:37:05.032,eb:33:2e:f9:57:b5, 2015-01-01 00:25:41.845,0.005,0.003,0.992,-0.244,0,0, , , , , , ,-0.093,-0.505,-108.336
 09:37:05.032,eb:33:2e:f9:57:b5, 2015-01-01 00:25:41.845,0.005,0.003,0.993,-0.183,-0.061,0, , , , , , ,-0.093,-0.505,-108.336
 09:37:05.032,eb:33:2e:f9:57:b5, 2015-01-01 00:25:41.845,0.006,0.002,0.994,-0.244,-0.122,0, , , , , , ,-0.093,-0.505,-108.336
 09:37:05.032,eb:33:2e:f9:57:b5, 2015-01-01 00:25:41.845,0.006,0.002,0.994,-0.183,-0.183,0.061, , , , , , ,-0.093,-0.505,-108.336
 09:37:05.032,eb:33:2e:f9:57:b5, 2015-01-01 00:25:41.845,0.007,0.002,0.994,-0.244,-0.122,0, , , , , , ,-0.093,-0.5,-108.336
 09:37:05.032,eb:33:2e:f9:57:b5, 2015-01-01 00:25:41.845,0.007,0.002,0.994,-0.183,-0.061,0, , , , , , ,-0.093,-0.5,-108.336
 09:37:05.032,eb:33:2e:f9:57:b5, 2015-01-01 00:25:41.845,0.006,0.002,0.993,-0.183,0,0, , , , , , ,-0.093,-0.5,-108.336
 09:37:05.032,eb:33:2e:f9:57:b5, 2015-01-01 00:25:41.845,0.006,0.002,0.993,-0.244,0,0.061, , , , , , ,-0.093,-0.5,-108.336
 09:37:05.078,eb:33:2e:f9:57:b5, 2015-01-01 00:25:41.845,0.007,0.002,0.994,-0.183,-0.061,0.061, , , , , , ,-0.093,-0.5,-108.336
 09:37:05.078,eb:33:2e:f9:57:b5, 2015-01-01 00:25:41.845,0.008,0.001,0.995,-0.183,-0.061,0.122, , , , , , ,-0.093,-0.5,-108.336
 09:37:05.078,eb:33:2e:f9:57:b5, 2015-01-01 00:25:41.845,0.006,0.002,0.995,-0.183,0,0.061, , , , , , ,-0.093,-0.5,-108.336
 09:37:05.078,eb:33:2e:f9:57:b5, 2015-01-01 00:25:41.845,0.005,0.001,0.994,-0.183,0,0.061, , , , , , ,-0.093,-0.5,-108.336
 09:37:05.078,eb:33:2e:f9:57:b5, 2015-01-01 00:25:41.845,0.005,0.002,0.993,-0.183,0,0.061, , , , , , ,-0.093,-0.5,-108.331
 09:37:05.078,eb:33:2e:f9:57:b5, 2015-01-01 00:25:41.845,0.006,0.002,0.993,-0.244,0,0.122, , , , , , ,-0.093,-0.5,-108.331
 09:37:05.078,eb:33:2e:f9:57:b5, 2015-01-01 00:25:41.845,0.006,0.003,0.993,-0.305,0,0.122, , , , , , ,-0.093,-0.5,-108.331
 09:37:05.078,eb:33:2e:f9:57:b5, 2015-01-01 00:25:41.845,0.007,0.001,0.993,-0.305,0,0.122, , , , , , ,-0.093,-0.5,-108.331
 09:37:05.101,eb:33:2e:f9:57:b5, 2015-01-01 00:25:41.845,0.007,0.001,0.994,-0.305,0,0.122, , , , , , ,-0.088,-0.5,-108.331
 09:37:05.101,eb:33:2e:f9:57:b5, 2015-01-01 00:25:41.845,0.006,0.001,0.993,-0.366,0,0.122, , , , , , ,-0.088,-0.5,-108.331
 09:37:05.101,eb:33:2e:f9:57:b5, 2015-01-01 00:25:41.845,0.005,0.002,0.992,-0.366,-0.061,0.122, , , , , , ,-0.088,-0.5,-108.331
 09:37:05.101,eb:33:2e:f9:57:b5, 2015-01-01 00:25:41.845,0.007,0.003,0.993,-0.366,-0.061,0.061, , , , , , ,-0.088,-0.5,-108.331
 09:37:05.101,eb:33:2e:f9:57:b5, 2015-01-01 00:25:41.845,0.007,0.005,0.993,-0.427,0,0, , , , , , ,-0.088,-0.5,-108.331
 09:37:05.101,eb:33:2e:f9:57:b5, 2015-01-01 00:25:41.845,0.008,0.001,0.995,-0.488,0,0.061, , , , , , ,-0.088,-0.5,-108.331
 09:37:05.101,eb:33:2e:f9:57:b5, 2015-01-01 00:25:41.845,0.007,0,0.995,-0.366,0.061,0.122, , , , , , ,-0.088,-0.5,-108.331
 09:37:05.101,eb:33:2e:f9:57:b5, 2015-01-01 00:25:41.845,0.006,0.001,0.995,-0.427,0.122,0.122, , , , , , ,-0.088,-0.5,-108.331
 09:37:05.145,eb:33:2e:f9:57:b5, 2015-01-01 00:25:41.845,0.007,0.002,0.995,-0.366,0.122,0.122, , , , , , ,-0.088,-0.5,-108.331
 09:37:05.145,eb:33:2e:f9:57:b5, 2015-01-01 00:25:41.845,0.007,0.001,0.994,-0.427,0.183,0.122, , , , , , ,-0.088,-0.5,-108.331
 09:37:05.145,eb:33:2e:f9:57:b5, 2015-01-01 00:25:41.845,0.007,0.001,0.994,-0.427,0.183,0.122, , , , , , ,-0.088,-0.5,-108.331
 09:37:05.145,eb:33:2e:f9:57:b5, 2015-01-01 00:25:41.845,0.006,0.001,0.995,-0.427,0.244,0.122, , , , , , ,-0.088,-0.5,-108.331
 09:37:05.145,eb:33:2e:f9:57:b5, 2015-01-01 00:25:41.845,0.007,-0.001,0.996,-0.305,0.305,0.244, , , , , , ,-0.088,-0.5,-108.331
 09:37:05.145,eb:33:2e:f9:57:b5, 2015-01-01 00:25:41.845,0.007,0,0.996,-0.305,0.366,0.244, , , , , , ,-0.088,-0.5,-108.331
 09:37:05.145,eb:33:2e:f9:57:b5, 2015-01-01 00:25:41.845,0.006,0,0.995,-0.244,0.427,0.244, , , , , , ,-0.088,-0.5,-108.331
 09:37:05.145,eb:33:2e:f9:57:b5, 2015-01-01 00:25:41.845,0.004,0.001,0.994,-0.305,0.427,0.244, , , , , , ,-0.088,-0.5,-108.331
 09:37:05.190,eb:33:2e:f9:57:b5, 2015-01-01 00:25:41.845,0.007,0.001,0.994,-0.244,0.366,0.244, , , , , , ,-0.082,-0.5,-108.331
 09:37:05.190,eb:33:2e:f9:57:b5, 2015-01-01 00:25:41.845,0.006,0.001,0.994,-0.244,0.427,0.244, , , , , , ,-0.082,-0.5,-108.331
 09:37:05.190,eb:33:2e:f9:57:b5, 2015-01-01 00:25:41.845,0.006,0.001,0.993,-0.183,0.366,0.305, , , , , , ,-0.082,-0.5,-108.331
 09:37:05.190,eb:33:2e:f9:57:b5, 2015-01-01 00:25:41.845,0.005,0.001,0.993,-0.244,0.366,0.244, , , , , , ,-0.082,-0.5,-108.331
 09:37:05.190,eb:33:2e:f9:57:b5, 2015-01-01 00:25:41.845,0.005,0.001,0.993,-0.244,0.305,0.244, , , , , , ,-0.082,-0.494,-108.331
 09:37:05.190,eb:33:2e:f9:57:b5, 2015-01-01 00:25:41.845,0.006,0.001,0.993,-0.244,0.244,0.244, , , , , , ,-0.082,-0.494,-108.331
 09:37:05.190,eb:33:2e:f9:57:b5, 2015-01-01 00:25:41.845,0.005,0.001,0.993,-0.305,0.305,0.305, , , , , , ,-0.082,-0.494,-108.331
 09:37:05.190,eb:33:2e:f9:57:b5, 2015-01-01 00:25:41.845,0.007,0.001,0.993,-0.244,0.244,0.244, , , , , , ,-0.082,-0.494,-108.331
 09:37:05.235,eb:33:2e:f9:57:b5, 2015-01-01 00:25:42.155,0.006,0.002,0.993,-0.305,0.305,0.244, , , , , , ,-0.082,-0.494,-108.331
 09:37:05.235,eb:33:2e:f9:57:b5, 2015-01-01 00:25:42.155,0.006,0.002,0.992,-0.244,0.244,0.183, , , , , , ,-0.082,-0.494,-108.331
 09:37:05.235,eb:33:2e:f9:57:b5, 2015-01-01 00:25:42.155,0.005,0,0.994,-0.305,0.305,0.183, , , , , , ,-0.082,-0.494,-108.331
 09:37:05.235,eb:33:2e:f9:57:b5, 2015-01-01 00:25:42.155,0.005,0.001,0.994,-0.244,0.305,0.244, , , , , , ,-0.082,-0.494,-108.331
 09:37:05.235,eb:33:2e:f9:57:b5, 2015-01-01 00:25:42.155,0.007,0.001,0.995,-0.244,0.305,0.183, , , , , , ,-0.082,-0.494,-108.331
 09:37:05.235,eb:33:2e:f9:57:b5, 2015-01-01 00:25:42.155,0.008,0.001,0.994,-0.244,0.305,0.122, , , , , , ,-0.082,-0.494,-108.331
 09:37:05.235,eb:33:2e:f9:57:b5, 2015-01-01 00:25:42.155,0.004,0,0.996,-0.183,0.366,0.122, , , , , , ,-0.082,-0.494,-108.331
 09:37:05.235,eb:33:2e:f9:57:b5, 2015-01-01 00:25:42.155,0.006,0,0.993,-0.122,0.305,0.122, , , , , , ,-0.082,-0.494,-108.331
 09:37:05.280,eb:33:2e:f9:57:b5, 2015-01-01 00:25:42.155,0.006,0,0.994,-0.061,0.305,0.122, , , , , , ,-0.082,-0.494,-108.331
 09:37:05.280,eb:33:2e:f9:57:b5, 2015-01-01 00:25:42.155,0.006,0.001,0.994,-0.122,0.244,0.122, , , , , , ,-0.082,-0.494,-108.331
 09:37:05.280,eb:33:2e:f9:57:b5, 2015-01-01 00:25:42.155,0.006,0,0.995,0,0.305,0.122, , , , , , ,-0.082,-0.494,-108.331
 09:37:05.280,eb:33:2e:f9:57:b5, 2015-01-01 00:25:42.155,0.005,0,0.995,0,0.305,0.061, , , , , , ,-0.082,-0.494,-108.331
 09:37:05.280,eb:33:2e:f9:57:b5, 2015-01-01 00:25:42.155,0.004,0,0.994,0,0.305,0.122, , , , , , ,-0.082,-0.494,-108.331
 09:37:05.280,eb:33:2e:f9:57:b5, 2015-01-01 00:25:42.155,0.005,0,0.993,0,0.244,0.122, , , , , , ,-0.082,-0.494,-108.331
 09:37:05.280,eb:33:2e:f9:57:b5, 2015-01-01 00:25:42.155,0.006,0,0.995,0.122,0.183,0.122, , , , , , ,-0.082,-0.494,-108.331
 09:37:05.280,eb:33:2e:f9:57:b5, 2015-01-01 00:25:42.155,0.006,0,0.995,0.061,0.183,0.061, , , , , , ,-0.082,-0.494,-108.331
 09:37:05.302,eb:33:2e:f9:57:b5, 2015-01-01 00:25:42.155,0.006,0,0.996,0.122,0.305,0.061, , , , , , ,-0.082,-0.494,-108.331
 09:37:05.303,eb:33:2e:f9:57:b5, 2015-01-01 00:25:42.155,0.005,0,0.995,0.183,0.305,0.122, , , , , , ,-0.082,-0.494,-108.331
 09:37:05.303,eb:33:2e:f9:57:b5, 2015-01-01 00:25:42.155,0.005,0,0.995,0.244,0.305,0.061, , , , , , ,-0.082,-0.494,-108.331
 09:37:05.303,eb:33:2e:f9:57:b5, 2015-01-01 00:25:42.155,0.005,0,0.994,0.183,0.305,0.061, , , , , , ,-0.082,-0.494,-108.331
 09:37:05.303,eb:33:2e:f9:57:b5, 2015-01-01 00:25:42.155,0.006,0,0.994,0.305,0.305,0.061, , , , , , ,-0.082,-0.494,-108.331
 09:37:05.303,eb:33:2e:f9:57:b5, 2015-01-01 00:25:42.155,0.007,0,0.995,0.244,0.244,0.061, , , , , , ,-0.082,-0.494,-108.331
 09:37:05.303,eb:33:2e:f9:57:b5, 2015-01-01 00:25:42.155,0.006,0.001,0.994,0.244,0.305,0.061, , , , , , ,-0.082,-0.494,-108.331
 09:37:05.303,eb:33:2e:f9:57:b5, 2015-01-01 00:25:42.155,0.004,0.001,0.994,0.305,0.244,0, , , , , , ,-0.082,-0.494,-108.331
 09:37:05.347,eb:33:2e:f9:57:b5, 2015-01-01 00:25:42.155,0.004,0.001,0.993,0.366,0.244,0, , , , , , ,-0.077,-0.489,-108.331
 09:37:05.347,eb:33:2e:f9:57:b5, 2015-01-01 00:25:42.155,0.005,0,0.993,0.427,0.183,0, , , , , , ,-0.077,-0.489,-108.331
 09:37:05.347,eb:33:2e:f9:57:b5, 2015-01-01 00:25:42.155,0.006,0,0.993,0.366,0.122,0, , , , , , ,-0.077,-0.489,-108.331
 09:37:05.347,eb:33:2e:f9:57:b5, 2015-01-01 00:25:42.155,0.005,0,0.994,0.366,0.122,0, , , , , , ,-0.077,-0.489,-108.331
 09:37:05.347,eb:33:2e:f9:57:b5, 2015-01-01 00:25:42.155,0.005,0.001,0.994,0.366,0.183,0, , , , , , ,-0.077,-0.489,-108.331
 09:37:05.347,eb:33:2e:f9:57:b5, 2015-01-01 00:25:42.155,0.006,0.002,0.993,0.366,0.122,0, , , , , , ,-0.077,-0.489,-108.331
 09:37:05.347,eb:33:2e:f9:57:b5, 2015-01-01 00:25:42.155,0.005,0.002,0.993,0.366,0.122,0, , , , , , ,-0.077,-0.489,-108.331
 09:37:05.347,eb:33:2e:f9:57:b5, 2015-01-01 00:25:42.155,0.006,0.001,0.993,0.366,0.122,0, , , , , , ,-0.077,-0.489,-108.331
 09:37:05.392,eb:33:2e:f9:57:b5, 2015-01-01 00:25:42.155,0.005,0.001,0.993,0.366,0.122,0, , , , , , ,-0.077,-0.489,-108.331
 09:37:05.392,eb:33:2e:f9:57:b5, 2015-01-01 00:25:42.155,0.006,0.001,0.994,0.366,0.122,0, , , , , , ,-0.077,-0.489,-108.331
 09:37:05.392,eb:33:2e:f9:57:b5, 2015-01-01 00:25:42.155,0.007,0,0.995,0.366,0.183,0, , , , , , ,-0.077,-0.489,-108.331
 09:37:05.392,eb:33:2e:f9:57:b5, 2015-01-01 00:25:42.155,0.006,0,0.995,0.366,0.244,0, , , , , , ,-0.077,-0.489,-108.331
 09:37:05.392,eb:33:2e:f9:57:b5, 2015-01-01 00:25:42.155,0.005,0.001,0.995,0.427,0.244,0, , , , , , ,-0.077,-0.489,-108.325
 09:37:05.392,eb:33:2e:f9:57:b5, 2015-01-01 00:25:42.155,0.004,0,0.996,0.549,0.305,0, , , , , , ,-0.077,-0.489,-108.325
 09:37:05.392,eb:33:2e:f9:57:b5, 2015-01-01 00:25:42.155,0.004,0,0.994,0.549,0.305,0, , , , , , ,-0.077,-0.489,-108.325
 09:37:05.392,eb:33:2e:f9:57:b5, 2015-01-01 00:25:42.155,0.004,0.001,0.994,0.549,0.244,0, , , , , , ,-0.077,-0.489,-108.325
 09:37:05.438,eb:33:2e:f9:57:b5, 2015-01-01 00:25:42.155,0.006,0,0.995,0.61,0.305,0, , , , , , ,-0.077,-0.489,-108.325
 09:37:05.438,eb:33:2e:f9:57:b5, 2015-01-01 00:25:42.155,0.006,0.001,0.995,0.549,0.305,0.061, , , , , , ,-0.077,-0.489,-108.325
 09:37:05.438,eb:33:2e:f9:57:b5, 2015-01-01 00:25:42.155,0.005,0.001,0.995,0.549,0.305,0, , , , , , ,-0.077,-0.489,-108.325
 09:37:05.438,eb:33:2e:f9:57:b5, 2015-01-01 00:25:42.155,0.004,0.002,0.994,0.488,0.305,0, , , , , , ,-0.077,-0.489,-108.325
 09:37:05.438,eb:33:2e:f9:57:b5, 2015-01-01 00:25:42.155,0.004,0.002,0.992,0.488,0.305,0.061, , , , , , ,-0.077,-0.489,-108.325
 09:37:05.438,eb:33:2e:f9:57:b5, 2015-01-01 00:25:42.155,0.005,0.001,0.993,0.488,0.305,0, , , , , , ,-0.077,-0.489,-108.325
 09:37:05.438,eb:33:2e:f9:57:b5, 2015-01-01 00:25:42.155,0.005,0.001,0.994,0.549,0.305,0, , , , , , ,-0.077,-0.489,-108.325
 09:37:05.438,eb:33:2e:f9:57:b5, 2015-01-01 00:25:42.155,0.005,0.001,0.994,0.549,0.305,0.061, , , , , , ,-0.077,-0.489,-108.325
 09:37:05.482,eb:33:2e:f9:57:b5, 2015-01-01 00:25:42.155,0.005,0.001,0.994,0.488,0.305,0.061, , , , , , ,-0.077,-0.483,-108.325
 09:37:05.482,eb:33:2e:f9:57:b5, 2015-01-01 00:25:42.155,0.005,0.001,0.993,0.488,0.305,0, , , , , , ,-0.077,-0.483,-108.325
 09:37:05.482,eb:33:2e:f9:57:b5, 2015-01-01 00:25:42.155,0.005,0.002,0.994,0.427,0.305,0, , , , , , ,-0.077,-0.483,-108.325
 09:37:05.482,eb:33:2e:f9:57:b5, 2015-01-01 00:25:42.155,0.003,0.003,0.994,0.488,0.366,0, , , , , , ,-0.077,-0.483,-108.325
 09:37:05.482,eb:33:2e:f9:57:b5, 2015-01-01 00:25:42.155,0.004,0.001,0.992,0.427,0.305,0, , , , , , ,-0.071,-0.483,-108.325
 09:37:05.482,eb:33:2e:f9:57:b5, 2015-01-01 00:25:42.155,0.005,0.002,0.993,0.427,0.244,0, , , , , , ,-0.071,-0.483,-108.325
 09:37:05.482,eb:33:2e:f9:57:b5, 2015-01-01 00:25:42.155,0.005,0.001,0.993,0.427,0.183,0, , , , , , ,-0.071,-0.483,-108.325
 09:37:05.482,eb:33:2e:f9:57:b5, 2015-01-01 00:25:42.155,0.005,0.002,0.994,0.427,0.244,0, , , , , , ,-0.071,-0.483,-108.325
 09:37:05.504,eb:33:2e:f9:57:b5, 2015-01-01 00:25:42.445,0.005,0.002,0.993,0.427,0.305,0, , , , , , ,-0.071,-0.483,-108.325
 09:37:05.504,eb:33:2e:f9:57:b5, 2015-01-01 00:25:42.445,0.004,0.003,0.992,0.366,0.244,0, , , , , , ,-0.071,-0.483,-108.325
 09:37:05.504,eb:33:2e:f9:57:b5, 2015-01-01 00:25:42.445,0.004,0.001,0.993,0.305,0.244,0, , , , , , ,-0.071,-0.483,-108.325
 09:37:05.504,eb:33:2e:f9:57:b5, 2015-01-01 00:25:42.445,0.004,0.002,0.992,0.244,0.244,0, , , , , , ,-0.071,-0.483,-108.325
 09:37:05.504,eb:33:2e:f9:57:b5, 2015-01-01 00:25:42.445,0.004,0.002,0.993,0.244,0.244,0, , , , , , ,-0.071,-0.483,-108.325
 09:37:05.504,eb:33:2e:f9:57:b5, 2015-01-01 00:25:42.445,0.003,0.002,0.993,0.244,0.244,0, , , , , , ,-0.071,-0.483,-108.325
 09:37:05.504,eb:33:2e:f9:57:b5, 2015-01-01 00:25:42.445,0.003,0.002,0.993,0.244,0.244,0, , , , , , ,-0.071,-0.483,-108.325
 09:37:05.504,eb:33:2e:f9:57:b5, 2015-01-01 00:25:42.445,0.003,0.001,0.993,0.244,0.122,0, , , , , , ,-0.071,-0.483,-108.325
 09:37:05.550,eb:33:2e:f9:57:b5, 2015-01-01 00:25:42.445,0.005,0.001,0.993,0.183,0.061,0, , , , , , ,-0.071,-0.483,-108.325
 09:37:05.550,eb:33:2e:f9:57:b5, 2015-01-01 00:25:42.445,0.005,0.001,0.994,0.244,0.061,0, , , , , , ,-0.071,-0.483,-108.325
 09:37:05.550,eb:33:2e:f9:57:b5, 2015-01-01 00:25:42.445,0.005,0.001,0.995,0.244,0.061,0, , , , , , ,-0.071,-0.483,-108.325
 09:37:05.550,eb:33:2e:f9:57:b5, 2015-01-01 00:25:42.445,0.004,0.003,0.994,0.183,0.122,0, , , , , , ,-0.071,-0.483,-108.325
 09:37:05.550,eb:33:2e:f9:57:b5, 2015-01-01 00:25:42.445,0.004,0.003,0.993,0.183,0.061,0, , , , , , ,-0.071,-0.478,-108.325
 09:37:05.550,eb:33:2e:f9:57:b5, 2015-01-01 00:25:42.445,0.005,0.002,0.993,0.183,0.061,0, , , , , , ,-0.071,-0.478,-108.325
 09:37:05.550,eb:33:2e:f9:57:b5, 2015-01-01 00:25:42.445,0.006,0.001,0.995,0.183,0.122,0, , , , , , ,-0.071,-0.478,-108.325
 09:37:05.550,eb:33:2e:f9:57:b5, 2015-01-01 00:25:42.445,0.005,0.001,0.994,0.244,0.122,0, , , , , , ,-0.071,-0.478,-108.325
 09:37:05.617,eb:33:2e:f9:57:b5, 2015-01-01 00:25:42.445,0.004,0.002,0.993,0.305,0.122,0, , , , , , ,-0.066,-0.478,-108.325
 09:37:05.617,eb:33:2e:f9:57:b5, 2015-01-01 00:25:42.445,0.003,0.002,0.992,0.244,0.122,0, , , , , , ,-0.066,-0.478,-108.325
 09:37:05.617,eb:33:2e:f9:57:b5, 2015-01-01 00:25:42.445,0.004,0.002,0.992,0.244,0.122,0, , , , , , ,-0.066,-0.478,-108.325
 09:37:05.617,eb:33:2e:f9:57:b5, 2015-01-01 00:25:42.445,0.005,0.002,0.993,0.244,0.061,0, , , , , , ,-0.066,-0.478,-108.325
 09:37:05.617,eb:33:2e:f9:57:b5, 2015-01-01 00:25:42.445,0.003,0.002,0.992,0.122,0.061,-0.061, , , , , , ,-0.066,-0.478,-108.325
 09:37:05.617,eb:33:2e:f9:57:b5, 2015-01-01 00:25:42.445,0.005,0.001,0.993,0.183,0,-0.061, , , , , , ,-0.066,-0.478,-108.325
 09:37:05.617,eb:33:2e:f9:57:b5, 2015-01-01 00:25:42.445,0.005,0.001,0.994,0.183,0,-0.061, , , , , , ,-0.066,-0.478,-108.325
 09:37:05.617,eb:33:2e:f9:57:b5, 2015-01-01 00:25:42.445,0.005,0.002,0.994,0.122,0.061,0, , , , , , ,-0.066,-0.478,-108.325
 09:37:05.663,eb:33:2e:f9:57:b5, 2015-01-01 00:25:42.445,0.005,0.002,0.993,0.122,0.061,0, , , , , , ,-0.066,-0.478,-108.325
 09:37:05.663,eb:33:2e:f9:57:b5, 2015-01-01 00:25:42.445,0.004,0.002,0.994,0.061,0.061,-0.061, , , , , , ,-0.066,-0.478,-108.325
 09:37:05.663,eb:33:2e:f9:57:b5, 2015-01-01 00:25:42.445,0.004,0.002,0.993,0.061,0.061,-0.061, , , , , , ,-0.066,-0.478,-108.325
 09:37:05.663,eb:33:2e:f9:57:b5, 2015-01-01 00:25:42.445,0.004,0.002,0.993,0,0,-0.061, , , , , , ,-0.066,-0.478,-108.325
 09:37:05.663,eb:33:2e:f9:57:b5, 2015-01-01 00:25:42.445,0.005,0.002,0.993,0.061,0.061,0, , , , , , ,-0.066,-0.478,-108.325
 09:37:05.663,eb:33:2e:f9:57:b5, 2015-01-01 00:25:42.445,0.005,0.003,0.993,0,0,0, , , , , , ,-0.066,-0.478,-108.325
 09:37:05.663,eb:33:2e:f9:57:b5, 2015-01-01 00:25:42.445,0.004,0.002,0.994,0,0,-0.061, , , , , , ,-0.066,-0.478,-108.325
 09:37:05.663,eb:33:2e:f9:57:b5, 2015-01-01 00:25:42.445,0.004,0.001,0.993,0.061,0,0, , , , , , ,-0.066,-0.478,-108.325
 09:37:05.665,eb:33:2e:f9:57:b5, 2015-01-01 00:25:42.445,0.005,0.002,0.993,0,0,-0.061, , , , , , ,-0.066,-0.472,-108.325
 09:37:05.665,eb:33:2e:f9:57:b5, 2015-01-01 00:25:42.445,0.004,0.002,0.995,0,0,-0.061, , , , , , ,-0.066,-0.472,-108.325
 09:37:05.665,eb:33:2e:f9:57:b5, 2015-01-01 00:25:42.445,0.005,0.001,0.994,0.061,0,0, , , , , , ,-0.066,-0.472,-108.325
 09:37:05.665,eb:33:2e:f9:57:b5, 2015-01-01 00:25:42.445,0.004,0.001,0.994,0.061,0,0, , , , , , ,-0.066,-0.472,-108.325
 09:37:05.665,eb:33:2e:f9:57:b5, 2015-01-01 00:25:42.445,0.004,0.001,0.993,0.061,0,0, , , , , , ,-0.066,-0.472,-108.32
 09:37:05.665,eb:33:2e:f9:57:b5, 2015-01-01 00:25:42.445,0.005,0.002,0.993,0.061,0,-0.061, , , , , , ,-0.066,-0.472,-108.32
 09:37:05.665,eb:33:2e:f9:57:b5, 2015-01-01 00:25:42.445,0.005,0.002,0.994,0,0,0, , , , , , ,-0.066,-0.472,-108.32
 09:37:05.665,eb:33:2e:f9:57:b5, 2015-01-01 00:25:42.445,0.005,0.003,0.994,0,0,0, , , , , , ,-0.066,-0.472,-108.32
 09:37:05.709,eb:33:2e:f9:57:b5, 2015-01-01 00:25:42.445,0.004,0.002,0.994,0,0.061,0, , , , , , ,-0.06,-0.472,-108.32
 09:37:05.710,eb:33:2e:f9:57:b5, 2015-01-01 00:25:42.445,0.004,0.001,0.994,0,0.061,0, , , , , , ,-0.06,-0.472,-108.32
 09:37:05.710,eb:33:2e:f9:57:b5, 2015-01-01 00:25:42.445,0.006,0.001,0.994,0,0.061,0, , , , , , ,-0.06,-0.472,-108.32
 09:37:05.710,eb:33:2e:f9:57:b5, 2015-01-01 00:25:42.445,0.004,0.001,0.994,0,0.122,0, , , , , , ,-0.06,-0.472,-108.32
 09:37:05.710,eb:33:2e:f9:57:b5, 2015-01-01 00:25:42.445,0.004,0.001,0.994,0,0.061,0, , , , , , ,-0.06,-0.472,-108.32
 09:37:05.710,eb:33:2e:f9:57:b5, 2015-01-01 00:25:42.445,0.005,0.001,0.994,0,0.122,0, , , , , , ,-0.06,-0.472,-108.32
 09:37:05.710,eb:33:2e:f9:57:b5, 2015-01-01 00:25:42.445,0.005,0.002,0.994,0,0.061,0, , , , , , ,-0.06,-0.472,-108.32
 09:37:05.710,eb:33:2e:f9:57:b5, 2015-01-01 00:25:42.445,0.005,0.001,0.994,0,0.061,0, , , , , , ,-0.06,-0.472,-108.32
 09:37:05.754,eb:33:2e:f9:57:b5, 2015-01-01 00:25:42.445,0.005,0.002,0.994,0,0.061,0, , , , , , ,-0.06,-0.472,-108.32
 09:37:05.754,eb:33:2e:f9:57:b5, 2015-01-01 00:25:42.445,0.005,0.001,0.994,0,0,0, , , , , , ,-0.06,-0.472,-108.32
 09:37:05.754,eb:33:2e:f9:57:b5, 2015-01-01 00:25:42.445,0.003,0.002,0.993,0,0.061,0, , , , , , ,-0.06,-0.472,-108.32
 09:37:05.754,eb:33:2e:f9:57:b5, 2015-01-01 00:25:42.445,0.004,0.001,0.994,0.061,0.061,0, , , , , , ,-0.06,-0.472,-108.32
 09:37:05.754,eb:33:2e:f9:57:b5, 2015-01-01 00:25:42.445,0.005,0.001,0.994,0.061,0,0, , , , , , ,-0.06,-0.467,-108.32
 09:37:05.754,eb:33:2e:f9:57:b5, 2015-01-01 00:25:42.445,0.005,0,0.994,0.061,0.061,0, , , , , , ,-0.06,-0.467,-108.32
 09:37:05.754,eb:33:2e:f9:57:b5, 2015-01-01 00:25:42.445,0.004,0.001,0.994,0.122,0.061,0.061, , , , , , ,-0.06,-0.467,-108.32
 09:37:05.754,eb:33:2e:f9:57:b5, 2015-01-01 00:25:42.445,0.004,0.001,0.993,0.122,0.061,0, , , , , , ,-0.06,-0.467,-108.32
 09:37:05.798,eb:33:2e:f9:57:b5, 2015-01-01 00:25:42.445,0.005,0.002,0.993,0.061,0.061,0, , , , , , ,-0.06,-0.467,-108.32
 09:37:05.798,eb:33:2e:f9:57:b5, 2015-01-01 00:25:42.445,0.005,0.002,0.994,0.122,0.061,0, , , , , , ,-0.06,-0.467,-108.32
 09:37:05.798,eb:33:2e:f9:57:b5, 2015-01-01 00:25:42.445,0.004,0.001,0.994,0.061,0.061,0, , , , , , ,-0.06,-0.467,-108.32
 09:37:05.798,eb:33:2e:f9:57:b5, 2015-01-01 00:25:42.445,0.004,0.002,0.994,0.122,0.061,0, , , , , , ,-0.06,-0.467,-108.32
 09:37:05.798,eb:33:2e:f9:57:b5, 2015-01-01 00:25:42.445,0.004,0.002,0.993,0.122,0,0.061, , , , , , ,-0.055,-0.467,-108.32
 09:37:05.798,eb:33:2e:f9:57:b5, 2015-01-01 00:25:42.445,0.005,0.001,0.992,0,0,0, , , , , , ,-0.055,-0.467,-108.32
 09:37:05.798,eb:33:2e:f9:57:b5, 2015-01-01 00:25:42.445,0.004,0.002,0.994,0,0,0, , , , , , ,-0.055,-0.467,-108.32
 09:37:05.798,eb:33:2e:f9:57:b5, 2015-01-01 00:25:42.445,0.003,0.001,0.994,0.061,0,0, , , , , , ,-0.055,-0.467,-108.32
 09:37:05.842,eb:33:2e:f9:57:b5, 2015-01-01 00:25:42.760,0.004,0.001,0.994,0.122,0,0.061, , , , , , ,-0.055,-0.467,-108.32
 09:37:05.842,eb:33:2e:f9:57:b5, 2015-01-01 00:25:42.760,0.005,0.001,0.993,0.122,-0.061,0, , , , , , ,-0.055,-0.467,-108.32
 09:37:05.842,eb:33:2e:f9:57:b5, 2015-01-01 00:25:42.760,0.005,0.003,0.994,0.061,0,0, , , , , , ,-0.055,-0.467,-108.32
 09:37:05.843,eb:33:2e:f9:57:b5, 2015-01-01 00:25:42.760,0.004,0.003,0.993,0,0,0, , , , , , ,-0.055,-0.467,-108.32
 09:37:05.843,eb:33:2e:f9:57:b5, 2015-01-01 00:25:42.760,0.005,0.002,0.994,0,0,0.061, , , , , , ,-0.055,-0.467,-108.32
 09:37:05.843,eb:33:2e:f9:57:b5, 2015-01-01 00:25:42.760,0.006,0.002,0.994,0,0,0, , , , , , ,-0.055,-0.467,-108.32
 09:37:05.843,eb:33:2e:f9:57:b5, 2015-01-01 00:25:42.760,0.005,0.001,0.995,0.061,0,0, , , , , , ,-0.055,-0.467,-108.32
 09:37:05.843,eb:33:2e:f9:57:b5, 2015-01-01 00:25:42.760,0.004,0.002,0.995,0.061,0.061,0, , , , , , ,-0.055,-0.467,-108.32
 09:37:05.864,eb:33:2e:f9:57:b5, 2015-01-01 00:25:42.760,0.004,0.001,0.994,0.122,0.061,0, , , , , , ,-0.055,-0.467,-108.32
 09:37:05.864,eb:33:2e:f9:57:b5, 2015-01-01 00:25:42.760,0.005,0.002,0.994,0.061,0.122,0, , , , , , ,-0.055,-0.467,-108.32
 09:37:05.864,eb:33:2e:f9:57:b5, 2015-01-01 00:25:42.760,0.005,0.002,0.993,0.122,0.061,0, , , , , , ,-0.055,-0.467,-108.32
 09:37:05.864,eb:33:2e:f9:57:b5, 2015-01-01 00:25:42.760,0.005,0.001,0.993,0.061,0.061,0, , , , , , ,-0.055,-0.467,-108.32
 09:37:05.864,eb:33:2e:f9:57:b5, 2015-01-01 00:25:42.760,0.005,0.002,0.993,0.122,0.061,0, , , , , , ,-0.055,-0.461,-108.32
 09:37:05.864,eb:33:2e:f9:57:b5, 2015-01-01 00:25:42.760,0.005,0.001,0.994,0.122,0.061,0, , , , , , ,-0.055,-0.461,-108.32
 09:37:05.864,eb:33:2e:f9:57:b5, 2015-01-01 00:25:42.760,0.004,0.002,0.994,0.061,0.061,0, , , , , , ,-0.055,-0.461,-108.32
 09:37:05.864,eb:33:2e:f9:57:b5, 2015-01-01 00:25:42.760,0.006,0.002,0.994,0.122,0.061,0.061, , , , , , ,-0.055,-0.461,-108.32
 09:37:05.910,eb:33:2e:f9:57:b5, 2015-01-01 00:25:42.760,0.004,0.001,0.993,0.122,0.061,0, , , , , , ,-0.055,-0.461,-108.32
 09:37:05.910,eb:33:2e:f9:57:b5, 2015-01-01 00:25:42.760,0.004,0.002,0.993,0.122,0.061,0.061, , , , , , ,-0.055,-0.461,-108.32
 09:37:05.910,eb:33:2e:f9:57:b5, 2015-01-01 00:25:42.760,0.004,0.002,0.993,0.061,0,0, , , , , , ,-0.055,-0.461,-108.32
 09:37:05.910,eb:33:2e:f9:57:b5, 2015-01-01 00:25:42.760,0.004,0.002,0.992,0.061,0,0, , , , , , ,-0.055,-0.461,-108.32
 09:37:05.910,eb:33:2e:f9:57:b5, 2015-01-01 00:25:42.760,0.005,0.002,0.993,0,0,0, , , , , , ,-0.049,-0.461,-108.32
 09:37:05.910,eb:33:2e:f9:57:b5, 2015-01-01 00:25:42.760,0.004,0.002,0.993,0.061,0,0, , , , , , ,-0.049,-0.461,-108.32
 09:37:05.910,eb:33:2e:f9:57:b5, 2015-01-01 00:25:42.760,0.004,0.002,0.994,0,0,0, , , , , , ,-0.049,-0.461,-108.32
 09:37:05.910,eb:33:2e:f9:57:b5, 2015-01-01 00:25:42.760,0.005,0.001,0.994,0,0,0, , , , , , ,-0.049,-0.461,-108.32
 09:37:05.955,eb:33:2e:f9:57:b5, 2015-01-01 00:25:42.760,0.005,0.002,0.994,0,0,0, , , , , , ,-0.049,-0.461,-108.32
 09:37:05.955,eb:33:2e:f9:57:b5, 2015-01-01 00:25:42.760,0.005,0.002,0.994,0,0,0, , , , , , ,-0.049,-0.461,-108.32
 09:37:05.955,eb:33:2e:f9:57:b5, 2015-01-01 00:25:42.760,0.004,0.002,0.994,0,0.061,0, , , , , , ,-0.049,-0.461,-108.314
 09:37:05.955,eb:33:2e:f9:57:b5, 2015-01-01 00:25:42.760,0.004,0.001,0.993,0,0,0, , , , , , ,-0.049,-0.461,-108.314
 09:37:05.955,eb:33:2e:f9:57:b5, 2015-01-01 00:25:42.760,0.005,0.002,0.993,0,0,0, , , , , , ,-0.049,-0.461,-108.314
 09:37:05.955,eb:33:2e:f9:57:b5, 2015-01-01 00:25:42.760,0.005,0.002,0.993,0,0,0, , , , , , ,-0.049,-0.461,-108.314
 09:37:05.955,eb:33:2e:f9:57:b5, 2015-01-01 00:25:42.760,0.005,0.002,0.993,0,0,0, , , , , , ,-0.049,-0.461,-108.314
 09:37:05.955,eb:33:2e:f9:57:b5, 2015-01-01 00:25:42.760,0.005,0.002,0.994,0,0,0, , , , , , ,-0.049,-0.461,-108.314
 09:37:06.001,eb:33:2e:f9:57:b5, 2015-01-01 00:25:42.760,0.004,0.002,0.993,0,0,0, , , , , , ,-0.049,-0.456,-108.314
 09:37:06.001,eb:33:2e:f9:57:b5, 2015-01-01 00:25:42.760,0.006,0.001,0.994,0,0,0, , , , , , ,-0.049,-0.456,-108.314
 09:37:06.001,eb:33:2e:f9:57:b5, 2015-01-01 00:25:42.760,0.004,0.001,0.995,0,0,0, , , , , , ,-0.049,-0.456,-108.314
 09:37:06.001,eb:33:2e:f9:57:b5, 2015-01-01 00:25:42.760,0.004,0.001,0.995,0,0,0, , , , , , ,-0.049,-0.456,-108.314
 09:37:06.001,eb:33:2e:f9:57:b5, 2015-01-01 00:25:42.760,0.005,0.002,0.994,0,0,0, , , , , , ,-0.049,-0.456,-108.314
 09:37:06.001,eb:33:2e:f9:57:b5, 2015-01-01 00:25:42.760,0.005,0.002,0.993,0,0,0, , , , , , ,-0.049,-0.456,-108.314
 09:37:06.001,eb:33:2e:f9:57:b5, 2015-01-01 00:25:42.760,0.005,0.002,0.993,0,0,0, , , , , , ,-0.049,-0.456,-108.314
 09:37:06.001,eb:33:2e:f9:57:b5, 2015-01-01 00:25:42.760,0.005,0.001,0.993,0,0,0, , , , , , ,-0.049,-0.456,-108.314
 09:37:06.046,eb:33:2e:f9:57:b5, 2015-01-01 00:25:42.760,0.005,0.001,0.993,0,0.061,0, , , , , , ,-0.049,-0.456,-108.314
 09:37:06.046,eb:33:2e:f9:57:b5, 2015-01-01 00:25:42.760,0.004,0.002,0.994,0,0.122,0, , , , , , ,-0.049,-0.456,-108.314
 09:37:06.046,eb:33:2e:f9:57:b5, 2015-01-01 00:25:42.760,0.005,0.002,0.994,0,0.183,0, , , , , , ,-0.049,-0.456,-108.314
 09:37:06.046,eb:33:2e:f9:57:b5, 2015-01-01 00:25:42.760,0.004,0.001,0.994,0,0.122,0, , , , , , ,-0.049,-0.456,-108.314
 09:37:06.046,eb:33:2e:f9:57:b5, 2015-01-01 00:25:42.760,0.005,0.001,0.994,0,0.122,0, , , , , , ,-0.044,-0.456,-108.314
 09:37:06.046,eb:33:2e:f9:57:b5, 2015-01-01 00:25:42.760,0.005,0.001,0.996,0,0.183,0, , , , , , ,-0.044,-0.456,-108.314
 09:37:06.046,eb:33:2e:f9:57:b5, 2015-01-01 00:25:42.760,0.006,0.001,0.996,0.061,0.183,0, , , , , , ,-0.044,-0.456,-108.314
 09:37:06.046,eb:33:2e:f9:57:b5, 2015-01-01 00:25:42.760,0.005,0.001,0.995,0.061,0.244,-0.061, , , , , , ,-0.044,-0.456,-108.314
 09:37:06.068,eb:33:2e:f9:57:b5, 2015-01-01 00:25:42.760,0.005,0.001,0.994,0.061,0.244,-0.061, , , , , , ,-0.044,-0.456,-108.314
 09:37:06.068,eb:33:2e:f9:57:b5, 2015-01-01 00:25:42.760,0.005,0.002,0.992,0,0.183,-0.061, , , , , , ,-0.044,-0.456,-108.314
 09:37:06.068,eb:33:2e:f9:57:b5, 2015-01-01 00:25:42.760,0.006,0.002,0.992,0,0.183,-0.061, , , , , , ,-0.044,-0.456,-108.314
 09:37:06.068,eb:33:2e:f9:57:b5, 2015-01-01 00:25:42.760,0.006,0.002,0.993,0,0.244,-0.061, , , , , , ,-0.044,-0.456,-108.314
 09:37:06.068,eb:33:2e:f9:57:b5, 2015-01-01 00:25:42.760,0.006,0.003,0.992,0,0.244,-0.122, , , , , , ,-0.044,-0.456,-108.314
 09:37:06.068,eb:33:2e:f9:57:b5, 2015-01-01 00:25:42.760,0.005,0.003,0.993,-0.061,0.366,-0.122, , , , , , ,-0.044,-0.456,-108.314
 09:37:06.068,eb:33:2e:f9:57:b5, 2015-01-01 00:25:42.760,0.004,0.002,0.992,0,0.366,-0.061, , , , , , ,-0.044,-0.456,-108.314
 09:37:06.068,eb:33:2e:f9:57:b5, 2015-01-01 00:25:42.760,0.004,0.002,0.993,-0.061,0.366,-0.122, , , , , , ,-0.044,-0.456,-108.314
 09:37:06.112,eb:33:2e:f9:57:b5, 2015-01-01 00:25:42.760,0.005,0.001,0.994,-0.061,0.366,-0.122, , , , , , ,-0.044,-0.456,-108.314
 09:37:06.112,eb:33:2e:f9:57:b5, 2015-01-01 00:25:42.760,0.004,0.001,0.994,-0.122,0.366,-0.122, , , , , , ,-0.044,-0.456,-108.314
 09:37:06.112,eb:33:2e:f9:57:b5, 2015-01-01 00:25:42.760,0.004,0.001,0.994,-0.122,0.427,-0.122, , , , , , ,-0.044,-0.456,-108.314
 09:37:06.112,eb:33:2e:f9:57:b5, 2015-01-01 00:25:42.760,0.004,0.002,0.994,-0.061,0.366,-0.061, , , , , , ,-0.044,-0.456,-108.314
 09:37:06.112,eb:33:2e:f9:57:b5, 2015-01-01 00:25:42.760,0.004,0.002,0.994,-0.061,0.366,-0.061, , , , , , ,-0.044,-0.45,-108.314
 09:37:06.112,eb:33:2e:f9:57:b5, 2015-01-01 00:25:42.760,0.004,0.002,0.993,-0.122,0.305,-0.061, , , , , , ,-0.044,-0.45,-108.314
 09:37:06.112,eb:33:2e:f9:57:b5, 2015-01-01 00:25:42.760,0.005,0.001,0.993,-0.183,0.305,-0.061, , , , , , ,-0.044,-0.45,-108.314
 09:37:06.112,eb:33:2e:f9:57:b5, 2015-01-01 00:25:42.760,0.005,0.001,0.994,-0.122,0.366,-0.061, , , , , , ,-0.044,-0.45,-108.314
 09:37:06.157,eb:33:2e:f9:57:b5, 2015-01-01 00:25:43.050,0.005,0.002,0.994,-0.183,0.366,-0.061, , , , , , ,-0.044,-0.45,-108.314
 09:37:06.157,eb:33:2e:f9:57:b5, 2015-01-01 00:25:43.050,0.004,0.002,0.995,-0.183,0.366,-0.061, , , , , , ,-0.044,-0.45,-108.314
 09:37:06.157,eb:33:2e:f9:57:b5, 2015-01-01 00:25:43.050,0.003,0.001,0.995,-0.244,0.366,-0.061, , , , , , ,-0.044,-0.45,-108.314
 09:37:06.157,eb:33:2e:f9:57:b5, 2015-01-01 00:25:43.050,0.003,0.001,0.994,-0.183,0.427,0, , , , , , ,-0.044,-0.45,-108.314
 09:37:06.157,eb:33:2e:f9:57:b5, 2015-01-01 00:25:43.050,0.004,0.001,0.994,-0.183,0.427,0, , , , , , ,-0.038,-0.45,-108.314
 09:37:06.157,eb:33:2e:f9:57:b5, 2015-01-01 00:25:43.050,0.002,0.001,0.995,-0.183,0.366,0, , , , , , ,-0.038,-0.45,-108.314
 09:37:06.157,eb:33:2e:f9:57:b5, 2015-01-01 00:25:43.050,0.005,-0.001,0.995,-0.061,0.427,0.061, , , , , , ,-0.038,-0.45,-108.314
 09:37:06.157,eb:33:2e:f9:57:b5, 2015-01-01 00:25:43.050,0.003,0.003,0.994,-0.122,0.366,0, , , , , , ,-0.038,-0.45,-108.314
 09:37:06.204,eb:33:2e:f9:57:b5, 2015-01-01 00:25:43.050,0.002,0.001,0.992,-0.183,0.244,0, , , , , , ,-0.038,-0.45,-108.314
 09:37:06.204,eb:33:2e:f9:57:b5, 2015-01-01 00:25:43.050,0.004,0.002,0.991,-0.244,0.183,0, , , , , , ,-0.038,-0.45,-108.314
 09:37:06.204,eb:33:2e:f9:57:b5, 2015-01-01 00:25:43.050,0.003,0,0.993,-0.183,0.061,0, , , , , , ,-0.038,-0.45,-108.314
 09:37:06.204,eb:33:2e:f9:57:b5, 2015-01-01 00:25:43.050,0.005,0,0.994,-0.122,0.061,0, , , , , , ,-0.038,-0.45,-108.314
 09:37:06.204,eb:33:2e:f9:57:b5, 2015-01-01 00:25:43.050,0.005,0,0.995,-0.061,0.061,0, , , , , , ,-0.038,-0.45,-108.314
 09:37:06.204,eb:33:2e:f9:57:b5, 2015-01-01 00:25:43.050,0.003,0,0.995,-0.061,0.122,0.061, , , , , , ,-0.038,-0.45,-108.314
 09:37:06.204,eb:33:2e:f9:57:b5, 2015-01-01 00:25:43.050,0.003,0,0.994,0,0.061,0, , , , , , ,-0.038,-0.45,-108.314
 09:37:06.204,eb:33:2e:f9:57:b5, 2015-01-01 00:25:43.050,0.002,0,0.995,0,0,0.061, , , , , , ,-0.038,-0.45,-108.314
 09:37:06.248,eb:33:2e:f9:57:b5, 2015-01-01 00:25:43.050,0.003,0,0.995,0.061,0,0.122, , , , , , ,-0.038,-0.445,-108.309
 09:37:06.248,eb:33:2e:f9:57:b5, 2015-01-01 00:25:43.050,0.004,0,0.995,0.061,0,0.061, , , , , , ,-0.038,-0.445,-108.309
 09:37:06.248,eb:33:2e:f9:57:b5, 2015-01-01 00:25:43.050,0.004,0,0.995,0.122,0,0.122, , , , , , ,-0.038,-0.445,-108.309
 09:37:06.248,eb:33:2e:f9:57:b5, 2015-01-01 00:25:43.050,0.003,0,0.995,0.183,0,0.183, , , , , , ,-0.038,-0.445,-108.309
 09:37:06.248,eb:33:2e:f9:57:b5, 2015-01-01 00:25:43.050,0.002,0,0.994,0.183,0,0.122, , , , , , ,-0.038,-0.445,-108.309
 09:37:06.248,eb:33:2e:f9:57:b5, 2015-01-01 00:25:43.050,0.003,0,0.994,0.122,-0.061,0.122, , , , , , ,-0.038,-0.445,-108.309
 09:37:06.248,eb:33:2e:f9:57:b5, 2015-01-01 00:25:43.050,0.003,0,0.994,0.122,-0.061,0.183, , , , , , ,-0.038,-0.445,-108.309
 09:37:06.248,eb:33:2e:f9:57:b5, 2015-01-01 00:25:43.050,0.004,0,0.994,0.244,-0.122,0.183, , , , , , ,-0.038,-0.445,-108.309
 09:37:06.270,eb:33:2e:f9:57:b5, 2015-01-01 00:25:43.050,0.004,0,0.994,0.244,-0.122,0.122, , , , , , ,-0.038,-0.445,-108.309
 09:37:06.270,eb:33:2e:f9:57:b5, 2015-01-01 00:25:43.050,0.004,0,0.995,0.244,-0.122,0.183, , , , , , ,-0.038,-0.445,-108.309
 09:37:06.270,eb:33:2e:f9:57:b5, 2015-01-01 00:25:43.050,0.003,0,0.994,0.244,-0.122,0.122, , , , , , ,-0.038,-0.445,-108.309
 09:37:06.270,eb:33:2e:f9:57:b5, 2015-01-01 00:25:43.050,0.003,0.001,0.993,0.183,-0.183,0.183, , , , , , ,-0.038,-0.445,-108.309
 09:37:06.270,eb:33:2e:f9:57:b5, 2015-01-01 00:25:43.050,0.004,0.001,0.993,0.183,-0.183,0.183, , , , , , ,-0.038,-0.445,-108.309
 09:37:06.270,eb:33:2e:f9:57:b5, 2015-01-01 00:25:43.050,0.004,0,0.993,0.183,-0.183,0.183, , , , , , ,-0.038,-0.445,-108.309
 09:37:06.270,eb:33:2e:f9:57:b5, 2015-01-01 00:25:43.050,0.004,0.001,0.993,0.122,-0.183,0.183, , , , , , ,-0.038,-0.445,-108.309
 09:37:06.270,eb:33:2e:f9:57:b5, 2015-01-01 00:25:43.050,0.005,0.002,0.993,0.183,-0.244,0.122, , , , , , ,-0.038,-0.445,-108.309
 09:37:06.316,eb:33:2e:f9:57:b5, 2015-01-01 00:25:43.050,0.005,0.002,0.994,0.061,-0.183,0.061, , , , , , ,-0.038,-0.439,-108.309
 09:37:06.316,eb:33:2e:f9:57:b5, 2015-01-01 00:25:43.050,0.005,0.001,0.994,0.122,-0.183,0.122, , , , , , ,-0.038,-0.439,-108.309
 09:37:06.316,eb:33:2e:f9:57:b5, 2015-01-01 00:25:43.050,0.005,0.001,0.994,0.122,-0.122,0.122, , , , , , ,-0.038,-0.439,-108.309
 09:37:06.316,eb:33:2e:f9:57:b5, 2015-01-01 00:25:43.050,0.004,0,0.994,0.061,-0.122,0.122, , , , , , ,-0.038,-0.439,-108.309
 09:37:06.316,eb:33:2e:f9:57:b5, 2015-01-01 00:25:43.050,0.004,0,0.994,0.122,-0.183,0.122, , , , , , ,-0.038,-0.439,-108.309
 09:37:06.316,eb:33:2e:f9:57:b5, 2015-01-01 00:25:43.050,0.004,0,0.995,0.122,-0.122,0.061, , , , , , ,-0.038,-0.439,-108.309
 09:37:06.316,eb:33:2e:f9:57:b5, 2015-01-01 00:25:43.050,0.005,0,0.995,0.122,-0.183,0.061, , , , , , ,-0.038,-0.439,-108.309
 09:37:06.316,eb:33:2e:f9:57:b5, 2015-01-01 00:25:43.050,0.004,0.001,0.993,0.183,-0.122,0.061, , , , , , ,-0.038,-0.439,-108.309
 09:37:06.360,eb:33:2e:f9:57:b5, 2015-01-01 00:25:43.050,0.005,0.002,0.993,0.122,-0.061,0.061, , , , , , ,-0.038,-0.439,-108.309
 09:37:06.360,eb:33:2e:f9:57:b5, 2015-01-01 00:25:43.050,0.004,0.002,0.994,0.061,-0.061,0.122, , , , , , ,-0.038,-0.439,-108.309
 09:37:06.360,eb:33:2e:f9:57:b5, 2015-01-01 00:25:43.050,0.005,0.001,0.993,0.061,-0.061,0.061, , , , , , ,-0.038,-0.439,-108.309
 09:37:06.360,eb:33:2e:f9:57:b5, 2015-01-01 00:25:43.050,0.006,0.001,0.993,0,-0.061,0.122, , , , , , ,-0.038,-0.439,-108.309
 09:37:06.360,eb:33:2e:f9:57:b5, 2015-01-01 00:25:43.050,0.005,0.001,0.993,0.061,-0.061,0.122, , , , , , ,-0.038,-0.439,-108.309
 09:37:06.360,eb:33:2e:f9:57:b5, 2015-01-01 00:25:43.050,0.004,0.001,0.993,0,-0.061,0.061, , , , , , ,-0.038,-0.439,-108.309
 09:37:06.361,eb:33:2e:f9:57:b5, 2015-01-01 00:25:43.050,0.004,0,0.993,0.061,-0.122,0.061, , , , , , ,-0.038,-0.439,-108.309
 09:37:06.361,eb:33:2e:f9:57:b5, 2015-01-01 00:25:43.050,0.005,0,0.994,0.061,-0.061,0.061, , , , , , ,-0.038,-0.439,-108.309
 09:37:06.405,eb:33:2e:f9:57:b5, 2015-01-01 00:25:43.050,0.005,0.001,0.995,0.061,-0.061,0.061, , , , , , ,-0.038,-0.439,-108.309
 09:37:06.405,eb:33:2e:f9:57:b5, 2015-01-01 00:25:43.050,0.005,0,0.995,0.122,0,0.122, , , , , , ,-0.038,-0.439,-108.309
 09:37:06.405,eb:33:2e:f9:57:b5, 2015-01-01 00:25:43.050,0.005,0.001,0.994,0.122,-0.061,0, , , , , , ,-0.038,-0.439,-108.309
 09:37:06.405,eb:33:2e:f9:57:b5, 2015-01-01 00:25:43.050,0.005,0.001,0.994,0.122,-0.061,0.061, , , , , , ,-0.038,-0.439,-108.309
 09:37:06.405,eb:33:2e:f9:57:b5, 2015-01-01 00:25:43.050,0.005,0,0.994,0.122,-0.061,0.061, , , , , , ,-0.033,-0.439,-108.309
 09:37:06.405,eb:33:2e:f9:57:b5, 2015-01-01 00:25:43.050,0.004,0,0.995,0.183,0,0.061, , , , , , ,-0.033,-0.439,-108.309
 09:37:06.405,eb:33:2e:f9:57:b5, 2015-01-01 00:25:43.050,0.005,0,0.995,0.183,0,0.061, , , , , , ,-0.033,-0.439,-108.309
 09:37:06.405,eb:33:2e:f9:57:b5, 2015-01-01 00:25:43.050,0.005,0.001,0.996,0.122,0,0.061, , , , , , ,-0.033,-0.439,-108.309
 09:37:06.428,eb:33:2e:f9:57:b5, 2015-01-01 00:25:43.365,0.004,0.001,0.994,0.122,0,0.122, , , , , , ,-0.033,-0.434,-108.309
 09:37:06.428,eb:33:2e:f9:57:b5, 2015-01-01 00:25:43.365,0.005,0.001,0.993,0.183,0,0.061, , , , , , ,-0.033,-0.434,-108.309
 09:37:06.428,eb:33:2e:f9:57:b5, 2015-01-01 00:25:43.365,0.004,0.001,0.993,0.122,0,0.061, , , , , , ,-0.033,-0.434,-108.309
 09:37:06.428,eb:33:2e:f9:57:b5, 2015-01-01 00:25:43.365,0.004,0.001,0.994,0.122,0,0, , , , , , ,-0.033,-0.434,-108.309
 09:37:06.428,eb:33:2e:f9:57:b5, 2015-01-01 00:25:43.365,0.004,0.001,0.993,0.122,0,0.061, , , , , , ,-0.033,-0.434,-108.309
 09:37:06.428,eb:33:2e:f9:57:b5, 2015-01-01 00:25:43.365,0.005,0,0.993,0.122,0,0.061, , , , , , ,-0.033,-0.434,-108.309
 09:37:06.428,eb:33:2e:f9:57:b5, 2015-01-01 00:25:43.365,0.006,0.001,0.994,0.122,0,0, , , , , , ,-0.033,-0.434,-108.309
 09:37:06.428,eb:33:2e:f9:57:b5, 2015-01-01 00:25:43.365,0.006,0.001,0.995,0.061,0,0.061, , , , , , ,-0.033,-0.434,-108.309
 09:37:06.472,eb:33:2e:f9:57:b5, 2015-01-01 00:25:43.365,0.005,0.001,0.995,0.061,0,0.061, , , , , , ,-0.033,-0.434,-108.309
 09:37:06.472,eb:33:2e:f9:57:b5, 2015-01-01 00:25:43.365,0.005,0.001,0.994,0.061,0.061,0.061, , , , , , ,-0.033,-0.434,-108.309
 09:37:06.472,eb:33:2e:f9:57:b5, 2015-01-01 00:25:43.365,0.006,0,0.993,0.061,0,0.061, , , , , , ,-0.033,-0.434,-108.309
 09:37:06.472,eb:33:2e:f9:57:b5, 2015-01-01 00:25:43.365,0.006,0,0.995,0.061,0.061,0.061, , , , , , ,-0.033,-0.434,-108.309
 09:37:06.472,eb:33:2e:f9:57:b5, 2015-01-01 00:25:43.365,0.006,0,0.996,0.122,0.061,0, , , , , , ,-0.033,-0.434,-108.309
 09:37:06.472,eb:33:2e:f9:57:b5, 2015-01-01 00:25:43.365,0.005,0,0.997,0.183,0.183,0.061, , , , , , ,-0.033,-0.434,-108.309
 09:37:06.472,eb:33:2e:f9:57:b5, 2015-01-01 00:25:43.365,0.004,0,0.995,0.122,0.183,0.122, , , , , , ,-0.033,-0.434,-108.309
 09:37:06.472,eb:33:2e:f9:57:b5, 2015-01-01 00:25:43.365,0.005,0.001,0.995,0.122,0.183,0.061, , , , , , ,-0.033,-0.434,-108.309
 09:37:06.518,eb:33:2e:f9:57:b5, 2015-01-01 00:25:43.365,0.004,0,0.995,0.122,0.183,0.061, , , , , , ,-0.033,-0.434,-108.309
 09:37:06.518,eb:33:2e:f9:57:b5, 2015-01-01 00:25:43.365,0.004,0,0.994,0.183,0.183,0.122, , , , , , ,-0.033,-0.434,-108.309
 09:37:06.518,eb:33:2e:f9:57:b5, 2015-01-01 00:25:43.365,0.005,0.001,0.994,0.183,0.183,0.122, , , , , , ,-0.033,-0.434,-108.309
 09:37:06.518,eb:33:2e:f9:57:b5, 2015-01-01 00:25:43.365,0.006,0,0.995,0.183,0.244,0.183, , , , , , ,-0.033,-0.434,-108.309
 09:37:06.518,eb:33:2e:f9:57:b5, 2015-01-01 00:25:43.365,0.005,0.001,0.995,0.122,0.244,0.183, , , , , , ,-0.033,-0.434,-108.309
 09:37:06.519,eb:33:2e:f9:57:b5, 2015-01-01 00:25:43.365,0.005,0.001,0.993,0.061,0.244,0.183, , , , , , ,-0.033,-0.434,-108.309
 09:37:06.519,eb:33:2e:f9:57:b5, 2015-01-01 00:25:43.365,0.005,0.001,0.994,0.122,0.305,0.244, , , , , , ,-0.033,-0.434,-108.309
 09:37:06.519,eb:33:2e:f9:57:b5, 2015-01-01 00:25:43.365,0.006,0.001,0.995,0.061,0.305,0.183, , , , , , ,-0.033,-0.434,-108.309
 09:37:06.562,eb:33:2e:f9:57:b5, 2015-01-01 00:25:43.365,0.007,0.001,0.995,0.061,0.427,0.244, , , , , , ,-0.033,-0.434,-108.309
 09:37:06.562,eb:33:2e:f9:57:b5, 2015-01-01 00:25:43.365,0.005,0.001,0.995,0.061,0.488,0.183, , , , , , ,-0.033,-0.434,-108.309
 09:37:06.562,eb:33:2e:f9:57:b5, 2015-01-01 00:25:43.365,0.005,0.001,0.994,0.061,0.549,0.244, , , , , , ,-0.033,-0.434,-108.303
 09:37:06.562,eb:33:2e:f9:57:b5, 2015-01-01 00:25:43.365,0.004,0.002,0.993,0,0.549,0.183, , , , , , ,-0.033,-0.434,-108.303
 09:37:06.562,eb:33:2e:f9:57:b5, 2015-01-01 00:25:43.365,0.004,0.001,0.993,0.061,0.549,0.305, , , , , , ,-0.033,-0.434,-108.303
 09:37:06.562,eb:33:2e:f9:57:b5, 2015-01-01 00:25:43.365,0.004,0.001,0.994,0,0.549,0.244, , , , , , ,-0.033,-0.434,-108.303
 09:37:06.562,eb:33:2e:f9:57:b5, 2015-01-01 00:25:43.365,0.005,0.001,0.993,0,0.61,0.183, , , , , , ,-0.033,-0.434,-108.303
 09:37:06.562,eb:33:2e:f9:57:b5, 2015-01-01 00:25:43.365,0.005,0.002,0.994,0,0.671,0.183, , , , , , ,-0.033,-0.434,-108.303
 09:37:06.607,eb:33:2e:f9:57:b5, 2015-01-01 00:25:43.365,0.004,0.001,0.993,0,0.671,0.305, , , , , , ,-0.033,-0.428,-108.303
 09:37:06.607,eb:33:2e:f9:57:b5, 2015-01-01 00:25:43.365,0.002,0.001,0.993,-0.061,0.61,0.244, , , , , , ,-0.033,-0.428,-108.303
 09:37:06.607,eb:33:2e:f9:57:b5, 2015-01-01 00:25:43.365,0.003,0.001,0.992,-0.061,0.549,0.244, , , , , , ,-0.033,-0.428,-108.303
 09:37:06.607,eb:33:2e:f9:57:b5, 2015-01-01 00:25:43.365,0.004,0.001,0.993,-0.061,0.488,0.244, , , , , , ,-0.033,-0.428,-108.303
 09:37:06.607,eb:33:2e:f9:57:b5, 2015-01-01 00:25:43.365,0.002,0.001,0.993,-0.122,0.549,0.244, , , , , , ,-0.027,-0.428,-108.303
 09:37:06.607,eb:33:2e:f9:57:b5, 2015-01-01 00:25:43.365,0.002,0.001,0.993,-0.122,0.488,0.244, , , , , , ,-0.027,-0.428,-108.303
 09:37:06.607,eb:33:2e:f9:57:b5, 2015-01-01 00:25:43.365,0.001,0.001,0.992,-0.122,0.427,0.305, , , , , , ,-0.027,-0.428,-108.303
 09:37:06.607,eb:33:2e:f9:57:b5, 2015-01-01 00:25:43.365,0.004,0,0.993,-0.122,0.366,0.305, , , , , , ,-0.027,-0.428,-108.303
 09:37:06.631,eb:33:2e:f9:57:b5, 2015-01-01 00:25:43.365,0.005,0,0.993,-0.061,0.366,0.305, , , , , , ,-0.027,-0.428,-108.303
 09:37:06.631,eb:33:2e:f9:57:b5, 2015-01-01 00:25:43.365,0.002,0.001,0.994,-0.122,0.427,0.244, , , , , , ,-0.027,-0.428,-108.303
 09:37:06.631,eb:33:2e:f9:57:b5, 2015-01-01 00:25:43.365,0.001,0,0.992,-0.061,0.366,0.244, , , , , , ,-0.027,-0.428,-108.303
 09:37:06.631,eb:33:2e:f9:57:b5, 2015-01-01 00:25:43.365,0,0,0.991,-0.061,0.305,0.244, , , , , , ,-0.027,-0.428,-108.303
 09:37:06.631,eb:33:2e:f9:57:b5, 2015-01-01 00:25:43.365,0.005,0.001,0.991,-0.122,0.122,0.244, , , , , , ,-0.027,-0.428,-108.303
 09:37:06.631,eb:33:2e:f9:57:b5, 2015-01-01 00:25:43.365,0.005,0.002,0.994,-0.183,0.183,0.244, , , , , , ,-0.027,-0.428,-108.303
 09:37:06.631,eb:33:2e:f9:57:b5, 2015-01-01 00:25:43.365,0.003,0.001,0.994,-0.244,0.305,0.244, , , , , , ,-0.027,-0.428,-108.303
 09:37:06.631,eb:33:2e:f9:57:b5, 2015-01-01 00:25:43.365,0.003,0,0.995,-0.183,0.305,0.244, , , , , , ,-0.027,-0.428,-108.303
 09:37:06.674,eb:33:2e:f9:57:b5, 2015-01-01 00:25:43.365,0.002,0,0.993,-0.183,0.244,0.183, , , , , , ,-0.027,-0.428,-108.303
 09:37:06.674,eb:33:2e:f9:57:b5, 2015-01-01 00:25:43.365,0.002,0.001,0.992,-0.244,0.183,0.183, , , , , , ,-0.027,-0.428,-108.303
 09:37:06.674,eb:33:2e:f9:57:b5, 2015-01-01 00:25:43.365,0.005,0.001,0.994,-0.244,0.122,0.183, , , , , , ,-0.027,-0.428,-108.303
 09:37:06.674,eb:33:2e:f9:57:b5, 2015-01-01 00:25:43.365,0.003,0.001,0.995,-0.183,0.183,0.122, , , , , , ,-0.027,-0.428,-108.303
 09:37:06.674,eb:33:2e:f9:57:b5, 2015-01-01 00:25:43.365,0.001,0.001,0.993,-0.244,0.122,0.122, , , , , , ,-0.027,-0.423,-108.303
 09:37:06.674,eb:33:2e:f9:57:b5, 2015-01-01 00:25:43.365,0.004,0.001,0.992,-0.244,0.061,0.061, , , , , , ,-0.027,-0.423,-108.303
 09:37:06.674,eb:33:2e:f9:57:b5, 2015-01-01 00:25:43.365,0.006,0.001,0.993,-0.183,0,0.061, , , , , , ,-0.027,-0.423,-108.303
 09:37:06.674,eb:33:2e:f9:57:b5, 2015-01-01 00:25:43.365,0.006,0.001,0.994,-0.183,0,0, , , , , , ,-0.027,-0.423,-108.303
 09:37:06.721,eb:33:2e:f9:57:b5, 2015-01-01 00:25:43.365,0.005,0.001,0.994,-0.244,0.183,0, , , , , , ,-0.027,-0.423,-108.303
 09:37:06.721,eb:33:2e:f9:57:b5, 2015-01-01 00:25:43.365,0.003,0.001,0.994,-0.305,0.305,0, , , , , , ,-0.027,-0.423,-108.303
 09:37:06.721,eb:33:2e:f9:57:b5, 2015-01-01 00:25:43.365,0.003,0,0.994,-0.244,0.305,0.061, , , , , , ,-0.027,-0.423,-108.303
 09:37:06.721,eb:33:2e:f9:57:b5, 2015-01-01 00:25:43.365,0.002,-0.001,0.995,-0.183,0.305,0.061, , , , , , ,-0.027,-0.423,-108.303
 09:37:06.721,eb:33:2e:f9:57:b5, 2015-01-01 00:25:43.365,0.003,-0.002,0.995,-0.122,0.366,0.122, , , , , , ,-0.027,-0.423,-108.303
 09:37:06.721,eb:33:2e:f9:57:b5, 2015-01-01 00:25:43.365,0.002,0,0.995,-0.061,0.305,0.122, , , , , , ,-0.027,-0.423,-108.303
 09:37:06.721,eb:33:2e:f9:57:b5, 2015-01-01 00:25:43.365,0.001,0,0.994,-0.122,0.244,0.122, , , , , , ,-0.027,-0.423,-108.303
 09:37:06.721,eb:33:2e:f9:57:b5, 2015-01-01 00:25:43.365,0.001,0,0.993,-0.061,0.183,0.122, , , , , , ,-0.027,-0.423,-108.303
 09:37:06.765,eb:33:2e:f9:57:b5, 2015-01-01 00:25:43.675,0.001,0,0.993,-0.061,0.122,0.183, , , , , , ,-0.027,-0.423,-108.303
 09:37:06.765,eb:33:2e:f9:57:b5, 2015-01-01 00:25:43.675,0.002,0,0.992,-0.122,0,0.183, , , , , , ,-0.027,-0.423,-108.303
 09:37:06.765,eb:33:2e:f9:57:b5, 2015-01-01 00:25:43.675,0.002,0,0.993,-0.061,0,0.122, , , , , , ,-0.027,-0.423,-108.303
 09:37:06.765,eb:33:2e:f9:57:b5, 2015-01-01 00:25:43.675,0.002,0,0.993,-0.122,0,0.122, , , , , , ,-0.027,-0.423,-108.303
 09:37:06.765,eb:33:2e:f9:57:b5, 2015-01-01 00:25:43.675,0.004,0,0.993,-0.061,0,0.122, , , , , , ,-0.027,-0.417,-108.303
 09:37:06.765,eb:33:2e:f9:57:b5, 2015-01-01 00:25:43.675,0.004,0,0.994,-0.061,-0.061,0.061, , , , , , ,-0.027,-0.417,-108.303
 09:37:06.765,eb:33:2e:f9:57:b5, 2015-01-01 00:25:43.675,0.005,0,0.993,-0.122,-0.061,0.061, , , , , , ,-0.027,-0.417,-108.303
 09:37:06.766,eb:33:2e:f9:57:b5, 2015-01-01 00:25:43.675,0.003,0.001,0.994,-0.183,0,0.061, , , , , , ,-0.027,-0.417,-108.303
 09:37:06.810,eb:33:2e:f9:57:b5, 2015-01-01 00:25:43.675,0.002,0.001,0.993,-0.244,-0.061,0.061, , , , , , ,-0.027,-0.417,-108.303
 09:37:06.810,eb:33:2e:f9:57:b5, 2015-01-01 00:25:43.675,0.004,0,0.993,-0.244,-0.061,0, , , , , , ,-0.027,-0.417,-108.303
 09:37:06.810,eb:33:2e:f9:57:b5, 2015-01-01 00:25:43.675,0.004,0,0.993,-0.244,-0.061,0, , , , , , ,-0.027,-0.417,-108.303
 09:37:06.810,eb:33:2e:f9:57:b5, 2015-01-01 00:25:43.675,0.004,0,0.994,-0.183,-0.061,0, , , , , , ,-0.027,-0.417,-108.303
 09:37:06.810,eb:33:2e:f9:57:b5, 2015-01-01 00:25:43.675,0.003,0,0.994,-0.305,0,0, , , , , , ,-0.027,-0.417,-108.303
 09:37:06.810,eb:33:2e:f9:57:b5, 2015-01-01 00:25:43.675,0.003,0,0.994,-0.305,0,0, , , , , , ,-0.027,-0.417,-108.303
 09:37:06.810,eb:33:2e:f9:57:b5, 2015-01-01 00:25:43.675,0.004,0,0.994,-0.305,-0.061,0, , , , , , ,-0.027,-0.417,-108.303
 09:37:06.810,eb:33:2e:f9:57:b5, 2015-01-01 00:25:43.675,0.004,-0.001,0.994,-0.305,0,0, , , , , , ,-0.027,-0.417,-108.303
 09:37:06.833,eb:33:2e:f9:57:b5, 2015-01-01 00:25:43.675,0.003,0,0.995,-0.305,0,0, , , , , , ,-0.027,-0.417,-108.303
 09:37:06.833,eb:33:2e:f9:57:b5, 2015-01-01 00:25:43.675,0.002,0,0.994,-0.244,0,0, , , , , , ,-0.027,-0.417,-108.303
 09:37:06.833,eb:33:2e:f9:57:b5, 2015-01-01 00:25:43.675,0.003,0,0.993,-0.305,-0.061,0, , , , , , ,-0.027,-0.417,-108.303
 09:37:06.833,eb:33:2e:f9:57:b5, 2015-01-01 00:25:43.675,0.004,0,0.995,-0.244,-0.122,0, , , , , , ,-0.027,-0.417,-108.303
 09:37:06.833,eb:33:2e:f9:57:b5, 2015-01-01 00:25:43.675,0.003,-0.001,0.995,-0.183,-0.122,0, , , , , , ,-0.027,-0.417,-108.303
 09:37:06.833,eb:33:2e:f9:57:b5, 2015-01-01 00:25:43.675,0.003,-0.001,0.996,-0.183,-0.061,0, , , , , , ,-0.027,-0.417,-108.303
 09:37:06.833,eb:33:2e:f9:57:b5, 2015-01-01 00:25:43.675,0.003,-0.001,0.995,-0.122,-0.122,0, , , , , , ,-0.027,-0.417,-108.303
 09:37:06.833,eb:33:2e:f9:57:b5, 2015-01-01 00:25:43.675,0.004,-0.001,0.994,-0.122,-0.122,0, , , , , , ,-0.027,-0.417,-108.303
 09:37:06.878,eb:33:2e:f9:57:b5, 2015-01-01 00:25:43.675,0.005,-0.001,0.995,-0.061,-0.061,0, , , , , , ,-0.027,-0.412,-108.303
 09:37:06.878,eb:33:2e:f9:57:b5, 2015-01-01 00:25:43.675,0.004,-0.001,0.996,-0.061,0,0, , , , , , ,-0.027,-0.412,-108.303
 09:37:06.878,eb:33:2e:f9:57:b5, 2015-01-01 00:25:43.675,0.002,-0.001,0.994,0,0,0, , , , , , ,-0.027,-0.412,-108.298
 09:37:06.878,eb:33:2e:f9:57:b5, 2015-01-01 00:25:43.675,0.004,-0.001,0.994,0,-0.061,0, , , , , , ,-0.027,-0.412,-108.298
 09:37:06.878,eb:33:2e:f9:57:b5, 2015-01-01 00:25:43.675,0.005,-0.001,0.995,0,0,0, , , , , , ,-0.027,-0.412,-108.298
 09:37:06.878,eb:33:2e:f9:57:b5, 2015-01-01 00:25:43.675,0.005,0,0.996,0,0,0, , , , , , ,-0.027,-0.412,-108.298
 09:37:06.878,eb:33:2e:f9:57:b5, 2015-01-01 00:25:43.675,0.004,0,0.995,0,0,0, , , , , , ,-0.027,-0.412,-108.298
 09:37:06.878,eb:33:2e:f9:57:b5, 2015-01-01 00:25:43.675,0.004,0,0.994,0,0.061,-0.061, , , , , , ,-0.027,-0.412,-108.298
 09:37:06.923,eb:33:2e:f9:57:b5, 2015-01-01 00:25:43.675,0.004,0,0.995,0,0.061,-0.061, , , , , , ,-0.027,-0.412,-108.298
 09:37:06.923,eb:33:2e:f9:57:b5, 2015-01-01 00:25:43.675,0.004,-0.001,0.995,0.061,0.061,-0.122, , , , , , ,-0.027,-0.412,-108.298
 09:37:06.923,eb:33:2e:f9:57:b5, 2015-01-01 00:25:43.675,0.003,-0.001,0.995,0.061,0.061,-0.061, , , , , , ,-0.027,-0.412,-108.298
 09:37:06.923,eb:33:2e:f9:57:b5, 2015-01-01 00:25:43.675,0.003,-0.001,0.995,0.061,0.122,-0.061, , , , , , ,-0.027,-0.412,-108.298
 09:37:06.923,eb:33:2e:f9:57:b5, 2015-01-01 00:25:43.675,0.004,-0.001,0.995,0.122,0.122,0, , , , , , ,-0.027,-0.412,-108.298
 09:37:06.923,eb:33:2e:f9:57:b5, 2015-01-01 00:25:43.675,0.004,-0.001,0.995,0.183,0.122,0, , , , , , ,-0.027,-0.412,-108.298
 09:37:06.923,eb:33:2e:f9:57:b5, 2015-01-01 00:25:43.675,0.003,-0.001,0.996,0.244,0.122,-0.061, , , , , , ,-0.027,-0.412,-108.298
 09:37:06.923,eb:33:2e:f9:57:b5, 2015-01-01 00:25:43.675,0.003,0,0.995,0.244,0.183,-0.061, , , , , , ,-0.027,-0.412,-108.298
 09:37:06.968,eb:33:2e:f9:57:b5, 2015-01-01 00:25:43.675,0.003,-0.001,0.995,0.244,0.244,0, , , , , , ,-0.027,-0.412,-108.298
 09:37:06.968,eb:33:2e:f9:57:b5, 2015-01-01 00:25:43.675,0.002,-0.001,0.994,0.305,0.183,-0.061, , , , , , ,-0.027,-0.412,-108.298
 09:37:06.968,eb:33:2e:f9:57:b5, 2015-01-01 00:25:43.675,0.003,-0.001,0.994,0.305,0.122,0, , , , , , ,-0.027,-0.412,-108.298
 09:37:06.968,eb:33:2e:f9:57:b5, 2015-01-01 00:25:43.675,0.003,-0.001,0.995,0.366,0.183,0, , , , , , ,-0.027,-0.412,-108.298
 09:37:06.968,eb:33:2e:f9:57:b5, 2015-01-01 00:25:43.675,0.004,0,0.994,0.305,0.122,0, , , , , , ,-0.027,-0.406,-108.298
 09:37:06.968,eb:33:2e:f9:57:b5, 2015-01-01 00:25:43.675,0.004,0,0.995,0.305,0.122,0, , , , , , ,-0.027,-0.406,-108.298
 09:37:06.968,eb:33:2e:f9:57:b5, 2015-01-01 00:25:43.675,0.004,0,0.995,0.244,0.183,0, , , , , , ,-0.027,-0.406,-108.298
 09:37:06.968,eb:33:2e:f9:57:b5, 2015-01-01 00:25:43.675,0.004,-0.001,0.995,0.305,0.244,0, , , , , , ,-0.027,-0.406,-108.298
 09:37:07.014,eb:33:2e:f9:57:b5, 2015-01-01 00:25:43.675,0.004,0,0.994,0.305,0.244,-0.061, , , , , , ,-0.027,-0.406,-108.298
 09:37:07.014,eb:33:2e:f9:57:b5, 2015-01-01 00:25:43.675,0.003,0,0.994,0.305,0.305,0, , , , , , ,-0.027,-0.406,-108.298
 09:37:07.014,eb:33:2e:f9:57:b5, 2015-01-01 00:25:43.675,0.003,0,0.994,0.305,0.244,0, , , , , , ,-0.027,-0.406,-108.298
 09:37:07.014,eb:33:2e:f9:57:b5, 2015-01-01 00:25:43.675,0.002,0,0.993,0.244,0.244,0, , , , , , ,-0.027,-0.406,-108.298
 09:37:07.014,eb:33:2e:f9:57:b5, 2015-01-01 00:25:43.675,0.002,0,0.993,0.244,0.244,0, , , , , , ,-0.027,-0.406,-108.298
 09:37:07.014,eb:33:2e:f9:57:b5, 2015-01-01 00:25:43.675,0.003,0,0.994,0.244,0.244,0, , , , , , ,-0.027,-0.406,-108.298
 09:37:07.014,eb:33:2e:f9:57:b5, 2015-01-01 00:25:43.675,0.003,0,0.994,0.244,0.244,0, , , , , , ,-0.027,-0.406,-108.298
 09:37:07.014,eb:33:2e:f9:57:b5, 2015-01-01 00:25:43.675,0.003,0,0.994,0.244,0.244,0, , , , , , ,-0.027,-0.406,-108.298
 09:37:07.036,eb:33:2e:f9:57:b5, 2015-01-01 00:25:43.965,0.002,0.001,0.993,0.244,0.183,0, , , , , , ,-0.027,-0.406,-108.298
 09:37:07.036,eb:33:2e:f9:57:b5, 2015-01-01 00:25:43.965,0.002,0,0.993,0.122,0.183,0, , , , , , ,-0.027,-0.406,-108.298
 09:37:07.036,eb:33:2e:f9:57:b5, 2015-01-01 00:25:43.965,0.003,0,0.993,0.183,0.122,0, , , , , , ,-0.027,-0.406,-108.298
 09:37:07.036,eb:33:2e:f9:57:b5, 2015-01-01 00:25:43.965,0.003,0,0.993,0.061,0.122,0, , , , , , ,-0.027,-0.406,-108.298
 09:37:07.036,eb:33:2e:f9:57:b5, 2015-01-01 00:25:43.965,0.003,0,0.994,0.122,0.122,0, , , , , , ,-0.027,-0.406,-108.298
 09:37:07.036,eb:33:2e:f9:57:b5, 2015-01-01 00:25:43.965,0.003,0,0.994,0.061,0.122,0, , , , , , ,-0.027,-0.406,-108.298
 09:37:07.036,eb:33:2e:f9:57:b5, 2015-01-01 00:25:43.965,0.003,-0.001,0.994,0.122,0.183,0, , , , , , ,-0.027,-0.406,-108.298
 09:37:07.036,eb:33:2e:f9:57:b5, 2015-01-01 00:25:43.965,0.003,0,0.994,0.122,0.183,0, , , , , , ,-0.027,-0.406,-108.298
 09:37:07.081,eb:33:2e:f9:57:b5, 2015-01-01 00:25:43.965,0.003,-0.001,0.995,0.244,0.183,0, , , , , , ,-0.027,-0.401,-108.298
 09:37:07.081,eb:33:2e:f9:57:b5, 2015-01-01 00:25:43.965,0.004,0,0.995,0.183,0.122,-0.061, , , , , , ,-0.027,-0.401,-108.298
 09:37:07.081,eb:33:2e:f9:57:b5, 2015-01-01 00:25:43.965,0.003,0,0.994,0.183,0.122,0, , , , , , ,-0.027,-0.401,-108.298
 09:37:07.081,eb:33:2e:f9:57:b5, 2015-01-01 00:25:43.965,0.004,0,0.994,0.183,0.122,0, , , , , , ,-0.027,-0.401,-108.298
 09:37:07.081,eb:33:2e:f9:57:b5, 2015-01-01 00:25:43.965,0.004,0,0.994,0.244,0.122,0, , , , , , ,-0.027,-0.401,-108.298
 09:37:07.081,eb:33:2e:f9:57:b5, 2015-01-01 00:25:43.965,0.003,0,0.994,0.183,0.244,0, , , , , , ,-0.027,-0.401,-108.298
 09:37:07.081,eb:33:2e:f9:57:b5, 2015-01-01 00:25:43.965,0.003,0,0.994,0.183,0.183,0, , , , , , ,-0.027,-0.401,-108.298
 09:37:07.081,eb:33:2e:f9:57:b5, 2015-01-01 00:25:43.965,0.003,0,0.994,0.122,0.183,0, , , , , , ,-0.027,-0.401,-108.298
 09:37:07.125,eb:33:2e:f9:57:b5, 2015-01-01 00:25:43.965,0.003,0,0.994,0.183,0.183,0, , , , , , ,-0.027,-0.401,-108.298
 09:37:07.125,eb:33:2e:f9:57:b5, 2015-01-01 00:25:43.965,0.003,0,0.993,0.183,0.183,0, , , , , , ,-0.027,-0.401,-108.298
 09:37:07.125,eb:33:2e:f9:57:b5, 2015-01-01 00:25:43.965,0.003,0,0.994,0.244,0.183,0, , , , , , ,-0.027,-0.401,-108.298
 09:37:07.125,eb:33:2e:f9:57:b5, 2015-01-01 00:25:43.965,0.002,-0.001,0.994,0.244,0.244,0, , , , , , ,-0.027,-0.401,-108.298
 09:37:07.125,eb:33:2e:f9:57:b5, 2015-01-01 00:25:43.965,0.001,0,0.994,0.183,0.183,0, , , , , , ,-0.027,-0.401,-108.298
 09:37:07.125,eb:33:2e:f9:57:b5, 2015-01-01 00:25:43.965,0.001,0,0.993,0.244,0.122,0, , , , , , ,-0.027,-0.401,-108.298
 09:37:07.125,eb:33:2e:f9:57:b5, 2015-01-01 00:25:43.965,0.002,0,0.992,0.244,0.061,0, , , , , , ,-0.027,-0.401,-108.298
 09:37:07.125,eb:33:2e:f9:57:b5, 2015-01-01 00:25:43.965,0.003,-0.001,0.993,0.183,0,0, , , , , , ,-0.027,-0.401,-108.298
 09:37:07.170,eb:33:2e:f9:57:b5, 2015-01-01 00:25:43.965,0.004,0,0.994,0.183,0,0, , , , , , ,-0.027,-0.401,-108.298
 09:37:07.170,eb:33:2e:f9:57:b5, 2015-01-01 00:25:43.965,0.004,0,0.994,0.183,0.061,0, , , , , , ,-0.027,-0.401,-108.298
 09:37:07.170,eb:33:2e:f9:57:b5, 2015-01-01 00:25:43.965,0.004,0,0.993,0.183,0.061,0, , , , , , ,-0.027,-0.401,-108.298
 09:37:07.170,eb:33:2e:f9:57:b5, 2015-01-01 00:25:43.965,0.002,0.001,0.992,0.122,0.061,0, , , , , , ,-0.027,-0.401,-108.298
 09:37:07.170,eb:33:2e:f9:57:b5, 2015-01-01 00:25:43.965,0.003,0.001,0.992,0.122,0.061,0, , , , , , ,-0.027,-0.396,-108.298
 09:37:07.170,eb:33:2e:f9:57:b5, 2015-01-01 00:25:43.965,0.004,0,0.993,0.122,0.061,0, , , , , , ,-0.027,-0.396,-108.298
 09:37:07.170,eb:33:2e:f9:57:b5, 2015-01-01 00:25:43.965,0.003,0,0.995,0.122,0.122,0, , , , , , ,-0.027,-0.396,-108.298
 09:37:07.170,eb:33:2e:f9:57:b5, 2015-01-01 00:25:43.965,0.002,0,0.993,0.122,0.122,0, , , , , , ,-0.027,-0.396,-108.298
 09:37:07.215,eb:33:2e:f9:57:b5, 2015-01-01 00:25:43.965,0.002,0,0.994,0.122,0.061,0, , , , , , ,-0.027,-0.396,-108.298
 09:37:07.215,eb:33:2e:f9:57:b5, 2015-01-01 00:25:43.965,0.002,0,0.993,0.061,0,0, , , , , , ,-0.027,-0.396,-108.298
 09:37:07.215,eb:33:2e:f9:57:b5, 2015-01-01 00:25:43.965,0.003,0,0.993,0.122,0,0, , , , , , ,-0.027,-0.396,-108.298
 09:37:07.216,eb:33:2e:f9:57:b5, 2015-01-01 00:25:43.965,0.003,0,0.993,0.061,0,0, , , , , , ,-0.027,-0.396,-108.298
 09:37:07.217,eb:33:2e:f9:57:b5, 2015-01-01 00:25:43.965,0.003,0,0.993,0,0,0, , , , , , ,-0.027,-0.396,-108.298
 09:37:07.217,eb:33:2e:f9:57:b5, 2015-01-01 00:25:43.965,0.003,0,0.992,0,0,0, , , , , , ,-0.027,-0.396,-108.298
 09:37:07.217,eb:33:2e:f9:57:b5, 2015-01-01 00:25:43.965,0.003,0,0.993,0,0,0, , , , , , ,-0.027,-0.396,-108.298
 09:37:07.217,eb:33:2e:f9:57:b5, 2015-01-01 00:25:43.965,0.003,0,0.994,0,0,0, , , , , , ,-0.027,-0.396,-108.298
 09:37:07.238,eb:33:2e:f9:57:b5, 2015-01-01 00:25:43.965,0.003,0,0.994,0,0,0, , , , , , ,-0.027,-0.396,-108.298
 09:37:07.238,eb:33:2e:f9:57:b5, 2015-01-01 00:25:43.965,0.002,0,0.994,0,0,0, , , , , , ,-0.027,-0.396,-108.298
 09:37:07.238,eb:33:2e:f9:57:b5, 2015-01-01 00:25:43.965,0.002,0,0.994,0,0,0, , , , , , ,-0.027,-0.396,-108.298
 09:37:07.238,eb:33:2e:f9:57:b5, 2015-01-01 00:25:43.965,0.002,0,0.994,0,0,0, , , , , , ,-0.027,-0.396,-108.298
 09:37:07.238,eb:33:2e:f9:57:b5, 2015-01-01 00:25:43.965,0.003,0,0.993,0,0,0, , , , , , ,-0.027,-0.39,-108.298
 09:37:07.238,eb:33:2e:f9:57:b5, 2015-01-01 00:25:43.965,0.003,0,0.993,0,0,0, , , , , , ,-0.027,-0.39,-108.298
 09:37:07.238,eb:33:2e:f9:57:b5, 2015-01-01 00:25:43.965,0.002,0.001,0.993,0,0,0, , , , , , ,-0.027,-0.39,-108.298
 09:37:07.238,eb:33:2e:f9:57:b5, 2015-01-01 00:25:43.965,0.003,0,0.993,0,-0.061,0, , , , , , ,-0.027,-0.39,-108.298
 09:37:07.283,eb:33:2e:f9:57:b5, 2015-01-01 00:25:43.965,0.004,-0.001,0.994,0,0,0, , , , , , ,-0.027,-0.39,-108.298
 09:37:07.283,eb:33:2e:f9:57:b5, 2015-01-01 00:25:43.965,0.003,0,0.994,0.061,0,0, , , , , , ,-0.027,-0.39,-108.298
 09:37:07.283,eb:33:2e:f9:57:b5, 2015-01-01 00:25:43.965,0.003,0,0.994,0.061,0,0, , , , , , ,-0.027,-0.39,-108.292
 09:37:07.283,eb:33:2e:f9:57:b5, 2015-01-01 00:25:43.965,0.002,0,0.994,0.061,0,0, , , , , , ,-0.027,-0.39,-108.292
 09:37:07.283,eb:33:2e:f9:57:b5, 2015-01-01 00:25:43.965,0.003,0,0.994,0,0,0, , , , , , ,-0.027,-0.39,-108.292
 09:37:07.283,eb:33:2e:f9:57:b5, 2015-01-01 00:25:43.965,0.004,0,0.994,0.061,-0.061,0, , , , , , ,-0.027,-0.39,-108.292
 09:37:07.283,eb:33:2e:f9:57:b5, 2015-01-01 00:25:43.965,0.004,0,0.995,0.061,-0.061,0, , , , , , ,-0.027,-0.39,-108.292
 09:37:07.283,eb:33:2e:f9:57:b5, 2015-01-01 00:25:43.965,0.004,0,0.995,0.122,0,0, , , , , , ,-0.027,-0.39,-108.292
 09:37:07.328,eb:33:2e:f9:57:b5, 2015-01-01 00:25:43.965,0.003,0,0.994,0.061,0,0.061, , , , , , ,-0.027,-0.39,-108.292
 09:37:07.328,eb:33:2e:f9:57:b5, 2015-01-01 00:25:43.965,0.003,0,0.993,0.061,0,0.061, , , , , , ,-0.027,-0.39,-108.292
 09:37:07.328,eb:33:2e:f9:57:b5, 2015-01-01 00:25:43.965,0.003,0,0.992,0,0,0.061, , , , , , ,-0.027,-0.39,-108.292
 09:37:07.328,eb:33:2e:f9:57:b5, 2015-01-01 00:25:43.965,0.003,0,0.993,0,0,0, , , , , , ,-0.027,-0.39,-108.292
 09:37:07.328,eb:33:2e:f9:57:b5, 2015-01-01 00:25:43.965,0.003,0,0.993,0,0,0.061, , , , , , ,-0.027,-0.39,-108.292
 09:37:07.328,eb:33:2e:f9:57:b5, 2015-01-01 00:25:43.965,0.003,0,0.993,0,-0.061,0.061, , , , , , ,-0.027,-0.39,-108.292
 09:37:07.328,eb:33:2e:f9:57:b5, 2015-01-01 00:25:43.965,0.003,0,0.993,0,0,0, , , , , , ,-0.027,-0.39,-108.292
 09:37:07.328,eb:33:2e:f9:57:b5, 2015-01-01 00:25:43.965,0.003,0,0.992,0,-0.061,0.061, , , , , , ,-0.027,-0.39,-108.292
 09:37:07.372,eb:33:2e:f9:57:b5, 2015-01-01 00:25:44.280,0.003,0,0.992,0,0,0, , , , , , ,-0.027,-0.385,-108.292
 09:37:07.372,eb:33:2e:f9:57:b5, 2015-01-01 00:25:44.280,0.004,0,0.993,0,-0.122,0, , , , , , ,-0.027,-0.385,-108.292
 09:37:07.372,eb:33:2e:f9:57:b5, 2015-01-01 00:25:44.280,0.003,0,0.994,0,-0.061,0, , , , , , ,-0.027,-0.385,-108.292
 09:37:07.372,eb:33:2e:f9:57:b5, 2015-01-01 00:25:44.280,0.004,-0.001,0.995,0,-0.061,0, , , , , , ,-0.027,-0.385,-108.292
 09:37:07.372,eb:33:2e:f9:57:b5, 2015-01-01 00:25:44.280,0.003,0,0.994,0,0,0, , , , , , ,-0.027,-0.385,-108.292
 09:37:07.372,eb:33:2e:f9:57:b5, 2015-01-01 00:25:44.280,0.003,-0.001,0.993,0,-0.061,0, , , , , , ,-0.027,-0.385,-108.292
 09:37:07.372,eb:33:2e:f9:57:b5, 2015-01-01 00:25:44.280,0.003,0,0.993,0,-0.122,0, , , , , , ,-0.027,-0.385,-108.292
 09:37:07.372,eb:33:2e:f9:57:b5, 2015-01-01 00:25:44.280,0.004,0,0.994,0,-0.122,0, , , , , , ,-0.027,-0.385,-108.292
 09:37:07.394,eb:33:2e:f9:57:b5, 2015-01-01 00:25:44.280,0.004,0,0.995,0,-0.061,0, , , , , , ,-0.027,-0.385,-108.292
 09:37:07.394,eb:33:2e:f9:57:b5, 2015-01-01 00:25:44.280,0.004,0,0.995,0,0,0, , , , , , ,-0.027,-0.385,-108.292
 09:37:07.394,eb:33:2e:f9:57:b5, 2015-01-01 00:25:44.280,0.002,0,0.994,0.061,0,0, , , , , , ,-0.027,-0.385,-108.292
 09:37:07.394,eb:33:2e:f9:57:b5, 2015-01-01 00:25:44.280,0.002,0,0.994,0.061,-0.061,0, , , , , , ,-0.027,-0.385,-108.292
 09:37:07.394,eb:33:2e:f9:57:b5, 2015-01-01 00:25:44.280,0.004,-0.001,0.995,0.061,-0.061,0, , , , , , ,-0.027,-0.385,-108.292
 09:37:07.394,eb:33:2e:f9:57:b5, 2015-01-01 00:25:44.280,0.003,-0.001,0.995,0.061,-0.061,0, , , , , , ,-0.027,-0.385,-108.292
 09:37:07.394,eb:33:2e:f9:57:b5, 2015-01-01 00:25:44.280,0.004,-0.002,0.995,0.122,0,0, , , , , , ,-0.027,-0.385,-108.292
 09:37:07.394,eb:33:2e:f9:57:b5, 2015-01-01 00:25:44.280,0.003,-0.001,0.995,0.183,-0.061,0.061, , , , , , ,-0.027,-0.385,-108.292
 09:37:07.440,eb:33:2e:f9:57:b5, 2015-01-01 00:25:44.280,0.003,-0.001,0.995,0.183,0,0, , , , , , ,-0.027,-0.385,-108.292
 09:37:07.440,eb:33:2e:f9:57:b5, 2015-01-01 00:25:44.280,0.003,0,0.995,0.183,0,0.061, , , , , , ,-0.027,-0.385,-108.292
 09:37:07.440,eb:33:2e:f9:57:b5, 2015-01-01 00:25:44.280,0.004,0,0.994,0.244,0,0, , , , , , ,-0.027,-0.385,-108.292
 09:37:07.440,eb:33:2e:f9:57:b5, 2015-01-01 00:25:44.280,0.003,0,0.994,0.183,0,0, , , , , , ,-0.027,-0.385,-108.292
 09:37:07.440,eb:33:2e:f9:57:b5, 2015-01-01 00:25:44.280,0.004,0,0.993,0.244,0,0, , , , , , ,-0.027,-0.385,-108.292
 09:37:07.440,eb:33:2e:f9:57:b5, 2015-01-01 00:25:44.280,0.003,0,0.993,0.183,0,0, , , , , , ,-0.027,-0.385,-108.292
 09:37:07.440,eb:33:2e:f9:57:b5, 2015-01-01 00:25:44.280,0.004,0,0.993,0.183,0,0, , , , , , ,-0.027,-0.385,-108.292
 09:37:07.440,eb:33:2e:f9:57:b5, 2015-01-01 00:25:44.280,0.004,0,0.994,0.183,0,0, , , , , , ,-0.027,-0.385,-108.292
 09:37:07.487,eb:33:2e:f9:57:b5, 2015-01-01 00:25:44.280,0.003,0,0.994,0.244,0,0, , , , , , ,-0.027,-0.379,-108.292
 09:37:07.487,eb:33:2e:f9:57:b5, 2015-01-01 00:25:44.280,0.003,0,0.994,0.183,0,0, , , , , , ,-0.027,-0.379,-108.292
 09:37:07.487,eb:33:2e:f9:57:b5, 2015-01-01 00:25:44.280,0.004,0,0.993,0.183,0,0, , , , , , ,-0.027,-0.379,-108.292
 09:37:07.487,eb:33:2e:f9:57:b5, 2015-01-01 00:25:44.280,0.004,0,0.993,0.183,0,0, , , , , , ,-0.027,-0.379,-108.292
 09:37:07.487,eb:33:2e:f9:57:b5, 2015-01-01 00:25:44.280,0.003,0,0.993,0.122,0,0, , , , , , ,-0.027,-0.379,-108.292
 09:37:07.487,eb:33:2e:f9:57:b5, 2015-01-01 00:25:44.280,0.003,0,0.993,0.122,0,0, , , , , , ,-0.027,-0.379,-108.292
 09:37:07.487,eb:33:2e:f9:57:b5, 2015-01-01 00:25:44.280,0.003,0,0.993,0.122,0,0, , , , , , ,-0.027,-0.379,-108.292
 09:37:07.487,eb:33:2e:f9:57:b5, 2015-01-01 00:25:44.280,0.004,0,0.993,0.183,-0.061,0, , , , , , ,-0.027,-0.379,-108.292
 09:37:07.531,eb:33:2e:f9:57:b5, 2015-01-01 00:25:44.280,0.004,0,0.995,0.122,-0.061,0, , , , , , ,-0.027,-0.379,-108.292
 09:37:07.531,eb:33:2e:f9:57:b5, 2015-01-01 00:25:44.280,0.003,-0.001,0.994,0.061,0,0, , , , , , ,-0.027,-0.379,-108.292
 09:37:07.531,eb:33:2e:f9:57:b5, 2015-01-01 00:25:44.280,0.003,0,0.993,0.122,0,-0.061, , , , , , ,-0.027,-0.379,-108.292
 09:37:07.531,eb:33:2e:f9:57:b5, 2015-01-01 00:25:44.280,0.003,0,0.993,0.122,0,0, , , , , , ,-0.027,-0.379,-108.292
 09:37:07.531,eb:33:2e:f9:57:b5, 2015-01-01 00:25:44.280,0.003,0,0.993,0.061,0,0, , , , , , ,-0.027,-0.379,-108.292
 09:37:07.531,eb:33:2e:f9:57:b5, 2015-01-01 00:25:44.280,0.003,0,0.993,0.061,0,0, , , , , , ,-0.027,-0.379,-108.292
 09:37:07.531,eb:33:2e:f9:57:b5, 2015-01-01 00:25:44.280,0.003,0,0.994,0.061,0,0, , , , , , ,-0.027,-0.379,-108.292
 09:37:07.532,eb:33:2e:f9:57:b5, 2015-01-01 00:25:44.280,0.004,-0.001,0.994,0.061,-0.061,-0.061, , , , , , ,-0.027,-0.379,-108.292
 09:37:07.576,eb:33:2e:f9:57:b5, 2015-01-01 00:25:44.280,0.004,0,0.995,0.061,0,0, , , , , , ,-0.027,-0.379,-108.292
 09:37:07.576,eb:33:2e:f9:57:b5, 2015-01-01 00:25:44.280,0.004,-0.001,0.995,0.122,0,0, , , , , , ,-0.027,-0.379,-108.292
 09:37:07.576,eb:33:2e:f9:57:b5, 2015-01-01 00:25:44.280,0.003,-0.001,0.995,0.122,0.061,-0.061, , , , , , ,-0.027,-0.379,-108.292
 09:37:07.576,eb:33:2e:f9:57:b5, 2015-01-01 00:25:44.280,0.004,-0.001,0.995,0.061,0,-0.061, , , , , , ,-0.027,-0.379,-108.292
 09:37:07.576,eb:33:2e:f9:57:b5, 2015-01-01 00:25:44.280,0.003,-0.001,0.995,0.183,0,0, , , , , , ,-0.027,-0.379,-108.292
 09:37:07.576,eb:33:2e:f9:57:b5, 2015-01-01 00:25:44.280,0.003,0,0.995,0.183,0,0, , , , , , ,-0.027,-0.379,-108.292
 09:37:07.576,eb:33:2e:f9:57:b5, 2015-01-01 00:25:44.280,0.003,-0.001,0.995,0.183,0,0, , , , , , ,-0.027,-0.379,-108.292
 09:37:07.576,eb:33:2e:f9:57:b5, 2015-01-01 00:25:44.280,0.003,0,0.994,0.244,0.061,0, , , , , , ,-0.027,-0.379,-108.292
 09:37:07.597,eb:33:2e:f9:57:b5, 2015-01-01 00:25:44.280,0.005,0,0.994,0.244,0.061,0, , , , , , ,-0.027,-0.374,-108.292
 09:37:07.597,eb:33:2e:f9:57:b5, 2015-01-01 00:25:44.280,0.004,0,0.994,0.183,0.122,0, , , , , , ,-0.027,-0.374,-108.292
 09:37:07.597,eb:33:2e:f9:57:b5, 2015-01-01 00:25:44.280,0.003,0,0.995,0.183,0.122,0, , , , , , ,-0.027,-0.374,-108.292
 09:37:07.597,eb:33:2e:f9:57:b5, 2015-01-01 00:25:44.280,0.003,0,0.994,0.183,0.061,0, , , , , , ,-0.027,-0.374,-108.292
 09:37:07.597,eb:33:2e:f9:57:b5, 2015-01-01 00:25:44.280,0.003,0,0.993,0.183,0.061,-0.061, , , , , , ,-0.027,-0.374,-108.292
 09:37:07.597,eb:33:2e:f9:57:b5, 2015-01-01 00:25:44.280,0.003,0,0.993,0.244,0,0, , , , , , ,-0.027,-0.374,-108.292
 09:37:07.597,eb:33:2e:f9:57:b5, 2015-01-01 00:25:44.280,0.004,0,0.993,0.244,0,0, , , , , , ,-0.027,-0.374,-108.292
 09:37:07.597,eb:33:2e:f9:57:b5, 2015-01-01 00:25:44.280,0.004,0,0.994,0.244,0.061,-0.061, , , , , , ,-0.027,-0.374,-108.292
 09:37:07.643,eb:33:2e:f9:57:b5, 2015-01-01 00:25:44.280,0.004,0,0.994,0.183,0.061,-0.061, , , , , , ,-0.027,-0.374,-108.292
 09:37:07.643,eb:33:2e:f9:57:b5, 2015-01-01 00:25:44.280,0.004,0,0.994,0.183,0.061,-0.061, , , , , , ,-0.027,-0.374,-108.292
 09:37:07.643,eb:33:2e:f9:57:b5, 2015-01-01 00:25:44.280,0.003,0,0.994,0.183,0.122,0, , , , , , ,-0.027,-0.374,-108.292
 09:37:07.643,eb:33:2e:f9:57:b5, 2015-01-01 00:25:44.280,0.003,0,0.995,0.244,0.122,-0.061, , , , , , ,-0.027,-0.374,-108.292
 09:37:07.643,eb:33:2e:f9:57:b5, 2015-01-01 00:25:44.280,0.002,0,0.994,0.244,0.183,0, , , , , , ,-0.027,-0.374,-108.292
 09:37:07.643,eb:33:2e:f9:57:b5, 2015-01-01 00:25:44.280,0.003,0,0.994,0.244,0.122,0, , , , , , ,-0.027,-0.374,-108.292
 09:37:07.643,eb:33:2e:f9:57:b5, 2015-01-01 00:25:44.280,0.004,0,0.994,0.244,0.061,0, , , , , , ,-0.027,-0.374,-108.292
 09:37:07.643,eb:33:2e:f9:57:b5, 2015-01-01 00:25:44.280,0.004,0,0.994,0.305,0,0, , , , , , ,-0.027,-0.374,-108.292
 09:37:07.688,eb:33:2e:f9:57:b5, 2015-01-01 00:25:44.570,0.003,0,0.993,0.244,0.061,0, , , , , , ,-0.027,-0.374,-108.292
 09:37:07.688,eb:33:2e:f9:57:b5, 2015-01-01 00:25:44.570,0.003,0,0.993,0.244,0,0, , , , , , ,-0.027,-0.374,-108.292
 09:37:07.688,eb:33:2e:f9:57:b5, 2015-01-01 00:25:44.570,0.004,0,0.994,0.244,0,-0.061, , , , , , ,-0.027,-0.374,-108.292
 09:37:07.688,eb:33:2e:f9:57:b5, 2015-01-01 00:25:44.570,0.005,0,0.994,0.305,0,0, , , , , , ,-0.027,-0.374,-108.292
 09:37:07.688,eb:33:2e:f9:57:b5, 2015-01-01 00:25:44.570,0.004,0,0.995,0.305,0.061,-0.061, , , , , , ,-0.027,-0.374,-108.287
 09:37:07.688,eb:33:2e:f9:57:b5, 2015-01-01 00:25:44.570,0.003,0,0.994,0.305,0.122,-0.061, , , , , , ,-0.027,-0.374,-108.287
 09:37:07.688,eb:33:2e:f9:57:b5, 2015-01-01 00:25:44.570,0.002,0,0.994,0.244,0.061,-0.061, , , , , , ,-0.027,-0.374,-108.287
 09:37:07.688,eb:33:2e:f9:57:b5, 2015-01-01 00:25:44.570,0.002,0,0.993,0.305,0.061,-0.061, , , , , , ,-0.027,-0.374,-108.287
 09:37:07.732,eb:33:2e:f9:57:b5, 2015-01-01 00:25:44.570,0.003,0,0.993,0.244,0,-0.061, , , , , , ,-0.027,-0.368,-108.287
 09:37:07.732,eb:33:2e:f9:57:b5, 2015-01-01 00:25:44.570,0.004,0,0.993,0.305,0,0, , , , , , ,-0.027,-0.368,-108.287
 09:37:07.732,eb:33:2e:f9:57:b5, 2015-01-01 00:25:44.570,0.003,0,0.994,0.244,0,-0.061, , , , , , ,-0.027,-0.374,-108.287
 09:37:07.732,eb:33:2e:f9:57:b5, 2015-01-01 00:25:44.570,0.004,0,0.994,0.305,0,-0.061, , , , , , ,-0.027,-0.374,-108.287
 09:37:07.732,eb:33:2e:f9:57:b5, 2015-01-01 00:25:44.570,0.003,0,0.993,0.305,0,-0.061, , , , , , ,-0.027,-0.368,-108.287
 09:37:07.732,eb:33:2e:f9:57:b5, 2015-01-01 00:25:44.570,0.003,0,0.994,0.244,0,-0.061, , , , , , ,-0.027,-0.368,-108.287
 09:37:07.732,eb:33:2e:f9:57:b5, 2015-01-01 00:25:44.570,0.004,0,0.994,0.305,0,-0.061, , , , , , ,-0.027,-0.368,-108.287
 09:37:07.732,eb:33:2e:f9:57:b5, 2015-01-01 00:25:44.570,0.004,-0.001,0.994,0.366,0,-0.061, , , , , , ,-0.027,-0.368,-108.287
 09:37:07.777,eb:33:2e:f9:57:b5, 2015-01-01 00:25:44.570,0.004,0,0.995,0.366,0,-0.122, , , , , , ,-0.027,-0.368,-108.287
 09:37:07.777,eb:33:2e:f9:57:b5, 2015-01-01 00:25:44.570,0.004,0,0.994,0.366,0.061,-0.122, , , , , , ,-0.027,-0.368,-108.287
 09:37:07.777,eb:33:2e:f9:57:b5, 2015-01-01 00:25:44.570,0.004,0,0.993,0.427,0.122,-0.122, , , , , , ,-0.027,-0.368,-108.287
 09:37:07.777,eb:33:2e:f9:57:b5, 2015-01-01 00:25:44.570,0.003,0,0.994,0.427,0.122,-0.183, , , , , , ,-0.027,-0.368,-108.287
 09:37:07.777,eb:33:2e:f9:57:b5, 2015-01-01 00:25:44.570,0.007,0,0.993,0.488,0.061,-0.183, , , , , , ,-0.027,-0.368,-108.287
 09:37:07.777,eb:33:2e:f9:57:b5, 2015-01-01 00:25:44.570,0.006,0,0.996,0.488,0.183,-0.183, , , , , , ,-0.027,-0.368,-108.287
 09:37:07.777,eb:33:2e:f9:57:b5, 2015-01-01 00:25:44.570,0.005,0,0.995,0.549,0.244,-0.305, , , , , , ,-0.027,-0.368,-108.287
 09:37:07.778,eb:33:2e:f9:57:b5, 2015-01-01 00:25:44.570,0.003,0,0.995,0.671,0.305,-0.305, , , , , , ,-0.027,-0.368,-108.287
 09:37:07.801,eb:33:2e:f9:57:b5, 2015-01-01 00:25:44.570,0.002,0,0.995,0.671,0.244,-0.244, , , , , , ,-0.027,-0.368,-108.287
 09:37:07.801,eb:33:2e:f9:57:b5, 2015-01-01 00:25:44.570,0.002,0.001,0.994,0.61,0.305,-0.244, , , , , , ,-0.027,-0.368,-108.287
 09:37:07.801,eb:33:2e:f9:57:b5, 2015-01-01 00:25:44.570,0.003,0.001,0.993,0.61,0.183,-0.183, , , , , , ,-0.027,-0.368,-108.287
 09:37:07.801,eb:33:2e:f9:57:b5, 2015-01-01 00:25:44.570,0.005,0,0.992,0.549,0.122,-0.183, , , , , , ,-0.027,-0.368,-108.287
 09:37:07.801,eb:33:2e:f9:57:b5, 2015-01-01 00:25:44.570,0.004,0,0.994,0.549,0.061,-0.183, , , , , , ,-0.027,-0.368,-108.287
 09:37:07.801,eb:33:2e:f9:57:b5, 2015-01-01 00:25:44.570,0,0.001,0.994,0.549,0.061,-0.244, , , , , , ,-0.027,-0.368,-108.287
 09:37:07.801,eb:33:2e:f9:57:b5, 2015-01-01 00:25:44.570,0.002,0,0.991,0.488,0.061,-0.183, , , , , , ,-0.027,-0.368,-108.287
 09:37:07.801,eb:33:2e:f9:57:b5, 2015-01-01 00:25:44.570,0.002,0,0.993,0.488,-0.061,-0.183, , , , , , ,-0.027,-0.368,-108.287
 09:37:07.845,eb:33:2e:f9:57:b5, 2015-01-01 00:25:44.570,0.003,-0.001,0.995,0.549,-0.122,-0.183, , , , , , ,-0.027,-0.368,-108.287
 09:37:07.845,eb:33:2e:f9:57:b5, 2015-01-01 00:25:44.570,0.002,0,0.995,0.549,-0.122,-0.122, , , , , , ,-0.027,-0.368,-108.287
 09:37:07.845,eb:33:2e:f9:57:b5, 2015-01-01 00:25:44.570,0.004,0,0.994,0.488,-0.122,0, , , , , , ,-0.027,-0.368,-108.287
 09:37:07.845,eb:33:2e:f9:57:b5, 2015-01-01 00:25:44.570,0.007,0.001,0.995,0.427,-0.122,-0.061, , , , , , ,-0.027,-0.368,-108.287
 09:37:07.845,eb:33:2e:f9:57:b5, 2015-01-01 00:25:44.570,0.007,0,0.998,0.427,0,-0.061, , , , , , ,-0.027,-0.363,-108.287
 09:37:07.845,eb:33:2e:f9:57:b5, 2015-01-01 00:25:44.570,0.002,0,0.997,0.488,0.183,-0.061, , , , , , ,-0.027,-0.363,-108.287
 09:37:07.845,eb:33:2e:f9:57:b5, 2015-01-01 00:25:44.570,0.002,0,0.994,0.488,0.244,0, , , , , , ,-0.027,-0.363,-108.287
 09:37:07.845,eb:33:2e:f9:57:b5, 2015-01-01 00:25:44.570,0.003,0.001,0.993,0.366,0.183,-0.061, , , , , , ,-0.027,-0.363,-108.287
 09:37:07.892,eb:33:2e:f9:57:b5, 2015-01-01 00:25:44.570,0.003,0.001,0.992,0.366,0.122,0, , , , , , ,-0.027,-0.363,-108.287
 09:37:07.892,eb:33:2e:f9:57:b5, 2015-01-01 00:25:44.570,0.004,0,0.993,0.366,0.122,-0.061, , , , , , ,-0.027,-0.363,-108.287
 09:37:07.892,eb:33:2e:f9:57:b5, 2015-01-01 00:25:44.570,0.004,0.001,0.994,0.305,0.061,0, , , , , , ,-0.027,-0.363,-108.287
 09:37:07.892,eb:33:2e:f9:57:b5, 2015-01-01 00:25:44.570,0.003,0.001,0.994,0.366,0.122,0, , , , , , ,-0.027,-0.363,-108.287
 09:37:07.892,eb:33:2e:f9:57:b5, 2015-01-01 00:25:44.570,0.004,0.001,0.993,0.305,0.122,0, , , , , , ,-0.027,-0.363,-108.287
 09:37:07.892,eb:33:2e:f9:57:b5, 2015-01-01 00:25:44.570,0.005,0.001,0.995,0.244,0.122,0, , , , , , ,-0.027,-0.363,-108.287
 09:37:07.892,eb:33:2e:f9:57:b5, 2015-01-01 00:25:44.570,0.004,0.002,0.994,0.244,0.183,0, , , , , , ,-0.027,-0.363,-108.287
 09:37:07.892,eb:33:2e:f9:57:b5, 2015-01-01 00:25:44.570,0.002,0.001,0.993,0.244,0.122,0, , , , , , ,-0.027,-0.363,-108.287
 09:37:07.937,eb:33:2e:f9:57:b5, 2015-01-01 00:25:44.570,0.003,0.001,0.994,0.183,0.122,0, , , , , , ,-0.022,-0.363,-108.287
 09:37:07.937,eb:33:2e:f9:57:b5, 2015-01-01 00:25:44.570,0.003,0.001,0.994,0.244,0.122,0, , , , , , ,-0.022,-0.363,-108.287
 09:37:07.937,eb:33:2e:f9:57:b5, 2015-01-01 00:25:44.570,0.004,0,0.994,0.244,0.122,0, , , , , , ,-0.022,-0.363,-108.287
 09:37:07.937,eb:33:2e:f9:57:b5, 2015-01-01 00:25:44.570,0.003,0,0.994,0.244,0.061,0, , , , , , ,-0.022,-0.363,-108.287
 09:37:07.937,eb:33:2e:f9:57:b5, 2015-01-01 00:25:44.570,0.003,0.001,0.994,0.244,0.122,0, , , , , , ,-0.022,-0.363,-108.287
 09:37:07.937,eb:33:2e:f9:57:b5, 2015-01-01 00:25:44.570,0.003,0.001,0.994,0.244,0.183,0.061, , , , , , ,-0.022,-0.363,-108.287
 09:37:07.938,eb:33:2e:f9:57:b5, 2015-01-01 00:25:44.570,0.002,0.001,0.995,0.244,0.183,0.061, , , , , , ,-0.022,-0.363,-108.287
 09:37:07.938,eb:33:2e:f9:57:b5, 2015-01-01 00:25:44.570,0.002,0.001,0.994,0.244,0.122,0.061, , , , , , ,-0.022,-0.363,-108.287
 09:37:08.004,eb:33:2e:f9:57:b5, 2015-01-01 00:25:44.880,0.004,0.001,0.994,0.183,0.061,0.061, , , , , , ,-0.022,-0.363,-108.287
 09:37:08.004,eb:33:2e:f9:57:b5, 2015-01-01 00:25:44.880,0.003,0.001,0.995,0.122,0.122,0.061, , , , , , ,-0.022,-0.363,-108.287
 09:37:08.004,eb:33:2e:f9:57:b5, 2015-01-01 00:25:44.880,0.002,0.001,0.994,0.122,0.183,0.061, , , , , , ,-0.022,-0.363,-108.287
 09:37:08.004,eb:33:2e:f9:57:b5, 2015-01-01 00:25:44.880,0.003,0.001,0.993,0.122,0.122,0.122, , , , , , ,-0.022,-0.363,-108.287
 09:37:08.004,eb:33:2e:f9:57:b5, 2015-01-01 00:25:44.880,0.005,0.002,0.992,0.061,0.061,0.061, , , , , , ,-0.022,-0.363,-108.287
 09:37:08.004,eb:33:2e:f9:57:b5, 2015-01-01 00:25:44.880,0.003,0.001,0.994,0.061,0.122,0, , , , , , ,-0.022,-0.363,-108.287
 09:37:08.004,eb:33:2e:f9:57:b5, 2015-01-01 00:25:44.880,0.003,0.002,0.993,0,0.061,0, , , , , , ,-0.022,-0.363,-108.287
 09:37:08.004,eb:33:2e:f9:57:b5, 2015-01-01 00:25:44.880,0.003,0.001,0.993,0.061,0.061,0.061, , , , , , ,-0.022,-0.363,-108.287
 09:37:08.004,eb:33:2e:f9:57:b5, 2015-01-01 00:25:44.880,0.003,0.001,0.993,0,0.061,0.061, , , , , , ,-0.022,-0.357,-108.287
 09:37:08.004,eb:33:2e:f9:57:b5, 2015-01-01 00:25:44.880,0.003,0.001,0.993,0,0.061,0.061, , , , , , ,-0.022,-0.357,-108.287
 09:37:08.004,eb:33:2e:f9:57:b5, 2015-01-01 00:25:44.880,0.004,0.001,0.994,0,0.061,0.061, , , , , , ,-0.022,-0.357,-108.287
 09:37:08.004,eb:33:2e:f9:57:b5, 2015-01-01 00:25:44.880,0.003,0.001,0.994,0,0.061,0.061, , , , , , ,-0.022,-0.357,-108.287
 09:37:08.004,eb:33:2e:f9:57:b5, 2015-01-01 00:25:44.880,0.003,0.001,0.993,0,0.061,0, , , , , , ,-0.022,-0.357,-108.287
 09:37:08.004,eb:33:2e:f9:57:b5, 2015-01-01 00:25:44.880,0.004,0.001,0.994,0,0.061,0, , , , , , ,-0.022,-0.357,-108.287
 09:37:08.004,eb:33:2e:f9:57:b5, 2015-01-01 00:25:44.880,0.003,0.001,0.994,0,0.061,0.061, , , , , , ,-0.022,-0.357,-108.287
 09:37:08.005,eb:33:2e:f9:57:b5, 2015-01-01 00:25:44.880,0.003,0.001,0.994,-0.061,0.061,0, , , , , , ,-0.022,-0.357,-108.287
 09:37:08.071,eb:33:2e:f9:57:b5, 2015-01-01 00:25:44.880,0.002,0,0.994,-0.061,0.061,0.061, , , , , , ,-0.022,-0.357,-108.287
 09:37:08.071,eb:33:2e:f9:57:b5, 2015-01-01 00:25:44.880,0.003,0,0.994,0,0,0, , , , , , ,-0.022,-0.357,-108.287
 09:37:08.071,eb:33:2e:f9:57:b5, 2015-01-01 00:25:44.880,0.003,0,0.994,0,0.061,0.061, , , , , , ,-0.022,-0.357,-108.281
 09:37:08.071,eb:33:2e:f9:57:b5, 2015-01-01 00:25:44.880,0.002,0,0.994,0,0.061,0.061, , , , , , ,-0.022,-0.357,-108.281
 09:37:08.071,eb:33:2e:f9:57:b5, 2015-01-01 00:25:44.880,0.003,0.001,0.994,0,0.122,0.122, , , , , , ,-0.022,-0.357,-108.281
 09:37:08.071,eb:33:2e:f9:57:b5, 2015-01-01 00:25:44.880,0.003,0,0.994,0,0.122,0.061, , , , , , ,-0.022,-0.357,-108.281
 09:37:08.071,eb:33:2e:f9:57:b5, 2015-01-01 00:25:44.880,0.001,0.001,0.994,0,0.122,0.061, , , , , , ,-0.022,-0.357,-108.281
 09:37:08.071,eb:33:2e:f9:57:b5, 2015-01-01 00:25:44.880,0,0.001,0.993,0,0,0.061, , , , , , ,-0.022,-0.357,-108.281
 09:37:08.094,eb:33:2e:f9:57:b5, 2015-01-01 00:25:44.880,0.002,0.001,0.992,0,0,0.122, , , , , , ,-0.022,-0.357,-108.281
 09:37:08.094,eb:33:2e:f9:57:b5, 2015-01-01 00:25:44.880,0.003,0.001,0.992,-0.061,0,0.061, , , , , , ,-0.022,-0.357,-108.281
 09:37:08.094,eb:33:2e:f9:57:b5, 2015-01-01 00:25:44.880,0.003,0.002,0.993,-0.061,0,0, , , , , , ,-0.022,-0.357,-108.281
 09:37:08.094,eb:33:2e:f9:57:b5, 2015-01-01 00:25:44.880,0.003,0.001,0.993,-0.061,0,0.061, , , , , , ,-0.022,-0.357,-108.281
 09:37:08.094,eb:33:2e:f9:57:b5, 2015-01-01 00:25:44.880,0.002,0.001,0.992,-0.061,0,0, , , , , , ,-0.022,-0.357,-108.281
 09:37:08.094,eb:33:2e:f9:57:b5, 2015-01-01 00:25:44.880,0.002,0.001,0.993,-0.122,0,0, , , , , , ,-0.022,-0.357,-108.281
 09:37:08.094,eb:33:2e:f9:57:b5, 2015-01-01 00:25:44.880,0.003,0.001,0.993,-0.183,-0.061,0, , , , , , ,-0.022,-0.357,-108.281
 09:37:08.094,eb:33:2e:f9:57:b5, 2015-01-01 00:25:44.880,0.003,0.001,0.993,-0.183,-0.122,0, , , , , , ,-0.022,-0.357,-108.281
 09:37:08.140,eb:33:2e:f9:57:b5, 2015-01-01 00:25:44.880,0.002,0,0.994,-0.183,-0.122,0, , , , , , ,-0.022,-0.352,-108.281
 09:37:08.140,eb:33:2e:f9:57:b5, 2015-01-01 00:25:44.880,0.003,0,0.993,-0.122,-0.122,0, , , , , , ,-0.022,-0.352,-108.281
 09:37:08.140,eb:33:2e:f9:57:b5, 2015-01-01 00:25:44.880,0.003,0,0.993,-0.183,-0.183,0, , , , , , ,-0.022,-0.352,-108.281
 09:37:08.140,eb:33:2e:f9:57:b5, 2015-01-01 00:25:44.880,0.004,0.001,0.994,-0.183,-0.183,0, , , , , , ,-0.022,-0.352,-108.281
 09:37:08.140,eb:33:2e:f9:57:b5, 2015-01-01 00:25:44.880,0.004,0,0.994,-0.183,-0.122,0, , , , , , ,-0.022,-0.352,-108.281
 09:37:08.140,eb:33:2e:f9:57:b5, 2015-01-01 00:25:44.880,0.003,0,0.994,-0.183,-0.122,0.061, , , , , , ,-0.022,-0.352,-108.281
 09:37:08.140,eb:33:2e:f9:57:b5, 2015-01-01 00:25:44.880,0.004,0,0.994,-0.183,-0.122,0, , , , , , ,-0.022,-0.352,-108.281
 09:37:08.140,eb:33:2e:f9:57:b5, 2015-01-01 00:25:44.880,0.004,0,0.995,-0.183,-0.122,0, , , , , , ,-0.022,-0.352,-108.281
 09:37:08.160,eb:33:2e:f9:57:b5, 2015-01-01 00:25:44.880,0.003,0,0.995,-0.122,-0.061,0.061, , , , , , ,-0.016,-0.352,-108.281
 09:37:08.160,eb:33:2e:f9:57:b5, 2015-01-01 00:25:44.880,0.002,0,0.995,-0.061,-0.061,0.061, , , , , , ,-0.016,-0.352,-108.281
 09:37:08.160,eb:33:2e:f9:57:b5, 2015-01-01 00:25:44.880,0.001,0,0.993,-0.061,-0.061,0, , , , , , ,-0.016,-0.352,-108.281
 09:37:08.160,eb:33:2e:f9:57:b5, 2015-01-01 00:25:44.880,0.003,0,0.994,-0.061,-0.183,0.061, , , , , , ,-0.016,-0.352,-108.281
 09:37:08.160,eb:33:2e:f9:57:b5, 2015-01-01 00:25:44.880,0.005,0,0.995,0,-0.183,0, , , , , , ,-0.016,-0.352,-108.281
 09:37:08.160,eb:33:2e:f9:57:b5, 2015-01-01 00:25:44.880,0.004,0,0.996,0,-0.122,0.061, , , , , , ,-0.016,-0.352,-108.281
 09:37:08.160,eb:33:2e:f9:57:b5, 2015-01-01 00:25:44.880,0.003,0,0.995,0,-0.061,0, , , , , , ,-0.016,-0.352,-108.281
 09:37:08.160,eb:33:2e:f9:57:b5, 2015-01-01 00:25:44.880,0.002,0,0.993,0,-0.061,0.061, , , , , , ,-0.016,-0.352,-108.281
 09:37:08.204,eb:33:2e:f9:57:b5, 2015-01-01 00:25:44.880,0.003,0,0.993,0,-0.122,0, , , , , , ,-0.016,-0.352,-108.281
 09:37:08.204,eb:33:2e:f9:57:b5, 2015-01-01 00:25:44.880,0.004,0,0.993,0,-0.122,0.061, , , , , , ,-0.016,-0.352,-108.281
 09:37:08.206,eb:33:2e:f9:57:b5, 2015-01-01 00:25:44.880,0.004,0,0.994,0,-0.061,0.061, , , , , , ,-0.016,-0.352,-108.281
 09:37:08.206,eb:33:2e:f9:57:b5, 2015-01-01 00:25:44.880,0.002,0,0.994,-0.061,-0.061,0, , , , , , ,-0.016,-0.352,-108.281
 09:37:08.206,eb:33:2e:f9:57:b5, 2015-01-01 00:25:44.880,0.003,0,0.994,0,-0.061,0.061, , , , , , ,-0.016,-0.352,-108.281
 09:37:08.206,eb:33:2e:f9:57:b5, 2015-01-01 00:25:44.880,0.003,0,0.994,0.061,-0.061,0, , , , , , ,-0.016,-0.352,-108.281
 09:37:08.206,eb:33:2e:f9:57:b5, 2015-01-01 00:25:44.880,0.004,0,0.994,0,-0.122,0.061, , , , , , ,-0.016,-0.352,-108.281
 09:37:08.206,eb:33:2e:f9:57:b5, 2015-01-01 00:25:44.880,0.004,0,0.994,0,-0.061,0, , , , , , ,-0.016,-0.352,-108.281
 09:37:08.251,eb:33:2e:f9:57:b5, 2015-01-01 00:25:44.880,0.003,0,0.994,0.061,-0.061,0, , , , , , ,-0.016,-0.352,-108.281
 09:37:08.251,eb:33:2e:f9:57:b5, 2015-01-01 00:25:44.880,0.004,0,0.995,0.061,-0.122,0, , , , , , ,-0.016,-0.352,-108.281
 09:37:08.251,eb:33:2e:f9:57:b5, 2015-01-01 00:25:44.880,0.004,0,0.995,0.122,-0.061,0.061, , , , , , ,-0.016,-0.352,-108.281
 09:37:08.251,eb:33:2e:f9:57:b5, 2015-01-01 00:25:44.880,0.003,0,0.995,0.183,-0.061,0, , , , , , ,-0.016,-0.352,-108.281
 09:37:08.251,eb:33:2e:f9:57:b5, 2015-01-01 00:25:44.880,0.003,0,0.994,0.122,-0.061,0, , , , , , ,-0.016,-0.346,-108.281
 09:37:08.251,eb:33:2e:f9:57:b5, 2015-01-01 00:25:44.880,0.003,0,0.994,0.183,-0.122,0, , , , , , ,-0.016,-0.346,-108.281
 09:37:08.251,eb:33:2e:f9:57:b5, 2015-01-01 00:25:44.880,0.004,0,0.993,0.244,-0.122,0, , , , , , ,-0.016,-0.346,-108.281
 09:37:08.251,eb:33:2e:f9:57:b5, 2015-01-01 00:25:44.880,0.005,0.001,0.994,0.244,0,0, , , , , , ,-0.016,-0.346,-108.281
 09:37:08.295,eb:33:2e:f9:57:b5, 2015-01-01 00:25:45.195,0.004,0,0.995,0.244,0,0, , , , , , ,-0.016,-0.346,-108.281
 09:37:08.295,eb:33:2e:f9:57:b5, 2015-01-01 00:25:45.195,0.004,-0.001,0.996,0.244,0,0, , , , , , ,-0.016,-0.346,-108.281
 09:37:08.295,eb:33:2e:f9:57:b5, 2015-01-01 00:25:45.195,0.004,-0.001,0.996,0.305,0.061,0, , , , , , ,-0.016,-0.346,-108.281
 09:37:08.295,eb:33:2e:f9:57:b5, 2015-01-01 00:25:45.195,0.003,0,0.995,0.366,0.061,0, , , , , , ,-0.016,-0.346,-108.281
 09:37:08.295,eb:33:2e:f9:57:b5, 2015-01-01 00:25:45.195,0.003,0,0.994,0.366,0.061,0, , , , , , ,-0.016,-0.346,-108.281
 09:37:08.295,eb:33:2e:f9:57:b5, 2015-01-01 00:25:45.195,0.003,0,0.994,0.305,0.061,0, , , , , , ,-0.016,-0.346,-108.281
 09:37:08.295,eb:33:2e:f9:57:b5, 2015-01-01 00:25:45.195,0.002,0,0.993,0.366,0,0, , , , , , ,-0.016,-0.346,-108.281
 09:37:08.295,eb:33:2e:f9:57:b5, 2015-01-01 00:25:45.195,0.003,0,0.993,0.366,0,0, , , , , , ,-0.016,-0.346,-108.281
 09:37:08.341,eb:33:2e:f9:57:b5, 2015-01-01 00:25:45.195,0.004,0,0.993,0.427,0,0, , , , , , ,-0.016,-0.346,-108.281
 09:37:08.341,eb:33:2e:f9:57:b5, 2015-01-01 00:25:45.195,0.002,0,0.993,0.366,0,0, , , , , , ,-0.016,-0.346,-108.281
 09:37:08.341,eb:33:2e:f9:57:b5, 2015-01-01 00:25:45.195,0.002,0,0.993,0.427,-0.122,0, , , , , , ,-0.016,-0.346,-108.281
 09:37:08.341,eb:33:2e:f9:57:b5, 2015-01-01 00:25:45.195,0.004,0,0.993,0.488,-0.183,0, , , , , , ,-0.016,-0.346,-108.281
 09:37:08.341,eb:33:2e:f9:57:b5, 2015-01-01 00:25:45.195,0.004,0,0.995,0.488,-0.122,-0.061, , , , , , ,-0.016,-0.346,-108.281
 09:37:08.341,eb:33:2e:f9:57:b5, 2015-01-01 00:25:45.195,0.005,0,0.995,0.488,-0.061,0, , , , , , ,-0.016,-0.346,-108.281
 09:37:08.341,eb:33:2e:f9:57:b5, 2015-01-01 00:25:45.195,0.004,0,0.996,0.427,0,0, , , , , , ,-0.016,-0.346,-108.281
 09:37:08.341,eb:33:2e:f9:57:b5, 2015-01-01 00:25:45.195,0.004,0,0.995,0.427,0,-0.061, , , , , , ,-0.016,-0.346,-108.281
 09:37:08.364,eb:33:2e:f9:57:b5, 2015-01-01 00:25:45.195,0.004,0.001,0.995,0.427,0,0, , , , , , ,-0.016,-0.346,-108.281
 09:37:08.364,eb:33:2e:f9:57:b5, 2015-01-01 00:25:45.195,0.004,0.001,0.995,0.427,0,-0.061, , , , , , ,-0.016,-0.346,-108.281
 09:37:08.364,eb:33:2e:f9:57:b5, 2015-01-01 00:25:45.195,0.004,0.001,0.994,0.427,0.061,0, , , , , , ,-0.016,-0.346,-108.281
 09:37:08.365,eb:33:2e:f9:57:b5, 2015-01-01 00:25:45.195,0.003,0.001,0.993,0.366,0.061,0, , , , , , ,-0.016,-0.346,-108.281
 09:37:08.365,eb:33:2e:f9:57:b5, 2015-01-01 00:25:45.195,0.002,0.001,0.993,0.366,0,0, , , , , , ,-0.016,-0.346,-108.281
 09:37:08.365,eb:33:2e:f9:57:b5, 2015-01-01 00:25:45.195,0.004,0,0.993,0.305,0,-0.061, , , , , , ,-0.016,-0.346,-108.281
 09:37:08.365,eb:33:2e:f9:57:b5, 2015-01-01 00:25:45.195,0.004,0,0.993,0.366,-0.061,-0.061, , , , , , ,-0.016,-0.346,-108.281
 09:37:08.365,eb:33:2e:f9:57:b5, 2015-01-01 00:25:45.195,0.002,0.001,0.994,0.366,-0.061,0, , , , , , ,-0.016,-0.346,-108.281
 09:37:08.407,eb:33:2e:f9:57:b5, 2015-01-01 00:25:45.195,0.001,0.001,0.993,0.366,0,-0.061, , , , , , ,-0.016,-0.346,-108.281
 09:37:08.407,eb:33:2e:f9:57:b5, 2015-01-01 00:25:45.195,0.002,0.001,0.992,0.366,-0.122,0, , , , , , ,-0.016,-0.346,-108.281
 09:37:08.407,eb:33:2e:f9:57:b5, 2015-01-01 00:25:45.195,0.003,0.001,0.992,0.366,-0.244,-0.061, , , , , , ,-0.016,-0.346,-108.276
 09:37:08.407,eb:33:2e:f9:57:b5, 2015-01-01 00:25:45.195,0.003,0,0.993,0.366,-0.244,0, , , , , , ,-0.016,-0.346,-108.276
 09:37:08.407,eb:33:2e:f9:57:b5, 2015-01-01 00:25:45.195,0.004,0.002,0.994,0.366,-0.244,0, , , , , , ,-0.016,-0.341,-108.276
 09:37:08.407,eb:33:2e:f9:57:b5, 2015-01-01 00:25:45.195,0.004,0.001,0.993,0.366,-0.244,-0.061, , , , , , ,-0.016,-0.341,-108.276
 09:37:08.407,eb:33:2e:f9:57:b5, 2015-01-01 00:25:45.195,0.004,0.002,0.992,0.366,-0.183,-0.061, , , , , , ,-0.016,-0.341,-108.276
 09:37:08.407,eb:33:2e:f9:57:b5, 2015-01-01 00:25:45.195,0.005,0.002,0.993,0.305,-0.183,-0.061, , , , , , ,-0.016,-0.341,-108.276
 09:37:08.453,eb:33:2e:f9:57:b5, 2015-01-01 00:25:45.195,0.004,0.001,0.994,0.244,-0.183,-0.122, , , , , , ,-0.016,-0.341,-108.276
 09:37:08.453,eb:33:2e:f9:57:b5, 2015-01-01 00:25:45.195,0.005,0.001,0.994,0.244,-0.183,-0.122, , , , , , ,-0.016,-0.341,-108.276
 09:37:08.453,eb:33:2e:f9:57:b5, 2015-01-01 00:25:45.195,0.004,0,0.993,0.244,-0.122,-0.122, , , , , , ,-0.016,-0.341,-108.276
 09:37:08.453,eb:33:2e:f9:57:b5, 2015-01-01 00:25:45.195,0.004,0.002,0.992,0.183,-0.183,-0.122, , , , , , ,-0.016,-0.341,-108.276
 09:37:08.453,eb:33:2e:f9:57:b5, 2015-01-01 00:25:45.195,0.004,0.001,0.992,0.183,-0.244,-0.183, , , , , , ,-0.016,-0.341,-108.276
 09:37:08.453,eb:33:2e:f9:57:b5, 2015-01-01 00:25:45.195,0.006,0.001,0.993,0.183,-0.244,-0.183, , , , , , ,-0.016,-0.341,-108.276
 09:37:08.453,eb:33:2e:f9:57:b5, 2015-01-01 00:25:45.195,0.006,0.001,0.994,0.244,-0.244,-0.244, , , , , , ,-0.016,-0.341,-108.276
 09:37:08.453,eb:33:2e:f9:57:b5, 2015-01-01 00:25:45.195,0.004,0.001,0.995,0.244,-0.183,-0.183, , , , , , ,-0.016,-0.341,-108.276
 09:37:08.499,eb:33:2e:f9:57:b5, 2015-01-01 00:25:45.195,0.004,0.002,0.994,0.244,-0.122,-0.183, , , , , , ,-0.016,-0.341,-108.276
 09:37:08.499,eb:33:2e:f9:57:b5, 2015-01-01 00:25:45.195,0.004,0,0.994,0.183,-0.061,-0.244, , , , , , ,-0.016,-0.341,-108.276
 09:37:08.499,eb:33:2e:f9:57:b5, 2015-01-01 00:25:45.195,0.006,0.001,0.994,0.183,-0.061,-0.183, , , , , , ,-0.016,-0.341,-108.276
 09:37:08.499,eb:33:2e:f9:57:b5, 2015-01-01 00:25:45.195,0.006,0.001,0.995,0.122,0,-0.183, , , , , , ,-0.016,-0.341,-108.276
 09:37:08.499,eb:33:2e:f9:57:b5, 2015-01-01 00:25:45.195,0.004,0.001,0.995,0.122,0,-0.183, , , , , , ,-0.016,-0.341,-108.276
 09:37:08.499,eb:33:2e:f9:57:b5, 2015-01-01 00:25:45.195,0.003,0,0.994,0.183,0,-0.122, , , , , , ,-0.016,-0.341,-108.276
 09:37:08.500,eb:33:2e:f9:57:b5, 2015-01-01 00:25:45.195,0.004,0,0.994,0.183,-0.061,-0.122, , , , , , ,-0.016,-0.341,-108.276
 09:37:08.500,eb:33:2e:f9:57:b5, 2015-01-01 00:25:45.195,0.004,0,0.995,0.183,-0.061,-0.122, , , , , , ,-0.016,-0.341,-108.276
 09:37:08.544,eb:33:2e:f9:57:b5, 2015-01-01 00:25:45.195,0.004,0,0.995,0.244,0,-0.061, , , , , , ,-0.016,-0.341,-108.276
 09:37:08.544,eb:33:2e:f9:57:b5, 2015-01-01 00:25:45.195,0.004,0.001,0.994,0.183,0,-0.122, , , , , , ,-0.016,-0.341,-108.276
 09:37:08.544,eb:33:2e:f9:57:b5, 2015-01-01 00:25:45.195,0.005,0.002,0.993,0.244,0,-0.061, , , , , , ,-0.016,-0.341,-108.276
 09:37:08.544,eb:33:2e:f9:57:b5, 2015-01-01 00:25:45.195,0.006,0.001,0.994,0.183,0,-0.122, , , , , , ,-0.016,-0.341,-108.276
 09:37:08.544,eb:33:2e:f9:57:b5, 2015-01-01 00:25:45.195,0.005,0.002,0.994,0.183,0,-0.122, , , , , , ,-0.016,-0.341,-108.276
 09:37:08.544,eb:33:2e:f9:57:b5, 2015-01-01 00:25:45.195,0.004,0.001,0.993,0.122,0,-0.122, , , , , , ,-0.016,-0.341,-108.276
 09:37:08.544,eb:33:2e:f9:57:b5, 2015-01-01 00:25:45.195,0.004,0.001,0.992,0.122,0,-0.122, , , , , , ,-0.016,-0.341,-108.276
 09:37:08.544,eb:33:2e:f9:57:b5, 2015-01-01 00:25:45.195,0.004,0.001,0.993,0.122,0,-0.183, , , , , , ,-0.016,-0.341,-108.276
 09:37:08.566,eb:33:2e:f9:57:b5, 2015-01-01 00:25:45.485,0.004,0.001,0.993,0.061,-0.061,-0.183, , , , , , ,-0.011,-0.341,-108.276
 09:37:08.566,eb:33:2e:f9:57:b5, 2015-01-01 00:25:45.485,0.003,0.001,0.993,0.061,-0.122,-0.183, , , , , , ,-0.011,-0.341,-108.276
 09:37:08.566,eb:33:2e:f9:57:b5, 2015-01-01 00:25:45.485,0.004,0.001,0.993,0.061,-0.122,-0.122, , , , , , ,-0.011,-0.341,-108.276
 09:37:08.566,eb:33:2e:f9:57:b5, 2015-01-01 00:25:45.485,0.004,0.002,0.994,0.061,-0.183,-0.122, , , , , , ,-0.011,-0.341,-108.276
 09:37:08.566,eb:33:2e:f9:57:b5, 2015-01-01 00:25:45.485,0.003,0.001,0.994,0,-0.183,-0.122, , , , , , ,-0.011,-0.341,-108.276
 09:37:08.566,eb:33:2e:f9:57:b5, 2015-01-01 00:25:45.485,0.005,0.001,0.994,0.061,-0.244,-0.122, , , , , , ,-0.011,-0.341,-108.276
 09:37:08.566,eb:33:2e:f9:57:b5, 2015-01-01 00:25:45.485,0.005,0.001,0.993,0.122,-0.244,-0.183, , , , , , ,-0.011,-0.341,-108.276
 09:37:08.566,eb:33:2e:f9:57:b5, 2015-01-01 00:25:45.485,0.005,0.002,0.993,0.061,-0.183,-0.122, , , , , , ,-0.011,-0.341,-108.276
 09:37:08.610,eb:33:2e:f9:57:b5, 2015-01-01 00:25:45.485,0.004,0.001,0.994,0.061,-0.183,-0.122, , , , , , ,-0.011,-0.341,-108.276
 09:37:08.610,eb:33:2e:f9:57:b5, 2015-01-01 00:25:45.485,0.005,0.001,0.994,0.061,-0.183,-0.061, , , , , , ,-0.011,-0.341,-108.276
 09:37:08.610,eb:33:2e:f9:57:b5, 2015-01-01 00:25:45.485,0.005,0.001,0.994,0.061,-0.244,-0.061, , , , , , ,-0.011,-0.341,-108.276
 09:37:08.610,eb:33:2e:f9:57:b5, 2015-01-01 00:25:45.485,0.006,0.001,0.994,0.061,-0.183,-0.122, , , , , , ,-0.011,-0.341,-108.276
 09:37:08.610,eb:33:2e:f9:57:b5, 2015-01-01 00:25:45.485,0.004,0.001,0.995,0.061,-0.122,-0.122, , , , , , ,-0.011,-0.341,-108.276
 09:37:08.610,eb:33:2e:f9:57:b5, 2015-01-01 00:25:45.485,0.003,0,0.994,0.122,-0.061,-0.061, , , , , , ,-0.011,-0.341,-108.276
 09:37:08.610,eb:33:2e:f9:57:b5, 2015-01-01 00:25:45.485,0.003,0,0.993,0.122,-0.122,-0.061, , , , , , ,-0.011,-0.341,-108.276
 09:37:08.610,eb:33:2e:f9:57:b5, 2015-01-01 00:25:45.485,0.004,0.001,0.993,0.061,-0.244,-0.122, , , , , , ,-0.011,-0.341,-108.276
 09:37:08.654,eb:33:2e:f9:57:b5, 2015-01-01 00:25:45.485,0.005,0.001,0.993,0.061,-0.183,-0.122, , , , , , ,-0.011,-0.335,-108.276
 09:37:08.654,eb:33:2e:f9:57:b5, 2015-01-01 00:25:45.485,0.006,0.002,0.993,0.061,-0.183,-0.122, , , , , , ,-0.011,-0.335,-108.276
 09:37:08.654,eb:33:2e:f9:57:b5, 2015-01-01 00:25:45.485,0.005,0.001,0.993,0,-0.122,-0.122, , , , , , ,-0.011,-0.341,-108.276
 09:37:08.654,eb:33:2e:f9:57:b5, 2015-01-01 00:25:45.485,0.005,0.001,0.993,0,-0.183,-0.061, , , , , , ,-0.011,-0.341,-108.276
 09:37:08.654,eb:33:2e:f9:57:b5, 2015-01-01 00:25:45.485,0.005,0.001,0.992,0,-0.183,-0.122, , , , , , ,-0.011,-0.335,-108.276
 09:37:08.654,eb:33:2e:f9:57:b5, 2015-01-01 00:25:45.485,0.005,0.002,0.992,0,-0.183,-0.061, , , , , , ,-0.011,-0.335,-108.276
 09:37:08.654,eb:33:2e:f9:57:b5, 2015-01-01 00:25:45.485,0.005,0.002,0.993,0,-0.122,-0.061, , , , , , ,-0.011,-0.335,-108.276
 09:37:08.654,eb:33:2e:f9:57:b5, 2015-01-01 00:25:45.485,0.005,0.002,0.993,-0.061,-0.183,-0.122, , , , , , ,-0.011,-0.335,-108.276
 09:37:08.700,eb:33:2e:f9:57:b5, 2015-01-01 00:25:45.485,0.005,0.001,0.993,-0.122,-0.183,-0.122, , , , , , ,-0.011,-0.335,-108.276
 09:37:08.700,eb:33:2e:f9:57:b5, 2015-01-01 00:25:45.485,0.005,0.001,0.993,-0.061,-0.183,-0.183, , , , , , ,-0.011,-0.335,-108.276
 09:37:08.700,eb:33:2e:f9:57:b5, 2015-01-01 00:25:45.485,0.004,0,0.993,-0.061,-0.183,-0.183, , , , , , ,-0.011,-0.335,-108.276
 09:37:08.700,eb:33:2e:f9:57:b5, 2015-01-01 00:25:45.485,0.004,0,0.993,-0.061,-0.244,-0.122, , , , , , ,-0.011,-0.335,-108.276
 09:37:08.700,eb:33:2e:f9:57:b5, 2015-01-01 00:25:45.485,0.004,0.001,0.993,-0.122,-0.244,-0.061, , , , , , ,-0.011,-0.335,-108.276
 09:37:08.700,eb:33:2e:f9:57:b5, 2015-01-01 00:25:45.485,0.004,0,0.993,-0.061,-0.305,-0.061, , , , , , ,-0.011,-0.335,-108.276
 09:37:08.700,eb:33:2e:f9:57:b5, 2015-01-01 00:25:45.485,0.006,0,0.993,-0.061,-0.366,-0.122, , , , , , ,-0.011,-0.335,-108.276
 09:37:08.700,eb:33:2e:f9:57:b5, 2015-01-01 00:25:45.485,0.005,0.001,0.995,-0.061,-0.366,-0.122, , , , , , ,-0.011,-0.335,-108.276
 09:37:08.746,eb:33:2e:f9:57:b5, 2015-01-01 00:25:45.485,0.006,0,0.994,-0.061,-0.305,-0.061, , , , , , ,-0.011,-0.335,-108.276
 09:37:08.746,eb:33:2e:f9:57:b5, 2015-01-01 00:25:45.485,0.005,0,0.994,0,-0.305,-0.122, , , , , , ,-0.011,-0.335,-108.276
 09:37:08.746,eb:33:2e:f9:57:b5, 2015-01-01 00:25:45.485,0.004,0.001,0.995,0,-0.244,-0.122, , , , , , ,-0.011,-0.335,-108.276
 09:37:08.746,eb:33:2e:f9:57:b5, 2015-01-01 00:25:45.485,0.006,0.001,0.994,0,-0.244,-0.122, , , , , , ,-0.011,-0.335,-108.276
 09:37:08.746,eb:33:2e:f9:57:b5, 2015-01-01 00:25:45.485,0.004,0.001,0.994,0,-0.244,-0.183, , , , , , ,-0.011,-0.335,-108.276
 09:37:08.746,eb:33:2e:f9:57:b5, 2015-01-01 00:25:45.485,0.004,0.001,0.994,0,-0.183,-0.183, , , , , , ,-0.011,-0.335,-108.276
 09:37:08.746,eb:33:2e:f9:57:b5, 2015-01-01 00:25:45.485,0.004,0.001,0.994,0,-0.244,-0.061, , , , , , ,-0.011,-0.335,-108.27
 09:37:08.746,eb:33:2e:f9:57:b5, 2015-01-01 00:25:45.485,0.005,0.001,0.993,0,-0.244,-0.061, , , , , , ,-0.011,-0.335,-108.27
 09:37:08.767,eb:33:2e:f9:57:b5, 2015-01-01 00:25:45.485,0.005,0.001,0.994,0,-0.305,-0.122, , , , , , ,-0.011,-0.335,-108.27
 09:37:08.768,eb:33:2e:f9:57:b5, 2015-01-01 00:25:45.485,0.006,0,0.995,0,-0.366,-0.122, , , , , , ,-0.011,-0.335,-108.27
 09:37:08.768,eb:33:2e:f9:57:b5, 2015-01-01 00:25:45.485,0.006,0,0.994,0,-0.366,-0.122, , , , , , ,-0.011,-0.335,-108.27
 09:37:08.768,eb:33:2e:f9:57:b5, 2015-01-01 00:25:45.485,0.005,0.001,0.993,0,-0.366,-0.122, , , , , , ,-0.011,-0.335,-108.27
 09:37:08.768,eb:33:2e:f9:57:b5, 2015-01-01 00:25:45.485,0.004,0,0.993,0,-0.305,-0.183, , , , , , ,-0.005,-0.335,-108.27
 09:37:08.768,eb:33:2e:f9:57:b5, 2015-01-01 00:25:45.485,0.004,0,0.993,0.061,-0.427,-0.183, , , , , , ,-0.005,-0.335,-108.27
 09:37:08.768,eb:33:2e:f9:57:b5, 2015-01-01 00:25:45.485,0.007,-0.001,0.995,0.122,-0.488,-0.122, , , , , , ,-0.005,-0.335,-108.27
 09:37:08.769,eb:33:2e:f9:57:b5, 2015-01-01 00:25:45.485,0.007,0,0.995,0.122,-0.427,-0.183, , , , , , ,-0.005,-0.335,-108.27
 09:37:08.812,eb:33:2e:f9:57:b5, 2015-01-01 00:25:45.485,0.007,0,0.996,0.122,-0.305,-0.122, , , , , , ,-0.005,-0.335,-108.27
 09:37:08.812,eb:33:2e:f9:57:b5, 2015-01-01 00:25:45.485,0.006,0,0.996,0.183,-0.305,-0.061, , , , , , ,-0.005,-0.335,-108.27
 09:37:08.812,eb:33:2e:f9:57:b5, 2015-01-01 00:25:45.485,0.006,0,0.995,0.183,-0.244,-0.061, , , , , , ,-0.005,-0.335,-108.27
 09:37:08.812,eb:33:2e:f9:57:b5, 2015-01-01 00:25:45.485,0.005,0,0.994,0.183,-0.244,-0.122, , , , , , ,-0.005,-0.335,-108.27
 09:37:08.812,eb:33:2e:f9:57:b5, 2015-01-01 00:25:45.485,0.005,0.001,0.994,0.244,-0.183,-0.122, , , , , , ,-0.005,-0.335,-108.27
 09:37:08.812,eb:33:2e:f9:57:b5, 2015-01-01 00:25:45.485,0.005,0.001,0.994,0.183,-0.183,0, , , , , , ,-0.005,-0.335,-108.27
 09:37:08.812,eb:33:2e:f9:57:b5, 2015-01-01 00:25:45.485,0.006,0.002,0.993,0.183,-0.244,-0.061, , , , , , ,-0.005,-0.335,-108.27
 09:37:08.812,eb:33:2e:f9:57:b5, 2015-01-01 00:25:45.485,0.008,0.001,0.994,0.183,-0.244,-0.061, , , , , , ,-0.005,-0.335,-108.27
 09:37:08.859,eb:33:2e:f9:57:b5, 2015-01-01 00:25:45.485,0.007,0.001,0.994,0.122,-0.244,-0.061, , , , , , ,-0.005,-0.335,-108.27
 09:37:08.859,eb:33:2e:f9:57:b5, 2015-01-01 00:25:45.485,0.005,0.001,0.993,0.122,-0.122,-0.061, , , , , , ,-0.005,-0.335,-108.27
 09:37:08.859,eb:33:2e:f9:57:b5, 2015-01-01 00:25:45.485,0.005,0.001,0.993,0.122,-0.183,-0.122, , , , , , ,-0.005,-0.335,-108.27
 09:37:08.859,eb:33:2e:f9:57:b5, 2015-01-01 00:25:45.485,0.006,0,0.992,0.061,-0.244,-0.061, , , , , , ,-0.005,-0.335,-108.27
 09:37:08.859,eb:33:2e:f9:57:b5, 2015-01-01 00:25:45.485,0.007,0,0.993,0.122,-0.305,-0.061, , , , , , ,-0.005,-0.335,-108.27
 09:37:08.859,eb:33:2e:f9:57:b5, 2015-01-01 00:25:45.485,0.007,0.001,0.994,0.183,-0.305,-0.061, , , , , , ,-0.005,-0.335,-108.27
 09:37:08.859,eb:33:2e:f9:57:b5, 2015-01-01 00:25:45.485,0.005,0.001,0.994,0.183,-0.305,-0.061, , , , , , ,-0.005,-0.335,-108.27
 09:37:08.859,eb:33:2e:f9:57:b5, 2015-01-01 00:25:45.485,0.006,0.001,0.993,0.122,-0.366,-0.061, , , , , , ,-0.005,-0.335,-108.27
 09:37:08.904,eb:33:2e:f9:57:b5, 2015-01-01 00:25:45.800,0.006,0,0.994,0.122,-0.366,-0.061, , , , , , ,-0.005,-0.335,-108.27
 09:37:08.904,eb:33:2e:f9:57:b5, 2015-01-01 00:25:45.800,0.007,0.001,0.993,0.122,-0.366,-0.122, , , , , , ,-0.005,-0.335,-108.27
 09:37:08.904,eb:33:2e:f9:57:b5, 2015-01-01 00:25:45.800,0.006,0.001,0.994,0.061,-0.305,-0.122, , , , , , ,-0.005,-0.335,-108.27
 09:37:08.904,eb:33:2e:f9:57:b5, 2015-01-01 00:25:45.800,0.007,0.001,0.993,0.061,-0.366,-0.061, , , , , , ,-0.005,-0.335,-108.27
 09:37:08.904,eb:33:2e:f9:57:b5, 2015-01-01 00:25:45.800,0.008,0,0.994,0.122,-0.305,-0.061, , , , , , ,-0.005,-0.335,-108.27
 09:37:08.904,eb:33:2e:f9:57:b5, 2015-01-01 00:25:45.800,0.007,0,0.995,0.122,-0.305,-0.061, , , , , , ,-0.005,-0.335,-108.27
 09:37:08.904,eb:33:2e:f9:57:b5, 2015-01-01 00:25:45.800,0.006,0.001,0.994,0.122,-0.244,-0.061, , , , , , ,-0.005,-0.335,-108.27
 09:37:08.904,eb:33:2e:f9:57:b5, 2015-01-01 00:25:45.800,0.007,0,0.993,0.061,-0.244,-0.122, , , , , , ,-0.005,-0.335,-108.27
 09:37:08.947,eb:33:2e:f9:57:b5, 2015-01-01 00:25:45.800,0.007,0.001,0.994,0.122,-0.305,-0.122, , , , , , ,-0.005,-0.335,-108.27
 09:37:08.947,eb:33:2e:f9:57:b5, 2015-01-01 00:25:45.800,0.006,0.002,0.994,0.122,-0.244,-0.061, , , , , , ,-0.005,-0.335,-108.27
 09:37:08.947,eb:33:2e:f9:57:b5, 2015-01-01 00:25:45.800,0.007,0,0.994,0.061,-0.244,-0.061, , , , , , ,-0.005,-0.335,-108.27
 09:37:08.947,eb:33:2e:f9:57:b5, 2015-01-01 00:25:45.800,0.007,0,0.995,0.122,-0.305,-0.061, , , , , , ,-0.005,-0.335,-108.27
 09:37:08.947,eb:33:2e:f9:57:b5, 2015-01-01 00:25:45.800,0.008,0,0.996,0.122,-0.183,-0.061, , , , , , ,-0.005,-0.335,-108.27
 09:37:08.947,eb:33:2e:f9:57:b5, 2015-01-01 00:25:45.800,0.006,0,0.996,0.122,-0.122,-0.061, , , , , , ,-0.005,-0.335,-108.27
 09:37:08.947,eb:33:2e:f9:57:b5, 2015-01-01 00:25:45.800,0.005,0,0.995,0.122,-0.061,0, , , , , , ,-0.005,-0.335,-108.27
 09:37:08.947,eb:33:2e:f9:57:b5, 2015-01-01 00:25:45.800,0.006,0.001,0.994,0.183,-0.122,-0.061, , , , , , ,-0.005,-0.335,-108.27
 09:37:08.971,eb:33:2e:f9:57:b5, 2015-01-01 00:25:45.800,0.005,0.002,0.994,0.183,-0.122,-0.122, , , , , , ,-0.005,-0.335,-108.27
 09:37:08.971,eb:33:2e:f9:57:b5, 2015-01-01 00:25:45.800,0.005,0.001,0.993,0.183,-0.122,-0.061, , , , , , ,-0.005,-0.335,-108.27
 09:37:08.971,eb:33:2e:f9:57:b5, 2015-01-01 00:25:45.800,0.006,0.001,0.993,0.183,-0.244,-0.061, , , , , , ,-0.005,-0.335,-108.27
 09:37:08.971,eb:33:2e:f9:57:b5, 2015-01-01 00:25:45.800,0.007,0,0.994,0.244,-0.244,-0.061, , , , , , ,-0.005,-0.335,-108.27
 09:37:08.971,eb:33:2e:f9:57:b5, 2015-01-01 00:25:45.800,0.007,0,0.995,0.244,-0.244,0, , , , , , ,-0.005,-0.335,-108.27
 09:37:08.971,eb:33:2e:f9:57:b5, 2015-01-01 00:25:45.800,0.007,0.001,0.994,0.305,-0.244,-0.061, , , , , , ,-0.005,-0.335,-108.27
 09:37:08.971,eb:33:2e:f9:57:b5, 2015-01-01 00:25:45.800,0.008,0.001,0.994,0.244,-0.244,0, , , , , , ,-0.005,-0.335,-108.27
 09:37:08.971,eb:33:2e:f9:57:b5, 2015-01-01 00:25:45.800,0.008,0.001,0.994,0.244,-0.244,-0.061, , , , , , ,-0.005,-0.335,-108.27
 09:37:09.016,eb:33:2e:f9:57:b5, 2015-01-01 00:25:45.800,0.008,0.001,0.994,0.244,-0.122,-0.061, , , , , , ,-0.005,-0.341,-108.27
 09:37:09.016,eb:33:2e:f9:57:b5, 2015-01-01 00:25:45.800,0.008,0.001,0.994,0.244,-0.122,-0.122, , , , , , ,-0.005,-0.341,-108.27
 09:37:09.016,eb:33:2e:f9:57:b5, 2015-01-01 00:25:45.800,0.007,0.001,0.994,0.244,-0.061,-0.061, , , , , , ,-0.005,-0.341,-108.27
 09:37:09.016,eb:33:2e:f9:57:b5, 2015-01-01 00:25:45.800,0.006,0.001,0.994,0.305,0,-0.061, , , , , , ,-0.005,-0.341,-108.27
 09:37:09.016,eb:33:2e:f9:57:b5, 2015-01-01 00:25:45.800,0.006,0.001,0.994,0.244,0,-0.122, , , , , , ,-0.005,-0.341,-108.27
 09:37:09.016,eb:33:2e:f9:57:b5, 2015-01-01 00:25:45.800,0.006,0.001,0.994,0.244,-0.061,-0.061, , , , , , ,-0.005,-0.341,-108.27
 09:37:09.016,eb:33:2e:f9:57:b5, 2015-01-01 00:25:45.800,0.006,0,0.994,0.305,0,-0.061, , , , , , ,-0.005,-0.341,-108.27
 09:37:09.016,eb:33:2e:f9:57:b5, 2015-01-01 00:25:45.800,0.006,0,0.994,0.305,0,-0.061, , , , , , ,-0.005,-0.341,-108.27
 09:37:09.060,eb:33:2e:f9:57:b5, 2015-01-01 00:25:45.800,0.006,0,0.994,0.305,0,-0.061, , , , , , ,-0.005,-0.341,-108.27
 09:37:09.060,eb:33:2e:f9:57:b5, 2015-01-01 00:25:45.800,0.007,0,0.994,0.305,-0.061,0, , , , , , ,-0.005,-0.341,-108.27
 09:37:09.060,eb:33:2e:f9:57:b5, 2015-01-01 00:25:45.800,0.006,0.001,0.994,0.244,-0.061,0, , , , , , ,-0.005,-0.341,-108.27
 09:37:09.060,eb:33:2e:f9:57:b5, 2015-01-01 00:25:45.800,0.007,0.001,0.993,0.305,-0.122,0, , , , , , ,-0.005,-0.341,-108.27
 09:37:09.060,eb:33:2e:f9:57:b5, 2015-01-01 00:25:45.800,0.008,0.001,0.993,0.305,-0.061,0, , , , , , ,-0.005,-0.341,-108.27
 09:37:09.060,eb:33:2e:f9:57:b5, 2015-01-01 00:25:45.800,0.007,0,0.995,0.427,0,0, , , , , , ,-0.005,-0.341,-108.27
 09:37:09.060,eb:33:2e:f9:57:b5, 2015-01-01 00:25:45.800,0.008,0.001,0.995,0.427,0,0, , , , , , ,-0.005,-0.341,-108.27
 09:37:09.060,eb:33:2e:f9:57:b5, 2015-01-01 00:25:45.800,0.007,0.002,0.996,0.427,0,0, , , , , , ,-0.005,-0.341,-108.27
 09:37:09.106,eb:33:2e:f9:57:b5, 2015-01-01 00:25:45.800,0.008,0.001,0.995,0.427,0,0, , , , , , ,-0.005,-0.341,-108.27
 09:37:09.106,eb:33:2e:f9:57:b5, 2015-01-01 00:25:45.800,0.006,0.001,0.996,0.427,0.122,0, , , , , , ,-0.005,-0.341,-108.27
 09:37:09.106,eb:33:2e:f9:57:b5, 2015-01-01 00:25:45.800,0.007,0.001,0.995,0.427,0.061,0, , , , , , ,-0.005,-0.341,-108.27
 09:37:09.106,eb:33:2e:f9:57:b5, 2015-01-01 00:25:45.800,0.007,0.001,0.994,0.427,0.061,0, , , , , , ,-0.005,-0.341,-108.27
 09:37:09.106,eb:33:2e:f9:57:b5, 2015-01-01 00:25:45.800,0.007,0.002,0.993,0.488,0,-0.061, , , , , , ,-0.005,-0.341,-108.27
 09:37:09.106,eb:33:2e:f9:57:b5, 2015-01-01 00:25:45.800,0.007,0.001,0.993,0.427,0.061,0, , , , , , ,-0.005,-0.341,-108.27
 09:37:09.106,eb:33:2e:f9:57:b5, 2015-01-01 00:25:45.800,0.007,0.001,0.993,0.366,0,0, , , , , , ,-0.005,-0.341,-108.27
 09:37:09.106,eb:33:2e:f9:57:b5, 2015-01-01 00:25:45.800,0.008,0.002,0.994,0.366,0,0, , , , , , ,-0.005,-0.341,-108.27
 09:37:09.128,eb:33:2e:f9:57:b5, 2015-01-01 00:25:45.800,0.009,0.002,0.994,0.366,0,0, , , , , , ,0,-0.341,-108.27
 09:37:09.128,eb:33:2e:f9:57:b5, 2015-01-01 00:25:45.800,0.008,0.001,0.995,0.366,0.061,-0.061, , , , , , ,0,-0.341,-108.27
 09:37:09.128,eb:33:2e:f9:57:b5, 2015-01-01 00:25:45.800,0.008,0.001,0.995,0.427,0.183,-0.061, , , , , , ,0,-0.341,-108.27
 09:37:09.128,eb:33:2e:f9:57:b5, 2015-01-01 00:25:45.800,0.007,0.002,0.995,0.366,0.183,-0.061, , , , , , ,0,-0.341,-108.27
 09:37:09.128,eb:33:2e:f9:57:b5, 2015-01-01 00:25:45.800,0.005,0.001,0.994,0.366,0.183,0, , , , , , ,0,-0.341,-108.27
 09:37:09.128,eb:33:2e:f9:57:b5, 2015-01-01 00:25:45.800,0.006,0.001,0.993,0.427,0.183,0, , , , , , ,0,-0.341,-108.27
 09:37:09.128,eb:33:2e:f9:57:b5, 2015-01-01 00:25:45.800,0.007,0.001,0.993,0.427,0.122,0, , , , , , ,0,-0.341,-108.265
 09:37:09.128,eb:33:2e:f9:57:b5, 2015-01-01 00:25:45.800,0.006,0.001,0.993,0.427,0.061,0, , , , , , ,0,-0.341,-108.265
 09:37:09.173,eb:33:2e:f9:57:b5, 2015-01-01 00:25:45.800,0.007,0.002,0.993,0.427,0,0, , , , , , ,0,-0.341,-108.265
 09:37:09.173,eb:33:2e:f9:57:b5, 2015-01-01 00:25:45.800,0.007,0.001,0.994,0.427,0,0, , , , , , ,0,-0.341,-108.265
 09:37:09.173,eb:33:2e:f9:57:b5, 2015-01-01 00:25:45.800,0.007,0.001,0.995,0.427,0.061,-0.061, , , , , , ,0,-0.341,-108.265
 09:37:09.173,eb:33:2e:f9:57:b5, 2015-01-01 00:25:45.800,0.008,0.002,0.994,0.427,0.122,0, , , , , , ,0,-0.341,-108.265
 09:37:09.173,eb:33:2e:f9:57:b5, 2015-01-01 00:25:45.800,0.007,0.002,0.993,0.366,0.061,0, , , , , , ,0,-0.341,-108.265
 09:37:09.173,eb:33:2e:f9:57:b5, 2015-01-01 00:25:45.800,0.007,0.002,0.994,0.366,0.122,0, , , , , , ,0,-0.341,-108.265
 09:37:09.173,eb:33:2e:f9:57:b5, 2015-01-01 00:25:45.800,0.008,0.002,0.994,0.366,0.122,0, , , , , , ,0,-0.341,-108.265
 09:37:09.173,eb:33:2e:f9:57:b5, 2015-01-01 00:25:45.800,0.008,0.002,0.994,0.427,0.183,0, , , , , , ,0,-0.341,-108.265
 09:37:09.219,eb:33:2e:f9:57:b5, 2015-01-01 00:25:46.090,0.008,0.003,0.995,0.427,0.244,0, , , , , , ,0,-0.341,-108.265
 09:37:09.219,eb:33:2e:f9:57:b5, 2015-01-01 00:25:46.090,0.007,0.002,0.994,0.305,0.244,0, , , , , , ,0,-0.341,-108.265
 09:37:09.219,eb:33:2e:f9:57:b5, 2015-01-01 00:25:46.090,0.006,0.003,0.994,0.305,0.183,-0.122, , , , , , ,0,-0.341,-108.265
 09:37:09.219,eb:33:2e:f9:57:b5, 2015-01-01 00:25:46.090,0.007,0.002,0.993,0.366,0.183,-0.061, , , , , , ,0,-0.341,-108.265
 09:37:09.219,eb:33:2e:f9:57:b5, 2015-01-01 00:25:46.090,0.008,0.002,0.994,0.427,0.122,0, , , , , , ,0,-0.341,-108.265
 09:37:09.219,eb:33:2e:f9:57:b5, 2015-01-01 00:25:46.090,0.007,0.001,0.995,0.427,0.122,-0.061, , , , , , ,0,-0.341,-108.265
 09:37:09.219,eb:33:2e:f9:57:b5, 2015-01-01 00:25:46.090,0.006,0.002,0.994,0.366,0.183,-0.061, , , , , , ,0,-0.341,-108.265
 09:37:09.219,eb:33:2e:f9:57:b5, 2015-01-01 00:25:46.090,0.005,0.001,0.993,0.366,0.122,-0.061, , , , , , ,0,-0.341,-108.265
 09:37:09.262,eb:33:2e:f9:57:b5, 2015-01-01 00:25:46.090,0.006,0.002,0.993,0.427,0.061,0, , , , , , ,0,-0.341,-108.265
 09:37:09.262,eb:33:2e:f9:57:b5, 2015-01-01 00:25:46.090,0.007,0.002,0.994,0.366,0,0, , , , , , ,0,-0.341,-108.265
 09:37:09.262,eb:33:2e:f9:57:b5, 2015-01-01 00:25:46.090,0.006,0.002,0.995,0.427,0,0, , , , , , ,0,-0.341,-108.265
 09:37:09.262,eb:33:2e:f9:57:b5, 2015-01-01 00:25:46.090,0.006,0.002,0.995,0.427,0,0, , , , , , ,0,-0.341,-108.265
 09:37:09.262,eb:33:2e:f9:57:b5, 2015-01-01 00:25:46.090,0.006,0.002,0.994,0.427,0,0, , , , , , ,0,-0.346,-108.265
 09:37:09.262,eb:33:2e:f9:57:b5, 2015-01-01 00:25:46.090,0.007,0.002,0.994,0.366,0.061,0, , , , , , ,0,-0.346,-108.265
 09:37:09.262,eb:33:2e:f9:57:b5, 2015-01-01 00:25:46.090,0.008,0.002,0.994,0.427,0.061,0, , , , , , ,0,-0.346,-108.265
 09:37:09.262,eb:33:2e:f9:57:b5, 2015-01-01 00:25:46.090,0.007,0.002,0.994,0.427,0.122,0, , , , , , ,0,-0.346,-108.265
 09:37:09.307,eb:33:2e:f9:57:b5, 2015-01-01 00:25:46.090,0.007,0.002,0.994,0.427,0.183,0, , , , , , ,0,-0.346,-108.265
 09:37:09.307,eb:33:2e:f9:57:b5, 2015-01-01 00:25:46.090,0.006,0.004,0.994,0.427,0.183,0, , , , , , ,0,-0.346,-108.265
 09:37:09.307,eb:33:2e:f9:57:b5, 2015-01-01 00:25:46.090,0.005,0.003,0.993,0.366,0.183,0, , , , , , ,0,-0.346,-108.265
 09:37:09.307,eb:33:2e:f9:57:b5, 2015-01-01 00:25:46.090,0.006,0.002,0.993,0.366,0.061,0, , , , , , ,0,-0.346,-108.265
 09:37:09.307,eb:33:2e:f9:57:b5, 2015-01-01 00:25:46.090,0.008,0.003,0.993,0.366,0.061,0, , , , , , ,0,-0.346,-108.265
 09:37:09.307,eb:33:2e:f9:57:b5, 2015-01-01 00:25:46.090,0.007,0.002,0.994,0.366,0,0, , , , , , ,0,-0.346,-108.265
 09:37:09.307,eb:33:2e:f9:57:b5, 2015-01-01 00:25:46.090,0.007,0.002,0.993,0.366,0,0, , , , , , ,0,-0.346,-108.265
 09:37:09.307,eb:33:2e:f9:57:b5, 2015-01-01 00:25:46.090,0.008,0.004,0.994,0.305,0,-0.061, , , , , , ,0,-0.346,-108.265
 09:37:09.330,eb:33:2e:f9:57:b5, 2015-01-01 00:25:46.090,0.007,0.003,0.994,0.366,0,-0.061, , , , , , ,0,-0.346,-108.265
 09:37:09.330,eb:33:2e:f9:57:b5, 2015-01-01 00:25:46.090,0.007,0.003,0.994,0.305,0,0, , , , , , ,0,-0.346,-108.265
 09:37:09.330,eb:33:2e:f9:57:b5, 2015-01-01 00:25:46.090,0.007,0.003,0.993,0.305,0.061,0, , , , , , ,0,-0.346,-108.265
 09:37:09.330,eb:33:2e:f9:57:b5, 2015-01-01 00:25:46.090,0.007,0.003,0.993,0.305,0.061,0, , , , , , ,0,-0.346,-108.265
 09:37:09.330,eb:33:2e:f9:57:b5, 2015-01-01 00:25:46.090,0.007,0.003,0.994,0.305,0,0, , , , , , ,0,-0.346,-108.265
 09:37:09.330,eb:33:2e:f9:57:b5, 2015-01-01 00:25:46.090,0.007,0.002,0.995,0.244,0.061,-0.061, , , , , , ,0,-0.346,-108.265
 09:37:09.330,eb:33:2e:f9:57:b5, 2015-01-01 00:25:46.090,0.007,0.003,0.993,0.244,0,0, , , , , , ,0,-0.346,-108.265
 09:37:09.330,eb:33:2e:f9:57:b5, 2015-01-01 00:25:46.090,0.007,0.002,0.993,0.305,0,-0.061, , , , , , ,0,-0.346,-108.265
 09:37:09.376,eb:33:2e:f9:57:b5, 2015-01-01 00:25:46.090,0.006,0.002,0.993,0.305,0,0, , , , , , ,0,-0.346,-108.265
 09:37:09.377,eb:33:2e:f9:57:b5, 2015-01-01 00:25:46.090,0.007,0.003,0.995,0.305,0,0, , , , , , ,0,-0.346,-108.265
 09:37:09.377,eb:33:2e:f9:57:b5, 2015-01-01 00:25:46.090,0.006,0.002,0.994,0.305,0,0, , , , , , ,0,-0.346,-108.265
 09:37:09.377,eb:33:2e:f9:57:b5, 2015-01-01 00:25:46.090,0.007,0.003,0.994,0.244,0,0, , , , , , ,0,-0.346,-108.265
 09:37:09.377,eb:33:2e:f9:57:b5, 2015-01-01 00:25:46.090,0.006,0.003,0.994,0.183,0,-0.061, , , , , , ,0,-0.346,-108.265
 09:37:09.377,eb:33:2e:f9:57:b5, 2015-01-01 00:25:46.090,0.006,0.003,0.994,0.244,0.061,-0.061, , , , , , ,0,-0.346,-108.265
 09:37:09.377,eb:33:2e:f9:57:b5, 2015-01-01 00:25:46.090,0.007,0.003,0.993,0.244,0,0, , , , , , ,0,-0.346,-108.265
 09:37:09.377,eb:33:2e:f9:57:b5, 2015-01-01 00:25:46.090,0.006,0.003,0.993,0.183,0,0, , , , , , ,0,-0.346,-108.265
 09:37:09.420,eb:33:2e:f9:57:b5, 2015-01-01 00:25:46.090,0.007,0.004,0.993,0.183,0,0, , , , , , ,0,-0.346,-108.265
 09:37:09.420,eb:33:2e:f9:57:b5, 2015-01-01 00:25:46.090,0.008,0.003,0.994,0.183,0,0, , , , , , ,0,-0.346,-108.265
 09:37:09.420,eb:33:2e:f9:57:b5, 2015-01-01 00:25:46.090,0.008,0.003,0.994,0.183,0,-0.061, , , , , , ,0,-0.346,-108.265
 09:37:09.420,eb:33:2e:f9:57:b5, 2015-01-01 00:25:46.090,0.006,0.002,0.994,0.183,0.061,0, , , , , , ,0,-0.346,-108.265
 09:37:09.420,eb:33:2e:f9:57:b5, 2015-01-01 00:25:46.090,0.007,0.002,0.993,0.183,0,0, , , , , , ,0.005,-0.346,-108.265
 09:37:09.420,eb:33:2e:f9:57:b5, 2015-01-01 00:25:46.090,0.007,0.003,0.993,0.305,0,0, , , , , , ,0.005,-0.346,-108.265
 09:37:09.420,eb:33:2e:f9:57:b5, 2015-01-01 00:25:46.090,0.007,0.003,0.993,0.305,-0.061,-0.061, , , , , , ,0.005,-0.346,-108.265
 09:37:09.420,eb:33:2e:f9:57:b5, 2015-01-01 00:25:46.090,0.007,0.003,0.994,0.244,-0.061,0, , , , , , ,0.005,-0.346,-108.265
 09:37:09.466,eb:33:2e:f9:57:b5, 2015-01-01 00:25:46.090,0.007,0.002,0.994,0.244,-0.061,0, , , , , , ,0.005,-0.346,-108.265
 09:37:09.466,eb:33:2e:f9:57:b5, 2015-01-01 00:25:46.090,0.007,0.003,0.994,0.244,-0.061,0, , , , , , ,0.005,-0.346,-108.265
 09:37:09.466,eb:33:2e:f9:57:b5, 2015-01-01 00:25:46.090,0.006,0.003,0.992,0.244,0,0, , , , , , ,0.005,-0.346,-108.265
 09:37:09.466,eb:33:2e:f9:57:b5, 2015-01-01 00:25:46.090,0.006,0.002,0.993,0.244,-0.061,0, , , , , , ,0.005,-0.346,-108.265
 09:37:09.466,eb:33:2e:f9:57:b5, 2015-01-01 00:25:46.090,0.006,0.002,0.993,0.244,-0.122,0, , , , , , ,0.005,-0.346,-108.265
 09:37:09.466,eb:33:2e:f9:57:b5, 2015-01-01 00:25:46.090,0.007,0.003,0.994,0.244,-0.122,0, , , , , , ,0.005,-0.346,-108.265
 09:37:09.466,eb:33:2e:f9:57:b5, 2015-01-01 00:25:46.090,0.007,0.003,0.994,0.244,-0.061,-0.061, , , , , , ,0.005,-0.346,-108.265
 09:37:09.466,eb:33:2e:f9:57:b5, 2015-01-01 00:25:46.090,0.006,0.003,0.994,0.244,-0.061,-0.061, , , , , , ,0.005,-0.346,-108.265
 09:37:09.510,eb:33:2e:f9:57:b5, 2015-01-01 00:25:46.400,0.006,0.002,0.994,0.244,-0.122,-0.061, , , , , , ,0.005,-0.346,-108.259
 09:37:09.510,eb:33:2e:f9:57:b5, 2015-01-01 00:25:46.400,0.005,0.002,0.994,0.244,-0.122,-0.061, , , , , , ,0.005,-0.346,-108.259
 09:37:09.510,eb:33:2e:f9:57:b5, 2015-01-01 00:25:46.400,0.006,0.002,0.994,0.244,-0.183,0, , , , , , ,0.005,-0.346,-108.259
 09:37:09.510,eb:33:2e:f9:57:b5, 2015-01-01 00:25:46.400,0.006,0.002,0.994,0.244,-0.183,0, , , , , , ,0.005,-0.346,-108.259
 09:37:09.510,eb:33:2e:f9:57:b5, 2015-01-01 00:25:46.400,0.006,0.003,0.993,0.305,-0.244,0, , , , , , ,0.005,-0.346,-108.259
 09:37:09.510,eb:33:2e:f9:57:b5, 2015-01-01 00:25:46.400,0.006,0.003,0.992,0.305,-0.305,0, , , , , , ,0.005,-0.346,-108.259
 09:37:09.511,eb:33:2e:f9:57:b5, 2015-01-01 00:25:46.400,0.005,0.003,0.992,0.244,-0.366,0, , , , , , ,0.005,-0.346,-108.259
 09:37:09.511,eb:33:2e:f9:57:b5, 2015-01-01 00:25:46.400,0.008,0.003,0.993,0.244,-0.549,-0.061, , , , , , ,0.005,-0.346,-108.259
 09:37:09.533,eb:33:2e:f9:57:b5, 2015-01-01 00:25:46.400,0.009,0.003,0.995,0.305,-0.488,-0.061, , , , , , ,0.005,-0.346,-108.259
 09:37:09.533,eb:33:2e:f9:57:b5, 2015-01-01 00:25:46.400,0.008,0.003,0.994,0.366,-0.366,-0.122, , , , , , ,0.005,-0.346,-108.259
 09:37:09.533,eb:33:2e:f9:57:b5, 2015-01-01 00:25:46.400,0.007,0.002,0.995,0.427,-0.427,-0.122, , , , , , ,0.005,-0.346,-108.259
 09:37:09.533,eb:33:2e:f9:57:b5, 2015-01-01 00:25:46.400,0.007,0.003,0.993,0.427,-0.427,-0.122, , , , , , ,0.005,-0.346,-108.259
 09:37:09.533,eb:33:2e:f9:57:b5, 2015-01-01 00:25:46.400,0.007,0.004,0.992,0.366,-0.549,-0.122, , , , , , ,0.011,-0.346,-108.259
 09:37:09.533,eb:33:2e:f9:57:b5, 2015-01-01 00:25:46.400,0.01,0.002,0.994,0.366,-0.488,-0.122, , , , , , ,0.011,-0.346,-108.259
 09:37:09.533,eb:33:2e:f9:57:b5, 2015-01-01 00:25:46.400,0.01,0.003,0.995,0.427,-0.549,-0.122, , , , , , ,0.011,-0.346,-108.259
 09:37:09.533,eb:33:2e:f9:57:b5, 2015-01-01 00:25:46.400,0.009,0.002,0.994,0.427,-0.366,-0.122, , , , , , ,0.011,-0.346,-108.259
 09:37:09.578,eb:33:2e:f9:57:b5, 2015-01-01 00:25:46.400,0.008,0.004,0.992,0.427,-0.305,-0.122, , , , , , ,0.011,-0.346,-108.259
 09:37:09.578,eb:33:2e:f9:57:b5, 2015-01-01 00:25:46.400,0.006,0.005,0.992,0.366,-0.305,-0.061, , , , , , ,0.011,-0.346,-108.259
 09:37:09.578,eb:33:2e:f9:57:b5, 2015-01-01 00:25:46.400,0.006,0.007,0.99,0.305,-0.488,-0.183, , , , , , ,0.011,-0.346,-108.259
 09:37:09.578,eb:33:2e:f9:57:b5, 2015-01-01 00:25:46.400,0.009,0.002,0.993,0.305,-0.488,-0.183, , , , , , ,0.011,-0.346,-108.259
 09:37:09.578,eb:33:2e:f9:57:b5, 2015-01-01 00:25:46.400,0.01,0.002,0.994,0.305,-0.488,-0.122, , , , , , ,0.011,-0.352,-108.259
 09:37:09.578,eb:33:2e:f9:57:b5, 2015-01-01 00:25:46.400,0.008,0.004,0.994,0.305,-0.427,-0.122, , , , , , ,0.011,-0.352,-108.259
 09:37:09.578,eb:33:2e:f9:57:b5, 2015-01-01 00:25:46.400,0.008,0.004,0.994,0.305,-0.427,-0.122, , , , , , ,0.011,-0.352,-108.259
 09:37:09.578,eb:33:2e:f9:57:b5, 2015-01-01 00:25:46.400,0.007,0.004,0.993,0.244,-0.427,-0.122, , , , , , ,0.011,-0.352,-108.259
 09:37:09.622,eb:33:2e:f9:57:b5, 2015-01-01 00:25:46.400,0.008,0.004,0.993,0.244,-0.427,-0.122, , , , , , ,0.011,-0.352,-108.259
 09:37:09.622,eb:33:2e:f9:57:b5, 2015-01-01 00:25:46.400,0.007,0.004,0.992,0.244,-0.427,-0.122, , , , , , ,0.011,-0.352,-108.259
 09:37:09.622,eb:33:2e:f9:57:b5, 2015-01-01 00:25:46.400,0.008,0.002,0.994,0.305,-0.427,-0.183, , , , , , ,0.011,-0.352,-108.259
 09:37:09.622,eb:33:2e:f9:57:b5, 2015-01-01 00:25:46.400,0.01,0.003,0.995,0.305,-0.427,-0.122, , , , , , ,0.011,-0.352,-108.259
 09:37:09.622,eb:33:2e:f9:57:b5, 2015-01-01 00:25:46.400,0.01,0.002,0.996,0.305,-0.366,-0.122, , , , , , ,0.011,-0.352,-108.259
 09:37:09.622,eb:33:2e:f9:57:b5, 2015-01-01 00:25:46.400,0.01,0.002,0.996,0.366,-0.244,-0.122, , , , , , ,0.011,-0.352,-108.259
 09:37:09.622,eb:33:2e:f9:57:b5, 2015-01-01 00:25:46.400,0.009,0.002,0.996,0.366,-0.244,-0.122, , , , , , ,0.011,-0.352,-108.259
 09:37:09.622,eb:33:2e:f9:57:b5, 2015-01-01 00:25:46.400,0.01,0.003,0.994,0.366,-0.244,-0.122, , , , , , ,0.011,-0.352,-108.259
 09:37:09.669,eb:33:2e:f9:57:b5, 2015-01-01 00:25:46.400,0.009,0.004,0.994,0.427,-0.122,-0.061, , , , , , ,0.016,-0.352,-108.259
 09:37:09.669,eb:33:2e:f9:57:b5, 2015-01-01 00:25:46.400,0.009,0.003,0.994,0.366,0,-0.061, , , , , , ,0.016,-0.352,-108.259
 09:37:09.669,eb:33:2e:f9:57:b5, 2015-01-01 00:25:46.400,0.009,0.003,0.994,0.366,0,-0.122, , , , , , ,0.016,-0.352,-108.259
 09:37:09.669,eb:33:2e:f9:57:b5, 2015-01-01 00:25:46.400,0.008,0.003,0.994,0.366,-0.061,-0.122, , , , , , ,0.016,-0.352,-108.259
 09:37:09.669,eb:33:2e:f9:57:b5, 2015-01-01 00:25:46.400,0.009,0.003,0.994,0.305,0,-0.061, , , , , , ,0.016,-0.352,-108.259
 09:37:09.669,eb:33:2e:f9:57:b5, 2015-01-01 00:25:46.400,0.009,0.004,0.993,0.305,0,-0.061, , , , , , ,0.016,-0.352,-108.259
 09:37:09.669,eb:33:2e:f9:57:b5, 2015-01-01 00:25:46.400,0.009,0.004,0.994,0.305,0,-0.061, , , , , , ,0.016,-0.352,-108.259
 09:37:09.669,eb:33:2e:f9:57:b5, 2015-01-01 00:25:46.400,0.009,0.004,0.994,0.305,0,-0.061, , , , , , ,0.016,-0.352,-108.259
 09:37:09.712,eb:33:2e:f9:57:b5, 2015-01-01 00:25:46.400,0.009,0.004,0.994,0.366,0.061,-0.061, , , , , , ,0.016,-0.352,-108.259
 09:37:09.712,eb:33:2e:f9:57:b5, 2015-01-01 00:25:46.400,0.008,0.003,0.994,0.366,0,0, , , , , , ,0.016,-0.352,-108.259
 09:37:09.712,eb:33:2e:f9:57:b5, 2015-01-01 00:25:46.400,0.008,0.003,0.995,0.366,0.061,0, , , , , , ,0.016,-0.352,-108.259
 09:37:09.712,eb:33:2e:f9:57:b5, 2015-01-01 00:25:46.400,0.009,0.003,0.994,0.366,0.122,0, , , , , , ,0.016,-0.352,-108.259
 09:37:09.712,eb:33:2e:f9:57:b5, 2015-01-01 00:25:46.400,0.009,0.003,0.994,0.366,0.122,0, , , , , , ,0.016,-0.357,-108.259
 09:37:09.712,eb:33:2e:f9:57:b5, 2015-01-01 00:25:46.400,0.009,0.003,0.994,0.305,0.061,0, , , , , , ,0.016,-0.357,-108.259
 09:37:09.712,eb:33:2e:f9:57:b5, 2015-01-01 00:25:46.400,0.009,0.003,0.995,0.366,0.122,0, , , , , , ,0.016,-0.357,-108.259
 09:37:09.712,eb:33:2e:f9:57:b5, 2015-01-01 00:25:46.400,0.009,0.002,0.995,0.366,0.244,0, , , , , , ,0.016,-0.357,-108.259
 09:37:09.735,eb:33:2e:f9:57:b5, 2015-01-01 00:25:46.400,0.008,0.003,0.995,0.366,0.305,0, , , , , , ,0.016,-0.357,-108.259
 09:37:09.735,eb:33:2e:f9:57:b5, 2015-01-01 00:25:46.400,0.008,0.004,0.993,0.305,0.244,0, , , , , , ,0.016,-0.357,-108.259
 09:37:09.735,eb:33:2e:f9:57:b5, 2015-01-01 00:25:46.400,0.007,0.005,0.992,0.244,0.183,0.061, , , , , , ,0.016,-0.357,-108.259
 09:37:09.735,eb:33:2e:f9:57:b5, 2015-01-01 00:25:46.400,0.008,0.005,0.993,0.183,0.244,0.061, , , , , , ,0.016,-0.357,-108.259
 09:37:09.735,eb:33:2e:f9:57:b5, 2015-01-01 00:25:46.400,0.009,0.005,0.993,0.244,0.183,0, , , , , , ,0.016,-0.357,-108.259
 09:37:09.735,eb:33:2e:f9:57:b5, 2015-01-01 00:25:46.400,0.009,0.004,0.993,0.183,0.183,0, , , , , , ,0.016,-0.357,-108.259
 09:37:09.735,eb:33:2e:f9:57:b5, 2015-01-01 00:25:46.400,0.01,0.005,0.994,0.183,0.244,0, , , , , , ,0.016,-0.357,-108.259
 09:37:09.735,eb:33:2e:f9:57:b5, 2015-01-01 00:25:46.400,0.008,0.005,0.994,0.122,0.305,0, , , , , , ,0.016,-0.357,-108.259
 09:37:09.780,eb:33:2e:f9:57:b5, 2015-01-01 00:25:46.400,0.008,0.003,0.994,0.183,0.305,0.061, , , , , , ,0.022,-0.357,-108.259
 09:37:09.780,eb:33:2e:f9:57:b5, 2015-01-01 00:25:46.400,0.008,0.003,0.994,0.183,0.244,0, , , , , , ,0.022,-0.357,-108.259
 09:37:09.780,eb:33:2e:f9:57:b5, 2015-01-01 00:25:46.400,0.008,0.003,0.994,0.183,0.244,0, , , , , , ,0.022,-0.357,-108.259
 09:37:09.780,eb:33:2e:f9:57:b5, 2015-01-01 00:25:46.400,0.008,0.004,0.994,0.183,0.244,0.061, , , , , , ,0.022,-0.357,-108.259
 09:37:09.780,eb:33:2e:f9:57:b5, 2015-01-01 00:25:46.400,0.008,0.003,0.994,0.183,0.244,0.061, , , , , , ,0.022,-0.357,-108.254
 09:37:09.780,eb:33:2e:f9:57:b5, 2015-01-01 00:25:46.400,0.009,0.004,0.995,0.122,0.244,0.061, , , , , , ,0.022,-0.357,-108.254
 09:37:09.780,eb:33:2e:f9:57:b5, 2015-01-01 00:25:46.400,0.008,0.004,0.995,0.122,0.366,0.061, , , , , , ,0.022,-0.357,-108.254
 09:37:09.780,eb:33:2e:f9:57:b5, 2015-01-01 00:25:46.400,0.008,0.004,0.994,0.122,0.427,0.122, , , , , , ,0.022,-0.357,-108.254
 09:37:09.826,eb:33:2e:f9:57:b5, 2015-01-01 00:25:46.690,0.009,0.005,0.994,0.122,0.488,0.122, , , , , , ,0.022,-0.357,-108.254
 09:37:09.826,eb:33:2e:f9:57:b5, 2015-01-01 00:25:46.690,0.008,0.005,0.993,0.122,0.488,0.061, , , , , , ,0.022,-0.357,-108.254
 09:37:09.826,eb:33:2e:f9:57:b5, 2015-01-01 00:25:46.690,0.008,0.005,0.992,0.122,0.427,0.061, , , , , , ,0.022,-0.357,-108.254
 09:37:09.826,eb:33:2e:f9:57:b5, 2015-01-01 00:25:46.690,0.008,0.005,0.993,0.122,0.488,0, , , , , , ,0.022,-0.357,-108.254
 09:37:09.826,eb:33:2e:f9:57:b5, 2015-01-01 00:25:46.690,0.008,0.005,0.994,0.061,0.427,0, , , , , , ,0.022,-0.357,-108.254
 09:37:09.826,eb:33:2e:f9:57:b5, 2015-01-01 00:25:46.690,0.008,0.005,0.993,0.061,0.427,0, , , , , , ,0.022,-0.357,-108.254
 09:37:09.826,eb:33:2e:f9:57:b5, 2015-01-01 00:25:46.690,0.008,0.004,0.993,0.061,0.366,0.122, , , , , , ,0.022,-0.357,-108.254
 09:37:09.826,eb:33:2e:f9:57:b5, 2015-01-01 00:25:46.690,0.008,0.004,0.993,0,0.366,0.061, , , , , , ,0.022,-0.357,-108.254
 09:37:09.870,eb:33:2e:f9:57:b5, 2015-01-01 00:25:46.690,0.008,0.005,0.993,0,0.427,0, , , , , , ,0.027,-0.363,-108.254
 09:37:09.870,eb:33:2e:f9:57:b5, 2015-01-01 00:25:46.690,0.008,0.004,0.992,0,0.427,0, , , , , , ,0.027,-0.363,-108.254
 09:37:09.870,eb:33:2e:f9:57:b5, 2015-01-01 00:25:46.690,0.008,0.004,0.993,-0.061,0.488,0.061, , , , , , ,0.027,-0.363,-108.254
 09:37:09.870,eb:33:2e:f9:57:b5, 2015-01-01 00:25:46.690,0.008,0.004,0.994,-0.122,0.488,0.061, , , , , , ,0.027,-0.363,-108.254
 09:37:09.870,eb:33:2e:f9:57:b5, 2015-01-01 00:25:46.690,0.008,0.003,0.995,-0.061,0.549,0.122, , , , , , ,0.027,-0.363,-108.254
 09:37:09.870,eb:33:2e:f9:57:b5, 2015-01-01 00:25:46.690,0.007,0.003,0.995,0,0.549,0.061, , , , , , ,0.027,-0.363,-108.254
 09:37:09.870,eb:33:2e:f9:57:b5, 2015-01-01 00:25:46.690,0.007,0.003,0.996,0,0.549,0.122, , , , , , ,0.027,-0.363,-108.254
 09:37:09.870,eb:33:2e:f9:57:b5, 2015-01-01 00:25:46.690,0.005,0.003,0.997,0,0.61,0.122, , , , , , ,0.027,-0.363,-108.254
 09:37:09.892,eb:33:2e:f9:57:b5, 2015-01-01 00:25:46.690,0.006,0.002,0.996,0,0.549,0.122, , , , , , ,0.027,-0.363,-108.254
 09:37:09.892,eb:33:2e:f9:57:b5, 2015-01-01 00:25:46.690,0.005,0.002,0.996,0.122,0.549,0.122, , , , , , ,0.027,-0.363,-108.254
 09:37:09.892,eb:33:2e:f9:57:b5, 2015-01-01 00:25:46.690,0.005,0.001,0.996,0.183,0.488,0.183, , , , , , ,0.027,-0.363,-108.254
 09:37:09.892,eb:33:2e:f9:57:b5, 2015-01-01 00:25:46.690,0.005,0.003,0.997,0.183,0.427,0.183, , , , , , ,0.027,-0.363,-108.254
 09:37:09.892,eb:33:2e:f9:57:b5, 2015-01-01 00:25:46.690,0.006,0.003,0.995,0.244,0.427,0.244, , , , , , ,0.027,-0.363,-108.254
 09:37:09.892,eb:33:2e:f9:57:b5, 2015-01-01 00:25:46.690,0.006,0.003,0.996,0.305,0.427,0.305, , , , , , ,0.027,-0.363,-108.254
 09:37:09.892,eb:33:2e:f9:57:b5, 2015-01-01 00:25:46.690,0.006,0.003,0.995,0.366,0.305,0.244, , , , , , ,0.027,-0.363,-108.254
 09:37:09.893,eb:33:2e:f9:57:b5, 2015-01-01 00:25:46.690,0.008,0.004,0.994,0.305,0.244,0.244, , , , , , ,0.027,-0.363,-108.254
 09:37:09.939,eb:33:2e:f9:57:b5, 2015-01-01 00:25:46.690,0.008,0.004,0.994,0.366,0.305,0.305, , , , , , ,0.027,-0.363,-108.254
 09:37:09.939,eb:33:2e:f9:57:b5, 2015-01-01 00:25:46.690,0.008,0.004,0.993,0.366,0.366,0.305, , , , , , ,0.027,-0.363,-108.254
 09:37:09.939,eb:33:2e:f9:57:b5, 2015-01-01 00:25:46.690,0.008,0.004,0.994,0.305,0.488,0.244, , , , , , ,0.027,-0.363,-108.254
 09:37:09.939,eb:33:2e:f9:57:b5, 2015-01-01 00:25:46.690,0.007,0.005,0.993,0.305,0.488,0.305, , , , , , ,0.027,-0.363,-108.254
 09:37:09.939,eb:33:2e:f9:57:b5, 2015-01-01 00:25:46.690,0.007,0.005,0.993,0.244,0.427,0.305, , , , , , ,0.033,-0.363,-108.254
 09:37:09.939,eb:33:2e:f9:57:b5, 2015-01-01 00:25:46.690,0.008,0.005,0.993,0.244,0.488,0.244, , , , , , ,0.033,-0.363,-108.254
 09:37:09.939,eb:33:2e:f9:57:b5, 2015-01-01 00:25:46.690,0.007,0.005,0.992,0.122,0.488,0.305, , , , , , ,0.033,-0.363,-108.254
 09:37:09.939,eb:33:2e:f9:57:b5, 2015-01-01 00:25:46.690,0.007,0.006,0.991,0.122,0.488,0.305, , , , , , ,0.033,-0.363,-108.254
 09:37:09.983,eb:33:2e:f9:57:b5, 2015-01-01 00:25:46.690,0.007,0.006,0.991,0,0.488,0.244, , , , , , ,0.033,-0.363,-108.254
 09:37:09.983,eb:33:2e:f9:57:b5, 2015-01-01 00:25:46.690,0.01,0.005,0.991,0,0.488,0.305, , , , , , ,0.033,-0.363,-108.254
 09:37:09.983,eb:33:2e:f9:57:b5, 2015-01-01 00:25:46.690,0.008,0.004,0.993,0,0.549,0.244, , , , , , ,0.033,-0.363,-108.254
 09:37:09.983,eb:33:2e:f9:57:b5, 2015-01-01 00:25:46.690,0.007,0.005,0.993,0,0.61,0.244, , , , , , ,0.033,-0.363,-108.254
 09:37:09.983,eb:33:2e:f9:57:b5, 2015-01-01 00:25:46.690,0.005,0.005,0.993,-0.061,0.671,0.183, , , , , , ,0.033,-0.363,-108.254
 09:37:09.983,eb:33:2e:f9:57:b5, 2015-01-01 00:25:46.690,0.005,0.005,0.992,-0.122,0.488,0.183, , , , , , ,0.033,-0.363,-108.254
 09:37:09.983,eb:33:2e:f9:57:b5, 2015-01-01 00:25:46.690,0.005,0.003,0.992,-0.061,0.488,0.183, , , , , , ,0.033,-0.363,-108.254
 09:37:09.983,eb:33:2e:f9:57:b5, 2015-01-01 00:25:46.690,0.005,0.003,0.993,0,0.366,0.183, , , , , , ,0.033,-0.363,-108.254
 09:37:10.027,eb:33:2e:f9:57:b5, 2015-01-01 00:25:46.690,0.006,0.004,0.993,0,0.305,0.183, , , , , , ,0.033,-0.363,-108.254
 09:37:10.027,eb:33:2e:f9:57:b5, 2015-01-01 00:25:46.690,0.006,0.003,0.994,0,0.305,0.183, , , , , , ,0.033,-0.363,-108.254
 09:37:10.027,eb:33:2e:f9:57:b5, 2015-01-01 00:25:46.690,0.006,0.003,0.995,0.061,0.366,0.122, , , , , , ,0.033,-0.363,-108.254
 09:37:10.027,eb:33:2e:f9:57:b5, 2015-01-01 00:25:46.690,0.008,0.003,0.994,0.061,0.305,0.183, , , , , , ,0.033,-0.363,-108.254
 09:37:10.027,eb:33:2e:f9:57:b5, 2015-01-01 00:25:46.690,0.007,0.005,0.995,0.061,0.366,0.183, , , , , , ,0.033,-0.363,-108.254
 09:37:10.027,eb:33:2e:f9:57:b5, 2015-01-01 00:25:46.690,0.006,0.004,0.994,0.061,0.427,0.061, , , , , , ,0.033,-0.363,-108.254
 09:37:10.027,eb:33:2e:f9:57:b5, 2015-01-01 00:25:46.690,0.005,0.003,0.993,0.061,0.488,0.061, , , , , , ,0.033,-0.363,-108.254
 09:37:10.027,eb:33:2e:f9:57:b5, 2015-01-01 00:25:46.690,0.007,0.004,0.992,0.061,0.366,0.061, , , , , , ,0.033,-0.363,-108.254
 09:37:10.074,eb:33:2e:f9:57:b5, 2015-01-01 00:25:46.690,0.007,0.003,0.994,0.061,0.427,0, , , , , , ,0.038,-0.363,-108.254
 09:37:10.074,eb:33:2e:f9:57:b5, 2015-01-01 00:25:46.690,0.007,0.004,0.994,0.061,0.488,0, , , , , , ,0.038,-0.363,-108.254
 09:37:10.074,eb:33:2e:f9:57:b5, 2015-01-01 00:25:46.690,0.005,0.004,0.993,0.061,0.488,0, , , , , , ,0.038,-0.363,-108.248
 09:37:10.074,eb:33:2e:f9:57:b5, 2015-01-01 00:25:46.690,0.005,0.004,0.992,0,0.427,0, , , , , , ,0.038,-0.363,-108.248
 09:37:10.074,eb:33:2e:f9:57:b5, 2015-01-01 00:25:46.690,0.005,0.004,0.992,0,0.366,0, , , , , , ,0.038,-0.363,-108.248
 09:37:10.074,eb:33:2e:f9:57:b5, 2015-01-01 00:25:46.690,0.004,0.005,0.992,0,0.366,0, , , , , , ,0.038,-0.363,-108.248
 09:37:10.074,eb:33:2e:f9:57:b5, 2015-01-01 00:25:46.690,0.006,0.005,0.993,-0.061,0.305,0, , , , , , ,0.038,-0.363,-108.248
 09:37:10.074,eb:33:2e:f9:57:b5, 2015-01-01 00:25:46.690,0.005,0.004,0.993,0,0.305,0, , , , , , ,0.038,-0.363,-108.248
 09:37:10.096,eb:33:2e:f9:57:b5, 2015-01-01 00:25:47.005,0.006,0.003,0.993,0,0.305,0, , , , , , ,0.038,-0.363,-108.248
 09:37:10.096,eb:33:2e:f9:57:b5, 2015-01-01 00:25:47.005,0.007,0.004,0.993,0,0.183,0, , , , , , ,0.038,-0.363,-108.248
 09:37:10.096,eb:33:2e:f9:57:b5, 2015-01-01 00:25:47.005,0.007,0.004,0.993,0,0.305,0, , , , , , ,0.038,-0.363,-108.248
 09:37:10.096,eb:33:2e:f9:57:b5, 2015-01-01 00:25:47.005,0.006,0.005,0.992,-0.061,0.366,-0.061, , , , , , ,0.038,-0.363,-108.248
 09:37:10.096,eb:33:2e:f9:57:b5, 2015-01-01 00:25:47.005,0.005,0.005,0.992,0,0.305,-0.061, , , , , , ,0.038,-0.363,-108.248
 09:37:10.096,eb:33:2e:f9:57:b5, 2015-01-01 00:25:47.005,0.005,0.004,0.992,0,0.244,-0.122, , , , , , ,0.038,-0.363,-108.248
 09:37:10.096,eb:33:2e:f9:57:b5, 2015-01-01 00:25:47.005,0.006,0.003,0.993,0.061,0.122,-0.122, , , , , , ,0.038,-0.363,-108.248
 09:37:10.096,eb:33:2e:f9:57:b5, 2015-01-01 00:25:47.005,0.006,0.004,0.994,0.061,0.122,-0.122, , , , , , ,0.038,-0.363,-108.248
 09:37:10.139,eb:33:2e:f9:57:b5, 2015-01-01 00:25:47.005,0.006,0.004,0.995,0.061,0.122,-0.061, , , , , , ,0.038,-0.363,-108.248
 09:37:10.139,eb:33:2e:f9:57:b5, 2015-01-01 00:25:47.005,0.005,0.004,0.995,0.061,0.122,-0.061, , , , , , ,0.038,-0.363,-108.248
 09:37:10.139,eb:33:2e:f9:57:b5, 2015-01-01 00:25:47.005,0.007,0.004,0.994,0.061,0.122,0, , , , , , ,0.038,-0.363,-108.248
 09:37:10.139,eb:33:2e:f9:57:b5, 2015-01-01 00:25:47.005,0.006,0.004,0.994,0.122,0.183,-0.061, , , , , , ,0.038,-0.363,-108.248
 09:37:10.139,eb:33:2e:f9:57:b5, 2015-01-01 00:25:47.005,0.005,0.003,0.994,0.122,0.183,-0.061, , , , , , ,0.044,-0.363,-108.248
 09:37:10.139,eb:33:2e:f9:57:b5, 2015-01-01 00:25:47.005,0.005,0.003,0.994,0.061,0.183,-0.061, , , , , , ,0.044,-0.363,-108.248
 09:37:10.139,eb:33:2e:f9:57:b5, 2015-01-01 00:25:47.005,0.006,0.003,0.994,0.061,0.183,-0.061, , , , , , ,0.044,-0.363,-108.248
 09:37:10.139,eb:33:2e:f9:57:b5, 2015-01-01 00:25:47.005,0.007,0.003,0.995,0.122,0.183,-0.061, , , , , , ,0.044,-0.363,-108.248
 09:37:10.186,eb:33:2e:f9:57:b5, 2015-01-01 00:25:47.005,0.007,0.003,0.996,0.183,0.244,-0.061, , , , , , ,0.044,-0.363,-108.248
 09:37:10.186,eb:33:2e:f9:57:b5, 2015-01-01 00:25:47.005,0.005,0.003,0.996,0.183,0.366,-0.061, , , , , , ,0.044,-0.363,-108.248
 09:37:10.186,eb:33:2e:f9:57:b5, 2015-01-01 00:25:47.005,0.004,0.003,0.995,0.244,0.366,0, , , , , , ,0.044,-0.363,-108.248
 09:37:10.186,eb:33:2e:f9:57:b5, 2015-01-01 00:25:47.005,0.005,0.004,0.993,0.244,0.305,0, , , , , , ,0.044,-0.363,-108.248
 09:37:10.186,eb:33:2e:f9:57:b5, 2015-01-01 00:25:47.005,0.005,0.003,0.994,0.244,0.305,-0.061, , , , , , ,0.044,-0.363,-108.248
 09:37:10.186,eb:33:2e:f9:57:b5, 2015-01-01 00:25:47.005,0.006,0.003,0.994,0.244,0.305,0, , , , , , ,0.044,-0.363,-108.248
 09:37:10.186,eb:33:2e:f9:57:b5, 2015-01-01 00:25:47.005,0.005,0.004,0.994,0.305,0.366,-0.061, , , , , , ,0.044,-0.363,-108.248
 09:37:10.186,eb:33:2e:f9:57:b5, 2015-01-01 00:25:47.005,0.005,0.004,0.995,0.305,0.244,0, , , , , , ,0.044,-0.363,-108.248
 09:37:10.230,eb:33:2e:f9:57:b5, 2015-01-01 00:25:47.005,0.005,0.004,0.994,0.305,0.244,0, , , , , , ,0.044,-0.363,-108.248
 09:37:10.230,eb:33:2e:f9:57:b5, 2015-01-01 00:25:47.005,0.005,0.005,0.994,0.305,0.305,0, , , , , , ,0.044,-0.363,-108.248
 09:37:10.230,eb:33:2e:f9:57:b5, 2015-01-01 00:25:47.005,0.005,0.004,0.994,0.305,0.305,0, , , , , , ,0.044,-0.363,-108.248
 09:37:10.230,eb:33:2e:f9:57:b5, 2015-01-01 00:25:47.005,0.004,0.005,0.993,0.244,0.244,0, , , , , , ,0.044,-0.363,-108.248
 09:37:10.230,eb:33:2e:f9:57:b5, 2015-01-01 00:25:47.005,0.004,0.004,0.991,0.244,0.183,0, , , , , , ,0.044,-0.363,-108.248
 09:37:10.230,eb:33:2e:f9:57:b5, 2015-01-01 00:25:47.005,0.004,0.004,0.991,0.183,0.122,0, , , , , , ,0.044,-0.363,-108.248
 09:37:10.230,eb:33:2e:f9:57:b5, 2015-01-01 00:25:47.005,0.004,0.004,0.992,0.183,0.061,0, , , , , , ,0.044,-0.363,-108.248
 09:37:10.230,eb:33:2e:f9:57:b5, 2015-01-01 00:25:47.005,0.005,0.004,0.992,0.183,0,0, , , , , , ,0.044,-0.363,-108.248
 09:37:10.276,eb:33:2e:f9:57:b5, 2015-01-01 00:25:47.005,0.004,0.003,0.993,0.183,0,0, , , , , , ,0.049,-0.363,-108.248
 09:37:10.276,eb:33:2e:f9:57:b5, 2015-01-01 00:25:47.005,0.004,0.004,0.993,0.244,0,0.061, , , , , , ,0.049,-0.363,-108.248
 09:37:10.276,eb:33:2e:f9:57:b5, 2015-01-01 00:25:47.005,0.004,0.004,0.993,0.244,0,0, , , , , , ,0.049,-0.363,-108.248
 09:37:10.276,eb:33:2e:f9:57:b5, 2015-01-01 00:25:47.005,0.006,0.003,0.994,0.183,0,0, , , , , , ,0.049,-0.363,-108.248
 09:37:10.276,eb:33:2e:f9:57:b5, 2015-01-01 00:25:47.005,0.006,0.003,0.994,0.183,-0.061,0.061, , , , , , ,0.049,-0.363,-108.248
 09:37:10.276,eb:33:2e:f9:57:b5, 2015-01-01 00:25:47.005,0.006,0.003,0.995,0.244,0,0, , , , , , ,0.049,-0.363,-108.248
 09:37:10.276,eb:33:2e:f9:57:b5, 2015-01-01 00:25:47.005,0.005,0.004,0.994,0.244,0,0.061, , , , , , ,0.049,-0.363,-108.248
 09:37:10.276,eb:33:2e:f9:57:b5, 2015-01-01 00:25:47.005,0.005,0.003,0.993,0.244,0,0, , , , , , ,0.049,-0.363,-108.248
 09:37:10.298,eb:33:2e:f9:57:b5, 2015-01-01 00:25:47.005,0.006,0.004,0.994,0.244,-0.061,0.061, , , , , , ,0.049,-0.363,-108.248
 09:37:10.298,eb:33:2e:f9:57:b5, 2015-01-01 00:25:47.005,0.006,0.004,0.994,0.244,0,0.061, , , , , , ,0.049,-0.363,-108.248
 09:37:10.298,eb:33:2e:f9:57:b5, 2015-01-01 00:25:47.005,0.007,0.004,0.995,0.244,0,0.061, , , , , , ,0.049,-0.363,-108.243
 09:37:10.298,eb:33:2e:f9:57:b5, 2015-01-01 00:25:47.005,0.006,0.004,0.994,0.244,0.061,0, , , , , , ,0.049,-0.363,-108.243
 09:37:10.298,eb:33:2e:f9:57:b5, 2015-01-01 00:25:47.005,0.005,0.004,0.994,0.183,0,0, , , , , , ,0.049,-0.363,-108.243
 09:37:10.298,eb:33:2e:f9:57:b5, 2015-01-01 00:25:47.005,0.005,0.004,0.995,0.244,0,-0.061, , , , , , ,0.049,-0.363,-108.243
 09:37:10.298,eb:33:2e:f9:57:b5, 2015-01-01 00:25:47.005,0.005,0.003,0.994,0.244,0.061,0.061, , , , , , ,0.049,-0.363,-108.243
 09:37:10.298,eb:33:2e:f9:57:b5, 2015-01-01 00:25:47.005,0.005,0.004,0.994,0.305,0.061,0, , , , , , ,0.049,-0.363,-108.243
 09:37:10.343,eb:33:2e:f9:57:b5, 2015-01-01 00:25:47.005,0.007,0.004,0.995,0.305,0,0, , , , , , ,0.049,-0.363,-108.243
 09:37:10.343,eb:33:2e:f9:57:b5, 2015-01-01 00:25:47.005,0.007,0.005,0.995,0.305,0.122,0.061, , , , , , ,0.049,-0.363,-108.243
 09:37:10.343,eb:33:2e:f9:57:b5, 2015-01-01 00:25:47.005,0.006,0.005,0.994,0.244,0.183,0, , , , , , ,0.049,-0.363,-108.243
 09:37:10.343,eb:33:2e:f9:57:b5, 2015-01-01 00:25:47.005,0.005,0.004,0.994,0.244,0.244,0, , , , , , ,0.049,-0.363,-108.243
 09:37:10.343,eb:33:2e:f9:57:b5, 2015-01-01 00:25:47.005,0.005,0.004,0.994,0.305,0.183,0, , , , , , ,0.049,-0.363,-108.243
 09:37:10.343,eb:33:2e:f9:57:b5, 2015-01-01 00:25:47.005,0.004,0.004,0.993,0.305,0.122,0, , , , , , ,0.049,-0.363,-108.243
 09:37:10.343,eb:33:2e:f9:57:b5, 2015-01-01 00:25:47.005,0.005,0.004,0.994,0.244,0.183,0, , , , , , ,0.049,-0.363,-108.243
 09:37:10.343,eb:33:2e:f9:57:b5, 2015-01-01 00:25:47.005,0.006,0.005,0.994,0.305,0.183,0, , , , , , ,0.049,-0.363,-108.243
 09:37:10.389,eb:33:2e:f9:57:b5, 2015-01-01 00:25:47.005,0.006,0.005,0.994,0.305,0.183,0, , , , , , ,0.055,-0.363,-108.243
 09:37:10.389,eb:33:2e:f9:57:b5, 2015-01-01 00:25:47.005,0.005,0.005,0.993,0.305,0.183,0, , , , , , ,0.055,-0.363,-108.243
 09:37:10.389,eb:33:2e:f9:57:b5, 2015-01-01 00:25:47.005,0.004,0.005,0.992,0.244,0.183,0, , , , , , ,0.055,-0.363,-108.243
 09:37:10.389,eb:33:2e:f9:57:b5, 2015-01-01 00:25:47.005,0.004,0.005,0.994,0.244,0.122,0, , , , , , ,0.055,-0.363,-108.243
 09:37:10.389,eb:33:2e:f9:57:b5, 2015-01-01 00:25:47.005,0.005,0.004,0.994,0.244,0.061,0, , , , , , ,0.055,-0.363,-108.243
 09:37:10.389,eb:33:2e:f9:57:b5, 2015-01-01 00:25:47.005,0.005,0.005,0.995,0.244,0.183,0, , , , , , ,0.055,-0.363,-108.243
 09:37:10.389,eb:33:2e:f9:57:b5, 2015-01-01 00:25:47.005,0.005,0.005,0.994,0.305,0.244,0, , , , , , ,0.055,-0.363,-108.243
 09:37:10.389,eb:33:2e:f9:57:b5, 2015-01-01 00:25:47.005,0.004,0.005,0.994,0.305,0.183,0, , , , , , ,0.055,-0.363,-108.243
 09:37:10.433,eb:33:2e:f9:57:b5, 2015-01-01 00:25:47.320,0.005,0.004,0.994,0.305,0.183,0, , , , , , ,0.055,-0.363,-108.243
 09:37:10.433,eb:33:2e:f9:57:b5, 2015-01-01 00:25:47.320,0.005,0.005,0.994,0.244,0.244,0, , , , , , ,0.055,-0.363,-108.243
 09:37:10.433,eb:33:2e:f9:57:b5, 2015-01-01 00:25:47.320,0.005,0.005,0.994,0.183,0.244,0, , , , , , ,0.055,-0.363,-108.243
 09:37:10.433,eb:33:2e:f9:57:b5, 2015-01-01 00:25:47.320,0.006,0.004,0.993,0.183,0.244,0, , , , , , ,0.055,-0.363,-108.243
 09:37:10.433,eb:33:2e:f9:57:b5, 2015-01-01 00:25:47.320,0.005,0.004,0.994,0.244,0.244,0, , , , , , ,0.055,-0.363,-108.243
 09:37:10.433,eb:33:2e:f9:57:b5, 2015-01-01 00:25:47.320,0.005,0.004,0.993,0.183,0.244,0, , , , , , ,0.055,-0.363,-108.243
 09:37:10.433,eb:33:2e:f9:57:b5, 2015-01-01 00:25:47.320,0.004,0.005,0.994,0.122,0.183,0, , , , , , ,0.055,-0.363,-108.243
 09:37:10.433,eb:33:2e:f9:57:b5, 2015-01-01 00:25:47.320,0.004,0.005,0.994,0.183,0.244,0, , , , , , ,0.055,-0.363,-108.243
 09:37:10.478,eb:33:2e:f9:57:b5, 2015-01-01 00:25:47.320,0.005,0.005,0.994,0.183,0.244,0, , , , , , ,0.06,-0.363,-108.243
 09:37:10.478,eb:33:2e:f9:57:b5, 2015-01-01 00:25:47.320,0.004,0.004,0.994,0.244,0.122,0, , , , , , ,0.06,-0.363,-108.243
 09:37:10.478,eb:33:2e:f9:57:b5, 2015-01-01 00:25:47.320,0.004,0.004,0.993,0.244,0.061,0, , , , , , ,0.06,-0.363,-108.243
 09:37:10.478,eb:33:2e:f9:57:b5, 2015-01-01 00:25:47.320,0.003,0.003,0.992,0.183,0,0, , , , , , ,0.06,-0.363,-108.243
 09:37:10.478,eb:33:2e:f9:57:b5, 2015-01-01 00:25:47.320,0.006,0.004,0.992,0.183,0,0, , , , , , ,0.06,-0.363,-108.243
 09:37:10.478,eb:33:2e:f9:57:b5, 2015-01-01 00:25:47.320,0.006,0.004,0.993,0.183,0,0, , , , , , ,0.06,-0.363,-108.243
 09:37:10.478,eb:33:2e:f9:57:b5, 2015-01-01 00:25:47.320,0.006,0.005,0.993,0.122,0,0.061, , , , , , ,0.06,-0.363,-108.243
 09:37:10.478,eb:33:2e:f9:57:b5, 2015-01-01 00:25:47.320,0.005,0.005,0.993,0.061,0,0.061, , , , , , ,0.06,-0.363,-108.243
 09:37:10.500,eb:33:2e:f9:57:b5, 2015-01-01 00:25:47.320,0.005,0.004,0.992,0.122,0,0, , , , , , ,0.06,-0.357,-108.243
 09:37:10.500,eb:33:2e:f9:57:b5, 2015-01-01 00:25:47.320,0.005,0.004,0.993,0.061,0,0, , , , , , ,0.06,-0.357,-108.243
 09:37:10.500,eb:33:2e:f9:57:b5, 2015-01-01 00:25:47.320,0.005,0.005,0.994,0,0,0, , , , , , ,0.06,-0.357,-108.243
 09:37:10.500,eb:33:2e:f9:57:b5, 2015-01-01 00:25:47.320,0.005,0.005,0.995,0.061,0,0, , , , , , ,0.06,-0.357,-108.243
 09:37:10.500,eb:33:2e:f9:57:b5, 2015-01-01 00:25:47.320,0.006,0.005,0.994,0.061,0,0, , , , , , ,0.06,-0.357,-108.243
 09:37:10.500,eb:33:2e:f9:57:b5, 2015-01-01 00:25:47.320,0.006,0.005,0.994,0.061,0.061,0, , , , , , ,0.06,-0.357,-108.243
 09:37:10.500,eb:33:2e:f9:57:b5, 2015-01-01 00:25:47.320,0.005,0.005,0.994,0.061,0.061,0, , , , , , ,0.06,-0.357,-108.243
 09:37:10.500,eb:33:2e:f9:57:b5, 2015-01-01 00:25:47.320,0.004,0.005,0.995,0.061,0.061,0, , , , , , ,0.06,-0.357,-108.243
 09:37:10.545,eb:33:2e:f9:57:b5, 2015-01-01 00:25:47.320,0.003,0.005,0.993,0.061,0,0, , , , , , ,0.06,-0.357,-108.237
 09:37:10.545,eb:33:2e:f9:57:b5, 2015-01-01 00:25:47.320,0.006,0.005,0.993,0.061,0,0, , , , , , ,0.06,-0.357,-108.237
 09:37:10.545,eb:33:2e:f9:57:b5, 2015-01-01 00:25:47.320,0.007,0.005,0.994,0.122,0,0, , , , , , ,0.06,-0.357,-108.237
 09:37:10.545,eb:33:2e:f9:57:b5, 2015-01-01 00:25:47.320,0.006,0.004,0.995,0.183,0,0, , , , , , ,0.06,-0.357,-108.237
 09:37:10.545,eb:33:2e:f9:57:b5, 2015-01-01 00:25:47.320,0.004,0.004,0.994,0.122,0.061,0, , , , , , ,0.066,-0.357,-108.237
 09:37:10.545,eb:33:2e:f9:57:b5, 2015-01-01 00:25:47.320,0.004,0.005,0.993,0.122,0.061,0, , , , , , ,0.066,-0.357,-108.237
 09:37:10.545,eb:33:2e:f9:57:b5, 2015-01-01 00:25:47.320,0.005,0.004,0.992,0.122,0,0, , , , , , ,0.066,-0.357,-108.237
 09:37:10.545,eb:33:2e:f9:57:b5, 2015-01-01 00:25:47.320,0.005,0.004,0.993,0.061,0,0, , , , , , ,0.066,-0.357,-108.237
 09:37:10.592,eb:33:2e:f9:57:b5, 2015-01-01 00:25:47.320,0.005,0.004,0.994,0.122,0,0, , , , , , ,0.066,-0.357,-108.237
 09:37:10.592,eb:33:2e:f9:57:b5, 2015-01-01 00:25:47.320,0.006,0.004,0.995,0.122,0,0, , , , , , ,0.066,-0.357,-108.237
 09:37:10.592,eb:33:2e:f9:57:b5, 2015-01-01 00:25:47.320,0.005,0.004,0.994,0.183,0.061,0, , , , , , ,0.066,-0.357,-108.237
 09:37:10.592,eb:33:2e:f9:57:b5, 2015-01-01 00:25:47.320,0.004,0.004,0.994,0.183,0.061,0, , , , , , ,0.066,-0.357,-108.237
 09:37:10.592,eb:33:2e:f9:57:b5, 2015-01-01 00:25:47.320,0.004,0.004,0.994,0.122,0,0, , , , , , ,0.066,-0.357,-108.237
 09:37:10.592,eb:33:2e:f9:57:b5, 2015-01-01 00:25:47.320,0.005,0.003,0.995,0.183,0,0, , , , , , ,0.066,-0.357,-108.237
 09:37:10.592,eb:33:2e:f9:57:b5, 2015-01-01 00:25:47.320,0.004,0.005,0.994,0.183,0.061,0.061, , , , , , ,0.066,-0.357,-108.237
 09:37:10.592,eb:33:2e:f9:57:b5, 2015-01-01 00:25:47.320,0.005,0.005,0.993,0.122,0.061,0.061, , , , , , ,0.066,-0.357,-108.237
 09:37:10.638,eb:33:2e:f9:57:b5, 2015-01-01 00:25:47.320,0.005,0.004,0.993,0.183,0,0, , , , , , ,0.066,-0.357,-108.237
 09:37:10.638,eb:33:2e:f9:57:b5, 2015-01-01 00:25:47.320,0.004,0.004,0.994,0.183,0,0, , , , , , ,0.066,-0.357,-108.237
 09:37:10.638,eb:33:2e:f9:57:b5, 2015-01-01 00:25:47.320,0.004,0.004,0.994,0.183,0,0, , , , , , ,0.066,-0.357,-108.237
 09:37:10.638,eb:33:2e:f9:57:b5, 2015-01-01 00:25:47.320,0.005,0.005,0.993,0.183,-0.061,0, , , , , , ,0.066,-0.357,-108.237
 09:37:10.638,eb:33:2e:f9:57:b5, 2015-01-01 00:25:47.320,0.005,0.006,0.993,0.183,-0.061,0, , , , , , ,0.066,-0.357,-108.237
 09:37:10.638,eb:33:2e:f9:57:b5, 2015-01-01 00:25:47.320,0.006,0.004,0.995,0.183,-0.061,0, , , , , , ,0.066,-0.357,-108.237
 09:37:10.638,eb:33:2e:f9:57:b5, 2015-01-01 00:25:47.320,0.007,0.004,0.995,0.183,0,0, , , , , , ,0.066,-0.357,-108.237
 09:37:10.638,eb:33:2e:f9:57:b5, 2015-01-01 00:25:47.320,0.006,0.004,0.994,0.183,0,0, , , , , , ,0.066,-0.357,-108.237
 09:37:10.658,eb:33:2e:f9:57:b5, 2015-01-01 00:25:47.320,0.005,0.004,0.993,0.183,0,0, , , , , , ,0.071,-0.357,-108.237
 09:37:10.658,eb:33:2e:f9:57:b5, 2015-01-01 00:25:47.320,0.004,0.005,0.993,0.122,0,0, , , , , , ,0.071,-0.357,-108.237
 09:37:10.658,eb:33:2e:f9:57:b5, 2015-01-01 00:25:47.320,0.004,0.005,0.993,0.244,-0.061,0, , , , , , ,0.071,-0.357,-108.237
 09:37:10.658,eb:33:2e:f9:57:b5, 2015-01-01 00:25:47.320,0.006,0.004,0.993,0.183,-0.061,0, , , , , , ,0.071,-0.357,-108.237
 09:37:10.658,eb:33:2e:f9:57:b5, 2015-01-01 00:25:47.320,0.006,0.004,0.994,0.122,-0.061,0, , , , , , ,0.071,-0.357,-108.237
 09:37:10.658,eb:33:2e:f9:57:b5, 2015-01-01 00:25:47.320,0.005,0.004,0.994,0.183,-0.061,0, , , , , , ,0.071,-0.357,-108.237
 09:37:10.658,eb:33:2e:f9:57:b5, 2015-01-01 00:25:47.320,0.005,0.004,0.994,0.183,0,0, , , , , , ,0.071,-0.357,-108.237
 09:37:10.658,eb:33:2e:f9:57:b5, 2015-01-01 00:25:47.320,0.005,0.004,0.995,0.244,0,0, , , , , , ,0.071,-0.357,-108.237
 09:37:10.704,eb:33:2e:f9:57:b5, 2015-01-01 00:25:47.320,0.005,0.005,0.995,0.244,0,0.061, , , , , , ,0.071,-0.357,-108.237
 09:37:10.704,eb:33:2e:f9:57:b5, 2015-01-01 00:25:47.320,0.006,0.004,0.995,0.183,0,0, , , , , , ,0.071,-0.357,-108.237
 09:37:10.704,eb:33:2e:f9:57:b5, 2015-01-01 00:25:47.320,0.006,0.004,0.995,0.183,0.061,0.061, , , , , , ,0.071,-0.357,-108.237
 09:37:10.704,eb:33:2e:f9:57:b5, 2015-01-01 00:25:47.320,0.005,0.005,0.995,0.244,0,0.061, , , , , , ,0.071,-0.357,-108.237
 09:37:10.704,eb:33:2e:f9:57:b5, 2015-01-01 00:25:47.320,0.005,0.005,0.994,0.183,0.061,0, , , , , , ,0.071,-0.357,-108.237
 09:37:10.704,eb:33:2e:f9:57:b5, 2015-01-01 00:25:47.320,0.004,0.005,0.992,0.183,0,0, , , , , , ,0.071,-0.357,-108.237
 09:37:10.704,eb:33:2e:f9:57:b5, 2015-01-01 00:25:47.320,0.004,0.005,0.992,0.122,0,0.061, , , , , , ,0.071,-0.357,-108.237
 09:37:10.704,eb:33:2e:f9:57:b5, 2015-01-01 00:25:47.320,0.005,0.005,0.993,0.122,-0.061,0.061, , , , , , ,0.071,-0.357,-108.237
 09:37:10.748,eb:33:2e:f9:57:b5, 2015-01-01 00:25:47.610,0.005,0.005,0.993,0.061,-0.122,0, , , , , , ,0.071,-0.357,-108.237
 09:37:10.748,eb:33:2e:f9:57:b5, 2015-01-01 00:25:47.610,0.006,0.005,0.993,0.061,-0.122,0, , , , , , ,0.071,-0.357,-108.237
 09:37:10.748,eb:33:2e:f9:57:b5, 2015-01-01 00:25:47.610,0.007,0.005,0.993,0.061,-0.061,-0.061, , , , , , ,0.071,-0.357,-108.237
 09:37:10.748,eb:33:2e:f9:57:b5, 2015-01-01 00:25:47.610,0.006,0.004,0.994,0.061,-0.061,0, , , , , , ,0.071,-0.357,-108.237
 09:37:10.748,eb:33:2e:f9:57:b5, 2015-01-01 00:25:47.610,0.006,0.004,0.994,0.122,0,0, , , , , , ,0.077,-0.357,-108.237
 09:37:10.748,eb:33:2e:f9:57:b5, 2015-01-01 00:25:47.610,0.006,0.005,0.994,0.122,0,-0.061, , , , , , ,0.077,-0.357,-108.237
 09:37:10.748,eb:33:2e:f9:57:b5, 2015-01-01 00:25:47.610,0.007,0.004,0.996,0.122,0,0, , , , , , ,0.077,-0.357,-108.232
 09:37:10.748,eb:33:2e:f9:57:b5, 2015-01-01 00:25:47.610,0.006,0.004,0.996,0.183,0.061,-0.061, , , , , , ,0.077,-0.357,-108.232
 09:37:10.793,eb:33:2e:f9:57:b5, 2015-01-01 00:25:47.610,0.006,0.005,0.996,0.183,0.122,0, , , , , , ,0.077,-0.357,-108.232
 09:37:10.793,eb:33:2e:f9:57:b5, 2015-01-01 00:25:47.610,0.005,0.005,0.995,0.244,0.183,0, , , , , , ,0.077,-0.357,-108.232
 09:37:10.793,eb:33:2e:f9:57:b5, 2015-01-01 00:25:47.610,0.005,0.004,0.994,0.244,0.183,0, , , , , , ,0.077,-0.357,-108.232
 09:37:10.793,eb:33:2e:f9:57:b5, 2015-01-01 00:25:47.610,0.004,0.005,0.994,0.183,0.183,0, , , , , , ,0.077,-0.357,-108.232
 09:37:10.793,eb:33:2e:f9:57:b5, 2015-01-01 00:25:47.610,0.004,0.004,0.995,0.305,0.183,0, , , , , , ,0.077,-0.357,-108.232
 09:37:10.793,eb:33:2e:f9:57:b5, 2015-01-01 00:25:47.610,0.004,0.005,0.994,0.305,0.183,0, , , , , , ,0.077,-0.357,-108.232
 09:37:10.793,eb:33:2e:f9:57:b5, 2015-01-01 00:25:47.610,0.004,0.006,0.994,0.305,0.183,0, , , , , , ,0.077,-0.357,-108.232
 09:37:10.793,eb:33:2e:f9:57:b5, 2015-01-01 00:25:47.610,0.005,0.005,0.994,0.244,0.122,0, , , , , , ,0.077,-0.357,-108.232
 09:37:10.837,eb:33:2e:f9:57:b5, 2015-01-01 00:25:47.610,0.005,0.005,0.994,0.305,0.122,0, , , , , , ,0.077,-0.357,-108.232
 09:37:10.837,eb:33:2e:f9:57:b5, 2015-01-01 00:25:47.610,0.005,0.006,0.994,0.244,0.061,0, , , , , , ,0.077,-0.357,-108.232
 09:37:10.837,eb:33:2e:f9:57:b5, 2015-01-01 00:25:47.610,0.006,0.006,0.993,0.183,0.061,0, , , , , , ,0.077,-0.357,-108.232
 09:37:10.837,eb:33:2e:f9:57:b5, 2015-01-01 00:25:47.610,0.006,0.006,0.993,0.244,0.061,0, , , , , , ,0.077,-0.357,-108.232
 09:37:10.837,eb:33:2e:f9:57:b5, 2015-01-01 00:25:47.610,0.005,0.005,0.993,0.183,0.122,0, , , , , , ,0.077,-0.357,-108.232
 09:37:10.837,eb:33:2e:f9:57:b5, 2015-01-01 00:25:47.610,0.006,0.005,0.993,0.122,0.122,0, , , , , , ,0.077,-0.357,-108.232
 09:37:10.837,eb:33:2e:f9:57:b5, 2015-01-01 00:25:47.610,0.005,0.005,0.994,0.122,0.122,0, , , , , , ,0.077,-0.357,-108.232
 09:37:10.837,eb:33:2e:f9:57:b5, 2015-01-01 00:25:47.610,0.005,0.005,0.994,0.122,0.183,0, , , , , , ,0.077,-0.357,-108.232
 09:37:10.861,eb:33:2e:f9:57:b5, 2015-01-01 00:25:47.610,0.005,0.004,0.994,0.122,0.183,0, , , , , , ,0.082,-0.357,-108.232
 09:37:10.861,eb:33:2e:f9:57:b5, 2015-01-01 00:25:47.610,0.004,0.004,0.993,0.122,0.122,0, , , , , , ,0.082,-0.357,-108.232
 09:37:10.861,eb:33:2e:f9:57:b5, 2015-01-01 00:25:47.610,0.005,0.004,0.993,0.183,0.183,0, , , , , , ,0.082,-0.357,-108.232
 09:37:10.861,eb:33:2e:f9:57:b5, 2015-01-01 00:25:47.610,0.005,0.005,0.993,0.183,0.061,0, , , , , , ,0.082,-0.357,-108.232
 09:37:10.861,eb:33:2e:f9:57:b5, 2015-01-01 00:25:47.610,0.005,0.005,0.993,0.183,0.061,0, , , , , , ,0.082,-0.357,-108.232
 09:37:10.861,eb:33:2e:f9:57:b5, 2015-01-01 00:25:47.610,0.007,0.005,0.994,0.183,0,0, , , , , , ,0.082,-0.357,-108.232
 09:37:10.861,eb:33:2e:f9:57:b5, 2015-01-01 00:25:47.610,0.005,0.005,0.995,0.122,0.122,0, , , , , , ,0.082,-0.357,-108.232
 09:37:10.861,eb:33:2e:f9:57:b5, 2015-01-01 00:25:47.610,0.004,0.005,0.994,0.122,0.183,0, , , , , , ,0.082,-0.357,-108.232
 09:37:10.906,eb:33:2e:f9:57:b5, 2015-01-01 00:25:47.610,0.005,0.005,0.993,0.183,0.122,0, , , , , , ,0.082,-0.357,-108.232
 09:37:10.906,eb:33:2e:f9:57:b5, 2015-01-01 00:25:47.610,0.005,0.006,0.994,0.183,0.122,0, , , , , , ,0.082,-0.357,-108.232
 09:37:10.906,eb:33:2e:f9:57:b5, 2015-01-01 00:25:47.610,0.004,0.006,0.994,0.183,0.061,0, , , , , , ,0.082,-0.357,-108.232
 09:37:10.906,eb:33:2e:f9:57:b5, 2015-01-01 00:25:47.610,0.005,0.005,0.993,0.183,0.122,0, , , , , , ,0.082,-0.357,-108.232
 09:37:10.906,eb:33:2e:f9:57:b5, 2015-01-01 00:25:47.610,0.004,0.006,0.993,0.244,0.061,0, , , , , , ,0.082,-0.357,-108.232
 09:37:10.906,eb:33:2e:f9:57:b5, 2015-01-01 00:25:47.610,0.006,0.006,0.993,0.183,0.061,0, , , , , , ,0.082,-0.357,-108.232
 09:37:10.906,eb:33:2e:f9:57:b5, 2015-01-01 00:25:47.610,0.007,0.006,0.994,0.183,0.061,0, , , , , , ,0.082,-0.357,-108.232
 09:37:10.906,eb:33:2e:f9:57:b5, 2015-01-01 00:25:47.610,0.006,0.005,0.993,0.122,0.183,0, , , , , , ,0.082,-0.357,-108.232
 09:37:10.952,eb:33:2e:f9:57:b5, 2015-01-01 00:25:47.610,0.006,0.006,0.994,0.122,0.183,0, , , , , , ,0.082,-0.357,-108.232
 09:37:10.952,eb:33:2e:f9:57:b5, 2015-01-01 00:25:47.610,0.006,0.005,0.994,0.183,0.244,0, , , , , , ,0.082,-0.357,-108.232
 09:37:10.952,eb:33:2e:f9:57:b5, 2015-01-01 00:25:47.610,0.005,0.005,0.993,0.122,0.244,0, , , , , , ,0.082,-0.357,-108.232
 09:37:10.952,eb:33:2e:f9:57:b5, 2015-01-01 00:25:47.610,0.005,0.005,0.994,0.122,0.244,0, , , , , , ,0.082,-0.357,-108.232
 09:37:10.952,eb:33:2e:f9:57:b5, 2015-01-01 00:25:47.610,0.005,0.005,0.994,0.122,0.244,0, , , , , , ,0.088,-0.357,-108.232
 09:37:10.952,eb:33:2e:f9:57:b5, 2015-01-01 00:25:47.610,0.005,0.005,0.993,0.122,0.244,0, , , , , , ,0.088,-0.357,-108.232
 09:37:10.952,eb:33:2e:f9:57:b5, 2015-01-01 00:25:47.610,0.005,0.005,0.994,0.122,0.244,0, , , , , , ,0.088,-0.357,-108.232
 09:37:10.952,eb:33:2e:f9:57:b5, 2015-01-01 00:25:47.610,0.005,0.005,0.994,0.122,0.244,0, , , , , , ,0.088,-0.357,-108.232
 09:37:11.019,eb:33:2e:f9:57:b5, 2015-01-01 00:25:47.610,0.005,0.005,0.994,0.061,0.244,0, , , , , , ,0.088,-0.357,-108.232
 09:37:11.019,eb:33:2e:f9:57:b5, 2015-01-01 00:25:47.610,0.005,0.005,0.993,0.061,0.244,0, , , , , , ,0.088,-0.357,-108.232
 09:37:11.019,eb:33:2e:f9:57:b5, 2015-01-01 00:25:47.610,0.005,0.006,0.993,0,0.183,0, , , , , , ,0.088,-0.357,-108.226
 09:37:11.019,eb:33:2e:f9:57:b5, 2015-01-01 00:25:47.610,0.005,0.005,0.993,0,0.122,0, , , , , , ,0.088,-0.357,-108.226
 09:37:11.019,eb:33:2e:f9:57:b5, 2015-01-01 00:25:47.610,0.004,0.005,0.993,0,0.122,-0.061, , , , , , ,0.088,-0.357,-108.226
 09:37:11.019,eb:33:2e:f9:57:b5, 2015-01-01 00:25:47.610,0.004,0.005,0.992,0,0.061,0, , , , , , ,0.088,-0.357,-108.226
 09:37:11.019,eb:33:2e:f9:57:b5, 2015-01-01 00:25:47.610,0.006,0.004,0.992,0,0.061,0, , , , , , ,0.088,-0.357,-108.226
 09:37:11.019,eb:33:2e:f9:57:b5, 2015-01-01 00:25:47.610,0.006,0.005,0.994,0,0.122,0, , , , , , ,0.088,-0.357,-108.226
 09:37:11.040,eb:33:2e:f9:57:b5, 2015-01-01 00:25:47.920,0.005,0.005,0.994,0,0.122,0, , , , , , ,0.088,-0.357,-108.226
 09:37:11.040,eb:33:2e:f9:57:b5, 2015-01-01 00:25:47.920,0.004,0.005,0.993,0.061,0.183,-0.061, , , , , , ,0.088,-0.357,-108.226
 09:37:11.040,eb:33:2e:f9:57:b5, 2015-01-01 00:25:47.920,0.005,0.005,0.994,0,0.183,0, , , , , , ,0.088,-0.357,-108.226
 09:37:11.040,eb:33:2e:f9:57:b5, 2015-01-01 00:25:47.920,0.006,0.006,0.994,0,0.183,0, , , , , , ,0.088,-0.357,-108.226
 09:37:11.040,eb:33:2e:f9:57:b5, 2015-01-01 00:25:47.920,0.005,0.005,0.994,0,0.183,0, , , , , , ,0.093,-0.357,-108.226
 09:37:11.040,eb:33:2e:f9:57:b5, 2015-01-01 00:25:47.920,0.006,0.004,0.994,0.061,0.183,-0.061, , , , , , ,0.093,-0.357,-108.226
 09:37:11.040,eb:33:2e:f9:57:b5, 2015-01-01 00:25:47.920,0.005,0.004,0.994,0,0.305,0, , , , , , ,0.093,-0.357,-108.226
 09:37:11.040,eb:33:2e:f9:57:b5, 2015-01-01 00:25:47.920,0.005,0.004,0.994,0,0.305,0, , , , , , ,0.093,-0.357,-108.226
 09:37:11.062,eb:33:2e:f9:57:b5, 2015-01-01 00:25:47.920,0.004,0.004,0.993,0,0.366,-0.061, , , , , , ,0.093,-0.352,-108.226
 09:37:11.062,eb:33:2e:f9:57:b5, 2015-01-01 00:25:47.920,0.003,0.005,0.993,0.061,0.244,0, , , , , , ,0.093,-0.352,-108.226
 09:37:11.062,eb:33:2e:f9:57:b5, 2015-01-01 00:25:47.920,0.004,0.005,0.993,0,0.183,0, , , , , , ,0.093,-0.352,-108.226
 09:37:11.062,eb:33:2e:f9:57:b5, 2015-01-01 00:25:47.920,0.004,0.005,0.994,0.061,0.122,0, , , , , , ,0.093,-0.352,-108.226
 09:37:11.062,eb:33:2e:f9:57:b5, 2015-01-01 00:25:47.920,0.005,0.004,0.994,0.061,0.061,0, , , , , , ,0.093,-0.352,-108.226
 09:37:11.062,eb:33:2e:f9:57:b5, 2015-01-01 00:25:47.920,0.005,0.005,0.994,0.061,0.061,0, , , , , , ,0.093,-0.352,-108.226
 09:37:11.062,eb:33:2e:f9:57:b5, 2015-01-01 00:25:47.920,0.005,0.005,0.993,0.122,0.061,0, , , , , , ,0.093,-0.352,-108.226
 09:37:11.062,eb:33:2e:f9:57:b5, 2015-01-01 00:25:47.920,0.004,0.005,0.993,0,0.061,0, , , , , , ,0.093,-0.352,-108.226
 09:37:11.109,eb:33:2e:f9:57:b5, 2015-01-01 00:25:47.920,0.005,0.005,0.993,0.061,0.061,0, , , , , , ,0.093,-0.352,-108.226
 09:37:11.109,eb:33:2e:f9:57:b5, 2015-01-01 00:25:47.920,0.006,0.005,0.994,0,0.122,0, , , , , , ,0.093,-0.352,-108.226
 09:37:11.109,eb:33:2e:f9:57:b5, 2015-01-01 00:25:47.920,0.006,0.005,0.995,0,0.183,0, , , , , , ,0.093,-0.352,-108.226
 09:37:11.109,eb:33:2e:f9:57:b5, 2015-01-01 00:25:47.920,0.005,0.006,0.994,0,0.244,0, , , , , , ,0.093,-0.352,-108.226
 09:37:11.109,eb:33:2e:f9:57:b5, 2015-01-01 00:25:47.920,0.005,0.006,0.993,0,0.183,0, , , , , , ,0.093,-0.352,-108.226
 09:37:11.109,eb:33:2e:f9:57:b5, 2015-01-01 00:25:47.920,0.004,0.006,0.993,0,0.183,0.061, , , , , , ,0.093,-0.352,-108.226
 09:37:11.109,eb:33:2e:f9:57:b5, 2015-01-01 00:25:47.920,0.004,0.006,0.993,0,0.183,0, , , , , , ,0.093,-0.352,-108.226
 09:37:11.109,eb:33:2e:f9:57:b5, 2015-01-01 00:25:47.920,0.004,0.005,0.993,0,0.122,0, , , , , , ,0.093,-0.352,-108.226
 09:37:11.153,eb:33:2e:f9:57:b5, 2015-01-01 00:25:47.920,0.004,0.005,0.993,-0.061,0.061,0, , , , , , ,0.099,-0.352,-108.226
 09:37:11.153,eb:33:2e:f9:57:b5, 2015-01-01 00:25:47.920,0.005,0.005,0.993,-0.061,0.061,0, , , , , , ,0.099,-0.352,-108.226
 09:37:11.153,eb:33:2e:f9:57:b5, 2015-01-01 00:25:47.920,0.005,0.005,0.994,-0.061,0.061,0, , , , , , ,0.099,-0.352,-108.226
 09:37:11.153,eb:33:2e:f9:57:b5, 2015-01-01 00:25:47.920,0.002,0.004,0.993,0,0.061,0, , , , , , ,0.099,-0.352,-108.226
 09:37:11.153,eb:33:2e:f9:57:b5, 2015-01-01 00:25:47.920,0.005,0.004,0.992,0,0,0.061, , , , , , ,0.099,-0.352,-108.226
 09:37:11.153,eb:33:2e:f9:57:b5, 2015-01-01 00:25:47.920,0.005,0.005,0.993,-0.061,-0.061,0.061, , , , , , ,0.099,-0.352,-108.226
 09:37:11.153,eb:33:2e:f9:57:b5, 2015-01-01 00:25:47.920,0.005,0.005,0.993,-0.061,-0.061,0, , , , , , ,0.099,-0.352,-108.226
 09:37:11.153,eb:33:2e:f9:57:b5, 2015-01-01 00:25:47.920,0.005,0.005,0.994,-0.061,0,0, , , , , , ,0.099,-0.352,-108.226
 09:37:11.198,eb:33:2e:f9:57:b5, 2015-01-01 00:25:47.920,0.006,0.005,0.994,-0.061,0,0, , , , , , ,0.099,-0.352,-108.226
 09:37:11.198,eb:33:2e:f9:57:b5, 2015-01-01 00:25:47.920,0.006,0.005,0.994,0,0.061,0.061, , , , , , ,0.099,-0.352,-108.226
 09:37:11.198,eb:33:2e:f9:57:b5, 2015-01-01 00:25:47.920,0.005,0.004,0.995,-0.061,0.122,0, , , , , , ,0.099,-0.352,-108.226
 09:37:11.198,eb:33:2e:f9:57:b5, 2015-01-01 00:25:47.920,0.004,0.004,0.994,-0.061,0.122,0, , , , , , ,0.099,-0.352,-108.226
 09:37:11.198,eb:33:2e:f9:57:b5, 2015-01-01 00:25:47.920,0.004,0.004,0.992,0,0.061,0, , , , , , ,0.099,-0.352,-108.221
 09:37:11.198,eb:33:2e:f9:57:b5, 2015-01-01 00:25:47.920,0.003,0.004,0.992,-0.061,0.061,0, , , , , , ,0.099,-0.352,-108.221
 09:37:11.198,eb:33:2e:f9:57:b5, 2015-01-01 00:25:47.920,0.004,0.003,0.993,0,0,0, , , , , , ,0.099,-0.352,-108.221
 09:37:11.198,eb:33:2e:f9:57:b5, 2015-01-01 00:25:47.920,0.004,0.003,0.995,0,0,0.061, , , , , , ,0.099,-0.352,-108.221
 09:37:11.265,eb:33:2e:f9:57:b5, 2015-01-01 00:25:47.920,0.005,0.004,0.994,0,0,0, , , , , , ,0.099,-0.352,-108.221
 09:37:11.265,eb:33:2e:f9:57:b5, 2015-01-01 00:25:47.920,0.005,0.005,0.995,0,0,0, , , , , , ,0.099,-0.352,-108.221
 09:37:11.265,eb:33:2e:f9:57:b5, 2015-01-01 00:25:47.920,0.004,0.005,0.995,0,0,0, , , , , , ,0.099,-0.352,-108.221
 09:37:11.265,eb:33:2e:f9:57:b5, 2015-01-01 00:25:47.920,0.004,0.005,0.994,-0.061,0,0, , , , , , ,0.099,-0.352,-108.221
 09:37:11.265,eb:33:2e:f9:57:b5, 2015-01-01 00:25:47.920,0.004,0.005,0.994,0,0,0, , , , , , ,0.099,-0.352,-108.221
 09:37:11.265,eb:33:2e:f9:57:b5, 2015-01-01 00:25:47.920,0.005,0.005,0.994,0,0,0, , , , , , ,0.099,-0.352,-108.221
 09:37:11.265,eb:33:2e:f9:57:b5, 2015-01-01 00:25:47.920,0.004,0.005,0.994,0,0,0, , , , , , ,0.099,-0.352,-108.221
 09:37:11.265,eb:33:2e:f9:57:b5, 2015-01-01 00:25:47.920,0.005,0.004,0.994,0,0,0.061, , , , , , ,0.099,-0.352,-108.221
 09:37:11.267,eb:33:2e:f9:57:b5, 2015-01-01 00:25:47.920,0.003,0.005,0.993,0,0,0, , , , , , ,0.104,-0.352,-108.221
 09:37:11.267,eb:33:2e:f9:57:b5, 2015-01-01 00:25:47.920,0.003,0.005,0.993,0,0,0, , , , , , ,0.104,-0.352,-108.221
 09:37:11.267,eb:33:2e:f9:57:b5, 2015-01-01 00:25:47.920,0.004,0.005,0.993,0,0,0, , , , , , ,0.104,-0.352,-108.221
 09:37:11.267,eb:33:2e:f9:57:b5, 2015-01-01 00:25:47.920,0.005,0.005,0.992,-0.061,0,0, , , , , , ,0.104,-0.352,-108.221
 09:37:11.267,eb:33:2e:f9:57:b5, 2015-01-01 00:25:47.920,0.005,0.005,0.993,0,0,0.061, , , , , , ,0.104,-0.352,-108.221
 09:37:11.267,eb:33:2e:f9:57:b5, 2015-01-01 00:25:47.920,0.005,0.004,0.994,-0.061,0,0, , , , , , ,0.104,-0.352,-108.221
 09:37:11.267,eb:33:2e:f9:57:b5, 2015-01-01 00:25:47.920,0.005,0.004,0.993,0,0,0, , , , , , ,0.104,-0.352,-108.221
 09:37:11.268,eb:33:2e:f9:57:b5, 2015-01-01 00:25:47.920,0.005,0.004,0.994,0,0,0, , , , , , ,0.104,-0.352,-108.221
 09:37:11.312,eb:33:2e:f9:57:b5, 2015-01-01 00:25:47.920,0.004,0.004,0.995,0,-0.061,0, , , , , , ,0.104,-0.352,-108.221
 09:37:11.312,eb:33:2e:f9:57:b5, 2015-01-01 00:25:47.920,0.005,0.003,0.995,0,-0.061,0.061, , , , , , ,0.104,-0.352,-108.221
 09:37:11.312,eb:33:2e:f9:57:b5, 2015-01-01 00:25:47.920,0.006,0.003,0.996,0.061,-0.061,0, , , , , , ,0.104,-0.352,-108.221
 09:37:11.312,eb:33:2e:f9:57:b5, 2015-01-01 00:25:47.920,0.005,0.004,0.996,0.122,0,0.061, , , , , , ,0.104,-0.352,-108.221
 09:37:11.312,eb:33:2e:f9:57:b5, 2015-01-01 00:25:47.920,0.005,0.004,0.995,0.122,0,0.061, , , , , , ,0.104,-0.352,-108.221
 09:37:11.312,eb:33:2e:f9:57:b5, 2015-01-01 00:25:47.920,0.006,0.005,0.994,0.061,0,0.061, , , , , , ,0.104,-0.352,-108.221
 09:37:11.312,eb:33:2e:f9:57:b5, 2015-01-01 00:25:47.920,0.006,0.004,0.994,0.061,0,0, , , , , , ,0.104,-0.352,-108.221
 09:37:11.312,eb:33:2e:f9:57:b5, 2015-01-01 00:25:47.920,0.005,0.005,0.994,0,0,0.061, , , , , , ,0.104,-0.352,-108.221
 09:37:11.356,eb:33:2e:f9:57:b5, 2015-01-01 00:25:47.920,0.005,0.005,0.994,0.061,0.061,0.061, , , , , , ,0.104,-0.352,-108.221
 09:37:11.356,eb:33:2e:f9:57:b5, 2015-01-01 00:25:47.920,0.002,0.005,0.993,0.061,0.122,0, , , , , , ,0.104,-0.352,-108.221
 09:37:11.356,eb:33:2e:f9:57:b5, 2015-01-01 00:25:47.920,0.002,0.004,0.993,0.122,0.061,0.061, , , , , , ,0.104,-0.352,-108.221
 09:37:11.356,eb:33:2e:f9:57:b5, 2015-01-01 00:25:47.920,0.004,0.004,0.993,0.061,0,0, , , , , , ,0.104,-0.352,-108.221
 09:37:11.356,eb:33:2e:f9:57:b5, 2015-01-01 00:25:47.920,0.004,0.004,0.993,0.061,0,0.061, , , , , , ,0.104,-0.352,-108.221
 09:37:11.356,eb:33:2e:f9:57:b5, 2015-01-01 00:25:47.920,0.004,0.004,0.994,0.061,0,0.061, , , , , , ,0.104,-0.352,-108.221
 09:37:11.356,eb:33:2e:f9:57:b5, 2015-01-01 00:25:47.920,0.004,0.005,0.993,0,-0.061,0, , , , , , ,0.104,-0.352,-108.221
 09:37:11.356,eb:33:2e:f9:57:b5, 2015-01-01 00:25:47.920,0.005,0.005,0.993,0,-0.061,0, , , , , , ,0.104,-0.352,-108.221
 09:37:11.400,eb:33:2e:f9:57:b5, 2015-01-01 00:25:48.280,0.005,0.005,0.993,0,-0.061,0.061, , , , , , ,0.11,-0.346,-108.221
 09:37:11.400,eb:33:2e:f9:57:b5, 2015-01-01 00:25:48.280,0.005,0.005,0.993,0,-0.061,0.061, , , , , , ,0.11,-0.346,-108.221
 09:37:11.400,eb:33:2e:f9:57:b5, 2015-01-01 00:25:48.280,0.005,0.004,0.993,0,-0.061,0.061, , , , , , ,0.104,-0.346,-108.221
 09:37:11.400,eb:33:2e:f9:57:b5, 2015-01-01 00:25:48.280,0.006,0.004,0.993,0,-0.061,0.061, , , , , , ,0.104,-0.346,-108.221
 09:37:11.400,eb:33:2e:f9:57:b5, 2015-01-01 00:25:48.280,0.006,0.004,0.994,0,0,0.061, , , , , , ,0.11,-0.346,-108.221
 09:37:11.400,eb:33:2e:f9:57:b5, 2015-01-01 00:25:48.280,0.007,0.004,0.995,0,0,0.061, , , , , , ,0.11,-0.346,-108.221
 09:37:11.401,eb:33:2e:f9:57:b5, 2015-01-01 00:25:48.280,0.006,0.004,0.995,0,0.061,0, , , , , , ,0.11,-0.346,-108.221
 09:37:11.401,eb:33:2e:f9:57:b5, 2015-01-01 00:25:48.280,0.005,0.004,0.995,0,0.061,0, , , , , , ,0.11,-0.346,-108.221
 09:37:11.446,eb:33:2e:f9:57:b5, 2015-01-01 00:25:48.280,0.005,0.004,0.993,0,0.061,0, , , , , , ,0.11,-0.346,-108.221
 09:37:11.446,eb:33:2e:f9:57:b5, 2015-01-01 00:25:48.280,0.005,0.004,0.994,0,0.061,0, , , , , , ,0.11,-0.346,-108.221
 09:37:11.446,eb:33:2e:f9:57:b5, 2015-01-01 00:25:48.280,0.006,0.005,0.994,0,0.061,0, , , , , , ,0.11,-0.346,-108.215
 09:37:11.446,eb:33:2e:f9:57:b5, 2015-01-01 00:25:48.280,0.005,0.004,0.993,0,0.061,0.061, , , , , , ,0.11,-0.346,-108.215
 09:37:11.446,eb:33:2e:f9:57:b5, 2015-01-01 00:25:48.280,0.004,0.004,0.994,0,0.061,0.061, , , , , , ,0.11,-0.346,-108.215
 09:37:11.446,eb:33:2e:f9:57:b5, 2015-01-01 00:25:48.280,0.005,0.005,0.994,0,0.061,0.061, , , , , , ,0.11,-0.346,-108.215
 09:37:11.446,eb:33:2e:f9:57:b5, 2015-01-01 00:25:48.280,0.005,0.004,0.994,-0.061,0.061,0.061, , , , , , ,0.11,-0.346,-108.215
 09:37:11.446,eb:33:2e:f9:57:b5, 2015-01-01 00:25:48.280,0.005,0.003,0.994,-0.122,0.061,0, , , , , , ,0.11,-0.346,-108.215
 09:37:11.468,eb:33:2e:f9:57:b5, 2015-01-01 00:25:48.280,0.005,0.003,0.995,-0.061,0.122,0.061, , , , , , ,0.11,-0.346,-108.215
 09:37:11.468,eb:33:2e:f9:57:b5, 2015-01-01 00:25:48.280,0.005,0.003,0.995,-0.061,0.244,0.122, , , , , , ,0.11,-0.346,-108.215
 09:37:11.468,eb:33:2e:f9:57:b5, 2015-01-01 00:25:48.280,0.003,0.003,0.994,-0.122,0.183,0.122, , , , , , ,0.11,-0.346,-108.215
 09:37:11.468,eb:33:2e:f9:57:b5, 2015-01-01 00:25:48.280,0.004,0.004,0.993,-0.061,0.183,0.122, , , , , , ,0.11,-0.346,-108.215
 09:37:11.468,eb:33:2e:f9:57:b5, 2015-01-01 00:25:48.280,0.004,0.004,0.993,-0.122,0.122,0.122, , , , , , ,0.11,-0.346,-108.215
 09:37:11.468,eb:33:2e:f9:57:b5, 2015-01-01 00:25:48.280,0.005,0.005,0.993,-0.122,0.122,0.183, , , , , , ,0.11,-0.346,-108.215
 09:37:11.468,eb:33:2e:f9:57:b5, 2015-01-01 00:25:48.280,0.004,0.004,0.994,-0.122,0.122,0.122, , , , , , ,0.11,-0.346,-108.215
 09:37:11.468,eb:33:2e:f9:57:b5, 2015-01-01 00:25:48.280,0.005,0.004,0.993,-0.122,0,0.122, , , , , , ,0.11,-0.346,-108.215
 09:37:11.512,eb:33:2e:f9:57:b5, 2015-01-01 00:25:48.280,0.004,0.004,0.993,-0.122,0,0.061, , , , , , ,0.11,-0.346,-108.215
 09:37:11.512,eb:33:2e:f9:57:b5, 2015-01-01 00:25:48.280,0.004,0.004,0.994,-0.183,0.061,0.061, , , , , , ,0.11,-0.346,-108.215
 09:37:11.512,eb:33:2e:f9:57:b5, 2015-01-01 00:25:48.280,0.005,0.003,0.993,-0.122,0,0.122, , , , , , ,0.11,-0.346,-108.215
 09:37:11.512,eb:33:2e:f9:57:b5, 2015-01-01 00:25:48.280,0.005,0.003,0.994,-0.122,0,0.061, , , , , , ,0.11,-0.346,-108.215
 09:37:11.512,eb:33:2e:f9:57:b5, 2015-01-01 00:25:48.280,0.007,0.004,0.994,-0.122,0,0.061, , , , , , ,0.11,-0.346,-108.215
 09:37:11.512,eb:33:2e:f9:57:b5, 2015-01-01 00:25:48.280,0.005,0.004,0.994,-0.061,0,0.061, , , , , , ,0.11,-0.346,-108.215
 09:37:11.512,eb:33:2e:f9:57:b5, 2015-01-01 00:25:48.280,0.004,0.003,0.995,0,0,0, , , , , , ,0.11,-0.346,-108.215
 09:37:11.512,eb:33:2e:f9:57:b5, 2015-01-01 00:25:48.280,0.004,0.003,0.993,0,0,0, , , , , , ,0.11,-0.346,-108.215
 09:37:11.580,eb:33:2e:f9:57:b5, 2015-01-01 00:25:48.280,0.004,0.003,0.993,0,0,0, , , , , , ,0.115,-0.346,-108.215
 09:37:11.580,eb:33:2e:f9:57:b5, 2015-01-01 00:25:48.280,0.005,0.003,0.994,0,0,0, , , , , , ,0.115,-0.346,-108.215
 09:37:11.580,eb:33:2e:f9:57:b5, 2015-01-01 00:25:48.280,0.003,0.004,0.993,0,0,0, , , , , , ,0.115,-0.346,-108.215
 09:37:11.580,eb:33:2e:f9:57:b5, 2015-01-01 00:25:48.280,0.005,0.004,0.992,0,0,0, , , , , , ,0.115,-0.346,-108.215
 09:37:11.580,eb:33:2e:f9:57:b5, 2015-01-01 00:25:48.280,0.005,0.004,0.993,0,-0.061,0, , , , , , ,0.115,-0.346,-108.215
 09:37:11.580,eb:33:2e:f9:57:b5, 2015-01-01 00:25:48.280,0.004,0.004,0.993,0,-0.061,0, , , , , , ,0.115,-0.346,-108.215
 09:37:11.580,eb:33:2e:f9:57:b5, 2015-01-01 00:25:48.280,0.004,0.004,0.992,0,-0.061,0, , , , , , ,0.115,-0.346,-108.215
 09:37:11.580,eb:33:2e:f9:57:b5, 2015-01-01 00:25:48.280,0.004,0.004,0.993,-0.122,-0.061,0, , , , , , ,0.115,-0.346,-108.215
 09:37:11.604,eb:33:2e:f9:57:b5, 2015-01-01 00:25:48.280,0.005,0.004,0.992,-0.122,-0.122,0, , , , , , ,0.115,-0.346,-108.215
 09:37:11.604,eb:33:2e:f9:57:b5, 2015-01-01 00:25:48.280,0.005,0.004,0.993,-0.183,-0.122,0, , , , , , ,0.115,-0.346,-108.215
 09:37:11.604,eb:33:2e:f9:57:b5, 2015-01-01 00:25:48.280,0.005,0.004,0.993,-0.183,-0.122,-0.061, , , , , , ,0.115,-0.346,-108.215
 09:37:11.604,eb:33:2e:f9:57:b5, 2015-01-01 00:25:48.280,0.005,0.004,0.994,-0.183,-0.183,-0.061, , , , , , ,0.115,-0.346,-108.215
 09:37:11.604,eb:33:2e:f9:57:b5, 2015-01-01 00:25:48.280,0.006,0.004,0.994,-0.183,-0.122,-0.061, , , , , , ,0.115,-0.346,-108.215
 09:37:11.604,eb:33:2e:f9:57:b5, 2015-01-01 00:25:48.280,0.006,0.004,0.994,-0.122,-0.061,-0.061, , , , , , ,0.115,-0.346,-108.215
 09:37:11.604,eb:33:2e:f9:57:b5, 2015-01-01 00:25:48.280,0.004,0.004,0.993,-0.122,-0.061,-0.122, , , , , , ,0.115,-0.346,-108.215
 09:37:11.604,eb:33:2e:f9:57:b5, 2015-01-01 00:25:48.280,0.003,0.004,0.991,-0.122,-0.122,-0.061, , , , , , ,0.115,-0.346,-108.215
 09:37:11.625,eb:33:2e:f9:57:b5, 2015-01-01 00:25:48.280,0.004,0.003,0.991,-0.122,-0.244,-0.183, , , , , , ,0.115,-0.346,-108.215
 09:37:11.625,eb:33:2e:f9:57:b5, 2015-01-01 00:25:48.280,0.005,0.003,0.993,-0.122,-0.305,-0.183, , , , , , ,0.115,-0.346,-108.215
 09:37:11.625,eb:33:2e:f9:57:b5, 2015-01-01 00:25:48.280,0.005,0.002,0.994,-0.061,-0.305,-0.183, , , , , , ,0.115,-0.346,-108.215
 09:37:11.625,eb:33:2e:f9:57:b5, 2015-01-01 00:25:48.280,0.006,0.003,0.994,-0.061,-0.305,-0.122, , , , , , ,0.115,-0.346,-108.215
 09:37:11.625,eb:33:2e:f9:57:b5, 2015-01-01 00:25:48.280,0.005,0.003,0.996,-0.061,-0.305,-0.122, , , , , , ,0.115,-0.346,-108.215
 09:37:11.625,eb:33:2e:f9:57:b5, 2015-01-01 00:25:48.280,0.006,0.002,0.996,0,-0.244,-0.122, , , , , , ,0.115,-0.346,-108.215
 09:37:11.625,eb:33:2e:f9:57:b5, 2015-01-01 00:25:48.280,0.005,0.002,0.996,0,-0.244,-0.122, , , , , , ,0.115,-0.346,-108.215
 09:37:11.625,eb:33:2e:f9:57:b5, 2015-01-01 00:25:48.280,0.006,0.003,0.995,0,-0.183,-0.122, , , , , , ,0.115,-0.346,-108.215
 09:37:11.671,eb:33:2e:f9:57:b5, 2015-01-01 00:25:48.280,0.006,0.004,0.995,0,-0.061,-0.122, , , , , , ,0.115,-0.346,-108.215
 09:37:11.671,eb:33:2e:f9:57:b5, 2015-01-01 00:25:48.280,0.006,0.004,0.995,0,-0.122,-0.122, , , , , , ,0.115,-0.346,-108.215
 09:37:11.671,eb:33:2e:f9:57:b5, 2015-01-01 00:25:48.280,0.006,0.003,0.994,0,0,-0.061, , , , , , ,0.115,-0.346,-108.215
 09:37:11.671,eb:33:2e:f9:57:b5, 2015-01-01 00:25:48.280,0.003,0.003,0.994,0,0,-0.122, , , , , , ,0.115,-0.346,-108.215
 09:37:11.671,eb:33:2e:f9:57:b5, 2015-01-01 00:25:48.280,0.005,0.002,0.994,0,-0.061,-0.122, , , , , , ,0.115,-0.346,-108.215
 09:37:11.671,eb:33:2e:f9:57:b5, 2015-01-01 00:25:48.280,0.004,0.003,0.994,0.122,-0.061,-0.061, , , , , , ,0.115,-0.346,-108.215
 09:37:11.671,eb:33:2e:f9:57:b5, 2015-01-01 00:25:48.280,0.004,0.003,0.994,0.061,-0.122,-0.061, , , , , , ,0.115,-0.346,-108.21
 09:37:11.671,eb:33:2e:f9:57:b5, 2015-01-01 00:25:48.280,0.005,0.004,0.993,0.061,-0.183,-0.122, , , , , , ,0.115,-0.346,-108.21
 09:37:11.716,eb:33:2e:f9:57:b5, 2015-01-01 00:25:48.590,0.005,0.003,0.994,0.061,-0.183,-0.122, , , , , , ,0.115,-0.346,-108.21
 09:37:11.716,eb:33:2e:f9:57:b5, 2015-01-01 00:25:48.590,0.006,0.003,0.993,0,-0.122,-0.061, , , , , , ,0.115,-0.346,-108.21
 09:37:11.716,eb:33:2e:f9:57:b5, 2015-01-01 00:25:48.590,0.005,0.004,0.993,0,-0.122,-0.061, , , , , , ,0.115,-0.346,-108.21
 09:37:11.716,eb:33:2e:f9:57:b5, 2015-01-01 00:25:48.590,0.006,0.003,0.993,0,-0.122,-0.061, , , , , , ,0.115,-0.346,-108.21
 09:37:11.716,eb:33:2e:f9:57:b5, 2015-01-01 00:25:48.590,0.009,0.002,0.994,0,-0.122,0, , , , , , ,0.115,-0.346,-108.21
 09:37:11.716,eb:33:2e:f9:57:b5, 2015-01-01 00:25:48.590,0.005,0.003,0.993,0.061,0,-0.061, , , , , , ,0.115,-0.346,-108.21
 09:37:11.716,eb:33:2e:f9:57:b5, 2015-01-01 00:25:48.590,0.003,0.005,0.992,0,0,-0.183, , , , , , ,0.115,-0.346,-108.21
 09:37:11.716,eb:33:2e:f9:57:b5, 2015-01-01 00:25:48.590,0.003,0.003,0.991,0,-0.122,-0.122, , , , , , ,0.115,-0.346,-108.21
 09:37:11.760,eb:33:2e:f9:57:b5, 2015-01-01 00:25:48.590,0.005,0.002,0.992,0,-0.244,-0.122, , , , , , ,0.115,-0.346,-108.21
 09:37:11.760,eb:33:2e:f9:57:b5, 2015-01-01 00:25:48.590,0.006,0.003,0.995,0,-0.183,-0.122, , , , , , ,0.115,-0.346,-108.21
 09:37:11.760,eb:33:2e:f9:57:b5, 2015-01-01 00:25:48.590,0.006,0.002,0.993,0,-0.244,-0.122, , , , , , ,0.115,-0.346,-108.21
 09:37:11.760,eb:33:2e:f9:57:b5, 2015-01-01 00:25:48.590,0.007,0.002,0.994,0.061,-0.305,-0.061, , , , , , ,0.115,-0.346,-108.21
 09:37:11.760,eb:33:2e:f9:57:b5, 2015-01-01 00:25:48.590,0.006,0.003,0.995,0.061,-0.244,-0.061, , , , , , ,0.121,-0.346,-108.21
 09:37:11.760,eb:33:2e:f9:57:b5, 2015-01-01 00:25:48.590,0.005,0.003,0.994,0.122,-0.183,-0.061, , , , , , ,0.121,-0.346,-108.21
 09:37:11.760,eb:33:2e:f9:57:b5, 2015-01-01 00:25:48.590,0.006,0.004,0.993,0.061,-0.244,-0.061, , , , , , ,0.121,-0.346,-108.21
 09:37:11.760,eb:33:2e:f9:57:b5, 2015-01-01 00:25:48.590,0.006,0.004,0.994,0.122,-0.244,-0.122, , , , , , ,0.121,-0.346,-108.21
 09:37:11.805,eb:33:2e:f9:57:b5, 2015-01-01 00:25:48.590,0.006,0.002,0.995,0.061,-0.183,-0.122, , , , , , ,0.121,-0.346,-108.21
 09:37:11.805,eb:33:2e:f9:57:b5, 2015-01-01 00:25:48.590,0.005,0.002,0.996,0.061,-0.061,-0.061, , , , , , ,0.121,-0.346,-108.21
 09:37:11.805,eb:33:2e:f9:57:b5, 2015-01-01 00:25:48.590,0.004,0.002,0.995,0.122,-0.061,-0.061, , , , , , ,0.121,-0.346,-108.21
 09:37:11.805,eb:33:2e:f9:57:b5, 2015-01-01 00:25:48.590,0.005,0.002,0.993,0.122,-0.122,0, , , , , , ,0.121,-0.346,-108.21
 09:37:11.805,eb:33:2e:f9:57:b5, 2015-01-01 00:25:48.590,0.006,0.003,0.994,0.122,-0.122,0, , , , , , ,0.121,-0.346,-108.21
 09:37:11.805,eb:33:2e:f9:57:b5, 2015-01-01 00:25:48.590,0.006,0.003,0.993,0.061,-0.183,0, , , , , , ,0.121,-0.346,-108.21
 09:37:11.805,eb:33:2e:f9:57:b5, 2015-01-01 00:25:48.590,0.005,0.003,0.992,0.122,-0.183,0, , , , , , ,0.121,-0.346,-108.21
 09:37:11.805,eb:33:2e:f9:57:b5, 2015-01-01 00:25:48.590,0.005,0.005,0.992,0,-0.122,0, , , , , , ,0.121,-0.346,-108.21
 09:37:11.829,eb:33:2e:f9:57:b5, 2015-01-01 00:25:48.590,0.005,0.004,0.991,0,-0.183,-0.061, , , , , , ,0.121,-0.346,-108.21
 09:37:11.829,eb:33:2e:f9:57:b5, 2015-01-01 00:25:48.590,0.005,0.003,0.992,0,-0.183,-0.061, , , , , , ,0.121,-0.346,-108.21
 09:37:11.829,eb:33:2e:f9:57:b5, 2015-01-01 00:25:48.590,0.006,0.003,0.993,-0.061,-0.305,-0.061, , , , , , ,0.121,-0.346,-108.21
 09:37:11.829,eb:33:2e:f9:57:b5, 2015-01-01 00:25:48.590,0.006,0.004,0.993,0,-0.305,-0.061, , , , , , ,0.121,-0.346,-108.21
 09:37:11.829,eb:33:2e:f9:57:b5, 2015-01-01 00:25:48.590,0.005,0.004,0.993,0,-0.305,-0.061, , , , , , ,0.121,-0.346,-108.21
 09:37:11.829,eb:33:2e:f9:57:b5, 2015-01-01 00:25:48.590,0.006,0.004,0.993,0,-0.366,-0.061, , , , , , ,0.121,-0.346,-108.21
 09:37:11.829,eb:33:2e:f9:57:b5, 2015-01-01 00:25:48.590,0.007,0.004,0.994,-0.061,-0.427,-0.061, , , , , , ,0.121,-0.346,-108.21
 09:37:11.829,eb:33:2e:f9:57:b5, 2015-01-01 00:25:48.590,0.006,0.003,0.994,0,-0.305,-0.122, , , , , , ,0.121,-0.346,-108.21
 09:37:11.873,eb:33:2e:f9:57:b5, 2015-01-01 00:25:48.590,0.005,0.002,0.994,0,-0.305,-0.061, , , , , , ,0.121,-0.346,-108.21
 09:37:11.873,eb:33:2e:f9:57:b5, 2015-01-01 00:25:48.590,0.006,0.002,0.993,0,-0.305,-0.061, , , , , , ,0.121,-0.346,-108.21
 09:37:11.873,eb:33:2e:f9:57:b5, 2015-01-01 00:25:48.590,0.006,0.002,0.995,0,-0.244,0, , , , , , ,0.121,-0.346,-108.21
 09:37:11.873,eb:33:2e:f9:57:b5, 2015-01-01 00:25:48.590,0.005,0.003,0.994,0,-0.183,-0.061, , , , , , ,0.121,-0.346,-108.21
 09:37:11.873,eb:33:2e:f9:57:b5, 2015-01-01 00:25:48.590,0.005,0.002,0.993,0,-0.244,0, , , , , , ,0.121,-0.346,-108.21
 09:37:11.873,eb:33:2e:f9:57:b5, 2015-01-01 00:25:48.590,0.006,0.002,0.994,0,-0.305,0, , , , , , ,0.121,-0.346,-108.21
 09:37:11.873,eb:33:2e:f9:57:b5, 2015-01-01 00:25:48.590,0.006,0.002,0.993,0,-0.305,0, , , , , , ,0.121,-0.346,-108.21
 09:37:11.873,eb:33:2e:f9:57:b5, 2015-01-01 00:25:48.590,0.005,0.003,0.993,0,-0.305,0, , , , , , ,0.121,-0.346,-108.21
 09:37:11.919,eb:33:2e:f9:57:b5, 2015-01-01 00:25:48.590,0.006,0.003,0.993,0,-0.305,0, , , , , , ,0.121,-0.346,-108.21
 09:37:11.919,eb:33:2e:f9:57:b5, 2015-01-01 00:25:48.590,0.006,0.003,0.993,0,-0.305,0, , , , , , ,0.121,-0.346,-108.21
 09:37:11.919,eb:33:2e:f9:57:b5, 2015-01-01 00:25:48.590,0.007,0.003,0.994,-0.061,-0.305,0, , , , , , ,0.121,-0.346,-108.21
 09:37:11.919,eb:33:2e:f9:57:b5, 2015-01-01 00:25:48.590,0.007,0.003,0.993,-0.061,-0.305,0, , , , , , ,0.121,-0.346,-108.21
 09:37:11.919,eb:33:2e:f9:57:b5, 2015-01-01 00:25:48.590,0.007,0.003,0.993,-0.061,-0.305,-0.061, , , , , , ,0.121,-0.346,-108.21
 09:37:11.919,eb:33:2e:f9:57:b5, 2015-01-01 00:25:48.590,0.007,0.003,0.992,-0.122,-0.305,0, , , , , , ,0.121,-0.346,-108.21
 09:37:11.919,eb:33:2e:f9:57:b5, 2015-01-01 00:25:48.590,0.006,0.003,0.993,-0.122,-0.366,-0.061, , , , , , ,0.121,-0.346,-108.21
 09:37:11.919,eb:33:2e:f9:57:b5, 2015-01-01 00:25:48.590,0.006,0.004,0.992,-0.061,-0.366,-0.061, , , , , , ,0.121,-0.346,-108.21
 09:37:11.962,eb:33:2e:f9:57:b5, 2015-01-01 00:25:48.590,0.007,0.002,0.993,-0.122,-0.427,0, , , , , , ,0.121,-0.346,-108.21
 09:37:11.962,eb:33:2e:f9:57:b5, 2015-01-01 00:25:48.590,0.007,0.003,0.994,-0.061,-0.427,-0.061, , , , , , ,0.121,-0.346,-108.21
 09:37:11.962,eb:33:2e:f9:57:b5, 2015-01-01 00:25:48.590,0.007,0.003,0.994,-0.122,-0.366,0, , , , , , ,0.121,-0.346,-108.21
 09:37:11.962,eb:33:2e:f9:57:b5, 2015-01-01 00:25:48.590,0.007,0.003,0.994,-0.061,-0.366,-0.061, , , , , , ,0.121,-0.346,-108.21
 09:37:11.962,eb:33:2e:f9:57:b5, 2015-01-01 00:25:48.590,0.007,0.002,0.995,-0.122,-0.366,-0.061, , , , , , ,0.121,-0.346,-108.21
 09:37:11.962,eb:33:2e:f9:57:b5, 2015-01-01 00:25:48.590,0.007,0.003,0.995,0,-0.366,0, , , , , , ,0.121,-0.346,-108.21
 09:37:11.962,eb:33:2e:f9:57:b5, 2015-01-01 00:25:48.590,0.007,0.002,0.994,-0.061,-0.305,-0.061, , , , , , ,0.121,-0.346,-108.21
 09:37:11.962,eb:33:2e:f9:57:b5, 2015-01-01 00:25:48.590,0.009,0.002,0.994,0,-0.244,-0.061, , , , , , ,0.121,-0.346,-108.21
 09:37:12.009,eb:33:2e:f9:57:b5, 2015-01-01 00:25:48.590,0.008,0.002,0.996,0,-0.244,-0.061, , , , , , ,0.121,-0.346,-108.21
 09:37:12.009,eb:33:2e:f9:57:b5, 2015-01-01 00:25:48.590,0.007,0.002,0.994,0,-0.183,0, , , , , , ,0.121,-0.346,-108.21
 09:37:12.009,eb:33:2e:f9:57:b5, 2015-01-01 00:25:48.590,0.006,0.001,0.994,0,-0.244,0, , , , , , ,0.121,-0.346,-108.204
 09:37:12.009,eb:33:2e:f9:57:b5, 2015-01-01 00:25:48.590,0.006,0.002,0.994,0,-0.244,-0.061, , , , , , ,0.121,-0.346,-108.204
 09:37:12.009,eb:33:2e:f9:57:b5, 2015-01-01 00:25:48.590,0.007,0.002,0.993,0,-0.244,0, , , , , , ,0.121,-0.346,-108.204
 09:37:12.009,eb:33:2e:f9:57:b5, 2015-01-01 00:25:48.590,0.006,0.002,0.993,0,-0.244,-0.061, , , , , , ,0.121,-0.346,-108.204
 09:37:12.009,eb:33:2e:f9:57:b5, 2015-01-01 00:25:48.590,0.006,0.002,0.992,0,-0.305,0, , , , , , ,0.121,-0.346,-108.204
 09:37:12.009,eb:33:2e:f9:57:b5, 2015-01-01 00:25:48.590,0.007,0.003,0.992,0,-0.427,0, , , , , , ,0.121,-0.346,-108.204
 09:37:12.030,eb:33:2e:f9:57:b5, 2015-01-01 00:25:48.925,0.007,0.003,0.993,0,-0.366,-0.061, , , , , , ,0.121,-0.346,-108.204
 09:37:12.030,eb:33:2e:f9:57:b5, 2015-01-01 00:25:48.925,0.007,0.003,0.992,-0.061,-0.427,-0.061, , , , , , ,0.121,-0.346,-108.204
 09:37:12.030,eb:33:2e:f9:57:b5, 2015-01-01 00:25:48.925,0.005,0.003,0.991,-0.061,-0.549,-0.061, , , , , , ,0.121,-0.346,-108.204
 09:37:12.030,eb:33:2e:f9:57:b5, 2015-01-01 00:25:48.925,0.006,0.002,0.991,-0.122,-0.671,-0.061, , , , , , ,0.121,-0.346,-108.204
 09:37:12.030,eb:33:2e:f9:57:b5, 2015-01-01 00:25:48.925,0.007,0.003,0.992,-0.061,-0.732,-0.122, , , , , , ,0.121,-0.346,-108.204
 09:37:12.030,eb:33:2e:f9:57:b5, 2015-01-01 00:25:48.925,0.007,0.002,0.992,0,-0.793,-0.183, , , , , , ,0.121,-0.346,-108.204
 09:37:12.030,eb:33:2e:f9:57:b5, 2015-01-01 00:25:48.925,0.006,0.002,0.993,0,-0.916,-0.183, , , , , , ,0.121,-0.346,-108.204
 09:37:12.030,eb:33:2e:f9:57:b5, 2015-01-01 00:25:48.925,0.009,0.002,0.994,0,-0.977,-0.122, , , , , , ,0.121,-0.346,-108.204
 09:37:12.075,eb:33:2e:f9:57:b5, 2015-01-01 00:25:48.925,0.009,0.003,0.995,0,-0.916,-0.183, , , , , , ,0.121,-0.346,-108.204
 09:37:12.075,eb:33:2e:f9:57:b5, 2015-01-01 00:25:48.925,0.009,0.002,0.995,0,-0.854,-0.183, , , , , , ,0.121,-0.346,-108.204
 09:37:12.075,eb:33:2e:f9:57:b5, 2015-01-01 00:25:48.925,0.007,0.003,0.994,0,-0.793,-0.183, , , , , , ,0.121,-0.346,-108.204
 09:37:12.075,eb:33:2e:f9:57:b5, 2015-01-01 00:25:48.925,0.007,0.002,0.994,0,-0.793,-0.183, , , , , , ,0.121,-0.346,-108.204
 09:37:12.075,eb:33:2e:f9:57:b5, 2015-01-01 00:25:48.925,0.009,0.001,0.995,0.061,-0.854,-0.183, , , , , , ,0.121,-0.346,-108.204
 09:37:12.075,eb:33:2e:f9:57:b5, 2015-01-01 00:25:48.925,0.009,0.001,0.995,0.122,-0.793,-0.183, , , , , , ,0.121,-0.346,-108.204
 09:37:12.075,eb:33:2e:f9:57:b5, 2015-01-01 00:25:48.925,0.01,0.001,0.996,0.183,-0.732,-0.122, , , , , , ,0.121,-0.346,-108.204
 09:37:12.076,eb:33:2e:f9:57:b5, 2015-01-01 00:25:48.925,0.008,0.002,0.995,0.122,-0.671,-0.183, , , , , , ,0.121,-0.346,-108.204
 09:37:12.120,eb:33:2e:f9:57:b5, 2015-01-01 00:25:48.925,0.007,0.003,0.994,0.183,-0.671,-0.183, , , , , , ,0.121,-0.346,-108.204
 09:37:12.120,eb:33:2e:f9:57:b5, 2015-01-01 00:25:48.925,0.008,0.002,0.993,0.183,-0.732,-0.122, , , , , , ,0.121,-0.346,-108.204
 09:37:12.120,eb:33:2e:f9:57:b5, 2015-01-01 00:25:48.925,0.009,0.002,0.992,0.061,-0.732,-0.061, , , , , , ,0.121,-0.346,-108.204
 09:37:12.120,eb:33:2e:f9:57:b5, 2015-01-01 00:25:48.925,0.008,0.003,0.992,0.061,-0.793,-0.122, , , , , , ,0.121,-0.346,-108.204
 09:37:12.120,eb:33:2e:f9:57:b5, 2015-01-01 00:25:48.925,0.009,0.004,0.992,0,-0.793,-0.122, , , , , , ,0.121,-0.346,-108.204
 09:37:12.120,eb:33:2e:f9:57:b5, 2015-01-01 00:25:48.925,0.009,0.003,0.991,0,-0.854,-0.183, , , , , , ,0.121,-0.346,-108.204
 09:37:12.120,eb:33:2e:f9:57:b5, 2015-01-01 00:25:48.925,0.009,0.003,0.991,0,-0.854,-0.183, , , , , , ,0.121,-0.346,-108.204
 09:37:12.120,eb:33:2e:f9:57:b5, 2015-01-01 00:25:48.925,0.008,0.002,0.992,0,-0.916,-0.183, , , , , , ,0.121,-0.346,-108.204
 09:37:12.165,eb:33:2e:f9:57:b5, 2015-01-01 00:25:48.925,0.01,0.002,0.992,-0.061,-0.977,-0.183, , , , , , ,0.121,-0.352,-108.204
 09:37:12.165,eb:33:2e:f9:57:b5, 2015-01-01 00:25:48.925,0.01,0.003,0.993,-0.061,-0.977,-0.183, , , , , , ,0.121,-0.352,-108.204
 09:37:12.165,eb:33:2e:f9:57:b5, 2015-01-01 00:25:48.925,0.008,0.002,0.994,-0.061,-0.977,-0.244, , , , , , ,0.121,-0.352,-108.204
 09:37:12.165,eb:33:2e:f9:57:b5, 2015-01-01 00:25:48.925,0.008,0.001,0.995,0,-0.977,-0.244, , , , , , ,0.121,-0.352,-108.204
 09:37:12.165,eb:33:2e:f9:57:b5, 2015-01-01 00:25:48.925,0.008,0.001,0.995,0.061,-1.099,-0.244, , , , , , ,0.121,-0.352,-108.204
 09:37:12.165,eb:33:2e:f9:57:b5, 2015-01-01 00:25:48.925,0.01,0.001,0.995,0.061,-1.099,-0.305, , , , , , ,0.121,-0.352,-108.204
 09:37:12.165,eb:33:2e:f9:57:b5, 2015-01-01 00:25:48.925,0.012,0.002,0.995,0.061,-1.16,-0.244, , , , , , ,0.121,-0.352,-108.204
 09:37:12.165,eb:33:2e:f9:57:b5, 2015-01-01 00:25:48.925,0.011,0.003,0.997,0.061,-1.038,-0.244, , , , , , ,0.121,-0.352,-108.204
 09:37:12.210,eb:33:2e:f9:57:b5, 2015-01-01 00:25:48.925,0.013,0.003,0.996,0,-1.038,-0.183, , , , , , ,0.121,-0.352,-108.204
 09:37:12.210,eb:33:2e:f9:57:b5, 2015-01-01 00:25:48.925,0.013,0.001,0.996,0,-0.854,-0.183, , , , , , ,0.121,-0.352,-108.204
 09:37:12.210,eb:33:2e:f9:57:b5, 2015-01-01 00:25:48.925,0.012,0.001,0.996,0.061,-0.732,-0.183, , , , , , ,0.121,-0.352,-108.204
 09:37:12.210,eb:33:2e:f9:57:b5, 2015-01-01 00:25:48.925,0.013,0.003,0.995,0.122,-0.61,-0.244, , , , , , ,0.121,-0.352,-108.204
 09:37:12.210,eb:33:2e:f9:57:b5, 2015-01-01 00:25:48.925,0.012,0.002,0.994,0.122,-0.488,-0.183, , , , , , ,0.121,-0.352,-108.204
 09:37:12.210,eb:33:2e:f9:57:b5, 2015-01-01 00:25:48.925,0.012,0.003,0.992,0.061,-0.488,-0.183, , , , , , ,0.121,-0.352,-108.204
 09:37:12.210,eb:33:2e:f9:57:b5, 2015-01-01 00:25:48.925,0.01,0.002,0.994,0,-0.366,-0.122, , , , , , ,0.121,-0.352,-108.204
,,,,,,,,, , , , , , ,0.121,-0.352,-108.204
,,,,,,,,, , , , , , ,0.121,-0.352,-108.204
,,,,,,,,, , , , , , ,0.121,-0.352,-108.204
,,,,,,,,, , , , , , ,0.121,-0.352,-108.204
,,,,,,,,, , , , , , ,0.121,-0.352,-108.204
,,,,,,,,, , , , , , ,0.121,-0.357,-108.204
,,,,,,,,, , , , , , ,0.121,-0.357,-108.204
,,,,,,,,, , , , , , ,0.121,-0.357,-108.204
,,,,,,,,, , , , , , ,0.121,-0.357,-108.204
,,,,,,,,, , , , , , ,0.121,-0.357,-108.204
,,,,,,,,, , , , , , ,0.121,-0.357,-108.204
,,,,,,,,, , , , , , ,0.121,-0.357,-108.204
,,,,,,,,, , , , , , ,0.121,-0.357,-108.204
,,,,,,,,, , , , , , ,0.121,-0.357,-108.204
,,,,,,,,, , , , , , ,0.121,-0.357,-108.204
,,,,,,,,, , , , , , ,0.121,-0.357,-108.204
,,,,,,,,, , , , , , ,0.121,-0.357,-108.204
,,,,,,,,, , , , , , ,0.121,-0.357,-108.204
,,,,,,,,, , , , , , ,0.121,-0.357,-108.204
,,,,,,,,, , , , , , ,0.121,-0.357,-108.204
,,,,,,,,, , , , , , ,0.121,-0.357,-108.204
,,,,,,,,, , , , , , ,0.121,-0.363,-108.204
,,,,,,,,, , , , , , ,0.121,-0.363,-108.204
,,,,,,,,, , , , , , ,0.121,-0.363,-108.204
,,,,,,,,, , , , , , ,0.121,-0.363,-108.204
,,,,,,,,, , , , , , ,0.121,-0.363,-108.204
,,,,,,,,, , , , , , ,0.121,-0.363,-108.204
,,,,,,,,, , , , , , ,0.121,-0.363,-108.204
,,,,,,,,, , , , , , ,0.121,-0.363,-108.204
,,,,,,,,, , , , , , ,0.121,-0.363,-108.204
,,,,,,,,, , , , , , ,0.121,-0.363,-108.204
,,,,,,,,, , , , , , ,0.121,-0.363,-108.204
,,,,,,,,, , , , , , ,0.121,-0.363,-108.204
,,,,,,,,, , , , , , ,0.126,-0.368,-108.204
,,,,,,,,, , , , , , ,0.126,-0.368,-108.204
,,,,,,,,, , , , , , ,0.126,-0.368,-108.204
,,,,,,,,, , , , , , ,0.126,-0.368,-108.204
,,,,,,,,, , , , , , ,0.126,-0.368,-108.204
,,,,,,,,, , , , , , ,0.126,-0.368,-108.204
,,,,,,,,, , , , , , ,0.126,-0.368,-108.204
,,,,,,,,, , , , , , ,0.126,-0.368,-108.204
,,,,,,,,, , , , , , ,0.121,-0.374,-108.204
,,,,,,,,, , , , , , ,0.121,-0.374,-108.204
,,,,,,,,, , , , , , ,0.121,-0.374,-108.204
,,,,,,,,, , , , , , ,0.121,-0.374,-108.204
,,,,,,,,, , , , , , ,0.121,-0.374,-108.204
,,,,,,,,, , , , , , ,0.121,-0.374,-108.204
,,,,,,,,, , , , , , ,0.121,-0.374,-108.204
,,,,,,,,, , , , , , ,0.121,-0.374,-108.204
,,,,,,,,, , , , , , ,0.121,-0.374,-108.204
,,,,,,,,, , , , , , ,0.121,-0.374,-108.204
,,,,,,,,, , , , , , ,0.121,-0.374,-108.204
,,,,,,,,, , , , , , ,0.121,-0.374,-108.204
,,,,,,,,, , , , , , ,0.121,-0.379,-108.204
,,,,,,,,, , , , , , ,0.121,-0.379,-108.204
,,,,,,,,, , , , , , ,0.121,-0.379,-108.204
,,,,,,,,, , , , , , ,0.121,-0.379,-108.204
,,,,,,,,, , , , , , ,0.121,-0.379,-108.204
,,,,,,,,, , , , , , ,0.121,-0.379,-108.204
,,,,,,,,, , , , , , ,0.121,-0.379,-108.199
,,,,,,,,, , , , , , ,0.121,-0.379,-108.199
,,,,,,,,, , , , , , ,0.121,-0.379,-108.204
,,,,,,,,, , , , , , ,0.121,-0.379,-108.204
,,,,,,,,, , , , , , ,0.121,-0.379,-108.199
,,,,,,,,, , , , , , ,0.121,-0.379,-108.199
,,,,,,,,, , , , , , ,0.121,-0.385,-108.204
,,,,,,,,, , , , , , ,0.121,-0.385,-108.204
,,,,,,,,, , , , , , ,0.121,-0.385,-108.199
,,,,,,,,, , , , , , ,0.121,-0.385,-108.199
,,,,,,,,, , , , , , ,0.121,-0.385,-108.204
,,,,,,,,, , , , , , ,0.121,-0.385,-108.204
,,,,,,,,, , , , , , ,0.121,-0.385,-108.199
,,,,,,,,, , , , , , ,0.121,-0.385,-108.199
,,,,,,,,, , , , , , ,0.121,-0.39,-108.199
,,,,,,,,, , , , , , ,0.121,-0.39,-108.199
,,,,,,,,, , , , , , ,0.121,-0.39,-108.199
,,,,,,,,, , , , , , ,0.121,-0.39,-108.199
,,,,,,,,, , , , , , ,0.121,-0.39,-108.199
,,,,,,,,, , , , , , ,0.121,-0.39,-108.199
,,,,,,,,, , , , , , ,0.121,-0.39,-108.199
,,,,,,,,, , , , , , ,0.121,-0.39,-108.199
,,,,,,,,, , , , , , ,0.121,-0.39,-108.199
,,,,,,,,, , , , , , ,0.121,-0.39,-108.199
,,,,,,,,, , , , , , ,0.121,-0.39,-108.199
,,,,,,,,, , , , , , ,0.121,-0.39,-108.199
,,,,,,,,, , , , , , ,0.121,-0.396,-108.199
,,,,,,,,, , , , , , ,0.121,-0.396,-108.199
,,,,,,,,, , , , , , ,0.121,-0.396,-108.199
,,,,,,,,, , , , , , ,0.121,-0.396,-108.199
,,,,,,,,, , , , , , ,0.121,-0.396,-108.199
,,,,,,,,, , , , , , ,0.121,-0.396,-108.199
,,,,,,,,, , , , , , ,0.121,-0.396,-108.199
,,,,,,,,, , , , , , ,0.121,-0.396,-108.199
,,,,,,,,, , , , , , ,0.121,-0.396,-108.199
,,,,,,,,, , , , , , ,0.121,-0.396,-108.199
,,,,,,,,, , , , , , ,0.121,-0.396,-108.199
,,,,,,,,, , , , , , ,0.121,-0.396,-108.199
,,,,,,,,, , , , , , ,0.121,-0.396,-108.199
,,,,,,,,, , , , , , ,0.121,-0.396,-108.199
,,,,,,,,, , , , , , ,0.121,-0.396,-108.199
,,,,,,,,, , , , , , ,0.121,-0.396,-108.199
,,,,,,,,, , , , , , ,0.121,-0.396,-108.199
,,,,,,,,, , , , , , ,0.121,-0.396,-108.199
,,,,,,,,, , , , , , ,0.121,-0.396,-108.199
,,,,,,,,, , , , , , ,0.121,-0.396,-108.199
,,,,,,,,, , , , , , ,0.121,-0.396,-108.199
,,,,,,,,, , , , , , ,0.121,-0.396,-108.199
,,,,,,,,, , , , , , ,0.121,-0.396,-108.199
,,,,,,,,, , , , , , ,0.121,-0.396,-108.199
,,,,,,,,, , , , , , ,0.121,-0.396,-108.199
,,,,,,,,, , , , , , ,0.121,-0.396,-108.199
,,,,,,,,, , , , , , ,0.121,-0.396,-108.199
,,,,,,,,, , , , , , ,0.121,-0.396,-108.199
,,,,,,,,, , , , , , ,0.121,-0.396,-108.199
,,,,,,,,, , , , , , ,0.121,-0.396,-108.199
,,,,,,,,, , , , , , ,0.121,-0.396,-108.199
,,,,,,,,, , , , , , ,0.121,-0.396,-108.199
,,,,,,,,, , , , , , ,0.121,-0.396,-108.199
,,,,,,,,, , , , , , ,0.121,-0.396,-108.199
,,,,,,,,, , , , , , ,0.121,-0.396,-108.199
,,,,,,,,, , , , , , ,0.121,-0.396,-108.199
,,,,,,,,, , , , , , ,0.121,-0.396,-108.199
,,,,,,,,, , , , , , ,0.121,-0.396,-108.199
,,,,,,,,, , , , , , ,0.121,-0.396,-108.199
,,,,,,,,, , , , , , ,0.121,-0.396,-108.199
,,,,,,,,, , , , , , ,0.121,-0.396,-108.204
,,,,,,,,, , , , , , ,0.121,-0.396,-108.204
,,,,,,,,, , , , , , ,0.121,-0.396,-108.204
,,,,,,,,, , , , , , ,0.121,-0.396,-108.204
,,,,,,,,, , , , , , ,0.115,-0.396,-108.204
,,,,,,,,, , , , , , ,0.115,-0.396,-108.204
,,,,,,,,, , , , , , ,0.115,-0.396,-108.204
,,,,,,,,, , , , , , ,0.115,-0.396,-108.204
,,,,,,,,, , , , , , ,0.115,-0.396,-108.204
,,,,,,,,, , , , , , ,0.115,-0.396,-108.204
,,,,,,,,, , , , , , ,0.115,-0.396,-108.204
,,,,,,,,, , , , , , ,0.115,-0.396,-108.204
,,,,,,,,, , , , , , ,0.115,-0.396,-108.204
,,,,,,,,, , , , , , ,0.115,-0.396,-108.204
,,,,,,,,, , , , , , ,0.115,-0.396,-108.204
,,,,,,,,, , , , , , ,0.115,-0.396,-108.204
,,,,,,,,, , , , , , ,0.115,-0.396,-108.204
,,,,,,,,, , , , , , ,0.115,-0.396,-108.204
,,,,,,,,, , , , , , ,0.115,-0.396,-108.204
,,,,,,,,, , , , , , ,0.115,-0.396,-108.204
,,,,,,,,, , , , , , ,0.115,-0.396,-108.204
,,,,,,,,, , , , , , ,0.115,-0.396,-108.204
,,,,,,,,, , , , , , ,0.115,-0.396,-108.204
,,,,,,,,, , , , , , ,0.115,-0.396,-108.204
,,,,,,,,, , , , , , ,0.115,-0.396,-108.204
,,,,,,,,, , , , , , ,0.115,-0.396,-108.204
,,,,,,,,, , , , , , ,0.115,-0.396,-108.204
,,,,,,,,, , , , , , ,0.115,-0.396,-108.204
,,,,,,,,, , , , , , ,0.115,-0.401,-108.204
,,,,,,,,, , , , , , ,0.115,-0.401,-108.204
,,,,,,,,, , , , , , ,0.115,-0.401,-108.204
,,,,,,,,, , , , , , ,0.115,-0.401,-108.204
,,,,,,,,, , , , , , ,0.115,-0.401,-108.204
,,,,,,,,, , , , , , ,0.115,-0.401,-108.204
,,,,,,,,, , , , , , ,0.115,-0.401,-108.204
,,,,,,,,, , , , , , ,0.115,-0.401,-108.204
,,,,,,,,, , , , , , ,0.115,-0.401,-108.204
,,,,,,,,, , , , , , ,0.115,-0.401,-108.204
,,,,,,,,, , , , , , ,0.115,-0.401,-108.204
,,,,,,,,, , , , , , ,0.115,-0.401,-108.204
,,,,,,,,, , , , , , ,0.115,-0.401,-108.204
,,,,,,,,, , , , , , ,0.115,-0.401,-108.204
,,,,,,,,, , , , , , ,0.115,-0.401,-108.204
,,,,,,,,, , , , , , ,0.115,-0.401,-108.204
,,,,,,,,, , , , , , ,0.115,-0.401,-108.204
,,,,,,,,, , , , , , ,0.115,-0.401,-108.204
,,,,,,,,, , , , , , ,0.115,-0.401,-108.204
,,,,,,,,, , , , , , ,0.115,-0.401,-108.204
,,,,,,,,, , , , , , ,0.11,-0.401,-108.204
,,,,,,,,, , , , , , ,0.11,-0.401,-108.204
,,,,,,,,, , , , , , ,0.11,-0.401,-108.204
,,,,,,,,, , , , , , ,0.11,-0.401,-108.204
,,,,,,,,, , , , , , ,0.11,-0.401,-108.204
,,,,,,,,, , , , , , ,0.11,-0.401,-108.204
,,,,,,,,, , , , , , ,0.11,-0.401,-108.204
,,,,,,,,, , , , , , ,0.11,-0.401,-108.204
,,,,,,,,, , , , , , ,0.11,-0.401,-108.204
,,,,,,,,, , , , , , ,0.11,-0.401,-108.204
,,,,,,,,, , , , , , ,0.11,-0.401,-108.204
,,,,,,,,, , , , , , ,0.11,-0.401,-108.204
,,,,,,,,, , , , , , ,0.11,-0.401,-108.204
,,,,,,,,, , , , , , ,0.11,-0.401,-108.204
,,,,,,,,, , , , , , ,0.11,-0.401,-108.204
,,,,,,,,, , , , , , ,0.11,-0.401,-108.204
,,,,,,,,, , , , , , ,0.11,-0.401,-108.204
,,,,,,,,, , , , , , ,0.11,-0.401,-108.204
,,,,,,,,, , , , , , ,0.11,-0.401,-108.204
,,,,,,,,, , , , , , ,0.11,-0.401,-108.204
,,,,,,,,, , , , , , ,0.11,-0.401,-108.204
,,,,,,,,, , , , , , ,0.11,-0.401,-108.204
,,,,,,,,, , , , , , ,0.11,-0.401,-108.204
,,,,,,,,, , , , , , ,0.11,-0.401,-108.204
,,,,,,,,, , , , , , ,0.104,-0.406,-108.204
,,,,,,,,, , , , , , ,0.104,-0.406,-108.204
,,,,,,,,, , , , , , ,0.104,-0.406,-108.204
,,,,,,,,, , , , , , ,0.104,-0.406,-108.204
,,,,,,,,, , , , , , ,0.104,-0.406,-108.204
,,,,,,,,, , , , , , ,0.104,-0.406,-108.204
,,,,,,,,, , , , , , ,0.104,-0.406,-108.204
,,,,,,,,, , , , , , ,0.104,-0.406,-108.204
,,,,,,,,, , , , , , ,0.104,-0.406,-108.204
,,,,,,,,, , , , , , ,0.104,-0.406,-108.204
,,,,,,,,, , , , , , ,0.104,-0.406,-108.204
,,,,,,,,, , , , , , ,0.104,-0.406,-108.204
,,,,,,,,, , , , , , ,0.104,-0.406,-108.204
,,,,,,,,, , , , , , ,0.104,-0.406,-108.204
,,,,,,,,, , , , , , ,0.104,-0.406,-108.204
,,,,,,,,, , , , , , ,0.104,-0.406,-108.204
,,,,,,,,, , , , , , ,0.104,-0.406,-108.204
,,,,,,,,, , , , , , ,0.104,-0.406,-108.204
,,,,,,,,, , , , , , ,0.104,-0.406,-108.204
,,,,,,,,, , , , , , ,0.104,-0.406,-108.204
,,,,,,,,, , , , , , ,0.099,-0.406,-108.204
,,,,,,,,, , , , , , ,0.099,-0.406,-108.204
,,,,,,,,, , , , , , ,0.099,-0.406,-108.204
,,,,,,,,, , , , , , ,0.099,-0.406,-108.204
,,,,,,,,, , , , , , ,0.099,-0.406,-108.204
,,,,,,,,, , , , , , ,0.099,-0.406,-108.204
,,,,,,,,, , , , , , ,0.099,-0.406,-108.204
,,,,,,,,, , , , , , ,0.099,-0.406,-108.204
,,,,,,,,, , , , , , ,0.099,-0.406,-108.204
,,,,,,,,, , , , , , ,0.099,-0.406,-108.204
,,,,,,,,, , , , , , ,0.099,-0.406,-108.204
,,,,,,,,, , , , , , ,0.099,-0.406,-108.204
,,,,,,,,, , , , , , ,0.099,-0.406,-108.204
,,,,,,,,, , , , , , ,0.099,-0.406,-108.204
,,,,,,,,, , , , , , ,0.099,-0.406,-108.204
,,,,,,,,, , , , , , ,0.099,-0.406,-108.204
,,,,,,,,, , , , , , ,0.099,-0.406,-108.204
,,,,,,,,, , , , , , ,0.099,-0.406,-108.204
,,,,,,,,, , , , , , ,0.099,-0.406,-108.204
,,,,,,,,, , , , , , ,0.099,-0.406,-108.204
,,,,,,,,, , , , , , ,0.093,-0.406,-108.204
,,,,,,,,, , , , , , ,0.093,-0.406,-108.204
,,,,,,,,, , , , , , ,0.093,-0.406,-108.204
,,,,,,,,, , , , , , ,0.093,-0.406,-108.204
,,,,,,,,, , , , , , ,0.093,-0.406,-108.204
,,,,,,,,, , , , , , ,0.093,-0.406,-108.204
,,,,,,,,, , , , , , ,0.093,-0.406,-108.204
,,,,,,,,, , , , , , ,0.093,-0.406,-108.204
,,,,,,,,, , , , , , ,0.093,-0.406,-108.204
,,,,,,,,, , , , , , ,0.093,-0.406,-108.204
,,,,,,,,, , , , , , ,0.093,-0.406,-108.204
,,,,,,,,, , , , , , ,0.093,-0.406,-108.204
,,,,,,,,, , , , , , ,0.093,-0.406,-108.204
,,,,,,,,, , , , , , ,0.093,-0.406,-108.204
,,,,,,,,, , , , , , ,0.093,-0.406,-108.204
,,,,,,,,, , , , , , ,0.093,-0.406,-108.204
,,,,,,,,, , , , , , ,0.088,-0.406,-108.21
,,,,,,,,, , , , , , ,0.088,-0.406,-108.21
,,,,,,,,, , , , , , ,0.088,-0.406,-108.21
,,,,,,,,, , , , , , ,0.088,-0.406,-108.21
,,,,,,,,, , , , , , ,0.088,-0.406,-108.21
,,,,,,,,, , , , , , ,0.088,-0.406,-108.21
,,,,,,,,, , , , , , ,0.088,-0.406,-108.21
,,,,,,,,, , , , , , ,0.088,-0.406,-108.21
,,,,,,,,, , , , , , ,0.088,-0.412,-108.21
,,,,,,,,, , , , , , ,0.088,-0.412,-108.21
,,,,,,,,, , , , , , ,0.088,-0.412,-108.21
,,,,,,,,, , , , , , ,0.088,-0.412,-108.21
,,,,,,,,, , , , , , ,0.088,-0.412,-108.21
,,,,,,,,, , , , , , ,0.088,-0.412,-108.21
,,,,,,,,, , , , , , ,0.088,-0.412,-108.21
,,,,,,,,, , , , , , ,0.088,-0.412,-108.21
,,,,,,,,, , , , , , ,0.082,-0.412,-108.21
,,,,,,,,, , , , , , ,0.082,-0.412,-108.21
,,,,,,,,, , , , , , ,0.082,-0.412,-108.21
,,,,,,,,, , , , , , ,0.082,-0.412,-108.21
,,,,,,,,, , , , , , ,0.082,-0.412,-108.21
,,,,,,,,, , , , , , ,0.082,-0.412,-108.21
,,,,,,,,, , , , , , ,0.082,-0.412,-108.21
,,,,,,,,, , , , , , ,0.082,-0.412,-108.21
,,,,,,,,, , , , , , ,0.082,-0.412,-108.21
,,,,,,,,, , , , , , ,0.082,-0.412,-108.21
,,,,,,,,, , , , , , ,0.082,-0.412,-108.21
,,,,,,,,, , , , , , ,0.082,-0.412,-108.21
,,,,,,,,, , , , , , ,0.082,-0.412,-108.21
,,,,,,,,, , , , , , ,0.082,-0.412,-108.21
,,,,,,,,, , , , , , ,0.082,-0.412,-108.21
,,,,,,,,, , , , , , ,0.082,-0.412,-108.21
,,,,,,,,, , , , , , ,0.082,-0.412,-108.21
,,,,,,,,, , , , , , ,0.082,-0.412,-108.21
,,,,,,,,, , , , , , ,0.082,-0.412,-108.21
,,,,,,,,, , , , , , ,0.082,-0.412,-108.21
,,,,,,,,, , , , , , ,0.06,-0.417,-108.21
,,,,,,,,, , , , , , ,0.06,-0.417,-108.21
,,,,,,,,, , , , , , ,0.06,-0.417,-108.21
,,,,,,,,, , , , , , ,0.06,-0.417,-108.21
,,,,,,,,, , , , , , ,0.06,-0.417,-108.21
,,,,,,,,, , , , , , ,0.06,-0.417,-108.21
,,,,,,,,, , , , , , ,0.06,-0.417,-108.21
,,,,,,,,, , , , , , ,0.06,-0.417,-108.21
,,,,,,,,, , , , , , ,0.055,-0.417,-108.21
,,,,,,,,, , , , , , ,0.055,-0.417,-108.21
,,,,,,,,, , , , , , ,0.055,-0.417,-108.21
,,,,,,,,, , , , , , ,0.055,-0.417,-108.21
,,,,,,,,, , , , , , ,0.055,-0.417,-108.21
,,,,,,,,, , , , , , ,0.055,-0.417,-108.21
,,,,,,,,, , , , , , ,0.055,-0.417,-108.21
,,,,,,,,, , , , , , ,0.055,-0.417,-108.21
,,,,,,,,, , , , , , ,0.055,-0.417,-108.21
,,,,,,,,, , , , , , ,0.055,-0.417,-108.21
,,,,,,,,, , , , , , ,0.055,-0.417,-108.21
,,,,,,,,, , , , , , ,0.055,-0.417,-108.21
,,,,,,,,, , , , , , ,0.055,-0.417,-108.21
,,,,,,,,, , , , , , ,0.055,-0.417,-108.21
,,,,,,,,, , , , , , ,0.055,-0.417,-108.21
,,,,,,,,, , , , , , ,0.055,-0.417,-108.21
,,,,,,,,, , , , , , ,0.049,-0.417,-108.21
,,,,,,,,, , , , , , ,0.049,-0.417,-108.21
,,,,,,,,, , , , , , ,0.049,-0.417,-108.21
,,,,,,,,, , , , , , ,0.049,-0.417,-108.21
,,,,,,,,, , , , , , ,0.049,-0.417,-108.21
,,,,,,,,, , , , , , ,0.049,-0.417,-108.21
,,,,,,,,, , , , , , ,0.049,-0.417,-108.204
,,,,,,,,, , , , , , ,0.049,-0.417,-108.204
,,,,,,,,, , , , , , ,0.049,-0.417,-108.21
,,,,,,,,, , , , , , ,0.049,-0.417,-108.21
,,,,,,,,, , , , , , ,0.049,-0.417,-108.204
,,,,,,,,, , , , , , ,0.049,-0.417,-108.204
,,,,,,,,, , , , , , ,0.049,-0.417,-108.204
,,,,,,,,, , , , , , ,0.049,-0.417,-108.204
,,,,,,,,, , , , , , ,0.049,-0.417,-108.204
,,,,,,,,, , , , , , ,0.049,-0.417,-108.204
,,,,,,,,, , , , , , ,0.049,-0.417,-108.204
,,,,,,,,, , , , , , ,0.049,-0.417,-108.204
,,,,,,,,, , , , , , ,0.049,-0.417,-108.204
,,,,,,,,, , , , , , ,0.049,-0.417,-108.204
,,,,,,,,, , , , , , ,0.044,-0.417,-108.204
,,,,,,,,, , , , , , ,0.044,-0.417,-108.204
,,,,,,,,, , , , , , ,0.044,-0.417,-108.204
,,,,,,,,, , , , , , ,0.044,-0.417,-108.204
,,,,,,,,, , , , , , ,0.044,-0.417,-108.204
,,,,,,,,, , , , , , ,0.044,-0.417,-108.204
,,,,,,,,, , , , , , ,0.044,-0.417,-108.204
,,,,,,,,, , , , , , ,0.044,-0.417,-108.204
,,,,,,,,, , , , , , ,0.044,-0.417,-108.204
,,,,,,,,, , , , , , ,0.044,-0.417,-108.204
,,,,,,,,, , , , , , ,0.044,-0.417,-108.204
,,,,,,,,, , , , , , ,0.044,-0.417,-108.204
,,,,,,,,, , , , , , ,0.044,-0.417,-108.204
,,,,,,,,, , , , , , ,0.044,-0.417,-108.204
,,,,,,,,, , , , , , ,0.044,-0.417,-108.204
,,,,,,,,, , , , , , ,0.044,-0.417,-108.204
,,,,,,,,, , , , , , ,0.038,-0.417,-108.204
,,,,,,,,, , , , , , ,0.038,-0.417,-108.204
,,,,,,,,, , , , , , ,0.038,-0.417,-108.204
,,,,,,,,, , , , , , ,0.038,-0.417,-108.204
,,,,,,,,, , , , , , ,0.038,-0.417,-108.204
,,,,,,,,, , , , , , ,0.038,-0.417,-108.204
,,,,,,,,, , , , , , ,0.038,-0.417,-108.204
,,,,,,,,, , , , , , ,0.038,-0.417,-108.204
,,,,,,,,, , , , , , ,0.038,-0.417,-108.204
,,,,,,,,, , , , , , ,0.038,-0.417,-108.204
,,,,,,,,, , , , , , ,0.038,-0.417,-108.199
,,,,,,,,, , , , , , ,0.038,-0.417,-108.199
,,,,,,,,, , , , , , ,0.038,-0.417,-108.199
,,,,,,,,, , , , , , ,0.038,-0.417,-108.199
,,,,,,,,, , , , , , ,0.038,-0.417,-108.199
,,,,,,,,, , , , , , ,0.038,-0.417,-108.199
,,,,,,,,, , , , , , ,0.033,-0.417,-108.199
,,,,,,,,, , , , , , ,0.033,-0.417,-108.199
,,,,,,,,, , , , , , ,0.033,-0.417,-108.199
,,,,,,,,, , , , , , ,0.033,-0.417,-108.199
,,,,,,,,, , , , , , ,0.033,-0.417,-108.199
,,,,,,,,, , , , , , ,0.033,-0.417,-108.199
,,,,,,,,, , , , , , ,0.033,-0.417,-108.199
,,,,,,,,, , , , , , ,0.033,-0.417,-108.199
,,,,,,,,, , , , , , ,0.033,-0.417,-108.199
,,,,,,,,, , , , , , ,0.033,-0.417,-108.199
,,,,,,,,, , , , , , ,0.033,-0.417,-108.199
,,,,,,,,, , , , , , ,0.033,-0.417,-108.199
,,,,,,,,, , , , , , ,0.033,-0.417,-108.199
,,,,,,,,, , , , , , ,0.033,-0.417,-108.199
,,,,,,,,, , , , , , ,0.033,-0.417,-108.199
,,,,,,,,, , , , , , ,0.033,-0.417,-108.199
,,,,,,,,, , , , , , ,0.033,-0.417,-108.199
,,,,,,,,, , , , , , ,0.033,-0.417,-108.199
,,,,,,,,, , , , , , ,0.027,-0.417,-108.199
,,,,,,,,, , , , , , ,0.027,-0.417,-108.199
,,,,,,,,, , , , , , ,0.027,-0.417,-108.199
,,,,,,,,, , , , , , ,0.027,-0.417,-108.199
,,,,,,,,, , , , , , ,0.027,-0.417,-108.199
,,,,,,,,, , , , , , ,0.027,-0.417,-108.199
,,,,,,,,, , , , , , ,0.027,-0.417,-108.199
,,,,,,,,, , , , , , ,0.027,-0.417,-108.199
,,,,,,,,, , , , , , ,0.027,-0.417,-108.199
,,,,,,,,, , , , , , ,0.027,-0.417,-108.199
,,,,,,,,, , , , , , ,0.027,-0.417,-108.199
,,,,,,,,, , , , , , ,0.027,-0.417,-108.199
,,,,,,,,, , , , , , ,0.027,-0.417,-108.199
,,,,,,,,, , , , , , ,0.027,-0.417,-108.199
,,,,,,,,, , , , , , ,0.027,-0.417,-108.199
,,,,,,,,, , , , , , ,0.027,-0.417,-108.199
,,,,,,,,, , , , , , ,0.027,-0.417,-108.193
,,,,,,,,, , , , , , ,0.027,-0.417,-108.193
,,,,,,,,, , , , , , ,0.022,-0.417,-108.193
,,,,,,,,, , , , , , ,0.022,-0.417,-108.193
,,,,,,,,, , , , , , ,0.022,-0.417,-108.193
,,,,,,,,, , , , , , ,0.022,-0.417,-108.193
,,,,,,,,, , , , , , ,0.022,-0.417,-108.193
,,,,,,,,, , , , , , ,0.022,-0.417,-108.193
,,,,,,,,, , , , , , ,0.022,-0.417,-108.193
,,,,,,,,, , , , , , ,0.022,-0.417,-108.193
,,,,,,,,, , , , , , ,0.022,-0.417,-108.193
,,,,,,,,, , , , , , ,0.022,-0.417,-108.193
,,,,,,,,, , , , , , ,0.022,-0.417,-108.193
,,,,,,,,, , , , , , ,0.022,-0.417,-108.193
,,,,,,,,, , , , , , ,0.022,-0.417,-108.193
,,,,,,,,, , , , , , ,0.022,-0.417,-108.193
,,,,,,,,, , , , , , ,0.022,-0.417,-108.193
,,,,,,,,, , , , , , ,0.022,-0.417,-108.193
,,,,,,,,, , , , , , ,0.016,-0.417,-108.193
,,,,,,,,, , , , , , ,0.016,-0.417,-108.193
,,,,,,,,, , , , , , ,0.016,-0.417,-108.193
,,,,,,,,, , , , , , ,0.016,-0.417,-108.193
,,,,,,,,, , , , , , ,0.016,-0.417,-108.193
,,,,,,,,, , , , , , ,0.016,-0.417,-108.193
,,,,,,,,, , , , , , ,0.016,-0.417,-108.193
,,,,,,,,, , , , , , ,0.016,-0.417,-108.193
,,,,,,,,, , , , , , ,0.016,-0.417,-108.193
,,,,,,,,, , , , , , ,0.016,-0.417,-108.193
,,,,,,,,, , , , , , ,0.016,-0.417,-108.193
,,,,,,,,, , , , , , ,0.016,-0.417,-108.193
,,,,,,,,, , , , , , ,0.016,-0.417,-108.193
,,,,,,,,, , , , , , ,0.016,-0.417,-108.193
,,,,,,,,, , , , , , ,0.016,-0.417,-108.193
,,,,,,,,, , , , , , ,0.016,-0.417,-108.193
,,,,,,,,, , , , , , ,0.011,-0.417,-108.193
,,,,,,,,, , , , , , ,0.011,-0.417,-108.193
,,,,,,,,, , , , , , ,0.011,-0.417,-108.193
,,,,,,,,, , , , , , ,0.011,-0.417,-108.193
,,,,,,,,, , , , , , ,0.011,-0.417,-108.193
,,,,,,,,, , , , , , ,0.011,-0.417,-108.193
,,,,,,,,, , , , , , ,0.011,-0.417,-108.188
,,,,,,,,, , , , , , ,0.011,-0.417,-108.188
,,,,,,,,, , , , , , ,0.011,-0.417,-108.188
,,,,,,,,, , , , , , ,0.011,-0.417,-108.188
,,,,,,,,, , , , , , ,0.011,-0.417,-108.188
,,,,,,,,, , , , , , ,0.011,-0.417,-108.188
,,,,,,,,, , , , , , ,0.011,-0.417,-108.188
,,,,,,,,, , , , , , ,0.011,-0.417,-108.188
,,,,,,,,, , , , , , ,0.011,-0.417,-108.188
,,,,,,,,, , , , , , ,0.011,-0.417,-108.188
,,,,,,,,, , , , , , ,0.011,-0.417,-108.188
,,,,,,,,, , , , , , ,0.011,-0.417,-108.188
,,,,,,,,, , , , , , ,0.011,-0.417,-108.188
,,,,,,,,, , , , , , ,0.011,-0.417,-108.188
,,,,,,,,, , , , , , ,0.005,-0.417,-108.188
,,,,,,,,, , , , , , ,0.005,-0.417,-108.188
,,,,,,,,, , , , , , ,0.005,-0.417,-108.188
,,,,,,,,, , , , , , ,0.005,-0.417,-108.188
,,,,,,,,, , , , , , ,0.005,-0.417,-108.188
,,,,,,,,, , , , , , ,0.005,-0.417,-108.188
,,,,,,,,, , , , , , ,0.005,-0.417,-108.188
,,,,,,,,, , , , , , ,0.005,-0.417,-108.188
,,,,,,,,, , , , , , ,0.005,-0.417,-108.188
,,,,,,,,, , , , , , ,0.005,-0.417,-108.188
,,,,,,,,, , , , , , ,0.005,-0.417,-108.188
,,,,,,,,, , , , , , ,0.005,-0.417,-108.188
,,,,,,,,, , , , , , ,0.005,-0.417,-108.188
,,,,,,,,, , , , , , ,0.005,-0.417,-108.188
,,,,,,,,, , , , , , ,0.005,-0.417,-108.188
,,,,,,,,, , , , , , ,0.005,-0.417,-108.188
,,,,,,,,, , , , , , ,0.005,-0.423,-108.188
,,,,,,,,, , , , , , ,0.005,-0.423,-108.188
,,,,,,,,, , , , , , ,0.005,-0.423,-108.188
,,,,,,,,, , , , , , ,0.005,-0.423,-108.188
,,,,,,,,, , , , , , ,0.005,-0.423,-108.188
,,,,,,,,, , , , , , ,0.005,-0.423,-108.188
,,,,,,,,, , , , , , ,0.005,-0.423,-108.188
,,,,,,,,, , , , , , ,0.005,-0.423,-108.188
,,,,,,,,, , , , , , ,0.005,-0.423,-108.188
,,,,,,,,, , , , , , ,0.005,-0.423,-108.188
,,,,,,,,, , , , , , ,0.005,-0.423,-108.182
,,,,,,,,, , , , , , ,0.005,-0.423,-108.182
,,,,,,,,, , , , , , ,0.005,-0.423,-108.182
,,,,,,,,, , , , , , ,0.005,-0.423,-108.182
,,,,,,,,, , , , , , ,0.005,-0.423,-108.182
,,,,,,,,, , , , , , ,0.005,-0.423,-108.182
,,,,,,,,, , , , , , ,0.005,-0.423,-108.182
,,,,,,,,, , , , , , ,0.005,-0.423,-108.182
,,,,,,,,, , , , , , ,0.005,-0.423,-108.182
,,,,,,,,, , , , , , ,0.005,-0.423,-108.182
,,,,,,,,, , , , , , ,0.005,-0.423,-108.182
,,,,,,,,, , , , , , ,0.005,-0.423,-108.182
,,,,,,,,, , , , , , ,0,-0.423,-108.182
,,,,,,,,, , , , , , ,0,-0.423,-108.182
,,,,,,,,, , , , , , ,0,-0.423,-108.182
,,,,,,,,, , , , , , ,0,-0.423,-108.182
,,,,,,,,, , , , , , ,0,-0.423,-108.182
,,,,,,,,, , , , , , ,0,-0.423,-108.182
,,,,,,,,, , , , , , ,0,-0.423,-108.182
,,,,,,,,, , , , , , ,0,-0.423,-108.182
,,,,,,,,, , , , , , ,0,-0.423,-108.182
,,,,,,,,, , , , , , ,0,-0.423,-108.182
,,,,,,,,, , , , , , ,0,-0.423,-108.182
,,,,,,,,, , , , , , ,0,-0.423,-108.182
,,,,,,,,, , , , , , ,0,-0.423,-108.182
,,,,,,,,, , , , , , ,0,-0.423,-108.182
,,,,,,,,, , , , , , ,0,-0.423,-108.182
,,,,,,,,, , , , , , ,0,-0.423,-108.182
,,,,,,,,, , , , , , ,0,-0.423,-108.182
,,,,,,,,, , , , , , ,0,-0.423,-108.182
,,,,,,,,, , , , , , ,0,-0.423,-108.182
,,,,,,,,, , , , , , ,0,-0.423,-108.182
,,,,,,,,, , , , , , ,0,-0.423,-108.182
,,,,,,,,, , , , , , ,0,-0.423,-108.182
,,,,,,,,, , , , , , ,0,-0.423,-108.182
,,,,,,,,, , , , , , ,0,-0.423,-108.182
,,,,,,,,, , , , , , ,0,-0.423,-108.177
,,,,,,,,, , , , , , ,0,-0.423,-108.177
,,,,,,,,, , , , , , ,0,-0.423,-108.177
,,,,,,,,, , , , , , ,0,-0.423,-108.177
,,,,,,,,, , , , , , ,0,-0.423,-108.177
,,,,,,,,, , , , , , ,0,-0.423,-108.177
,,,,,,,,, , , , , , ,0,-0.423,-108.177
,,,,,,,,, , , , , , ,0,-0.423,-108.177
,,,,,,,,, , , , , , ,0,-0.423,-108.177
,,,,,,,,, , , , , , ,0,-0.423,-108.177
,,,,,,,,, , , , , , ,0,-0.423,-108.177
,,,,,,,,, , , , , , ,0,-0.423,-108.177
,,,,,,,,, , , , , , ,0,-0.423,-108.177
,,,,,,,,, , , , , , ,0,-0.423,-108.177
,,,,,,,,, , , , , , ,0,-0.423,-108.177
,,,,,,,,, , , , , , ,0,-0.423,-108.177
,,,,,,,,, , , , , , ,0,-0.423,-108.177
,,,,,,,,, , , , , , ,0,-0.423,-108.177
,,,,,,,,, , , , , , ,0,-0.423,-108.177
,,,,,,,,, , , , , , ,0,-0.423,-108.177
,,,,,,,,, , , , , , ,0,-0.423,-108.177
,,,,,,,,, , , , , , ,0,-0.423,-108.177
,,,,,,,,, , , , , , ,0,-0.417,-108.177
,,,,,,,,, , , , , , ,0,-0.417,-108.177
,,,,,,,,, , , , , , ,0,-0.417,-108.177
,,,,,,,,, , , , , , ,0,-0.417,-108.177
,,,,,,,,, , , , , , ,0,-0.417,-108.177
,,,,,,,,, , , , , , ,0,-0.417,-108.177
,,,,,,,,, , , , , , ,0,-0.417,-108.177
,,,,,,,,, , , , , , ,0,-0.417,-108.177
,,,,,,,,, , , , , , ,0,-0.417,-108.177
,,,,,,,,, , , , , , ,0,-0.417,-108.177
,,,,,,,,, , , , , , ,0,-0.417,-108.171
,,,,,,,,, , , , , , ,0,-0.417,-108.171
,,,,,,,,, , , , , , ,0,-0.417,-108.171
,,,,,,,,, , , , , , ,0,-0.417,-108.171
,,,,,,,,, , , , , , ,0,-0.417,-108.171
,,,,,,,,, , , , , , ,0,-0.417,-108.171
,,,,,,,,, , , , , , ,0,-0.417,-108.171
,,,,,,,,, , , , , , ,0,-0.417,-108.171
,,,,,,,,, , , , , , ,0,-0.417,-108.171
,,,,,,,,, , , , , , ,0,-0.417,-108.171
,,,,,,,,, , , , , , ,0,-0.417,-108.171
,,,,,,,,, , , , , , ,0,-0.417,-108.171
,,,,,,,,, , , , , , ,0,-0.417,-108.171
,,,,,,,,, , , , , , ,0,-0.417,-108.171
,,,,,,,,, , , , , , ,0,-0.417,-108.171
,,,,,,,,, , , , , , ,0,-0.417,-108.171
,,,,,,,,, , , , , , ,0,-0.417,-108.171
,,,,,,,,, , , , , , ,0,-0.417,-108.171
,,,,,,,,, , , , , , ,0,-0.417,-108.171
,,,,,,,,, , , , , , ,0,-0.417,-108.171
,,,,,,,,, , , , , , ,0,-0.417,-108.171
,,,,,,,,, , , , , , ,0,-0.417,-108.171
,,,,,,,,, , , , , , ,0,-0.417,-108.171
,,,,,,,,, , , , , , ,0,-0.417,-108.171
,,,,,,,,, , , , , , ,0,-0.417,-108.171
,,,,,,,,, , , , , , ,0,-0.417,-108.171
,,,,,,,,, , , , , , ,0,-0.417,-108.171
,,,,,,,,, , , , , , ,0,-0.417,-108.171
,,,,,,,,, , , , , , ,0,-0.417,-108.171
,,,,,,,,, , , , , , ,0,-0.417,-108.171
,,,,,,,,, , , , , , ,0,-0.417,-108.171
,,,,,,,,, , , , , , ,0,-0.417,-108.171
,,,,,,,,, , , , , , ,0,-0.417,-108.166
,,,,,,,,, , , , , , ,0,-0.417,-108.166
,,,,,,,,, , , , , , ,0,-0.417,-108.166
,,,,,,,,, , , , , , ,0,-0.417,-108.166
,,,,,,,,, , , , , , ,0,-0.417,-108.166
,,,,,,,,, , , , , , ,0,-0.417,-108.166
,,,,,,,,, , , , , , ,0,-0.412,-108.166
,,,,,,,,, , , , , , ,0,-0.412,-108.166
,,,,,,,,, , , , , , ,0,-0.417,-108.166
,,,,,,,,, , , , , , ,0,-0.417,-108.166
,,,,,,,,, , , , , , ,0.005,-0.412,-108.166
,,,,,,,,, , , , , , ,0.005,-0.412,-108.166
,,,,,,,,, , , , , , ,0,-0.412,-108.166
,,,,,,,,, , , , , , ,0,-0.412,-108.166
,,,,,,,,, , , , , , ,0.005,-0.412,-108.166
,,,,,,,,, , , , , , ,0.005,-0.412,-108.166
,,,,,,,,, , , , , , ,0.005,-0.412,-108.166
,,,,,,,,, , , , , , ,0.005,-0.412,-108.166
,,,,,,,,, , , , , , ,0.005,-0.412,-108.166
,,,,,,,,, , , , , , ,0.005,-0.412,-108.166
,,,,,,,,, , , , , , ,0.005,-0.412,-108.166
,,,,,,,,, , , , , , ,0.005,-0.412,-108.166
,,,,,,,,, , , , , , ,0.005,-0.412,-108.166
,,,,,,,,, , , , , , ,0.005,-0.412,-108.166
,,,,,,,,, , , , , , ,0.005,-0.412,-108.166
,,,,,,,,, , , , , , ,0.005,-0.412,-108.166
,,,,,,,,, , , , , , ,0.005,-0.412,-108.166
,,,,,,,,, , , , , , ,0.005,-0.412,-108.166
,,,,,,,,, , , , , , ,0.005,-0.412,-108.16
,,,,,,,,, , , , , , ,0.005,-0.412,-108.16
,,,,,,,,, , , , , , ,0.005,-0.412,-108.16
,,,,,,,,, , , , , , ,0.005,-0.412,-108.16
,,,,,,,,, , , , , , ,0.005,-0.412,-108.16
,,,,,,,,, , , , , , ,0.005,-0.412,-108.16
,,,,,,,,, , , , , , ,0.005,-0.412,-108.16
,,,,,,,,, , , , , , ,0.005,-0.412,-108.16
,,,,,,,,, , , , , , ,0.005,-0.412,-108.16
,,,,,,,,, , , , , , ,0.005,-0.412,-108.16
,,,,,,,,, , , , , , ,0.005,-0.412,-108.16
,,,,,,,,, , , , , , ,0.005,-0.412,-108.16
,,,,,,,,, , , , , , ,0.005,-0.412,-108.16
,,,,,,,,, , , , , , ,0.005,-0.412,-108.16
,,,,,,,,, , , , , , ,0.005,-0.412,-108.16
,,,,,,,,, , , , , , ,0.005,-0.412,-108.16
,,,,,,,,, , , , , , ,0.005,-0.412,-108.16
,,,,,,,,, , , , , , ,0.005,-0.412,-108.16
,,,,,,,,, , , , , , ,0.005,-0.412,-108.16
,,,,,,,,, , , , , , ,0.005,-0.412,-108.16
,,,,,,,,, , , , , , ,0.005,-0.412,-108.16
,,,,,,,,, , , , , , ,0.005,-0.412,-108.16
,,,,,,,,, , , , , , ,0.005,-0.406,-108.16
,,,,,,,,, , , , , , ,0.005,-0.406,-108.16
,,,,,,,,, , , , , , ,0.005,-0.406,-108.16
,,,,,,,,, , , , , , ,0.005,-0.406,-108.16
,,,,,,,,, , , , , , ,0.005,-0.406,-108.16
,,,,,,,,, , , , , , ,0.005,-0.406,-108.16
,,,,,,,,, , , , , , ,0.005,-0.406,-108.16
,,,,,,,,, , , , , , ,0.005,-0.406,-108.16
,,,,,,,,, , , , , , ,0.005,-0.406,-108.16
,,,,,,,,, , , , , , ,0.005,-0.406,-108.16
,,,,,,,,, , , , , , ,0.005,-0.406,-108.16
,,,,,,,,, , , , , , ,0.005,-0.406,-108.16
,,,,,,,,, , , , , , ,0.005,-0.406,-108.16
,,,,,,,,, , , , , , ,0.005,-0.406,-108.16
,,,,,,,,, , , , , , ,0.005,-0.406,-108.155
,,,,,,,,, , , , , , ,0.005,-0.406,-108.155
,,,,,,,,, , , , , , ,0.005,-0.406,-108.155
,,,,,,,,, , , , , , ,0.005,-0.406,-108.155
,,,,,,,,, , , , , , ,0.005,-0.406,-108.155
,,,,,,,,, , , , , , ,0.005,-0.406,-108.155
,,,,,,,,, , , , , , ,0.005,-0.406,-108.155
,,,,,,,,, , , , , , ,0.005,-0.406,-108.155
,,,,,,,,, , , , , , ,0.005,-0.406,-108.155
,,,,,,,,, , , , , , ,0.005,-0.406,-108.155
,,,,,,,,, , , , , , ,0.005,-0.406,-108.155
,,,,,,,,, , , , , , ,0.005,-0.406,-108.155
,,,,,,,,, , , , , , ,0.005,-0.406,-108.155
,,,,,,,,, , , , , , ,0.005,-0.406,-108.155
,,,,,,,,, , , , , , ,0.005,-0.406,-108.155
,,,,,,,,, , , , , , ,0.005,-0.406,-108.155
,,,,,,,,, , , , , , ,0.005,-0.406,-108.155
,,,,,,,,, , , , , , ,0.005,-0.406,-108.155
,,,,,,,,, , , , , , ,0.005,-0.406,-108.155
,,,,,,,,, , , , , , ,0.005,-0.406,-108.155
,,,,,,,,, , , , , , ,0.005,-0.406,-108.155
,,,,,,,,, , , , , , ,0.005,-0.406,-108.155
,,,,,,,,, , , , , , ,0.005,-0.406,-108.155
,,,,,,,,, , , , , , ,0.005,-0.406,-108.155
,,,,,,,,, , , , , , ,0.005,-0.406,-108.155
,,,,,,,,, , , , , , ,0.005,-0.406,-108.155
,,,,,,,,, , , , , , ,0.005,-0.406,-108.155
,,,,,,,,, , , , , , ,0.005,-0.406,-108.155
,,,,,,,,, , , , , , ,0.005,-0.406,-108.155
,,,,,,,,, , , , , , ,0.005,-0.406,-108.155
,,,,,,,,, , , , , , ,0.005,-0.406,-108.155
,,,,,,,,, , , , , , ,0.005,-0.406,-108.155
,,,,,,,,, , , , , , ,0,-0.406,-108.149
,,,,,,,,, , , , , , ,0,-0.406,-108.149
,,,,,,,,, , , , , , ,0.005,-0.406,-108.149
,,,,,,,,, , , , , , ,0.005,-0.406,-108.149
,,,,,,,,, , , , , , ,0,-0.406,-108.149
,,,,,,,,, , , , , , ,0,-0.406,-108.149
,,,,,,,,, , , , , , ,0.005,-0.406,-108.149
,,,,,,,,, , , , , , ,0.005,-0.406,-108.149
,,,,,,,,, , , , , , ,0,-0.406,-108.149
,,,,,,,,, , , , , , ,0,-0.406,-108.149
,,,,,,,,, , , , , , ,0.005,-0.406,-108.149
,,,,,,,,, , , , , , ,0.005,-0.406,-108.149
,,,,,,,,, , , , , , ,0,-0.406,-108.149
,,,,,,,,, , , , , , ,0,-0.406,-108.149
,,,,,,,,, , , , , , ,0,-0.401,-108.149
,,,,,,,,, , , , , , ,0,-0.401,-108.149
,,,,,,,,, , , , , , ,0,-0.406,-108.149
,,,,,,,,, , , , , , ,0,-0.406,-108.149
,,,,,,,,, , , , , , ,0,-0.401,-108.149
,,,,,,,,, , , , , , ,0,-0.401,-108.149
,,,,,,,,, , , , , , ,0,-0.401,-108.149
,,,,,,,,, , , , , , ,0,-0.401,-108.149
,,,,,,,,, , , , , , ,0.005,-0.401,-108.149
,,,,,,,,, , , , , , ,0.005,-0.401,-108.149
,,,,,,,,, , , , , , ,0,-0.401,-108.149
,,,,,,,,, , , , , , ,0,-0.401,-108.149
,,,,,,,,, , , , , , ,0.005,-0.401,-108.149
,,,,,,,,, , , , , , ,0.005,-0.401,-108.149
,,,,,,,,, , , , , , ,0.005,-0.401,-108.149
,,,,,,,,, , , , , , ,0.005,-0.401,-108.149
,,,,,,,,, , , , , , ,0.005,-0.401,-108.149
,,,,,,,,, , , , , , ,0.005,-0.401,-108.149
,,,,,,,,, , , , , , ,0.005,-0.401,-108.149
,,,,,,,,, , , , , , ,0.005,-0.401,-108.149
,,,,,,,,, , , , , , ,0.005,-0.401,-108.144
,,,,,,,,, , , , , , ,0.005,-0.401,-108.144
,,,,,,,,, , , , , , ,0.005,-0.401,-108.144
,,,,,,,,, , , , , , ,0.005,-0.401,-108.144
,,,,,,,,, , , , , , ,0.005,-0.401,-108.144
,,,,,,,,, , , , , , ,0.005,-0.401,-108.144
,,,,,,,,, , , , , , ,0.005,-0.401,-108.144
,,,,,,,,, , , , , , ,0.005,-0.401,-108.144
,,,,,,,,, , , , , , ,0.005,-0.401,-108.144
,,,,,,,,, , , , , , ,0.005,-0.401,-108.144
,,,,,,,,, , , , , , ,0.005,-0.401,-108.144
,,,,,,,,, , , , , , ,0.005,-0.401,-108.144
,,,,,,,,, , , , , , ,0.005,-0.401,-108.144
,,,,,,,,, , , , , , ,0.005,-0.401,-108.144
,,,,,,,,, , , , , , ,0.005,-0.401,-108.144
,,,,,,,,, , , , , , ,0.005,-0.401,-108.144
,,,,,,,,, , , , , , ,0.005,-0.396,-108.144
,,,,,,,,, , , , , , ,0.005,-0.396,-108.144
,,,,,,,,, , , , , , ,0.005,-0.396,-108.144
,,,,,,,,, , , , , , ,0.005,-0.396,-108.144
,,,,,,,,, , , , , , ,0.005,-0.396,-108.144
,,,,,,,,, , , , , , ,0.005,-0.396,-108.144
,,,,,,,,, , , , , , ,0.005,-0.396,-108.144
,,,,,,,,, , , , , , ,0.005,-0.396,-108.144
,,,,,,,,, , , , , , ,0.005,-0.396,-108.144
,,,,,,,,, , , , , , ,0.005,-0.396,-108.144
,,,,,,,,, , , , , , ,0.005,-0.396,-108.144
,,,,,,,,, , , , , , ,0.005,-0.396,-108.144
,,,,,,,,, , , , , , ,0.005,-0.396,-108.144
,,,,,,,,, , , , , , ,0.005,-0.396,-108.144
,,,,,,,,, , , , , , ,0.005,-0.396,-108.144
,,,,,,,,, , , , , , ,0.005,-0.396,-108.144
,,,,,,,,, , , , , , ,0.005,-0.396,-108.144
,,,,,,,,, , , , , , ,0.005,-0.396,-108.144
,,,,,,,,, , , , , , ,0.005,-0.396,-108.138
,,,,,,,,, , , , , , ,0.005,-0.396,-108.138
,,,,,,,,, , , , , , ,0.005,-0.396,-108.138
,,,,,,,,, , , , , , ,0.005,-0.396,-108.138
,,,,,,,,, , , , , , ,0.005,-0.396,-108.138
,,,,,,,,, , , , , , ,0.005,-0.396,-108.138
,,,,,,,,, , , , , , ,0.005,-0.39,-108.138
,,,,,,,,, , , , , , ,0.005,-0.39,-108.138
,,,,,,,,, , , , , , ,0.005,-0.39,-108.138
,,,,,,,,, , , , , , ,0.005,-0.39,-108.138
,,,,,,,,, , , , , , ,0,-0.39,-108.138
,,,,,,,,, , , , , , ,0,-0.39,-108.138
,,,,,,,,, , , , , , ,0,-0.39,-108.138
,,,,,,,,, , , , , , ,0,-0.39,-108.138
,,,,,,,,, , , , , , ,0,-0.39,-108.138
,,,,,,,,, , , , , , ,0,-0.39,-108.138
,,,,,,,,, , , , , , ,0,-0.39,-108.138
,,,,,,,,, , , , , , ,0,-0.39,-108.138
,,,,,,,,, , , , , , ,0,-0.39,-108.138
,,,,,,,,, , , , , , ,0,-0.39,-108.138
,,,,,,,,, , , , , , ,0,-0.39,-108.138
,,,,,,,,, , , , , , ,0,-0.39,-108.138
,,,,,,,,, , , , , , ,0,-0.39,-108.138
,,,,,,,,, , , , , , ,0,-0.39,-108.138
,,,,,,,,, , , , , , ,0,-0.39,-108.138
,,,,,,,,, , , , , , ,0,-0.39,-108.138
,,,,,,,,, , , , , , ,0,-0.39,-108.138
,,,,,,,,, , , , , , ,0,-0.39,-108.138
,,,,,,,,, , , , , , ,0,-0.39,-108.138
,,,,,,,,, , , , , , ,0,-0.39,-108.138
,,,,,,,,, , , , , , ,0,-0.385,-108.138
,,,,,,,,, , , , , , ,0,-0.385,-108.138
,,,,,,,,, , , , , , ,0,-0.385,-108.133
,,,,,,,,, , , , , , ,0,-0.385,-108.133
,,,,,,,,, , , , , , ,0,-0.385,-108.133
,,,,,,,,, , , , , , ,0,-0.385,-108.133
,,,,,,,,, , , , , , ,0,-0.385,-108.133
,,,,,,,,, , , , , , ,0,-0.385,-108.133
,,,,,,,,, , , , , , ,0,-0.385,-108.133
,,,,,,,,, , , , , , ,0,-0.385,-108.133
,,,,,,,,, , , , , , ,0,-0.385,-108.133
,,,,,,,,, , , , , , ,0,-0.385,-108.133
,,,,,,,,, , , , , , ,0,-0.385,-108.133
,,,,,,,,, , , , , , ,0,-0.385,-108.133
,,,,,,,,, , , , , , ,0,-0.385,-108.133
,,,,,,,,, , , , , , ,0,-0.385,-108.133
,,,,,,,,, , , , , , ,0,-0.385,-108.133
,,,,,,,,, , , , , , ,0,-0.385,-108.133
,,,,,,,,, , , , , , ,0,-0.385,-108.133
,,,,,,,,, , , , , , ,0,-0.385,-108.133
,,,,,,,,, , , , , , ,0,-0.379,-108.133
,,,,,,,,, , , , , , ,0,-0.379,-108.133
,,,,,,,,, , , , , , ,0,-0.379,-108.133
,,,,,,,,, , , , , , ,0,-0.379,-108.133
,,,,,,,,, , , , , , ,0,-0.379,-108.133
,,,,,,,,, , , , , , ,0,-0.379,-108.133
,,,,,,,,, , , , , , ,0,-0.379,-108.133
,,,,,,,,, , , , , , ,0,-0.379,-108.133
,,,,,,,,, , , , , , ,0,-0.379,-108.133
,,,,,,,,, , , , , , ,0,-0.379,-108.133
,,,,,,,,, , , , , , ,0,-0.379,-108.133
,,,,,,,,, , , , , , ,0,-0.379,-108.133
,,,,,,,,, , , , , , ,0,-0.379,-108.133
,,,,,,,,, , , , , , ,0,-0.379,-108.133
,,,,,,,,, , , , , , ,0,-0.379,-108.133
,,,,,,,,, , , , , , ,0,-0.379,-108.133
,,,,,,,,, , , , , , ,0,-0.379,-108.133
,,,,,,,,, , , , , , ,0,-0.379,-108.133
,,,,,,,,, , , , , , ,0,-0.379,-108.127
,,,,,,,,, , , , , , ,0,-0.379,-108.127
,,,,,,,,, , , , , , ,0,-0.374,-108.127
,,,,,,,,, , , , , , ,0,-0.374,-108.127
,,,,,,,,, , , , , , ,0,-0.374,-108.127
,,,,,,,,, , , , , , ,0,-0.374,-108.127
,,,,,,,,, , , , , , ,0,-0.374,-108.127
,,,,,,,,, , , , , , ,0,-0.374,-108.127
,,,,,,,,, , , , , , ,0,-0.374,-108.127
,,,,,,,,, , , , , , ,0,-0.374,-108.127
,,,,,,,,, , , , , , ,0,-0.374,-108.127
,,,,,,,,, , , , , , ,0,-0.374,-108.127
,,,,,,,,, , , , , , ,0,-0.374,-108.127
,,,,,,,,, , , , , , ,0,-0.374,-108.127
,,,,,,,,, , , , , , ,0,-0.374,-108.127
,,,,,,,,, , , , , , ,0,-0.374,-108.127
,,,,,,,,, , , , , , ,0,-0.374,-108.127
,,,,,,,,, , , , , , ,0,-0.374,-108.127
,,,,,,,,, , , , , , ,0,-0.368,-108.127
,,,,,,,,, , , , , , ,0,-0.368,-108.127
,,,,,,,,, , , , , , ,0,-0.368,-108.127
,,,,,,,,, , , , , , ,0,-0.368,-108.127
,,,,,,,,, , , , , , ,0,-0.368,-108.127
,,,,,,,,, , , , , , ,0,-0.368,-108.127
,,,,,,,,, , , , , , ,0,-0.368,-108.127
,,,,,,,,, , , , , , ,0,-0.368,-108.127
,,,,,,,,, , , , , , ,0,-0.368,-108.127
,,,,,,,,, , , , , , ,0,-0.368,-108.127
,,,,,,,,, , , , , , ,0,-0.368,-108.127
,,,,,,,,, , , , , , ,0,-0.368,-108.127
,,,,,,,,, , , , , , ,0,-0.368,-108.127
,,,,,,,,, , , , , , ,0,-0.368,-108.127
,,,,,,,,, , , , , , ,0,-0.368,-108.127
,,,,,,,,, , , , , , ,0,-0.368,-108.127
,,,,,,,,, , , , , , ,0,-0.368,-108.127
,,,,,,,,, , , , , , ,0,-0.368,-108.127
,,,,,,,,, , , , , , ,0,-0.368,-108.127
,,,,,,,,, , , , , , ,0,-0.368,-108.127
,,,,,,,,, , , , , , ,0,-0.363,-108.127
,,,,,,,,, , , , , , ,0,-0.363,-108.127
,,,,,,,,, , , , , , ,0,-0.363,-108.122
,,,,,,,,, , , , , , ,0,-0.363,-108.122
,,,,,,,,, , , , , , ,0,-0.363,-108.122
,,,,,,,,, , , , , , ,0,-0.363,-108.122
,,,,,,,,, , , , , , ,0,-0.363,-108.122
,,,,,,,,, , , , , , ,0,-0.363,-108.122
,,,,,,,,, , , , , , ,0,-0.363,-108.122
,,,,,,,,, , , , , , ,0,-0.363,-108.122
,,,,,,,,, , , , , , ,0,-0.363,-108.122
,,,,,,,,, , , , , , ,0,-0.363,-108.122
,,,,,,,,, , , , , , ,-0.005,-0.363,-108.122
,,,,,,,,, , , , , , ,-0.005,-0.363,-108.122
,,,,,,,,, , , , , , ,-0.005,-0.363,-108.122
,,,,,,,,, , , , , , ,-0.005,-0.363,-108.122
,,,,,,,,, , , , , , ,-0.005,-0.363,-108.122
,,,,,,,,, , , , , , ,-0.005,-0.363,-108.122
,,,,,,,,, , , , , , ,-0.005,-0.363,-108.122
,,,,,,,,, , , , , , ,-0.005,-0.363,-108.122
,,,,,,,,, , , , , , ,-0.005,-0.363,-108.122
,,,,,,,,, , , , , , ,-0.005,-0.363,-108.122
,,,,,,,,, , , , , , ,-0.005,-0.363,-108.122
,,,,,,,,, , , , , , ,-0.005,-0.363,-108.122
,,,,,,,,, , , , , , ,-0.005,-0.357,-108.122
,,,,,,,,, , , , , , ,-0.005,-0.357,-108.122
,,,,,,,,, , , , , , ,-0.005,-0.357,-108.122
,,,,,,,,, , , , , , ,-0.005,-0.357,-108.122
,,,,,,,,, , , , , , ,-0.005,-0.357,-108.122
,,,,,,,,, , , , , , ,-0.005,-0.357,-108.122
,,,,,,,,, , , , , , ,-0.005,-0.357,-108.122
,,,,,,,,, , , , , , ,-0.005,-0.357,-108.122
,,,,,,,,, , , , , , ,-0.005,-0.357,-108.122
,,,,,,,,, , , , , , ,-0.005,-0.357,-108.122
,,,,,,,,, , , , , , ,-0.005,-0.357,-108.122
,,,,,,,,, , , , , , ,-0.005,-0.357,-108.122
,,,,,,,,, , , , , , ,-0.005,-0.357,-108.122
,,,,,,,,, , , , , , ,-0.005,-0.357,-108.122
,,,,,,,,, , , , , , ,-0.005,-0.357,-108.122
,,,,,,,,, , , , , , ,-0.005,-0.357,-108.122
,,,,,,,,, , , , , , ,-0.005,-0.357,-108.122
,,,,,,,,, , , , , , ,-0.005,-0.357,-108.122
,,,,,,,,, , , , , , ,-0.005,-0.357,-108.122
,,,,,,,,, , , , , , ,-0.005,-0.357,-108.122
,,,,,,,,, , , , , , ,-0.011,-0.357,-108.122
,,,,,,,,, , , , , , ,-0.011,-0.357,-108.122
,,,,,,,,, , , , , , ,-0.011,-0.357,-108.116
,,,,,,,,, , , , , , ,-0.011,-0.357,-108.116
,,,,,,,,, , , , , , ,-0.011,-0.352,-108.116
,,,,,,,,, , , , , , ,-0.011,-0.352,-108.116
,,,,,,,,, , , , , , ,-0.011,-0.352,-108.116
,,,,,,,,, , , , , , ,-0.011,-0.352,-108.116
,,,,,,,,, , , , , , ,-0.011,-0.352,-108.116
,,,,,,,,, , , , , , ,-0.011,-0.352,-108.116
,,,,,,,,, , , , , , ,-0.011,-0.352,-108.116
,,,,,,,,, , , , , , ,-0.011,-0.352,-108.116
,,,,,,,,, , , , , , ,-0.011,-0.352,-108.116
,,,,,,,,, , , , , , ,-0.011,-0.352,-108.116
,,,,,,,,, , , , , , ,-0.011,-0.352,-108.116
,,,,,,,,, , , , , , ,-0.011,-0.352,-108.116
,,,,,,,,, , , , , , ,-0.011,-0.352,-108.116
,,,,,,,,, , , , , , ,-0.011,-0.352,-108.116
,,,,,,,,, , , , , , ,-0.011,-0.352,-108.116
,,,,,,,,, , , , , , ,-0.011,-0.352,-108.116
,,,,,,,,, , , , , , ,-0.011,-0.352,-108.116
,,,,,,,,, , , , , , ,-0.011,-0.352,-108.116
,,,,,,,,, , , , , , ,-0.011,-0.352,-108.116
,,,,,,,,, , , , , , ,-0.011,-0.352,-108.116
,,,,,,,,, , , , , , ,-0.011,-0.352,-108.116
,,,,,,,,, , , , , , ,-0.011,-0.352,-108.116
,,,,,,,,, , , , , , ,-0.011,-0.352,-108.116
,,,,,,,,, , , , , , ,-0.011,-0.352,-108.116
,,,,,,,,, , , , , , ,-0.011,-0.352,-108.116
,,,,,,,,, , , , , , ,-0.011,-0.352,-108.116
,,,,,,,,, , , , , , ,-0.011,-0.352,-108.116
,,,,,,,,, , , , , , ,-0.011,-0.352,-108.116
,,,,,,,,, , , , , , ,-0.011,-0.352,-108.116
,,,,,,,,, , , , , , ,-0.011,-0.352,-108.116
,,,,,,,,, , , , , , ,-0.011,-0.352,-108.116
,,,,,,,,, , , , , , ,-0.011,-0.352,-108.116
,,,,,,,,, , , , , , ,-0.011,-0.352,-108.116
,,,,,,,,, , , , , , ,-0.011,-0.352,-108.116
,,,,,,,,, , , , , , ,-0.011,-0.352,-108.116
,,,,,,,,, , , , , , ,-0.011,-0.352,-108.116
,,,,,,,,, , , , , , ,-0.011,-0.352,-108.116
,,,,,,,,, , , , , , ,-0.011,-0.352,-108.116
,,,,,,,,, , , , , , ,-0.011,-0.352,-108.111
,,,,,,,,, , , , , , ,-0.011,-0.352,-108.111
,,,,,,,,, , , , , , ,-0.011,-0.346,-108.111
,,,,,,,,, , , , , , ,-0.011,-0.346,-108.111
,,,,,,,,, , , , , , ,-0.011,-0.346,-108.111
,,,,,,,,, , , , , , ,-0.011,-0.346,-108.111
,,,,,,,,, , , , , , ,-0.011,-0.346,-108.111
,,,,,,,,, , , , , , ,-0.011,-0.346,-108.111
,,,,,,,,, , , , , , ,-0.011,-0.346,-108.111
,,,,,,,,, , , , , , ,-0.011,-0.346,-108.111
,,,,,,,,, , , , , , ,-0.011,-0.346,-108.111
,,,,,,,,, , , , , , ,-0.011,-0.346,-108.111
,,,,,,,,, , , , , , ,-0.011,-0.346,-108.111
,,,,,,,,, , , , , , ,-0.011,-0.346,-108.111
,,,,,,,,, , , , , , ,-0.011,-0.346,-108.111
,,,,,,,,, , , , , , ,-0.011,-0.346,-108.111
,,,,,,,,, , , , , , ,-0.011,-0.346,-108.111
,,,,,,,,, , , , , , ,-0.011,-0.346,-108.111
,,,,,,,,, , , , , , ,-0.011,-0.346,-108.111
,,,,,,,,, , , , , , ,-0.011,-0.346,-108.111
,,,,,,,,, , , , , , ,-0.011,-0.346,-108.111
,,,,,,,,, , , , , , ,-0.011,-0.346,-108.111
,,,,,,,,, , , , , , ,-0.011,-0.346,-108.111
,,,,,,,,, , , , , , ,-0.011,-0.346,-108.111
,,,,,,,,, , , , , , ,-0.011,-0.346,-108.111
,,,,,,,,, , , , , , ,-0.011,-0.346,-108.111
,,,,,,,,, , , , , , ,-0.011,-0.346,-108.111
,,,,,,,,, , , , , , ,-0.011,-0.346,-108.111
,,,,,,,,, , , , , , ,-0.011,-0.346,-108.111
,,,,,,,,, , , , , , ,-0.011,-0.346,-108.111
,,,,,,,,, , , , , , ,-0.011,-0.346,-108.111
,,,,,,,,, , , , , , ,-0.011,-0.346,-108.111
,,,,,,,,, , , , , , ,-0.011,-0.346,-108.111
,,,,,,,,, , , , , , ,-0.011,-0.346,-108.111
,,,,,,,,, , , , , , ,-0.011,-0.346,-108.111
,,,,,,,,, , , , , , ,-0.011,-0.346,-108.111
,,,,,,,,, , , , , , ,-0.011,-0.346,-108.111
,,,,,,,,, , , , , , ,-0.011,-0.346,-108.111
,,,,,,,,, , , , , , ,-0.011,-0.346,-108.105
,,,,,,,,, , , , , , ,-0.011,-0.346,-108.105
,,,,,,,,, , , , , , ,-0.011,-0.346,-108.105
,,,,,,,,, , , , , , ,-0.011,-0.346,-108.105
,,,,,,,,, , , , , , ,-0.011,-0.346,-108.105
,,,,,,,,, , , , , , ,-0.011,-0.346,-108.105
,,,,,,,,, , , , , , ,-0.011,-0.346,-108.105
,,,,,,,,, , , , , , ,-0.011,-0.346,-108.105
,,,,,,,,, , , , , , ,-0.011,-0.346,-108.105
,,,,,,,,, , , , , , ,-0.011,-0.346,-108.105
,,,,,,,,, , , , , , ,-0.011,-0.346,-108.105
,,,,,,,,, , , , , , ,-0.011,-0.346,-108.105
,,,,,,,,, , , , , , ,-0.011,-0.341,-108.105
,,,,,,,,, , , , , , ,-0.011,-0.341,-108.105
,,,,,,,,, , , , , , ,-0.011,-0.341,-108.105
,,,,,,,,, , , , , , ,-0.011,-0.341,-108.105
,,,,,,,,, , , , , , ,-0.011,-0.341,-108.105
,,,,,,,,, , , , , , ,-0.011,-0.341,-108.105
,,,,,,,,, , , , , , ,-0.011,-0.341,-108.105
,,,,,,,,, , , , , , ,-0.011,-0.341,-108.105
,,,,,,,,, , , , , , ,-0.011,-0.341,-108.105
,,,,,,,,, , , , , , ,-0.011,-0.341,-108.105
,,,,,,,,, , , , , , ,-0.011,-0.341,-108.105
,,,,,,,,, , , , , , ,-0.011,-0.341,-108.105
,,,,,,,,, , , , , , ,-0.011,-0.341,-108.105
,,,,,,,,, , , , , , ,-0.011,-0.341,-108.105
,,,,,,,,, , , , , , ,-0.011,-0.341,-108.105
,,,,,,,,, , , , , , ,-0.011,-0.341,-108.105
,,,,,,,,, , , , , , ,-0.011,-0.341,-108.105
,,,,,,,,, , , , , , ,-0.011,-0.341,-108.105
,,,,,,,,, , , , , , ,-0.011,-0.341,-108.105
,,,,,,,,, , , , , , ,-0.011,-0.341,-108.105
,,,,,,,,, , , , , , ,-0.011,-0.341,-108.105
,,,,,,,,, , , , , , ,-0.011,-0.341,-108.105
,,,,,,,,, , , , , , ,-0.011,-0.341,-108.105
,,,,,,,,, , , , , , ,-0.011,-0.341,-108.105
,,,,,,,,, , , , , , ,-0.011,-0.341,-108.105
,,,,,,,,, , , , , , ,-0.011,-0.341,-108.105
,,,,,,,,, , , , , , ,-0.011,-0.341,-108.1
,,,,,,,,, , , , , , ,-0.011,-0.341,-108.1
,,,,,,,,, , , , , , ,-0.011,-0.335,-108.1
,,,,,,,,, , , , , , ,-0.011,-0.335,-108.1
,,,,,,,,, , , , , , ,-0.011,-0.335,-108.1
,,,,,,,,, , , , , , ,-0.011,-0.335,-108.1
,,,,,,,,, , , , , , ,-0.011,-0.335,-108.1
,,,,,,,,, , , , , , ,-0.011,-0.335,-108.1
,,,,,,,,, , , , , , ,-0.011,-0.335,-108.1
,,,,,,,,, , , , , , ,-0.011,-0.335,-108.1
,,,,,,,,, , , , , , ,-0.011,-0.335,-108.1
,,,,,,,,, , , , , , ,-0.011,-0.335,-108.1
,,,,,,,,, , , , , , ,-0.011,-0.335,-108.1
,,,,,,,,, , , , , , ,-0.011,-0.335,-108.1
,,,,,,,,, , , , , , ,-0.011,-0.335,-108.1
,,,,,,,,, , , , , , ,-0.011,-0.335,-108.1
,,,,,,,,, , , , , , ,-0.011,-0.335,-108.1
,,,,,,,,, , , , , , ,-0.011,-0.335,-108.1
,,,,,,,,, , , , , , ,-0.011,-0.335,-108.1
,,,,,,,,, , , , , , ,-0.011,-0.335,-108.1
,,,,,,,,, , , , , , ,-0.011,-0.335,-108.1
,,,,,,,,, , , , , , ,-0.011,-0.335,-108.1
,,,,,,,,, , , , , , ,-0.011,-0.33,-108.1
,,,,,,,,, , , , , , ,-0.011,-0.33,-108.1
,,,,,,,,, , , , , , ,-0.011,-0.33,-108.1
,,,,,,,,, , , , , , ,-0.011,-0.33,-108.1
,,,,,,,,, , , , , , ,-0.011,-0.33,-108.1
,,,,,,,,, , , , , , ,-0.011,-0.33,-108.1
,,,,,,,,, , , , , , ,-0.011,-0.33,-108.1
,,,,,,,,, , , , , , ,-0.011,-0.33,-108.1
,,,,,,,,, , , , , , ,-0.011,-0.33,-108.1
,,,,,,,,, , , , , , ,-0.011,-0.33,-108.1
,,,,,,,,, , , , , , ,-0.011,-0.33,-108.1
,,,,,,,,, , , , , , ,-0.011,-0.33,-108.1
,,,,,,,,, , , , , , ,-0.011,-0.33,-108.1
,,,,,,,,, , , , , , ,-0.011,-0.33,-108.1
,,,,,,,,, , , , , , ,-0.011,-0.33,-108.094
,,,,,,,,, , , , , , ,-0.011,-0.33,-108.094
,,,,,,,,, , , , , , ,-0.011,-0.33,-108.094
,,,,,,,,, , , , , , ,-0.011,-0.33,-108.094
,,,,,,,,, , , , , , ,-0.011,-0.33,-108.094
,,,,,,,,, , , , , , ,-0.011,-0.33,-108.094
,,,,,,,,, , , , , , ,-0.011,-0.324,-108.094
,,,,,,,,, , , , , , ,-0.011,-0.324,-108.094
,,,,,,,,, , , , , , ,-0.011,-0.324,-108.094
,,,,,,,,, , , , , , ,-0.011,-0.324,-108.094
,,,,,,,,, , , , , , ,-0.011,-0.324,-108.094
,,,,,,,,, , , , , , ,-0.011,-0.324,-108.094
,,,,,,,,, , , , , , ,-0.011,-0.324,-108.094
,,,,,,,,, , , , , , ,-0.011,-0.324,-108.094
,,,,,,,,, , , , , , ,-0.011,-0.324,-108.094
,,,,,,,,, , , , , , ,-0.011,-0.324,-108.094
,,,,,,,,, , , , , , ,-0.011,-0.324,-108.094
,,,,,,,,, , , , , , ,-0.011,-0.324,-108.094
,,,,,,,,, , , , , , ,-0.011,-0.324,-108.094
,,,,,,,,, , , , , , ,-0.011,-0.324,-108.094
,,,,,,,,, , , , , , ,-0.011,-0.324,-108.094
,,,,,,,,, , , , , , ,-0.011,-0.324,-108.094
,,,,,,,,, , , , , , ,-0.011,-0.324,-108.094
,,,,,,,,, , , , , , ,-0.011,-0.324,-108.094
,,,,,,,,, , , , , , ,-0.011,-0.324,-108.094
,,,,,,,,, , , , , , ,-0.011,-0.324,-108.094
,,,,,,,,, , , , , , ,-0.011,-0.319,-108.094
,,,,,,,,, , , , , , ,-0.011,-0.319,-108.094
,,,,,,,,, , , , , , ,-0.011,-0.319,-108.094
,,,,,,,,, , , , , , ,-0.011,-0.319,-108.094
,,,,,,,,, , , , , , ,-0.016,-0.319,-108.094
,,,,,,,,, , , , , , ,-0.016,-0.319,-108.094
,,,,,,,,, , , , , , ,-0.016,-0.319,-108.094
,,,,,,,,, , , , , , ,-0.016,-0.319,-108.094
,,,,,,,,, , , , , , ,-0.016,-0.319,-108.094
,,,,,,,,, , , , , , ,-0.016,-0.319,-108.094
,,,,,,,,, , , , , , ,-0.016,-0.319,-108.089
,,,,,,,,, , , , , , ,-0.016,-0.319,-108.089
,,,,,,,,, , , , , , ,-0.016,-0.319,-108.089
,,,,,,,,, , , , , , ,-0.016,-0.319,-108.089
,,,,,,,,, , , , , , ,-0.016,-0.319,-108.089
,,,,,,,,, , , , , , ,-0.016,-0.319,-108.089
,,,,,,,,, , , , , , ,-0.016,-0.319,-108.089
,,,,,,,,, , , , , , ,-0.016,-0.319,-108.089
,,,,,,,,, , , , , , ,-0.016,-0.319,-108.089
,,,,,,,,, , , , , , ,-0.016,-0.319,-108.089
,,,,,,,,, , , , , , ,-0.016,-0.313,-108.089
,,,,,,,,, , , , , , ,-0.016,-0.313,-108.089
,,,,,,,,, , , , , , ,-0.016,-0.313,-108.089
,,,,,,,,, , , , , , ,-0.016,-0.313,-108.089
,,,,,,,,, , , , , , ,-0.016,-0.313,-108.089
,,,,,,,,, , , , , , ,-0.016,-0.313,-108.089
,,,,,,,,, , , , , , ,-0.016,-0.313,-108.089
,,,,,,,,, , , , , , ,-0.016,-0.313,-108.089
,,,,,,,,, , , , , , ,-0.016,-0.313,-108.089
,,,,,,,,, , , , , , ,-0.016,-0.313,-108.089
,,,,,,,,, , , , , , ,-0.016,-0.313,-108.089
,,,,,,,,, , , , , , ,-0.016,-0.313,-108.089
,,,,,,,,, , , , , , ,-0.016,-0.313,-108.089
,,,,,,,,, , , , , , ,-0.016,-0.313,-108.089
,,,,,,,,, , , , , , ,-0.016,-0.313,-108.089
,,,,,,,,, , , , , , ,-0.016,-0.313,-108.089
,,,,,,,,, , , , , , ,-0.016,-0.313,-108.089
,,,,,,,,, , , , , , ,-0.016,-0.313,-108.089
,,,,,,,,, , , , , , ,-0.016,-0.313,-108.089
,,,,,,,,, , , , , , ,-0.016,-0.313,-108.089
,,,,,,,,, , , , , , ,-0.016,-0.308,-108.089
,,,,,,,,, , , , , , ,-0.016,-0.308,-108.089
,,,,,,,,, , , , , , ,-0.016,-0.308,-108.089
,,,,,,,,, , , , , , ,-0.016,-0.308,-108.089
,,,,,,,,, , , , , , ,-0.016,-0.308,-108.089
,,,,,,,,, , , , , , ,-0.016,-0.308,-108.089
,,,,,,,,, , , , , , ,-0.016,-0.308,-108.089
,,,,,,,,, , , , , , ,-0.016,-0.308,-108.089
,,,,,,,,, , , , , , ,-0.016,-0.308,-108.089
,,,,,,,,, , , , , , ,-0.016,-0.308,-108.089
,,,,,,,,, , , , , , ,-0.016,-0.308,-108.083
,,,,,,,,, , , , , , ,-0.016,-0.308,-108.083
,,,,,,,,, , , , , , ,-0.016,-0.308,-108.083
,,,,,,,,, , , , , , ,-0.016,-0.308,-108.083
,,,,,,,,, , , , , , ,-0.016,-0.308,-108.083
,,,,,,,,, , , , , , ,-0.016,-0.308,-108.083
,,,,,,,,, , , , , , ,-0.016,-0.308,-108.083
,,,,,,,,, , , , , , ,-0.016,-0.308,-108.083
,,,,,,,,, , , , , , ,-0.016,-0.308,-108.083
,,,,,,,,, , , , , , ,-0.016,-0.308,-108.083
,,,,,,,,, , , , , , ,-0.016,-0.302,-108.083
,,,,,,,,, , , , , , ,-0.016,-0.302,-108.083
,,,,,,,,, , , , , , ,-0.016,-0.302,-108.083
,,,,,,,,, , , , , , ,-0.016,-0.302,-108.083
,,,,,,,,, , , , , , ,-0.016,-0.302,-108.083
,,,,,,,,, , , , , , ,-0.016,-0.302,-108.083
,,,,,,,,, , , , , , ,-0.016,-0.302,-108.083
,,,,,,,,, , , , , , ,-0.016,-0.302,-108.083
,,,,,,,,, , , , , , ,-0.016,-0.302,-108.083
,,,,,,,,, , , , , , ,-0.016,-0.302,-108.083
,,,,,,,,, , , , , , ,-0.016,-0.302,-108.083
,,,,,,,,, , , , , , ,-0.016,-0.302,-108.083
,,,,,,,,, , , , , , ,-0.016,-0.302,-108.083
,,,,,,,,, , , , , , ,-0.016,-0.302,-108.083
,,,,,,,,, , , , , , ,-0.016,-0.302,-108.083
,,,,,,,,, , , , , , ,-0.016,-0.302,-108.083
,,,,,,,,, , , , , , ,-0.016,-0.302,-108.083
,,,,,,,,, , , , , , ,-0.016,-0.302,-108.083
,,,,,,,,, , , , , , ,-0.016,-0.302,-108.083
,,,,,,,,, , , , , , ,-0.016,-0.302,-108.083
,,,,,,,,, , , , , , ,-0.016,-0.297,-108.083
,,,,,,,,, , , , , , ,-0.016,-0.297,-108.083
,,,,,,,,, , , , , , ,-0.016,-0.297,-108.083
,,,,,,,,, , , , , , ,-0.016,-0.297,-108.083
,,,,,,,,, , , , , , ,-0.016,-0.297,-108.083
,,,,,,,,, , , , , , ,-0.016,-0.297,-108.083
,,,,,,,,, , , , , , ,-0.016,-0.297,-108.083
,,,,,,,,, , , , , , ,-0.016,-0.297,-108.083
,,,,,,,,, , , , , , ,-0.016,-0.297,-108.083
,,,,,,,,, , , , , , ,-0.016,-0.297,-108.083
,,,,,,,,, , , , , , ,-0.016,-0.297,-108.078
,,,,,,,,, , , , , , ,-0.016,-0.297,-108.078
,,,,,,,,, , , , , , ,-0.016,-0.297,-108.078
,,,,,,,,, , , , , , ,-0.016,-0.297,-108.078
,,,,,,,,, , , , , , ,-0.016,-0.297,-108.078
,,,,,,,,, , , , , , ,-0.016,-0.297,-108.078
,,,,,,,,, , , , , , ,-0.016,-0.297,-108.078
,,,,,,,,, , , , , , ,-0.016,-0.297,-108.078
,,,,,,,,, , , , , , ,-0.016,-0.297,-108.078
,,,,,,,,, , , , , , ,-0.016,-0.297,-108.078
,,,,,,,,, , , , , , ,-0.016,-0.291,-108.078
,,,,,,,,, , , , , , ,-0.016,-0.291,-108.078
,,,,,,,,, , , , , , ,-0.016,-0.291,-108.078
,,,,,,,,, , , , , , ,-0.016,-0.291,-108.078
,,,,,,,,, , , , , , ,-0.016,-0.291,-108.078
,,,,,,,,, , , , , , ,-0.016,-0.291,-108.078
,,,,,,,,, , , , , , ,-0.016,-0.291,-108.078
,,,,,,,,, , , , , , ,-0.016,-0.291,-108.078
,,,,,,,,, , , , , , ,-0.016,-0.291,-108.078
,,,,,,,,, , , , , , ,-0.016,-0.291,-108.078
,,,,,,,,, , , , , , ,-0.016,-0.291,-108.078
,,,,,,,,, , , , , , ,-0.016,-0.291,-108.078
,,,,,,,,, , , , , , ,-0.016,-0.291,-108.078
,,,,,,,,, , , , , , ,-0.016,-0.291,-108.078
,,,,,,,,, , , , , , ,-0.016,-0.291,-108.078
,,,,,,,,, , , , , , ,-0.016,-0.291,-108.078
,,,,,,,,, , , , , , ,-0.016,-0.291,-108.078
,,,,,,,,, , , , , , ,-0.016,-0.291,-108.078
,,,,,,,,, , , , , , ,-0.016,-0.291,-108.078
,,,,,,,,, , , , , , ,-0.016,-0.291,-108.078
,,,,,,,,, , , , , , ,-0.016,-0.291,-108.078
,,,,,,,,, , , , , , ,-0.016,-0.291,-108.078
,,,,,,,,, , , , , , ,-0.016,-0.291,-108.078
,,,,,,,,, , , , , , ,-0.016,-0.291,-108.078
,,,,,,,,, , , , , , ,-0.016,-0.286,-108.078
,,,,,,,,, , , , , , ,-0.016,-0.286,-108.078
,,,,,,,,, , , , , , ,-0.016,-0.286,-108.078
,,,,,,,,, , , , , , ,-0.016,-0.286,-108.078
,,,,,,,,, , , , , , ,-0.016,-0.286,-108.078
,,,,,,,,, , , , , , ,-0.016,-0.286,-108.078
,,,,,,,,, , , , , , ,-0.016,-0.286,-108.073
,,,,,,,,, , , , , , ,-0.016,-0.286,-108.073
,,,,,,,,, , , , , , ,-0.016,-0.286,-108.073
,,,,,,,,, , , , , , ,-0.016,-0.286,-108.073
,,,,,,,,, , , , , , ,-0.016,-0.286,-108.073
,,,,,,,,, , , , , , ,-0.016,-0.286,-108.073
,,,,,,,,, , , , , , ,-0.016,-0.286,-108.073
,,,,,,,,, , , , , , ,-0.016,-0.286,-108.073
,,,,,,,,, , , , , , ,-0.016,-0.286,-108.073
,,,,,,,,, , , , , , ,-0.016,-0.286,-108.073
,,,,,,,,, , , , , , ,-0.016,-0.286,-108.073
,,,,,,,,, , , , , , ,-0.016,-0.286,-108.073
,,,,,,,,, , , , , , ,-0.016,-0.286,-108.073
,,,,,,,,, , , , , , ,-0.016,-0.286,-108.073
,,,,,,,,, , , , , , ,-0.016,-0.286,-108.073
,,,,,,,,, , , , , , ,-0.016,-0.286,-108.073
,,,,,,,,, , , , , , ,-0.016,-0.286,-108.073
,,,,,,,,, , , , , , ,-0.016,-0.286,-108.073
,,,,,,,,, , , , , , ,-0.016,-0.28,-108.073
,,,,,,,,, , , , , , ,-0.016,-0.28,-108.073
,,,,,,,,, , , , , , ,-0.016,-0.28,-108.073
,,,,,,,,, , , , , , ,-0.016,-0.28,-108.073
,,,,,,,,, , , , , , ,-0.016,-0.28,-108.073
,,,,,,,,, , , , , , ,-0.016,-0.28,-108.073
,,,,,,,,, , , , , , ,-0.016,-0.28,-108.073
,,,,,,,,, , , , , , ,-0.016,-0.28,-108.073
,,,,,,,,, , , , , , ,-0.016,-0.28,-108.073
,,,,,,,,, , , , , , ,-0.016,-0.28,-108.073
,,,,,,,,, , , , , , ,-0.016,-0.28,-108.073
,,,,,,,,, , , , , , ,-0.016,-0.28,-108.073
,,,,,,,,, , , , , , ,-0.016,-0.28,-108.073
,,,,,,,,, , , , , , ,-0.016,-0.28,-108.073
,,,,,,,,, , , , , , ,-0.016,-0.28,-108.073
,,,,,,,,, , , , , , ,-0.016,-0.28,-108.073
,,,,,,,,, , , , , , ,-0.016,-0.28,-108.073
,,,,,,,,, , , , , , ,-0.016,-0.28,-108.073
,,,,,,,,, , , , , , ,-0.016,-0.28,-108.073
,,,,,,,,, , , , , , ,-0.016,-0.28,-108.073
,,,,,,,,, , , , , , ,-0.016,-0.28,-108.067
,,,,,,,,, , , , , , ,-0.016,-0.28,-108.067
,,,,,,,,, , , , , , ,-0.016,-0.28,-108.067
,,,,,,,,, , , , , , ,-0.016,-0.28,-108.067
,,,,,,,,, , , , , , ,-0.016,-0.275,-108.067
,,,,,,,,, , , , , , ,-0.016,-0.275,-108.067
,,,,,,,,, , , , , , ,-0.016,-0.275,-108.067
,,,,,,,,, , , , , , ,-0.016,-0.275,-108.067
,,,,,,,,, , , , , , ,-0.016,-0.275,-108.067
,,,,,,,,, , , , , , ,-0.016,-0.275,-108.067
,,,,,,,,, , , , , , ,-0.016,-0.275,-108.067
,,,,,,,,, , , , , , ,-0.016,-0.275,-108.067
,,,,,,,,, , , , , , ,-0.016,-0.275,-108.067
,,,,,,,,, , , , , , ,-0.016,-0.275,-108.067
,,,,,,,,, , , , , , ,-0.016,-0.275,-108.067
,,,,,,,,, , , , , , ,-0.016,-0.275,-108.067
,,,,,,,,, , , , , , ,-0.016,-0.275,-108.067
,,,,,,,,, , , , , , ,-0.016,-0.275,-108.067
,,,,,,,,, , , , , , ,-0.016,-0.275,-108.067
,,,,,,,,, , , , , , ,-0.016,-0.275,-108.067
,,,,,,,,, , , , , , ,-0.016,-0.275,-108.067
,,,,,,,,, , , , , , ,-0.016,-0.275,-108.067
,,,,,,,,, , , , , , ,-0.016,-0.275,-108.067
,,,,,,,,, , , , , , ,-0.016,-0.275,-108.067
,,,,,,,,, , , , , , ,-0.022,-0.275,-108.067
,,,,,,,,, , , , , , ,-0.022,-0.275,-108.067
,,,,,,,,, , , , , , ,-0.022,-0.275,-108.067
,,,,,,,,, , , , , , ,-0.022,-0.275,-108.067
,,,,,,,,, , , , , , ,-0.022,-0.269,-108.067
,,,,,,,,, , , , , , ,-0.022,-0.269,-108.067
,,,,,,,,, , , , , , ,-0.022,-0.269,-108.067
,,,,,,,,, , , , , , ,-0.022,-0.269,-108.067
,,,,,,,,, , , , , , ,-0.022,-0.269,-108.067
,,,,,,,,, , , , , , ,-0.022,-0.269,-108.067
,,,,,,,,, , , , , , ,-0.022,-0.269,-108.067
,,,,,,,,, , , , , , ,-0.022,-0.269,-108.067
,,,,,,,,, , , , , , ,-0.022,-0.269,-108.067
,,,,,,,,, , , , , , ,-0.022,-0.269,-108.067
,,,,,,,,, , , , , , ,-0.022,-0.269,-108.067
,,,,,,,,, , , , , , ,-0.022,-0.269,-108.067
,,,,,,,,, , , , , , ,-0.022,-0.269,-108.067
,,,,,,,,, , , , , , ,-0.022,-0.269,-108.067
,,,,,,,,, , , , , , ,-0.022,-0.269,-108.062
,,,,,,,,, , , , , , ,-0.022,-0.269,-108.062
,,,,,,,,, , , , , , ,-0.022,-0.269,-108.062
,,,,,,,,, , , , , , ,-0.022,-0.269,-108.062
,,,,,,,,, , , , , , ,-0.022,-0.269,-108.062
,,,,,,,,, , , , , , ,-0.022,-0.269,-108.062
,,,,,,,,, , , , , , ,-0.022,-0.269,-108.062
,,,,,,,,, , , , , , ,-0.022,-0.269,-108.062
,,,,,,,,, , , , , , ,-0.022,-0.269,-108.062
,,,,,,,,, , , , , , ,-0.022,-0.269,-108.062
,,,,,,,,, , , , , , ,-0.022,-0.269,-108.062
,,,,,,,,, , , , , , ,-0.022,-0.269,-108.062
,,,,,,,,, , , , , , ,-0.022,-0.269,-108.062
,,,,,,,,, , , , , , ,-0.022,-0.269,-108.062
,,,,,,,,, , , , , , ,-0.022,-0.264,-108.062
,,,,,,,,, , , , , , ,-0.022,-0.264,-108.062
,,,,,,,,, , , , , , ,-0.022,-0.264,-108.062
,,,,,,,,, , , , , , ,-0.022,-0.264,-108.062
,,,,,,,,, , , , , , ,-0.022,-0.264,-108.062
,,,,,,,,, , , , , , ,-0.022,-0.264,-108.062
,,,,,,,,, , , , , , ,-0.022,-0.264,-108.062
,,,,,,,,, , , , , , ,-0.022,-0.264,-108.062
,,,,,,,,, , , , , , ,-0.022,-0.264,-108.062
,,,,,,,,, , , , , , ,-0.022,-0.264,-108.062
,,,,,,,,, , , , , , ,-0.022,-0.264,-108.062
,,,,,,,,, , , , , , ,-0.022,-0.264,-108.062
,,,,,,,,, , , , , , ,-0.022,-0.264,-108.062
,,,,,,,,, , , , , , ,-0.022,-0.264,-108.062
,,,,,,,,, , , , , , ,-0.022,-0.264,-108.062
,,,,,,,,, , , , , , ,-0.022,-0.264,-108.062
,,,,,,,,, , , , , , ,-0.022,-0.264,-108.062
,,,,,,,,, , , , , , ,-0.022,-0.264,-108.062
,,,,,,,,, , , , , , ,-0.022,-0.264,-108.062
,,,,,,,,, , , , , , ,-0.022,-0.264,-108.062
,,,,,,,,, , , , , , ,-0.022,-0.264,-108.062
,,,,,,,,, , , , , , ,-0.022,-0.264,-108.062
,,,,,,,,, , , , , , ,-0.022,-0.264,-108.062
,,,,,,,,, , , , , , ,-0.022,-0.264,-108.062
,,,,,,,,, , , , , , ,-0.022,-0.264,-108.062
,,,,,,,,, , , , , , ,-0.022,-0.264,-108.062
,,,,,,,,, , , , , , ,-0.022,-0.264,-108.062
,,,,,,,,, , , , , , ,-0.022,-0.264,-108.062
,,,,,,,,, , , , , , ,-0.022,-0.264,-108.062
,,,,,,,,, , , , , , ,-0.022,-0.264,-108.062
,,,,,,,,, , , , , , ,-0.022,-0.264,-108.062
,,,,,,,,, , , , , , ,-0.022,-0.264,-108.062
,,,,,,,,, , , , , , ,-0.022,-0.264,-108.062
,,,,,,,,, , , , , , ,-0.022,-0.264,-108.062
,,,,,,,,, , , , , , ,-0.022,-0.264,-108.056
,,,,,,,,, , , , , , ,-0.022,-0.264,-108.056
,,,,,,,,, , , , , , ,-0.022,-0.258,-108.056
,,,,,,,,, , , , , , ,-0.022,-0.258,-108.056
,,,,,,,,, , , , , , ,-0.027,-0.258,-108.056
,,,,,,,,, , , , , , ,-0.027,-0.258,-108.056
,,,,,,,,, , , , , , ,-0.027,-0.258,-108.056
,,,,,,,,, , , , , , ,-0.027,-0.258,-108.056
,,,,,,,,, , , , , , ,-0.027,-0.258,-108.056
,,,,,,,,, , , , , , ,-0.027,-0.258,-108.056
,,,,,,,,, , , , , , ,-0.027,-0.258,-108.056
,,,,,,,,, , , , , , ,-0.027,-0.258,-108.056
,,,,,,,,, , , , , , ,-0.027,-0.258,-108.056
,,,,,,,,, , , , , , ,-0.027,-0.258,-108.056
,,,,,,,,, , , , , , ,-0.027,-0.258,-108.056
,,,,,,,,, , , , , , ,-0.027,-0.258,-108.056
,,,,,,,,, , , , , , ,-0.027,-0.258,-108.056
,,,,,,,,, , , , , , ,-0.027,-0.258,-108.056
,,,,,,,,, , , , , , ,-0.027,-0.258,-108.056
,,,,,,,,, , , , , , ,-0.027,-0.258,-108.056
,,,,,,,,, , , , , , ,-0.027,-0.258,-108.056
,,,,,,,,, , , , , , ,-0.027,-0.258,-108.056
,,,,,,,,, , , , , , ,-0.027,-0.258,-108.056
,,,,,,,,, , , , , , ,-0.027,-0.258,-108.056
,,,,,,,,, , , , , , ,-0.027,-0.258,-108.056
,,,,,,,,, , , , , , ,-0.027,-0.258,-108.056
,,,,,,,,, , , , , , ,-0.027,-0.253,-108.056
,,,,,,,,, , , , , , ,-0.027,-0.253,-108.056
,,,,,,,,, , , , , , ,-0.027,-0.253,-108.056
,,,,,,,,, , , , , , ,-0.027,-0.253,-108.056
,,,,,,,,, , , , , , ,-0.027,-0.253,-108.056
,,,,,,,,, , , , , , ,-0.027,-0.253,-108.056
,,,,,,,,, , , , , , ,-0.027,-0.253,-108.056
,,,,,,,,, , , , , , ,-0.027,-0.253,-108.056
,,,,,,,,, , , , , , ,-0.027,-0.253,-108.056
,,,,,,,,, , , , , , ,-0.027,-0.253,-108.056
,,,,,,,,, , , , , , ,-0.027,-0.253,-108.056
,,,,,,,,, , , , , , ,-0.027,-0.253,-108.056
,,,,,,,,, , , , , , ,-0.027,-0.253,-108.056
,,,,,,,,, , , , , , ,-0.027,-0.253,-108.056
,,,,,,,,, , , , , , ,-0.027,-0.253,-108.056
,,,,,,,,, , , , , , ,-0.027,-0.253,-108.056
,,,,,,,,, , , , , , ,-0.027,-0.253,-108.056
,,,,,,,,, , , , , , ,-0.027,-0.253,-108.056
,,,,,,,,, , , , , , ,-0.027,-0.253,-108.051
,,,,,,,,, , , , , , ,-0.027,-0.253,-108.051
,,,,,,,,, , , , , , ,-0.027,-0.253,-108.051
,,,,,,,,, , , , , , ,-0.027,-0.253,-108.051
,,,,,,,,, , , , , , ,-0.027,-0.253,-108.051
,,,,,,,,, , , , , , ,-0.027,-0.253,-108.051
,,,,,,,,, , , , , , ,-0.027,-0.253,-108.051
,,,,,,,,, , , , , , ,-0.027,-0.253,-108.051
,,,,,,,,, , , , , , ,-0.027,-0.253,-108.051
,,,,,,,,, , , , , , ,-0.027,-0.253,-108.051
,,,,,,,,, , , , , , ,-0.027,-0.247,-108.051
,,,,,,,,, , , , , , ,-0.027,-0.247,-108.051
,,,,,,,,, , , , , , ,-0.027,-0.247,-108.051
,,,,,,,,, , , , , , ,-0.027,-0.247,-108.051
,,,,,,,,, , , , , , ,-0.027,-0.247,-108.051
,,,,,,,,, , , , , , ,-0.027,-0.247,-108.051
,,,,,,,,, , , , , , ,-0.027,-0.247,-108.051
,,,,,,,,, , , , , , ,-0.027,-0.247,-108.051
